ISO-10303-21;
HEADER;
/* Generated by software containing ST-Developer
 * from STEP Tools, Inc. (www.steptools.com) 
 */

FILE_DESCRIPTION(
/* description */ (''),
/* implementation_level */ '2;1');

FILE_NAME(
/* name */ 'Kegelrad01.stp',
/* time_stamp */ '2026-09-02T18:22:51+02:00',
/* author */ ('bluhm'),
/* organization */ (''),
/* preprocessor_version */ 'ST-DEVELOPER v20.1',
/* originating_system */ 'Autodesk Inventor 2026',
/* authorisation */ '');

FILE_SCHEMA (('AUTOMOTIVE_DESIGN { 1 0 10303 214 3 1 1 }'));
ENDSEC;

DATA;
#10=MECHANICAL_DESIGN_GEOMETRIC_PRESENTATION_REPRESENTATION('',(#13),#8325);
#11=SHAPE_REPRESENTATION_RELATIONSHIP('SRR','None',#8332,#12);
#12=ADVANCED_BREP_SHAPE_REPRESENTATION('',(#14),#8324);
#13=STYLED_ITEM('',(#8341),#14);
#14=MANIFOLD_SOLID_BREP('Solid1',#2154);
#15=B_SPLINE_SURFACE_WITH_KNOTS('',3,3,((#4721,#4722,#4723,#4724,#4725,
#4726),(#4727,#4728,#4729,#4730,#4731,#4732),(#4733,#4734,#4735,#4736,#4737,
#4738),(#4739,#4740,#4741,#4742,#4743,#4744)),.UNSPECIFIED.,.F.,.F.,.F.,
(4,4),(4,1,1,4),(0.22123718679271,0.923167978597999),(0.00107803091108294,
0.333333333333333,0.666666666666667,0.987710602541858),.UNSPECIFIED.);
#16=B_SPLINE_SURFACE_WITH_KNOTS('',3,3,((#4884,#4885,#4886,#4887,#4888,
#4889),(#4890,#4891,#4892,#4893,#4894,#4895),(#4896,#4897,#4898,#4899,#4900,
#4901),(#4902,#4903,#4904,#4905,#4906,#4907)),.UNSPECIFIED.,.F.,.F.,.F.,
(4,4),(4,1,1,4),(0.0724438788138807,0.769641192869663),(0.00106932907415563,
0.333333333333333,0.666666666666667,0.987373254938565),.UNSPECIFIED.);
#17=B_SPLINE_SURFACE_WITH_KNOTS('',3,3,((#4908,#4909,#4910,#4911,#4912,
#4913),(#4914,#4915,#4916,#4917,#4918,#4919),(#4920,#4921,#4922,#4923,#4924,
#4925),(#4926,#4927,#4928,#4929,#4930,#4931)),.UNSPECIFIED.,.F.,.F.,.F.,
(4,4),(4,1,1,4),(0.22123718679271,0.923167978602774),(0.00107803091044848,
0.333333333333333,0.666666666666667,0.987710602541859),.UNSPECIFIED.);
#18=B_SPLINE_SURFACE_WITH_KNOTS('',3,3,((#5036,#5037,#5038,#5039,#5040,
#5041),(#5042,#5043,#5044,#5045,#5046,#5047),(#5048,#5049,#5050,#5051,#5052,
#5053),(#5054,#5055,#5056,#5057,#5058,#5059)),.UNSPECIFIED.,.F.,.F.,.F.,
(4,4),(4,1,1,4),(0.0724438562210239,0.769641192869662),(0.00106932907415578,
0.333333333333333,0.666666666666667,0.987373254938565),.UNSPECIFIED.);
#19=B_SPLINE_SURFACE_WITH_KNOTS('',3,3,((#5164,#5165,#5166,#5167,#5168,
#5169),(#5170,#5171,#5172,#5173,#5174,#5175),(#5176,#5177,#5178,#5179,#5180,
#5181),(#5182,#5183,#5184,#5185,#5186,#5187)),.UNSPECIFIED.,.F.,.F.,.F.,
(4,4),(4,1,1,4),(0.221237186792711,0.923167978602776),(0.00107803091044898,
0.333333333333333,0.666666666666667,0.987710602541858),.UNSPECIFIED.);
#20=B_SPLINE_SURFACE_WITH_KNOTS('',3,3,((#5188,#5189,#5190,#5191,#5192,
#5193),(#5194,#5195,#5196,#5197,#5198,#5199),(#5200,#5201,#5202,#5203,#5204,
#5205),(#5206,#5207,#5208,#5209,#5210,#5211)),.UNSPECIFIED.,.F.,.F.,.F.,
(4,4),(4,1,1,4),(0.0724438788138798,0.769641192869662),(0.00106932907415602,
0.333333333333333,0.666666666666667,0.987373254938565),.UNSPECIFIED.);
#21=B_SPLINE_SURFACE_WITH_KNOTS('',3,3,((#5212,#5213,#5214,#5215,#5216,
#5217),(#5218,#5219,#5220,#5221,#5222,#5223),(#5224,#5225,#5226,#5227,#5228,
#5229),(#5230,#5231,#5232,#5233,#5234,#5235)),.UNSPECIFIED.,.F.,.F.,.F.,
(4,4),(4,1,1,4),(0.0724438788138802,0.769641192869662),(0.00106932907415655,
0.333333333333333,0.666666666666667,0.987373254938565),.UNSPECIFIED.);
#22=B_SPLINE_SURFACE_WITH_KNOTS('',3,3,((#5284,#5285,#5286,#5287,#5288,
#5289),(#5290,#5291,#5292,#5293,#5294,#5295),(#5296,#5297,#5298,#5299,#5300,
#5301),(#5302,#5303,#5304,#5305,#5306,#5307)),.UNSPECIFIED.,.F.,.F.,.F.,
(4,4),(4,1,1,4),(0.22123718679271,0.923167978602774),(0.00107803091044877,
0.333333333333333,0.666666666666667,0.987710602541859),.UNSPECIFIED.);
#23=B_SPLINE_SURFACE_WITH_KNOTS('',3,3,((#5468,#5469,#5470,#5471,#5472,
#5473),(#5474,#5475,#5476,#5477,#5478,#5479),(#5480,#5481,#5482,#5483,#5484,
#5485),(#5486,#5487,#5488,#5489,#5490,#5491)),.UNSPECIFIED.,.F.,.F.,.F.,
(4,4),(4,1,1,4),(0.221237186792711,0.923167978602775),(0.00107803091044798,
0.333333333333333,0.666666666666667,0.987710602541859),.UNSPECIFIED.);
#24=B_SPLINE_SURFACE_WITH_KNOTS('',3,3,((#5492,#5493,#5494,#5495,#5496,
#5497),(#5498,#5499,#5500,#5501,#5502,#5503),(#5504,#5505,#5506,#5507,#5508,
#5509),(#5510,#5511,#5512,#5513,#5514,#5515)),.UNSPECIFIED.,.F.,.F.,.F.,
(4,4),(4,1,1,4),(0.0724438788138794,0.769641192869662),(0.00106932907415666,
0.333333333333333,0.666666666666667,0.987373254938566),.UNSPECIFIED.);
#25=B_SPLINE_SURFACE_WITH_KNOTS('',3,3,((#5516,#5517,#5518,#5519,#5520,
#5521),(#5522,#5523,#5524,#5525,#5526,#5527),(#5528,#5529,#5530,#5531,#5532,
#5533),(#5534,#5535,#5536,#5537,#5538,#5539)),.UNSPECIFIED.,.F.,.F.,.F.,
(4,4),(4,1,1,4),(0.0724438788138798,0.769641192869662),(0.0010693290741554,
0.333333333333333,0.666666666666667,0.987373254938566),.UNSPECIFIED.);
#26=B_SPLINE_SURFACE_WITH_KNOTS('',3,3,((#5604,#5605,#5606,#5607,#5608,
#5609),(#5610,#5611,#5612,#5613,#5614,#5615),(#5616,#5617,#5618,#5619,#5620,
#5621),(#5622,#5623,#5624,#5625,#5626,#5627)),.UNSPECIFIED.,.F.,.F.,.F.,
(4,4),(4,1,1,4),(0.221237186792711,0.923167978600275),(0.00107803091079075,
0.333333333333333,0.666666666666667,0.987710602541858),.UNSPECIFIED.);
#27=B_SPLINE_SURFACE_WITH_KNOTS('',3,3,((#5807,#5808,#5809,#5810,#5811,
#5812),(#5813,#5814,#5815,#5816,#5817,#5818),(#5819,#5820,#5821,#5822,#5823,
#5824),(#5825,#5826,#5827,#5828,#5829,#5830)),.UNSPECIFIED.,.F.,.F.,.F.,
(4,4),(4,1,1,4),(0.221237186792711,0.923167978602774),(0.00107803091044869,
0.333333333333333,0.666666666666667,0.987710602541859),.UNSPECIFIED.);
#28=B_SPLINE_SURFACE_WITH_KNOTS('',3,3,((#5831,#5832,#5833,#5834,#5835,
#5836),(#5837,#5838,#5839,#5840,#5841,#5842),(#5843,#5844,#5845,#5846,#5847,
#5848),(#5849,#5850,#5851,#5852,#5853,#5854)),.UNSPECIFIED.,.F.,.F.,.F.,
(4,4),(4,1,1,4),(0.0724438788138808,0.769641192869661),(0.00106932907415554,
0.333333333333333,0.666666666666667,0.987373254938566),.UNSPECIFIED.);
#29=B_SPLINE_SURFACE_WITH_KNOTS('',3,3,((#5855,#5856,#5857,#5858,#5859,
#5860),(#5861,#5862,#5863,#5864,#5865,#5866),(#5867,#5868,#5869,#5870,#5871,
#5872),(#5873,#5874,#5875,#5876,#5877,#5878)),.UNSPECIFIED.,.F.,.F.,.F.,
(4,4),(4,1,1,4),(0.0724438788138802,0.769641192869662),(0.00106932907415531,
0.333333333333333,0.666666666666667,0.987373254938566),.UNSPECIFIED.);
#30=B_SPLINE_SURFACE_WITH_KNOTS('',3,3,((#5927,#5928,#5929,#5930,#5931,
#5932),(#5933,#5934,#5935,#5936,#5937,#5938),(#5939,#5940,#5941,#5942,#5943,
#5944),(#5945,#5946,#5947,#5948,#5949,#5950)),.UNSPECIFIED.,.F.,.F.,.F.,
(4,4),(4,1,1,4),(0.221237186792711,0.923167978602774),(0.00107803091044822,
0.333333333333333,0.666666666666667,0.987710602541859),.UNSPECIFIED.);
#31=B_SPLINE_SURFACE_WITH_KNOTS('',3,3,((#6111,#6112,#6113,#6114,#6115,
#6116),(#6117,#6118,#6119,#6120,#6121,#6122),(#6123,#6124,#6125,#6126,#6127,
#6128),(#6129,#6130,#6131,#6132,#6133,#6134)),.UNSPECIFIED.,.F.,.F.,.F.,
(4,4),(4,1,1,4),(0.22123718679271,0.923167978602773),(0.00107803091044832,
0.333333333333333,0.666666666666667,0.987710602541859),.UNSPECIFIED.);
#32=B_SPLINE_SURFACE_WITH_KNOTS('',3,3,((#6135,#6136,#6137,#6138,#6139,
#6140),(#6141,#6142,#6143,#6144,#6145,#6146),(#6147,#6148,#6149,#6150,#6151,
#6152),(#6153,#6154,#6155,#6156,#6157,#6158)),.UNSPECIFIED.,.F.,.F.,.F.,
(4,4),(4,1,1,4),(0.0724438788138787,0.769641192869661),(0.00106932907415578,
0.333333333333333,0.666666666666667,0.987373254938566),.UNSPECIFIED.);
#33=B_SPLINE_SURFACE_WITH_KNOTS('',3,3,((#6159,#6160,#6161,#6162,#6163,
#6164),(#6165,#6166,#6167,#6168,#6169,#6170),(#6171,#6172,#6173,#6174,#6175,
#6176),(#6177,#6178,#6179,#6180,#6181,#6182)),.UNSPECIFIED.,.F.,.F.,.F.,
(4,4),(4,1,1,4),(0.0724438788138811,0.769641192869663),(0.00106932907415588,
0.333333333333333,0.666666666666667,0.987373254938565),.UNSPECIFIED.);
#34=B_SPLINE_SURFACE_WITH_KNOTS('',3,3,((#6231,#6232,#6233,#6234,#6235,
#6236),(#6237,#6238,#6239,#6240,#6241,#6242),(#6243,#6244,#6245,#6246,#6247,
#6248),(#6249,#6250,#6251,#6252,#6253,#6254)),.UNSPECIFIED.,.F.,.F.,.F.,
(4,4),(4,1,1,4),(0.221237186792711,0.923167978602775),(0.00107803091044828,
0.333333333333333,0.666666666666667,0.987710602541859),.UNSPECIFIED.);
#35=B_SPLINE_SURFACE_WITH_KNOTS('',3,3,((#6415,#6416,#6417,#6418,#6419,
#6420),(#6421,#6422,#6423,#6424,#6425,#6426),(#6427,#6428,#6429,#6430,#6431,
#6432),(#6433,#6434,#6435,#6436,#6437,#6438)),.UNSPECIFIED.,.F.,.F.,.F.,
(4,4),(4,1,1,4),(0.22123718679271,0.923167978602773),(0.00107803091044857,
0.333333333333333,0.666666666666667,0.987710602541858),.UNSPECIFIED.);
#36=B_SPLINE_SURFACE_WITH_KNOTS('',3,3,((#6439,#6440,#6441,#6442,#6443,
#6444),(#6445,#6446,#6447,#6448,#6449,#6450),(#6451,#6452,#6453,#6454,#6455,
#6456),(#6457,#6458,#6459,#6460,#6461,#6462)),.UNSPECIFIED.,.F.,.F.,.F.,
(4,4),(4,1,1,4),(0.0724438788138796,0.769641192869662),(0.00106932907415602,
0.333333333333333,0.666666666666667,0.987373254938566),.UNSPECIFIED.);
#37=B_SPLINE_SURFACE_WITH_KNOTS('',3,3,((#6463,#6464,#6465,#6466,#6467,
#6468),(#6469,#6470,#6471,#6472,#6473,#6474),(#6475,#6476,#6477,#6478,#6479,
#6480),(#6481,#6482,#6483,#6484,#6485,#6486)),.UNSPECIFIED.,.F.,.F.,.F.,
(4,4),(4,1,1,4),(0.072443878813881,0.769641192869662),(0.00106932907415636,
0.333333333333333,0.666666666666667,0.987373254938565),.UNSPECIFIED.);
#38=B_SPLINE_SURFACE_WITH_KNOTS('',3,3,((#6551,#6552,#6553,#6554,#6555,
#6556),(#6557,#6558,#6559,#6560,#6561,#6562),(#6563,#6564,#6565,#6566,#6567,
#6568),(#6569,#6570,#6571,#6572,#6573,#6574)),.UNSPECIFIED.,.F.,.F.,.F.,
(4,4),(4,1,1,4),(0.221237186792711,0.92316797860116),(0.00107803091067253,
0.333333333333333,0.666666666666667,0.987710602541859),.UNSPECIFIED.);
#39=B_SPLINE_SURFACE_WITH_KNOTS('',3,3,((#6735,#6736,#6737,#6738,#6739,
#6740),(#6741,#6742,#6743,#6744,#6745,#6746),(#6747,#6748,#6749,#6750,#6751,
#6752),(#6753,#6754,#6755,#6756,#6757,#6758)),.UNSPECIFIED.,.F.,.F.,.F.,
(4,4),(4,1,1,4),(0.22123718679271,0.923167978602774),(0.00107803091044803,
0.333333333333333,0.666666666666667,0.987710602541859),.UNSPECIFIED.);
#40=B_SPLINE_SURFACE_WITH_KNOTS('',3,3,((#6759,#6760,#6761,#6762,#6763,
#6764),(#6765,#6766,#6767,#6768,#6769,#6770),(#6771,#6772,#6773,#6774,#6775,
#6776),(#6777,#6778,#6779,#6780,#6781,#6782)),.UNSPECIFIED.,.F.,.F.,.F.,
(4,4),(4,1,1,4),(0.0724438788138807,0.769641192869662),(0.00106932907415538,
0.333333333333333,0.666666666666667,0.987373254938566),.UNSPECIFIED.);
#41=B_SPLINE_SURFACE_WITH_KNOTS('',3,3,((#6783,#6784,#6785,#6786,#6787,
#6788),(#6789,#6790,#6791,#6792,#6793,#6794),(#6795,#6796,#6797,#6798,#6799,
#6800),(#6801,#6802,#6803,#6804,#6805,#6806)),.UNSPECIFIED.,.F.,.F.,.F.,
(4,4),(4,1,1,4),(0.072443878813881,0.769641192869662),(0.0010693290741546,
0.333333333333333,0.666666666666667,0.987373254938566),.UNSPECIFIED.);
#42=B_SPLINE_SURFACE_WITH_KNOTS('',3,3,((#6855,#6856,#6857,#6858,#6859,
#6860),(#6861,#6862,#6863,#6864,#6865,#6866),(#6867,#6868,#6869,#6870,#6871,
#6872),(#6873,#6874,#6875,#6876,#6877,#6878)),.UNSPECIFIED.,.F.,.F.,.F.,
(4,4),(4,1,1,4),(0.22123718679271,0.923167978602775),(0.00107803091044859,
0.333333333333333,0.666666666666667,0.987710602541859),.UNSPECIFIED.);
#43=B_SPLINE_SURFACE_WITH_KNOTS('',3,3,((#7039,#7040,#7041,#7042,#7043,
#7044),(#7045,#7046,#7047,#7048,#7049,#7050),(#7051,#7052,#7053,#7054,#7055,
#7056),(#7057,#7058,#7059,#7060,#7061,#7062)),.UNSPECIFIED.,.F.,.F.,.F.,
(4,4),(4,1,1,4),(0.22123718679271,0.923167978602775),(0.00107803091044844,
0.333333333333333,0.666666666666667,0.987710602541859),.UNSPECIFIED.);
#44=B_SPLINE_SURFACE_WITH_KNOTS('',3,3,((#7063,#7064,#7065,#7066,#7067,
#7068),(#7069,#7070,#7071,#7072,#7073,#7074),(#7075,#7076,#7077,#7078,#7079,
#7080),(#7081,#7082,#7083,#7084,#7085,#7086)),.UNSPECIFIED.,.F.,.F.,.F.,
(4,4),(4,1,1,4),(0.0724438788138814,0.769641192869661),(0.00106932907415598,
0.333333333333333,0.666666666666667,0.987373254938566),.UNSPECIFIED.);
#45=B_SPLINE_SURFACE_WITH_KNOTS('',3,3,((#7087,#7088,#7089,#7090,#7091,
#7092),(#7093,#7094,#7095,#7096,#7097,#7098),(#7099,#7100,#7101,#7102,#7103,
#7104),(#7105,#7106,#7107,#7108,#7109,#7110)),.UNSPECIFIED.,.F.,.F.,.F.,
(4,4),(4,1,1,4),(0.0724438788138797,0.769641192869662),(0.00106932907415597,
0.333333333333333,0.666666666666667,0.987373254938566),.UNSPECIFIED.);
#46=B_SPLINE_SURFACE_WITH_KNOTS('',3,3,((#7159,#7160,#7161,#7162,#7163,
#7164),(#7165,#7166,#7167,#7168,#7169,#7170),(#7171,#7172,#7173,#7174,#7175,
#7176),(#7177,#7178,#7179,#7180,#7181,#7182)),.UNSPECIFIED.,.F.,.F.,.F.,
(4,4),(4,1,1,4),(0.221237186792711,0.923167978602775),(0.00107803091044862,
0.333333333333333,0.666666666666667,0.987710602541859),.UNSPECIFIED.);
#47=B_SPLINE_SURFACE_WITH_KNOTS('',3,3,((#7362,#7363,#7364,#7365,#7366,
#7367),(#7368,#7369,#7370,#7371,#7372,#7373),(#7374,#7375,#7376,#7377,#7378,
#7379),(#7380,#7381,#7382,#7383,#7384,#7385)),.UNSPECIFIED.,.F.,.F.,.F.,
(4,4),(4,1,1,4),(0.221237186792711,0.92316797860094),(0.00107803091070191,
0.333333333333333,0.666666666666667,0.987710602541859),.UNSPECIFIED.);
#48=B_SPLINE_SURFACE_WITH_KNOTS('',3,3,((#7386,#7387,#7388,#7389,#7390,
#7391),(#7392,#7393,#7394,#7395,#7396,#7397),(#7398,#7399,#7400,#7401,#7402,
#7403),(#7404,#7405,#7406,#7407,#7408,#7409)),.UNSPECIFIED.,.F.,.F.,.F.,
(4,4),(4,1,1,4),(0.0724438788138804,0.769641192869662),(0.00106932907415563,
0.333333333333333,0.666666666666667,0.987373254938567),.UNSPECIFIED.);
#49=B_SPLINE_SURFACE_WITH_KNOTS('',3,3,((#7410,#7411,#7412,#7413,#7414,
#7415),(#7416,#7417,#7418,#7419,#7420,#7421),(#7422,#7423,#7424,#7425,#7426,
#7427),(#7428,#7429,#7430,#7431,#7432,#7433)),.UNSPECIFIED.,.F.,.F.,.F.,
(4,4),(4,1,1,4),(0.0724438788138799,0.769641192869662),(0.00106932907415553,
0.333333333333333,0.666666666666667,0.987373254938566),.UNSPECIFIED.);
#50=B_SPLINE_SURFACE_WITH_KNOTS('',3,3,((#7482,#7483,#7484,#7485,#7486,
#7487),(#7488,#7489,#7490,#7491,#7492,#7493),(#7494,#7495,#7496,#7497,#7498,
#7499),(#7500,#7501,#7502,#7503,#7504,#7505)),.UNSPECIFIED.,.F.,.F.,.F.,
(4,4),(4,1,1,4),(0.221237186792711,0.923167978602634),(0.00107803091046753,
0.333333333333333,0.666666666666667,0.987710602541859),.UNSPECIFIED.);
#51=B_SPLINE_SURFACE_WITH_KNOTS('',3,3,((#7666,#7667,#7668,#7669,#7670,
#7671),(#7672,#7673,#7674,#7675,#7676,#7677),(#7678,#7679,#7680,#7681,#7682,
#7683),(#7684,#7685,#7686,#7687,#7688,#7689)),.UNSPECIFIED.,.F.,.F.,.F.,
(4,4),(4,1,1,4),(0.221237186792711,0.923167978602774),(0.00107803091044822,
0.333333333333333,0.666666666666667,0.987710602541858),.UNSPECIFIED.);
#52=B_SPLINE_SURFACE_WITH_KNOTS('',3,3,((#7690,#7691,#7692,#7693,#7694,
#7695),(#7696,#7697,#7698,#7699,#7700,#7701),(#7702,#7703,#7704,#7705,#7706,
#7707),(#7708,#7709,#7710,#7711,#7712,#7713)),.UNSPECIFIED.,.F.,.F.,.F.,
(4,4),(4,1,1,4),(0.0724438788138809,0.769641192869662),(0.00106932907415617,
0.333333333333333,0.666666666666667,0.987373254938565),.UNSPECIFIED.);
#53=B_SPLINE_SURFACE_WITH_KNOTS('',3,3,((#7714,#7715,#7716,#7717,#7718,
#7719),(#7720,#7721,#7722,#7723,#7724,#7725),(#7726,#7727,#7728,#7729,#7730,
#7731),(#7732,#7733,#7734,#7735,#7736,#7737)),.UNSPECIFIED.,.F.,.F.,.F.,
(4,4),(4,1,1,4),(0.0724438788138806,0.769641192869662),(0.00106932907415581,
0.333333333333333,0.666666666666667,0.987373254938565),.UNSPECIFIED.);
#54=B_SPLINE_SURFACE_WITH_KNOTS('',3,3,((#7786,#7787,#7788,#7789,#7790,
#7791),(#7792,#7793,#7794,#7795,#7796,#7797),(#7798,#7799,#7800,#7801,#7802,
#7803),(#7804,#7805,#7806,#7807,#7808,#7809)),.UNSPECIFIED.,.F.,.F.,.F.,
(4,4),(4,1,1,4),(0.22123718679271,0.923167978602774),(0.00107803091044839,
0.333333333333333,0.666666666666667,0.987710602541859),.UNSPECIFIED.);
#55=B_SPLINE_SURFACE_WITH_KNOTS('',3,3,((#7970,#7971,#7972,#7973,#7974,
#7975),(#7976,#7977,#7978,#7979,#7980,#7981),(#7982,#7983,#7984,#7985,#7986,
#7987),(#7988,#7989,#7990,#7991,#7992,#7993)),.UNSPECIFIED.,.F.,.F.,.F.,
(4,4),(4,1,1,4),(0.22123718679271,0.923167978602774),(0.00107803091044948,
0.333333333333333,0.666666666666667,0.987710602541859),.UNSPECIFIED.);
#56=B_SPLINE_SURFACE_WITH_KNOTS('',3,3,((#7994,#7995,#7996,#7997,#7998,
#7999),(#8000,#8001,#8002,#8003,#8004,#8005),(#8006,#8007,#8008,#8009,#8010,
#8011),(#8012,#8013,#8014,#8015,#8016,#8017)),.UNSPECIFIED.,.F.,.F.,.F.,
(4,4),(4,1,1,4),(0.0724438788138793,0.769641192869663),(0.00106932907415628,
0.333333333333333,0.666666666666667,0.987373254938566),.UNSPECIFIED.);
#57=B_SPLINE_SURFACE_WITH_KNOTS('',3,3,((#8018,#8019,#8020,#8021,#8022,
#8023),(#8024,#8025,#8026,#8027,#8028,#8029),(#8030,#8031,#8032,#8033,#8034,
#8035),(#8036,#8037,#8038,#8039,#8040,#8041)),.UNSPECIFIED.,.F.,.F.,.F.,
(4,4),(4,1,1,4),(0.0724438788138796,0.769641192869661),(0.00106932907415697,
0.333333333333333,0.666666666666667,0.987373254938566),.UNSPECIFIED.);
#58=B_SPLINE_SURFACE_WITH_KNOTS('',3,3,((#8090,#8091,#8092,#8093,#8094,
#8095),(#8096,#8097,#8098,#8099,#8100,#8101),(#8102,#8103,#8104,#8105,#8106,
#8107),(#8108,#8109,#8110,#8111,#8112,#8113)),.UNSPECIFIED.,.F.,.F.,.F.,
(4,4),(4,1,1,4),(0.221237186792711,0.923167978602774),(0.00107803091044787,
0.333333333333333,0.666666666666667,0.987710602541858),.UNSPECIFIED.);
#59=B_SPLINE_SURFACE_WITH_KNOTS('',3,3,((#8170,#8171,#8172,#8173,#8174,
#8175),(#8176,#8177,#8178,#8179,#8180,#8181),(#8182,#8183,#8184,#8185,#8186,
#8187),(#8188,#8189,#8190,#8191,#8192,#8193)),.UNSPECIFIED.,.F.,.F.,.F.,
(4,4),(4,1,1,4),(0.0724438788138804,0.769641192869663),(0.00106932907415606,
0.333333333333333,0.666666666666667,0.987373254938566),.UNSPECIFIED.);
#60=B_SPLINE_SURFACE_WITH_KNOTS('',3,3,((#8242,#8243,#8244,#8245,#8246,
#8247),(#8248,#8249,#8250,#8251,#8252,#8253),(#8254,#8255,#8256,#8257,#8258,
#8259),(#8260,#8261,#8262,#8263,#8264,#8265)),.UNSPECIFIED.,.F.,.F.,.F.,
(4,4),(4,1,1,4),(0.221237186792711,0.923167978602774),(0.00107803091044806,
0.333333333333333,0.666666666666667,0.987710602541858),.UNSPECIFIED.);
#61=B_SPLINE_CURVE_WITH_KNOTS('',3,(#3043,#3044,#3045,#3046,#3047,#3048,
#3049,#3050,#3051,#3052,#3053,#3054,#3055,#3056,#3057,#3058,#3059,#3060,
#3061,#3062,#3063,#3064,#3065,#3066,#3067,#3068,#3069,#3070,#3071,#3072,
#3073,#3074,#3075,#3076),.UNSPECIFIED.,.F.,.F.,(4,3,3,3,3,3,3,3,3,3,3,4),
(0.,0.232520036910932,0.46443936770651,0.655111358074791,0.88680759498858,
1.03805524503284,1.26815431267172,1.35667539887315,1.5850452063775,1.81504580357941,
2.04704693748744,2.07054428599235),.UNSPECIFIED.);
#62=B_SPLINE_CURVE_WITH_KNOTS('',3,(#3078,#3079,#3080,#3081,#3082,#3083,
#3084,#3085,#3086,#3087,#3088,#3089,#3090,#3091,#3092,#3093,#3094,#3095,
#3096,#3097,#3098,#3099,#3100,#3101,#3102,#3103,#3104,#3105,#3106,#3107,
#3108,#3109,#3110,#3111),.UNSPECIFIED.,.F.,.F.,(4,3,3,3,3,3,3,3,3,3,3,4),
(0.,0.230834468671975,0.470390665426353,0.695522566691622,0.709946862180731,
0.935572608873267,1.06393009224919,1.33958220841694,1.41046222399074,1.67840296907806,
1.94031963198999,2.06755422899915),.UNSPECIFIED.);
#63=B_SPLINE_CURVE_WITH_KNOTS('',3,(#3115,#3116,#3117,#3118,#3119,#3120,
#3121,#3122,#3123,#3124,#3125,#3126,#3127,#3128,#3129,#3130,#3131,#3132,
#3133,#3134,#3135,#3136,#3137,#3138,#3139,#3140,#3141,#3142,#3143,#3144,
#3145,#3146,#3147,#3148),.UNSPECIFIED.,.F.,.F.,(4,3,3,3,3,3,3,3,3,3,3,4),
(1.863682170848E-5,0.23253643465908,0.464453477373736,0.655130079027417,
0.886824794961097,1.03805480312458,1.26815394817313,1.35669424011588,1.58506526754768,
1.81506700554753,2.04706911218038,2.07056331439554),.UNSPECIFIED.);
#64=B_SPLINE_CURVE_WITH_KNOTS('',3,(#3150,#3151,#3152,#3153,#3154,#3155,
#3156,#3157,#3158,#3159,#3160,#3161,#3162,#3163,#3164,#3165,#3166,#3167,
#3168,#3169,#3170,#3171,#3172,#3173,#3174,#3175,#3176,#3177,#3178,#3179,
#3180,#3181,#3182,#3183),.UNSPECIFIED.,.F.,.F.,(4,3,3,3,3,3,3,3,3,3,3,4),
(1.97454029087641E-5,0.230855532352346,0.470411073798101,0.695544504188967,
0.709966615243856,0.935593396631875,1.06393049709337,1.3395832446286,1.41048190767907,
1.67841849509897,1.94033110895945,2.06757392864936),.UNSPECIFIED.);
#65=B_SPLINE_CURVE_WITH_KNOTS('',3,(#3187,#3188,#3189,#3190,#3191,#3192,
#3193,#3194,#3195,#3196,#3197,#3198,#3199,#3200,#3201,#3202,#3203,#3204,
#3205,#3206,#3207,#3208,#3209,#3210,#3211,#3212,#3213,#3214,#3215,#3216,
#3217,#3218,#3219,#3220),.UNSPECIFIED.,.F.,.F.,(4,3,3,3,3,3,3,3,3,3,3,4),
(1.86368217086141E-5,0.232536867051466,0.464454369037537,0.655130079027416,
0.886824765641444,1.03805480312458,1.26815386022743,1.35669424011587,1.58506456707496,
1.81506564931093,2.04706719630929,2.07056331439551),.UNSPECIFIED.);
#66=B_SPLINE_CURVE_WITH_KNOTS('',3,(#3222,#3223,#3224,#3225,#3226,#3227,
#3228,#3229,#3230,#3231,#3232,#3233,#3234,#3235,#3236,#3237,#3238,#3239,
#3240,#3241,#3242,#3243,#3244,#3245,#3246,#3247,#3248,#3249,#3250,#3251,
#3252,#3253,#3254,#3255),.UNSPECIFIED.,.F.,.F.,(4,3,3,3,3,3,3,3,3,3,3,4),
(1.97454029082087E-5,0.230855358304949,0.470410986774399,0.695544185161238,
0.709966615243849,0.935593283274492,1.06393049709335,1.33958296176376,1.41048190767905,
1.67841900790369,1.94033210497536,2.06757392864933),.UNSPECIFIED.);
#67=B_SPLINE_CURVE_WITH_KNOTS('',3,(#3259,#3260,#3261,#3262,#3263,#3264,
#3265,#3266,#3267,#3268,#3269,#3270,#3271,#3272,#3273,#3274,#3275,#3276,
#3277,#3278,#3279,#3280,#3281,#3282,#3283,#3284,#3285,#3286,#3287,#3288,
#3289,#3290,#3291,#3292),.UNSPECIFIED.,.F.,.F.,(4,3,3,3,3,3,3,3,3,3,3,4),
(1.86368217077457E-5,0.232537258167338,0.464455175975553,0.655130079027415,
0.886824738703178,1.03805480312458,1.26815377904866,1.35669424011585,1.58506393477877,
1.81506442508649,2.04706546696779,2.07056331439555),.UNSPECIFIED.);
#68=B_SPLINE_CURVE_WITH_KNOTS('',3,(#3294,#3295,#3296,#3297,#3298,#3299,
#3300,#3301,#3302,#3303,#3304,#3305,#3306,#3307,#3308,#3309,#3310,#3311,
#3312,#3313,#3314,#3315,#3316,#3317,#3318,#3319,#3320,#3321,#3322,#3323,
#3324,#3325,#3326,#3327),.UNSPECIFIED.,.F.,.F.,(4,3,3,3,3,3,3,3,3,3,3,4),
(1.974540290853E-5,0.230854917607403,0.470410766425622,0.695543378900185,
0.709966615243841,0.935592989750084,1.06393049709334,1.3395822265452,1.41048190767903,
1.67842032639532,1.94033466706558,2.06757392864932),.UNSPECIFIED.);
#69=B_SPLINE_CURVE_WITH_KNOTS('',3,(#3331,#3332,#3333,#3334,#3335,#3336,
#3337,#3338,#3339,#3340,#3341,#3342,#3343,#3344,#3345,#3346,#3347,#3348,
#3349,#3350,#3351,#3352,#3353,#3354,#3355,#3356,#3357,#3358,#3359,#3360,
#3361,#3362,#3363,#3364),.UNSPECIFIED.,.F.,.F.,(4,3,3,3,3,3,3,3,3,3,3,4),
(1.86368217085967E-5,0.232536949466396,0.464454539039784,0.655130079027416,
0.886824759999025,1.03805480312458,1.26815384325148,1.35669424011587,1.58506443373656,
1.81506539114533,2.04706683162076,2.07056331439552),.UNSPECIFIED.);
#70=B_SPLINE_CURVE_WITH_KNOTS('',3,(#3366,#3367,#3368,#3369,#3370,#3371,
#3372,#3373,#3374,#3375,#3376,#3377,#3378,#3379,#3380,#3381,#3382,#3383,
#3384,#3385,#3386,#3387,#3388,#3389,#3390,#3391,#3392,#3393,#3394,#3395,
#3396,#3397,#3398,#3399),.UNSPECIFIED.,.F.,.F.,(4,3,3,3,3,3,3,3,3,3,3,4),
(1.97454029083126E-5,0.230854405819544,0.470410510531574,0.695542445498283,
0.709966615243604,0.935592636498585,1.06393049709335,1.33958133658395,1.41048190767904,
1.67842189575921,1.94033771891232,2.06757392864934),.UNSPECIFIED.);
#71=B_SPLINE_CURVE_WITH_KNOTS('',3,(#3403,#3404,#3405,#3406,#3407,#3408,
#3409,#3410,#3411,#3412,#3413,#3414,#3415,#3416,#3417,#3418,#3419,#3420,
#3421,#3422,#3423,#3424,#3425,#3426,#3427,#3428,#3429,#3430,#3431,#3432,
#3433,#3434,#3435,#3436),.UNSPECIFIED.,.F.,.F.,(4,3,3,3,3,3,3,3,3,3,3,4),
(1.86368217084103E-5,0.232536164555497,0.464452920594514,0.655130079027415,
0.886824813042735,1.03805480312458,1.26815400219496,1.35669424011587,1.58506570585403,
1.81506785419171,2.04707031103246,2.07056331439553),.UNSPECIFIED.);
#72=B_SPLINE_CURVE_WITH_KNOTS('',3,(#3438,#3439,#3440,#3441,#3442,#3443,
#3444,#3445,#3446,#3447,#3448,#3449,#3450,#3451,#3452,#3453,#3454,#3455,
#3456,#3457,#3458,#3459,#3460,#3461,#3462,#3463,#3464,#3465,#3466,#3467,
#3468,#3469,#3470,#3471),.UNSPECIFIED.,.F.,.F.,(4,3,3,3,3,3,3,3,3,3,3,4),
(1.97454029076556E-5,0.230855145964993,0.470410880604419,0.69554379640632,
0.709966615243845,0.935593143031723,1.06393049709335,1.33958261097372,1.41048190767904,
1.67841963952954,1.94033333213708,2.06757392864932),.UNSPECIFIED.);
#73=B_SPLINE_CURVE_WITH_KNOTS('',3,(#3475,#3476,#3477,#3478,#3479,#3480,
#3481,#3482,#3483,#3484,#3485,#3486,#3487,#3488,#3489,#3490,#3491,#3492,
#3493,#3494,#3495,#3496,#3497,#3498,#3499,#3500,#3501,#3502,#3503,#3504,
#3505,#3506,#3507,#3508),.UNSPECIFIED.,.F.,.F.,(4,3,3,3,3,3,3,3,3,3,3,4),
(1.86368217081464E-5,0.232536237817607,0.46445307159677,0.655130079027415,
0.886824808156343,1.03805480312458,1.26815398760988,1.35669424011587,1.58506558691486,
1.81506762390156,2.04706998570735,2.07056331439553),.UNSPECIFIED.);
#74=B_SPLINE_CURVE_WITH_KNOTS('',3,(#3510,#3511,#3512,#3513,#3514,#3515,
#3516,#3517,#3518,#3519,#3520,#3521,#3522,#3523,#3524,#3525,#3526,#3527,
#3528,#3529,#3530,#3531,#3532,#3533,#3534,#3535,#3536,#3537,#3538,#3539,
#3540,#3541,#3542,#3543),.UNSPECIFIED.,.F.,.F.,(4,3,3,3,3,3,3,3,3,3,3,4),
(1.97454029080266E-5,0.230855605668209,0.470411110456029,0.695544638674284,
0.70996661524385,0.935593443963223,1.06393049709335,1.33958336255736,1.41048190767905,
1.67841828038225,1.94033069199368,2.06757392864934),.UNSPECIFIED.);
#75=B_SPLINE_CURVE_WITH_KNOTS('',3,(#3547,#3548,#3549,#3550,#3551,#3552,
#3553,#3554,#3555,#3556,#3557,#3558,#3559,#3560,#3561,#3562,#3563,#3564,
#3565,#3566,#3567,#3568,#3569,#3570,#3571,#3572,#3573,#3574,#3575,#3576,
#3577,#3578,#3579,#3580),.UNSPECIFIED.,.F.,.F.,(4,3,3,3,3,3,3,3,3,3,3,4),
(1.86368217082171E-5,0.23253653623088,0.464453686792312,0.655130079027414,
0.886824788115161,1.03805480312457,1.26815392767711,1.35669424011586,1.58506510286818,
1.81506668669823,2.04706866175695,2.0705633143955),.UNSPECIFIED.);
#76=B_SPLINE_CURVE_WITH_KNOTS('',3,(#3582,#3583,#3584,#3585,#3586,#3587,
#3588,#3589,#3590,#3591,#3592,#3593,#3594,#3595,#3596,#3597,#3598,#3599,
#3600,#3601,#3602,#3603,#3604,#3605,#3606,#3607,#3608,#3609,#3610,#3611,
#3612,#3613,#3614,#3615),.UNSPECIFIED.,.F.,.F.,(4,3,3,3,3,3,3,3,3,3,3,4),
(1.97454029081259E-5,0.230855508795079,0.470411062019463,0.695544460988122,
0.709966615243847,0.935593381372006,1.06393049709335,1.33958320658698,1.41048190767905,
1.67841856425482,1.94033124326414,2.06757392864933),.UNSPECIFIED.);
#77=B_SPLINE_CURVE_WITH_KNOTS('',3,(#3619,#3620,#3621,#3622,#3623,#3624,
#3625,#3626,#3627,#3628,#3629,#3630,#3631,#3632,#3633,#3634,#3635,#3636,
#3637,#3638,#3639,#3640,#3641,#3642,#3643,#3644,#3645,#3646,#3647,#3648,
#3649,#3650,#3651,#3652),.UNSPECIFIED.,.F.,.F.,(4,3,3,3,3,3,3,3,3,3,3,4),
(1.86368217074872E-5,0.232536972065528,0.464454585662559,0.655130079027415,
0.886824758447542,1.03805480312458,1.26815383858622,1.35669424011587,1.58506439717822,
1.81506532036358,2.04706673163232,2.07056331439553),.UNSPECIFIED.);
#78=B_SPLINE_CURVE_WITH_KNOTS('',3,(#3654,#3655,#3656,#3657,#3658,#3659,
#3660,#3661,#3662,#3663,#3664,#3665,#3666,#3667,#3668,#3669,#3670,#3671,
#3672,#3673,#3674,#3675,#3676,#3677,#3678,#3679,#3680,#3681,#3682,#3683,
#3684,#3685,#3686,#3687),.UNSPECIFIED.,.F.,.F.,(4,3,3,3,3,3,3,3,3,3,3,4),
(1.97454029096123E-5,0.230855268581822,0.470410941912834,0.695544020832489,
0.709966615243846,0.935593224279544,1.06393049709335,1.33958281430887,1.41048190767904,
1.67841927397811,1.94033262187459,2.06757392864933),.UNSPECIFIED.);
#79=B_SPLINE_CURVE_WITH_KNOTS('',3,(#3691,#3692,#3693,#3694,#3695,#3696,
#3697,#3698,#3699,#3700,#3701,#3702,#3703,#3704,#3705,#3706,#3707,#3708,
#3709,#3710,#3711,#3712,#3713,#3714,#3715,#3716,#3717,#3718,#3719,#3720,
#3721,#3722,#3723,#3724),.UNSPECIFIED.,.F.,.F.,(4,3,3,3,3,3,3,3,3,3,3,4),
(1.863682170839E-5,0.232537347580044,0.464455360501202,0.655130079027414,
0.886824732487985,1.03805480312458,1.26815376026568,1.35669424011583,1.58506379041553,
1.8150641455771,2.04706507213979,2.07056331439551),.UNSPECIFIED.);
#80=B_SPLINE_CURVE_WITH_KNOTS('',3,(#3726,#3727,#3728,#3729,#3730,#3731,
#3732,#3733,#3734,#3735,#3736,#3737,#3738,#3739,#3740,#3741,#3742,#3743,
#3744,#3745,#3746,#3747,#3748,#3749,#3750,#3751,#3752,#3753,#3754,#3755,
#3756,#3757,#3758,#3759),.UNSPECIFIED.,.F.,.F.,(4,3,3,3,3,3,3,3,3,3,3,4),
(1.97454029082895E-5,0.23085479339157,0.470410704317709,0.695543152059266,
0.709966615243848,0.935592905269819,1.06393049709335,1.3395820142186,1.41048190767905,
1.6784207034151,1.94033540001193,2.06757392864934),.UNSPECIFIED.);
#81=B_SPLINE_CURVE_WITH_KNOTS('',3,(#3763,#3764,#3765,#3766,#3767,#3768,
#3769,#3770,#3771,#3772,#3773,#3774,#3775,#3776,#3777,#3778,#3779,#3780,
#3781,#3782,#3783,#3784,#3785,#3786,#3787,#3788,#3789,#3790,#3791,#3792,
#3793,#3794,#3795,#3796),.UNSPECIFIED.,.F.,.F.,(4,3,3,3,3,3,3,3,3,3,3,4),
(1.86368217082787E-5,0.232536739961561,0.46445410691231,0.655130079027415,
0.886824774307298,1.03805480312458,1.26815388626681,1.35669424011587,1.58506477280382,
1.81506604763563,2.04706775899174,2.07056331439552),.UNSPECIFIED.);
#82=B_SPLINE_CURVE_WITH_KNOTS('',3,(#3798,#3799,#3800,#3801,#3802,#3803,
#3804,#3805,#3806,#3807,#3808,#3809,#3810,#3811,#3812,#3813,#3814,#3815,
#3816,#3817,#3818,#3819,#3820,#3821,#3822,#3823,#3824,#3825,#3826,#3827,
#3828,#3829,#3830,#3831),.UNSPECIFIED.,.F.,.F.,(4,3,3,3,3,3,3,3,3,3,3,4),
(1.97454029093227E-5,0.230854547078312,0.470410581161003,0.695542702800614,
0.709966615243694,0.935592735385299,1.06393049709336,1.33958158626649,1.41048190767906,
1.67842145832502,1.94033686801098,2.06757392864935),.UNSPECIFIED.);
#83=B_SPLINE_CURVE_WITH_KNOTS('',3,(#3835,#3836,#3837,#3838,#3839,#3840,
#3841,#3842,#3843,#3844,#3845,#3846,#3847,#3848,#3849,#3850,#3851,#3852,
#3853,#3854,#3855,#3856,#3857,#3858,#3859,#3860,#3861,#3862,#3863,#3864,
#3865,#3866,#3867,#3868),.UNSPECIFIED.,.F.,.F.,(4,3,3,3,3,3,3,3,3,3,3,4),
(1.86368217082607E-5,0.232536154509534,0.46445289989223,0.655130079027416,
0.886824813712511,1.03805480312458,1.26815400418932,1.35669424011587,1.58506572216266,
1.81506788576604,2.04707035563668,2.07056331439554),.UNSPECIFIED.);
#84=B_SPLINE_CURVE_WITH_KNOTS('',3,(#3870,#3871,#3872,#3873,#3874,#3875,
#3876,#3877,#3878,#3879,#3880,#3881,#3882,#3883,#3884,#3885,#3886,#3887,
#3888,#3889,#3890,#3891,#3892,#3893,#3894,#3895,#3896,#3897,#3898,#3899,
#3900,#3901,#3902,#3903),.UNSPECIFIED.,.F.,.F.,(4,3,3,3,3,3,3,3,3,3,3,4),
(1.97454029086484E-5,0.230855352329616,0.470410983786728,0.695544174215645,
0.70996661524384,0.935593279357368,1.06393049709333,1.33958295197889,1.41048190767902,
1.67841902558881,1.94033213932794,2.0675739286493),.UNSPECIFIED.);
#85=B_SPLINE_CURVE_WITH_KNOTS('',3,(#3907,#3908,#3909,#3910,#3911,#3912,
#3913,#3914,#3915,#3916,#3917,#3918,#3919,#3920,#3921,#3922,#3923,#3924,
#3925,#3926,#3927,#3928,#3929,#3930,#3931,#3932,#3933,#3934,#3935,#3936,
#3937,#3938,#3939,#3940),.UNSPECIFIED.,.F.,.F.,(4,3,3,3,3,3,3,3,3,3,3,4),
(1.86368217083099E-5,0.232536286666189,0.464453172289148,0.655130079027415,
0.886824804889104,1.03805480312458,1.2681539778572,1.35669424011586,1.58506550762892,
1.81506747038871,2.0470697688432,2.07056331439551),.UNSPECIFIED.);
#86=B_SPLINE_CURVE_WITH_KNOTS('',3,(#3942,#3943,#3944,#3945,#3946,#3947,
#3948,#3949,#3950,#3951,#3952,#3953,#3954,#3955,#3956,#3957,#3958,#3959,
#3960,#3961,#3962,#3963,#3964,#3965,#3966,#3967,#3968,#3969,#3970,#3971,
#3972,#3973,#3974,#3975),.UNSPECIFIED.,.F.,.F.,(4,3,3,3,3,3,3,3,3,3,3,4),
(1.97454029080585E-5,0.230855580682835,0.470411097963337,0.69554459283553,
0.70996661524384,0.935593427861007,1.06393049709334,1.33958332244933,1.41048190767903,
1.67841835347129,1.94033083391987,2.06757392864932),.UNSPECIFIED.);
#87=B_SPLINE_CURVE_WITH_KNOTS('',3,(#3979,#3980,#3981,#3982,#3983,#3984,
#3985,#3986,#3987,#3988,#3989,#3990,#3991,#3992,#3993,#3994,#3995,#3996,
#3997,#3998,#3999,#4000,#4001,#4002,#4003,#4004,#4005,#4006,#4007,#4008,
#4009,#4010,#4011,#4012),.UNSPECIFIED.,.F.,.F.,(4,3,3,3,3,3,3,3,3,3,3,4),
(1.8636821708487E-5,0.232536646173843,0.464453913495103,0.655130079027418,
0.886824780677254,1.03805480312459,1.2681539053828,1.35669424011588,1.58506492471124,
1.81506634175351,2.04706817447384,2.07056331439555),.UNSPECIFIED.);
#88=B_SPLINE_CURVE_WITH_KNOTS('',3,(#4014,#4015,#4016,#4017,#4018,#4019,
#4020,#4021,#4022,#4023,#4024,#4025,#4026,#4027,#4028,#4029,#4030,#4031,
#4032,#4033,#4034,#4035,#4036,#4037,#4038,#4039,#4040,#4041,#4042,#4043,
#4044,#4045,#4046,#4047),.UNSPECIFIED.,.F.,.F.,(4,3,3,3,3,3,3,3,3,3,3,4),
(1.97454029080461E-5,0.230855477631892,0.470411046437871,0.695544403850647,
0.70996661524385,0.935593361144884,1.06393049709336,1.33958315613889,1.41048190767905,
1.67841865585708,1.94033142116982,2.06757392864934),.UNSPECIFIED.);
#89=B_SPLINE_CURVE_WITH_KNOTS('',3,(#4051,#4052,#4053,#4054,#4055,#4056,
#4057,#4058,#4059,#4060,#4061,#4062,#4063,#4064,#4065,#4066,#4067,#4068,
#4069,#4070,#4071,#4072,#4073,#4074,#4075,#4076,#4077,#4078,#4079,#4080,
#4081,#4082,#4083,#4084),.UNSPECIFIED.,.F.,.F.,(4,3,3,3,3,3,3,3,3,3,3,4),
(1.86368217085221E-5,0.232537071881502,0.464454791585505,0.655130079027417,
0.886824751583931,1.03805480312458,1.2681538179113,1.35669424011587,1.58506423578272,
1.81506500787491,2.04706629021024,2.07056331439552),.UNSPECIFIED.);
#90=B_SPLINE_CURVE_WITH_KNOTS('',3,(#4086,#4087,#4088,#4089,#4090,#4091,
#4092,#4093,#4094,#4095,#4096,#4097,#4098,#4099,#4100,#4101,#4102,#4103,
#4104,#4105,#4106,#4107,#4108,#4109,#4110,#4111,#4112,#4113,#4114,#4115,
#4116,#4117,#4118,#4119),.UNSPECIFIED.,.F.,.F.,(4,3,3,3,3,3,3,3,3,3,3,4),
(1.97454029086088E-5,0.230855161973638,0.470410888608742,0.695543825695846,
0.709966615243845,0.935593153681197,1.06393049709335,1.3395826376404,1.41048190767904,
1.67841959167685,1.94033323915284,2.06757392864933),.UNSPECIFIED.);
#91=B_SPLINE_CURVE_WITH_KNOTS('',3,(#4123,#4124,#4125,#4126,#4127,#4128,
#4129,#4130,#4131,#4132,#4133,#4134,#4135,#4136,#4137,#4138,#4139,#4140,
#4141,#4142,#4143,#4144,#4145,#4146,#4147,#4148,#4149,#4150,#4151,#4152,
#4153,#4154,#4155,#4156),.UNSPECIFIED.,.F.,.F.,(4,3,3,3,3,3,3,3,3,3,3,4),
(1.86368217082677E-5,0.23253738359223,0.464455434824763,0.655130079027416,
0.88682472997937,1.03805480312458,1.26815375267699,1.35669424011585,1.58506373229326,
1.81506403304407,2.04706491317786,2.07056331439552),.UNSPECIFIED.);
#92=B_SPLINE_CURVE_WITH_KNOTS('',3,(#4158,#4159,#4160,#4161,#4162,#4163,
#4164,#4165,#4166,#4167,#4168,#4169,#4170,#4171,#4172,#4173,#4174,#4175,
#4176,#4177,#4178,#4179,#4180,#4181,#4182,#4183,#4184,#4185,#4186,#4187,
#4188,#4189,#4190,#4191),.UNSPECIFIED.,.F.,.F.,(4,3,3,3,3,3,3,3,3,3,3,4),
(1.9745402908294E-5,0.230854667094463,0.470410641169064,0.695542921608337,
0.709966615243665,0.935592818559794,1.06393049709334,1.3395817959452,1.41048190767904,
1.67842108926646,1.94033615026634,2.06757392864932),.UNSPECIFIED.);
#93=B_SPLINE_CURVE_WITH_KNOTS('',3,(#4195,#4196,#4197,#4198,#4199,#4200,
#4201,#4202,#4203,#4204,#4205,#4206,#4207,#4208,#4209,#4210,#4211,#4212,
#4213,#4214,#4215,#4216,#4217,#4218,#4219,#4220,#4221,#4222,#4223,#4224,
#4225,#4226,#4227,#4228),.UNSPECIFIED.,.F.,.F.,(4,3,3,3,3,3,3,3,3,3,3,4),
(1.8636821707992E-5,0.232536535374535,0.464453685024074,0.655130079027415,
0.886824788171817,1.03805480312458,1.26815392785218,1.35669424011586,1.58506510426011,
1.81506668939242,2.04706866556368,2.07056331439552),.UNSPECIFIED.);
#94=B_SPLINE_CURVE_WITH_KNOTS('',3,(#4230,#4231,#4232,#4233,#4234,#4235,
#4236,#4237,#4238,#4239,#4240,#4241,#4242,#4243,#4244,#4245,#4246,#4247,
#4248,#4249,#4250,#4251,#4252,#4253,#4254,#4255,#4256,#4257,#4258,#4259,
#4260,#4261,#4262,#4263),.UNSPECIFIED.,.F.,.F.,(4,3,3,3,3,3,3,3,3,3,3,4),
(1.97454029078184E-5,0.230854745237216,0.470410680240527,0.695543064170217,
0.709966615243838,0.935592872307366,1.06393049709336,1.33958193128605,1.41048190767906,
1.67842085022524,1.94033568545835,2.06757392864935),.UNSPECIFIED.);
#95=B_SPLINE_CURVE_WITH_KNOTS('',3,(#4267,#4268,#4269,#4270,#4271,#4272,
#4273,#4274,#4275,#4276,#4277,#4278,#4279,#4280,#4281,#4282,#4283,#4284,
#4285,#4286,#4287,#4288,#4289,#4290,#4291,#4292,#4293,#4294,#4295,#4296,
#4297,#4298,#4299,#4300),.UNSPECIFIED.,.F.,.F.,(4,3,3,3,3,3,3,3,3,3,3,4),
(1.86368217081712E-5,0.232536180848134,0.464452954178114,0.655130079027416,
0.88682481195681,1.03805480312458,1.26815399895565,1.35669424011587,1.58506567939476,
1.81506780296173,2.04707023866026,2.07056331439553),.UNSPECIFIED.);
#96=B_SPLINE_CURVE_WITH_KNOTS('',3,(#4302,#4303,#4304,#4305,#4306,#4307,
#4308,#4309,#4310,#4311,#4312,#4313,#4314,#4315,#4316,#4317,#4318,#4319,
#4320,#4321,#4322,#4323,#4324,#4325,#4326,#4327,#4328,#4329,#4330,#4331,
#4332,#4333,#4334,#4335),.UNSPECIFIED.,.F.,.F.,(4,3,3,3,3,3,3,3,3,3,3,4),
(1.97454029091981E-5,0.230855563652269,0.470411089448055,0.695544561595976,
0.709966615243842,0.935593416868661,1.06393049709334,1.33958329506394,1.41048190767903,
1.67841840334289,1.94033093076343,2.06757392864931),.UNSPECIFIED.);
#97=B_SPLINE_CURVE_WITH_KNOTS('',3,(#4339,#4340,#4341,#4342,#4343,#4344,
#4345,#4346,#4347,#4348,#4349,#4350,#4351,#4352,#4353,#4354,#4355,#4356,
#4357,#4358,#4359,#4360,#4361,#4362,#4363,#4364,#4365,#4366,#4367,#4368,
#4369,#4370,#4371,#4372),.UNSPECIFIED.,.F.,.F.,(4,3,3,3,3,3,3,3,3,3,3,4),
(1.86368217081235E-5,0.232536352400191,0.464453307791224,0.655130079027419,
0.886824800487266,1.03805480312459,1.26815396469716,1.35669424011589,1.58506540097289,
1.81506726388358,2.04706947712075,2.07056331439557),.UNSPECIFIED.);
#98=B_SPLINE_CURVE_WITH_KNOTS('',3,(#4374,#4375,#4376,#4377,#4378,#4379,
#4380,#4381,#4382,#4383,#4384,#4385,#4386,#4387,#4388,#4389,#4390,#4391,
#4392,#4393,#4394,#4395,#4396,#4397,#4398,#4399,#4400,#4401,#4402,#4403,
#4404,#4405,#4406,#4407),.UNSPECIFIED.,.F.,.F.,(4,3,3,3,3,3,3,3,3,3,3,4),
(1.97454029094072E-5,0.230855556280923,0.470411085762381,0.695544548076031,
0.709966615243839,0.935593412106955,1.06393049709333,1.33958328319982,1.41048190767902,
1.67841842493653,1.94033097270562,2.0675739286493),.UNSPECIFIED.);
#99=B_SPLINE_CURVE_WITH_KNOTS('',3,(#4411,#4412,#4413,#4414,#4415,#4416,
#4417,#4418,#4419,#4420,#4421,#4422,#4423,#4424,#4425,#4426,#4427,#4428,
#4429,#4430,#4431,#4432,#4433,#4434,#4435,#4436,#4437,#4438,#4439,#4440,
#4441,#4442,#4443,#4444),.UNSPECIFIED.,.F.,.F.,(4,3,3,3,3,3,3,3,3,3,3,4),
(1.86368217081386E-5,0.232536756555099,0.46445414113368,0.655130079027417,
0.886824773177003,1.03805480312458,1.26815388287547,1.35669424011588,1.58506474593634,
1.81506599561608,2.0470676855079,2.07056331439554),.UNSPECIFIED.);
#100=B_SPLINE_CURVE_WITH_KNOTS('',3,(#4446,#4447,#4448,#4449,#4450,#4451,
#4452,#4453,#4454,#4455,#4456,#4457,#4458,#4459,#4460,#4461,#4462,#4463,
#4464,#4465,#4466,#4467,#4468,#4469,#4470,#4471,#4472,#4473,#4474,#4475,
#4476,#4477,#4478,#4479),.UNSPECIFIED.,.F.,.F.,(4,3,3,3,3,3,3,3,3,3,3,4),
(1.97454029085294E-5,0.230855427847129,0.470411021545489,0.695544312592936,
0.70996661524385,0.935593328736868,1.06393049709336,1.33958307527269,1.41048190767905,
1.67841880248707,1.94033170596366,2.06757392864934),.UNSPECIFIED.);
#101=B_SPLINE_CURVE_WITH_KNOTS('',3,(#4483,#4484,#4485,#4486,#4487,#4488,
#4489,#4490,#4491,#4492,#4493,#4494,#4495,#4496,#4497,#4498,#4499,#4500,
#4501,#4502,#4503,#4504,#4505,#4506,#4507,#4508,#4509,#4510,#4511,#4512,
#4513,#4514,#4515,#4516),.UNSPECIFIED.,.F.,.F.,(4,3,3,3,3,3,3,3,3,3,3,4),
(1.97454029091403E-5,0.230855040294697,0.47041082776927,0.695543603131435,
0.709966615243842,0.935593072424918,1.06393049709334,1.33958243402476,1.41048190767903,
1.67841995637683,1.94033394787638,2.06757392864931),.UNSPECIFIED.);
#102=B_SPLINE_CURVE_WITH_KNOTS('',3,(#4519,#4520,#4521,#4522,#4523,#4524,
#4525,#4526,#4527,#4528,#4529,#4530,#4531,#4532,#4533,#4534,#4535,#4536,
#4537,#4538,#4539,#4540,#4541,#4542,#4543,#4544,#4545,#4546,#4547,#4548,
#4549,#4550,#4551,#4552),.UNSPECIFIED.,.F.,.F.,(4,3,3,3,3,3,3,3,3,3,3,4),
(1.86368217081651E-5,0.232537166857224,0.464454987551776,0.655130079027415,
0.886824745028801,1.03805480312458,1.26815379814331,1.35669424011584,1.58506408228147,
1.81506471067343,2.04706587038404,2.07056331439553),.UNSPECIFIED.);
#103=B_SPLINE_CURVE_WITH_KNOTS('',3,(#4555,#4556,#4557,#4558,#4559,#4560,
#4561,#4562,#4563,#4564,#4565,#4566,#4567,#4568,#4569,#4570,#4571,#4572,
#4573,#4574,#4575,#4576,#4577,#4578,#4579,#4580,#4581,#4582,#4583,#4584,
#4585,#4586,#4587,#4588),.UNSPECIFIED.,.F.,.F.,(4,3,3,3,3,3,3,3,3,3,3,4),
(1.86368217081843E-5,0.23253634375261,0.464453289964704,0.655130079027418,
0.886824801066297,1.03805480312459,1.26815396643093,1.35669424011588,1.585065415003,
1.81506729104811,2.04706951549568,2.07056331439556),.UNSPECIFIED.);
#104=B_SPLINE_CURVE_WITH_KNOTS('',3,(#4590,#4591,#4592,#4593,#4594,#4595,
#4596,#4597,#4598,#4599,#4600,#4601,#4602,#4603,#4604,#4605,#4606,#4607,
#4608,#4609,#4610,#4611,#4612,#4613,#4614,#4615,#4616,#4617,#4618,#4619,
#4620,#4621,#4622,#4623),.UNSPECIFIED.,.F.,.F.,(4,3,3,3,3,3,3,3,3,3,3,4),
(1.9745402908507E-5,0.230854944139758,0.470410779691805,0.695543427377866,
0.709966615243851,0.935593007693581,1.06393049709336,1.33958227160089,1.41048190767906,
1.6784202461766,1.94033451113584,2.06757392864935),.UNSPECIFIED.);
#105=B_SPLINE_CURVE_WITH_KNOTS('',3,(#4627,#4628,#4629,#4630,#4631,#4632,
#4633,#4634,#4635,#4636,#4637,#4638,#4639,#4640,#4641,#4642,#4643,#4644,
#4645,#4646,#4647,#4648,#4649,#4650,#4651,#4652,#4653,#4654,#4655,#4656,
#4657,#4658,#4659,#4660),.UNSPECIFIED.,.F.,.F.,(4,3,3,3,3,3,3,3,3,3,3,4),
(1.97454029081664E-5,0.230855631356655,0.470411123300251,0.695544685809558,
0.709966615243848,0.935593460488769,1.06393049709335,1.33958340370737,1.41048190767904,
1.67841820532865,1.94033054625543,2.06757392864933),.UNSPECIFIED.);
#106=B_SPLINE_CURVE_WITH_KNOTS('',3,(#4663,#4664,#4665,#4666,#4667,#4668,
#4669,#4670,#4671,#4672,#4673,#4674,#4675,#4676,#4677,#4678,#4679,#4680,
#4681,#4682,#4683,#4684,#4685,#4686,#4687,#4688,#4689,#4690,#4691,#4692,
#4693,#4694,#4695,#4696),.UNSPECIFIED.,.F.,.F.,(4,3,3,3,3,3,3,3,3,3,3,4),
(1.86368217085481E-5,0.232536206394345,0.464453006829208,0.655130079027414,
0.886824810253669,1.03805480312457,1.26815399387198,1.35669424011586,1.58506563792339,
1.81506772266548,2.04707012522758,2.07056331439551),.UNSPECIFIED.);
#107=B_SPLINE_CURVE_WITH_KNOTS('',3,(#4746,#4747,#4748,#4749,#4750,#4751,
#4752,#4753,#4754,#4755,#4756,#4757,#4758,#4759,#4760,#4761,#4762,#4763,
#4764,#4765,#4766,#4767,#4768,#4769,#4770),.UNSPECIFIED.,.F.,.F.,(4,3,3,
3,3,3,3,3,4),(0.0618153227985389,0.163312299274047,0.265927335485504,0.369823196909121,
0.416726779492617,0.519366494203215,0.62225307709861,0.724742980212988,
0.759528041029952),.UNSPECIFIED.);
#108=B_SPLINE_CURVE_WITH_KNOTS('',3,(#4772,#4773,#4774,#4775,#4776,#4777,
#4778,#4779,#4780,#4781,#4782,#4783,#4784,#4785,#4786,#4787,#4788,#4789,
#4790,#4791,#4792,#4793,#4794,#4795,#4796,#4797,#4798,#4799,#4800,#4801,
#4802,#4803,#4804,#4805,#4806,#4807,#4808),.UNSPECIFIED.,.F.,.F.,(4,3,3,
3,3,3,3,3,3,3,3,3,4),(0.0258104477120902,0.201686336675803,0.378532035100652,
0.556627016397635,0.703431741205641,0.703431916498592,0.911671887472839,
1.05588327011008,1.28189217841232,1.41277488583437,1.6424144569763,1.87914622457351,
2.11587799217071),.UNSPECIFIED.);
#109=B_SPLINE_CURVE_WITH_KNOTS('',3,(#4809,#4810,#4811,#4812,#4813,#4814),
 .UNSPECIFIED.,.F.,.F.,(4,2,4),(0.0467057468908069,0.286751902311984,0.466823578494668),
 .UNSPECIFIED.);
#110=B_SPLINE_CURVE_WITH_KNOTS('',3,(#4818,#4819,#4820,#4821,#4822,#4823,
#4824,#4825,#4826,#4827,#4828,#4829,#4830,#4831,#4832,#4833,#4834,#4835,
#4836,#4837,#4838,#4839,#4840,#4841,#4842,#4843,#4844,#4845,#4846,#4847,
#4848,#4849,#4850,#4851),.UNSPECIFIED.,.F.,.F.,(4,3,3,3,3,3,3,3,3,3,3,4),
(0.0162025760488817,0.3062652831618,0.587651320924913,0.732349486726211,
0.982433831815973,1.09028782556326,1.29221754325301,1.44466366381656,1.63402942881689,
1.82380373577823,2.01413346475294,2.11428733701455),.UNSPECIFIED.);
#111=B_SPLINE_CURVE_WITH_KNOTS('',3,(#4855,#4856,#4857,#4858,#4859,#4860,
#4861,#4862,#4863,#4864,#4865,#4866,#4867,#4868,#4869,#4870,#4871,#4872,
#4873,#4874,#4875,#4876),.UNSPECIFIED.,.F.,.F.,(4,3,3,3,3,3,3,4),(0.0777251385994129,
0.194144428663957,0.311003199854332,0.427554758617023,0.464098955958831,
0.576302181959774,0.688594891679743,0.780516724608451),.UNSPECIFIED.);
#112=B_SPLINE_CURVE_WITH_KNOTS('',3,(#4878,#4879,#4880,#4881,#4882,#4883),
 .UNSPECIFIED.,.F.,.F.,(4,2,4),(0.140135888898603,0.303730996545526,0.561046212838817),
 .UNSPECIFIED.);
#113=B_SPLINE_CURVE_WITH_KNOTS('',3,(#4934,#4935,#4936,#4937,#4938,#4939,
#4940,#4941,#4942,#4943,#4944,#4945,#4946,#4947,#4948,#4949,#4950,#4951,
#4952,#4953,#4954,#4955,#4956,#4957,#4958,#4959,#4960,#4961,#4962,#4963,
#4964,#4965,#4966,#4967,#4968,#4969,#4970),.UNSPECIFIED.,.F.,.F.,(4,3,3,
3,3,3,3,3,3,3,3,3,4),(0.0258104477120891,0.201686211997837,0.378531805355758,
0.556626713378189,0.703431741205644,0.703431916498595,0.911671927233001,
1.05588327011009,1.28189233427692,1.41277488583439,1.64241470813431,1.87914635015253,
2.11587799217075),.UNSPECIFIED.);
#114=B_SPLINE_CURVE_WITH_KNOTS('',3,(#4971,#4972,#4973,#4974,#4975,#4976),
 .UNSPECIFIED.,.F.,.F.,(4,2,4),(0.0467076632283738,0.303677985195353,0.4669018633209),
 .UNSPECIFIED.);
#115=B_SPLINE_CURVE_WITH_KNOTS('',3,(#4977,#4978,#4979,#4980,#4981,#4982),
 .UNSPECIFIED.,.F.,.F.,(4,2,4),(0.227505219606395,0.497484406315599,0.925068163881146),
 .UNSPECIFIED.);
#116=B_SPLINE_CURVE_WITH_KNOTS('',3,(#4986,#4987,#4988,#4989,#4990,#4991),
 .UNSPECIFIED.,.F.,.F.,(4,2,4),(0.140135888898603,0.303730996545524,0.561046212838814),
 .UNSPECIFIED.);
#117=B_SPLINE_CURVE_WITH_KNOTS('',3,(#4994,#4995,#4996,#4997,#4998,#4999),
 .UNSPECIFIED.,.F.,.F.,(4,2,4),(0.0777269236426439,0.478194064797602,0.78058879279935),
 .UNSPECIFIED.);
#118=B_SPLINE_CURVE_WITH_KNOTS('',3,(#5002,#5003,#5004,#5005,#5006,#5007,
#5008,#5009,#5010,#5011,#5012,#5013,#5014,#5015,#5016,#5017,#5018,#5019,
#5020,#5021,#5022,#5023,#5024,#5025,#5026,#5027,#5028,#5029,#5030,#5031,
#5032,#5033,#5034,#5035),.UNSPECIFIED.,.F.,.F.,(4,3,3,3,3,3,3,3,3,3,3,4),
(0.0162025760488813,0.306265318314879,0.587651387805052,0.732349486726203,
0.982433818242745,1.09028782556324,1.2922175406951,1.44466366381654,1.63402943034632,
1.82380373921452,2.01413347058212,2.11428733701453),.UNSPECIFIED.);
#119=B_SPLINE_CURVE_WITH_KNOTS('',3,(#5063,#5064,#5065,#5066,#5067,#5068,
#5069,#5070,#5071,#5072,#5073,#5074,#5075,#5076,#5077,#5078,#5079,#5080,
#5081,#5082,#5083,#5084,#5085,#5086,#5087,#5088,#5089,#5090,#5091,#5092,
#5093,#5094,#5095,#5096),.UNSPECIFIED.,.F.,.F.,(4,3,3,3,3,3,3,3,3,3,3,4),
(0.0162025760488825,0.306275593221227,0.587670945411661,0.732349486726203,
0.982429888945389,1.09028782556325,1.29221679942776,1.44466366381654,1.63402987246923,
1.82380473126172,2.01413514946447,2.11428733701452),.UNSPECIFIED.);
#120=B_SPLINE_CURVE_WITH_KNOTS('',3,(#5100,#5101,#5102,#5103,#5104,#5105,
#5106,#5107,#5108,#5109,#5110,#5111,#5112,#5113,#5114,#5115,#5116,#5117,
#5118,#5119,#5120,#5121,#5122,#5123,#5124,#5125,#5126,#5127,#5128,#5129,
#5130,#5131,#5132,#5133,#5134,#5135,#5136),.UNSPECIFIED.,.F.,.F.,(4,3,3,
3,3,3,3,3,3,3,3,3,4),(0.0258104477120901,0.201686034547218,0.378531478213869,
0.556626281650557,0.703431741205643,0.703431916498593,0.911671982826694,
1.05588327011008,1.28189254978388,1.41277488583438,1.64241507665103,1.87914653441087,
2.11587799217072),.UNSPECIFIED.);
#121=B_SPLINE_CURVE_WITH_KNOTS('',3,(#5139,#5140,#5141,#5142,#5143,#5144),
 .UNSPECIFIED.,.F.,.F.,(4,2,4),(0.0777305959283302,0.506735148186274,0.780725241131798),
 .UNSPECIFIED.);
#122=B_SPLINE_CURVE_WITH_KNOTS('',3,(#5145,#5146,#5147,#5148,#5149,#5150),
 .UNSPECIFIED.,.F.,.F.,(4,2,4),(0.227505219606396,0.4974844063156,0.925068163881142),
 .UNSPECIFIED.);
#123=B_SPLINE_CURVE_WITH_KNOTS('',3,(#5152,#5153,#5154,#5155,#5156,#5157),
 .UNSPECIFIED.,.F.,.F.,(4,2,4),(0.140135888898603,0.303730996545525,0.561046212838817),
 .UNSPECIFIED.);
#124=B_SPLINE_CURVE_WITH_KNOTS('',3,(#5158,#5159,#5160,#5161,#5162,#5163),
 .UNSPECIFIED.,.F.,.F.,(4,2,4),(0.0467076632283739,0.303677985195352,0.466901863320893),
 .UNSPECIFIED.);
#125=B_SPLINE_CURVE_WITH_KNOTS('',3,(#5238,#5239,#5240,#5241,#5242,#5243,
#5244,#5245,#5246,#5247,#5248,#5249,#5250,#5251,#5252,#5253,#5254,#5255,
#5256,#5257,#5258,#5259,#5260,#5261,#5262,#5263,#5264,#5265,#5266,#5267,
#5268,#5269,#5270,#5271),.UNSPECIFIED.,.F.,.F.,(4,3,3,3,3,3,3,3,3,3,3,4),
(0.0162025760488828,0.306273196557956,0.587666382179522,0.732349486726207,
0.982430798460088,1.09028782556325,1.29221697114444,1.44466366381655,1.63402977023625,
1.823804502143,2.01413476255723,2.11428733701453),.UNSPECIFIED.);
#126=B_SPLINE_CURVE_WITH_KNOTS('',3,(#5272,#5273,#5274,#5275,#5276,#5277),
 .UNSPECIFIED.,.F.,.F.,(4,2,4),(0.0777305959283301,0.506735148186284,0.780725241131816),
 .UNSPECIFIED.);
#127=B_SPLINE_CURVE_WITH_KNOTS('',3,(#5278,#5279,#5280,#5281,#5282,#5283),
 .UNSPECIFIED.,.F.,.F.,(4,2,4),(0.140135888898603,0.303730996545521,0.561046212838804),
 .UNSPECIFIED.);
#128=B_SPLINE_CURVE_WITH_KNOTS('',3,(#5310,#5311,#5312,#5313,#5314,#5315,
#5316,#5317,#5318,#5319,#5320,#5321,#5322,#5323,#5324,#5325,#5326,#5327,
#5328,#5329,#5330,#5331,#5332,#5333,#5334,#5335,#5336,#5337,#5338,#5339,
#5340,#5341,#5342,#5343,#5344,#5345,#5346),.UNSPECIFIED.,.F.,.F.,(4,3,3,
3,3,3,3,3,3,3,3,3,4),(0.0258104477120895,0.201686086678121,0.378531574338225,
0.556626408534941,0.703431741205642,0.703431916498592,0.911671966613983,
1.05588327011008,1.28189248723549,1.41277488583438,1.64241496706293,1.87914647961683,
2.11587799217072),.UNSPECIFIED.);
#129=B_SPLINE_CURVE_WITH_KNOTS('',3,(#5347,#5348,#5349,#5350,#5351,#5352),
 .UNSPECIFIED.,.F.,.F.,(4,2,4),(0.0467076632283738,0.303677985195352,0.466901863320894),
 .UNSPECIFIED.);
#130=B_SPLINE_CURVE_WITH_KNOTS('',3,(#5353,#5354,#5355,#5356,#5357,#5358),
 .UNSPECIFIED.,.F.,.F.,(4,2,4),(0.227505219606394,0.497484406315599,0.925068163881148),
 .UNSPECIFIED.);
#131=B_SPLINE_CURVE_WITH_KNOTS('',3,(#5367,#5368,#5369,#5370,#5371,#5372,
#5373,#5374,#5375,#5376,#5377,#5378,#5379,#5380,#5381,#5382,#5383,#5384,
#5385,#5386,#5387,#5388,#5389,#5390,#5391,#5392,#5393,#5394,#5395,#5396,
#5397,#5398,#5399,#5400),.UNSPECIFIED.,.F.,.F.,(4,3,3,3,3,3,3,3,3,3,3,4),
(0.0162025760488829,0.306268566119466,0.587657568183486,0.732349486726201,
0.982432567822581,1.09028782556324,1.29221730496368,1.44466366381653,1.63402957117026,
1.82380405552564,2.01413400689863,2.11428733701451),.UNSPECIFIED.);
#132=B_SPLINE_CURVE_WITH_KNOTS('',3,(#5404,#5405,#5406,#5407,#5408,#5409,
#5410,#5411,#5412,#5413,#5414,#5415,#5416,#5417,#5418,#5419,#5420,#5421,
#5422,#5423,#5424,#5425,#5426,#5427,#5428,#5429,#5430,#5431,#5432,#5433,
#5434,#5435,#5436,#5437,#5438,#5439,#5440),.UNSPECIFIED.,.F.,.F.,(4,3,3,
3,3,3,3,3,3,3,3,3,4),(0.025810447712089,0.201686220088382,0.378531820267258,
0.556626733050366,0.703431741205644,0.703431916498593,0.911671924669717,
1.05588327011009,1.28189232427453,1.41277488583439,1.64241469164345,1.87914634190709,
2.11587799217074),.UNSPECIFIED.);
#133=B_SPLINE_CURVE_WITH_KNOTS('',3,(#5443,#5444,#5445,#5446,#5447,#5448),
 .UNSPECIFIED.,.F.,.F.,(4,2,4),(0.077730595928329,0.50673514818627,0.780725241131793),
 .UNSPECIFIED.);
#134=B_SPLINE_CURVE_WITH_KNOTS('',3,(#5449,#5450,#5451,#5452,#5453,#5454),
 .UNSPECIFIED.,.F.,.F.,(4,2,4),(0.227505219606394,0.49748440631559,0.925068163881106),
 .UNSPECIFIED.);
#135=B_SPLINE_CURVE_WITH_KNOTS('',3,(#5456,#5457,#5458,#5459,#5460,#5461),
 .UNSPECIFIED.,.F.,.F.,(4,2,4),(0.140135888898604,0.303730996545528,0.561046212838827),
 .UNSPECIFIED.);
#136=B_SPLINE_CURVE_WITH_KNOTS('',3,(#5462,#5463,#5464,#5465,#5466,#5467),
 .UNSPECIFIED.,.F.,.F.,(4,2,4),(0.0467076632283738,0.303677985195352,0.466901863320894),
 .UNSPECIFIED.);
#137=B_SPLINE_CURVE_WITH_KNOTS('',3,(#5542,#5543,#5544,#5545,#5546,#5547,
#5548,#5549,#5550,#5551,#5552,#5553,#5554,#5555,#5556,#5557,#5558,#5559,
#5560,#5561,#5562,#5563,#5564,#5565,#5566,#5567,#5568,#5569,#5570,#5571,
#5572,#5573,#5574,#5575),.UNSPECIFIED.,.F.,.F.,(4,3,3,3,3,3,3,3,3,3,3,4),
(0.0162025760488801,0.306264271095723,0.587649395333143,0.732349486726203,
0.982434223045302,1.09028782556325,1.29221761697784,1.44466366381654,1.6340293847316,
1.82380363669617,2.01413329656611,2.11428733701452),.UNSPECIFIED.);
#138=B_SPLINE_CURVE_WITH_KNOTS('',3,(#5576,#5577,#5578,#5579,#5580,#5581,
#5582,#5583,#5584,#5585,#5586,#5587,#5588,#5589,#5590,#5591,#5592,#5593,
#5594,#5595,#5596,#5597),.UNSPECIFIED.,.F.,.F.,(4,3,3,3,3,3,3,4),(0.0777223233455964,
0.194401347726467,0.311508462718569,0.428325291569083,0.441558990941094,
0.553591840669405,0.666992285425712,0.780392730182018),.UNSPECIFIED.);
#139=B_SPLINE_CURVE_WITH_KNOTS('',3,(#5598,#5599,#5600,#5601,#5602,#5603),
 .UNSPECIFIED.,.F.,.F.,(4,2,4),(0.140135888898604,0.303730996545528,0.561046212838828),
 .UNSPECIFIED.);
#140=B_SPLINE_CURVE_WITH_KNOTS('',3,(#5630,#5631,#5632,#5633,#5634,#5635,
#5636,#5637,#5638,#5639,#5640,#5641,#5642,#5643,#5644,#5645,#5646,#5647,
#5648,#5649,#5650,#5651,#5652,#5653,#5654,#5655,#5656,#5657,#5658,#5659,
#5660,#5661,#5662,#5663,#5664,#5665,#5666),.UNSPECIFIED.,.F.,.F.,(4,3,3,
3,3,3,3,3,3,3,3,3,4),(0.0258104477120894,0.201686377712872,0.37853211069877,
0.556627116076837,0.703431741205642,0.703431916498593,0.911671874259308,
1.05588327011008,1.28189212629426,1.41277488583438,1.64241437574063,1.87914618395568,
2.11587799217073),.UNSPECIFIED.);
#141=B_SPLINE_CURVE_WITH_KNOTS('',3,(#5667,#5668,#5669,#5670,#5671,#5672),
 .UNSPECIFIED.,.F.,.F.,(4,2,4),(0.046707663228374,0.303677985195353,0.466901863320897),
 .UNSPECIFIED.);
#142=B_SPLINE_CURVE_WITH_KNOTS('',3,(#5673,#5674,#5675,#5676,#5677,#5678,
#5679,#5680,#5681,#5682,#5683,#5684,#5685,#5686,#5687,#5688,#5689,#5690,
#5691,#5692,#5693,#5694,#5695,#5696,#5697),.UNSPECIFIED.,.F.,.F.,(4,3,3,
3,3,3,3,3,4),(0.0923307984328599,0.194317985798461,0.297436653489149,0.401826231794466,
0.431703381857781,0.53435645586735,0.637300214918137,0.739884456916543,
0.79001692375457),.UNSPECIFIED.);
#143=B_SPLINE_CURVE_WITH_KNOTS('',3,(#5706,#5707,#5708,#5709,#5710,#5711,
#5712,#5713,#5714,#5715,#5716,#5717,#5718,#5719,#5720,#5721,#5722,#5723,
#5724,#5725,#5726,#5727,#5728,#5729,#5730,#5731,#5732,#5733,#5734,#5735,
#5736,#5737,#5738,#5739),.UNSPECIFIED.,.F.,.F.,(4,3,3,3,3,3,3,3,3,3,3,4),
(0.0162025760488809,0.306267669695958,0.587655862197958,0.73234948672619,
0.982432912182148,1.09028782556322,1.29221736989756,1.44466366381651,1.63402953239994,
1.82380396847033,2.01413385938525,2.11428733701447),.UNSPECIFIED.);
#144=B_SPLINE_CURVE_WITH_KNOTS('',3,(#5743,#5744,#5745,#5746,#5747,#5748,
#5749,#5750,#5751,#5752,#5753,#5754,#5755,#5756,#5757,#5758,#5759,#5760,
#5761,#5762,#5763,#5764,#5765,#5766,#5767,#5768,#5769,#5770,#5771,#5772,
#5773,#5774,#5775,#5776,#5777,#5778,#5779),.UNSPECIFIED.,.F.,.F.,(4,3,3,
3,3,3,3,3,3,3,3,3,4),(0.0258104477120884,0.201686150700198,0.378531692371172,
0.556626564305396,0.703431741205642,0.703431916498591,0.911671946568106,
1.05588327011008,1.28189240955241,1.41277488583438,1.64241483397795,1.87914641307434,
2.11587799217073),.UNSPECIFIED.);
#145=B_SPLINE_CURVE_WITH_KNOTS('',3,(#5782,#5783,#5784,#5785,#5786,#5787),
 .UNSPECIFIED.,.F.,.F.,(4,2,4),(0.0777305959283295,0.506735148186285,0.780725241131817),
 .UNSPECIFIED.);
#146=B_SPLINE_CURVE_WITH_KNOTS('',3,(#5788,#5789,#5790,#5791,#5792,#5793),
 .UNSPECIFIED.,.F.,.F.,(4,2,4),(0.227505219606394,0.497484406315595,0.925068163881136),
 .UNSPECIFIED.);
#147=B_SPLINE_CURVE_WITH_KNOTS('',3,(#5795,#5796,#5797,#5798,#5799,#5800),
 .UNSPECIFIED.,.F.,.F.,(4,2,4),(0.140135888898603,0.303730996545527,0.561046212838823),
 .UNSPECIFIED.);
#148=B_SPLINE_CURVE_WITH_KNOTS('',3,(#5801,#5802,#5803,#5804,#5805,#5806),
 .UNSPECIFIED.,.F.,.F.,(4,2,4),(0.0467076632283744,0.303677985195354,0.466901863320897),
 .UNSPECIFIED.);
#149=B_SPLINE_CURVE_WITH_KNOTS('',3,(#5881,#5882,#5883,#5884,#5885,#5886,
#5887,#5888,#5889,#5890,#5891,#5892,#5893,#5894,#5895,#5896,#5897,#5898,
#5899,#5900,#5901,#5902,#5903,#5904,#5905,#5906,#5907,#5908,#5909,#5910,
#5911,#5912,#5913,#5914),.UNSPECIFIED.,.F.,.F.,(4,3,3,3,3,3,3,3,3,3,3,4),
(0.0162025760488816,0.306276029035751,0.587671775290201,0.732349486726204,
0.982429724025195,1.09028782556325,1.29221676828203,1.44466366381655,1.63402989099954,
1.82380477277349,2.01413521950793,2.11428733701454),.UNSPECIFIED.);
#150=B_SPLINE_CURVE_WITH_KNOTS('',3,(#5915,#5916,#5917,#5918,#5919,#5920),
 .UNSPECIFIED.,.F.,.F.,(4,2,4),(0.0777305959283303,0.506735148186288,0.780725241131819),
 .UNSPECIFIED.);
#151=B_SPLINE_CURVE_WITH_KNOTS('',3,(#5921,#5922,#5923,#5924,#5925,#5926),
 .UNSPECIFIED.,.F.,.F.,(4,2,4),(0.140135888898602,0.303730996545524,0.561046212838811),
 .UNSPECIFIED.);
#152=B_SPLINE_CURVE_WITH_KNOTS('',3,(#5953,#5954,#5955,#5956,#5957,#5958,
#5959,#5960,#5961,#5962,#5963,#5964,#5965,#5966,#5967,#5968,#5969,#5970,
#5971,#5972,#5973,#5974,#5975,#5976,#5977,#5978,#5979,#5980,#5981,#5982,
#5983,#5984,#5985,#5986,#5987,#5988,#5989),.UNSPECIFIED.,.F.,.F.,(4,3,3,
3,3,3,3,3,3,3,3,3,4),(0.0258104477120888,0.201686012680217,0.378531437886402,
0.556626228411287,0.703431741205643,0.703431916498593,0.911671989598391,
1.05588327011008,1.28189257583751,1.41277488583438,1.64241512295166,1.87914655756119,
2.11587799217072),.UNSPECIFIED.);
#153=B_SPLINE_CURVE_WITH_KNOTS('',3,(#5990,#5991,#5992,#5993,#5994,#5995),
 .UNSPECIFIED.,.F.,.F.,(4,2,4),(0.0467076632283741,0.303677985195352,0.466901863320899),
 .UNSPECIFIED.);
#154=B_SPLINE_CURVE_WITH_KNOTS('',3,(#5996,#5997,#5998,#5999,#6000,#6001),
 .UNSPECIFIED.,.F.,.F.,(4,2,4),(0.227505219606396,0.497484406315596,0.925068163881135),
 .UNSPECIFIED.);
#155=B_SPLINE_CURVE_WITH_KNOTS('',3,(#6010,#6011,#6012,#6013,#6014,#6015,
#6016,#6017,#6018,#6019,#6020,#6021,#6022,#6023,#6024,#6025,#6026,#6027,
#6028,#6029,#6030,#6031,#6032,#6033,#6034,#6035,#6036,#6037,#6038,#6039,
#6040,#6041,#6042,#6043),.UNSPECIFIED.,.F.,.F.,(4,3,3,3,3,3,3,3,3,3,3,4),
(0.0162025760488813,0.306275265212113,0.587670320836899,0.732349486726189,
0.982430013165614,1.09028782556322,1.29221682288527,1.44466366381651,1.63402985851131,
1.82380469998919,2.01413509668802,2.11428733701448),.UNSPECIFIED.);
#156=B_SPLINE_CURVE_WITH_KNOTS('',3,(#6047,#6048,#6049,#6050,#6051,#6052,
#6053,#6054,#6055,#6056,#6057,#6058,#6059,#6060,#6061,#6062,#6063,#6064,
#6065,#6066,#6067,#6068,#6069,#6070,#6071,#6072,#6073,#6074,#6075,#6076,
#6077,#6078,#6079,#6080,#6081,#6082,#6083),.UNSPECIFIED.,.F.,.F.,(4,3,3,
3,3,3,3,3,3,3,3,3,4),(0.0258104477120894,0.201686041584968,0.37853149119074,
0.556626298782008,0.703431741205643,0.703431916498592,0.911671980643668,
1.05588327011008,1.28189254137654,1.41277488583438,1.64241506179156,1.87914652698115,
2.11587799217073),.UNSPECIFIED.);
#157=B_SPLINE_CURVE_WITH_KNOTS('',3,(#6086,#6087,#6088,#6089,#6090,#6091),
 .UNSPECIFIED.,.F.,.F.,(4,2,4),(0.0777305959283298,0.506735148186288,0.78072524113182),
 .UNSPECIFIED.);
#158=B_SPLINE_CURVE_WITH_KNOTS('',3,(#6092,#6093,#6094,#6095,#6096,#6097),
 .UNSPECIFIED.,.F.,.F.,(4,2,4),(0.227505219606394,0.497484406315598,0.925068163881146),
 .UNSPECIFIED.);
#159=B_SPLINE_CURVE_WITH_KNOTS('',3,(#6099,#6100,#6101,#6102,#6103,#6104),
 .UNSPECIFIED.,.F.,.F.,(4,2,4),(0.140135888898605,0.303730996545525,0.561046212838819),
 .UNSPECIFIED.);
#160=B_SPLINE_CURVE_WITH_KNOTS('',3,(#6105,#6106,#6107,#6108,#6109,#6110),
 .UNSPECIFIED.,.F.,.F.,(4,2,4),(0.0467076632283733,0.30367798519535,0.466901863320887),
 .UNSPECIFIED.);
#161=B_SPLINE_CURVE_WITH_KNOTS('',3,(#6185,#6186,#6187,#6188,#6189,#6190,
#6191,#6192,#6193,#6194,#6195,#6196,#6197,#6198,#6199,#6200,#6201,#6202,
#6203,#6204,#6205,#6206,#6207,#6208,#6209,#6210,#6211,#6212,#6213,#6214,
#6215,#6216,#6217,#6218),.UNSPECIFIED.,.F.,.F.,(4,3,3,3,3,3,3,3,3,3,3,4),
(0.0162025760488817,0.306272119620195,0.587664331962408,0.732349486726203,
0.982431208553476,1.09028782556325,1.29221704854291,1.44466366381654,1.63402972411793,
1.82380439872921,2.01413458776087,2.11428733701451),.UNSPECIFIED.);
#162=B_SPLINE_CURVE_WITH_KNOTS('',3,(#6219,#6220,#6221,#6222,#6223,#6224),
 .UNSPECIFIED.,.F.,.F.,(4,2,4),(0.0777305959283316,0.506735148186265,0.780725241131786),
 .UNSPECIFIED.);
#163=B_SPLINE_CURVE_WITH_KNOTS('',3,(#6225,#6226,#6227,#6228,#6229,#6230),
 .UNSPECIFIED.,.F.,.F.,(4,2,4),(0.140135888898603,0.303730996545522,0.561046212838809),
 .UNSPECIFIED.);
#164=B_SPLINE_CURVE_WITH_KNOTS('',3,(#6257,#6258,#6259,#6260,#6261,#6262,
#6263,#6264,#6265,#6266,#6267,#6268,#6269,#6270,#6271,#6272,#6273,#6274,
#6275,#6276,#6277,#6278,#6279,#6280,#6281,#6282,#6283,#6284,#6285,#6286,
#6287,#6288,#6289,#6290,#6291,#6292,#6293),.UNSPECIFIED.,.F.,.F.,(4,3,3,
3,3,3,3,3,3,3,3,3,4),(0.0258104477120893,0.201686113673151,0.378531624109783,
0.55662647422304,0.703431741205646,0.703431916498595,0.911671958179816,
1.05588327011009,1.28189245459708,1.4127748858344,1.64241491074437,1.87914645145757,
2.11587799217076),.UNSPECIFIED.);
#165=B_SPLINE_CURVE_WITH_KNOTS('',3,(#6294,#6295,#6296,#6297,#6298,#6299),
 .UNSPECIFIED.,.F.,.F.,(4,2,4),(0.0467076632283742,0.303677985195356,0.466901863320903),
 .UNSPECIFIED.);
#166=B_SPLINE_CURVE_WITH_KNOTS('',3,(#6300,#6301,#6302,#6303,#6304,#6305),
 .UNSPECIFIED.,.F.,.F.,(4,2,4),(0.227505219606394,0.497484406315587,0.92506816388112),
 .UNSPECIFIED.);
#167=B_SPLINE_CURVE_WITH_KNOTS('',3,(#6314,#6315,#6316,#6317,#6318,#6319,
#6320,#6321,#6322,#6323,#6324,#6325,#6326,#6327,#6328,#6329,#6330,#6331,
#6332,#6333,#6334,#6335,#6336,#6337,#6338,#6339,#6340,#6341,#6342,#6343,
#6344,#6345,#6346,#6347),.UNSPECIFIED.,.F.,.F.,(4,3,3,3,3,3,3,3,3,3,3,4),
(0.0162025760488822,0.306267423065697,0.587655392861647,0.732349486726201,
0.982433007028985,1.09028782556324,1.29221738778102,1.44466366381654,1.63402952171861,
1.82380394448345,2.01413381872819,2.11428733701451),.UNSPECIFIED.);
#168=B_SPLINE_CURVE_WITH_KNOTS('',3,(#6351,#6352,#6353,#6354,#6355,#6356,
#6357,#6358,#6359,#6360,#6361,#6362,#6363,#6364,#6365,#6366,#6367,#6368,
#6369,#6370,#6371,#6372,#6373,#6374,#6375,#6376,#6377,#6378,#6379,#6380,
#6381,#6382,#6383,#6384,#6385,#6386,#6387),.UNSPECIFIED.,.F.,.F.,(4,3,3,
3,3,3,3,3,3,3,3,3,4),(0.0258104477120901,0.20168625807199,0.378531890267259,
0.556626825387252,0.70343174120564,0.703431916498591,0.911671912606996,
1.05588327011008,1.28189227711013,1.41277488583437,1.6424146145673,1.87914630336901,
2.11587799217071),.UNSPECIFIED.);
#169=B_SPLINE_CURVE_WITH_KNOTS('',3,(#6390,#6391,#6392,#6393,#6394,#6395),
 .UNSPECIFIED.,.F.,.F.,(4,2,4),(0.0777305959283298,0.506735148186274,0.780725241131798),
 .UNSPECIFIED.);
#170=B_SPLINE_CURVE_WITH_KNOTS('',3,(#6396,#6397,#6398,#6399,#6400,#6401),
 .UNSPECIFIED.,.F.,.F.,(4,2,4),(0.227505219606393,0.497484406315595,0.925068163881135),
 .UNSPECIFIED.);
#171=B_SPLINE_CURVE_WITH_KNOTS('',3,(#6403,#6404,#6405,#6406,#6407,#6408),
 .UNSPECIFIED.,.F.,.F.,(4,2,4),(0.140135888898603,0.303730996545527,0.561046212838822),
 .UNSPECIFIED.);
#172=B_SPLINE_CURVE_WITH_KNOTS('',3,(#6409,#6410,#6411,#6412,#6413,#6414),
 .UNSPECIFIED.,.F.,.F.,(4,2,4),(0.0467076632283742,0.303677985195349,0.466901863320886),
 .UNSPECIFIED.);
#173=B_SPLINE_CURVE_WITH_KNOTS('',3,(#6489,#6490,#6491,#6492,#6493,#6494,
#6495,#6496,#6497,#6498,#6499,#6500,#6501,#6502,#6503,#6504,#6505,#6506,
#6507,#6508,#6509,#6510,#6511,#6512,#6513,#6514,#6515,#6516,#6517,#6518,
#6519,#6520,#6521,#6522),.UNSPECIFIED.,.F.,.F.,(4,3,3,3,3,3,3,3,3,3,3,4),
(0.0162025760488815,0.306263274474305,0.587647499264883,0.732349486726197,
0.98243460902137,1.09028782556323,1.2922176896997,1.44466366381653,1.63402934123064,
1.8238035388991,2.0141331304765,2.1142873370145),.UNSPECIFIED.);
#174=B_SPLINE_CURVE_WITH_KNOTS('',3,(#6523,#6524,#6525,#6526,#6527,#6528,
#6529,#6530,#6531,#6532,#6533,#6534,#6535,#6536,#6537,#6538,#6539,#6540,
#6541,#6542,#6543,#6544),.UNSPECIFIED.,.F.,.F.,(4,3,3,3,3,3,3,4),(0.0777227644410538,
0.194360281167166,0.311427655246947,0.428202044649739,0.445116289777058,
0.557177636856629,0.669221710136234,0.780413100957606),.UNSPECIFIED.);
#175=B_SPLINE_CURVE_WITH_KNOTS('',3,(#6545,#6546,#6547,#6548,#6549,#6550),
 .UNSPECIFIED.,.F.,.F.,(4,2,4),(0.140135888898602,0.303730996545521,0.561046212838807),
 .UNSPECIFIED.);
#176=B_SPLINE_CURVE_WITH_KNOTS('',3,(#6577,#6578,#6579,#6580,#6581,#6582,
#6583,#6584,#6585,#6586,#6587,#6588,#6589,#6590,#6591,#6592,#6593,#6594,
#6595,#6596,#6597,#6598,#6599,#6600,#6601,#6602,#6603,#6604,#6605,#6606,
#6607,#6608,#6609,#6610,#6611,#6612,#6613),.UNSPECIFIED.,.F.,.F.,(4,3,3,
3,3,3,3,3,3,3,3,3,4),(0.0258104477120889,0.201686333904324,0.37853202999345,
0.556627009665048,0.70343174120564,0.703431916498591,0.911671888363591,
1.05588327011008,1.28189218191615,1.41277488583438,1.64241446249427,1.87914622733249,
2.11587799217071),.UNSPECIFIED.);
#177=B_SPLINE_CURVE_WITH_KNOTS('',3,(#6614,#6615,#6616,#6617,#6618,#6619),
 .UNSPECIFIED.,.F.,.F.,(4,2,4),(0.0467076632283752,0.30367798519535,0.466901863320891),
 .UNSPECIFIED.);
#178=B_SPLINE_CURVE_WITH_KNOTS('',3,(#6620,#6621,#6622,#6623,#6624,#6625),
 .UNSPECIFIED.,.F.,.F.,(4,2,4),(0.149568326399382,0.459814409699584,0.847273262779387),
 .UNSPECIFIED.);
#179=B_SPLINE_CURVE_WITH_KNOTS('',3,(#6634,#6635,#6636,#6637,#6638,#6639,
#6640,#6641,#6642,#6643,#6644,#6645,#6646,#6647,#6648,#6649,#6650,#6651,
#6652,#6653,#6654,#6655,#6656,#6657,#6658,#6659,#6660,#6661,#6662,#6663,
#6664,#6665,#6666,#6667),.UNSPECIFIED.,.F.,.F.,(4,3,3,3,3,3,3,3,3,3,3,4),
(0.0162025760488808,0.306269939661701,0.587660182391115,0.732349486726191,
0.982432041315432,1.09028782556323,1.29221720566208,1.44466366381651,1.63402963042976,
1.82380418854277,2.01413423215763,2.11428733701448),.UNSPECIFIED.);
#180=B_SPLINE_CURVE_WITH_KNOTS('',3,(#6671,#6672,#6673,#6674,#6675,#6676,
#6677,#6678,#6679,#6680,#6681,#6682,#6683,#6684,#6685,#6686,#6687,#6688,
#6689,#6690,#6691,#6692,#6693,#6694,#6695,#6696,#6697,#6698,#6699,#6700,
#6701,#6702,#6703,#6704,#6705,#6706,#6707),.UNSPECIFIED.,.F.,.F.,(4,3,3,
3,3,3,3,3,3,3,3,3,4),(0.0258104477120885,0.201686088473398,0.378531577649174,
0.556626412904108,0.703431741205642,0.703431916498591,0.911671966053407,
1.05588327011008,1.28189248507041,1.41277488583438,1.64241496330805,1.87914647773938,
2.11587799217072),.UNSPECIFIED.);
#181=B_SPLINE_CURVE_WITH_KNOTS('',3,(#6710,#6711,#6712,#6713,#6714,#6715),
 .UNSPECIFIED.,.F.,.F.,(4,2,4),(0.0777305959283298,0.506735148186275,0.780725241131796),
 .UNSPECIFIED.);
#182=B_SPLINE_CURVE_WITH_KNOTS('',3,(#6716,#6717,#6718,#6719,#6720,#6721),
 .UNSPECIFIED.,.F.,.F.,(4,2,4),(0.227505219606394,0.497484406315594,0.92506816388113),
 .UNSPECIFIED.);
#183=B_SPLINE_CURVE_WITH_KNOTS('',3,(#6723,#6724,#6725,#6726,#6727,#6728),
 .UNSPECIFIED.,.F.,.F.,(4,2,4),(0.140135888898602,0.303730996545523,0.561046212838808),
 .UNSPECIFIED.);
#184=B_SPLINE_CURVE_WITH_KNOTS('',3,(#6729,#6730,#6731,#6732,#6733,#6734),
 .UNSPECIFIED.,.F.,.F.,(4,2,4),(0.0467076632283734,0.30367798519535,0.466901863320891),
 .UNSPECIFIED.);
#185=B_SPLINE_CURVE_WITH_KNOTS('',3,(#6809,#6810,#6811,#6812,#6813,#6814,
#6815,#6816,#6817,#6818,#6819,#6820,#6821,#6822,#6823,#6824,#6825,#6826,
#6827,#6828,#6829,#6830,#6831,#6832,#6833,#6834,#6835,#6836,#6837,#6838,
#6839,#6840,#6841,#6842),.UNSPECIFIED.,.F.,.F.,(4,3,3,3,3,3,3,3,3,3,3,4),
(0.0162025760488788,0.306276133494293,0.587671974201821,0.732349486726204,
0.98242968451764,1.09028782556325,1.29221676082037,1.44466366381654,1.63402989543762,
1.82380478271788,2.01413523628672,2.11428733701452),.UNSPECIFIED.);
#186=B_SPLINE_CURVE_WITH_KNOTS('',3,(#6843,#6844,#6845,#6846,#6847,#6848),
 .UNSPECIFIED.,.F.,.F.,(4,2,4),(0.07773059592833,0.506735148186262,0.780725241131778),
 .UNSPECIFIED.);
#187=B_SPLINE_CURVE_WITH_KNOTS('',3,(#6849,#6850,#6851,#6852,#6853,#6854),
 .UNSPECIFIED.,.F.,.F.,(4,2,4),(0.140135888898603,0.303730996545525,0.561046212838817),
 .UNSPECIFIED.);
#188=B_SPLINE_CURVE_WITH_KNOTS('',3,(#6881,#6882,#6883,#6884,#6885,#6886,
#6887,#6888,#6889,#6890,#6891,#6892,#6893,#6894,#6895,#6896,#6897,#6898,
#6899,#6900,#6901,#6902,#6903,#6904,#6905,#6906,#6907,#6908,#6909,#6910,
#6911,#6912,#6913,#6914,#6915,#6916,#6917),.UNSPECIFIED.,.F.,.F.,(4,3,3,
3,3,3,3,3,3,3,3,3,4),(0.0258104477120888,0.201686020125634,0.378531451617034,
0.556626246539632,0.703431741205641,0.703431916498592,0.911671987293923,
1.05588327011008,1.2818925669776,1.41277488583438,1.64241510716272,1.87914654966673,
2.11587799217074),.UNSPECIFIED.);
#189=B_SPLINE_CURVE_WITH_KNOTS('',3,(#6918,#6919,#6920,#6921,#6922,#6923),
 .UNSPECIFIED.,.F.,.F.,(4,2,4),(0.0467076632283741,0.303677985195351,0.466901863320894),
 .UNSPECIFIED.);
#190=B_SPLINE_CURVE_WITH_KNOTS('',3,(#6924,#6925,#6926,#6927,#6928,#6929),
 .UNSPECIFIED.,.F.,.F.,(4,2,4),(0.227505219606394,0.497484406315591,0.925068163881132),
 .UNSPECIFIED.);
#191=B_SPLINE_CURVE_WITH_KNOTS('',3,(#6938,#6939,#6940,#6941,#6942,#6943,
#6944,#6945,#6946,#6947,#6948,#6949,#6950,#6951,#6952,#6953,#6954,#6955,
#6956,#6957,#6958,#6959,#6960,#6961,#6962,#6963,#6964,#6965,#6966,#6967,
#6968,#6969,#6970,#6971),.UNSPECIFIED.,.F.,.F.,(4,3,3,3,3,3,3,3,3,3,3,4),
(0.0162025760488824,0.306274754067547,0.587669347576365,0.732349486726192,
0.982430206903299,1.09028782556322,1.29221685946857,1.44466366381651,1.63402983673597,
1.82380465119931,2.01413501432649,2.1142873370145),.UNSPECIFIED.);
#192=B_SPLINE_CURVE_WITH_KNOTS('',3,(#6975,#6976,#6977,#6978,#6979,#6980,
#6981,#6982,#6983,#6984,#6985,#6986,#6987,#6988,#6989,#6990,#6991,#6992,
#6993,#6994,#6995,#6996,#6997,#6998,#6999,#7000,#7001,#7002,#7003,#7004,
#7005,#7006,#7007,#7008,#7009,#7010,#7011),.UNSPECIFIED.,.F.,.F.,(4,3,3,
3,3,3,3,3,3,3,3,3,4),(0.0258104477120883,0.201686050904997,0.378531508376733,
0.556626321468522,0.703431741205644,0.703431916498592,0.911671977750425,
1.05588327011009,1.28189253022699,1.4127748858344,1.64241504214686,1.87914651715881,
2.11587799217076),.UNSPECIFIED.);
#193=B_SPLINE_CURVE_WITH_KNOTS('',3,(#7014,#7015,#7016,#7017,#7018,#7019),
 .UNSPECIFIED.,.F.,.F.,(4,2,4),(0.0777305959283302,0.506735148186282,0.780725241131813),
 .UNSPECIFIED.);
#194=B_SPLINE_CURVE_WITH_KNOTS('',3,(#7020,#7021,#7022,#7023,#7024,#7025),
 .UNSPECIFIED.,.F.,.F.,(4,2,4),(0.227505219606395,0.497484406315599,0.925068163881142),
 .UNSPECIFIED.);
#195=B_SPLINE_CURVE_WITH_KNOTS('',3,(#7027,#7028,#7029,#7030,#7031,#7032),
 .UNSPECIFIED.,.F.,.F.,(4,2,4),(0.140135888898602,0.303730996545524,0.561046212838813),
 .UNSPECIFIED.);
#196=B_SPLINE_CURVE_WITH_KNOTS('',3,(#7033,#7034,#7035,#7036,#7037,#7038),
 .UNSPECIFIED.,.F.,.F.,(4,2,4),(0.0467076632283749,0.30367798519535,0.46690186332089),
 .UNSPECIFIED.);
#197=B_SPLINE_CURVE_WITH_KNOTS('',3,(#7113,#7114,#7115,#7116,#7117,#7118,
#7119,#7120,#7121,#7122,#7123,#7124,#7125,#7126,#7127,#7128,#7129,#7130,
#7131,#7132,#7133,#7134,#7135,#7136,#7137,#7138,#7139,#7140,#7141,#7142,
#7143,#7144,#7145,#7146),.UNSPECIFIED.,.F.,.F.,(4,3,3,3,3,3,3,3,3,3,3,4),
(0.0162025760488828,0.30627094655484,0.587662098935066,0.732349486726209,
0.982431656236881,1.09028782556326,1.2922171330164,1.44466366381656,1.6340296737607,
1.82380428577023,2.01413439670294,2.11428733701454),.UNSPECIFIED.);
#198=B_SPLINE_CURVE_WITH_KNOTS('',3,(#7147,#7148,#7149,#7150,#7151,#7152),
 .UNSPECIFIED.,.F.,.F.,(4,2,4),(0.0777305959283285,0.506735148186279,0.780725241131806),
 .UNSPECIFIED.);
#199=B_SPLINE_CURVE_WITH_KNOTS('',3,(#7153,#7154,#7155,#7156,#7157,#7158),
 .UNSPECIFIED.,.F.,.F.,(4,2,4),(0.140135888898603,0.303730996545526,0.561046212838824),
 .UNSPECIFIED.);
#200=B_SPLINE_CURVE_WITH_KNOTS('',3,(#7185,#7186,#7187,#7188,#7189,#7190,
#7191,#7192,#7193,#7194,#7195,#7196,#7197,#7198,#7199,#7200,#7201,#7202,
#7203,#7204,#7205,#7206,#7207,#7208,#7209,#7210,#7211,#7212,#7213,#7214,
#7215,#7216,#7217,#7218,#7219,#7220,#7221),.UNSPECIFIED.,.F.,.F.,(4,3,3,
3,3,3,3,3,3,3,3,3,4),(0.0258104477120882,0.201686145857342,0.378531683442762,
0.55662655252287,0.703431741205639,0.703431916498588,0.911671948088741,
1.05588327011007,1.28189241546349,1.41277488583436,1.64241484398797,1.87914641807932,
2.11587799217068),.UNSPECIFIED.);
#201=B_SPLINE_CURVE_WITH_KNOTS('',3,(#7222,#7223,#7224,#7225,#7226,#7227),
 .UNSPECIFIED.,.F.,.F.,(4,2,4),(0.0467076632283735,0.303677985195352,0.466901863320891),
 .UNSPECIFIED.);
#202=B_SPLINE_CURVE_WITH_KNOTS('',3,(#7228,#7229,#7230,#7231,#7232,#7233),
 .UNSPECIFIED.,.F.,.F.,(4,2,4),(0.227505219606395,0.497484406315598,0.925068163881144),
 .UNSPECIFIED.);
#203=B_SPLINE_CURVE_WITH_KNOTS('',3,(#7242,#7243,#7244,#7245,#7246,#7247,
#7248,#7249,#7250,#7251,#7252,#7253,#7254,#7255,#7256,#7257,#7258,#7259,
#7260,#7261,#7262,#7263,#7264,#7265,#7266,#7267,#7268,#7269,#7270,#7271,
#7272,#7273,#7274,#7275),.UNSPECIFIED.,.F.,.F.,(4,3,3,3,3,3,3,3,3,3,3,4),
(0.016202576048881,0.306266329778966,0.587653312411486,0.732349486726204,
0.982433428001678,1.09028782556325,1.29221746714169,1.44466366381654,1.63402947430744,
1.82380383798845,2.0141336381555,2.11428733701453),.UNSPECIFIED.);
#204=B_SPLINE_CURVE_WITH_KNOTS('',3,(#7279,#7280,#7281,#7282,#7283,#7284,
#7285,#7286,#7287,#7288,#7289,#7290,#7291,#7292,#7293,#7294,#7295,#7296,
#7297,#7298,#7299,#7300,#7301,#7302,#7303,#7304,#7305,#7306,#7307,#7308,
#7309,#7310,#7311,#7312,#7313,#7314,#7315),.UNSPECIFIED.,.F.,.F.,(4,3,3,
3,3,3,3,3,3,3,3,3,4),(0.0258104477120892,0.201686296867983,0.378531961757085,
0.556626919678084,0.703431741205643,0.703431916498593,0.911671900231527,
1.05588327011008,1.28189222858085,1.41277488583438,1.64241453646602,1.87914626431837,
2.11587799217072),.UNSPECIFIED.);
#205=B_SPLINE_CURVE_WITH_KNOTS('',3,(#7318,#7319,#7320,#7321,#7322,#7323),
 .UNSPECIFIED.,.F.,.F.,(4,2,4),(0.0777305959283298,0.506735148186284,0.780725241131815),
 .UNSPECIFIED.);
#206=B_SPLINE_CURVE_WITH_KNOTS('',3,(#7324,#7325,#7326,#7327,#7328,#7329,
#7330,#7331,#7332,#7333,#7334,#7335,#7336,#7337,#7338,#7339,#7340,#7341,
#7342,#7343,#7344,#7345,#7346,#7347,#7348),.UNSPECIFIED.,.F.,.F.,(4,3,3,
3,3,3,3,3,4),(0.136704820207585,0.236844059416014,0.338047104591746,0.440365406671957,
0.453526975000313,0.556188032517914,0.659203112851045,0.761919993565524,
0.834427127567116),.UNSPECIFIED.);
#207=B_SPLINE_CURVE_WITH_KNOTS('',3,(#7350,#7351,#7352,#7353,#7354,#7355),
 .UNSPECIFIED.,.F.,.F.,(4,2,4),(0.140135888898602,0.303730996545524,0.561046212838815),
 .UNSPECIFIED.);
#208=B_SPLINE_CURVE_WITH_KNOTS('',3,(#7356,#7357,#7358,#7359,#7360,#7361),
 .UNSPECIFIED.,.F.,.F.,(4,2,4),(0.0467076632283741,0.303677985195348,0.466901863320884),
 .UNSPECIFIED.);
#209=B_SPLINE_CURVE_WITH_KNOTS('',3,(#7436,#7437,#7438,#7439,#7440,#7441,
#7442,#7443,#7444,#7445,#7446,#7447,#7448,#7449,#7450,#7451,#7452,#7453,
#7454,#7455,#7456,#7457,#7458,#7459,#7460,#7461,#7462,#7463,#7464,#7465,
#7466,#7467,#7468,#7469),.UNSPECIFIED.,.F.,.F.,(4,3,3,3,3,3,3,3,3,3,3,4),
(0.0162025760488806,0.306262871508369,0.587646732649754,0.732349486726199,
0.982434765285679,1.09028782556324,1.29221771913728,1.44466366381653,1.63402932361459,
1.82380349928761,2.01413306318349,2.11428733701451),.UNSPECIFIED.);
#210=B_SPLINE_CURVE_WITH_KNOTS('',3,(#7470,#7471,#7472,#7473,#7474,#7475),
 .UNSPECIFIED.,.F.,.F.,(4,2,4),(0.0777271398673593,0.479891368093087,0.780597228194889),
 .UNSPECIFIED.);
#211=B_SPLINE_CURVE_WITH_KNOTS('',3,(#7476,#7477,#7478,#7479,#7480,#7481),
 .UNSPECIFIED.,.F.,.F.,(4,2,4),(0.140135888898603,0.303730996545526,0.561046212838819),
 .UNSPECIFIED.);
#212=B_SPLINE_CURVE_WITH_KNOTS('',3,(#7508,#7509,#7510,#7511,#7512,#7513,
#7514,#7515,#7516,#7517,#7518,#7519,#7520,#7521,#7522,#7523,#7524,#7525,
#7526,#7527,#7528,#7529,#7530,#7531,#7532,#7533,#7534,#7535,#7536,#7537,
#7538,#7539,#7540,#7541,#7542,#7543,#7544),.UNSPECIFIED.,.F.,.F.,(4,3,3,
3,3,3,3,3,3,3,3,3,4),(0.025810447712089,0.201686272842556,0.378531917485529,
0.556626861289377,0.70343174120564,0.703431916498591,0.911671907902036,
1.05588327011008,1.28189225867714,1.41277488583437,1.64241458476293,1.87914628846682,
2.11587799217071),.UNSPECIFIED.);
#213=B_SPLINE_CURVE_WITH_KNOTS('',3,(#7545,#7546,#7547,#7548,#7549,#7550),
 .UNSPECIFIED.,.F.,.F.,(4,2,4),(0.0467076632283735,0.303677985195352,0.466901863320894),
 .UNSPECIFIED.);
#214=B_SPLINE_CURVE_WITH_KNOTS('',3,(#7551,#7552,#7553,#7554,#7555,#7556),
 .UNSPECIFIED.,.F.,.F.,(4,2,4),(0.224562423376557,0.497569283804463,0.922124634681682),
 .UNSPECIFIED.);
#215=B_SPLINE_CURVE_WITH_KNOTS('',3,(#7565,#7566,#7567,#7568,#7569,#7570,
#7571,#7572,#7573,#7574,#7575,#7576,#7577,#7578,#7579,#7580,#7581,#7582,
#7583,#7584,#7585,#7586,#7587,#7588,#7589,#7590,#7591,#7592,#7593,#7594,
#7595,#7596,#7597,#7598),.UNSPECIFIED.,.F.,.F.,(4,3,3,3,3,3,3,3,3,3,3,4),
(0.016202576048882,0.306272128751127,0.587664349352253,0.732349486726204,
0.982431205072466,1.09028782556325,1.29221704788531,1.44466366381655,1.63402972451177,
1.82380439961029,2.01413458924389,2.11428733701452),.UNSPECIFIED.);
#216=B_SPLINE_CURVE_WITH_KNOTS('',3,(#7602,#7603,#7604,#7605,#7606,#7607,
#7608,#7609,#7610,#7611,#7612,#7613,#7614,#7615,#7616,#7617,#7618,#7619,
#7620,#7621,#7622,#7623,#7624,#7625,#7626,#7627,#7628,#7629,#7630,#7631,
#7632,#7633,#7634,#7635,#7636,#7637,#7638),.UNSPECIFIED.,.F.,.F.,(4,3,3,
3,3,3,3,3,3,3,3,3,4),(0.0258104477120895,0.201686025205198,0.378531460984087,
0.556626258905727,0.703431741205642,0.703431916498591,0.911671985722046,
1.05588327011008,1.28189256092761,1.41277488583438,1.64241509641063,1.87914654429067,
2.11587799217072),.UNSPECIFIED.);
#217=B_SPLINE_CURVE_WITH_KNOTS('',3,(#7641,#7642,#7643,#7644,#7645,#7646),
 .UNSPECIFIED.,.F.,.F.,(4,2,4),(0.0777305959283295,0.506735148186276,0.780725241131796),
 .UNSPECIFIED.);
#218=B_SPLINE_CURVE_WITH_KNOTS('',3,(#7647,#7648,#7649,#7650,#7651,#7652),
 .UNSPECIFIED.,.F.,.F.,(4,2,4),(0.227505219606396,0.497484406315595,0.925068163881133),
 .UNSPECIFIED.);
#219=B_SPLINE_CURVE_WITH_KNOTS('',3,(#7654,#7655,#7656,#7657,#7658,#7659),
 .UNSPECIFIED.,.F.,.F.,(4,2,4),(0.140135888898603,0.303730996545524,0.561046212838814),
 .UNSPECIFIED.);
#220=B_SPLINE_CURVE_WITH_KNOTS('',3,(#7660,#7661,#7662,#7663,#7664,#7665),
 .UNSPECIFIED.,.F.,.F.,(4,2,4),(0.0467076632283736,0.303677985195351,0.466901863320889),
 .UNSPECIFIED.);
#221=B_SPLINE_CURVE_WITH_KNOTS('',3,(#7740,#7741,#7742,#7743,#7744,#7745,
#7746,#7747,#7748,#7749,#7750,#7751,#7752,#7753,#7754,#7755,#7756,#7757,
#7758,#7759,#7760,#7761,#7762,#7763,#7764,#7765,#7766,#7767,#7768,#7769,
#7770,#7771,#7772,#7773),.UNSPECIFIED.,.F.,.F.,(4,3,3,3,3,3,3,3,3,3,3,4),
(0.0162025760488806,0.306275859419031,0.587671452296243,0.732349486726195,
0.982429788193124,1.09028782556323,1.29221678040118,1.44466366381652,1.63402988378896,
1.82380475662232,2.0141351922591,2.11428733701449),.UNSPECIFIED.);
#222=B_SPLINE_CURVE_WITH_KNOTS('',3,(#7774,#7775,#7776,#7777,#7778,#7779),
 .UNSPECIFIED.,.F.,.F.,(4,2,4),(0.0777305959283306,0.506735148186273,0.780725241131798),
 .UNSPECIFIED.);
#223=B_SPLINE_CURVE_WITH_KNOTS('',3,(#7780,#7781,#7782,#7783,#7784,#7785),
 .UNSPECIFIED.,.F.,.F.,(4,2,4),(0.140135888898603,0.303730996545525,0.561046212838815),
 .UNSPECIFIED.);
#224=B_SPLINE_CURVE_WITH_KNOTS('',3,(#7812,#7813,#7814,#7815,#7816,#7817,
#7818,#7819,#7820,#7821,#7822,#7823,#7824,#7825,#7826,#7827,#7828,#7829,
#7830,#7831,#7832,#7833,#7834,#7835,#7836,#7837,#7838,#7839,#7840,#7841,
#7842,#7843,#7844,#7845,#7846,#7847,#7848),.UNSPECIFIED.,.F.,.F.,(4,3,3,
3,3,3,3,3,3,3,3,3,4),(0.0258104477120889,0.201686027404503,0.378531465041052,
0.556626264260619,0.703431741205641,0.70343191649859,0.911671985040319,
1.05588327011008,1.28189255830644,1.41277488583437,1.64241509175787,1.87914654196429,
2.11587799217071),.UNSPECIFIED.);
#225=B_SPLINE_CURVE_WITH_KNOTS('',3,(#7849,#7850,#7851,#7852,#7853,#7854),
 .UNSPECIFIED.,.F.,.F.,(4,2,4),(0.0467076632283744,0.30367798519535,0.466901863320887),
 .UNSPECIFIED.);
#226=B_SPLINE_CURVE_WITH_KNOTS('',3,(#7855,#7856,#7857,#7858,#7859,#7860),
 .UNSPECIFIED.,.F.,.F.,(4,2,4),(0.227505219606393,0.497484406315587,0.925068163881095),
 .UNSPECIFIED.);
#227=B_SPLINE_CURVE_WITH_KNOTS('',3,(#7869,#7870,#7871,#7872,#7873,#7874,
#7875,#7876,#7877,#7878,#7879,#7880,#7881,#7882,#7883,#7884,#7885,#7886,
#7887,#7888,#7889,#7890,#7891,#7892,#7893,#7894,#7895,#7896,#7897,#7898,
#7899,#7900,#7901,#7902),.UNSPECIFIED.,.F.,.F.,(4,3,3,3,3,3,3,3,3,3,3,4),
(0.0162025760488837,0.306274063962056,0.587668033607173,0.732349486726195,
0.982430468787459,1.09028782556323,1.29221690891176,1.44466366381652,1.6340298073005,
1.82380458522719,2.01413490292415,2.11428733701449),.UNSPECIFIED.);
#228=B_SPLINE_CURVE_WITH_KNOTS('',3,(#7906,#7907,#7908,#7909,#7910,#7911,
#7912,#7913,#7914,#7915,#7916,#7917,#7918,#7919,#7920,#7921,#7922,#7923,
#7924,#7925,#7926,#7927,#7928,#7929,#7930,#7931,#7932,#7933,#7934,#7935,
#7936,#7937,#7938,#7939,#7940,#7941,#7942),.UNSPECIFIED.,.F.,.F.,(4,3,3,
3,3,3,3,3,3,3,3,3,4),(0.0258104477120887,0.201686065811103,0.37853153586503,
0.556626357752769,0.70343174120564,0.70343191649859,0.911671973115573,1.05588327011007,
1.28189251234672,1.41277488583437,1.64241501079787,1.87914650148428,2.1158779921707),
 .UNSPECIFIED.);
#229=B_SPLINE_CURVE_WITH_KNOTS('',3,(#7945,#7946,#7947,#7948,#7949,#7950),
 .UNSPECIFIED.,.F.,.F.,(4,2,4),(0.0777305959283302,0.506735148186268,0.780725241131784),
 .UNSPECIFIED.);
#230=B_SPLINE_CURVE_WITH_KNOTS('',3,(#7951,#7952,#7953,#7954,#7955,#7956),
 .UNSPECIFIED.,.F.,.F.,(4,2,4),(0.227505219606395,0.4974844063156,0.925068163881146),
 .UNSPECIFIED.);
#231=B_SPLINE_CURVE_WITH_KNOTS('',3,(#7958,#7959,#7960,#7961,#7962,#7963),
 .UNSPECIFIED.,.F.,.F.,(4,2,4),(0.140135888898603,0.303730996545526,0.56104621283882),
 .UNSPECIFIED.);
#232=B_SPLINE_CURVE_WITH_KNOTS('',3,(#7964,#7965,#7966,#7967,#7968,#7969),
 .UNSPECIFIED.,.F.,.F.,(4,2,4),(0.0467076632283753,0.303677985195348,0.466901863320886),
 .UNSPECIFIED.);
#233=B_SPLINE_CURVE_WITH_KNOTS('',3,(#8044,#8045,#8046,#8047,#8048,#8049,
#8050,#8051,#8052,#8053,#8054,#8055,#8056,#8057,#8058,#8059,#8060,#8061,
#8062,#8063,#8064,#8065,#8066,#8067,#8068,#8069,#8070,#8071,#8072,#8073,
#8074,#8075,#8076,#8077),.UNSPECIFIED.,.F.,.F.,(4,3,3,3,3,3,3,3,3,3,3,4),
(0.0162025760488836,0.306269760935635,0.587659842211443,0.732349486726195,
0.982432109747194,1.09028782556323,1.29221721856951,1.44466366381653,1.63402962272717,
1.82380417125985,2.01413420289801,2.11428733701451),.UNSPECIFIED.);
#234=B_SPLINE_CURVE_WITH_KNOTS('',3,(#8078,#8079,#8080,#8081,#8082,#8083),
 .UNSPECIFIED.,.F.,.F.,(4,2,4),(0.0777305959283286,0.506735148186268,0.780725241131789),
 .UNSPECIFIED.);
#235=B_SPLINE_CURVE_WITH_KNOTS('',3,(#8084,#8085,#8086,#8087,#8088,#8089),
 .UNSPECIFIED.,.F.,.F.,(4,2,4),(0.140135888898602,0.303730996545526,0.561046212838819),
 .UNSPECIFIED.);
#236=B_SPLINE_CURVE_WITH_KNOTS('',3,(#8116,#8117,#8118,#8119,#8120,#8121,
#8122,#8123,#8124,#8125,#8126,#8127,#8128,#8129,#8130,#8131,#8132,#8133,
#8134,#8135,#8136,#8137,#8138,#8139,#8140,#8141,#8142,#8143,#8144,#8145,
#8146,#8147,#8148,#8149,#8150,#8151,#8152),.UNSPECIFIED.,.F.,.F.,(4,3,3,
3,3,3,3,3,3,3,3,3,4),(0.0258104477120896,0.201686182740082,0.378531751428437,
0.55662664222948,0.703431741205644,0.703431916498593,0.911671936478169,
1.05588327011009,1.28189237031827,1.41277488583439,1.64241476801316,1.87914638009195,
2.11587799217075),.UNSPECIFIED.);
#237=B_SPLINE_CURVE_WITH_KNOTS('',3,(#8153,#8154,#8155,#8156,#8157,#8158),
 .UNSPECIFIED.,.F.,.F.,(4,2,4),(0.0467076632283746,0.303677985195348,0.466901863320884),
 .UNSPECIFIED.);
#238=B_SPLINE_CURVE_WITH_KNOTS('',3,(#8159,#8160,#8161,#8162,#8163,#8164),
 .UNSPECIFIED.,.F.,.F.,(4,2,4),(0.227505219606394,0.497484406315595,0.925068163881137),
 .UNSPECIFIED.);
#239=B_SPLINE_CURVE_WITH_KNOTS('',3,(#8196,#8197,#8198,#8199,#8200,#8201,
#8202,#8203,#8204,#8205,#8206,#8207,#8208,#8209,#8210,#8211,#8212,#8213,
#8214,#8215,#8216,#8217,#8218,#8219,#8220,#8221,#8222,#8223,#8224,#8225,
#8226,#8227,#8228,#8229),.UNSPECIFIED.,.F.,.F.,(4,3,3,3,3,3,3,3,3,3,3,4),
(0.0162025760488823,0.306274154905888,0.587668206764664,0.732349486726202,
0.982430434254277,1.09028782556325,1.29221690239248,1.44466366381654,1.63402981118211,
1.82380459393013,2.01413491761949,2.11428733701452),.UNSPECIFIED.);
#240=B_SPLINE_CURVE_WITH_KNOTS('',3,(#8230,#8231,#8232,#8233,#8234,#8235),
 .UNSPECIFIED.,.F.,.F.,(4,2,4),(0.0777305959283309,0.506735148186279,0.780725241131803),
 .UNSPECIFIED.);
#241=B_SPLINE_CURVE_WITH_KNOTS('',3,(#8236,#8237,#8238,#8239,#8240,#8241),
 .UNSPECIFIED.,.F.,.F.,(4,2,4),(0.140135888898603,0.303730996545525,0.561046212838818),
 .UNSPECIFIED.);
#242=B_SPLINE_CURVE_WITH_KNOTS('',3,(#8268,#8269,#8270,#8271,#8272,#8273,
#8274,#8275,#8276,#8277,#8278,#8279,#8280,#8281,#8282,#8283,#8284,#8285,
#8286,#8287,#8288,#8289,#8290,#8291,#8292,#8293,#8294,#8295,#8296,#8297,
#8298,#8299,#8300,#8301,#8302,#8303,#8304),.UNSPECIFIED.,.F.,.F.,(4,3,3,
3,3,3,3,3,3,3,3,3,4),(0.0258104477120901,0.201686005029724,0.378531423776827,
0.556626209783148,0.70343174120564,0.703431916498589,0.91167199196313,1.05588327011007,
1.28189258492407,1.41277488583437,1.64241513918862,1.87914656567966,2.1158779921707),
 .UNSPECIFIED.);
#243=B_SPLINE_CURVE_WITH_KNOTS('',3,(#8305,#8306,#8307,#8308,#8309,#8310),
 .UNSPECIFIED.,.F.,.F.,(4,2,4),(0.0467076632283729,0.303677985195355,0.466901863320901),
 .UNSPECIFIED.);
#244=B_SPLINE_CURVE_WITH_KNOTS('',3,(#8311,#8312,#8313,#8314,#8315,#8316),
 .UNSPECIFIED.,.F.,.F.,(4,2,4),(0.227505219606393,0.497484406315595,0.925068163881132),
 .UNSPECIFIED.);
#245=CONICAL_SURFACE('',#2234,25.5688201255871,0.711746573322823);
#246=CONICAL_SURFACE('',#2236,25.5688201255871,0.711746573322823);
#247=CONICAL_SURFACE('',#2238,25.5688201255871,0.711746573322823);
#248=CONICAL_SURFACE('',#2240,25.5688201255871,0.711746573322823);
#249=CONICAL_SURFACE('',#2242,25.5688201255871,0.711746573322823);
#250=CONICAL_SURFACE('',#2244,25.5688201255871,0.711746573322823);
#251=CONICAL_SURFACE('',#2246,25.5688201255871,0.711746573322823);
#252=CONICAL_SURFACE('',#2248,25.5688201255871,0.711746573322823);
#253=CONICAL_SURFACE('',#2250,25.5688201255871,0.711746573322823);
#254=CONICAL_SURFACE('',#2252,25.5688201255871,0.711746573322823);
#255=CONICAL_SURFACE('',#2254,25.5688201255871,0.711746573322823);
#256=CONICAL_SURFACE('',#2256,25.5688201255871,0.711746573322823);
#257=CONICAL_SURFACE('',#2258,25.5688201255871,0.711746573322823);
#258=CONICAL_SURFACE('',#2260,25.5688201255871,0.711746573322823);
#259=CONICAL_SURFACE('',#2262,25.5688201255871,0.711746573322823);
#260=CONICAL_SURFACE('',#2264,25.5688201255871,0.711746573322823);
#261=CONICAL_SURFACE('',#2266,25.5688201255871,0.711746573322823);
#262=CONICAL_SURFACE('',#2268,25.5688201255871,0.711746573322823);
#263=CONICAL_SURFACE('',#2270,25.5688201255871,0.711746573322823);
#264=CONICAL_SURFACE('',#2272,25.5688201255871,0.711746573322823);
#265=CONICAL_SURFACE('',#2274,25.5688201255871,0.711746573322823);
#266=CONICAL_SURFACE('',#2276,25.5688201255871,0.711746573322823);
#267=CONICAL_SURFACE('',#2278,25.5688201255871,0.711746573322823);
#268=CONICAL_SURFACE('',#2304,29.3031161851647,0.84680839582665);
#269=CONICAL_SURFACE('',#2307,34.2878679675,0.785398163465714);
#270=CONICAL_SURFACE('',#2308,20.5840683432517,0.785398163465714);
#271=CONICAL_SURFACE('',#2309,20.5840683432517,0.785398163465714);
#272=CONICAL_SURFACE('',#2311,34.2878679675,0.785398163465714);
#273=CONICAL_SURFACE('',#2313,29.3031161851647,0.84680839582665);
#274=CONICAL_SURFACE('',#2314,29.3031161851647,0.84680839582665);
#275=CONICAL_SURFACE('',#2317,34.2878679675,0.785398163465714);
#276=CONICAL_SURFACE('',#2318,20.5840683432517,0.785398163465714);
#277=CONICAL_SURFACE('',#2319,20.5840683432517,0.785398163465714);
#278=CONICAL_SURFACE('',#2321,34.2878679675,0.785398163465714);
#279=CONICAL_SURFACE('',#2323,29.3031161851647,0.84680839582665);
#280=CONICAL_SURFACE('',#2324,29.3031161851647,0.84680839582665);
#281=CONICAL_SURFACE('',#2327,34.2878679675,0.785398163465714);
#282=CONICAL_SURFACE('',#2328,20.5840683432517,0.785398163465714);
#283=CONICAL_SURFACE('',#2329,20.5840683432517,0.785398163465714);
#284=CONICAL_SURFACE('',#2331,34.2878679675,0.785398163465714);
#285=CONICAL_SURFACE('',#2333,29.3031161851647,0.84680839582665);
#286=CONICAL_SURFACE('',#2334,29.3031161851647,0.84680839582665);
#287=CONICAL_SURFACE('',#2337,34.2878679675,0.785398163465714);
#288=CONICAL_SURFACE('',#2338,20.5840683432517,0.785398163465714);
#289=CONICAL_SURFACE('',#2339,20.5840683432517,0.785398163465714);
#290=CONICAL_SURFACE('',#2341,34.2878679675,0.785398163465714);
#291=CONICAL_SURFACE('',#2343,29.3031161851647,0.84680839582665);
#292=CONICAL_SURFACE('',#2344,29.3031161851647,0.84680839582665);
#293=CONICAL_SURFACE('',#2347,34.2878679675,0.785398163465714);
#294=CONICAL_SURFACE('',#2348,20.5840683432517,0.785398163465714);
#295=CONICAL_SURFACE('',#2349,20.5840683432517,0.785398163465714);
#296=CONICAL_SURFACE('',#2351,34.2878679675,0.785398163465714);
#297=CONICAL_SURFACE('',#2353,29.3031161851647,0.84680839582665);
#298=CONICAL_SURFACE('',#2354,29.3031161851647,0.84680839582665);
#299=CONICAL_SURFACE('',#2357,34.2878679675,0.785398163465714);
#300=CONICAL_SURFACE('',#2358,20.5840683432517,0.785398163465714);
#301=CONICAL_SURFACE('',#2359,20.5840683432517,0.785398163465714);
#302=CONICAL_SURFACE('',#2361,34.2878679675,0.785398163465714);
#303=CONICAL_SURFACE('',#2363,29.3031161851647,0.84680839582665);
#304=CONICAL_SURFACE('',#2364,29.3031161851647,0.84680839582665);
#305=CONICAL_SURFACE('',#2367,34.2878679675,0.785398163465714);
#306=CONICAL_SURFACE('',#2368,20.5840683432517,0.785398163465714);
#307=CONICAL_SURFACE('',#2369,20.5840683432517,0.785398163465714);
#308=CONICAL_SURFACE('',#2371,34.2878679675,0.785398163465714);
#309=CONICAL_SURFACE('',#2373,29.3031161851647,0.84680839582665);
#310=CONICAL_SURFACE('',#2374,29.3031161851647,0.84680839582665);
#311=CONICAL_SURFACE('',#2377,34.2878679675,0.785398163465714);
#312=CONICAL_SURFACE('',#2378,20.5840683432517,0.785398163465714);
#313=CONICAL_SURFACE('',#2379,20.5840683432517,0.785398163465714);
#314=CONICAL_SURFACE('',#2381,34.2878679675,0.785398163465714);
#315=CONICAL_SURFACE('',#2383,29.3031161851647,0.84680839582665);
#316=CONICAL_SURFACE('',#2384,29.3031161851647,0.84680839582665);
#317=CONICAL_SURFACE('',#2387,34.2878679675,0.785398163465714);
#318=CONICAL_SURFACE('',#2388,20.5840683432517,0.785398163465714);
#319=CONICAL_SURFACE('',#2389,20.5840683432517,0.785398163465714);
#320=CONICAL_SURFACE('',#2391,34.2878679675,0.785398163465714);
#321=CONICAL_SURFACE('',#2393,29.3031161851647,0.84680839582665);
#322=CONICAL_SURFACE('',#2394,29.3031161851647,0.84680839582665);
#323=CONICAL_SURFACE('',#2397,34.2878679675,0.785398163465714);
#324=CONICAL_SURFACE('',#2398,20.5840683432517,0.785398163465714);
#325=CONICAL_SURFACE('',#2399,20.5840683432517,0.785398163465714);
#326=CONICAL_SURFACE('',#2401,34.2878679675,0.785398163465714);
#327=CONICAL_SURFACE('',#2403,29.3031161851647,0.84680839582665);
#328=CONICAL_SURFACE('',#2404,29.3031161851647,0.84680839582665);
#329=CONICAL_SURFACE('',#2407,34.2878679675,0.785398163465714);
#330=CONICAL_SURFACE('',#2408,20.5840683432517,0.785398163465714);
#331=CONICAL_SURFACE('',#2409,20.5840683432517,0.785398163465714);
#332=CONICAL_SURFACE('',#2411,34.2878679675,0.785398163465714);
#333=CONICAL_SURFACE('',#2413,29.3031161851647,0.84680839582665);
#334=CONICAL_SURFACE('',#2414,34.2878679675,0.785398163465714);
#335=CONICAL_SURFACE('',#2416,29.3031161851647,0.84680839582665);
#336=CONICAL_SURFACE('',#2418,20.5840683432517,0.785398163465714);
#337=FACE_BOUND('',#635,.T.);
#338=CIRCLE('',#2181,15.);
#339=CIRCLE('',#2182,15.);
#340=CIRCLE('',#2185,31.95441559);
#341=CIRCLE('',#2186,31.95441559);
#342=CIRCLE('',#2187,31.95441559);
#343=CIRCLE('',#2188,31.95441559);
#344=CIRCLE('',#2189,31.95441559);
#345=CIRCLE('',#2190,31.95441559);
#346=CIRCLE('',#2191,31.95441559);
#347=CIRCLE('',#2192,31.95441559);
#348=CIRCLE('',#2193,31.95441559);
#349=CIRCLE('',#2194,31.95441559);
#350=CIRCLE('',#2195,31.95441559);
#351=CIRCLE('',#2196,31.95441559);
#352=CIRCLE('',#2197,31.95441559);
#353=CIRCLE('',#2198,31.95441559);
#354=CIRCLE('',#2199,31.95441559);
#355=CIRCLE('',#2200,31.95441559);
#356=CIRCLE('',#2201,31.95441559);
#357=CIRCLE('',#2202,31.95441559);
#358=CIRCLE('',#2203,31.95441559);
#359=CIRCLE('',#2204,31.95441559);
#360=CIRCLE('',#2205,31.95441559);
#361=CIRCLE('',#2206,31.95441559);
#362=CIRCLE('',#2207,31.95441559);
#363=CIRCLE('',#2208,31.95441559);
#364=CIRCLE('',#2209,31.95441559);
#365=CIRCLE('',#2210,31.95441559);
#366=CIRCLE('',#2211,31.95441559);
#367=CIRCLE('',#2212,31.95441559);
#368=CIRCLE('',#2213,31.95441559);
#369=CIRCLE('',#2214,31.95441559);
#370=CIRCLE('',#2215,31.95441559);
#371=CIRCLE('',#2216,31.95441559);
#372=CIRCLE('',#2217,31.95441559);
#373=CIRCLE('',#2218,31.95441559);
#374=CIRCLE('',#2219,31.95441559);
#375=CIRCLE('',#2220,31.95441559);
#376=CIRCLE('',#2221,31.95441559);
#377=CIRCLE('',#2222,31.95441559);
#378=CIRCLE('',#2223,31.95441559);
#379=CIRCLE('',#2224,31.95441559);
#380=CIRCLE('',#2225,31.95441559);
#381=CIRCLE('',#2226,31.95441559);
#382=CIRCLE('',#2227,31.95441559);
#383=CIRCLE('',#2228,31.95441559);
#384=CIRCLE('',#2229,31.95441559);
#385=CIRCLE('',#2230,31.95441559);
#386=CIRCLE('',#2231,31.95441559);
#387=CIRCLE('',#2232,31.95441559);
#388=CIRCLE('',#2235,19.1832246611741);
#389=CIRCLE('',#2237,19.1832246611741);
#390=CIRCLE('',#2239,19.1832246611741);
#391=CIRCLE('',#2241,19.1832246611741);
#392=CIRCLE('',#2243,19.1832246611741);
#393=CIRCLE('',#2245,19.1832246611741);
#394=CIRCLE('',#2247,19.1832246611741);
#395=CIRCLE('',#2249,19.1832246611741);
#396=CIRCLE('',#2251,19.1832246611741);
#397=CIRCLE('',#2253,19.1832246611741);
#398=CIRCLE('',#2255,19.1832246611741);
#399=CIRCLE('',#2257,19.1832246611741);
#400=CIRCLE('',#2259,19.1832246611741);
#401=CIRCLE('',#2261,19.1832246611741);
#402=CIRCLE('',#2263,19.1832246611741);
#403=CIRCLE('',#2265,19.1832246611741);
#404=CIRCLE('',#2267,19.1832246611741);
#405=CIRCLE('',#2269,19.1832246611741);
#406=CIRCLE('',#2271,19.1832246611741);
#407=CIRCLE('',#2273,19.1832246611741);
#408=CIRCLE('',#2275,19.1832246611741);
#409=CIRCLE('',#2277,19.1832246611741);
#410=CIRCLE('',#2279,19.1832246611741);
#411=CIRCLE('',#2281,19.1832246611741);
#412=CIRCLE('',#2282,19.1832246611741);
#413=CIRCLE('',#2283,19.1832246611741);
#414=CIRCLE('',#2284,19.1832246611741);
#415=CIRCLE('',#2285,19.1832246611741);
#416=CIRCLE('',#2286,19.1832246611741);
#417=CIRCLE('',#2287,19.1832246611741);
#418=CIRCLE('',#2288,19.1832246611741);
#419=CIRCLE('',#2289,19.1832246611741);
#420=CIRCLE('',#2290,19.1832246611741);
#421=CIRCLE('',#2291,19.1832246611741);
#422=CIRCLE('',#2292,19.1832246611741);
#423=CIRCLE('',#2293,19.1832246611741);
#424=CIRCLE('',#2294,19.1832246611741);
#425=CIRCLE('',#2295,19.1832246611741);
#426=CIRCLE('',#2296,19.1832246611741);
#427=CIRCLE('',#2297,19.1832246611741);
#428=CIRCLE('',#2298,19.1832246611741);
#429=CIRCLE('',#2299,19.1832246611741);
#430=CIRCLE('',#2300,19.1832246611741);
#431=CIRCLE('',#2301,19.1832246611741);
#432=CIRCLE('',#2302,19.1832246611741);
#433=CIRCLE('',#2303,19.1832246611741);
#434=CIRCLE('',#2305,21.9849120253293);
#435=CIRCLE('',#2306,36.621320345);
#436=CIRCLE('',#2310,21.9849120253293);
#437=CIRCLE('',#2312,36.621320345);
#438=CIRCLE('',#2315,21.9849120253293);
#439=CIRCLE('',#2316,36.621320345);
#440=CIRCLE('',#2320,21.9849120253293);
#441=CIRCLE('',#2322,36.621320345);
#442=CIRCLE('',#2325,21.9849120253293);
#443=CIRCLE('',#2326,36.621320345);
#444=CIRCLE('',#2330,21.9849120253293);
#445=CIRCLE('',#2332,36.621320345);
#446=CIRCLE('',#2335,21.9849120253293);
#447=CIRCLE('',#2336,36.621320345);
#448=CIRCLE('',#2340,21.9849120253293);
#449=CIRCLE('',#2342,36.621320345);
#450=CIRCLE('',#2345,21.9849120253293);
#451=CIRCLE('',#2346,36.621320345);
#452=CIRCLE('',#2350,21.9849120253293);
#453=CIRCLE('',#2352,36.621320345);
#454=CIRCLE('',#2355,21.9849120253293);
#455=CIRCLE('',#2356,36.621320345);
#456=CIRCLE('',#2360,21.9849120253293);
#457=CIRCLE('',#2362,36.621320345);
#458=CIRCLE('',#2365,21.9849120253293);
#459=CIRCLE('',#2366,36.621320345);
#460=CIRCLE('',#2370,21.9849120253293);
#461=CIRCLE('',#2372,36.621320345);
#462=CIRCLE('',#2375,21.9849120253293);
#463=CIRCLE('',#2376,36.621320345);
#464=CIRCLE('',#2380,21.9849120253293);
#465=CIRCLE('',#2382,36.621320345);
#466=CIRCLE('',#2385,21.9849120253293);
#467=CIRCLE('',#2386,36.621320345);
#468=CIRCLE('',#2390,21.9849120253293);
#469=CIRCLE('',#2392,36.621320345);
#470=CIRCLE('',#2395,21.9849120253293);
#471=CIRCLE('',#2396,36.621320345);
#472=CIRCLE('',#2400,21.9849120253293);
#473=CIRCLE('',#2402,36.621320345);
#474=CIRCLE('',#2405,21.9849120253293);
#475=CIRCLE('',#2406,36.621320345);
#476=CIRCLE('',#2410,21.9849120253293);
#477=CIRCLE('',#2412,36.621320345);
#478=CIRCLE('',#2415,36.621320345);
#479=CIRCLE('',#2417,21.9849120253293);
#480=CYLINDRICAL_SURFACE('',#2180,15.);
#481=CYLINDRICAL_SURFACE('',#2184,31.95441559);
#482=FACE_OUTER_BOUND('',#628,.T.);
#483=FACE_OUTER_BOUND('',#629,.T.);
#484=FACE_OUTER_BOUND('',#630,.T.);
#485=FACE_OUTER_BOUND('',#631,.T.);
#486=FACE_OUTER_BOUND('',#632,.T.);
#487=FACE_OUTER_BOUND('',#633,.T.);
#488=FACE_OUTER_BOUND('',#634,.T.);
#489=FACE_OUTER_BOUND('',#636,.T.);
#490=FACE_OUTER_BOUND('',#637,.T.);
#491=FACE_OUTER_BOUND('',#638,.T.);
#492=FACE_OUTER_BOUND('',#639,.T.);
#493=FACE_OUTER_BOUND('',#640,.T.);
#494=FACE_OUTER_BOUND('',#641,.T.);
#495=FACE_OUTER_BOUND('',#642,.T.);
#496=FACE_OUTER_BOUND('',#643,.T.);
#497=FACE_OUTER_BOUND('',#644,.T.);
#498=FACE_OUTER_BOUND('',#645,.T.);
#499=FACE_OUTER_BOUND('',#646,.T.);
#500=FACE_OUTER_BOUND('',#647,.T.);
#501=FACE_OUTER_BOUND('',#648,.T.);
#502=FACE_OUTER_BOUND('',#649,.T.);
#503=FACE_OUTER_BOUND('',#650,.T.);
#504=FACE_OUTER_BOUND('',#651,.T.);
#505=FACE_OUTER_BOUND('',#652,.T.);
#506=FACE_OUTER_BOUND('',#653,.T.);
#507=FACE_OUTER_BOUND('',#654,.T.);
#508=FACE_OUTER_BOUND('',#655,.T.);
#509=FACE_OUTER_BOUND('',#656,.T.);
#510=FACE_OUTER_BOUND('',#657,.T.);
#511=FACE_OUTER_BOUND('',#658,.T.);
#512=FACE_OUTER_BOUND('',#659,.T.);
#513=FACE_OUTER_BOUND('',#660,.T.);
#514=FACE_OUTER_BOUND('',#661,.T.);
#515=FACE_OUTER_BOUND('',#662,.T.);
#516=FACE_OUTER_BOUND('',#663,.T.);
#517=FACE_OUTER_BOUND('',#664,.T.);
#518=FACE_OUTER_BOUND('',#665,.T.);
#519=FACE_OUTER_BOUND('',#666,.T.);
#520=FACE_OUTER_BOUND('',#667,.T.);
#521=FACE_OUTER_BOUND('',#668,.T.);
#522=FACE_OUTER_BOUND('',#669,.T.);
#523=FACE_OUTER_BOUND('',#670,.T.);
#524=FACE_OUTER_BOUND('',#671,.T.);
#525=FACE_OUTER_BOUND('',#672,.T.);
#526=FACE_OUTER_BOUND('',#673,.T.);
#527=FACE_OUTER_BOUND('',#674,.T.);
#528=FACE_OUTER_BOUND('',#675,.T.);
#529=FACE_OUTER_BOUND('',#676,.T.);
#530=FACE_OUTER_BOUND('',#677,.T.);
#531=FACE_OUTER_BOUND('',#678,.T.);
#532=FACE_OUTER_BOUND('',#679,.T.);
#533=FACE_OUTER_BOUND('',#680,.T.);
#534=FACE_OUTER_BOUND('',#681,.T.);
#535=FACE_OUTER_BOUND('',#682,.T.);
#536=FACE_OUTER_BOUND('',#683,.T.);
#537=FACE_OUTER_BOUND('',#684,.T.);
#538=FACE_OUTER_BOUND('',#685,.T.);
#539=FACE_OUTER_BOUND('',#686,.T.);
#540=FACE_OUTER_BOUND('',#687,.T.);
#541=FACE_OUTER_BOUND('',#688,.T.);
#542=FACE_OUTER_BOUND('',#689,.T.);
#543=FACE_OUTER_BOUND('',#690,.T.);
#544=FACE_OUTER_BOUND('',#691,.T.);
#545=FACE_OUTER_BOUND('',#692,.T.);
#546=FACE_OUTER_BOUND('',#693,.T.);
#547=FACE_OUTER_BOUND('',#694,.T.);
#548=FACE_OUTER_BOUND('',#695,.T.);
#549=FACE_OUTER_BOUND('',#696,.T.);
#550=FACE_OUTER_BOUND('',#697,.T.);
#551=FACE_OUTER_BOUND('',#698,.T.);
#552=FACE_OUTER_BOUND('',#699,.T.);
#553=FACE_OUTER_BOUND('',#700,.T.);
#554=FACE_OUTER_BOUND('',#701,.T.);
#555=FACE_OUTER_BOUND('',#702,.T.);
#556=FACE_OUTER_BOUND('',#703,.T.);
#557=FACE_OUTER_BOUND('',#704,.T.);
#558=FACE_OUTER_BOUND('',#705,.T.);
#559=FACE_OUTER_BOUND('',#706,.T.);
#560=FACE_OUTER_BOUND('',#707,.T.);
#561=FACE_OUTER_BOUND('',#708,.T.);
#562=FACE_OUTER_BOUND('',#709,.T.);
#563=FACE_OUTER_BOUND('',#710,.T.);
#564=FACE_OUTER_BOUND('',#711,.T.);
#565=FACE_OUTER_BOUND('',#712,.T.);
#566=FACE_OUTER_BOUND('',#713,.T.);
#567=FACE_OUTER_BOUND('',#714,.T.);
#568=FACE_OUTER_BOUND('',#715,.T.);
#569=FACE_OUTER_BOUND('',#716,.T.);
#570=FACE_OUTER_BOUND('',#717,.T.);
#571=FACE_OUTER_BOUND('',#718,.T.);
#572=FACE_OUTER_BOUND('',#719,.T.);
#573=FACE_OUTER_BOUND('',#720,.T.);
#574=FACE_OUTER_BOUND('',#721,.T.);
#575=FACE_OUTER_BOUND('',#722,.T.);
#576=FACE_OUTER_BOUND('',#723,.T.);
#577=FACE_OUTER_BOUND('',#724,.T.);
#578=FACE_OUTER_BOUND('',#725,.T.);
#579=FACE_OUTER_BOUND('',#726,.T.);
#580=FACE_OUTER_BOUND('',#727,.T.);
#581=FACE_OUTER_BOUND('',#728,.T.);
#582=FACE_OUTER_BOUND('',#729,.T.);
#583=FACE_OUTER_BOUND('',#730,.T.);
#584=FACE_OUTER_BOUND('',#731,.T.);
#585=FACE_OUTER_BOUND('',#732,.T.);
#586=FACE_OUTER_BOUND('',#733,.T.);
#587=FACE_OUTER_BOUND('',#734,.T.);
#588=FACE_OUTER_BOUND('',#735,.T.);
#589=FACE_OUTER_BOUND('',#736,.T.);
#590=FACE_OUTER_BOUND('',#737,.T.);
#591=FACE_OUTER_BOUND('',#738,.T.);
#592=FACE_OUTER_BOUND('',#739,.T.);
#593=FACE_OUTER_BOUND('',#740,.T.);
#594=FACE_OUTER_BOUND('',#741,.T.);
#595=FACE_OUTER_BOUND('',#742,.T.);
#596=FACE_OUTER_BOUND('',#743,.T.);
#597=FACE_OUTER_BOUND('',#744,.T.);
#598=FACE_OUTER_BOUND('',#745,.T.);
#599=FACE_OUTER_BOUND('',#746,.T.);
#600=FACE_OUTER_BOUND('',#747,.T.);
#601=FACE_OUTER_BOUND('',#748,.T.);
#602=FACE_OUTER_BOUND('',#749,.T.);
#603=FACE_OUTER_BOUND('',#750,.T.);
#604=FACE_OUTER_BOUND('',#751,.T.);
#605=FACE_OUTER_BOUND('',#752,.T.);
#606=FACE_OUTER_BOUND('',#753,.T.);
#607=FACE_OUTER_BOUND('',#754,.T.);
#608=FACE_OUTER_BOUND('',#755,.T.);
#609=FACE_OUTER_BOUND('',#756,.T.);
#610=FACE_OUTER_BOUND('',#757,.T.);
#611=FACE_OUTER_BOUND('',#758,.T.);
#612=FACE_OUTER_BOUND('',#759,.T.);
#613=FACE_OUTER_BOUND('',#760,.T.);
#614=FACE_OUTER_BOUND('',#761,.T.);
#615=FACE_OUTER_BOUND('',#762,.T.);
#616=FACE_OUTER_BOUND('',#763,.T.);
#617=FACE_OUTER_BOUND('',#764,.T.);
#618=FACE_OUTER_BOUND('',#765,.T.);
#619=FACE_OUTER_BOUND('',#766,.T.);
#620=FACE_OUTER_BOUND('',#767,.T.);
#621=FACE_OUTER_BOUND('',#768,.T.);
#622=FACE_OUTER_BOUND('',#769,.T.);
#623=FACE_OUTER_BOUND('',#770,.T.);
#624=FACE_OUTER_BOUND('',#771,.T.);
#625=FACE_OUTER_BOUND('',#772,.T.);
#626=FACE_OUTER_BOUND('',#773,.T.);
#627=FACE_OUTER_BOUND('',#774,.T.);
#628=EDGE_LOOP('',(#1328,#1329,#1330,#1331));
#629=EDGE_LOOP('',(#1332,#1333,#1334,#1335));
#630=EDGE_LOOP('',(#1336,#1337,#1338,#1339));
#631=EDGE_LOOP('',(#1340,#1341,#1342,#1343));
#632=EDGE_LOOP('',(#1344,#1345,#1346,#1347));
#633=EDGE_LOOP('',(#1348,#1349,#1350,#1351,#1352,#1353,#1354,#1355,#1356,
#1357,#1358,#1359,#1360,#1361,#1362,#1363,#1364,#1365,#1366,#1367,#1368,
#1369,#1370,#1371,#1372,#1373,#1374,#1375,#1376,#1377,#1378,#1379,#1380,
#1381,#1382,#1383,#1384,#1385,#1386,#1387,#1388,#1389,#1390,#1391,#1392,
#1393,#1394,#1395,#1396,#1397));
#634=EDGE_LOOP('',(#1398));
#635=EDGE_LOOP('',(#1399,#1400,#1401,#1402));
#636=EDGE_LOOP('',(#1403,#1404,#1405,#1406));
#637=EDGE_LOOP('',(#1407,#1408,#1409,#1410));
#638=EDGE_LOOP('',(#1411,#1412,#1413,#1414));
#639=EDGE_LOOP('',(#1415,#1416,#1417,#1418));
#640=EDGE_LOOP('',(#1419,#1420,#1421,#1422));
#641=EDGE_LOOP('',(#1423,#1424,#1425,#1426));
#642=EDGE_LOOP('',(#1427,#1428,#1429,#1430));
#643=EDGE_LOOP('',(#1431,#1432,#1433,#1434));
#644=EDGE_LOOP('',(#1435,#1436,#1437,#1438));
#645=EDGE_LOOP('',(#1439,#1440,#1441,#1442));
#646=EDGE_LOOP('',(#1443,#1444,#1445,#1446));
#647=EDGE_LOOP('',(#1447,#1448,#1449,#1450));
#648=EDGE_LOOP('',(#1451,#1452,#1453,#1454));
#649=EDGE_LOOP('',(#1455,#1456,#1457,#1458));
#650=EDGE_LOOP('',(#1459,#1460,#1461,#1462));
#651=EDGE_LOOP('',(#1463,#1464,#1465,#1466));
#652=EDGE_LOOP('',(#1467,#1468,#1469,#1470));
#653=EDGE_LOOP('',(#1471,#1472,#1473,#1474));
#654=EDGE_LOOP('',(#1475,#1476,#1477,#1478));
#655=EDGE_LOOP('',(#1479,#1480,#1481,#1482));
#656=EDGE_LOOP('',(#1483,#1484,#1485,#1486));
#657=EDGE_LOOP('',(#1487,#1488,#1489,#1490));
#658=EDGE_LOOP('',(#1491,#1492,#1493,#1494));
#659=EDGE_LOOP('',(#1495,#1496,#1497,#1498,#1499,#1500,#1501,#1502,#1503,
#1504,#1505,#1506,#1507,#1508,#1509,#1510,#1511,#1512,#1513,#1514,#1515,
#1516,#1517,#1518,#1519,#1520,#1521,#1522,#1523,#1524,#1525,#1526,#1527,
#1528,#1529,#1530,#1531,#1532,#1533,#1534,#1535,#1536,#1537,#1538,#1539,
#1540));
#660=EDGE_LOOP('',(#1541,#1542,#1543,#1544));
#661=EDGE_LOOP('',(#1545,#1546,#1547,#1548));
#662=EDGE_LOOP('',(#1549,#1550,#1551,#1552));
#663=EDGE_LOOP('',(#1553,#1554,#1555,#1556));
#664=EDGE_LOOP('',(#1557,#1558,#1559,#1560));
#665=EDGE_LOOP('',(#1561,#1562,#1563,#1564));
#666=EDGE_LOOP('',(#1565,#1566,#1567,#1568));
#667=EDGE_LOOP('',(#1569,#1570,#1571,#1572));
#668=EDGE_LOOP('',(#1573,#1574,#1575,#1576));
#669=EDGE_LOOP('',(#1577,#1578,#1579,#1580));
#670=EDGE_LOOP('',(#1581,#1582,#1583,#1584));
#671=EDGE_LOOP('',(#1585,#1586,#1587,#1588));
#672=EDGE_LOOP('',(#1589,#1590,#1591,#1592));
#673=EDGE_LOOP('',(#1593,#1594,#1595,#1596));
#674=EDGE_LOOP('',(#1597,#1598,#1599,#1600));
#675=EDGE_LOOP('',(#1601,#1602,#1603,#1604));
#676=EDGE_LOOP('',(#1605,#1606,#1607,#1608));
#677=EDGE_LOOP('',(#1609,#1610,#1611,#1612));
#678=EDGE_LOOP('',(#1613,#1614,#1615,#1616));
#679=EDGE_LOOP('',(#1617,#1618,#1619,#1620));
#680=EDGE_LOOP('',(#1621,#1622,#1623,#1624));
#681=EDGE_LOOP('',(#1625,#1626,#1627,#1628));
#682=EDGE_LOOP('',(#1629,#1630,#1631,#1632));
#683=EDGE_LOOP('',(#1633,#1634,#1635,#1636));
#684=EDGE_LOOP('',(#1637,#1638,#1639,#1640));
#685=EDGE_LOOP('',(#1641,#1642,#1643,#1644));
#686=EDGE_LOOP('',(#1645,#1646,#1647,#1648));
#687=EDGE_LOOP('',(#1649,#1650,#1651,#1652));
#688=EDGE_LOOP('',(#1653,#1654,#1655,#1656,#1657));
#689=EDGE_LOOP('',(#1658,#1659,#1660,#1661));
#690=EDGE_LOOP('',(#1662,#1663,#1664,#1665));
#691=EDGE_LOOP('',(#1666,#1667,#1668,#1669));
#692=EDGE_LOOP('',(#1670,#1671,#1672,#1673));
#693=EDGE_LOOP('',(#1674,#1675,#1676,#1677));
#694=EDGE_LOOP('',(#1678,#1679,#1680,#1681));
#695=EDGE_LOOP('',(#1682,#1683,#1684,#1685));
#696=EDGE_LOOP('',(#1686,#1687,#1688,#1689));
#697=EDGE_LOOP('',(#1690,#1691,#1692,#1693));
#698=EDGE_LOOP('',(#1694,#1695,#1696,#1697));
#699=EDGE_LOOP('',(#1698,#1699,#1700,#1701));
#700=EDGE_LOOP('',(#1702,#1703,#1704,#1705));
#701=EDGE_LOOP('',(#1706,#1707,#1708,#1709));
#702=EDGE_LOOP('',(#1710,#1711,#1712,#1713));
#703=EDGE_LOOP('',(#1714,#1715,#1716,#1717));
#704=EDGE_LOOP('',(#1718,#1719,#1720,#1721));
#705=EDGE_LOOP('',(#1722,#1723,#1724,#1725));
#706=EDGE_LOOP('',(#1726,#1727,#1728,#1729));
#707=EDGE_LOOP('',(#1730,#1731,#1732,#1733));
#708=EDGE_LOOP('',(#1734,#1735,#1736,#1737));
#709=EDGE_LOOP('',(#1738,#1739,#1740,#1741));
#710=EDGE_LOOP('',(#1742,#1743,#1744,#1745));
#711=EDGE_LOOP('',(#1746,#1747,#1748,#1749));
#712=EDGE_LOOP('',(#1750,#1751,#1752,#1753));
#713=EDGE_LOOP('',(#1754,#1755,#1756,#1757));
#714=EDGE_LOOP('',(#1758,#1759,#1760,#1761));
#715=EDGE_LOOP('',(#1762,#1763,#1764,#1765));
#716=EDGE_LOOP('',(#1766,#1767,#1768,#1769));
#717=EDGE_LOOP('',(#1770,#1771,#1772,#1773));
#718=EDGE_LOOP('',(#1774,#1775,#1776,#1777));
#719=EDGE_LOOP('',(#1778,#1779,#1780,#1781));
#720=EDGE_LOOP('',(#1782,#1783,#1784,#1785));
#721=EDGE_LOOP('',(#1786,#1787,#1788,#1789));
#722=EDGE_LOOP('',(#1790,#1791,#1792,#1793));
#723=EDGE_LOOP('',(#1794,#1795,#1796,#1797));
#724=EDGE_LOOP('',(#1798,#1799,#1800,#1801));
#725=EDGE_LOOP('',(#1802,#1803,#1804,#1805));
#726=EDGE_LOOP('',(#1806,#1807,#1808,#1809));
#727=EDGE_LOOP('',(#1810,#1811,#1812,#1813));
#728=EDGE_LOOP('',(#1814,#1815,#1816,#1817));
#729=EDGE_LOOP('',(#1818,#1819,#1820,#1821));
#730=EDGE_LOOP('',(#1822,#1823,#1824,#1825));
#731=EDGE_LOOP('',(#1826,#1827,#1828,#1829));
#732=EDGE_LOOP('',(#1830,#1831,#1832,#1833));
#733=EDGE_LOOP('',(#1834,#1835,#1836,#1837));
#734=EDGE_LOOP('',(#1838,#1839,#1840,#1841));
#735=EDGE_LOOP('',(#1842,#1843,#1844,#1845));
#736=EDGE_LOOP('',(#1846,#1847,#1848,#1849));
#737=EDGE_LOOP('',(#1850,#1851,#1852,#1853));
#738=EDGE_LOOP('',(#1854,#1855,#1856,#1857));
#739=EDGE_LOOP('',(#1858,#1859,#1860,#1861));
#740=EDGE_LOOP('',(#1862,#1863,#1864,#1865));
#741=EDGE_LOOP('',(#1866,#1867,#1868,#1869));
#742=EDGE_LOOP('',(#1870,#1871,#1872,#1873));
#743=EDGE_LOOP('',(#1874,#1875,#1876,#1877));
#744=EDGE_LOOP('',(#1878,#1879,#1880,#1881));
#745=EDGE_LOOP('',(#1882,#1883,#1884,#1885));
#746=EDGE_LOOP('',(#1886,#1887,#1888,#1889));
#747=EDGE_LOOP('',(#1890,#1891,#1892,#1893));
#748=EDGE_LOOP('',(#1894,#1895,#1896,#1897));
#749=EDGE_LOOP('',(#1898,#1899,#1900,#1901));
#750=EDGE_LOOP('',(#1902,#1903,#1904,#1905));
#751=EDGE_LOOP('',(#1906,#1907,#1908,#1909));
#752=EDGE_LOOP('',(#1910,#1911,#1912,#1913));
#753=EDGE_LOOP('',(#1914,#1915,#1916,#1917));
#754=EDGE_LOOP('',(#1918,#1919,#1920,#1921));
#755=EDGE_LOOP('',(#1922,#1923,#1924,#1925));
#756=EDGE_LOOP('',(#1926,#1927,#1928,#1929));
#757=EDGE_LOOP('',(#1930,#1931,#1932,#1933));
#758=EDGE_LOOP('',(#1934,#1935,#1936,#1937));
#759=EDGE_LOOP('',(#1938,#1939,#1940,#1941));
#760=EDGE_LOOP('',(#1942,#1943,#1944,#1945));
#761=EDGE_LOOP('',(#1946,#1947,#1948,#1949));
#762=EDGE_LOOP('',(#1950,#1951,#1952,#1953));
#763=EDGE_LOOP('',(#1954,#1955,#1956,#1957));
#764=EDGE_LOOP('',(#1958,#1959,#1960,#1961));
#765=EDGE_LOOP('',(#1962,#1963,#1964,#1965));
#766=EDGE_LOOP('',(#1966,#1967,#1968,#1969));
#767=EDGE_LOOP('',(#1970,#1971,#1972,#1973));
#768=EDGE_LOOP('',(#1974,#1975,#1976,#1977));
#769=EDGE_LOOP('',(#1978,#1979,#1980,#1981));
#770=EDGE_LOOP('',(#1982,#1983,#1984,#1985));
#771=EDGE_LOOP('',(#1986,#1987,#1988,#1989));
#772=EDGE_LOOP('',(#1990,#1991,#1992,#1993));
#773=EDGE_LOOP('',(#1994,#1995,#1996,#1997));
#774=EDGE_LOOP('',(#1998,#1999,#2000,#2001));
#775=LINE('',#2920,#786);
#776=LINE('',#2922,#787);
#777=LINE('',#2924,#788);
#778=LINE('',#2925,#789);
#779=LINE('',#2928,#790);
#780=LINE('',#2930,#791);
#781=LINE('',#2931,#792);
#782=LINE('',#2934,#793);
#783=LINE('',#2936,#794);
#784=LINE('',#2937,#795);
#785=LINE('',#2946,#796);
#786=VECTOR('',#2423,10.);
#787=VECTOR('',#2424,10.);
#788=VECTOR('',#2425,10.);
#789=VECTOR('',#2426,10.);
#790=VECTOR('',#2429,10.);
#791=VECTOR('',#2430,10.);
#792=VECTOR('',#2431,10.);
#793=VECTOR('',#2434,10.);
#794=VECTOR('',#2435,10.);
#795=VECTOR('',#2436,10.);
#796=VECTOR('',#2449,31.95441559);
#797=VERTEX_POINT('',#2918);
#798=VERTEX_POINT('',#2919);
#799=VERTEX_POINT('',#2921);
#800=VERTEX_POINT('',#2923);
#801=VERTEX_POINT('',#2927);
#802=VERTEX_POINT('',#2929);
#803=VERTEX_POINT('',#2933);
#804=VERTEX_POINT('',#2935);
#805=VERTEX_POINT('',#2943);
#806=VERTEX_POINT('',#2945);
#807=VERTEX_POINT('',#2947);
#808=VERTEX_POINT('',#2949);
#809=VERTEX_POINT('',#2951);
#810=VERTEX_POINT('',#2953);
#811=VERTEX_POINT('',#2955);
#812=VERTEX_POINT('',#2957);
#813=VERTEX_POINT('',#2959);
#814=VERTEX_POINT('',#2961);
#815=VERTEX_POINT('',#2963);
#816=VERTEX_POINT('',#2965);
#817=VERTEX_POINT('',#2967);
#818=VERTEX_POINT('',#2969);
#819=VERTEX_POINT('',#2971);
#820=VERTEX_POINT('',#2973);
#821=VERTEX_POINT('',#2975);
#822=VERTEX_POINT('',#2977);
#823=VERTEX_POINT('',#2979);
#824=VERTEX_POINT('',#2981);
#825=VERTEX_POINT('',#2983);
#826=VERTEX_POINT('',#2985);
#827=VERTEX_POINT('',#2987);
#828=VERTEX_POINT('',#2989);
#829=VERTEX_POINT('',#2991);
#830=VERTEX_POINT('',#2993);
#831=VERTEX_POINT('',#2995);
#832=VERTEX_POINT('',#2997);
#833=VERTEX_POINT('',#2999);
#834=VERTEX_POINT('',#3001);
#835=VERTEX_POINT('',#3003);
#836=VERTEX_POINT('',#3005);
#837=VERTEX_POINT('',#3007);
#838=VERTEX_POINT('',#3009);
#839=VERTEX_POINT('',#3011);
#840=VERTEX_POINT('',#3013);
#841=VERTEX_POINT('',#3015);
#842=VERTEX_POINT('',#3017);
#843=VERTEX_POINT('',#3019);
#844=VERTEX_POINT('',#3021);
#845=VERTEX_POINT('',#3023);
#846=VERTEX_POINT('',#3025);
#847=VERTEX_POINT('',#3027);
#848=VERTEX_POINT('',#3029);
#849=VERTEX_POINT('',#3031);
#850=VERTEX_POINT('',#3033);
#851=VERTEX_POINT('',#3035);
#852=VERTEX_POINT('',#3037);
#853=VERTEX_POINT('',#3042);
#854=VERTEX_POINT('',#3077);
#855=VERTEX_POINT('',#3114);
#856=VERTEX_POINT('',#3149);
#857=VERTEX_POINT('',#3186);
#858=VERTEX_POINT('',#3221);
#859=VERTEX_POINT('',#3258);
#860=VERTEX_POINT('',#3293);
#861=VERTEX_POINT('',#3330);
#862=VERTEX_POINT('',#3365);
#863=VERTEX_POINT('',#3402);
#864=VERTEX_POINT('',#3437);
#865=VERTEX_POINT('',#3474);
#866=VERTEX_POINT('',#3509);
#867=VERTEX_POINT('',#3546);
#868=VERTEX_POINT('',#3581);
#869=VERTEX_POINT('',#3618);
#870=VERTEX_POINT('',#3653);
#871=VERTEX_POINT('',#3690);
#872=VERTEX_POINT('',#3725);
#873=VERTEX_POINT('',#3762);
#874=VERTEX_POINT('',#3797);
#875=VERTEX_POINT('',#3834);
#876=VERTEX_POINT('',#3869);
#877=VERTEX_POINT('',#3906);
#878=VERTEX_POINT('',#3941);
#879=VERTEX_POINT('',#3978);
#880=VERTEX_POINT('',#4013);
#881=VERTEX_POINT('',#4050);
#882=VERTEX_POINT('',#4085);
#883=VERTEX_POINT('',#4122);
#884=VERTEX_POINT('',#4157);
#885=VERTEX_POINT('',#4194);
#886=VERTEX_POINT('',#4229);
#887=VERTEX_POINT('',#4266);
#888=VERTEX_POINT('',#4301);
#889=VERTEX_POINT('',#4338);
#890=VERTEX_POINT('',#4373);
#891=VERTEX_POINT('',#4410);
#892=VERTEX_POINT('',#4445);
#893=VERTEX_POINT('',#4482);
#894=VERTEX_POINT('',#4517);
#895=VERTEX_POINT('',#4554);
#896=VERTEX_POINT('',#4589);
#897=VERTEX_POINT('',#4626);
#898=VERTEX_POINT('',#4661);
#899=VERTEX_POINT('',#4745);
#900=VERTEX_POINT('',#4771);
#901=VERTEX_POINT('',#4816);
#902=VERTEX_POINT('',#4817);
#903=VERTEX_POINT('',#4932);
#904=VERTEX_POINT('',#4933);
#905=VERTEX_POINT('',#4984);
#906=VERTEX_POINT('',#4993);
#907=VERTEX_POINT('',#5061);
#908=VERTEX_POINT('',#5062);
#909=VERTEX_POINT('',#5097);
#910=VERTEX_POINT('',#5099);
#911=VERTEX_POINT('',#5236);
#912=VERTEX_POINT('',#5237);
#913=VERTEX_POINT('',#5308);
#914=VERTEX_POINT('',#5309);
#915=VERTEX_POINT('',#5365);
#916=VERTEX_POINT('',#5366);
#917=VERTEX_POINT('',#5401);
#918=VERTEX_POINT('',#5403);
#919=VERTEX_POINT('',#5540);
#920=VERTEX_POINT('',#5541);
#921=VERTEX_POINT('',#5628);
#922=VERTEX_POINT('',#5629);
#923=VERTEX_POINT('',#5704);
#924=VERTEX_POINT('',#5705);
#925=VERTEX_POINT('',#5740);
#926=VERTEX_POINT('',#5742);
#927=VERTEX_POINT('',#5879);
#928=VERTEX_POINT('',#5880);
#929=VERTEX_POINT('',#5951);
#930=VERTEX_POINT('',#5952);
#931=VERTEX_POINT('',#6008);
#932=VERTEX_POINT('',#6009);
#933=VERTEX_POINT('',#6044);
#934=VERTEX_POINT('',#6046);
#935=VERTEX_POINT('',#6183);
#936=VERTEX_POINT('',#6184);
#937=VERTEX_POINT('',#6255);
#938=VERTEX_POINT('',#6256);
#939=VERTEX_POINT('',#6312);
#940=VERTEX_POINT('',#6313);
#941=VERTEX_POINT('',#6348);
#942=VERTEX_POINT('',#6350);
#943=VERTEX_POINT('',#6487);
#944=VERTEX_POINT('',#6488);
#945=VERTEX_POINT('',#6575);
#946=VERTEX_POINT('',#6576);
#947=VERTEX_POINT('',#6632);
#948=VERTEX_POINT('',#6633);
#949=VERTEX_POINT('',#6668);
#950=VERTEX_POINT('',#6670);
#951=VERTEX_POINT('',#6807);
#952=VERTEX_POINT('',#6808);
#953=VERTEX_POINT('',#6879);
#954=VERTEX_POINT('',#6880);
#955=VERTEX_POINT('',#6936);
#956=VERTEX_POINT('',#6937);
#957=VERTEX_POINT('',#6972);
#958=VERTEX_POINT('',#6974);
#959=VERTEX_POINT('',#7111);
#960=VERTEX_POINT('',#7112);
#961=VERTEX_POINT('',#7183);
#962=VERTEX_POINT('',#7184);
#963=VERTEX_POINT('',#7240);
#964=VERTEX_POINT('',#7241);
#965=VERTEX_POINT('',#7276);
#966=VERTEX_POINT('',#7278);
#967=VERTEX_POINT('',#7434);
#968=VERTEX_POINT('',#7435);
#969=VERTEX_POINT('',#7506);
#970=VERTEX_POINT('',#7507);
#971=VERTEX_POINT('',#7563);
#972=VERTEX_POINT('',#7564);
#973=VERTEX_POINT('',#7599);
#974=VERTEX_POINT('',#7601);
#975=VERTEX_POINT('',#7738);
#976=VERTEX_POINT('',#7739);
#977=VERTEX_POINT('',#7810);
#978=VERTEX_POINT('',#7811);
#979=VERTEX_POINT('',#7867);
#980=VERTEX_POINT('',#7868);
#981=VERTEX_POINT('',#7903);
#982=VERTEX_POINT('',#7905);
#983=VERTEX_POINT('',#8042);
#984=VERTEX_POINT('',#8043);
#985=VERTEX_POINT('',#8114);
#986=VERTEX_POINT('',#8115);
#987=VERTEX_POINT('',#8194);
#988=VERTEX_POINT('',#8195);
#989=VERTEX_POINT('',#8266);
#990=VERTEX_POINT('',#8267);
#991=EDGE_CURVE('',#797,#798,#775,.T.);
#992=EDGE_CURVE('',#797,#799,#776,.T.);
#993=EDGE_CURVE('',#799,#800,#777,.T.);
#994=EDGE_CURVE('',#798,#800,#778,.T.);
#995=EDGE_CURVE('',#801,#797,#779,.T.);
#996=EDGE_CURVE('',#801,#802,#780,.T.);
#997=EDGE_CURVE('',#802,#799,#781,.T.);
#998=EDGE_CURVE('',#803,#801,#782,.T.);
#999=EDGE_CURVE('',#803,#804,#783,.T.);
#1000=EDGE_CURVE('',#804,#802,#784,.T.);
#1001=EDGE_CURVE('',#798,#803,#338,.T.);
#1002=EDGE_CURVE('',#800,#804,#339,.T.);
#1003=EDGE_CURVE('',#805,#805,#340,.T.);
#1004=EDGE_CURVE('',#805,#806,#785,.T.);
#1005=EDGE_CURVE('',#806,#807,#341,.T.);
#1006=EDGE_CURVE('',#807,#808,#342,.T.);
#1007=EDGE_CURVE('',#808,#809,#343,.T.);
#1008=EDGE_CURVE('',#809,#810,#344,.T.);
#1009=EDGE_CURVE('',#810,#811,#345,.T.);
#1010=EDGE_CURVE('',#811,#812,#346,.T.);
#1011=EDGE_CURVE('',#812,#813,#347,.T.);
#1012=EDGE_CURVE('',#813,#814,#348,.T.);
#1013=EDGE_CURVE('',#814,#815,#349,.T.);
#1014=EDGE_CURVE('',#815,#816,#350,.T.);
#1015=EDGE_CURVE('',#816,#817,#351,.T.);
#1016=EDGE_CURVE('',#817,#818,#352,.T.);
#1017=EDGE_CURVE('',#818,#819,#353,.T.);
#1018=EDGE_CURVE('',#819,#820,#354,.T.);
#1019=EDGE_CURVE('',#820,#821,#355,.T.);
#1020=EDGE_CURVE('',#821,#822,#356,.T.);
#1021=EDGE_CURVE('',#822,#823,#357,.T.);
#1022=EDGE_CURVE('',#823,#824,#358,.T.);
#1023=EDGE_CURVE('',#824,#825,#359,.T.);
#1024=EDGE_CURVE('',#825,#826,#360,.T.);
#1025=EDGE_CURVE('',#826,#827,#361,.T.);
#1026=EDGE_CURVE('',#827,#828,#362,.T.);
#1027=EDGE_CURVE('',#828,#829,#363,.T.);
#1028=EDGE_CURVE('',#829,#830,#364,.T.);
#1029=EDGE_CURVE('',#830,#831,#365,.T.);
#1030=EDGE_CURVE('',#831,#832,#366,.T.);
#1031=EDGE_CURVE('',#832,#833,#367,.T.);
#1032=EDGE_CURVE('',#833,#834,#368,.T.);
#1033=EDGE_CURVE('',#834,#835,#369,.T.);
#1034=EDGE_CURVE('',#835,#836,#370,.T.);
#1035=EDGE_CURVE('',#836,#837,#371,.T.);
#1036=EDGE_CURVE('',#837,#838,#372,.T.);
#1037=EDGE_CURVE('',#838,#839,#373,.T.);
#1038=EDGE_CURVE('',#839,#840,#374,.T.);
#1039=EDGE_CURVE('',#840,#841,#375,.T.);
#1040=EDGE_CURVE('',#841,#842,#376,.T.);
#1041=EDGE_CURVE('',#842,#843,#377,.T.);
#1042=EDGE_CURVE('',#843,#844,#378,.T.);
#1043=EDGE_CURVE('',#844,#845,#379,.T.);
#1044=EDGE_CURVE('',#845,#846,#380,.T.);
#1045=EDGE_CURVE('',#846,#847,#381,.T.);
#1046=EDGE_CURVE('',#847,#848,#382,.T.);
#1047=EDGE_CURVE('',#848,#849,#383,.T.);
#1048=EDGE_CURVE('',#849,#850,#384,.T.);
#1049=EDGE_CURVE('',#850,#851,#385,.T.);
#1050=EDGE_CURVE('',#851,#852,#386,.T.);
#1051=EDGE_CURVE('',#852,#806,#387,.T.);
#1052=EDGE_CURVE('',#853,#842,#61,.T.);
#1053=EDGE_CURVE('',#841,#854,#62,.T.);
#1054=EDGE_CURVE('',#854,#853,#388,.T.);
#1055=EDGE_CURVE('',#855,#848,#63,.T.);
#1056=EDGE_CURVE('',#847,#856,#64,.T.);
#1057=EDGE_CURVE('',#856,#855,#389,.T.);
#1058=EDGE_CURVE('',#857,#850,#65,.T.);
#1059=EDGE_CURVE('',#849,#858,#66,.T.);
#1060=EDGE_CURVE('',#858,#857,#390,.T.);
#1061=EDGE_CURVE('',#859,#852,#67,.T.);
#1062=EDGE_CURVE('',#851,#860,#68,.T.);
#1063=EDGE_CURVE('',#860,#859,#391,.T.);
#1064=EDGE_CURVE('',#861,#808,#69,.T.);
#1065=EDGE_CURVE('',#807,#862,#70,.T.);
#1066=EDGE_CURVE('',#862,#861,#392,.T.);
#1067=EDGE_CURVE('',#863,#810,#71,.T.);
#1068=EDGE_CURVE('',#809,#864,#72,.T.);
#1069=EDGE_CURVE('',#864,#863,#393,.T.);
#1070=EDGE_CURVE('',#865,#812,#73,.T.);
#1071=EDGE_CURVE('',#811,#866,#74,.T.);
#1072=EDGE_CURVE('',#866,#865,#394,.T.);
#1073=EDGE_CURVE('',#867,#814,#75,.T.);
#1074=EDGE_CURVE('',#813,#868,#76,.T.);
#1075=EDGE_CURVE('',#868,#867,#395,.T.);
#1076=EDGE_CURVE('',#869,#816,#77,.T.);
#1077=EDGE_CURVE('',#815,#870,#78,.T.);
#1078=EDGE_CURVE('',#870,#869,#396,.T.);
#1079=EDGE_CURVE('',#871,#818,#79,.T.);
#1080=EDGE_CURVE('',#817,#872,#80,.T.);
#1081=EDGE_CURVE('',#872,#871,#397,.T.);
#1082=EDGE_CURVE('',#873,#820,#81,.T.);
#1083=EDGE_CURVE('',#819,#874,#82,.T.);
#1084=EDGE_CURVE('',#874,#873,#398,.T.);
#1085=EDGE_CURVE('',#875,#822,#83,.T.);
#1086=EDGE_CURVE('',#821,#876,#84,.T.);
#1087=EDGE_CURVE('',#876,#875,#399,.T.);
#1088=EDGE_CURVE('',#877,#824,#85,.T.);
#1089=EDGE_CURVE('',#823,#878,#86,.T.);
#1090=EDGE_CURVE('',#878,#877,#400,.T.);
#1091=EDGE_CURVE('',#879,#826,#87,.T.);
#1092=EDGE_CURVE('',#825,#880,#88,.T.);
#1093=EDGE_CURVE('',#880,#879,#401,.T.);
#1094=EDGE_CURVE('',#881,#828,#89,.T.);
#1095=EDGE_CURVE('',#827,#882,#90,.T.);
#1096=EDGE_CURVE('',#882,#881,#402,.T.);
#1097=EDGE_CURVE('',#883,#830,#91,.T.);
#1098=EDGE_CURVE('',#829,#884,#92,.T.);
#1099=EDGE_CURVE('',#884,#883,#403,.T.);
#1100=EDGE_CURVE('',#885,#832,#93,.T.);
#1101=EDGE_CURVE('',#831,#886,#94,.T.);
#1102=EDGE_CURVE('',#886,#885,#404,.T.);
#1103=EDGE_CURVE('',#887,#834,#95,.T.);
#1104=EDGE_CURVE('',#833,#888,#96,.T.);
#1105=EDGE_CURVE('',#888,#887,#405,.T.);
#1106=EDGE_CURVE('',#889,#836,#97,.T.);
#1107=EDGE_CURVE('',#835,#890,#98,.T.);
#1108=EDGE_CURVE('',#890,#889,#406,.T.);
#1109=EDGE_CURVE('',#891,#838,#99,.T.);
#1110=EDGE_CURVE('',#837,#892,#100,.T.);
#1111=EDGE_CURVE('',#892,#891,#407,.T.);
#1112=EDGE_CURVE('',#839,#893,#101,.T.);
#1113=EDGE_CURVE('',#893,#894,#408,.T.);
#1114=EDGE_CURVE('',#894,#840,#102,.T.);
#1115=EDGE_CURVE('',#895,#844,#103,.T.);
#1116=EDGE_CURVE('',#843,#896,#104,.T.);
#1117=EDGE_CURVE('',#896,#895,#409,.T.);
#1118=EDGE_CURVE('',#845,#897,#105,.T.);
#1119=EDGE_CURVE('',#897,#898,#410,.T.);
#1120=EDGE_CURVE('',#898,#846,#106,.T.);
#1121=EDGE_CURVE('',#891,#893,#411,.T.);
#1122=EDGE_CURVE('',#889,#892,#412,.T.);
#1123=EDGE_CURVE('',#887,#890,#413,.T.);
#1124=EDGE_CURVE('',#885,#888,#414,.T.);
#1125=EDGE_CURVE('',#883,#886,#415,.T.);
#1126=EDGE_CURVE('',#881,#884,#416,.T.);
#1127=EDGE_CURVE('',#879,#882,#417,.T.);
#1128=EDGE_CURVE('',#877,#880,#418,.T.);
#1129=EDGE_CURVE('',#875,#878,#419,.T.);
#1130=EDGE_CURVE('',#873,#876,#420,.T.);
#1131=EDGE_CURVE('',#871,#874,#421,.T.);
#1132=EDGE_CURVE('',#869,#872,#422,.T.);
#1133=EDGE_CURVE('',#867,#870,#423,.T.);
#1134=EDGE_CURVE('',#865,#868,#424,.T.);
#1135=EDGE_CURVE('',#863,#866,#425,.T.);
#1136=EDGE_CURVE('',#861,#864,#426,.T.);
#1137=EDGE_CURVE('',#859,#862,#427,.T.);
#1138=EDGE_CURVE('',#857,#860,#428,.T.);
#1139=EDGE_CURVE('',#855,#858,#429,.T.);
#1140=EDGE_CURVE('',#898,#856,#430,.T.);
#1141=EDGE_CURVE('',#895,#897,#431,.T.);
#1142=EDGE_CURVE('',#853,#896,#432,.T.);
#1143=EDGE_CURVE('',#894,#854,#433,.T.);
#1144=EDGE_CURVE('',#899,#841,#107,.T.);
#1145=EDGE_CURVE('',#900,#899,#108,.T.);
#1146=EDGE_CURVE('',#854,#900,#109,.T.);
#1147=EDGE_CURVE('',#901,#902,#110,.T.);
#1148=EDGE_CURVE('',#902,#900,#434,.T.);
#1149=EDGE_CURVE('',#901,#899,#435,.T.);
#1150=EDGE_CURVE('',#840,#901,#111,.T.);
#1151=EDGE_CURVE('',#902,#894,#112,.T.);
#1152=EDGE_CURVE('',#903,#904,#113,.T.);
#1153=EDGE_CURVE('',#896,#903,#114,.T.);
#1154=EDGE_CURVE('',#904,#843,#115,.T.);
#1155=EDGE_CURVE('',#905,#903,#436,.T.);
#1156=EDGE_CURVE('',#905,#853,#116,.T.);
#1157=EDGE_CURVE('',#842,#906,#117,.T.);
#1158=EDGE_CURVE('',#906,#904,#437,.T.);
#1159=EDGE_CURVE('',#906,#905,#118,.T.);
#1160=EDGE_CURVE('',#907,#908,#119,.T.);
#1161=EDGE_CURVE('',#908,#909,#438,.T.);
#1162=EDGE_CURVE('',#909,#910,#120,.T.);
#1163=EDGE_CURVE('',#907,#910,#439,.T.);
#1164=EDGE_CURVE('',#846,#907,#121,.T.);
#1165=EDGE_CURVE('',#910,#847,#122,.T.);
#1166=EDGE_CURVE('',#908,#898,#123,.T.);
#1167=EDGE_CURVE('',#856,#909,#124,.T.);
#1168=EDGE_CURVE('',#911,#912,#125,.T.);
#1169=EDGE_CURVE('',#848,#911,#126,.T.);
#1170=EDGE_CURVE('',#912,#855,#127,.T.);
#1171=EDGE_CURVE('',#913,#914,#128,.T.);
#1172=EDGE_CURVE('',#858,#913,#129,.T.);
#1173=EDGE_CURVE('',#914,#849,#130,.T.);
#1174=EDGE_CURVE('',#912,#913,#440,.T.);
#1175=EDGE_CURVE('',#911,#914,#441,.T.);
#1176=EDGE_CURVE('',#915,#916,#131,.T.);
#1177=EDGE_CURVE('',#916,#917,#442,.T.);
#1178=EDGE_CURVE('',#917,#918,#132,.T.);
#1179=EDGE_CURVE('',#915,#918,#443,.T.);
#1180=EDGE_CURVE('',#850,#915,#133,.T.);
#1181=EDGE_CURVE('',#918,#851,#134,.T.);
#1182=EDGE_CURVE('',#916,#857,#135,.T.);
#1183=EDGE_CURVE('',#860,#917,#136,.T.);
#1184=EDGE_CURVE('',#919,#920,#137,.T.);
#1185=EDGE_CURVE('',#852,#919,#138,.T.);
#1186=EDGE_CURVE('',#920,#859,#139,.T.);
#1187=EDGE_CURVE('',#921,#922,#140,.T.);
#1188=EDGE_CURVE('',#862,#921,#141,.T.);
#1189=EDGE_CURVE('',#922,#807,#142,.T.);
#1190=EDGE_CURVE('',#920,#921,#444,.T.);
#1191=EDGE_CURVE('',#919,#922,#445,.T.);
#1192=EDGE_CURVE('',#923,#924,#143,.T.);
#1193=EDGE_CURVE('',#924,#925,#446,.T.);
#1194=EDGE_CURVE('',#925,#926,#144,.T.);
#1195=EDGE_CURVE('',#923,#926,#447,.T.);
#1196=EDGE_CURVE('',#808,#923,#145,.T.);
#1197=EDGE_CURVE('',#926,#809,#146,.T.);
#1198=EDGE_CURVE('',#924,#861,#147,.T.);
#1199=EDGE_CURVE('',#864,#925,#148,.T.);
#1200=EDGE_CURVE('',#927,#928,#149,.T.);
#1201=EDGE_CURVE('',#810,#927,#150,.T.);
#1202=EDGE_CURVE('',#928,#863,#151,.T.);
#1203=EDGE_CURVE('',#929,#930,#152,.T.);
#1204=EDGE_CURVE('',#866,#929,#153,.T.);
#1205=EDGE_CURVE('',#930,#811,#154,.T.);
#1206=EDGE_CURVE('',#928,#929,#448,.T.);
#1207=EDGE_CURVE('',#927,#930,#449,.T.);
#1208=EDGE_CURVE('',#931,#932,#155,.T.);
#1209=EDGE_CURVE('',#932,#933,#450,.T.);
#1210=EDGE_CURVE('',#933,#934,#156,.T.);
#1211=EDGE_CURVE('',#931,#934,#451,.T.);
#1212=EDGE_CURVE('',#812,#931,#157,.T.);
#1213=EDGE_CURVE('',#934,#813,#158,.T.);
#1214=EDGE_CURVE('',#932,#865,#159,.T.);
#1215=EDGE_CURVE('',#868,#933,#160,.T.);
#1216=EDGE_CURVE('',#935,#936,#161,.T.);
#1217=EDGE_CURVE('',#814,#935,#162,.T.);
#1218=EDGE_CURVE('',#936,#867,#163,.T.);
#1219=EDGE_CURVE('',#937,#938,#164,.T.);
#1220=EDGE_CURVE('',#870,#937,#165,.T.);
#1221=EDGE_CURVE('',#938,#815,#166,.T.);
#1222=EDGE_CURVE('',#936,#937,#452,.T.);
#1223=EDGE_CURVE('',#935,#938,#453,.T.);
#1224=EDGE_CURVE('',#939,#940,#167,.T.);
#1225=EDGE_CURVE('',#940,#941,#454,.T.);
#1226=EDGE_CURVE('',#941,#942,#168,.T.);
#1227=EDGE_CURVE('',#939,#942,#455,.T.);
#1228=EDGE_CURVE('',#816,#939,#169,.T.);
#1229=EDGE_CURVE('',#942,#817,#170,.T.);
#1230=EDGE_CURVE('',#940,#869,#171,.T.);
#1231=EDGE_CURVE('',#872,#941,#172,.T.);
#1232=EDGE_CURVE('',#943,#944,#173,.T.);
#1233=EDGE_CURVE('',#818,#943,#174,.T.);
#1234=EDGE_CURVE('',#944,#871,#175,.T.);
#1235=EDGE_CURVE('',#945,#946,#176,.T.);
#1236=EDGE_CURVE('',#874,#945,#177,.T.);
#1237=EDGE_CURVE('',#946,#819,#178,.T.);
#1238=EDGE_CURVE('',#944,#945,#456,.T.);
#1239=EDGE_CURVE('',#943,#946,#457,.T.);
#1240=EDGE_CURVE('',#947,#948,#179,.T.);
#1241=EDGE_CURVE('',#948,#949,#458,.T.);
#1242=EDGE_CURVE('',#949,#950,#180,.T.);
#1243=EDGE_CURVE('',#947,#950,#459,.T.);
#1244=EDGE_CURVE('',#820,#947,#181,.T.);
#1245=EDGE_CURVE('',#950,#821,#182,.T.);
#1246=EDGE_CURVE('',#948,#873,#183,.T.);
#1247=EDGE_CURVE('',#876,#949,#184,.T.);
#1248=EDGE_CURVE('',#951,#952,#185,.T.);
#1249=EDGE_CURVE('',#822,#951,#186,.T.);
#1250=EDGE_CURVE('',#952,#875,#187,.T.);
#1251=EDGE_CURVE('',#953,#954,#188,.T.);
#1252=EDGE_CURVE('',#878,#953,#189,.T.);
#1253=EDGE_CURVE('',#954,#823,#190,.T.);
#1254=EDGE_CURVE('',#952,#953,#460,.T.);
#1255=EDGE_CURVE('',#951,#954,#461,.T.);
#1256=EDGE_CURVE('',#955,#956,#191,.T.);
#1257=EDGE_CURVE('',#956,#957,#462,.T.);
#1258=EDGE_CURVE('',#957,#958,#192,.T.);
#1259=EDGE_CURVE('',#955,#958,#463,.T.);
#1260=EDGE_CURVE('',#824,#955,#193,.T.);
#1261=EDGE_CURVE('',#958,#825,#194,.T.);
#1262=EDGE_CURVE('',#956,#877,#195,.T.);
#1263=EDGE_CURVE('',#880,#957,#196,.T.);
#1264=EDGE_CURVE('',#959,#960,#197,.T.);
#1265=EDGE_CURVE('',#826,#959,#198,.T.);
#1266=EDGE_CURVE('',#960,#879,#199,.T.);
#1267=EDGE_CURVE('',#961,#962,#200,.T.);
#1268=EDGE_CURVE('',#882,#961,#201,.T.);
#1269=EDGE_CURVE('',#962,#827,#202,.T.);
#1270=EDGE_CURVE('',#960,#961,#464,.T.);
#1271=EDGE_CURVE('',#959,#962,#465,.T.);
#1272=EDGE_CURVE('',#963,#964,#203,.T.);
#1273=EDGE_CURVE('',#964,#965,#466,.T.);
#1274=EDGE_CURVE('',#965,#966,#204,.T.);
#1275=EDGE_CURVE('',#963,#966,#467,.T.);
#1276=EDGE_CURVE('',#828,#963,#205,.T.);
#1277=EDGE_CURVE('',#966,#829,#206,.T.);
#1278=EDGE_CURVE('',#964,#881,#207,.T.);
#1279=EDGE_CURVE('',#884,#965,#208,.T.);
#1280=EDGE_CURVE('',#967,#968,#209,.T.);
#1281=EDGE_CURVE('',#830,#967,#210,.T.);
#1282=EDGE_CURVE('',#968,#883,#211,.T.);
#1283=EDGE_CURVE('',#969,#970,#212,.T.);
#1284=EDGE_CURVE('',#886,#969,#213,.T.);
#1285=EDGE_CURVE('',#970,#831,#214,.T.);
#1286=EDGE_CURVE('',#968,#969,#468,.T.);
#1287=EDGE_CURVE('',#967,#970,#469,.T.);
#1288=EDGE_CURVE('',#971,#972,#215,.T.);
#1289=EDGE_CURVE('',#972,#973,#470,.T.);
#1290=EDGE_CURVE('',#973,#974,#216,.T.);
#1291=EDGE_CURVE('',#971,#974,#471,.T.);
#1292=EDGE_CURVE('',#832,#971,#217,.T.);
#1293=EDGE_CURVE('',#974,#833,#218,.T.);
#1294=EDGE_CURVE('',#972,#885,#219,.T.);
#1295=EDGE_CURVE('',#888,#973,#220,.T.);
#1296=EDGE_CURVE('',#975,#976,#221,.T.);
#1297=EDGE_CURVE('',#834,#975,#222,.T.);
#1298=EDGE_CURVE('',#976,#887,#223,.T.);
#1299=EDGE_CURVE('',#977,#978,#224,.T.);
#1300=EDGE_CURVE('',#890,#977,#225,.T.);
#1301=EDGE_CURVE('',#978,#835,#226,.T.);
#1302=EDGE_CURVE('',#976,#977,#472,.T.);
#1303=EDGE_CURVE('',#975,#978,#473,.T.);
#1304=EDGE_CURVE('',#979,#980,#227,.T.);
#1305=EDGE_CURVE('',#980,#981,#474,.T.);
#1306=EDGE_CURVE('',#981,#982,#228,.T.);
#1307=EDGE_CURVE('',#979,#982,#475,.T.);
#1308=EDGE_CURVE('',#836,#979,#229,.T.);
#1309=EDGE_CURVE('',#982,#837,#230,.T.);
#1310=EDGE_CURVE('',#980,#889,#231,.T.);
#1311=EDGE_CURVE('',#892,#981,#232,.T.);
#1312=EDGE_CURVE('',#983,#984,#233,.T.);
#1313=EDGE_CURVE('',#838,#983,#234,.T.);
#1314=EDGE_CURVE('',#984,#891,#235,.T.);
#1315=EDGE_CURVE('',#985,#986,#236,.T.);
#1316=EDGE_CURVE('',#893,#985,#237,.T.);
#1317=EDGE_CURVE('',#986,#839,#238,.T.);
#1318=EDGE_CURVE('',#984,#985,#476,.T.);
#1319=EDGE_CURVE('',#983,#986,#477,.T.);
#1320=EDGE_CURVE('',#987,#988,#239,.T.);
#1321=EDGE_CURVE('',#844,#987,#240,.T.);
#1322=EDGE_CURVE('',#988,#895,#241,.T.);
#1323=EDGE_CURVE('',#989,#990,#242,.T.);
#1324=EDGE_CURVE('',#897,#989,#243,.T.);
#1325=EDGE_CURVE('',#990,#845,#244,.T.);
#1326=EDGE_CURVE('',#987,#990,#478,.T.);
#1327=EDGE_CURVE('',#988,#989,#479,.T.);
#1328=ORIENTED_EDGE('',*,*,#991,.F.);
#1329=ORIENTED_EDGE('',*,*,#992,.T.);
#1330=ORIENTED_EDGE('',*,*,#993,.T.);
#1331=ORIENTED_EDGE('',*,*,#994,.F.);
#1332=ORIENTED_EDGE('',*,*,#995,.F.);
#1333=ORIENTED_EDGE('',*,*,#996,.T.);
#1334=ORIENTED_EDGE('',*,*,#997,.T.);
#1335=ORIENTED_EDGE('',*,*,#992,.F.);
#1336=ORIENTED_EDGE('',*,*,#998,.F.);
#1337=ORIENTED_EDGE('',*,*,#999,.T.);
#1338=ORIENTED_EDGE('',*,*,#1000,.T.);
#1339=ORIENTED_EDGE('',*,*,#996,.F.);
#1340=ORIENTED_EDGE('',*,*,#1001,.F.);
#1341=ORIENTED_EDGE('',*,*,#994,.T.);
#1342=ORIENTED_EDGE('',*,*,#1002,.T.);
#1343=ORIENTED_EDGE('',*,*,#999,.F.);
#1344=ORIENTED_EDGE('',*,*,#1002,.F.);
#1345=ORIENTED_EDGE('',*,*,#993,.F.);
#1346=ORIENTED_EDGE('',*,*,#997,.F.);
#1347=ORIENTED_EDGE('',*,*,#1000,.F.);
#1348=ORIENTED_EDGE('',*,*,#1003,.F.);
#1349=ORIENTED_EDGE('',*,*,#1004,.T.);
#1350=ORIENTED_EDGE('',*,*,#1005,.T.);
#1351=ORIENTED_EDGE('',*,*,#1006,.T.);
#1352=ORIENTED_EDGE('',*,*,#1007,.T.);
#1353=ORIENTED_EDGE('',*,*,#1008,.T.);
#1354=ORIENTED_EDGE('',*,*,#1009,.T.);
#1355=ORIENTED_EDGE('',*,*,#1010,.T.);
#1356=ORIENTED_EDGE('',*,*,#1011,.T.);
#1357=ORIENTED_EDGE('',*,*,#1012,.T.);
#1358=ORIENTED_EDGE('',*,*,#1013,.T.);
#1359=ORIENTED_EDGE('',*,*,#1014,.T.);
#1360=ORIENTED_EDGE('',*,*,#1015,.T.);
#1361=ORIENTED_EDGE('',*,*,#1016,.T.);
#1362=ORIENTED_EDGE('',*,*,#1017,.T.);
#1363=ORIENTED_EDGE('',*,*,#1018,.T.);
#1364=ORIENTED_EDGE('',*,*,#1019,.T.);
#1365=ORIENTED_EDGE('',*,*,#1020,.T.);
#1366=ORIENTED_EDGE('',*,*,#1021,.T.);
#1367=ORIENTED_EDGE('',*,*,#1022,.T.);
#1368=ORIENTED_EDGE('',*,*,#1023,.T.);
#1369=ORIENTED_EDGE('',*,*,#1024,.T.);
#1370=ORIENTED_EDGE('',*,*,#1025,.T.);
#1371=ORIENTED_EDGE('',*,*,#1026,.T.);
#1372=ORIENTED_EDGE('',*,*,#1027,.T.);
#1373=ORIENTED_EDGE('',*,*,#1028,.T.);
#1374=ORIENTED_EDGE('',*,*,#1029,.T.);
#1375=ORIENTED_EDGE('',*,*,#1030,.T.);
#1376=ORIENTED_EDGE('',*,*,#1031,.T.);
#1377=ORIENTED_EDGE('',*,*,#1032,.T.);
#1378=ORIENTED_EDGE('',*,*,#1033,.T.);
#1379=ORIENTED_EDGE('',*,*,#1034,.T.);
#1380=ORIENTED_EDGE('',*,*,#1035,.T.);
#1381=ORIENTED_EDGE('',*,*,#1036,.T.);
#1382=ORIENTED_EDGE('',*,*,#1037,.T.);
#1383=ORIENTED_EDGE('',*,*,#1038,.T.);
#1384=ORIENTED_EDGE('',*,*,#1039,.T.);
#1385=ORIENTED_EDGE('',*,*,#1040,.T.);
#1386=ORIENTED_EDGE('',*,*,#1041,.T.);
#1387=ORIENTED_EDGE('',*,*,#1042,.T.);
#1388=ORIENTED_EDGE('',*,*,#1043,.T.);
#1389=ORIENTED_EDGE('',*,*,#1044,.T.);
#1390=ORIENTED_EDGE('',*,*,#1045,.T.);
#1391=ORIENTED_EDGE('',*,*,#1046,.T.);
#1392=ORIENTED_EDGE('',*,*,#1047,.T.);
#1393=ORIENTED_EDGE('',*,*,#1048,.T.);
#1394=ORIENTED_EDGE('',*,*,#1049,.T.);
#1395=ORIENTED_EDGE('',*,*,#1050,.T.);
#1396=ORIENTED_EDGE('',*,*,#1051,.T.);
#1397=ORIENTED_EDGE('',*,*,#1004,.F.);
#1398=ORIENTED_EDGE('',*,*,#1003,.T.);
#1399=ORIENTED_EDGE('',*,*,#991,.T.);
#1400=ORIENTED_EDGE('',*,*,#1001,.T.);
#1401=ORIENTED_EDGE('',*,*,#998,.T.);
#1402=ORIENTED_EDGE('',*,*,#995,.T.);
#1403=ORIENTED_EDGE('',*,*,#1052,.T.);
#1404=ORIENTED_EDGE('',*,*,#1040,.F.);
#1405=ORIENTED_EDGE('',*,*,#1053,.T.);
#1406=ORIENTED_EDGE('',*,*,#1054,.T.);
#1407=ORIENTED_EDGE('',*,*,#1055,.T.);
#1408=ORIENTED_EDGE('',*,*,#1046,.F.);
#1409=ORIENTED_EDGE('',*,*,#1056,.T.);
#1410=ORIENTED_EDGE('',*,*,#1057,.T.);
#1411=ORIENTED_EDGE('',*,*,#1058,.T.);
#1412=ORIENTED_EDGE('',*,*,#1048,.F.);
#1413=ORIENTED_EDGE('',*,*,#1059,.T.);
#1414=ORIENTED_EDGE('',*,*,#1060,.T.);
#1415=ORIENTED_EDGE('',*,*,#1061,.T.);
#1416=ORIENTED_EDGE('',*,*,#1050,.F.);
#1417=ORIENTED_EDGE('',*,*,#1062,.T.);
#1418=ORIENTED_EDGE('',*,*,#1063,.T.);
#1419=ORIENTED_EDGE('',*,*,#1064,.T.);
#1420=ORIENTED_EDGE('',*,*,#1006,.F.);
#1421=ORIENTED_EDGE('',*,*,#1065,.T.);
#1422=ORIENTED_EDGE('',*,*,#1066,.T.);
#1423=ORIENTED_EDGE('',*,*,#1067,.T.);
#1424=ORIENTED_EDGE('',*,*,#1008,.F.);
#1425=ORIENTED_EDGE('',*,*,#1068,.T.);
#1426=ORIENTED_EDGE('',*,*,#1069,.T.);
#1427=ORIENTED_EDGE('',*,*,#1070,.T.);
#1428=ORIENTED_EDGE('',*,*,#1010,.F.);
#1429=ORIENTED_EDGE('',*,*,#1071,.T.);
#1430=ORIENTED_EDGE('',*,*,#1072,.T.);
#1431=ORIENTED_EDGE('',*,*,#1073,.T.);
#1432=ORIENTED_EDGE('',*,*,#1012,.F.);
#1433=ORIENTED_EDGE('',*,*,#1074,.T.);
#1434=ORIENTED_EDGE('',*,*,#1075,.T.);
#1435=ORIENTED_EDGE('',*,*,#1076,.T.);
#1436=ORIENTED_EDGE('',*,*,#1014,.F.);
#1437=ORIENTED_EDGE('',*,*,#1077,.T.);
#1438=ORIENTED_EDGE('',*,*,#1078,.T.);
#1439=ORIENTED_EDGE('',*,*,#1079,.T.);
#1440=ORIENTED_EDGE('',*,*,#1016,.F.);
#1441=ORIENTED_EDGE('',*,*,#1080,.T.);
#1442=ORIENTED_EDGE('',*,*,#1081,.T.);
#1443=ORIENTED_EDGE('',*,*,#1082,.T.);
#1444=ORIENTED_EDGE('',*,*,#1018,.F.);
#1445=ORIENTED_EDGE('',*,*,#1083,.T.);
#1446=ORIENTED_EDGE('',*,*,#1084,.T.);
#1447=ORIENTED_EDGE('',*,*,#1085,.T.);
#1448=ORIENTED_EDGE('',*,*,#1020,.F.);
#1449=ORIENTED_EDGE('',*,*,#1086,.T.);
#1450=ORIENTED_EDGE('',*,*,#1087,.T.);
#1451=ORIENTED_EDGE('',*,*,#1088,.T.);
#1452=ORIENTED_EDGE('',*,*,#1022,.F.);
#1453=ORIENTED_EDGE('',*,*,#1089,.T.);
#1454=ORIENTED_EDGE('',*,*,#1090,.T.);
#1455=ORIENTED_EDGE('',*,*,#1091,.T.);
#1456=ORIENTED_EDGE('',*,*,#1024,.F.);
#1457=ORIENTED_EDGE('',*,*,#1092,.T.);
#1458=ORIENTED_EDGE('',*,*,#1093,.T.);
#1459=ORIENTED_EDGE('',*,*,#1094,.T.);
#1460=ORIENTED_EDGE('',*,*,#1026,.F.);
#1461=ORIENTED_EDGE('',*,*,#1095,.T.);
#1462=ORIENTED_EDGE('',*,*,#1096,.T.);
#1463=ORIENTED_EDGE('',*,*,#1097,.T.);
#1464=ORIENTED_EDGE('',*,*,#1028,.F.);
#1465=ORIENTED_EDGE('',*,*,#1098,.T.);
#1466=ORIENTED_EDGE('',*,*,#1099,.T.);
#1467=ORIENTED_EDGE('',*,*,#1100,.T.);
#1468=ORIENTED_EDGE('',*,*,#1030,.F.);
#1469=ORIENTED_EDGE('',*,*,#1101,.T.);
#1470=ORIENTED_EDGE('',*,*,#1102,.T.);
#1471=ORIENTED_EDGE('',*,*,#1103,.T.);
#1472=ORIENTED_EDGE('',*,*,#1032,.F.);
#1473=ORIENTED_EDGE('',*,*,#1104,.T.);
#1474=ORIENTED_EDGE('',*,*,#1105,.T.);
#1475=ORIENTED_EDGE('',*,*,#1106,.T.);
#1476=ORIENTED_EDGE('',*,*,#1034,.F.);
#1477=ORIENTED_EDGE('',*,*,#1107,.T.);
#1478=ORIENTED_EDGE('',*,*,#1108,.T.);
#1479=ORIENTED_EDGE('',*,*,#1109,.T.);
#1480=ORIENTED_EDGE('',*,*,#1036,.F.);
#1481=ORIENTED_EDGE('',*,*,#1110,.T.);
#1482=ORIENTED_EDGE('',*,*,#1111,.T.);
#1483=ORIENTED_EDGE('',*,*,#1112,.T.);
#1484=ORIENTED_EDGE('',*,*,#1113,.T.);
#1485=ORIENTED_EDGE('',*,*,#1114,.T.);
#1486=ORIENTED_EDGE('',*,*,#1038,.F.);
#1487=ORIENTED_EDGE('',*,*,#1115,.T.);
#1488=ORIENTED_EDGE('',*,*,#1042,.F.);
#1489=ORIENTED_EDGE('',*,*,#1116,.T.);
#1490=ORIENTED_EDGE('',*,*,#1117,.T.);
#1491=ORIENTED_EDGE('',*,*,#1118,.T.);
#1492=ORIENTED_EDGE('',*,*,#1119,.T.);
#1493=ORIENTED_EDGE('',*,*,#1120,.T.);
#1494=ORIENTED_EDGE('',*,*,#1044,.F.);
#1495=ORIENTED_EDGE('',*,*,#1113,.F.);
#1496=ORIENTED_EDGE('',*,*,#1121,.F.);
#1497=ORIENTED_EDGE('',*,*,#1111,.F.);
#1498=ORIENTED_EDGE('',*,*,#1122,.F.);
#1499=ORIENTED_EDGE('',*,*,#1108,.F.);
#1500=ORIENTED_EDGE('',*,*,#1123,.F.);
#1501=ORIENTED_EDGE('',*,*,#1105,.F.);
#1502=ORIENTED_EDGE('',*,*,#1124,.F.);
#1503=ORIENTED_EDGE('',*,*,#1102,.F.);
#1504=ORIENTED_EDGE('',*,*,#1125,.F.);
#1505=ORIENTED_EDGE('',*,*,#1099,.F.);
#1506=ORIENTED_EDGE('',*,*,#1126,.F.);
#1507=ORIENTED_EDGE('',*,*,#1096,.F.);
#1508=ORIENTED_EDGE('',*,*,#1127,.F.);
#1509=ORIENTED_EDGE('',*,*,#1093,.F.);
#1510=ORIENTED_EDGE('',*,*,#1128,.F.);
#1511=ORIENTED_EDGE('',*,*,#1090,.F.);
#1512=ORIENTED_EDGE('',*,*,#1129,.F.);
#1513=ORIENTED_EDGE('',*,*,#1087,.F.);
#1514=ORIENTED_EDGE('',*,*,#1130,.F.);
#1515=ORIENTED_EDGE('',*,*,#1084,.F.);
#1516=ORIENTED_EDGE('',*,*,#1131,.F.);
#1517=ORIENTED_EDGE('',*,*,#1081,.F.);
#1518=ORIENTED_EDGE('',*,*,#1132,.F.);
#1519=ORIENTED_EDGE('',*,*,#1078,.F.);
#1520=ORIENTED_EDGE('',*,*,#1133,.F.);
#1521=ORIENTED_EDGE('',*,*,#1075,.F.);
#1522=ORIENTED_EDGE('',*,*,#1134,.F.);
#1523=ORIENTED_EDGE('',*,*,#1072,.F.);
#1524=ORIENTED_EDGE('',*,*,#1135,.F.);
#1525=ORIENTED_EDGE('',*,*,#1069,.F.);
#1526=ORIENTED_EDGE('',*,*,#1136,.F.);
#1527=ORIENTED_EDGE('',*,*,#1066,.F.);
#1528=ORIENTED_EDGE('',*,*,#1137,.F.);
#1529=ORIENTED_EDGE('',*,*,#1063,.F.);
#1530=ORIENTED_EDGE('',*,*,#1138,.F.);
#1531=ORIENTED_EDGE('',*,*,#1060,.F.);
#1532=ORIENTED_EDGE('',*,*,#1139,.F.);
#1533=ORIENTED_EDGE('',*,*,#1057,.F.);
#1534=ORIENTED_EDGE('',*,*,#1140,.F.);
#1535=ORIENTED_EDGE('',*,*,#1119,.F.);
#1536=ORIENTED_EDGE('',*,*,#1141,.F.);
#1537=ORIENTED_EDGE('',*,*,#1117,.F.);
#1538=ORIENTED_EDGE('',*,*,#1142,.F.);
#1539=ORIENTED_EDGE('',*,*,#1054,.F.);
#1540=ORIENTED_EDGE('',*,*,#1143,.F.);
#1541=ORIENTED_EDGE('',*,*,#1053,.F.);
#1542=ORIENTED_EDGE('',*,*,#1144,.F.);
#1543=ORIENTED_EDGE('',*,*,#1145,.F.);
#1544=ORIENTED_EDGE('',*,*,#1146,.F.);
#1545=ORIENTED_EDGE('',*,*,#1147,.T.);
#1546=ORIENTED_EDGE('',*,*,#1148,.T.);
#1547=ORIENTED_EDGE('',*,*,#1145,.T.);
#1548=ORIENTED_EDGE('',*,*,#1149,.F.);
#1549=ORIENTED_EDGE('',*,*,#1150,.T.);
#1550=ORIENTED_EDGE('',*,*,#1149,.T.);
#1551=ORIENTED_EDGE('',*,*,#1144,.T.);
#1552=ORIENTED_EDGE('',*,*,#1039,.F.);
#1553=ORIENTED_EDGE('',*,*,#1151,.T.);
#1554=ORIENTED_EDGE('',*,*,#1143,.T.);
#1555=ORIENTED_EDGE('',*,*,#1146,.T.);
#1556=ORIENTED_EDGE('',*,*,#1148,.F.);
#1557=ORIENTED_EDGE('',*,*,#1147,.F.);
#1558=ORIENTED_EDGE('',*,*,#1150,.F.);
#1559=ORIENTED_EDGE('',*,*,#1114,.F.);
#1560=ORIENTED_EDGE('',*,*,#1151,.F.);
#1561=ORIENTED_EDGE('',*,*,#1152,.F.);
#1562=ORIENTED_EDGE('',*,*,#1153,.F.);
#1563=ORIENTED_EDGE('',*,*,#1116,.F.);
#1564=ORIENTED_EDGE('',*,*,#1154,.F.);
#1565=ORIENTED_EDGE('',*,*,#1153,.T.);
#1566=ORIENTED_EDGE('',*,*,#1155,.F.);
#1567=ORIENTED_EDGE('',*,*,#1156,.T.);
#1568=ORIENTED_EDGE('',*,*,#1142,.T.);
#1569=ORIENTED_EDGE('',*,*,#1154,.T.);
#1570=ORIENTED_EDGE('',*,*,#1041,.F.);
#1571=ORIENTED_EDGE('',*,*,#1157,.T.);
#1572=ORIENTED_EDGE('',*,*,#1158,.T.);
#1573=ORIENTED_EDGE('',*,*,#1152,.T.);
#1574=ORIENTED_EDGE('',*,*,#1158,.F.);
#1575=ORIENTED_EDGE('',*,*,#1159,.T.);
#1576=ORIENTED_EDGE('',*,*,#1155,.T.);
#1577=ORIENTED_EDGE('',*,*,#1052,.F.);
#1578=ORIENTED_EDGE('',*,*,#1156,.F.);
#1579=ORIENTED_EDGE('',*,*,#1159,.F.);
#1580=ORIENTED_EDGE('',*,*,#1157,.F.);
#1581=ORIENTED_EDGE('',*,*,#1160,.T.);
#1582=ORIENTED_EDGE('',*,*,#1161,.T.);
#1583=ORIENTED_EDGE('',*,*,#1162,.T.);
#1584=ORIENTED_EDGE('',*,*,#1163,.F.);
#1585=ORIENTED_EDGE('',*,*,#1164,.T.);
#1586=ORIENTED_EDGE('',*,*,#1163,.T.);
#1587=ORIENTED_EDGE('',*,*,#1165,.T.);
#1588=ORIENTED_EDGE('',*,*,#1045,.F.);
#1589=ORIENTED_EDGE('',*,*,#1166,.T.);
#1590=ORIENTED_EDGE('',*,*,#1140,.T.);
#1591=ORIENTED_EDGE('',*,*,#1167,.T.);
#1592=ORIENTED_EDGE('',*,*,#1161,.F.);
#1593=ORIENTED_EDGE('',*,*,#1162,.F.);
#1594=ORIENTED_EDGE('',*,*,#1167,.F.);
#1595=ORIENTED_EDGE('',*,*,#1056,.F.);
#1596=ORIENTED_EDGE('',*,*,#1165,.F.);
#1597=ORIENTED_EDGE('',*,*,#1160,.F.);
#1598=ORIENTED_EDGE('',*,*,#1164,.F.);
#1599=ORIENTED_EDGE('',*,*,#1120,.F.);
#1600=ORIENTED_EDGE('',*,*,#1166,.F.);
#1601=ORIENTED_EDGE('',*,*,#1168,.F.);
#1602=ORIENTED_EDGE('',*,*,#1169,.F.);
#1603=ORIENTED_EDGE('',*,*,#1055,.F.);
#1604=ORIENTED_EDGE('',*,*,#1170,.F.);
#1605=ORIENTED_EDGE('',*,*,#1171,.F.);
#1606=ORIENTED_EDGE('',*,*,#1172,.F.);
#1607=ORIENTED_EDGE('',*,*,#1059,.F.);
#1608=ORIENTED_EDGE('',*,*,#1173,.F.);
#1609=ORIENTED_EDGE('',*,*,#1170,.T.);
#1610=ORIENTED_EDGE('',*,*,#1139,.T.);
#1611=ORIENTED_EDGE('',*,*,#1172,.T.);
#1612=ORIENTED_EDGE('',*,*,#1174,.F.);
#1613=ORIENTED_EDGE('',*,*,#1169,.T.);
#1614=ORIENTED_EDGE('',*,*,#1175,.T.);
#1615=ORIENTED_EDGE('',*,*,#1173,.T.);
#1616=ORIENTED_EDGE('',*,*,#1047,.F.);
#1617=ORIENTED_EDGE('',*,*,#1168,.T.);
#1618=ORIENTED_EDGE('',*,*,#1174,.T.);
#1619=ORIENTED_EDGE('',*,*,#1171,.T.);
#1620=ORIENTED_EDGE('',*,*,#1175,.F.);
#1621=ORIENTED_EDGE('',*,*,#1176,.T.);
#1622=ORIENTED_EDGE('',*,*,#1177,.T.);
#1623=ORIENTED_EDGE('',*,*,#1178,.T.);
#1624=ORIENTED_EDGE('',*,*,#1179,.F.);
#1625=ORIENTED_EDGE('',*,*,#1180,.T.);
#1626=ORIENTED_EDGE('',*,*,#1179,.T.);
#1627=ORIENTED_EDGE('',*,*,#1181,.T.);
#1628=ORIENTED_EDGE('',*,*,#1049,.F.);
#1629=ORIENTED_EDGE('',*,*,#1182,.T.);
#1630=ORIENTED_EDGE('',*,*,#1138,.T.);
#1631=ORIENTED_EDGE('',*,*,#1183,.T.);
#1632=ORIENTED_EDGE('',*,*,#1177,.F.);
#1633=ORIENTED_EDGE('',*,*,#1178,.F.);
#1634=ORIENTED_EDGE('',*,*,#1183,.F.);
#1635=ORIENTED_EDGE('',*,*,#1062,.F.);
#1636=ORIENTED_EDGE('',*,*,#1181,.F.);
#1637=ORIENTED_EDGE('',*,*,#1176,.F.);
#1638=ORIENTED_EDGE('',*,*,#1180,.F.);
#1639=ORIENTED_EDGE('',*,*,#1058,.F.);
#1640=ORIENTED_EDGE('',*,*,#1182,.F.);
#1641=ORIENTED_EDGE('',*,*,#1184,.F.);
#1642=ORIENTED_EDGE('',*,*,#1185,.F.);
#1643=ORIENTED_EDGE('',*,*,#1061,.F.);
#1644=ORIENTED_EDGE('',*,*,#1186,.F.);
#1645=ORIENTED_EDGE('',*,*,#1187,.F.);
#1646=ORIENTED_EDGE('',*,*,#1188,.F.);
#1647=ORIENTED_EDGE('',*,*,#1065,.F.);
#1648=ORIENTED_EDGE('',*,*,#1189,.F.);
#1649=ORIENTED_EDGE('',*,*,#1186,.T.);
#1650=ORIENTED_EDGE('',*,*,#1137,.T.);
#1651=ORIENTED_EDGE('',*,*,#1188,.T.);
#1652=ORIENTED_EDGE('',*,*,#1190,.F.);
#1653=ORIENTED_EDGE('',*,*,#1185,.T.);
#1654=ORIENTED_EDGE('',*,*,#1191,.T.);
#1655=ORIENTED_EDGE('',*,*,#1189,.T.);
#1656=ORIENTED_EDGE('',*,*,#1005,.F.);
#1657=ORIENTED_EDGE('',*,*,#1051,.F.);
#1658=ORIENTED_EDGE('',*,*,#1184,.T.);
#1659=ORIENTED_EDGE('',*,*,#1190,.T.);
#1660=ORIENTED_EDGE('',*,*,#1187,.T.);
#1661=ORIENTED_EDGE('',*,*,#1191,.F.);
#1662=ORIENTED_EDGE('',*,*,#1192,.T.);
#1663=ORIENTED_EDGE('',*,*,#1193,.T.);
#1664=ORIENTED_EDGE('',*,*,#1194,.T.);
#1665=ORIENTED_EDGE('',*,*,#1195,.F.);
#1666=ORIENTED_EDGE('',*,*,#1196,.T.);
#1667=ORIENTED_EDGE('',*,*,#1195,.T.);
#1668=ORIENTED_EDGE('',*,*,#1197,.T.);
#1669=ORIENTED_EDGE('',*,*,#1007,.F.);
#1670=ORIENTED_EDGE('',*,*,#1198,.T.);
#1671=ORIENTED_EDGE('',*,*,#1136,.T.);
#1672=ORIENTED_EDGE('',*,*,#1199,.T.);
#1673=ORIENTED_EDGE('',*,*,#1193,.F.);
#1674=ORIENTED_EDGE('',*,*,#1194,.F.);
#1675=ORIENTED_EDGE('',*,*,#1199,.F.);
#1676=ORIENTED_EDGE('',*,*,#1068,.F.);
#1677=ORIENTED_EDGE('',*,*,#1197,.F.);
#1678=ORIENTED_EDGE('',*,*,#1192,.F.);
#1679=ORIENTED_EDGE('',*,*,#1196,.F.);
#1680=ORIENTED_EDGE('',*,*,#1064,.F.);
#1681=ORIENTED_EDGE('',*,*,#1198,.F.);
#1682=ORIENTED_EDGE('',*,*,#1200,.F.);
#1683=ORIENTED_EDGE('',*,*,#1201,.F.);
#1684=ORIENTED_EDGE('',*,*,#1067,.F.);
#1685=ORIENTED_EDGE('',*,*,#1202,.F.);
#1686=ORIENTED_EDGE('',*,*,#1203,.F.);
#1687=ORIENTED_EDGE('',*,*,#1204,.F.);
#1688=ORIENTED_EDGE('',*,*,#1071,.F.);
#1689=ORIENTED_EDGE('',*,*,#1205,.F.);
#1690=ORIENTED_EDGE('',*,*,#1202,.T.);
#1691=ORIENTED_EDGE('',*,*,#1135,.T.);
#1692=ORIENTED_EDGE('',*,*,#1204,.T.);
#1693=ORIENTED_EDGE('',*,*,#1206,.F.);
#1694=ORIENTED_EDGE('',*,*,#1201,.T.);
#1695=ORIENTED_EDGE('',*,*,#1207,.T.);
#1696=ORIENTED_EDGE('',*,*,#1205,.T.);
#1697=ORIENTED_EDGE('',*,*,#1009,.F.);
#1698=ORIENTED_EDGE('',*,*,#1200,.T.);
#1699=ORIENTED_EDGE('',*,*,#1206,.T.);
#1700=ORIENTED_EDGE('',*,*,#1203,.T.);
#1701=ORIENTED_EDGE('',*,*,#1207,.F.);
#1702=ORIENTED_EDGE('',*,*,#1208,.T.);
#1703=ORIENTED_EDGE('',*,*,#1209,.T.);
#1704=ORIENTED_EDGE('',*,*,#1210,.T.);
#1705=ORIENTED_EDGE('',*,*,#1211,.F.);
#1706=ORIENTED_EDGE('',*,*,#1212,.T.);
#1707=ORIENTED_EDGE('',*,*,#1211,.T.);
#1708=ORIENTED_EDGE('',*,*,#1213,.T.);
#1709=ORIENTED_EDGE('',*,*,#1011,.F.);
#1710=ORIENTED_EDGE('',*,*,#1214,.T.);
#1711=ORIENTED_EDGE('',*,*,#1134,.T.);
#1712=ORIENTED_EDGE('',*,*,#1215,.T.);
#1713=ORIENTED_EDGE('',*,*,#1209,.F.);
#1714=ORIENTED_EDGE('',*,*,#1210,.F.);
#1715=ORIENTED_EDGE('',*,*,#1215,.F.);
#1716=ORIENTED_EDGE('',*,*,#1074,.F.);
#1717=ORIENTED_EDGE('',*,*,#1213,.F.);
#1718=ORIENTED_EDGE('',*,*,#1208,.F.);
#1719=ORIENTED_EDGE('',*,*,#1212,.F.);
#1720=ORIENTED_EDGE('',*,*,#1070,.F.);
#1721=ORIENTED_EDGE('',*,*,#1214,.F.);
#1722=ORIENTED_EDGE('',*,*,#1216,.F.);
#1723=ORIENTED_EDGE('',*,*,#1217,.F.);
#1724=ORIENTED_EDGE('',*,*,#1073,.F.);
#1725=ORIENTED_EDGE('',*,*,#1218,.F.);
#1726=ORIENTED_EDGE('',*,*,#1219,.F.);
#1727=ORIENTED_EDGE('',*,*,#1220,.F.);
#1728=ORIENTED_EDGE('',*,*,#1077,.F.);
#1729=ORIENTED_EDGE('',*,*,#1221,.F.);
#1730=ORIENTED_EDGE('',*,*,#1218,.T.);
#1731=ORIENTED_EDGE('',*,*,#1133,.T.);
#1732=ORIENTED_EDGE('',*,*,#1220,.T.);
#1733=ORIENTED_EDGE('',*,*,#1222,.F.);
#1734=ORIENTED_EDGE('',*,*,#1217,.T.);
#1735=ORIENTED_EDGE('',*,*,#1223,.T.);
#1736=ORIENTED_EDGE('',*,*,#1221,.T.);
#1737=ORIENTED_EDGE('',*,*,#1013,.F.);
#1738=ORIENTED_EDGE('',*,*,#1216,.T.);
#1739=ORIENTED_EDGE('',*,*,#1222,.T.);
#1740=ORIENTED_EDGE('',*,*,#1219,.T.);
#1741=ORIENTED_EDGE('',*,*,#1223,.F.);
#1742=ORIENTED_EDGE('',*,*,#1224,.T.);
#1743=ORIENTED_EDGE('',*,*,#1225,.T.);
#1744=ORIENTED_EDGE('',*,*,#1226,.T.);
#1745=ORIENTED_EDGE('',*,*,#1227,.F.);
#1746=ORIENTED_EDGE('',*,*,#1228,.T.);
#1747=ORIENTED_EDGE('',*,*,#1227,.T.);
#1748=ORIENTED_EDGE('',*,*,#1229,.T.);
#1749=ORIENTED_EDGE('',*,*,#1015,.F.);
#1750=ORIENTED_EDGE('',*,*,#1230,.T.);
#1751=ORIENTED_EDGE('',*,*,#1132,.T.);
#1752=ORIENTED_EDGE('',*,*,#1231,.T.);
#1753=ORIENTED_EDGE('',*,*,#1225,.F.);
#1754=ORIENTED_EDGE('',*,*,#1226,.F.);
#1755=ORIENTED_EDGE('',*,*,#1231,.F.);
#1756=ORIENTED_EDGE('',*,*,#1080,.F.);
#1757=ORIENTED_EDGE('',*,*,#1229,.F.);
#1758=ORIENTED_EDGE('',*,*,#1224,.F.);
#1759=ORIENTED_EDGE('',*,*,#1228,.F.);
#1760=ORIENTED_EDGE('',*,*,#1076,.F.);
#1761=ORIENTED_EDGE('',*,*,#1230,.F.);
#1762=ORIENTED_EDGE('',*,*,#1232,.F.);
#1763=ORIENTED_EDGE('',*,*,#1233,.F.);
#1764=ORIENTED_EDGE('',*,*,#1079,.F.);
#1765=ORIENTED_EDGE('',*,*,#1234,.F.);
#1766=ORIENTED_EDGE('',*,*,#1235,.F.);
#1767=ORIENTED_EDGE('',*,*,#1236,.F.);
#1768=ORIENTED_EDGE('',*,*,#1083,.F.);
#1769=ORIENTED_EDGE('',*,*,#1237,.F.);
#1770=ORIENTED_EDGE('',*,*,#1234,.T.);
#1771=ORIENTED_EDGE('',*,*,#1131,.T.);
#1772=ORIENTED_EDGE('',*,*,#1236,.T.);
#1773=ORIENTED_EDGE('',*,*,#1238,.F.);
#1774=ORIENTED_EDGE('',*,*,#1233,.T.);
#1775=ORIENTED_EDGE('',*,*,#1239,.T.);
#1776=ORIENTED_EDGE('',*,*,#1237,.T.);
#1777=ORIENTED_EDGE('',*,*,#1017,.F.);
#1778=ORIENTED_EDGE('',*,*,#1232,.T.);
#1779=ORIENTED_EDGE('',*,*,#1238,.T.);
#1780=ORIENTED_EDGE('',*,*,#1235,.T.);
#1781=ORIENTED_EDGE('',*,*,#1239,.F.);
#1782=ORIENTED_EDGE('',*,*,#1240,.T.);
#1783=ORIENTED_EDGE('',*,*,#1241,.T.);
#1784=ORIENTED_EDGE('',*,*,#1242,.T.);
#1785=ORIENTED_EDGE('',*,*,#1243,.F.);
#1786=ORIENTED_EDGE('',*,*,#1244,.T.);
#1787=ORIENTED_EDGE('',*,*,#1243,.T.);
#1788=ORIENTED_EDGE('',*,*,#1245,.T.);
#1789=ORIENTED_EDGE('',*,*,#1019,.F.);
#1790=ORIENTED_EDGE('',*,*,#1246,.T.);
#1791=ORIENTED_EDGE('',*,*,#1130,.T.);
#1792=ORIENTED_EDGE('',*,*,#1247,.T.);
#1793=ORIENTED_EDGE('',*,*,#1241,.F.);
#1794=ORIENTED_EDGE('',*,*,#1242,.F.);
#1795=ORIENTED_EDGE('',*,*,#1247,.F.);
#1796=ORIENTED_EDGE('',*,*,#1086,.F.);
#1797=ORIENTED_EDGE('',*,*,#1245,.F.);
#1798=ORIENTED_EDGE('',*,*,#1240,.F.);
#1799=ORIENTED_EDGE('',*,*,#1244,.F.);
#1800=ORIENTED_EDGE('',*,*,#1082,.F.);
#1801=ORIENTED_EDGE('',*,*,#1246,.F.);
#1802=ORIENTED_EDGE('',*,*,#1248,.F.);
#1803=ORIENTED_EDGE('',*,*,#1249,.F.);
#1804=ORIENTED_EDGE('',*,*,#1085,.F.);
#1805=ORIENTED_EDGE('',*,*,#1250,.F.);
#1806=ORIENTED_EDGE('',*,*,#1251,.F.);
#1807=ORIENTED_EDGE('',*,*,#1252,.F.);
#1808=ORIENTED_EDGE('',*,*,#1089,.F.);
#1809=ORIENTED_EDGE('',*,*,#1253,.F.);
#1810=ORIENTED_EDGE('',*,*,#1250,.T.);
#1811=ORIENTED_EDGE('',*,*,#1129,.T.);
#1812=ORIENTED_EDGE('',*,*,#1252,.T.);
#1813=ORIENTED_EDGE('',*,*,#1254,.F.);
#1814=ORIENTED_EDGE('',*,*,#1249,.T.);
#1815=ORIENTED_EDGE('',*,*,#1255,.T.);
#1816=ORIENTED_EDGE('',*,*,#1253,.T.);
#1817=ORIENTED_EDGE('',*,*,#1021,.F.);
#1818=ORIENTED_EDGE('',*,*,#1248,.T.);
#1819=ORIENTED_EDGE('',*,*,#1254,.T.);
#1820=ORIENTED_EDGE('',*,*,#1251,.T.);
#1821=ORIENTED_EDGE('',*,*,#1255,.F.);
#1822=ORIENTED_EDGE('',*,*,#1256,.T.);
#1823=ORIENTED_EDGE('',*,*,#1257,.T.);
#1824=ORIENTED_EDGE('',*,*,#1258,.T.);
#1825=ORIENTED_EDGE('',*,*,#1259,.F.);
#1826=ORIENTED_EDGE('',*,*,#1260,.T.);
#1827=ORIENTED_EDGE('',*,*,#1259,.T.);
#1828=ORIENTED_EDGE('',*,*,#1261,.T.);
#1829=ORIENTED_EDGE('',*,*,#1023,.F.);
#1830=ORIENTED_EDGE('',*,*,#1262,.T.);
#1831=ORIENTED_EDGE('',*,*,#1128,.T.);
#1832=ORIENTED_EDGE('',*,*,#1263,.T.);
#1833=ORIENTED_EDGE('',*,*,#1257,.F.);
#1834=ORIENTED_EDGE('',*,*,#1258,.F.);
#1835=ORIENTED_EDGE('',*,*,#1263,.F.);
#1836=ORIENTED_EDGE('',*,*,#1092,.F.);
#1837=ORIENTED_EDGE('',*,*,#1261,.F.);
#1838=ORIENTED_EDGE('',*,*,#1256,.F.);
#1839=ORIENTED_EDGE('',*,*,#1260,.F.);
#1840=ORIENTED_EDGE('',*,*,#1088,.F.);
#1841=ORIENTED_EDGE('',*,*,#1262,.F.);
#1842=ORIENTED_EDGE('',*,*,#1264,.F.);
#1843=ORIENTED_EDGE('',*,*,#1265,.F.);
#1844=ORIENTED_EDGE('',*,*,#1091,.F.);
#1845=ORIENTED_EDGE('',*,*,#1266,.F.);
#1846=ORIENTED_EDGE('',*,*,#1267,.F.);
#1847=ORIENTED_EDGE('',*,*,#1268,.F.);
#1848=ORIENTED_EDGE('',*,*,#1095,.F.);
#1849=ORIENTED_EDGE('',*,*,#1269,.F.);
#1850=ORIENTED_EDGE('',*,*,#1266,.T.);
#1851=ORIENTED_EDGE('',*,*,#1127,.T.);
#1852=ORIENTED_EDGE('',*,*,#1268,.T.);
#1853=ORIENTED_EDGE('',*,*,#1270,.F.);
#1854=ORIENTED_EDGE('',*,*,#1265,.T.);
#1855=ORIENTED_EDGE('',*,*,#1271,.T.);
#1856=ORIENTED_EDGE('',*,*,#1269,.T.);
#1857=ORIENTED_EDGE('',*,*,#1025,.F.);
#1858=ORIENTED_EDGE('',*,*,#1264,.T.);
#1859=ORIENTED_EDGE('',*,*,#1270,.T.);
#1860=ORIENTED_EDGE('',*,*,#1267,.T.);
#1861=ORIENTED_EDGE('',*,*,#1271,.F.);
#1862=ORIENTED_EDGE('',*,*,#1272,.T.);
#1863=ORIENTED_EDGE('',*,*,#1273,.T.);
#1864=ORIENTED_EDGE('',*,*,#1274,.T.);
#1865=ORIENTED_EDGE('',*,*,#1275,.F.);
#1866=ORIENTED_EDGE('',*,*,#1276,.T.);
#1867=ORIENTED_EDGE('',*,*,#1275,.T.);
#1868=ORIENTED_EDGE('',*,*,#1277,.T.);
#1869=ORIENTED_EDGE('',*,*,#1027,.F.);
#1870=ORIENTED_EDGE('',*,*,#1278,.T.);
#1871=ORIENTED_EDGE('',*,*,#1126,.T.);
#1872=ORIENTED_EDGE('',*,*,#1279,.T.);
#1873=ORIENTED_EDGE('',*,*,#1273,.F.);
#1874=ORIENTED_EDGE('',*,*,#1274,.F.);
#1875=ORIENTED_EDGE('',*,*,#1279,.F.);
#1876=ORIENTED_EDGE('',*,*,#1098,.F.);
#1877=ORIENTED_EDGE('',*,*,#1277,.F.);
#1878=ORIENTED_EDGE('',*,*,#1272,.F.);
#1879=ORIENTED_EDGE('',*,*,#1276,.F.);
#1880=ORIENTED_EDGE('',*,*,#1094,.F.);
#1881=ORIENTED_EDGE('',*,*,#1278,.F.);
#1882=ORIENTED_EDGE('',*,*,#1280,.F.);
#1883=ORIENTED_EDGE('',*,*,#1281,.F.);
#1884=ORIENTED_EDGE('',*,*,#1097,.F.);
#1885=ORIENTED_EDGE('',*,*,#1282,.F.);
#1886=ORIENTED_EDGE('',*,*,#1283,.F.);
#1887=ORIENTED_EDGE('',*,*,#1284,.F.);
#1888=ORIENTED_EDGE('',*,*,#1101,.F.);
#1889=ORIENTED_EDGE('',*,*,#1285,.F.);
#1890=ORIENTED_EDGE('',*,*,#1282,.T.);
#1891=ORIENTED_EDGE('',*,*,#1125,.T.);
#1892=ORIENTED_EDGE('',*,*,#1284,.T.);
#1893=ORIENTED_EDGE('',*,*,#1286,.F.);
#1894=ORIENTED_EDGE('',*,*,#1281,.T.);
#1895=ORIENTED_EDGE('',*,*,#1287,.T.);
#1896=ORIENTED_EDGE('',*,*,#1285,.T.);
#1897=ORIENTED_EDGE('',*,*,#1029,.F.);
#1898=ORIENTED_EDGE('',*,*,#1280,.T.);
#1899=ORIENTED_EDGE('',*,*,#1286,.T.);
#1900=ORIENTED_EDGE('',*,*,#1283,.T.);
#1901=ORIENTED_EDGE('',*,*,#1287,.F.);
#1902=ORIENTED_EDGE('',*,*,#1288,.T.);
#1903=ORIENTED_EDGE('',*,*,#1289,.T.);
#1904=ORIENTED_EDGE('',*,*,#1290,.T.);
#1905=ORIENTED_EDGE('',*,*,#1291,.F.);
#1906=ORIENTED_EDGE('',*,*,#1292,.T.);
#1907=ORIENTED_EDGE('',*,*,#1291,.T.);
#1908=ORIENTED_EDGE('',*,*,#1293,.T.);
#1909=ORIENTED_EDGE('',*,*,#1031,.F.);
#1910=ORIENTED_EDGE('',*,*,#1294,.T.);
#1911=ORIENTED_EDGE('',*,*,#1124,.T.);
#1912=ORIENTED_EDGE('',*,*,#1295,.T.);
#1913=ORIENTED_EDGE('',*,*,#1289,.F.);
#1914=ORIENTED_EDGE('',*,*,#1290,.F.);
#1915=ORIENTED_EDGE('',*,*,#1295,.F.);
#1916=ORIENTED_EDGE('',*,*,#1104,.F.);
#1917=ORIENTED_EDGE('',*,*,#1293,.F.);
#1918=ORIENTED_EDGE('',*,*,#1288,.F.);
#1919=ORIENTED_EDGE('',*,*,#1292,.F.);
#1920=ORIENTED_EDGE('',*,*,#1100,.F.);
#1921=ORIENTED_EDGE('',*,*,#1294,.F.);
#1922=ORIENTED_EDGE('',*,*,#1296,.F.);
#1923=ORIENTED_EDGE('',*,*,#1297,.F.);
#1924=ORIENTED_EDGE('',*,*,#1103,.F.);
#1925=ORIENTED_EDGE('',*,*,#1298,.F.);
#1926=ORIENTED_EDGE('',*,*,#1299,.F.);
#1927=ORIENTED_EDGE('',*,*,#1300,.F.);
#1928=ORIENTED_EDGE('',*,*,#1107,.F.);
#1929=ORIENTED_EDGE('',*,*,#1301,.F.);
#1930=ORIENTED_EDGE('',*,*,#1298,.T.);
#1931=ORIENTED_EDGE('',*,*,#1123,.T.);
#1932=ORIENTED_EDGE('',*,*,#1300,.T.);
#1933=ORIENTED_EDGE('',*,*,#1302,.F.);
#1934=ORIENTED_EDGE('',*,*,#1297,.T.);
#1935=ORIENTED_EDGE('',*,*,#1303,.T.);
#1936=ORIENTED_EDGE('',*,*,#1301,.T.);
#1937=ORIENTED_EDGE('',*,*,#1033,.F.);
#1938=ORIENTED_EDGE('',*,*,#1296,.T.);
#1939=ORIENTED_EDGE('',*,*,#1302,.T.);
#1940=ORIENTED_EDGE('',*,*,#1299,.T.);
#1941=ORIENTED_EDGE('',*,*,#1303,.F.);
#1942=ORIENTED_EDGE('',*,*,#1304,.T.);
#1943=ORIENTED_EDGE('',*,*,#1305,.T.);
#1944=ORIENTED_EDGE('',*,*,#1306,.T.);
#1945=ORIENTED_EDGE('',*,*,#1307,.F.);
#1946=ORIENTED_EDGE('',*,*,#1308,.T.);
#1947=ORIENTED_EDGE('',*,*,#1307,.T.);
#1948=ORIENTED_EDGE('',*,*,#1309,.T.);
#1949=ORIENTED_EDGE('',*,*,#1035,.F.);
#1950=ORIENTED_EDGE('',*,*,#1310,.T.);
#1951=ORIENTED_EDGE('',*,*,#1122,.T.);
#1952=ORIENTED_EDGE('',*,*,#1311,.T.);
#1953=ORIENTED_EDGE('',*,*,#1305,.F.);
#1954=ORIENTED_EDGE('',*,*,#1306,.F.);
#1955=ORIENTED_EDGE('',*,*,#1311,.F.);
#1956=ORIENTED_EDGE('',*,*,#1110,.F.);
#1957=ORIENTED_EDGE('',*,*,#1309,.F.);
#1958=ORIENTED_EDGE('',*,*,#1304,.F.);
#1959=ORIENTED_EDGE('',*,*,#1308,.F.);
#1960=ORIENTED_EDGE('',*,*,#1106,.F.);
#1961=ORIENTED_EDGE('',*,*,#1310,.F.);
#1962=ORIENTED_EDGE('',*,*,#1312,.F.);
#1963=ORIENTED_EDGE('',*,*,#1313,.F.);
#1964=ORIENTED_EDGE('',*,*,#1109,.F.);
#1965=ORIENTED_EDGE('',*,*,#1314,.F.);
#1966=ORIENTED_EDGE('',*,*,#1315,.F.);
#1967=ORIENTED_EDGE('',*,*,#1316,.F.);
#1968=ORIENTED_EDGE('',*,*,#1112,.F.);
#1969=ORIENTED_EDGE('',*,*,#1317,.F.);
#1970=ORIENTED_EDGE('',*,*,#1314,.T.);
#1971=ORIENTED_EDGE('',*,*,#1121,.T.);
#1972=ORIENTED_EDGE('',*,*,#1316,.T.);
#1973=ORIENTED_EDGE('',*,*,#1318,.F.);
#1974=ORIENTED_EDGE('',*,*,#1313,.T.);
#1975=ORIENTED_EDGE('',*,*,#1319,.T.);
#1976=ORIENTED_EDGE('',*,*,#1317,.T.);
#1977=ORIENTED_EDGE('',*,*,#1037,.F.);
#1978=ORIENTED_EDGE('',*,*,#1312,.T.);
#1979=ORIENTED_EDGE('',*,*,#1318,.T.);
#1980=ORIENTED_EDGE('',*,*,#1315,.T.);
#1981=ORIENTED_EDGE('',*,*,#1319,.F.);
#1982=ORIENTED_EDGE('',*,*,#1320,.F.);
#1983=ORIENTED_EDGE('',*,*,#1321,.F.);
#1984=ORIENTED_EDGE('',*,*,#1115,.F.);
#1985=ORIENTED_EDGE('',*,*,#1322,.F.);
#1986=ORIENTED_EDGE('',*,*,#1323,.F.);
#1987=ORIENTED_EDGE('',*,*,#1324,.F.);
#1988=ORIENTED_EDGE('',*,*,#1118,.F.);
#1989=ORIENTED_EDGE('',*,*,#1325,.F.);
#1990=ORIENTED_EDGE('',*,*,#1321,.T.);
#1991=ORIENTED_EDGE('',*,*,#1326,.T.);
#1992=ORIENTED_EDGE('',*,*,#1325,.T.);
#1993=ORIENTED_EDGE('',*,*,#1043,.F.);
#1994=ORIENTED_EDGE('',*,*,#1320,.T.);
#1995=ORIENTED_EDGE('',*,*,#1327,.T.);
#1996=ORIENTED_EDGE('',*,*,#1323,.T.);
#1997=ORIENTED_EDGE('',*,*,#1326,.F.);
#1998=ORIENTED_EDGE('',*,*,#1322,.T.);
#1999=ORIENTED_EDGE('',*,*,#1141,.T.);
#2000=ORIENTED_EDGE('',*,*,#1324,.T.);
#2001=ORIENTED_EDGE('',*,*,#1327,.F.);
#2002=PLANE('',#2177);
#2003=PLANE('',#2178);
#2004=PLANE('',#2179);
#2005=PLANE('',#2183);
#2006=PLANE('',#2233);
#2007=PLANE('',#2280);
#2008=ADVANCED_FACE('',(#482),#2002,.F.);
#2009=ADVANCED_FACE('',(#483),#2003,.F.);
#2010=ADVANCED_FACE('',(#484),#2004,.F.);
#2011=ADVANCED_FACE('',(#485),#480,.F.);
#2012=ADVANCED_FACE('',(#486),#2005,.T.);
#2013=ADVANCED_FACE('',(#487),#481,.T.);
#2014=ADVANCED_FACE('',(#488,#337),#2006,.T.);
#2015=ADVANCED_FACE('',(#489),#245,.T.);
#2016=ADVANCED_FACE('',(#490),#246,.T.);
#2017=ADVANCED_FACE('',(#491),#247,.T.);
#2018=ADVANCED_FACE('',(#492),#248,.T.);
#2019=ADVANCED_FACE('',(#493),#249,.T.);
#2020=ADVANCED_FACE('',(#494),#250,.T.);
#2021=ADVANCED_FACE('',(#495),#251,.T.);
#2022=ADVANCED_FACE('',(#496),#252,.T.);
#2023=ADVANCED_FACE('',(#497),#253,.T.);
#2024=ADVANCED_FACE('',(#498),#254,.T.);
#2025=ADVANCED_FACE('',(#499),#255,.T.);
#2026=ADVANCED_FACE('',(#500),#256,.T.);
#2027=ADVANCED_FACE('',(#501),#257,.T.);
#2028=ADVANCED_FACE('',(#502),#258,.T.);
#2029=ADVANCED_FACE('',(#503),#259,.T.);
#2030=ADVANCED_FACE('',(#504),#260,.T.);
#2031=ADVANCED_FACE('',(#505),#261,.T.);
#2032=ADVANCED_FACE('',(#506),#262,.T.);
#2033=ADVANCED_FACE('',(#507),#263,.T.);
#2034=ADVANCED_FACE('',(#508),#264,.T.);
#2035=ADVANCED_FACE('',(#509),#265,.T.);
#2036=ADVANCED_FACE('',(#510),#266,.T.);
#2037=ADVANCED_FACE('',(#511),#267,.T.);
#2038=ADVANCED_FACE('',(#512),#2007,.T.);
#2039=ADVANCED_FACE('',(#513),#15,.F.);
#2040=ADVANCED_FACE('',(#514),#268,.T.);
#2041=ADVANCED_FACE('',(#515),#269,.T.);
#2042=ADVANCED_FACE('',(#516),#270,.F.);
#2043=ADVANCED_FACE('',(#517),#16,.F.);
#2044=ADVANCED_FACE('',(#518),#17,.F.);
#2045=ADVANCED_FACE('',(#519),#271,.F.);
#2046=ADVANCED_FACE('',(#520),#272,.T.);
#2047=ADVANCED_FACE('',(#521),#273,.T.);
#2048=ADVANCED_FACE('',(#522),#18,.F.);
#2049=ADVANCED_FACE('',(#523),#274,.T.);
#2050=ADVANCED_FACE('',(#524),#275,.T.);
#2051=ADVANCED_FACE('',(#525),#276,.F.);
#2052=ADVANCED_FACE('',(#526),#19,.F.);
#2053=ADVANCED_FACE('',(#527),#20,.F.);
#2054=ADVANCED_FACE('',(#528),#21,.F.);
#2055=ADVANCED_FACE('',(#529),#22,.F.);
#2056=ADVANCED_FACE('',(#530),#277,.F.);
#2057=ADVANCED_FACE('',(#531),#278,.T.);
#2058=ADVANCED_FACE('',(#532),#279,.T.);
#2059=ADVANCED_FACE('',(#533),#280,.T.);
#2060=ADVANCED_FACE('',(#534),#281,.T.);
#2061=ADVANCED_FACE('',(#535),#282,.F.);
#2062=ADVANCED_FACE('',(#536),#23,.F.);
#2063=ADVANCED_FACE('',(#537),#24,.F.);
#2064=ADVANCED_FACE('',(#538),#25,.F.);
#2065=ADVANCED_FACE('',(#539),#26,.F.);
#2066=ADVANCED_FACE('',(#540),#283,.F.);
#2067=ADVANCED_FACE('',(#541),#284,.T.);
#2068=ADVANCED_FACE('',(#542),#285,.T.);
#2069=ADVANCED_FACE('',(#543),#286,.T.);
#2070=ADVANCED_FACE('',(#544),#287,.T.);
#2071=ADVANCED_FACE('',(#545),#288,.F.);
#2072=ADVANCED_FACE('',(#546),#27,.F.);
#2073=ADVANCED_FACE('',(#547),#28,.F.);
#2074=ADVANCED_FACE('',(#548),#29,.F.);
#2075=ADVANCED_FACE('',(#549),#30,.F.);
#2076=ADVANCED_FACE('',(#550),#289,.F.);
#2077=ADVANCED_FACE('',(#551),#290,.T.);
#2078=ADVANCED_FACE('',(#552),#291,.T.);
#2079=ADVANCED_FACE('',(#553),#292,.T.);
#2080=ADVANCED_FACE('',(#554),#293,.T.);
#2081=ADVANCED_FACE('',(#555),#294,.F.);
#2082=ADVANCED_FACE('',(#556),#31,.F.);
#2083=ADVANCED_FACE('',(#557),#32,.F.);
#2084=ADVANCED_FACE('',(#558),#33,.F.);
#2085=ADVANCED_FACE('',(#559),#34,.F.);
#2086=ADVANCED_FACE('',(#560),#295,.F.);
#2087=ADVANCED_FACE('',(#561),#296,.T.);
#2088=ADVANCED_FACE('',(#562),#297,.T.);
#2089=ADVANCED_FACE('',(#563),#298,.T.);
#2090=ADVANCED_FACE('',(#564),#299,.T.);
#2091=ADVANCED_FACE('',(#565),#300,.F.);
#2092=ADVANCED_FACE('',(#566),#35,.F.);
#2093=ADVANCED_FACE('',(#567),#36,.F.);
#2094=ADVANCED_FACE('',(#568),#37,.F.);
#2095=ADVANCED_FACE('',(#569),#38,.F.);
#2096=ADVANCED_FACE('',(#570),#301,.F.);
#2097=ADVANCED_FACE('',(#571),#302,.T.);
#2098=ADVANCED_FACE('',(#572),#303,.T.);
#2099=ADVANCED_FACE('',(#573),#304,.T.);
#2100=ADVANCED_FACE('',(#574),#305,.T.);
#2101=ADVANCED_FACE('',(#575),#306,.F.);
#2102=ADVANCED_FACE('',(#576),#39,.F.);
#2103=ADVANCED_FACE('',(#577),#40,.F.);
#2104=ADVANCED_FACE('',(#578),#41,.F.);
#2105=ADVANCED_FACE('',(#579),#42,.F.);
#2106=ADVANCED_FACE('',(#580),#307,.F.);
#2107=ADVANCED_FACE('',(#581),#308,.T.);
#2108=ADVANCED_FACE('',(#582),#309,.T.);
#2109=ADVANCED_FACE('',(#583),#310,.T.);
#2110=ADVANCED_FACE('',(#584),#311,.T.);
#2111=ADVANCED_FACE('',(#585),#312,.F.);
#2112=ADVANCED_FACE('',(#586),#43,.F.);
#2113=ADVANCED_FACE('',(#587),#44,.F.);
#2114=ADVANCED_FACE('',(#588),#45,.F.);
#2115=ADVANCED_FACE('',(#589),#46,.F.);
#2116=ADVANCED_FACE('',(#590),#313,.F.);
#2117=ADVANCED_FACE('',(#591),#314,.T.);
#2118=ADVANCED_FACE('',(#592),#315,.T.);
#2119=ADVANCED_FACE('',(#593),#316,.T.);
#2120=ADVANCED_FACE('',(#594),#317,.T.);
#2121=ADVANCED_FACE('',(#595),#318,.F.);
#2122=ADVANCED_FACE('',(#596),#47,.F.);
#2123=ADVANCED_FACE('',(#597),#48,.F.);
#2124=ADVANCED_FACE('',(#598),#49,.F.);
#2125=ADVANCED_FACE('',(#599),#50,.F.);
#2126=ADVANCED_FACE('',(#600),#319,.F.);
#2127=ADVANCED_FACE('',(#601),#320,.T.);
#2128=ADVANCED_FACE('',(#602),#321,.T.);
#2129=ADVANCED_FACE('',(#603),#322,.T.);
#2130=ADVANCED_FACE('',(#604),#323,.T.);
#2131=ADVANCED_FACE('',(#605),#324,.F.);
#2132=ADVANCED_FACE('',(#606),#51,.F.);
#2133=ADVANCED_FACE('',(#607),#52,.F.);
#2134=ADVANCED_FACE('',(#608),#53,.F.);
#2135=ADVANCED_FACE('',(#609),#54,.F.);
#2136=ADVANCED_FACE('',(#610),#325,.F.);
#2137=ADVANCED_FACE('',(#611),#326,.T.);
#2138=ADVANCED_FACE('',(#612),#327,.T.);
#2139=ADVANCED_FACE('',(#613),#328,.T.);
#2140=ADVANCED_FACE('',(#614),#329,.T.);
#2141=ADVANCED_FACE('',(#615),#330,.F.);
#2142=ADVANCED_FACE('',(#616),#55,.F.);
#2143=ADVANCED_FACE('',(#617),#56,.F.);
#2144=ADVANCED_FACE('',(#618),#57,.F.);
#2145=ADVANCED_FACE('',(#619),#58,.F.);
#2146=ADVANCED_FACE('',(#620),#331,.F.);
#2147=ADVANCED_FACE('',(#621),#332,.T.);
#2148=ADVANCED_FACE('',(#622),#333,.T.);
#2149=ADVANCED_FACE('',(#623),#59,.F.);
#2150=ADVANCED_FACE('',(#624),#60,.F.);
#2151=ADVANCED_FACE('',(#625),#334,.T.);
#2152=ADVANCED_FACE('',(#626),#335,.T.);
#2153=ADVANCED_FACE('',(#627),#336,.F.);
#2154=CLOSED_SHELL('',(#2008,#2009,#2010,#2011,#2012,#2013,#2014,#2015,
#2016,#2017,#2018,#2019,#2020,#2021,#2022,#2023,#2024,#2025,#2026,#2027,
#2028,#2029,#2030,#2031,#2032,#2033,#2034,#2035,#2036,#2037,#2038,#2039,
#2040,#2041,#2042,#2043,#2044,#2045,#2046,#2047,#2048,#2049,#2050,#2051,
#2052,#2053,#2054,#2055,#2056,#2057,#2058,#2059,#2060,#2061,#2062,#2063,
#2064,#2065,#2066,#2067,#2068,#2069,#2070,#2071,#2072,#2073,#2074,#2075,
#2076,#2077,#2078,#2079,#2080,#2081,#2082,#2083,#2084,#2085,#2086,#2087,
#2088,#2089,#2090,#2091,#2092,#2093,#2094,#2095,#2096,#2097,#2098,#2099,
#2100,#2101,#2102,#2103,#2104,#2105,#2106,#2107,#2108,#2109,#2110,#2111,
#2112,#2113,#2114,#2115,#2116,#2117,#2118,#2119,#2120,#2121,#2122,#2123,
#2124,#2125,#2126,#2127,#2128,#2129,#2130,#2131,#2132,#2133,#2134,#2135,
#2136,#2137,#2138,#2139,#2140,#2141,#2142,#2143,#2144,#2145,#2146,#2147,
#2148,#2149,#2150,#2151,#2152,#2153));
#2155=DERIVED_UNIT_ELEMENT(#2158,1.);
#2156=DERIVED_UNIT_ELEMENT(#8327,-3.);
#2157=DIMENSIONAL_EXPONENTS(0.,1.,0.,0.,0.,0.,0.);
#2158=(
CONVERSION_BASED_UNIT('gram',#2160)
MASS_UNIT()
NAMED_UNIT(#2157)
);
#2159=(
MASS_UNIT()
NAMED_UNIT(*)
SI_UNIT(.KILO.,.GRAM.)
);
#2160=MASS_MEASURE_WITH_UNIT(MASS_MEASURE(0.001),#2159);
#2161=DERIVED_UNIT((#2155,#2156));
#2162=MEASURE_REPRESENTATION_ITEM('density measure',
POSITIVE_RATIO_MEASURE(7.85),#2161);
#2163=PROPERTY_DEFINITION_REPRESENTATION(#2168,#2165);
#2164=PROPERTY_DEFINITION_REPRESENTATION(#2169,#2166);
#2165=REPRESENTATION('material name',(#2167),#8324);
#2166=REPRESENTATION('density',(#2162),#8324);
#2167=DESCRIPTIVE_REPRESENTATION_ITEM('Stahl, weich','Stahl, weich');
#2168=PROPERTY_DEFINITION('material property','material name',#8334);
#2169=PROPERTY_DEFINITION('material property','density of part',#8334);
#2170=DATE_TIME_ROLE('creation_date');
#2171=APPLIED_DATE_AND_TIME_ASSIGNMENT(#2172,#2170,(#8334));
#2172=DATE_AND_TIME(#2173,#2174);
#2173=CALENDAR_DATE(2026,18,1);
#2174=LOCAL_TIME(0,0,0.,#2175);
#2175=COORDINATED_UNIVERSAL_TIME_OFFSET(0,0,.BEHIND.);
#2176=AXIS2_PLACEMENT_3D('',#2916,#2419,#2420);
#2177=AXIS2_PLACEMENT_3D('',#2917,#2421,#2422);
#2178=AXIS2_PLACEMENT_3D('',#2926,#2427,#2428);
#2179=AXIS2_PLACEMENT_3D('',#2932,#2432,#2433);
#2180=AXIS2_PLACEMENT_3D('',#2938,#2437,#2438);
#2181=AXIS2_PLACEMENT_3D('',#2939,#2439,#2440);
#2182=AXIS2_PLACEMENT_3D('',#2940,#2441,#2442);
#2183=AXIS2_PLACEMENT_3D('',#2941,#2443,#2444);
#2184=AXIS2_PLACEMENT_3D('',#2942,#2445,#2446);
#2185=AXIS2_PLACEMENT_3D('',#2944,#2447,#2448);
#2186=AXIS2_PLACEMENT_3D('',#2948,#2450,#2451);
#2187=AXIS2_PLACEMENT_3D('',#2950,#2452,#2453);
#2188=AXIS2_PLACEMENT_3D('',#2952,#2454,#2455);
#2189=AXIS2_PLACEMENT_3D('',#2954,#2456,#2457);
#2190=AXIS2_PLACEMENT_3D('',#2956,#2458,#2459);
#2191=AXIS2_PLACEMENT_3D('',#2958,#2460,#2461);
#2192=AXIS2_PLACEMENT_3D('',#2960,#2462,#2463);
#2193=AXIS2_PLACEMENT_3D('',#2962,#2464,#2465);
#2194=AXIS2_PLACEMENT_3D('',#2964,#2466,#2467);
#2195=AXIS2_PLACEMENT_3D('',#2966,#2468,#2469);
#2196=AXIS2_PLACEMENT_3D('',#2968,#2470,#2471);
#2197=AXIS2_PLACEMENT_3D('',#2970,#2472,#2473);
#2198=AXIS2_PLACEMENT_3D('',#2972,#2474,#2475);
#2199=AXIS2_PLACEMENT_3D('',#2974,#2476,#2477);
#2200=AXIS2_PLACEMENT_3D('',#2976,#2478,#2479);
#2201=AXIS2_PLACEMENT_3D('',#2978,#2480,#2481);
#2202=AXIS2_PLACEMENT_3D('',#2980,#2482,#2483);
#2203=AXIS2_PLACEMENT_3D('',#2982,#2484,#2485);
#2204=AXIS2_PLACEMENT_3D('',#2984,#2486,#2487);
#2205=AXIS2_PLACEMENT_3D('',#2986,#2488,#2489);
#2206=AXIS2_PLACEMENT_3D('',#2988,#2490,#2491);
#2207=AXIS2_PLACEMENT_3D('',#2990,#2492,#2493);
#2208=AXIS2_PLACEMENT_3D('',#2992,#2494,#2495);
#2209=AXIS2_PLACEMENT_3D('',#2994,#2496,#2497);
#2210=AXIS2_PLACEMENT_3D('',#2996,#2498,#2499);
#2211=AXIS2_PLACEMENT_3D('',#2998,#2500,#2501);
#2212=AXIS2_PLACEMENT_3D('',#3000,#2502,#2503);
#2213=AXIS2_PLACEMENT_3D('',#3002,#2504,#2505);
#2214=AXIS2_PLACEMENT_3D('',#3004,#2506,#2507);
#2215=AXIS2_PLACEMENT_3D('',#3006,#2508,#2509);
#2216=AXIS2_PLACEMENT_3D('',#3008,#2510,#2511);
#2217=AXIS2_PLACEMENT_3D('',#3010,#2512,#2513);
#2218=AXIS2_PLACEMENT_3D('',#3012,#2514,#2515);
#2219=AXIS2_PLACEMENT_3D('',#3014,#2516,#2517);
#2220=AXIS2_PLACEMENT_3D('',#3016,#2518,#2519);
#2221=AXIS2_PLACEMENT_3D('',#3018,#2520,#2521);
#2222=AXIS2_PLACEMENT_3D('',#3020,#2522,#2523);
#2223=AXIS2_PLACEMENT_3D('',#3022,#2524,#2525);
#2224=AXIS2_PLACEMENT_3D('',#3024,#2526,#2527);
#2225=AXIS2_PLACEMENT_3D('',#3026,#2528,#2529);
#2226=AXIS2_PLACEMENT_3D('',#3028,#2530,#2531);
#2227=AXIS2_PLACEMENT_3D('',#3030,#2532,#2533);
#2228=AXIS2_PLACEMENT_3D('',#3032,#2534,#2535);
#2229=AXIS2_PLACEMENT_3D('',#3034,#2536,#2537);
#2230=AXIS2_PLACEMENT_3D('',#3036,#2538,#2539);
#2231=AXIS2_PLACEMENT_3D('',#3038,#2540,#2541);
#2232=AXIS2_PLACEMENT_3D('',#3039,#2542,#2543);
#2233=AXIS2_PLACEMENT_3D('',#3040,#2544,#2545);
#2234=AXIS2_PLACEMENT_3D('',#3041,#2546,#2547);
#2235=AXIS2_PLACEMENT_3D('',#3112,#2548,#2549);
#2236=AXIS2_PLACEMENT_3D('',#3113,#2550,#2551);
#2237=AXIS2_PLACEMENT_3D('',#3184,#2552,#2553);
#2238=AXIS2_PLACEMENT_3D('',#3185,#2554,#2555);
#2239=AXIS2_PLACEMENT_3D('',#3256,#2556,#2557);
#2240=AXIS2_PLACEMENT_3D('',#3257,#2558,#2559);
#2241=AXIS2_PLACEMENT_3D('',#3328,#2560,#2561);
#2242=AXIS2_PLACEMENT_3D('',#3329,#2562,#2563);
#2243=AXIS2_PLACEMENT_3D('',#3400,#2564,#2565);
#2244=AXIS2_PLACEMENT_3D('',#3401,#2566,#2567);
#2245=AXIS2_PLACEMENT_3D('',#3472,#2568,#2569);
#2246=AXIS2_PLACEMENT_3D('',#3473,#2570,#2571);
#2247=AXIS2_PLACEMENT_3D('',#3544,#2572,#2573);
#2248=AXIS2_PLACEMENT_3D('',#3545,#2574,#2575);
#2249=AXIS2_PLACEMENT_3D('',#3616,#2576,#2577);
#2250=AXIS2_PLACEMENT_3D('',#3617,#2578,#2579);
#2251=AXIS2_PLACEMENT_3D('',#3688,#2580,#2581);
#2252=AXIS2_PLACEMENT_3D('',#3689,#2582,#2583);
#2253=AXIS2_PLACEMENT_3D('',#3760,#2584,#2585);
#2254=AXIS2_PLACEMENT_3D('',#3761,#2586,#2587);
#2255=AXIS2_PLACEMENT_3D('',#3832,#2588,#2589);
#2256=AXIS2_PLACEMENT_3D('',#3833,#2590,#2591);
#2257=AXIS2_PLACEMENT_3D('',#3904,#2592,#2593);
#2258=AXIS2_PLACEMENT_3D('',#3905,#2594,#2595);
#2259=AXIS2_PLACEMENT_3D('',#3976,#2596,#2597);
#2260=AXIS2_PLACEMENT_3D('',#3977,#2598,#2599);
#2261=AXIS2_PLACEMENT_3D('',#4048,#2600,#2601);
#2262=AXIS2_PLACEMENT_3D('',#4049,#2602,#2603);
#2263=AXIS2_PLACEMENT_3D('',#4120,#2604,#2605);
#2264=AXIS2_PLACEMENT_3D('',#4121,#2606,#2607);
#2265=AXIS2_PLACEMENT_3D('',#4192,#2608,#2609);
#2266=AXIS2_PLACEMENT_3D('',#4193,#2610,#2611);
#2267=AXIS2_PLACEMENT_3D('',#4264,#2612,#2613);
#2268=AXIS2_PLACEMENT_3D('',#4265,#2614,#2615);
#2269=AXIS2_PLACEMENT_3D('',#4336,#2616,#2617);
#2270=AXIS2_PLACEMENT_3D('',#4337,#2618,#2619);
#2271=AXIS2_PLACEMENT_3D('',#4408,#2620,#2621);
#2272=AXIS2_PLACEMENT_3D('',#4409,#2622,#2623);
#2273=AXIS2_PLACEMENT_3D('',#4480,#2624,#2625);
#2274=AXIS2_PLACEMENT_3D('',#4481,#2626,#2627);
#2275=AXIS2_PLACEMENT_3D('',#4518,#2628,#2629);
#2276=AXIS2_PLACEMENT_3D('',#4553,#2630,#2631);
#2277=AXIS2_PLACEMENT_3D('',#4624,#2632,#2633);
#2278=AXIS2_PLACEMENT_3D('',#4625,#2634,#2635);
#2279=AXIS2_PLACEMENT_3D('',#4662,#2636,#2637);
#2280=AXIS2_PLACEMENT_3D('',#4697,#2638,#2639);
#2281=AXIS2_PLACEMENT_3D('',#4698,#2640,#2641);
#2282=AXIS2_PLACEMENT_3D('',#4699,#2642,#2643);
#2283=AXIS2_PLACEMENT_3D('',#4700,#2644,#2645);
#2284=AXIS2_PLACEMENT_3D('',#4701,#2646,#2647);
#2285=AXIS2_PLACEMENT_3D('',#4702,#2648,#2649);
#2286=AXIS2_PLACEMENT_3D('',#4703,#2650,#2651);
#2287=AXIS2_PLACEMENT_3D('',#4704,#2652,#2653);
#2288=AXIS2_PLACEMENT_3D('',#4705,#2654,#2655);
#2289=AXIS2_PLACEMENT_3D('',#4706,#2656,#2657);
#2290=AXIS2_PLACEMENT_3D('',#4707,#2658,#2659);
#2291=AXIS2_PLACEMENT_3D('',#4708,#2660,#2661);
#2292=AXIS2_PLACEMENT_3D('',#4709,#2662,#2663);
#2293=AXIS2_PLACEMENT_3D('',#4710,#2664,#2665);
#2294=AXIS2_PLACEMENT_3D('',#4711,#2666,#2667);
#2295=AXIS2_PLACEMENT_3D('',#4712,#2668,#2669);
#2296=AXIS2_PLACEMENT_3D('',#4713,#2670,#2671);
#2297=AXIS2_PLACEMENT_3D('',#4714,#2672,#2673);
#2298=AXIS2_PLACEMENT_3D('',#4715,#2674,#2675);
#2299=AXIS2_PLACEMENT_3D('',#4716,#2676,#2677);
#2300=AXIS2_PLACEMENT_3D('',#4717,#2678,#2679);
#2301=AXIS2_PLACEMENT_3D('',#4718,#2680,#2681);
#2302=AXIS2_PLACEMENT_3D('',#4719,#2682,#2683);
#2303=AXIS2_PLACEMENT_3D('',#4720,#2684,#2685);
#2304=AXIS2_PLACEMENT_3D('',#4815,#2686,#2687);
#2305=AXIS2_PLACEMENT_3D('',#4852,#2688,#2689);
#2306=AXIS2_PLACEMENT_3D('',#4853,#2690,#2691);
#2307=AXIS2_PLACEMENT_3D('',#4854,#2692,#2693);
#2308=AXIS2_PLACEMENT_3D('',#4877,#2694,#2695);
#2309=AXIS2_PLACEMENT_3D('',#4983,#2696,#2697);
#2310=AXIS2_PLACEMENT_3D('',#4985,#2698,#2699);
#2311=AXIS2_PLACEMENT_3D('',#4992,#2700,#2701);
#2312=AXIS2_PLACEMENT_3D('',#5000,#2702,#2703);
#2313=AXIS2_PLACEMENT_3D('',#5001,#2704,#2705);
#2314=AXIS2_PLACEMENT_3D('',#5060,#2706,#2707);
#2315=AXIS2_PLACEMENT_3D('',#5098,#2708,#2709);
#2316=AXIS2_PLACEMENT_3D('',#5137,#2710,#2711);
#2317=AXIS2_PLACEMENT_3D('',#5138,#2712,#2713);
#2318=AXIS2_PLACEMENT_3D('',#5151,#2714,#2715);
#2319=AXIS2_PLACEMENT_3D('',#5359,#2716,#2717);
#2320=AXIS2_PLACEMENT_3D('',#5360,#2718,#2719);
#2321=AXIS2_PLACEMENT_3D('',#5361,#2720,#2721);
#2322=AXIS2_PLACEMENT_3D('',#5362,#2722,#2723);
#2323=AXIS2_PLACEMENT_3D('',#5363,#2724,#2725);
#2324=AXIS2_PLACEMENT_3D('',#5364,#2726,#2727);
#2325=AXIS2_PLACEMENT_3D('',#5402,#2728,#2729);
#2326=AXIS2_PLACEMENT_3D('',#5441,#2730,#2731);
#2327=AXIS2_PLACEMENT_3D('',#5442,#2732,#2733);
#2328=AXIS2_PLACEMENT_3D('',#5455,#2734,#2735);
#2329=AXIS2_PLACEMENT_3D('',#5698,#2736,#2737);
#2330=AXIS2_PLACEMENT_3D('',#5699,#2738,#2739);
#2331=AXIS2_PLACEMENT_3D('',#5700,#2740,#2741);
#2332=AXIS2_PLACEMENT_3D('',#5701,#2742,#2743);
#2333=AXIS2_PLACEMENT_3D('',#5702,#2744,#2745);
#2334=AXIS2_PLACEMENT_3D('',#5703,#2746,#2747);
#2335=AXIS2_PLACEMENT_3D('',#5741,#2748,#2749);
#2336=AXIS2_PLACEMENT_3D('',#5780,#2750,#2751);
#2337=AXIS2_PLACEMENT_3D('',#5781,#2752,#2753);
#2338=AXIS2_PLACEMENT_3D('',#5794,#2754,#2755);
#2339=AXIS2_PLACEMENT_3D('',#6002,#2756,#2757);
#2340=AXIS2_PLACEMENT_3D('',#6003,#2758,#2759);
#2341=AXIS2_PLACEMENT_3D('',#6004,#2760,#2761);
#2342=AXIS2_PLACEMENT_3D('',#6005,#2762,#2763);
#2343=AXIS2_PLACEMENT_3D('',#6006,#2764,#2765);
#2344=AXIS2_PLACEMENT_3D('',#6007,#2766,#2767);
#2345=AXIS2_PLACEMENT_3D('',#6045,#2768,#2769);
#2346=AXIS2_PLACEMENT_3D('',#6084,#2770,#2771);
#2347=AXIS2_PLACEMENT_3D('',#6085,#2772,#2773);
#2348=AXIS2_PLACEMENT_3D('',#6098,#2774,#2775);
#2349=AXIS2_PLACEMENT_3D('',#6306,#2776,#2777);
#2350=AXIS2_PLACEMENT_3D('',#6307,#2778,#2779);
#2351=AXIS2_PLACEMENT_3D('',#6308,#2780,#2781);
#2352=AXIS2_PLACEMENT_3D('',#6309,#2782,#2783);
#2353=AXIS2_PLACEMENT_3D('',#6310,#2784,#2785);
#2354=AXIS2_PLACEMENT_3D('',#6311,#2786,#2787);
#2355=AXIS2_PLACEMENT_3D('',#6349,#2788,#2789);
#2356=AXIS2_PLACEMENT_3D('',#6388,#2790,#2791);
#2357=AXIS2_PLACEMENT_3D('',#6389,#2792,#2793);
#2358=AXIS2_PLACEMENT_3D('',#6402,#2794,#2795);
#2359=AXIS2_PLACEMENT_3D('',#6626,#2796,#2797);
#2360=AXIS2_PLACEMENT_3D('',#6627,#2798,#2799);
#2361=AXIS2_PLACEMENT_3D('',#6628,#2800,#2801);
#2362=AXIS2_PLACEMENT_3D('',#6629,#2802,#2803);
#2363=AXIS2_PLACEMENT_3D('',#6630,#2804,#2805);
#2364=AXIS2_PLACEMENT_3D('',#6631,#2806,#2807);
#2365=AXIS2_PLACEMENT_3D('',#6669,#2808,#2809);
#2366=AXIS2_PLACEMENT_3D('',#6708,#2810,#2811);
#2367=AXIS2_PLACEMENT_3D('',#6709,#2812,#2813);
#2368=AXIS2_PLACEMENT_3D('',#6722,#2814,#2815);
#2369=AXIS2_PLACEMENT_3D('',#6930,#2816,#2817);
#2370=AXIS2_PLACEMENT_3D('',#6931,#2818,#2819);
#2371=AXIS2_PLACEMENT_3D('',#6932,#2820,#2821);
#2372=AXIS2_PLACEMENT_3D('',#6933,#2822,#2823);
#2373=AXIS2_PLACEMENT_3D('',#6934,#2824,#2825);
#2374=AXIS2_PLACEMENT_3D('',#6935,#2826,#2827);
#2375=AXIS2_PLACEMENT_3D('',#6973,#2828,#2829);
#2376=AXIS2_PLACEMENT_3D('',#7012,#2830,#2831);
#2377=AXIS2_PLACEMENT_3D('',#7013,#2832,#2833);
#2378=AXIS2_PLACEMENT_3D('',#7026,#2834,#2835);
#2379=AXIS2_PLACEMENT_3D('',#7234,#2836,#2837);
#2380=AXIS2_PLACEMENT_3D('',#7235,#2838,#2839);
#2381=AXIS2_PLACEMENT_3D('',#7236,#2840,#2841);
#2382=AXIS2_PLACEMENT_3D('',#7237,#2842,#2843);
#2383=AXIS2_PLACEMENT_3D('',#7238,#2844,#2845);
#2384=AXIS2_PLACEMENT_3D('',#7239,#2846,#2847);
#2385=AXIS2_PLACEMENT_3D('',#7277,#2848,#2849);
#2386=AXIS2_PLACEMENT_3D('',#7316,#2850,#2851);
#2387=AXIS2_PLACEMENT_3D('',#7317,#2852,#2853);
#2388=AXIS2_PLACEMENT_3D('',#7349,#2854,#2855);
#2389=AXIS2_PLACEMENT_3D('',#7557,#2856,#2857);
#2390=AXIS2_PLACEMENT_3D('',#7558,#2858,#2859);
#2391=AXIS2_PLACEMENT_3D('',#7559,#2860,#2861);
#2392=AXIS2_PLACEMENT_3D('',#7560,#2862,#2863);
#2393=AXIS2_PLACEMENT_3D('',#7561,#2864,#2865);
#2394=AXIS2_PLACEMENT_3D('',#7562,#2866,#2867);
#2395=AXIS2_PLACEMENT_3D('',#7600,#2868,#2869);
#2396=AXIS2_PLACEMENT_3D('',#7639,#2870,#2871);
#2397=AXIS2_PLACEMENT_3D('',#7640,#2872,#2873);
#2398=AXIS2_PLACEMENT_3D('',#7653,#2874,#2875);
#2399=AXIS2_PLACEMENT_3D('',#7861,#2876,#2877);
#2400=AXIS2_PLACEMENT_3D('',#7862,#2878,#2879);
#2401=AXIS2_PLACEMENT_3D('',#7863,#2880,#2881);
#2402=AXIS2_PLACEMENT_3D('',#7864,#2882,#2883);
#2403=AXIS2_PLACEMENT_3D('',#7865,#2884,#2885);
#2404=AXIS2_PLACEMENT_3D('',#7866,#2886,#2887);
#2405=AXIS2_PLACEMENT_3D('',#7904,#2888,#2889);
#2406=AXIS2_PLACEMENT_3D('',#7943,#2890,#2891);
#2407=AXIS2_PLACEMENT_3D('',#7944,#2892,#2893);
#2408=AXIS2_PLACEMENT_3D('',#7957,#2894,#2895);
#2409=AXIS2_PLACEMENT_3D('',#8165,#2896,#2897);
#2410=AXIS2_PLACEMENT_3D('',#8166,#2898,#2899);
#2411=AXIS2_PLACEMENT_3D('',#8167,#2900,#2901);
#2412=AXIS2_PLACEMENT_3D('',#8168,#2902,#2903);
#2413=AXIS2_PLACEMENT_3D('',#8169,#2904,#2905);
#2414=AXIS2_PLACEMENT_3D('',#8317,#2906,#2907);
#2415=AXIS2_PLACEMENT_3D('',#8318,#2908,#2909);
#2416=AXIS2_PLACEMENT_3D('',#8319,#2910,#2911);
#2417=AXIS2_PLACEMENT_3D('',#8320,#2912,#2913);
#2418=AXIS2_PLACEMENT_3D('',#8321,#2914,#2915);
#2419=DIRECTION('axis',(0.,0.,1.));
#2420=DIRECTION('refdir',(1.,0.,0.));
#2421=DIRECTION('center_axis',(-1.,0.,0.));
#2422=DIRECTION('ref_axis',(0.,-1.,0.));
#2423=DIRECTION('',(0.,-1.,0.));
#2424=DIRECTION('',(0.,0.,1.));
#2425=DIRECTION('',(0.,-1.,0.));
#2426=DIRECTION('',(0.,0.,1.));
#2427=DIRECTION('center_axis',(0.,1.,0.));
#2428=DIRECTION('ref_axis',(-1.,0.,0.));
#2429=DIRECTION('',(-1.,0.,0.));
#2430=DIRECTION('',(0.,0.,1.));
#2431=DIRECTION('',(-1.,0.,0.));
#2432=DIRECTION('center_axis',(1.,0.,0.));
#2433=DIRECTION('ref_axis',(0.,1.,0.));
#2434=DIRECTION('',(0.,1.,0.));
#2435=DIRECTION('',(0.,0.,1.));
#2436=DIRECTION('',(0.,1.,0.));
#2437=DIRECTION('center_axis',(0.,0.,1.));
#2438=DIRECTION('ref_axis',(-6.12323399573676E-17,-1.,0.));
#2439=DIRECTION('center_axis',(0.,0.,1.));
#2440=DIRECTION('ref_axis',(-1.,0.,0.));
#2441=DIRECTION('center_axis',(0.,0.,1.));
#2442=DIRECTION('ref_axis',(-1.,0.,0.));
#2443=DIRECTION('center_axis',(0.,0.,-1.));
#2444=DIRECTION('ref_axis',(-1.,0.,0.));
#2445=DIRECTION('center_axis',(0.,0.,-1.));
#2446=DIRECTION('ref_axis',(-0.99999995881098,0.000287015745288403,0.));
#2447=DIRECTION('center_axis',(0.,0.,-1.));
#2448=DIRECTION('ref_axis',(-0.99999995881098,0.000287015745288403,0.));
#2449=DIRECTION('',(0.,0.,1.));
#2450=DIRECTION('center_axis',(0.,0.,-1.));
#2451=DIRECTION('ref_axis',(0.,1.,0.));
#2452=DIRECTION('center_axis',(0.,0.,-1.));
#2453=DIRECTION('ref_axis',(0.,1.,0.));
#2454=DIRECTION('center_axis',(0.,0.,-1.));
#2455=DIRECTION('ref_axis',(0.,1.,0.));
#2456=DIRECTION('center_axis',(0.,0.,-1.));
#2457=DIRECTION('ref_axis',(0.,1.,0.));
#2458=DIRECTION('center_axis',(0.,0.,-1.));
#2459=DIRECTION('ref_axis',(0.,1.,0.));
#2460=DIRECTION('center_axis',(0.,0.,-1.));
#2461=DIRECTION('ref_axis',(0.,1.,0.));
#2462=DIRECTION('center_axis',(0.,0.,-1.));
#2463=DIRECTION('ref_axis',(0.,1.,0.));
#2464=DIRECTION('center_axis',(0.,0.,-1.));
#2465=DIRECTION('ref_axis',(0.,1.,0.));
#2466=DIRECTION('center_axis',(0.,0.,-1.));
#2467=DIRECTION('ref_axis',(0.,1.,0.));
#2468=DIRECTION('center_axis',(0.,0.,-1.));
#2469=DIRECTION('ref_axis',(0.,1.,0.));
#2470=DIRECTION('center_axis',(0.,0.,-1.));
#2471=DIRECTION('ref_axis',(0.,1.,0.));
#2472=DIRECTION('center_axis',(0.,0.,-1.));
#2473=DIRECTION('ref_axis',(0.,1.,0.));
#2474=DIRECTION('center_axis',(0.,0.,-1.));
#2475=DIRECTION('ref_axis',(0.,1.,0.));
#2476=DIRECTION('center_axis',(0.,0.,-1.));
#2477=DIRECTION('ref_axis',(0.,1.,0.));
#2478=DIRECTION('center_axis',(0.,0.,-1.));
#2479=DIRECTION('ref_axis',(0.,1.,0.));
#2480=DIRECTION('center_axis',(0.,0.,-1.));
#2481=DIRECTION('ref_axis',(0.,1.,0.));
#2482=DIRECTION('center_axis',(0.,0.,-1.));
#2483=DIRECTION('ref_axis',(0.,1.,0.));
#2484=DIRECTION('center_axis',(0.,0.,-1.));
#2485=DIRECTION('ref_axis',(0.,1.,0.));
#2486=DIRECTION('center_axis',(0.,0.,-1.));
#2487=DIRECTION('ref_axis',(0.,1.,0.));
#2488=DIRECTION('center_axis',(0.,0.,-1.));
#2489=DIRECTION('ref_axis',(0.,1.,0.));
#2490=DIRECTION('center_axis',(0.,0.,-1.));
#2491=DIRECTION('ref_axis',(0.,1.,0.));
#2492=DIRECTION('center_axis',(0.,0.,-1.));
#2493=DIRECTION('ref_axis',(0.,1.,0.));
#2494=DIRECTION('center_axis',(0.,0.,-1.));
#2495=DIRECTION('ref_axis',(0.,1.,0.));
#2496=DIRECTION('center_axis',(0.,0.,-1.));
#2497=DIRECTION('ref_axis',(0.,1.,0.));
#2498=DIRECTION('center_axis',(0.,0.,-1.));
#2499=DIRECTION('ref_axis',(0.,1.,0.));
#2500=DIRECTION('center_axis',(0.,0.,-1.));
#2501=DIRECTION('ref_axis',(0.,1.,0.));
#2502=DIRECTION('center_axis',(0.,0.,-1.));
#2503=DIRECTION('ref_axis',(0.,1.,0.));
#2504=DIRECTION('center_axis',(0.,0.,-1.));
#2505=DIRECTION('ref_axis',(0.,1.,0.));
#2506=DIRECTION('center_axis',(0.,0.,-1.));
#2507=DIRECTION('ref_axis',(0.,1.,0.));
#2508=DIRECTION('center_axis',(0.,0.,-1.));
#2509=DIRECTION('ref_axis',(0.,1.,0.));
#2510=DIRECTION('center_axis',(0.,0.,-1.));
#2511=DIRECTION('ref_axis',(0.,1.,0.));
#2512=DIRECTION('center_axis',(0.,0.,-1.));
#2513=DIRECTION('ref_axis',(0.,1.,0.));
#2514=DIRECTION('center_axis',(0.,0.,-1.));
#2515=DIRECTION('ref_axis',(0.,1.,0.));
#2516=DIRECTION('center_axis',(0.,0.,-1.));
#2517=DIRECTION('ref_axis',(0.,1.,0.));
#2518=DIRECTION('center_axis',(0.,0.,-1.));
#2519=DIRECTION('ref_axis',(0.,1.,0.));
#2520=DIRECTION('center_axis',(0.,0.,-1.));
#2521=DIRECTION('ref_axis',(0.,1.,0.));
#2522=DIRECTION('center_axis',(0.,0.,-1.));
#2523=DIRECTION('ref_axis',(0.,1.,0.));
#2524=DIRECTION('center_axis',(0.,0.,-1.));
#2525=DIRECTION('ref_axis',(0.,1.,0.));
#2526=DIRECTION('center_axis',(0.,0.,-1.));
#2527=DIRECTION('ref_axis',(0.,1.,0.));
#2528=DIRECTION('center_axis',(0.,0.,-1.));
#2529=DIRECTION('ref_axis',(0.,1.,0.));
#2530=DIRECTION('center_axis',(0.,0.,-1.));
#2531=DIRECTION('ref_axis',(0.,1.,0.));
#2532=DIRECTION('center_axis',(0.,0.,-1.));
#2533=DIRECTION('ref_axis',(0.,1.,0.));
#2534=DIRECTION('center_axis',(0.,0.,-1.));
#2535=DIRECTION('ref_axis',(0.,1.,0.));
#2536=DIRECTION('center_axis',(0.,0.,-1.));
#2537=DIRECTION('ref_axis',(0.,1.,0.));
#2538=DIRECTION('center_axis',(0.,0.,-1.));
#2539=DIRECTION('ref_axis',(0.,1.,0.));
#2540=DIRECTION('center_axis',(0.,0.,-1.));
#2541=DIRECTION('ref_axis',(0.,1.,0.));
#2542=DIRECTION('center_axis',(0.,0.,-1.));
#2543=DIRECTION('ref_axis',(0.,1.,0.));
#2544=DIRECTION('center_axis',(0.,0.,-1.));
#2545=DIRECTION('ref_axis',(-1.,0.,0.));
#2546=DIRECTION('center_axis',(0.,0.,-1.));
#2547=DIRECTION('ref_axis',(0.,1.,0.));
#2548=DIRECTION('center_axis',(0.,0.,-1.));
#2549=DIRECTION('ref_axis',(0.,1.,0.));
#2550=DIRECTION('center_axis',(0.,0.,-1.));
#2551=DIRECTION('ref_axis',(0.,1.,0.));
#2552=DIRECTION('center_axis',(0.,0.,-1.));
#2553=DIRECTION('ref_axis',(0.,1.,0.));
#2554=DIRECTION('center_axis',(0.,0.,-1.));
#2555=DIRECTION('ref_axis',(0.,1.,0.));
#2556=DIRECTION('center_axis',(0.,0.,-1.));
#2557=DIRECTION('ref_axis',(0.,1.,0.));
#2558=DIRECTION('center_axis',(0.,0.,-1.));
#2559=DIRECTION('ref_axis',(0.,1.,0.));
#2560=DIRECTION('center_axis',(0.,0.,-1.));
#2561=DIRECTION('ref_axis',(0.,1.,0.));
#2562=DIRECTION('center_axis',(0.,0.,-1.));
#2563=DIRECTION('ref_axis',(0.,1.,0.));
#2564=DIRECTION('center_axis',(0.,0.,-1.));
#2565=DIRECTION('ref_axis',(0.,1.,0.));
#2566=DIRECTION('center_axis',(0.,0.,-1.));
#2567=DIRECTION('ref_axis',(0.,1.,0.));
#2568=DIRECTION('center_axis',(0.,0.,-1.));
#2569=DIRECTION('ref_axis',(0.,1.,0.));
#2570=DIRECTION('center_axis',(0.,0.,-1.));
#2571=DIRECTION('ref_axis',(0.,1.,0.));
#2572=DIRECTION('center_axis',(0.,0.,-1.));
#2573=DIRECTION('ref_axis',(0.,1.,0.));
#2574=DIRECTION('center_axis',(0.,0.,-1.));
#2575=DIRECTION('ref_axis',(0.,1.,0.));
#2576=DIRECTION('center_axis',(0.,0.,-1.));
#2577=DIRECTION('ref_axis',(0.,1.,0.));
#2578=DIRECTION('center_axis',(0.,0.,-1.));
#2579=DIRECTION('ref_axis',(0.,1.,0.));
#2580=DIRECTION('center_axis',(0.,0.,-1.));
#2581=DIRECTION('ref_axis',(0.,1.,0.));
#2582=DIRECTION('center_axis',(0.,0.,-1.));
#2583=DIRECTION('ref_axis',(0.00798805557616449,-0.999968094975091,0.));
#2584=DIRECTION('center_axis',(0.,0.,-1.));
#2585=DIRECTION('ref_axis',(0.,1.,0.));
#2586=DIRECTION('center_axis',(0.,0.,-1.));
#2587=DIRECTION('ref_axis',(0.,1.,0.));
#2588=DIRECTION('center_axis',(0.,0.,-1.));
#2589=DIRECTION('ref_axis',(0.,1.,0.));
#2590=DIRECTION('center_axis',(0.,0.,-1.));
#2591=DIRECTION('ref_axis',(0.,1.,0.));
#2592=DIRECTION('center_axis',(0.,0.,-1.));
#2593=DIRECTION('ref_axis',(0.,1.,0.));
#2594=DIRECTION('center_axis',(0.,0.,-1.));
#2595=DIRECTION('ref_axis',(0.,1.,0.));
#2596=DIRECTION('center_axis',(0.,0.,-1.));
#2597=DIRECTION('ref_axis',(0.,1.,0.));
#2598=DIRECTION('center_axis',(0.,0.,-1.));
#2599=DIRECTION('ref_axis',(0.,1.,0.));
#2600=DIRECTION('center_axis',(0.,0.,-1.));
#2601=DIRECTION('ref_axis',(0.,1.,0.));
#2602=DIRECTION('center_axis',(0.,0.,-1.));
#2603=DIRECTION('ref_axis',(0.,1.,0.));
#2604=DIRECTION('center_axis',(0.,0.,-1.));
#2605=DIRECTION('ref_axis',(0.,1.,0.));
#2606=DIRECTION('center_axis',(0.,0.,-1.));
#2607=DIRECTION('ref_axis',(0.,1.,0.));
#2608=DIRECTION('center_axis',(0.,0.,-1.));
#2609=DIRECTION('ref_axis',(0.,1.,0.));
#2610=DIRECTION('center_axis',(0.,0.,-1.));
#2611=DIRECTION('ref_axis',(0.,1.,0.));
#2612=DIRECTION('center_axis',(0.,0.,-1.));
#2613=DIRECTION('ref_axis',(0.,1.,0.));
#2614=DIRECTION('center_axis',(0.,0.,-1.));
#2615=DIRECTION('ref_axis',(0.,1.,0.));
#2616=DIRECTION('center_axis',(0.,0.,-1.));
#2617=DIRECTION('ref_axis',(0.,1.,0.));
#2618=DIRECTION('center_axis',(0.,0.,-1.));
#2619=DIRECTION('ref_axis',(0.,1.,0.));
#2620=DIRECTION('center_axis',(0.,0.,-1.));
#2621=DIRECTION('ref_axis',(0.,1.,0.));
#2622=DIRECTION('center_axis',(0.,0.,-1.));
#2623=DIRECTION('ref_axis',(0.,1.,0.));
#2624=DIRECTION('center_axis',(0.,0.,-1.));
#2625=DIRECTION('ref_axis',(0.,1.,0.));
#2626=DIRECTION('center_axis',(0.,0.,-1.));
#2627=DIRECTION('ref_axis',(0.,1.,0.));
#2628=DIRECTION('center_axis',(0.,0.,-1.));
#2629=DIRECTION('ref_axis',(0.,1.,0.));
#2630=DIRECTION('center_axis',(0.,0.,-1.));
#2631=DIRECTION('ref_axis',(0.,1.,0.));
#2632=DIRECTION('center_axis',(0.,0.,-1.));
#2633=DIRECTION('ref_axis',(0.,1.,0.));
#2634=DIRECTION('center_axis',(0.,0.,-1.));
#2635=DIRECTION('ref_axis',(0.,1.,0.));
#2636=DIRECTION('center_axis',(0.,0.,-1.));
#2637=DIRECTION('ref_axis',(0.,1.,0.));
#2638=DIRECTION('center_axis',(0.,0.,1.));
#2639=DIRECTION('ref_axis',(1.,0.,0.));
#2640=DIRECTION('center_axis',(0.,0.,-1.));
#2641=DIRECTION('ref_axis',(0.,1.,0.));
#2642=DIRECTION('center_axis',(0.,0.,-1.));
#2643=DIRECTION('ref_axis',(0.,1.,0.));
#2644=DIRECTION('center_axis',(0.,0.,-1.));
#2645=DIRECTION('ref_axis',(0.,1.,0.));
#2646=DIRECTION('center_axis',(0.,0.,-1.));
#2647=DIRECTION('ref_axis',(0.,1.,0.));
#2648=DIRECTION('center_axis',(0.,0.,-1.));
#2649=DIRECTION('ref_axis',(0.,1.,0.));
#2650=DIRECTION('center_axis',(0.,0.,-1.));
#2651=DIRECTION('ref_axis',(0.,1.,0.));
#2652=DIRECTION('center_axis',(0.,0.,-1.));
#2653=DIRECTION('ref_axis',(0.,1.,0.));
#2654=DIRECTION('center_axis',(0.,0.,-1.));
#2655=DIRECTION('ref_axis',(0.,1.,0.));
#2656=DIRECTION('center_axis',(0.,0.,-1.));
#2657=DIRECTION('ref_axis',(0.,1.,0.));
#2658=DIRECTION('center_axis',(0.,0.,-1.));
#2659=DIRECTION('ref_axis',(0.,1.,0.));
#2660=DIRECTION('center_axis',(0.,0.,-1.));
#2661=DIRECTION('ref_axis',(0.,1.,0.));
#2662=DIRECTION('center_axis',(0.,0.,-1.));
#2663=DIRECTION('ref_axis',(0.,1.,0.));
#2664=DIRECTION('center_axis',(0.,0.,-1.));
#2665=DIRECTION('ref_axis',(0.,1.,0.));
#2666=DIRECTION('center_axis',(0.,0.,-1.));
#2667=DIRECTION('ref_axis',(0.,1.,0.));
#2668=DIRECTION('center_axis',(0.,0.,-1.));
#2669=DIRECTION('ref_axis',(0.,1.,0.));
#2670=DIRECTION('center_axis',(0.,0.,-1.));
#2671=DIRECTION('ref_axis',(0.,1.,0.));
#2672=DIRECTION('center_axis',(0.,0.,-1.));
#2673=DIRECTION('ref_axis',(0.,1.,0.));
#2674=DIRECTION('center_axis',(0.,0.,-1.));
#2675=DIRECTION('ref_axis',(0.,1.,0.));
#2676=DIRECTION('center_axis',(0.,0.,-1.));
#2677=DIRECTION('ref_axis',(0.,1.,0.));
#2678=DIRECTION('center_axis',(0.,0.,-1.));
#2679=DIRECTION('ref_axis',(0.,1.,0.));
#2680=DIRECTION('center_axis',(0.,0.,-1.));
#2681=DIRECTION('ref_axis',(0.,1.,0.));
#2682=DIRECTION('center_axis',(0.,0.,-1.));
#2683=DIRECTION('ref_axis',(0.,1.,0.));
#2684=DIRECTION('center_axis',(0.,0.,-1.));
#2685=DIRECTION('ref_axis',(0.,1.,0.));
#2686=DIRECTION('center_axis',(0.,0.,-1.));
#2687=DIRECTION('ref_axis',(0.,1.,0.));
#2688=DIRECTION('center_axis',(0.,0.,-1.));
#2689=DIRECTION('ref_axis',(0.,1.,0.));
#2690=DIRECTION('center_axis',(0.,0.,-1.));
#2691=DIRECTION('ref_axis',(0.,1.,0.));
#2692=DIRECTION('center_axis',(0.,0.,1.));
#2693=DIRECTION('ref_axis',(0.,1.,0.));
#2694=DIRECTION('center_axis',(0.,0.,1.));
#2695=DIRECTION('ref_axis',(0.,1.,0.));
#2696=DIRECTION('center_axis',(0.,0.,1.));
#2697=DIRECTION('ref_axis',(0.,1.,0.));
#2698=DIRECTION('center_axis',(0.,0.,-1.));
#2699=DIRECTION('ref_axis',(0.,1.,0.));
#2700=DIRECTION('center_axis',(0.,0.,1.));
#2701=DIRECTION('ref_axis',(0.,1.,0.));
#2702=DIRECTION('center_axis',(0.,0.,-1.));
#2703=DIRECTION('ref_axis',(0.,1.,0.));
#2704=DIRECTION('center_axis',(0.,0.,-1.));
#2705=DIRECTION('ref_axis',(0.,1.,0.));
#2706=DIRECTION('center_axis',(0.,0.,-1.));
#2707=DIRECTION('ref_axis',(0.,1.,0.));
#2708=DIRECTION('center_axis',(0.,0.,-1.));
#2709=DIRECTION('ref_axis',(0.,1.,0.));
#2710=DIRECTION('center_axis',(0.,0.,-1.));
#2711=DIRECTION('ref_axis',(0.,1.,0.));
#2712=DIRECTION('center_axis',(0.,0.,1.));
#2713=DIRECTION('ref_axis',(0.,1.,0.));
#2714=DIRECTION('center_axis',(0.,0.,1.));
#2715=DIRECTION('ref_axis',(0.,1.,0.));
#2716=DIRECTION('center_axis',(0.,0.,1.));
#2717=DIRECTION('ref_axis',(0.,1.,0.));
#2718=DIRECTION('center_axis',(0.,0.,-1.));
#2719=DIRECTION('ref_axis',(0.,1.,0.));
#2720=DIRECTION('center_axis',(0.,0.,1.));
#2721=DIRECTION('ref_axis',(0.,1.,0.));
#2722=DIRECTION('center_axis',(0.,0.,-1.));
#2723=DIRECTION('ref_axis',(0.,1.,0.));
#2724=DIRECTION('center_axis',(0.,0.,-1.));
#2725=DIRECTION('ref_axis',(0.,1.,0.));
#2726=DIRECTION('center_axis',(0.,0.,-1.));
#2727=DIRECTION('ref_axis',(0.,1.,0.));
#2728=DIRECTION('center_axis',(0.,0.,-1.));
#2729=DIRECTION('ref_axis',(0.,1.,0.));
#2730=DIRECTION('center_axis',(0.,0.,-1.));
#2731=DIRECTION('ref_axis',(0.,1.,0.));
#2732=DIRECTION('center_axis',(0.,0.,1.));
#2733=DIRECTION('ref_axis',(0.,1.,0.));
#2734=DIRECTION('center_axis',(0.,0.,1.));
#2735=DIRECTION('ref_axis',(0.,1.,0.));
#2736=DIRECTION('center_axis',(0.,0.,1.));
#2737=DIRECTION('ref_axis',(0.,1.,0.));
#2738=DIRECTION('center_axis',(0.,0.,-1.));
#2739=DIRECTION('ref_axis',(0.,1.,0.));
#2740=DIRECTION('center_axis',(0.,0.,1.));
#2741=DIRECTION('ref_axis',(0.,1.,0.));
#2742=DIRECTION('center_axis',(0.,0.,-1.));
#2743=DIRECTION('ref_axis',(0.,1.,0.));
#2744=DIRECTION('center_axis',(0.,0.,-1.));
#2745=DIRECTION('ref_axis',(0.,1.,0.));
#2746=DIRECTION('center_axis',(0.,0.,-1.));
#2747=DIRECTION('ref_axis',(0.,1.,0.));
#2748=DIRECTION('center_axis',(0.,0.,-1.));
#2749=DIRECTION('ref_axis',(0.,1.,0.));
#2750=DIRECTION('center_axis',(0.,0.,-1.));
#2751=DIRECTION('ref_axis',(0.,1.,0.));
#2752=DIRECTION('center_axis',(0.,0.,1.));
#2753=DIRECTION('ref_axis',(0.,1.,0.));
#2754=DIRECTION('center_axis',(0.,0.,1.));
#2755=DIRECTION('ref_axis',(0.,1.,0.));
#2756=DIRECTION('center_axis',(0.,0.,1.));
#2757=DIRECTION('ref_axis',(0.,1.,0.));
#2758=DIRECTION('center_axis',(0.,0.,-1.));
#2759=DIRECTION('ref_axis',(0.,1.,0.));
#2760=DIRECTION('center_axis',(0.,0.,1.));
#2761=DIRECTION('ref_axis',(0.,1.,0.));
#2762=DIRECTION('center_axis',(0.,0.,-1.));
#2763=DIRECTION('ref_axis',(0.,1.,0.));
#2764=DIRECTION('center_axis',(0.,0.,-1.));
#2765=DIRECTION('ref_axis',(0.,1.,0.));
#2766=DIRECTION('center_axis',(0.,0.,-1.));
#2767=DIRECTION('ref_axis',(0.,1.,0.));
#2768=DIRECTION('center_axis',(0.,0.,-1.));
#2769=DIRECTION('ref_axis',(0.,1.,0.));
#2770=DIRECTION('center_axis',(0.,0.,-1.));
#2771=DIRECTION('ref_axis',(0.,1.,0.));
#2772=DIRECTION('center_axis',(0.,0.,1.));
#2773=DIRECTION('ref_axis',(0.,1.,0.));
#2774=DIRECTION('center_axis',(0.,0.,1.));
#2775=DIRECTION('ref_axis',(0.,1.,0.));
#2776=DIRECTION('center_axis',(0.,0.,1.));
#2777=DIRECTION('ref_axis',(0.,1.,0.));
#2778=DIRECTION('center_axis',(0.,0.,-1.));
#2779=DIRECTION('ref_axis',(0.,1.,0.));
#2780=DIRECTION('center_axis',(0.,0.,1.));
#2781=DIRECTION('ref_axis',(0.,1.,0.));
#2782=DIRECTION('center_axis',(0.,0.,-1.));
#2783=DIRECTION('ref_axis',(0.,1.,0.));
#2784=DIRECTION('center_axis',(0.,0.,-1.));
#2785=DIRECTION('ref_axis',(0.,1.,0.));
#2786=DIRECTION('center_axis',(0.,0.,-1.));
#2787=DIRECTION('ref_axis',(0.142944441044416,-0.989730714272574,0.));
#2788=DIRECTION('center_axis',(0.,0.,-1.));
#2789=DIRECTION('ref_axis',(0.,1.,0.));
#2790=DIRECTION('center_axis',(0.,0.,-1.));
#2791=DIRECTION('ref_axis',(0.,1.,0.));
#2792=DIRECTION('center_axis',(0.,0.,1.));
#2793=DIRECTION('ref_axis',(0.,1.,0.));
#2794=DIRECTION('center_axis',(0.,0.,1.));
#2795=DIRECTION('ref_axis',(0.016217427574256,-0.999868488873849,0.));
#2796=DIRECTION('center_axis',(0.,0.,1.));
#2797=DIRECTION('ref_axis',(0.,1.,0.));
#2798=DIRECTION('center_axis',(0.,0.,-1.));
#2799=DIRECTION('ref_axis',(0.,1.,0.));
#2800=DIRECTION('center_axis',(0.,0.,1.));
#2801=DIRECTION('ref_axis',(-0.000287015745288869,-0.99999995881098,0.));
#2802=DIRECTION('center_axis',(0.,0.,-1.));
#2803=DIRECTION('ref_axis',(0.,1.,0.));
#2804=DIRECTION('center_axis',(0.,0.,-1.));
#2805=DIRECTION('ref_axis',(-0.129382477613739,-0.991594763240776,0.));
#2806=DIRECTION('center_axis',(0.,0.,-1.));
#2807=DIRECTION('ref_axis',(0.,1.,0.));
#2808=DIRECTION('center_axis',(0.,0.,-1.));
#2809=DIRECTION('ref_axis',(0.,1.,0.));
#2810=DIRECTION('center_axis',(0.,0.,-1.));
#2811=DIRECTION('ref_axis',(0.,1.,0.));
#2812=DIRECTION('center_axis',(0.,0.,1.));
#2813=DIRECTION('ref_axis',(0.,1.,0.));
#2814=DIRECTION('center_axis',(0.,0.,1.));
#2815=DIRECTION('ref_axis',(0.,1.,0.));
#2816=DIRECTION('center_axis',(0.,0.,1.));
#2817=DIRECTION('ref_axis',(0.,1.,0.));
#2818=DIRECTION('center_axis',(0.,0.,-1.));
#2819=DIRECTION('ref_axis',(0.,1.,0.));
#2820=DIRECTION('center_axis',(0.,0.,1.));
#2821=DIRECTION('ref_axis',(0.,1.,0.));
#2822=DIRECTION('center_axis',(0.,0.,-1.));
#2823=DIRECTION('ref_axis',(0.,1.,0.));
#2824=DIRECTION('center_axis',(0.,0.,-1.));
#2825=DIRECTION('ref_axis',(0.,1.,0.));
#2826=DIRECTION('center_axis',(0.,0.,-1.));
#2827=DIRECTION('ref_axis',(0.,1.,0.));
#2828=DIRECTION('center_axis',(0.,0.,-1.));
#2829=DIRECTION('ref_axis',(0.,1.,0.));
#2830=DIRECTION('center_axis',(0.,0.,-1.));
#2831=DIRECTION('ref_axis',(0.,1.,0.));
#2832=DIRECTION('center_axis',(0.,0.,1.));
#2833=DIRECTION('ref_axis',(0.,1.,0.));
#2834=DIRECTION('center_axis',(0.,0.,1.));
#2835=DIRECTION('ref_axis',(0.,1.,0.));
#2836=DIRECTION('center_axis',(0.,0.,1.));
#2837=DIRECTION('ref_axis',(0.,1.,0.));
#2838=DIRECTION('center_axis',(0.,0.,-1.));
#2839=DIRECTION('ref_axis',(0.,1.,0.));
#2840=DIRECTION('center_axis',(0.,0.,1.));
#2841=DIRECTION('ref_axis',(0.,1.,0.));
#2842=DIRECTION('center_axis',(0.,0.,-1.));
#2843=DIRECTION('ref_axis',(0.,1.,0.));
#2844=DIRECTION('center_axis',(0.,0.,-1.));
#2845=DIRECTION('ref_axis',(0.,1.,0.));
#2846=DIRECTION('center_axis',(0.,0.,-1.));
#2847=DIRECTION('ref_axis',(0.,1.,0.));
#2848=DIRECTION('center_axis',(0.,0.,-1.));
#2849=DIRECTION('ref_axis',(0.,1.,0.));
#2850=DIRECTION('center_axis',(0.,0.,-1.));
#2851=DIRECTION('ref_axis',(0.,1.,0.));
#2852=DIRECTION('center_axis',(0.,0.,1.));
#2853=DIRECTION('ref_axis',(0.,1.,0.));
#2854=DIRECTION('center_axis',(0.,0.,1.));
#2855=DIRECTION('ref_axis',(0.,1.,0.));
#2856=DIRECTION('center_axis',(0.,0.,1.));
#2857=DIRECTION('ref_axis',(0.,1.,0.));
#2858=DIRECTION('center_axis',(0.,0.,-1.));
#2859=DIRECTION('ref_axis',(0.,1.,0.));
#2860=DIRECTION('center_axis',(0.,0.,1.));
#2861=DIRECTION('ref_axis',(0.,1.,0.));
#2862=DIRECTION('center_axis',(0.,0.,-1.));
#2863=DIRECTION('ref_axis',(0.,1.,0.));
#2864=DIRECTION('center_axis',(0.,0.,-1.));
#2865=DIRECTION('ref_axis',(0.,1.,0.));
#2866=DIRECTION('center_axis',(0.,0.,-1.));
#2867=DIRECTION('ref_axis',(0.,1.,0.));
#2868=DIRECTION('center_axis',(0.,0.,-1.));
#2869=DIRECTION('ref_axis',(0.,1.,0.));
#2870=DIRECTION('center_axis',(0.,0.,-1.));
#2871=DIRECTION('ref_axis',(0.,1.,0.));
#2872=DIRECTION('center_axis',(0.,0.,1.));
#2873=DIRECTION('ref_axis',(0.,1.,0.));
#2874=DIRECTION('center_axis',(0.,0.,1.));
#2875=DIRECTION('ref_axis',(0.,1.,0.));
#2876=DIRECTION('center_axis',(0.,0.,1.));
#2877=DIRECTION('ref_axis',(0.,1.,0.));
#2878=DIRECTION('center_axis',(0.,0.,-1.));
#2879=DIRECTION('ref_axis',(0.,1.,0.));
#2880=DIRECTION('center_axis',(0.,0.,1.));
#2881=DIRECTION('ref_axis',(0.,1.,0.));
#2882=DIRECTION('center_axis',(0.,0.,-1.));
#2883=DIRECTION('ref_axis',(0.,1.,0.));
#2884=DIRECTION('center_axis',(0.,0.,-1.));
#2885=DIRECTION('ref_axis',(0.,1.,0.));
#2886=DIRECTION('center_axis',(0.,0.,-1.));
#2887=DIRECTION('ref_axis',(0.,1.,0.));
#2888=DIRECTION('center_axis',(0.,0.,-1.));
#2889=DIRECTION('ref_axis',(0.,1.,0.));
#2890=DIRECTION('center_axis',(0.,0.,-1.));
#2891=DIRECTION('ref_axis',(0.,1.,0.));
#2892=DIRECTION('center_axis',(0.,0.,1.));
#2893=DIRECTION('ref_axis',(0.,1.,0.));
#2894=DIRECTION('center_axis',(0.,0.,1.));
#2895=DIRECTION('ref_axis',(0.,1.,0.));
#2896=DIRECTION('center_axis',(0.,0.,1.));
#2897=DIRECTION('ref_axis',(0.,1.,0.));
#2898=DIRECTION('center_axis',(0.,0.,-1.));
#2899=DIRECTION('ref_axis',(0.,1.,0.));
#2900=DIRECTION('center_axis',(0.,0.,1.));
#2901=DIRECTION('ref_axis',(0.,1.,0.));
#2902=DIRECTION('center_axis',(0.,0.,-1.));
#2903=DIRECTION('ref_axis',(0.,1.,0.));
#2904=DIRECTION('center_axis',(0.,0.,-1.));
#2905=DIRECTION('ref_axis',(0.,1.,0.));
#2906=DIRECTION('center_axis',(0.,0.,1.));
#2907=DIRECTION('ref_axis',(0.,1.,0.));
#2908=DIRECTION('center_axis',(0.,0.,-1.));
#2909=DIRECTION('ref_axis',(0.,1.,0.));
#2910=DIRECTION('center_axis',(0.,0.,-1.));
#2911=DIRECTION('ref_axis',(0.,1.,0.));
#2912=DIRECTION('center_axis',(0.,0.,-1.));
#2913=DIRECTION('ref_axis',(0.,1.,0.));
#2914=DIRECTION('center_axis',(0.,0.,1.));
#2915=DIRECTION('ref_axis',(0.,1.,0.));
#2916=CARTESIAN_POINT('',(0.,0.,0.));
#2917=CARTESIAN_POINT('Origin',(-3.,20.,-57.0455844143628));
#2918=CARTESIAN_POINT('',(-3.,20.,-57.0455844143628));
#2919=CARTESIAN_POINT('',(-3.,14.6969384566991,-57.0455844143628));
#2920=CARTESIAN_POINT('',(-3.,10.,-57.0455844143628));
#2921=CARTESIAN_POINT('',(-3.,20.,-37.0455844143628));
#2922=CARTESIAN_POINT('',(-3.,20.,-57.0455844143628));
#2923=CARTESIAN_POINT('',(-3.,14.6969384566991,-37.0455844143628));
#2924=CARTESIAN_POINT('',(-3.,8.,-37.0455844143628));
#2925=CARTESIAN_POINT('',(-3.,14.6969384566991,-57.0455844143628));
#2926=CARTESIAN_POINT('Origin',(3.,20.,-57.0455844143628));
#2927=CARTESIAN_POINT('',(3.,20.,-57.0455844143628));
#2928=CARTESIAN_POINT('',(1.5,20.,-57.0455844143628));
#2929=CARTESIAN_POINT('',(3.,20.,-37.0455844143628));
#2930=CARTESIAN_POINT('',(3.,20.,-57.0455844143628));
#2931=CARTESIAN_POINT('',(-3.,20.,-37.0455844143628));
#2932=CARTESIAN_POINT('Origin',(3.,14.6969384566991,-57.0455844143628));
#2933=CARTESIAN_POINT('',(3.,14.6969384566991,-57.0455844143628));
#2934=CARTESIAN_POINT('',(3.,7.34846922834953,-57.0455844143628));
#2935=CARTESIAN_POINT('',(3.,14.6969384566991,-37.0455844143628));
#2936=CARTESIAN_POINT('',(3.,14.6969384566991,-57.0455844143628));
#2937=CARTESIAN_POINT('',(3.,20.,-37.0455844143628));
#2938=CARTESIAN_POINT('Origin',(0.,0.,-57.0455844143628));
#2939=CARTESIAN_POINT('Origin',(0.,0.,-57.0455844143628));
#2940=CARTESIAN_POINT('Origin',(0.,0.,-37.0455844143628));
#2941=CARTESIAN_POINT('Origin',(0.,0.,-37.0455844143628));
#2942=CARTESIAN_POINT('Origin',(0.,0.,-37.0455844143628));
#2943=CARTESIAN_POINT('',(31.9544142738289,-0.00917142040582313,-57.0455844143628));
#2944=CARTESIAN_POINT('Origin',(0.,0.,-57.0455844143628));
#2945=CARTESIAN_POINT('',(31.9544142738289,-0.00917142040582313,-37.0455844143628));
#2946=CARTESIAN_POINT('',(31.9544142738289,-0.00917142040582313,-37.0455844143628));
#2947=CARTESIAN_POINT('',(31.9442150192641,-0.807342864869706,-37.0455844143628));
#2948=CARTESIAN_POINT('Origin',(0.,0.,-37.0455844143628));
#2949=CARTESIAN_POINT('',(31.7545750551863,-3.56814220049796,-37.0455844143628));
#2950=CARTESIAN_POINT('Origin',(0.,0.,-37.0455844143628));
#2951=CARTESIAN_POINT('',(30.5418183746461,-9.39585047074311,-37.0455844143628));
#2952=CARTESIAN_POINT('Origin',(0.,0.,-37.0455844143628));
#2953=CARTESIAN_POINT('',(29.6143560282986,-12.0031076279274,-37.0455844143628));
#2954=CARTESIAN_POINT('Origin',(0.,0.,-37.0455844143628));
#2955=CARTESIAN_POINT('',(26.8742747807027,-17.2875108303573,-37.0455844143628));
#2956=CARTESIAN_POINT('Origin',(0.,0.,-37.0455844143628));
#2957=CARTESIAN_POINT('',(25.2777756914562,-19.547857473157,-37.0455844143628));
#2958=CARTESIAN_POINT('Origin',(0.,0.,-37.0455844143628));
#2959=CARTESIAN_POINT('',(21.2135891679012,-23.8970355967836,-37.0455844143628));
#2960=CARTESIAN_POINT('Origin',(0.,0.,-37.0455844143628));
#2961=CARTESIAN_POINT('',(19.0664583697077,-25.6428321551002,-37.0455844143628));
#2962=CARTESIAN_POINT('Origin',(0.,0.,-37.0455844143628));
#2963=CARTESIAN_POINT('',(13.9795886922294,-28.73422655466,-37.0455844143628));
#2964=CARTESIAN_POINT('Origin',(0.,0.,-37.0455844143628));
#2965=CARTESIAN_POINT('',(11.4410690539211,-29.8359952842509,-37.0455844143628));
#2966=CARTESIAN_POINT('Origin',(0.,0.,-37.0455844143628));
#2967=CARTESIAN_POINT('',(5.70878607561776,-31.440331379317,-37.0455844143628));
#2968=CARTESIAN_POINT('Origin',(0.,0.,-37.0455844143628));
#2969=CARTESIAN_POINT('',(2.96714798581346,-31.8163591337651,-37.0455844143628));
#2970=CARTESIAN_POINT('Origin',(0.,0.,-37.0455844143628));
#2971=CARTESIAN_POINT('',(-2.98541108826388,-31.8146506555157,-37.0455844143628));
#2972=CARTESIAN_POINT('Origin',(0.,0.,-37.0455844143628));
#2973=CARTESIAN_POINT('',(-5.72683287460312,-31.437049176486,-37.0455844143628));
#2974=CARTESIAN_POINT('Origin',(0.,0.,-37.0455844143628));
#2975=CARTESIAN_POINT('',(-11.4581939690759,-29.8294228349371,-37.0455844143628));
#2976=CARTESIAN_POINT('Origin',(0.,0.,-37.0455844143628));
#2977=CARTESIAN_POINT('',(-13.9960807392276,-28.7261970967175,-37.0455844143628));
#2978=CARTESIAN_POINT('Origin',(0.,0.,-37.0455844143628));
#2979=CARTESIAN_POINT('',(-19.0811750209511,-25.6318831832206,-37.0455844143628));
#2980=CARTESIAN_POINT('Origin',(0.,0.,-37.0455844143628));
#2981=CARTESIAN_POINT('',(-21.2273033232324,-23.8848543918928,-37.0455844143628));
#2982=CARTESIAN_POINT('Origin',(0.,0.,-37.0455844143628));
#2983=CARTESIAN_POINT('',(-25.2889926120898,-19.5333440138677,-37.0455844143628));
#2984=CARTESIAN_POINT('Origin',(0.,0.,-37.0455844143628));
#2985=CARTESIAN_POINT('',(-26.8841939282042,-17.2720813027597,-37.0455844143628));
#2986=CARTESIAN_POINT('Origin',(0.,0.,-37.0455844143628));
#2987=CARTESIAN_POINT('',(-29.6212413106329,-11.9861060781092,-37.0455844143628));
#2988=CARTESIAN_POINT('Origin',(0.,0.,-37.0455844143628));
#2989=CARTESIAN_POINT('',(-30.5472068565248,-9.37831695791523,-37.0455844143628));
#2990=CARTESIAN_POINT('Origin',(0.,0.,-37.0455844143628));
#2991=CARTESIAN_POINT('',(-31.7566180493287,-3.54991348732408,-37.0455844143628));
#2992=CARTESIAN_POINT('Origin',(0.,0.,-37.0455844143628));
#2993=CARTESIAN_POINT('',(-31.9446731964696,-0.789005747247502,-37.0455844143628));
#2994=CARTESIAN_POINT('Origin',(0.,0.,-37.0455844143628));
#2995=CARTESIAN_POINT('',(-31.5367517041666,5.14955994704229,-37.0455844143628));
#2996=CARTESIAN_POINT('Origin',(0.,0.,-37.0455844143628));
#2997=CARTESIAN_POINT('',(-30.9729492625882,7.85882241023245,-37.0455844143628));
#2998=CARTESIAN_POINT('Origin',(0.,0.,-37.0455844143628));
#2999=CARTESIAN_POINT('',(-28.9779487561456,13.4671140778058,-37.0455844143628));
#3000=CARTESIAN_POINT('Origin',(0.,0.,-37.0455844143628));
#3001=CARTESIAN_POINT('',(-27.7041033737153,15.9237976612658,-37.0455844143628));
#3002=CARTESIAN_POINT('Origin',(0.,0.,-37.0455844143628));
#3003=CARTESIAN_POINT('',(-24.2699839141759,20.7858739653659,-37.0455844143628));
#3004=CARTESIAN_POINT('Origin',(0.,0.,-37.0455844143628));
#3005=CARTESIAN_POINT('',(-22.3805708754536,22.8077776862901,-37.0455844143628));
#3006=CARTESIAN_POINT('Origin',(0.,0.,-37.0455844143628));
#3007=CARTESIAN_POINT('',(-17.7620253930805,26.563040669961,-37.0455844143628));
#3008=CARTESIAN_POINT('Origin',(0.,0.,-37.0455844143628));
#3009=CARTESIAN_POINT('',(-15.3971738196587,28.0002091789624,-37.0455844143628));
#3010=CARTESIAN_POINT('Origin',(0.,0.,-37.0455844143628));
#3011=CARTESIAN_POINT('',(-9.93673870443959,30.3701481658903,-37.0455844143628));
#3012=CARTESIAN_POINT('Origin',(0.,0.,-37.0455844143628));
#3013=CARTESIAN_POINT('',(-7.27183881904297,31.1159932492648,-37.0455844143628));
#3014=CARTESIAN_POINT('Origin',(0.,0.,-37.0455844143628));
#3015=CARTESIAN_POINT('',(-1.37448956364524,31.9248407065386,-37.0455844143628));
#3016=CARTESIAN_POINT('Origin',(0.,0.,-37.0455844143628));
#3017=CARTESIAN_POINT('',(1.39281520033213,31.9240464464666,-37.0455844143628));
#3018=CARTESIAN_POINT('Origin',(0.,0.,-37.0455844143628));
#3019=CARTESIAN_POINT('',(7.28969918021332,31.1118138584113,-37.0455844143628));
#3020=CARTESIAN_POINT('Origin',(0.,0.,-37.0455844143628));
#3021=CARTESIAN_POINT('',(9.95417048800417,30.3644391615288,-37.0455844143628));
#3022=CARTESIAN_POINT('Origin',(0.,0.,-37.0455844143628));
#3023=CARTESIAN_POINT('',(15.4132442840302,27.9913661034835,-37.0455844143628));
#3024=CARTESIAN_POINT('Origin',(0.,0.,-37.0455844143628));
#3025=CARTESIAN_POINT('',(17.7772704878809,26.5528403320465,-37.0455844143628));
#3026=CARTESIAN_POINT('Origin',(0.,0.,-37.0455844143628));
#3027=CARTESIAN_POINT('',(22.3936595702014,22.7949267766396,-37.0455844143628));
#3028=CARTESIAN_POINT('Origin',(0.,0.,-37.0455844143628));
#3029=CARTESIAN_POINT('',(24.2819116612725,20.7719388062981,-37.0455844143628));
#3030=CARTESIAN_POINT('Origin',(0.,0.,-37.0455844143628));
#3031=CARTESIAN_POINT('',(27.7132395702266,15.9078920106236,-37.0455844143628));
#3032=CARTESIAN_POINT('Origin',(0.,0.,-37.0455844143628));
#3033=CARTESIAN_POINT('',(28.9856745291019,13.4504776045837,-37.0455844143628));
#3034=CARTESIAN_POINT('Origin',(0.,0.,-37.0455844143628));
#3035=CARTESIAN_POINT('',(30.9774553709631,7.84104166794324,-37.0455844143628));
#3036=CARTESIAN_POINT('Origin',(0.,0.,-37.0455844143628));
#3037=CARTESIAN_POINT('',(31.5397025177456,5.13145601077793,-37.0455844143628));
#3038=CARTESIAN_POINT('Origin',(0.,0.,-37.0455844143628));
#3039=CARTESIAN_POINT('Origin',(0.,0.,-37.0455844143628));
#3040=CARTESIAN_POINT('Origin',(0.,0.,-57.0455844143628));
#3041=CARTESIAN_POINT('Origin',(0.,0.,-29.6425976457075));
#3042=CARTESIAN_POINT('',(5.67330109994003,18.3251129063506,-22.2396108770523));
#3043=CARTESIAN_POINT('Ctrl Pts',(5.67330133522453,18.3251126658036,-22.2396109625012));
#3044=CARTESIAN_POINT('Ctrl Pts',(5.64381001700384,18.8491779802572,-22.8098857588873));
#3045=CARTESIAN_POINT('Ctrl Pts',(5.59896361784953,19.3734535272368,-23.3783267479409));
#3046=CARTESIAN_POINT('Ctrl Pts',(5.53898210597342,19.8973556219072,-23.944944185101));
#3047=CARTESIAN_POINT('Ctrl Pts',(5.47915555390838,20.4199042366955,-24.5100977890187));
#3048=CARTESIAN_POINT('Ctrl Pts',(5.40427215846706,20.9420814331921,-25.0734373395577));
#3049=CARTESIAN_POINT('Ctrl Pts',(5.31452791435927,21.4632985259436,-25.6350188261148));
#3050=CARTESIAN_POINT('Ctrl Pts',(5.24074487268945,21.8918160632614,-26.0967218649623));
#3051=CARTESIAN_POINT('Ctrl Pts',(5.15691659718419,22.3196845133049,-26.5572374394103));
#3052=CARTESIAN_POINT('Ctrl Pts',(5.0631396601751,22.7465709608089,-27.016619278584));
#3053=CARTESIAN_POINT('Ctrl Pts',(4.94918604080846,23.2653046420651,-27.5748399340536));
#3054=CARTESIAN_POINT('Ctrl Pts',(4.82054300049126,23.7825887520467,-28.1313854364212));
#3055=CARTESIAN_POINT('Ctrl Pts',(4.67738917969639,24.2977872155387,-28.6863949837619));
#3056=CARTESIAN_POINT('Ctrl Pts',(4.58394062274751,24.6341006487973,-29.0486964648113));
#3057=CARTESIAN_POINT('Ctrl Pts',(4.48430807743998,24.9695250682418,-29.4103443113895));
#3058=CARTESIAN_POINT('Ctrl Pts',(4.37853507823702,25.3038798359136,-29.7713868317065));
#3059=CARTESIAN_POINT('Ctrl Pts',(4.21761840620378,25.8125470468049,-30.3206551825116));
#3060=CARTESIAN_POINT('Ctrl Pts',(4.04274101243924,26.3180747638939,-30.8676813314446));
#3061=CARTESIAN_POINT('Ctrl Pts',(3.85415751593358,26.8200265735053,-31.412621292767));
#3062=CARTESIAN_POINT('Ctrl Pts',(3.78160782626451,27.0131317427852,-31.6222643729664));
#3063=CARTESIAN_POINT('Ctrl Pts',(3.70702912488048,27.2057078231201,-31.8315988822303));
#3064=CARTESIAN_POINT('Ctrl Pts',(3.63043404677704,27.397730452165,-32.0406343892586));
#3065=CARTESIAN_POINT('Ctrl Pts',(3.43283137386747,27.8931171754105,-32.5799115327064));
#3066=CARTESIAN_POINT('Ctrl Pts',(3.22181224587007,28.3848200781693,-33.1171976045142));
#3067=CARTESIAN_POINT('Ctrl Pts',(2.99768121511671,28.8724674314452,-33.6526865537685));
#3068=CARTESIAN_POINT('Ctrl Pts',(2.77194966378732,29.3635970763973,-34.1919994317249));
#3069=CARTESIAN_POINT('Ctrl Pts',(2.53291822773319,29.8506133840412,-34.7294894795967));
#3070=CARTESIAN_POINT('Ctrl Pts',(2.28084720358277,30.3331386692157,-35.2653696429528));
#3071=CARTESIAN_POINT('Ctrl Pts',(2.02658367496716,30.8198609415126,-35.8059108721927));
#3072=CARTESIAN_POINT('Ctrl Pts',(1.7590526825422,31.3020140879911,-36.3448141437535));
#3073=CARTESIAN_POINT('Ctrl Pts',(1.47847059860602,31.7792072587178,-36.8823122383928));
#3074=CARTESIAN_POINT('Ctrl Pts',(1.45005291417739,31.827537945934,-36.9367506794371));
#3075=CARTESIAN_POINT('Ctrl Pts',(1.42150131109311,31.8758177488631,-36.9911747178669));
#3076=CARTESIAN_POINT('Ctrl Pts',(1.39281598580057,31.9240462573241,-37.0455846032227));
#3077=CARTESIAN_POINT('',(4.06822341962619,18.7468841840207,-22.2396108770523));
#3078=CARTESIAN_POINT('Ctrl Pts',(-1.37448956364525,31.9248407065386,-37.0455844143628));
#3079=CARTESIAN_POINT('Ctrl Pts',(-1.04824356010527,31.4775402635716,-36.5112283197376));
#3080=CARTESIAN_POINT('Ctrl Pts',(-0.734849456900508,31.0239627963333,-35.9753858546168));
#3081=CARTESIAN_POINT('Ctrl Pts',(-0.434564523829475,30.5645096339767,-35.4378558875319));
#3082=CARTESIAN_POINT('Ctrl Pts',(-0.122933782879076,30.0876967351313,-34.880016171058));
#3083=CARTESIAN_POINT('Ctrl Pts',(0.174579013407171,29.6045553227657,-34.3203590149293));
#3084=CARTESIAN_POINT('Ctrl Pts',(0.457626316002288,29.1155344541965,-33.7586569978125));
#3085=CARTESIAN_POINT('Ctrl Pts',(0.72363061163143,28.6559587914043,-33.2307765055883));
#3086=CARTESIAN_POINT('Ctrl Pts',(0.976858602676765,28.1911900859447,-32.7010899497126));
#3087=CARTESIAN_POINT('Ctrl Pts',(1.21697011423936,27.721606720616,-32.1694067340195));
#3088=CARTESIAN_POINT('Ctrl Pts',(1.23235415965296,27.6915203171334,-32.1353415670367));
#3089=CARTESIAN_POINT('Ctrl Pts',(1.24768434408918,27.6614141523027,-32.101268203187));
#3090=CARTESIAN_POINT('Ctrl Pts',(1.26296057081356,27.6312883269282,-32.0671865921248));
#3091=CARTESIAN_POINT('Ctrl Pts',(1.5019122800276,27.1600582519487,-31.5340798660315));
#3092=CARTESIAN_POINT('Ctrl Pts',(1.72766601828421,26.6840166478265,-30.9989553452771));
#3093=CARTESIAN_POINT('Ctrl Pts',(1.93996067407692,26.2035599220669,-30.4616278874379));
#3094=CARTESIAN_POINT('Ctrl Pts',(2.06073415915636,25.9302302285653,-30.1559446875014));
#3095=CARTESIAN_POINT('Ctrl Pts',(2.17715082226121,25.6554718475162,-29.8495485047263));
#3096=CARTESIAN_POINT('Ctrl Pts',(2.28915537560298,25.3793600477296,-29.5424051314741));
#3097=CARTESIAN_POINT('Ctrl Pts',(2.52968901132924,24.7864004484273,-28.8828041594304));
#3098=CARTESIAN_POINT('Ctrl Pts',(2.74947365429493,24.1882096931976,-28.220817551199));
#3099=CARTESIAN_POINT('Ctrl Pts',(2.94803518557384,23.5858308014314,-27.5563824293096));
#3100=CARTESIAN_POINT('Ctrl Pts',(2.99909245524066,23.4309376490649,-27.3855324012305));
#3101=CARTESIAN_POINT('Ctrl Pts',(3.04874627783985,23.2757677581856,-27.2145204858976));
#3102=CARTESIAN_POINT('Ctrl Pts',(3.09698817382843,23.1203392388779,-27.0433456270305));
#3103=CARTESIAN_POINT('Ctrl Pts',(3.27935226405846,22.5327881085062,-26.3962701593718));
#3104=CARTESIAN_POINT('Ctrl Pts',(3.44154268857401,21.9415382281431,-25.7468661751324));
#3105=CARTESIAN_POINT('Ctrl Pts',(3.5831290067836,21.3476638473958,-25.0950587563384));
#3106=CARTESIAN_POINT('Ctrl Pts',(3.72153205544033,20.7671414787523,-24.4579058517433));
#3107=CARTESIAN_POINT('Ctrl Pts',(3.84024700165339,20.1841111376044,-23.8184563465329));
#3108=CARTESIAN_POINT('Ctrl Pts',(3.93883949400644,19.599613966009,-23.1766413155656));
#3109=CARTESIAN_POINT('Ctrl Pts',(3.98673402615725,19.3156753221131,-22.8648586442698));
#3110=CARTESIAN_POINT('Ctrl Pts',(4.02987947793231,19.0313911167354,-22.552517762818));
#3111=CARTESIAN_POINT('Ctrl Pts',(4.06822326956972,18.7468842033945,-22.2396108881305));
#3112=CARTESIAN_POINT('Origin',(0.,0.,-22.2396108770523));
#3113=CARTESIAN_POINT('Origin',(0.,0.,-29.6425976457075));
#3114=CARTESIAN_POINT('',(17.2649810596082,8.36161093405152,-22.2396108770523));
#3115=CARTESIAN_POINT('Ctrl Pts',(17.2649810441124,8.36161059798965,-22.2396109624677));
#3116=CARTESIAN_POINT('Ctrl Pts',(17.6278538747207,8.74086263977169,-22.8098802037784));
#3117=CARTESIAN_POINT('Ctrl Pts',(17.9803998073402,9.13148002423066,-23.3783156488263));
#3118=CARTESIAN_POINT('Ctrl Pts',(18.3223424624719,9.53290359931136,-23.9449275668844));
#3119=CARTESIAN_POINT('Ctrl Pts',(18.6634016420002,9.93329001822015,-24.5100755324385));
#3120=CARTESIAN_POINT('Ctrl Pts',(18.9939124576286,10.3444268099467,-25.0734094702448));
#3121=CARTESIAN_POINT('Ctrl Pts',(19.3135785094839,10.7657689303819,-25.6349853822596));
#3122=CARTESIAN_POINT('Ctrl Pts',(19.5764002310718,11.1121862644327,-26.0966995591056));
#3123=CARTESIAN_POINT('Ctrl Pts',(19.8318908290531,11.465502319981,-26.5572262163623));
#3124=CARTESIAN_POINT('Ctrl Pts',(20.0798729244134,11.8254192585442,-27.0166190954013));
#3125=CARTESIAN_POINT('Ctrl Pts',(20.3812006208525,12.2627610829573,-27.5748360013446));
#3126=CARTESIAN_POINT('Ctrl Pts',(20.6714428028635,12.7098489169221,-28.1313777938651));
#3127=CARTESIAN_POINT('Ctrl Pts',(20.95025653694,13.1661180633773,-28.6863836749739));
#3128=CARTESIAN_POINT('Ctrl Pts',(21.1322417113129,13.4639305813068,-29.0486428814156));
#3129=CARTESIAN_POINT('Ctrl Pts',(21.3093574175095,13.7656548673319,-29.4102486159943));
#3130=CARTESIAN_POINT('Ctrl Pts',(21.4815013878211,14.0711358650674,-29.7712491716127));
#3131=CARTESIAN_POINT('Ctrl Pts',(21.743421497954,14.5359306320646,-30.3205179326142));
#3132=CARTESIAN_POINT('Ctrl Pts',(21.993518269523,15.0087855591034,-30.8675444864848));
#3133=CARTESIAN_POINT('Ctrl Pts',(22.2316465460154,15.4892166840315,-31.4124848446772));
#3134=CARTESIAN_POINT('Ctrl Pts',(22.3232763828669,15.6740826992899,-31.6221734916974));
#3135=CARTESIAN_POINT('Ctrl Pts',(22.413133874,15.8600709487125,-31.8315534328725));
#3136=CARTESIAN_POINT('Ctrl Pts',(22.5012098325448,16.0471555527842,-32.0406342430084));
#3137=CARTESIAN_POINT('Ctrl Pts',(22.7283832098125,16.529700869849,-32.5799141389668));
#3138=CARTESIAN_POINT('Ctrl Pts',(22.9437067919984,17.0195370787625,-33.1172029484295));
#3139=CARTESIAN_POINT('Ctrl Pts',(23.1471167422965,17.5161878792114,-33.6526946190061));
#3140=CARTESIAN_POINT('Ctrl Pts',(23.3519791656132,18.0163850739558,-34.1920100317452));
#3141=CARTESIAN_POINT('Ctrl Pts',(23.5447574234683,18.5234947966778,-34.7295025992295));
#3142=CARTESIAN_POINT('Ctrl Pts',(23.7253531191993,19.0370690262995,-35.2653852657324));
#3143=CARTESIAN_POINT('Ctrl Pts',(23.9075194898658,19.5551099081673,-35.8059286051779));
#3144=CARTESIAN_POINT('Ctrl Pts',(24.0772906968122,20.0797285181243,-36.3448339727092));
#3145=CARTESIAN_POINT('Ctrl Pts',(24.2345287411404,20.6104999523022,-36.882334147611));
#3146=CARTESIAN_POINT('Ctrl Pts',(24.2504517965944,20.6642496858093,-36.9367652818067));
#3147=CARTESIAN_POINT('Ctrl Pts',(24.2662462911478,20.7180625438774,-36.9911820172046));
#3148=CARTESIAN_POINT('Ctrl Pts',(24.2819120591416,20.7719381031456,-37.0455846032405));
#3149=CARTESIAN_POINT('',(16.4776758622207,9.822540739578,-22.2396108770523));
#3150=CARTESIAN_POINT('Ctrl Pts',(22.393659570184,22.7949267766206,-37.045584414406));
#3151=CARTESIAN_POINT('Ctrl Pts',(22.2894359773888,22.2511851303448,-36.5112253631087));
#3152=CARTESIAN_POINT('Ctrl Pts',(22.1718525355524,21.7125517620725,-35.9753798396003));
#3153=CARTESIAN_POINT('Ctrl Pts',(22.0410270058926,21.1794886282223,-35.4378467412882));
#3154=CARTESIAN_POINT('Ctrl Pts',(21.9052595800235,20.6262891900337,-34.8800084870344));
#3155=CARTESIAN_POINT('Ctrl Pts',(21.7552308125241,20.0790880653591,-34.3203527453534));
#3156=CARTESIAN_POINT('Ctrl Pts',(21.591031731456,19.5384457544342,-33.7586521336239));
#3157=CARTESIAN_POINT('Ctrl Pts',(21.4367180296531,19.0303520683588,-33.230767932707));
#3158=CARTESIAN_POINT('Ctrl Pts',(21.2698883843799,18.5280513055254,-32.7010776257161));
#3159=CARTESIAN_POINT('Ctrl Pts',(21.0905871987795,18.0320503531902,-32.1693906440189));
#3160=CARTESIAN_POINT('Ctrl Pts',(21.0791011142539,18.0002763922752,-32.1353306259969));
#3161=CARTESIAN_POINT('Ctrl Pts',(21.0675638401589,17.9685282988569,-32.101262413641));
#3162=CARTESIAN_POINT('Ctrl Pts',(21.0559753841504,17.9368062123727,-32.0671859566368));
#3163=CARTESIAN_POINT('Ctrl Pts',(20.8746797319046,17.4405298874226,-31.5340766714779));
#3164=CARTESIAN_POINT('Ctrl Pts',(20.6808592633106,16.9506150342882,-30.998949589476));
#3165=CARTESIAN_POINT('Ctrl Pts',(20.4746254559961,16.4675230430189,-30.4616195544555));
#3166=CARTESIAN_POINT('Ctrl Pts',(20.357319129659,16.1927390611075,-30.1559848321004));
#3167=CARTESIAN_POINT('Ctrl Pts',(20.2359961946469,15.9201633360841,-29.849637354701));
#3168=CARTESIAN_POINT('Ctrl Pts',(20.1106739133687,15.6498876022122,-29.5425429287828));
#3169=CARTESIAN_POINT('Ctrl Pts',(19.8414966369788,15.0693676405935,-28.8829408187764));
#3170=CARTESIAN_POINT('Ctrl Pts',(19.5543339228078,14.5004412028675,-28.2209531077229));
#3171=CARTESIAN_POINT('Ctrl Pts',(19.2496244213657,13.9441666674677,-27.5565168834824));
#3172=CARTESIAN_POINT('Ctrl Pts',(19.1712522793711,13.8010912901986,-27.3856220152028));
#3173=CARTESIAN_POINT('Ctrl Pts',(19.0917193515172,13.6588531446527,-27.2145651752462));
#3174=CARTESIAN_POINT('Ctrl Pts',(19.0110330911288,13.5174708029368,-27.0433453059071));
#3175=CARTESIAN_POINT('Ctrl Pts',(18.7061077183507,12.9831659157793,-26.3962799662328));
#3176=CARTESIAN_POINT('Ctrl Pts',(18.3847101354926,12.4610796193869,-25.746886180814));
#3177=CARTESIAN_POINT('Ctrl Pts',(18.0473315434195,11.9522597510002,-25.0950890231796));
#3178=CARTESIAN_POINT('Ctrl Pts',(17.7175381779022,11.4548795947603,-24.4579461122143));
#3179=CARTESIAN_POINT('Ctrl Pts',(17.3724741647053,10.970175975133,-23.8185066599376));
#3180=CARTESIAN_POINT('Ctrl Pts',(17.0126038419522,10.4991769888986,-23.1767017330266));
#3181=CARTESIAN_POINT('Ctrl Pts',(16.8377710459486,10.2703554816172,-22.8648990008583));
#3182=CARTESIAN_POINT('Ctrl Pts',(16.6594437236097,10.044769335122,-22.5525379811812));
#3183=CARTESIAN_POINT('Ctrl Pts',(16.4776757735987,9.82254086276079,-22.2396108880883));
#3184=CARTESIAN_POINT('Origin',(0.,0.,-22.2396108770523));
#3185=CARTESIAN_POINT('Origin',(0.,0.,-29.6425976457075));
#3186=CARTESIAN_POINT('',(18.8806843597074,3.39350357450512,-22.2396108770523));
#3187=CARTESIAN_POINT('Ctrl Pts',(18.8806842542623,3.39350325499757,-22.2396109624949));
#3188=CARTESIAN_POINT('Ctrl Pts',(19.3324225953766,3.6607901794453,-22.8098812648549));
#3189=CARTESIAN_POINT('Ctrl Pts',(19.7772833423735,3.94180717465694,-23.3783177730272));
#3190=CARTESIAN_POINT('Ctrl Pts',(20.2148494788264,4.2360904033178,-23.9449307512638));
#3191=CARTESIAN_POINT('Ctrl Pts',(20.6512851304291,4.52961332924057,-24.5100798424799));
#3192=CARTESIAN_POINT('Ctrl Pts',(21.0804639875605,4.83633392817245,-25.0734149025813));
#3193=CARTESIAN_POINT('Ctrl Pts',(21.5019535630936,5.15580734821077,-25.6349919291125));
#3194=CARTESIAN_POINT('Ctrl Pts',(21.8484898243929,5.41846894411034,-26.0967039488215));
#3195=CARTESIAN_POINT('Ctrl Pts',(22.1898281178193,5.68975127166303,-26.5572284595263));
#3196=CARTESIAN_POINT('Ctrl Pts',(22.5257172763902,5.96941540493945,-27.0166191992776));
#3197=CARTESIAN_POINT('Ctrl Pts',(22.9338643515278,6.30924208616751,-27.5748360454911));
#3198=CARTESIAN_POINT('Ctrl Pts',(23.3339664139133,6.66144421604296,-28.1313777737652));
#3199=CARTESIAN_POINT('Ctrl Pts',(23.7255408948205,7.02557055927949,-28.6863835869225));
#3200=CARTESIAN_POINT('Ctrl Pts',(23.9811264858862,7.26324040549392,-29.0486428650861));
#3201=CARTESIAN_POINT('Ctrl Pts',(24.2330785534762,7.50599073534936,-29.4102486693877));
#3202=CARTESIAN_POINT('Ctrl Pts',(24.4812567887519,7.75369983346593,-29.7712492929906));
#3203=CARTESIAN_POINT('Ctrl Pts',(24.8588641667596,8.13059341136182,-30.3205178410076));
#3204=CARTESIAN_POINT('Ctrl Pts',(25.2272612387926,8.5184381593894,-30.8675441801348));
#3205=CARTESIAN_POINT('Ctrl Pts',(25.5861776611826,8.91680722404791,-31.4124843224588));
#3206=CARTESIAN_POINT('Ctrl Pts',(25.7242859906418,9.07009663237826,-31.6221731748397));
#3207=CARTESIAN_POINT('Ctrl Pts',(25.8609904672014,9.22494483732692,-31.8315533203589));
#3208=CARTESIAN_POINT('Ctrl Pts',(25.9962752624712,9.38132939751592,-32.0406343338954));
#3209=CARTESIAN_POINT('Ctrl Pts',(26.3452124701867,9.78468878208954,-32.5799125647143));
#3210=CARTESIAN_POINT('Ctrl Pts',(26.6847064032289,10.1982656768916,-33.1171997189456));
#3211=CARTESIAN_POINT('Ctrl Pts',(27.0145671085988,10.6216186601712,-33.652689745059));
#3212=CARTESIAN_POINT('Ctrl Pts',(27.3467832954934,11.0479947380913,-34.1920036181556));
#3213=CARTESIAN_POINT('Ctrl Pts',(27.6692284645436,11.4842872220324,-34.7294946561293));
#3214=CARTESIAN_POINT('Ctrl Pts',(27.9816870139598,11.930091244406,-35.2653758039903));
#3215=CARTESIAN_POINT('Ctrl Pts',(28.2968632128399,12.37977270609,-35.8059178488466));
#3216=CARTESIAN_POINT('Ctrl Pts',(28.6018786134584,12.8391320954667,-36.3448219314065));
#3217=CARTESIAN_POINT('Ctrl Pts',(28.8964857172258,13.3077974886563,-36.8823208317761));
#3218=CARTESIAN_POINT('Ctrl Pts',(28.9263222566313,13.3552619024233,-36.9367564068733));
#3219=CARTESIAN_POINT('Ctrl Pts',(28.9560520163206,13.4028218006143,-36.9911775808616));
#3220=CARTESIAN_POINT('Ctrl Pts',(28.9856747225087,13.4504768201621,-37.0455846032405));
#3221=CARTESIAN_POINT('',(18.5167287191423,5.01267054001853,-22.2396108770523));
#3222=CARTESIAN_POINT('Ctrl Pts',(27.7132395702046,15.90789201061,-37.045584414406));
#3223=CARTESIAN_POINT('Ctrl Pts',(27.4661813167229,15.4124333419447,-36.511225766009));
#3224=CARTESIAN_POINT('Ctrl Pts',(27.2076368659776,14.9254979441078,-35.9753806567209));
#3225=CARTESIAN_POINT('Ctrl Pts',(26.9378442367237,14.4474988742078,-35.4378479793479));
#3226=CARTESIAN_POINT('Ctrl Pts',(26.6578599568076,13.9514429746949,-34.8800095386841));
#3227=CARTESIAN_POINT('Ctrl Pts',(26.3657615105367,13.4650106192452,-34.3203536137724));
#3228=CARTESIAN_POINT('Ctrl Pts',(26.0617877611117,12.988716969054,-33.7586528159616));
#3229=CARTESIAN_POINT('Ctrl Pts',(25.7761147302967,12.5410985452082,-33.2307691759256));
#3230=CARTESIAN_POINT('Ctrl Pts',(25.4799528135162,12.102434968133,-32.7010794323333));
#3231=CARTESIAN_POINT('Ctrl Pts',(25.1734815141551,11.6732023507273,-32.1693930121923));
#3232=CARTESIAN_POINT('Ctrl Pts',(25.1538484217501,11.6457049515962,-32.1353322416116));
#3233=CARTESIAN_POINT('Ctrl Pts',(25.1341730150753,11.6182462732239,-32.10126327631));
#3234=CARTESIAN_POINT('Ctrl Pts',(25.1144553391231,11.5908264478215,-32.0671860659684));
#3235=CARTESIAN_POINT('Ctrl Pts',(24.8059890473185,11.1618665701802,-31.5340770558287));
#3236=CARTESIAN_POINT('Ctrl Pts',(24.4871786972693,10.7424114115027,-30.998950244273));
#3237=CARTESIAN_POINT('Ctrl Pts',(24.1582561161396,10.3328751781009,-30.4616204777332));
#3238=CARTESIAN_POINT('Ctrl Pts',(23.9711638366996,10.099929579908,-30.1559854845758));
#3239=CARTESIAN_POINT('Ctrl Pts',(23.7807996672517,9.87019402575403,-29.8496377337642));
#3240=CARTESIAN_POINT('Ctrl Pts',(23.5872049802053,9.64375219155643,-29.5425430321731));
#3241=CARTESIAN_POINT('Ctrl Pts',(23.1713875329987,9.15738313425912,-28.8829415895259));
#3242=CARTESIAN_POINT('Ctrl Pts',(22.7413795101135,8.68703007182341,-28.2209545463932));
#3243=CARTESIAN_POINT('Ctrl Pts',(22.2978888449788,8.23359379118547,-27.5565189953465));
#3244=CARTESIAN_POINT('Ctrl Pts',(22.1838212246551,8.11696811771138,-27.3856234430278));
#3245=CARTESIAN_POINT('Ctrl Pts',(22.0688617383629,8.00146181530521,-27.2145659177568));
#3246=CARTESIAN_POINT('Ctrl Pts',(21.9530225739535,7.88709075676893,-27.0433453618938));
#3247=CARTESIAN_POINT('Ctrl Pts',(21.5152500597984,7.45486642143892,-26.3962787709235));
#3248=CARTESIAN_POINT('Ctrl Pts',(21.0649126526887,7.0388518054816,-25.7468837265976));
#3249=CARTESIAN_POINT('Ctrl Pts',(20.6027660549633,6.63992335370737,-25.0950853030423));
#3250=CARTESIAN_POINT('Ctrl Pts',(20.151009853191,6.24996397060366,-24.4579411985615));
#3251=CARTESIAN_POINT('Ctrl Pts',(19.6879693327455,5.87633107660197,-23.8185005463837));
#3252=CARTESIAN_POINT('Ctrl Pts',(19.2143690028621,5.51988935596417,-23.1766944138016));
#3253=CARTESIAN_POINT('Ctrl Pts',(18.984285932024,5.34672392409181,-22.864894111839));
#3254=CARTESIAN_POINT('Ctrl Pts',(18.7517108538505,5.17761662237387,-22.5525355318068));
#3255=CARTESIAN_POINT('Ctrl Pts',(18.5167286670864,5.01267068247715,-22.2396108880983));
#3256=CARTESIAN_POINT('Origin',(0.,0.,-22.2396108770523));
#3257=CARTESIAN_POINT('Origin',(0.,0.,-29.6425976457075));
#3258=CARTESIAN_POINT('',(19.0960936742308,-1.82628442091645,-22.2396108770523));
#3259=CARTESIAN_POINT('Ctrl Pts',(19.0960934865981,-1.82628470023957,-22.2396109625196));
#3260=CARTESIAN_POINT('Ctrl Pts',(19.6031941489785,-1.69078682028962,-22.8098822246429));
#3261=CARTESIAN_POINT('Ctrl Pts',(20.1073766102098,-1.54021245130143,-23.3783196944954));
#3262=CARTESIAN_POINT('Ctrl Pts',(20.6081141546864,-1.37489570174582,-23.944933631757));
#3263=CARTESIAN_POINT('Ctrl Pts',(21.107558061636,-1.21000604209672,-24.5100837421883));
#3264=CARTESIAN_POINT('Ctrl Pts',(21.6035749674283,-1.03045021949072,-25.0734198184623));
#3265=CARTESIAN_POINT('Ctrl Pts',(22.095628382317,-0.836539888018693,-25.6349978541046));
#3266=CARTESIAN_POINT('Ctrl Pts',(22.5001777076426,-0.677113509912109,-26.0967079216756));
#3267=CARTESIAN_POINT('Ctrl Pts',(22.9020476850726,-0.507983766008449,-26.5572304898087));
#3268=CARTESIAN_POINT('Ctrl Pts',(23.3009319944128,-0.329312945639488,-27.0166192935347));
#3269=CARTESIAN_POINT('Ctrl Pts',(23.7856280022426,-0.112204798438197,-27.5748360847042));
#3270=CARTESIAN_POINT('Ctrl Pts',(24.2659161686493,0.118990415944023,-28.1313777538125));
#3271=CARTESIAN_POINT('Ctrl Pts',(24.7412100789564,0.363968389425782,-28.6863835044425));
#3272=CARTESIAN_POINT('Ctrl Pts',(25.0514404864049,0.523868642471394,-29.0486428484407));
#3273=CARTESIAN_POINT('Ctrl Pts',(25.3595428018342,0.689641303354072,-29.4102487167586));
#3274=CARTESIAN_POINT('Ctrl Pts',(25.6653490811192,0.861207024683005,-29.7712494028028));
#3275=CARTESIAN_POINT('Ctrl Pts',(26.1306382546941,1.12224702974104,-30.3205177542033));
#3276=CARTESIAN_POINT('Ctrl Pts',(26.5900132446308,1.39631702347765,-30.8675438951569));
#3277=CARTESIAN_POINT('Ctrl Pts',(27.043098569777,1.68307891808723,-31.4124838383456));
#3278=CARTESIAN_POINT('Ctrl Pts',(27.217442603383,1.79342287013337,-31.6221728803332));
#3279=CARTESIAN_POINT('Ctrl Pts',(27.3908553972115,1.90564657500079,-31.831553214532));
#3280=CARTESIAN_POINT('Ctrl Pts',(27.5633156552015,2.01973269382376,-32.0406344158892));
#3281=CARTESIAN_POINT('Ctrl Pts',(28.0081371072696,2.31399151975317,-32.5799111435931));
#3282=CARTESIAN_POINT('Ctrl Pts',(28.4466221392145,2.62063667323409,-33.1171968036849));
#3283=CARTESIAN_POINT('Ctrl Pts',(28.878468764302,2.93929433925913,-33.6526853453942));
#3284=CARTESIAN_POINT('Ctrl Pts',(29.3133992206152,3.260227550359,-34.19199782873));
#3285=CARTESIAN_POINT('Ctrl Pts',(29.7415964446507,3.59334556735135,-34.7294874861041));
#3286=CARTESIAN_POINT('Ctrl Pts',(30.1627436139394,3.93831669339251,-35.2653672631756));
#3287=CARTESIAN_POINT('Ctrl Pts',(30.5875539346896,4.28628838925037,-35.8059081395771));
#3288=CARTESIAN_POINT('Ctrl Pts',(31.0051913675714,4.64632041436283,-36.3448110623624));
#3289=CARTESIAN_POINT('Ctrl Pts',(31.4153172639828,5.01812139892163,-36.8823088123635));
#3290=CARTESIAN_POINT('Ctrl Pts',(31.4568561970061,5.05577865570725,-36.9367483959958));
#3291=CARTESIAN_POINT('Ctrl Pts',(31.4983180603481,5.09355668242577,-36.9911735764329));
#3292=CARTESIAN_POINT('Ctrl Pts',(31.5397024923562,5.13145520326463,-37.0455846032318));
#3293=CARTESIAN_POINT('',(19.1824805153625,-0.168966502052264,-22.2396108770523));
#3294=CARTESIAN_POINT('Ctrl Pts',(30.9774553709384,7.84104166793602,-37.045584414406));
#3295=CARTESIAN_POINT('Ctrl Pts',(30.6058862680101,7.43061225335777,-36.5112267861746));
#3296=CARTESIAN_POINT('Ctrl Pts',(30.2255565294919,7.03148890349535,-35.9753827259906));
#3297=CARTESIAN_POINT('Ctrl Pts',(29.8368067668055,6.64400515523231,-35.4378511148304));
#3298=CARTESIAN_POINT('Ctrl Pts',(29.4333705032202,6.24188273458064,-34.8800122025521));
#3299=CARTESIAN_POINT('Ctrl Pts',(29.0208657019736,5.85229535439973,-34.3203558141805));
#3300=CARTESIAN_POINT('Ctrl Pts',(28.5996613350028,5.47567464682713,-33.7586545455905));
#3301=CARTESIAN_POINT('Ctrl Pts',(28.2038169421832,5.12172960968392,-33.2307723225024));
#3302=CARTESIAN_POINT('Ctrl Pts',(27.8002886441022,4.77923715352283,-32.7010840021195));
#3303=CARTESIAN_POINT('Ctrl Pts',(27.3893777189979,4.44860731825924,-32.1693990002291));
#3304=CARTESIAN_POINT('Ctrl Pts',(27.3630524997246,4.42742534820233,-32.135336327752));
#3305=CARTESIAN_POINT('Ctrl Pts',(27.3366969785538,4.40629208477493,-32.1012654595746));
#3306=CARTESIAN_POINT('Ctrl Pts',(27.3103112344874,4.38520764316985,-32.0671863453659));
#3307=CARTESIAN_POINT('Ctrl Pts',(26.8975522925615,4.0553783313223,-31.5340780469179));
#3308=CARTESIAN_POINT('Ctrl Pts',(26.4773972142336,3.73749205315553,-30.9989519353122));
#3309=CARTESIAN_POINT('Ctrl Pts',(26.0501809876502,3.43188511296471,-30.4616228637576));
#3310=CARTESIAN_POINT('Ctrl Pts',(25.8071780774795,3.25805422543342,-30.1559871692725));
#3311=CARTESIAN_POINT('Ctrl Pts',(25.5618906509361,3.08819711416259,-29.8496387104153));
#3312=CARTESIAN_POINT('Ctrl Pts',(25.3143811235722,2.92238319150608,-29.5425432949696));
#3313=CARTESIAN_POINT('Ctrl Pts',(24.7827639004671,2.5662371552167,-28.882943586933));
#3314=CARTESIAN_POINT('Ctrl Pts',(24.2418034198995,2.22934169847333,-28.220958280121));
#3315=CARTESIAN_POINT('Ctrl Pts',(23.6924243998657,1.91237321126618,-27.5565244793544));
#3316=CARTESIAN_POINT('Ctrl Pts',(23.5511200176314,1.83084655182114,-27.3856271492249));
#3317=CARTESIAN_POINT('Ctrl Pts',(23.4092588328501,1.75063840673499,-27.214567842845));
#3318=CARTESIAN_POINT('Ctrl Pts',(23.266856864598,1.67176077251165,-27.0433455027461));
#3319=CARTESIAN_POINT('Ctrl Pts',(22.7287027067036,1.37367270994349,-26.3962756947956));
#3320=CARTESIAN_POINT('Ctrl Pts',(22.1828228483274,1.09458346393211,-25.7468774141981));
#3321=CARTESIAN_POINT('Ctrl Pts',(21.6301814552389,0.835133055118219,-25.0950757363503));
#3322=CARTESIAN_POINT('Ctrl Pts',(21.0899651369097,0.581515887835192,-24.4579285608195));
#3323=CARTESIAN_POINT('Ctrl Pts',(20.5432877388284,0.346664429675283,-23.8184848211648));
#3324=CARTESIAN_POINT('Ctrl Pts',(19.9910802162643,0.131215794044926,-23.1766755860051));
#3325=CARTESIAN_POINT('Ctrl Pts',(19.7228151138944,0.0265497981445948,-22.8648815355138));
#3326=CARTESIAN_POINT('Ctrl Pts',(19.4532453441688,-0.0735364129582687,
-22.5525292311747));
#3327=CARTESIAN_POINT('Ctrl Pts',(19.1824805037366,-0.16896635102555,-22.2396108881231));
#3328=CARTESIAN_POINT('Origin',(0.,0.,-22.2396108770523));
#3329=CARTESIAN_POINT('Origin',(0.,0.,-29.6425976457075));
#3330=CARTESIAN_POINT('',(17.8952330797521,-6.91062525553395,-22.2396108770523));
#3331=CARTESIAN_POINT('Ctrl Pts',(17.8952328236616,-6.91062547376854,-22.2396109625001));
#3332=CARTESIAN_POINT('Ctrl Pts',(18.4200850104256,-6.91696633344802,-22.8098814670987));
#3333=CARTESIAN_POINT('Ctrl Pts',(18.9461947774497,-6.90800246528849,-23.3783181779103));
#3334=CARTESIAN_POINT('Ctrl Pts',(19.4729648120975,-6.88391350081792,-23.944931358226));
#3335=CARTESIAN_POINT('Ctrl Pts',(19.9983739091509,-6.85988677143137,-24.5100806641223));
#3336=CARTESIAN_POINT('Ctrl Pts',(20.524439961729,-6.82081317306501,-25.0734159382625));
#3337=CARTESIAN_POINT('Ctrl Pts',(21.050562303325,-6.76684807764417,-25.6349931773467));
#3338=CARTESIAN_POINT('Ctrl Pts',(21.4831239808067,-6.72247962879654,-26.0967047857853));
#3339=CARTESIAN_POINT('Ctrl Pts',(21.9157236068811,-6.66804469635235,-26.5572288872362));
#3340=CARTESIAN_POINT('Ctrl Pts',(22.348022437079,-6.60361691806327,-27.0166192191149));
#3341=CARTESIAN_POINT('Ctrl Pts',(22.8733197014979,-6.52532909185668,-27.5748360538123));
#3342=CARTESIAN_POINT('Ctrl Pts',(23.3981732330972,-6.43228737869579,-28.1313777697047));
#3343=CARTESIAN_POINT('Ctrl Pts',(23.9219362612909,-6.32462658811325,-28.6863835697727));
#3344=CARTESIAN_POINT('Ctrl Pts',(24.2638030016456,-6.25435503101729,-29.0486428617308));
#3345=CARTESIAN_POINT('Ctrl Pts',(24.6052049258012,-6.17785468730056,-29.4102486794445));
#3346=CARTESIAN_POINT('Ctrl Pts',(24.9459589098013,-6.09515665081422,-29.7712493161279));
#3347=CARTESIAN_POINT('Ctrl Pts',(25.464421795991,-5.9693302050714,-30.3205178230305));
#3348=CARTESIAN_POINT('Ctrl Pts',(25.9807052683953,-5.82936133787179,-30.8675441207125));
#3349=CARTESIAN_POINT('Ctrl Pts',(26.4943565540799,-5.67547429517007,-31.4124842213842));
#3350=CARTESIAN_POINT('Ctrl Pts',(26.6920057431392,-5.61625970728833,-31.6221731134117));
#3351=CARTESIAN_POINT('Ctrl Pts',(26.889265378285,-5.5549838325377,-31.8315532983827));
#3352=CARTESIAN_POINT('Ctrl Pts',(27.0861102752427,-5.49165762111314,-32.0406343511905));
#3353=CARTESIAN_POINT('Ctrl Pts',(27.5938277558899,-5.32832179163361,-32.5799122650365));
#3354=CARTESIAN_POINT('Ctrl Pts',(28.0987855748988,-5.15134936149401,-33.1171991041852));
#3355=CARTESIAN_POINT('Ctrl Pts',(28.6005920797943,-4.9610187966603,-33.6526888172676));
#3356=CARTESIAN_POINT('Ctrl Pts',(29.105981923933,-4.76932910440296,-34.1920023972879));
#3357=CARTESIAN_POINT('Ctrl Pts',(29.6081756298955,-4.56408979296331,-34.729493144116));
#3358=CARTESIAN_POINT('Ctrl Pts',(30.1067786232593,-4.34553476909426,-35.2653740029002));
#3359=CARTESIAN_POINT('Ctrl Pts',(30.6097183239849,-4.12507881564079,-35.8059158013423));
#3360=CARTESIAN_POINT('Ctrl Pts',(31.1090049431993,-3.8910744811722,-36.3448196393185));
#3361=CARTESIAN_POINT('Ctrl Pts',(31.6042337701661,-3.6437109517564,-36.8823182970895));
#3362=CARTESIAN_POINT('Ctrl Pts',(31.6543892156605,-3.61865863787372,-36.9367547175181));
#3363=CARTESIAN_POINT('Ctrl Pts',(31.7045030374227,-3.59346925503662,-36.9911767363979));
#3364=CARTESIAN_POINT('Ctrl Pts',(31.754574812864,-3.56814297121399,-37.0455846032405));
#3365=CARTESIAN_POINT('',(18.4255554857675,-5.33807207163614,-22.2396108770523));
#3366=CARTESIAN_POINT('Ctrl Pts',(31.9442150192517,-0.807342864869919,-37.0455844143832));
#3367=CARTESIAN_POINT('Ctrl Pts',(31.4756932145239,-1.10230364520859,-36.5112279708854));
#3368=CARTESIAN_POINT('Ctrl Pts',(31.0017860378457,-1.3840141400889,-35.9753851295667));
#3369=CARTESIAN_POINT('Ctrl Pts',(30.5229114357774,-1.65224505452058,-35.4378547573235));
#3370=CARTESIAN_POINT('Ctrl Pts',(30.0259438915188,-1.93061032648026,-34.8800152980909));
#3371=CARTESIAN_POINT('Ctrl Pts',(29.5236260110503,-2.1944587290517,-34.3203583724329));
#3372=CARTESIAN_POINT('Ctrl Pts',(29.0164295171703,-2.44347415529208,-33.7586565578638));
#3373=CARTESIAN_POINT('Ctrl Pts',(28.5397723757761,-2.67749584642555,-33.2307759741473));
#3374=CARTESIAN_POINT('Ctrl Pts',(28.0588061581629,-2.89841663826774,-32.7010893001903));
#3375=CARTESIAN_POINT('Ctrl Pts',(27.5739315760727,-3.10592295971013,-32.1694059384082));
#3376=CARTESIAN_POINT('Ctrl Pts',(27.5428657333778,-3.1192178590062,-32.135341064128));
#3377=CARTESIAN_POINT('Ctrl Pts',(27.5117838511722,-3.13245767528381,-32.1012679930112));
#3378=CARTESIAN_POINT('Ctrl Pts',(27.4806860366226,-3.14564231891265,-32.0671866747131));
#3379=CARTESIAN_POINT('Ctrl Pts',(26.9942472127303,-3.35187940126563,-31.5340792319635));
#3380=CARTESIAN_POINT('Ctrl Pts',(26.5039087000584,-3.54462089602364,-30.9989539621108));
#3381=CARTESIAN_POINT('Ctrl Pts',(26.0100838069232,-3.72363334593519,-30.4616257265665));
#3382=CARTESIAN_POINT('Ctrl Pts',(25.7291923124897,-3.82545703946879,-30.1559891878226));
#3383=CARTESIAN_POINT('Ctrl Pts',(25.4471731185667,-3.9228379271301,-29.8496398766969));
#3384=CARTESIAN_POINT('Ctrl Pts',(25.1641050560452,-4.0157260089254,-29.5425436020759));
#3385=CARTESIAN_POINT('Ctrl Pts',(24.556116511545,-4.21523594003135,-28.8829459937705));
#3386=CARTESIAN_POINT('Ctrl Pts',(23.9443249389856,-4.39368846766771,-28.220962789225));
#3387=CARTESIAN_POINT('Ctrl Pts',(23.3298032631873,-4.55068176686485,-27.5565311080927));
#3388=CARTESIAN_POINT('Ctrl Pts',(23.1717412095947,-4.59106225179916,-27.3856316262228));
#3389=CARTESIAN_POINT('Ctrl Pts',(23.0134987278758,-4.6300228540617,-27.2145701641414));
#3390=CARTESIAN_POINT('Ctrl Pts',(22.8550944807517,-4.66755634350908,-27.0433456645869));
#3391=CARTESIAN_POINT('Ctrl Pts',(22.2564697950723,-4.80939896282522,-26.3962720280693));
#3392=CARTESIAN_POINT('Ctrl Pts',(21.6555317035598,-4.93086263616676,-25.7468698964636));
#3393=CARTESIAN_POINT('Ctrl Pts',(21.0533813096625,-5.0315912552403,-25.0950643461822));
#3394=CARTESIAN_POINT('Ctrl Pts',(20.4647692207779,-5.1300551663898,-24.4579135107995));
#3395=CARTESIAN_POINT('Ctrl Pts',(19.8749985760387,-5.20870585355359,-23.8184660917238));
#3396=CARTESIAN_POINT('Ctrl Pts',(19.2851377147308,-5.26718104581409,-23.1766531586713));
#3397=CARTESIAN_POINT('Ctrl Pts',(18.998588932143,-5.29558773670163,-22.86486655495));
#3398=CARTESIAN_POINT('Ctrl Pts',(18.7120194792246,-5.31923272036212,-22.5525217261222));
#3399=CARTESIAN_POINT('Ctrl Pts',(18.4255555153291,-5.33807192331248,-22.2396108881507));
#3400=CARTESIAN_POINT('Origin',(0.,0.,-22.2396108770523));
#3401=CARTESIAN_POINT('Origin',(0.,0.,-29.6425976457075));
#3402=CARTESIAN_POINT('',(15.3671649129923,-11.4824366289555,-22.2396108770523));
#3403=CARTESIAN_POINT('Ctrl Pts',(15.3671646074577,-11.4824367697038,-22.2396109624508));
#3404=CARTESIAN_POINT('Ctrl Pts',(15.8708414063705,-11.6301454134921,-22.8098795409547));
#3405=CARTESIAN_POINT('Ctrl Pts',(16.3798582609883,-11.763456159952,-23.3783143219222));
#3406=CARTESIAN_POINT('Ctrl Pts',(16.8935915618408,-11.8823808808389,-23.9449255777451));
#3407=CARTESIAN_POINT('Ctrl Pts',(17.4059974942629,-12.00099832766,-24.5100728406907));
#3408=CARTESIAN_POINT('Ctrl Pts',(17.9230955763072,-12.1053041877212,-25.0734060779938));
#3409=CARTESIAN_POINT('Ctrl Pts',(18.4442655140117,-12.1952860656196,-25.6349812943499));
#3410=CARTESIAN_POINT('Ctrl Pts',(18.8727606537308,-12.2692673038931,-26.0966968181869));
#3411=CARTESIAN_POINT('Ctrl Pts',(19.3040082899726,-12.3335654306627,-26.5572248158176));
#3412=CARTESIAN_POINT('Ctrl Pts',(19.7376623693489,-12.3881599882009,-27.0166190306793));
#3413=CARTESIAN_POINT('Ctrl Pts',(20.2646020793882,-12.4544986707754,-27.5748359733657));
#3414=CARTESIAN_POINT('Ctrl Pts',(20.7950950733764,-12.5065109052761,-28.1313778054302));
#3415=CARTESIAN_POINT('Ctrl Pts',(21.3284821933527,-12.5441520024567,-28.6863837283919));
#3416=CARTESIAN_POINT('Ctrl Pts',(21.6766304980892,-12.568720807516,-29.0486428905673));
#3417=CARTESIAN_POINT('Ctrl Pts',(22.0260117329125,-12.5871664242162,-29.4102485821226));
#3418=CARTESIAN_POINT('Ctrl Pts',(22.376441175843,-12.5994693863285,-29.7712490958024));
#3419=CARTESIAN_POINT('Ctrl Pts',(22.9096259899465,-12.6181885684596,-30.3205179876215));
#3420=CARTESIAN_POINT('Ctrl Pts',(23.4445278003929,-12.6227017934883,-30.8675446734277));
#3421=CARTESIAN_POINT('Ctrl Pts',(23.9806501226168,-12.6131028322003,-31.4124851642898));
#3422=CARTESIAN_POINT('Ctrl Pts',(24.186945486339,-12.6094092325717,-31.6221736851912));
#3423=CARTESIAN_POINT('Ctrl Pts',(24.3934218711442,-12.60362569729,-31.8315535008784));
#3424=CARTESIAN_POINT('Ctrl Pts',(24.6000520724895,-12.595755975667,-32.0406341861126));
#3425=CARTESIAN_POINT('Ctrl Pts',(25.1330124874948,-12.5754576355653,-32.5799151239742));
#3426=CARTESIAN_POINT('Ctrl Pts',(25.6669947083983,-12.5412837131965,-33.1172049691581));
#3427=CARTESIAN_POINT('Ctrl Pts',(26.2015464603715,-12.4933966454402,-33.6526976687266));
#3428=CARTESIAN_POINT('Ctrl Pts',(26.7399151701143,-12.4451676408842,-34.1920140448851));
#3429=CARTESIAN_POINT('Ctrl Pts',(27.2788619105813,-12.3830290225845,-34.7295075694573));
#3430=CARTESIAN_POINT('Ctrl Pts',(27.8179436161899,-12.3070995317874,-35.2653911862471));
#3431=CARTESIAN_POINT('Ctrl Pts',(28.3617136680916,-12.2305096888711,-35.8059353358321));
#3432=CARTESIAN_POINT('Ctrl Pts',(28.9056214018526,-12.1398881251583,-36.3448415074841));
#3433=CARTESIAN_POINT('Ctrl Pts',(29.4492260581148,-12.0353077839232,-36.8823424799648));
#3434=CARTESIAN_POINT('Ctrl Pts',(29.5042724838797,-12.0247177826714,-36.9367708352766));
#3435=CARTESIAN_POINT('Ctrl Pts',(29.5593158108645,-12.0139846070366,-36.9911847932365));
#3436=CARTESIAN_POINT('Ctrl Pts',(29.6143555870256,-12.0031083046854,-37.0455846032405));
#3437=CARTESIAN_POINT('',(16.3020912971007,-10.1112772557216,-22.2396108770523));
#3438=CARTESIAN_POINT('Ctrl Pts',(30.5418183746212,-9.39585047073641,-37.045584414406));
#3439=CARTESIAN_POINT('Ctrl Pts',(30.01108946148,-9.55346814046391,-36.5112262575523));
#3440=CARTESIAN_POINT('Ctrl Pts',(29.4787497306802,-9.69687374922075,-35.9753816537005));
#3441=CARTESIAN_POINT('Ctrl Pts',(28.9452635139122,-9.82595930498695,-35.4378494899897));
#3442=CARTESIAN_POINT('Ctrl Pts',(28.3916236377638,-9.95992136222606,-34.8800108220188));
#3443=CARTESIAN_POINT('Ctrl Pts',(27.8367484321052,-10.0784613708747,-34.3203546737101));
#3444=CARTESIAN_POINT('Ctrl Pts',(27.2811774276889,-10.1814022624301,-33.7586536489942));
#3445=CARTESIAN_POINT('Ctrl Pts',(26.7590554240245,-10.2781454404049,-33.2307706922638));
#3446=CARTESIAN_POINT('Ctrl Pts',(26.2363187211804,-10.3611108395063,-32.7010816350147));
#3447=CARTESIAN_POINT('Ctrl Pts',(25.7134377940113,-10.4301046643723,-32.1693958988812));
#3448=CARTESIAN_POINT('Ctrl Pts',(25.6799401739085,-10.4345246552626,-32.1353342112625));
#3449=CARTESIAN_POINT('Ctrl Pts',(25.6464419705279,-10.4388872892516,-32.1012643284508));
#3450=CARTESIAN_POINT('Ctrl Pts',(25.6129433112128,-10.4431925089726,-32.0671862001214));
#3451=CARTESIAN_POINT('Ctrl Pts',(25.0888996917267,-10.5105421573293,-31.5340775300979));
#3452=CARTESIAN_POINT('Ctrl Pts',(24.5647420861465,-10.5638445257919,-30.9989510530306));
#3453=CARTESIAN_POINT('Ctrl Pts',(24.0409314492577,-10.6029863240461,-30.4616216185848));
#3454=CARTESIAN_POINT('Ctrl Pts',(23.7429856721067,-10.625250349781,-30.1559862903621));
#3455=CARTESIAN_POINT('Ctrl Pts',(23.4451526710256,-10.6429321210714,-29.8496382012683));
#3456=CARTESIAN_POINT('Ctrl Pts',(23.1475218393814,-10.6560047609451,-29.5425431586114));
#3457=CARTESIAN_POINT('Ctrl Pts',(22.5082491311436,-10.6840831083711,-28.8829425435846));
#3458=CARTESIAN_POINT('Ctrl Pts',(21.8709956605108,-10.6908587409083,-28.2209563288436));
#3459=CARTESIAN_POINT('Ctrl Pts',(21.2369029613117,-10.6762342066429,-27.556521612804));
#3460=CARTESIAN_POINT('Ctrl Pts',(21.0738107006127,-10.6724726929746,-27.3856252122262));
#3461=CARTESIAN_POINT('Ctrl Pts',(20.9109277731484,-10.6672953260844,-27.2145668371196));
#3462=CARTESIAN_POINT('Ctrl Pts',(20.7482740986331,-10.6607001792233,-27.0433454299259));
#3463=CARTESIAN_POINT('Ctrl Pts',(20.1335845508944,-10.6357762551041,-26.396277297806));
#3464=CARTESIAN_POINT('Ctrl Pts',(19.5221654672267,-10.5906053468445,-25.746880703039));
#3465=CARTESIAN_POINT('Ctrl Pts',(18.9151731930179,-10.5251415502405,-25.0950807204074));
#3466=CARTESIAN_POINT('Ctrl Pts',(18.3218279152764,-10.461149575007,-24.4579351451517));
#3467=CARTESIAN_POINT('Ctrl Pts',(17.7327125002384,-10.3777668326661,-23.8184930143311));
#3468=CARTESIAN_POINT('Ctrl Pts',(17.148953407178,-10.2749326483044,-23.1766853959199));
#3469=CARTESIAN_POINT('Ctrl Pts',(16.8653567212585,-10.2249746532498,-22.8648880881896));
#3470=CARTESIAN_POINT('Ctrl Pts',(16.5830249112028,-10.1704256144333,-22.5525325140017));
#3471=CARTESIAN_POINT('Ctrl Pts',(16.3020913656621,-10.1112771205375,-22.2396108881104));
#3472=CARTESIAN_POINT('Origin',(0.,0.,-22.2396108770523));
#3473=CARTESIAN_POINT('Origin',(0.,0.,-29.6425976457075));
#3474=CARTESIAN_POINT('',(11.6993844247375,-15.2026482062596,-22.2396108770523));
#3475=CARTESIAN_POINT('Ctrl Pts',(11.6993840925574,-15.202648259385,-22.2396109624553));
#3476=CARTESIAN_POINT('Ctrl Pts',(12.1445320145159,-15.4807699282633,-22.8098797207369));
#3477=CARTESIAN_POINT('Ctrl Pts',(12.5987064796603,-15.7464683442176,-23.3783146818259));
#3478=CARTESIAN_POINT('Ctrl Pts',(13.0613038005128,-15.9995866856265,-23.9449261172694));
#3479=CARTESIAN_POINT('Ctrl Pts',(13.5227058858059,-16.2520510326675,-24.5100735707451));
#3480=CARTESIAN_POINT('Ctrl Pts',(13.9924873481395,-16.4920004279533,-25.0734069980071));
#3481=CARTESIAN_POINT('Ctrl Pts',(14.4700542397534,-16.7192555773201,-25.6349824030092));
#3482=CARTESIAN_POINT('Ctrl Pts',(14.8626994145647,-16.9060998485976,-26.096697561532));
#3483=CARTESIAN_POINT('Ctrl Pts',(15.2606074795525,-17.0843627120923,-26.5572251956437));
#3484=CARTESIAN_POINT('Ctrl Pts',(15.6634507343356,-17.2539311022449,-27.0166190482218));
#3485=CARTESIAN_POINT('Ctrl Pts',(16.1529521170985,-17.4599764076262,-27.574835980986));
#3486=CARTESIAN_POINT('Ctrl Pts',(16.6497402479242,-17.6531851889478,-28.1313778023701));
#3487=CARTESIAN_POINT('Ctrl Pts',(17.1531924691751,-17.8333365757443,-28.6863837140254));
#3488=CARTESIAN_POINT('Ctrl Pts',(17.4818019164974,-17.9509235982078,-29.0486428881661));
#3489=CARTESIAN_POINT('Ctrl Pts',(17.8132505902802,-18.0629471350866,-29.4102485913498));
#3490=CARTESIAN_POINT('Ctrl Pts',(18.1473658704189,-18.1693386046804,-29.771249116364));
#3491=CARTESIAN_POINT('Ctrl Pts',(18.6557283384591,-18.3312151583003,-30.3205179728652));
#3492=CARTESIAN_POINT('Ctrl Pts',(19.1695768528592,-18.4798757878447,-30.8675446230488));
#3493=CARTESIAN_POINT('Ctrl Pts',(19.6884080409981,-18.6152768371607,-31.4124850780869));
#3494=CARTESIAN_POINT('Ctrl Pts',(19.8880499671899,-18.6673780348369,-31.6221736330364));
#3495=CARTESIAN_POINT('Ctrl Pts',(20.0884300598726,-18.7175156350256,-31.831553482601));
#3496=CARTESIAN_POINT('Ctrl Pts',(20.2895211117509,-18.7656859083182,-32.0406342015538));
#3497=CARTESIAN_POINT('Ctrl Pts',(20.8081940661065,-18.8899312077853,-32.5799148566854));
#3498=CARTESIAN_POINT('Ctrl Pts',(21.3315945175102,-19.0010911590542,-33.1172044208156));
#3499=CARTESIAN_POINT('Ctrl Pts',(21.8592431383502,-19.0992001567983,-33.6526968411558));
#3500=CARTESIAN_POINT('Ctrl Pts',(22.390659444763,-19.1980097038109,-34.1920129558765));
#3501=CARTESIAN_POINT('Ctrl Pts',(22.926385111859,-19.2835814069228,-34.7295062207285));
#3502=CARTESIAN_POINT('Ctrl Pts',(23.465961468616,-19.3559100701707,-35.2653895796436));
#3503=CARTESIAN_POINT('Ctrl Pts',(24.0102305141524,-19.4288677748919,-35.8059335093825));
#3504=CARTESIAN_POINT('Ctrl Pts',(24.5584178459398,-19.4883512539988,-36.3448394628215));
#3505=CARTESIAN_POINT('Ctrl Pts',(25.1100793696767,-19.5343118341332,-36.8823402188653));
#3506=CARTESIAN_POINT('Ctrl Pts',(25.1659424453837,-19.5389659549249,-36.9367693282657));
#3507=CARTESIAN_POINT('Ctrl Pts',(25.221841166198,-19.5434813708222,-36.9911840399218));
#3508=CARTESIAN_POINT('Ctrl Pts',(25.2777750839596,-19.547858005765,-37.0455846032405));
#3509=CARTESIAN_POINT('',(12.9695755740332,-14.1345752617657,-22.2396108770523));
#3510=CARTESIAN_POINT('Ctrl Pts',(26.8742747806805,-17.2875108303441,-37.045584414406));
#3511=CARTESIAN_POINT('Ctrl Pts',(26.3207008945248,-17.2960946792855,-36.5112251933907));
#3512=CARTESIAN_POINT('Ctrl Pts',(25.7694103020266,-17.2905587851477,-35.9753794954136));
#3513=CARTESIAN_POINT('Ctrl Pts',(25.2208792574211,-17.2709244625091,-35.4378462198088));
#3514=CARTESIAN_POINT('Ctrl Pts',(24.6516278805715,-17.2505484686516,-34.8800080441036));
#3515=CARTESIAN_POINT('Ctrl Pts',(24.0853478011155,-17.2149890291025,-34.3203523796385));
#3516=CARTESIAN_POINT('Ctrl Pts',(23.522606316296,-17.164221235693,-33.7586518463192));
#3517=CARTESIAN_POINT('Ctrl Pts',(22.9937435958822,-17.1165098192501,-33.2307674089307));
#3518=CARTESIAN_POINT('Ctrl Pts',(22.4680061941137,-17.0553656250754,-32.7010768644002));
#3519=CARTESIAN_POINT('Ctrl Pts',(21.9458994313633,-16.9807290023745,-32.1693896459205));
#3520=CARTESIAN_POINT('Ctrl Pts',(21.9124534512875,-16.9759478059337,-32.1353299451379));
#3521=CARTESIAN_POINT('Ctrl Pts',(21.8790223825684,-16.9711112287524,-32.1012620501845));
#3522=CARTESIAN_POINT('Ctrl Pts',(21.8456063632811,-16.9662192499588,-32.0671859107479));
#3523=CARTESIAN_POINT('Ctrl Pts',(21.3228243143818,-16.889685935954,-31.534076510729));
#3524=CARTESIAN_POINT('Ctrl Pts',(20.8037224349005,-16.7995954927379,-30.998949315783));
#3525=CARTESIAN_POINT('Ctrl Pts',(20.2887751441262,-16.6959631934191,-30.4616191686471));
#3526=CARTESIAN_POINT('Ctrl Pts',(19.9958719544196,-16.6370169059622,-30.1559845593552));
#3527=CARTESIAN_POINT('Ctrl Pts',(19.7043136296769,-16.5736887423353,-29.8496371961115));
#3528=CARTESIAN_POINT('Ctrl Pts',(19.4141934972167,-16.5059769399489,-29.5425428852958));
#3529=CARTESIAN_POINT('Ctrl Pts',(18.791049643659,-16.3605399683299,-28.8829404970627));
#3530=CARTESIAN_POINT('Ctrl Pts',(18.1755975843646,-16.1951349576581,-28.2209525075646));
#3531=CARTESIAN_POINT('Ctrl Pts',(17.5689628055425,-16.0099760498886,-27.5565160026975));
#3532=CARTESIAN_POINT('Ctrl Pts',(17.4129349581036,-15.9623527568926,-27.3856214196083));
#3533=CARTESIAN_POINT('Ctrl Pts',(17.2574906598577,-15.9134226218229,-27.2145648653749));
#3534=CARTESIAN_POINT('Ctrl Pts',(17.1026496107358,-15.8631891634768,-27.0433452822644));
#3535=CARTESIAN_POINT('Ctrl Pts',(16.5174817631292,-15.6733492930746,-26.3962804665387));
#3536=CARTESIAN_POINT('Ctrl Pts',(15.9409255544304,-15.4648958330555,-25.7468872082731));
#3537=CARTESIAN_POINT('Ctrl Pts',(15.3741068448159,-15.238096514365,-25.0950905807297));
#3538=CARTESIAN_POINT('Ctrl Pts',(14.820031809449,-15.0163962804224,-24.4579481693513));
#3539=CARTESIAN_POINT('Ctrl Pts',(14.2752612485168,-14.777165706182,-23.8185092193347));
#3540=CARTESIAN_POINT('Ctrl Pts',(13.7408962292054,-14.5206502383213,-23.1767047970826));
#3541=CARTESIAN_POINT('Ctrl Pts',(13.4812890796457,-14.3960289644305,-22.8649010475588));
#3542=CARTESIAN_POINT('Ctrl Pts',(13.2241386545067,-14.2673279731372,-22.5525390065708));
#3543=CARTESIAN_POINT('Ctrl Pts',(12.9695756766247,-14.1345751499053,-22.239610888084));
#3544=CARTESIAN_POINT('Origin',(0.,0.,-22.2396108770523));
#3545=CARTESIAN_POINT('Origin',(0.,0.,-29.6425976457075));
#3546=CARTESIAN_POINT('',(7.16391411482234,-17.7953489135934,-22.2396108770523));
#3547=CARTESIAN_POINT('Ctrl Pts',(7.16391378058795,-17.7953488752375,-22.2396109624741));
#3548=CARTESIAN_POINT('Ctrl Pts',(7.51751853480543,-18.1832570103644,-22.8098804530319));
#3549=CARTESIAN_POINT('Ctrl Pts',(7.883166875028,-18.5616379242305,-23.3783161478105));
#3550=CARTESIAN_POINT('Ctrl Pts',(8.26031981527618,-18.9301777165789,-23.9449283149062));
#3551=CARTESIAN_POINT('Ctrl Pts',(8.63649831787956,-19.2977653247894,-24.5100765447852));
#3552=CARTESIAN_POINT('Ctrl Pts',(9.02412198599687,-19.6555627873796,-25.0734107461252));
#3553=CARTESIAN_POINT('Ctrl Pts',(9.42266727480676,-20.0032371934159,-25.634986919849));
#3554=CARTESIAN_POINT('Ctrl Pts',(9.75034109120456,-20.2890862617362,-26.0967005900611));
#3555=CARTESIAN_POINT('Ctrl Pts',(10.0853978239044,-20.5680920965685,-26.5572267431713));
#3556=CARTESIAN_POINT('Ctrl Pts',(10.4275524357255,-20.8400574043864,-27.0166191197727));
#3557=CARTESIAN_POINT('Ctrl Pts',(10.8433113680173,-21.170527905418,-27.574836011786));
#3558=CARTESIAN_POINT('Ctrl Pts',(11.2695500935679,-21.490603820707,-28.1313777893193));
#3559=CARTESIAN_POINT('Ctrl Pts',(11.7057286341837,-21.799904480264,-28.6863836545714));
#3560=CARTESIAN_POINT('Ctrl Pts',(11.9904277863735,-22.0017888632583,-29.0486428777659));
#3561=CARTESIAN_POINT('Ctrl Pts',(12.2793618929427,-22.1990820755789,-29.4102486286288));
#3562=CARTESIAN_POINT('Ctrl Pts',(12.5723832378925,-22.3916715065728,-29.7712492001233));
#3563=CARTESIAN_POINT('Ctrl Pts',(13.018220361851,-22.6846997091201,-30.3205179114902));
#3564=CARTESIAN_POINT('Ctrl Pts',(13.4729057092049,-22.9664821773682,-30.8675444153095));
#3565=CARTESIAN_POINT('Ctrl Pts',(13.9359663517631,-23.2368410668218,-31.4124847231808));
#3566=CARTESIAN_POINT('Ctrl Pts',(14.114148402868,-23.3408730164843,-31.6221734180561));
#3567=CARTESIAN_POINT('Ctrl Pts',(14.293571021923,-23.4432133346037,-31.8315534068484));
#3568=CARTESIAN_POINT('Ctrl Pts',(14.4742090166488,-23.5438510896559,-32.0406342643803));
#3569=CARTESIAN_POINT('Ctrl Pts',(14.9401262193911,-23.8034247269484,-32.5799137688726));
#3570=CARTESIAN_POINT('Ctrl Pts',(15.4141259657275,-24.0516737532356,-33.1172021891954));
#3571=CARTESIAN_POINT('Ctrl Pts',(15.8957374214943,-24.2885019817764,-33.652693473162));
#3572=CARTESIAN_POINT('Ctrl Pts',(16.3807879059653,-24.5270213226572,-34.1920085239313));
#3573=CARTESIAN_POINT('Ctrl Pts',(16.8735594462496,-24.753956412247,-34.7295007318262));
#3574=CARTESIAN_POINT('Ctrl Pts',(17.3736117798099,-24.9691785143488,-35.265383041295));
#3575=CARTESIAN_POINT('Ctrl Pts',(17.8780132151688,-25.1862724661922,-35.805926076371));
#3576=CARTESIAN_POINT('Ctrl Pts',(18.3898229108334,-25.3914490489625,-36.3448311417941));
#3577=CARTESIAN_POINT('Ctrl Pts',(18.9086263699476,-25.5845415941454,-36.8823310170437));
#3578=CARTESIAN_POINT('Ctrl Pts',(18.9611651772422,-25.6040959202455,-36.9367631953002));
#3579=CARTESIAN_POINT('Ctrl Pts',(19.013775737972,-25.6235262882727,-36.9911809742155));
#3580=CARTESIAN_POINT('Ctrl Pts',(19.0664576410428,-25.6428325040569,-37.0455846032405));
#3581=CARTESIAN_POINT('',(8.67516576250001,-17.1095764820239,-22.2396108770523));
#3582=CARTESIAN_POINT('Ctrl Pts',(21.2135891678833,-23.8970355967649,-37.045584414406));
#3583=CARTESIAN_POINT('Ctrl Pts',(20.6782276330224,-23.7559487454298,-36.5112254176412));
#3584=CARTESIAN_POINT('Ctrl Pts',(20.1488741739213,-23.6018817964741,-35.9753799501939));
#3585=CARTESIAN_POINT('Ctrl Pts',(19.6259816338733,-23.4349837602179,-35.437846908851));
#3586=CARTESIAN_POINT('Ctrl Pts',(19.083336898641,-23.2617811731495,-34.8800086293618));
#3587=CARTESIAN_POINT('Ctrl Pts',(18.5476497218991,-23.0747598303644,-34.3203528628744));
#3588=CARTESIAN_POINT('Ctrl Pts',(18.0194730856181,-22.8740487960888,-33.7586522259539));
#3589=CARTESIAN_POINT('Ctrl Pts',(17.5230946891199,-22.6854213284773,-33.2307681009956));
#3590=CARTESIAN_POINT('Ctrl Pts',(17.033349827282,-22.4847024212741,-32.7010778703055));
#3591=CARTESIAN_POINT('Ctrl Pts',(16.5507411755407,-22.2719709639719,-32.1693909646635));
#3592=CARTESIAN_POINT('Ctrl Pts',(16.5198250322566,-22.2583432840882,-32.1353308447344));
#3593=CARTESIAN_POINT('Ctrl Pts',(16.4889381896409,-22.244666298929,-32.101262530419));
#3594=CARTESIAN_POINT('Ctrl Pts',(16.4580807862849,-22.2309400256475,-32.0671859714024));
#3595=CARTESIAN_POINT('Ctrl Pts',(15.9753334791295,-22.0161999392106,-31.5340767232714));
#3596=CARTESIAN_POINT('Ctrl Pts',(15.499787536459,-21.7893983569641,-30.9989496776805));
#3597=CARTESIAN_POINT('Ctrl Pts',(15.03189566555,-21.550677983215,-30.4616196788047));
#3598=CARTESIAN_POINT('Ctrl Pts',(14.7657575020139,-21.4148931880127,-30.1559849199964));
#3599=CARTESIAN_POINT('Ctrl Pts',(14.5020965511992,-21.2752518432152,-29.849637405792));
#3600=CARTESIAN_POINT('Ctrl Pts',(14.2410031556004,-21.1317774312056,-29.542542942764));
#3601=CARTESIAN_POINT('Ctrl Pts',(13.6802059028071,-20.8236116274827,-28.8829409225083));
#3602=CARTESIAN_POINT('Ctrl Pts',(13.1322025139066,-20.4982934872144,-28.2209533012777));
#3603=CARTESIAN_POINT('Ctrl Pts',(12.5980189658325,-20.1563328648321,-27.5565171675661));
#3604=CARTESIAN_POINT('Ctrl Pts',(12.4606253600422,-20.0683795702823,-27.3856222072905));
#3605=CARTESIAN_POINT('Ctrl Pts',(12.3241462501176,-19.9793253293725,-27.2145652751662));
#3606=CARTESIAN_POINT('Ctrl Pts',(12.18859965628,-19.889178845479,-27.0433453134965));
#3607=CARTESIAN_POINT('Ctrl Pts',(11.6763490705333,-19.548501976588,-26.3962798050714));
#3608=CARTESIAN_POINT('Ctrl Pts',(11.1774127033987,-19.1922251150598,-25.7468858498717));
#3609=CARTESIAN_POINT('Ctrl Pts',(10.6928024274993,-18.8209098256905,-25.0950885215106));
#3610=CARTESIAN_POINT('Ctrl Pts',(10.219087567956,-18.4579427593746,-24.4579454496222));
#3611=CARTESIAN_POINT('Ctrl Pts',(9.75906180604391,-18.080605715709,-23.8185058355614));
#3612=CARTESIAN_POINT('Ctrl Pts',(9.31371915316011,-17.6894321121454,-23.1767007460915));
#3613=CARTESIAN_POINT('Ctrl Pts',(9.09736233040589,-17.4993917522915,-22.8648983416149));
#3614=CARTESIAN_POINT('Ctrl Pts',(8.8844717933511,-17.3060858089295,-22.5525376509029));
#3615=CARTESIAN_POINT('Ctrl Pts',(8.67516589143591,-17.1095764020227,-22.2396108880897));
#3616=CARTESIAN_POINT('Origin',(0.,0.,-22.2396108770523));
#3617=CARTESIAN_POINT('Origin',(0.,0.,-29.6425976457075));
#3618=CARTESIAN_POINT('',(2.09712906773719,-19.0682500003102,-22.2396108770523));
#3619=CARTESIAN_POINT('Ctrl Pts',(2.09712875614646,-19.0682498733405,-22.2396109625015));
#3620=CARTESIAN_POINT('Ctrl Pts',(2.3329649644858,-19.53717562539,-22.8098815225563));
#3621=CARTESIAN_POINT('Ctrl Pts',(2.58296858422601,-20.0001767953872,-23.3783182889344));
#3622=CARTESIAN_POINT('Ctrl Pts',(2.84670532133933,-20.4568056790221,-23.944931524663));
#3623=CARTESIAN_POINT('Ctrl Pts',(3.10976068265116,-20.9122548412614,-24.5100808894426));
#3624=CARTESIAN_POINT('Ctrl Pts',(3.38647818082873,-21.3613647659554,-25.0734162222903));
#3625=CARTESIAN_POINT('Ctrl Pts',(3.67644351854259,-21.8036736099955,-25.6349935196742));
#3626=CARTESIAN_POINT('Ctrl Pts',(3.91484405643087,-22.1673262698729,-26.096705015323));
#3627=CARTESIAN_POINT('Ctrl Pts',(4.16219993079287,-22.5263813886503,-26.5572290045369));
#3628=CARTESIAN_POINT('Ctrl Pts',(4.41828991591186,-22.8805720778048,-27.0166192245575));
#3629=CARTESIAN_POINT('Ctrl Pts',(4.72947142097982,-23.3109582628832,-27.5748360560866));
#3630=CARTESIAN_POINT('Ctrl Pts',(5.05354853891186,-23.7341627155272,-28.1313777685732));
#3631=CARTESIAN_POINT('Ctrl Pts',(5.39010401771992,-24.1496731989131,-28.6863835650414));
#3632=CARTESIAN_POINT('Ctrl Pts',(5.60977803105431,-24.4208821413174,-29.048642860792));
#3633=CARTESIAN_POINT('Ctrl Pts',(5.83476864671892,-24.688812732801,-29.4102486821934));
#3634=CARTESIAN_POINT('Ctrl Pts',(6.06496400799066,-24.9533166855142,-29.7712493224734));
#3635=CARTESIAN_POINT('Ctrl Pts',(6.41521008977582,-25.3557638614352,-30.3205178180769));
#3636=CARTESIAN_POINT('Ctrl Pts',(6.77701034669749,-25.7497695336982,-30.8675441043693));
#3637=CARTESIAN_POINT('Ctrl Pts',(7.14995736904509,-26.1350348597068,-31.412484193595));
#3638=CARTESIAN_POINT('Ctrl Pts',(7.29346461600809,-26.2832820985177,-31.6221730965182));
#3639=CARTESIAN_POINT('Ctrl Pts',(7.43862282924939,-26.4302351318628,-31.8315532923315));
#3640=CARTESIAN_POINT('Ctrl Pts',(7.58541069984141,-26.5758766367992,-32.040634355932));
#3641=CARTESIAN_POINT('Ctrl Pts',(7.96401717194697,-26.9515263151666,-32.579912182871));
#3642=CARTESIAN_POINT('Ctrl Pts',(8.35346175352372,-27.3184520093948,-33.1171989356311));
#3643=CARTESIAN_POINT('Ctrl Pts',(8.75331701271223,-27.6764340905571,-33.6526885628876));
#3644=CARTESIAN_POINT('Ctrl Pts',(9.15602759423875,-28.0369724823079,-34.1920020625563));
#3645=CARTESIAN_POINT('Ctrl Pts',(9.56929824783089,-28.3884393668878,-34.7294927295623));
#3646=CARTESIAN_POINT('Ctrl Pts',(9.99273976078253,-28.7305920208704,-35.2653735090916));
#3647=CARTESIAN_POINT('Ctrl Pts',(10.4198642576498,-29.07572062946,-35.8059152399715));
#3648=CARTESIAN_POINT('Ctrl Pts',(10.8573375035305,-29.4113725879664,-36.3448190108874));
#3649=CARTESIAN_POINT('Ctrl Pts',(11.3048053291482,-29.7372755986497,-36.8823176021421));
#3650=CARTESIAN_POINT('Ctrl Pts',(11.3501238672596,-29.7702823248649,-36.9367542543394));
#3651=CARTESIAN_POINT('Ctrl Pts',(11.395544958107,-29.8031890325192,-36.9911765048672));
#3652=CARTESIAN_POINT('Ctrl Pts',(11.4410682581297,-29.835995423676,-37.0455846032405));
#3653=CARTESIAN_POINT('',(3.73735859260478,-18.8156386857147,-22.2396108770523));
#3654=CARTESIAN_POINT('Ctrl Pts',(13.9795886922172,-28.7342265546372,-37.045584414406));
#3655=CARTESIAN_POINT('Ctrl Pts',(13.5021450891013,-28.4539330646424,-36.511225973708));
#3656=CARTESIAN_POINT('Ctrl Pts',(13.0339887201121,-28.1627618203902,-35.9753810779782));
#3657=CARTESIAN_POINT('Ctrl Pts',(12.5755154382753,-27.8609784687592,-35.4378486176353));
#3658=CARTESIAN_POINT('Ctrl Pts',(12.0997226563751,-27.5477948087902,-34.8800100809084));
#3659=CARTESIAN_POINT('Ctrl Pts',(11.6343576839542,-27.2231819574997,-34.3203540615815));
#3660=CARTESIAN_POINT('Ctrl Pts',(11.1799181835281,-26.8874133718639,-33.7586531678774));
#3661=CARTESIAN_POINT('Ctrl Pts',(10.7528384884783,-26.5718599373008,-33.2307698167));
#3662=CARTESIAN_POINT('Ctrl Pts',(10.3354085401215,-26.2464531788911,-32.7010803632546));
#3663=CARTESIAN_POINT('Ctrl Pts',(9.92809109315968,-25.9114046677124,-32.1693942322854));
#3664=CARTESIAN_POINT('Ctrl Pts',(9.90199730737578,-25.8899406127274,-32.1353330740677));
#3665=CARTESIAN_POINT('Ctrl Pts',(9.87594504066207,-25.868436983591,-32.1012637209297));
#3666=CARTESIAN_POINT('Ctrl Pts',(9.84993442185591,-25.8468938342136,-32.0671861225498));
#3667=CARTESIAN_POINT('Ctrl Pts',(9.44302512712222,-25.5098734893752,-31.5340772555019));
#3668=CARTESIAN_POINT('Ctrl Pts',(9.04630429339161,-25.1631818250875,-30.9989505846665));
#3669=CARTESIAN_POINT('Ctrl Pts',(8.66016934197814,-24.8070783955673,-30.4616209578348));
#3670=CARTESIAN_POINT('Ctrl Pts',(8.44053431393651,-24.6045254113267,-30.1559858237327));
#3671=CARTESIAN_POINT('Ctrl Pts',(8.22432513231497,-24.398927221533,-29.8496379306215));
#3672=CARTESIAN_POINT('Ctrl Pts',(8.0116224549821,-24.1903308126956,-29.542543085558));
#3673=CARTESIAN_POINT('Ctrl Pts',(7.55476386199965,-23.7422919678728,-28.8829419908011));
#3674=CARTESIAN_POINT('Ctrl Pts',(7.11485231350198,-23.2811886076076,-28.2209552958728));
#3675=CARTESIAN_POINT('Ctrl Pts',(6.69273818664018,-22.8077884880743,-27.5565200958013));
#3676=CARTESIAN_POINT('Ctrl Pts',(6.58416841586679,-22.6860277148826,-27.3856241869108));
#3677=CARTESIAN_POINT('Ctrl Pts',(6.47677627514671,-22.5634535398467,-27.2145663044047));
#3678=CARTESIAN_POINT('Ctrl Pts',(6.37057676868933,-22.4400792057289,-27.0433453906774));
#3679=CARTESIAN_POINT('Ctrl Pts',(5.96923431549479,-21.9738307308743,-26.3962781504818));
#3680=CARTESIAN_POINT('Ctrl Pts',(5.58492129395698,-21.4961528202356,-25.7468824530053));
#3681=CARTESIAN_POINT('Ctrl Pts',(5.2184605283946,-21.0078592316531,-25.0950833726613));
#3682=CARTESIAN_POINT('Ctrl Pts',(4.86023887642086,-20.5305439161055,-24.4579386487029));
#3683=CARTESIAN_POINT('Ctrl Pts',(4.51907575498843,-20.0430847304309,-23.8184973737335));
#3684=CARTESIAN_POINT('Ctrl Pts',(4.19578438420565,-19.5462635092254,-23.1766906153432));
#3685=CARTESIAN_POINT('Ctrl Pts',(4.03872474284801,-19.3049005472866,-22.8648915745905));
#3686=CARTESIAN_POINT('Ctrl Pts',(3.88588379581798,-19.0613283437348,-22.5525342606618));
#3687=CARTESIAN_POINT('Ctrl Pts',(3.73735873824798,-18.8156386435228,-22.2396108881034));
#3688=CARTESIAN_POINT('Origin',(0.,0.,-22.2396108770523));
#3689=CARTESIAN_POINT('Origin',(0.,0.,-29.6425976457075));
#3690=CARTESIAN_POINT('',(-3.1251904485749,-18.9269462159434,-22.2396108770523));
#3691=CARTESIAN_POINT('Ctrl Pts',(-3.12519071446968,-18.9269460097085,-22.2396109625253));
#3692=CARTESIAN_POINT('Ctrl Pts',(-3.02461444626959,-19.4421114042993,-22.8098824440597));
#3693=CARTESIAN_POINT('Ctrl Pts',(-2.9087976879491,-19.955394262517,-23.378320133767));
#3694=CARTESIAN_POINT('Ctrl Pts',(-2.77803782011675,-20.4662462916758,-23.9449342902777));
#3695=CARTESIAN_POINT('Ctrl Pts',(-2.64761576238812,-20.9757785659296,-24.5100846338452));
#3696=CARTESIAN_POINT('Ctrl Pts',(-2.50232785696049,-21.4828926835546,-25.0734209425603));
#3697=CARTESIAN_POINT('Ctrl Pts',(-2.3424484156246,-21.9870321329872,-25.6349992090259));
#3698=CARTESIAN_POINT('Ctrl Pts',(-2.21100124129402,-22.4015176074346,-26.0967088301977));
#3699=CARTESIAN_POINT('Ctrl Pts',(-2.06969049549714,-22.8139921644899,-26.5572309541174));
#3700=CARTESIAN_POINT('Ctrl Pts',(-1.91865718224986,-23.224139121935,-27.0166193151233));
#3701=CARTESIAN_POINT('Ctrl Pts',(-1.73513200678712,-23.7225211723069,-27.5748360935708));
#3702=CARTESIAN_POINT('Ctrl Pts',(-1.53725179887934,-24.2174669890771,-28.1313777490096));
#3703=CARTESIAN_POINT('Ctrl Pts',(-1.32528013916224,-24.7083707581115,-28.6863834852005));
#3704=CARTESIAN_POINT('Ctrl Pts',(-1.18692351939057,-25.0287899415412,-29.0486428443796));
#3705=CARTESIAN_POINT('Ctrl Pts',(-1.04256295331463,-25.347486739735,-29.4102487274614));
#3706=CARTESIAN_POINT('Ctrl Pts',(-0.892266142534801,-25.664288185243,-29.7712494279091));
#3707=CARTESIAN_POINT('Ctrl Pts',(-0.663587155104951,-26.1463066219537,
-30.3205177338144));
#3708=CARTESIAN_POINT('Ctrl Pts',(-0.421504955038033,-26.6233138578031,
-30.8675438289215));
#3709=CARTESIAN_POINT('Ctrl Pts',(-0.166331218499347,-27.0949122152912,
-31.4124837260517));
#3710=CARTESIAN_POINT('Ctrl Pts',(-0.0681421377707568,-27.2763799863204,
-31.6221728119166));
#3711=CARTESIAN_POINT('Ctrl Pts',(0.0319858650443787,-27.457046966583,-31.8315531897798));
#3712=CARTESIAN_POINT('Ctrl Pts',(0.13403694476746,-27.6368907264118,-32.0406344346042));
#3713=CARTESIAN_POINT('Ctrl Pts',(0.397253941370611,-28.1007558265989,-32.5799108191175));
#3714=CARTESIAN_POINT('Ctrl Pts',(0.673260789946759,-28.5591445551457,-33.1171961380724));
#3715=CARTESIAN_POINT('Ctrl Pts',(0.961705152461951,-29.0117301228578,-33.6526843408697));
#3716=CARTESIAN_POINT('Ctrl Pts',(1.25220931878265,-29.4675476395896,-34.1919965069031));
#3717=CARTESIAN_POINT('Ctrl Pts',(1.55532936275278,-29.9174791484212,-34.7294858490686));
#3718=CARTESIAN_POINT('Ctrl Pts',(1.87075597864701,-30.3611859331866,-35.2653653131713));
#3719=CARTESIAN_POINT('Ctrl Pts',(2.18892621407377,-30.808752134184,-35.8059059228168));
#3720=CARTESIAN_POINT('Ctrl Pts',(2.51961814294228,-31.2499852045894,-36.3448085808278));
#3721=CARTESIAN_POINT('Ctrl Pts',(2.8625641818669,-31.6845274049305,-36.8823060681997));
#3722=CARTESIAN_POINT('Ctrl Pts',(2.89729951341358,-31.7285400649023,-36.9367465670255));
#3723=CARTESIAN_POINT('Ctrl Pts',(2.93216059693161,-31.7724840742506,-36.9911726621796));
#3724=CARTESIAN_POINT('Ctrl Pts',(2.96714718191531,-31.8163590533278,-37.0455846032322));
#3725=CARTESIAN_POINT('',(-1.47763136682602,-19.1262310439054,-22.2396108770523));
#3726=CARTESIAN_POINT('Ctrl Pts',(5.70878607561224,-31.4403313792918,-37.045584414406));
#3727=CARTESIAN_POINT('Ctrl Pts',(5.32467044574437,-31.0416200104901,-36.5112270737203));
#3728=CARTESIAN_POINT('Ctrl Pts',(4.95243234686025,-30.6349400009556,-35.9753833093129));
#3729=CARTESIAN_POINT('Ctrl Pts',(4.5923812984329,-30.2206539233206,-35.4378519987773));
#3730=CARTESIAN_POINT('Ctrl Pts',(4.21872765425074,-29.7907162705394,-34.8800129536726));
#3731=CARTESIAN_POINT('Ctrl Pts',(3.85819868748079,-29.3525866428165,-34.320356434801));
#3732=CARTESIAN_POINT('Ctrl Pts',(3.51119985026354,-28.9066626015425,-33.758655033621));
#3733=CARTESIAN_POINT('Ctrl Pts',(3.18509352592291,-28.4875872778291,-33.2307732090455));
#3734=CARTESIAN_POINT('Ctrl Pts',(2.87093743371938,-28.0616275223167,-32.7010852889093));
#3735=CARTESIAN_POINT('Ctrl Pts',(2.56912010151637,-27.6291118868779,-32.1694006857893));
#3736=CARTESIAN_POINT('Ctrl Pts',(2.54978370099672,-27.6014020946774,-32.1353374782159));
#3737=CARTESIAN_POINT('Ctrl Pts',(2.53049796304227,-27.573665394203,-32.1012660746664));
#3738=CARTESIAN_POINT('Ctrl Pts',(2.5112629971924,-27.545901872136,-32.0671864248065));
#3739=CARTESIAN_POINT('Ctrl Pts',(2.21037035248269,-27.1115969897469,-31.5340783310784));
#3740=CARTESIAN_POINT('Ctrl Pts',(1.92189762451095,-26.6707282323572,-30.9989524208395));
#3741=CARTESIAN_POINT('Ctrl Pts',(1.64615747422982,-26.2236527592754,-30.4616235492556));
#3742=CARTESIAN_POINT('Ctrl Pts',(1.48931481705513,-25.9693535392152,-30.1559876528873));
#3743=CARTESIAN_POINT('Ctrl Pts',(1.33659258044041,-25.7130463043686,-29.849638990224));
#3744=CARTESIAN_POINT('Ctrl Pts',(1.18805575593337,-25.4547980622119,-29.5425433693123));
#3745=CARTESIAN_POINT('Ctrl Pts',(0.869019061831299,-24.9001163143755,-28.8829441622254));
#3746=CARTESIAN_POINT('Ctrl Pts',(0.569825655142695,-24.3374268035881,-28.2209593569226));
#3747=CARTESIAN_POINT('Ctrl Pts',(0.291087245301164,-23.7676982527855,-27.5565260617628));
#3748=CARTESIAN_POINT('Ctrl Pts',(0.21939337701703,-23.6211592677128,-27.3856282182476));
#3749=CARTESIAN_POINT('Ctrl Pts',(0.149052955763038,-23.4741547538469,-27.2145683975339));
#3750=CARTESIAN_POINT('Ctrl Pts',(0.0800768570402026,-23.3267015118179,
-27.0433455422025));
#3751=CARTESIAN_POINT('Ctrl Pts',(-0.180591698642151,-22.7694588677417,
-26.3962748144363));
#3752=CARTESIAN_POINT('Ctrl Pts',(-0.421778440874819,-22.2058050410699,
-25.7468756085802));
#3753=CARTESIAN_POINT('Ctrl Pts',(-0.642910649051895,-21.6367456327186,
-25.0950730003243));
#3754=CARTESIAN_POINT('Ctrl Pts',(-0.85907111604728,-21.0804804532978,-24.4579249459957));
#3755=CARTESIAN_POINT('Ctrl Pts',(-1.05606864970719,-20.5190498633602,-23.8184803228435));
#3756=CARTESIAN_POINT('Ctrl Pts',(-1.23333116309593,-19.9534261320486,-23.1766701997981));
#3757=CARTESIAN_POINT('Ctrl Pts',(-1.31944554185823,-19.678645326429,-22.8648779377297));
#3758=CARTESIAN_POINT('Ctrl Pts',(-1.40090183532232,-19.4028754435712,-22.552527428727));
#3759=CARTESIAN_POINT('Ctrl Pts',(-1.47763121541409,-19.1262310426273,-22.2396108881299));
#3760=CARTESIAN_POINT('Origin',(0.,0.,-22.2396108770523));
#3761=CARTESIAN_POINT('Origin',(0.,0.,-29.6425976457075));
#3762=CARTESIAN_POINT('',(-8.1157288861112,-17.3819174157577,-22.2396108770523));
#3763=CARTESIAN_POINT('Ctrl Pts',(-8.11572908628535,-17.3819171453388,-22.2396109624869));
#3764=CARTESIAN_POINT('Ctrl Pts',(-8.15787230428707,-17.9051125928536,-22.8098809529802));
#3765=CARTESIAN_POINT('Ctrl Pts',(-8.18483229626615,-18.4306071057061,-23.3783171486712));
#3766=CARTESIAN_POINT('Ctrl Pts',(-8.1967475262586,-18.9577925127024,-23.9449298152913));
#3767=CARTESIAN_POINT('Ctrl Pts',(-8.20863197193895,-19.4836158779992,-24.510078575534));
#3768=CARTESIAN_POINT('Ctrl Pts',(-8.20554947624782,-20.0111214944772,-25.0734133056512));
#3769=CARTESIAN_POINT('Ctrl Pts',(-8.18761407070192,-20.5396995002598,-25.6349900044876));
#3770=CARTESIAN_POINT('Ctrl Pts',(-8.17286808193571,-20.9742815516879,-26.0967026583337));
#3771=CARTESIAN_POINT('Ctrl Pts',(-8.14808162232345,-21.4095884289239,-26.5572278000654));
#3772=CARTESIAN_POINT('Ctrl Pts',(-8.11330504855291,-21.8452771526094,-27.0166191687113));
#3773=CARTESIAN_POINT('Ctrl Pts',(-8.07104724557299,-22.3746923953977,-27.574836032598));
#3774=CARTESIAN_POINT('Ctrl Pts',(-8.01403967946271,-22.9046717858178,-28.1313777798771));
#3775=CARTESIAN_POINT('Ctrl Pts',(-7.94237270748844,-23.4345608611032,-28.6863836131296));
#3776=CARTESIAN_POINT('Ctrl Pts',(-7.89559477748955,-23.7804260956463,-29.048642870102));
#3777=CARTESIAN_POINT('Ctrl Pts',(-7.84257086751572,-24.1262526671286,-29.4102486538011));
#3778=CARTESIAN_POINT('Ctrl Pts',(-7.78331950188586,-24.4718557566047,-29.7712492573128));
#3779=CARTESIAN_POINT('Ctrl Pts',(-7.69316753264311,-24.9976967859368,-30.3205178683936));
#3780=CARTESIAN_POINT('Ctrl Pts',(-7.58875738823745,-25.5223285995705,-30.8675442710976));
#3781=CARTESIAN_POINT('Ctrl Pts',(-7.47028189282202,-26.0452841766229,-31.4124844773225));
#3782=CARTESIAN_POINT('Ctrl Pts',(-7.42469343526159,-26.2465134523212,-31.6221732688937));
#3783=CARTESIAN_POINT('Ctrl Pts',(-7.37702191558033,-26.4474947503655,-31.8315533539028));
#3784=CARTESIAN_POINT('Ctrl Pts',(-7.32727653975213,-26.6482021979555,-32.0406343072072));
#3785=CARTESIAN_POINT('Ctrl Pts',(-7.19896919194083,-27.1658832860468,-32.5799130270826));
#3786=CARTESIAN_POINT('Ctrl Pts',(-7.05686867615556,-27.6817417396352,-33.1172006674566));
#3787=CARTESIAN_POINT('Ctrl Pts',(-6.90122607333089,-28.1953678097676,-33.6526911765482));
#3788=CARTESIAN_POINT('Ctrl Pts',(-6.74447206200346,-28.7126615670962,-34.1920055018325));
#3789=CARTESIAN_POINT('Ctrl Pts',(-6.57398186894634,-29.2276912891411,-34.7294969890163));
#3790=CARTESIAN_POINT('Ctrl Pts',(-6.38996192018751,-29.7400473528535,-35.2653785828953));
#3791=CARTESIAN_POINT('Ctrl Pts',(-6.20434145757517,-30.2568596344023,-35.8059210079541));
#3792=CARTESIAN_POINT('Ctrl Pts',(-6.00495486191802,-30.770951912904,-36.3448254678917));
#3793=CARTESIAN_POINT('Ctrl Pts',(-5.79196325078725,-31.2819075047273,-36.8823247425751));
#3794=CARTESIAN_POINT('Ctrl Pts',(-5.77039290904015,-31.3336536118847,-36.9367590134001));
#3795=CARTESIAN_POINT('Ctrl Pts',(-5.7486829882021,-31.3853675486932,-36.991178883795));
#3796=CARTESIAN_POINT('Ctrl Pts',(-5.72683362698577,-31.4370488821331,-37.0455846032405));
#3797=CARTESIAN_POINT('',(-6.58303216749305,-18.0183183422547,-22.2396108770523));
#3798=CARTESIAN_POINT('Ctrl Pts',(-2.98541108826295,-31.8146506554985,-37.0455844143912));
#3799=CARTESIAN_POINT('Ctrl Pts',(-3.24771134878829,-31.3270919493787,-36.5112276438945));
#3800=CARTESIAN_POINT('Ctrl Pts',(-3.49642467093856,-30.8350646439698,-35.9753844660974));
#3801=CARTESIAN_POINT('Ctrl Pts',(-3.7313508225253,-30.3390013646241,-35.4378537518208));
#3802=CARTESIAN_POINT('Ctrl Pts',(-3.9751527829228,-29.8241961836393,-34.8800144434707));
#3803=CARTESIAN_POINT('Ctrl Pts',(-4.20410659620582,-29.3050438049273,-34.3203576660046));
#3804=CARTESIAN_POINT('Ctrl Pts',(-4.41792909203072,-28.7820364284198,-33.7586560020484));
#3805=CARTESIAN_POINT('Ctrl Pts',(-4.61887711792232,-28.2905198579558,-33.2307749665353));
#3806=CARTESIAN_POINT('Ctrl Pts',(-4.80646070113111,-27.7955982898838,-32.701087838859));
#3807=CARTESIAN_POINT('Ctrl Pts',(-4.98039435314805,-27.2976929062898,-32.1694040251639));
#3808=CARTESIAN_POINT('Ctrl Pts',(-4.99153804845606,-27.2657927775761,-32.1353397578338));
#3809=CARTESIAN_POINT('Ctrl Pts',(-5.00262569660557,-27.2338804062061,-32.1012672939806));
#3810=CARTESIAN_POINT('Ctrl Pts',(-5.01365721549473,-27.2019559052087,-32.0671865832634));
#3811=CARTESIAN_POINT('Ctrl Pts',(-5.18621780306436,-26.7025767439779,-31.5340789010631));
#3812=CARTESIAN_POINT('Ctrl Pts',(-5.34504813484064,-26.2002279605359,-30.9989533956436));
#3813=CARTESIAN_POINT('Ctrl Pts',(-5.48994350357829,-25.6953378288991,-30.461624926115));
#3814=CARTESIAN_POINT('Ctrl Pts',(-5.57236103260366,-25.4081526866732,-30.155988623731));
#3815=CARTESIAN_POINT('Ctrl Pts',(-5.65026916539213,-25.1201456641707,-29.8496395511992));
#3816=CARTESIAN_POINT('Ctrl Pts',(-5.72362339839355,-24.8313988198669,-29.5425435170965));
#3817=CARTESIAN_POINT('Ctrl Pts',(-5.88117776082879,-24.2112120481121,-28.8829453196987));
#3818=CARTESIAN_POINT('Ctrl Pts',(-6.01746425520789,-23.5886681204881,-28.2209615252997));
#3819=CARTESIAN_POINT('Ctrl Pts',(-6.13215521301655,-22.9648648792107,-27.5565292493906));
#3820=CARTESIAN_POINT('Ctrl Pts',(-6.16165491786496,-22.8044162104337,-27.3856303711742));
#3821=CARTESIAN_POINT('Ctrl Pts',(-6.18972574821602,-22.6438844308115,-27.2145695138542));
#3822=CARTESIAN_POINT('Ctrl Pts',(-6.21636176446162,-22.4832886526569,-27.0433456201109));
#3823=CARTESIAN_POINT('Ctrl Pts',(-6.3170219883034,-21.8763808167386,-26.3962730506869));
#3824=CARTESIAN_POINT('Ctrl Pts',(-6.39719298210829,-21.2685556750523,-25.7468719923729));
#3825=CARTESIAN_POINT('Ctrl Pts',(-6.45659459563542,-20.6609360623506,-25.0950675213525));
#3826=CARTESIAN_POINT('Ctrl Pts',(-6.51466067026105,-20.0669776884923,-24.457917706587));
#3827=CARTESIAN_POINT('Ctrl Pts',(-6.55288070860118,-19.4732155571712,-23.8184713135849));
#3828=CARTESIAN_POINT('Ctrl Pts',(-6.57096617681179,-18.8807402361006,-23.1766594118091));
#3829=CARTESIAN_POINT('Ctrl Pts',(-6.57975199746338,-18.5929189947151,-22.8648707317823));
#3830=CARTESIAN_POINT('Ctrl Pts',(-6.5837857336091,-18.3054020847253,-22.5525238186476));
#3831=CARTESIAN_POINT('Ctrl Pts',(-6.58303202146622,-18.0183183818713,-22.2396108881432));
#3832=CARTESIAN_POINT('Origin',(0.,0.,-22.2396108770523));
#3833=CARTESIAN_POINT('Origin',(0.,0.,-29.6425976457075));
#3834=CARTESIAN_POINT('',(-12.5043608391538,-14.5477513178262,-22.2396108770523));
#3835=CARTESIAN_POINT('Ctrl Pts',(-12.5043609587198,-14.5477510033984,-22.2396109624501));
#3836=CARTESIAN_POINT('Ctrl Pts',(-12.6860973719469,-15.0401735998264,-22.8098795163023));
#3837=CARTESIAN_POINT('Ctrl Pts',(-12.8538338708917,-15.5389063496013,-23.378314272571));
#3838=CARTESIAN_POINT('Ctrl Pts',(-13.0075397437274,-16.0433262870454,-23.9449255037639));
#3839=CARTESIAN_POINT('Ctrl Pts',(-13.1608484755973,-16.546442918263,-24.5100727405926));
#3840=CARTESIAN_POINT('Ctrl Pts',(-13.3001991886507,-17.0552174172656,-25.073405951857));
#3841=CARTESIAN_POINT('Ctrl Pts',(-13.4255371867034,-17.5690317822039,-25.6349811423544));
#3842=CARTESIAN_POINT('Ctrl Pts',(-13.5285875113694,-17.9914793874595,-26.0966967162757));
#3843=CARTESIAN_POINT('Ctrl Pts',(-13.6221651331212,-18.4173338722128,-26.5572247637447));
#3844=CARTESIAN_POINT('Ctrl Pts',(-13.7062260267503,-18.8462513858254,-27.0166190282751));
#3845=CARTESIAN_POINT('Ctrl Pts',(-13.8083696945723,-19.3674355672202,-27.5748359723215));
#3846=CARTESIAN_POINT('Ctrl Pts',(-13.8964627977993,-19.8931424205324,-28.1313778058498));
#3847=CARTESIAN_POINT('Ctrl Pts',(-13.9704157687983,-20.4227173741522,-28.6863837303611));
#3848=CARTESIAN_POINT('Ctrl Pts',(-14.0186857781983,-20.7683774286963,-29.0486428908963));
#3849=CARTESIAN_POINT('Ctrl Pts',(-14.0609310122355,-21.1156854002531,-29.4102485808576));
#3850=CARTESIAN_POINT('Ctrl Pts',(-14.0971194441782,-21.4644583258986,-29.7712490929837));
#3851=CARTESIAN_POINT('Ctrl Pts',(-14.1521808067422,-21.9951227255705,-30.3205179896322));
#3852=CARTESIAN_POINT('Ctrl Pts',(-14.193186501862,-22.5284695677978,-30.8675446803095));
#3853=CARTESIAN_POINT('Ctrl Pts',(-14.2201962003811,-23.0639971262819,-31.4124851760707));
#3854=CARTESIAN_POINT('Ctrl Pts',(-14.2305893050425,-23.2700636234881,-31.6221736923165));
#3855=CARTESIAN_POINT('Ctrl Pts',(-14.2389096996602,-23.4764533420261,-31.8315535033715));
#3856=CARTESIAN_POINT('Ctrl Pts',(-14.2451592682993,-23.6831388849129,-32.0406341839953));
#3857=CARTESIAN_POINT('Ctrl Pts',(-14.261278756093,-24.2162420922036,-32.5799151606239));
#3858=CARTESIAN_POINT('Ctrl Pts',(-14.2636247378409,-24.7513116269171,-33.1172050443451));
#3859=CARTESIAN_POINT('Ctrl Pts',(-14.2523284069408,-25.287885183316,-33.6526977822007));
#3860=CARTESIAN_POINT('Ctrl Pts',(-14.2409514148379,-25.8282901314208,-34.192014194201));
#3861=CARTESIAN_POINT('Ctrl Pts',(-14.2157366798928,-26.3702209885132,-34.7295077543798));
#3862=CARTESIAN_POINT('Ctrl Pts',(-14.1767724301908,-26.9132276185402,-35.265391406523));
#3863=CARTESIAN_POINT('Ctrl Pts',(-14.1374693122293,-27.4609567239917,-35.8059355862504));
#3864=CARTESIAN_POINT('Ctrl Pts',(-14.0841765783253,-28.0097807488095,-36.3448417878208));
#3865=CARTESIAN_POINT('Ctrl Pts',(-14.0169369227298,-28.5592549831684,-36.8823427899764));
#3866=CARTESIAN_POINT('Ctrl Pts',(-14.0101281225616,-28.6148956646407,-36.9367710418977));
#3867=CARTESIAN_POINT('Ctrl Pts',(-14.0031762708477,-28.6705430250944,-36.9911848965209));
#3868=CARTESIAN_POINT('Ctrl Pts',(-13.9960813842944,-28.7261966102895,-37.0455846032405));
#3869=CARTESIAN_POINT('',(-11.2001995876654,-15.5740693974805,-22.2396108770523));
#3870=CARTESIAN_POINT('Ctrl Pts',(-11.4581939690675,-29.8294228349127,-37.045584414406));
#3871=CARTESIAN_POINT('Ctrl Pts',(-11.5792260819535,-29.2891744802178,-36.5112257798412));
#3872=CARTESIAN_POINT('Ctrl Pts',(-11.6859692899007,-28.7482889224884,-35.9753806847751));
#3873=CARTESIAN_POINT('Ctrl Pts',(-11.7783475510563,-28.2072367854153,-35.4378480218551));
#3874=CARTESIAN_POINT('Ctrl Pts',(-11.8742154848585,-27.6457459128701,-34.880009574793));
#3875=CARTESIAN_POINT('Ctrl Pts',(-11.9546130204058,-27.0840750277883,-34.3203536435926));
#3876=CARTESIAN_POINT('Ctrl Pts',(-12.0194003341751,-26.5227744901155,-33.7586528393948));
#3877=CARTESIAN_POINT('Ctrl Pts',(-12.0802871292777,-25.9952670378084,-33.2307692185994));
#3878=CARTESIAN_POINT('Ctrl Pts',(-12.1273862822516,-25.4680865516662,-32.7010794943337));
#3879=CARTESIAN_POINT('Ctrl Pts',(-12.1605365664813,-24.9417156401101,-32.1693930934548));
#3880=CARTESIAN_POINT('Ctrl Pts',(-12.1626602338911,-24.9079953636088,-32.1353322970545));
#3881=CARTESIAN_POINT('Ctrl Pts',(-12.1647266413517,-24.8742784192161,-32.1012633059199));
#3882=CARTESIAN_POINT('Ctrl Pts',(-12.1667357403274,-24.840564937884,-32.0671860697319));
#3883=CARTESIAN_POINT('Ctrl Pts',(-12.1981663628457,-24.3131465685693,-31.5340770690939));
#3884=CARTESIAN_POINT('Ctrl Pts',(-12.2155746691827,-23.7865731064086,-30.9989502668823));
#3885=CARTESIAN_POINT('Ctrl Pts',(-12.2188790896805,-23.2613121593424,-30.4616205096191));
#3886=CARTESIAN_POINT('Ctrl Pts',(-12.2207586553542,-22.962541937318,-30.1559855071036));
#3887=CARTESIAN_POINT('Ctrl Pts',(-12.2180743585233,-22.6641969323646,-29.8496377468438));
#3888=CARTESIAN_POINT('Ctrl Pts',(-12.2108054853682,-22.3663681624967,-29.5425430357266));
#3889=CARTESIAN_POINT('Ctrl Pts',(-12.1951928457541,-21.72666883756,-28.8829416161648));
#3890=CARTESIAN_POINT('Ctrl Pts',(-12.1584649160732,-21.0904377992169,-28.2209545961377));
#3891=CARTESIAN_POINT('Ctrl Pts',(-12.100602372507,-20.4588205664328,-27.5565190683802));
#3892=CARTESIAN_POINT('Ctrl Pts',(-12.0857198860996,-20.2963659921567,-27.3856234923998));
#3893=CARTESIAN_POINT('Ctrl Pts',(-12.0694391471844,-20.1342168808949,-27.214565943423));
#3894=CARTESIAN_POINT('Ctrl Pts',(-12.0517595928813,-19.9723932369778,-27.0433453638124));
#3895=CARTESIAN_POINT('Ctrl Pts',(-11.9849460724402,-19.3608389435097,-26.3962787296897));
#3896=CARTESIAN_POINT('Ctrl Pts',(-11.8981560610649,-18.7539291608372,-25.7468836419499));
#3897=CARTESIAN_POINT('Ctrl Pts',(-11.7914226524432,-18.1528206717185,-25.0950851747388));
#3898=CARTESIAN_POINT('Ctrl Pts',(-11.68708892067,-17.5652268463152,-24.4579410290922));
#3899=CARTESIAN_POINT('Ctrl Pts',(-11.56369836273,-16.9831762662166,-23.8185003355283));
#3900=CARTESIAN_POINT('Ctrl Pts',(-11.421267297384,-16.4077969057963,-23.1766941613602));
#3901=CARTESIAN_POINT('Ctrl Pts',(-11.3520718937983,-16.1282679493678,-22.8648939432162));
#3902=CARTESIAN_POINT('Ctrl Pts',(-11.2783823775576,-15.8503142536778,-22.5525354473278));
#3903=CARTESIAN_POINT('Ctrl Pts',(-11.2001994573838,-15.5740694751346,-22.2396108880987));
#3904=CARTESIAN_POINT('Origin',(0.,0.,-22.2396108770523));
#3905=CARTESIAN_POINT('Origin',(0.,0.,-29.6425976457075));
#3906=CARTESIAN_POINT('',(-15.9656015524009,-10.6346450561856,-22.2396108770523));
#3907=CARTESIAN_POINT('Ctrl Pts',(-15.9656015827526,-10.6346447211519,-22.2396109624584));
#3908=CARTESIAN_POINT('Ctrl Pts',(-16.2734529193982,-11.0597752959246,-22.8098798406094));
#3909=CARTESIAN_POINT('Ctrl Pts',(-16.5695259589281,-11.4947591669595,-23.3783149217978));
#3910=CARTESIAN_POINT('Ctrl Pts',(-16.8536230446704,-11.9390047561239,-23.9449264770069));
#3911=CARTESIAN_POINT('Ctrl Pts',(-17.136986098546,-12.3821025319686,-24.5100740575452));
#3912=CARTESIAN_POINT('Ctrl Pts',(-17.4084352022113,-12.8344142047283,-25.0734076114891));
#3913=CARTESIAN_POINT('Ctrl Pts',(-17.6677509436407,-13.2953594468242,-25.6349831422971));
#3914=CARTESIAN_POINT('Ctrl Pts',(-17.8809545804156,-13.6743383758595,-26.0966980572191));
#3915=CARTESIAN_POINT('Ctrl Pts',(-18.0859559752402,-14.0591535357721,-26.5572254489268));
#3916=CARTESIAN_POINT('Ctrl Pts',(-18.2826199615378,-14.4494857067531,-27.0166190599243));
#3917=CARTESIAN_POINT('Ctrl Pts',(-18.5215896887666,-14.9237849121339,-27.5748359860504));
#3918=CARTESIAN_POINT('Ctrl Pts',(-18.7482500793991,-15.4062298741118,-28.1313778002904));
#3919=CARTESIAN_POINT('Ctrl Pts',(-18.9623382863895,-15.8962144592914,-28.6863837043841));
#3920=CARTESIAN_POINT('Ctrl Pts',(-19.1020762931351,-16.2160334265836,-29.048642886524));
#3921=CARTESIAN_POINT('Ctrl Pts',(-19.2364575382696,-16.5390646674395,-29.4102485974823));
#3922=CARTESIAN_POINT('Ctrl Pts',(-19.3654018199995,-16.8651406443215,-29.7712491300748));
#3923=CARTESIAN_POINT('Ctrl Pts',(-19.5615928744093,-17.3612711346733,-30.3205179629594));
#3924=CARTESIAN_POINT('Ctrl Pts',(-19.7449731934968,-17.8637767685041,-30.8675445893239));
#3925=CARTESIAN_POINT('Ctrl Pts',(-19.9154648716994,-18.372158325863,-31.4124850204094));
#3926=CARTESIAN_POINT('Ctrl Pts',(-19.9810686615371,-18.5677793508768,-31.622173598127));
#3927=CARTESIAN_POINT('Ctrl Pts',(-20.0447638049476,-18.764270822412,-31.8315534703455));
#3928=CARTESIAN_POINT('Ctrl Pts',(-20.1065447245324,-18.9616058510905,-32.0406342118462));
#3929=CARTESIAN_POINT('Ctrl Pts',(-20.2658958101715,-19.4705906843677,-32.5799146785068));
#3930=CARTESIAN_POINT('Ctrl Pts',(-20.412514674757,-19.9851849658976,-33.1172040552838));
#3931=CARTESIAN_POINT('Ctrl Pts',(-20.5464029247831,-20.5049081385376,-33.652696289488));
#3932=CARTESIAN_POINT('Ctrl Pts',(-20.681247209845,-21.02834241773,-34.1920122299337));
#3933=CARTESIAN_POINT('Ctrl Pts',(-20.8031786009885,-21.5569793906839,-34.7295053216557));
#3934=CARTESIAN_POINT('Ctrl Pts',(-20.9121606160295,-22.0903618103885,-35.2653885086712));
#3935=CARTESIAN_POINT('Ctrl Pts',(-21.0220904517419,-22.6283830769979,-35.8059322918585));
#3936=CARTESIAN_POINT('Ctrl Pts',(-21.1188448763828,-23.1712330064638,-36.3448380998349));
#3937=CARTESIAN_POINT('Ctrl Pts',(-21.2023450265089,-23.7184718614302,-36.8823387115996));
#3938=CARTESIAN_POINT('Ctrl Pts',(-21.2108006090341,-23.7738876096913,-36.9367683236811));
#3939=CARTESIAN_POINT('Ctrl Pts',(-21.2191202400673,-23.8293483863489,-36.9911835377567));
#3940=CARTESIAN_POINT('Ctrl Pts',(-21.2273038131417,-23.884853749466,-37.0455846032405));
#3941=CARTESIAN_POINT('',(-14.9866994419244,-11.9747629721219,-22.2396108770523));
#3942=CARTESIAN_POINT('Ctrl Pts',(-19.0811750209365,-25.6318831831993,-37.045584414406));
#3943=CARTESIAN_POINT('Ctrl Pts',(-19.0519616441399,-25.0790140828164,-36.511225251229));
#3944=CARTESIAN_POINT('Ctrl Pts',(-19.0088172640576,-24.5293865176064,-35.9753796127081));
#3945=CARTESIAN_POINT('Ctrl Pts',(-18.9517956448519,-23.9834741768056,-35.4378463975215));
#3946=CARTESIAN_POINT('Ctrl Pts',(-18.8926200689781,-23.4169403323886,-34.880008195046));
#3947=CARTESIAN_POINT('Ctrl Pts',(-18.8184992120656,-22.8544070136322,-34.3203525042643));
#3948=CARTESIAN_POINT('Ctrl Pts',(-18.7294469360936,-22.2964418951265,-33.7586519442219));
#3949=CARTESIAN_POINT('Ctrl Pts',(-18.6457558971917,-21.7720680941305,-33.2307675874365));
#3950=CARTESIAN_POINT('Ctrl Pts',(-18.5488766786006,-21.2517290096062,-32.7010771238736));
#3951=CARTESIAN_POINT('Ctrl Pts',(-18.4387842514655,-20.735932854364,-32.1693899861047));
#3952=CARTESIAN_POINT('Ctrl Pts',(-18.4317317448981,-20.702891019726,-32.1353301771923));
#3953=CARTESIAN_POINT('Ctrl Pts',(-18.4246250039317,-20.6698678411154,-32.1012621740537));
#3954=CARTESIAN_POINT('Ctrl Pts',(-18.4174640171652,-20.6368634577107,-32.0671859263755));
#3955=CARTESIAN_POINT('Ctrl Pts',(-18.3054332233153,-20.1205229876182,-31.5340765654341));
#3956=CARTESIAN_POINT('Ctrl Pts',(-18.1801280490112,-19.6087792778636,-30.9989494089133));
#3957=CARTESIAN_POINT('Ctrl Pts',(-18.0415961073967,-19.1021045998684,-30.4616192999201));
#3958=CARTESIAN_POINT('Ctrl Pts',(-17.9627988085488,-18.8139068343907,-30.1559846521644));
#3959=CARTESIAN_POINT('Ctrl Pts',(-17.8797216239843,-18.5273498289479,-29.8496372500851));
#3960=CARTESIAN_POINT('Ctrl Pts',(-17.7923691641304,-18.2425268137024,-29.5425429001115));
#3961=CARTESIAN_POINT('Ctrl Pts',(-17.6047464257839,-17.630760709421,-28.8829406065042));
#3962=CARTESIAN_POINT('Ctrl Pts',(-17.3977271086971,-17.0280311332927,-28.2209527117049));
#3963=CARTESIAN_POINT('Ctrl Pts',(-17.1716016616472,-16.4354463346479,-27.5565163022777));
#3964=CARTESIAN_POINT('Ctrl Pts',(-17.1134416400346,-16.2830320657272,-27.3856216221937));
#3965=CARTESIAN_POINT('Ctrl Pts',(-17.0540176441538,-16.1312891685254,-27.2145649707841));
#3966=CARTESIAN_POINT('Ctrl Pts',(-16.9933345289826,-15.9802370569664,-27.0433452903255));
#3967=CARTESIAN_POINT('Ctrl Pts',(-16.7640038851354,-15.4093883472294,-26.3962802962477));
#3968=CARTESIAN_POINT('Ctrl Pts',(-16.5166907118391,-14.8484014441189,-25.7468868585381));
#3969=CARTESIAN_POINT('Ctrl Pts',(-16.2517389497277,-14.2983813118417,-25.0950900505506));
#3970=CARTESIAN_POINT('Ctrl Pts',(-15.9927440488711,-13.7607271800366,-24.4579474691309));
#3971=CARTESIAN_POINT('Ctrl Pts',(-15.7168946265004,-13.2335521504587,-23.8185083481632));
#3972=CARTESIAN_POINT('Ctrl Pts',(-15.4245106988963,-12.7179379728732,-23.1767037541447));
#3973=CARTESIAN_POINT('Ctrl Pts',(-15.2824638757217,-12.4674407704108,-22.8649003509062));
#3974=CARTESIAN_POINT('Ctrl Pts',(-15.1365145080622,-12.2196729686519,-22.5525386575502));
#3975=CARTESIAN_POINT('Ctrl Pts',(-14.9866993373356,-11.9747630821018,-22.2396108880855));
#3976=CARTESIAN_POINT('Origin',(0.,0.,-22.2396108770523));
#3977=CARTESIAN_POINT('Origin',(0.,0.,-29.6425976457075));
#3978=CARTESIAN_POINT('',(-18.2427466362736,-5.93281582099156,-22.2396108770523));
#3979=CARTESIAN_POINT('Ctrl Pts',(-18.2427465752376,-5.93281549013657,-22.239610962481));
#3980=CARTESIAN_POINT('Ctrl Pts',(-18.6538814440004,-6.25912427667999,-22.8098807228282));
#3981=CARTESIAN_POINT('Ctrl Pts',(-19.0563331897326,-6.59809873974018,-23.378316687922));
#3982=CARTESIAN_POINT('Ctrl Pts',(-19.4497518546234,-6.94922257358214,-23.9449291245837));
#3983=CARTESIAN_POINT('Ctrl Pts',(-19.8421540686663,-7.29943923104831,-24.510077640636));
#3984=CARTESIAN_POINT('Ctrl Pts',(-20.2255700024417,-7.66174248531585,-25.0734121272932));
#3985=CARTESIAN_POINT('Ctrl Pts',(-20.5996317857984,-8.0356327329769,-25.6349885843573));
#3986=CARTESIAN_POINT('Ctrl Pts',(-20.9071753652243,-8.34303528034816,-26.0967017061228));
#3987=CARTESIAN_POINT('Ctrl Pts',(-21.20839550645,-8.65827051291095,-26.5572273134781));
#3988=CARTESIAN_POINT('Ctrl Pts',(-21.5030759213911,-8.98106752434218,-27.0166191461726));
#3989=CARTESIAN_POINT('Ctrl Pts',(-21.8611484189748,-9.37330510185074,-27.5748360230402));
#3990=CARTESIAN_POINT('Ctrl Pts',(-22.2095657236443,-9.77670739559827,-28.1313777842808));
#3991=CARTESIAN_POINT('Ctrl Pts',(-22.5479112037923,-10.1907616638196,-28.6863836322986));
#3992=CARTESIAN_POINT('Ctrl Pts',(-22.7687535199669,-10.4610200505312,-29.0486428736902));
#3993=CARTESIAN_POINT('Ctrl Pts',(-22.9853043690696,-10.7358168331045,-29.4102486422424));
#3994=CARTESIAN_POINT('Ctrl Pts',(-23.1974413225412,-11.0150123246294,-29.7712492309843));
#3995=CARTESIAN_POINT('Ctrl Pts',(-23.5202113767892,-11.4398131076663,-30.3205178883601));
#3996=CARTESIAN_POINT('Ctrl Pts',(-23.8323657335754,-11.8742089234538,-30.8675443377397));
#3997=CARTESIAN_POINT('Ctrl Pts',(-24.1336946896352,-12.3177400827098,-31.4124845908829));
#3998=CARTESIAN_POINT('Ctrl Pts',(-24.2496437149571,-12.4884074035279,-31.6221733378155));
#3999=CARTESIAN_POINT('Ctrl Pts',(-24.3639897100655,-12.6604278422714,-31.8315533784068));
#4000=CARTESIAN_POINT('Ctrl Pts',(-24.4767200497465,-12.8337770113506,-32.0406342874981));
#4001=CARTESIAN_POINT('Ctrl Pts',(-24.767483631398,-13.2808937806284,-32.5799133684834));
#4002=CARTESIAN_POINT('Ctrl Pts',(-25.0475005861807,-13.7368470582468,-33.117201367818));
#4003=CARTESIAN_POINT('Ctrl Pts',(-25.3166428262202,-14.2011736706612,-33.6526922335346));
#4004=CARTESIAN_POINT('Ctrl Pts',(-25.5877069372057,-14.6688159121118,-34.1920068927091));
#4005=CARTESIAN_POINT('Ctrl Pts',(-25.8477407220413,-15.1449517350442,-34.7294987115856));
#4006=CARTESIAN_POINT('Ctrl Pts',(-26.0965857055385,-15.629150687383,-35.2653806348004));
#4007=CARTESIAN_POINT('Ctrl Pts',(-26.3475949948595,-16.1175609145391,-35.8059233406076));
#4008=CARTESIAN_POINT('Ctrl Pts',(-26.5872202742076,-16.6141753900696,-36.344828079208));
#4009=CARTESIAN_POINT('Ctrl Pts',(-26.8152669828282,-17.1185919559012,-36.8823276302907));
#4010=CARTESIAN_POINT('Ctrl Pts',(-26.8383615819738,-17.1696749049197,-36.9367609380472));
#4011=CARTESIAN_POINT('Ctrl Pts',(-26.8613374038317,-17.2208379025833,-36.9911798458748));
#4012=CARTESIAN_POINT('Ctrl Pts',(-26.8841942266217,-17.2720805519799,-37.0455846032405));
#4013=CARTESIAN_POINT('',(-17.6617043581638,-7.48734315801655,-22.2396108770523));
#4014=CARTESIAN_POINT('Ctrl Pts',(-25.28899261207,-19.5333440138512,-37.045584414406));
#4015=CARTESIAN_POINT('Ctrl Pts',(-25.1117003275227,-19.00885870833,-36.5112254897805));
#4016=CARTESIAN_POINT('Ctrl Pts',(-24.9218682173763,-18.4912532624146,-35.9753800964964));
#4017=CARTESIAN_POINT('Ctrl Pts',(-24.7196758458671,-17.9809692951636,-35.4378471305187));
#4018=CARTESIAN_POINT('Ctrl Pts',(-24.5098456428157,-17.4514093139294,-34.8800088176486));
#4019=CARTESIAN_POINT('Ctrl Pts',(-24.2867036994039,-16.9297336968247,-34.3203530183485));
#4020=CARTESIAN_POINT('Ctrl Pts',(-24.0504165138331,-16.4164853296546,-33.758652348106));
#4021=CARTESIAN_POINT('Ctrl Pts',(-23.8283547698031,-15.934136584169,-33.230768323606));
#4022=CARTESIAN_POINT('Ctrl Pts',(-23.5946824666451,-15.4592310549587,-32.7010781938262));
#4023=CARTESIAN_POINT('Ctrl Pts',(-23.3495126119519,-14.9922648621567,-32.1693913887677));
#4024=CARTESIAN_POINT('Ctrl Pts',(-23.3338068475452,-14.9623506583112,-32.1353311340563));
#4025=CARTESIAN_POINT('Ctrl Pts',(-23.3180538919713,-14.9324690517967,-32.1012626848892));
#4026=CARTESIAN_POINT('Ctrl Pts',(-23.3022537718015,-14.9026201797126,-32.0671859909508));
#4027=CARTESIAN_POINT('Ctrl Pts',(-23.0550704792007,-14.4356526881441,-31.5340767918979));
#4028=CARTESIAN_POINT('Ctrl Pts',(-22.7963452474754,-13.9766928773107,-30.9989497945682));
#4029=CARTESIAN_POINT('Ctrl Pts',(-22.5262513423734,-13.5261826610651,-30.4616198436015));
#4030=CARTESIAN_POINT('Ctrl Pts',(-22.3726211595708,-13.2699311664225,-30.1559850364735));
#4031=CARTESIAN_POINT('Ctrl Pts',(-22.2153124669471,-13.0164142908713,-29.8496374734832));
#4032=CARTESIAN_POINT('Ctrl Pts',(-22.0543548574073,-12.7657205639483,-29.5425429612653));
#4033=CARTESIAN_POINT('Ctrl Pts',(-21.7086373631245,-12.2272607337371,-28.8829410600311));
#4034=CARTESIAN_POINT('Ctrl Pts',(-21.3466806062199,-11.7027354552303,-28.2209535579195));
#4035=CARTESIAN_POINT('Ctrl Pts',(-20.9690632680034,-11.1931335203766,-27.5565175442647));
#4036=CARTESIAN_POINT('Ctrl Pts',(-20.8719388726423,-11.0620622617547,-27.3856224619914));
#4037=CARTESIAN_POINT('Ctrl Pts',(-20.7737785033003,-10.9319784998972,-27.2145654076417));
#4038=CARTESIAN_POINT('Ctrl Pts',(-20.6745920728398,-10.802899619132,-27.0433453235307));
#4039=CARTESIAN_POINT('Ctrl Pts',(-20.29975205008,-10.3150916560948,-26.3962795915838));
#4040=CARTESIAN_POINT('Ctrl Pts',(-19.9102569849163,-9.84163146680342,-25.7468854114997));
#4041=CARTESIAN_POINT('Ctrl Pts',(-19.5067361882967,-9.38349024074763,-25.0950878570012));
#4042=CARTESIAN_POINT('Ctrl Pts',(-19.1122876909461,-8.93564933711649,-24.4579445719398));
#4043=CARTESIAN_POINT('Ctrl Pts',(-18.7044368850555,-8.50244627057858,-23.8185047435655));
#4044=CARTESIAN_POINT('Ctrl Pts',(-18.2837837808379,-8.08483633193564,-23.1766994387542));
#4045=CARTESIAN_POINT('Ctrl Pts',(-18.0794220129196,-7.88195299527259,-22.8648974683527));
#4046=CARTESIAN_POINT('Ctrl Pts',(-17.8720388311814,-7.68275070414681,-22.5525372134024));
#4047=CARTESIAN_POINT('Ctrl Pts',(-17.6617042871576,-7.48734329210075,-22.2396108880915));
#4048=CARTESIAN_POINT('Origin',(0.,0.,-22.2396108770523));
#4049=CARTESIAN_POINT('Origin',(0.,0.,-29.6425976457075));
#4050=CARTESIAN_POINT('',(-19.1669106571466,-0.790976777181021,-22.2396108770523));
#4051=CARTESIAN_POINT('Ctrl Pts',(-19.1669105092394,-0.790976474956574,
-22.2396109625078));
#4052=CARTESIAN_POINT('Ctrl Pts',(-19.6508373275207,-0.994262356398563,
-22.809881767502));
#4053=CARTESIAN_POINT('Ctrl Pts',(-20.129820199339,-1.21208693386523,-23.3783187793075));
#4054=CARTESIAN_POINT('Ctrl Pts',(-20.6033828207333,-1.44404748219972,-23.9449322597857));
#4055=CARTESIAN_POINT('Ctrl Pts',(-21.0757219849918,-1.67540875648833,-24.5100818846412));
#4056=CARTESIAN_POINT('Ctrl Pts',(-21.5426690264173,-1.92083293202783,-25.0734174767882));
#4057=CARTESIAN_POINT('Ctrl Pts',(-22.0037349000342,-2.17993819839233,-25.63499503167));
#4058=CARTESIAN_POINT('Ctrl Pts',(-22.3828084270323,-2.39296621196897,-26.0967060291509));
#4059=CARTESIAN_POINT('Ctrl Pts',(-22.7579062724087,-2.61524241264637,-26.5572295226385));
#4060=CARTESIAN_POINT('Ctrl Pts',(-23.1287470709612,-2.84656430652256,-27.016619248604));
#4061=CARTESIAN_POINT('Ctrl Pts',(-23.5793657040518,-3.12764976429654,-27.5748360661127));
#4062=CARTESIAN_POINT('Ctrl Pts',(-24.02369937024,-3.42209087435531,-28.131377763528));
#4063=CARTESIAN_POINT('Ctrl Pts',(-24.4612085528377,-3.72950631340089,-28.6863835440672));
#4064=CARTESIAN_POINT('Ctrl Pts',(-24.7467763455871,-3.9301602696541,-29.0486428565935));
#4065=CARTESIAN_POINT('Ctrl Pts',(-25.0294362455517,-4.13634215870506,-29.4102486943067));
#4066=CARTESIAN_POINT('Ctrl Pts',(-25.3090326772412,-4.34795050401305,-29.7712493504967));
#4067=CARTESIAN_POINT('Ctrl Pts',(-25.7344432541327,-4.66991608744017,-30.3205177960259));
#4068=CARTESIAN_POINT('Ctrl Pts',(-26.1522204882,-5.0039849804807,-30.8675440318456));
#4069=CARTESIAN_POINT('Ctrl Pts',(-26.5620384312183,-5.34977111670771,-31.4124840703518));
#4070=CARTESIAN_POINT('Ctrl Pts',(-26.7197333858685,-5.48282709924812,-31.6221730215637));
#4071=CARTESIAN_POINT('Ctrl Pts',(-26.8762498169007,-5.61761852027615,-31.8315532654293));
#4072=CARTESIAN_POINT('Ctrl Pts',(-27.0315689875826,-5.75412530266787,-32.040634376863));
#4073=CARTESIAN_POINT('Ctrl Pts',(-27.432179662938,-6.10621367684871,-32.5799118201286));
#4074=CARTESIAN_POINT('Ctrl Pts',(-27.8248263177428,-6.4697102269984,-33.1171981915055));
#4075=CARTESIAN_POINT('Ctrl Pts',(-28.2092606706404,-6.84420350347815,-33.6526874398635));
#4076=CARTESIAN_POINT('Ctrl Pts',(-28.5964402461667,-7.22137101395675,-34.1920005847876));
#4077=CARTESIAN_POINT('Ctrl Pts',(-28.9752901182053,-7.60969302564062,-34.7294908993871));
#4078=CARTESIAN_POINT('Ctrl Pts',(-29.3455415728537,-8.00879779485251,-35.2653713290139));
#4079=CARTESIAN_POINT('Ctrl Pts',(-29.7190134159418,-8.41137391405872,-35.8059127616401));
#4080=CARTESIAN_POINT('Ctrl Pts',(-30.0837369389098,-8.82492135156984,-36.3448162365179));
#4081=CARTESIAN_POINT('Ctrl Pts',(-30.4394163138925,-9.24910534348434,-36.882314534136));
#4082=CARTESIAN_POINT('Ctrl Pts',(-30.4754394202825,-9.29206657808054,-36.9367522095297));
#4083=CARTESIAN_POINT('Ctrl Pts',(-30.5113697363248,-9.33513695589017,-36.9911754827213));
#4084=CARTESIAN_POINT('Ctrl Pts',(-30.5472069413181,-9.3783161544643,-37.0455846032405));
#4085=CARTESIAN_POINT('',(-19.0268214590794,-2.44462135419687,-22.2396108770523));
#4086=CARTESIAN_POINT('Ctrl Pts',(-29.6212413106094,-11.9861060780987,-37.045584414406));
#4087=CARTESIAN_POINT('Ctrl Pts',(-29.3090194899074,-11.5289036215805,-36.511226220494));
#4088=CARTESIAN_POINT('Ctrl Pts',(-28.9865790764591,-11.0817090561082,-35.9753815785335));
#4089=CARTESIAN_POINT('Ctrl Pts',(-28.6542121060121,-10.6448991860592,-35.4378493760925));
#4090=CARTESIAN_POINT('Ctrl Pts',(-28.3092892501619,-10.1915878728495,-34.8800107252542));
#4091=CARTESIAN_POINT('Ctrl Pts',(-27.9536754662724,-9.74946001526889,-34.3203545937821));
#4092=CARTESIAN_POINT('Ctrl Pts',(-27.587677529542,-9.31899345813318,-33.7586535861685));
#4093=CARTESIAN_POINT('Ctrl Pts',(-27.2437150135073,-8.9144437456842,-33.2307705779636));
#4094=CARTESIAN_POINT('Ctrl Pts',(-26.8905806766366,-8.52019368472978,-32.7010814690125));
#4095=CARTESIAN_POINT('Ctrl Pts',(-26.5285171705348,-8.13669051520778,-32.1693956813565));
#4096=CARTESIAN_POINT('Ctrl Pts',(-26.5053221382171,-8.11212198438074,-32.135334062829));
#4097=CARTESIAN_POINT('Ctrl Pts',(-26.4820904563481,-8.08759757766982,-32.1012642491443));
#4098=CARTESIAN_POINT('Ctrl Pts',(-26.4588221875058,-8.0631174199389,-32.0671861899778));
#4099=CARTESIAN_POINT('Ctrl Pts',(-26.0948191673656,-7.68015591094325,-31.5340774941323));
#4100=CARTESIAN_POINT('Ctrl Pts',(-25.7218626580745,-7.30801910099441,-30.9989509916692));
#4101=CARTESIAN_POINT('Ctrl Pts',(-25.3402387311084,-6.94708577349826,-30.4616215320079));
#4102=CARTESIAN_POINT('Ctrl Pts',(-25.1231694035881,-6.74178534775678,-30.1559862292301));
#4103=CARTESIAN_POINT('Ctrl Pts',(-24.9032957529102,-6.54011059936125,-29.8496381658249));
#4104=CARTESIAN_POINT('Ctrl Pts',(-24.680670160727,-6.34213879209515,-29.5425431490676));
#4105=CARTESIAN_POINT('Ctrl Pts',(-24.2024989644514,-5.91692076131703,-28.8829424711258));
#4106=CARTESIAN_POINT('Ctrl Pts',(-23.7124502256318,-5.50950180588846,-28.2209561934083));
#4107=CARTESIAN_POINT('Ctrl Pts',(-23.2113479439831,-5.12067792838727,-27.5565214138864));
#4108=CARTESIAN_POINT('Ctrl Pts',(-23.0824616385364,-5.02067025555106,-27.3856250777908));
#4109=CARTESIAN_POINT('Ctrl Pts',(-22.9528441879268,-4.92189298270573,-27.214566767286));
#4110=CARTESIAN_POINT('Ctrl Pts',(-22.8225098281294,-4.82436017552022,-27.0433454248077));
#4111=CARTESIAN_POINT('Ctrl Pts',(-22.3299591080666,-4.45577084509627,-26.3962774094438));
#4112=CARTESIAN_POINT('Ctrl Pts',(-21.8271677002441,-4.1049512714347,-25.7468809321336));
#4113=CARTESIAN_POINT('Ctrl Pts',(-21.315003624164,-3.77266681979231,-25.0950810676128));
#4114=CARTESIAN_POINT('Ctrl Pts',(-20.8143545207202,-3.44785311150507,-24.4579356038101));
#4115=CARTESIAN_POINT('Ctrl Pts',(-20.3047492927949,-3.14075044940387,-23.8184935850387));
#4116=CARTESIAN_POINT('Ctrl Pts',(-19.7870234553264,-2.85211679574049,-23.1766860792242));
#4117=CARTESIAN_POINT('Ctrl Pts',(-19.5355062351874,-2.71189521714793,-22.8648885446136));
#4118=CARTESIAN_POINT('Ctrl Pts',(-19.2820728380788,-2.57603321764407,-22.5525327426663));
#4119=CARTESIAN_POINT('Ctrl Pts',(-19.0268214269468,-2.44462150233563,-22.2396108881095));
#4120=CARTESIAN_POINT('Origin',(0.,0.,-22.2396108770523));
#4121=CARTESIAN_POINT('Origin',(0.,0.,-29.6425976457075));
#4122=CARTESIAN_POINT('',(-18.6695525973608,4.40952539571505,-22.2396108770523));
#4123=CARTESIAN_POINT('Ctrl Pts',(-18.6695523734695,4.4095256469276,-22.2396109625276));
#4124=CARTESIAN_POINT('Ctrl Pts',(-19.1903804467251,4.34433996517882,-22.8098825324328));
#4125=CARTESIAN_POINT('Ctrl Pts',(-19.7103704224595,4.2638208526318,-23.3783203106902));
#4126=CARTESIAN_POINT('Ctrl Pts',(-20.228954990489,4.16822757782648,-23.9449345555072));
#4127=CARTESIAN_POINT('Ctrl Pts',(-20.7461998324086,4.0728812614038,-24.5100849929824));
#4128=CARTESIAN_POINT('Ctrl Pts',(-21.262046636947,3.96253872892436,-25.0734213953253));
#4129=CARTESIAN_POINT('Ctrl Pts',(-21.7759214685225,3.83743567310785,-25.6349997547666));
#4130=CARTESIAN_POINT('Ctrl Pts',(-22.1984107924653,3.73458045968351,-26.0967091961375));
#4131=CARTESIAN_POINT('Ctrl Pts',(-22.6195670016313,3.62174744680625,-26.5572311411363));
#4132=CARTESIAN_POINT('Ctrl Pts',(-23.0390645292423,3.4990556974028,-27.0166193238224));
#4133=CARTESIAN_POINT('Ctrl Pts',(-23.5488089351725,3.34996916221302,-27.5748360971328));
#4134=CARTESIAN_POINT('Ctrl Pts',(-24.0561047389746,3.18632656100614,-28.1313777470525));
#4135=CARTESIAN_POINT('Ctrl Pts',(-24.5603295514969,3.00834951786642,-28.686383477414));
#4136=CARTESIAN_POINT('Ctrl Pts',(-24.8894435598094,2.89218161696063,-29.0486428427197));
#4137=CARTESIAN_POINT('Ctrl Pts',(-25.2172489213792,2.76990622565391,-29.4102487317599));
#4138=CARTESIAN_POINT('Ctrl Pts',(-25.5435684518666,2.64157908404285,-29.7712494380209));
#4139=CARTESIAN_POINT('Ctrl Pts',(-26.0400687816068,2.44632730726499,-30.3205177255451));
#4140=CARTESIAN_POINT('Ctrl Pts',(-26.5324842594026,2.23736158664284,-30.8675438021303));
#4141=CARTESIAN_POINT('Ctrl Pts',(-27.0203968653907,2.01496573339231,-31.4124836806539));
#4142=CARTESIAN_POINT('Ctrl Pts',(-27.2081422681653,1.92938934423676,-31.622172784247));
#4143=CARTESIAN_POINT('Ctrl Pts',(-27.3952210634422,1.84182390460859,-31.8315531797524));
#4144=CARTESIAN_POINT('Ctrl Pts',(-27.5816097925264,1.75228369210428,-32.0406344421396));
#4145=CARTESIAN_POINT('Ctrl Pts',(-28.0623559532919,1.52133564279311,-32.57991068848));
#4146=CARTESIAN_POINT('Ctrl Pts',(-28.5385113206998,1.2772538420354,-33.1171958700895));
#4147=CARTESIAN_POINT('Ctrl Pts',(-29.0097258243396,1.02036750681509,-33.6526839364372));
#4148=CARTESIAN_POINT('Ctrl Pts',(-29.4843053162058,0.761646721494297,-34.1919959747229));
#4149=CARTESIAN_POINT('Ctrl Pts',(-29.9538734622006,0.48993779974987,-34.7294851899839));
#4150=CARTESIAN_POINT('Ctrl Pts',(-30.4180712293455,0.205526212686081,-35.2653645280838));
#4151=CARTESIAN_POINT('Ctrl Pts',(-30.8863066628741,-0.0813592318270352,
-35.8059050303303));
#4152=CARTESIAN_POINT('Ctrl Pts',(-31.3490782438261,-0.381169360416382,
-36.3448075817401));
#4153=CARTESIAN_POINT('Ctrl Pts',(-31.8060108074655,-0.693661625190153,
-36.8823049633743));
#4154=CARTESIAN_POINT('Ctrl Pts',(-31.8522916004677,-0.725312662939825,
-36.9367458306667));
#4155=CARTESIAN_POINT('Ctrl Pts',(-31.8985124837191,-0.757093846120725,
-36.9911722940956));
#4156=CARTESIAN_POINT('Ctrl Pts',(-31.9446730613549,-0.789004950713234,
-37.0455846032365));
#4157=CARTESIAN_POINT('',(-18.9808062542914,2.77940683206504,-22.2396108770523));
#4158=CARTESIAN_POINT('Ctrl Pts',(-31.7566180493129,-3.54991348732165,-37.0455844143893));
#4159=CARTESIAN_POINT('Ctrl Pts',(-31.3326234231249,-3.19390254047218,-36.5112273660687));
#4160=CARTESIAN_POINT('Ctrl Pts',(-30.901489301654,-2.8502852093771,-35.9753839024295));
#4161=CARTESIAN_POINT('Ctrl Pts',(-30.4635985287191,-2.51934555388577,-35.4378528976036));
#4162=CARTESIAN_POINT('Ctrl Pts',(-30.0091640355325,-2.17590284188109,-34.880013717497));
#4163=CARTESIAN_POINT('Ctrl Pts',(-29.5474523249342,-1.84611325085856,-34.3203570660019));
#4164=CARTESIAN_POINT('Ctrl Pts',(-29.0788876948128,-1.53035416347677,-33.7586555300603));
#4165=CARTESIAN_POINT('Ctrl Pts',(-28.6385353966916,-1.23360696822816,-33.2307741102741));
#4166=CARTESIAN_POINT('Ctrl Pts',(-28.1921302362107,-0.94925193727381,-32.7010865966762));
#4167=CARTESIAN_POINT('Ctrl Pts',(-27.7400265074083,-0.677654275834389,
-32.1694023985562));
#4168=CARTESIAN_POINT('Ctrl Pts',(-27.7110612889913,-0.660253654950391,
-32.1353386473719));
#4169=CARTESIAN_POINT('Ctrl Pts',(-27.6820726815897,-0.642905416500899,
-32.1012666999311));
#4170=CARTESIAN_POINT('Ctrl Pts',(-27.6530607791613,-0.625609663860919,
-32.0671865058959));
#4171=CARTESIAN_POINT('Ctrl Pts',(-27.1992349033903,-0.355056565582715,
-31.5340786222395));
#4172=CARTESIAN_POINT('Ctrl Pts',(-26.7397080170812,-0.0973423598188319,
-30.9989529186425));
#4173=CARTESIAN_POINT('Ctrl Pts',(-26.2748577856632,0.14724539381991,-30.4616242522824));
#4174=CARTESIAN_POINT('Ctrl Pts',(-26.0104478958137,0.28636852773956,-30.1559881486887));
#4175=CARTESIAN_POINT('Ctrl Pts',(-25.7443158559441,0.42124380734552,-29.8496392768312));
#4176=CARTESIAN_POINT('Ctrl Pts',(-25.4765329531059,0.551810964983732,-29.5425434450268));
#4177=CARTESIAN_POINT('Ctrl Pts',(-24.9013729079701,0.832250871655391,-28.8829447529225));
#4178=CARTESIAN_POINT('Ctrl Pts',(-24.3195779276169,1.09234730329128,-28.2209604632074));
#4179=CARTESIAN_POINT('Ctrl Pts',(-23.7321562235229,1.3315560833522,-27.5565276878782));
#4180=CARTESIAN_POINT('Ctrl Pts',(-23.5810658255141,1.3930828358278,-27.3856293166146));
#4181=CARTESIAN_POINT('Ctrl Pts',(-23.4296033441277,1.4532275183556,-27.21456896718));
#4182=CARTESIAN_POINT('Ctrl Pts',(-23.2777862832417,1.51198042717158,-27.0433455822057));
#4183=CARTESIAN_POINT('Ctrl Pts',(-22.7040532093434,1.734014016669,-26.3962739131108));
#4184=CARTESIAN_POINT('Ctrl Pts',(-22.125253371526,1.93617362506441,-25.7468737603894));
#4185=CARTESIAN_POINT('Ctrl Pts',(-21.5424291158593,2.11795650315503,-25.0950701999996));
#4186=CARTESIAN_POINT('Ctrl Pts',(-20.9727085935722,2.29565232696758,-24.4579212460167));
#4187=CARTESIAN_POINT('Ctrl Pts',(-20.3991424204325,2.4538773370064,-23.8184757183996));
#4188=CARTESIAN_POINT('Ctrl Pts',(-19.8227396449265,2.59212714117016,-23.176664686366));
#4189=CARTESIAN_POINT('Ctrl Pts',(-19.5427244051416,2.65928860136464,-22.8648742549724));
#4190=CARTESIAN_POINT('Ctrl Pts',(-19.2620402822503,2.72173539702831,-22.5525255837142));
#4191=CARTESIAN_POINT('Ctrl Pts',(-18.9808062633596,2.77940668097693,-22.2396108881368));
#4192=CARTESIAN_POINT('Origin',(0.,0.,-22.2396108770523));
#4193=CARTESIAN_POINT('Origin',(0.,0.,-29.6425976457075));
#4194=CARTESIAN_POINT('',(-16.7875592289489,9.28299324224737,-22.2396108770523));
#4195=CARTESIAN_POINT('Ctrl Pts',(-16.7875589454735,9.28299342342525,-22.239610962474));
#4196=CARTESIAN_POINT('Ctrl Pts',(-17.3066582914372,9.36074244586326,-22.8098804509305));
#4197=CARTESIAN_POINT('Ctrl Pts',(-17.829087468504,9.42350053327254,-23.3783161436035));
#4198=CARTESIAN_POINT('Ctrl Pts',(-18.3542302805228,9.47136433728989,-23.9449283085995));
#4199=CARTESIAN_POINT('Ctrl Pts',(-18.878016298203,9.51910447715945,-24.5100765362435));
#4200=CARTESIAN_POINT('Ctrl Pts',(-19.4045020170866,9.55202738462704,-25.0734107353552));
#4201=CARTESIAN_POINT('Ctrl Pts',(-19.9330712214941,9.57020521980188,-25.634986906866));
#4202=CARTESIAN_POINT('Ctrl Pts',(-20.3676474054026,9.58515057449928,-26.0967005813559));
#4203=CARTESIAN_POINT('Ctrl Pts',(-20.8036319187214,9.59012828606346,-26.5572267387228));
#4204=CARTESIAN_POINT('Ctrl Pts',(-21.2406791453256,9.58516519523715,-27.0166191195665));
#4205=CARTESIAN_POINT('Ctrl Pts',(-21.7717439925486,9.57913444407118,-27.5748360116946));
#4206=CARTESIAN_POINT('Ctrl Pts',(-22.3043782359964,9.5584268242424,-28.1313777893517));
#4207=CARTESIAN_POINT('Ctrl Pts',(-22.8379227722458,9.52308781946671,-28.686383654735));
#4208=CARTESIAN_POINT('Ctrl Pts',(-23.1861739191664,9.50002161204066,-29.0486428777908));
#4209=CARTESIAN_POINT('Ctrl Pts',(-23.5348127355592,9.47072135305699,-29.410248628519));
#4210=CARTESIAN_POINT('Ctrl Pts',(-23.8836535692306,9.43519291094618,-29.7712491998823));
#4211=CARTESIAN_POINT('Ctrl Pts',(-24.414421026483,9.38113576207019,-30.320517911673));
#4212=CARTESIAN_POINT('Ctrl Pts',(-24.9449551032009,9.31277116303632,-30.8675444159198));
#4213=CARTESIAN_POINT('Ctrl Pts',(-25.4747767081287,9.23025961713867,-31.4124847242207));
#4214=CARTESIAN_POINT('Ctrl Pts',(-25.678647845839,9.19850983083338,-31.6221734186872));
#4215=CARTESIAN_POINT('Ctrl Pts',(-25.8824137378449,9.16466491937758,-31.8315534070727));
#4216=CARTESIAN_POINT('Ctrl Pts',(-26.0860479434579,9.12873230160805,-32.0406342641997));
#4217=CARTESIAN_POINT('Ctrl Pts',(-26.6112789745692,9.036051772692,-32.5799137720008));
#4218=CARTESIAN_POINT('Ctrl Pts',(-27.1356329005299,8.92948581920586,-33.1172021956126));
#4219=CARTESIAN_POINT('Ctrl Pts',(-27.658683787647,8.80925696573611,-33.652693482847));
#4220=CARTESIAN_POINT('Ctrl Pts',(-28.1854696085642,8.6881695976942,-34.1920085366739));
#4221=CARTESIAN_POINT('Ctrl Pts',(-28.7109340583011,8.55322352973431,-34.7295007476061));
#4222=CARTESIAN_POINT('Ctrl Pts',(-29.2346543763521,8.40459674407707,-35.2653830600908));
#4223=CARTESIAN_POINT('Ctrl Pts',(-29.7629296431463,8.25467730780613,-35.8059260977405));
#4224=CARTESIAN_POINT('Ctrl Pts',(-30.2894306731168,8.09083816984969,-36.344831165718));
#4225=CARTESIAN_POINT('Ctrl Pts',(-30.8137307538607,7.91321162748969,-36.8823310435014));
#4226=CARTESIAN_POINT('Ctrl Pts',(-30.866826190731,7.89522353400517,-36.9367632129341));
#4227=CARTESIAN_POINT('Ctrl Pts',(-30.9198990591126,7.87709400216099,-36.9911809830302));
#4228=CARTESIAN_POINT('Ctrl Pts',(-30.9729489175771,7.85882314077377,-37.0455846032405));
#4229=CARTESIAN_POINT('',(-17.5270714810335,7.79729912853289,-22.2396108770523));
#4230=CARTESIAN_POINT('Ctrl Pts',(-31.5367517041417,5.14955994703915,-37.0455844144047));
#4231=CARTESIAN_POINT('Ctrl Pts',(-31.0324291741627,5.37797673843632,-36.5112271851911));
#4232=CARTESIAN_POINT('Ctrl Pts',(-30.5245756521491,5.59253327226474,-35.9753835354555));
#4233=CARTESIAN_POINT('Ctrl Pts',(-30.0136364262025,5.79305931624273,-35.4378523414744));
#4234=CARTESIAN_POINT('Ctrl Pts',(-29.4833939409235,6.00116122449816,-34.8800132448901));
#4235=CARTESIAN_POINT('Ctrl Pts',(-28.949827664848,6.19415293673961,-34.3203566754442));
#4236=CARTESIAN_POINT('Ctrl Pts',(-28.4134479807406,6.37178554357353,-33.7586552228761));
#4237=CARTESIAN_POINT('Ctrl Pts',(-27.9093634671471,6.53872297403049,-33.2307735526864));
#4238=CARTESIAN_POINT('Ctrl Pts',(-27.4027939123905,6.69209471976166,-32.7010857876046));
#4239=CARTESIAN_POINT('Ctrl Pts',(-26.8941790063684,6.83164470928255,-32.1694013389568));
#4240=CARTESIAN_POINT('Ctrl Pts',(-26.8615935873107,6.84058525513403,-32.1353379240617));
#4241=CARTESIAN_POINT('Ctrl Pts',(-26.8289997793872,6.84946905189738,-32.1012663130834));
#4242=CARTESIAN_POINT('Ctrl Pts',(-26.7963977009586,6.85829602538373,-32.0671864556865));
#4243=CARTESIAN_POINT('Ctrl Pts',(-26.2864064449375,6.996375543996,-31.5340784418224));
#4244=CARTESIAN_POINT('Ctrl Pts',(-25.7743894814435,7.12055415413265,-30.9989526101422));
#4245=CARTESIAN_POINT('Ctrl Pts',(-25.2607880523455,7.23065685282248,-30.4616238165761));
#4246=CARTESIAN_POINT('Ctrl Pts',(-24.9686483503667,7.29328395578596,-30.1559878414334));
#4247=CARTESIAN_POINT('Ctrl Pts',(-24.6759964187458,7.35135610107297,-29.8496390992468));
#4248=CARTESIAN_POINT('Ctrl Pts',(-24.3829171606125,7.40483448905267,-29.5425433981654));
#4249=CARTESIAN_POINT('Ctrl Pts',(-23.7534235263673,7.51969865588949,-28.8829443867447));
#4250=CARTESIAN_POINT('Ctrl Pts',(-23.1230296023224,7.61318364058734,-28.2209597773345));
#4251=CARTESIAN_POINT('Ctrl Pts',(-22.4928530282308,7.68503745863688,-27.5565266796757));
#4252=CARTESIAN_POINT('Ctrl Pts',(-22.3307660637374,7.70351889341838,-27.3856286356416));
#4253=CARTESIAN_POINT('Ctrl Pts',(-22.1686936915717,7.72056912820679,-27.2145686140392));
#4254=CARTESIAN_POINT('Ctrl Pts',(-22.006655384397,7.73618354160773,-27.0433455574685));
#4255=CARTESIAN_POINT('Ctrl Pts',(-21.3942944939546,7.79519215667318,-26.396274471538));
#4256=CARTESIAN_POINT('Ctrl Pts',(-20.7824166611197,7.83369681899779,-25.7468749054071));
#4257=CARTESIAN_POINT('Ctrl Pts',(-20.1721612176569,7.85149463642158,-25.0950719348715));
#4258=CARTESIAN_POINT('Ctrl Pts',(-19.5756262294773,7.86889230312043,-24.457923538263));
#4259=CARTESIAN_POINT('Ctrl Pts',(-18.9806413554691,7.86650367557682,-23.8184785710007));
#4260=CARTESIAN_POINT('Ctrl Pts',(-18.3883143079132,7.844115296389,-23.1766681021279));
#4261=CARTESIAN_POINT('Ctrl Pts',(-18.1005617914953,7.83323902039182,-22.8648765365669));
#4262=CARTESIAN_POINT('Ctrl Pts',(-17.813437201456,7.81764241331937,-22.5525267267623));
#4263=CARTESIAN_POINT('Ctrl Pts',(-17.5270715305319,7.79729898545773,-22.2396108881325));
#4264=CARTESIAN_POINT('Origin',(0.,0.,-22.2396108770523));
#4265=CARTESIAN_POINT('Origin',(0.,0.,-29.6425976457075));
#4266=CARTESIAN_POINT('',(-13.6605093904992,13.4679839468705,-22.2396108770523));
#4267=CARTESIAN_POINT('Ctrl Pts',(-13.6605090686455,13.4679840447107,-22.2396109624518));
#4268=CARTESIAN_POINT('Ctrl Pts',(-14.1393816371694,13.682900919348,-22.8098795809362));
#4269=CARTESIAN_POINT('Ctrl Pts',(-14.6255050384172,13.8842811371257,-23.3783144019605));
#4270=CARTESIAN_POINT('Ctrl Pts',(-15.1182598545136,14.0720515432466,-23.9449256977289));
#4271=CARTESIAN_POINT('Ctrl Pts',(-15.6097415079535,14.2593367947607,-24.5100730030522));
#4272=CARTESIAN_POINT('Ctrl Pts',(-16.1078203698999,14.4330826715997,-25.0734062826058));
#4273=CARTESIAN_POINT('Ctrl Pts',(-16.6118836114795,14.5931924293433,-25.6349815409205));
#4274=CARTESIAN_POINT('Ctrl Pts',(-17.0263138756927,14.7248313264723,-26.0966969835099));
#4275=CARTESIAN_POINT('Ctrl Pts',(-17.4447895148887,14.8472521024724,-26.5572249002923));
#4276=CARTESIAN_POINT('Ctrl Pts',(-17.8669704846437,14.9603873686776,-27.0166190345805));
#4277=CARTESIAN_POINT('Ctrl Pts',(-18.3799691315057,15.0978597860377,-27.5748359750623));
#4278=CARTESIAN_POINT('Ctrl Pts',(-18.898438751162,15.2216230305016,-28.1313778047536));
#4279=CARTESIAN_POINT('Ctrl Pts',(-19.4217324102652,15.3315430737917,-28.6863837252028));
#4280=CARTESIAN_POINT('Ctrl Pts',(-19.763292593545,15.4032892329113,-29.0486428900375));
#4281=CARTESIAN_POINT('Ctrl Pts',(-20.1069079973778,15.4691371188391,-29.4102485841772));
#4282=CARTESIAN_POINT('Ctrl Pts',(-20.4523982709378,15.5290422936978,-29.771249100376));
#4283=CARTESIAN_POINT('Ctrl Pts',(-20.9780680372286,15.620189112225,-30.320517984351));
#4284=CARTESIAN_POINT('Ctrl Pts',(-21.507373185066,15.697496085809,-30.8675446622453));
#4285=CARTESIAN_POINT('Ctrl Pts',(-22.0398090857242,15.7609885072686,-31.4124851451506));
#4286=CARTESIAN_POINT('Ctrl Pts',(-22.2446859557904,15.7854198586584,-31.6221736736139));
#4287=CARTESIAN_POINT('Ctrl Pts',(-22.4500267404567,15.8078053889259,-31.831553496825));
#4288=CARTESIAN_POINT('Ctrl Pts',(-22.6558039780296,15.8281451081131,-32.0406341895478));
#4289=CARTESIAN_POINT('Ctrl Pts',(-23.186564266228,15.8806072528334,-32.5799150645132));
#4290=CARTESIAN_POINT('Ctrl Pts',(-23.7202262339512,15.9194621914226,-33.1172048471738));
#4291=CARTESIAN_POINT('Ctrl Pts',(-24.2563197006376,15.9448092638606,-33.652697484625));
#4292=CARTESIAN_POINT('Ctrl Pts',(-24.7962411380888,15.9703373268502,-34.192013802625));
#4293=CARTESIAN_POINT('Ctrl Pts',(-25.3386292474617,15.9821640424393,-34.7295072694208));
#4294=CARTESIAN_POINT('Ctrl Pts',(-25.8830289215333,15.9803467159571,-35.2653908288447));
#4295=CARTESIAN_POINT('Ctrl Pts',(-26.4321632009014,15.9785135843154,-35.8059349295209));
#4296=CARTESIAN_POINT('Ctrl Pts',(-26.983344531951,15.9627981751086,-36.3448410526275));
#4297=CARTESIAN_POINT('Ctrl Pts',(-27.536126328333,15.9332127363047,-36.8823419769579));
#4298=CARTESIAN_POINT('Ctrl Pts',(-27.5921022260359,15.9302168498504,-36.9367705000252));
#4299=CARTESIAN_POINT('Ctrl Pts',(-27.6480945495011,15.9270786997367,-36.9911846256532));
#4300=CARTESIAN_POINT('Ctrl Pts',(-27.7041028444004,15.9237982716337,-37.0455846032405));
#4301=CARTESIAN_POINT('',(-14.7734339970441,12.2369014189075,-22.2396108770523));
#4302=CARTESIAN_POINT('Ctrl Pts',(-28.9779487561218,13.4671140777957,-37.045584414406));
#4303=CARTESIAN_POINT('Ctrl Pts',(-28.4306998205697,13.550996262142,-36.5112252906529));
#4304=CARTESIAN_POINT('Ctrl Pts',(-27.8837902743337,13.6205793171215,-35.9753796926592));
#4305=CARTESIAN_POINT('Ctrl Pts',(-27.3376948373247,13.6758195064937,-35.4378465186559));
#4306=CARTESIAN_POINT('Ctrl Pts',(-26.7709709183961,13.7331463663826,-34.8800082979342));
#4307=CARTESIAN_POINT('Ctrl Pts',(-26.2051231432413,13.7750266084311,-34.3203525892158));
#4308=CARTESIAN_POINT('Ctrl Pts',(-25.6407101331282,13.8013583067637,-33.7586520109594));
#4309=CARTESIAN_POINT('Ctrl Pts',(-25.1102766969964,13.8261047477129,-33.2307677091037));
#4310=CARTESIAN_POINT('Ctrl Pts',(-24.5811103726308,13.8371179672336,-32.7010773007187));
#4311=CARTESIAN_POINT('Ctrl Pts',(-24.0537036504686,13.8342700601198,-32.1693902179519));
#4312=CARTESIAN_POINT('Ctrl Pts',(-24.0199179678302,13.8340876231468,-32.1353303353481));
#4313=CARTESIAN_POINT('Ctrl Pts',(-23.986139516726,13.8338482902056,-32.1012622584801));
#4314=CARTESIAN_POINT('Ctrl Pts',(-23.9523684311048,13.8335520218161,-32.0671859370342));
#4315=CARTESIAN_POINT('Ctrl Pts',(-23.4240343795095,13.8289170307974,-31.5340766027683));
#4316=CARTESIAN_POINT('Ctrl Pts',(-22.8975001896873,13.8103500669189,-30.9989494724781));
#4317=CARTESIAN_POINT('Ctrl Pts',(-22.3732379425286,13.77780166102,-30.4616193895229));
#4318=CARTESIAN_POINT('Ctrl Pts',(-22.0750362856871,13.7592880476152,-30.1559847155092));
#4319=CARTESIAN_POINT('Ctrl Pts',(-21.7775703024943,13.7362502426192,-29.8496372869181));
#4320=CARTESIAN_POINT('Ctrl Pts',(-21.4809322112269,13.7086737917908,-29.5425429102129));
#4321=CARTESIAN_POINT('Ctrl Pts',(-20.8437888408173,13.6494428523321,-28.8829406812153));
#4322=CARTESIAN_POINT('Ctrl Pts',(-20.2115466399577,13.569382497962,-28.2209528510762));
#4323=CARTESIAN_POINT('Ctrl Pts',(-19.5853497718053,13.4685516224978,-27.5565165068158));
#4324=CARTESIAN_POINT('Ctrl Pts',(-19.4242903176559,13.4426176605289,-27.3856217605047));
#4325=CARTESIAN_POINT('Ctrl Pts',(-19.2636310300654,13.4153095656983,-27.2145650427445));
#4326=CARTESIAN_POINT('Ctrl Pts',(-19.1033919047071,13.3866281415598,-27.0433452958179));
#4327=CARTESIAN_POINT('Ctrl Pts',(-18.4978242055217,13.2782367359894,-26.3962801800441));
#4328=CARTESIAN_POINT('Ctrl Pts',(-17.898253393731,13.1502324694941,-25.746886619894));
#4329=CARTESIAN_POINT('Ctrl Pts',(-17.3058312988487,13.0027272789762,-25.0950896887836));
#4330=CARTESIAN_POINT('Ctrl Pts',(-16.7267285238201,12.858538421238,-24.4579469913356));
#4331=CARTESIAN_POINT('Ctrl Pts',(-16.1544565201065,12.6957155269656,-23.8185077537186));
#4332=CARTESIAN_POINT('Ctrl Pts',(-15.590139520776,12.5143518321561,-23.1767030424937));
#4333=CARTESIAN_POINT('Ctrl Pts',(-15.3159816274521,12.4262412692041,-22.864899875544));
#4334=CARTESIAN_POINT('Ctrl Pts',(-15.043702047882,12.3337544811799,-22.5525384193954));
#4335=CARTESIAN_POINT('Ctrl Pts',(-14.7734340834418,12.2369012941375,-22.2396108880865));
#4336=CARTESIAN_POINT('Origin',(0.,0.,-22.2396108770523));
#4337=CARTESIAN_POINT('Origin',(0.,0.,-29.6425976457075));
#4338=CARTESIAN_POINT('',(-9.52032206322834,16.6541158940812,-22.2396108770523));
#4339=CARTESIAN_POINT('Ctrl Pts',(-9.52032172689908,16.6541159015237,-22.2396109624625));
#4340=CARTESIAN_POINT('Ctrl Pts',(-9.92345281986371,16.9902615976242,-22.8098800019181));
#4341=CARTESIAN_POINT('Ctrl Pts',(-10.3372180224783,17.3153288692301,-23.3783152447213));
#4342=CARTESIAN_POINT('Ctrl Pts',(-10.7610406247775,17.6290801449815,-23.9449269610962));
#4343=CARTESIAN_POINT('Ctrl Pts',(-11.183768189026,17.9420207759407,-24.5100747126282));
#4344=CARTESIAN_POINT('Ctrl Pts',(-11.6165012122909,18.2437040062508,-25.0734084370535));
#4345=CARTESIAN_POINT('Ctrl Pts',(-12.0586756935061,18.533871327862,-25.6349841371638));
#4346=CARTESIAN_POINT('Ctrl Pts',(-12.4222213525935,18.7724402065788,-26.0966987242719));
#4347=CARTESIAN_POINT('Ctrl Pts',(-12.7921493685735,19.0032242536632,-26.5572257897759));
#4348=CARTESIAN_POINT('Ctrl Pts',(-13.1681504910674,19.2260668313214,-27.0166190756772));
#4349=CARTESIAN_POINT('Ctrl Pts',(-13.6250361136842,19.4968467937949,-27.5748359928579));
#4350=CARTESIAN_POINT('Ctrl Pts',(-14.0908885226736,19.7559019980485,-28.1313777974704));
#4351=CARTESIAN_POINT('Ctrl Pts',(-14.5651209349095,20.0029288460247,-28.6863836913748));
#4352=CARTESIAN_POINT('Ctrl Pts',(-14.8746582800043,20.1641663167601,-29.0486428842905));
#4353=CARTESIAN_POINT('Ctrl Pts',(-15.1877659690059,20.3202787250993,-29.4102486057222));
#4354=CARTESIAN_POINT('Ctrl Pts',(-15.5042823280635,20.4711746231016,-29.7712491485242));
#4355=CARTESIAN_POINT('Ctrl Pts',(-15.9858676456121,20.700765438477,-30.3205179495406));
#4356=CARTESIAN_POINT('Ctrl Pts',(-16.4746874800933,20.9180104362459,-30.8675445437652));
#4357=CARTESIAN_POINT('Ctrl Pts',(-16.9702490917881,21.1227978247292,-31.4124849425326));
#4358=CARTESIAN_POINT('Ctrl Pts',(-17.1609371468273,21.2015983368853,-31.6221735509739));
#4359=CARTESIAN_POINT('Ctrl Pts',(-17.3526238702048,21.2785540524253,-31.8315534537626));
#4360=CARTESIAN_POINT('Ctrl Pts',(-17.5452828158254,21.3536575719655,-32.0406342256908));
#4361=CARTESIAN_POINT('Ctrl Pts',(-18.0422063554549,21.5473714254715,-32.5799144388176));
#4362=CARTESIAN_POINT('Ctrl Pts',(-18.5455951384276,21.7287655501708,-33.1172035635655));
#4363=CARTESIAN_POINT('Ctrl Pts',(-19.0549696183297,21.8978087577763,-33.6526955473781));
#4364=CARTESIAN_POINT('Ctrl Pts',(-19.5679813263624,22.0680590315663,-34.1920112533912));
#4365=CARTESIAN_POINT('Ctrl Pts',(-20.0870648014298,22.2257815696491,-34.7295041122214));
#4366=CARTESIAN_POINT('Ctrl Pts',(-20.6117663520868,22.370908774598,-35.265387068));
#4367=CARTESIAN_POINT('Ctrl Pts',(-21.1410312871655,22.5172981660706,-35.8059306540534));
#4368=CARTESIAN_POINT('Ctrl Pts',(-21.6760127457893,22.6508723937827,-36.3448362663604));
#4369=CARTESIAN_POINT('Ctrl Pts',(-22.2162773974289,22.7715227727809,-36.8823366840474));
#4370=CARTESIAN_POINT('Ctrl Pts',(-22.2709876074474,22.7837405026542,-36.9367669723282));
#4371=CARTESIAN_POINT('Ctrl Pts',(-22.3257520198877,22.7958256675925,-36.9911828622513));
#4372=CARTESIAN_POINT('Ctrl Pts',(-22.3805702010919,22.8077781312165,-37.0455846032405));
#4373=CARTESIAN_POINT('',(-10.9241184974574,15.7689487111407,-22.2396108770523));
#4374=CARTESIAN_POINT('Ctrl Pts',(-24.2699839141558,20.7858739653498,-37.045584414406));
#4375=CARTESIAN_POINT('Ctrl Pts',(-23.7203973286858,20.7189995770617,-36.5112253077167));
#4376=CARTESIAN_POINT('Ctrl Pts',(-23.174995405592,20.6384478777851,-35.9753797272647));
#4377=CARTESIAN_POINT('Ctrl Pts',(-22.6342470607551,20.5443048306016,-35.4378465710869));
#4378=CARTESIAN_POINT('Ctrl Pts',(-22.0730721911761,20.4466055722878,-34.8800083424679));
#4379=CARTESIAN_POINT('Ctrl Pts',(-21.5169084232218,20.3342688793966,-34.3203526259863));
#4380=CARTESIAN_POINT('Ctrl Pts',(-20.9663211622892,20.2073473194694,-33.7586520398465));
#4381=CARTESIAN_POINT('Ctrl Pts',(-20.4488811489951,20.0880668741777,-33.2307677617628));
#4382=CARTESIAN_POINT('Ctrl Pts',(-19.9363664378041,19.9559043363272,-32.701077377257));
#4383=CARTESIAN_POINT('Ctrl Pts',(-19.4292857646356,19.8108694156956,-32.1693903182933));
#4384=CARTESIAN_POINT('Ctrl Pts',(-19.396802137134,19.8015784673598,-32.1353304037971));
#4385=CARTESIAN_POINT('Ctrl Pts',(-19.3643408233917,19.7922346838562,-32.1012622950203));
#4386=CARTESIAN_POINT('Ctrl Pts',(-19.3319019630423,19.7828380633079,-32.0671859416491));
#4387=CARTESIAN_POINT('Ctrl Pts',(-18.8244104870027,19.6358321333683,-31.5340766189383));
#4388=CARTESIAN_POINT('Ctrl Pts',(-18.3224109299794,19.4758964628849,-30.9989495000104));
#4389=CARTESIAN_POINT('Ctrl Pts',(-17.8263712135541,19.3031107830916,-30.4616194283344));
#4390=CARTESIAN_POINT('Ctrl Pts',(-17.5442225852504,19.2048298573312,-30.1559847429461));
#4391=CARTESIAN_POINT('Ctrl Pts',(-17.2640029622702,19.1023909912058,-29.8496373028705));
#4392=CARTESIAN_POINT('Ctrl Pts',(-16.9858050429308,18.9958051466805,-29.5425429145855));
#4393=CARTESIAN_POINT('Ctrl Pts',(-16.3882690184577,18.7668714366287,-28.8829407135786));
#4394=CARTESIAN_POINT('Ctrl Pts',(-15.8010721231157,18.5192030436179,-28.2209529114523));
#4395=CARTESIAN_POINT('Ctrl Pts',(-15.2253002021576,18.253165369099,-27.5565165954242));
#4396=CARTESIAN_POINT('Ctrl Pts',(-15.0772101436958,18.1847397767099,-27.3856218204219));
#4397=CARTESIAN_POINT('Ctrl Pts',(-14.9298761494248,18.1150989712386,-27.2145650739168));
#4398=CARTESIAN_POINT('Ctrl Pts',(-14.783317256742,18.0442491212136,-27.0433452981945));
#4399=CARTESIAN_POINT('Ctrl Pts',(-14.2294492576517,17.7764969299214,-26.3962801297283));
#4400=CARTESIAN_POINT('Ctrl Pts',(-13.6866472539957,17.4914771134231,-25.7468865165635));
#4401=CARTESIAN_POINT('Ctrl Pts',(-13.1559901618479,17.1896082182772,-25.0950895321432));
#4402=CARTESIAN_POINT('Ctrl Pts',(-12.6372637395642,16.8945261882905,-24.4579467844315));
#4403=CARTESIAN_POINT('Ctrl Pts',(-12.1301421898752,16.5833440401163,-23.818507496282));
#4404=CARTESIAN_POINT('Ctrl Pts',(-11.6356829012119,16.2564548674267,-23.176702734283));
#4405=CARTESIAN_POINT('Ctrl Pts',(-11.3954635531156,16.0976448182202,-22.8648996696682));
#4406=CARTESIAN_POINT('Ctrl Pts',(-11.1582335551561,15.9351275918544,-22.5525383162524));
#4407=CARTESIAN_POINT('Ctrl Pts',(-10.9241186143117,15.7689486143101,-22.2396108880869));
#4408=CARTESIAN_POINT('Origin',(0.,0.,-22.2396108770523));
#4409=CARTESIAN_POINT('Origin',(0.,0.,-29.6425976457075));
#4410=CARTESIAN_POINT('',(-4.67405600110326,18.6050882529385,-22.2396108770523));
#4411=CARTESIAN_POINT('Ctrl Pts',(-4.67405567516479,18.6050881695048,-22.2396109624879));
#4412=CARTESIAN_POINT('Ctrl Pts',(-4.9715470657543,19.0375328931853,-22.8098809937002));
#4413=CARTESIAN_POINT('Ctrl Pts',(-5.2822671695188,19.4621790776819,-23.3783172301902));
#4414=CARTESIAN_POINT('Ctrl Pts',(-5.6057247692792,19.878642339593,-23.9449299374963));
#4415=CARTESIAN_POINT('Ctrl Pts',(-5.92834668211985,20.2940296246193,-24.5100787409448));
#4416=CARTESIAN_POINT('Ctrl Pts',(-6.26364027026762,20.701276394195,-25.0734135141386));
#4417=CARTESIAN_POINT('Ctrl Pts',(-6.61113220212678,21.0999815344084,-25.6349902557529));
#4418=CARTESIAN_POINT('Ctrl Pts',(-6.89683027576689,21.4277856647083,-26.0967028268099));
#4419=CARTESIAN_POINT('Ctrl Pts',(-7.19077428188957,21.7498156323973,-26.5572278861588));
#4420=CARTESIAN_POINT('Ctrl Pts',(-7.49270870852447,22.0658371636072,-27.0166191727004));
#4421=CARTESIAN_POINT('Ctrl Pts',(-7.85959613755807,22.4498421556748,-27.5748360342824));
#4422=CARTESIAN_POINT('Ctrl Pts',(-8.23828115154391,22.8249763648955,-28.1313777790832));
#4423=CARTESIAN_POINT('Ctrl Pts',(-8.62828063573015,23.190789140547,-28.6863836097151));
#4424=CARTESIAN_POINT('Ctrl Pts',(-8.88283818565379,23.4295597227567,-29.0486428694518));
#4425=CARTESIAN_POINT('Ctrl Pts',(-9.14221641324188,23.6643585504971,-29.4102486558384));
#4426=CARTESIAN_POINT('Ctrl Pts',(-9.40628431194779,23.8950539481095,-29.7712492619708));
#4427=CARTESIAN_POINT('Ctrl Pts',(-9.80806814089329,24.2460609452739,-30.3205178648384));
#4428=CARTESIAN_POINT('Ctrl Pts',(-10.2201490759677,24.5871317771682,-30.8675442592619));
#4429=CARTESIAN_POINT('Ctrl Pts',(-10.6420828100246,24.9180258594777,-31.4124844571638));
#4430=CARTESIAN_POINT('Ctrl Pts',(-10.8044396677123,25.0453513589458,-31.6221732566546));
#4431=CARTESIAN_POINT('Ctrl Pts',(-10.9682558846673,25.1711699037239,-31.8315533495442));
#4432=CARTESIAN_POINT('Ctrl Pts',(-11.1335079916943,25.2954672337688,-32.0406343106929));
#4433=CARTESIAN_POINT('Ctrl Pts',(-11.5597396949071,25.6160650381964,-32.5799129666994));
#4434=CARTESIAN_POINT('Ctrl Pts',(-11.9955206697007,25.9265443040592,-33.1172005435849));
#4435=CARTESIAN_POINT('Ctrl Pts',(-12.4403975619248,26.2267456394349,-33.6526909896012));
#4436=CARTESIAN_POINT('Ctrl Pts',(-12.8884512227843,26.5290906469211,-34.1920052558319));
#4437=CARTESIAN_POINT('Ctrl Pts',(-13.3457313875531,26.8210106802826,-34.7294966843509));
#4438=CARTESIAN_POINT('Ctrl Pts',(-13.8118194208322,27.1023182640847,-35.2653782199821));
#4439=CARTESIAN_POINT('Ctrl Pts',(-14.2819612635815,27.3860725259087,-35.8059205953882));
#4440=CARTESIAN_POINT('Ctrl Pts',(-14.7610650880876,27.6590292128538,-36.344825006042));
#4441=CARTESIAN_POINT('Ctrl Pts',(-15.2487429493529,27.9209667788901,-36.882324231842));
#4442=CARTESIAN_POINT('Ctrl Pts',(-15.2981318053149,27.9474941194719,-36.9367586729992));
#4443=CARTESIAN_POINT('Ctrl Pts',(-15.3476086325782,27.9739084177782,-36.9911787136376));
#4444=CARTESIAN_POINT('Ctrl Pts',(-15.3971730502644,28.0002094254491,-37.0455846032405));
#4445=CARTESIAN_POINT('',(-6.26461110343117,18.131485215609,-22.2396108770523));
#4446=CARTESIAN_POINT('Ctrl Pts',(-17.7620253930654,26.56304066994,-37.045584414406));
#4447=CARTESIAN_POINT('Ctrl Pts',(-17.2508617474595,26.3503695974729,-36.5112256050266));
#4448=CARTESIAN_POINT('Ctrl Pts',(-16.7474176651498,26.1256574414046,-35.9753803302259));
#4449=CARTESIAN_POINT('Ctrl Pts',(-16.2521214824119,25.8891134816332,-35.4378474846532));
#4450=CARTESIAN_POINT('Ctrl Pts',(-15.7381152860736,25.6436339781231,-34.8800091184611));
#4451=CARTESIAN_POINT('Ctrl Pts',(-15.2328834989919,25.3854118151411,-34.320353266748));
#4452=CARTESIAN_POINT('Ctrl Pts',(-14.736956380337,25.1146501475042,-33.7586525432775));
#4453=CARTESIAN_POINT('Ctrl Pts',(-14.2708862601668,24.860189525719,-33.2307686792176));
#4454=CARTESIAN_POINT('Ctrl Pts',(-13.8130343315972,24.5946533609545,-32.7010787105985));
#4455=CARTESIAN_POINT('Ctrl Pts',(-13.3638878467244,24.3181882509768,-32.1693920661744));
#4456=CARTESIAN_POINT('Ctrl Pts',(-13.3351149961642,24.3004775718055,-32.1353315961939));
#4457=CARTESIAN_POINT('Ctrl Pts',(-13.3063778878354,24.2827220354209,-32.1012629316471));
#4458=CARTESIAN_POINT('Ctrl Pts',(-13.2776766567071,24.2649216776883,-32.0671860222169));
#4459=CARTESIAN_POINT('Ctrl Pts',(-12.8286662171524,23.9864476842196,-31.5340769017911));
#4460=CARTESIAN_POINT('Ctrl Pts',(-12.3884324382881,23.6970051219735,-30.9989499817808));
#4461=CARTESIAN_POINT('Ctrl Pts',(-11.9574043803439,23.396797010538,-30.4616201075713));
#4462=CARTESIAN_POINT('Ctrl Pts',(-11.7122342957276,23.2260377137207,-30.1559852230233));
#4463=CARTESIAN_POINT('Ctrl Pts',(-11.470043487463,23.0517950969331,-29.8496375818667));
#4464=CARTESIAN_POINT('Ctrl Pts',(-11.2309182594373,22.8741047256981,-29.5425429908361));
#4465=CARTESIAN_POINT('Ctrl Pts',(-10.7173064472293,22.4924474897148,-28.8829412803887));
#4466=CARTESIAN_POINT('Ctrl Pts',(-10.2187049024032,22.095539781584,-28.2209539692239));
#4467=CARTESIAN_POINT('Ctrl Pts',(-9.73606062196214,21.6840264116986,-27.5565181480226));
#4468=CARTESIAN_POINT('Ctrl Pts',(-9.61192278085471,21.5781836960701,-27.3856228701939));
#4469=CARTESIAN_POINT('Ctrl Pts',(-9.48884083446617,21.471374808353,-27.2145656199243));
#4470=CARTESIAN_POINT('Ctrl Pts',(-9.36683145020465,21.3636108247069,-27.0433453395475));
#4471=CARTESIAN_POINT('Ctrl Pts',(-8.90574042166557,20.9563552159714,-26.3962792498078));
#4472=CARTESIAN_POINT('Ctrl Pts',(-8.45996383557131,20.5354578390559,-25.7468847097538));
#4473=CARTESIAN_POINT('Ctrl Pts',(-8.03042766866356,20.1016128182084,-25.0950867932798));
#4474=CARTESIAN_POINT('Ctrl Pts',(-7.6105487090913,19.6775218801147,-24.4579431669567));
#4475=CARTESIAN_POINT('Ctrl Pts',(-7.20618808511871,19.2410587870234,-23.8185029954948));
#4476=CARTESIAN_POINT('Ctrl Pts',(-6.81825791151858,18.7928873456124,-23.1766973459469));
#4477=CARTESIAN_POINT('Ctrl Pts',(-6.62979412496775,18.5751572162739,-22.8648960704209));
#4478=CARTESIAN_POINT('Ctrl Pts',(-6.44520897299058,18.3546639336091,-22.5525365130455));
#4479=CARTESIAN_POINT('Ctrl Pts',(-6.26461124203042,18.1314851539328,-22.2396108880943));
#4480=CARTESIAN_POINT('Origin',(0.,0.,-22.2396108770523));
#4481=CARTESIAN_POINT('Origin',(0.,0.,-29.6425976457075));
#4482=CARTESIAN_POINT('',(-1.14048616255221,19.1492924076611,-22.2396108770523));
#4483=CARTESIAN_POINT('Ctrl Pts',(-9.9367387044307,30.370148165866,-37.045584414406));
#4484=CARTESIAN_POINT('Ctrl Pts',(-9.50190909212444,30.0274537879054,-36.5112265021672));
#4485=CARTESIAN_POINT('Ctrl Pts',(-9.07776136116314,29.6752476228963,-35.9753821498789));
#4486=CARTESIAN_POINT('Ctrl Pts',(-8.66465151164325,29.3138467333793,-35.4378502418372));
#4487=CARTESIAN_POINT('Ctrl Pts',(-8.23593520393289,28.9387928460488,-34.8800114607963));
#4488=CARTESIAN_POINT('Ctrl Pts',(-7.81910585554591,28.5538361400895,-34.3203552013765));
#4489=CARTESIAN_POINT('Ctrl Pts',(-7.41461926707111,28.159315278283,-33.758654063791));
#4490=CARTESIAN_POINT('Ctrl Pts',(-7.03448573233123,27.7885474605102,-33.2307714467112));
#4491=CARTESIAN_POINT('Ctrl Pts',(-6.66525372863338,27.4093320876046,-32.7010827306102));
#4492=CARTESIAN_POINT('Ctrl Pts',(-6.30735289704853,27.0219417598236,-32.1693973344255));
#4493=CARTESIAN_POINT('Ctrl Pts',(-6.28442416967561,26.9971238034828,-32.135335190889));
#4494=CARTESIAN_POINT('Ctrl Pts',(-6.26154196605477,26.9722722931004,-32.1012648519248));
#4495=CARTESIAN_POINT('Ctrl Pts',(-6.23870640649492,26.9473872996315,-32.0671862672052));
#4496=CARTESIAN_POINT('Ctrl Pts',(-5.88147822412354,26.5580987883539,-31.5340777683631));
#4497=CARTESIAN_POINT('Ctrl Pts',(-5.53566050851933,26.1606163627471,-30.9989514596562));
#4498=CARTESIAN_POINT('Ctrl Pts',(-5.201611639099,25.7552512781283,-30.4616221923807));
#4499=CARTESIAN_POINT('Ctrl Pts',(-5.01160301976233,25.5246776492177,-30.1559866954507));
#4500=CARTESIAN_POINT('Ctrl Pts',(-4.82540300557547,25.2915536546556,-29.8496384360349));
#4501=CARTESIAN_POINT('Ctrl Pts',(-4.64308510600369,25.0559368271303,-29.5425432216603));
#4502=CARTESIAN_POINT('Ctrl Pts',(-4.25149019684766,24.5498628191069,-28.8829430241118));
#4503=CARTESIAN_POINT('Ctrl Pts',(-3.8784634025735,24.0331536191786,-28.2209572272693));
#4504=CARTESIAN_POINT('Ctrl Pts',(-3.52474263983642,23.5066856291762,-27.5565229324964));
#4505=CARTESIAN_POINT('Ctrl Pts',(-3.43376335567894,23.3712746329666,-27.385626104048));
#4506=CARTESIAN_POINT('Ctrl Pts',(-3.34406150634882,23.2352181576204,-27.2145673002775));
#4507=CARTESIAN_POINT('Ctrl Pts',(-3.255650153394,23.098531365998,-27.043345463668));
#4508=CARTESIAN_POINT('Ctrl Pts',(-2.92153250522972,22.5819747493909,-26.3962765584835));
#4509=CARTESIAN_POINT('Ctrl Pts',(-2.60584209966764,22.0564139437226,-25.7468791860256));
#4510=CARTESIAN_POINT('Ctrl Pts',(-2.30928327219903,21.5227671828845,-25.0950784213729));
#4511=CARTESIAN_POINT('Ctrl Pts',(-2.01939198354399,21.0011184142188,-24.4579321080279));
#4512=CARTESIAN_POINT('Ctrl Pts',(-1.74778168824603,20.4717430277209,-23.8184892351702));
#4513=CARTESIAN_POINT('Ctrl Pts',(-1.49515155460451,19.9355263229485,-23.1766808710839));
#4514=CARTESIAN_POINT('Ctrl Pts',(-1.37242174867405,19.6750278180205,-22.864885065756));
#4515=CARTESIAN_POINT('Ctrl Pts',(-1.25417207065464,19.4129151313694,-22.5525309997896));
#4516=CARTESIAN_POINT('Ctrl Pts',(-1.14048631248626,19.1492923857343,-22.2396108881163));
#4517=CARTESIAN_POINT('',(0.518863412240229,19.1762063286907,-22.2396108770523));
#4518=CARTESIAN_POINT('Origin',(0.,0.,-22.2396108770523));
#4519=CARTESIAN_POINT('Ctrl Pts',(0.518863703692119,19.176206160531,-22.2396109625139));
#4520=CARTESIAN_POINT('Ctrl Pts',(0.349075993715043,19.6728777562992,-22.80988200057));
#4521=CARTESIAN_POINT('Ctrl Pts',(0.164446090173261,20.1656090924632,-23.3783192459044));
#4522=CARTESIAN_POINT('Ctrl Pts',(-0.0346567289574281,20.6538974869853,
-23.944932959267));
#4523=CARTESIAN_POINT('Ctrl Pts',(-0.233245167908414,21.140924393231,-24.5100828316605));
#4524=CARTESIAN_POINT('Ctrl Pts',(-0.446231704413398,21.6235314331695,-25.0734186706067));
#4525=CARTESIAN_POINT('Ctrl Pts',(-0.67326879572957,22.1012046408982,-25.6349964705721));
#4526=CARTESIAN_POINT('Ctrl Pts',(-0.859931114413955,22.4939316090387,-26.0967069939739));
#4527=CARTESIAN_POINT('Ctrl Pts',(-1.05609135142569,22.8833232884969,-26.5572300157052));
#4528=CARTESIAN_POINT('Ctrl Pts',(-1.26156668890638,23.269085149731,-27.0166192715032));
#4529=CARTESIAN_POINT('Ctrl Pts',(-1.51124555005533,23.7378352360846,-27.5748360756124));
#4530=CARTESIAN_POINT('Ctrl Pts',(-1.77467783313273,24.2012264251416,-28.1313777586258));
#4531=CARTESIAN_POINT('Ctrl Pts',(-2.05151992141084,24.6586944357742,-28.6863835239466));
#4532=CARTESIAN_POINT('Ctrl Pts',(-2.2322182767774,24.9572896301259,-29.0486428524909));
#4533=CARTESIAN_POINT('Ctrl Pts',(-2.41863012183218,25.2533609481555,-29.4102487057803));
#4534=CARTESIAN_POINT('Ctrl Pts',(-2.61066483334624,25.5467462520817,-29.771249377164));
#4535=CARTESIAN_POINT('Ctrl Pts',(-2.90284877273295,25.9931367675412,-30.3205177748137));
#4536=CARTESIAN_POINT('Ctrl Pts',(-3.20762872532508,26.4327376915105,-30.8675439623772));
#4537=CARTESIAN_POINT('Ctrl Pts',(-3.52464176796489,26.8651974898139,-31.4124839523954));
#4538=CARTESIAN_POINT('Ctrl Pts',(-3.64662611172138,27.0316049166435,-31.6221729497802));
#4539=CARTESIAN_POINT('Ctrl Pts',(-3.77042227485614,27.19695499675,-31.8315532395932));
#4540=CARTESIAN_POINT('Ctrl Pts',(-3.89601150565911,27.3612276669669,-32.0406343967657));
#4541=CARTESIAN_POINT('Ctrl Pts',(-4.21994023446616,27.7849314901442,-32.5799114751215));
#4542=CARTESIAN_POINT('Ctrl Pts',(-4.55579401523294,28.2014683862035,-33.1171974837687));
#4543=CARTESIAN_POINT('Ctrl Pts',(-4.90317929841337,28.6105625784423,-33.6526863717608));
#4544=CARTESIAN_POINT('Ctrl Pts',(-5.25304525561655,29.0225781072624,-34.1919991792978));
#4545=CARTESIAN_POINT('Ctrl Pts',(-5.61460813495577,29.4270445707379,-34.7294891587346));
#4546=CARTESIAN_POINT('Ctrl Pts',(-5.98751539453992,29.8236685168267,-35.2653692555803));
#4547=CARTESIAN_POINT('Ctrl Pts',(-6.36366617853081,30.2237422736026,-35.805910404547));
#4548=CARTESIAN_POINT('Ctrl Pts',(-6.75135969561476,30.6158368262637,-36.3448135978726));
#4549=CARTESIAN_POINT('Ctrl Pts',(-7.15028214762005,30.9996341955522,-36.8823116162213));
#4550=CARTESIAN_POINT('Ctrl Pts',(-7.19068564384659,31.0385057995039,-36.936750264753));
#4551=CARTESIAN_POINT('Ctrl Pts',(-7.23120436514336,31.077292274657,-36.9911745105762));
#4552=CARTESIAN_POINT('Ctrl Pts',(-7.27183801167928,31.1159932790383,-37.0455846032344));
#4553=CARTESIAN_POINT('Origin',(0.,0.,-29.6425976457075));
#4554=CARTESIAN_POINT('',(10.4069759986829,16.1149296915599,-22.2396108770523));
#4555=CARTESIAN_POINT('Ctrl Pts',(10.4069761600211,16.1149293963613,-22.239610962462));
#4556=CARTESIAN_POINT('Ctrl Pts',(10.5199684290522,16.6275123981601,-22.8098799806973));
#4557=CARTESIAN_POINT('Ctrl Pts',(10.6182319467018,17.144440472326,-23.3783152022393));
#4558=CARTESIAN_POINT('Ctrl Pts',(10.7018211015483,17.6650922685586,-23.9449268974121));
#4559=CARTESIAN_POINT('Ctrl Pts',(10.7851942853987,18.1843988461776,-24.5100746264475));
#4560=CARTESIAN_POINT('Ctrl Pts',(10.8539690284146,18.7074099861014,-25.0734083284435));
#4561=CARTESIAN_POINT('Ctrl Pts',(10.908175282851,19.2335059898312,-25.6349840062797));
#4562=CARTESIAN_POINT('Ctrl Pts',(10.9527424208368,19.666050046522,-26.0966986365146));
#4563=CARTESIAN_POINT('Ctrl Pts',(10.98746122084,20.100679375132,-26.5572257449336));
#4564=CARTESIAN_POINT('Ctrl Pts',(11.0123348820692,20.5370473332335,-27.0166190736043));
#4565=CARTESIAN_POINT('Ctrl Pts',(11.0425593055711,21.0672857185975,-27.5748359919617));
#4566=CARTESIAN_POINT('Ctrl Pts',(11.058248185107,21.6000914298568,-28.1313777978407));
#4567=CARTESIAN_POINT('Ctrl Pts',(11.0594019188174,22.1348037960913,-28.6863836930855));
#4568=CARTESIAN_POINT('Ctrl Pts',(11.0601549750367,22.483817150969,-29.0486428845838));
#4569=CARTESIAN_POINT('Ctrl Pts',(11.0547149739661,22.8336426994537,-29.4102486046379));
#4570=CARTESIAN_POINT('Ctrl Pts',(11.0430751008086,23.1840948217253,-29.7712491460969));
#4571=CARTESIAN_POINT('Ctrl Pts',(11.0253648248165,23.7173140177563,-30.3205179513119));
#4572=CARTESIAN_POINT('Ctrl Pts',(10.9933645318116,24.2512767555397,-30.8675445497706));
#4573=CARTESIAN_POINT('Ctrl Pts',(10.9472016559022,24.7854941073083,-31.4124849527956));
#4574=CARTESIAN_POINT('Ctrl Pts',(10.9294385592947,24.9910565693928,-31.6221735571891));
#4575=CARTESIAN_POINT('Ctrl Pts',(10.9095780428012,25.1966570079266,-31.8315534559503));
#4576=CARTESIAN_POINT('Ctrl Pts',(10.8876257035398,25.4022685376163,-32.0406342238697));
#4577=CARTESIAN_POINT('Ctrl Pts',(10.831004221586,25.932600607434,-32.5799144703478));
#4578=CARTESIAN_POINT('Ctrl Pts',(10.7604698008161,26.4630051948945,-33.117203628249));
#4579=CARTESIAN_POINT('Ctrl Pts',(10.6762153717637,26.9930421689744,-33.6526956449994));
#4580=CARTESIAN_POINT('Ctrl Pts',(10.5913593177684,27.5268639110219,-34.1920113818504));
#4581=CARTESIAN_POINT('Ctrl Pts',(10.492586663108,28.0603131120034,-34.7295042713158));
#4582=CARTESIAN_POINT('Ctrl Pts',(10.3800461162061,28.5929558465775,-35.2653872575119));
#4583=CARTESIAN_POINT('Ctrl Pts',(10.2665267933608,29.1302310261626,-35.8059308694984));
#4584=CARTESIAN_POINT('Ctrl Pts',(10.1389991016597,29.6666860134492,-36.3448365075458));
#4585=CARTESIAN_POINT('Ctrl Pts',(9.99756590116255,30.2018860583297,-36.8823369507639));
#4586=CARTESIAN_POINT('Ctrl Pts',(9.98324361102866,30.256083306893,-36.9367671500934));
#4587=CARTESIAN_POINT('Ctrl Pts',(9.96877868226687,30.3102676925324,-36.9911829511114));
#4588=CARTESIAN_POINT('Ctrl Pts',(9.95417119329804,30.364438767468,-37.0455846032405));
#4589=CARTESIAN_POINT('',(8.9752114816547,16.95410532174,-22.2396108770523));
#4590=CARTESIAN_POINT('Ctrl Pts',(7.28969918020833,31.111813858386,-37.045584414406));
#4591=CARTESIAN_POINT('Ctrl Pts',(7.48316745948885,30.5930788605532,-36.5112267247551));
#4592=CARTESIAN_POINT('Ctrl Pts',(7.66256678267798,30.0717669473262,-35.975382601398));
#4593=CARTESIAN_POINT('Ctrl Pts',(7.8277577120721,29.5483339920382,-35.4378509260304));
#4594=CARTESIAN_POINT('Ctrl Pts',(7.99918932793126,29.0051264585007,-34.8800120421296));
#4595=CARTESIAN_POINT('Ctrl Pts',(8.1553191495092,28.4596340381915,-34.3203556816402));
#4596=CARTESIAN_POINT('Ctrl Pts',(8.29593368974039,27.9123829153766,-33.7586544413774));
#4597=CARTESIAN_POINT('Ctrl Pts',(8.42808210379365,27.3980807112805,-33.2307721331152));
#4598=CARTESIAN_POINT('Ctrl Pts',(8.54652683995053,26.8822250132423,-32.7010837271859));
#4599=CARTESIAN_POINT('Ctrl Pts',(8.65104243868012,26.3652719676593,-32.16939864006));
#4600=CARTESIAN_POINT('Ctrl Pts',(8.65773826059177,26.3321532220177,-32.1353360819372));
#4601=CARTESIAN_POINT('Ctrl Pts',(8.66437689615299,26.2990299800212,-32.1012653281729));
#4602=CARTESIAN_POINT('Ctrl Pts',(8.67095827943287,26.2659023648096,-32.0671863284372));
#4603=CARTESIAN_POINT('Ctrl Pts',(8.77391289533087,25.7476768254826,-31.5340779865004));
#4604=CARTESIAN_POINT('Ctrl Pts',(8.86286076356873,25.2283789390664,-30.9989518321197));
#4605=CARTESIAN_POINT('Ctrl Pts',(8.93765740091551,24.7084608579776,-30.4616227180885));
#4606=CARTESIAN_POINT('Ctrl Pts',(8.98020212517586,24.4127286943065,-30.1559870664812));
#4607=CARTESIAN_POINT('Ctrl Pts',(9.01816756788099,24.116796338059,-29.8496386509109));
#4608=CARTESIAN_POINT('Ctrl Pts',(9.05152081407108,23.8207511411352,-29.5425432791054));
#4609=CARTESIAN_POINT('Ctrl Pts',(9.12315912911681,23.1848856255443,-28.8829434647677));
#4610=CARTESIAN_POINT('Ctrl Pts',(9.17340662835137,22.5495808887403,-28.2209580515396));
#4611=CARTESIAN_POINT('Ctrl Pts',(9.20208818557919,21.9159691570186,-27.5565241434912));
#4612=CARTESIAN_POINT('Ctrl Pts',(9.20946529016428,21.7529996231776,-27.3856269223041));
#4613=CARTESIAN_POINT('Ctrl Pts',(9.21541554192858,21.5901423147542,-27.214567725068));
#4614=CARTESIAN_POINT('Ctrl Pts',(9.21993565917926,21.4274169739648,-27.0433454943038));
#4615=CARTESIAN_POINT('Ctrl Pts',(9.23701773142893,20.8124581412497,-26.3962758820673));
#4616=CARTESIAN_POINT('Ctrl Pts',(9.23367672519408,20.1993804622837,-25.746877798346));
#4617=CARTESIAN_POINT('Ctrl Pts',(9.20978795188279,19.5893344564243,-25.0950763184704));
#4618=CARTESIAN_POINT('Ctrl Pts',(9.18643627127714,18.9930041510565,-24.4579293298825));
#4619=CARTESIAN_POINT('Ctrl Pts',(9.14345028899466,18.3995705927858,-23.8184857781704));
#4620=CARTESIAN_POINT('Ctrl Pts',(9.08069261885139,17.8101534763629,-23.176676731883));
#4621=CARTESIAN_POINT('Ctrl Pts',(9.05020459104283,17.5238113384965,-22.8648823009183));
#4622=CARTESIAN_POINT('Ctrl Pts',(9.01504999601611,17.2384178068831,-22.552529614634));
#4623=CARTESIAN_POINT('Ctrl Pts',(8.97521134219946,16.9541053809016,-22.2396108881216));
#4624=CARTESIAN_POINT('Origin',(0.,0.,-22.2396108770523));
#4625=CARTESIAN_POINT('Origin',(0.,0.,-29.6425976457075));
#4626=CARTESIAN_POINT('',(13.2165491669493,13.9039180276169,-22.2396108770523));
#4627=CARTESIAN_POINT('Ctrl Pts',(15.4132442840186,27.9913661034605,-37.045584414406));
#4628=CARTESIAN_POINT('Ctrl Pts',(15.4595853451508,27.4396684469758,-36.5112251339248));
#4629=CARTESIAN_POINT('Ctrl Pts',(15.491683755929,26.8892851960511,-35.9753793748198));
#4630=CARTESIAN_POINT('Ctrl Pts',(15.5095282819707,26.3406929496105,-35.4378460370985));
#4631=CARTESIAN_POINT('Ctrl Pts',(15.5280468680075,25.7713781529552,-34.8800078889185));
#4632=CARTESIAN_POINT('Ctrl Pts',(15.5312146359423,25.2039915718609,-34.3203522515128));
#4633=CARTESIAN_POINT('Ctrl Pts',(15.5189680236296,24.6390974814511,-33.7586517456704));
#4634=CARTESIAN_POINT('Ctrl Pts',(15.507458692592,24.1082116395838,-33.2307672253967));
#4635=CARTESIAN_POINT('Ctrl Pts',(15.4823346153075,23.5795271463454,-32.7010765976058));
#4636=CARTESIAN_POINT('Ctrl Pts',(15.4435017971512,23.0535440738348,-32.1693892961284));
#4637=CARTESIAN_POINT('Ctrl Pts',(15.4410141886537,23.0198498939408,-32.1353297065339));
#4638=CARTESIAN_POINT('Ctrl Pts',(15.4384703113076,22.9861668112564,-32.1012619228258));
#4639=CARTESIAN_POINT('Ctrl Pts',(15.4358701348681,22.9524949621091,-32.0671858946922));
#4640=CARTESIAN_POINT('Ctrl Pts',(15.3951911390503,22.4257087833749,-31.5340764545666));
#4641=CARTESIAN_POINT('Ctrl Pts',(15.3407354747196,21.9016690244615,-30.9989492201836));
#4642=CARTESIAN_POINT('Ctrl Pts',(15.2724860037916,21.3808500405402,-30.4616190339011));
#4643=CARTESIAN_POINT('Ctrl Pts',(15.233665557407,21.0846070782663,-30.1559844640838));
#4644=CARTESIAN_POINT('Ctrl Pts',(15.190381674819,20.7894068157118,-29.8496371406962));
#4645=CARTESIAN_POINT('Ctrl Pts',(15.1426262286565,20.4953422422108,-29.5425428700679));
#4646=CARTESIAN_POINT('Ctrl Pts',(15.0400531298083,19.8637260185338,-28.8829403847507));
#4647=CARTESIAN_POINT('Ctrl Pts',(14.9170336314843,19.2384209920628,-28.2209522980946));
#4648=CARTESIAN_POINT('Ctrl Pts',(14.7737045704504,18.6205646383222,-27.5565156953106));
#4649=CARTESIAN_POINT('Ctrl Pts',(14.7368400362512,18.4616506922017,-27.3856212117368));
#4650=CARTESIAN_POINT('Ctrl Pts',(14.6986318854193,18.3032297521751,-27.2145647572049));
#4651=CARTESIAN_POINT('Ctrl Pts',(14.6590822841717,18.1453217123275,-27.0433452739723));
#4652=CARTESIAN_POINT('Ctrl Pts',(14.5096182879211,17.5485630616406,-26.3962806413937));
#4653=CARTESIAN_POINT('Ctrl Pts',(14.3409964282337,16.9591257321817,-25.7468875673979));
#4654=CARTESIAN_POINT('Ctrl Pts',(14.1534069779363,16.3781512304916,-25.0950911251513));
#4655=CARTESIAN_POINT('Ctrl Pts',(13.9700350627028,15.8102386591408,-24.4579488883805));
#4656=CARTESIAN_POINT('Ctrl Pts',(13.7685387239003,15.250412553732,-23.8185101139058));
#4657=CARTESIAN_POINT('Ctrl Pts',(13.5490876940757,14.6997881648771,-23.1767058680317));
#4658=CARTESIAN_POINT('Ctrl Pts',(13.4424730488631,14.4322814509187,-22.8649017629223));
#4659=CARTESIAN_POINT('Ctrl Pts',(13.331620533815,14.1669473295163,-22.5525393649658));
#4660=CARTESIAN_POINT('Ctrl Pts',(13.2165490483378,13.9039181223404,-22.2396108880825));
#4661=CARTESIAN_POINT('',(14.3688130963507,12.7095758624441,-22.2396108770523));
#4662=CARTESIAN_POINT('Origin',(0.,0.,-22.2396108770523));
#4663=CARTESIAN_POINT('Ctrl Pts',(14.3688131720087,12.7095755346638,-22.2396109624534));
#4664=CARTESIAN_POINT('Ctrl Pts',(14.6159084729339,13.1726653453822,-22.8098796436255));
#4665=CARTESIAN_POINT('Ctrl Pts',(14.8499934888067,13.6439128613762,-23.3783145274574));
#4666=CARTESIAN_POINT('Ctrl Pts',(15.0709529629541,14.1227051008482,-23.9449258858587));
#4667=CARTESIAN_POINT('Ctrl Pts',(15.2913415312857,14.6002602570261,-24.5100732576121));
#4668=CARTESIAN_POINT('Ctrl Pts',(15.4986724961707,15.0853212033903,-25.0734066033967));
#4669=CARTESIAN_POINT('Ctrl Pts',(15.6928075160294,15.5772831415871,-25.6349819274847));
#4670=CARTESIAN_POINT('Ctrl Pts',(15.852421209942,15.9817638080694,-26.0966972426972));
#4671=CARTESIAN_POINT('Ctrl Pts',(16.0031143431725,16.3909094830074,-26.5572250327286));
#4672=CARTESIAN_POINT('Ctrl Pts',(16.1447964778525,16.8043855137489,-27.0166190406967));
#4673=CARTESIAN_POINT('Ctrl Pts',(16.316956684299,17.3068067891897,-27.5748359777202));
#4674=CARTESIAN_POINT('Ctrl Pts',(16.4758130280611,17.815621830302,-28.1313778036891));
#4675=CARTESIAN_POINT('Ctrl Pts',(16.6211876451154,18.3301943582894,-28.6863837201977));
#4676=CARTESIAN_POINT('Ctrl Pts',(16.7160754407263,18.6660621586802,-29.0486428892029));
#4677=CARTESIAN_POINT('Ctrl Pts',(16.8052189658136,19.0043829008854,-29.4102485873957));
#4678=CARTESIAN_POINT('Ctrl Pts',(16.8885615785418,19.3449796870533,-29.771249107545));
#4679=CARTESIAN_POINT('Ctrl Pts',(17.0153688829607,19.8632039055458,-30.32051797921));
#4680=CARTESIAN_POINT('Ctrl Pts',(17.1286166926718,20.3859994948728,-30.8675446446879));
#4681=CARTESIAN_POINT('Ctrl Pts',(17.2282958045419,20.9128612766796,-31.4124851151065));
#4682=CARTESIAN_POINT('Ctrl Pts',(17.2666514940239,21.1155932886704,-31.6221736554373));
#4683=CARTESIAN_POINT('Ctrl Pts',(17.3029977898853,21.3189277456046,-31.8315534904564));
#4684=CARTESIAN_POINT('Ctrl Pts',(17.3373328280974,21.5228372491169,-32.0406341949318));
#4685=CARTESIAN_POINT('Ctrl Pts',(17.4258930140345,22.048779973684,-32.5799149713158));
#4686=CARTESIAN_POINT('Ctrl Pts',(17.501075736553,22.5785462004394,-33.1172046559794));
#4687=CARTESIAN_POINT('Ctrl Pts',(17.5629480190588,23.1116600660123,-33.6526971960701));
#4688=CARTESIAN_POINT('Ctrl Pts',(17.6252621008603,23.6485806334031,-34.1920134229143));
#4689=CARTESIAN_POINT('Ctrl Pts',(17.6740751124601,24.1888971342711,-34.7295067991532));
#4690=CARTESIAN_POINT('Ctrl Pts',(17.7094131692559,24.732151611958,-35.2653902686636));
#4691=CARTESIAN_POINT('Ctrl Pts',(17.7450585595475,25.2801307494832,-35.8059342926847));
#4692=CARTESIAN_POINT('Ctrl Pts',(17.7669937360295,25.8310995259875,-36.3448403397056));
#4693=CARTESIAN_POINT('Ctrl Pts',(17.7752004432842,26.3846115606028,-36.8823411885696));
#4694=CARTESIAN_POINT('Ctrl Pts',(17.7760314766005,26.4406616824651,-36.9367699745685));
#4695=CARTESIAN_POINT('Ctrl Pts',(17.7767216975072,26.4967379004675,-36.9911843629914));
#4696=CARTESIAN_POINT('Ctrl Pts',(17.7772710607042,26.5528397623126,-37.0455846032405));
#4697=CARTESIAN_POINT('Origin',(0.,9.59161233058706,-22.2396108770523));
#4698=CARTESIAN_POINT('Origin',(0.,0.,-22.2396108770523));
#4699=CARTESIAN_POINT('Origin',(0.,0.,-22.2396108770523));
#4700=CARTESIAN_POINT('Origin',(0.,0.,-22.2396108770523));
#4701=CARTESIAN_POINT('Origin',(0.,0.,-22.2396108770523));
#4702=CARTESIAN_POINT('Origin',(0.,0.,-22.2396108770523));
#4703=CARTESIAN_POINT('Origin',(0.,0.,-22.2396108770523));
#4704=CARTESIAN_POINT('Origin',(0.,0.,-22.2396108770523));
#4705=CARTESIAN_POINT('Origin',(0.,0.,-22.2396108770523));
#4706=CARTESIAN_POINT('Origin',(0.,0.,-22.2396108770523));
#4707=CARTESIAN_POINT('Origin',(0.,0.,-22.2396108770523));
#4708=CARTESIAN_POINT('Origin',(0.,0.,-22.2396108770523));
#4709=CARTESIAN_POINT('Origin',(0.,0.,-22.2396108770523));
#4710=CARTESIAN_POINT('Origin',(0.,0.,-22.2396108770523));
#4711=CARTESIAN_POINT('Origin',(0.,0.,-22.2396108770523));
#4712=CARTESIAN_POINT('Origin',(0.,0.,-22.2396108770523));
#4713=CARTESIAN_POINT('Origin',(0.,0.,-22.2396108770523));
#4714=CARTESIAN_POINT('Origin',(0.,0.,-22.2396108770523));
#4715=CARTESIAN_POINT('Origin',(0.,0.,-22.2396108770523));
#4716=CARTESIAN_POINT('Origin',(0.,0.,-22.2396108770523));
#4717=CARTESIAN_POINT('Origin',(0.,0.,-22.2396108770523));
#4718=CARTESIAN_POINT('Origin',(0.,0.,-22.2396108770523));
#4719=CARTESIAN_POINT('Origin',(0.,0.,-22.2396108770523));
#4720=CARTESIAN_POINT('Origin',(0.,0.,-22.2396108770523));
#4721=CARTESIAN_POINT('Ctrl Pts',(-3.94120113783993,36.5623900683337,-32.4087391998844));
#4722=CARTESIAN_POINT('Ctrl Pts',(-2.71809682211917,35.0251146919502,-30.9797508521012));
#4723=CARTESIAN_POINT('Ctrl Pts',(-0.536106919153087,31.8262527961595,-28.0990271266187));
#4724=CARTESIAN_POINT('Ctrl Pts',(1.87133769349931,26.841710887313,-23.7692773537378));
#4725=CARTESIAN_POINT('Ctrl Pts',(2.91412889308395,23.4429207646841,-20.852034947955));
#4726=CARTESIAN_POINT('Ctrl Pts',(3.29178240932527,21.7704115139398,-19.4078186421945));
#4727=CARTESIAN_POINT('Ctrl Pts',(-2.63840495043468,35.1665984480838,-33.8041193276208));
#4728=CARTESIAN_POINT('Ctrl Pts',(-1.50407523387377,33.6588248402715,-32.3033833641256));
#4729=CARTESIAN_POINT('Ctrl Pts',(0.501813475480217,30.5284487171542,-29.2834059048541));
#4730=CARTESIAN_POINT('Ctrl Pts',(2.65406182848269,25.6725096561965,-24.7641342802505));
#4731=CARTESIAN_POINT('Ctrl Pts',(3.53463255240069,22.3794615889475,-21.7361600591094));
#4732=CARTESIAN_POINT('Ctrl Pts',(3.83448755851899,20.7636209470041,-20.2421985135865));
#4733=CARTESIAN_POINT('Ctrl Pts',(-1.75751475808232,33.5750009384817,-35.3954751752959));
#4734=CARTESIAN_POINT('Ctrl Pts',(-0.696220226965532,32.1188063096781,-33.8182805942047));
#4735=CARTESIAN_POINT('Ctrl Pts',(1.1669581899351,29.0970998597623,-30.6467164708501));
#4736=CARTESIAN_POINT('Ctrl Pts',(3.11479552696314,24.4181148983996,-25.9115779469138));
#4737=CARTESIAN_POINT('Ctrl Pts',(3.86583892402494,21.2557781624896,-22.7502806716579));
#4738=CARTESIAN_POINT('Ctrl Pts',(4.10336839923304,19.7078019601592,-21.194348301866));
#4739=CARTESIAN_POINT('Ctrl Pts',(-1.37448956364525,31.9248407065386,-37.0455844143628));
#4740=CARTESIAN_POINT('Ctrl Pts',(-0.364114114987274,30.5380078669641,-35.3938451468733));
#4741=CARTESIAN_POINT('Ctrl Pts',(1.40200535289384,27.6556523825731,-32.0714136878905));
#4742=CARTESIAN_POINT('Ctrl Pts',(3.21378190719074,23.1866544271941,-27.1126451854779));
#4743=CARTESIAN_POINT('Ctrl Pts',(3.87936129524767,20.1690044297842,-23.8070283146296));
#4744=CARTESIAN_POINT('Ctrl Pts',(4.07523938492969,18.6939976347566,-22.1821643020295));
#4745=CARTESIAN_POINT('',(-3.82233409781411,36.4212968722394,-32.37867966));
#4746=CARTESIAN_POINT('Ctrl Pts',(-3.82233722152827,36.4212958055572,-32.3786803954352));
#4747=CARTESIAN_POINT('Ctrl Pts',(-3.64288910727525,36.2275897346998,-32.5900609201096));
#4748=CARTESIAN_POINT('Ctrl Pts',(-3.47178045385755,36.0292436469063,-32.8041963808482));
#4749=CARTESIAN_POINT('Ctrl Pts',(-3.30919228944162,35.8267399558772,-33.0208263398208));
#4750=CARTESIAN_POINT('Ctrl Pts',(-3.1448131033964,35.6220055459521,-33.2398426283486));
#4751=CARTESIAN_POINT('Ctrl Pts',(-2.98914282610484,35.4130212811735,-33.4614089325352));
#4752=CARTESIAN_POINT('Ctrl Pts',(-2.84239200780286,35.2002590712458,-33.6852964577641));
#4753=CARTESIAN_POINT('Ctrl Pts',(-2.69380946819643,34.9848411959036,-33.9119785128941));
#4754=CARTESIAN_POINT('Ctrl Pts',(-2.55437005964683,34.7655503121423,-34.1410403768463));
#4755=CARTESIAN_POINT('Ctrl Pts',(-2.4243216706492,34.5428514466031,-34.3722816415108));
#4756=CARTESIAN_POINT('Ctrl Pts',(-2.36561158085717,34.4423144811461,-34.4766750562753));
#4757=CARTESIAN_POINT('Ctrl Pts',(-2.3088158598896,34.3410826335485,-34.581513115852));
#4758=CARTESIAN_POINT('Ctrl Pts',(-2.25395956397999,34.2391972083261,-34.6867795672398));
#4759=CARTESIAN_POINT('Ctrl Pts',(-2.13391682412703,34.0162400182358,-34.9171355004952));
#4760=CARTESIAN_POINT('Ctrl Pts',(-2.02332297051812,33.7904576391517,-35.1492371979711));
#4761=CARTESIAN_POINT('Ctrl Pts',(-1.92235190533211,33.5622367530622,-35.3828682812877));
#4762=CARTESIAN_POINT('Ctrl Pts',(-1.8211379853832,33.333466952003,-35.6170612921351));
#4763=CARTESIAN_POINT('Ctrl Pts',(-1.72959289449682,33.1022466228884,-35.8527914241035));
#4764=CARTESIAN_POINT('Ctrl Pts',(-1.64793310162787,32.8689458089312,-36.0898664284436));
#4765=CARTESIAN_POINT('Ctrl Pts',(-1.56658814853532,32.6365444875336,-36.3260273888126));
#4766=CARTESIAN_POINT('Ctrl Pts',(-1.49505214414177,32.4020784001781,-36.5635232614206));
#4767=CARTESIAN_POINT('Ctrl Pts',(-1.43358424040926,32.1658983562216,-36.8021837548024));
#4768=CARTESIAN_POINT('Ctrl Pts',(-1.41272204125935,32.0857388776473,-36.883185097614));
#4769=CARTESIAN_POINT('Ctrl Pts',(-1.393020012874,32.005381856683,-36.9643207376704));
#4770=CARTESIAN_POINT('Ctrl Pts',(-1.37448956364524,31.9248407065386,-37.0455844143628));
#4771=CARTESIAN_POINT('',(3.31121411177586,21.734125652242,-19.4379235132796));
#4772=CARTESIAN_POINT('Ctrl Pts',(3.31121234283716,21.7341255749185,-19.4379240425252));
#4773=CARTESIAN_POINT('Ctrl Pts',(3.21041146194891,22.1754806334998,-19.8102724476038));
#4774=CARTESIAN_POINT('Ctrl Pts',(3.10075009946974,22.6152770663195,-20.1817040355182));
#4775=CARTESIAN_POINT('Ctrl Pts',(2.98237784293587,23.0532789647126,-20.5523002612224));
#4776=CARTESIAN_POINT('Ctrl Pts',(2.86335286171644,23.4936960798108,-20.9249400173279));
#4777=CARTESIAN_POINT('Ctrl Pts',(2.73552070126775,23.9322990331626,-21.2967353490596));
#4778=CARTESIAN_POINT('Ctrl Pts',(2.59899369605759,24.3688811487988,-21.6677573061315));
#4779=CARTESIAN_POINT('Ctrl Pts',(2.46150222945135,24.8085473912428,-22.041400256421));
#4780=CARTESIAN_POINT('Ctrl Pts',(2.31519269441295,25.2461643529593,-22.4142590469607));
#4781=CARTESIAN_POINT('Ctrl Pts',(2.16013884594299,25.6815512654907,-22.7863916497738));
#4782=CARTESIAN_POINT('Ctrl Pts',(2.03232706040425,26.0404432197373,-23.09314271008));
#4783=CARTESIAN_POINT('Ctrl Pts',(1.89857294391091,26.3978205126087,-23.3994001130862));
#4784=CARTESIAN_POINT('Ctrl Pts',(1.75889674593227,26.7535956823477,-23.7051876878733));
#4785=CARTESIAN_POINT('Ctrl Pts',(1.75889657915118,26.7535961071629,-23.7051880530005));
#4786=CARTESIAN_POINT('Ctrl Pts',(1.75889641237008,26.7535965319781,-23.7051884181278));
#4787=CARTESIAN_POINT('Ctrl Pts',(1.75889624558896,26.7535969567933,-23.705188783255));
#4788=CARTESIAN_POINT('Ctrl Pts',(1.56076794694772,27.2582578954684,-24.138943184193));
#4789=CARTESIAN_POINT('Ctrl Pts',(1.35074038440038,27.7596713332528,-24.5717744540066));
#4790=CARTESIAN_POINT('Ctrl Pts',(1.12899566653125,28.2575302979833,-25.0037871487345));
#4791=CARTESIAN_POINT('Ctrl Pts',(0.975431909262157,28.6023100697352,-25.3029667333843));
#4792=CARTESIAN_POINT('Ctrl Pts',(0.816247832090246,28.9453857548609,-25.6017534454738));
#4793=CARTESIAN_POINT('Ctrl Pts',(0.651491912857097,29.2866623989217,-25.9001774246216));
#4794=CARTESIAN_POINT('Ctrl Pts',(0.393285488639648,29.8215131183496,-26.3678692011306));
#4795=CARTESIAN_POINT('Ctrl Pts',(0.121788839722351,30.3511262839556,-26.8339585086656));
#4796=CARTESIAN_POINT('Ctrl Pts',(-0.162630880705588,30.8750452748058,-27.2984882174774));
#4797=CARTESIAN_POINT('Ctrl Pts',(-0.327339534596572,31.1784489614454,-27.5674993216148));
#4798=CARTESIAN_POINT('Ctrl Pts',(-0.496382638862892,31.4799437733963,-27.8359870519159));
#4799=CARTESIAN_POINT('Ctrl Pts',(-0.669693469982414,31.7794467934006,-28.1039566496086));
#4800=CARTESIAN_POINT('Ctrl Pts',(-0.973775084096634,32.3049382538402,-28.5741213085256));
#4801=CARTESIAN_POINT('Ctrl Pts',(-1.29100973648562,32.8243222944471,-29.0426975655464));
#4802=CARTESIAN_POINT('Ctrl Pts',(-1.62102494926639,33.337128086864,-29.5097199793624));
#4803=CARTESIAN_POINT('Ctrl Pts',(-1.96123236328944,33.865771391105,-29.9911659295547));
#4804=CARTESIAN_POINT('Ctrl Pts',(-2.31502179604492,34.3874238688091,-30.4709608096849));
#4805=CARTESIAN_POINT('Ctrl Pts',(-2.68202383633796,34.9016059563842,-30.9491198597136));
#4806=CARTESIAN_POINT('Ctrl Pts',(-3.04902587663101,35.4157880439594,-31.4272789097424));
#4807=CARTESIAN_POINT('Ctrl Pts',(-3.42924055819212,35.9224999453197,-31.9038022343872));
#4808=CARTESIAN_POINT('Ctrl Pts',(-3.82233722152828,36.4212958055572,-32.3786803954352));
#4809=CARTESIAN_POINT('Ctrl Pts',(4.06822341962619,18.7468841840207,-22.2396108770523));
#4810=CARTESIAN_POINT('Ctrl Pts',(4.08350144571238,19.3166100632246,-21.6796039081571));
#4811=CARTESIAN_POINT('Ctrl Pts',(4.00622466535512,19.8955333274204,-21.1297628696956));
#4812=CARTESIAN_POINT('Ctrl Pts',(3.71222866649014,20.898347469172,-20.1983136516184));
#4813=CARTESIAN_POINT('Ctrl Pts',(3.53576261190075,21.3226726854115,-19.8108630232547));
#4814=CARTESIAN_POINT('Ctrl Pts',(3.31121411177586,21.734125652242,-19.4379235132796));
#4815=CARTESIAN_POINT('Origin',(0.,0.,-25.9083015866398));
#4816=CARTESIAN_POINT('',(-6.01072707454932,36.1246766607867,-32.37867966));
#4817=CARTESIAN_POINT('',(1.9931193865033,21.8943790017578,-19.4379235132796));
#4818=CARTESIAN_POINT('Ctrl Pts',(-6.01072731746922,36.1246769714048,-32.3786800178911));
#4819=CARTESIAN_POINT('Ctrl Pts',(-5.50637459546479,35.5406945180032,-31.7961657060957));
#4820=CARTESIAN_POINT('Ctrl Pts',(-5.01899565491149,34.9448741629948,-31.2116547940109));
#4821=CARTESIAN_POINT('Ctrl Pts',(-4.54926662039531,34.3378599065379,-30.6250762507286));
#4822=CARTESIAN_POINT('Ctrl Pts',(-4.09358862869351,33.7490033169053,-30.0560440791203));
#4823=CARTESIAN_POINT('Ctrl Pts',(-3.6545205296159,33.1496122932214,-29.4850659976825));
#4824=CARTESIAN_POINT('Ctrl Pts',(-3.23270782547107,32.5403022316327,-28.9121062722054));
#4825=CARTESIAN_POINT('Ctrl Pts',(-3.01579754418403,32.2269745021652,-28.6174711083089));
#4826=CARTESIAN_POINT('Ctrl Pts',(-2.80345066952714,31.9110242896494,-28.3223124160518));
#4827=CARTESIAN_POINT('Ctrl Pts',(-2.59575781665364,31.5925385054062,-28.0266286305438));
#4828=CARTESIAN_POINT('Ctrl Pts',(-2.23679866328041,31.0420940106069,-27.5155932249258));
#4829=CARTESIAN_POINT('Ctrl Pts',(-1.89175064146539,30.4840991664321,-27.003004990542));
#4830=CARTESIAN_POINT('Ctrl Pts',(-1.56105124197999,29.9189650461628,-26.4887818591038));
#4831=CARTESIAN_POINT('Ctrl Pts',(-1.41843035560852,29.6752393869177,-26.2670126060826));
#4832=CARTESIAN_POINT('Ctrl Pts',(-1.27847874548059,29.4301860952785,-26.0449395880311));
#4833=CARTESIAN_POINT('Ctrl Pts',(-1.14123385693964,29.1838393113577,-25.8225577025418));
#4834=CARTESIAN_POINT('Ctrl Pts',(-0.884277015245215,28.7226163672407,-25.4062030568215));
#4835=CARTESIAN_POINT('Ctrl Pts',(-0.637268787214512,28.2576917229351,-24.9895167381735));
#4836=CARTESIAN_POINT('Ctrl Pts',(-0.400260740388056,27.7891629414178,-24.5722964995518));
#4837=CARTESIAN_POINT('Ctrl Pts',(-0.221332360284277,27.4354488079468,-24.2573175676433));
#4838=CARTESIAN_POINT('Ctrl Pts',(-0.0481045042100242,27.0796802718663,
-23.9420346713011));
#4839=CARTESIAN_POINT('Ctrl Pts',(0.119382281626524,26.7218969820369,-23.6263675042175));
#4840=CARTESIAN_POINT('Ctrl Pts',(0.327431284186489,26.2774651648649,-23.2342515595197));
#4841=CARTESIAN_POINT('Ctrl Pts',(0.526598119024892,25.829925026369,-22.8415787837209));
#4842=CARTESIAN_POINT('Ctrl Pts',(0.716896556410818,25.3793709233173,-22.4481579345899));
#4843=CARTESIAN_POINT('Ctrl Pts',(0.907605547926134,24.927844784709,-22.0538883104694));
#4844=CARTESIAN_POINT('Ctrl Pts',(1.08940777658871,24.4732914294591,-21.6588672105454));
#4845=CARTESIAN_POINT('Ctrl Pts',(1.26227950398026,24.0157869150078,-21.2629334548424));
#4846=CARTESIAN_POINT('Ctrl Pts',(1.43565718375504,23.556943399073,-20.8658408998937));
#4847=CARTESIAN_POINT('Ctrl Pts',(1.6000519143897,23.095131203878,-20.4678301525192));
#4848=CARTESIAN_POINT('Ctrl Pts',(1.75540312576935,22.6304114616631,-20.0687727620729));
#4849=CARTESIAN_POINT('Ctrl Pts',(1.83715086672407,22.3858701493313,-19.8587837964861));
#4850=CARTESIAN_POINT('Ctrl Pts',(1.91639385906167,22.1405234991216,-19.6485056019625));
#4851=CARTESIAN_POINT('Ctrl Pts',(1.99311938884298,21.8943790010766,-19.4379235139931));
#4852=CARTESIAN_POINT('Origin',(0.,0.,-19.4379235132796));
#4853=CARTESIAN_POINT('Origin',(0.,0.,-32.37867966));
#4854=CARTESIAN_POINT('Origin',(0.,0.,-34.7121320371814));
#4855=CARTESIAN_POINT('Ctrl Pts',(-7.27183801168014,31.1159932790528,-37.0455846032208));
#4856=CARTESIAN_POINT('Ctrl Pts',(-7.28325080376489,31.3922996723755,-36.7739313516895));
#4857=CARTESIAN_POINT('Ctrl Pts',(-7.28110612357988,31.6701960598446,-36.5037481092084));
#4858=CARTESIAN_POINT('Ctrl Pts',(-7.26548850485379,31.9489971650263,-36.2353879773814));
#4859=CARTESIAN_POINT('Ctrl Pts',(-7.24981192984428,32.228850740323,-35.9660147899621));
#4860=CARTESIAN_POINT('Ctrl Pts',(-7.22056022401701,32.5096164241764,-35.698478212938));
#4861=CARTESIAN_POINT('Ctrl Pts',(-7.17776966816708,32.7905895440685,-35.4331496703277));
#4862=CARTESIAN_POINT('Ctrl Pts',(-7.13509160528974,33.0708240079454,-35.1685186553815));
#4863=CARTESIAN_POINT('Ctrl Pts',(-7.07894545100781,33.3512653285932,-34.9060838210193));
#4864=CARTESIAN_POINT('Ctrl Pts',(-7.00932300798306,33.631194948327,-34.6462319768187));
#4865=CARTESIAN_POINT('Ctrl Pts',(-6.98749321587796,33.718965574254,-34.5647566437137));
#4866=CARTESIAN_POINT('Ctrl Pts',(-6.96433825354932,33.8066857202585,-34.4835353971149));
#4867=CARTESIAN_POINT('Ctrl Pts',(-6.93985705076012,33.8943327209378,-34.4025805938354));
#4868=CARTESIAN_POINT('Ctrl Pts',(-6.86469135745898,34.1634390891401,-34.1540215680817));
#4869=CARTESIAN_POINT('Ctrl Pts',(-6.77718666884673,34.4312243741814,-33.9085290965636));
#4870=CARTESIAN_POINT('Ctrl Pts',(-6.67740822638265,34.6970340140553,-33.6663563800198));
#4871=CARTESIAN_POINT('Ctrl Pts',(-6.57755020914672,34.963055641017,-33.4239905271814));
#4872=CARTESIAN_POINT('Ctrl Pts',(-6.4653984849278,35.2270989916066,-33.184949454269));
#4873=CARTESIAN_POINT('Ctrl Pts',(-6.34097310087937,35.4884876618413,-32.9495023151998));
#4874=CARTESIAN_POINT('Ctrl Pts',(-6.23911956654832,35.7024581478568,-32.7567673403734));
#4875=CARTESIAN_POINT('Ctrl Pts',(-6.12904062555783,35.9146494991557,-32.5664408526999));
#4876=CARTESIAN_POINT('Ctrl Pts',(-6.01072731746922,36.1246769714048,-32.3786800178911));
#4877=CARTESIAN_POINT('Origin',(0.,0.,-20.8387671951659));
#4878=CARTESIAN_POINT('Ctrl Pts',(1.9931193865033,21.8943790017578,-19.4379235132796));
#4879=CARTESIAN_POINT('Ctrl Pts',(1.69756373688296,21.5844968266078,-19.773324240568));
#4880=CARTESIAN_POINT('Ctrl Pts',(1.44028176463561,21.2527087138879,-20.1222782034178));
#4881=CARTESIAN_POINT('Ctrl Pts',(0.883488052849027,20.3571219357112,-21.0488761473963));
#4882=CARTESIAN_POINT('Ctrl Pts',(0.647053472872181,19.7741371614884,-21.6384315469652));
#4883=CARTESIAN_POINT('Ctrl Pts',(0.518863412240229,19.1762063286907,-22.2396108770523));
#4884=CARTESIAN_POINT('Ctrl Pts',(-7.27036660831296,31.0843746703472,-37.0764320706371));
#4885=CARTESIAN_POINT('Ctrl Pts',(-6.02620908928646,29.9089346434348,-35.3988314191964));
#4886=CARTESIAN_POINT('Ctrl Pts',(-3.76749863664193,27.4068492256176,-32.0406083349593));
#4887=CARTESIAN_POINT('Ctrl Pts',(-1.16395997501298,23.3579403556238,-27.0782326813377));
#4888=CARTESIAN_POINT('Ctrl Pts',(0.0575587017044907,20.522121381749,-23.8033482071565));
#4889=CARTESIAN_POINT('Ctrl Pts',(0.531226114046302,19.1114097058824,-22.2029418708252));
#4890=CARTESIAN_POINT('Ctrl Pts',(-7.35162797527278,32.7642687087432,-35.4366772203887));
#4891=CARTESIAN_POINT('Ctrl Pts',(-6.0680580919445,31.5049189114747,-33.8264313248631));
#4892=CARTESIAN_POINT('Ctrl Pts',(-3.73872123836884,28.839248033756,-30.609117564354));
#4893=CARTESIAN_POINT('Ctrl Pts',(-1.04268558758647,24.5603824100075,-25.8685745206013));
#4894=CARTESIAN_POINT('Ctrl Pts',(0.235976916432566,21.5780248859512,-22.7457519167023));
#4895=CARTESIAN_POINT('Ctrl Pts',(0.738433894206521,20.096121067621,-21.2203606758921));
#4896=CARTESIAN_POINT('Ctrl Pts',(-6.94441962717568,34.521707627068,-33.8538604232293));
#4897=CARTESIAN_POINT('Ctrl Pts',(-5.6414232874036,33.1607237365853,-32.3042861039581));
#4898=CARTESIAN_POINT('Ctrl Pts',(-3.28365330150197,30.2993651379326,-29.2167768113479));
#4899=CARTESIAN_POINT('Ctrl Pts',(-0.561131237977913,25.7548782651467,-24.6902558260072));
#4900=CARTESIAN_POINT('Ctrl Pts',(0.730634024249045,22.6102939003398,-21.7199597330894));
#4901=CARTESIAN_POINT('Ctrl Pts',(1.24030411229336,21.0512477770264,-20.2713967414639));
#4902=CARTESIAN_POINT('Ctrl Pts',(-6.08339513319057,36.2071327745697,-32.4626799279015));
#4903=CARTESIAN_POINT('Ctrl Pts',(-4.78262885985941,34.7350981582586,-30.9616567341465));
#4904=CARTESIAN_POINT('Ctrl Pts',(-2.44111995613228,31.6630448173191,-27.9821775267031));
#4905=CARTESIAN_POINT('Ctrl Pts',(0.239830558759605,26.8396747731335,-23.6434529336919));
#4906=CARTESIAN_POINT('Ctrl Pts',(1.49909596481956,23.5310607251471,-20.8133120147392));
#4907=CARTESIAN_POINT('Ctrl Pts',(1.99412744174818,21.8955082256933,-19.4368072216958));
#4908=CARTESIAN_POINT('Ctrl Pts',(6.06936407767484,36.269880805032,-32.4087391998925));
#4909=CARTESIAN_POINT('Ctrl Pts',(6.83236043458659,34.4596221745251,-30.9797508521067));
#4910=CARTESIAN_POINT('Ctrl Pts',(8.07039341393132,30.7906891351948,-28.0990268739799));
#4911=CARTESIAN_POINT('Ctrl Pts',(9.04375027312165,25.3414673088178,-23.7692774804181));
#4912=CARTESIAN_POINT('Ctrl Pts',(9.13088941751197,21.7873711041496,-20.852034947955));
#4913=CARTESIAN_POINT('Ctrl Pts',(9.04330092134734,20.0749933340607,-19.4078186421945));
#4914=CARTESIAN_POINT('Ctrl Pts',(6.94726897607313,34.5743587195087,-33.8041193276389));
#4915=CARTESIAN_POINT('Ctrl Pts',(7.63274221867972,32.8164589521809,-32.3033833641404));
#4916=CARTESIAN_POINT('Ctrl Pts',(8.7196815547091,29.2609835807295,-29.2834056522235));
#4917=CARTESIAN_POINT('Ctrl Pts',(9.48200215693645,24.0044467866532,-24.7641344069376));
#4918=CARTESIAN_POINT('Ctrl Pts',(9.44146526606169,20.5959379956612,-21.7361600591154));
#4919=CARTESIAN_POINT('Ctrl Pts',(9.29425224724974,18.9591171954693,-20.2421985135922));
#4920=CARTESIAN_POINT('Ctrl Pts',(7.36608550147207,32.8041206333596,-35.3954751753266));
#4921=CARTESIAN_POINT('Ctrl Pts',(7.99514774342567,31.1155918137975,-33.8182805942314));
#4922=CARTESIAN_POINT('Ctrl Pts',(8.97398693176821,27.7032586034218,-30.6467160532297));
#4923=CARTESIAN_POINT('Ctrl Pts',(9.58721810797852,22.6722633333845,-25.9115778402652));
#4924=CARTESIAN_POINT('Ctrl Pts',(9.45722344671546,19.4245653891601,-22.7502806716717));
#4925=CARTESIAN_POINT('Ctrl Pts',(9.26830570343079,17.8699076580685,-21.194348301879));
#4926=CARTESIAN_POINT('Ctrl Pts',(7.28969918020833,31.111813858386,-37.045584414406));
#4927=CARTESIAN_POINT('Ctrl Pts',(7.8884441441822,29.5038125087924,-35.3938451469118));
#4928=CARTESIAN_POINT('Ctrl Pts',(8.81142003317851,26.251848943188,-32.0714132702807));
#4929=CARTESIAN_POINT('Ctrl Pts',(9.35028974576671,21.4597625511947,-27.1126450788382));
#4930=CARTESIAN_POINT('Ctrl Pts',(9.17703632766371,18.3744438824028,-23.8070283146512));
#4931=CARTESIAN_POINT('Ctrl Pts',(8.96769865569764,16.9012870643802,-22.1821643020497));
#4932=CARTESIAN_POINT('',(9.05222223523492,20.0348104399664,-19.4379235132796));
#4933=CARTESIAN_POINT('',(6.14575671667748,36.1019497837793,-32.37867966));
#4934=CARTESIAN_POINT('Ctrl Pts',(9.05222051103162,20.0348108427642,-19.4379240425252));
#4935=CARTESIAN_POINT('Ctrl Pts',(9.07423375437835,20.4869946901717,-19.810272183647));
#4936=CARTESIAN_POINT('Ctrl Pts',(9.08729458490383,20.940068262654,-20.1817035131236));
#4937=CARTESIAN_POINT('Ctrl Pts',(9.09148339605513,21.3937640307908,-20.5522994830149));
#4938=CARTESIAN_POINT('Ctrl Pts',(9.09569530550454,21.8499616066533,-20.9249390246689));
#4939=CARTESIAN_POINT('Ctrl Pts',(9.09093718359012,22.306788456399,-21.2967341444087));
#4940=CARTESIAN_POINT('Ctrl Pts',(9.07726143910148,22.7640152498386,-21.667755889104));
#4941=CARTESIAN_POINT('Ctrl Pts',(9.06348908316884,23.2244720934434,-22.0413986937742));
#4942=CARTESIAN_POINT('Ctrl Pts',(9.04067277345341,23.6853347380027,-22.4142573380183));
#4943=CARTESIAN_POINT('Ctrl Pts',(9.00883475975908,24.1464092084669,-22.7863897910593));
#4944=CARTESIAN_POINT('Ctrl Pts',(8.98259043566095,24.526476506396,-23.0931414872803));
#4945=CARTESIAN_POINT('Ctrl Pts',(8.95021546179036,24.906688527199,-23.3993995213995));
#4946=CARTESIAN_POINT('Ctrl Pts',(8.91170574011549,25.2869555823611,-23.7051877211272));
#4947=CARTESIAN_POINT('Ctrl Pts',(8.91170569413285,25.2869560364201,-23.7051880862544));
#4948=CARTESIAN_POINT('Ctrl Pts',(8.91170564815021,25.286956490479,-23.7051884513817));
#4949=CARTESIAN_POINT('Ctrl Pts',(8.91170560216755,25.2869569445379,-23.7051888165089));
#4950=CARTESIAN_POINT('Ctrl Pts',(8.85708030748204,25.8263581956314,-24.1389432914211));
#4951=CARTESIAN_POINT('Ctrl Pts',(8.79012083551667,26.3658427303278,-24.5717746263421));
#4952=CARTESIAN_POINT('Ctrl Pts',(8.71091972376401,26.9050658356256,-25.003787383164));
#4953=CARTESIAN_POINT('Ctrl Pts',(8.65607100068275,27.2784911339202,-25.3029668712057));
#4954=CARTESIAN_POINT('Ctrl Pts',(8.59535062136871,27.6517918740975,-25.6017534856063));
#4955=CARTESIAN_POINT('Ctrl Pts',(8.52877964822472,28.024863546537,-25.9001773678655));
#4956=CARTESIAN_POINT('Ctrl Pts',(8.42444913551483,28.6095441817286,-26.3678694440148));
#4957=CARTESIAN_POINT('Ctrl Pts',(8.30590814457961,29.1927671309906,-26.8339590505064));
#4958=CARTESIAN_POINT('Ctrl Pts',(8.17338702169449,29.7739936587225,-27.2984890648753));
#4959=CARTESIAN_POINT('Ctrl Pts',(8.09664362751954,30.1105837475443,-27.5674998400837));
#4960=CARTESIAN_POINT('Ctrl Pts',(8.01521152118346,30.4465051694186,-27.8359872456321));
#4961=CARTESIAN_POINT('Ctrl Pts',(7.92913258143544,30.7816600824277,-28.103956524095));
#4962=CARTESIAN_POINT('Ctrl Pts',(7.77810288196615,31.3697057290818,-28.5741216970366));
#4963=CARTESIAN_POINT('Ctrl Pts',(7.61276010885173,31.9554190816857,-29.0426984777887));
#4964=CARTESIAN_POINT('Ctrl Pts',(7.43333589423468,32.5382462785616,-29.5097214165797));
#4965=CARTESIAN_POINT('Ctrl Pts',(7.24837063638559,33.1390725548906,-29.9911671260081));
#4966=CARTESIAN_POINT('Ctrl Pts',(7.04844093343116,33.7368316374706,-30.4709617720535));
#4967=CARTESIAN_POINT('Ctrl Pts',(6.83377310629269,34.3309620835578,-30.9491205855218));
#4968=CARTESIAN_POINT('Ctrl Pts',(6.61910527915421,34.925092529645,-31.4272793989901));
#4969=CARTESIAN_POINT('Ctrl Pts',(6.38969935036909,35.5155945446928,-31.9038024845993));
#4970=CARTESIAN_POINT('Ctrl Pts',(6.1457534208977,36.1019495995363,-32.3786803952973));
#4971=CARTESIAN_POINT('Ctrl Pts',(8.9752114816547,16.95410532174,-22.2396108770523));
#4972=CARTESIAN_POINT('Ctrl Pts',(9.15549259613252,17.5369216785674,-21.6401709378863));
#4973=CARTESIAN_POINT('Ctrl Pts',(9.23646442332099,18.1583882879108,-21.0525481958241));
#4974=CARTESIAN_POINT('Ctrl Pts',(9.20206620540005,19.2072673766758,-20.1258748405236));
#4975=CARTESIAN_POINT('Ctrl Pts',(9.14756782371659,19.6208715462236,-19.7758870131656));
#4976=CARTESIAN_POINT('Ctrl Pts',(9.05222223523492,20.0348104399664,-19.4379235132796));
#4977=CARTESIAN_POINT('Ctrl Pts',(6.14575671667747,36.1019497837793,-32.37867966));
#4978=CARTESIAN_POINT('Ctrl Pts',(6.46641859387653,35.477054736668,-32.9408991411272));
#4979=CARTESIAN_POINT('Ctrl Pts',(6.72252510746279,34.8361489626337,-33.5225205566409));
#4980=CARTESIAN_POINT('Ctrl Pts',(7.20981210802121,33.163027354369,-35.0659200450499));
#4981=CARTESIAN_POINT('Ctrl Pts',(7.33750164613519,32.1272080146575,-36.0460599672837));
#4982=CARTESIAN_POINT('Ctrl Pts',(7.28969918021332,31.1118138584113,-37.0455844143628));
#4983=CARTESIAN_POINT('Origin',(0.,0.,-20.8387671951659));
#4984=CARTESIAN_POINT('',(7.82624187417449,20.5447388615282,-19.4379235132796));
#4985=CARTESIAN_POINT('Origin',(0.,0.,-19.4379235132796));
#4986=CARTESIAN_POINT('Ctrl Pts',(7.82624187417449,20.5447388615282,-19.4379235132796));
#4987=CARTESIAN_POINT('Ctrl Pts',(7.45804101948716,20.3260879180001,-19.773324240568));
#4988=CARTESIAN_POINT('Ctrl Pts',(7.12078439916714,20.0760172539148,-20.1222782034178));
#4989=CARTESIAN_POINT('Ctrl Pts',(6.3430116875583,19.363862408529,-21.0488761473963));
#4990=CARTESIAN_POINT('Ctrl Pts',(5.95805733345275,18.8662855774369,-21.6384315469652));
#4991=CARTESIAN_POINT('Ctrl Pts',(5.67330109994003,18.3251129063506,-22.2396108770523));
#4992=CARTESIAN_POINT('Origin',(0.,0.,-34.7121320371814));
#4993=CARTESIAN_POINT('',(3.95848811255876,36.4067504135406,-32.37867966));
#4994=CARTESIAN_POINT('Ctrl Pts',(1.39281520033213,31.9240464464666,-37.0455844143628));
#4995=CARTESIAN_POINT('Ctrl Pts',(1.61138592164516,32.8498196557773,-36.1111640846358));
#4996=CARTESIAN_POINT('Ctrl Pts',(1.98764400757051,33.7509928705256,-35.1937315663017));
#4997=CARTESIAN_POINT('Ctrl Pts',(2.91466100929055,35.2402618317434,-33.6411555767006));
#4998=CARTESIAN_POINT('Ctrl Pts',(3.39751153594221,35.8466681310968,-32.9961176650155));
#4999=CARTESIAN_POINT('Ctrl Pts',(3.95848811255877,36.4067504135406,-32.37867966));
#5000=CARTESIAN_POINT('Origin',(0.,0.,-32.37867966));
#5001=CARTESIAN_POINT('Origin',(0.,0.,-25.9083015866398));
#5002=CARTESIAN_POINT('Ctrl Pts',(3.95848796245101,36.4067507781813,-32.3786800178939));
#5003=CARTESIAN_POINT('Ctrl Pts',(4.28658137681576,35.7083511577628,-31.7961656355429));
#5004=CARTESIAN_POINT('Ctrl Pts',(4.59513661126336,35.0031320873342,-31.2116546528324));
#5005=CARTESIAN_POINT('Ctrl Pts',(4.88367636273522,34.2918961020553,-30.6250760385325));
#5006=CARTESIAN_POINT('Ctrl Pts',(5.16358499879121,33.6019353824738,-30.0560438028326));
#5007=CARTESIAN_POINT('Ctrl Pts',(5.42465752154471,32.90631216851,-29.4850656569671));
#5008=CARTESIAN_POINT('Ctrl Pts',(5.66643839740454,32.2057931902115,-28.9121058664278));
#5009=CARTESIAN_POINT('Ctrl Pts',(5.7907701852425,31.8455629748294,-28.6174708384767));
#5010=CARTESIAN_POINT('Ctrl Pts',(5.91000025718752,31.484038718756,-28.3223122825995));
#5011=CARTESIAN_POINT('Ctrl Pts',(6.02406480682474,31.121328557896,-28.0266286338666));
#5012=CARTESIAN_POINT('Ctrl Pts',(6.22120462316264,30.4944500516182,-27.515593256173));
#5013=CARTESIAN_POINT('Ctrl Pts',(6.40291211226869,29.8640543619108,-27.0030050496118));
#5014=CARTESIAN_POINT('Ctrl Pts',(6.56887691294382,29.2306553519996,-26.4887819460276));
#5015=CARTESIAN_POINT('Ctrl Pts',(6.6404526438919,28.9574890123193,-26.2670126650733));
#5016=CARTESIAN_POINT('Ctrl Pts',(6.70909989092823,28.6837644344019,-26.0449396189852));
#5017=CARTESIAN_POINT('Ctrl Pts',(6.77479180816061,28.4095245950129,-25.8225577053637));
#5018=CARTESIAN_POINT('Ctrl Pts',(6.897783530608,27.8960789287701,-25.4062030646443));
#5019=CARTESIAN_POINT('Ctrl Pts',(7.01019685444432,27.3817529352633,-24.9895167509438));
#5020=CARTESIAN_POINT('Ctrl Pts',(7.11200844653284,26.8666544724031,-24.5722965172921));
#5021=CARTESIAN_POINT('Ctrl Pts',(7.18887074732192,26.4777827125554,-24.2573175798609));
#5022=CARTESIAN_POINT('Ctrl Pts',(7.25968964353945,26.0884707159132,-23.9420346779908));
#5023=CARTESIAN_POINT('Ctrl Pts',(7.32443678965699,25.6987676003241,-23.6263675054005));
#5024=CARTESIAN_POINT('Ctrl Pts',(7.40486450211115,25.214685567331,-23.2342515572748));
#5025=CARTESIAN_POINT('Ctrl Pts',(7.47590080641516,24.7300068582679,-22.8415787780917));
#5026=CARTESIAN_POINT('Ctrl Pts',(7.53758441941055,24.2448186156799,-22.4481579256068));
#5027=CARTESIAN_POINT('Ctrl Pts',(7.599401110142,23.7585836161049,-22.0538882973479));
#5028=CARTESIAN_POINT('Ctrl Pts',(7.65182459144986,23.2718366732019,-21.6588671933132));
#5029=CARTESIAN_POINT('Ctrl Pts',(7.69485252531399,22.7846574284973,-21.2629334335135));
#5030=CARTESIAN_POINT('Ctrl Pts',(7.7380063913062,22.2960523305497,-20.8658408734537));
#5031=CARTESIAN_POINT('Ctrl Pts',(7.77170947999088,21.8070122106967,-20.4678301209776));
#5032=CARTESIAN_POINT('Ctrl Pts',(7.7959199607015,21.3176122758025,-20.0687727254259));
#5033=CARTESIAN_POINT('Ctrl Pts',(7.8086598160774,21.0600839571357,-19.8587837720145));
#5034=CARTESIAN_POINT('Ctrl Pts',(7.81877052848172,20.8024559377946,-19.6485055897061));
#5035=CARTESIAN_POINT('Ctrl Pts',(7.82624187624362,20.544738860241,-19.4379235139931));
#5036=CARTESIAN_POINT('Ctrl Pts',(1.38570219053997,31.8932030131366,-37.0764322300471));
#5037=CARTESIAN_POINT('Ctrl Pts',(2.26659304835426,30.4256818184216,-35.3988315720548));
#5038=CARTESIAN_POINT('Ctrl Pts',(3.76648981566316,27.4069877417768,-32.0406084732934));
#5039=CARTESIAN_POINT('Ctrl Pts',(5.18109965841668,22.8057970954055,-27.0782327978416));
#5040=CARTESIAN_POINT('Ctrl Pts',(5.59222631059518,19.7455762054995,-23.8033483099717));
#5041=CARTESIAN_POINT('Ctrl Pts',(5.6677233943875,18.2593836143119,-22.2029419663476));
#5042=CARTESIAN_POINT('Ctrl Pts',(1.76068418369436,33.5327261347722,-35.4366773230767));
#5043=CARTESIAN_POINT('Ctrl Pts',(2.65688730535402,31.9737734407685,-33.8264314236162));
#5044=CARTESIAN_POINT('Ctrl Pts',(4.18065663009392,28.7785053174128,-30.6091176538414));
#5045=CARTESIAN_POINT('Ctrl Pts',(5.62229183860847,23.9309299415819,-25.8685745959458));
#5046=CARTESIAN_POINT('Ctrl Pts',(6.0489076457671,20.7141873234781,-22.7457519832462));
#5047=CARTESIAN_POINT('Ctrl Pts',(6.1329192913355,19.1516752533181,-21.2203607374573));
#5048=CARTESIAN_POINT('Ctrl Pts',(2.62694350140251,35.1151310107781,-33.8538604683108));
#5049=CARTESIAN_POINT('Ctrl Pts',(3.51443214411146,33.4530718929762,-32.3042861474663));
#5050=CARTESIAN_POINT('Ctrl Pts',(5.01278431495489,30.0617015144098,-29.2167768569284));
#5051=CARTESIAN_POINT('Ctrl Pts',(6.40825999666742,24.9512088827315,-24.6902558604368));
#5052=CARTESIAN_POINT('Ctrl Pts',(6.80372438986807,21.5747201459992,-21.7199597624696));
#5053=CARTESIAN_POINT('Ctrl Pts',(6.87386891946085,19.9359803402378,-20.271396768509));
#5054=CARTESIAN_POINT('Ctrl Pts',(3.9107611759159,36.5057544385374,-32.4626799279015));
#5055=CARTESIAN_POINT('Ctrl Pts',(4.76614132079336,34.7373643183424,-30.9616567341465));
#5056=CARTESIAN_POINT('Ctrl Pts',(6.19199065098175,31.1474995111087,-27.9821775322761));
#5057=CARTESIAN_POINT('Ctrl Pts',(7.47219458694546,25.7796813137935,-23.6434529341996));
#5058=CARTESIAN_POINT('Ctrl Pts',(7.79210962546264,22.2540139109122,-20.8133120147392));
#5059=CARTESIAN_POINT('Ctrl Pts',(7.82751720896808,20.5455542407268,-19.4368072216958));
#5060=CARTESIAN_POINT('Origin',(0.,0.,-25.9083015866398));
#5061=CARTESIAN_POINT('',(22.2985722438584,29.0498671201184,-32.37867966));
#5062=CARTESIAN_POINT('',(17.3616094920883,13.4874338777137,-19.4379235132796));
#5063=CARTESIAN_POINT('Ctrl Pts',(22.2985723054762,29.0498675101724,-32.3786800187437));
#5064=CARTESIAN_POINT('Ctrl Pts',(22.2160215333661,28.2826420806547,-31.7961450137864));
#5065=CARTESIAN_POINT('Ctrl Pts',(22.1132323102008,27.519742084129,-31.2116133895032));
#5066=CARTESIAN_POINT('Ctrl Pts',(21.9902137668069,26.7621012584525,-30.625014019783));
#5067=CARTESIAN_POINT('Ctrl Pts',(21.8708753785565,26.0271255993811,-30.0559630344615));
#5068=CARTESIAN_POINT('Ctrl Pts',(21.7324996733482,25.2970991047174,-29.484966041273));
#5069=CARTESIAN_POINT('Ctrl Pts',(21.5750957793948,24.5729136004749,-28.9119872177981));
#5070=CARTESIAN_POINT('Ctrl Pts',(21.494167059012,24.200575885657,-28.6173919455622));
#5071=CARTESIAN_POINT('Ctrl Pts',(21.4082083267263,23.8297828723805,-28.3222732724172));
#5072=CARTESIAN_POINT('Ctrl Pts',(21.3172212448853,23.460660047382,-28.0266296219363));
#5073=CARTESIAN_POINT('Ctrl Pts',(21.159947845411,22.8226222035857,-27.5156023309914));
#5074=CARTESIAN_POINT('Ctrl Pts',(20.9876617372273,22.1895973742442,-27.0030221806843));
#5075=CARTESIAN_POINT('Ctrl Pts',(20.8003647417378,21.5621858899282,-26.4888071413314));
#5076=CARTESIAN_POINT('Ctrl Pts',(20.7195848513947,21.2915876842785,-26.2670297744114));
#5077=CARTESIAN_POINT('Ctrl Pts',(20.6360125481193,21.0220341724977,-26.0449486121591));
#5078=CARTESIAN_POINT('Ctrl Pts',(20.5496472246503,20.7535760328077,-25.8225585545151));
#5079=CARTESIAN_POINT('Ctrl Pts',(20.387956192053,20.2509753121465,-25.4062053630311));
#5080=CARTESIAN_POINT('Ctrl Pts',(20.2167694222744,19.7531187534087,-24.989520482388));
#5081=CARTESIAN_POINT('Ctrl Pts',(20.036123022834,19.2601106606724,-24.572301687627));
#5082=CARTESIAN_POINT('Ctrl Pts',(19.8997434997236,18.8879127713968,-24.2573211486378));
#5083=CARTESIAN_POINT('Ctrl Pts',(19.7579715757566,18.5184788322558,-23.9420366433415));
#5084=CARTESIAN_POINT('Ctrl Pts',(19.610808554118,18.1518655506708,-23.6263678730515));
#5085=CARTESIAN_POINT('Ctrl Pts',(19.4280058210259,17.696466435354,-23.2342509314565));
#5086=CARTESIAN_POINT('Ctrl Pts',(19.2368688165964,17.2454371937594,-22.841577170841));
#5087=CARTESIAN_POINT('Ctrl Pts',(19.0374759077138,16.7988321455952,-22.4481553456415));
#5088=CARTESIAN_POINT('Ctrl Pts',(18.8376527111854,16.3512633287805,-22.053884520586));
#5089=CARTESIAN_POINT('Ctrl Pts',(18.6295377291383,15.9081377041653,-21.65886222766));
#5090=CARTESIAN_POINT('Ctrl Pts',(18.4131703530784,15.4695245132321,-21.2629272835259));
#5091=CARTESIAN_POINT('Ctrl Pts',(18.1961695689231,15.0296272971797,-20.8658332533808));
#5092=CARTESIAN_POINT('Ctrl Pts',(17.9708677759304,14.5942688938623,-20.4678210340923));
#5093=CARTESIAN_POINT('Ctrl Pts',(17.7372683182585,14.1635352746388,-20.0687621717075));
#5094=CARTESIAN_POINT('Ctrl Pts',(17.614347889053,13.9368825166407,-19.8587767242605));
#5095=CARTESIAN_POINT('Ctrl Pts',(17.4891293481732,13.7115105835981,-19.6485020597122));
#5096=CARTESIAN_POINT('Ctrl Pts',(17.3616094931874,13.4874338755389,-19.4379235139931));
#5097=CARTESIAN_POINT('',(18.1441602786608,12.4147414207359,-19.4379235132796));
#5098=CARTESIAN_POINT('Origin',(0.,0.,-19.4379235132796));
#5099=CARTESIAN_POINT('',(24.0090474669881,27.6529698864159,-32.37867966));
#5100=CARTESIAN_POINT('Ctrl Pts',(18.1441590147553,12.4147426607625,-19.4379240425252));
#5101=CARTESIAN_POINT('Ctrl Pts',(18.3979147705778,12.7896592082048,-19.8102718079647));
#5102=CARTESIAN_POINT('Ctrl Pts',(18.6444837276904,13.16998750494,-20.181702769353));
#5103=CARTESIAN_POINT('Ctrl Pts',(18.8837955645623,13.5554571842718,-20.552298374772));
#5104=CARTESIAN_POINT('Ctrl Pts',(19.1244270741872,13.9430525162231,-20.9249376104987));
#5105=CARTESIAN_POINT('Ctrl Pts',(19.3577213958193,14.3358462057786,-21.2967324276922));
#5106=CARTESIAN_POINT('Ctrl Pts',(19.5836041449526,14.7336150644898,-21.667753869315));
#5107=CARTESIAN_POINT('Ctrl Pts',(19.8110826876424,15.1341940403267,-22.0413964656217));
#5108=CARTESIAN_POINT('Ctrl Pts',(20.0310447576231,15.5398188321031,-22.4142549005626));
#5109=CARTESIAN_POINT('Ctrl Pts',(20.2434085718394,15.9503121292248,-22.7863871395176));
#5110=CARTESIAN_POINT('Ctrl Pts',(20.4184623450955,16.2886861635332,-23.0931397415074));
#5111=CARTESIAN_POINT('Ctrl Pts',(20.588353132729,16.6303692519676,-23.3993986746689));
#5112=CARTESIAN_POINT('Ctrl Pts',(20.7530308279648,16.9752868836778,-23.7051877648404));
#5113=CARTESIAN_POINT('Ctrl Pts',(20.7530310245981,16.9752872955264,-23.7051881299676));
#5114=CARTESIAN_POINT('Ctrl Pts',(20.7530312212314,16.9752877073751,-23.7051884950948));
#5115=CARTESIAN_POINT('Ctrl Pts',(20.7530314178646,16.9752881192237,-23.7051888602221));
#5116=CARTESIAN_POINT('Ctrl Pts',(20.9866228094242,17.4645456191298,-24.1389434384149));
#5117=CARTESIAN_POINT('Ctrl Pts',(21.2097188894171,17.9602828926976,-24.5717748643866));
#5118=CARTESIAN_POINT('Ctrl Pts',(21.4222196246431,18.4621573375484,-25.0037877081483));
#5119=CARTESIAN_POINT('Ctrl Pts',(21.5693815282861,18.8097175406485,-25.3029670611921));
#5120=CARTESIAN_POINT('Ctrl Pts',(21.7114618556216,19.1602221247772,-25.601753539133));
#5121=CARTESIAN_POINT('Ctrl Pts',(21.8484243040543,19.5135708540643,-25.9001772860793));
#5122=CARTESIAN_POINT('Ctrl Pts',(22.0630731356109,20.0673422909901,-26.3678697764205));
#5123=CARTESIAN_POINT('Ctrl Pts',(22.2648228390892,20.6272517828154,-26.8339597962505));
#5124=CARTESIAN_POINT('Ctrl Pts',(22.4535903186984,21.1927193480792,-27.2984902332063));
#5125=CARTESIAN_POINT('Ctrl Pts',(22.5629058686495,21.5201825213141,-27.5675005536811));
#5126=CARTESIAN_POINT('Ctrl Pts',(22.6678678795068,21.8495105432781,-27.8359875103113));
#5127=CARTESIAN_POINT('Ctrl Pts',(22.7684612982625,22.1805980589415,-28.1039563475391));
#5128=CARTESIAN_POINT('Ctrl Pts',(22.9449579331409,22.7615091472385,-28.5741222749729));
#5129=CARTESIAN_POINT('Ctrl Pts',(23.1080133463001,23.3478643374542,-29.042699823488));
#5130=CARTESIAN_POINT('Ctrl Pts',(23.2575376652929,23.9390700518737,-29.5097235314996));
#5131=CARTESIAN_POINT('Ctrl Pts',(23.4116792808342,24.5485321417316,-29.9911688865693));
#5132=CARTESIAN_POINT('Ctrl Pts',(23.5514413485568,25.1631488446443,-30.4709631876656));
#5133=CARTESIAN_POINT('Ctrl Pts',(23.6767255193144,25.7823228698693,-30.949121652804));
#5134=CARTESIAN_POINT('Ctrl Pts',(23.802009690072,26.4014968950943,-31.4272801179425));
#5135=CARTESIAN_POINT('Ctrl Pts',(23.9128160898736,27.0252284064642,-31.903802851842));
#5136=CARTESIAN_POINT('Ctrl Pts',(24.0090445552322,27.6529714416626,-32.3786803951042));
#5137=CARTESIAN_POINT('Origin',(0.,0.,-32.37867966));
#5138=CARTESIAN_POINT('Origin',(0.,0.,-34.7121320371814));
#5139=CARTESIAN_POINT('Ctrl Pts',(17.7772704878809,26.5528403320465,-37.0455844143628));
#5140=CARTESIAN_POINT('Ctrl Pts',(18.4925566054787,27.2784789819007,-36.0446710381612));
#5141=CARTESIAN_POINT('Ctrl Pts',(19.3476163712015,27.8858549134715,-35.0635614662595));
#5142=CARTESIAN_POINT('Ctrl Pts',(20.9381063326702,28.6452426724553,-33.5198030225027));
#5143=CARTESIAN_POINT('Ctrl Pts',(21.6010724716349,28.880480417312,-32.9377504437338));
#5144=CARTESIAN_POINT('Ctrl Pts',(22.2985722438584,29.0498671201184,-32.37867966));
#5145=CARTESIAN_POINT('Ctrl Pts',(24.0090474669881,27.6529698864159,-32.37867966));
#5146=CARTESIAN_POINT('Ctrl Pts',(23.9583417602296,26.9524366675781,-32.9408991411272));
#5147=CARTESIAN_POINT('Ctrl Pts',(23.8441597813952,26.2717655037984,-33.5225205566409));
#5148=CARTESIAN_POINT('Ctrl Pts',(23.3911801161437,24.5890314309799,-35.0659200450499));
#5149=CARTESIAN_POINT('Ctrl Pts',(22.9620854312155,23.6376618529344,-36.0460599672837));
#5150=CARTESIAN_POINT('Ctrl Pts',(22.3936595702014,22.7949267766396,-37.0455844143628));
#5151=CARTESIAN_POINT('Origin',(0.,0.,-20.8387671951659));
#5152=CARTESIAN_POINT('Ctrl Pts',(17.3616094920883,13.4874338777137,-19.4379235132796));
#5153=CARTESIAN_POINT('Ctrl Pts',(16.9334040161555,13.4919255232258,-19.773324240568));
#5154=CARTESIAN_POINT('Ctrl Pts',(16.5153127120089,13.453493422285,-20.1222782034178));
#5155=CARTESIAN_POINT('Ctrl Pts',(15.4807443872811,13.249132721073,-21.0488761473963));
#5156=CARTESIAN_POINT('Ctrl Pts',(14.8932989819237,13.0240095252247,-21.6384315469652));
#5157=CARTESIAN_POINT('Ctrl Pts',(14.3688130963507,12.7095758624441,-22.2396108770523));
#5158=CARTESIAN_POINT('Ctrl Pts',(16.4776758622207,9.822540739578,-22.2396108770523));
#5159=CARTESIAN_POINT('Ctrl Pts',(16.9345335695294,10.2268391705613,-21.6401709378863));
#5160=CARTESIAN_POINT('Ctrl Pts',(17.3266215455986,10.7157606390498,-21.0525481958241));
#5161=CARTESIAN_POINT('Ctrl Pts',(17.8422117807752,11.6298160474552,-20.1258748405236));
#5162=CARTESIAN_POINT('Ctrl Pts',(18.0105493941133,12.0115239601438,-19.7758870131656));
#5163=CARTESIAN_POINT('Ctrl Pts',(18.1441602786608,12.4147414207359,-19.4379235132796));
#5164=CARTESIAN_POINT('Ctrl Pts',(24.0310303772157,27.8361457987261,-32.4087391998925));
#5165=CARTESIAN_POINT('Ctrl Pts',(23.7423679403349,25.8929850365864,-30.9797508521067));
#5166=CARTESIAN_POINT('Ctrl Pts',(22.8938485321538,22.1149158130993,-28.0990265202552));
#5167=CARTESIAN_POINT('Ctrl Pts',(20.8941758621176,16.953254872639,-23.7692776528847));
#5168=CARTESIAN_POINT('Ctrl Pts',(19.1219774382723,13.8712890545532,-20.852034947955));
#5169=CARTESIAN_POINT('Ctrl Pts',(18.1574161217986,12.4537098366901,-19.4078186421945));
#5170=CARTESIAN_POINT('Ctrl Pts',(23.9001632951851,25.9313135331526,-33.8041193276389));
#5171=CARTESIAN_POINT('Ctrl Pts',(23.572468430091,24.0731689656629,-32.3033833641404));
#5172=CARTESIAN_POINT('Ctrl Pts',(22.653802464396,20.4705460072252,-29.2834052984988));
#5173=CARTESIAN_POINT('Ctrl Pts',(20.5739323715433,15.5831699493218,-24.7641345794042));
#5174=CARTESIAN_POINT('Ctrl Pts',(18.7682899491453,12.6919352612666,-21.7361600591154));
#5175=CARTESIAN_POINT('Ctrl Pts',(17.7920424724067,11.3698933296282,-20.2421985135922));
#5176=CARTESIAN_POINT('Ctrl Pts',(23.3382209641262,24.2011774170727,-35.3954751753266));
#5177=CARTESIAN_POINT('Ctrl Pts',(22.9983714765021,22.4316149840104,-33.8182805942314));
#5178=CARTESIAN_POINT('Ctrl Pts',(22.0617158003581,19.0074624248831,-30.6467154600561));
#5179=CARTESIAN_POINT('Ctrl Pts',(19.9716483156933,14.3902579345137,-25.9115776789544));
#5180=CARTESIAN_POINT('Ctrl Pts',(18.1731276386271,11.6829040785683,-22.7502806716717));
#5181=CARTESIAN_POINT('Ctrl Pts',(17.2039374480279,10.4527329729831,-21.194348301879));
#5182=CARTESIAN_POINT('Ctrl Pts',(22.393659570184,22.7949267766206,-37.045584414406));
#5183=CARTESIAN_POINT('Ctrl Pts',(22.0697471928936,21.1099209475455,-35.3938451469118));
#5184=CARTESIAN_POINT('Ctrl Pts',(21.1686863232823,17.8518169985474,-32.0714126771071));
#5185=CARTESIAN_POINT('Ctrl Pts',(19.1392161797009,13.4773779124964,-27.1126449175274));
#5186=CARTESIAN_POINT('Ctrl Pts',(17.3881040467072,10.9312406161293,-23.8070283146512));
#5187=CARTESIAN_POINT('Ctrl Pts',(16.443813239147,9.78131533936219,-22.1821643020497));
#5188=CARTESIAN_POINT('Ctrl Pts',(17.7551673553297,26.5301830270737,-37.0764320706371));
#5189=CARTESIAN_POINT('Ctrl Pts',(17.7453171350808,24.818607681908,-35.3988314191964));
#5190=CARTESIAN_POINT('Ctrl Pts',(17.4583910909101,21.460054542341,-32.0406080825221));
#5191=CARTESIAN_POINT('Ctrl Pts',(16.2763562836709,16.793699426422,-27.0782323532486));
#5192=CARTESIAN_POINT('Ctrl Pts',(15.0375912418312,13.9653724853647,-23.8033482071565));
#5193=CARTESIAN_POINT('Ctrl Pts',(14.329895595015,12.6563136167808,-22.2029418708252));
#5194=CARTESIAN_POINT('Ctrl Pts',(18.9274291333253,27.7361887127358,-35.4366772203887));
#5195=CARTESIAN_POINT('Ctrl Pts',(18.8831556682816,25.9385365167978,-33.8264313248632));
#5196=CARTESIAN_POINT('Ctrl Pts',(18.5248817587317,22.4167112935622,-30.6091173119168));
#5197=CARTESIAN_POINT('Ctrl Pts',(17.2379203963049,17.5257983463029,-25.8685741925122));
#5198=CARTESIAN_POINT('Ctrl Pts',(15.9310634107796,14.555688293088,-22.7457519167023));
#5199=CARTESIAN_POINT('Ctrl Pts',(15.1909883942546,13.1769965540793,-21.2203606758921));
#5200=CARTESIAN_POINT('Ctrl Pts',(20.4897700377977,28.6381316647095,-33.8538604232293));
#5201=CARTESIAN_POINT('Ctrl Pts',(20.3844783111435,26.7569112459624,-32.3042861039581));
#5202=CARTESIAN_POINT('Ctrl Pts',(19.902598655127,23.0807398233337,-29.2167784655124));
#5203=CARTESIAN_POINT('Ctrl Pts',(18.4395899649615,17.9891671085099,-24.6902560071642));
#5204=CARTESIAN_POINT('Ctrl Pts',(17.0231124950603,14.898753549128,-21.7199597330894));
#5205=CARTESIAN_POINT('Ctrl Pts',(16.2315824387737,13.4621364869781,-20.2713967414639));
#5206=CARTESIAN_POINT('Ctrl Pts',(22.3092343254484,29.1592562304679,-32.4626799279015));
#5207=CARTESIAN_POINT('Ctrl Pts',(22.121260595641,27.2038676025076,-30.9616567341465));
#5208=CARTESIAN_POINT('Ctrl Pts',(21.4742985917265,23.3957700049426,-27.9821791808677));
#5209=CARTESIAN_POINT('Ctrl Pts',(19.7790972588828,18.1442266877203,-23.6434531148489));
#5210=CARTESIAN_POINT('Ctrl Pts',(18.220558118324,14.9656062162238,-20.8133120147392));
#5211=CARTESIAN_POINT('Ctrl Pts',(17.363122820828,13.4874679100334,-19.4368072216958));
#5212=CARTESIAN_POINT('Ctrl Pts',(24.2545153051097,20.7560850494498,-37.0764320706371));
#5213=CARTESIAN_POINT('Ctrl Pts',(23.7832528560301,19.1106371186099,-35.3988314191964));
#5214=CARTESIAN_POINT('Ctrl Pts',(22.6008404653309,15.9540398442046,-32.0406081427995));
#5215=CARTESIAN_POINT('Ctrl Pts',(20.2036711873427,11.7796349926741,-27.0782324308882));
#5216=CARTESIAN_POINT('Ctrl Pts',(18.2477689713857,9.39040502738376,-23.8033482071565));
#5217=CARTESIAN_POINT('Ctrl Pts',(17.2131367428872,8.32082361314125,-22.2029418708252));
#5218=CARTESIAN_POINT('Ctrl Pts',(25.7086828764273,21.6010963301596,-35.4366772203887));
#5219=CARTESIAN_POINT('Ctrl Pts',(25.1810504334386,19.8820507919689,-33.8264313248632));
#5220=CARTESIAN_POINT('Ctrl Pts',(23.8858856687565,16.5874854293661,-30.6091173721942));
#5221=CARTESIAN_POINT('Ctrl Pts',(21.3270958190426,12.2251588058268,-25.8685742701518));
#5222=CARTESIAN_POINT('Ctrl Pts',(19.2673740675169,9.71777441733422,-22.7457519167023));
#5223=CARTESIAN_POINT('Ctrl Pts',(18.1827764605653,8.58987815779157,-21.2203606758921));
#5224=CARTESIAN_POINT('Ctrl Pts',(27.4564292382847,22.0480782593434,-33.8538604232293));
#5225=CARTESIAN_POINT('Ctrl Pts',(26.8474948196621,20.265025964701,-32.3042861039581));
#5226=CARTESIAN_POINT('Ctrl Pts',(25.3916651448308,16.8551863580733,-29.2167780774587));
#5227=CARTESIAN_POINT('Ctrl Pts',(22.6092190765319,12.3471383943609,-24.6902559591976));
#5228=CARTESIAN_POINT('Ctrl Pts',(20.4114849077789,9.7534865661797,-21.7199597330894));
#5229=CARTESIAN_POINT('Ctrl Pts',(19.261712288368,8.58369541519654,-20.2713967414639));
#5230=CARTESIAN_POINT('Ctrl Pts',(29.3490205797878,22.0589925225301,-32.4626799279015));
#5231=CARTESIAN_POINT('Ctrl Pts',(28.6404598876081,20.2268297145483,-30.9616567341465));
#5232=CARTESIAN_POINT('Ctrl Pts',(26.990076310121,16.7344947978586,-27.982178792814));
#5233=CARTESIAN_POINT('Ctrl Pts',(23.9408883801852,12.1350532009102,-23.6434530668823));
#5234=CARTESIAN_POINT('Ctrl Pts',(21.5825626328041,9.49479319223889,-20.8133120147392));
#5235=CARTESIAN_POINT('Ctrl Pts',(20.3581264197293,8.30280153885759,-19.4368072216958));
#5236=CARTESIAN_POINT('',(29.3092410483337,21.9565364523138,-32.37867966));
#5237=CARTESIAN_POINT('',(20.3566600275145,8.30317705975636,-19.4379235132796));
#5238=CARTESIAN_POINT('Ctrl Pts',(29.3092412127762,21.956536811193,-32.3786800185437));
#5239=CARTESIAN_POINT('Ctrl Pts',(29.0227590688593,21.2400400323341,-31.7961498238669));
#5240=CARTESIAN_POINT('Ctrl Pts',(28.7179562430218,20.5331683850504,-31.2116230140234));
#5241=CARTESIAN_POINT('Ctrl Pts',(28.3950934529383,19.8368185074019,-30.6250284851654));
#5242=CARTESIAN_POINT('Ctrl Pts',(28.0818890723609,19.161299869786,-30.0559818755714));
#5243=CARTESIAN_POINT('Ctrl Pts',(27.7516888531089,18.4956829144929,-29.4849892807931));
#5244=CARTESIAN_POINT('Ctrl Pts',(27.4047422029692,17.8408239245363,-28.9120148990463));
#5245=CARTESIAN_POINT('Ctrl Pts',(27.2263536668595,17.5041170085606,-28.6174103506322));
#5246=CARTESIAN_POINT('Ctrl Pts',(27.0435381223071,17.1702547718587,-28.3222823716741));
#5247=CARTESIAN_POINT('Ctrl Pts',(26.8563310310143,16.8393576122515,-28.0266293884442));
#5248=CARTESIAN_POINT('Ctrl Pts',(26.5327480176203,16.2674097266787,-27.5156002251163));
#5249=CARTESIAN_POINT('Ctrl Pts',(26.1960614180271,15.7043394175892,-27.0030182096822));
#5250=CARTESIAN_POINT('Ctrl Pts',(25.8464349511705,15.1507242587426,-26.4888013035542));
#5251=CARTESIAN_POINT('Ctrl Pts',(25.6956453097923,14.9119567763647,-26.2670258082298));
#5252=CARTESIAN_POINT('Ctrl Pts',(25.5424487027247,14.6749486031322,-26.0449465246002));
#5253=CARTESIAN_POINT('Ctrl Pts',(25.386858217384,14.4397486997571,-25.8225583520645));
#5254=CARTESIAN_POINT('Ctrl Pts',(25.0955628367376,13.9994091428,-25.4062048248663));
#5255=CARTESIAN_POINT('Ctrl Pts',(24.7964037960413,13.5661997519931,-24.9895196123828));
#5256=CARTESIAN_POINT('Ctrl Pts',(24.4894440026411,13.1402112165074,-24.572300484559));
#5257=CARTESIAN_POINT('Ctrl Pts',(24.2577042745673,12.8186105720628,-24.2573203167719));
#5258=CARTESIAN_POINT('Ctrl Pts',(24.0215178259069,12.5011262225036,-23.9420361831839));
#5259=CARTESIAN_POINT('Ctrl Pts',(23.7809012099387,12.1878124181316,-23.6263677833506));
#5260=CARTESIAN_POINT('Ctrl Pts',(23.4820122612372,11.7986205361596,-23.2342510719389));
#5261=CARTESIAN_POINT('Ctrl Pts',(23.1762770831133,11.4158850242493,-22.8415775388331));
#5262=CARTESIAN_POINT('Ctrl Pts',(22.8637857909349,11.0396370496471,-22.4481559391413));
#5263=CARTESIAN_POINT('Ctrl Pts',(22.5506201863948,10.6625771847084,-22.0538853908397));
#5264=CARTESIAN_POINT('Ctrl Pts',(22.2306690448817,10.2920328301869,-21.6588633728514));
#5265=CARTESIAN_POINT('Ctrl Pts',(21.9039889775599,9.92806003734852,-21.2629287025119));
#5266=CARTESIAN_POINT('Ctrl Pts',(21.5763526180679,9.56302178516083,-20.8658350106616));
#5267=CARTESIAN_POINT('Ctrl Pts',(21.2419476399085,9.20459360945476,-20.4678231288138));
#5268=CARTESIAN_POINT('Ctrl Pts',(20.9008004573185,8.85285739663082,-20.068764603669));
#5269=CARTESIAN_POINT('Ctrl Pts',(20.7212873912885,8.66777233886068,-19.858778348381));
#5270=CARTESIAN_POINT('Ctrl Pts',(20.5399069810735,8.48454064875409,-19.6485028732178));
#5271=CARTESIAN_POINT('Ctrl Pts',(20.356660027986,8.3031770573656,-19.4379235139931));
#5272=CARTESIAN_POINT('Ctrl Pts',(24.2819116612725,20.7719388062981,-37.0455844143628));
#5273=CARTESIAN_POINT('Ctrl Pts',(25.1664479940648,21.2776869216291,-36.0446710381612));
#5274=CARTESIAN_POINT('Ctrl Pts',(26.1536678894111,21.6318473421193,-35.0635614662595));
#5275=CARTESIAN_POINT('Ctrl Pts',(27.8900585340925,21.9339658868832,-33.5198030225027));
#5276=CARTESIAN_POINT('Ctrl Pts',(28.5919064742443,21.9816142543633,-32.9377504437339));
#5277=CARTESIAN_POINT('Ctrl Pts',(29.3092410483336,21.9565364523138,-32.37867966));
#5278=CARTESIAN_POINT('Ctrl Pts',(20.3566600275145,8.30317705975636,-19.4379235132796));
#5279=CARTESIAN_POINT('Ctrl Pts',(19.9455454036581,8.42303059766695,-19.773324240568));
#5280=CARTESIAN_POINT('Ctrl Pts',(19.532589202463,8.49882334718957,-20.1222782034178));
#5281=CARTESIAN_POINT('Ctrl Pts',(18.4812496203018,8.58116408869091,-21.0488761473963));
#5282=CARTESIAN_POINT('Ctrl Pts',(17.8548507727577,8.52287994522199,-21.6384315469652));
#5283=CARTESIAN_POINT('Ctrl Pts',(17.2649810596082,8.36161093405152,-22.2396108770523));
#5284=CARTESIAN_POINT('Ctrl Pts',(30.6499968409536,20.320411599378,-32.4087391998926));
#5285=CARTESIAN_POINT('Ctrl Pts',(29.8477802908087,18.5271887028425,-30.9797508521067));
#5286=CARTESIAN_POINT('Ctrl Pts',(28.0114153960198,15.1181482026862,-28.0990266234671));
#5287=CARTESIAN_POINT('Ctrl Pts',(24.6932963640493,10.6874007760012,-23.7692776031607));
#5288=CARTESIAN_POINT('Ctrl Pts',(22.1553116422912,8.19785625744428,-20.852034947955));
#5289=CARTESIAN_POINT('Ctrl Pts',(20.844060580113,7.09308025114653,-19.4078186421945));
#5290=CARTESIAN_POINT('Ctrl Pts',(30.0100650704741,18.521523197542,-33.8041193276389));
#5291=CARTESIAN_POINT('Ctrl Pts',(29.1932006152482,16.8206946876419,-32.3033833641404));
#5292=CARTESIAN_POINT('Ctrl Pts',(27.336625223403,13.5995197438272,-29.2834054017107));
#5293=CARTESIAN_POINT('Ctrl Pts',(24.0152838822928,9.45452297794542,-24.7641345296802));
#5294=CARTESIAN_POINT('Ctrl Pts',(21.4965539992117,7.15765984455447,-21.7361600591154));
#5295=CARTESIAN_POINT('Ctrl Pts',(20.1998257826401,6.1480312310555,-20.2421985135922));
#5296=CARTESIAN_POINT('Ctrl Pts',(29.0021759476244,17.0071554484,-35.3954751753266));
#5297=CARTESIAN_POINT('Ctrl Pts',(28.1975067700939,15.3949034850035,-33.8182805942314));
#5298=CARTESIAN_POINT('Ctrl Pts',(26.3717598700841,12.350434283156,-30.6467156341672));
#5299=CARTESIAN_POINT('Ctrl Pts',(23.1134907670246,8.46834158290933,-25.9115777274869));
#5300=CARTESIAN_POINT('Ctrl Pts',(20.6512285665471,6.34661914495349,-22.7502806716717));
#5301=CARTESIAN_POINT('Ctrl Pts',(19.3860823850336,5.42355050505047,-21.194348301879));
#5302=CARTESIAN_POINT('Ctrl Pts',(27.7132395702046,15.90789201061,-37.045584414406));
#5303=CARTESIAN_POINT('Ctrl Pts',(26.9467296104606,14.3727612820426,-35.3938451469118));
#5304=CARTESIAN_POINT('Ctrl Pts',(25.2000569438688,11.478579793556,-32.0714128512182));
#5305=CARTESIAN_POINT('Ctrl Pts',(22.0656353903396,7.81390113093251,-27.1126449660599));
#5306=CARTESIAN_POINT('Ctrl Pts',(19.6925194037488,5.83462623308529,-23.8070283146512));
#5307=CARTESIAN_POINT('Ctrl Pts',(18.4729993341218,4.98210991584107,-22.1821643020497));
#5308=CARTESIAN_POINT('',(20.8207827467957,7.05913327344119,-19.4379235132796));
#5309=CARTESIAN_POINT('',(30.5794088469742,20.1499592649888,-32.37867966));
#5310=CARTESIAN_POINT('Ctrl Pts',(20.8207818643144,7.05913480848186,-19.4379240425252));
#5311=CARTESIAN_POINT('Ctrl Pts',(21.1662790447211,7.35168603645779,-19.8102719183315));
#5312=CARTESIAN_POINT('Ctrl Pts',(21.5063159948698,7.65138730289942,-20.1817029878871));
#5313=CARTESIAN_POINT('Ctrl Pts',(21.8407520599684,7.95799724272707,-20.5522987004255));
#5314=CARTESIAN_POINT('Ctrl Pts',(22.1770323394385,8.26629795252992,-20.9249380261098));
#5315=CARTESIAN_POINT('Ctrl Pts',(22.5076500073726,8.58158379928906,-21.2967329322821));
#5316=CARTESIAN_POINT('Ctrl Pts',(22.8324732252457,8.90365994293238,-21.6677544630357));
#5317=CARTESIAN_POINT('Ctrl Pts',(23.1595911963954,9.22801143281104,-22.041397120687));
#5318=CARTESIAN_POINT('Ctrl Pts',(23.4808327683784,9.55924954730453,-22.4142556172459));
#5319=CARTESIAN_POINT('Ctrl Pts',(23.7960713562318,9.89722561912715,-22.7863879192041));
#5320=CARTESIAN_POINT('Ctrl Pts',(24.0559256409963,10.1758226367355,-23.0931402550195));
#5321=CARTESIAN_POINT('Ctrl Pts',(24.3117011786881,10.4589989501784,-23.3993989239698));
#5322=CARTESIAN_POINT('Ctrl Pts',(24.5633296198156,10.7466963323576,-23.7051877524336));
#5323=CARTESIAN_POINT('Ctrl Pts',(24.5633299202726,10.7466966758828,-23.7051881175609));
#5324=CARTESIAN_POINT('Ctrl Pts',(24.5633302207296,10.7466970194079,-23.7051884826881));
#5325=CARTESIAN_POINT('Ctrl Pts',(24.5633305211866,10.7466973629331,-23.7051888478153));
#5326=CARTESIAN_POINT('Ctrl Pts',(24.9202597701131,11.1547896198178,-24.1389433959071));
#5327=CARTESIAN_POINT('Ctrl Pts',(25.2688311328983,11.5719529694066,-24.5717747953237));
#5328=CARTESIAN_POINT('Ctrl Pts',(25.6088558498685,11.9978845009685,-25.0037876137166));
#5329=CARTESIAN_POINT('Ctrl Pts',(25.8443312429448,12.2928524542157,-25.3029670061195));
#5330=CARTESIAN_POINT('Ctrl Pts',(26.0757078840793,12.5920265991792,-25.6017535238396));
#5331=CARTESIAN_POINT('Ctrl Pts',(26.3029237725533,12.895320210748,-25.9001773102274));
#5332=CARTESIAN_POINT('Ctrl Pts',(26.6590185017979,13.3706446135376,-26.3678696803676));
#5333=CARTESIAN_POINT('Ctrl Pts',(27.0043484738122,13.8553595981516,-26.833959580233));
#5334=CARTESIAN_POINT('Ctrl Pts',(27.3386771935285,14.3489291076991,-27.2984898945247));
#5335=CARTESIAN_POINT('Ctrl Pts',(27.5322876370029,14.6347562173475,-27.567500346973));
#5336=CARTESIAN_POINT('Ctrl Pts',(27.7222091087748,14.9235535966286,-27.8359874338838));
#5337=CARTESIAN_POINT('Ctrl Pts',(27.9083986888194,15.2152238580704,-28.1039563991564));
#5338=CARTESIAN_POINT('Ctrl Pts',(28.2350781410839,15.7269747370767,-28.5741221021897));
#5339=CARTESIAN_POINT('Ctrl Pts',(28.5502836175198,16.2475942271413,-29.0426994224709));
#5340=CARTESIAN_POINT('Ctrl Pts',(28.8537684342576,16.7765350074667,-29.5097229018582));
#5341=CARTESIAN_POINT('Ctrl Pts',(29.1666250545789,17.321809814495,-29.9911683624331));
#5342=CARTESIAN_POINT('Ctrl Pts',(29.4670260496127,17.8759276462232,-30.4709627662818));
#5343=CARTESIAN_POINT('Ctrl Pts',(29.7547155708918,18.4383398921635,-30.9491213351488));
#5344=CARTESIAN_POINT('Ctrl Pts',(30.0424050921709,19.0007521381037,-31.4272799040158));
#5345=CARTESIAN_POINT('Ctrl Pts',(30.3173833052324,19.5714589220167,-31.9038027426195));
#5346=CARTESIAN_POINT('Ctrl Pts',(30.5794064627889,20.1499615480746,-32.3786803951605));
#5347=CARTESIAN_POINT('Ctrl Pts',(18.5167287191423,5.01267054001853,-22.2396108770523));
#5348=CARTESIAN_POINT('Ctrl Pts',(19.0657233146311,5.2787177541498,-21.6401709378863));
#5349=CARTESIAN_POINT('Ctrl Pts',(19.5751810384969,5.64372461835992,-21.0525481958241));
#5350=CARTESIAN_POINT('Ctrl Pts',(20.3182609869826,6.38477979201647,-20.1258748405237));
#5351=CARTESIAN_POINT('Ctrl Pts',(20.5833397473451,6.70691599531892,-19.7758870131656));
#5352=CARTESIAN_POINT('Ctrl Pts',(20.8207827467957,7.05913327344119,-19.4379235132796));
#5353=CARTESIAN_POINT('Ctrl Pts',(30.5794088469742,20.1499592649888,-32.37867966));
#5354=CARTESIAN_POINT('Ctrl Pts',(30.3415818448385,19.4890839541712,-32.9408991411272));
#5355=CARTESIAN_POINT('Ctrl Pts',(30.0479911613078,18.8644598527824,-33.5225205566409));
#5356=CARTESIAN_POINT('Ctrl Pts',(29.1578129912579,17.366338575141,-35.0659200450499));
#5357=CARTESIAN_POINT('Ctrl Pts',(28.4879538608977,16.5660167222985,-36.0460599672837));
#5358=CARTESIAN_POINT('Ctrl Pts',(27.7132395702266,15.9078920106236,-37.0455844143628));
#5359=CARTESIAN_POINT('Origin',(0.,0.,-20.8387671951659));
#5360=CARTESIAN_POINT('Origin',(0.,0.,-19.4379235132796));
#5361=CARTESIAN_POINT('Origin',(0.,0.,-34.7121320371814));
#5362=CARTESIAN_POINT('Origin',(0.,0.,-32.37867966));
#5363=CARTESIAN_POINT('Origin',(0.,0.,-25.9083015866398));
#5364=CARTESIAN_POINT('Origin',(0.,0.,-25.9083015866398));
#5365=CARTESIAN_POINT('',(34.14617752511,13.2347899203117,-32.37867966));
#5366=CARTESIAN_POINT('',(21.8419502142229,2.5031115837844,-19.4379235132796));
#5367=CARTESIAN_POINT('Ctrl Pts',(34.1461777800023,13.2347902214191,-32.3786800181604));
#5368=CARTESIAN_POINT('Ctrl Pts',(33.677018139158,12.6221648223778,-31.7961591171603));
#5369=CARTESIAN_POINT('Ctrl Pts',(33.192814466835,12.0237500221911,-31.2116416094883));
#5370=CARTESIAN_POINT('Ctrl Pts',(32.694059728019,11.4403388454299,-30.6250564340814));
#5371=CARTESIAN_POINT('Ctrl Pts',(32.21022465933,10.8743797380491,-30.056018274547));
#5372=CARTESIAN_POINT('Ctrl Pts',(31.7126958352389,10.3225401235016,-29.4850341738367));
#5373=CARTESIAN_POINT('Ctrl Pts',(31.2019444441573,9.78557722252066,-28.9120683698098));
#5374=CARTESIAN_POINT('Ctrl Pts',(30.9393130046487,9.50946766685465,-28.6174459046959));
#5375=CARTESIAN_POINT('Ctrl Pts',(30.6731857824525,9.23729217179358,-28.3222999517957));
#5376=CARTESIAN_POINT('Ctrl Pts',(30.403629423394,8.96915712454167,-28.026628942566));
#5377=CARTESIAN_POINT('Ctrl Pts',(29.9377327411092,8.50571701370447,-27.5155961376674));
#5378=CARTESIAN_POINT('Ctrl Pts',(29.4616134128435,8.05436077034886,-27.0030104944338));
#5379=CARTESIAN_POINT('Ctrl Pts',(28.9755849080066,7.6156003739474,-26.4887899569533));
#5380=CARTESIAN_POINT('Ctrl Pts',(28.7659716489702,7.42637279632476,-26.2670181027266));
#5381=CARTESIAN_POINT('Ctrl Pts',(28.5545154005249,7.23948860382238,-26.0449424738003));
#5382=CARTESIAN_POINT('Ctrl Pts',(28.3412419718901,7.05499140710071,-25.8225579685199));
#5383=CARTESIAN_POINT('Ctrl Pts',(27.9419457918398,6.70957085306125,-25.4062037886802));
#5384=CARTESIAN_POINT('Ctrl Pts',(27.5370012402555,6.37313767606865,-24.9895179308657));
#5385=CARTESIAN_POINT('Ctrl Pts',(27.1264933525962,6.04576222120567,-24.5722981551096));
#5386=CARTESIAN_POINT('Ctrl Pts',(26.8165810359802,5.79861061055504,-24.2573187086005));
#5387=CARTESIAN_POINT('Ctrl Pts',(26.5034974713356,5.55662233274851,-23.9420352971466));
#5388=CARTESIAN_POINT('Ctrl Pts',(26.1872732312758,5.31984515589329,-23.6263676168833));
#5389=CARTESIAN_POINT('Ctrl Pts',(25.7944656194918,5.02572514362642,-23.2342513528733));
#5390=CARTESIAN_POINT('Ctrl Pts',(25.3968075666794,4.73966913813791,-22.8415782617714));
#5391=CARTESIAN_POINT('Ctrl Pts',(24.9943942566483,4.46168284775624,-22.448157100161));
#5392=CARTESIAN_POINT('Ctrl Pts',(24.5911126972796,4.18309677251038,-22.0538870907255));
#5393=CARTESIAN_POINT('Ctrl Pts',(24.1830550983507,3.91261528215395,-21.6588656080463));
#5394=CARTESIAN_POINT('Ctrl Pts',(23.7702910956368,3.6502770858709,-21.2629314709463));
#5395=CARTESIAN_POINT('Ctrl Pts',(23.3563189389904,3.38717102969357,-20.8658384406735));
#5396=CARTESIAN_POINT('Ctrl Pts',(22.937612551863,3.13225605781424,-20.4678272189102));
#5397=CARTESIAN_POINT('Ctrl Pts',(22.5142194632663,2.88560390388619,-20.0687693538183));
#5398=CARTESIAN_POINT('Ctrl Pts',(22.2914262167745,2.75581332485254,-19.8587815205342));
#5399=CARTESIAN_POINT('Ctrl Pts',(22.067334884907,2.62831122716462,-19.6485044620547));
#5400=CARTESIAN_POINT('Ctrl Pts',(21.841950214032,2.50311158135506,-19.4379235139931));
#5401=CARTESIAN_POINT('',(21.9532230073439,1.17998150464122,-19.4379235132796));
#5402=CARTESIAN_POINT('Origin',(0.,0.,-19.4379235132796));
#5403=CARTESIAN_POINT('',(34.8818353642672,11.1525183448075,-32.37867966));
#5404=CARTESIAN_POINT('Ctrl Pts',(21.9532225717365,1.17998322084902,-19.4379240425252));
#5405=CARTESIAN_POINT('Ctrl Pts',(22.3648374684157,1.3684719749621,-19.8102722007756));
#5406=CARTESIAN_POINT('Ctrl Pts',(22.7731236450401,1.56531877537871,-20.1817035470272));
#5407=CARTESIAN_POINT('Ctrl Pts',(23.1778805530055,1.7703291613554,-20.5522995335254));
#5408=CARTESIAN_POINT('Ctrl Pts',(23.5848694028542,1.97647003147696,-20.9249390891085));
#5409=CARTESIAN_POINT('Ctrl Pts',(23.9882901768504,2.19086476688075,-21.29673422262));
#5410=CARTESIAN_POINT('Ctrl Pts',(24.3879633681687,2.41336132812794,-21.6677559811116));
#5411=CARTESIAN_POINT('Ctrl Pts',(24.7904600210545,2.63742969980233,-22.041398795252));
#5412=CARTESIAN_POINT('Ctrl Pts',(25.1891561713495,2.8697147594657,-22.4142574490097));
#5413=CARTESIAN_POINT('Ctrl Pts',(25.5838898284523,3.11010751107353,-22.7863899117871));
#5414=CARTESIAN_POINT('Ctrl Pts',(25.909271821933,3.30826510754141,-23.0931415667286));
#5415=CARTESIAN_POINT('Ctrl Pts',(26.2319618161642,3.51193259792269,-23.3993995598781));
#5416=CARTESIAN_POINT('Ctrl Pts',(26.5518782930618,3.72107235847111,-23.7051877190333));
#5417=CARTESIAN_POINT('Ctrl Pts',(26.551878675059,3.72107260819505,-23.7051880841606));
#5418=CARTESIAN_POINT('Ctrl Pts',(26.5518790570562,3.721072857919,-23.7051884492878));
#5419=CARTESIAN_POINT('Ctrl Pts',(26.5518794390534,3.72107310764296,-23.7051888144151));
#5420=CARTESIAN_POINT('Ctrl Pts',(27.0056746414202,4.01773375100242,-24.1389432845607));
#5421=CARTESIAN_POINT('Ctrl Pts',(27.4538692678947,4.32538404436656,-24.5717746152838));
#5422=CARTESIAN_POINT('Ctrl Pts',(27.8961998256394,4.64378323454305,-25.0037873681002));
#5423=CARTESIAN_POINT('Ctrl Pts',(28.2025246544846,4.86428253247211,-25.3029668623684));
#5424=CARTESIAN_POINT('Ctrl Pts',(28.5060375466017,5.08993788280763,-25.6017534830643));
#5425=CARTESIAN_POINT('Ctrl Pts',(28.8066553993389,5.32068250328497,-25.9001773715667));
#5426=CARTESIAN_POINT('Ctrl Pts',(29.2777858527344,5.6823071262879,-26.3678694284889));
#5427=CARTESIAN_POINT('Ctrl Pts',(29.7410843054481,6.05587839204746,-26.8339590157958));
#5428=CARTESIAN_POINT('Ctrl Pts',(30.1961783957513,6.44094392598996,-27.2984890105541));
#5429=CARTESIAN_POINT('Ctrl Pts',(30.4597248298082,6.66393660049645,-27.56749980687));
#5430=CARTESIAN_POINT('Ctrl Pts',(30.7205204513964,6.89078468367562,-27.8359872332571));
#5431=CARTESIAN_POINT('Ctrl Pts',(30.9784976549288,7.12140597830907,-28.1039565322035));
#5432=CARTESIAN_POINT('Ctrl Pts',(31.4311311778085,7.52604223148048,-28.5741216713897));
#5433=CARTESIAN_POINT('Ctrl Pts',(31.8751089473081,7.94231384288447,-29.0426984177659));
#5434=CARTESIAN_POINT('Ctrl Pts',(32.3100457638068,8.36976033705227,-29.509721322106));
#5435=CARTESIAN_POINT('Ctrl Pts',(32.7584145035704,8.81040743482892,-29.9911670473618));
#5436=CARTESIAN_POINT('Ctrl Pts',(33.1971753082725,9.26293013438025,-30.470961708803));
#5437=CARTESIAN_POINT('Ctrl Pts',(33.6259338035471,9.72686918803416,-30.9491205378251));
#5438=CARTESIAN_POINT('Ctrl Pts',(34.0546922988218,10.1908082416881,-31.4272793668473));
#5439=CARTESIAN_POINT('Ctrl Pts',(34.4734486774565,10.6661637239559,-31.9038024681685));
#5440=CARTESIAN_POINT('Ctrl Pts',(34.8818336844041,11.1525211863078,-32.3786803953062));
#5441=CARTESIAN_POINT('Origin',(0.,0.,-32.37867966));
#5442=CARTESIAN_POINT('Origin',(0.,0.,-34.7121320371814));
#5443=CARTESIAN_POINT('Ctrl Pts',(28.9856745291019,13.4504776045837,-37.0455844143628));
#5444=CARTESIAN_POINT('Ctrl Pts',(29.9738590637699,13.698826161321,-36.0446710381612));
#5445=CARTESIAN_POINT('Ctrl Pts',(31.0200215053324,13.773504612519,-35.0635614662595));
#5446=CARTESIAN_POINT('Ctrl Pts',(32.7735326825691,13.5959471926982,-33.5198030225027));
#5447=CARTESIAN_POINT('Ctrl Pts',(33.4622095729278,13.4524723213625,-32.9377504437339));
#5448=CARTESIAN_POINT('Ctrl Pts',(34.14617752511,13.2347899203117,-32.37867966));
#5449=CARTESIAN_POINT('Ctrl Pts',(34.8818353642672,11.1525183448075,-32.37867966));
#5450=CARTESIAN_POINT('Ctrl Pts',(34.4745256075167,10.5803150405101,-32.9408991411272));
#5451=CARTESIAN_POINT('Ctrl Pts',(34.0233004971992,10.0580635136471,-33.5225205566409));
#5452=CARTESIAN_POINT('Ctrl Pts',(32.7619442649292,8.85566383289651,-35.0659200450499));
#5453=CARTESIAN_POINT('Ctrl Pts',(31.9010010764343,8.26574591585344,-36.0460599672837));
#5454=CARTESIAN_POINT('Ctrl Pts',(30.9774553709631,7.84104166794325,-37.0455844143628));
#5455=CARTESIAN_POINT('Origin',(0.,0.,-20.8387671951659));
#5456=CARTESIAN_POINT('Ctrl Pts',(21.841950214223,2.5031115837844,-19.4379235132796));
#5457=CARTESIAN_POINT('Ctrl Pts',(21.4784169333702,2.72943802548018,-19.773324240568));
#5458=CARTESIAN_POINT('Ctrl Pts',(21.1012229074203,2.91383442396284,-20.1222782034178));
#5459=CARTESIAN_POINT('Ctrl Pts',(20.1110851150759,3.27676977206419,-21.0488761473963));
#5460=CARTESIAN_POINT('Ctrl Pts',(19.4921899622834,3.3896473492636,-21.6384315469652));
#5461=CARTESIAN_POINT('Ctrl Pts',(18.8806843597074,3.39350357450511,-22.2396108770523));
#5462=CARTESIAN_POINT('Ctrl Pts',(19.1824805153625,-0.168966502052264,-22.2396108770523));
#5463=CARTESIAN_POINT('Ctrl Pts',(19.7828955813672,-0.0609020095600881,
-21.6401709378863));
#5464=CARTESIAN_POINT('Ctrl Pts',(20.3719389042644,0.153119361048459,-21.0525481958241));
#5465=CARTESIAN_POINT('Ctrl Pts',(21.2873977256445,0.666213627827911,-20.1258748405237));
#5466=CARTESIAN_POINT('Ctrl Pts',(21.6295579540302,0.904886753220301,-19.7758870131656));
#5467=CARTESIAN_POINT('Ctrl Pts',(21.9532230073439,1.17998150464123,-19.4379235132796));
#5468=CARTESIAN_POINT('Ctrl Pts',(34.9957932534035,11.2976054314016,-32.4087391998926));
#5469=CARTESIAN_POINT('Ctrl Pts',(33.7395193216225,9.78731553925746,-30.9797508521067));
#5470=CARTESIAN_POINT('Ctrl Pts',(31.0515035918548,7.0001365214072,-28.0990268902717));
#5471=CARTESIAN_POINT('Ctrl Pts',(26.6610275063043,3.62891090084025,-23.769277472336));
#5472=CARTESIAN_POINT('Ctrl Pts',(23.5454877356081,1.91642596441761,-20.852034947955));
#5473=CARTESIAN_POINT('Ctrl Pts',(21.9847964204326,1.20638935205837,-19.4078186421945));
#5474=CARTESIAN_POINT('Ctrl Pts',(33.8942576063986,9.73807621670043,-33.8041193276389));
#5475=CARTESIAN_POINT('Ctrl Pts',(32.6488066607788,8.32070643419643,-32.3033833641404));
#5476=CARTESIAN_POINT('Ctrl Pts',(29.9920154145224,5.71987913509403,-29.2834056685154));
#5477=CARTESIAN_POINT('Ctrl Pts',(25.6755311174367,2.62467713428711,-24.7641343988555));
#5478=CARTESIAN_POINT('Ctrl Pts',(22.6305169793475,1.09253354128672,-21.7361600591154));
#5479=CARTESIAN_POINT('Ctrl Pts',(21.1094804226293,0.470197781446795,-20.2421985135922));
#5480=CARTESIAN_POINT('Ctrl Pts',(32.515172217214,8.55179056267876,-35.3954751753266));
#5481=CARTESIAN_POINT('Ctrl Pts',(31.305361981558,7.21642242151111,-33.8182805942314));
#5482=CARTESIAN_POINT('Ctrl Pts',(28.725931496014,4.77743032637541,-30.6467160803114));
#5483=CARTESIAN_POINT('Ctrl Pts',(24.5411113608077,1.9183663853086,-25.911577847356));
#5484=CARTESIAN_POINT('Ctrl Pts',(21.5977223447707,0.539634503208127,-22.7502806716717));
#5485=CARTESIAN_POINT('Ctrl Pts',(20.1304502769672,-0.00787189274914259,
-21.194348301879));
#5486=CARTESIAN_POINT('Ctrl Pts',(30.9774553709384,7.84104166793602,-37.045584414406));
#5487=CARTESIAN_POINT('Ctrl Pts',(29.8251963659051,6.56963966325826,-35.3938451469118));
#5488=CARTESIAN_POINT('Ctrl Pts',(27.3624549665125,4.2540282325359,-32.0714132973624));
#5489=CARTESIAN_POINT('Ctrl Pts',(23.3555473830995,1.57090235782955,-27.1126450859291));
#5490=CARTESIAN_POINT('Ctrl Pts',(20.5364306838961,0.305284313972336,-23.8070283146512));
#5491=CARTESIAN_POINT('Ctrl Pts',(19.1321275768336,-0.186595808501677,-22.1821643020497));
#5492=CARTESIAN_POINT('Ctrl Pts',(28.9550168117341,13.4426031964792,-37.0764320706371));
#5493=CARTESIAN_POINT('Ctrl Pts',(28.0572935137899,11.985318025572,-35.3988314191964));
#5494=CARTESIAN_POINT('Ctrl Pts',(26.0670891909541,9.26478654475615,-32.0406082565028));
#5495=CARTESIAN_POINT('Ctrl Pts',(22.6325725236402,5.8919284414877,-27.0782325785221));
#5496=CARTESIAN_POINT('Ctrl Pts',(20.1045931543209,4.11899418676631,-23.8033482071565));
#5497=CARTESIAN_POINT('Ctrl Pts',(18.8197582834003,3.36821618735018,-22.2029418708252));
#5498=CARTESIAN_POINT('Ctrl Pts',(30.5832412199831,13.8639494512158,-35.4366772203887));
#5499=CARTESIAN_POINT('Ctrl Pts',(29.611381883588,12.3510043142299,-33.8264313248631));
#5500=CARTESIAN_POINT('Ctrl Pts',(27.4753830059362,9.52804120262726,-30.6091174858976));
#5501=CARTESIAN_POINT('Ctrl Pts',(23.8345384087985,6.01783468482672,-25.8685744177857));
#5502=CARTESIAN_POINT('Ctrl Pts',(21.1747117320378,4.15913766890666,-22.7457519167023));
#5503=CARTESIAN_POINT('Ctrl Pts',(19.8260311774634,3.36568779461829,-21.2203606758921));
#5504=CARTESIAN_POINT('Ctrl Pts',(32.3867706869742,13.8228197527284,-33.8538604232293));
#5505=CARTESIAN_POINT('Ctrl Pts',(31.3193554565227,12.2701764139628,-32.3042861039581));
#5506=CARTESIAN_POINT('Ctrl Pts',(28.9975476422326,9.37956086493585,-29.2167773338155));
#5507=CARTESIAN_POINT('Ctrl Pts',(25.1020259656251,5.78937917855568,-24.6902558766291));
#5508=CARTESIAN_POINT('Ctrl Pts',(22.2860308612177,3.88484810384987,-21.7199597330894));
#5509=CARTESIAN_POINT('Ctrl Pts',(20.8632890540045,3.06864092226352,-20.2713967414639));
#5510=CARTESIAN_POINT('Ctrl Pts',(34.2121242405596,13.3227142523722,-32.4626799279015));
#5511=CARTESIAN_POINT('Ctrl Pts',(33.0355272910971,11.7496603982497,-30.9616567341465));
#5512=CARTESIAN_POINT('Ctrl Pts',(30.5041231923285,8.83209870379151,-27.9821780491708));
#5513=CARTESIAN_POINT('Ctrl Pts',(26.32709345874,5.22587860101695,-23.6434529843138));
#5514=CARTESIAN_POINT('Ctrl Pts',(23.3438872104635,3.31979479297422,-20.8133120147392));
#5515=CARTESIAN_POINT('Ctrl Pts',(21.8432609143107,2.50235436033439,-19.4368072216958));
#5516=CARTESIAN_POINT('Ctrl Pts',(31.5080571818201,5.13214496024343,-37.0764320706371));
#5517=CARTESIAN_POINT('Ctrl Pts',(30.2504530652089,3.97110272375903,-35.3988314191964));
#5518=CARTESIAN_POINT('Ctrl Pts',(27.6000608632056,1.88840606102602,-32.0406083587905));
#5519=CARTESIAN_POINT('Ctrl Pts',(23.382919175334,-0.432755848042139,-27.078232712728));
#5520=CARTESIAN_POINT('Ctrl Pts',(20.4703516353939,-1.457903609539,-23.8033482071565));
#5521=CARTESIAN_POINT('Ctrl Pts',(19.030604446699,-1.83419642449287,-22.2029418708252));
#5522=CARTESIAN_POINT('Ctrl Pts',(33.1895804712718,5.0985768648239,-35.4366772203887));
#5523=CARTESIAN_POINT('Ctrl Pts',(31.84557260249,3.90394034858964,-33.8264313248631));
#5524=CARTESIAN_POINT('Ctrl Pts',(29.0271565800026,1.76194539794235,-30.6091175881852));
#5525=CARTESIAN_POINT('Ctrl Pts',(24.5742820028767,-0.635805064602601,-25.8685745519917));
#5526=CARTESIAN_POINT('Ctrl Pts',(21.511617895254,-1.7079632936349,-22.7457519167023));
#5527=CARTESIAN_POINT('Ctrl Pts',(19.9988798599866,-2.10812023528467,-21.2203606758921));
#5528=CARTESIAN_POINT('Ctrl Pts',(34.915133513428,4.57238594024627,-33.8538604232293));
#5529=CARTESIAN_POINT('Ctrl Pts',(33.4684027756906,3.36530401092307,-32.3042861039581));
#5530=CARTESIAN_POINT('Ctrl Pts',(30.4528146269435,1.20829653672587,-29.2167766510677));
#5531=CARTESIAN_POINT('Ctrl Pts',(25.733130677995,-1.19775183765472,-24.6902558117051));
#5532=CARTESIAN_POINT('Ctrl Pts',(22.5077238574873,-2.27191177034497,-21.7199597330894));
#5533=CARTESIAN_POINT('Ctrl Pts',(20.917531113702,-2.67400062977564,-20.2713967414639));
#5534=CARTESIAN_POINT('Ctrl Pts',(36.5378711564632,3.59835121347822,-32.4626799279015));
#5535=CARTESIAN_POINT('Ctrl Pts',(34.9805007628868,2.40107252133276,-30.9616567341465));
#5536=CARTESIAN_POINT('Ctrl Pts',(31.755818745419,0.274666538671211,-27.982177366423));
#5537=CARTESIAN_POINT('Ctrl Pts',(26.7607387089181,-2.07087553928907,-23.6434529193898));
#5538=CARTESIAN_POINT('Ctrl Pts',(23.3739024649008,-3.10141759903471,-20.8133120147392));
#5539=CARTESIAN_POINT('Ctrl Pts',(21.7083806731472,-3.48368099358531,-19.4368072216958));
#5540=CARTESIAN_POINT('',(36.4506482232169,3.53147956505537,-32.37867966));
#5541=CARTESIAN_POINT('',(21.707322873816,-3.48259822738329,-19.4379235132796));
#5542=CARTESIAN_POINT('Ctrl Pts',(36.4506485496247,3.53147978620628,-32.3786800178085));
#5543=CARTESIAN_POINT('Ctrl Pts',(35.833611399219,3.06815681531426,-31.7961677373305));
#5544=CARTESIAN_POINT('Ctrl Pts',(35.2059223410822,2.62257577850823,-31.2116588585899));
#5545=CARTESIAN_POINT('Ctrl Pts',(34.5682700141936,2.19536727101465,-30.6250823599453));
#5546=CARTESIAN_POINT('Ctrl Pts',(33.9496916831497,1.78093778580824,-30.0560520337618));
#5547=CARTESIAN_POINT('Ctrl Pts',(33.3217370319827,1.38379825338781,-29.4850758074359));
#5548=CARTESIAN_POINT('Ctrl Pts',(32.6850640731403,1.00455067071505,-28.9121179553396));
#5549=CARTESIAN_POINT('Ctrl Pts',(32.3576600016505,0.809525578247673,-28.6174788773592));
#5550=CARTESIAN_POINT('Ctrl Pts',(32.0279509173257,0.619232344087293,-28.322316258512));
#5551=CARTESIAN_POINT('Ctrl Pts',(31.6960297173472,0.433755444691463,-28.0266285350295));
#5552=CARTESIAN_POINT('Ctrl Pts',(31.1223712975342,0.113196272737028,-27.5155923245613));
#5553=CARTESIAN_POINT('Ctrl Pts',(30.5421294453546,-0.192968896031778,-27.0030032882452));
#5554=CARTESIAN_POINT('Ctrl Pts',(29.9557441296234,-0.484331644174042,-26.4887793539617));
#5555=CARTESIAN_POINT('Ctrl Pts',(29.7028547702164,-0.609987141943306,-26.2670109060759));
#5556=CARTESIAN_POINT('Ctrl Pts',(29.4488230402879,-0.732889005212243,-26.0449386961443));
#5557=CARTESIAN_POINT('Ctrl Pts',(29.1936855550187,-0.853002206344159,-25.8225576215264));
#5558=CARTESIAN_POINT('Ctrl Pts',(28.7160023068037,-1.07788513175847,-25.4062028316651));
#5559=CARTESIAN_POINT('Ctrl Pts',(28.2353049040777,-1.29259001656558,-24.9895163704096));
#5560=CARTESIAN_POINT('Ctrl Pts',(27.7516941995005,-1.49707207286335,-24.572295988523));
#5561=CARTESIAN_POINT('Ctrl Pts',(27.3865943318425,-1.65144494134238,-24.2573172157843));
#5562=CARTESIAN_POINT('Ctrl Pts',(27.0198338693643,-1.79999038466802,-23.9420344787537));
#5563=CARTESIAN_POINT('Ctrl Pts',(26.651455134483,-1.94267065762894,-23.6263674703671));
#5564=CARTESIAN_POINT('Ctrl Pts',(26.1938617357222,-2.11990551094193,-23.2342516244543));
#5565=CARTESIAN_POINT('Ctrl Pts',(25.7337734011554,-2.28806679103918,-22.8415789461745));
#5566=CARTESIAN_POINT('Ctrl Pts',(25.2712833287634,-2.44717467327171,-22.448158193685));
#5567=CARTESIAN_POINT('Ctrl Pts',(24.8077954963031,-2.60662580934025,-22.0538886888863));
#5568=CARTESIAN_POINT('Ctrl Pts',(24.341895323246,-2.75698436828959,-21.6588677074889));
#5569=CARTESIAN_POINT('Ctrl Pts',(23.8736603106309,-2.898231855384,-21.2629340699116));
#5570=CARTESIAN_POINT('Ctrl Pts',(23.4040549254553,-3.0398927282256,-20.8658416625326));
#5571=CARTESIAN_POINT('Ctrl Pts',(22.9321008010241,-3.17238900937131,-20.4678310624597));
#5572=CARTESIAN_POINT('Ctrl Pts',(22.4578630615066,-3.29566443965966,-20.0687738194402));
#5573=CARTESIAN_POINT('Ctrl Pts',(22.20831275086,-3.36053363786991,-19.8587845025576));
#5574=CARTESIAN_POINT('Ctrl Pts',(21.9581299078788,-3.42284895905581,-19.6485059555896));
#5575=CARTESIAN_POINT('Ctrl Pts',(21.7073228729768,-3.48259822967103,-19.4379235139931));
#5576=CARTESIAN_POINT('Ctrl Pts',(31.5397024923677,5.13145520326444,-37.0455846032208));
#5577=CARTESIAN_POINT('Ctrl Pts',(31.8167802912426,5.12396837023302,-36.7733056760663));
#5578=CARTESIAN_POINT('Ctrl Pts',(32.0945359688974,5.10278200797456,-36.5024854970579));
#5579=CARTESIAN_POINT('Ctrl Pts',(32.3722873887563,5.06802539535057,-36.2334839209816));
#5580=CARTESIAN_POINT('Ctrl Pts',(32.6510578673168,5.0331412621236,-35.9634953890258));
#5581=CARTESIAN_POINT('Ctrl Pts',(32.9298245833272,4.98458680218073,-35.6953385380046));
#5582=CARTESIAN_POINT('Ctrl Pts',(33.2078825747989,4.92244469637167,-35.4293917713168));
#5583=CARTESIAN_POINT('Ctrl Pts',(33.4852513136877,4.86045662895838,-35.1641042358018));
#5584=CARTESIAN_POINT('Ctrl Pts',(33.7619153237982,4.78494782981143,-34.9010155806247));
#5585=CARTESIAN_POINT('Ctrl Pts',(34.0371521174077,4.69595784168852,-34.6405199916819));
#5586=CARTESIAN_POINT('Ctrl Pts',(34.0683325647677,4.68587653096021,-34.6110095149319));
#5587=CARTESIAN_POINT('Ctrl Pts',(34.0994946670544,4.67562216519744,-34.5815323388997));
#5588=CARTESIAN_POINT('Ctrl Pts',(34.1306373511094,4.66519477061809,-34.5520890540618));
#5589=CARTESIAN_POINT('Ctrl Pts',(34.3942827268117,4.57691932343387,-34.3028303235259));
#5590=CARTESIAN_POINT('Ctrl Pts',(34.6559579765152,4.4764273960945,-34.0565235651198));
#5591=CARTESIAN_POINT('Ctrl Pts',(34.9150186955855,4.36382290722144,-33.8134226629008));
#5592=CARTESIAN_POINT('Ctrl Pts',(35.1772417920496,4.24984384527017,-33.5673542062013));
#5593=CARTESIAN_POINT('Ctrl Pts',(35.4367866958965,4.12345437173138,-33.3245700403174));
#5594=CARTESIAN_POINT('Ctrl Pts',(35.6929609121889,3.98471661139315,-33.0853497738151));
#5595=CARTESIAN_POINT('Ctrl Pts',(35.9491351284814,3.84597885105493,-32.8461295073128));
#5596=CARTESIAN_POINT('Ctrl Pts',(36.2019391539342,3.69489237148406,-32.6104728705097));
#5597=CARTESIAN_POINT('Ctrl Pts',(36.4506485496247,3.53147978620628,-32.3786800178085));
#5598=CARTESIAN_POINT('Ctrl Pts',(21.707322873816,-3.48259822738329,-19.4379235132796));
#5599=CARTESIAN_POINT('Ctrl Pts',(21.4183325363536,-3.16658447870832,-19.773324240568));
#5600=CARTESIAN_POINT('Ctrl Pts',(21.1048754410057,-2.88726026858368,-20.1222782034178));
#5601=CARTESIAN_POINT('Ctrl Pts',(20.2493734289575,-2.27064756833226,-21.0488761473963));
#5602=CARTESIAN_POINT('Ctrl Pts',(19.6838825931422,-1.99497988398485,-21.6384315469652));
#5603=CARTESIAN_POINT('Ctrl Pts',(19.0960936742308,-1.82628442091645,-22.2396108770523));
#5604=CARTESIAN_POINT('Ctrl Pts',(36.746111775345,1.43690755168047,-32.4087391998881));
#5605=CARTESIAN_POINT('Ctrl Pts',(35.1289525523786,0.321561956112974,-30.9797508521037));
#5606=CARTESIAN_POINT('Ctrl Pts',(31.7886436334271,-1.63704324970896,-28.0990272105285));
#5607=CARTESIAN_POINT('Ctrl Pts',(26.6514318291068,-3.69871837556083,-23.7692773110321));
#5608=CARTESIAN_POINT('Ctrl Pts',(23.189402717014,-4.50713687532446,-20.852034947955));
#5609=CARTESIAN_POINT('Ctrl Pts',(21.4950204840001,-4.76977392640788,-19.4078186421945));
#5610=CARTESIAN_POINT('Ctrl Pts',(35.264668111568,0.232400671601647,-33.8041193276292));
#5611=CARTESIAN_POINT('Ctrl Pts',(33.6830000746333,-0.796390550772114,-32.3033833641326));
#5612=CARTESIAN_POINT('Ctrl Pts',(30.4230348426607,-2.58397872991784,-29.2834059887678));
#5613=CARTESIAN_POINT('Ctrl Pts',(25.4315412919488,-4.39982868620737,-24.7641342375481));
#5614=CARTESIAN_POINT('Ctrl Pts',(22.0860780428554,-5.05362097672792,-21.7361600591122));
#5615=CARTESIAN_POINT('Ctrl Pts',(20.4535414691229,-5.2425080865984,-20.2421985135892));
#5616=CARTESIAN_POINT('Ctrl Pts',(33.6166669104751,-0.537821507235323,-35.3954751753103));
#5617=CARTESIAN_POINT('Ctrl Pts',(32.0914417073597,-1.49726768004566,-33.8182805942173));
#5618=CARTESIAN_POINT('Ctrl Pts',(28.9496319203769,-3.14989431638661,-30.6467166084822));
#5619=CARTESIAN_POINT('Ctrl Pts',(24.1486294839513,-4.77388561169903,-25.9115779808032));
#5620=CARTESIAN_POINT('Ctrl Pts',(20.9424118596962,-5.30737236097482,-22.7502806716645));
#5621=CARTESIAN_POINT('Ctrl Pts',(19.381834762548,-5.4387104682737,-21.1943483018722));
#5622=CARTESIAN_POINT('Ctrl Pts',(31.9442150192517,-0.807342864869919,-37.0455844143832));
#5623=CARTESIAN_POINT('Ctrl Pts',(30.491664748099,-1.7207220752475,-35.3938451468916));
#5624=CARTESIAN_POINT('Ctrl Pts',(27.4955046042973,-3.28602567557331,-32.0714138255277));
#5625=CARTESIAN_POINT('Ctrl Pts',(22.9132847618562,-4.78860339730682,-27.1126452193715));
#5626=CARTESIAN_POINT('Ctrl Pts',(19.8572488481496,-5.24669914612579,-23.8070283146399));
#5627=CARTESIAN_POINT('Ctrl Pts',(18.3723134408423,-5.34146257534791,-22.1821643020391));
#5628=CARTESIAN_POINT('',(21.4574931467501,-4.78668409430177,-19.4379235132796));
#5629=CARTESIAN_POINT('',(36.5972357263713,1.32794615836846,-32.37867966));
#5630=CARTESIAN_POINT('Ctrl Pts',(21.4574931903235,-4.78668232421013,-19.4379240425252));
#5631=CARTESIAN_POINT('Ctrl Pts',(21.9046983481216,-4.716235551352,-19.8102725344838));
#5632=CARTESIAN_POINT('Ctrl Pts',(22.3509531660645,-4.63684258658896,-20.1817042074279));
#5633=CARTESIAN_POINT('Ctrl Pts',(22.7960120806492,-4.54863656891592,-20.5523005172824));
#5634=CARTESIAN_POINT('Ctrl Pts',(23.2435251085621,-4.45994417167267,-20.9249403438794));
#5635=CARTESIAN_POINT('Ctrl Pts',(23.6898292223238,-4.36234132203939,-21.2967357452777));
#5636=CARTESIAN_POINT('Ctrl Pts',(24.1347105652762,-4.25592598765919,-21.6677577721456));
#5637=CARTESIAN_POINT('Ctrl Pts',(24.5827346359052,-4.14875891481688,-22.041400770225));
#5638=CARTESIAN_POINT('Ctrl Pts',(25.0293159682558,-4.03265448083612,-22.4142596087801));
#5639=CARTESIAN_POINT('Ctrl Pts',(25.4742691856208,-3.90767393177563,-22.7863922607741));
#5640=CARTESIAN_POINT('Ctrl Pts',(25.8410464017277,-3.80465182503957,-23.0931431118616));
#5641=CARTESIAN_POINT('Ctrl Pts',(26.2067180099142,-3.69559788411594,-23.3994003072434));
#5642=CARTESIAN_POINT('Ctrl Pts',(26.571195372634,-3.58052634211458,-23.7051876764617));
#5643=CARTESIAN_POINT('Ctrl Pts',(26.5711958078404,-3.58052620471271,-23.705188041589));
#5644=CARTESIAN_POINT('Ctrl Pts',(26.5711962430468,-3.58052606731083,-23.7051884067162));
#5645=CARTESIAN_POINT('Ctrl Pts',(26.5711966782532,-3.58052592990894,-23.7051887718435));
#5646=CARTESIAN_POINT('Ctrl Pts',(27.0882018472493,-3.41729881074898,-24.1389431481782));
#5647=CARTESIAN_POINT('Ctrl Pts',(27.6027791288473,-3.2419785503374,-24.5717743963573));
#5648=CARTESIAN_POINT('Ctrl Pts',(28.1146098361843,-3.0547258840694,-25.0037870704655));
#5649=CARTESIAN_POINT('Ctrl Pts',(28.4690654437349,-2.92504871418485,-25.3029666872323));
#5650=CARTESIAN_POINT('Ctrl Pts',(28.8222044837211,-2.78964803384957,-25.6017534318042));
#5651=CARTESIAN_POINT('Ctrl Pts',(29.1739289138554,-2.64856572795026,-25.9001774431722));
#5652=CARTESIAN_POINT('Ctrl Pts',(29.7251532860885,-2.42746079795481,-26.3678691194734));
#5653=CARTESIAN_POINT('Ctrl Pts',(30.2720592772148,-2.19273920682195,-26.8339583270411));
#5654=CARTESIAN_POINT('Ctrl Pts',(30.8141662721156,-1.94473609056875,-27.2984879336943));
#5655=CARTESIAN_POINT('Ctrl Pts',(31.1281029056464,-1.80111635469736,-27.5674991478271));
#5656=CARTESIAN_POINT('Ctrl Pts',(31.4404309066887,-1.65304200256446,-27.8359869867324));
#5657=CARTESIAN_POINT('Ctrl Pts',(31.7510629971243,-1.50057394372305,-28.1039566911885));
#5658=CARTESIAN_POINT('Ctrl Pts',(32.2960805001688,-1.23306210807442,-28.574121183883));
#5659=CARTESIAN_POINT('Ctrl Pts',(32.8359024180454,-0.952011119205772,-29.0426972714163));
#5660=CARTESIAN_POINT('Ctrl Pts',(33.3700336014991,-0.657760457929316,-29.509719515295));
#5661=CARTESIAN_POINT('Ctrl Pts',(33.9206612001524,-0.354421989702929,-29.9911655432198));
#5662=CARTESIAN_POINT('Ctrl Pts',(34.4652411350744,-0.0370560896047609,
-30.4709604988717));
#5663=CARTESIAN_POINT('Ctrl Pts',(35.0032697506152,0.294001416535547,-30.9491196252555));
#5664=CARTESIAN_POINT('Ctrl Pts',(35.5412983661561,0.625058922675855,-31.4272787516392));
#5665=CARTESIAN_POINT('Ctrl Pts',(36.0727758680564,0.969808054595076,-31.9038021534721));
#5666=CARTESIAN_POINT('Ctrl Pts',(36.5972348753171,1.32794934754925,-32.378680395481));
#5667=CARTESIAN_POINT('Ctrl Pts',(18.4255554857675,-5.33807207163615,-22.2396108770523));
#5668=CARTESIAN_POINT('Ctrl Pts',(19.0328609835586,-5.39600494982905,-21.6401709378863));
#5669=CARTESIAN_POINT('Ctrl Pts',(19.6578032569219,-5.3488420587975,-21.0525481958241));
#5670=CARTESIAN_POINT('Ctrl Pts',(20.6777455583601,-5.10176255341208,-20.1258748405237));
#5671=CARTESIAN_POINT('Ctrl Pts',(21.0716107959083,-4.96425379978322,-19.7758870131656));
#5672=CARTESIAN_POINT('Ctrl Pts',(21.4574931467501,-4.78668409430177,-19.4379235132796));
#5673=CARTESIAN_POINT('Ctrl Pts',(36.5972348753171,1.32794934754925,-32.378680395481));
#5674=CARTESIAN_POINT('Ctrl Pts',(36.3907470345888,1.16134186446744,-32.5910765431775));
#5675=CARTESIAN_POINT('Ctrl Pts',(36.1801465524588,1.00344364123769,-32.806265471305));
#5676=CARTESIAN_POINT('Ctrl Pts',(35.9659369225733,0.854410198340585,-33.0239821858018));
#5677=CARTESIAN_POINT('Ctrl Pts',(35.7493507786578,0.703723328059375,-33.2441143231106));
#5678=CARTESIAN_POINT('Ctrl Pts',(35.5290747930522,0.5620987019051,-33.4668309018456));
#5679=CARTESIAN_POINT('Ctrl Pts',(35.3056045212927,0.42972184282876,-33.6918985218907));
#5680=CARTESIAN_POINT('Ctrl Pts',(35.0793800368695,0.295713473579732,-33.9197400414996));
#5681=CARTESIAN_POINT('Ctrl Pts',(34.8498818580268,0.171181857526993,-34.1499911915905));
#5682=CARTESIAN_POINT('Ctrl Pts',(34.6176014070141,0.056350003617289,-34.3824470623186));
#5683=CARTESIAN_POINT('Ctrl Pts',(34.5511208444489,0.0234841889736621,-34.4489778314393));
#5684=CARTESIAN_POINT('Ctrl Pts',(34.4844122409683,-0.00858685952189392,
-34.5156894164416));
#5685=CARTESIAN_POINT('Ctrl Pts',(34.4174868158577,-0.0398573935035478,
-34.5825775135142));
#5686=CARTESIAN_POINT('Ctrl Pts',(34.1875418377576,-0.147297910163766,-34.8123942384897));
#5687=CARTESIAN_POINT('Ctrl Pts',(33.9553492493332,-0.245144988779145,-35.0439972125634));
#5688=CARTESIAN_POINT('Ctrl Pts',(33.7213107396081,-0.333254210092701,-35.2771674202947));
#5689=CARTESIAN_POINT('Ctrl Pts',(33.4866094977193,-0.421612932289462,-35.5109979013992));
#5690=CARTESIAN_POINT('Ctrl Pts',(33.2500515715879,-0.500178856946071,-35.746404871814));
#5691=CARTESIAN_POINT('Ctrl Pts',(33.0120249187414,-0.568764402420316,-35.9831939522186));
#5692=CARTESIAN_POINT('Ctrl Pts',(32.7748295415489,-0.637110422221784,-36.2191560790225));
#5693=CARTESIAN_POINT('Ctrl Pts',(32.5361753692158,-0.695545904965945,-36.456491068911));
#5694=CARTESIAN_POINT('Ctrl Pts',(32.2964338403226,-0.743839662808051,-36.6950271432845));
#5695=CARTESIAN_POINT('Ctrl Pts',(32.1792732120155,-0.767440609370007,-36.8115986712819));
#5696=CARTESIAN_POINT('Ctrl Pts',(32.0618527372077,-0.788618759758667,-36.9284573220945));
#5697=CARTESIAN_POINT('Ctrl Pts',(31.9442150192641,-0.807342864869706,-37.0455844143628));
#5698=CARTESIAN_POINT('Origin',(0.,0.,-20.8387671951659));
#5699=CARTESIAN_POINT('Origin',(0.,0.,-19.4379235132796));
#5700=CARTESIAN_POINT('Origin',(0.,0.,-34.7121320371814));
#5701=CARTESIAN_POINT('Origin',(0.,0.,-32.37867966));
#5702=CARTESIAN_POINT('Origin',(0.,0.,-25.9083015866398));
#5703=CARTESIAN_POINT('Origin',(0.,0.,-25.9083015866398));
#5704=CARTESIAN_POINT('',(36.0517410932279,-6.43374447409713,-32.37867966));
#5705=CARTESIAN_POINT('',(19.9627627002526,-9.21001965985275,-19.4379235132796));
#5706=CARTESIAN_POINT('Ctrl Pts',(36.0517414674078,-6.43374434925192,-32.3786800180866));
#5707=CARTESIAN_POINT('Ctrl Pts',(35.3325742634718,-6.71341469406787,-31.79616091629));
#5708=CARTESIAN_POINT('Ctrl Pts',(34.607936772031,-6.97312671188356,-31.211645209535));
#5709=CARTESIAN_POINT('Ctrl Pts',(33.878662233361,-7.21245896810039,-30.6250618450069));
#5710=CARTESIAN_POINT('Ctrl Pts',(33.1712029465716,-7.44463192671987,-30.0560253207532));
#5711=CARTESIAN_POINT('Ctrl Pts',(32.4593797324212,-7.6576259715506,-29.485042863871));
#5712=CARTESIAN_POINT('Ctrl Pts',(31.7439886223605,-7.85103894433058,-28.9120787198606));
#5713=CARTESIAN_POINT('Ctrl Pts',(31.3761248120507,-7.95049451783378,-28.6174527869655));
#5714=CARTESIAN_POINT('Ctrl Pts',(31.0073181896321,-8.04477227937508,-28.3223033552042));
#5715=CARTESIAN_POINT('Ctrl Pts',(30.6376809805182,-8.13381595582847,-28.0266288570329));
#5716=CARTESIAN_POINT('Ctrl Pts',(29.9988128912531,-8.28771594758873,-27.5155953435404));
#5717=CARTESIAN_POINT('Ctrl Pts',(29.3574889581402,-8.42597968211324,-27.0030089943415));
#5718=CARTESIAN_POINT('Ctrl Pts',(28.7142430303073,-8.5483325881866,-26.4887877501527));
#5719=CARTESIAN_POINT('Ctrl Pts',(28.4368266693364,-8.60110042780814,-26.2670166045857));
#5720=CARTESIAN_POINT('Ctrl Pts',(28.1590532106621,-8.65090846499077,-26.0449416869576));
#5721=CARTESIAN_POINT('Ctrl Pts',(27.8809673648401,-8.69773284834537,-25.8225578954085));
#5722=CARTESIAN_POINT('Ctrl Pts',(27.3603258254579,-8.78539901113874,-25.4062035886168));
#5723=CARTESIAN_POINT('Ctrl Pts',(26.839527905203,-8.86245137560701,-24.9895176052395));
#5724=CARTESIAN_POINT('Ctrl Pts',(26.318682808175,-8.92887402140099,-24.5722977033811));
#5725=CARTESIAN_POINT('Ctrl Pts',(25.9254718740866,-8.97901966114363,-24.2573183971225));
#5726=CARTESIAN_POINT('Ctrl Pts',(25.5322341481943,-9.02310592574561,-23.9420351260664));
#5727=CARTESIAN_POINT('Ctrl Pts',(25.1390205708646,-9.06110788664246,-23.6263675856827));
#5728=CARTESIAN_POINT('Ctrl Pts',(24.6505781909573,-9.10831319513578,-23.234251408689));
#5729=CARTESIAN_POINT('Ctrl Pts',(24.1621814257825,-9.14610825450295,-22.8415784035235));
#5730=CARTESIAN_POINT('Ctrl Pts',(23.6739145694021,-9.17453764195861,-22.448157327082));
#5731=CARTESIAN_POINT('Ctrl Pts',(23.1845942498819,-9.20302836741291,-22.0538874225928));
#5732=CARTESIAN_POINT('Ctrl Pts',(22.695404200079,-9.22211283032138,-21.658866044164));
#5733=CARTESIAN_POINT('Ctrl Pts',(22.2064240320809,-9.23179413694505,-21.2629320109348));
#5734=CARTESIAN_POINT('Ctrl Pts',(21.7160126575999,-9.24150377999156,-20.865839109939));
#5735=CARTESIAN_POINT('Ctrl Pts',(21.2258122202587,-9.24175497677383,-20.4678280171873));
#5736=CARTESIAN_POINT('Ctrl Pts',(20.73590060274,-9.23251113044551,-20.0687702811543));
#5737=CARTESIAN_POINT('Ctrl Pts',(20.4781042472144,-9.22764692676209,-19.8587821397939));
#5738=CARTESIAN_POINT('Ctrl Pts',(20.220387841072,-9.22015292750287,-19.6485047722141));
#5739=CARTESIAN_POINT('Ctrl Pts',(19.9627626988272,-9.21001966182922,-19.4379235139931));
#5740=CARTESIAN_POINT('',(19.3703591809613,-10.3983432315931,-19.4379235132796));
#5741=CARTESIAN_POINT('Origin',(0.,0.,-19.4379235132796));
#5742=CARTESIAN_POINT('',(35.5983865358636,-8.59511371968737,-32.37867966));
#5743=CARTESIAN_POINT('Ctrl Pts',(19.3703597004839,-10.3983415388972,-19.4379240425252));
#5744=CARTESIAN_POINT('Ctrl Pts',(19.819987009415,-10.4511615629152,-19.8102720538732));
#5745=CARTESIAN_POINT('Ctrl Pts',(20.2711129146584,-10.4951107670315,-20.1817032562336));
#5746=CARTESIAN_POINT('Ctrl Pts',(20.723465019003,-10.5302511002891,-20.5522991002736));
#5747=CARTESIAN_POINT('Ctrl Pts',(21.1783115473164,-10.5655852093437,-20.9249385363455));
#5748=CARTESIAN_POINT('Ctrl Pts',(21.6343980252379,-10.5920131461333,-21.296733551687));
#5749=CARTESIAN_POINT('Ctrl Pts',(22.0914920753782,-10.6095715471219,-21.6677551917994));
#5750=CARTESIAN_POINT('Ctrl Pts',(22.551815279189,-10.6272539899241,-22.0413979246401));
#5751=CARTESIAN_POINT('Ctrl Pts',(23.0131605201659,-10.6359412583905,-22.414256496727));
#5752=CARTESIAN_POINT('Ctrl Pts',(23.4753327516269,-10.6356423130608,-22.7863888759371));
#5753=CARTESIAN_POINT('Ctrl Pts',(23.8563054066009,-10.6353958897835,-23.0931408849473));
#5754=CARTESIAN_POINT('Ctrl Pts',(24.2378408157418,-10.6290429720953,-23.3993992295182));
#5755=CARTESIAN_POINT('Ctrl Pts',(24.6198497759265,-10.6165733508864,-23.7051877367028));
#5756=CARTESIAN_POINT('Ctrl Pts',(24.6198502320649,-10.616573335997,-23.7051881018301));
#5757=CARTESIAN_POINT('Ctrl Pts',(24.6198506882033,-10.6165733211076,-23.7051884669573));
#5758=CARTESIAN_POINT('Ctrl Pts',(24.6198511443417,-10.6165733062182,-23.7051888320845));
#5759=CARTESIAN_POINT('Ctrl Pts',(25.1617227545367,-10.598885392258,-24.1389433429374));
#5760=CARTESIAN_POINT('Ctrl Pts',(25.7045191563699,-10.5688977350436,-24.5717747095233));
#5761=CARTESIAN_POINT('Ctrl Pts',(26.2478901293069,-10.5266791335699,-25.0037874965666));
#5762=CARTESIAN_POINT('Ctrl Pts',(26.6241878428415,-10.4974417175237,-25.3029669376461));
#5763=CARTESIAN_POINT('Ctrl Pts',(27.000761980665,-10.4623378349929,-25.6017535045695));
#5764=CARTESIAN_POINT('Ctrl Pts',(27.3775068407808,-10.421381367698,-25.9001773397467));
#5765=CARTESIAN_POINT('Ctrl Pts',(27.9679443981985,-10.3571940646447,-26.3678695605856));
#5766=CARTESIAN_POINT('Ctrl Pts',(28.5578974185963,-10.2787299271109,-26.8339593114564));
#5767=CARTESIAN_POINT('Ctrl Pts',(29.1468127073129,-10.186182001509,-27.2984894734183));
#5768=CARTESIAN_POINT('Ctrl Pts',(29.4878550717842,-10.1325872588033,-27.5675000897822));
#5769=CARTESIAN_POINT('Ctrl Pts',(29.828550297046,-10.0742691093892,-27.8359873385118));
#5770=CARTESIAN_POINT('Ctrl Pts',(30.1687979124812,-10.0112626576523,-28.1039564628332));
#5771=CARTESIAN_POINT('Ctrl Pts',(30.7657796245035,-9.90071463991461,-28.5741218933885));
#5772=CARTESIAN_POINT('Ctrl Pts',(31.3614112382956,-9.77572774231369,-29.0426989364099));
#5773=CARTESIAN_POINT('Ctrl Pts',(31.9551243767072,-9.63649525759133,-29.5097221380149));
#5774=CARTESIAN_POINT('Ctrl Pts',(32.5671722800563,-9.49296306192462,-29.9911677265738));
#5775=CARTESIAN_POINT('Ctrl Pts',(33.1771813536985,-9.33429200327669,-30.4709622550129));
#5776=CARTESIAN_POINT('Ctrl Pts',(33.784576021029,-9.160669557544,-30.9491209496881));
#5777=CARTESIAN_POINT('Ctrl Pts',(34.3919706883595,-8.98704711181132,-31.4272796443634));
#5778=CARTESIAN_POINT('Ctrl Pts',(34.9967511528146,-8.79847331550023,-31.9038026099933));
#5779=CARTESIAN_POINT('Ctrl Pts',(35.5983865770247,-8.59511041896577,-32.3786803952301));
#5780=CARTESIAN_POINT('Origin',(0.,0.,-32.37867966));
#5781=CARTESIAN_POINT('Origin',(0.,0.,-34.7121320371814));
#5782=CARTESIAN_POINT('Ctrl Pts',(31.7545750551863,-3.56814220049796,-37.0455844143628));
#5783=CARTESIAN_POINT('Ctrl Pts',(32.7279370209746,-3.86939319841718,-36.0446710381612));
#5784=CARTESIAN_POINT('Ctrl Pts',(33.6606002360093,-4.34915569437792,-35.0635614662595));
#5785=CARTESIAN_POINT('Ctrl Pts',(35.0665782263809,-5.4119604631939,-33.5198030225027));
#5786=CARTESIAN_POINT('Ctrl Pts',(35.5804498845866,-5.89237363631862,-32.9377504437339));
#5787=CARTESIAN_POINT('Ctrl Pts',(36.0517410932279,-6.43374447409713,-32.37867966));
#5788=CARTESIAN_POINT('Ctrl Pts',(35.5983865358636,-8.59511371968737,-32.37867966));
#5789=CARTESIAN_POINT('Ctrl Pts',(34.9530655229646,-8.87238371392438,-32.9408991411272));
#5790=CARTESIAN_POINT('Ctrl Pts',(34.2961765216512,-9.08415622735621,-33.5225205566409));
#5791=CARTESIAN_POINT('Ctrl Pts',(32.5937017051083,-9.45612939304532,-35.0659200450499));
#5792=CARTESIAN_POINT('Ctrl Pts',(31.5515832571122,-9.51283444582228,-36.0460599672837));
#5793=CARTESIAN_POINT('Ctrl Pts',(30.5418183746461,-9.39585047074312,-37.0455844143628));
#5794=CARTESIAN_POINT('Origin',(0.,0.,-20.8387671951659));
#5795=CARTESIAN_POINT('Ctrl Pts',(19.9627627002526,-9.21001965985275,-19.4379235132796));
#5796=CARTESIAN_POINT('Ctrl Pts',(19.7697483974673,-8.82775589827111,-19.773324240568));
#5797=CARTESIAN_POINT('Ctrl Pts',(19.5432759115126,-8.4742200753462,-20.1222782034178));
#5798=CARTESIAN_POINT('Ctrl Pts',(18.8858583503328,-7.64966136610695,-21.0488761473963));
#5799=CARTESIAN_POINT('Ctrl Pts',(18.4157116998388,-7.23164858566385,-21.6384315469652));
#5800=CARTESIAN_POINT('Ctrl Pts',(17.8952330797521,-6.91062525553395,-22.2396108770523));
#5801=CARTESIAN_POINT('Ctrl Pts',(16.3020912971007,-10.1112772557216,-22.2396108770523));
#5802=CARTESIAN_POINT('Ctrl Pts',(16.8712461561448,-10.3309108880493,-21.6401709378863));
#5803=CARTESIAN_POINT('Ctrl Pts',(17.4857382704795,-10.4541043324667,-21.0525481958241));
#5804=CARTESIAN_POINT('Ctrl Pts',(18.5345195974037,-10.4913643450762,-20.1258748405237));
#5805=CARTESIAN_POINT('Ctrl Pts',(18.9508786612592,-10.4652183584068,-19.7758870131656));
#5806=CARTESIAN_POINT('Ctrl Pts',(19.3703591809613,-10.3983432315931,-19.4379235132796));
#5807=CARTESIAN_POINT('Ctrl Pts',(35.7711392891945,-8.53035918772748,-32.4087391998926));
#5808=CARTESIAN_POINT('Ctrl Pts',(33.913032076596,-9.16804040626448,-30.9797508521067));
#5809=CARTESIAN_POINT('Ctrl Pts',(30.1681659226705,-10.1528103051411,-28.099026751023));
#5810=CARTESIAN_POINT('Ctrl Pts',(24.6652235202705,-10.752030079674,-23.7692775410238));
#5811=CARTESIAN_POINT('Ctrl Pts',(21.1134657833575,-10.596425991803,-20.852034947955));
#5812=CARTESIAN_POINT('Ctrl Pts',(19.4110572114449,-10.3921848930163,-19.4078186421945));
#5813=CARTESIAN_POINT('Ctrl Pts',(34.0196595080237,-9.29051096814963,-33.8041193276389));
#5814=CARTESIAN_POINT('Ctrl Pts',(32.2190794624211,-9.85442289183836,-32.3033833641404));
#5815=CARTESIAN_POINT('Ctrl Pts',(28.5977174752274,-10.6961940066269,-29.2834055292666));
#5816=CARTESIAN_POINT('Ctrl Pts',(23.3014125353269,-11.0980187900443,-24.7641344675433));
#5817=CARTESIAN_POINT('Ctrl Pts',(19.9036157350013,-10.8249715456801,-21.7361600591154));
#5818=CARTESIAN_POINT('Ctrl Pts',(18.2806569135707,-10.5664011127425,-20.2421985135922));
#5819=CARTESIAN_POINT('Ctrl Pts',(32.2249672049909,-9.58754581633219,-35.3954751753266));
#5820=CARTESIAN_POINT('Ctrl Pts',(30.4974460102881,-10.0999122873236,-33.8182805942314));
#5821=CARTESIAN_POINT('Ctrl Pts',(27.0262692660223,-10.8436032791737,-30.6467158481665));
#5822=CARTESIAN_POINT('Ctrl Pts',(21.9651542552874,-11.1120776125069,-25.9115777857935));
#5823=CARTESIAN_POINT('Ctrl Pts',(18.7338984921317,-10.7607556967607,-22.7502806716717));
#5824=CARTESIAN_POINT('Ctrl Pts',(17.1957572297702,-10.4661847688139,-21.194348301879));
#5825=CARTESIAN_POINT('Ctrl Pts',(30.5418183746212,-9.39585047073641,-37.045584414406));
#5826=CARTESIAN_POINT('Ctrl Pts',(28.8967058459839,-9.88346572921334,-35.3938451469118));
#5827=CARTESIAN_POINT('Ctrl Pts',(25.5893371341985,-10.5823676635514,-32.0714130652175));
#5828=CARTESIAN_POINT('Ctrl Pts',(20.7716486555094,-10.7929576054095,-27.1126450243665));
#5829=CARTESIAN_POINT('Ctrl Pts',(17.7053457061824,-10.409558932606,-23.8070283146512));
#5830=CARTESIAN_POINT('Ctrl Pts',(16.2499088646643,-10.1001774985439,-22.1821643020497));
#5831=CARTESIAN_POINT('Ctrl Pts',(31.724289090501,-3.55894098969265,-37.0764320706371));
#5832=CARTESIAN_POINT('Ctrl Pts',(30.200074899396,-4.33763110048896,-35.3988314191964));
#5833=CARTESIAN_POINT('Ctrl Pts',(27.0860612942395,-5.62802791209162,-32.0406082781016));
#5834=CARTESIAN_POINT('Ctrl Pts',(22.3990606720213,-6.72534359656179,-27.0782326067475));
#5835=CARTESIAN_POINT('Ctrl Pts',(19.3179177812973,-6.92667536459004,-23.8033482071565));
#5836=CARTESIAN_POINT('Ctrl Pts',(17.8300377374084,-6.9005750784216,-22.2029418708252));
#5837=CARTESIAN_POINT('Ctrl Pts',(33.3344003712339,-4.04493384319487,-35.4366772203887));
#5838=CARTESIAN_POINT('Ctrl Pts',(31.7179228852662,-4.83266101336683,-33.8264313248632));
#5839=CARTESIAN_POINT('Ctrl Pts',(28.4261177520649,-6.13482488726818,-30.6091175074963));
#5840=CARTESIAN_POINT('Ctrl Pts',(23.4914625111517,-7.24228904151779,-25.8685744460111));
#5841=CARTESIAN_POINT('Ctrl Pts',(20.253105768283,-7.44839243209974,-22.7457519167023));
#5842=CARTESIAN_POINT('Ctrl Pts',(18.6885031120822,-7.42557863134494,-21.2203606758921));
#5843=CARTESIAN_POINT('Ctrl Pts',(34.8540006132986,-5.01716082015013,-33.8538604232293));
#5844=CARTESIAN_POINT('Ctrl Pts',(33.1352517687404,-5.78915759536539,-32.3042861039581));
#5845=CARTESIAN_POINT('Ctrl Pts',(29.6495365657006,-7.05258151459005,-29.2167771907653));
#5846=CARTESIAN_POINT('Ctrl Pts',(24.4557266275111,-8.09605181592879,-24.6902558621611));
#5847=CARTESIAN_POINT('Ctrl Pts',(21.0601219412323,-8.26017434183811,-21.7199597330894));
#5848=CARTESIAN_POINT('Ctrl Pts',(19.4204155820338,-8.21832378784326,-20.2713967414639));
#5849=CARTESIAN_POINT('Ctrl Pts',(36.1537713183303,-6.39288507355801,-32.4626799279015));
#5850=CARTESIAN_POINT('Ctrl Pts',(34.331130518236,-7.12559192031558,-30.9616567341465));
#5851=CARTESIAN_POINT('Ctrl Pts',(30.6523313979355,-8.30313628367235,-27.9821779061206));
#5852=CARTESIAN_POINT('Ctrl Pts',(25.2096622095828,-9.21404305098369,-23.6434529698458));
#5853=CARTESIAN_POINT('Ctrl Pts',(21.6703823020052,-9.29261203576467,-20.8133120147392));
#5854=CARTESIAN_POINT('Ctrl Pts',(19.9634891466898,-9.2113476649909,-19.4368072216958));
#5855=CARTESIAN_POINT('Ctrl Pts',(29.5876756063051,-11.9860765674949,-37.0764320706371));
#5856=CARTESIAN_POINT('Ctrl Pts',(27.9098953344445,-12.3246626693556,-35.3988314191964));
#5857=CARTESIAN_POINT('Ctrl Pts',(24.5632125498062,-12.727055693473,-32.0406080714553));
#5858=CARTESIAN_POINT('Ctrl Pts',(19.75396642044,-12.5191422262104,-27.0782323390394));
#5859=CARTESIAN_POINT('Ctrl Pts',(16.7327623389553,-11.8817272952807,-23.8033482071565));
#5860=CARTESIAN_POINT('Ctrl Pts',(15.3070986961294,-11.4551696468142,-22.2029418708252));
#5861=CARTESIAN_POINT('Ctrl Pts',(31.0069602903963,-12.8884503124049,-35.4366772203887));
#5862=CARTESIAN_POINT('Ctrl Pts',(29.2378999274844,-13.210846015915,-33.8264313248632));
#5863=CARTESIAN_POINT('Ctrl Pts',(25.7168438915336,-13.5766021675355,-30.60911730085));
#5864=CARTESIAN_POINT('Ctrl Pts',(20.6663888241557,-13.3116444207776,-25.868574178303));
#5865=CARTESIAN_POINT('Ctrl Pts',(17.4925134382722,-12.6364083780038,-22.7457519167023));
#5866=CARTESIAN_POINT('Ctrl Pts',(15.9920855825676,-12.1923158300802,-21.2203606758921));
#5867=CARTESIAN_POINT('Ctrl Pts',(32.207905934124,-14.2346077144995,-33.8538604232293));
#5868=CARTESIAN_POINT('Ctrl Pts',(30.3446107217931,-14.5142638664394,-32.3042861039581));
#5869=CARTESIAN_POINT('Ctrl Pts',(26.6472885121445,-14.7904023695306,-29.216778536311));
#5870=CARTESIAN_POINT('Ctrl Pts',(21.3645526916833,-14.3939049318291,-24.690256016275));
#5871=CARTESIAN_POINT('Ctrl Pts',(18.0505871242432,-13.6358175701803,-21.7199597330894));
#5872=CARTESIAN_POINT('Ctrl Pts',(16.4829766691359,-13.1531314668962,-20.2713967414639));
#5873=CARTESIAN_POINT('Ctrl Pts',(33.0883116540154,-15.9099903201917,-32.4626799279015));
#5874=CARTESIAN_POINT('Ctrl Pts',(31.1355773775193,-16.1237838066481,-30.9616567341465));
#5875=CARTESIAN_POINT('Ctrl Pts',(27.2755013529131,-16.2651339833251,-27.9821792516663));
#5876=CARTESIAN_POINT('Ctrl Pts',(21.788899871807,-15.6738474048701,-23.6434531239597));
#5877=CARTESIAN_POINT('Ctrl Pts',(18.3596690191724,-14.7946159486734,-20.8133120147392));
#5878=CARTESIAN_POINT('Ctrl Pts',(16.7379969571085,-14.2558508191957,-19.4368072216958));
#5879=CARTESIAN_POINT('',(32.9790412520954,-15.9218071180284,-32.37867966));
#5880=CARTESIAN_POINT('',(16.737655740774,-14.2543760671873,-19.4379235132796));
#5881=CARTESIAN_POINT('Ctrl Pts',(32.979041646552,-15.9218070990118,-32.3786800187802));
#5882=CARTESIAN_POINT('Ctrl Pts',(32.2110668323905,-15.9970796918907,-31.7961441391126));
#5883=CARTESIAN_POINT('Ctrl Pts',(31.4432093501372,-16.0516570437587,-31.2116116393804));
#5884=CARTESIAN_POINT('Ctrl Pts',(30.6763852666387,-16.0853581180009,-30.6250113894153));
#5885=CARTESIAN_POINT('Ctrl Pts',(29.932501146944,-16.1180510060895,-30.0559596082465));
#5886=CARTESIAN_POINT('Ctrl Pts',(29.1895894233631,-16.1310977683317,-29.4849618150932));
#5887=CARTESIAN_POINT('Ctrl Pts',(28.4485251266614,-16.124325892878,-28.9119821837748));
#5888=CARTESIAN_POINT('Ctrl Pts',(28.0675119525077,-16.1208441791143,-28.6173885985412));
#5889=CARTESIAN_POINT('Ctrl Pts',(27.6869877793698,-16.1121234418223,-28.322271617788));
#5890=CARTESIAN_POINT('Ctrl Pts',(27.3070758050107,-16.0981397778121,-28.0266296645963));
#5891=CARTESIAN_POINT('Ctrl Pts',(26.6503853185673,-16.0739685493675,-27.5156027132027));
#5892=CARTESIAN_POINT('Ctrl Pts',(25.9955485634643,-16.0340787088798,-27.003022901118));
#5893=CARTESIAN_POINT('Ctrl Pts',(25.343153685134,-15.9783498988482,-26.488808200273));
#5894=CARTESIAN_POINT('Ctrl Pts',(25.061779699769,-15.9543143984188,-26.2670304939851));
#5895=CARTESIAN_POINT('Ctrl Pts',(24.7808604254542,-15.9273323325251,-26.0449489910882));
#5896=CARTESIAN_POINT('Ctrl Pts',(24.5004453572667,-15.8973927957529,-25.8225585916212));
#5897=CARTESIAN_POINT('Ctrl Pts',(23.9754600531118,-15.8413408263627,-25.4062054610282));
#5898=CARTESIAN_POINT('Ctrl Pts',(23.4531877165871,-15.775026506103,-24.989520640565));
#5899=CARTESIAN_POINT('Ctrl Pts',(22.9337378174832,-15.6984639658747,-24.5723019061969));
#5900=CARTESIAN_POINT('Ctrl Pts',(22.5415774692047,-15.6406628333828,-24.2573212998663));
#5901=CARTESIAN_POINT('Ctrl Pts',(22.1510261453222,-15.5770197419634,-23.9420367271319));
#5902=CARTESIAN_POINT('Ctrl Pts',(21.7621396328274,-15.5075244300269,-23.6263678896258));
#5903=CARTESIAN_POINT('Ctrl Pts',(21.2790732416406,-15.4211988608366,-23.2342509062777));
#5904=CARTESIAN_POINT('Ctrl Pts',(20.7985896687392,-15.3258242596611,-22.8415771043864));
#5905=CARTESIAN_POINT('Ctrl Pts',(20.3207580411587,-15.221466303139,-22.4481552382729));
#5906=CARTESIAN_POINT('Ctrl Pts',(19.8418952471911,-15.1168831408943,-22.0538843630507));
#5907=CARTESIAN_POINT('Ctrl Pts',(19.365695699848,-15.0032776268809,-21.6588620202864));
#5908=CARTESIAN_POINT('Ctrl Pts',(18.8922352060355,-14.8806742416504,-21.2629270265272));
#5909=CARTESIAN_POINT('Ctrl Pts',(18.4173886591369,-14.7577119356596,-20.8658329351725));
#5910=CARTESIAN_POINT('Ctrl Pts',(17.9452971022647,-14.6256987929415,-20.4678206548356));
#5911=CARTESIAN_POINT('Ctrl Pts',(17.4760453881985,-14.4846205968822,-20.0687617314527));
#5912=CARTESIAN_POINT('Ctrl Pts',(17.2291245533365,-14.4103850748637,-19.858776430244));
#5913=CARTESIAN_POINT('Ctrl Pts',(16.9829901878501,-14.3336389205124,-19.6485019124399));
#5914=CARTESIAN_POINT('Ctrl Pts',(16.7376557388683,-14.254376068706,-19.4379235139931));
#5915=CARTESIAN_POINT('Ctrl Pts',(29.6143560282986,-12.0031076279274,-37.0455844143628));
#5916=CARTESIAN_POINT('Ctrl Pts',(30.4703465454565,-12.5557973371913,-36.0446710381612));
#5917=CARTESIAN_POINT('Ctrl Pts',(31.2389857061544,-13.2693984623663,-35.0635614662595));
#5918=CARTESIAN_POINT('Ctrl Pts',(32.3060849237169,-14.672119869455,-33.5198030225027));
#5919=CARTESIAN_POINT('Ctrl Pts',(32.6712869039509,-15.2733589330994,-32.9377504437339));
#5920=CARTESIAN_POINT('Ctrl Pts',(32.9790412520954,-15.9218071180284,-32.37867966));
#5921=CARTESIAN_POINT('Ctrl Pts',(16.737655740774,-14.2543760671873,-19.4379235132796));
#5922=CARTESIAN_POINT('Ctrl Pts',(16.6549324605218,-13.8342130471552,-19.773324240568));
#5923=CARTESIAN_POINT('Ctrl Pts',(16.5322410122009,-13.4326857460976,-20.1222782034178));
#5924=CARTESIAN_POINT('Ctrl Pts',(16.1216655549169,-12.4613347752297,-21.0488761473963));
#5925=CARTESIAN_POINT('Ctrl Pts',(15.7817317160335,-11.9319789943351,-21.6384315469652));
#5926=CARTESIAN_POINT('Ctrl Pts',(15.3671649129923,-11.4824366289554,-22.2396108770523));
#5927=CARTESIAN_POINT('Ctrl Pts',(32.1431850440329,-17.8649682099818,-32.4087391998926));
#5928=CARTESIAN_POINT('Ctrl Pts',(30.1819371534874,-17.9776911527054,-30.9797508521067));
#5929=CARTESIAN_POINT('Ctrl Pts',(26.3102533692194,-17.9155901824971,-28.0990264771318));
#5930=CARTESIAN_POINT('Ctrl Pts',(20.8497079236222,-17.0079134977257,-23.7692776735121));
#5931=CARTESIAN_POINT('Ctrl Pts',(17.4716396802283,-15.8998266678928,-20.852034947955));
#5932=CARTESIAN_POINT('Ctrl Pts',(15.8874646251949,-15.2438550471921,-19.4078186421945));
#5933=CARTESIAN_POINT('Ctrl Pts',(30.2515683883563,-18.1243879106518,-33.8041193276389));
#5934=CARTESIAN_POINT('Ctrl Pts',(28.3656171189638,-18.1815977679998,-32.3033833641404));
#5935=CARTESIAN_POINT('Ctrl Pts',(24.6514382421277,-18.015121821932,-29.2834052553754));
#5936=CARTESIAN_POINT('Ctrl Pts',(19.4431241126305,-16.9731202079622,-24.7641346000316));
#5937=CARTESIAN_POINT('Ctrl Pts',(16.2449933010692,-15.7934834960368,-21.7361600591154));
#5938=CARTESIAN_POINT('Ctrl Pts',(14.7519796631834,-15.1066325064215,-20.2421985135922));
#5939=CARTESIAN_POINT('Ctrl Pts',(28.4432891013352,-17.9262057123329,-35.3954751753266));
#5940=CARTESIAN_POINT('Ctrl Pts',(26.6415942591735,-17.9534926042717,-33.8182805942314));
#5941=CARTESIAN_POINT('Ctrl Pts',(23.0984927475995,-17.7330921984336,-30.6467153870554));
#5942=CARTESIAN_POINT('Ctrl Pts',(18.1526245787898,-16.6261384200643,-25.9115776583153));
#5943=CARTESIAN_POINT('Ctrl Pts',(15.1359775752969,-15.4160630096977,-22.7502806716717));
#5944=CARTESIAN_POINT('Ctrl Pts',(13.7343490486228,-14.7174300246591,-21.194348301879));
#5945=CARTESIAN_POINT('Ctrl Pts',(26.8742747806805,-17.2875108303441,-37.045584414406));
#5946=CARTESIAN_POINT('Ctrl Pts',(25.1586104649193,-17.3131979438898,-35.3938451469118));
#5947=CARTESIAN_POINT('Ctrl Pts',(21.785326482727,-17.0938642585421,-32.0714126041065));
#5948=CARTESIAN_POINT('Ctrl Pts',(17.0894749517436,-15.9968482913137,-27.1126448968883));
#5949=CARTESIAN_POINT('Ctrl Pts',(14.2403180697663,-14.8003893536189,-23.8070283146512));
#5950=CARTESIAN_POINT('Ctrl Pts',(12.9223228863915,-14.1098084619115,-22.1821643020497));
#5951=CARTESIAN_POINT('',(15.8466142882175,-15.2388048206521,-19.4379235132796));
#5952=CARTESIAN_POINT('',(31.9593678677731,-17.8807133331829,-32.37867966));
#5953=CARTESIAN_POINT('Ctrl Pts',(15.8466152451586,-15.2388033308915,-19.4379240425252));
#5954=CARTESIAN_POINT('Ctrl Pts',(16.2653181532787,-15.4109725061988,-19.8102717616699));
#5955=CARTESIAN_POINT('Ctrl Pts',(16.6878574248693,-15.575004151353,-20.1817026776783));
#5956=CARTESIAN_POINT('Ctrl Pts',(17.1139540390898,-15.7308844228558,-20.5522982381534));
#5957=CARTESIAN_POINT('Ctrl Pts',(17.542400349607,-15.8876242911835,-20.9249374361206));
#5958=CARTESIAN_POINT('Ctrl Pts',(17.9744434959717,-16.0361228005885,-21.2967322159616));
#5959=CARTESIAN_POINT('Ctrl Pts',(18.4098498221408,-16.1763525308816,-21.6677536201689));
#5960=CARTESIAN_POINT('Ctrl Pts',(18.8483321767841,-16.3175729464666,-22.0413961907103));
#5961=CARTESIAN_POINT('Ctrl Pts',(19.2902255380106,-16.450407502789,-22.4142545997721));
#5962=CARTESIAN_POINT('Ctrl Pts',(19.7353396627264,-16.5748122017315,-22.7863868122717));
#5963=CARTESIAN_POINT('Ctrl Pts',(20.1022521767776,-16.6773603760406,-23.0931395259378));
#5964=CARTESIAN_POINT('Ctrl Pts',(20.471354093279,-16.7741803017592,-23.3993985699553));
#5965=CARTESIAN_POINT('Ctrl Pts',(20.8425622641777,-16.8652380794817,-23.7051877699381));
#5966=CARTESIAN_POINT('Ctrl Pts',(20.8425627074183,-16.8652381882091,-23.7051881350654));
#5967=CARTESIAN_POINT('Ctrl Pts',(20.842563150659,-16.8652382969365,-23.7051885001926));
#5968=CARTESIAN_POINT('Ctrl Pts',(20.8425635938997,-16.8652384056639,-23.7051888653198));
#5969=CARTESIAN_POINT('Ctrl Pts',(21.3691134231268,-16.9944016438996,-24.1389434560806));
#5970=CARTESIAN_POINT('Ctrl Pts',(21.89987215767,-17.1119707384605,-24.5717748931443));
#5971=CARTESIAN_POINT('Ctrl Pts',(22.4344840098,-17.2179174537324,-25.0037877475057));
#5972=CARTESIAN_POINT('Ctrl Pts',(22.8047156305671,-17.2912881131254,-25.3029670841126));
#5973=CARTESIAN_POINT('Ctrl Pts',(23.1767961691717,-17.3590844301933,-25.6017535454424));
#5974=CARTESIAN_POINT('Ctrl Pts',(23.5506201006956,-17.4212912554949,-25.9001772759197));
#5975=CARTESIAN_POINT('Ctrl Pts',(24.1364805613213,-17.5187823903635,-26.367869816326));
#5976=CARTESIAN_POINT('Ctrl Pts',(24.7257262871187,-17.6023953666669,-26.8339598861254));
#5977=CARTESIAN_POINT('Ctrl Pts',(25.3177725224403,-17.6721668283502,-27.2984903741785));
#5978=CARTESIAN_POINT('Ctrl Pts',(25.660627338327,-17.7125715809225,-27.5675006396836));
#5979=CARTESIAN_POINT('Ctrl Pts',(26.0044222435556,-17.7483344400869,-27.8359875420507));
#5980=CARTESIAN_POINT('Ctrl Pts',(26.3490510244191,-17.77946210298,-28.1039563259478));
#5981=CARTESIAN_POINT('Ctrl Pts',(26.9537212427,-17.8340773056596,-28.574122348198));
#5982=CARTESIAN_POINT('Ctrl Pts',(27.5609869982507,-17.8744247824508,-29.0426999931214));
#5983=CARTESIAN_POINT('Ctrl Pts',(28.1702488439534,-17.9005373068226,-29.5097237976959));
#5984=CARTESIAN_POINT('Ctrl Pts',(28.7983244486324,-17.9274561753686,-29.9911691081588));
#5985=CARTESIAN_POINT('Ctrl Pts',(29.4285212478516,-17.9392475240576,-30.4709633658002));
#5986=CARTESIAN_POINT('Ctrl Pts',(30.0602344350867,-17.9359365823145,-30.9491217870786));
#5987=CARTESIAN_POINT('Ctrl Pts',(30.6919476223218,-17.9326256405713,-31.427280208357));
#5988=CARTESIAN_POINT('Ctrl Pts',(31.3251773836158,-17.9142124984371,-31.9038028979914));
#5989=CARTESIAN_POINT('Ctrl Pts',(31.9593687981038,-17.8807101658934,-32.3786803950806));
#5990=CARTESIAN_POINT('Ctrl Pts',(12.9695755740332,-14.1345752617657,-22.2396108770523));
#5991=CARTESIAN_POINT('Ctrl Pts',(13.4583681821453,-14.4996204264755,-21.6401709378863));
#5992=CARTESIAN_POINT('Ctrl Pts',(14.0168360684456,-14.7840335121419,-21.0525481958241));
#5993=CARTESIAN_POINT('Ctrl Pts',(15.0166731076932,-15.1028696380643,-20.1258748405236));
#5994=CARTESIAN_POINT('Ctrl Pts',(15.4246465508056,-15.1900255465758,-19.7758870131656));
#5995=CARTESIAN_POINT('Ctrl Pts',(15.8466142882175,-15.2388048206521,-19.4379235132796));
#5996=CARTESIAN_POINT('Ctrl Pts',(31.9593678677731,-17.8807133331829,-32.37867966));
#5997=CARTESIAN_POINT('Ctrl Pts',(31.26317055938,-17.9735958782566,-32.9408991411272));
#5998=CARTESIAN_POINT('Ctrl Pts',(30.573505243803,-18.0002887608623,-33.5225205566409));
#5999=CARTESIAN_POINT('Ctrl Pts',(28.8338056526196,-17.8991459440544,-35.0659200450499));
#6000=CARTESIAN_POINT('Ctrl Pts',(27.8150329434326,-17.6725880272208,-36.0460599672837));
#6001=CARTESIAN_POINT('Ctrl Pts',(26.8742747807027,-17.2875108303573,-37.0455844143628));
#6002=CARTESIAN_POINT('Origin',(0.,0.,-20.8387671951659));
#6003=CARTESIAN_POINT('Origin',(0.,0.,-19.4379235132796));
#6004=CARTESIAN_POINT('Origin',(0.,0.,-34.7121320371814));
#6005=CARTESIAN_POINT('Origin',(0.,0.,-32.37867966));
#6006=CARTESIAN_POINT('Origin',(0.,0.,-25.9083015866398));
#6007=CARTESIAN_POINT('Origin',(0.,0.,-25.9083015866398));
#6008=CARTESIAN_POINT('',(27.4604367903699,-24.2290221654364,-32.37867966));
#6009=CARTESIAN_POINT('',(12.2711934246824,-18.2415506110501,-19.4379235132796));
#6010=CARTESIAN_POINT('Ctrl Pts',(27.4604371752946,-24.2290222535143,-32.3786800187163));
#6011=CARTESIAN_POINT('Ctrl Pts',(26.7006346482125,-24.0943067635346,-31.7961456720966));
#6012=CARTESIAN_POINT('Ctrl Pts',(25.9465285762479,-23.9396952238875,-31.2116147067105));
#6013=CARTESIAN_POINT('Ctrl Pts',(25.1990498961059,-23.7652604657462,-30.6250159994989));
#6014=CARTESIAN_POINT('Ctrl Pts',(24.4739323216675,-23.5960439889669,-30.0559656131236));
#6015=CARTESIAN_POINT('Ctrl Pts',(23.7550515120477,-23.4081723570817,-29.4849692219818));
#6016=CARTESIAN_POINT('Ctrl Pts',(23.0432965902536,-23.2017155384793,-28.911991006483));
#6017=CARTESIAN_POINT('Ctrl Pts',(22.6773480551092,-23.095565840002,-28.6173944645961));
#6018=CARTESIAN_POINT('Ctrl Pts',(22.3132838967633,-22.9845032276089,-28.3222745177441));
#6019=CARTESIAN_POINT('Ctrl Pts',(21.9512291978504,-22.8685379236109,-28.0266295898701));
#6020=CARTESIAN_POINT('Ctrl Pts',(21.3254111738974,-22.6680898211197,-27.5156020431777));
#6021=CARTESIAN_POINT('Ctrl Pts',(20.7056189894413,-22.4530060947461,-27.0030216381215));
#6022=CARTESIAN_POINT('Ctrl Pts',(20.0924514507164,-22.2233295294614,-26.4888063438016));
#6023=CARTESIAN_POINT('Ctrl Pts',(19.8279969955787,-22.1242717889675,-26.2670292324991));
#6024=CARTESIAN_POINT('Ctrl Pts',(19.564775357222,-22.0224994441394,-26.0449483268255));
#6025=CARTESIAN_POINT('Ctrl Pts',(19.3028371368728,-21.9180153475045,-25.8225585266474));
#6026=CARTESIAN_POINT('Ctrl Pts',(18.8124422269476,-21.7224025457928,-25.406205289303));
#6027=CARTESIAN_POINT('Ctrl Pts',(18.3274284324729,-21.5176398950459,-24.9895203633334));
#6028=CARTESIAN_POINT('Ctrl Pts',(17.8478973495334,-21.3037705364362,-24.5723015230836));
#6029=CARTESIAN_POINT('Ctrl Pts',(17.4858740656468,-21.1423092875595,-24.2573210348101));
#6030=CARTESIAN_POINT('Ctrl Pts',(17.1269762775171,-20.9756568291603,-23.9420365803014));
#6031=CARTESIAN_POINT('Ctrl Pts',(16.7712604710503,-20.8038183311692,-23.6263678606307));
#6032=CARTESIAN_POINT('Ctrl Pts',(16.3293979289869,-20.5903642361688,-23.2342509504799));
#6033=CARTESIAN_POINT('Ctrl Pts',(15.8924638222466,-20.3688935110246,-22.8415772209476));
#6034=CARTESIAN_POINT('Ctrl Pts',(15.4605069966075,-20.1394880465971,-22.4481554265584));
#6035=CARTESIAN_POINT('Ctrl Pts',(15.0276180206049,-19.909587531798,-22.0538846392909));
#6036=CARTESIAN_POINT('Ctrl Pts',(14.599727728611,-19.6717177771031,-21.6588623839054));
#6037=CARTESIAN_POINT('Ctrl Pts',(14.1769025131873,-19.4259228071507,-21.2629274771524));
#6038=CARTESIAN_POINT('Ctrl Pts',(13.7528395006239,-19.1794082861884,-20.8658334931325));
#6039=CARTESIAN_POINT('Ctrl Pts',(13.3338711995538,-18.9249218490002,-20.4678213198488));
#6040=CARTESIAN_POINT('Ctrl Pts',(12.9200831533974,-18.6624726985958,-20.0687625034339));
#6041=CARTESIAN_POINT('Ctrl Pts',(12.7023470452315,-18.5243714239667,-19.8587769457974));
#6042=CARTESIAN_POINT('Ctrl Pts',(12.486045606534,-18.3840647992056,-19.6485021706791));
#6043=CARTESIAN_POINT('Ctrl Pts',(12.2711934224376,-18.2415506119982,-19.4379235139931));
#6044=CARTESIAN_POINT('',(11.1475985071532,-18.9490739690568,-19.4379235132796));
#6045=CARTESIAN_POINT('Origin',(0.,0.,-19.4379235132796));
#6046=CARTESIAN_POINT('',(25.9500690893094,-25.8401822375768,-32.37867966));
#6047=CARTESIAN_POINT('Ctrl Pts',(11.147599830541,-18.9490727927201,-19.4379240425252));
#6048=CARTESIAN_POINT('Ctrl Pts',(11.5043254700689,-19.2278222064686,-19.8102718228644));
#6049=CARTESIAN_POINT('Ctrl Pts',(11.8669406865941,-19.4997708852001,-20.1817027988569));
#6050=CARTESIAN_POINT('Ctrl Pts',(12.2351805431211,-19.7648302211641,-20.5522984187394));
#6051=CARTESIAN_POINT('Ctrl Pts',(12.605451036919,-20.0313512114195,-20.9249376666126));
#6052=CARTESIAN_POINT('Ctrl Pts',(12.9814084768451,-20.2909068660034,-21.2967324958212));
#6053=CARTESIAN_POINT('Ctrl Pts',(13.3628352714475,-20.5434077432222,-21.6677539494794));
#6054=CARTESIAN_POINT('Ctrl Pts',(13.7469567274776,-20.7976924604436,-22.0413965540746));
#6055=CARTESIAN_POINT('Ctrl Pts',(14.1366251788062,-21.0448225658829,-22.4142549973407));
#6056=CARTESIAN_POINT('Ctrl Pts',(14.5316693097936,-21.2847043673648,-22.7863872448071));
#6057=CARTESIAN_POINT('Ctrl Pts',(14.8573083849067,-21.4824414854326,-23.0931398108604));
#6058=CARTESIAN_POINT('Ctrl Pts',(15.1866011339693,-21.6752534731836,-23.3993987083499));
#6059=CARTESIAN_POINT('Ctrl Pts',(15.5194766395645,-21.8630852560576,-23.7051877631863));
#6060=CARTESIAN_POINT('Ctrl Pts',(15.5194770370342,-21.8630854803381,-23.7051881283136));
#6061=CARTESIAN_POINT('Ctrl Pts',(15.519477434504,-21.8630857046185,-23.7051884934408));
#6062=CARTESIAN_POINT('Ctrl Pts',(15.5194778319739,-21.8630859288989,-23.705188858568));
#6063=CARTESIAN_POINT('Ctrl Pts',(15.9916539126128,-22.1295208743047,-24.1389434327087));
#6064=CARTESIAN_POINT('Ctrl Pts',(16.4710108874174,-22.3859271715397,-24.5717748551047));
#6065=CARTESIAN_POINT('Ctrl Pts',(16.957213778908,-22.6321816402454,-25.0037876954499));
#6066=CARTESIAN_POINT('Ctrl Pts',(17.2939210605352,-22.8027188258476,-25.3029670537929));
#6067=CARTESIAN_POINT('Ctrl Pts',(17.633912638679,-22.9683872132058,-25.6017535370891));
#6068=CARTESIAN_POINT('Ctrl Pts',(17.9770909884147,-23.1291437438999,-25.9001772893453));
#6069=CARTESIAN_POINT('Ctrl Pts',(18.5149232831344,-23.3810828707737,-26.3678697635306));
#6070=CARTESIAN_POINT('Ctrl Pts',(19.059759591346,-23.6205718172652,-26.8339597672359));
#6071=CARTESIAN_POINT('Ctrl Pts',(19.6110269539962,-23.8474881015404,-27.2984901877033));
#6072=CARTESIAN_POINT('Ctrl Pts',(19.9302667995231,-23.9788956987384,-27.5675005259168));
#6073=CARTESIAN_POINT('Ctrl Pts',(20.2516642427928,-24.1060871671206,-27.8359875000579));
#6074=CARTESIAN_POINT('Ctrl Pts',(20.5751152015433,-24.2290402990022,-28.1039563544957));
#6075=CARTESIAN_POINT('Ctrl Pts',(21.142627461418,-24.4447682411989,-28.5741222515006));
#6076=CARTESIAN_POINT('Ctrl Pts',(21.7164883924494,-24.6474578161554,-29.0426997690724));
#6077=CARTESIAN_POINT('Ctrl Pts',(22.2961119335886,-24.8369788539714,-29.5097234460899));
#6078=CARTESIAN_POINT('Ctrl Pts',(22.8936342511897,-25.0323523019294,-29.9911688154716));
#6079=CARTESIAN_POINT('Ctrl Pts',(23.4972804604912,-25.213731486194,-30.4709631305087));
#6080=CARTESIAN_POINT('Ctrl Pts',(24.1064613743521,-25.380977526515,-30.949121609719));
#6081=CARTESIAN_POINT('Ctrl Pts',(24.715642288213,-25.548223566836,-31.4272800889293));
#6082=CARTESIAN_POINT('Ctrl Pts',(25.3303580614848,-25.7013366001089,-31.9038028370314));
#6083=CARTESIAN_POINT('Ctrl Pts',(25.9500708396262,-25.8401794387439,-32.3786803951118));
#6084=CARTESIAN_POINT('Origin',(0.,0.,-32.37867966));
#6085=CARTESIAN_POINT('Origin',(0.,0.,-34.7121320371814));
#6086=CARTESIAN_POINT('Ctrl Pts',(25.2777756914562,-19.547857473157,-37.0455844143628));
#6087=CARTESIAN_POINT('Ctrl Pts',(25.9529098592222,-20.3109954264167,-36.0446710381612));
#6088=CARTESIAN_POINT('Ctrl Pts',(26.5005185153245,-21.2055106498597,-35.0635614662595));
#6089=CARTESIAN_POINT('Ctrl Pts',(27.1495970927653,-22.8441152654808,-33.5198030225027));
#6090=CARTESIAN_POINT('Ctrl Pts',(27.3390440348416,-23.5215890687801,-32.9377504437339));
#6091=CARTESIAN_POINT('Ctrl Pts',(27.4604367903699,-24.2290221654364,-32.37867966));
#6092=CARTESIAN_POINT('Ctrl Pts',(25.9500690893094,-25.8401822375768,-32.37867966));
#6093=CARTESIAN_POINT('Ctrl Pts',(25.2546292548949,-25.7417886600285,-32.9408991411272));
#6094=CARTESIAN_POINT('Ctrl Pts',(24.5833369465018,-25.581422222817,-33.5225205566409));
#6095=CARTESIAN_POINT('Ctrl Pts',(22.9354381407598,-25.0146647235371,-35.0659200450499));
#6096=CARTESIAN_POINT('Ctrl Pts',(22.0155688816473,-24.521646601351,-36.0460599672837));
#6097=CARTESIAN_POINT('Ctrl Pts',(21.2135891679012,-23.8970355967836,-37.0455844143628));
#6098=CARTESIAN_POINT('Origin',(0.,0.,-20.8387671951659));
#6099=CARTESIAN_POINT('Ctrl Pts',(12.2711934246824,-18.2415506110501,-19.4379235132796));
#6100=CARTESIAN_POINT('Ctrl Pts',(12.3048963742256,-17.8146499016453,-19.773324240568));
#6101=CARTESIAN_POINT('Ctrl Pts',(12.2950854269844,-17.3949105655093,-20.1222782034178));
#6102=CARTESIAN_POINT('Ctrl Pts',(12.1618025770054,-16.348807990887,-21.0488761473963));
#6103=CARTESIAN_POINT('Ctrl Pts',(11.9772928874687,-15.7473691061683,-21.6384315469652));
#6104=CARTESIAN_POINT('Ctrl Pts',(11.6993844247375,-15.2026482062596,-22.2396108770523));
#6105=CARTESIAN_POINT('Ctrl Pts',(8.67516576250001,-17.1095764820239,-22.2396108770523));
#6106=CARTESIAN_POINT('Ctrl Pts',(9.04734460801374,-17.5929594492197,-21.6401709378863));
#6107=CARTESIAN_POINT('Ctrl Pts',(9.5083692579733,-18.0174985586745,-21.0525481958241));
#6108=CARTESIAN_POINT('Ctrl Pts',(10.3851086702933,-18.5942641810285,-20.1258748405237));
#6109=CARTESIAN_POINT('Ctrl Pts',(10.7544389687415,-18.7882580296982,-19.7758870131656));
#6110=CARTESIAN_POINT('Ctrl Pts',(11.1475985071532,-18.9490739690568,-19.4379235132796));
#6111=CARTESIAN_POINT('Ctrl Pts',(26.1313178094426,-25.8746142668931,-32.4087391998926));
#6112=CARTESIAN_POINT('Ctrl Pts',(24.2123860248798,-25.4540187888147,-30.9797508521067));
#6113=CARTESIAN_POINT('Ctrl Pts',(20.5010293475955,-24.3496529156641,-28.0990265341556));
#6114=CARTESIAN_POINT('Ctrl Pts',(15.4878638999222,-22.0023977220384,-23.769277646217));
#6115=CARTESIAN_POINT('Ctrl Pts',(12.5340219894498,-20.0240099368921,-20.852034947955));
#6116=CARTESIAN_POINT('Ctrl Pts',(11.1855714680087,-18.9649582085143,-19.4078186421945));
#6117=CARTESIAN_POINT('Ctrl Pts',(24.2398568330412,-25.6140619153785,-33.8041193276389));
#6118=CARTESIAN_POINT('Ctrl Pts',(22.4084067178568,-25.1603267129841,-32.3033833641404));
#6119=CARTESIAN_POINT('Ctrl Pts',(18.8768742702574,-23.9979506866783,-29.2834053123992));
#6120=CARTESIAN_POINT('Ctrl Pts',(14.1428271494508,-21.5894028912741,-24.7641345727365));
#6121=CARTESIAN_POINT('Ctrl Pts',(11.3815540298963,-19.590665025872,-21.7361600591154));
#6122=CARTESIAN_POINT('Ctrl Pts',(10.1292155669942,-18.5264740753444,-20.2421985135922));
#6123=CARTESIAN_POINT('Ctrl Pts',(22.5521023644229,-24.9353609375842,-35.3954751753266));
#6124=CARTESIAN_POINT('Ctrl Pts',(20.8098573390401,-24.4755445065246,-33.8182805942314));
#6125=CARTESIAN_POINT('Ctrl Pts',(17.4576068986512,-23.307400007626,-30.646715483555));
#6126=CARTESIAN_POINT('Ctrl Pts',(12.993797405499,-20.9071157622355,-25.9115776855616));
#6127=CARTESIAN_POINT('Ctrl Pts',(10.4154904441923,-18.9280314530011,-22.7502806716717));
#6128=CARTESIAN_POINT('Ctrl Pts',(9.2543270290052,-17.8771508233378,-21.194348301879));
#6129=CARTESIAN_POINT('Ctrl Pts',(21.2135891678833,-23.8970355967649,-37.045584414406));
#6130=CARTESIAN_POINT('Ctrl Pts',(19.5546160386561,-23.4588894696784,-35.3938451469118));
#6131=CARTESIAN_POINT('Ctrl Pts',(16.3655980352596,-22.3375883554939,-32.071412700606));
#6132=CARTESIAN_POINT('Ctrl Pts',(12.1398526954368,-20.0143270818705,-27.1126449241346));
#6133=CARTESIAN_POINT('Ctrl Pts',(9.71915118723603,-18.09354260355,-23.8070283146512));
#6134=CARTESIAN_POINT('Ctrl Pts',(8.63634733532871,-17.0729794797378,-22.1821643020497));
#6135=CARTESIAN_POINT('Ctrl Pts',(25.256679576999,-19.5242596789378,-37.0764320706371));
#6136=CARTESIAN_POINT('Ctrl Pts',(23.5497665118126,-19.3976303896162,-35.3988314191965));
#6137=CARTESIAN_POINT('Ctrl Pts',(20.2186234574639,-18.8821775285713,-32.0406080908298));
#6138=CARTESIAN_POINT('Ctrl Pts',(15.6438115985924,-17.3844549850571,-27.0782323639243));
#6139=CARTESIAN_POINT('Ctrl Pts',(12.9066144612272,-15.955565867766,-23.8033482071565));
#6140=CARTESIAN_POINT('Ctrl Pts',(11.6489021698756,-15.1601866864168,-22.2029418708252));
#6141=CARTESIAN_POINT('Ctrl Pts',(26.3798758122247,-20.7760893826808,-35.4366772203887));
#6142=CARTESIAN_POINT('Ctrl Pts',(24.5894356865732,-20.6092430050618,-33.8264313248632));
#6143=CARTESIAN_POINT('Ctrl Pts',(21.1002701239896,-20.011466525955,-30.6091173202245));
#6144=CARTESIAN_POINT('Ctrl Pts',(16.3085843712646,-18.3937376669207,-25.8685742031879));
#6145=CARTESIAN_POINT('Ctrl Pts',(13.434581409469,-16.8872397222331,-22.7457519167023));
#6146=CARTESIAN_POINT('Ctrl Pts',(12.1096082243176,-16.054804739832,-21.2203606758921));
#6147=CARTESIAN_POINT('Ctrl Pts',(27.1730982131809,-22.3963388736617,-33.8538604232293));
#6148=CARTESIAN_POINT('Ctrl Pts',(25.3034487149676,-22.1629135848786,-32.3042861039581));
#6149=CARTESIAN_POINT('Ctrl Pts',(21.6687318978904,-21.4312864636534,-29.2167784122749));
#6150=CARTESIAN_POINT('Ctrl Pts',(16.6888681165605,-19.6242271860413,-24.6902560003862));
#6151=CARTESIAN_POINT('Ctrl Pts',(13.7023228361906,-18.0001545890569,-21.7199597330894));
#6152=CARTESIAN_POINT('Ctrl Pts',(12.3230707812889,-17.1124315566221,-20.2713967414639));
#6153=CARTESIAN_POINT('Ctrl Pts',(27.5688432832759,-24.2471243681394,-32.4626799279015));
#6154=CARTESIAN_POINT('Ctrl Pts',(25.6308408985008,-23.9261484094444,-30.9616567341465));
#6155=CARTESIAN_POINT('Ctrl Pts',(21.8757710746754,-23.0208208248132,-27.9821791276302));
#6156=CARTESIAN_POINT('Ctrl Pts',(16.7521550056458,-20.9711934191902,-23.6434531080709));
#6157=CARTESIAN_POINT('Ctrl Pts',(13.6873030750846,-19.1993708775334,-20.8133120147392));
#6158=CARTESIAN_POINT('Ctrl Pts',(12.2711241044594,-18.2430627343188,-19.4368072216957));
#6159=CARTESIAN_POINT('Ctrl Pts',(19.0525111650877,-25.6144177675387,-37.0764320706371));
#6160=CARTESIAN_POINT('Ctrl Pts',(17.4430592400129,-25.0319646021333,-35.3988314191964));
#6161=CARTESIAN_POINT('Ctrl Pts',(14.3745113323977,-23.6368950678869,-32.0406081695663));
#6162=CARTESIAN_POINT('Ctrl Pts',(10.3734265911737,-20.9604426899442,-27.0782324655013));
#6163=CARTESIAN_POINT('Ctrl Pts',(8.1232420327423,-18.8460531116961,-23.8033482071565));
#6164=CARTESIAN_POINT('Ctrl Pts',(7.1267598598635,-17.7408420327272,-22.2029418708252));
#6165=CARTESIAN_POINT('Ctrl Pts',(19.7963166249622,-27.122860947728,-35.4366772203887));
#6166=CARTESIAN_POINT('Ctrl Pts',(18.1172854899721,-26.4791467215365,-33.8264313248631));
#6167=CARTESIAN_POINT('Ctrl Pts',(14.9187856237305,-24.9621723898093,-30.609117398961));
#6168=CARTESIAN_POINT('Ctrl Pts',(10.7412465773864,-22.1116519797515,-25.868574304765));
#6169=CARTESIAN_POINT('Ctrl Pts',(8.38026793664591,-19.8856217502456,-22.7457519167023));
#6170=CARTESIAN_POINT('Ctrl Pts',(7.32901662184131,-18.7265822278751,-21.2203606758921));
#6171=CARTESIAN_POINT('Ctrl Pts',(20.122986106419,-28.8970360349973,-33.8538604232293));
#6172=CARTESIAN_POINT('Ctrl Pts',(18.3856456725283,-28.1678413913106,-32.3042861039581));
#6173=CARTESIAN_POINT('Ctrl Pts',(15.0831044512536,-26.4827097937229,-29.2167779037923));
#6174=CARTESIAN_POINT('Ctrl Pts',(10.7754467984073,-23.399110265436,-24.690255938813));
#6175=CARTESIAN_POINT('Ctrl Pts',(8.33781994733357,-21.0295024872911,-21.7199597330894));
#6176=CARTESIAN_POINT('Ctrl Pts',(7.24921910789143,-19.8025808819586,-20.2713967414639));
#6177=CARTESIAN_POINT('Ctrl Pts',(20.0047199252818,-30.7859601249154,-32.4626799279015));
#6178=CARTESIAN_POINT('Ctrl Pts',(18.2251822033356,-29.954020039558,-30.9616567341465));
#6179=CARTESIAN_POINT('Ctrl Pts',(14.8536148154541,-28.0691584103166,-27.9821786191476));
#6180=CARTESIAN_POINT('Ctrl Pts',(10.4729796974089,-24.7132019351405,-23.6434530464977));
#6181=CARTESIAN_POINT('Ctrl Pts',(7.99981247716297,-22.1801962996843,-20.8133120147392));
#6182=CARTESIAN_POINT('Ctrl Pts',(6.89415811363997,-20.8772701428963,-19.4368072216958));
#6183=CARTESIAN_POINT('',(19.905217355042,-30.7392814792351,-32.37867966));
#6184=CARTESIAN_POINT('',(6.89463282925654,-20.8758327956326,-19.4379235132796));
#6185=CARTESIAN_POINT('Ctrl Pts',(19.9052177018275,-30.7392816677264,-32.3786800184542));
#6186=CARTESIAN_POINT('Ctrl Pts',(19.2099440560684,-30.404573152304,-31.7961519852763));
#6187=CARTESIAN_POINT('Ctrl Pts',(18.525523265438,-30.0522436292845,-31.2116273388537));
#6188=CARTESIAN_POINT('Ctrl Pts',(17.8528320807272,-29.6826143996255,-30.6250349853162));
#6189=CARTESIAN_POINT('Ctrl Pts',(17.2002642228324,-29.3240425020056,-30.055990341495));
#6190=CARTESIAN_POINT('Ctrl Pts',(16.5587347215571,-28.9491902107299,-29.4849997227033));
#6191=CARTESIAN_POINT('Ctrl Pts',(15.9290808393752,-28.5583647895062,-28.9120273364035));
#6192=CARTESIAN_POINT('Ctrl Pts',(15.6053278519247,-28.3574116924581,-28.6174186203444));
#6193=CARTESIAN_POINT('Ctrl Pts',(15.2847151104357,-28.152235915752,-28.3222864604263));
#6194=CARTESIAN_POINT('Ctrl Pts',(14.9673603177238,-27.9428810573316,-28.0266292841309));
#6195=CARTESIAN_POINT('Ctrl Pts',(14.4188269652793,-27.5810206885042,-27.5155992766691));
#6196=CARTESIAN_POINT('Ctrl Pts',(13.8800447516222,-27.2066930725309,-27.003016420333));
#6197=CARTESIAN_POINT('Ctrl Pts',(13.3515787299642,-26.8201009606221,-26.4887986725197));
#6198=CARTESIAN_POINT('Ctrl Pts',(13.1236590048273,-26.6533693936428,-26.2670240210967));
#6199=CARTESIAN_POINT('Ctrl Pts',(12.8976587304572,-26.4843565496591,-26.0449455845294));
#6200=CARTESIAN_POINT('Ctrl Pts',(12.6736258594036,-26.3130788264135,-25.8225582619727));
#6201=CARTESIAN_POINT('Ctrl Pts',(12.254191384005,-25.9924125703452,-25.4062045834558));
#6202=CARTESIAN_POINT('Ctrl Pts',(11.8424070932715,-25.6643875617559,-24.9895192213741));
#6203=CARTESIAN_POINT('Ctrl Pts',(11.4383591696717,-25.3290727490737,-24.5722999433752));
#6204=CARTESIAN_POINT('Ctrl Pts',(11.1333228928405,-25.0759265848374,-24.2573199428616));
#6205=CARTESIAN_POINT('Ctrl Pts',(10.832696763717,-24.818624976604,-23.9420359767605));
#6206=CARTESIAN_POINT('Ctrl Pts',(10.5365337753336,-24.5571881406755,-23.6263677438348));
#6207=CARTESIAN_POINT('Ctrl Pts',(10.1686461825748,-24.2324366626018,-23.2342511361676));
#6208=CARTESIAN_POINT('Ctrl Pts',(9.80766710423293,-23.9012955160185,-22.841577705578));
#6209=CARTESIAN_POINT('Ctrl Pts',(9.453621487471,-23.5638567329758,-22.4481562074965));
#6210=CARTESIAN_POINT('Ctrl Pts',(9.09881191065661,-23.2256898241261,-22.0538857840391));
#6211=CARTESIAN_POINT('Ctrl Pts',(8.75096571037312,-22.8811978341914,-21.6588638900733));
#6212=CARTESIAN_POINT('Ctrl Pts',(8.41013494626885,-22.5304410672819,-21.2629293432588));
#6213=CARTESIAN_POINT('Ctrl Pts',(8.06830649158883,-22.1786575540877,-20.8658358043356));
#6214=CARTESIAN_POINT('Ctrl Pts',(7.73353460578025,-21.8205722928751,-20.4678240750494));
#6215=CARTESIAN_POINT('Ctrl Pts',(7.40589918419349,-21.4562172242907,-20.068765702417));
#6216=CARTESIAN_POINT('Ctrl Pts',(7.23349569743328,-21.264491665624,-19.8587790821381));
#6217=CARTESIAN_POINT('Ctrl Pts',(7.06306869748599,-21.0710295879339,-19.6485032407421));
#6218=CARTESIAN_POINT('Ctrl Pts',(6.89463282683917,-20.8758327959399,-19.4379235139931));
#6219=CARTESIAN_POINT('Ctrl Pts',(19.0664583697077,-25.6428321551002,-37.0455844143628));
#6220=CARTESIAN_POINT('Ctrl Pts',(19.5106645753919,-26.5598199014862,-36.0446710381612));
#6221=CARTESIAN_POINT('Ctrl Pts',(19.7966290980183,-27.5689071212092,-35.0635614662596));
#6222=CARTESIAN_POINT('Ctrl Pts',(19.9795478465857,-29.3218671371394,-33.5198030225027));
#6223=CARTESIAN_POINT('Ctrl Pts',(19.9791893374725,-30.0253305473394,-32.9377504437339));
#6224=CARTESIAN_POINT('Ctrl Pts',(19.905217355042,-30.7392814792351,-32.37867966));
#6225=CARTESIAN_POINT('Ctrl Pts',(6.89463282925654,-20.8758327956326,-19.4379235132796));
#6226=CARTESIAN_POINT('Ctrl Pts',(7.04226241500839,-20.4738556695309,-19.773324240568));
#6227=CARTESIAN_POINT('Ctrl Pts',(7.14605960192166,-20.0670344446979,-20.1222782034178));
#6228=CARTESIAN_POINT('Ctrl Pts',(7.29995433850202,-19.0237649086801,-21.0488761473963));
#6229=CARTESIAN_POINT('Ctrl Pts',(7.28455303790932,-18.3948488908172,-21.6384315469652));
#6230=CARTESIAN_POINT('Ctrl Pts',(7.16391411482234,-17.7953489135934,-22.2396108770523));
#6231=CARTESIAN_POINT('Ctrl Pts',(18.1814102757504,-31.965258552113,-32.4087391998926));
#6232=CARTESIAN_POINT('Ctrl Pts',(16.4471129891025,-31.0425382957454,-30.9797508521067));
#6233=CARTESIAN_POINT('Ctrl Pts',(13.1713376557603,-28.9778132310624,-28.0990266771429));
#6234=CARTESIAN_POINT('Ctrl Pts',(8.97735572655931,-25.3650644986199,-23.7692775771052));
#6235=CARTESIAN_POINT('Ctrl Pts',(6.66681322704904,-22.6631039926222,-20.852034947955));
#6236=CARTESIAN_POINT('Ctrl Pts',(5.65409564562476,-21.2795171784219,-19.4078186421945));
#6237=CARTESIAN_POINT('Ctrl Pts',(16.4303859863859,-31.2040581243779,-33.8041193276389));
#6238=CARTESIAN_POINT('Ctrl Pts',(14.789267302126,-30.2730293265021,-32.3033833641404));
#6239=CARTESIAN_POINT('Ctrl Pts',(11.7022987802469,-28.2009612790491,-29.2834054553865));
#6240=CARTESIAN_POINT('Ctrl Pts',(7.79362125925708,-24.604498064127,-24.7641345036247));
#6241=CARTESIAN_POINT('Ctrl Pts',(5.67399696347102,-21.9348965520673,-21.7361600591154));
#6242=CARTESIAN_POINT('Ctrl Pts',(4.75521389027887,-20.5722918150785,-20.2421985135922));
#6243=CARTESIAN_POINT('Ctrl Pts',(14.9883293641448,-30.0951745137808,-35.3954751753266));
#6244=CARTESIAN_POINT('Ctrl Pts',(13.4347484988328,-29.1823572408943,-33.8182805942314));
#6245=CARTESIAN_POINT('Ctrl Pts',(10.5219699247066,-27.1531048252345,-30.6467157243766));
#6246=CARTESIAN_POINT('Ctrl Pts',(6.87127935921413,-23.6375080538367,-25.9115777522468));
#6247=CARTESIAN_POINT('Ctrl Pts',(4.92253403454026,-21.0361943934176,-22.7502806716717));
#6248=CARTESIAN_POINT('Ctrl Pts',(4.0879539093754,-19.7110051279727,-21.194348301879));
#6249=CARTESIAN_POINT('Ctrl Pts',(13.9795886922172,-28.7342265546372,-37.045584414406));
#6250=CARTESIAN_POINT('Ctrl Pts',(12.5003451972218,-27.8647424807794,-35.3938451469118));
#6251=CARTESIAN_POINT('Ctrl Pts',(9.73210776458555,-25.9246359545072,-32.0714129414276));
#6252=CARTESIAN_POINT('Ctrl Pts',(6.28987273874405,-22.5474348740434,-27.1126449908198));
#6253=CARTESIAN_POINT('Ctrl Pts',(4.47715932330661,-20.0447805710254,-23.8070283146512));
#6254=CARTESIAN_POINT('Ctrl Pts',(3.70985341106471,-18.769925713236,-22.1821643020497));
#6255=CARTESIAN_POINT('',(5.62181634168322,-21.2539769874217,-19.4379235132796));
#6256=CARTESIAN_POINT('',(18.0161724001585,-31.8832030363776,-32.37867966));
#6257=CARTESIAN_POINT('Ctrl Pts',(5.621817933368,-21.2539762117526,-19.4379240425252));
#6258=CARTESIAN_POINT('Ctrl Pts',(5.89010963668619,-21.6186324162885,-19.810271975483));
#6259=CARTESIAN_POINT('Ctrl Pts',(6.16590732788262,-21.9783290501919,-20.1817031010407));
#6260=CARTESIAN_POINT('Ctrl Pts',(6.44897980470347,-22.3329093169455,-20.552298869034));
#6261=CARTESIAN_POINT('Ctrl Pts',(6.73361324947478,-22.6894448724594,-20.9249382412764));
#6262=CARTESIAN_POINT('Ctrl Pts',(7.02560197718779,-23.0408076965111,-21.2967331934951));
#6263=CARTESIAN_POINT('Ctrl Pts',(7.32476060053221,-23.386852963298,-21.6677547703747));
#6264=CARTESIAN_POINT('Ctrl Pts',(7.62603265461527,-23.7353428953787,-22.0413974597481));
#6265=CARTESIAN_POINT('Ctrl Pts',(7.9345762993472,-24.0784400861699,-22.4142559881714));
#6266=CARTESIAN_POINT('Ctrl Pts',(8.25025185409999,-24.4160081021592,-22.7863883227179));
#6267=CARTESIAN_POINT('Ctrl Pts',(8.5104661953114,-24.6942686059333,-23.0931405207248));
#6268=CARTESIAN_POINT('Ctrl Pts',(8.77552749686702,-24.968772377719,-23.3993990528874));
#6269=CARTESIAN_POINT('Ctrl Pts',(9.04538233272851,-25.2394472549008,-23.7051877458674));
#6270=CARTESIAN_POINT('Ctrl Pts',(9.0453826549489,-25.2394475781003,-23.7051881109946));
#6271=CARTESIAN_POINT('Ctrl Pts',(9.04538297716929,-25.2394479012999,-23.7051884761219));
#6272=CARTESIAN_POINT('Ctrl Pts',(9.04538329938969,-25.2394482244994,-23.7051888412491));
#6273=CARTESIAN_POINT('Ctrl Pts',(9.42816646383206,-25.6233945703011,-24.1389433736757));
#6274=CARTESIAN_POINT('Ctrl Pts',(9.8205699389959,-25.9996215521335,-24.5717747592786));
#6275=CARTESIAN_POINT('Ctrl Pts',(10.2223044009872,-26.3679201774085,-25.003787564479));
#6276=CARTESIAN_POINT('Ctrl Pts',(10.5005153221128,-26.6229759654511,-25.3029669773606));
#6277=CARTESIAN_POINT('Ctrl Pts',(10.783202339812,-26.8742295981233,-25.6017535157802));
#6278=CARTESIAN_POINT('Ctrl Pts',(11.0702831619619,-27.1216133003683,-25.9001773226927));
#6279=CARTESIAN_POINT('Ctrl Pts',(11.5201986479769,-27.509315125221,-26.3678696301062));
#6280=CARTESIAN_POINT('Ctrl Pts',(11.9802174366404,-27.886918128489,-26.833959467372));
#6281=CARTESIAN_POINT('Ctrl Pts',(12.4498208589753,-28.2541497826972,-27.2984897176605));
#6282=CARTESIAN_POINT('Ctrl Pts',(12.7217692657274,-28.4668144663877,-27.5675002389765));
#6283=CARTESIAN_POINT('Ctrl Pts',(12.9969327641463,-28.6760014747316,-27.8359873938733));
#6284=CARTESIAN_POINT('Ctrl Pts',(13.2752171225028,-28.8816613413813,-28.1039564259672));
#6285=CARTESIAN_POINT('Ctrl Pts',(13.7634814860304,-29.2425022613882,-28.5741220136889));
#6286=CARTESIAN_POINT('Ctrl Pts',(14.2613767937576,-29.592501173193,-29.0426992166523));
#6287=CARTESIAN_POINT('Ctrl Pts',(14.7683738341317,-29.9313746180895,-29.5097225785073));
#6288=CARTESIAN_POINT('Ctrl Pts',(15.2910274549533,-30.2807128170755,-29.9911680932616));
#6289=CARTESIAN_POINT('Ctrl Pts',(15.8233534891401,-30.6182278930117,-30.4709625498607));
#6290=CARTESIAN_POINT('Ctrl Pts',(16.3648220632006,-30.9436271556585,-30.9491211719889));
#6291=CARTESIAN_POINT('Ctrl Pts',(16.9062906372611,-31.2690264183053,-31.4272797941172));
#6292=CARTESIAN_POINT('Ctrl Pts',(17.456901863371,-31.5823100412593,-31.903802686493));
#6293=CARTESIAN_POINT('Ctrl Pts',(18.0161748405883,-31.8832008135485,-32.3786803951898));
#6294=CARTESIAN_POINT('Ctrl Pts',(3.73735859260478,-18.8156386857147,-22.2396108770523));
#6295=CARTESIAN_POINT('Ctrl Pts',(3.96532087315338,-19.3815091520495,-21.6401709378863));
#6296=CARTESIAN_POINT('Ctrl Pts',(4.29471019753213,-19.9146881616817,-21.0525481958241));
#6297=CARTESIAN_POINT('Ctrl Pts',(4.98332823152876,-20.7066072127842,-20.1258748405237));
#6298=CARTESIAN_POINT('Ctrl Pts',(5.28662384665038,-20.9930513653192,-19.7758870131656));
#6299=CARTESIAN_POINT('Ctrl Pts',(5.62181634168322,-21.2539769874217,-19.4379235132796));
#6300=CARTESIAN_POINT('Ctrl Pts',(18.0161724001584,-31.8832030363776,-32.37867966));
#6301=CARTESIAN_POINT('Ctrl Pts',(17.3730676308156,-31.6008307377334,-32.9408991411272));
#6302=CARTESIAN_POINT('Ctrl Pts',(16.7699350091619,-31.265298625725,-33.5225205566409));
#6303=CARTESIAN_POINT('Ctrl Pts',(15.3360541046479,-30.2749602549517,-35.0659200450499));
#6304=CARTESIAN_POINT('Ctrl Pts',(14.5833107904363,-29.5520468261278,-36.0460599672837));
#6305=CARTESIAN_POINT('Ctrl Pts',(13.9795886922294,-28.73422655466,-37.0455844143628));
#6306=CARTESIAN_POINT('Origin',(0.,0.,-20.8387671951659));
#6307=CARTESIAN_POINT('Origin',(0.,0.,-19.4379235132796));
#6308=CARTESIAN_POINT('Origin',(0.,0.,-34.7121320371814));
#6309=CARTESIAN_POINT('Origin',(0.,0.,-32.37867966));
#6310=CARTESIAN_POINT('Origin',(0.,0.,-25.9083015866398));
#6311=CARTESIAN_POINT('Origin',(0.,0.,-25.9083015866398));
#6312=CARTESIAN_POINT('',(10.8737190088008,-34.9697489085746,-32.37867966));
#6313=CARTESIAN_POINT('',(1.00672885773121,-21.9618499623434,-19.4379235132796));
#6314=CARTESIAN_POINT('Ctrl Pts',(10.8737192917918,-34.9697491833516,-32.3786800180664));
#6315=CARTESIAN_POINT('Ctrl Pts',(10.2945409321822,-34.4598782344711,-31.7961614112795));
#6316=CARTESIAN_POINT('Ctrl Pts',(9.7305665616068,-33.9359681914273,-31.2116462000094));
#6317=CARTESIAN_POINT('Ctrl Pts',(9.18255370911126,-33.3985649888168,-30.6250633337091));
#6318=CARTESIAN_POINT('Ctrl Pts',(8.65093388143573,-32.8772374384445,-30.056027259318));
#6319=CARTESIAN_POINT('Ctrl Pts',(8.13433501312016,-32.3432116929086,-29.4850452546515));
#6320=CARTESIAN_POINT('Ctrl Pts',(7.63348039972989,-31.7970095181051,-28.9120815673103));
#6321=CARTESIAN_POINT('Ctrl Pts',(7.37593312613842,-31.5161438193783,-28.6174546803924));
#6322=CARTESIAN_POINT('Ctrl Pts',(7.12254942726064,-31.2320588606156,-28.3223042915602));
#6323=CARTESIAN_POINT('Ctrl Pts',(6.87343089924867,-30.944828396743,-28.0266288335445));
#6324=CARTESIAN_POINT('Ctrl Pts',(6.44286433779524,-30.4483906802823,-27.5155951248921));
#6325=CARTESIAN_POINT('Ctrl Pts',(6.02505114073842,-29.9425787554821,-27.0030085812545));
#6326=CARTESIAN_POINT('Ctrl Pts',(5.62048070085147,-29.427740298139,-26.4887871424195));
#6327=CARTESIAN_POINT('Ctrl Pts',(5.44599950622696,-29.2057032429826,-26.2670161920393));
#6328=CARTESIAN_POINT('Ctrl Pts',(5.27398198399258,-28.9819874275522,-26.0449414703241));
#6329=CARTESIAN_POINT('Ctrl Pts',(5.10446988102825,-28.7566215763622,-25.8225578753576));
#6330=CARTESIAN_POINT('Ctrl Pts',(4.78710339515975,-28.3346837502354,-25.4062035336019));
#6331=CARTESIAN_POINT('Ctrl Pts',(4.47908880004283,-27.9077240377051,-24.9895175156414));
#6332=CARTESIAN_POINT('Ctrl Pts',(4.18049047165781,-27.4758320746873,-24.5722975790492));
#6333=CARTESIAN_POINT('Ctrl Pts',(3.95506432457572,-27.1497761931778,-24.257318311414));
#6334=CARTESIAN_POINT('Ctrl Pts',(3.73500587951854,-26.8209088175533,-23.9420350790209));
#6335=CARTESIAN_POINT('Ctrl Pts',(3.52036070584754,-26.4892637080543,-23.6263675771563));
#6336=CARTESIAN_POINT('Ctrl Pts',(3.25373256304345,-26.0773004754157,-23.2342514241289));
#6337=CARTESIAN_POINT('Ctrl Pts',(2.9954806252456,-25.6610484168792,-22.8415784426307));
#6338=CARTESIAN_POINT('Ctrl Pts',(2.74560409426443,-25.2406028844267,-22.4481573896449));
#6339=CARTESIAN_POINT('Ctrl Pts',(2.49518844407919,-24.8192502229216,-22.053887514066));
#6340=CARTESIAN_POINT('Ctrl Pts',(2.25318440634626,-24.3936857337432,-21.6588661643557));
#6341=CARTESIAN_POINT('Ctrl Pts',(2.01962585032435,-23.963981532489,-21.2629321597416));
#6342=CARTESIAN_POINT('Ctrl Pts',(1.78538369087635,-23.5330196283735,-20.8658392943833));
#6343=CARTESIAN_POINT('Ctrl Pts',(1.55963658951433,-23.0978935123601,-20.4678282371973));
#6344=CARTESIAN_POINT('Ctrl Pts',(1.34245287167765,-22.658655498531,-20.0687705367462));
#6345=CARTESIAN_POINT('Ctrl Pts',(1.22816858739406,-22.4275239821327,-19.8587823104731));
#6346=CARTESIAN_POINT('Ctrl Pts',(1.11625604376443,-22.1952535736792,-19.6485048576991));
#6347=CARTESIAN_POINT('Ctrl Pts',(1.00672885532055,-21.9618499619871,-19.4379235139931));
#6348=CARTESIAN_POINT('',(-0.320910223750948,-21.9825697631046,-19.4379235132796));
#6349=CARTESIAN_POINT('Origin',(0.,0.,-19.4379235132796));
#6350=CARTESIAN_POINT('',(8.74609862259234,-35.5615925219189,-32.37867966));
#6351=CARTESIAN_POINT('Ctrl Pts',(-0.320908481817122,-21.9825694456308,
-19.4379240425252));
#6352=CARTESIAN_POINT('Ctrl Pts',(-0.160948697874864,-22.4060877919207,
-19.810272281191));
#6353=CARTESIAN_POINT('Ctrl Pts',(0.00757680774670916,-22.8268555436312,
-20.1817037061899));
#6354=CARTESIAN_POINT('Ctrl Pts',(0.184487714969297,-23.2446593521335,-20.5522997706417));
#6355=CARTESIAN_POINT('Ctrl Pts',(0.362374151802171,-23.6647670320753,-20.9249393915932));
#6356=CARTESIAN_POINT('Ctrl Pts',(0.548738707215024,-24.0818782131459,-21.2967345897298));
#6357=CARTESIAN_POINT('Ctrl Pts',(0.743441947644372,-24.4958034344188,-21.6677564129625));
#6358=CARTESIAN_POINT('Ctrl Pts',(0.939520643744875,-24.9126527764808,-22.0413992715194));
#6359=CARTESIAN_POINT('Ctrl Pts',(1.1440562297119,-25.3262712010054,-22.4142579698984));
#6360=CARTESIAN_POINT('Ctrl Pts',(1.35695101973952,-25.7364896599047,-22.7863904783479));
#6361=CARTESIAN_POINT('Ctrl Pts',(1.53244170231912,-26.0746356396614,-23.0931419395246));
#6362=CARTESIAN_POINT('Ctrl Pts',(1.71361313591807,-26.4104719088812,-23.3993997403666));
#6363=CARTESIAN_POINT('Ctrl Pts',(1.90043334840592,-26.7439145738523,-23.7051877090853));
#6364=CARTESIAN_POINT('Ctrl Pts',(1.90043357147928,-26.7439149720007,-23.7051880742125));
#6365=CARTESIAN_POINT('Ctrl Pts',(1.90043379455265,-26.7439153701491,-23.7051884393398));
#6366=CARTESIAN_POINT('Ctrl Pts',(1.90043401762603,-26.7439157682976,-23.705188804467));
#6367=CARTESIAN_POINT('Ctrl Pts',(2.16543497426668,-27.2168978730104,-24.1389432521776));
#6368=CARTESIAN_POINT('Ctrl Pts',(2.44178215988588,-27.6850424257834,-24.571774563147));
#6369=CARTESIAN_POINT('Ctrl Pts',(2.72925336353141,-28.1480701159589,-25.0037872971188));
#6370=CARTESIAN_POINT('Ctrl Pts',(2.92833429560742,-28.4687282652559,-25.3029668206925));
#6371=CARTESIAN_POINT('Ctrl Pts',(3.13275115556242,-28.78693289625,-25.6017534710192));
#6372=CARTESIAN_POINT('Ctrl Pts',(3.34244298778372,-29.1025965417775,-25.9001773889083));
#6373=CARTESIAN_POINT('Ctrl Pts',(3.67107343407397,-29.5973067248514,-26.3678693551652));
#6374=CARTESIAN_POINT('Ctrl Pts',(4.01215714470098,-30.0850184391661,-26.833958852009));
#6375=CARTESIAN_POINT('Ctrl Pts',(4.36526821024397,-30.5653293169691,-27.2984887543008));
#6376=CARTESIAN_POINT('Ctrl Pts',(4.56975606690559,-30.8434790310886,-27.5674996501469));
#6377=CARTESIAN_POINT('Ctrl Pts',(4.7782780700699,-31.1191474461053,-27.8359871747985));
#6378=CARTESIAN_POINT('Ctrl Pts',(4.99075682751629,-31.3922615040128,-28.1039565703358));
#6379=CARTESIAN_POINT('Ctrl Pts',(5.3635608592903,-31.8714530389489,-28.5741215517624));
#6380=CARTESIAN_POINT('Ctrl Pts',(5.74856380760346,-32.342803027254,-29.0426981374496));
#6381=CARTESIAN_POINT('Ctrl Pts',(6.14533255588064,-32.8058957438398,-29.5097208807374));
#6382=CARTESIAN_POINT('Ctrl Pts',(6.55435470706352,-33.2832901453836,-29.991166679935));
#6383=CARTESIAN_POINT('Ctrl Pts',(6.97588044786555,-33.7519094251557,-30.470961413288));
#6384=CARTESIAN_POINT('Ctrl Pts',(7.40947851197659,-34.2113287878771,-30.949120314969));
#6385=CARTESIAN_POINT('Ctrl Pts',(7.84307657608763,-34.6707481505985,-31.4272792166501));
#6386=CARTESIAN_POINT('Ctrl Pts',(8.28874702468946,-35.1209677936921,-31.9038023913769));
#6387=CARTESIAN_POINT('Ctrl Pts',(8.74610157206024,-35.5615910398638,-32.378680395348));
#6388=CARTESIAN_POINT('Origin',(0.,0.,-32.37867966));
#6389=CARTESIAN_POINT('Origin',(0.,0.,-34.7121320371814));
#6390=CARTESIAN_POINT('Ctrl Pts',(11.4410690539211,-29.8359952842509,-37.0455844143628));
#6391=CARTESIAN_POINT('Ctrl Pts',(11.6214025553561,-30.8388240375536,-36.0446710381612));
#6392=CARTESIAN_POINT('Ctrl Pts',(11.6245142640642,-31.8876438707368,-35.0635614662595));
#6393=CARTESIAN_POINT('Ctrl Pts',(11.3277069369744,-33.6249502618529,-33.5198030225027));
#6394=CARTESIAN_POINT('Ctrl Pts',(11.1375695656526,-34.3022306159499,-32.9377504437339));
#6395=CARTESIAN_POINT('Ctrl Pts',(10.8737190088008,-34.9697489085746,-32.37867966));
#6396=CARTESIAN_POINT('Ctrl Pts',(8.74609862259234,-35.5615925219189,-32.37867966));
#6397=CARTESIAN_POINT('Ctrl Pts',(8.20302505705472,-35.1161837638018,-32.9408991411272));
#6398=CARTESIAN_POINT('Ctrl Pts',(7.71278370954025,-34.630370858787,-33.5225205566409));
#6399=CARTESIAN_POINT('Ctrl Pts',(6.5992650933734,-33.289900482984,-35.0659200450499));
#6400=CARTESIAN_POINT('Ctrl Pts',(6.06947525210638,-32.3907069294292,-36.0460599672837));
#6401=CARTESIAN_POINT('Ctrl Pts',(5.70878607561775,-31.440331379317,-37.0455844143628));
#6402=CARTESIAN_POINT('Origin',(0.,0.,-20.8387671951659));
#6403=CARTESIAN_POINT('Ctrl Pts',(1.0067288577312,-21.9618499623434,-19.4379235132796));
#6404=CARTESIAN_POINT('Ctrl Pts',(1.25733606867687,-21.6146092240648,-19.773324240568));
#6405=CARTESIAN_POINT('Ctrl Pts',(1.4670432272318,-21.2508781796975,-20.1222782034178));
#6406=CARTESIAN_POINT('Ctrl Pts',(1.89670188178096,-20.2878162111301,-21.0488761473963));
#6407=CARTESIAN_POINT('Ctrl Pts',(2.05155121414096,-19.6780668840684,-21.6384315469652));
#6408=CARTESIAN_POINT('Ctrl Pts',(2.09712906773719,-19.0682500003102,-22.2396108770523));
#6409=CARTESIAN_POINT('Ctrl Pts',(-1.47763136682602,-19.1262310439054,-22.2396108770523));
#6410=CARTESIAN_POINT('Ctrl Pts',(-1.41079257073282,-19.7326209855764,-21.6401709378863));
#6411=CARTESIAN_POINT('Ctrl Pts',(-1.23746787126818,-20.3348964473732,-21.0525481958241));
#6412=CARTESIAN_POINT('Ctrl Pts',(-0.788042864958549,-21.2832359139927,
-20.1258748405236));
#6413=CARTESIAN_POINT('Ctrl Pts',(-0.573275981451906,-21.6408861179942,
-19.7758870131656));
#6414=CARTESIAN_POINT('Ctrl Pts',(-0.320910223750946,-21.9825697631046,
-19.4379235132796));
#6415=CARTESIAN_POINT('Ctrl Pts',(8.88307071632344,-35.6851858418503,-32.4087391998926));
#6416=CARTESIAN_POINT('Ctrl Pts',(7.46203282345898,-34.328774747444,-30.9797508521067));
#6417=CARTESIAN_POINT('Ctrl Pts',(4.86478795969858,-31.4568215457333,-28.099026966943));
#6418=CARTESIAN_POINT('Ctrl Pts',(1.8010381018948,-26.8465199372781,-23.7692774341388));
#6419=CARTESIAN_POINT('Ctrl Pts',(0.305157426239171,-23.6213793020216,-20.852034947955));
#6420=CARTESIAN_POINT('Ctrl Pts',(-0.296718585028638,-22.0158717065194,
-19.4078186421945));
#6421=CARTESIAN_POINT('Ctrl Pts',(7.40234857513469,-34.4797920913595,-33.8041193276389));
#6422=CARTESIAN_POINT('Ctrl Pts',(6.07327558699247,-33.1405198447676,-32.3033833641404));
#6423=CARTESIAN_POINT('Ctrl Pts',(3.65981717900092,-30.3124354261122,-29.2834057451866));
#6424=CARTESIAN_POINT('Ctrl Pts',(0.866398087976633,-25.794789632143,-24.7641343606583));
#6425=CARTESIAN_POINT('Ctrl Pts',(-0.454374500925921,-22.6523171464705,
-21.7361600591154));
#6426=CARTESIAN_POINT('Ctrl Pts',(-0.971460247022338,-21.092356782861,-20.2421985135922));
#6427=CARTESIAN_POINT('Ctrl Pts',(6.3129405419724,-33.0229666725527,-35.3954751753266));
#6428=CARTESIAN_POINT('Ctrl Pts',(5.06324582235186,-31.7248480391081,-33.8182805942314));
#6429=CARTESIAN_POINT('Ctrl Pts',(2.80596593457418,-28.9849882878794,-30.6467162074829));
#6430=CARTESIAN_POINT('Ctrl Pts',(0.239149292124385,-24.6148143870438,-25.9115778803313));
#6431=CARTESIAN_POINT('Ctrl Pts',(-0.935504205358824,-21.5841990298602,
-22.7502806716717));
#6432=CARTESIAN_POINT('Ctrl Pts',(-1.38160405056798,-20.0829843541143,-21.194348301879));
#6433=CARTESIAN_POINT('Ctrl Pts',(5.70878607561224,-31.4403313792918,-37.045584414406));
#6434=CARTESIAN_POINT('Ctrl Pts',(4.51898093778363,-30.2039950147957,-35.3938451469118));
#6435=CARTESIAN_POINT('Ctrl Pts',(2.37683094076084,-27.5889721148277,-32.0714134245339));
#6436=CARTESIAN_POINT('Ctrl Pts',(-0.0265989694716033,-23.4083024488144,
-27.1126451189043));
#6437=CARTESIAN_POINT('Ctrl Pts',(-1.09688296599139,-20.5093888623174,-23.8070283146512));
#6438=CARTESIAN_POINT('Ctrl Pts',(-1.49178336924787,-19.0747924232801,-22.1821643020497));
#6439=CARTESIAN_POINT('Ctrl Pts',(11.4353051595009,-29.8048716684855,-37.0764320706371));
#6440=CARTESIAN_POINT('Ctrl Pts',(10.0426800610677,-28.8097925137285,-35.3988314191964));
#6441=CARTESIAN_POINT('Ctrl Pts',(7.46430699372476,-26.6385723597359,-32.0406082840208));
#6442=CARTESIAN_POINT('Ctrl Pts',(4.33369149728995,-22.9818903714627,-27.0782326144931));
#6443=CARTESIAN_POINT('Ctrl Pts',(2.73740590404844,-20.3388148112878,-23.8033482071565));
#6444=CARTESIAN_POINT('Ctrl Pts',(2.07605837380232,-19.0057402844221,-22.2029418708252));
#6445=CARTESIAN_POINT('Ctrl Pts',(11.7445551957488,-31.4580539951147,-35.4366772203887));
#6446=CARTESIAN_POINT('Ctrl Pts',(10.3014591096459,-30.3852132597107,-33.8264313248632));
#6447=CARTESIAN_POINT('Ctrl Pts',(7.63084257556578,-28.0615482499704,-30.6091175134155));
#6448=CARTESIAN_POINT('Ctrl Pts',(4.37727917133018,-24.1896463426207,-25.8685744537567));
#6449=CARTESIAN_POINT('Ctrl Pts',(2.70442832813665,-21.4091781837087,-22.7457519167023));
#6450=CARTESIAN_POINT('Ctrl Pts',(2.00486538454315,-20.0094947804899,-21.2203606758921));
#6451=CARTESIAN_POINT('Ctrl Pts',(11.58044417668,-33.2545722287608,-33.8538604232293));
#6452=CARTESIAN_POINT('Ctrl Pts',(10.10426339929,-32.0836892610491,-32.3042861039581));
#6453=CARTESIAN_POINT('Ctrl Pts',(7.37883227199719,-29.5700314007208,-29.2167771514593));
#6454=CARTESIAN_POINT('Ctrl Pts',(4.06286008404974,-25.4385885636474,-24.6902558582659));
#6455=CARTESIAN_POINT('Ctrl Pts',(2.35493909597107,-22.4991883896153,-21.7199597330894));
#6456=CARTESIAN_POINT('Ctrl Pts',(1.63772601623238,-21.0240633740599,-20.2713967414639));
#6457=CARTESIAN_POINT('Ctrl Pts',(10.9569380059337,-35.0415420556226,-32.4626799279015));
#6458=CARTESIAN_POINT('Ctrl Pts',(9.46784511880976,-33.7603390338612,-30.9616567341465));
#6459=CARTESIAN_POINT('Ctrl Pts',(6.72983402005517,-31.0357346363752,-27.9821778668146));
#6460=CARTESIAN_POINT('Ctrl Pts',(3.41707159415375,-26.622345502335,-23.6434529659506));
#6461=CARTESIAN_POINT('Ctrl Pts',(1.71901238451705,-23.5160180299339,-20.8133120147392));
#6462=CARTESIAN_POINT('Ctrl Pts',(1.00588395420665,-21.963105932131,-19.4368072216958));
#6463=CARTESIAN_POINT('Ctrl Pts',(2.96999488327402,-31.7848345859959,-37.0764320706371));
#6464=CARTESIAN_POINT('Ctrl Pts',(1.8974812441973,-30.4509299106115,-35.3988314191964));
#6465=CARTESIAN_POINT('Ctrl Pts',(0.000508849932568103,-27.6645882556911,
-32.0406083820959));
#6466=CARTESIAN_POINT('Ctrl Pts',(-2.02745397852867,-23.2988760098843,-27.0782327435001));
#6467=CARTESIAN_POINT('Ctrl Pts',(-2.85145109774993,-20.3231396602129,-23.8033482071565));
#6468=CARTESIAN_POINT('Ctrl Pts',(-3.12861486450866,-18.8610697246979,-22.2029418708252));
#6469=CARTESIAN_POINT('Ctrl Pts',(2.82175383543167,-33.460147088705,-35.4366772203887));
#6470=CARTESIAN_POINT('Ctrl Pts',(1.72162063319694,-32.0377475335136,-33.8264313248631));
#6471=CARTESIAN_POINT('Ctrl Pts',(-0.223045459973737,-29.0797271021404,
-30.6091176114906));
#6472=CARTESIAN_POINT('Ctrl Pts',(-2.31133131504412,-24.4736049271283,-25.8685745827637));
#6473=CARTESIAN_POINT('Ctrl Pts',(-3.17198635753413,-21.3449138117594,-22.7457519167023));
#6474=CARTESIAN_POINT('Ctrl Pts',(-3.46797754667771,-19.8083946425835,-21.2203606758921));
#6475=CARTESIAN_POINT('Ctrl Pts',(2.17903367936358,-35.1457689298622,-33.8538604232293));
#6476=CARTESIAN_POINT('Ctrl Pts',(1.07349413365562,-33.6200366714077,-32.3042861039581));
#6477=CARTESIAN_POINT('Ctrl Pts',(-0.872693847756921,-30.4642790371152,
-29.2167764935914));
#6478=CARTESIAN_POINT('Ctrl Pts',(-2.95105044687395,-25.5914033701446,-24.6902557982156));
#6479=CARTESIAN_POINT('Ctrl Pts',(-3.80259681501008,-22.3002124160199,-21.7199597330894));
#6480=CARTESIAN_POINT('Ctrl Pts',(-4.0952297219526,-20.6862872643974,-20.2713967414639));
#6481=CARTESIAN_POINT('Ctrl Pts',(1.09653011934164,-36.6982531164526,-32.4626799279015));
#6482=CARTESIAN_POINT('Ctrl Pts',(0.00832127433117225,-35.0628081252973,
-30.9616567341465));
#6483=CARTESIAN_POINT('Ctrl Pts',(-1.89306748446435,-31.7005323879879,-27.9821772089467));
#6484=CARTESIAN_POINT('Ctrl Pts',(-3.8922651476577,-26.5570317410006,-23.6434529059003));
#6485=CARTESIAN_POINT('Ctrl Pts',(-4.68927899273009,-23.1077642815275,-20.8133120147392));
#6486=CARTESIAN_POINT('Ctrl Pts',(-4.95699201649726,-21.4200386289035,-19.4368072216958));
#6487=CARTESIAN_POINT('',(1.03576666763136,-36.6066700373215,-32.37867966));
#6488=CARTESIAN_POINT('',(-4.95583958769397,-21.4190571861255,-19.4379235132796));
#6489=CARTESIAN_POINT('Ctrl Pts',(1.03576686599068,-36.6066703779975,-32.3786800177273));
#6490=CARTESIAN_POINT('Ctrl Pts',(0.615633555685629,-35.9594556288026,-31.7961697375704));
#6491=CARTESIAN_POINT('Ctrl Pts',(0.213927604055716,-35.3028246120109,-31.2116628611737));
#6492=CARTESIAN_POINT('Ctrl Pts',(-0.168768863031258,-34.6375073939898,
-30.6250883760077));
#6493=CARTESIAN_POINT('Ctrl Pts',(-0.540017878516366,-33.9920915529299,
-30.0560598668496));
#6494=CARTESIAN_POINT('Ctrl Pts',(-0.893377500719007,-33.3385012061649,
-29.4850854670993));
#6495=CARTESIAN_POINT('Ctrl Pts',(-1.22829204476683,-32.6774339138827,-28.9121294595662));
#6496=CARTESIAN_POINT('Ctrl Pts',(-1.40052202741596,-32.337479706748,-28.6174865275409));
#6497=CARTESIAN_POINT('Ctrl Pts',(-1.56787375580407,-31.9955487219552,-28.3223200423341));
#6498=CARTESIAN_POINT('Ctrl Pts',(-1.73026928672285,-31.6517394098311,-28.0266284412806));
#6499=CARTESIAN_POINT('Ctrl Pts',(-2.01093375389799,-31.0575416702059,-27.5155914368241));
#6500=CARTESIAN_POINT('Ctrl Pts',(-2.27678845650532,-30.4577581168545,-27.0030016093787));
#6501=CARTESIAN_POINT('Ctrl Pts',(-2.52745595443927,-29.8528555627001,-26.4887768830451));
#6502=CARTESIAN_POINT('Ctrl Pts',(-2.63556032980778,-29.5919816428076,-26.2670092294899));
#6503=CARTESIAN_POINT('Ctrl Pts',(-2.74083955208632,-29.3301559377071,-26.0449378168297));
#6504=CARTESIAN_POINT('Ctrl Pts',(-2.84326117455636,-29.0674173668573,-25.8225575421941));
#6505=CARTESIAN_POINT('Ctrl Pts',(-3.03502165211229,-28.575500986278,-25.4062026101522));
#6506=CARTESIAN_POINT('Ctrl Pts',(-3.21642211675366,-28.0812720511371,-24.9895160082159));
#6507=CARTESIAN_POINT('Ctrl Pts',(-3.38742476875175,-27.5848342333801,-24.572295484987));
#6508=CARTESIAN_POINT('Ctrl Pts',(-3.51652239367163,-27.2100509043265,-24.2573168692327));
#6509=CARTESIAN_POINT('Ctrl Pts',(-3.63969286249466,-26.8340085297311,-23.9420342893189));
#6510=CARTESIAN_POINT('Ctrl Pts',(-3.75690140684871,-26.4567519081541,-23.6263674374355));
#6511=CARTESIAN_POINT('Ctrl Pts',(-3.90249577579752,-25.988130443286,-23.2342516889523));
#6512=CARTESIAN_POINT('Ctrl Pts',(-4.0388674709471,-25.5176390596703,-22.8415791068419));
#6513=CARTESIAN_POINT('Ctrl Pts',(-4.16604297881664,-25.0453693622263,-22.4481584496543));
#6514=CARTESIAN_POINT('Ctrl Pts',(-4.29349284353653,-24.572080833178,-22.0538890625959));
#6515=CARTESIAN_POINT('Ctrl Pts',(-4.41170671056514,-24.097006086132,-21.6588681981528));
#6516=CARTESIAN_POINT('Ctrl Pts',(-4.52067141524005,-23.6202237046434,-21.2629346771433));
#6517=CARTESIAN_POINT('Ctrl Pts',(-4.62995501644574,-23.1420459699729,-20.865842415543));
#6518=CARTESIAN_POINT('Ctrl Pts',(-4.72993511305562,-22.6621503861411,-20.4678319609939));
#6519=CARTESIAN_POINT('Ctrl Pts',(-4.82056001933589,-22.1806057658788,-20.0687748636425));
#6520=CARTESIAN_POINT('Ctrl Pts',(-4.86824816654336,-21.9272099646515,-19.8587851998318));
#6521=CARTESIAN_POINT('Ctrl Pts',(-4.91334521552487,-21.6733573870865,-19.6485063048072));
#6522=CARTESIAN_POINT('Ctrl Pts',(-4.9558395899191,-21.4190571851321,-19.4379235139931));
#6523=CARTESIAN_POINT('Ctrl Pts',(2.96714718191432,-31.8163590533397,-37.0455846032208));
#6524=CARTESIAN_POINT('Ctrl Pts',(2.94077902601997,-32.0921787308858,-36.7734056088324));
#6525=CARTESIAN_POINT('Ctrl Pts',(2.90070758390188,-32.3677378887172,-36.5026871115288));
#6526=CARTESIAN_POINT('Ctrl Pts',(2.84710861497117,-32.6423654915965,-36.2337878867056));
#6527=CARTESIAN_POINT('Ctrl Pts',(2.79331211173427,-32.9180052104565,-35.9638976573374));
#6528=CARTESIAN_POINT('Ctrl Pts',(2.72588783736769,-33.1927069991799,-35.695839843558));
#6529=CARTESIAN_POINT('Ctrl Pts',(2.64496658349874,-33.4657738962936,-35.4299917339559));
#6530=CARTESIAN_POINT('Ctrl Pts',(2.56424785136237,-33.7381573885109,-35.1648089627808));
#6531=CARTESIAN_POINT('Ctrl Pts',(2.47009921557174,-34.0089146225706,-34.9018245885471));
#6532=CARTESIAN_POINT('Ctrl Pts',(2.36260957470211,-34.2773283055725,-34.6414316194155));
#6533=CARTESIAN_POINT('Ctrl Pts',(2.34704018364287,-34.3162068203996,-34.6037148689204));
#6534=CARTESIAN_POINT('Ctrl Pts',(2.33119083118565,-34.3550361162691,-34.5660525223946));
#6535=CARTESIAN_POINT('Ctrl Pts',(2.31506172378629,-34.3938139600136,-34.5284458114846));
#6536=CARTESIAN_POINT('Ctrl Pts',(2.20820212179057,-34.6507274299399,-34.2792914063021));
#6537=CARTESIAN_POINT('Ctrl Pts',(2.08928997571749,-34.9048118335292,-34.0331070658129));
#6538=CARTESIAN_POINT('Ctrl Pts',(1.95847388718724,-35.155430713558,-33.7901465977422));
#6539=CARTESIAN_POINT('Ctrl Pts',(1.82767796342391,-35.4060109617077,-33.5472235810376));
#6540=CARTESIAN_POINT('Ctrl Pts',(1.68498133125461,-35.6531272146953,-33.3075231760191));
#6541=CARTESIAN_POINT('Ctrl Pts',(1.53049046655647,-35.8961172051765,-33.0713146360062));
#6542=CARTESIAN_POINT('Ctrl Pts',(1.37717531465089,-36.1372579831438,-32.8369037000312));
#6543=CARTESIAN_POINT('Ctrl Pts',(1.21224428986387,-36.3743354495059,-32.6059314602344));
#6544=CARTESIAN_POINT('Ctrl Pts',(1.03576686599068,-36.6066703779975,-32.3786800177273));
#6545=CARTESIAN_POINT('Ctrl Pts',(-4.95583958769397,-21.4190571861255,-19.4379235132796));
#6546=CARTESIAN_POINT('Ctrl Pts',(-4.62084114193863,-21.1523060927075,-19.773324240568));
#6547=CARTESIAN_POINT('Ctrl Pts',(-4.32077703234563,-20.8586414964078,-20.1222782034178));
#6548=CARTESIAN_POINT('Ctrl Pts',(-3.64722027667802,-20.047212995784,-21.0488761473963));
#6549=CARTESIAN_POINT('Ctrl Pts',(-3.3336047779579,-19.5018526776942,-21.6384315469652));
#6550=CARTESIAN_POINT('Ctrl Pts',(-3.1251904485749,-18.9269462159434,-22.2396108770523));
#6551=CARTESIAN_POINT('Ctrl Pts',(-1.07408556079078,-36.7585061465568,-32.4087391998897));
#6552=CARTESIAN_POINT('Ctrl Pts',(-2.07647218017299,-35.069003019817,-30.9797508521048));
#6553=CARTESIAN_POINT('Ctrl Pts',(-3.80256060095904,-31.6028212467872,-28.0990271209686));
#6554=CARTESIAN_POINT('Ctrl Pts',(-5.50885377696956,-26.3368919766942,-23.7692773566031));
#6555=CARTESIAN_POINT('Ctrl Pts',(-6.07913050487254,-22.82776496921,-20.852034947955));
#6556=CARTESIAN_POINT('Ctrl Pts',(-6.22552655562768,-21.1194097460558,-19.4078186421945));
#6557=CARTESIAN_POINT('Ctrl Pts',(-2.17468716644209,-35.1983176134784,-33.8041193276326));
#6558=CARTESIAN_POINT('Ctrl Pts',(-3.09314319503989,-33.5501296139381,-32.3033833641353));
#6559=CARTESIAN_POINT('Ctrl Pts',(-4.65409611640908,-30.1757748428357,-29.2834058992094));
#6560=CARTESIAN_POINT('Ctrl Pts',(-6.12508136336348,-25.0719998263057,-24.7641342831203));
#6561=CARTESIAN_POINT('Ctrl Pts',(-6.54904708721315,-21.6897190055781,-21.7361600591133));
#6562=CARTESIAN_POINT('Ctrl Pts',(-6.62608562193591,-20.0480981391729,-20.2421985135903));
#6563=CARTESIAN_POINT('Ctrl Pts',(-2.83065020041549,-33.5015964632463,-35.395475175316));
#6564=CARTESIAN_POINT('Ctrl Pts',(-3.68377463396277,-31.9144519897893,-33.8182805942223));
#6565=CARTESIAN_POINT('Ctrl Pts',(-5.11814364648797,-28.6671871055749,-30.6467164615751));
#6566=CARTESIAN_POINT('Ctrl Pts',(-6.41071701591392,-23.7665519896144,-25.9115779446145));
#6567=CARTESIAN_POINT('Ctrl Pts',(-6.72416037799264,-20.5314023654036,-22.750280671667));
#6568=CARTESIAN_POINT('Ctrl Pts',(-6.74869475849817,-18.9655005042563,-21.1943483018746));
#6569=CARTESIAN_POINT('Ctrl Pts',(-2.98541108826295,-31.8146506554985,-37.0455844143912));
#6570=CARTESIAN_POINT('Ctrl Pts',(-3.79753546484784,-30.3031554126568,-35.3938451468987));
#6571=CARTESIAN_POINT('Ctrl Pts',(-5.15472449466623,-27.2071597634081,-32.0714136786225));
#6572=CARTESIAN_POINT('Ctrl Pts',(-6.34109758579241,-22.5330827639852,-27.1126451831845));
#6573=CARTESIAN_POINT('Ctrl Pts',(-6.58957446360842,-19.4529096059096,-23.8070283146439));
#6574=CARTESIAN_POINT('Ctrl Pts',(-6.58278140151931,-17.9649690406653,-22.1821643020428));
#6575=CARTESIAN_POINT('',(-6.23983634595609,-21.0808159030232,-19.4379235132796));
#6576=CARTESIAN_POINT('',(-1.17263327907258,-36.6025413735703,-32.37867966));
#6577=CARTESIAN_POINT('Ctrl Pts',(-6.23983458296449,-21.0808160672903,-19.4379240425252));
#6578=CARTESIAN_POINT('Ctrl Pts',(-6.20007040693573,-21.5317860321088,-19.8102724417363));
#6579=CARTESIAN_POINT('Ctrl Pts',(-6.1513160436288,-21.9824183909258,-20.1817040239075));
#6580=CARTESIAN_POINT('Ctrl Pts',(-6.09368756446223,-22.4324590632746,-20.5523002439276));
#6581=CARTESIAN_POINT('Ctrl Pts',(-6.03574131194622,-22.8849813373227,-20.924939995268));
#6582=CARTESIAN_POINT('Ctrl Pts',(-5.96882288257131,-23.3369055912227,-21.2967353222902));
#6583=CARTESIAN_POINT('Ctrl Pts',(-5.89301542218524,-23.7880117775507,-21.6677572746438));
#6584=CARTESIAN_POINT('Ctrl Pts',(-5.81667243835821,-24.24230469426,-22.0414002217067));
#6585=CARTESIAN_POINT('Ctrl Pts',(-5.73131447450084,-24.6957681442537,-22.4142590090045));
#6586=CARTESIAN_POINT('Ctrl Pts',(-5.63698998406666,-25.1482129995463,-22.7863916084974));
#6587=CARTESIAN_POINT('Ctrl Pts',(-5.55923775589366,-25.5211659353374,-23.0931426829342));
#6588=CARTESIAN_POINT('Ctrl Pts',(-5.4753922970405,-25.8934274644912,-23.3994000999635));
#6589=CARTESIAN_POINT('Ctrl Pts',(-5.38546175902459,-26.2649081824219,-23.7051876886354));
#6590=CARTESIAN_POINT('Ctrl Pts',(-5.38546165164257,-26.2649086259904,-23.7051880537627));
#6591=CARTESIAN_POINT('Ctrl Pts',(-5.38546154426054,-26.2649090695589,-23.7051884188899));
#6592=CARTESIAN_POINT('Ctrl Pts',(-5.38546143687849,-26.2649095131274,-23.7051887840172));
#6593=CARTESIAN_POINT('Ctrl Pts',(-5.25789650394658,-26.7918484819928,-24.1389431866135));
#6594=CARTESIAN_POINT('Ctrl Pts',(-5.11810093614105,-27.3171904796986,-24.571774457886));
#6595=CARTESIAN_POINT('Ctrl Pts',(-4.96621334652782,-27.8406065963081,-25.0037871540047));
#6596=CARTESIAN_POINT('Ctrl Pts',(-4.8610273970096,-28.2030853304753,-25.3029667364899));
#6597=CARTESIAN_POINT('Ctrl Pts',(-4.75004143589845,-28.5646411499391,-25.6017534463902));
#6598=CARTESIAN_POINT('Ctrl Pts',(-4.63329055988888,-28.9251733836712,-25.9001774233668));
#6599=CARTESIAN_POINT('Ctrl Pts',(-4.45031791154609,-29.4902015862304,-26.3678692066122));
#6600=CARTESIAN_POINT('Ctrl Pts',(-4.25346564390637,-30.0518507028216,-26.8339585208678));
#6601=CARTESIAN_POINT('Ctrl Pts',(-4.04303531396947,-30.6096183717001,-27.2984882365478));
#6602=CARTESIAN_POINT('Ctrl Pts',(-3.92117423181808,-30.9326239562038,-27.5674993332905));
#6603=CARTESIAN_POINT('Ctrl Pts',(-3.79475914581853,-31.2543286530232,-27.8359870562905));
#6604=CARTESIAN_POINT('Ctrl Pts',(-3.66384486746138,-31.5746412317306,-28.103956646806));
#6605=CARTESIAN_POINT('Ctrl Pts',(-3.43414989203167,-32.136644023323,-28.5741213170143));
#6606=CARTESIAN_POINT('Ctrl Pts',(-3.1905927590346,-32.6943872849784,-29.0426975855457));
#6607=CARTESIAN_POINT('Ctrl Pts',(-2.93347836583692,-33.2473538545853,-29.5097200109017));
#6608=CARTESIAN_POINT('Ctrl Pts',(-2.66842325228765,-33.8173982425065,-29.9911659558109));
#6609=CARTESIAN_POINT('Ctrl Pts',(-2.38896070660118,-34.3823663350621,-30.470960830807));
#6610=CARTESIAN_POINT('Ctrl Pts',(-2.0953913985301,-34.941732733904,-30.9491198756458));
#6611=CARTESIAN_POINT('Ctrl Pts',(-1.80182209045903,-35.501099132746,-31.4272789204847));
#6612=CARTESIAN_POINT('Ctrl Pts',(-1.49414601435338,-36.0548640444824,-31.9038022398837));
#6613=CARTESIAN_POINT('Ctrl Pts',(-1.17263003920346,-36.602540742171,-32.3786803954321));
#6614=CARTESIAN_POINT('Ctrl Pts',(-6.58303216749305,-18.0183183422547,-22.2396108770523));
#6615=CARTESIAN_POINT('Ctrl Pts',(-6.68227398359432,-18.6202545913375,-21.6401709378863));
#6616=CARTESIAN_POINT('Ctrl Pts',(-6.67786860909533,-19.2469584895243,-21.0525481958241));
#6617=CARTESIAN_POINT('Ctrl Pts',(-6.50096842720811,-20.2813843717859,-20.1258748405237));
#6618=CARTESIAN_POINT('Ctrl Pts',(-6.39065855257302,-20.683715347764,-19.7758870131656));
#6619=CARTESIAN_POINT('Ctrl Pts',(-6.23983634595609,-21.0808159030232,-19.4379235132796));
#6620=CARTESIAN_POINT('Ctrl Pts',(-1.17263327907257,-36.6025413735703,-32.37867966));
#6621=CARTESIAN_POINT('Ctrl Pts',(-1.63536343196227,-35.9414608418608,-33.02460434296));
#6622=CARTESIAN_POINT('Ctrl Pts',(-2.01637096273875,-35.2481404905483,-33.6958713992285));
#6623=CARTESIAN_POINT('Ctrl Pts',(-2.67576914528673,-33.6460905193112,-35.2503518768753));
#6624=CARTESIAN_POINT('Ctrl Pts',(-2.90306504600634,-32.7317659585726,-36.1401738270681));
#6625=CARTESIAN_POINT('Ctrl Pts',(-2.98541108826387,-31.8146506555157,-37.0455844143628));
#6626=CARTESIAN_POINT('Origin',(0.,0.,-20.8387671951659));
#6627=CARTESIAN_POINT('Origin',(0.,0.,-19.4379235132796));
#6628=CARTESIAN_POINT('Origin',(0.,0.,-34.7121320371814));
#6629=CARTESIAN_POINT('Origin',(0.,0.,-32.37867966));
#6630=CARTESIAN_POINT('Origin',(0.,0.,-25.9083015866398));
#6631=CARTESIAN_POINT('Origin',(0.,0.,-25.9083015866398));
#6632=CARTESIAN_POINT('',(-8.87900374895907,-35.5286419137726,-32.37867966));
#6633=CARTESIAN_POINT('',(-10.5508560823574,-19.2877109240794,-19.4379235132796));
#6634=CARTESIAN_POINT('Ctrl Pts',(-8.87900364997806,-35.5286422957384,-32.3786800182737));
#6635=CARTESIAN_POINT('Ctrl Pts',(-9.10894611304297,-34.7920604949621,-31.7961563604536));
#6636=CARTESIAN_POINT('Ctrl Pts',(-9.31860315904856,-34.0513831193683,-31.2116360933794));
#6637=CARTESIAN_POINT('Ctrl Pts',(-9.50761118756691,-33.307470230786,-30.6250481433277));
#6638=CARTESIAN_POINT('Ctrl Pts',(-9.69096520009751,-32.5858108697311,-30.0560074777687));
#6639=CARTESIAN_POINT('Ctrl Pts',(-9.85488692182428,-31.8611065357284,-29.4850208579544));
#6640=CARTESIAN_POINT('Ctrl Pts',(-9.9990294454009,-31.1341788514739,-28.9120525100148));
#6641=CARTESIAN_POINT('Ctrl Pts',(-10.0731467326924,-30.7603966623103,-28.6174353588825));
#6642=CARTESIAN_POINT('Ctrl Pts',(-10.1420342501532,-30.3860272406399,-28.3222947369418));
#6643=CARTESIAN_POINT('Ctrl Pts',(-10.2056435184251,-30.0111863778969,-28.0266290741161));
#6644=CARTESIAN_POINT('Ctrl Pts',(-10.315586463953,-29.3633073867717,-27.5155973527073));
#6645=CARTESIAN_POINT('Ctrl Pts',(-10.4097621213011,-28.7140453262248,-27.0030127889122));
#6646=CARTESIAN_POINT('Ctrl Pts',(-10.4879329899867,-28.0639515421866,-26.4887933319744));
#6647=CARTESIAN_POINT('Ctrl Pts',(-10.5216465785305,-27.7835786268218,-26.2670203942555));
#6648=CARTESIAN_POINT('Ctrl Pts',(-10.5523828469717,-27.5030514262199,-26.0449436777972));
#6649=CARTESIAN_POINT('Ctrl Pts',(-10.580121049927,-27.2224161763131,-25.8225580812584));
#6650=CARTESIAN_POINT('Ctrl Pts',(-10.6320529714913,-26.6970062278084,-25.4062040955619));
#6651=CARTESIAN_POINT('Ctrl Pts',(-10.6733851806393,-26.1721645719269,-24.9895184297457));
#6652=CARTESIAN_POINT('Ctrl Pts',(-10.7041092448307,-25.6480012498713,-24.5722988467921));
#6653=CARTESIAN_POINT('Ctrl Pts',(-10.7273043577151,-25.2522844804606,-24.25731918577));
#6654=CARTESIAN_POINT('Ctrl Pts',(-10.7444523773865,-24.856954491239,-23.9420355595657));
#6655=CARTESIAN_POINT('Ctrl Pts',(-10.7555319088685,-24.4620638076199,-23.6263676653326));
#6656=CARTESIAN_POINT('Ctrl Pts',(-10.7692946831179,-23.9715384329054,-23.2342512682452));
#6657=CARTESIAN_POINT('Ctrl Pts',(-10.7736722437698,-23.4817007528671,-22.8415780456989));
#6658=CARTESIAN_POINT('Ctrl Pts',(-10.7687148200304,-22.9926318196971,-22.4481567538149));
#6659=CARTESIAN_POINT('Ctrl Pts',(-10.763746699748,-22.5025076313909,-22.0538865839696));
#6660=CARTESIAN_POINT('Ctrl Pts',(-10.7494031212937,-22.0131553202538,-21.6588649419423));
#6661=CARTESIAN_POINT('Ctrl Pts',(-10.7256926201666,-21.5246540973712,-21.2629306460892));
#6662=CARTESIAN_POINT('Ctrl Pts',(-10.7019127164822,-21.0347229918444,-20.8658374184845));
#6663=CARTESIAN_POINT('Ctrl Pts',(-10.6687107979965,-20.5456478008526,-20.4678259998109));
#6664=CARTESIAN_POINT('Ctrl Pts',(-10.626055671732,-20.0575087193894,-20.0687679377696));
#6665=CARTESIAN_POINT('Ctrl Pts',(-10.6036102224886,-19.8006462520564,-19.8587805749102));
#6666=CARTESIAN_POINT('Ctrl Pts',(-10.57854658531,-19.544043008519,-19.6485039884283));
#6667=CARTESIAN_POINT('Ctrl Pts',(-10.550856084232,-19.2877109225224,-19.4379235139931));
#6668=CARTESIAN_POINT('',(-11.6959823517336,-18.6155943657302,-19.4379235132796));
#6669=CARTESIAN_POINT('Origin',(0.,0.,-19.4379235132796));
#6670=CARTESIAN_POINT('',(-11.004396334869,-34.9288471770288,-32.37867966));
#6671=CARTESIAN_POINT('Ctrl Pts',(-11.6959806984372,-18.6155949995553,-19.4379240425252));
#6672=CARTESIAN_POINT('Ctrl Pts',(-11.779361209963,-19.0605694001012,-19.8102719221323));
#6673=CARTESIAN_POINT('Ctrl Pts',(-11.85399385596,-19.5076442804113,-20.1817029954125));
#6674=CARTESIAN_POINT('Ctrl Pts',(-11.9199218515239,-19.9565436454766,-20.5522987116392));
#6675=CARTESIAN_POINT('Ctrl Pts',(-11.9862134003445,-20.4079184206417,-20.9249380404221));
#6676=CARTESIAN_POINT('Ctrl Pts',(-12.0437041615894,-20.8611380393678,-21.2967329496591));
#6677=CARTESIAN_POINT('Ctrl Pts',(-12.0924148278599,-21.3159681604618,-21.6677544834826));
#6678=CARTESIAN_POINT('Ctrl Pts',(-12.1414696164498,-21.7740114832673,-22.0413971432433));
#6679=CARTESIAN_POINT('Ctrl Pts',(-12.1816199499942,-22.2336883138477,-22.4142556419211));
#6680=CARTESIAN_POINT('Ctrl Pts',(-12.2128614572521,-22.6948034432255,-22.7863879460462));
#6681=CARTESIAN_POINT('Ctrl Pts',(-12.2386141396534,-23.0749051898944,-23.0931402726956));
#6682=CARTESIAN_POINT('Ctrl Pts',(-12.258312953882,-23.4559850999622,-23.3993989325477));
#6683=CARTESIAN_POINT('Ctrl Pts',(-12.2719416268937,-23.8379548715686,-23.705187752));
#6684=CARTESIAN_POINT('Ctrl Pts',(-12.271941643167,-23.8379553276597,-23.7051881171272));
#6685=CARTESIAN_POINT('Ctrl Pts',(-12.2719416594404,-23.8379557837509,-23.7051884822544));
#6686=CARTESIAN_POINT('Ctrl Pts',(-12.2719416757137,-23.837956239842,-23.7051888473817));
#6687=CARTESIAN_POINT('Ctrl Pts',(-12.2912736206571,-24.3797717552003,-24.1389433944323));
#6688=CARTESIAN_POINT('Ctrl Pts',(-12.298397601824,-24.9233492587416,-24.5717747929305));
#6689=CARTESIAN_POINT('Ctrl Pts',(-12.2933583594702,-25.4683346551296,-25.0037876104462));
#6690=CARTESIAN_POINT('Ctrl Pts',(-12.2898685614566,-25.8457503101535,-25.30296700421));
#6691=CARTESIAN_POINT('Ctrl Pts',(-12.2805448383584,-26.2238420827642,-25.6017535233056));
#6692=CARTESIAN_POINT('Ctrl Pts',(-12.2653938266756,-26.6025035713703,-25.9001773110572));
#6693=CARTESIAN_POINT('Ctrl Pts',(-12.2416490288689,-27.1959451627586,-26.3678696770365));
#6694=CARTESIAN_POINT('Ctrl Pts',(-12.2036276046037,-27.7898776261612,-26.8339595727494));
#6695=CARTESIAN_POINT('Ctrl Pts',(-12.1514844009682,-28.3837358868861,-27.2984898827953));
#6696=CARTESIAN_POINT('Ctrl Pts',(-12.1212881646044,-28.7276404258706,-27.5675003398119));
#6697=CARTESIAN_POINT('Ctrl Pts',(-12.0863558496987,-29.0715209709945,-27.8359874312326));
#6698=CARTESIAN_POINT('Ctrl Pts',(-12.046715622754,-29.4152748913544,-28.1039564009376));
#6699=CARTESIAN_POINT('Ctrl Pts',(-11.9771647531678,-30.0184092810243,-28.5741220962826));
#6700=CARTESIAN_POINT('Ctrl Pts',(-11.8931165178186,-30.621182064587,-29.0426994087426));
#6701=CARTESIAN_POINT('Ctrl Pts',(-11.7947249688734,-31.2230129998818,-29.5097228802946));
#6702=CARTESIAN_POINT('Ctrl Pts',(-11.6932950240428,-31.8434288711502,-29.9911683444826));
#6703=CARTESIAN_POINT('Ctrl Pts',(-11.5766223834824,-32.4628437814716,-30.4709627518496));
#6704=CARTESIAN_POINT('Ctrl Pts',(-11.4448548042019,-33.0806707045451,-30.9491213242686));
#6705=CARTESIAN_POINT('Ctrl Pts',(-11.3130872249213,-33.6984976276186,-31.4272798966877));
#6706=CARTESIAN_POINT('Ctrl Pts',(-11.1662247572256,-34.3147367639153,-31.9038027388773));
#6707=CARTESIAN_POINT('Ctrl Pts',(-11.004393044603,-34.9288474434116,-32.3786803951625));
#6708=CARTESIAN_POINT('Origin',(0.,0.,-32.37867966));
#6709=CARTESIAN_POINT('Origin',(0.,0.,-34.7121320371814));
#6710=CARTESIAN_POINT('Ctrl Pts',(-5.72683287460312,-31.437049176486,-37.0455844143628));
#6711=CARTESIAN_POINT('Ctrl Pts',(-6.09380615653738,-32.3875839157443,-36.0446710381612));
#6712=CARTESIAN_POINT('Ctrl Pts',(-6.63609740403674,-33.2853327269911,-35.0635614662595));
#6713=CARTESIAN_POINT('Ctrl Pts',(-7.79237186083177,-34.6155046957946,-33.5198030225027));
#6714=CARTESIAN_POINT('Ctrl Pts',(-8.3067329220817,-35.0953938462125,-32.9377504437339));
#6715=CARTESIAN_POINT('Ctrl Pts',(-8.87900374895908,-35.5286419137726,-32.37867966));
#6716=CARTESIAN_POINT('Ctrl Pts',(-11.004396334869,-34.9288471770288,-32.37867966));
#6717=CARTESIAN_POINT('Ctrl Pts',(-11.2369816854377,-34.2661089827968,-32.9408991411272));
#6718=CARTESIAN_POINT('Ctrl Pts',(-11.4034328174993,-33.5962994739607,-33.5225205566409));
#6719=CARTESIAN_POINT('Ctrl Pts',(-11.6583578377108,-31.872409172629,-35.0659200450499));
#6720=CARTESIAN_POINT('Ctrl Pts',(-11.6438140200186,-30.8288504536145,-36.0460599672837));
#6721=CARTESIAN_POINT('Ctrl Pts',(-11.4581939690759,-29.8294228349371,-37.0455844143628));
#6722=CARTESIAN_POINT('Origin',(0.,0.,-20.8387671951659));
#6723=CARTESIAN_POINT('Ctrl Pts',(-10.5508560823574,-19.2877109240794,-19.4379235132796));
#6724=CARTESIAN_POINT('Ctrl Pts',(-10.1563117039982,-19.1212331838156,-19.773324240568));
#6725=CARTESIAN_POINT('Ctrl Pts',(-9.78814502567366,-18.9194147952649,-20.1222782034178));
#6726=CARTESIAN_POINT('Ctrl Pts',(-8.92064479213836,-18.3197997024377,-21.0488761473963));
#6727=CARTESIAN_POINT('Ctrl Pts',(-8.47152255390276,-17.879275273255,-21.6384315469652));
#6728=CARTESIAN_POINT('Ctrl Pts',(-8.1157288861112,-17.3819174157577,-22.2396108770523));
#6729=CARTESIAN_POINT('Ctrl Pts',(-11.2001995876654,-15.5740693974805,-22.2396108770523));
#6730=CARTESIAN_POINT('Ctrl Pts',(-11.458161704462,-16.1269090960557,-21.6401709378863));
#6731=CARTESIAN_POINT('Ctrl Pts',(-11.623002381402,-16.7315616694836,-21.0525481958241));
#6732=CARTESIAN_POINT('Ctrl Pts',(-11.7317469011633,-17.7753553318837,-20.1258748405236));
#6733=CARTESIAN_POINT('Ctrl Pts',(-11.7340752141674,-18.1925280318918,-19.7758870131656));
#6734=CARTESIAN_POINT('Ctrl Pts',(-11.6959823517336,-18.6155943657302,-19.4379235132796));
#6735=CARTESIAN_POINT('Ctrl Pts',(-10.9515818254717,-35.105616209356,-32.4087391998925));
#6736=CARTESIAN_POINT('Ctrl Pts',(-11.4609747414274,-33.2083237682285,-30.9797508521067));
#6737=CARTESIAN_POINT('Ctrl Pts',(-12.1878901225798,-29.4049848116741,-28.0990266270318));
#6738=CARTESIAN_POINT('Ctrl Pts',(-12.4101790080253,-23.873979080565,-23.7692776014345));
#6739=CARTESIAN_POINT('Ctrl Pts',(-12.0125571366094,-20.3411197387081,-20.852034947955));
#6740=CARTESIAN_POINT('Ctrl Pts',(-11.6926157014848,-18.6566177795981,-19.4078186421945));
#6741=CARTESIAN_POINT('Ctrl Pts',(-11.590436309417,-33.3063449397938,-33.8041193276389));
#6742=CARTESIAN_POINT('Ctrl Pts',(-12.0301576964872,-31.4714797512707,-32.3033833641404));
#6743=CARTESIAN_POINT('Ctrl Pts',(-12.6228358791209,-27.801115626864,-29.2834054052754));
#6744=CARTESIAN_POINT('Ctrl Pts',(-12.6622913858685,-22.4897363492152,-24.764134527954));
#6745=CARTESIAN_POINT('Ctrl Pts',(-12.1580068109408,-19.1184936298991,-21.7361600591154));
#6746=CARTESIAN_POINT('Ctrl Pts',(-11.789284538597,-17.5169637704439,-20.2421985135922));
#6747=CARTESIAN_POINT('Ctrl Pts',(-11.764304566804,-31.4955661038579,-35.3954751753266));
#6748=CARTESIAN_POINT('Ctrl Pts',(-12.1575863778273,-29.7371070352806,-33.8182805942314));
#6749=CARTESIAN_POINT('Ctrl Pts',(-12.6626617169554,-26.2232710458326,-30.6467156401653));
#6750=CARTESIAN_POINT('Ctrl Pts',(-12.5851274870057,-21.1556335499514,-25.9115777291414));
#6751=CARTESIAN_POINT('Ctrl Pts',(-12.0141163363791,-17.9558855124109,-22.7502806716717));
#6752=CARTESIAN_POINT('Ctrl Pts',(-11.6152656494158,-16.4414322433797,-21.194348301879));
#6753=CARTESIAN_POINT('Ctrl Pts',(-11.4581939690675,-29.8294228349127,-37.045584414406));
#6754=CARTESIAN_POINT('Ctrl Pts',(-11.8324060346201,-28.1548694012553,-35.3938451469118));
#6755=CARTESIAN_POINT('Ctrl Pts',(-12.3039753853319,-24.8075160833325,-32.0714128572163));
#6756=CARTESIAN_POINT('Ctrl Pts',(-12.1853037198077,-19.9866878066361,-27.1126449677144));
#6757=CARTESIAN_POINT('Ctrl Pts',(-11.5935473685551,-16.9536970351572,-23.8070283146512));
#6758=CARTESIAN_POINT('Ctrl Pts',(-11.185564651459,-15.5227660885559,-22.1821643020497));
#6759=CARTESIAN_POINT('Ctrl Pts',(-5.71558632662272,-31.4074617282059,-37.0764320706371));
#6760=CARTESIAN_POINT('Ctrl Pts',(-6.38844507615603,-29.8336611397594,-35.3988314191964));
#6761=CARTESIAN_POINT('Ctrl Pts',(-7.46332548408876,-26.6388470483485,-32.0406082231494));
#6762=CARTESIAN_POINT('Ctrl Pts',(-8.23823081665062,-21.8878894379583,-27.0782325350511));
#6763=CARTESIAN_POINT('Ctrl Pts',(-8.22882901614899,-18.8001902127176,-23.8033482071565));
#6764=CARTESIAN_POINT('Ctrl Pts',(-8.10125305077969,-17.3175599071455,-22.2029418708252));
#6765=CARTESIAN_POINT('Ctrl Pts',(-6.31032409819457,-32.9806541427136,-35.4366772203887));
#6766=CARTESIAN_POINT('Ctrl Pts',(-6.98590256972588,-31.3141886356984,-33.8264313248632));
#6767=CARTESIAN_POINT('Ctrl Pts',(-8.06038968526956,-27.941194476601,-30.6091174525441));
#6768=CARTESIAN_POINT('Ctrl Pts',(-8.82851928032479,-22.9424670315233,-25.8685743743148));
#6769=CARTESIAN_POINT('Ctrl Pts',(-8.81314932593864,-19.6975948288751,-22.7457519167023));
#6770=CARTESIAN_POINT('Ctrl Pts',(-8.68361644820312,-18.1381964914125,-21.2203606758921));
#6771=CARTESIAN_POINT('Ctrl Pts',(-7.38398577753539,-34.4303647306302,-33.8538604232293));
#6772=CARTESIAN_POINT('Ctrl Pts',(-8.03689128096308,-32.6629397632817,-32.3042861039581));
#6773=CARTESIAN_POINT('Ctrl Pts',(-9.05949632341058,-29.0991317383997,-29.2167775535768));
#6774=CARTESIAN_POINT('Ctrl Pts',(-9.7460960473463,-23.846220437134,-24.6902558997466));
#6775=CARTESIAN_POINT('Ctrl Pts',(-9.67811151594484,-20.4473317042119,-21.7199597330894));
#6776=CARTESIAN_POINT('Ctrl Pts',(-9.52446100608976,-18.8143038618017,-20.2713967414639));
#6777=CARTESIAN_POINT('Ctrl Pts',(-8.84520238991048,-35.6332226269722,-32.4626799279015));
#6778=CARTESIAN_POINT('Ctrl Pts',(-9.45181972099723,-33.7648291397541,-30.9616567341465));
#6779=CARTESIAN_POINT('Ctrl Pts',(-10.3755689001476,-30.0142479489392,-27.9821782689321));
#6780=CARTESIAN_POINT('Ctrl Pts',(-10.9129313704314,-24.5221040013477,-23.6434530074313));
#6781=CARTESIAN_POINT('Ctrl Pts',(-10.7497879991104,-20.9857133673478,-20.8133120147392));
#6782=CARTESIAN_POINT('Ctrl Pts',(-10.5522305660671,-19.2883450507267,-19.4368072216958));
#6783=CARTESIAN_POINT('Ctrl Pts',(-13.9772686457415,-28.7007411136118,-37.0764320706371));
#6784=CARTESIAN_POINT('Ctrl Pts',(-14.2005696504025,-27.0037662020897,-35.3988314191964));
#6785=CARTESIAN_POINT('Ctrl Pts',(-14.373638873301,-23.6374250331773,-32.0406080687979));
#6786=CARTESIAN_POINT('Ctrl Pts',(-13.8380155371054,-18.8535788837021,-27.0782323356295));
#6787=CARTESIAN_POINT('Ctrl Pts',(-12.9959123308082,-15.8829166622925,-23.8033482071565));
#6788=CARTESIAN_POINT('Ctrl Pts',(-12.4730583590411,-14.4896858938452,-22.2029418708252));
#6789=CARTESIAN_POINT('Ctrl Pts',(-14.9743941612696,-30.0551369554104,-35.4366772203887));
#6790=CARTESIAN_POINT('Ctrl Pts',(-15.1753133374299,-28.2681996196544,-33.8264313248631));
#6791=CARTESIAN_POINT('Ctrl Pts',(-15.2999314453417,-24.7303918923226,-30.6091172981926));
#6792=CARTESIAN_POINT('Ctrl Pts',(-14.6909361329777,-19.709791957845,-25.8685741748931));
#6793=CARTESIAN_POINT('Ctrl Pts',(-13.8006813263137,-16.5893953480335,-22.7457519167023));
#6794=CARTESIAN_POINT('Ctrl Pts',(-13.2552312426673,-15.1227712832011,-21.2203606758921));
#6795=CARTESIAN_POINT('Ctrl Pts',(-16.3993687888018,-31.1614178877653,-33.8538604232293));
#6796=CARTESIAN_POINT('Ctrl Pts',(-16.5512172356039,-29.2833820359199,-32.3042861039581));
#6797=CARTESIAN_POINT('Ctrl Pts',(-16.5743978124269,-25.5758347907648,-29.2167785532909));
#6798=CARTESIAN_POINT('Ctrl Pts',(-15.8183180604156,-20.3324721698801,-24.6902560184765));
#6799=CARTESIAN_POINT('Ctrl Pts',(-14.8358449601561,-17.0779659402209,-21.7199597330894));
#6800=CARTESIAN_POINT('Ctrl Pts',(-14.2473065889151,-15.5469496114894,-20.2713967414639));
#6801=CARTESIAN_POINT('Ctrl Pts',(-18.1309267020114,-31.9254390263961,-32.4626799279015));
#6802=CARTESIAN_POINT('Ctrl Pts',(-18.2109624868174,-29.9626672407306,-30.9616567341465));
#6803=CARTESIAN_POINT('Ctrl Pts',(-18.0885622468084,-26.1019438780136,-27.9821792686462));
#6804=CARTESIAN_POINT('Ctrl Pts',(-17.1242351678052,-20.6684837354554,-23.6434531261612));
#6805=CARTESIAN_POINT('Ctrl Pts',(-16.0130344066046,-17.3072480959625,-20.8133120147392));
#6806=CARTESIAN_POINT('Ctrl Pts',(-15.3648584477946,-15.7261231584448,-19.4368072216958));
#6807=CARTESIAN_POINT('',(-18.1352590762286,-31.815616952201,-32.37867966));
#6808=CARTESIAN_POINT('',(-15.3633638483473,-15.7258833782005,-19.4379235132796));
#6809=CARTESIAN_POINT('Ctrl Pts',(-18.1352590841785,-31.8156173470413,-32.378680018789));
#6810=CARTESIAN_POINT('Ctrl Pts',(-18.1579477527681,-31.0442957983464,-31.7961439294658));
#6811=CARTESIAN_POINT('Ctrl Pts',(-18.1599974183941,-30.2745036031311,-31.2116112199018));
#6812=CARTESIAN_POINT('Ctrl Pts',(-18.1412899806623,-29.5071670473837,-30.6250107589558));
#6813=CARTESIAN_POINT('Ctrl Pts',(-18.1231421866531,-28.7627858045302,-30.0559587870319));
#6814=CARTESIAN_POINT('Ctrl Pts',(-18.0854604121561,-28.0207153919434,-29.4849608021368));
#6815=CARTESIAN_POINT('Ctrl Pts',(-18.0281322612886,-27.2818405733636,-28.9119809771883));
#6816=CARTESIAN_POINT('Ctrl Pts',(-17.9986574323633,-26.9019537543181,-28.6173877963091));
#6817=CARTESIAN_POINT('Ctrl Pts',(-17.9639891781266,-26.5229123176243,-28.3222712212021));
#6818=CARTESIAN_POINT('Ctrl Pts',(-17.9241120584468,-26.1448408044481,-28.0266296748303));
#6819=CARTESIAN_POINT('Ctrl Pts',(-17.8551830465855,-25.4913308211431,-27.5156028047799));
#6820=CARTESIAN_POINT('Ctrl Pts',(-17.7706985742081,-24.8407429220841,-27.0030230737194));
#6821=CARTESIAN_POINT('Ctrl Pts',(-17.6705787008847,-24.1936720952646,-26.4888084539662));
#6822=CARTESIAN_POINT('Ctrl Pts',(-17.6273975793335,-23.9145941949672,-26.267030666381));
#6823=CARTESIAN_POINT('Ctrl Pts',(-17.5813077898536,-23.6361710268367,-26.044949081881));
#6824=CARTESIAN_POINT('Ctrl Pts',(-17.5323018301082,-23.3584527148707,-25.8225586005283));
#6825=CARTESIAN_POINT('Ctrl Pts',(-17.4405542700565,-22.838516412492,-25.4062054845231));
#6826=CARTESIAN_POINT('Ctrl Pts',(-17.3387534231014,-22.321987080501,-24.9895206784769));
#6827=CARTESIAN_POINT('Ctrl Pts',(-17.2269208576761,-21.8089729694114,-24.5723019585766));
#6828=CARTESIAN_POINT('Ctrl Pts',(-17.1424925005835,-21.421671306431,-24.2573213361123));
#6829=CARTESIAN_POINT('Ctrl Pts',(-17.0523456065807,-21.0363735865427,-23.9420367472207));
#6830=CARTESIAN_POINT('Ctrl Pts',(-16.9564737450354,-20.6531361670856,-23.6263678936104));
#6831=CARTESIAN_POINT('Ctrl Pts',(-16.837383801045,-20.1770869688897,-23.2342509002608));
#6832=CARTESIAN_POINT('Ctrl Pts',(-16.7094421776526,-19.7042320961514,-22.8415770884819));
#6833=CARTESIAN_POINT('Ctrl Pts',(-16.5727191159025,-19.2346360326368,-22.4481552125675));
#6834=CARTESIAN_POINT('Ctrl Pts',(-16.4357010033798,-18.7640265725559,-22.0538843253237));
#6835=CARTESIAN_POINT('Ctrl Pts',(-16.2898633181148,-18.2966898579047,-21.6588619706165));
#6836=CARTESIAN_POINT('Ctrl Pts',(-16.1352356569549,-17.8326998480615,-21.2629269649658));
#6837=CARTESIAN_POINT('Ctrl Pts',(-15.9801553230676,-17.3673515067162,-20.8658328589474));
#6838=CARTESIAN_POINT('Ctrl Pts',(-15.8162332586706,-16.905369384065,-20.4678205639858));
#6839=CARTESIAN_POINT('Ctrl Pts',(-15.6434610709726,-16.4468391050522,-20.0687616259908));
#6840=CARTESIAN_POINT('Ctrl Pts',(-15.5525481496779,-16.2055599517199,-19.858776359813));
#6841=CARTESIAN_POINT('Ctrl Pts',(-15.4591841203635,-15.9652367655542,-19.648501877161));
#6842=CARTESIAN_POINT('Ctrl Pts',(-15.3633638497323,-15.7258833761956,-19.4379235139931));
#6843=CARTESIAN_POINT('Ctrl Pts',(-13.9960807392276,-28.7261970967175,-37.0455844143628));
#6844=CARTESIAN_POINT('Ctrl Pts',(-14.6058968599213,-29.5424752228071,-36.0446710381612));
#6845=CARTESIAN_POINT('Ctrl Pts',(-15.3702882075003,-30.2606246452506,-35.0635614662596));
#6846=CARTESIAN_POINT('Ctrl Pts',(-16.8425609731337,-31.2295111141423,-33.5198030225027));
#6847=CARTESIAN_POINT('Ctrl Pts',(-17.4673206742458,-31.5528317195562,-32.9377504437339));
#6848=CARTESIAN_POINT('Ctrl Pts',(-18.1352590762286,-31.815616952201,-32.37867966));
#6849=CARTESIAN_POINT('Ctrl Pts',(-15.3633638483473,-15.7258833782005,-19.4379235132796));
#6850=CARTESIAN_POINT('Ctrl Pts',(-14.9385350890066,-15.6720258835014,-19.773324240568));
#6851=CARTESIAN_POINT('Ctrl Pts',(-14.5295710802314,-15.5770216493209,-20.1222782034178));
#6852=CARTESIAN_POINT('Ctrl Pts',(-13.5324658926003,-15.2336906726687,-21.0488761473963));
#6853=CARTESIAN_POINT('Ctrl Pts',(-12.9811462566616,-14.9306738140404,-21.6384315469652));
#6854=CARTESIAN_POINT('Ctrl Pts',(-12.5043608391538,-14.5477513178262,-22.2396108770523));
#6855=CARTESIAN_POINT('Ctrl Pts',(-20.0168493663126,-30.8491033154118,-32.4087391998925));
#6856=CARTESIAN_POINT('Ctrl Pts',(-19.995469236582,-28.8847350607207,-30.9797508521067));
#6857=CARTESIAN_POINT('Ctrl Pts',(-19.6692999987321,-25.0263149674181,-28.0990264918046));
#6858=CARTESIAN_POINT('Ctrl Pts',(-18.391098499127,-19.640441336506,-23.7692776665034));
#6859=CARTESIAN_POINT('Ctrl Pts',(-17.0550673593162,-16.345866711617,-20.852034947955));
#6860=CARTESIAN_POINT('Ctrl Pts',(-16.2925170309203,-14.8101498207748,-19.4078186421945));
#6861=CARTESIAN_POINT('Ctrl Pts',(-20.1465758140397,-28.9441930283145,-33.8041193276389));
#6862=CARTESIAN_POINT('Ctrl Pts',(-20.0749504358942,-27.0587342078927,-32.3033833641404));
#6863=CARTESIAN_POINT('Ctrl Pts',(-19.6553980593441,-23.3645746419768,-29.2834052700482));
#6864=CARTESIAN_POINT('Ctrl Pts',(-18.2603976466908,-18.2395109750929,-24.7641345930229));
#6865=CARTESIAN_POINT('Ctrl Pts',(-16.86526278868,-15.1293370429816,-21.7361600591154));
#6866=CARTESIAN_POINT('Ctrl Pts',(-16.0781261534175,-13.6866763336406,-20.2421985135922));
#6867=CARTESIAN_POINT('Ctrl Pts',(-19.8254542815837,-27.1536536891786,-35.3954751753266));
#6868=CARTESIAN_POINT('Ctrl Pts',(-19.7297255573036,-25.3542968901831,-33.8182805942314));
#6869=CARTESIAN_POINT('Ctrl Pts',(-19.2680492139122,-21.8344958169519,-30.6467154119109));
#6870=CARTESIAN_POINT('Ctrl Pts',(-17.8261580114128,-16.9756987808494,-25.9115776653618));
#6871=CARTESIAN_POINT('Ctrl Pts',(-16.4130402470207,-14.0486627736784,-22.7502806716717));
#6872=CARTESIAN_POINT('Ctrl Pts',(-15.6203854234204,-12.6979781675643,-21.194348301879));
#6873=CARTESIAN_POINT('Ctrl Pts',(-19.0811750209365,-25.6318831831993,-37.045584414406));
#6874=CARTESIAN_POINT('Ctrl Pts',(-18.9897211784605,-23.918465526329,-35.3938451469118));
#6875=CARTESIAN_POINT('Ctrl Pts',(-18.5406978268245,-20.5680133030424,-32.0714126289619));
#6876=CARTESIAN_POINT('Ctrl Pts',(-17.1257830068811,-15.9579718780614,-27.1126449039348));
#6877=CARTESIAN_POINT('Ctrl Pts',(-15.7376799021271,-13.1971063133178,-23.8070283146512));
#6878=CARTESIAN_POINT('Ctrl Pts',(-14.9587657417544,-11.9293105875949,-22.1821643020497));
#6879=CARTESIAN_POINT('',(-16.2846908520419,-14.7697393550087,-19.4379235132796));
#6880=CARTESIAN_POINT('',(-20.0200136562716,-30.6646401742106,-32.37867966));
#6881=CARTESIAN_POINT('Ctrl Pts',(-16.2846894310582,-14.7697404113838,-19.4379240425252));
#6882=CARTESIAN_POINT('Ctrl Pts',(-16.4850305456937,-15.1757180035409,-19.8102717774327));
#6883=CARTESIAN_POINT('Ctrl Pts',(-16.6775149022306,-15.5860783393783,-20.1817027088928));
#6884=CARTESIAN_POINT('Ctrl Pts',(-16.8621096486109,-16.0005439938205,-20.5522982846714));
#6885=CARTESIAN_POINT('Ctrl Pts',(-17.0477223356185,-16.417295203169,-20.9249374954952));
#6886=CARTESIAN_POINT('Ctrl Pts',(-17.2253583321856,-16.8381972730227,-21.2967322880546));
#6887=CARTESIAN_POINT('Ctrl Pts',(-17.3949743370174,-17.2630189638671,-21.6677537050015));
#6888=CARTESIAN_POINT('Ctrl Pts',(-17.5657886314062,-17.6908419009458,-22.0413962843196));
#6889=CARTESIAN_POINT('Ctrl Pts',(-17.728469390833,-18.1226401640455,-22.4142547021967));
#6890=CARTESIAN_POINT('Ctrl Pts',(-17.8829597373273,-18.5582269567295,-22.7863869237076));
#6891=CARTESIAN_POINT('Ctrl Pts',(-18.0103078260127,-18.9172859320226,-23.0931395993476));
#6892=CARTESIAN_POINT('Ctrl Pts',(-18.1320904316184,-19.2789201149344,-23.3993986056181));
#6893=CARTESIAN_POINT('Ctrl Pts',(-18.2482680596841,-19.6430488650057,-23.7051877682093));
#6894=CARTESIAN_POINT('Ctrl Pts',(-18.2482681984059,-19.6430492997933,-23.7051881333366));
#6895=CARTESIAN_POINT('Ctrl Pts',(-18.2482683371277,-19.6430497345808,-23.7051884984638));
#6896=CARTESIAN_POINT('Ctrl Pts',(-18.2482684758494,-19.6430501693684,-23.705188863591));
#6897=CARTESIAN_POINT('Ctrl Pts',(-18.4130636339642,-20.1595580705706,-24.138943450075));
#6898=CARTESIAN_POINT('Ctrl Pts',(-18.566578903722,-20.6810562787166,-24.5717748833637));
#6899=CARTESIAN_POINT('Ctrl Pts',(-18.7087618352252,-21.2071917619902,-25.0037877341175));
#6900=CARTESIAN_POINT('Ctrl Pts',(-18.8072269522813,-21.5715533024382,-25.3029670763176));
#6901=CARTESIAN_POINT('Ctrl Pts',(-18.9002568966726,-21.9381398575637,-25.6017535432999));
#6902=CARTESIAN_POINT('Ctrl Pts',(-18.9878293529015,-22.3068471821533,-25.9001772793812));
#6903=CARTESIAN_POINT('Ctrl Pts',(-19.1250737409324,-22.8846888152982,-26.3678698027623));
#6904=CARTESIAN_POINT('Ctrl Pts',(-19.2487033434235,-23.46685490126,-26.8339598555688));
#6905=CARTESIAN_POINT('Ctrl Pts',(-19.3587148133895,-24.0527595464987,-27.2984903262453));
#6906=CARTESIAN_POINT('Ctrl Pts',(-19.4224226187301,-24.3920577951134,-27.5675006104435));
#6907=CARTESIAN_POINT('Ctrl Pts',(-19.4815635052456,-24.7326107157902,-27.8359875312633));
#6908=CARTESIAN_POINT('Ctrl Pts',(-19.5361369061101,-25.0743118852868,-28.1039563332959));
#6909=CARTESIAN_POINT('Ctrl Pts',(-19.631888937115,-25.6738453660256,-28.5741223232123));
#6910=CARTESIAN_POINT('Ctrl Pts',(-19.7135836307643,-26.2769419968154,-29.0426999352609));
#6911=CARTESIAN_POINT('Ctrl Pts',(-19.7812127766683,-26.8830014912691,-29.5097237069086));
#6912=CARTESIAN_POINT('Ctrl Pts',(-19.8509302903188,-27.5077759211811,-29.991169032585));
#6913=CARTESIAN_POINT('Ctrl Pts',(-19.9057003040469,-28.1356989390553,-30.4709633050478));
#6914=CARTESIAN_POINT('Ctrl Pts',(-19.9455067152801,-28.7661654262117,-30.9491217412853));
#6915=CARTESIAN_POINT('Ctrl Pts',(-19.9853131265133,-29.396631913368,-31.4272801775227));
#6916=CARTESIAN_POINT('Ctrl Pts',(-20.0101560377787,-30.0296420492712,-31.9038028822538));
#6917=CARTESIAN_POINT('Ctrl Pts',(-20.020010559857,-30.6646413185063,-32.3786803950886));
#6918=CARTESIAN_POINT('Ctrl Pts',(-14.9866994419244,-11.9747629721219,-22.2396108770523));
#6919=CARTESIAN_POINT('Ctrl Pts',(-15.3842499893117,-12.4375045288196,-21.6401709378863));
#6920=CARTESIAN_POINT('Ctrl Pts',(-15.706111238778,-12.9752614622189,-21.0525481958241));
#6921=CARTESIAN_POINT('Ctrl Pts',(-16.0924353766301,-13.9510095038554,-20.1258748405236));
#6922=CARTESIAN_POINT('Ctrl Pts',(-16.2072291969491,-14.352084137172,-19.7758870131656));
#6923=CARTESIAN_POINT('Ctrl Pts',(-16.2846908520419,-14.7697393550087,-19.4379235132796));
#6924=CARTESIAN_POINT('Ctrl Pts',(-20.0200136562716,-30.6646401742106,-32.37867966));
#6925=CARTESIAN_POINT('Ctrl Pts',(-20.0651694861918,-29.963727333397,-32.9408991411272));
#6926=CARTESIAN_POINT('Ctrl Pts',(-20.0447357159783,-29.2738482001232,-33.5225205566409));
#6927=CARTESIAN_POINT('Ctrl Pts',(-19.8251073877892,-27.5451064801394,-35.0659200450499));
#6928=CARTESIAN_POINT('Ctrl Pts',(-19.5295541214065,-26.5441696242915,-36.0460599672837));
#6929=CARTESIAN_POINT('Ctrl Pts',(-19.0811750209511,-25.6318831832206,-37.0455844143628));
#6930=CARTESIAN_POINT('Origin',(0.,0.,-20.8387671951659));
#6931=CARTESIAN_POINT('Origin',(0.,0.,-19.4379235132796));
#6932=CARTESIAN_POINT('Origin',(0.,0.,-34.7121320371814));
#6933=CARTESIAN_POINT('Origin',(0.,0.,-32.37867966));
#6934=CARTESIAN_POINT('Origin',(0.,0.,-25.9083015866398));
#6935=CARTESIAN_POINT('Origin',(0.,0.,-25.9083015866398));
#6936=CARTESIAN_POINT('',(-26.0465052011041,-25.7429732280474,-32.37867966));
#6937=CARTESIAN_POINT('',(-19.0364412004183,-10.9977390032901,-19.4379235132796));
#6938=CARTESIAN_POINT('Ctrl Pts',(-26.0465053152208,-25.7429736060423,-32.3786800186736));
#6939=CARTESIAN_POINT('Ctrl Pts',(-25.8602534478775,-24.9941369834174,-31.796146697958));
#6940=CARTESIAN_POINT('Ctrl Pts',(-25.6545407181,-24.2523412626645,-31.2116167593541));
#6941=CARTESIAN_POINT('Ctrl Pts',(-25.4295033182252,-23.5185102379742,-30.6250190845554));
#6942=CARTESIAN_POINT('Ctrl Pts',(-25.2111979705886,-22.8066319588943,-30.0559696314824));
#6943=CARTESIAN_POINT('Ctrl Pts',(-24.9747066276,-22.1022489516184,-29.4849741784769));
#6944=CARTESIAN_POINT('Ctrl Pts',(-24.7201597720282,-21.4062434898872,-28.9119969103537));
#6945=CARTESIAN_POINT('Ctrl Pts',(-24.5892835031381,-21.0483895389755,-28.6173983900052));
#6946=CARTESIAN_POINT('Ctrl Pts',(-24.453634303857,-20.692750870671,-28.3222764583709));
#6947=CARTESIAN_POINT('Ctrl Pts',(-24.313230909304,-20.3394515813039,-28.0266295399702));
#6948=CARTESIAN_POINT('Ctrl Pts',(-24.0705425746683,-19.7287710743443,-27.515601594419));
#6949=CARTESIAN_POINT('Ctrl Pts',(-23.8136639328979,-19.1251011435328,-27.0030207920563));
#6950=CARTESIAN_POINT('Ctrl Pts',(-23.542678532848,-18.529036278593,-26.4888051000856));
#6951=CARTESIAN_POINT('Ctrl Pts',(-23.4258049093224,-18.271958736375,-26.2670283874536));
#6952=CARTESIAN_POINT('Ctrl Pts',(-23.3063071499113,-18.0162963832832,-26.0449478819486));
#6953=CARTESIAN_POINT('Ctrl Pts',(-23.1841915535619,-17.7620995074633,-25.8225584833218));
#6954=CARTESIAN_POINT('Ctrl Pts',(-22.9555689981786,-17.2861968295271,-25.4062051744555));
#6955=CARTESIAN_POINT('Ctrl Pts',(-22.7181851420095,-16.8162871323092,-24.9895201777934));
#6956=CARTESIAN_POINT('Ctrl Pts',(-22.4720899585262,-16.3524688298048,-24.5723012665952));
#6957=CARTESIAN_POINT('Ctrl Pts',(-22.2862998145242,-16.0023080993374,-24.2573208574109));
#6958=CARTESIAN_POINT('Ctrl Pts',(-22.0955438568911,-15.6556198366425,-23.9420364821017));
#6959=CARTESIAN_POINT('Ctrl Pts',(-21.899831098093,-15.3124600425439,-23.6263678413665));
#6960=CARTESIAN_POINT('Ctrl Pts',(-21.6567208782125,-14.8861942563489,-23.2342509802595));
#6961=CARTESIAN_POINT('Ctrl Pts',(-21.405949047017,-14.4653924870812,-22.8415772992053));
#6962=CARTESIAN_POINT('Ctrl Pts',(-21.1476006375105,-14.0500978792507,-22.4481555528683));
#6963=CARTESIAN_POINT('Ctrl Pts',(-20.8886947266757,-13.6339070890286,-22.053884824544));
#6964=CARTESIAN_POINT('Ctrl Pts',(-20.6221792783559,-13.2232471673483,-21.6588626277152));
#6965=CARTESIAN_POINT('Ctrl Pts',(-20.3481027450412,-12.8181813487122,-21.2629277792724));
#6966=CARTESIAN_POINT('Ctrl Pts',(-20.0732238773793,-12.411929736403,-20.8658338672488));
#6967=CARTESIAN_POINT('Ctrl Pts',(-19.7907393555115,-12.01130497957,-20.4678217657762));
#6968=CARTESIAN_POINT('Ctrl Pts',(-19.500664198376,-11.6163917952821,-20.0687630211226));
#6969=CARTESIAN_POINT('Ctrl Pts',(-19.3480259105911,-11.4085874701251,-19.858777291524));
#6970=CARTESIAN_POINT('Ctrl Pts',(-19.1932853154966,-11.2023649712543,-19.6485023438514));
#6971=CARTESIAN_POINT('Ctrl Pts',(-19.036441201211,-10.9977390009858,-19.4379235139931));
#6972=CARTESIAN_POINT('',(-19.6656383293579,-9.82848034338776,-19.4379235132796));
#6973=CARTESIAN_POINT('Origin',(0.,0.,-19.4379235132796));
#6974=CARTESIAN_POINT('',(-27.5508381502569,-24.1261770910656,-32.37867966));
#6975=CARTESIAN_POINT('Ctrl Pts',(-19.6656372460747,-9.82848174396645,-19.4379240425252));
#6976=CARTESIAN_POINT('Ctrl Pts',(-19.9680806651794,-10.1653532588264,-19.8102718425959));
#6977=CARTESIAN_POINT('Ctrl Pts',(-20.2641411206102,-10.508564718414,-20.181702837928));
#6978=CARTESIAN_POINT('Ctrl Pts',(-20.5537121317111,-10.8578578508055,-20.5522984769634));
#6979=CARTESIAN_POINT('Ctrl Pts',(-20.8448799628317,-11.2090771368697,-20.9249377409228));
#6980=CARTESIAN_POINT('Ctrl Pts',(-21.1294867858942,-11.5664454424459,-21.2967325860433));
#6981=CARTESIAN_POINT('Ctrl Pts',(-21.4074285192222,-11.9297517877054,-21.6677540556405));
#6982=CARTESIAN_POINT('Ctrl Pts',(-21.6873338204673,-12.2956247740917,-22.0413966712078));
#6983=CARTESIAN_POINT('Ctrl Pts',(-21.9604797288559,-12.6675200725675,-22.414255125495));
#6984=CARTESIAN_POINT('Ctrl Pts',(-22.2267610801196,-13.0452731613193,-22.7863873842291));
#6985=CARTESIAN_POINT('Ctrl Pts',(-22.4462595869081,-13.3566589888371,-23.0931399026926));
#6986=CARTESIAN_POINT('Ctrl Pts',(-22.6610937822592,-13.6720260746023,-23.3993987529426));
#6987=CARTESIAN_POINT('Ctrl Pts',(-22.8712038807285,-13.9913074253532,-23.7051877609862));
#6988=CARTESIAN_POINT('Ctrl Pts',(-22.8712041316103,-13.991307806591,-23.7051881261134));
#6989=CARTESIAN_POINT('Ctrl Pts',(-22.8712043824922,-13.9913081878287,-23.7051884912407));
#6990=CARTESIAN_POINT('Ctrl Pts',(-22.8712046333741,-13.9913085690665,-23.7051888563679));
#6991=CARTESIAN_POINT('Ctrl Pts',(-23.1692408877839,-14.4442017258959,-24.1389434251376));
#6992=CARTESIAN_POINT('Ctrl Pts',(-23.4577619160864,-14.9049434169025,-24.5717748427947));
#6993=CARTESIAN_POINT('Ctrl Pts',(-23.7366219649294,-15.3732078512849,-25.0037876786121));
#6994=CARTESIAN_POINT('Ctrl Pts',(-23.9297393112718,-15.6974923277799,-25.3029670439785));
#6995=CARTESIAN_POINT('Ctrl Pts',(-24.1182233381184,-16.0253857035204,-25.601753534373));
#6996=CARTESIAN_POINT('Ctrl Pts',(-24.3020244319283,-16.3567936192181,-25.9001772936669));
#6997=CARTESIAN_POINT('Ctrl Pts',(-24.5900791920025,-16.8761791444299,-26.3678697464264));
#6998=CARTESIAN_POINT('Ctrl Pts',(-24.8661907682879,-17.4034019856543,-26.8339597287476));
#6999=CARTESIAN_POINT('Ctrl Pts',(-25.1301978637863,-17.937898877608,-27.2984901273491));
#7000=CARTESIAN_POINT('Ctrl Pts',(-25.2830848319487,-18.2474269573316,-27.5675004890871));
#7001=CARTESIAN_POINT('Ctrl Pts',(-25.4319127389773,-18.5593953243183,-27.8359874864509));
#7002=CARTESIAN_POINT('Ctrl Pts',(-25.5766523260099,-18.8737016543362,-28.1039563637126));
#7003=CARTESIAN_POINT('Ctrl Pts',(-25.8306057426986,-19.4251690726934,-28.5741222204902));
#7004=CARTESIAN_POINT('Ctrl Pts',(-26.0719844377943,-19.9838601305837,-29.0426996971522));
#7005=CARTESIAN_POINT('Ctrl Pts',(-26.3006185508908,-20.5491990160101,-29.5097233331916));
#7006=CARTESIAN_POINT('Ctrl Pts',(-26.5363129159379,-21.1319956417296,-29.9911687214912));
#7007=CARTESIAN_POINT('Ctrl Pts',(-26.7584635487928,-21.7218568856287,-30.4709630549548));
#7008=CARTESIAN_POINT('Ctrl Pts',(-26.9668916856212,-22.3182044110722,-30.9491215527652));
#7009=CARTESIAN_POINT('Ctrl Pts',(-27.1753198224496,-22.9145519365157,-31.4272800505756));
#7010=CARTESIAN_POINT('Ctrl Pts',(-27.3700256103952,-23.5173858886519,-31.9038028174517));
#7011=CARTESIAN_POINT('Ctrl Pts',(-27.5508354773952,-24.1261790282885,-32.3786803951218));
#7012=CARTESIAN_POINT('Origin',(0.,0.,-32.37867966));
#7013=CARTESIAN_POINT('Origin',(0.,0.,-34.7121320371814));
#7014=CARTESIAN_POINT('Ctrl Pts',(-21.2273033232324,-23.8848543918928,-37.0455844143628));
#7015=CARTESIAN_POINT('Ctrl Pts',(-22.0347350107369,-24.5063362904258,-36.0446710381612));
#7016=CARTESIAN_POINT('Ctrl Pts',(-22.9645350490033,-24.9916244667182,-35.0635614662595));
#7017=CARTESIAN_POINT('Ctrl Pts',(-24.6436143876478,-25.5273675586611,-33.5198030225027));
#7018=CARTESIAN_POINT('Ctrl Pts',(-25.3324371596761,-25.6701404088608,-32.9377504437339));
#7019=CARTESIAN_POINT('Ctrl Pts',(-26.0465052011041,-25.7429732280474,-32.37867966));
#7020=CARTESIAN_POINT('Ctrl Pts',(-27.5508381502569,-24.1261770910656,-32.37867966));
#7021=CARTESIAN_POINT('Ctrl Pts',(-27.4052154581977,-23.4390731026107,-32.9408991411272));
#7022=CARTESIAN_POINT('Ctrl Pts',(-27.1994122649675,-22.7802895242271,-33.5225205566409));
#7023=CARTESIAN_POINT('Ctrl Pts',(-26.5215194167469,-21.1749092504954,-35.0659200450499));
#7024=CARTESIAN_POINT('Ctrl Pts',(-25.966876535375,-20.2908291654309,-36.0460599672837));
#7025=CARTESIAN_POINT('Ctrl Pts',(-25.2889926120898,-19.5333440138677,-37.0455844143628));
#7026=CARTESIAN_POINT('Origin',(0.,0.,-20.8387671951659));
#7027=CARTESIAN_POINT('Ctrl Pts',(-19.0364412004183,-10.99773900329,-19.4379235132796));
#7028=CARTESIAN_POINT('Ctrl Pts',(-18.6128356657142,-11.0604961181558,-19.773324240568));
#7029=CARTESIAN_POINT('Ctrl Pts',(-18.1934053161333,-11.0793520677791,-20.1222782034178));
#7030=CARTESIAN_POINT('Ctrl Pts',(-17.1406459047202,-11.0177684952055,-21.0488761473963));
#7031=CARTESIAN_POINT('Ctrl Pts',(-16.5280177263564,-10.8747325813263,-21.6384315469652));
#7032=CARTESIAN_POINT('Ctrl Pts',(-15.9656015524009,-10.6346450561856,-22.2396108770523));
#7033=CARTESIAN_POINT('Ctrl Pts',(-17.6617043581638,-7.48734315801655,-22.2396108770523));
#7034=CARTESIAN_POINT('Ctrl Pts',(-18.1693588307148,-7.82566714847818,-21.6401709378863));
#7035=CARTESIAN_POINT('Ctrl Pts',(-18.6243696762517,-8.25664547017294,-21.0525481958241));
#7036=CARTESIAN_POINT('Ctrl Pts',(-19.2596215382056,-9.09198112254789,-20.1258748405237));
#7037=CARTESIAN_POINT('Ctrl Pts',(-19.4783671333332,-9.44721181841431,-19.7758870131656));
#7038=CARTESIAN_POINT('Ctrl Pts',(-19.6656383293579,-9.82848034338775,-19.4379235132796));
#7039=CARTESIAN_POINT('Ctrl Pts',(-27.5975587606468,-24.3046535538206,-32.4087391998926));
#7040=CARTESIAN_POINT('Ctrl Pts',(-27.0469912516445,-22.4188976926296,-30.9797508521067));
#7041=CARTESIAN_POINT('Ctrl Pts',(-25.6919279749803,-18.791557613696,-28.099026552577));
#7042=CARTESIAN_POINT('Ctrl Pts',(-23.0080342346288,-13.9502613476464,-23.7692776373667));
#7043=CARTESIAN_POINT('Ctrl Pts',(-20.8326812577241,-11.1383155278899,-20.852034947955));
#7044=CARTESIAN_POINT('Ctrl Pts',(-19.6840769054784,-9.86528080167187,-19.4078186421945));
#7045=CARTESIAN_POINT('Ctrl Pts',(-27.2085359549868,-22.4353827307976,-33.8041193276389));
#7046=CARTESIAN_POINT('Ctrl Pts',(-26.6308759382583,-20.6391661337876,-32.3033833641404));
#7047=CARTESIAN_POINT('Ctrl Pts',(-25.2302093829104,-17.1951898256053,-29.2834053308207));
#7048=CARTESIAN_POINT('Ctrl Pts',(-22.5042136362218,-12.6365439522461,-24.7641345638862));
#7049=CARTESIAN_POINT('Ctrl Pts',(-20.3216993788264,-10.0181067396979,-21.7361600591154));
#7050=CARTESIAN_POINT('Ctrl Pts',(-19.174526703972,-8.84131072554921,-20.2421985135922));
#7051=CARTESIAN_POINT('Ctrl Pts',(-26.4162407477168,-20.7978790000729,-35.3954751753266));
#7052=CARTESIAN_POINT('Ctrl Pts',(-25.8386012496833,-19.0910745329312,-33.8182805942314));
#7053=CARTESIAN_POINT('Ctrl Pts',(-24.4444143710176,-15.8263559373825,-30.646715514673));
#7054=CARTESIAN_POINT('Ctrl Pts',(-21.7451045904457,-11.53675377699,-25.9115776942838));
#7055=CARTESIAN_POINT('Ctrl Pts',(-19.5946840472038,-9.09951498537795,-22.7502806716717));
#7056=CARTESIAN_POINT('Ctrl Pts',(-18.4670126690783,-8.01277314044556,-21.194348301879));
#7057=CARTESIAN_POINT('Ctrl Pts',(-25.28899261207,-19.5333440138512,-37.045584414406));
#7058=CARTESIAN_POINT('Ctrl Pts',(-24.7386555746884,-17.9081384830137,-35.3938451469118));
#7059=CARTESIAN_POINT('Ctrl Pts',(-23.4023422534349,-14.8030750863481,-32.071412731724));
#7060=CARTESIAN_POINT('Ctrl Pts',(-20.796121958664,-10.7457258633182,-27.1126449328568));
#7061=CARTESIAN_POINT('Ctrl Pts',(-18.7146207124534,-8.46174658896379,-23.8070283146512));
#7062=CARTESIAN_POINT('Ctrl Pts',(-17.6225436087837,-7.45111269331657,-22.1821643020497));
#7063=CARTESIAN_POINT('Ctrl Pts',(-21.202320891155,-23.8654178277752,-37.0764320706371));
#7064=CARTESIAN_POINT('Ctrl Pts',(-20.959502936962,-22.1711254592214,-35.3988314191964));
#7065=CARTESIAN_POINT('Ctrl Pts',(-20.2179265730711,-18.8829238038991,-32.0406081037391));
#7066=CARTESIAN_POINT('Ctrl Pts',(-18.4114993682662,-14.420985085398,-27.078232380529));
#7067=CARTESIAN_POINT('Ctrl Pts',(-16.7991482802342,-11.7876798425341,-23.8033482071565));
#7068=CARTESIAN_POINT('Ctrl Pts',(-15.9197939892575,-10.5871781637007,-22.2029418708252));
#7069=CARTESIAN_POINT('Ctrl Pts',(-22.5278819126984,-24.9005677532273,-35.4366772203887));
#7070=CARTESIAN_POINT('Ctrl Pts',(-22.2392405373359,-23.125687556229,-33.8264313248631));
#7071=CARTESIAN_POINT('Ctrl Pts',(-21.40474863341,-19.6854497419851,-30.6091173331338));
#7072=CARTESIAN_POINT('Ctrl Pts',(-19.4637948775927,-15.0153322333237,-25.8685742197926));
#7073=CARTESIAN_POINT('Ctrl Pts',(-17.7646799266322,-12.2508363056621,-22.7457519167023));
#7074=CARTESIAN_POINT('Ctrl Pts',(-16.8437661745108,-10.9857593109899,-21.2203606758921));
#7075=CARTESIAN_POINT('Ctrl Pts',(-24.1984856391231,-25.5813712341662,-33.8538604232293));
#7076=CARTESIAN_POINT('Ctrl Pts',(-23.8380151246607,-23.7320098255128,-32.3042861039581));
#7077=CARTESIAN_POINT('Ctrl Pts',(-22.8600517009271,-20.1556943302331,-29.2167783293945));
#7078=CARTESIAN_POINT('Ctrl Pts',(-20.7173671970326,-15.310757936811,-24.6902559899591));
#7079=CARTESIAN_POINT('Ctrl Pts',(-18.8932716531473,-12.4420055689392,-21.7199597330894));
#7080=CARTESIAN_POINT('Ctrl Pts',(-17.9134946191313,-11.1265492310548,-20.2713967414639));
#7081=CARTESIAN_POINT('Ctrl Pts',(-26.0719631240947,-25.8498916623975,-32.4626799279015));
#7082=CARTESIAN_POINT('Ctrl Pts',(-25.6194814746002,-23.9383113825441,-30.9616567341465));
#7083=CARTESIAN_POINT('Ctrl Pts',(-24.4600093436964,-20.2537771899788,-27.9821790447498));
#7084=CARTESIAN_POINT('Ctrl Pts',(-22.065512191045,-15.2819770630798,-23.6434530976438));
#7085=CARTESIAN_POINT('Ctrl Pts',(-20.0886673069189,-12.3451834086913,-20.8133120147392));
#7086=CARTESIAN_POINT('Ctrl Pts',(-19.0379450679993,-10.9975666537273,-19.4368072216958));
#7087=CARTESIAN_POINT('Ctrl Pts',(-26.8548939902355,-17.2601056786743,-37.0764320706371));
#7088=CARTESIAN_POINT('Ctrl Pts',(-26.1639657740329,-15.6941537671927,-35.3988314191964));
#7089=CARTESIAN_POINT('Ctrl Pts',(-24.5627435612268,-12.7279621800081,-32.0406081984993));
#7090=CARTESIAN_POINT('Ctrl Pts',(-21.6194869394052,-8.91885245145379,-27.0782325030124));
#7091=CARTESIAN_POINT('Ctrl Pts',(-19.356468252705,-6.81820473390196,-23.8033482071565));
#7092=CARTESIAN_POINT('Ctrl Pts',(-18.1858313275023,-5.89946786227186,-22.2029418708252));
#7093=CARTESIAN_POINT('Ctrl Pts',(-28.4105797208645,-17.8992373533049,-35.4366772203887));
#7094=CARTESIAN_POINT('Ctrl Pts',(-27.6537850043434,-16.2680490397392,-33.8264313248632));
#7095=CARTESIAN_POINT('Ctrl Pts',(-25.9220739469982,-13.1805275195187,-30.609117427894));
#7096=CARTESIAN_POINT('Ctrl Pts',(-22.7931134181909,-9.207253664158,-25.868574342276));
#7097=CARTESIAN_POINT('Ctrl Pts',(-20.4111534847955,-7.00368877834672,-22.7457519167023));
#7098=CARTESIAN_POINT('Ctrl Pts',(-19.1830760242938,-6.03398382718728,-21.2203606758921));
#7099=CARTESIAN_POINT('Ctrl Pts',(-30.2029115102963,-18.1040713031153,-33.8538604232293));
#7100=CARTESIAN_POINT('Ctrl Pts',(-29.3568564835842,-16.4205430130684,-32.3042861039581));
#7101=CARTESIAN_POINT('Ctrl Pts',(-27.4502798051247,-13.2406981586125,-29.2167777151171));
#7102=CARTESIAN_POINT('Ctrl Pts',(-24.0799040144671,-9.15351510854024,-24.6902559174269));
#7103=CARTESIAN_POINT('Ctrl Pts',(-21.5494708185912,-6.88327856299753,-21.7199597330894));
#7104=CARTESIAN_POINT('Ctrl Pts',(-20.2511207022316,-5.88094359472864,-20.2713967414639));
#7105=CARTESIAN_POINT('Ctrl Pts',(-32.0793613125589,-17.8571760891846,-32.4626799279015));
#7106=CARTESIAN_POINT('Ctrl Pts',(-31.127920722741,-16.138560479602,-30.9616567341465));
#7107=CARTESIAN_POINT('Ctrl Pts',(-29.0173691172366,-12.903480433847,-27.9821784304724));
#7108=CARTESIAN_POINT('Ctrl Pts',(-25.3702911482492,-8.76207634124345,-23.6434530251116));
#7109=CARTESIAN_POINT('Ctrl Pts',(-22.6744156526169,-6.46753294345371,-20.8133120147392));
#7110=CARTESIAN_POINT('Ctrl Pts',(-21.2990743953141,-5.45337094082274,-19.4368072216958));
#7111=CARTESIAN_POINT('',(-32.0260011900464,-17.7610909458359,-32.37867966));
#7112=CARTESIAN_POINT('',(-21.297672794578,-5.45394263781375,-19.4379235132796));
#7113=CARTESIAN_POINT('Ctrl Pts',(-32.0260014016976,-17.761091278916,-32.3786800183569));
#7114=CARTESIAN_POINT('Ctrl Pts',(-31.6446275589355,-17.0902825057132,-31.7961543396171));
#7115=CARTESIAN_POINT('Ctrl Pts',(-31.2464145388924,-16.4315036850749,-31.2116320497634));
#7116=CARTESIAN_POINT('Ctrl Pts',(-30.831742727237,-15.7856075919492,-30.6250420657752));
#7117=CARTESIAN_POINT('Ctrl Pts',(-30.4294755695397,-15.1590330859267,-30.0559995628603));
#7118=CARTESIAN_POINT('Ctrl Pts',(-30.0117193682668,-14.5445821222695,-29.4850110961155));
#7119=CARTESIAN_POINT('Ctrl Pts',(-29.5788378100615,-13.9430690384986,-28.9120408830566));
#7120=CARTESIAN_POINT('Ctrl Pts',(-29.3562561782301,-13.6337794390325,-28.6174276277769));
#7121=CARTESIAN_POINT('Ctrl Pts',(-29.129675885611,-13.327911035841,-28.3222909141361));
#7122=CARTESIAN_POINT('Ctrl Pts',(-28.8991484641588,-13.0255782880751,-28.0266291709304));
#7123=CARTESIAN_POINT('Ctrl Pts',(-28.5006977175624,-12.5030169879529,-27.5155982420362));
#7124=CARTESIAN_POINT('Ctrl Pts',(-28.0904741930256,-11.991034933153,-27.0030144677679));
#7125=CARTESIAN_POINT('Ctrl Pts',(-27.6687187283973,-11.4901820218169,-26.4887958011395));
#7126=CARTESIAN_POINT('Ctrl Pts',(-27.4868227983664,-11.2741727136828,-26.2670220709804));
#7127=CARTESIAN_POINT('Ctrl Pts',(-27.3027819160016,-11.0602340447089,-26.0449445591226));
#7128=CARTESIAN_POINT('Ctrl Pts',(-27.116615712755,-10.8484127356745,-25.8225581644542));
#7129=CARTESIAN_POINT('Ctrl Pts',(-26.7680736430007,-10.4518389420354,-25.4062043207859));
#7130=CARTESIAN_POINT('Ctrl Pts',(-26.4127120385341,-10.0633996839871,-24.9895187954127));
#7131=CARTESIAN_POINT('Ctrl Pts',(-26.0506055669606,-9.68317623541879,-24.5722993534745));
#7132=CARTESIAN_POINT('Ctrl Pts',(-25.777233285998,-9.39612654266156,-24.2573195354972));
#7133=CARTESIAN_POINT('Ctrl Pts',(-25.5000162117471,-9.11376028711446,-23.942035752155));
#7134=CARTESIAN_POINT('Ctrl Pts',(-25.2189781290587,-8.83612895743612,-23.6263677013454));
#7135=CARTESIAN_POINT('Ctrl Pts',(-24.8698782834818,-8.49126091182876,-23.2342512068937));
#7136=CARTESIAN_POINT('Ctrl Pts',(-24.5148751210291,-8.15372131326441,-22.8415778881631));
#7137=CARTESIAN_POINT('Ctrl Pts',(-24.1540621616547,-7.8235287727347,-22.4481565009493));
#7138=CARTESIAN_POINT('Ctrl Pts',(-23.7924706627711,-7.49262376350969,-22.0538862138118));
#7139=CARTESIAN_POINT('Ctrl Pts',(-23.425044028544,-7.16909752944821,-21.6588644552671));
#7140=CARTESIAN_POINT('Ctrl Pts',(-23.0518459751929,-6.85299789608643,-21.2629300433428));
#7141=CARTESIAN_POINT('Ctrl Pts',(-22.6775555148304,-6.53597299140364,-20.8658366716549));
#7142=CARTESIAN_POINT('Ctrl Pts',(-22.2974595584338,-6.22641824598698,-20.4678251092185));
#7143=CARTESIAN_POINT('Ctrl Pts',(-21.9115954244808,-5.92441119186441,-20.0687669034115));
#7144=CARTESIAN_POINT('Ctrl Pts',(-21.7085512115247,-5.76549311885435,-19.858779884168));
#7145=CARTESIAN_POINT('Ctrl Pts',(-21.5039094016781,-5.60866543812889,-19.6485036424578));
#7146=CARTESIAN_POINT('Ctrl Pts',(-21.2976727947196,-5.45394263538104,-19.4379235139931));
#7147=CARTESIAN_POINT('Ctrl Pts',(-26.8841939282043,-17.2720813027597,-37.0455844143628));
#7148=CARTESIAN_POINT('Ctrl Pts',(-27.8293576680115,-17.6526745044122,-36.0446710381612));
#7149=CARTESIAN_POINT('Ctrl Pts',(-28.8556073816792,-17.8691098305638,-35.0635614662595));
#7150=CARTESIAN_POINT('Ctrl Pts',(-30.6169636600643,-17.93197593129,-33.5198030225027));
#7151=CARTESIAN_POINT('Ctrl Pts',(-31.318762669162,-17.8836122171185,-32.9377504437339));
#7152=CARTESIAN_POINT('Ctrl Pts',(-32.0260011900464,-17.7610909458359,-32.37867966));
#7153=CARTESIAN_POINT('Ctrl Pts',(-21.297672794578,-5.45394263781375,-19.4379235132796));
#7154=CARTESIAN_POINT('Ctrl Pts',(-20.9067073691531,-5.62865995412948,-19.773324240568));
#7155=CARTESIAN_POINT('Ctrl Pts',(-20.5079179090288,-5.75997762803325,-20.1222782034178));
#7156=CARTESIAN_POINT('Ctrl Pts',(-19.4775826233243,-5.98470883138998,-21.0488761473963));
#7157=CARTESIAN_POINT('Ctrl Pts',(-18.8490817319374,-6.01226218164639,-21.6384315469652));
#7158=CARTESIAN_POINT('Ctrl Pts',(-18.2427466362736,-5.93281582099156,-22.2396108770523));
#7159=CARTESIAN_POINT('Ctrl Pts',(-33.1314834721344,-15.9576388245343,-32.4087391998926));
#7160=CARTESIAN_POINT('Ctrl Pts',(-32.0925616573243,-14.2903532423088,-30.9797508521067));
#7161=CARTESIAN_POINT('Ctrl Pts',(-29.8091031130119,-11.1631162417001,-28.0990267413428));
#7162=CARTESIAN_POINT('Ctrl Pts',(-25.9185689545211,-7.22545409588832,-23.7692775457657));
#7163=CARTESIAN_POINT('Ctrl Pts',(-23.0652304904219,-5.10468643586218,-20.852034947955));
#7164=CARTESIAN_POINT('Ctrl Pts',(-21.6157588446172,-4.18874903616557,-19.4078186421945));
#7165=CARTESIAN_POINT('Ctrl Pts',(-32.2525634549222,-14.262642731184,-33.8041193276389));
#7166=CARTESIAN_POINT('Ctrl Pts',(-31.2117112004328,-12.688885525442,-32.3033833641404));
#7167=CARTESIAN_POINT('Ctrl Pts',(-28.933811424012,-9.75051628690601,-29.2834055195864));
#7168=CARTESIAN_POINT('Ctrl Pts',(-25.0789946791013,-6.09638207586044,-24.7641344722852));
#7169=CARTESIAN_POINT('Ctrl Pts',(-22.2709684916339,-4.16387928931953,-21.7361600591154));
#7170=CARTESIAN_POINT('Ctrl Pts',(-20.8488403265158,-3.34022554724906,-20.2421985135922));
#7171=CARTESIAN_POINT('Ctrl Pts',(-31.047855483852,-12.8996207694974,-35.3954751753266));
#7172=CARTESIAN_POINT('Ctrl Pts',(-30.0311460911094,-11.4119545134263,-33.8182805942314));
#7173=CARTESIAN_POINT('Ctrl Pts',(-27.8078494882477,-8.64444723950191,-30.6467158319716));
#7174=CARTESIAN_POINT('Ctrl Pts',(-24.0513163595953,-5.2421800108598,-25.9115777814331));
#7175=CARTESIAN_POINT('Ctrl Pts',(-21.3230797713206,-3.47549779812315,-22.7502806716717));
#7176=CARTESIAN_POINT('Ctrl Pts',(-19.9440260660323,-2.73329738549796,-21.194348301879));
#7177=CARTESIAN_POINT('Ctrl Pts',(-29.6212413106094,-11.9861060780987,-37.045584414406));
#7178=CARTESIAN_POINT('Ctrl Pts',(-28.6528370587604,-10.5696467326957,-35.3938451469118));
#7179=CARTESIAN_POINT('Ctrl Pts',(-26.5283423619683,-7.94026011086552,-32.0714130490226));
#7180=CARTESIAN_POINT('Ctrl Pts',(-22.9241078010562,-4.73651800794938,-27.1126450200061));
#7181=CARTESIAN_POINT('Ctrl Pts',(-20.3035837182299,-3.09881783002122,-23.8070283146512));
#7182=CARTESIAN_POINT('Ctrl Pts',(-18.9793380341223,-2.42029985714744,-22.1821643020497));
#7183=CARTESIAN_POINT('',(-21.5880753760945,-4.15828790700351,-19.4379235132796));
#7184=CARTESIAN_POINT('',(-33.0383430153357,-15.7983858229924,-32.37867966));
#7185=CARTESIAN_POINT('Ctrl Pts',(-21.588074710854,-4.15828954791125,-19.4379240425252));
#7186=CARTESIAN_POINT('Ctrl Pts',(-21.970189760856,-4.40107082632632,-19.8102720436204));
#7187=CARTESIAN_POINT('Ctrl Pts',(-22.3478690224117,-4.6516790461636,-20.1817032359363));
#7188=CARTESIAN_POINT('Ctrl Pts',(-22.720940288897,-4.90989424600308,-20.5522990700311));
#7189=CARTESIAN_POINT('Ctrl Pts',(-23.0960687994022,-5.16953333377874,-20.924938497755));
#7190=CARTESIAN_POINT('Ctrl Pts',(-23.4665385754817,-5.43686355720281,-21.2967335048413));
#7191=CARTESIAN_POINT('Ctrl Pts',(-23.8321924798715,-5.71170984612877,-21.667755136684));
#7192=CARTESIAN_POINT('Ctrl Pts',(-24.2004295590767,-5.98849779628997,-22.0413978638407));
#7193=CARTESIAN_POINT('Ctrl Pts',(-24.5637826981851,-6.2729083999413,-22.4142564302179));
#7194=CARTESIAN_POINT('Ctrl Pts',(-24.9221062518351,-6.56481161441367,-22.786388803587));
#7195=CARTESIAN_POINT('Ctrl Pts',(-25.2174755523365,-6.80543003705024,-23.0931408373182));
#7196=CARTESIAN_POINT('Ctrl Pts',(-25.5094276518531,-7.05114048442279,-23.3993992064259));
#7197=CARTESIAN_POINT('Ctrl Pts',(-25.7978869114603,-7.30189458067471,-23.7051877379119));
#7198=CARTESIAN_POINT('Ctrl Pts',(-25.7978872558955,-7.301894880088,-23.7051881030392));
#7199=CARTESIAN_POINT('Ctrl Pts',(-25.7978876003307,-7.3018951795013,-23.7051884681664));
#7200=CARTESIAN_POINT('Ctrl Pts',(-25.7978879447658,-7.30189547891461,-23.7051888332937));
#7201=CARTESIAN_POINT('Ctrl Pts',(-26.2070612453504,-7.65758483773421,-24.138943346972));
#7202=CARTESIAN_POINT('Ctrl Pts',(-26.6091896966789,-8.02339887073221,-24.5717747160478));
#7203=CARTESIAN_POINT('Ctrl Pts',(-27.0040450472423,-8.39906318990718,-25.0037875054681));
#7204=CARTESIAN_POINT('Ctrl Pts',(-27.2774920481726,-8.65921993158061,-25.3029669428543));
#7205=CARTESIAN_POINT('Ctrl Pts',(-27.5474512181131,-8.92410180527715,-25.6017535060441));
#7206=CARTESIAN_POINT('Ctrl Pts',(-27.8138493235197,-9.19363133557505,-25.900177337519));
#7207=CARTESIAN_POINT('Ctrl Pts',(-28.23135057989,-9.6160401862555,-26.3678695697194));
#7208=CARTESIAN_POINT('Ctrl Pts',(-28.6394660364892,-10.0492179533312,-26.8339593319277));
#7209=CARTESIAN_POINT('Ctrl Pts',(-29.0378884035915,-10.4926657741513,-27.2984895054803));
#7210=CARTESIAN_POINT('Ctrl Pts',(-29.2686158087848,-10.7494675340037,-27.5675001093711));
#7211=CARTESIAN_POINT('Ctrl Pts',(-29.4960930494549,-11.0097142180021,-27.8359873457871));
#7212=CARTESIAN_POINT('Ctrl Pts',(-29.7202643434438,-11.2733151895239,-28.1039564580053));
#7213=CARTESIAN_POINT('Ctrl Pts',(-30.1135842924408,-11.7358165153164,-28.5741219090536));
#7214=CARTESIAN_POINT('Ctrl Pts',(-30.4967447513822,-12.2086662132624,-29.0426989729328));
#7215=CARTESIAN_POINT('Ctrl Pts',(-30.8694268083191,-12.6913556482144,-29.5097221954367));
#7216=CARTESIAN_POINT('Ctrl Pts',(-31.2536178292704,-13.1889512350286,-29.9911677743747));
#7217=CARTESIAN_POINT('Ctrl Pts',(-31.6266733537795,-13.6970035275588,-30.4709622934502));
#7218=CARTESIAN_POINT('Ctrl Pts',(-31.9882652143171,-14.2150038594761,-30.949120978669));
#7219=CARTESIAN_POINT('Ctrl Pts',(-32.3498570748547,-14.7330041913934,-31.4272796638878));
#7220=CARTESIAN_POINT('Ctrl Pts',(-32.6999854522676,-15.2609526627658,-31.9038026199683));
#7221=CARTESIAN_POINT('Ctrl Pts',(-33.0383409642206,-15.7983884093821,-32.3786803952249));
#7222=CARTESIAN_POINT('Ctrl Pts',(-19.0268214590794,-2.44462135419687,-22.2396108770523));
#7223=CARTESIAN_POINT('Ctrl Pts',(-19.6069294469297,-2.63343583577917,-21.6401709378863));
#7224=CARTESIAN_POINT('Ctrl Pts',(-20.1613438156598,-2.92567185524393,-21.0525481958241));
#7225=CARTESIAN_POINT('Ctrl Pts',(-20.9984096771982,-3.55864209442707,-20.1258748405237));
#7226=CARTESIAN_POINT('Ctrl Pts',(-21.3048836870384,-3.84168301720315,-19.7758870131656));
#7227=CARTESIAN_POINT('Ctrl Pts',(-21.5880753760945,-4.15828790700352,-19.4379235132796));
#7228=CARTESIAN_POINT('Ctrl Pts',(-33.0383430153357,-15.7983858229924,-32.37867966));
#7229=CARTESIAN_POINT('Ctrl Pts',(-32.7127419701875,-15.1760500464284,-32.9408991411272));
#7230=CARTESIAN_POINT('Ctrl Pts',(-32.3368328352956,-14.5972209872092,-33.5225205566409));
#7231=CARTESIAN_POINT('Ctrl Pts',(-31.2509516784425,-13.2342658705062,-35.0659200450499));
#7232=CARTESIAN_POINT('Ctrl Pts',(-30.4783545072705,-12.532610731737,-36.0460599672837));
#7233=CARTESIAN_POINT('Ctrl Pts',(-29.6212413106329,-11.9861060781092,-37.0455844143628));
#7234=CARTESIAN_POINT('Origin',(0.,0.,-20.8387671951659));
#7235=CARTESIAN_POINT('Origin',(0.,0.,-19.4379235132796));
#7236=CARTESIAN_POINT('Origin',(0.,0.,-34.7121320371814));
#7237=CARTESIAN_POINT('Origin',(0.,0.,-32.37867966));
#7238=CARTESIAN_POINT('Origin',(0.,0.,-25.9083015866398));
#7239=CARTESIAN_POINT('Origin',(0.,0.,-25.9083015866398));
#7240=CARTESIAN_POINT('',(-35.6302751799297,-8.46194979975636,-32.37867966));
#7241=CARTESIAN_POINT('',(-21.9793534279338,0.494347702981832,-19.4379235132796));
#7242=CARTESIAN_POINT('Ctrl Pts',(-35.6302754733106,-8.46195006332153,-32.3786800179767));
#7243=CARTESIAN_POINT('Ctrl Pts',(-35.0820706875807,-7.9189187727537,-31.7961636055192));
#7244=CARTESIAN_POINT('Ctrl Pts',(-34.5208971810097,-7.39201396524458,-31.2116505907055));
#7245=CARTESIAN_POINT('Ctrl Pts',(-33.9473513116008,-6.88195414251028,-30.6250699330301));
#7246=CARTESIAN_POINT('Ctrl Pts',(-33.3909621057145,-6.38715190460351,-30.0560358527242));
#7247=CARTESIAN_POINT('Ctrl Pts',(-32.8229294508622,-5.90820205099918,-29.4850558525825));
#7248=CARTESIAN_POINT('Ctrl Pts',(-32.2438232569946,-5.44579057980871,-28.9120941895065));
#7249=CARTESIAN_POINT('Ctrl Pts',(-31.9460324708301,-5.20800711799206,-28.6174630736657));
#7250=CARTESIAN_POINT('Ctrl Pts',(-31.6453139778049,-4.97459733997025,-28.3223084423987));
#7251=CARTESIAN_POINT('Ctrl Pts',(-31.3417482985483,-4.74565757635877,-28.0266287296526));
#7252=CARTESIAN_POINT('Ctrl Pts',(-30.8170841057043,-4.34997221238983,-27.5155941548343));
#7253=CARTESIAN_POINT('Ctrl Pts',(-30.283937856681,-3.96765024910786,-27.0030067482167));
#7254=CARTESIAN_POINT('Ctrl Pts',(-29.7426898125346,-3.59915621107185,-26.4887844454655));
#7255=CARTESIAN_POINT('Ctrl Pts',(-29.5092642617573,-3.44023476143897,-26.2670143614166));
#7256=CARTESIAN_POINT('Ctrl Pts',(-29.2743320037485,-3.28388578357979,-26.0449405092527));
#7257=CARTESIAN_POINT('Ctrl Pts',(-29.0379245443056,-3.13014896606974,-25.822557786807));
#7258=CARTESIAN_POINT('Ctrl Pts',(-28.5953123316276,-2.84231628461142,-25.4062032898929));
#7259=CARTESIAN_POINT('Ctrl Pts',(-28.1483281330526,-2.56415640487707,-24.9895171184542));
#7260=CARTESIAN_POINT('Ctrl Pts',(-27.6970657668264,-2.29572743392419,-24.5722970277064));
#7261=CARTESIAN_POINT('Ctrl Pts',(-27.3563865535324,-2.09307776159655,-24.2573179314545));
#7262=CARTESIAN_POINT('Ctrl Pts',(-27.0132687073973,-1.89597513372472,-23.9420348706144));
#7263=CARTESIAN_POINT('Ctrl Pts',(-26.6677490187818,-1.70446270862356,-23.626367539659));
#7264=CARTESIAN_POINT('Ctrl Pts',(-26.2385509324904,-1.46656956081542,-23.2342514929768));
#7265=CARTESIAN_POINT('Ctrl Pts',(-25.8056456307576,-1.23732576281808,-22.841578616488));
#7266=CARTESIAN_POINT('Ctrl Pts',(-25.3691281894637,-1.01672401347318,-22.4481576675709));
#7267=CARTESIAN_POINT('Ctrl Pts',(-24.9316689699645,-0.795646319985001,
-22.0538879203237));
#7268=CARTESIAN_POINT('Ctrl Pts',(-24.4905817711376,-0.583248047800602,
-21.6588666980924));
#7269=CARTESIAN_POINT('Ctrl Pts',(-24.0459408524765,-0.379558068159506,
-21.2629328205055));
#7270=CARTESIAN_POINT('Ctrl Pts',(-23.5999985473444,-0.175271923449856,
-20.8658401134676));
#7271=CARTESIAN_POINT('Ctrl Pts',(-23.1504814634476,0.0202547973817875,
-20.4678292142911));
#7272=CARTESIAN_POINT('Ctrl Pts',(-22.6974464563448,0.20695749586403,-20.0687716719361));
#7273=CARTESIAN_POINT('Ctrl Pts',(-22.459054298973,0.305202572691448,-19.8587830685258));
#7274=CARTESIAN_POINT('Ctrl Pts',(-22.219687754396,0.401003707529612,-19.6485052373687));
#7275=CARTESIAN_POINT('Ctrl Pts',(-21.9793534274139,0.494347705362538,-19.4379235139931));
#7276=CARTESIAN_POINT('',(-21.9094236310596,1.82030572054177,-19.4379235132796));
#7277=CARTESIAN_POINT('Origin',(0.,0.,-19.4379235132796));
#7278=CARTESIAN_POINT('',(-36.0755451193294,-6.298900551234,-32.37867966));
#7279=CARTESIAN_POINT('Ctrl Pts',(-21.9094234331997,1.82030396100362,-19.4379240425252));
#7280=CARTESIAN_POINT('Ctrl Pts',(-22.3428705977827,1.68961896546553,-19.8102723633264));
#7281=CARTESIAN_POINT('Ctrl Pts',(-22.7741581176326,1.55020050913973,-20.1817038687421));
#7282=CARTESIAN_POINT('Ctrl Pts',(-23.2030608390887,1.40221393107869,-20.5523000127933));
#7283=CARTESIAN_POINT('Ctrl Pts',(-23.6343286186769,1.25341132448163,-20.9249397004742));
#7284=CARTESIAN_POINT('Ctrl Pts',(-24.0631854474522,1.0959458742374,-21.2967349645744));
#7285=CARTESIAN_POINT('Ctrl Pts',(-24.4894327940124,0.929943758310505,-21.6677568538905));
#7286=CARTESIAN_POINT('Ctrl Pts',(-24.9186912850089,0.762768951569628,-22.0413997577579));
#7287=CARTESIAN_POINT('Ctrl Pts',(-25.3453035077195,0.586936482783282,-22.414258501658));
#7288=CARTESIAN_POINT('Ctrl Pts',(-25.7690941450298,0.402532272450063,-22.786391056711));
#7289=CARTESIAN_POINT('Ctrl Pts',(-26.1184274984367,0.250526693499832,-23.0931423200084));
#7290=CARTESIAN_POINT('Ctrl Pts',(-26.4658441981527,0.0926959934788496,
-23.3993999244657));
#7291=CARTESIAN_POINT('Ctrl Pts',(-26.8112583661589,-0.0709336559274867,
-23.7051876987214));
#7292=CARTESIAN_POINT('Ctrl Pts',(-26.8112587786022,-0.0709338513101975,
-23.7051880638486));
#7293=CARTESIAN_POINT('Ctrl Pts',(-26.8112591910455,-0.0709340466929164,
-23.7051884289759));
#7294=CARTESIAN_POINT('Ctrl Pts',(-26.8112596034888,-0.0709342420756441,
-23.7051887941031));
#7295=CARTESIAN_POINT('Ctrl Pts',(-27.301223345707,-0.303039959453881,-24.1389432187886));
#7296=CARTESIAN_POINT('Ctrl Pts',(-27.7871351152387,-0.546795582420969,
-24.5717745094938));
#7297=CARTESIAN_POINT('Ctrl Pts',(-28.268701085756,-0.801998478649801,-25.0037872241399));
#7298=CARTESIAN_POINT('Ctrl Pts',(-28.6021975020075,-0.978732833898955,
-25.3029667777839));
#7299=CARTESIAN_POINT('Ctrl Pts',(-28.9336102581391,-1.1609581137537,-25.6017534585177));
#7300=CARTESIAN_POINT('Ctrl Pts',(-29.262847930241,-1.34861947357109,-25.9001774065649));
#7301=CARTESIAN_POINT('Ctrl Pts',(-29.7788312637589,-1.64272352731702,-26.3678692795267));
#7302=CARTESIAN_POINT('Ctrl Pts',(-30.2886822903024,-1.94972940318276,-26.8339586832886));
#7303=CARTESIAN_POINT('Ctrl Pts',(-30.7919705119955,-2.2692396430869,-27.2984884904441));
#7304=CARTESIAN_POINT('Ctrl Pts',(-31.083426657209,-2.45426925209586,-27.5674994887043));
#7305=CARTESIAN_POINT('Ctrl Pts',(-31.3726825860831,-2.64349293673001,-27.8359871144699));
#7306=CARTESIAN_POINT('Ctrl Pts',(-31.6596601287758,-2.83683847069443,-28.1039566094018));
#7307=CARTESIAN_POINT('Ctrl Pts',(-32.1631754456708,-3.17607211556741,-28.5741214309861));
#7308=CARTESIAN_POINT('Ctrl Pts',(-32.6596999826861,-3.52801135777548,-29.0426978538081));
#7309=CARTESIAN_POINT('Ctrl Pts',(-33.1487894273942,-3.89225245893049,-29.5097204338422));
#7310=CARTESIAN_POINT('Ctrl Pts',(-33.6529836682477,-4.26774260183087,-29.9911663079037));
#7311=CARTESIAN_POINT('Ctrl Pts',(-34.1492765147337,-4.65630602538993,-30.4709611140419));
#7312=CARTESIAN_POINT('Ctrl Pts',(-34.6372147309654,-5.05754145540072,-30.9491200892791));
#7313=CARTESIAN_POINT('Ctrl Pts',(-35.1251529471971,-5.45877688541151,-31.4272790645164));
#7314=CARTESIAN_POINT('Ctrl Pts',(-35.6047367343119,-5.87268436944104,-31.9038023135703));
#7315=CARTESIAN_POINT('Ctrl Pts',(-36.0755438419862,-6.29890359491955,-32.3786803953909));
#7316=CARTESIAN_POINT('Origin',(0.,0.,-32.37867966));
#7317=CARTESIAN_POINT('Origin',(0.,0.,-34.7121320371814));
#7318=CARTESIAN_POINT('Ctrl Pts',(-30.5472068565248,-9.37831695791523,-37.0455844143628));
#7319=CARTESIAN_POINT('Ctrl Pts',(-31.5600041778896,-9.48979460601885,-36.0446710381612));
#7320=CARTESIAN_POINT('Ctrl Pts',(-32.606591320476,-9.42132506401453,-35.0635614662595));
#7321=CARTESIAN_POINT('Ctrl Pts',(-34.3195928011028,-9.00665168242648,-33.5198030225027));
#7322=CARTESIAN_POINT('Ctrl Pts',(-34.9823188252819,-8.77073831931468,-32.9377504437339));
#7323=CARTESIAN_POINT('Ctrl Pts',(-35.6302751799297,-8.46194979975637,-32.37867966));
#7324=CARTESIAN_POINT('Ctrl Pts',(-36.0755438419862,-6.29890359491955,-32.3786803953909));
#7325=CARTESIAN_POINT('Ctrl Pts',(-35.897007906447,-6.10928097750784,-32.5871734470167));
#7326=CARTESIAN_POINT('Ctrl Pts',(-35.7134017706922,-5.9274309378596,-32.7983569436717));
#7327=CARTESIAN_POINT('Ctrl Pts',(-35.525167223336,-5.75355601212861,-33.0119931631593));
#7328=CARTESIAN_POINT('Ctrl Pts',(-35.3349330099517,-5.57783396647721,-33.2278988974437));
#7329=CARTESIAN_POINT('Ctrl Pts',(-35.1399713876889,-5.41025703858521,-33.4463100067831));
#7330=CARTESIAN_POINT('Ctrl Pts',(-34.9407106522793,-5.25105780762172,-33.667020242068));
#7331=CARTESIAN_POINT('Ctrl Pts',(-34.739254064852,-5.09010420216078,-33.8901627027208));
#7332=CARTESIAN_POINT('Ctrl Pts',(-34.5334029381721,-4.9377135743349,-34.1156555310426));
#7333=CARTESIAN_POINT('Ctrl Pts',(-34.3235738874788,-4.79415566434311,-34.3433211715358));
#7334=CARTESIAN_POINT('Ctrl Pts',(-34.2965828278949,-4.77568929808195,-34.3726066153172));
#7335=CARTESIAN_POINT('Ctrl Pts',(-34.2695259141968,-4.75736912732413,-34.4019280559354));
#7336=CARTESIAN_POINT('Ctrl Pts',(-34.2424040044219,-4.73919576616413,-34.431285153659));
#7337=CARTESIAN_POINT('Ctrl Pts',(-34.0308514090228,-4.5974424105769,-34.6602723550902));
#7338=CARTESIAN_POINT('Ctrl Pts',(-33.8156640772171,-4.46483297257618,-34.8911048250282));
#7339=CARTESIAN_POINT('Ctrl Pts',(-33.5972266225564,-4.34156222413442,-35.1235595498777));
#7340=CARTESIAN_POINT('Ctrl Pts',(-33.3780358945068,-4.21786638112914,-35.356815886148));
#7341=CARTESIAN_POINT('Ctrl Pts',(-33.1555723423314,-4.10357341871111,-35.5917060485343));
#7342=CARTESIAN_POINT('Ctrl Pts',(-32.9302011666293,-3.99891832561117,-35.8280323768351));
#7343=CARTESIAN_POINT('Ctrl Pts',(-32.7054823769509,-3.89456617950454,-36.0636746070334));
#7344=CARTESIAN_POINT('Ctrl Pts',(-32.4778725043309,-3.79979588708865,-36.3007450895309));
#7345=CARTESIAN_POINT('Ctrl Pts',(-32.2477142547742,-3.71488294446838,-36.5390696575598));
#7346=CARTESIAN_POINT('Ctrl Pts',(-32.0852471420066,-3.65494348693996,-36.7073013179231));
#7347=CARTESIAN_POINT('Ctrl Pts',(-31.9215098025544,-3.59991667376768,-36.8761583331175));
#7348=CARTESIAN_POINT('Ctrl Pts',(-31.7566180493287,-3.54991348732407,-37.0455844143628));
#7349=CARTESIAN_POINT('Origin',(0.,0.,-20.8387671951659));
#7350=CARTESIAN_POINT('Ctrl Pts',(-21.9793534279338,0.494347702981827,-19.4379235132796));
#7351=CARTESIAN_POINT('Ctrl Pts',(-21.6500242288441,0.220628169288727,-19.773324240568));
#7352=CARTESIAN_POINT('Ctrl Pts',(-21.3014520480935,-0.0134119977604908,
-20.1222782034178));
#7353=CARTESIAN_POINT('Ctrl Pts',(-20.369956142768,-0.507790691771387,-21.0488761473963));
#7354=CARTESIAN_POINT('Ctrl Pts',(-19.7721955742718,-0.703889800223138,
-21.6384315469652));
#7355=CARTESIAN_POINT('Ctrl Pts',(-19.1669106571466,-0.790976777181015,
-22.2396108770523));
#7356=CARTESIAN_POINT('Ctrl Pts',(-18.9808062542914,2.77940683206505,-22.2396108770523));
#7357=CARTESIAN_POINT('Ctrl Pts',(-19.5903438017997,2.75410536569225,-21.6401709378863));
#7358=CARTESIAN_POINT('Ctrl Pts',(-20.2030433162713,2.62228545713038,-21.0525481958241));
#7359=CARTESIAN_POINT('Ctrl Pts',(-21.1798418317654,2.23862513813308,-20.1258748405236));
#7360=CARTESIAN_POINT('Ctrl Pts',(-21.5513144810336,2.04876583886355,-19.7758870131656));
#7361=CARTESIAN_POINT('Ctrl Pts',(-21.9094236310596,1.82030572054177,-19.4379235132796));
#7362=CARTESIAN_POINT('Ctrl Pts',(-36.2081976209421,-6.42711902496924,-32.4087391998893));
#7363=CARTESIAN_POINT('Ctrl Pts',(-34.7579735785786,-5.10195866602015,-30.9797508521045));
#7364=CARTESIAN_POINT('Ctrl Pts',(-31.7154732651064,-2.70675751411423,-28.0990270455837));
#7365=CARTESIAN_POINT('Ctrl Pts',(-26.9068414797752,0.0352319429220815,
-23.7692773946841));
#7366=CARTESIAN_POINT('Ctrl Pts',(-23.5871370940535,1.30753389672686,-20.852034947955));
#7367=CARTESIAN_POINT('Ctrl Pts',(-21.9442988357675,1.79844308310135,-19.4078186421945));
#7368=CARTESIAN_POINT('Ctrl Pts',(-34.9045658690662,-5.03210776744832,-33.8041193276318));
#7369=CARTESIAN_POINT('Ctrl Pts',(-33.4777166269501,-3.79752832546475,-32.3033833641346));
#7370=CARTESIAN_POINT('Ctrl Pts',(-30.4915248595597,-1.58269146905202,-29.2834058238242));
#7371=CARTESIAN_POINT('Ctrl Pts',(-25.7937809105566,0.895920481010611,-24.764134321201));
#7372=CARTESIAN_POINT('Ctrl Pts',(-22.568501754321,1.99916403946559,-21.7361600591131));
#7373=CARTESIAN_POINT('Ctrl Pts',(-20.9768908391425,2.40858887937384,-20.24219851359));
#7374=CARTESIAN_POINT('Ctrl Pts',(-33.3767928132426,-4.04465667828905,-35.3954751753146));
#7375=CARTESIAN_POINT('Ctrl Pts',(-31.9964182103153,-2.8864620338819,-33.8182805942211));
#7376=CARTESIAN_POINT('Ctrl Pts',(-29.1089036599032,-0.821418804168791,
-30.6467163374398));
#7377=CARTESIAN_POINT('Ctrl Pts',(-24.5737517491071,1.44118284035653,-25.9115779134742));
#7378=CARTESIAN_POINT('Ctrl Pts',(-21.4700402154035,2.40628116147185,-22.7502806716664));
#7379=CARTESIAN_POINT('Ctrl Pts',(-19.9418822875223,2.74889453252675,-21.194348301874));
#7380=CARTESIAN_POINT('Ctrl Pts',(-31.7566180493129,-3.54991348732165,-37.0455844143893));
#7381=CARTESIAN_POINT('Ctrl Pts',(-30.4419686962018,-2.44725263713192,-35.393845146897));
#7382=CARTESIAN_POINT('Ctrl Pts',(-27.6868567151316,-0.4885517358183,-32.0714135544868));
#7383=CARTESIAN_POINT('Ctrl Pts',(-23.3519171659646,1.62397629500085,-27.1126451520438));
#7384=CARTESIAN_POINT('Ctrl Pts',(-20.3867228023489,2.49393607122505,-23.8070283146429));
#7385=CARTESIAN_POINT('Ctrl Pts',(-18.9285217821721,2.79001554729089,-22.1821643020419));
#7386=CARTESIAN_POINT('Ctrl Pts',(-30.5157624550257,-9.37469045111573,-37.0764320706371));
#7387=CARTESIAN_POINT('Ctrl Pts',(-29.4279669618229,-8.05321848622747,-35.3988314191964));
#7388=CARTESIAN_POINT('Ctrl Pts',(-27.0858541826307,-5.62902538020495,-32.0406083101392));
#7389=CARTESIAN_POINT('Ctrl Pts',(-23.2240560113417,-2.75524886491457,-27.0782326487248));
#7390=CARTESIAN_POINT('Ctrl Pts',(-20.4782075248228,-1.34305457136754,-23.8033482071565));
#7391=CARTESIAN_POINT('Ctrl Pts',(-19.1031087508287,-0.774221017767961,
-22.2029418708252));
#7392=CARTESIAN_POINT('Ctrl Pts',(-32.1861948008881,-9.57040240245034,-35.4366772203887));
#7393=CARTESIAN_POINT('Ctrl Pts',(-31.0173747452274,-8.20388374734425,-33.8264313248631));
#7394=CARTESIAN_POINT('Ctrl Pts',(-28.5168775776447,-5.69806542025738,-30.6091175395339));
#7395=CARTESIAN_POINT('Ctrl Pts',(-24.4319709526389,-2.71631474379874,-25.8685744879884));
#7396=CARTESIAN_POINT('Ctrl Pts',(-21.5438251638055,-1.23710969408558,-22.7457519167023));
#7397=CARTESIAN_POINT('Ctrl Pts',(-20.0996648820884,-0.634695366561463,
-21.2203606758921));
#7398=CARTESIAN_POINT('Ctrl Pts',(-33.9673256038771,-9.28407522412767,-33.8538604232293));
#7399=CARTESIAN_POINT('Ctrl Pts',(-32.6984340958024,-7.89123964433051,-32.3042861039581));
#7400=CARTESIAN_POINT('Ctrl Pts',(-30.0046460236096,-5.34370017607304,-29.216776977488));
#7401=CARTESIAN_POINT('Ctrl Pts',(-25.656544734636,-2.31739805418708,-24.6902558414411));
#7402=CARTESIAN_POINT('Ctrl Pts',(-22.6074443156895,-0.814050274942409,
-21.7199597330894));
#7403=CARTESIAN_POINT('Ctrl Pts',(-21.0868138055601,-0.199175275508259,
-20.2713967414639));
#7404=CARTESIAN_POINT('Ctrl Pts',(-35.7075800257835,-8.54007545658166,-32.4626799279015));
#7405=CARTESIAN_POINT('Ctrl Pts',(-34.3277444916381,-7.14188637488939,-30.9616567341465));
#7406=CARTESIAN_POINT('Ctrl Pts',(-31.4226431597415,-4.59619176277377,-27.9821776928433));
#7407=CARTESIAN_POINT('Ctrl Pts',(-26.7934718976037,-1.59233261598191,-23.6434529491258));
#7408=CARTESIAN_POINT('Ctrl Pts',(-23.5785063179099,-0.110215146794625,
-20.8133120147392));
#7409=CARTESIAN_POINT('Ctrl Pts',(-21.9805488115104,0.495276347250671,-19.4368072216958));
#7410=CARTESIAN_POINT('Ctrl Pts',(-31.9134164188507,-0.793997319152991,
-37.0764320706371));
#7411=CARTESIAN_POINT('Ctrl Pts',(-30.5094304640454,0.184987168838104,-35.3988314191964));
#7412=CARTESIAN_POINT('Ctrl Pts',(-27.60013048385,1.88739066244841,-32.0406083914737));
#7413=CARTESIAN_POINT('Ctrl Pts',(-23.1062026438216,3.61269910581164,-27.0782327559033));
#7414=CARTESIAN_POINT('Ctrl Pts',(-20.0811718263903,4.23170380465938,-23.8033482071565));
#7415=CARTESIAN_POINT('Ctrl Pts',(-18.6035959890137,4.4084462577983,-22.2029418708252));
#7416=CARTESIAN_POINT('Ctrl Pts',(-33.5747070545735,-0.531774487083721,
-35.4366772203887));
#7417=CARTESIAN_POINT('Ctrl Pts',(-32.0805476963056,0.468726072320358,-33.8264313248632));
#7418=CARTESIAN_POINT('Ctrl Pts',(-28.9967144293948,2.20699630578767,-30.6091176208684));
#7419=CARTESIAN_POINT('Ctrl Pts',(-24.2588205222776,3.97608099509609,-25.8685745951669));
#7420=CARTESIAN_POINT('Ctrl Pts',(-21.0786898868582,4.62122015678562,-22.7457519167023));
#7421=CARTESIAN_POINT('Ctrl Pts',(-19.525553545427,4.81166554586411,-21.2203606758921));
#7422=CARTESIAN_POINT('Ctrl Pts',(-35.2125385475934,0.224478242415448,-33.8538604232293));
#7423=CARTESIAN_POINT('Ctrl Pts',(-33.6149184365176,1.22332086880812,-32.3042861039581));
#7424=CARTESIAN_POINT('Ctrl Pts',(-30.3337049877321,2.94961531761922,-29.2167764300184));
#7425=CARTESIAN_POINT('Ctrl Pts',(-25.3303571146474,4.6905899569432,-24.6902557929281));
#7426=CARTESIAN_POINT('Ctrl Pts',(-21.9887270900691,5.31555239797297,-21.7199597330894));
#7427=CARTESIAN_POINT('Ctrl Pts',(-20.3585943946845,5.49736496273031,-20.2713967414639));
#7428=CARTESIAN_POINT('Ctrl Pts',(-36.687530879805,1.41040350439033,-32.4626799279015));
#7429=CARTESIAN_POINT('Ctrl Pts',(-34.981636490572,2.38446877029259,-30.9616567341465));
#7430=CARTESIAN_POINT('Ctrl Pts',(-31.4974435872023,4.05197514006131,-27.9821771453737));
#7431=CARTESIAN_POINT('Ctrl Pts',(-26.229503620219,5.69550727945876,-23.6434529006128));
#7432=CARTESIAN_POINT('Ctrl Pts',(-22.7338870340925,6.25527680310147,-20.8133120147392));
#7433=CARTESIAN_POINT('Ctrl Pts',(-21.0318264766768,6.40719125438701,-19.4368072216957));
#7434=CARTESIAN_POINT('',(-36.5920146573806,1.46477545212664,-32.37867966));
#7435=CARTESIAN_POINT('',(-21.0309259663912,6.4059745361375,-19.4379235132796));
#7436=CARTESIAN_POINT('Ctrl Pts',(-36.5920150107735,1.46477527747708,-32.3786800176945));
#7437=CARTESIAN_POINT('Ctrl Pts',(-35.9176390940356,1.83976114264904,-31.7961705463322));
#7438=CARTESIAN_POINT('Ctrl Pts',(-35.2351264075864,2.1957200714231,-31.2116644795555));
#7439=CARTESIAN_POINT('Ctrl Pts',(-34.5452450411465,2.53212111845169,-30.6250908085153));
#7440=CARTESIAN_POINT('Ctrl Pts',(-33.8759997647089,2.8584595625154,-30.0560630339979));
#7441=CARTESIAN_POINT('Ctrl Pts',(-33.1998198707554,3.16639251745554,-29.485089372753));
#7442=CARTESIAN_POINT('Ctrl Pts',(-32.517439214455,3.45541319876484,-28.9121341109977));
#7443=CARTESIAN_POINT('Ctrl Pts',(-32.1665222859054,3.60404321756144,-28.6174896207193));
#7444=CARTESIAN_POINT('Ctrl Pts',(-31.8139660744981,3.74767140154836,-28.3223215722802));
#7445=CARTESIAN_POINT('Ctrl Pts',(-31.45987412212,3.88622670654547,-28.0266284034609));
#7446=CARTESIAN_POINT('Ctrl Pts',(-30.8479079911966,4.1256875396668,-27.5155910775697));
#7447=CARTESIAN_POINT('Ctrl Pts',(-30.231379719571,4.34999192418841,-27.0030009298415));
#7448=CARTESIAN_POINT('Ctrl Pts',(-29.6107807886706,4.55879515657776,-26.4887758828465));
#7449=CARTESIAN_POINT('Ctrl Pts',(-29.3431381097887,4.64884470982918,-26.2670085508819));
#7450=CARTESIAN_POINT('Ctrl Pts',(-29.0747386622744,4.73601075231065,-26.0449374610017));
#7451=CARTESIAN_POINT('Ctrl Pts',(-28.8056234887867,4.82026356910504,-25.8225575102425));
#7452=CARTESIAN_POINT('Ctrl Pts',(-28.3017676111541,4.97800746885922,-25.4062025206462));
#7453=CARTESIAN_POINT('Ctrl Pts',(-27.7963115621988,5.12525769033035,-24.9895158617591));
#7454=CARTESIAN_POINT('Ctrl Pts',(-27.2893613508677,5.2619835972157,-24.5722952813081));
#7455=CARTESIAN_POINT('Ctrl Pts',(-26.906641870835,5.36520412424292,-24.257316729095));
#7456=CARTESIAN_POINT('Ctrl Pts',(-26.5230707638277,5.46242539526795,-23.942034212774));
#7457=CARTESIAN_POINT('Ctrl Pts',(-26.1386950962184,5.55361578037303,-23.6263674242329));
#7458=CARTESIAN_POINT('Ctrl Pts',(-25.6612304312166,5.66689086603698,-23.2342517151914));
#7459=CARTESIAN_POINT('Ctrl Pts',(-25.1825295832896,5.77083717319909,-22.8415791720092));
#7460=CARTESIAN_POINT('Ctrl Pts',(-24.7026821367644,5.86548737725415,-22.4481585533983));
#7461=CARTESIAN_POINT('Ctrl Pts',(-24.2217995220906,5.96034176886343,-22.0538892140193));
#7462=CARTESIAN_POINT('Ctrl Pts',(-23.7397651398846,6.04585980079901,-21.6588683969369));
#7463=CARTESIAN_POINT('Ctrl Pts',(-23.2566582893771,6.1220337010834,-21.2629349231342));
#7464=CARTESIAN_POINT('Ctrl Pts',(-22.7721375907831,6.1984305299457,-20.8658427206077));
#7465=CARTESIAN_POINT('Ctrl Pts',(-22.2865379414916,6.26542831508853,-20.4678323250319));
#7466=CARTESIAN_POINT('Ctrl Pts',(-21.799931521482,6.32298018645901,-20.0687752867182));
#7467=CARTESIAN_POINT('Ctrl Pts',(-21.5438719181288,6.35326484516751,-19.8587854823421));
#7468=CARTESIAN_POINT('Ctrl Pts',(-21.287533425813,6.38093327076565,-19.6485064462965));
#7469=CARTESIAN_POINT('Ctrl Pts',(-21.0309259652482,6.40597453828964,-19.4379235139931));
#7470=CARTESIAN_POINT('Ctrl Pts',(-31.9446731964696,-0.789005747247494,
-37.0455844143628));
#7471=CARTESIAN_POINT('Ctrl Pts',(-32.8871760711387,-0.633466059812511,
-36.1072094182006));
#7472=CARTESIAN_POINT('Ctrl Pts',(-33.8157700108624,-0.317581324665692,
-35.1859824630944));
#7473=CARTESIAN_POINT('Ctrl Pts',(-35.3641661391331,0.507923273457562,-33.6339204563902));
#7474=CARTESIAN_POINT('Ctrl Pts',(-35.9983161350276,0.946262911981531,-32.9926424897818));
#7475=CARTESIAN_POINT('Ctrl Pts',(-36.5920146573806,1.46477545212664,-32.37867966));
#7476=CARTESIAN_POINT('Ctrl Pts',(-21.0309259663912,6.40597453613749,-19.4379235132796));
#7477=CARTESIAN_POINT('Ctrl Pts',(-20.7876578337523,6.0535533106975,-19.773324240568));
#7478=CARTESIAN_POINT('Ctrl Pts',(-20.5151549364099,5.73414833903035,-20.1222782034178));
#7479=CARTESIAN_POINT('Ctrl Pts',(-19.7515832014514,5.00678796046805,-21.0488761473963));
#7480=CARTESIAN_POINT('Ctrl Pts',(-19.2288961226386,4.65668686760109,-21.6384315469652));
#7481=CARTESIAN_POINT('Ctrl Pts',(-18.6695525973608,4.40952539571506,-22.2396108770523));
#7482=CARTESIAN_POINT('Ctrl Pts',(-36.5995153936929,3.58007079055895,-32.4087391998923));
#7483=CARTESIAN_POINT('Ctrl Pts',(-34.8455456066627,4.46482484461591,-30.9797508521065));
#7484=CARTESIAN_POINT('Ctrl Pts',(-31.2696519585637,5.95034863686249,-28.099026996845));
#7485=CARTESIAN_POINT('Ctrl Pts',(-25.8995574858768,7.29330437661241,-23.7692774191697));
#7486=CARTESIAN_POINT('Ctrl Pts',(-22.3596936433914,7.62278042176523,-20.852034947955));
#7487=CARTESIAN_POINT('Ctrl Pts',(-20.6453305707563,7.65225290622429,-19.4078186421945));
#7488=CARTESIAN_POINT('Ctrl Pts',(-34.9678563104652,4.57163560903931,-33.8041193276383));
#7489=CARTESIAN_POINT('Ctrl Pts',(-33.2608329616074,5.37547417787928,-32.3033833641399));
#7490=CARTESIAN_POINT('Ctrl Pts',(-29.7878214905124,6.70251393589615,-29.2834057750883));
#7491=CARTESIAN_POINT('Ctrl Pts',(-24.5955612333597,7.82177610128386,-24.7641343456891));
#7492=CARTESIAN_POINT('Ctrl Pts',(-21.192232485911,8.01393851701387,-21.7361600591152));
#7493=CARTESIAN_POINT('Ctrl Pts',(-19.5491813211156,7.97876928737754,-20.242198513592));
#7494=CARTESIAN_POINT('Ctrl Pts',(-33.2303261083332,5.11028109567958,-35.3954751753257));
#7495=CARTESIAN_POINT('Ctrl Pts',(-31.5886623647255,5.85310613003635,-33.8182805942306));
#7496=CARTESIAN_POINT('Ctrl Pts',(-28.2510826195391,7.06252968868002,-30.6467162569555));
#7497=CARTESIAN_POINT('Ctrl Pts',(-23.2736639140731,8.01765857175811,-25.9115778930152));
#7498=CARTESIAN_POINT('Ctrl Pts',(-20.0246659955978,8.10959725532835,-22.7502806716713));
#7499=CARTESIAN_POINT('Ctrl Pts',(-18.4607403277779,8.02721351843303,-21.1943483018786));
#7500=CARTESIAN_POINT('Ctrl Pts',(-31.5367517041417,5.14955994703915,-37.0455844144047));
#7501=CARTESIAN_POINT('Ctrl Pts',(-29.9733587781675,5.85664299109587,-35.3938451469107));
#7502=CARTESIAN_POINT('Ctrl Pts',(-26.7919625727297,6.99938946904824,-32.0714134740062));
#7503=CARTESIAN_POINT('Ctrl Pts',(-22.0478211878316,7.86402652382727,-27.112645131588));
#7504=CARTESIAN_POINT('Ctrl Pts',(-18.9578719192531,7.90172614306837,-23.8070283146506));
#7505=CARTESIAN_POINT('Ctrl Pts',(-17.4738636618487,7.79340826205927,-22.1821643020491));
#7506=CARTESIAN_POINT('',(-20.6058501642528,7.66389560013905,-19.4379235132796));
#7507=CARTESIAN_POINT('',(-36.43718907646,3.66774535885683,-32.37867966));
#7508=CARTESIAN_POINT('Ctrl Pts',(-20.6058504484478,7.66389385246737,-19.4379240425252));
#7509=CARTESIAN_POINT('Ctrl Pts',(-21.05848254438,7.65499765775372,-19.8102723124619));
#7510=CARTESIAN_POINT('Ctrl Pts',(-21.5113913452283,7.63710919916178,-20.1817037680792));
#7511=CARTESIAN_POINT('Ctrl Pts',(-21.9643154366543,7.61032693901277,-20.5522998628389));
#7512=CARTESIAN_POINT('Ctrl Pts',(-22.4197370550783,7.58339699535772,-20.9249395091993));
#7513=CARTESIAN_POINT('Ctrl Pts',(-22.8751743371589,7.54747498456358,-21.2967347324539));
#7514=CARTESIAN_POINT('Ctrl Pts',(-23.3304020690891,7.50262884268008,-21.6677565808502));
#7515=CARTESIAN_POINT('Ctrl Pts',(-23.788845688098,7.4574658920477,-22.0413994566674));
#7516=CARTESIAN_POINT('Ctrl Pts',(-24.2470769794338,7.40325237546072,-22.4142581723867));
#7517=CARTESIAN_POINT('Ctrl Pts',(-24.7049039440133,7.34002372751924,-22.7863906985875));
#7518=CARTESIAN_POINT('Ctrl Pts',(-25.0822938413454,7.28790392069002,-23.0931420844214));
#7519=CARTESIAN_POINT('Ctrl Pts',(-25.4594097572191,7.229657892208,-23.399399810489));
#7520=CARTESIAN_POINT('Ctrl Pts',(-25.8361619358587,7.16528767377726,-23.7051877051637));
#7521=CARTESIAN_POINT('Ctrl Pts',(-25.8361623857211,7.16528759691575,-23.7051880702909));
#7522=CARTESIAN_POINT('Ctrl Pts',(-25.8361628355835,7.16528752005422,-23.7051884354182));
#7523=CARTESIAN_POINT('Ctrl Pts',(-25.836163285446,7.16528744319269,-23.7051888005454));
#7524=CARTESIAN_POINT('Ctrl Pts',(-26.3705792415478,7.07397946496653,-24.1389432395032));
#7525=CARTESIAN_POINT('Ctrl Pts',(-26.9042365852084,6.97036038144567,-24.5717745427685));
#7526=CARTESIAN_POINT('Ctrl Pts',(-27.4367977180188,6.85454603770131,-25.0037872693922));
#7527=CARTESIAN_POINT('Ctrl Pts',(-27.8056095197482,6.77434173034402,-25.3029668043976));
#7528=CARTESIAN_POINT('Ctrl Pts',(-28.1738963614082,6.68828795286597,-25.6017534662837));
#7529=CARTESIAN_POINT('Ctrl Pts',(-28.5415554129787,6.59641285033485,-25.9001773956375));
#7530=CARTESIAN_POINT('Ctrl Pts',(-29.1177530794505,6.45242558969447,-26.3678693264587));
#7531=CARTESIAN_POINT('Ctrl Pts',(-29.6915267084732,6.29436046198205,-26.8339587879473));
#7532=CARTESIAN_POINT('Ctrl Pts',(-30.2623545351301,6.12248403996843,-27.2984886541026));
#7533=CARTESIAN_POINT('Ctrl Pts',(-30.5929230053533,6.0229497789545,-27.5674995888486));
#7534=CARTESIAN_POINT('Ctrl Pts',(-30.9225043976149,5.91878336129661,-27.8359871519059));
#7535=CARTESIAN_POINT('Ctrl Pts',(-31.2510039548554,5.81003324500351,-28.1039565851954));
#7536=CARTESIAN_POINT('Ctrl Pts',(-31.827371812541,5.61922607291035,-28.5741215056225));
#7537=CARTESIAN_POINT('Ctrl Pts',(-32.400436056041,5.41429836715676,-29.0426980291627));
#7538=CARTESIAN_POINT('Ctrl Pts',(-32.9696599219306,5.19551901933715,-29.5097207101578));
#7539=CARTESIAN_POINT('Ctrl Pts',(-33.5564632324629,4.9699830689496,-29.9911665379313));
#7540=CARTESIAN_POINT('Ctrl Pts',(-34.1391852846762,4.72972686325093,-30.4709612990695));
#7541=CARTESIAN_POINT('Ctrl Pts',(-34.717281387949,4.47501451318383,-30.9491202288283));
#7542=CARTESIAN_POINT('Ctrl Pts',(-35.2953774912217,4.22030216311673,-31.4272791585871));
#7543=CARTESIAN_POINT('Ctrl Pts',(-35.868847852066,3.95113367714462,-31.9038023616843));
#7544=CARTESIAN_POINT('Ctrl Pts',(-36.4371886676813,3.66774208339288,-32.3786803953643));
#7545=CARTESIAN_POINT('Ctrl Pts',(-17.5270714810335,7.7972991285329,-22.2396108770523));
#7546=CARTESIAN_POINT('Ctrl Pts',(-18.1208319767497,7.93738717138398,-21.6401709378863));
#7547=CARTESIAN_POINT('Ctrl Pts',(-18.7463755168882,7.97575985330706,-21.0525481958241));
#7548=CARTESIAN_POINT('Ctrl Pts',(-19.7904620089997,7.86986378522647,-20.1258748405236));
#7549=CARTESIAN_POINT('Ctrl Pts',(-20.199382870674,7.78726710514182,-19.7758870131656));
#7550=CARTESIAN_POINT('Ctrl Pts',(-20.6058501642528,7.66389560013905,-19.4379235132796));
#7551=CARTESIAN_POINT('Ctrl Pts',(-36.43718907646,3.66774535885684,-32.37867966));
#7552=CARTESIAN_POINT('Ctrl Pts',(-35.8288996497769,4.0343625766237,-32.9471927025485));
#7553=CARTESIAN_POINT('Ctrl Pts',(-35.1997816715437,4.3362374029778,-33.535537217419));
#7554=CARTESIAN_POINT('Ctrl Pts',(-33.5632178378674,4.93268041307204,-35.079793810498));
#7555=CARTESIAN_POINT('Ctrl Pts',(-32.5458341216649,5.12811121159173,-36.0531478602645));
#7556=CARTESIAN_POINT('Ctrl Pts',(-31.5367517041666,5.14955994704231,-37.0455844143628));
#7557=CARTESIAN_POINT('Origin',(0.,0.,-20.8387671951659));
#7558=CARTESIAN_POINT('Origin',(0.,0.,-19.4379235132796));
#7559=CARTESIAN_POINT('Origin',(0.,0.,-34.7121320371814));
#7560=CARTESIAN_POINT('Origin',(0.,0.,-32.37867966));
#7561=CARTESIAN_POINT('Origin',(0.,0.,-25.9083015866398));
#7562=CARTESIAN_POINT('Origin',(0.,0.,-25.9083015866398));
#7563=CARTESIAN_POINT('',(-34.839891805022,11.2828650096272,-32.37867966));
#7564=CARTESIAN_POINT('',(-18.5227309360058,11.8424995433314,-19.4379235132796));
#7565=CARTESIAN_POINT('Ctrl Pts',(-34.8398921929826,11.2828649369901,-32.378680018455));
#7566=CARTESIAN_POINT('Ctrl Pts',(-34.0893300432727,11.46200658397,-31.7961519669505));
#7567=CARTESIAN_POINT('Ctrl Pts',(-33.3360661702693,11.6206303091071,-31.211627302185));
#7568=CARTESIAN_POINT('Ctrl Pts',(-32.5809834486412,11.7584320422855,-30.6250349302037));
#7569=CARTESIAN_POINT('Ctrl Pts',(-31.8484887700475,11.892111483442,-30.0559902697014));
#7570=CARTESIAN_POINT('Ctrl Pts',(-31.1142823090892,12.0061958644902,-29.4849996341419));
#7571=CARTESIAN_POINT('Ctrl Pts',(-30.3792074501563,12.1003951470649,-28.9120272309092));
#7572=CARTESIAN_POINT('Ctrl Pts',(-30.0012495708743,12.1488301610491,-28.6174185501997));
#7573=CARTESIAN_POINT('Ctrl Pts',(-29.6230627336717,12.1920078246364,-28.3222864257442));
#7574=CARTESIAN_POINT('Ctrl Pts',(-29.2447657560365,12.229887676429,-28.026629285014));
#7575=CARTESIAN_POINT('Ctrl Pts',(-28.590896534019,12.2953612876022,-27.5155992847172));
#7576=CARTESIAN_POINT('Ctrl Pts',(-27.9367234510268,12.3450100887049,-27.0030164355188));
#7577=CARTESIAN_POINT('Ctrl Pts',(-27.2828127790763,12.3786347578691,-26.4887986948499));
#7578=CARTESIAN_POINT('Ctrl Pts',(-27.0007905839081,12.3931365903307,-26.2670240362635));
#7579=CARTESIAN_POINT('Ctrl Pts',(-26.7188176419536,12.4046574680299,-26.0449455925061));
#7580=CARTESIAN_POINT('Ctrl Pts',(-26.4369414989722,12.413179848602,-25.8225582627345));
#7581=CARTESIAN_POINT('Ctrl Pts',(-25.909212833969,12.4291354540475,-25.4062045855033));
#7582=CARTESIAN_POINT('Ctrl Pts',(-25.382774483572,12.4345548528201,-24.9895192246928));
#7583=CARTESIAN_POINT('Ctrl Pts',(-24.8577368130383,12.4294371402718,-24.57229994797));
#7584=CARTESIAN_POINT('Ctrl Pts',(-24.4613592348509,12.4255735193934,-24.2573199460353));
#7585=CARTESIAN_POINT('Ctrl Pts',(-24.0657802074408,12.4157032825763,-23.9420359785115));
#7586=CARTESIAN_POINT('Ctrl Pts',(-23.6710535963769,12.3998086685675,-23.6263677441679));
#7587=CARTESIAN_POINT('Ctrl Pts',(-23.1807322931971,12.3800647049334,-23.2342511356154));
#7588=CARTESIAN_POINT('Ctrl Pts',(-22.6917375599244,12.3510043230735,-22.841577704151));
#7589=CARTESIAN_POINT('Ctrl Pts',(-22.2041468286582,12.3126831694477,-22.4481562052024));
#7590=CARTESIAN_POINT('Ctrl Pts',(-21.7155039732944,12.2742793263723,-22.0538857806836));
#7591=CARTESIAN_POINT('Ctrl Pts',(-21.2282710053314,12.2265745434509,-21.6588638856635));
#7592=CARTESIAN_POINT('Ctrl Pts',(-20.7425263652085,12.1695827450597,-21.2629293377987));
#7593=CARTESIAN_POINT('Ctrl Pts',(-20.255359837746,12.1124241184425,-20.865835797586));
#7594=CARTESIAN_POINT('Ctrl Pts',(-19.7696902132393,12.0459238391419,-20.4678240670134));
#7595=CARTESIAN_POINT('Ctrl Pts',(-19.2855996247557,11.9700562628997,-20.0687656930949));
#7596=CARTESIAN_POINT('Ctrl Pts',(-19.0308686086206,11.9301343448793,-19.8587790759127));
#7597=CARTESIAN_POINT('Ctrl Pts',(-18.7765748793847,11.887618052529,-19.6485032376239));
#7598=CARTESIAN_POINT('Ctrl Pts',(-18.5227309343246,11.8424995450953,-19.4379235139931));
#7599=CARTESIAN_POINT('',(-17.7740350562555,12.9390894030635,-19.4379235132796));
#7600=CARTESIAN_POINT('Origin',(0.,0.,-19.4379235132796));
#7601=CARTESIAN_POINT('',(-34.096453408838,13.3623713744998,-32.37867966));
#7602=CARTESIAN_POINT('Ctrl Pts',(-17.7740358014279,12.9390877968751,-19.4379240425252));
#7603=CARTESIAN_POINT('Ctrl Pts',(-18.212282618956,13.0526400153138,-19.8102717881867));
#7604=CARTESIAN_POINT('Ctrl Pts',(-18.6532220055566,13.1576081107658,-20.1817027301883));
#7605=CARTESIAN_POINT('Ctrl Pts',(-19.0965756552287,13.2540163621708,-20.5522983164071));
#7606=CARTESIAN_POINT('Ctrl Pts',(-19.5423741594781,13.3509562527196,-20.9249375360007));
#7607=CARTESIAN_POINT('Ctrl Pts',(-19.9906137991145,13.4392417746024,-21.2967323372354));
#7608=CARTESIAN_POINT('Ctrl Pts',(-20.441059361733,13.5188775793456,-21.6677537628723));
#7609=CARTESIAN_POINT('Ctrl Pts',(-20.8946871927026,13.5990759881459,-22.0413963481749));
#7610=CARTESIAN_POINT('Ctrl Pts',(-21.3505523854776,13.6705021780412,-22.4142547720631));
#7611=CARTESIAN_POINT('Ctrl Pts',(-21.8084604789185,13.7331384656385,-22.7863869997189));
#7612=CARTESIAN_POINT('Ctrl Pts',(-22.1859191093284,13.784770239938,-23.0931396494194));
#7613=CARTESIAN_POINT('Ctrl Pts',(-22.5647667535298,13.8304289979104,-23.399398629941));
#7614=CARTESIAN_POINT('Ctrl Pts',(-22.9449164226202,13.8700924779868,-23.7051877670259));
#7615=CARTESIAN_POINT('Ctrl Pts',(-22.9449168765375,13.8700925253469,-23.7051881321531));
#7616=CARTESIAN_POINT('Ctrl Pts',(-22.9449173304549,13.8700925727071,-23.7051884972804));
#7617=CARTESIAN_POINT('Ctrl Pts',(-22.9449177843722,13.8700926200672,-23.7051888624076));
#7618=CARTESIAN_POINT('Ctrl Pts',(-23.4841510120062,13.9263542986192,-24.1389434459745));
#7619=CARTESIAN_POINT('Ctrl Pts',(-24.0259752095746,13.9705567104061,-24.5717748766888));
#7620=CARTESIAN_POINT('Ctrl Pts',(-24.5700340577042,14.0027203288693,-25.0037877249825));
#7621=CARTESIAN_POINT('Ctrl Pts',(-24.9468079685276,14.0249944125577,-25.3029670709983));
#7622=CARTESIAN_POINT('Ctrl Pts',(-25.3246545375993,14.0414943124661,-25.6017535418367));
#7623=CARTESIAN_POINT('Ctrl Pts',(-25.7034671597652,14.0522193891141,-25.9001772817411));
#7624=CARTESIAN_POINT('Ctrl Pts',(-26.2971458892195,14.0690278308216,-26.3678697934965));
#7625=CARTESIAN_POINT('Ctrl Pts',(-26.89228861209,14.0716264174412,-26.8339598346996));
#7626=CARTESIAN_POINT('Ctrl Pts',(-27.4883210080375,14.0601310753686,-27.2984902935105));
#7627=CARTESIAN_POINT('Ctrl Pts',(-27.833484277296,14.0534741052474,-27.5675005904734));
#7628=CARTESIAN_POINT('Ctrl Pts',(-28.1789468089959,14.0420904664881,-27.8359875238938));
#7629=CARTESIAN_POINT('Ctrl Pts',(-28.5246042904236,14.0260012565379,-28.1039563383105));
#7630=CARTESIAN_POINT('Ctrl Pts',(-29.1310792814422,13.9977718560929,-28.5741223062083));
#7631=CARTESIAN_POINT('Ctrl Pts',(-29.7381828460507,13.9550541970514,-29.0426998958686));
#7632=CARTESIAN_POINT('Ctrl Pts',(-30.3453255828641,13.8979623728259,-29.509723645092));
#7633=CARTESIAN_POINT('Ctrl Pts',(-30.9712167488538,13.8391075660954,-29.9911689811271));
#7634=CARTESIAN_POINT('Ctrl Pts',(-31.5971494882727,13.7649773000658,-30.470963263681));
#7635=CARTESIAN_POINT('Ctrl Pts',(-32.2225280626682,13.6756789242359,-30.9491217101037));
#7636=CARTESIAN_POINT('Ctrl Pts',(-32.8479066370636,13.5863805484059,-31.4272801565264));
#7637=CARTESIAN_POINT('Ctrl Pts',(-33.4727312430064,13.4819141266448,-31.9038028715368));
#7638=CARTESIAN_POINT('Ctrl Pts',(-34.0964538992096,13.3623681100392,-32.3786803950941));
#7639=CARTESIAN_POINT('Origin',(0.,0.,-32.37867966));
#7640=CARTESIAN_POINT('Origin',(0.,0.,-34.7121320371814));
#7641=CARTESIAN_POINT('Ctrl Pts',(-30.9729492625882,7.85882241023246,-37.0455844143628));
#7642=CARTESIAN_POINT('Ctrl Pts',(-31.8962249435773,8.28980697733957,-36.0446710381612));
#7643=CARTESIAN_POINT('Ctrl Pts',(-32.7548736316603,8.8920985642498,-35.0635614662595));
#7644=CARTESIAN_POINT('Ctrl Pts',(-34.0030377031446,10.1364516237481,-33.5198030225027));
#7645=CARTESIAN_POINT('Ctrl Pts',(-34.4467068810294,10.6823623844169,-32.9377504437339));
#7646=CARTESIAN_POINT('Ctrl Pts',(-34.839891805022,11.2828650096272,-32.37867966));
#7647=CARTESIAN_POINT('Ctrl Pts',(-34.096453408838,13.3623713744998,-32.37867966));
#7648=CARTESIAN_POINT('Ctrl Pts',(-33.4193880246668,13.5491876611301,-32.9408991411272));
#7649=CARTESIAN_POINT('Ctrl Pts',(-32.7397809694351,13.6695413398068,-33.5225205566409));
#7650=CARTESIAN_POINT('Ctrl Pts',(-31.0025127556797,13.8062296364183,-35.0659200450499));
#7651=CARTESIAN_POINT('Ctrl Pts',(-29.9623793181213,13.7205047582486,-36.0460599672837));
#7652=CARTESIAN_POINT('Ctrl Pts',(-28.9779487561456,13.4671140778058,-37.0455844143628));
#7653=CARTESIAN_POINT('Origin',(0.,0.,-20.8387671951659));
#7654=CARTESIAN_POINT('Ctrl Pts',(-18.5227309360058,11.8424995433314,-19.4379235132796));
#7655=CARTESIAN_POINT('Ctrl Pts',(-18.3835659543379,11.4375140962155,-19.773324240568));
#7656=CARTESIAN_POINT('Ctrl Pts',(-18.2073426336819,11.0564331254985,-20.1222782034178));
#7657=CARTESIAN_POINT('Ctrl Pts',(-17.6683256915638,10.1500360542104,-21.0488761473963));
#7658=CARTESIAN_POINT('Ctrl Pts',(-17.2594774119356,9.67189837338027,-21.6384315469652));
#7659=CARTESIAN_POINT('Ctrl Pts',(-16.7875592289489,9.28299324224737,-22.2396108770523));
#7660=CARTESIAN_POINT('Ctrl Pts',(-14.7734339970441,12.2369014189075,-22.2396108770523));
#7661=CARTESIAN_POINT('Ctrl Pts',(-15.3073809412745,12.5319892817043,-21.6401709378863));
#7662=CARTESIAN_POINT('Ctrl Pts',(-15.8993748043792,12.7377086278374,-21.0525481958241));
#7663=CARTESIAN_POINT('Ctrl Pts',(-16.933314154366,12.9174306376008,-20.1258748405236));
#7664=CARTESIAN_POINT('Ctrl Pts',(-17.3493554388245,12.9482223946083,-19.7758870131656));
#7665=CARTESIAN_POINT('Ctrl Pts',(-17.7740350562555,12.9390894030635,-19.4379235132796));
#7666=CARTESIAN_POINT('Ctrl Pts',(-34.2764145413328,13.3217431332882,-32.4087391998925));
#7667=CARTESIAN_POINT('Ctrl Pts',(-32.3487829248629,13.700472721743,-30.9797508521067));
#7668=CARTESIAN_POINT('Ctrl Pts',(-28.504704104262,14.1661443863214,-28.0990265018198));
#7669=CARTESIAN_POINT('Ctrl Pts',(-22.9714231338543,14.0104660035466,-23.7692776617137));
#7670=CARTESIAN_POINT('Ctrl Pts',(-19.473934003991,13.3726801948213,-20.852034947955));
#7671=CARTESIAN_POINT('Ctrl Pts',(-17.815192583415,12.9385301380203,-19.4078186421945));
#7672=CARTESIAN_POINT('Ctrl Pts',(-32.4377408166155,13.8363216862451,-33.8041193276389));
#7673=CARTESIAN_POINT('Ctrl Pts',(-30.5771454736894,14.1498023526065,-32.3033833641404));
#7674=CARTESIAN_POINT('Ctrl Pts',(-26.8748921606007,14.4906242800218,-29.2834052800634));
#7675=CARTESIAN_POINT('Ctrl Pts',(-21.5732026347044,14.1675265845773,-24.7641345882332));
#7676=CARTESIAN_POINT('Ctrl Pts',(-18.2442322820359,13.4343558360828,-21.7361600591154));
#7677=CARTESIAN_POINT('Ctrl Pts',(-16.6715984560574,12.9572008777757,-20.2421985135922));
#7678=CARTESIAN_POINT('Ctrl Pts',(-30.6193181345995,13.8862126987598,-35.3954751753266));
#7679=CARTESIAN_POINT('Ctrl Pts',(-28.8381199400633,14.1585761884657,-33.8182805942314));
#7680=CARTESIAN_POINT('Ctrl Pts',(-25.298007894002,14.4226809582378,-30.6467154288665));
#7681=CARTESIAN_POINT('Ctrl Pts',(-20.2474755775038,13.9994996964326,-25.9115776701573));
#7682=CARTESIAN_POINT('Ctrl Pts',(-17.0941539056548,13.211461619694,-22.7502806716717));
#7683=CARTESIAN_POINT('Ctrl Pts',(-15.6104497101944,12.7101907997338,-21.194348301879));
#7684=CARTESIAN_POINT('Ctrl Pts',(-28.9779487561218,13.4671140777957,-37.045584414406));
#7685=CARTESIAN_POINT('Ctrl Pts',(-27.2817619585576,13.7261782010309,-35.3938451469118));
#7686=CARTESIAN_POINT('Ctrl Pts',(-23.9100310040001,13.9682162718675,-32.0714126459175));
#7687=CARTESIAN_POINT('Ctrl Pts',(-19.1085398553141,13.5208363321028,-27.1126449087303));
#7688=CARTESIAN_POINT('Ctrl Pts',(-16.1230024024067,12.7234813348712,-23.8070283146512));
#7689=CARTESIAN_POINT('Ctrl Pts',(-14.7232490113401,12.2187995385006,-22.1821643020497));
#7690=CARTESIAN_POINT('Ctrl Pts',(-30.9441982810553,7.84558296167527,-37.0764320706371));
#7691=CARTESIAN_POINT('Ctrl Pts',(-29.3281490801069,8.40947317185093,-35.3988314191964));
#7692=CARTESIAN_POINT('Ctrl Pts',(-26.0674302569229,9.26382557226614,-32.0406081693401));
#7693=CARTESIAN_POINT('Ctrl Pts',(-21.2746668188229,9.71270758799189,-27.0782324652085));
#7694=CARTESIAN_POINT('Ctrl Pts',(-18.1948074788428,9.49261606825148,-23.8033482071565));
#7695=CARTESIAN_POINT('Ctrl Pts',(-16.7243396184822,9.26415924172336,-22.2029418708252));
#7696=CARTESIAN_POINT('Ctrl Pts',(-32.4731368800858,8.54629270928348,-35.4366772203887));
#7697=CARTESIAN_POINT('Ctrl Pts',(-30.7644531834891,9.10657262348006,-33.8264313248632));
#7698=CARTESIAN_POINT('Ctrl Pts',(-27.3259965107039,9.94837321052915,-30.6091173987348));
#7699=CARTESIAN_POINT('Ctrl Pts',(-22.2865032392684,10.3735868730783,-25.8685743044721));
#7700=CARTESIAN_POINT('Ctrl Pts',(-19.0502446095924,10.1368152493035,-22.7457519167023));
#7701=CARTESIAN_POINT('Ctrl Pts',(-17.5033212257652,9.90116723665813,-21.2203606758921));
#7702=CARTESIAN_POINT('Ctrl Pts',(-33.8461985938797,9.71638318463824,-33.8538604232293));
#7703=CARTESIAN_POINT('Ctrl Pts',(-32.0383380548156,10.2471532694278,-32.3042861039581));
#7704=CARTESIAN_POINT('Ctrl Pts',(-28.4130533066737,11.024171613624,-29.2167779052633));
#7705=CARTESIAN_POINT('Ctrl Pts',(-23.1255321398077,11.3506994568746,-24.6902559389828));
#7706=CARTESIAN_POINT('Ctrl Pts',(-19.7392065679113,11.0509248665649,-21.7199597330894));
#7707=CARTESIAN_POINT('Ctrl Pts',(-18.1204711719273,10.7861907904545,-20.2713967414639));
#7708=CARTESIAN_POINT('Ctrl Pts',(-34.9465354027574,11.2562792896084,-32.4626799279015));
#7709=CARTESIAN_POINT('Ctrl Pts',(-33.0411005413387,11.7339787750008,-30.9616567341465));
#7710=CARTESIAN_POINT('Ctrl Pts',(-29.2362242013094,12.3996258601391,-27.9821786206186));
#7711=CARTESIAN_POINT('Ctrl Pts',(-23.7202124049864,12.5609385430805,-23.6434530466675));
#7712=CARTESIAN_POINT('Ctrl Pts',(-20.2031993495695,12.1568434884988,-20.8133120147392));
#7713=CARTESIAN_POINT('Ctrl Pts',(-18.5232697862721,11.8439140971351,-19.4368072216958));
#7714=CARTESIAN_POINT('Ctrl Pts',(-27.6799905170417,15.9032922453899,-37.0764320706371));
#7715=CARTESIAN_POINT('Ctrl Pts',(-25.9717330462514,16.0102670204875,-35.3988314191964));
#7716=CARTESIAN_POINT('Ctrl Pts',(-22.6014289389037,15.9532055869662,-32.0406080757663));
#7717=CARTESIAN_POINT('Ctrl Pts',(-17.8652872669581,15.0923697082308,-27.0782323445728));
#7718=CARTESIAN_POINT('Ctrl Pts',(-14.9590174962952,14.0495044238903,-23.8033482071565));
#7719=CARTESIAN_POINT('Ctrl Pts',(-13.6047154872107,13.4327919153983,-22.2029418708252));
#7720=CARTESIAN_POINT('Ctrl Pts',(-28.9631826979186,16.9905204720908,-35.4366772203887));
#7721=CARTESIAN_POINT('Ctrl Pts',(-27.1666999160618,17.0690263429539,-33.8264313248632));
#7722=CARTESIAN_POINT('Ctrl Pts',(-23.6286353994354,16.95192545342,-30.609117305161));
#7723=CARTESIAN_POINT('Ctrl Pts',(-18.6612989509323,16.0017319958658,-25.8685741838365));
#7724=CARTESIAN_POINT('Ctrl Pts',(-15.6089298387034,14.9006091276247,-22.7457519167023));
#7725=CARTESIAN_POINT('Ctrl Pts',(-14.1829476431549,14.2563446483354,-21.2203606758921));
#7726=CARTESIAN_POINT('Ctrl Pts',(-29.9696409265138,18.4876684355518,-33.8538604232293));
#7727=CARTESIAN_POINT('Ctrl Pts',(-28.085620705232,18.511001189661,-32.3042861039581));
#7728=CARTESIAN_POINT('Ctrl Pts',(-24.3851346825835,18.2811157355513,-29.2167785087482));
#7729=CARTESIAN_POINT('Ctrl Pts',(-19.2055923068559,17.1689788634197,-24.6902560127149));
#7730=CARTESIAN_POINT('Ctrl Pts',(-16.025719395473,15.966700792421,-21.7199597330894));
#7731=CARTESIAN_POINT('Ctrl Pts',(-14.538435497988,15.2750541907901,-20.2713967414639));
#7732=CARTESIAN_POINT('Ctrl Pts',(-30.613715264649,20.2673283339675,-32.4626799279015));
#7733=CARTESIAN_POINT('Ctrl Pts',(-28.6500573179315,20.2132332533482,-30.9616567341465));
#7734=CARTESIAN_POINT('Ctrl Pts',(-24.8066870528858,19.8276532569597,-27.9821792241035));
#7735=CARTESIAN_POINT('Ctrl Pts',(-19.4517016168547,18.4947818167674,-23.6434531203996));
#7736=CARTESIAN_POINT('Ctrl Pts',(-16.174132792776,17.1567927062125,-20.8133120147392));
#7737=CARTESIAN_POINT('Ctrl Pts',(-14.6409269141404,16.4022280136004,-19.4368072216958));
#7738=CARTESIAN_POINT('',(-30.5038535593846,20.2641560850367,-32.37867966));
#7739=CARTESIAN_POINT('',(-14.6407896879525,16.4007205352269,-19.4379235132796));
#7740=CARTESIAN_POINT('Ctrl Pts',(-30.5038539527479,20.2641561199026,-32.378680018766));
#7741=CARTESIAN_POINT('Ctrl Pts',(-29.7327829314602,20.2341550802085,-31.796144479531));
#7742=CARTESIAN_POINT('Ctrl Pts',(-28.9646461461851,20.1836675558221,-31.2116123205182));
#7743=CARTESIAN_POINT('Ctrl Pts',(-28.2003757820419,20.1126389347253,-30.6250124131388));
#7744=CARTESIAN_POINT('Ctrl Pts',(-27.458968956367,20.0437351711227,-30.055960941728));
#7745=CARTESIAN_POINT('Ctrl Pts',(-26.7212006123181,19.9555006954343,-29.484963459935));
#7746=CARTESIAN_POINT('Ctrl Pts',(-25.9879611204896,19.8478837532377,-28.9119841430435));
#7747=CARTESIAN_POINT('Ctrl Pts',(-25.610969969493,19.7925530797571,-28.6173899012173));
#7748=CARTESIAN_POINT('Ctrl Pts',(-25.2351766505102,19.7320987421204,-28.3222722617739));
#7749=CARTESIAN_POINT('Ctrl Pts',(-24.860706469636,19.6665138352321,-28.0266296479859));
#7750=CARTESIAN_POINT('Ctrl Pts',(-24.2134235832438,19.5531483658232,-27.5156025644768));
#7751=CARTESIAN_POINT('Ctrl Pts',(-23.5701175163477,19.4244630972996,-27.0030226207941));
#7752=CARTESIAN_POINT('Ctrl Pts',(-22.931387324754,19.2804188789079,-26.4888077882404));
#7753=CARTESIAN_POINT('Ctrl Pts',(-22.6559070711307,19.2182935271745,-26.2670302139952));
#7754=CARTESIAN_POINT('Ctrl Pts',(-22.381278516388,19.1533109743935,-26.0449488436379));
#7755=CARTESIAN_POINT('Ctrl Pts',(-22.1075521794041,19.0854671563079,-25.8225585771691));
#7756=CARTESIAN_POINT('Ctrl Pts',(-21.5950889964415,18.9584517607725,-25.4062054228826));
#7757=CARTESIAN_POINT('Ctrl Pts',(-21.0867109028303,18.8216390132284,-24.989520579003));
#7758=CARTESIAN_POINT('Ctrl Pts',(-20.5825244241915,18.6750578190808,-24.5723018211359));
#7759=CARTESIAN_POINT('Ctrl Pts',(-20.2018872966912,18.5643958972528,-24.2573212410091));
#7760=CARTESIAN_POINT('Ctrl Pts',(-19.8236396864163,18.4481655252875,-23.9420366945163));
#7761=CARTESIAN_POINT('Ctrl Pts',(-19.4478382578399,18.3263641334925,-23.6263678831656));
#7762=CARTESIAN_POINT('Ctrl Pts',(-18.981025854756,18.1750650801116,-23.2342509160655));
#7763=CARTESIAN_POINT('Ctrl Pts',(-18.5180043888813,18.015152972464,-22.8415771302368));
#7764=CARTESIAN_POINT('Ctrl Pts',(-18.0588334007443,17.8467022881,-22.4481552800452));
#7765=CARTESIAN_POINT('Ctrl Pts',(-17.5986715202613,17.6778880866626,-22.0538844243411));
#7766=CARTESIAN_POINT('Ctrl Pts',(-17.1423766234984,17.5004982143201,-21.6588621009672));
#7767=CARTESIAN_POINT('Ctrl Pts',(-16.6900204781819,17.3145672458112,-21.2629271265152));
#7768=CARTESIAN_POINT('Ctrl Pts',(-16.2363400677269,17.1280919674654,-20.86583305897));
#7769=CARTESIAN_POINT('Ctrl Pts',(-15.7866214088258,16.9330252909821,-20.4678208023796));
#7770=CARTESIAN_POINT('Ctrl Pts',(-15.3409505001014,16.7293646861053,-20.0687619027231));
#7771=CARTESIAN_POINT('Ctrl Pts',(-15.1064378368245,16.6221981874192,-19.8587765446242));
#7772=CARTESIAN_POINT('Ctrl Pts',(-14.8730461828052,16.5126515300785,-19.6485019697328));
#7773=CARTESIAN_POINT('Ctrl Pts',(-14.6407896858577,16.4007205364718,-19.4379235139931));
#7774=CARTESIAN_POINT('Ctrl Pts',(-27.7041033737153,15.9237976612658,-37.0455844143628));
#7775=CARTESIAN_POINT('Ctrl Pts',(-28.4768632433035,16.587896949132,-36.0446710381612));
#7776=CARTESIAN_POINT('Ctrl Pts',(-29.1411745833737,17.399514573795,-35.0635614662595));
#7777=CARTESIAN_POINT('Ctrl Pts',(-30.0073309076204,18.9344742827107,-33.5198030225027));
#7778=CARTESIAN_POINT('Ctrl Pts',(-30.2872626683007,19.5798417031631,-32.9377504437339));
#7779=CARTESIAN_POINT('Ctrl Pts',(-30.5038535593846,20.2641560850367,-32.37867966));
#7780=CARTESIAN_POINT('Ctrl Pts',(-14.6407896879525,16.4007205352269,-19.4379235132796));
#7781=CARTESIAN_POINT('Ctrl Pts',(-14.6160490873085,15.9732067843626,-19.773324240568));
#7782=CARTESIAN_POINT('Ctrl Pts',(-14.5491750208638,15.5587128468643,-20.1222782034178));
#7783=CARTESIAN_POINT('Ctrl Pts',(-14.2746892923446,14.5405024071372,-21.0488761473963));
#7784=CARTESIAN_POINT('Ctrl Pts',(-14.0100022184448,13.9697894227968,-21.6384315469652));
#7785=CARTESIAN_POINT('Ctrl Pts',(-13.6605093904992,13.4679839468705,-22.2396108770523));
#7786=CARTESIAN_POINT('Ctrl Pts',(-29.4111888266044,22.0754027307413,-32.4087391998926));
#7787=CARTESIAN_POINT('Ctrl Pts',(-27.4528589993606,21.9200192125908,-30.9797508521067));
#7788=CARTESIAN_POINT('Ctrl Pts',(-23.6256923322511,21.3313024561557,-28.0990265061579));
#7789=CARTESIAN_POINT('Ctrl Pts',(-18.3396019482248,19.6885357042332,-23.7692776596375));
#7790=CARTESIAN_POINT('Ctrl Pts',(-15.1438817668348,18.1307894537687,-20.852034947955));
#7791=CARTESIAN_POINT('Ctrl Pts',(-13.6637832612449,17.2652157793162,-19.4078186421945));
#7792=CARTESIAN_POINT('Ctrl Pts',(-27.5018664791875,22.0748310809419,-33.8041193276389));
#7793=CARTESIAN_POINT('Ctrl Pts',(-25.6256909871207,21.8747044178794,-32.3033833641404));
#7794=CARTESIAN_POINT('Ctrl Pts',(-21.968774608948,21.2040317552036,-29.2834052844016));
#7795=CARTESIAN_POINT('Ctrl Pts',(-16.9508568204312,19.4625366768324,-24.764134586157));
#7796=CARTESIAN_POINT('Ctrl Pts',(-13.9431408316114,17.858408440878,-21.7361600591154));
#7797=CARTESIAN_POINT('Ctrl Pts',(-12.5575594010017,16.974656154319,-20.2421985135922));
#7798=CARTESIAN_POINT('Ctrl Pts',(-25.7374154088827,21.632267431169,-35.3954751753266));
#7799=CARTESIAN_POINT('Ctrl Pts',(-23.9487860850675,21.4139694221726,-33.8182805942314));
#7800=CARTESIAN_POINT('Ctrl Pts',(-20.4686963801396,20.7131696875459,-30.6467154362084));
#7801=CARTESIAN_POINT('Ctrl Pts',(-15.7196244331626,18.9430638201411,-25.9115776722309));
#7802=CARTESIAN_POINT('Ctrl Pts',(-12.8958466210805,17.3334923141422,-22.7502806716717));
#7803=CARTESIAN_POINT('Ctrl Pts',(-11.6024034506617,16.4505113746721,-21.194348301879));
#7804=CARTESIAN_POINT('Ctrl Pts',(-24.2699839141558,20.7858739653498,-37.045584414406));
#7805=CARTESIAN_POINT('Ctrl Pts',(-22.5668016602386,20.5777055668826,-35.3938451469118));
#7806=CARTESIAN_POINT('Ctrl Pts',(-19.2548025433051,19.9010861011878,-32.0714126532594));
#7807=CARTESIAN_POINT('Ctrl Pts',(-14.7520653672555,18.1748694114058,-27.1126449108039));
#7808=CARTESIAN_POINT('Ctrl Pts',(-12.0923635552026,16.6015941221208,-23.8070283146512));
#7809=CARTESIAN_POINT('Ctrl Pts',(-10.8806783360433,15.7379783504599,-22.1821643020497));
#7810=CARTESIAN_POINT('',(-13.6240010789357,17.254650137358,-19.4379235132796));
#7811=CARTESIAN_POINT('',(-29.2269397727778,22.0659714340776,-32.37867966));
#7812=CARTESIAN_POINT('Ctrl Pts',(-13.6240022298195,17.2546487917766,-19.4379240425252));
#7813=CARTESIAN_POINT('Ctrl Pts',(-14.0153616495439,17.4822277651127,-19.8102717928428));
#7814=CARTESIAN_POINT('Ctrl Pts',(-14.4116297589571,17.7022673841224,-20.1817027394085));
#7815=CARTESIAN_POINT('Ctrl Pts',(-14.8125320221892,17.9147159414338,-20.5522983301476));
#7816=CARTESIAN_POINT('Ctrl Pts',(-15.2156450428529,18.1283360367234,-20.9249375535409));
#7817=CARTESIAN_POINT('Ctrl Pts',(-15.6234435955696,18.3342813010165,-21.2967323585343));
#7818=CARTESIAN_POINT('Ctrl Pts',(-16.0356999354548,18.5324927538793,-21.6677537879362));
#7819=CARTESIAN_POINT('Ctrl Pts',(-16.4508687464803,18.7321045130085,-22.0413963758287));
#7820=CARTESIAN_POINT('Ctrl Pts',(-16.8705586682128,18.9238729837808,-22.4142548023181));
#7821=CARTESIAN_POINT('Ctrl Pts',(-17.2945872217597,19.1077286736427,-22.7863870326332));
#7822=CARTESIAN_POINT('Ctrl Pts',(-17.6441185630147,19.2592829153023,-23.0931396711011));
#7823=CARTESIAN_POINT('Ctrl Pts',(-17.9965989100507,19.4054603881643,-23.3993986404726));
#7824=CARTESIAN_POINT('Ctrl Pts',(-18.3519505059581,19.5462161869037,-23.7051877665124));
#7825=CARTESIAN_POINT('Ctrl Pts',(-18.3519509302653,19.5462163549731,-23.7051881316397));
#7826=CARTESIAN_POINT('Ctrl Pts',(-18.3519513545726,19.5462165230424,-23.7051884967669));
#7827=CARTESIAN_POINT('Ctrl Pts',(-18.3519517788798,19.5462166911117,-23.7051888618941));
#7828=CARTESIAN_POINT('Ctrl Pts',(-18.8560095542218,19.7458754170029,-24.1389434441956));
#7829=CARTESIAN_POINT('Ctrl Pts',(-19.365815770881,19.9346211020471,-24.5717748737931));
#7830=CARTESIAN_POINT('Ctrl Pts',(-19.8810217989992,20.1123773265641,-25.0037877210195));
#7831=CARTESIAN_POINT('Ctrl Pts',(-20.2378144369911,20.2354778122019,-25.3029670686899));
#7832=CARTESIAN_POINT('Ctrl Pts',(-20.5971978124478,20.3533076361902,-25.6017535412003));
#7833=CARTESIAN_POINT('Ctrl Pts',(-20.9590694459163,20.4658374210043,-25.9001772827626));
#7834=CARTESIAN_POINT('Ctrl Pts',(-21.5261980881658,20.6421951627331,-26.3678697894812));
#7835=CARTESIAN_POINT('Ctrl Pts',(-22.0985702081133,20.8052649703979,-26.8339598256571));
#7836=CARTESIAN_POINT('Ctrl Pts',(-22.6756015060913,20.9550035216386,-27.2984902793274));
#7837=CARTESIAN_POINT('Ctrl Pts',(-23.0097612211124,21.0417173477094,-27.5675005818206));
#7838=CARTESIAN_POINT('Ctrl Pts',(-23.3454843411444,21.123960522674,-27.8359875207003));
#7839=CARTESIAN_POINT('Ctrl Pts',(-23.6826647296165,21.201725218373,-28.1039563404824));
#7840=CARTESIAN_POINT('Ctrl Pts',(-24.2742661727188,21.3381676324955,-28.5741222988522));
#7841=CARTESIAN_POINT('Ctrl Pts',(-24.8703817654185,21.4608286394911,-29.0426998788241));
#7842=CARTESIAN_POINT('Ctrl Pts',(-25.4704131808408,21.5696590833621,-29.5097236183437));
#7843=CARTESIAN_POINT('Ctrl Pts',(-26.0889734480689,21.6818501898828,-29.9911689588609));
#7844=CARTESIAN_POINT('Ctrl Pts',(-26.7116950166782,21.7793435085833,-30.4709632457812));
#7845=CARTESIAN_POINT('Ctrl Pts',(-27.337975277148,21.8620816799143,-30.9491216966111));
#7846=CARTESIAN_POINT('Ctrl Pts',(-27.9642555376178,21.9448198512452,-31.427280147441));
#7847=CARTESIAN_POINT('Ctrl Pts',(-28.5940946619977,22.0128029897415,-31.9038028668993));
#7848=CARTESIAN_POINT('Ctrl Pts',(-29.2269411257031,22.0659684229735,-32.3786803950965));
#7849=CARTESIAN_POINT('Ctrl Pts',(-10.9241184974574,15.7689487111407,-22.2396108770523));
#7850=CARTESIAN_POINT('Ctrl Pts',(-11.3586514879932,16.1971510770368,-21.6401709378863));
#7851=CARTESIAN_POINT('Ctrl Pts',(-11.8731901974292,16.5549598245807,-21.0525481958241));
#7852=CARTESIAN_POINT('Ctrl Pts',(-12.8202998536606,17.0069707528974,-20.1258748405237));
#7853=CARTESIAN_POINT('Ctrl Pts',(-13.2126056820973,17.1488672632426,-19.7758870131656));
#7854=CARTESIAN_POINT('Ctrl Pts',(-13.6240010789357,17.254650137358,-19.4379235132796));
#7855=CARTESIAN_POINT('Ctrl Pts',(-29.2269397727778,22.0659714340776,-32.37867966));
#7856=CARTESIAN_POINT('Ctrl Pts',(-28.5245793787622,22.0631900115205,-32.9408991411272));
#7857=CARTESIAN_POINT('Ctrl Pts',(-27.8377029627723,21.9957248601572,-33.5225205566409));
#7858=CARTESIAN_POINT('Ctrl Pts',(-26.1279793059066,21.6586350292375,-35.0659200450499));
#7859=CARTESIAN_POINT('Ctrl Pts',(-25.1495451330711,21.2954644190665,-36.0460599672837));
#7860=CARTESIAN_POINT('Ctrl Pts',(-24.269983914176,20.7858739653659,-37.0455844143628));
#7861=CARTESIAN_POINT('Origin',(0.,0.,-20.8387671951659));
#7862=CARTESIAN_POINT('Origin',(0.,0.,-19.4379235132796));
#7863=CARTESIAN_POINT('Origin',(0.,0.,-34.7121320371814));
#7864=CARTESIAN_POINT('Origin',(0.,0.,-32.37867966));
#7865=CARTESIAN_POINT('Origin',(0.,0.,-25.9083015866398));
#7866=CARTESIAN_POINT('Origin',(0.,0.,-25.9083015866398));
#7867=CARTESIAN_POINT('',(-23.9054840410923,27.7425474059646,-32.37867966));
#7868=CARTESIAN_POINT('',(-9.67300804589996,19.7425751133287,-19.4379235132796));
#7869=CARTESIAN_POINT('Ctrl Pts',(-23.9054844103912,27.7425475455761,-32.378680018616));
#7870=CARTESIAN_POINT('Ctrl Pts',(-23.1711055224665,27.5056280191539,-31.7961480829932));
#7871=CARTESIAN_POINT('Ctrl Pts',(-22.4450791350263,27.2497735713251,-31.2116195306794));
#7872=CARTESIAN_POINT('Ctrl Pts',(-21.7283175916057,26.9751831208072,-30.6250232497788));
#7873=CARTESIAN_POINT('Ctrl Pts',(-21.0329980431623,26.7088070717383,-30.0559750566965));
#7874=CARTESIAN_POINT('Ctrl Pts',(-20.3463973084769,26.4247989947262,-29.4849808702132));
#7875=CARTESIAN_POINT('Ctrl Pts',(-19.6693866976112,26.1233492788271,-28.9120048810854));
#7876=CARTESIAN_POINT('Ctrl Pts',(-19.3212950910975,25.9683559682256,-28.6174036896886));
#7877=CARTESIAN_POINT('Ctrl Pts',(-18.9757393649464,25.8087519467494,-28.3222790784728));
#7878=CARTESIAN_POINT('Ctrl Pts',(-18.6328420514865,25.6445643756797,-28.0266294727343));
#7879=CARTESIAN_POINT('Ctrl Pts',(-18.0401462010674,25.3607671913816,-27.5156009880518));
#7880=CARTESIAN_POINT('Ctrl Pts',(-17.4554129850376,25.0632911736421,-27.0030196486472));
#7881=CARTESIAN_POINT('Ctrl Pts',(-16.8792298045994,24.7522602454028,-26.4888034191602));
#7882=CARTESIAN_POINT('Ctrl Pts',(-16.6307279219353,24.6181158033948,-26.2670272454323));
#7883=CARTESIAN_POINT('Ctrl Pts',(-16.3838169992297,24.4814499315066,-26.0449472808548));
#7884=CARTESIAN_POINT('Ctrl Pts',(-16.1385467769346,24.342272345636,-25.8225584250229));
#7885=CARTESIAN_POINT('Ctrl Pts',(-15.679355186845,24.081705953341,-25.4062050194929));
#7886=CARTESIAN_POINT('Ctrl Pts',(-15.2267405018346,23.8128076572083,-24.9895199272827));
#7887=CARTESIAN_POINT('Ctrl Pts',(-14.7807974945882,23.5356340297162,-24.5723009201845));
#7888=CARTESIAN_POINT('Ctrl Pts',(-14.4441319524095,23.3263812596067,-24.2573206178824));
#7889=CARTESIAN_POINT('Ctrl Pts',(-14.1112696585114,23.1124112252009,-23.9420363496012));
#7890=CARTESIAN_POINT('Ctrl Pts',(-13.7822658673493,22.893736739334,-23.6263678155337));
#7891=CARTESIAN_POINT('Ctrl Pts',(-13.3735842974275,22.6221039053467,-23.234251020703));
#7892=CARTESIAN_POINT('Ctrl Pts',(-12.9708768488195,22.3432002009786,-22.8415774051554));
#7893=CARTESIAN_POINT('Ctrl Pts',(-12.5741807640177,22.0571134049764,-22.4481557237485));
#7894=CARTESIAN_POINT('Ctrl Pts',(-12.1766286461333,21.7704092604013,-22.0538850751156));
#7895=CARTESIAN_POINT('Ctrl Pts',(-11.7851137926443,21.4764907602272,-21.6588629574553));
#7896=CARTESIAN_POINT('Ctrl Pts',(-11.3996959855882,21.1754105589557,-21.2629281878519));
#7897=CARTESIAN_POINT('Ctrl Pts',(-11.0131499204868,20.873448986473,-20.8658343732302));
#7898=CARTESIAN_POINT('Ctrl Pts',(-10.6327366188276,20.564283483366,-20.4678223689136));
#7899=CARTESIAN_POINT('Ctrl Pts',(-10.258539576775,20.2479348145498,-20.0687637213579));
#7900=CARTESIAN_POINT('Ctrl Pts',(-10.0616358724968,20.0814711129884,-19.8587777591575));
#7901=CARTESIAN_POINT('Ctrl Pts',(-9.86645377774331,19.9130179480529,-19.6485025780843));
#7902=CARTESIAN_POINT('Ctrl Pts',(-9.67300804354696,19.7425751139623,-19.4379235139931));
#7903=CARTESIAN_POINT('',(-8.46353726724891,20.2905124057368,-19.4379235132796));
#7904=CARTESIAN_POINT('Origin',(0.,0.,-19.4379235132796));
#7905=CARTESIAN_POINT('',(-22.1897977181234,29.1330393374923,-32.37867966));
#7906=CARTESIAN_POINT('Ctrl Pts',(-8.46353873848839,20.2905114205579,-19.4379240425252));
#7907=CARTESIAN_POINT('Ctrl Pts',(-8.77898548600333,20.6152387269355,-19.8102718741538));
#7908=CARTESIAN_POINT('Ctrl Pts',(-9.1011929860027,20.9340306001394,-20.1817029004151));
#7909=CARTESIAN_POINT('Ctrl Pts',(-9.42991083611399,21.2467631834642,-20.5522985700802));
#7910=CARTESIAN_POINT('Ctrl Pts',(-9.76044137437952,21.5612203054748,-20.9249378597682));
#7911=CARTESIAN_POINT('Ctrl Pts',(-10.097554335964,21.8695513367568,-21.2967327303375));
#7912=CARTESIAN_POINT('Ctrl Pts',(-10.4410463366523,22.1716380413272,-21.6677542254269));
#7913=CARTESIAN_POINT('Ctrl Pts',(-10.7869649890431,22.4758588835615,-22.0413968585366));
#7914=CARTESIAN_POINT('Ctrl Pts',(-11.1393531916844,22.7737470670185,-22.4142553304442));
#7915=CARTESIAN_POINT('Ctrl Pts',(-11.4980539839815,23.0651864460682,-22.7863876071947));
#7916=CARTESIAN_POINT('Ctrl Pts',(-11.7937347163008,23.3054229074159,-23.0931400495424));
#7917=CARTESIAN_POINT('Ctrl Pts',(-12.0937057278418,23.5412776242538,-23.399398824238));
#7918=CARTESIAN_POINT('Ctrl Pts',(-12.3979042620436,23.7726863792527,-23.7051877574428));
#7919=CARTESIAN_POINT('Ctrl Pts',(-12.3979046252718,23.7726866555663,-23.70518812257));
#7920=CARTESIAN_POINT('Ctrl Pts',(-12.3979049885,23.7726869318799,-23.7051884876973));
#7921=CARTESIAN_POINT('Ctrl Pts',(-12.3979053517282,23.7726872081935,-23.7051888528245));
#7922=CARTESIAN_POINT('Ctrl Pts',(-12.8294039834428,24.1009351845162,-24.1389434129893));
#7923=CARTESIAN_POINT('Ctrl Pts',(-13.2693821963106,24.4202257222343,-24.5717748230549));
#7924=CARTESIAN_POINT('Ctrl Pts',(-13.7175249050669,24.7303911742171,-25.0037876516199));
#7925=CARTESIAN_POINT('Ctrl Pts',(-14.0278746154843,24.9451882830922,-25.3029670282381));
#7926=CARTESIAN_POINT('Ctrl Pts',(-14.3421410018806,25.1556091540887,-25.6017535300045));
#7927=CARTESIAN_POINT('Ctrl Pts',(-14.6602333105032,25.3615978497443,-25.9001773005737));
#7928=CARTESIAN_POINT('Ctrl Pts',(-15.1587504387128,25.6844251870244,-26.3678697189722));
#7929=CARTESIAN_POINT('Ctrl Pts',(-15.6659016440698,25.9958720227103,-26.8339596669998));
#7930=CARTESIAN_POINT('Ctrl Pts',(-16.1811359811368,26.2957389962572,-27.2984900305359));
#7931=CARTESIAN_POINT('Ctrl Pts',(-16.4795091461911,26.4693925196264,-27.5675004300001));
#7932=CARTESIAN_POINT('Ctrl Pts',(-16.7805939107622,26.6391629744012,-27.8359874646061));
#7933=CARTESIAN_POINT('Ctrl Pts',(-17.0842901856845,26.8050141868655,-28.1039563784708));
#7934=CARTESIAN_POINT('Ctrl Pts',(-17.6171415442419,27.0960090102384,-28.5741221710557));
#7935=CARTESIAN_POINT('Ctrl Pts',(-18.1580578298616,27.374951387558,-29.0426995824294));
#7936=CARTESIAN_POINT('Ctrl Pts',(-18.7064761640767,27.6416325599841,-29.5097231530692));
#7937=CARTESIAN_POINT('Ctrl Pts',(-19.271829844315,27.9165489383672,-29.9911685715509));
#7938=CARTESIAN_POINT('Ctrl Pts',(-19.8451559311778,28.1784352623554,-30.4709629344095));
#7939=CARTESIAN_POINT('Ctrl Pts',(-20.4258896346459,28.4270737180391,-30.9491214618939));
#7940=CARTESIAN_POINT('Ctrl Pts',(-21.0066233381139,28.6757121737229,-31.4272799893783));
#7941=CARTESIAN_POINT('Ctrl Pts',(-21.5947647929558,28.9111029178079,-31.9038027862072));
#7942=CARTESIAN_POINT('Ctrl Pts',(-22.1897998332124,29.1330368030622,-32.3786803951379));
#7943=CARTESIAN_POINT('Origin',(0.,0.,-32.37867966));
#7944=CARTESIAN_POINT('Origin',(0.,0.,-34.7121320371814));
#7945=CARTESIAN_POINT('Ctrl Pts',(-22.3805708754536,22.8077776862901,-37.0455844143628));
#7946=CARTESIAN_POINT('Ctrl Pts',(-22.9455028692548,23.6557384887864,-36.0446710381612));
#7947=CARTESIAN_POINT('Ctrl Pts',(-23.3662079282414,24.6164881848845,-35.0635614662595));
#7948=CARTESIAN_POINT('Ctrl Pts',(-23.7861176530825,26.3282136035808,-33.5198030225027));
#7949=CARTESIAN_POINT('Ctrl Pts',(-23.8815507384713,27.0251737346013,-32.9377504437339));
#7950=CARTESIAN_POINT('Ctrl Pts',(-23.9054840410923,27.7425474059646,-32.37867966));
#7951=CARTESIAN_POINT('Ctrl Pts',(-22.1897977181234,29.1330393374923,-32.37867966));
#7952=CARTESIAN_POINT('Ctrl Pts',(-21.5142331716025,28.9408664911347,-32.9408991411272));
#7953=CARTESIAN_POINT('Ctrl Pts',(-20.8710298763777,28.6905860913754,-33.5225205566409));
#7954=CARTESIAN_POINT('Ctrl Pts',(-19.3156531585663,27.9047185436005,-35.0659200450499));
#7955=CARTESIAN_POINT('Ctrl Pts',(-18.4714842370145,27.2910369041895,-36.0460599672837));
#7956=CARTESIAN_POINT('Ctrl Pts',(-17.7620253930805,26.563040669961,-37.0455844143628));
#7957=CARTESIAN_POINT('Origin',(0.,0.,-20.8387671951659));
#7958=CARTESIAN_POINT('Ctrl Pts',(-9.67300804589997,19.7425751133287,-19.4379235132796));
#7959=CARTESIAN_POINT('Ctrl Pts',(-9.76452672344889,19.3242397978724,-19.773324240568));
#7960=CARTESIAN_POINT('Ctrl Pts',(-9.81196165479523,18.9070740127535,-20.1222782034178));
#7961=CARTESIAN_POINT('Ctrl Pts',(-9.82236449067062,17.8525662148991,-21.0488761473963));
#7962=CARTESIAN_POINT('Ctrl Pts',(-9.7214692519074,17.2316050982586,-21.6384315469652));
#7963=CARTESIAN_POINT('Ctrl Pts',(-9.52032206322833,16.6541158940812,-22.2396108770523));
#7964=CARTESIAN_POINT('Ctrl Pts',(-6.26461110343116,18.131485215609,-22.2396108770523));
#7965=CARTESIAN_POINT('Ctrl Pts',(-6.56750281622039,18.6610442740213,-21.6401709378863));
#7966=CARTESIAN_POINT('Ctrl Pts',(-6.96642538976687,19.1444053850367,-21.0525481958241));
#7967=CARTESIAN_POINT('Ctrl Pts',(-7.75646256177864,19.8351816491659,-20.1258748405236));
#7968=CARTESIAN_POINT('Ctrl Pts',(-8.09593740557798,20.0776590978099,-19.7758870131656));
#7969=CARTESIAN_POINT('Ctrl Pts',(-8.46353726724891,20.2905124057368,-19.4379235132796));
#7970=CARTESIAN_POINT('Ctrl Pts',(-22.3646697838428,29.191830695903,-32.4087391998926));
#7971=CARTESIAN_POINT('Ctrl Pts',(-20.520882110349,28.5138581558561,-30.9797508521067));
#7972=CARTESIAN_POINT('Ctrl Pts',(-16.9944709497032,26.9144154029284,-28.0990265820848));
#7973=CARTESIAN_POINT('Ctrl Pts',(-12.3476162148825,23.906396644244,-23.7692776231571));
#7974=CARTESIAN_POINT('Ctrl Pts',(-9.69067709768175,21.5442210017729,-20.852034947955));
#7975=CARTESIAN_POINT('Ctrl Pts',(-8.49899364223741,20.3114193493668,-19.4078186421945));
#7976=CARTESIAN_POINT('Ctrl Pts',(-20.5263045176658,28.6761512399979,-33.8041193276389));
#7977=CARTESIAN_POINT('Ctrl Pts',(-18.7736962297731,27.9772597265922,-32.3033833641404));
#7978=CARTESIAN_POINT('Ctrl Pts',(-15.4333334544015,26.3448331929887,-29.2834053603284));
#7979=CARTESIAN_POINT('Ctrl Pts',(-11.0713433314874,23.3140993223972,-24.7641345496766));
#7980=CARTESIAN_POINT('Ctrl Pts',(-8.60795041133139,20.9579845883957,-21.7361600591154));
#7981=CARTESIAN_POINT('Ctrl Pts',(-7.51218361218542,19.7331788377813,-20.2421985135922));
#7982=CARTESIAN_POINT('Ctrl Pts',(-18.9466863231302,27.773955849247,-35.3954751753266));
#7983=CARTESIAN_POINT('Ctrl Pts',(-17.2832803245485,27.0811865062287,-33.8182805942314));
#7984=CARTESIAN_POINT('Ctrl Pts',(-14.1213151727588,25.4674576257435,-30.6467155644612));
#7985=CARTESIAN_POINT('Ctrl Pts',(-10.025920437633,22.4817077219088,-25.9115777081742));
#7986=CARTESIAN_POINT('Ctrl Pts',(-7.74111338719349,20.1699771791015,-22.7502806716717));
#7987=CARTESIAN_POINT('Ctrl Pts',(-6.73386000465748,18.970772777033,-21.194348301879));
#7988=CARTESIAN_POINT('Ctrl Pts',(-17.7620253930654,26.56304066994,-37.045584414406));
#7989=CARTESIAN_POINT('Ctrl Pts',(-16.1781649190279,25.9030786475776,-35.3938451469118));
#7990=CARTESIAN_POINT('Ctrl Pts',(-13.1715333417749,24.3579836639625,-32.0714127815122));
#7991=CARTESIAN_POINT('Ctrl Pts',(-9.30149745763864,21.4809557338081,-27.1126449467472));
#7992=CARTESIAN_POINT('Ctrl Pts',(-7.16488942199148,19.2484426205723,-23.8070283146512));
#7993=CARTESIAN_POINT('Ctrl Pts',(-6.23113752435359,18.0899433046259,-22.1821643020497));
#7994=CARTESIAN_POINT('Ctrl Pts',(-22.3628844839098,22.781527095985,-37.0764320706371));
#7995=CARTESIAN_POINT('Ctrl Pts',(-20.6891123851283,22.4236526063125,-35.3988314191965));
#7996=CARTESIAN_POINT('Ctrl Pts',(-17.4591832230662,21.459410343133,-32.0406081210972));
#7997=CARTESIAN_POINT('Ctrl Pts',(-13.130921261337,19.3527008754105,-27.0782324028863));
#7998=CARTESIAN_POINT('Ctrl Pts',(-10.6137856189989,17.5644053086152,-23.8033482071565));
#7999=CARTESIAN_POINT('Ctrl Pts',(-9.47609184568492,16.6051758636422,-22.2029418708252));
#8000=CARTESIAN_POINT('Ctrl Pts',(-23.305161752791,24.1746390579423,-35.4366772203887));
#8001=CARTESIAN_POINT('Ctrl Pts',(-21.5541167952428,23.7655484641706,-33.8264313248632));
#8002=CARTESIAN_POINT('Ctrl Pts',(-18.1788466863279,22.6982319541223,-30.6091173504919));
#8003=CARTESIAN_POINT('Ctrl Pts',(-13.6520716637508,20.4431029247759,-25.8685742421499));
#8004=CARTESIAN_POINT('Ctrl Pts',(-11.0099721477804,18.559292992701,-22.7457519167023));
#8005=CARTESIAN_POINT('Ctrl Pts',(-9.81068971651992,17.5541941958828,-21.2203606758921));
#8006=CARTESIAN_POINT('Ctrl Pts',(-23.8703720936127,25.8878078940559,-33.8538604232293));
#8007=CARTESIAN_POINT('Ctrl Pts',(-22.0499213511068,25.4019728338528,-32.3042861039581));
#8008=CARTESIAN_POINT('Ctrl Pts',(-18.5486816039217,24.1822328015501,-29.2167782176529));
#8009=CARTESIAN_POINT('Ctrl Pts',(-13.8612619560424,21.7139132785063,-24.6902559761417));
#8010=CARTESIAN_POINT('Ctrl Pts',(-11.1236779282604,19.6982995632991,-21.7199597330894));
#8011=CARTESIAN_POINT('Ctrl Pts',(-9.87815057207977,18.6310367005181,-20.2713967414639));
#8012=CARTESIAN_POINT('Ctrl Pts',(-24.01041591379,27.775242352654,-32.4626799279015));
#8013=CARTESIAN_POINT('Ctrl Pts',(-22.1341704085445,27.193364690684,-30.9616567341465));
#8014=CARTESIAN_POINT('Ctrl Pts',(-18.537350839059,25.7851539848274,-27.9821789330082));
#8015=CARTESIAN_POINT('Ctrl Pts',(-13.7405475092138,23.0569513590908,-23.6434530838264));
#8016=CARTESIAN_POINT('Ctrl Pts',(-10.9455047984764,20.8843010960106,-20.8133120147392));
#8017=CARTESIAN_POINT('Ctrl Pts',(-9.67273347057076,19.7440637134972,-19.4368072216957));
#8018=CARTESIAN_POINT('Ctrl Pts',(-15.3872256119956,27.9701603004227,-37.0764320706371));
#8019=CARTESIAN_POINT('Ctrl Pts',(-13.8720749047915,27.1739784597123,-35.3988314191964));
#8020=CARTESIAN_POINT('Ctrl Pts',(-11.022069363855,25.3740691946423,-32.0406082275072));
#8021=CARTESIAN_POINT('Ctrl Pts',(-7.42269447480597,22.1777311489241,-27.078232540723));
#8022=CARTESIAN_POINT('Ctrl Pts',(-5.48137781717985,19.7766346034078,-23.8033482071565));
#8023=CARTESIAN_POINT('Ctrl Pts',(-4.64466982220031,18.5460298817047,-22.2029418708253));
#8024=CARTESIAN_POINT('Ctrl Pts',(-15.9187035744799,29.5658352564812,-35.4366772203887));
#8025=CARTESIAN_POINT('Ctrl Pts',(-14.3429634352438,28.6994885759497,-33.8264313248632));
#8026=CARTESIAN_POINT('Ctrl Pts',(-11.3808156830179,26.7611148185116,-30.6091174569019));
#8027=CARTESIAN_POINT('Ctrl Pts',(-7.63033225441662,23.368302828276,-25.8685743799866));
#8028=CARTESIAN_POINT('Ctrl Pts',(-5.5944551899276,20.8415189996245,-22.7457519167023));
#8029=CARTESIAN_POINT('Ctrl Pts',(-4.71081781452978,19.5501294650164,-21.2203606758921));
#8030=CARTESIAN_POINT('Ctrl Pts',(-16.0007469622146,31.3679670698987,-33.8538604232293));
#8031=CARTESIAN_POINT('Ctrl Pts',(-14.3788802020482,30.4089963592509,-32.3042861039581));
#8032=CARTESIAN_POINT('Ctrl Pts',(-11.3365576354958,28.2898639304131,-29.2167775249417));
#8033=CARTESIAN_POINT('Ctrl Pts',(-7.48890550965424,24.6484261519395,-24.6902558966733));
#8034=CARTESIAN_POINT('Ctrl Pts',(-5.39664415654914,21.9689655692916,-21.7199597330894));
#8035=CARTESIAN_POINT('Ctrl Pts',(-4.48524840777237,20.6052404494902,-20.2713967414639));
#8036=CARTESIAN_POINT('Ctrl Pts',(-15.6263738549492,33.2231937093231,-32.4626799279015));
#8037=CARTESIAN_POINT('Ctrl Pts',(-13.9766933370476,32.1566886702775,-30.9616567341465));
#8038=CARTESIAN_POINT('Ctrl Pts',(-10.8931840864633,29.8302874442721,-27.982178240297));
#8039=CARTESIAN_POINT('Ctrl Pts',(-7.01032014428779,25.9090923693144,-23.6434530043579));
#8040=CARTESIAN_POINT('Ctrl Pts',(-4.90509878562647,23.0629164128378,-20.8133120147392));
#8041=CARTESIAN_POINT('Ctrl Pts',(-3.98715763530016,21.6215725308453,-19.4368072216958));
#8042=CARTESIAN_POINT('',(-15.5341541317848,33.1634008995016,-32.37867966));
#8043=CARTESIAN_POINT('',(-3.98782364815033,21.6202132115463,-19.4379235132796));
#8044=CARTESIAN_POINT('Ctrl Pts',(-15.534154449615,33.1634011333207,-32.3786800182589));
#8045=CARTESIAN_POINT('Ctrl Pts',(-14.890937986581,32.7371404927578,-31.7961567191575));
#8046=CARTESIAN_POINT('Ctrl Pts',(-14.2608724658554,32.2949010046107,-31.211636811135));
#8047=CARTESIAN_POINT('Ctrl Pts',(-13.6447827101813,31.8371203649699,-30.6250492221168));
#8048=CARTESIAN_POINT('Ctrl Pts',(-13.0471227353378,31.3930338287928,-30.0560088826739));
#8049=CARTESIAN_POINT('Ctrl Pts',(-12.4626149466009,30.9343218043975,-29.4850225906765));
#8050=CARTESIAN_POINT('Ctrl Pts',(-11.8920469593622,30.4614027050597,-28.9120545737823));
#8051=CARTESIAN_POINT('Ctrl Pts',(-11.5986632022987,30.2182296121874,-28.617436731153));
#8052=CARTESIAN_POINT('Ctrl Pts',(-11.3089656586403,29.9713005341154,-28.3222954155062));
#8053=CARTESIAN_POINT('Ctrl Pts',(-11.023065009822,29.7206746973948,-28.0266290569647));
#8054=CARTESIAN_POINT('Ctrl Pts',(-10.5289122705594,29.2874911972616,-27.5155971947254));
#8055=CARTESIAN_POINT('Ctrl Pts',(-10.0461175633594,28.8432842840276,-27.0030124906285));
#8056=CARTESIAN_POINT('Ctrl Pts',(-9.57521306757192,28.3883317590507,-26.4887928932475));
#8057=CARTESIAN_POINT('Ctrl Pts',(-9.37212122192264,28.1921196846133,-26.2670200963527));
#8058=CARTESIAN_POINT('Ctrl Pts',(-9.17124154678918,27.9939089812031,-26.0449435212441));
#8059=CARTESIAN_POINT('Ctrl Pts',(-8.97261931339724,27.7937224223131,-25.8225580665396));
#8060=CARTESIAN_POINT('Ctrl Pts',(-8.60075522883827,27.4189295796822,-25.4062040556081));
#8061=CARTESIAN_POINT('Ctrl Pts',(-8.23747210449858,27.0378882167574,-24.9895183648371));
#8062=CARTESIAN_POINT('Ctrl Pts',(-7.88284592691053,26.6506783718304,-24.5722987568257));
#8063=CARTESIAN_POINT('Ctrl Pts',(-7.61512115757417,26.3583545870412,-24.2573191236887));
#8064=CARTESIAN_POINT('Ctrl Pts',(-7.3523312779296,26.0625145849662,-23.9420355254012));
#8065=CARTESIAN_POINT('Ctrl Pts',(-7.09452603227718,25.7631856079312,-23.6263676589841));
#8066=CARTESIAN_POINT('Ctrl Pts',(-6.77428545548931,25.391365073355,-23.2342512791992));
#8067=CARTESIAN_POINT('Ctrl Pts',(-6.46175908936669,25.0141550963844,-22.8415780737442));
#8068=CARTESIAN_POINT('Ctrl Pts',(-6.15695912198475,24.6316502491939,-22.4481567987997));
#8069=CARTESIAN_POINT('Ctrl Pts',(-5.85150149625605,24.2483200820153,-22.0538866497969));
#8070=CARTESIAN_POINT('Ctrl Pts',(-5.55380364057534,23.859671930417,-21.6588650284742));
#8071=CARTESIAN_POINT('Ctrl Pts',(-5.26390892340821,23.4657726260139,-21.2629307532475));
#8072=CARTESIAN_POINT('Ctrl Pts',(-4.97316566454253,23.0707203513599,-20.8658375512707));
#8073=CARTESIAN_POINT('Ctrl Pts',(-4.69027132538446,22.6703858998571,-20.4678261581692));
#8074=CARTESIAN_POINT('Ctrl Pts',(-4.41530071317315,22.2648117941914,-20.0687681217027));
#8075=CARTESIAN_POINT('Ctrl Pts',(-4.27060905119072,22.0513955642392,-19.8587806977396));
#8076=CARTESIAN_POINT('Ctrl Pts',(-4.12811194158369,21.8365281093979,-19.6485040499492));
#8077=CARTESIAN_POINT('Ctrl Pts',(-3.98782364571364,21.6202132115216,-19.4379235139931));
#8078=CARTESIAN_POINT('Ctrl Pts',(-15.3971738196587,28.0002091789624,-37.0455844143628));
#8079=CARTESIAN_POINT('Ctrl Pts',(-15.7123795160845,28.9691421225304,-36.0446710381612));
#8080=CARTESIAN_POINT('Ctrl Pts',(-15.8582765243599,30.0077694802413,-35.0635614662595));
#8081=CARTESIAN_POINT('Ctrl Pts',(-15.8007968664632,31.7693097650363,-33.5198030225027));
#8082=CARTESIAN_POINT('Ctrl Pts',(-15.7046534411945,32.4661722620875,-32.9377504437339));
#8083=CARTESIAN_POINT('Ctrl Pts',(-15.5341541317848,33.1634008995016,-32.37867966));
#8084=CARTESIAN_POINT('Ctrl Pts',(-3.98782364815034,21.6202132115463,-19.4379235132796));
#8085=CARTESIAN_POINT('Ctrl Pts',(-4.18881408224847,21.2420823480886,-19.773324240568));
#8086=CARTESIAN_POINT('Ctrl Pts',(-4.34703997952828,20.8531839932249,-20.1222782034178));
#8087=CARTESIAN_POINT('Ctrl Pts',(-4.64155984905115,19.8405868565579,-21.0488761473963));
#8088=CARTESIAN_POINT('Ctrl Pts',(-4.71193938371864,19.2154314529306,-21.6384315469652));
#8089=CARTESIAN_POINT('Ctrl Pts',(-4.67405600110326,18.6050882529385,-22.2396108770523));
#8090=CARTESIAN_POINT('Ctrl Pts',(-13.6594654947701,34.143234122089,-32.4087391998925));
#8091=CARTESIAN_POINT('Ctrl Pts',(-12.0669652720019,32.992954681923,-30.9797508521067));
#8092=CARTESIAN_POINT('Ctrl Pts',(-9.10284721816596,30.5014091829245,-28.0990268151884));
#8093=CARTESIAN_POINT('Ctrl Pts',(-5.43986406578983,26.3512290377357,-23.7692775094829));
#8094=CARTESIAN_POINT('Ctrl Pts',(-3.51875924009149,23.3598162363285,-20.852034947955));
#8095=CARTESIAN_POINT('Ctrl Pts',(-2.70387254509396,21.8512178648356,-19.4078186421945));
#8096=CARTESIAN_POINT('Ctrl Pts',(-12.0284004516637,33.150692446246,-33.8041193276389));
#8097=CARTESIAN_POINT('Ctrl Pts',(-10.5293423070087,32.0048696688305,-32.3033833641404));
#8098=CARTESIAN_POINT('Ctrl Pts',(-7.7532723771633,29.5317587708432,-29.283405593432));
#8099=CARTESIAN_POINT('Ctrl Pts',(-4.37071874799469,25.4365614042244,-24.7641344360024));
#8100=CARTESIAN_POINT('Ctrl Pts',(-2.63434768779576,22.503202895392,-21.7361600591154));
#8101=CARTESIAN_POINT('Ctrl Pts',(-1.90966353080666,21.0281819201317,-20.2421985135922));
#8102=CARTESIAN_POINT('Ctrl Pts',(-10.7507681881136,31.8557770193799,-35.3954751753266));
#8103=CARTESIAN_POINT('Ctrl Pts',(-9.33595272810415,30.7399158753024,-33.8182805942314));
#8104=CARTESIAN_POINT('Ctrl Pts',(-6.72662010230018,28.3329411281671,-30.6467159553279));
#8105=CARTESIAN_POINT('Ctrl Pts',(-3.58863915282741,24.3529863093063,-25.9115778144307));
#8106=CARTESIAN_POINT('Ctrl Pts',(-2.01225718661565,21.5105471081926,-22.7502806716717));
#8107=CARTESIAN_POINT('Ctrl Pts',(-1.36589696746753,20.0840587480322,-21.194348301879));
#8108=CARTESIAN_POINT('Ctrl Pts',(-9.9367387044307,30.370148165866,-37.045584414406));
#8109=CARTESIAN_POINT('Ctrl Pts',(-8.58966769595281,29.3073388836817,-35.3938451469118));
#8110=CARTESIAN_POINT('Ctrl Pts',(-6.1113912506083,27.0083613992028,-32.071413172379));
#8111=CARTESIAN_POINT('Ctrl Pts',(-3.16107939715737,23.1938979386621,-27.1126450530037));
#8112=CARTESIAN_POINT('Ctrl Pts',(-1.70602821753933,20.4677221856216,-23.8070283146512));
#8113=CARTESIAN_POINT('Ctrl Pts',(-1.11946174803993,19.1002599198719,-22.1821643020497));
#8114=CARTESIAN_POINT('',(-2.675371614557,21.8215201918998,-19.4379235132796));
#8115=CARTESIAN_POINT('',(-13.5069398782858,34.039442988032,-32.37867966));
#8116=CARTESIAN_POINT('Ctrl Pts',(-2.67537329703701,21.8215196401897,-19.4379240425252));
#8117=CARTESIAN_POINT('Ctrl Pts',(-2.89151218838707,22.2193119555938,-19.8102721217052));
#8118=CARTESIAN_POINT('Ctrl Pts',(-3.1157624826428,22.6132129452899,-20.181703390513));
#8119=CARTESIAN_POINT('Ctrl Pts',(-3.34791648470605,23.0030357960199,-20.5522993003413));
#8120=CARTESIAN_POINT('Ctrl Pts',(-3.58135065634785,23.3950082515386,-20.924938791609));
#8121=CARTESIAN_POINT('Ctrl Pts',(-3.82277595730013,23.782857690231,-21.2967338615297));
#8122=CARTESIAN_POINT('Ctrl Pts',(-4.07202845076674,24.1664153965947,-21.6677555563173));
#8123=CARTESIAN_POINT('Ctrl Pts',(-4.32304178367105,24.552682738985,-22.0413983267192));
#8124=CARTESIAN_POINT('Ctrl Pts',(-4.58199329292137,24.9345977135852,-22.4142569365382));
#8125=CARTESIAN_POINT('Ctrl Pts',(-4.84876318005735,25.3120061428427,-22.7863893543523));
#8126=CARTESIAN_POINT('Ctrl Pts',(-5.0686638156607,25.6231070484464,-23.0931411998642));
#8127=CARTESIAN_POINT('Ctrl Pts',(-5.29387779762211,25.9311462166738,-23.3993993821566));
#8128=CARTESIAN_POINT('Ctrl Pts',(-5.52436202577163,26.2360448853181,-23.7051877286248));
#8129=CARTESIAN_POINT('Ctrl Pts',(-5.52436230098183,26.236045249383,-23.705188093752));
#8130=CARTESIAN_POINT('Ctrl Pts',(-5.52436257619204,26.2360456134479,-23.7051884588793));
#8131=CARTESIAN_POINT('Ctrl Pts',(-5.52436285140225,26.2360459775128,-23.7051888240065));
#8132=CARTESIAN_POINT('Ctrl Pts',(-5.85130001660525,26.6685384708357,-24.1389433161063));
#8133=CARTESIAN_POINT('Ctrl Pts',(-6.1888190130538,27.094693477212,-24.5717746661673));
#8134=CARTESIAN_POINT('Ctrl Pts',(-6.53666166813784,27.5142645500153,-25.003787437437));
#8135=CARTESIAN_POINT('Ctrl Pts',(-6.77755125885463,27.8048278335199,-25.3029669030216));
#8136=CARTESIAN_POINT('Ctrl Pts',(-7.02339298643814,28.0922338727398,-25.601753494718));
#8137=CARTESIAN_POINT('Ctrl Pts',(-7.27411455345084,28.376404316949,-25.9001773544615));
#8138=CARTESIAN_POINT('Ctrl Pts',(-7.66704730246735,28.8217584010144,-26.3678694998891));
#8139=CARTESIAN_POINT('Ctrl Pts',(-8.07136437098498,29.2584834686947,-26.8339591755087));
#8140=CARTESIAN_POINT('Ctrl Pts',(-8.48658902883935,29.6862389002718,-27.2984892605422));
#8141=CARTESIAN_POINT('Ctrl Pts',(-8.72704681427473,29.9339532925636,-27.5674999596959));
#8142=CARTESIAN_POINT('Ctrl Pts',(-8.97116329520653,30.1786601849888,-27.8359872901589));
#8143=CARTESIAN_POINT('Ctrl Pts',(-9.21885185274514,30.420297739541,-28.1039564948174));
#8144=CARTESIAN_POINT('Ctrl Pts',(-9.65343374434385,30.8442628454875,-28.5741217903318));
#8145=CARTESIAN_POINT('Ctrl Pts',(-10.0990331858898,31.2587983475518,-29.0426986958883));
#8146=CARTESIAN_POINT('Ctrl Pts',(-10.5551644898736,31.6635513673903,-29.5097217597492));
#8147=CARTESIAN_POINT('Ctrl Pts',(-11.0253820230269,32.0808039542277,-29.991167411684));
#8148=CARTESIAN_POINT('Ctrl Pts',(-11.5067918012773,32.4876605897579,-30.470962001795));
#8149=CARTESIAN_POINT('Ctrl Pts',(-11.9989087367888,32.8837591589998,-30.94912075876));
#8150=CARTESIAN_POINT('Ctrl Pts',(-12.4910256723003,33.2798577282417,-31.427279515725));
#8151=CARTESIAN_POINT('Ctrl Pts',(-12.9938498525666,33.6651984184491,-31.9038025442623));
#8152=CARTESIAN_POINT('Ctrl Pts',(-13.5069425985717,34.039441118187,-32.3786803952652));
#8153=CARTESIAN_POINT('Ctrl Pts',(-1.14048616255222,19.1492924076611,-22.2396108770523));
#8154=CARTESIAN_POINT('Ctrl Pts',(-1.28927250489475,19.7409331857987,-21.6401709378863));
#8155=CARTESIAN_POINT('Ctrl Pts',(-1.5429926802211,20.3139979779115,-21.0525481958241));
#8156=CARTESIAN_POINT('Ctrl Pts',(-2.11736392514464,21.1923078624338,-20.1258748405236));
#8157=CARTESIAN_POINT('Ctrl Pts',(-2.37883048813617,21.5173828062712,-19.7758870131656));
#8158=CARTESIAN_POINT('Ctrl Pts',(-2.675371614557,21.8215201918998,-19.4379235132796));
#8159=CARTESIAN_POINT('Ctrl Pts',(-13.5069398782858,34.039442988032,-32.37867966));
#8160=CARTESIAN_POINT('Ctrl Pts',(-12.9082747111729,33.672131298756,-32.9408991411272));
#8161=CARTESIAN_POINT('Ctrl Pts',(-12.3564479826608,33.2575978028942,-33.5225205566409));
#8162=CARTESIAN_POINT('Ctrl Pts',(-11.0707733796886,32.0812367391778,-35.0659200450499));
#8163=CARTESIAN_POINT('Ctrl Pts',(-10.4234778565161,31.2625580303152,-36.0460599672837));
#8164=CARTESIAN_POINT('Ctrl Pts',(-9.9367387044396,30.3701481658903,-37.0455844143628));
#8165=CARTESIAN_POINT('Origin',(0.,0.,-20.8387671951659));
#8166=CARTESIAN_POINT('Origin',(0.,0.,-19.4379235132796));
#8167=CARTESIAN_POINT('Origin',(0.,0.,-34.7121320371814));
#8168=CARTESIAN_POINT('Origin',(0.,0.,-32.37867966));
#8169=CARTESIAN_POINT('Origin',(0.,0.,-25.9083015866398));
#8170=CARTESIAN_POINT('Ctrl Pts',(9.93899986729095,30.336658697091,-37.0764320706371));
#8171=CARTESIAN_POINT('Ctrl Pts',(10.3912924216467,28.6858956510143,-35.3988314191964));
#8172=CARTESIAN_POINT('Ctrl Pts',(11.0211334341651,25.3744751332368,-32.0406081188144));
#8173=CARTESIAN_POINT('Ctrl Pts',(11.1418992402212,20.5622519454974,-27.078232399944));
#8174=CARTESIAN_POINT('Ctrl Pts',(10.7121441622726,17.5045921534342,-23.8033482071565));
#8175=CARTESIAN_POINT('Ctrl Pts',(10.3838716457709,16.0531427382459,-22.2029418708252));
#8176=CARTESIAN_POINT('Ctrl Pts',(10.7424145586313,31.8142148631088,-35.4366772203887));
#8177=CARTESIAN_POINT('Ctrl Pts',(11.1847836318973,30.0712796490846,-33.8264313248632));
#8178=CARTESIAN_POINT('Ctrl Pts',(11.7899728324206,26.5833921956931,-30.6091173482091));
#8179=CARTESIAN_POINT('Ctrl Pts',(11.8702880224183,21.5266295443484,-25.8685742392076));
#8180=CARTESIAN_POINT('Ctrl Pts',(11.4132186606304,18.3140733559865,-22.7457519167023));
#8181=CARTESIAN_POINT('Ctrl Pts',(11.0725542128897,16.786837396699,-21.2203606758921));
#8182=CARTESIAN_POINT('Ctrl Pts',(12.003478328068,33.1042258552389,-33.8538604232293));
#8183=CARTESIAN_POINT('Ctrl Pts',(12.4096382990707,31.2643588248348,-32.3042861039581));
#8184=CARTESIAN_POINT('Ctrl Pts',(12.937447155069,27.5945000734873,-29.2167782323683));
#8185=CARTESIAN_POINT('Ctrl Pts',(12.9023806358656,22.2970219247856,-24.6902559779455));
#8186=CARTESIAN_POINT('Ctrl Pts',(12.3722137041409,18.9390481385998,-21.7199597330894));
#8187=CARTESIAN_POINT('Ctrl Pts',(11.9976303742443,17.3421524806969,-20.2713967414639));
#8188=CARTESIAN_POINT('Ctrl Pts',(13.6148742191466,34.096911298513,-32.4626799279015));
#8189=CARTESIAN_POINT('Ctrl Pts',(13.9614286033286,32.1633190798024,-30.9616567341465));
#8190=CARTESIAN_POINT('Ctrl Pts',(14.3658700687291,28.3218876495172,-27.9821789477236));
#8191=CARTESIAN_POINT('Ctrl Pts',(14.150380791903,22.8077262170174,-23.6434530856302));
#8192=CARTESIAN_POINT('Ctrl Pts',(13.5072181617148,19.3264886902443,-20.8133120147392));
#8193=CARTESIAN_POINT('Ctrl Pts',(13.0803758333074,17.671830487382,-19.4368072216958));
#8194=CARTESIAN_POINT('',(13.6341203452365,33.9887020379231,-32.37867966));
#8195=CARTESIAN_POINT('',(13.0789278047124,17.6713894258655,-19.4379235132796));
#8196=CARTESIAN_POINT('Ctrl Pts',(13.6341202992964,33.9887024300538,-32.3786800186235));
#8197=CARTESIAN_POINT('Ctrl Pts',(13.7616250446258,33.2276596413657,-31.7961479004697));
#8198=CARTESIAN_POINT('Ctrl Pts',(13.8684750470688,32.465321619008,-31.2116191654663));
#8199=CARTESIAN_POINT('Ctrl Pts',(13.954427185845,31.7025899350988,-30.6250227008731));
#8200=CARTESIAN_POINT('Ctrl Pts',(14.0378080558064,30.9626754634295,-30.0559743417462));
#8201=CARTESIAN_POINT('Ctrl Pts',(14.1015224759988,30.222390418199,-29.4849799883572));
#8202=CARTESIAN_POINT('Ctrl Pts',(14.1453386303753,29.4825960142447,-28.91200383068));
#8203=CARTESIAN_POINT('Ctrl Pts',(14.1678670998163,29.1022240747333,-28.6174029912786));
#8204=CARTESIAN_POINT('Ctrl Pts',(14.1851351298797,28.7219824787432,-28.3222787331825));
#8205=CARTESIAN_POINT('Ctrl Pts',(14.1971104639164,28.3419925163531,-28.0266294815861));
#8206=CARTESIAN_POINT('Ctrl Pts',(14.2178097754214,27.6851815600846,-27.5156010679942));
#8207=CARTESIAN_POINT('Ctrl Pts',(14.2227005274982,27.0291473553089,-27.0030197994052));
#8208=CARTESIAN_POINT('Ctrl Pts',(14.2116225067395,26.3744684596406,-26.4888036407971));
#8209=CARTESIAN_POINT('Ctrl Pts',(14.2068446680768,26.0921120525261,-26.2670273960067));
#8210=CARTESIAN_POINT('Ctrl Pts',(14.1990961421147,25.81000821361,-26.0449473601001));
#8211=CARTESIAN_POINT('Ctrl Pts',(14.188362671593,25.5282055767291,-25.8225584326929));
#8212=CARTESIAN_POINT('Ctrl Pts',(14.1682676204583,25.0006186805246,-25.4062050399085));
#8213=CARTESIAN_POINT('Ctrl Pts',(14.1377489915349,24.4750381032998,-24.9895199602971));
#8214=CARTESIAN_POINT('Ctrl Pts',(14.0968134130547,23.9515740195549,-24.5723009658445));
#8215=CARTESIAN_POINT('Ctrl Pts',(14.0659090160044,23.5563837599757,-24.25732064945));
#8216=CARTESIAN_POINT('Ctrl Pts',(14.029066487554,23.1624001001571,-23.9420363670576));
#8217=CARTESIAN_POINT('Ctrl Pts',(13.9862717833691,22.7696779945582,-23.6263678189265));
#8218=CARTESIAN_POINT('Ctrl Pts',(13.9331131056547,22.2818468892737,-23.2342510153574));
#8219=CARTESIAN_POINT('Ctrl Pts',(13.8707502447161,21.79597504514,-22.8415773911733));
#8220=CARTESIAN_POINT('Ctrl Pts',(13.7992440041587,21.3121359130005,-22.4481557012059));
#8221=CARTESIAN_POINT('Ctrl Pts',(13.7275834594642,20.8272526988455,-22.0538850420591));
#8222=CARTESIAN_POINT('Ctrl Pts',(13.6467398602912,20.3444108099989,-21.6588629139539));
#8223=CARTESIAN_POINT('Ctrl Pts',(13.5567324542924,19.863687550391,-21.2629281339486));
#8224=CARTESIAN_POINT('Ctrl Pts',(13.4664615633442,19.3815570360979,-20.8658343064808));
#8225=CARTESIAN_POINT('Ctrl Pts',(13.366972938336,18.9015574353456,-20.4678222893503));
#8226=CARTESIAN_POINT('Ctrl Pts',(13.2582466025911,18.4237724361968,-20.0687636289878));
#8227=CARTESIAN_POINT('Ctrl Pts',(13.2010344602181,18.1723604557626,-19.8587776974708));
#8228=CARTESIAN_POINT('Ctrl Pts',(13.1412638511807,17.921561784213,-19.6485025471861));
#8229=CARTESIAN_POINT('Ctrl Pts',(13.0789278063575,17.6713894240678,-19.4379235139931));
#8230=CARTESIAN_POINT('Ctrl Pts',(9.95417048800418,30.3644391615288,-37.0455844143628));
#8231=CARTESIAN_POINT('Ctrl Pts',(10.4471568912817,31.2561510468224,-36.0446710381612));
#8232=CARTESIAN_POINT('Ctrl Pts',(11.1066406561954,32.0716961951892,-35.0635614662595));
#8233=CARTESIAN_POINT('Ctrl Pts',(12.4332705700167,33.232032852277,-33.5198030225027));
#8234=CARTESIAN_POINT('Ctrl Pts',(13.0081857421354,33.6374134671153,-32.9377504437339));
#8235=CARTESIAN_POINT('Ctrl Pts',(13.6341203452365,33.9887020379231,-32.37867966));
#8236=CARTESIAN_POINT('Ctrl Pts',(13.0789278047124,17.6713894258655,-19.4379235132796));
#8237=CARTESIAN_POINT('Ctrl Pts',(12.6653895179434,17.5601860541792,-19.773324240568));
#8238=CARTESIAN_POINT('Ctrl Pts',(12.2731710302335,17.4103794358867,-20.1222782034178));
#8239=CARTESIAN_POINT('Ctrl Pts',(11.332103162749,16.9344737902823,-21.0488761473963));
#8240=CARTESIAN_POINT('Ctrl Pts',(10.8271793379098,16.5592078996204,-21.6384315469652));
#8241=CARTESIAN_POINT('Ctrl Pts',(10.4069759986828,16.1149296915599,-22.2396108770523));
#8242=CARTESIAN_POINT('Ctrl Pts',(15.6297923250486,33.2874004060763,-32.4087391998926));
#8243=CARTESIAN_POINT('Ctrl Pts',(15.8760927738324,31.3384171226913,-30.9797508521067));
#8244=CARTESIAN_POINT('Ctrl Pts',(16.0783496120949,27.4715212240269,-28.0990264620712));
#8245=CARTESIAN_POINT('Ctrl Pts',(15.5454297467377,21.961763550385,-23.7692776806954));
#8246=CARTESIAN_POINT('Ctrl Pts',(14.6704536448828,18.515951799411,-20.852034947955));
#8247=CARTESIAN_POINT('Ctrl Pts',(14.124119174382,16.8907047355781,-19.4078186421945));
#8248=CARTESIAN_POINT('Ctrl Pts',(16.017695744264,31.4178969718752,-33.8041193276389));
#8249=CARTESIAN_POINT('Ctrl Pts',(16.2034740983415,29.5402464289208,-32.3033833641404));
#8250=CARTESIAN_POINT('Ctrl Pts',(16.2908507679041,25.823365457148,-29.2834052403148));
#8251=CARTESIAN_POINT('Ctrl Pts',(15.606706242025,20.5560844328472,-24.764134607215));
#8252=CARTESIAN_POINT('Ctrl Pts',(14.6480676927643,17.284907901391,-21.7361600591154));
#8253=CARTESIAN_POINT('Ctrl Pts',(14.0647047651731,15.7485024537434,-20.2421985135922));
#8254=CARTESIAN_POINT('Ctrl Pts',(15.9433768969754,29.6003087697409,-35.3954751753266));
#8255=CARTESIAN_POINT('Ctrl Pts',(16.0935521810468,27.8046762174637,-33.8182805942314));
#8256=CARTESIAN_POINT('Ctrl Pts',(16.1154553195206,24.2547938346042,-30.6467153615248));
#8257=CARTESIAN_POINT('Ctrl Pts',(15.3486000914627,19.2449144552406,-25.9115776510568));
#8258=CARTESIAN_POINT('Ctrl Pts',(14.3472089702771,16.1527214624056,-22.7502806716717));
#8259=CARTESIAN_POINT('Ctrl Pts',(13.7458551732788,14.7066840543812,-21.194348301879));
#8260=CARTESIAN_POINT('Ctrl Pts',(15.4132442840186,27.9913661034605,-37.045584414406));
#8261=CARTESIAN_POINT('Ctrl Pts',(15.555952588405,26.2814543478316,-35.3938451469118));
#8262=CARTESIAN_POINT('Ctrl Pts',(15.5673312025609,22.901066406078,-32.0714125785758));
#8263=CARTESIAN_POINT('Ctrl Pts',(14.7933288795657,18.1412989982675,-27.1126448896298));
#8264=CARTESIAN_POINT('Ctrl Pts',(13.7940925578044,15.2171348897733,-23.8070283146512));
#8265=CARTESIAN_POINT('Ctrl Pts',(13.1950647416647,13.8550853507031,-22.1821643020497));
#8266=CARTESIAN_POINT('',(14.1218684466678,16.8496049905176,-19.4379235132796));
#8267=CARTESIAN_POINT('',(15.6580448704593,33.1050862352871,-32.37867966));
#8268=CARTESIAN_POINT('Ctrl Pts',(14.1218668950762,16.8496058435631,-19.4379240425252));
#8269=CARTESIAN_POINT('Ctrl Pts',(14.2650614011358,17.2790818799117,-19.810271745473));
#8270=CARTESIAN_POINT('Ctrl Pts',(14.3998755457838,17.711830012797,-20.1817026456034));
#8271=CARTESIAN_POINT('Ctrl Pts',(14.5263145587055,18.1475709264953,-20.5522981903526));
#8272=CARTESIAN_POINT('Ctrl Pts',(14.6534508164501,18.585714722731,-20.9249373751066));
#8273=CARTESIAN_POINT('Ctrl Pts',(14.772119471752,19.026884560166,-21.2967321418763));
#8274=CARTESIAN_POINT('Ctrl Pts',(14.8823091134541,19.4708454556,-21.6677535329902));
#8275=CARTESIAN_POINT('Ctrl Pts',(14.9932772165471,19.917942820223,-22.0413960945128));
#8276=CARTESIAN_POINT('Ctrl Pts',(15.095646234832,20.3678709683592,-22.4142544945159));
#8277=CARTESIAN_POINT('Ctrl Pts',(15.1893852552671,20.8204370972165,-22.786386697756));
#8278=CARTESIAN_POINT('Ctrl Pts',(15.2666553821393,21.1934924378055,-23.0931394504961));
#8279=CARTESIAN_POINT('Ctrl Pts',(15.3380612025748,21.5683411674632,-23.399398533301));
#8280=CARTESIAN_POINT('Ctrl Pts',(15.4035745703281,21.9448980181908,-23.7051877717065));
#8281=CARTESIAN_POINT('Ctrl Pts',(15.4035746485542,21.944898467818,-23.7051881368337));
#8282=CARTESIAN_POINT('Ctrl Pts',(15.4035747267804,21.9448989174452,-23.705188501961));
#8283=CARTESIAN_POINT('Ctrl Pts',(15.4035748050065,21.9448993670724,-23.7051888670882));
#8284=CARTESIAN_POINT('Ctrl Pts',(15.4965039036716,22.4790361063537,-24.1389434622372));
#8285=CARTESIAN_POINT('Ctrl Pts',(15.5775786607496,23.0165807253259,-24.5717749031744));
#8286=CARTESIAN_POINT('Ctrl Pts',(15.6467951865094,23.5571763392407,-25.0037877612379));
#8287=CARTESIAN_POINT('Ctrl Pts',(15.6947293011435,23.9315518491869,-25.3029670921052));
#8288=CARTESIAN_POINT('Ctrl Pts',(15.7369758940226,24.3073915596177,-25.6017535476349));
#8289=CARTESIAN_POINT('Ctrl Pts',(15.7735270523791,24.6845891579317,-25.9001772723617));
#8290=CARTESIAN_POINT('Ctrl Pts',(15.8308103825177,25.2757368950566,-26.3678698302283));
#8291=CARTESIAN_POINT('Ctrl Pts',(15.874016887491,25.8693149258669,-26.833959917455));
#8292=CARTESIAN_POINT('Ctrl Pts',(15.9032230312705,26.4647423590666,-27.2984904233295));
#8293=CARTESIAN_POINT('Ctrl Pts',(15.9201363487669,26.8095551936456,-27.5675006696634));
#8294=CARTESIAN_POINT('Ctrl Pts',(15.9323544409723,27.1549891518101,-27.8359875531057));
#8295=CARTESIAN_POINT('Ctrl Pts',(15.9398912377457,27.5009387246166,-28.1039563184036));
#8296=CARTESIAN_POINT('Ctrl Pts',(15.9531149655415,28.1079264303227,-28.5741223739058));
#8297=CARTESIAN_POINT('Ctrl Pts',(15.9519271015461,28.7165299587294,-29.0427000526356));
#8298=CARTESIAN_POINT('Ctrl Pts',(15.9364012502534,29.3261534968553,-29.5097238910695));
#8299=CARTESIAN_POINT('Ctrl Pts',(15.9203959686431,29.9546018968857,-29.9911691858856));
#8300=CARTESIAN_POINT('Ctrl Pts',(15.8891536787382,30.5841342082198,-30.4709634282825));
#8301=CARTESIAN_POINT('Ctrl Pts',(15.8427408242716,31.214148756346,-30.9491218341753));
#8302=CARTESIAN_POINT('Ctrl Pts',(15.796327969805,31.8441633044722,-31.4272802400681));
#8303=CARTESIAN_POINT('Ctrl Pts',(15.7347446279119,32.4746602811444,-31.9038029141757));
#8304=CARTESIAN_POINT('Ctrl Pts',(15.6580416470608,33.105086947315,-32.3786803950724));
#8305=CARTESIAN_POINT('Ctrl Pts',(13.2165491669493,13.9039180276169,-22.2396108770523));
#8306=CARTESIAN_POINT('Ctrl Pts',(13.5473869399119,14.4164827103684,-21.6401709378863));
#8307=CARTESIAN_POINT('Ctrl Pts',(13.7930257966826,14.9930577144844,-21.0525481958241));
#8308=CARTESIAN_POINT('Ctrl Pts',(14.0428873494754,16.0123220495224,-20.1258748405237));
#8309=CARTESIAN_POINT('Ctrl Pts',(14.1019989851011,16.4252921419107,-19.7758870131656));
#8310=CARTESIAN_POINT('Ctrl Pts',(14.1218684466678,16.8496049905176,-19.4379235132796));
#8311=CARTESIAN_POINT('Ctrl Pts',(15.6580448704593,33.1050862352871,-32.37867966));
#8312=CARTESIAN_POINT('Ctrl Pts',(15.798221069385,32.4168504525441,-32.9408991411272));
#8313=CARTESIAN_POINT('Ctrl Pts',(15.8719161502692,31.7306144927276,-33.5225205566409));
#8314=CARTESIAN_POINT('Ctrl Pts',(15.8897304193439,29.9880683129169,-35.0659200450499));
#8315=CARTESIAN_POINT('Ctrl Pts',(15.7332241696512,28.9562097390458,-36.0460599672837));
#8316=CARTESIAN_POINT('Ctrl Pts',(15.4132442840302,27.9913661034835,-37.0455844143628));
#8317=CARTESIAN_POINT('Origin',(0.,0.,-34.7121320371814));
#8318=CARTESIAN_POINT('Origin',(0.,0.,-32.37867966));
#8319=CARTESIAN_POINT('Origin',(0.,0.,-25.9083015866398));
#8320=CARTESIAN_POINT('Origin',(0.,0.,-19.4379235132796));
#8321=CARTESIAN_POINT('Origin',(0.,0.,-20.8387671951659));
#8322=UNCERTAINTY_MEASURE_WITH_UNIT(LENGTH_MEASURE(0.01),#8326,
'DISTANCE_ACCURACY_VALUE',
'Maximum model space distance between geometric entities at asserted c
onnectivities');
#8323=UNCERTAINTY_MEASURE_WITH_UNIT(LENGTH_MEASURE(0.01),#8326,
'DISTANCE_ACCURACY_VALUE',
'Maximum model space distance between geometric entities at asserted c
onnectivities');
#8324=(
GEOMETRIC_REPRESENTATION_CONTEXT(3)
GLOBAL_UNCERTAINTY_ASSIGNED_CONTEXT((#8322))
GLOBAL_UNIT_ASSIGNED_CONTEXT((#8326,#8328,#8329))
REPRESENTATION_CONTEXT('','3D')
);
#8325=(
GEOMETRIC_REPRESENTATION_CONTEXT(3)
GLOBAL_UNCERTAINTY_ASSIGNED_CONTEXT((#8323))
GLOBAL_UNIT_ASSIGNED_CONTEXT((#8326,#8328,#8329))
REPRESENTATION_CONTEXT('','3D')
);
#8326=(
LENGTH_UNIT()
NAMED_UNIT(*)
SI_UNIT(.MILLI.,.METRE.)
);
#8327=(
LENGTH_UNIT()
NAMED_UNIT(*)
SI_UNIT(.CENTI.,.METRE.)
);
#8328=(
NAMED_UNIT(*)
PLANE_ANGLE_UNIT()
SI_UNIT($,.RADIAN.)
);
#8329=(
NAMED_UNIT(*)
SI_UNIT($,.STERADIAN.)
SOLID_ANGLE_UNIT()
);
#8330=SHAPE_DEFINITION_REPRESENTATION(#8331,#8332);
#8331=PRODUCT_DEFINITION_SHAPE('',$,#8334);
#8332=SHAPE_REPRESENTATION('',(#2176),#8324);
#8333=PRODUCT_DEFINITION_CONTEXT('part definition',#8338,'design');
#8334=PRODUCT_DEFINITION('Kegelrad11','Kegelrad01',#8335,#8333);
#8335=PRODUCT_DEFINITION_FORMATION('',$,#8340);
#8336=PRODUCT_RELATED_PRODUCT_CATEGORY('Kegelrad01','Kegelrad01',(#8340));
#8337=APPLICATION_PROTOCOL_DEFINITION('international standard',
'automotive_design',2009,#8338);
#8338=APPLICATION_CONTEXT(
'Core Data for Automotive Mechanical Design Process');
#8339=PRODUCT_CONTEXT('part definition',#8338,'mechanical');
#8340=PRODUCT('Kegelrad11','Kegelrad01',$,(#8339));
#8341=PRESENTATION_STYLE_ASSIGNMENT((#8342));
#8342=SURFACE_STYLE_USAGE(.BOTH.,#8345);
#8343=SURFACE_STYLE_RENDERING_WITH_PROPERTIES($,#8349,(#8344));
#8344=SURFACE_STYLE_TRANSPARENT(0.);
#8345=SURFACE_SIDE_STYLE('',(#8346,#8343));
#8346=SURFACE_STYLE_FILL_AREA(#8347);
#8347=FILL_AREA_STYLE('',(#8348));
#8348=FILL_AREA_STYLE_COLOUR('',#8349);
#8349=COLOUR_RGB('',0.87843137254902,0.874509803921569,0.858823529411765);
ENDSEC;
END-ISO-10303-21;
