ISO-10303-21;
HEADER;
/* Generated by software containing ST-Developer
 * from STEP Tools, Inc. (www.steptools.com) 
 */

FILE_DESCRIPTION(
/* description */ (''),
/* implementation_level */ '2;1');

FILE_NAME(
/* name */ 'Propeller_gro.stp',
/* time_stamp */ '2026-09-02T18:23:21+02:00',
/* author */ ('bluhm'),
/* organization */ (''),
/* preprocessor_version */ 'ST-DEVELOPER v20.1',
/* originating_system */ 'Autodesk Inventor 2026',
/* authorisation */ '');

FILE_SCHEMA (('AUTOMOTIVE_DESIGN { 1 0 10303 214 3 1 1 }'));
ENDSEC;

DATA;
#10=MECHANICAL_DESIGN_GEOMETRIC_PRESENTATION_REPRESENTATION('',(#997,#998,
#999,#1000,#1001,#1002,#1003,#1004,#1005,#1006,#1007,#1008,#1009,#1010,
#1011,#1012,#1013,#1014,#1015,#1016,#1017,#1018,#1019,#1020,#1021,#1022,
#1023,#1024,#1025,#1026,#1027,#1028,#1029,#1030,#1031,#1032,#1033,#1034,
#1035,#1036,#1037,#1038,#1039,#1040,#1041,#1042,#1043,#1044,#1045,#1046,
#1047,#1048,#1049,#1050,#1051,#1052,#1053,#1054,#1055,#1056,#1057,#1058,
#1059,#1060,#1061,#1062,#1063,#1064,#1065,#1066),#5252);
#11=SHAPE_REPRESENTATION_RELATIONSHIP('SRR','None',#5259,#12);
#12=ADVANCED_BREP_SHAPE_REPRESENTATION('',(#13),#5251);
#13=MANIFOLD_SOLID_BREP('Volumenk\X\F6rper1',#1136);
#14=SPHERICAL_SURFACE('',#1194,2.);
#15=SPHERICAL_SURFACE('',#1200,2.);
#16=SPHERICAL_SURFACE('',#1206,2.);
#17=SPHERICAL_SURFACE('',#1219,2.);
#18=B_SPLINE_SURFACE_WITH_KNOTS('',3,3,((#1452,#1453,#1454,#1455,#1456,
#1457,#1458,#1459,#1460,#1461,#1462,#1463,#1464,#1465,#1466,#1467,#1468,
#1469),(#1470,#1471,#1472,#1473,#1474,#1475,#1476,#1477,#1478,#1479,#1480,
#1481,#1482,#1483,#1484,#1485,#1486,#1487),(#1488,#1489,#1490,#1491,#1492,
#1493,#1494,#1495,#1496,#1497,#1498,#1499,#1500,#1501,#1502,#1503,#1504,
#1505),(#1506,#1507,#1508,#1509,#1510,#1511,#1512,#1513,#1514,#1515,#1516,
#1517,#1518,#1519,#1520,#1521,#1522,#1523),(#1524,#1525,#1526,#1527,#1528,
#1529,#1530,#1531,#1532,#1533,#1534,#1535,#1536,#1537,#1538,#1539,#1540,
#1541),(#1542,#1543,#1544,#1545,#1546,#1547,#1548,#1549,#1550,#1551,#1552,
#1553,#1554,#1555,#1556,#1557,#1558,#1559),(#1560,#1561,#1562,#1563,#1564,
#1565,#1566,#1567,#1568,#1569,#1570,#1571,#1572,#1573,#1574,#1575,#1576,
#1577)),.UNSPECIFIED.,.F.,.F.,.F.,(4,1,1,1,4),(4,1,1,1,1,1,1,1,1,1,1,1,
1,1,1,4),(0.,0.285714285714286,0.571428571428571,0.714285714285714,1.),
(0.,1.95159942435586,3.90319884871173,4.55373199016368,5.85479827306759,
6.50533141451954,7.80639769742345,8.78219740960139,9.75799712177932,11.7095965461352,
12.6853962583131,13.1732961144021,13.2952710784243,13.4172460424466,13.5392210064688,
13.661195970491),.UNSPECIFIED.);
#19=B_SPLINE_SURFACE_WITH_KNOTS('',3,3,((#1637,#1638,#1639,#1640,#1641,
#1642),(#1643,#1644,#1645,#1646,#1647,#1648),(#1649,#1650,#1651,#1652,#1653,
#1654),(#1655,#1656,#1657,#1658,#1659,#1660),(#1661,#1662,#1663,#1664,#1665,
#1666),(#1667,#1668,#1669,#1670,#1671,#1672),(#1673,#1674,#1675,#1676,#1677,
#1678)),.UNSPECIFIED.,.F.,.F.,.F.,(4,1,1,1,4),(4,1,1,4),(0.,0.285714285714286,
0.571428571428571,0.785714285714286,1.),(-2.07084509318968E-15,1.28155561664323,
2.56311123328646,4.48544465825131),.UNSPECIFIED.);
#20=B_SPLINE_SURFACE_WITH_KNOTS('',3,3,((#1769,#1770,#1771,#1772,#1773,
#1774,#1775,#1776),(#1777,#1778,#1779,#1780,#1781,#1782,#1783,#1784),(#1785,
#1786,#1787,#1788,#1789,#1790,#1791,#1792),(#1793,#1794,#1795,#1796,#1797,
#1798,#1799,#1800),(#1801,#1802,#1803,#1804,#1805,#1806,#1807,#1808),(#1809,
#1810,#1811,#1812,#1813,#1814,#1815,#1816)),.UNSPECIFIED.,.F.,.F.,.F.,(4,
1,1,4),(4,1,1,1,1,4),(0.,0.285714285714286,0.571428571428571,1.),(0.,0.984316798778722,
1.96863359755744,2.95295039633617,4.92158399389361,6.89021759145106),
 .UNSPECIFIED.);
#21=B_SPLINE_SURFACE_WITH_KNOTS('',3,3,((#1836,#1837,#1838,#1839),(#1840,
#1841,#1842,#1843),(#1844,#1845,#1846,#1847),(#1848,#1849,#1850,#1851),
(#1852,#1853,#1854,#1855)),.UNSPECIFIED.,.F.,.F.,.F.,(4,1,4),(4,4),(0.,
0.571428571428571,1.),(0.,2.15133256961227),.UNSPECIFIED.);
#22=B_SPLINE_SURFACE_WITH_KNOTS('',3,3,((#1867,#1868,#1869,#1870,#1871,
#1872,#1873),(#1874,#1875,#1876,#1877,#1878,#1879,#1880),(#1881,#1882,#1883,
#1884,#1885,#1886,#1887),(#1888,#1889,#1890,#1891,#1892,#1893,#1894),(#1895,
#1896,#1897,#1898,#1899,#1900,#1901)),.UNSPECIFIED.,.F.,.F.,.F.,(4,1,4),
(4,1,1,1,4),(0.,0.571428571428571,1.),(2.01316276700617E-15,4.64900601159036,
9.29801202318072,13.9470180347711,16.2715210405663),.UNSPECIFIED.);
#23=B_SPLINE_SURFACE_WITH_KNOTS('',3,3,((#1919,#1920,#1921,#1922,#1923,
#1924,#1925,#1926,#1927,#1928,#1929,#1930,#1931,#1932),(#1933,#1934,#1935,
#1936,#1937,#1938,#1939,#1940,#1941,#1942,#1943,#1944,#1945,#1946),(#1947,
#1948,#1949,#1950,#1951,#1952,#1953,#1954,#1955,#1956,#1957,#1958,#1959,
#1960),(#1961,#1962,#1963,#1964,#1965,#1966,#1967,#1968,#1969,#1970,#1971,
#1972,#1973,#1974),(#1975,#1976,#1977,#1978,#1979,#1980,#1981,#1982,#1983,
#1984,#1985,#1986,#1987,#1988)),.UNSPECIFIED.,.F.,.F.,.F.,(4,1,4),(4,1,
1,1,1,1,1,1,1,1,1,4),(0.,0.571428571428571,1.),(4.69517917099026E-15,0.00904255349046163,
0.0180851069809186,0.0361702139618324,0.0723404279236602,0.117553195375945,
0.144680855847316,0.180851069809143,0.217021283770971,0.235106390751885,
0.244148944242342,0.253191497732799),.UNSPECIFIED.);
#24=B_SPLINE_SURFACE_WITH_KNOTS('',3,3,((#2017,#2018,#2019,#2020,#2021,
#2022,#2023,#2024,#2025,#2026,#2027,#2028,#2029,#2030,#2031,#2032,#2033,
#2034),(#2035,#2036,#2037,#2038,#2039,#2040,#2041,#2042,#2043,#2044,#2045,
#2046,#2047,#2048,#2049,#2050,#2051,#2052),(#2053,#2054,#2055,#2056,#2057,
#2058,#2059,#2060,#2061,#2062,#2063,#2064,#2065,#2066,#2067,#2068,#2069,
#2070),(#2071,#2072,#2073,#2074,#2075,#2076,#2077,#2078,#2079,#2080,#2081,
#2082,#2083,#2084,#2085,#2086,#2087,#2088),(#2089,#2090,#2091,#2092,#2093,
#2094,#2095,#2096,#2097,#2098,#2099,#2100,#2101,#2102,#2103,#2104,#2105,
#2106)),.UNSPECIFIED.,.F.,.F.,.F.,(4,1,4),(4,1,1,1,1,1,1,1,1,1,1,1,1,1,
1,4),(0.112523706495135,0.239306034138687,1.),(0.,2.45798705452678,3.93277928724285,
4.91597410905356,5.89916893086427,6.14496763631695,6.88236375267499,7.8655585744857,
8.84875339629641,9.09455210174909,9.83194821810712,10.8151430399178,11.7983378617285,
12.2899352726339,12.7815326835393,13.76472750535),.UNSPECIFIED.);
#25=B_SPLINE_SURFACE_WITH_KNOTS('',3,3,((#2132,#2133,#2134,#2135,#2136,
#2137,#2138,#2139,#2140,#2141,#2142),(#2143,#2144,#2145,#2146,#2147,#2148,
#2149,#2150,#2151,#2152,#2153),(#2154,#2155,#2156,#2157,#2158,#2159,#2160,
#2161,#2162,#2163,#2164),(#2165,#2166,#2167,#2168,#2169,#2170,#2171,#2172,
#2173,#2174,#2175)),.UNSPECIFIED.,.F.,.F.,.F.,(4,4),(4,1,1,1,1,1,1,1,4),
(0.100242853295747,10.),(0.,0.235619449019234,0.471238898038469,0.706858347057703,
0.942477796076938,1.17809724509617,1.41371669411541,1.64933614313464,1.88495559215388),
 .UNSPECIFIED.);
#26=B_SPLINE_SURFACE_WITH_KNOTS('',3,3,((#2206,#2207,#2208,#2209,#2210,
#2211,#2212,#2213,#2214,#2215,#2216,#2217,#2218,#2219,#2220,#2221,#2222),
(#2223,#2224,#2225,#2226,#2227,#2228,#2229,#2230,#2231,#2232,#2233,#2234,
#2235,#2236,#2237,#2238,#2239),(#2240,#2241,#2242,#2243,#2244,#2245,#2246,
#2247,#2248,#2249,#2250,#2251,#2252,#2253,#2254,#2255,#2256),(#2257,#2258,
#2259,#2260,#2261,#2262,#2263,#2264,#2265,#2266,#2267,#2268,#2269,#2270,
#2271,#2272,#2273),(#2274,#2275,#2276,#2277,#2278,#2279,#2280,#2281,#2282,
#2283,#2284,#2285,#2286,#2287,#2288,#2289,#2290),(#2291,#2292,#2293,#2294,
#2295,#2296,#2297,#2298,#2299,#2300,#2301,#2302,#2303,#2304,#2305,#2306,
#2307),(#2308,#2309,#2310,#2311,#2312,#2313,#2314,#2315,#2316,#2317,#2318,
#2319,#2320,#2321,#2322,#2323,#2324)),.UNSPECIFIED.,.F.,.F.,.F.,(4,1,1,
1,4),(4,1,1,1,1,1,1,1,1,1,1,1,1,1,4),(0.,0.285714285714286,0.571428571428571,
0.714285714285714,1.),(0.,1.95159942435587,3.90319884871174,4.5537319901637,
5.85479827306761,6.50533141451956,7.80639769742348,8.78219740960141,9.75799712177935,
11.7095965461352,12.6853962583131,13.1732961144021,13.4172460424466,13.5392210064688,
13.6611959704911),.UNSPECIFIED.);
#27=B_SPLINE_SURFACE_WITH_KNOTS('',3,3,((#2382,#2383,#2384,#2385,#2386,
#2387),(#2388,#2389,#2390,#2391,#2392,#2393),(#2394,#2395,#2396,#2397,#2398,
#2399),(#2400,#2401,#2402,#2403,#2404,#2405),(#2406,#2407,#2408,#2409,#2410,
#2411),(#2412,#2413,#2414,#2415,#2416,#2417),(#2418,#2419,#2420,#2421,#2422,
#2423)),.UNSPECIFIED.,.F.,.F.,.F.,(4,1,1,1,4),(4,1,1,4),(0.,0.285714285714286,
0.571428571428571,0.785714285714286,1.),(-2.79318882815569E-16,1.28155561664323,
2.56311123328646,4.48544465825131),.UNSPECIFIED.);
#28=B_SPLINE_SURFACE_WITH_KNOTS('',3,3,((#2514,#2515,#2516,#2517,#2518,
#2519,#2520),(#2521,#2522,#2523,#2524,#2525,#2526,#2527),(#2528,#2529,#2530,
#2531,#2532,#2533,#2534),(#2535,#2536,#2537,#2538,#2539,#2540,#2541),(#2542,
#2543,#2544,#2545,#2546,#2547,#2548),(#2549,#2550,#2551,#2552,#2553,#2554,
#2555)),.UNSPECIFIED.,.F.,.F.,.F.,(4,1,1,4),(4,1,1,1,4),(0.,0.285714285714286,
0.571428571428571,1.),(0.,0.984316798782392,2.95295039634718,4.92158399391196,
6.89021759147674),.UNSPECIFIED.);
#29=B_SPLINE_SURFACE_WITH_KNOTS('',3,3,((#2573,#2574,#2575,#2576),(#2577,
#2578,#2579,#2580),(#2581,#2582,#2583,#2584),(#2585,#2586,#2587,#2588),
(#2589,#2590,#2591,#2592)),.UNSPECIFIED.,.F.,.F.,.F.,(4,1,4),(4,4),(0.,
0.571428571428571,1.),(0.,2.15133256958742),.UNSPECIFIED.);
#30=B_SPLINE_SURFACE_WITH_KNOTS('',3,3,((#2604,#2605,#2606,#2607,#2608,
#2609,#2610),(#2611,#2612,#2613,#2614,#2615,#2616,#2617),(#2618,#2619,#2620,
#2621,#2622,#2623,#2624),(#2625,#2626,#2627,#2628,#2629,#2630,#2631),(#2632,
#2633,#2634,#2635,#2636,#2637,#2638)),.UNSPECIFIED.,.F.,.F.,.F.,(4,1,4),
(4,1,1,1,4),(0.,0.571428571428571,1.),(1.60764104754952E-15,4.64900601159036,
6.97350901738554,11.6225150289759,16.2715210405663),.UNSPECIFIED.);
#31=B_SPLINE_SURFACE_WITH_KNOTS('',3,3,((#2656,#2657,#2658,#2659,#2660,
#2661,#2662,#2663,#2664,#2665,#2666,#2667,#2668,#2669),(#2670,#2671,#2672,
#2673,#2674,#2675,#2676,#2677,#2678,#2679,#2680,#2681,#2682,#2683),(#2684,
#2685,#2686,#2687,#2688,#2689,#2690,#2691,#2692,#2693,#2694,#2695,#2696,
#2697),(#2698,#2699,#2700,#2701,#2702,#2703,#2704,#2705,#2706,#2707,#2708,
#2709,#2710,#2711),(#2712,#2713,#2714,#2715,#2716,#2717,#2718,#2719,#2720,
#2721,#2722,#2723,#2724,#2725)),.UNSPECIFIED.,.F.,.F.,.F.,(4,1,4),(4,1,
1,1,1,1,1,1,1,1,1,4),(0.,0.571428571428571,1.),(5.75223095024635E-15,0.0090425534904626,
0.0180851069809194,0.0361702139618331,0.0723404279236605,0.117553195375945,
0.144680855847315,0.180851069809143,0.21702128377097,0.235106390751884,
0.244148944242341,0.253191497732797),.UNSPECIFIED.);
#32=B_SPLINE_SURFACE_WITH_KNOTS('',3,3,((#2754,#2755,#2756,#2757,#2758,
#2759,#2760,#2761,#2762,#2763,#2764,#2765,#2766,#2767,#2768,#2769),(#2770,
#2771,#2772,#2773,#2774,#2775,#2776,#2777,#2778,#2779,#2780,#2781,#2782,
#2783,#2784,#2785),(#2786,#2787,#2788,#2789,#2790,#2791,#2792,#2793,#2794,
#2795,#2796,#2797,#2798,#2799,#2800,#2801),(#2802,#2803,#2804,#2805,#2806,
#2807,#2808,#2809,#2810,#2811,#2812,#2813,#2814,#2815,#2816,#2817),(#2818,
#2819,#2820,#2821,#2822,#2823,#2824,#2825,#2826,#2827,#2828,#2829,#2830,
#2831,#2832,#2833)),.UNSPECIFIED.,.F.,.F.,.F.,(4,1,4),(4,1,1,1,1,1,1,1,
1,1,1,1,1,4),(0.112523706495137,0.873217672356448,1.),(0.,1.96638964362142,
3.93277928724285,4.91597410905356,5.89916893086427,6.88236375267498,7.8655585744857,
8.84875339629641,9.83194821810712,10.8151430399178,11.7983378617285,12.2899352726339,
12.7815326835393,13.76472750535),.UNSPECIFIED.);
#33=B_SPLINE_SURFACE_WITH_KNOTS('',3,3,((#2857,#2858,#2859,#2860,#2861,
#2862,#2863,#2864,#2865,#2866,#2867),(#2868,#2869,#2870,#2871,#2872,#2873,
#2874,#2875,#2876,#2877,#2878),(#2879,#2880,#2881,#2882,#2883,#2884,#2885,
#2886,#2887,#2888,#2889),(#2890,#2891,#2892,#2893,#2894,#2895,#2896,#2897,
#2898,#2899,#2900)),.UNSPECIFIED.,.F.,.F.,.F.,(4,4),(4,1,1,1,1,1,1,1,4),
(0.100242853295747,10.),(0.,0.235619449019234,0.471238898038469,0.706858347057703,
0.942477796076938,1.17809724509617,1.41371669411541,1.64933614313464,1.88495559215388),
 .UNSPECIFIED.);
#34=B_SPLINE_SURFACE_WITH_KNOTS('',3,3,((#2926,#2927,#2928,#2929,#2930,
#2931,#2932,#2933,#2934,#2935,#2936,#2937,#2938,#2939,#2940,#2941,#2942),
(#2943,#2944,#2945,#2946,#2947,#2948,#2949,#2950,#2951,#2952,#2953,#2954,
#2955,#2956,#2957,#2958,#2959),(#2960,#2961,#2962,#2963,#2964,#2965,#2966,
#2967,#2968,#2969,#2970,#2971,#2972,#2973,#2974,#2975,#2976),(#2977,#2978,
#2979,#2980,#2981,#2982,#2983,#2984,#2985,#2986,#2987,#2988,#2989,#2990,
#2991,#2992,#2993),(#2994,#2995,#2996,#2997,#2998,#2999,#3000,#3001,#3002,
#3003,#3004,#3005,#3006,#3007,#3008,#3009,#3010),(#3011,#3012,#3013,#3014,
#3015,#3016,#3017,#3018,#3019,#3020,#3021,#3022,#3023,#3024,#3025,#3026,
#3027),(#3028,#3029,#3030,#3031,#3032,#3033,#3034,#3035,#3036,#3037,#3038,
#3039,#3040,#3041,#3042,#3043,#3044)),.UNSPECIFIED.,.F.,.F.,.F.,(4,1,1,
1,4),(4,1,1,1,1,1,1,1,1,1,1,1,1,1,4),(0.,0.285714285714286,0.571428571428571,
0.714285714285714,1.),(0.,1.95159942435586,3.90319884871173,4.55373199016368,
5.85479827306759,6.50533141451955,7.80639769742346,8.78219740960139,9.75799712177932,
11.7095965461352,12.6853962583131,13.1732961144021,13.4172460424466,13.5392210064688,
13.661195970491),.UNSPECIFIED.);
#35=B_SPLINE_SURFACE_WITH_KNOTS('',3,3,((#3102,#3103,#3104,#3105,#3106,
#3107),(#3108,#3109,#3110,#3111,#3112,#3113),(#3114,#3115,#3116,#3117,#3118,
#3119),(#3120,#3121,#3122,#3123,#3124,#3125),(#3126,#3127,#3128,#3129,#3130,
#3131),(#3132,#3133,#3134,#3135,#3136,#3137),(#3138,#3139,#3140,#3141,#3142,
#3143)),.UNSPECIFIED.,.F.,.F.,.F.,(4,1,1,1,4),(4,1,1,4),(0.,0.285714285714286,
0.571428571428571,0.785714285714286,1.),(-2.72888677834837E-16,1.28155561664323,
2.56311123328646,4.48544465825131),.UNSPECIFIED.);
#36=B_SPLINE_SURFACE_WITH_KNOTS('',3,3,((#3234,#3235,#3236,#3237,#3238,
#3239,#3240),(#3241,#3242,#3243,#3244,#3245,#3246,#3247),(#3248,#3249,#3250,
#3251,#3252,#3253,#3254),(#3255,#3256,#3257,#3258,#3259,#3260,#3261),(#3262,
#3263,#3264,#3265,#3266,#3267,#3268),(#3269,#3270,#3271,#3272,#3273,#3274,
#3275)),.UNSPECIFIED.,.F.,.F.,.F.,(4,1,1,4),(4,1,1,1,4),(0.,0.285714285714286,
0.571428571428571,1.),(0.,0.984316798788669,2.95295039636601,4.92158399394335,
6.89021759152069),.UNSPECIFIED.);
#37=B_SPLINE_SURFACE_WITH_KNOTS('',3,3,((#3293,#3294,#3295,#3296),(#3297,
#3298,#3299,#3300),(#3301,#3302,#3303,#3304),(#3305,#3306,#3307,#3308),
(#3309,#3310,#3311,#3312)),.UNSPECIFIED.,.F.,.F.,.F.,(4,1,4),(4,4),(0.,
0.571428571428571,1.),(8.91574141406853E-13,2.15133256954488),
 .UNSPECIFIED.);
#38=B_SPLINE_SURFACE_WITH_KNOTS('',3,3,((#3324,#3325,#3326,#3327,#3328,
#3329,#3330),(#3331,#3332,#3333,#3334,#3335,#3336,#3337),(#3338,#3339,#3340,
#3341,#3342,#3343,#3344),(#3345,#3346,#3347,#3348,#3349,#3350,#3351),(#3352,
#3353,#3354,#3355,#3356,#3357,#3358)),.UNSPECIFIED.,.F.,.F.,.F.,(4,1,4),
(4,1,1,1,4),(0.,0.571428571428571,1.),(1.48922617036685E-15,4.64900601159036,
6.97350901738554,11.6225150289759,16.2715210405663),.UNSPECIFIED.);
#39=B_SPLINE_SURFACE_WITH_KNOTS('',3,3,((#3376,#3377,#3378,#3379,#3380,
#3381,#3382,#3383,#3384,#3385,#3386,#3387,#3388),(#3389,#3390,#3391,#3392,
#3393,#3394,#3395,#3396,#3397,#3398,#3399,#3400,#3401),(#3402,#3403,#3404,
#3405,#3406,#3407,#3408,#3409,#3410,#3411,#3412,#3413,#3414),(#3415,#3416,
#3417,#3418,#3419,#3420,#3421,#3422,#3423,#3424,#3425,#3426,#3427),(#3428,
#3429,#3430,#3431,#3432,#3433,#3434,#3435,#3436,#3437,#3438,#3439,#3440)),
 .UNSPECIFIED.,.F.,.F.,.F.,(4,1,4),(4,1,1,1,1,1,1,1,1,1,4),(0.,0.571428571428571,
1.),(4.46296091053934E-15,0.0180851069809181,0.0361702139618318,0.0723404279236592,
0.108510641885487,0.144680855847314,0.180851069809141,0.217021283770969,
0.235106390751882,0.244148944242339,0.253191497732796),.UNSPECIFIED.);
#40=B_SPLINE_SURFACE_WITH_KNOTS('',3,3,((#3467,#3468,#3469,#3470,#3471,
#3472,#3473,#3474,#3475,#3476,#3477,#3478,#3479,#3480,#3481,#3482),(#3483,
#3484,#3485,#3486,#3487,#3488,#3489,#3490,#3491,#3492,#3493,#3494,#3495,
#3496,#3497,#3498),(#3499,#3500,#3501,#3502,#3503,#3504,#3505,#3506,#3507,
#3508,#3509,#3510,#3511,#3512,#3513,#3514),(#3515,#3516,#3517,#3518,#3519,
#3520,#3521,#3522,#3523,#3524,#3525,#3526,#3527,#3528,#3529,#3530),(#3531,
#3532,#3533,#3534,#3535,#3536,#3537,#3538,#3539,#3540,#3541,#3542,#3543,
#3544,#3545,#3546)),.UNSPECIFIED.,.F.,.F.,.F.,(4,1,4),(4,1,1,1,1,1,1,1,
1,1,1,1,1,4),(0.112523706495138,0.873217672356448,1.),(0.,1.96638964362142,
3.93277928724285,4.91597410905356,5.89916893086427,6.88236375267498,7.8655585744857,
8.84875339629641,9.83194821810712,10.8151430399178,11.7983378617285,12.2899352726339,
12.7815326835393,13.76472750535),.UNSPECIFIED.);
#41=B_SPLINE_SURFACE_WITH_KNOTS('',3,3,((#3570,#3571,#3572,#3573,#3574,
#3575,#3576,#3577,#3578,#3579,#3580),(#3581,#3582,#3583,#3584,#3585,#3586,
#3587,#3588,#3589,#3590,#3591),(#3592,#3593,#3594,#3595,#3596,#3597,#3598,
#3599,#3600,#3601,#3602),(#3603,#3604,#3605,#3606,#3607,#3608,#3609,#3610,
#3611,#3612,#3613)),.UNSPECIFIED.,.F.,.F.,.F.,(4,4),(4,1,1,1,1,1,1,1,4),
(0.100242853295746,10.),(0.,0.235619449019234,0.471238898038469,0.706858347057703,
0.942477796076938,1.17809724509617,1.41371669411541,1.64933614313464,1.88495559215388),
 .UNSPECIFIED.);
#42=B_SPLINE_SURFACE_WITH_KNOTS('',3,3,((#3639,#3640,#3641,#3642,#3643),
(#3644,#3645,#3646,#3647,#3648),(#3649,#3650,#3651,#3652,#3653),(#3654,
#3655,#3656,#3657,#3658),(#3659,#3660,#3661,#3662,#3663)),.UNSPECIFIED.,
 .F.,.F.,.F.,(4,1,4),(4,1,4),(0.,0.571428571428571,1.),(0.,1.92270949778191,
4.48632216149112),.UNSPECIFIED.);
#43=B_SPLINE_SURFACE_WITH_KNOTS('',3,3,((#3684,#3685,#3686,#3687,#3688,
#3689,#3690,#3691,#3692,#3693),(#3694,#3695,#3696,#3697,#3698,#3699,#3700,
#3701,#3702,#3703),(#3704,#3705,#3706,#3707,#3708,#3709,#3710,#3711,#3712,
#3713),(#3714,#3715,#3716,#3717,#3718,#3719,#3720,#3721,#3722,#3723),(#3724,
#3725,#3726,#3727,#3728,#3729,#3730,#3731,#3732,#3733)),.UNSPECIFIED.,.F.,
 .F.,.F.,(4,1,4),(4,1,1,1,1,1,1,4),(0.,0.571428571428571,1.),(0.,1.26137828260864,
2.52275656521728,3.78413484782592,5.04551313043456,6.30689141304319,7.56826969565183,
8.82964797826047),.UNSPECIFIED.);
#44=B_SPLINE_SURFACE_WITH_KNOTS('',3,3,((#3755,#3756,#3757,#3758,#3759,
#3760,#3761),(#3762,#3763,#3764,#3765,#3766,#3767,#3768),(#3769,#3770,#3771,
#3772,#3773,#3774,#3775),(#3776,#3777,#3778,#3779,#3780,#3781,#3782),(#3783,
#3784,#3785,#3786,#3787,#3788,#3789)),.UNSPECIFIED.,.F.,.F.,.F.,(4,1,4),
(4,1,1,1,4),(0.042721488209016,0.452983707548009,1.),(2.77661292230827E-16,
2.30664909059529,6.91994727178586,11.5332454529764,16.146543634167),
 .UNSPECIFIED.);
#45=B_SPLINE_SURFACE_WITH_KNOTS('',3,3,((#3802,#3803,#3804,#3805,#3806),
(#3807,#3808,#3809,#3810,#3811),(#3812,#3813,#3814,#3815,#3816),(#3817,
#3818,#3819,#3820,#3821),(#3822,#3823,#3824,#3825,#3826)),.UNSPECIFIED.,
 .F.,.F.,.F.,(4,1,4),(4,1,4),(0.,0.571428571428571,1.),(0.,1.92270949778191,
4.48632216149112),.UNSPECIFIED.);
#46=B_SPLINE_SURFACE_WITH_KNOTS('',3,3,((#3847,#3848,#3849,#3850,#3851,
#3852,#3853,#3854,#3855,#3856),(#3857,#3858,#3859,#3860,#3861,#3862,#3863,
#3864,#3865,#3866),(#3867,#3868,#3869,#3870,#3871,#3872,#3873,#3874,#3875,
#3876),(#3877,#3878,#3879,#3880,#3881,#3882,#3883,#3884,#3885,#3886),(#3887,
#3888,#3889,#3890,#3891,#3892,#3893,#3894,#3895,#3896)),.UNSPECIFIED.,.F.,
 .F.,.F.,(4,1,4),(4,1,1,1,1,1,1,4),(0.,0.571428571428571,1.),(0.,1.26137828260864,
2.52275656521728,3.78413484782592,5.04551313043456,6.3068914130432,7.56826969565183,
8.82964797826047),.UNSPECIFIED.);
#47=B_SPLINE_SURFACE_WITH_KNOTS('',3,3,((#3918,#3919,#3920,#3921,#3922,
#3923,#3924),(#3925,#3926,#3927,#3928,#3929,#3930,#3931),(#3932,#3933,#3934,
#3935,#3936,#3937,#3938),(#3939,#3940,#3941,#3942,#3943,#3944,#3945),(#3946,
#3947,#3948,#3949,#3950,#3951,#3952)),.UNSPECIFIED.,.F.,.F.,.F.,(4,1,4),
(4,1,1,1,4),(0.0427214882090214,0.452983707548012,1.),(0.,2.30664909059529,
6.91994727178586,11.5332454529764,16.146543634167),.UNSPECIFIED.);
#48=B_SPLINE_SURFACE_WITH_KNOTS('',3,3,((#3965,#3966,#3967,#3968,#3969),
(#3970,#3971,#3972,#3973,#3974),(#3975,#3976,#3977,#3978,#3979),(#3980,
#3981,#3982,#3983,#3984),(#3985,#3986,#3987,#3988,#3989)),.UNSPECIFIED.,
 .F.,.F.,.F.,(4,1,4),(4,1,4),(0.,0.571428571428571,1.),(0.,1.92270949778191,
4.48632216149112),.UNSPECIFIED.);
#49=B_SPLINE_SURFACE_WITH_KNOTS('',3,3,((#4010,#4011,#4012,#4013,#4014,
#4015,#4016,#4017,#4018,#4019),(#4020,#4021,#4022,#4023,#4024,#4025,#4026,
#4027,#4028,#4029),(#4030,#4031,#4032,#4033,#4034,#4035,#4036,#4037,#4038,
#4039),(#4040,#4041,#4042,#4043,#4044,#4045,#4046,#4047,#4048,#4049),(#4050,
#4051,#4052,#4053,#4054,#4055,#4056,#4057,#4058,#4059)),.UNSPECIFIED.,.F.,
 .F.,.F.,(4,1,4),(4,1,1,1,1,1,1,4),(0.,0.571428571428571,1.),(0.,1.26137828260864,
2.52275656521728,3.78413484782591,5.04551313043455,6.30689141304319,7.56826969565183,
8.82964797826047),.UNSPECIFIED.);
#50=B_SPLINE_SURFACE_WITH_KNOTS('',3,3,((#4081,#4082,#4083,#4084,#4085,
#4086,#4087),(#4088,#4089,#4090,#4091,#4092,#4093,#4094),(#4095,#4096,#4097,
#4098,#4099,#4100,#4101),(#4102,#4103,#4104,#4105,#4106,#4107,#4108),(#4109,
#4110,#4111,#4112,#4113,#4114,#4115)),.UNSPECIFIED.,.F.,.F.,.F.,(4,1,4),
(4,1,1,1,4),(0.0427214882090212,0.589737780661009,1.),(1.27224370656221E-15,
2.30664909059529,6.91994727178586,11.5332454529764,16.146543634167),
 .UNSPECIFIED.);
#51=B_SPLINE_SURFACE_WITH_KNOTS('',3,3,((#4128,#4129,#4130,#4131,#4132,
#4133,#4134,#4135,#4136,#4137,#4138),(#4139,#4140,#4141,#4142,#4143,#4144,
#4145,#4146,#4147,#4148,#4149),(#4150,#4151,#4152,#4153,#4154,#4155,#4156,
#4157,#4158,#4159,#4160),(#4161,#4162,#4163,#4164,#4165,#4166,#4167,#4168,
#4169,#4170,#4171)),.UNSPECIFIED.,.F.,.F.,.F.,(4,4),(4,1,1,1,1,1,1,1,4),
(0.,9.79992773699312),(0.,0.235619449019234,0.471238898038469,0.706858347057703,
0.942477796076938,1.17809724509617,1.41371669411541,1.64933614313464,1.88495559215388),
 .UNSPECIFIED.);
#52=B_SPLINE_SURFACE_WITH_KNOTS('',3,3,((#4188,#4189,#4190,#4191,#4192,
#4193,#4194,#4195,#4196,#4197,#4198),(#4199,#4200,#4201,#4202,#4203,#4204,
#4205,#4206,#4207,#4208,#4209),(#4210,#4211,#4212,#4213,#4214,#4215,#4216,
#4217,#4218,#4219,#4220),(#4221,#4222,#4223,#4224,#4225,#4226,#4227,#4228,
#4229,#4230,#4231)),.UNSPECIFIED.,.F.,.F.,.F.,(4,4),(4,1,1,1,1,1,1,1,4),
(0.,9.79992773699312),(0.,0.235619449019234,0.471238898038469,0.706858347057703,
0.942477796076938,1.17809724509617,1.41371669411541,1.64933614313464,1.88495559215388),
 .UNSPECIFIED.);
#53=B_SPLINE_SURFACE_WITH_KNOTS('',3,3,((#4243,#4244,#4245,#4246,#4247,
#4248,#4249,#4250,#4251,#4252,#4253),(#4254,#4255,#4256,#4257,#4258,#4259,
#4260,#4261,#4262,#4263,#4264),(#4265,#4266,#4267,#4268,#4269,#4270,#4271,
#4272,#4273,#4274,#4275),(#4276,#4277,#4278,#4279,#4280,#4281,#4282,#4283,
#4284,#4285,#4286)),.UNSPECIFIED.,.F.,.F.,.F.,(4,4),(4,1,1,1,1,1,1,1,4),
(0.,9.79992773699312),(0.,0.235619449019234,0.471238898038469,0.706858347057703,
0.942477796076938,1.17809724509617,1.41371669411541,1.64933614313464,1.88495559215388),
 .UNSPECIFIED.);
#54=B_SPLINE_SURFACE_WITH_KNOTS('',3,3,((#4437,#4438,#4439,#4440,#4441,
#4442,#4443,#4444,#4445,#4446,#4447,#4448,#4449,#4450,#4451,#4452,#4453,
#4454),(#4455,#4456,#4457,#4458,#4459,#4460,#4461,#4462,#4463,#4464,#4465,
#4466,#4467,#4468,#4469,#4470,#4471,#4472),(#4473,#4474,#4475,#4476,#4477,
#4478,#4479,#4480,#4481,#4482,#4483,#4484,#4485,#4486,#4487,#4488,#4489,
#4490),(#4491,#4492,#4493,#4494,#4495,#4496,#4497,#4498,#4499,#4500,#4501,
#4502,#4503,#4504,#4505,#4506,#4507,#4508),(#4509,#4510,#4511,#4512,#4513,
#4514,#4515,#4516,#4517,#4518,#4519,#4520,#4521,#4522,#4523,#4524,#4525,
#4526),(#4527,#4528,#4529,#4530,#4531,#4532,#4533,#4534,#4535,#4536,#4537,
#4538,#4539,#4540,#4541,#4542,#4543,#4544),(#4545,#4546,#4547,#4548,#4549,
#4550,#4551,#4552,#4553,#4554,#4555,#4556,#4557,#4558,#4559,#4560,#4561,
#4562)),.UNSPECIFIED.,.F.,.F.,.F.,(4,1,1,1,4),(4,1,1,1,1,1,1,1,1,1,1,1,
1,1,1,4),(0.,0.285714285714286,0.571428571428571,0.714285714285714,1.),
(0.,1.95159942435586,3.90319884871173,4.55373199016368,5.85479827306759,
6.50533141451955,7.80639769742346,8.78219740960139,9.75799712177932,11.7095965461352,
12.6853962583131,13.1732961144021,13.2952710784243,13.4172460424466,13.5392210064688,
13.6611959704911),.UNSPECIFIED.);
#55=B_SPLINE_SURFACE_WITH_KNOTS('',3,3,((#4600,#4601,#4602,#4603,#4604,
#4605),(#4606,#4607,#4608,#4609,#4610,#4611),(#4612,#4613,#4614,#4615,#4616,
#4617),(#4618,#4619,#4620,#4621,#4622,#4623),(#4624,#4625,#4626,#4627,#4628,
#4629),(#4630,#4631,#4632,#4633,#4634,#4635),(#4636,#4637,#4638,#4639,#4640,
#4641)),.UNSPECIFIED.,.F.,.F.,.F.,(4,1,1,1,4),(4,1,1,4),(0.,0.285714285714286,
0.571428571428571,0.785714285714286,1.),(-1.31262908325618E-16,0.640777808321616,
1.92233342496485,4.48544465825131),.UNSPECIFIED.);
#56=B_SPLINE_SURFACE_WITH_KNOTS('',3,3,((#4665,#4666,#4667,#4668,#4669,
#4670,#4671),(#4672,#4673,#4674,#4675,#4676,#4677,#4678),(#4679,#4680,#4681,
#4682,#4683,#4684,#4685),(#4686,#4687,#4688,#4689,#4690,#4691,#4692),(#4693,
#4694,#4695,#4696,#4697,#4698,#4699),(#4700,#4701,#4702,#4703,#4704,#4705,
#4706)),.UNSPECIFIED.,.F.,.F.,.F.,(4,1,1,4),(4,1,1,1,4),(0.,0.285714285714286,
0.571428571428571,1.),(0.,0.984316798779625,2.95295039633888,4.92158399389813,
6.89021759145738),.UNSPECIFIED.);
#57=B_SPLINE_SURFACE_WITH_KNOTS('',3,3,((#4724,#4725,#4726,#4727),(#4728,
#4729,#4730,#4731),(#4732,#4733,#4734,#4735),(#4736,#4737,#4738,#4739),
(#4740,#4741,#4742,#4743)),.UNSPECIFIED.,.F.,.F.,.F.,(4,1,4),(4,4),(0.,
0.571428571428571,1.),(0.,2.15133256960616),.UNSPECIFIED.);
#58=B_SPLINE_SURFACE_WITH_KNOTS('',3,3,((#4755,#4756,#4757,#4758,#4759,
#4760,#4761),(#4762,#4763,#4764,#4765,#4766,#4767,#4768),(#4769,#4770,#4771,
#4772,#4773,#4774,#4775),(#4776,#4777,#4778,#4779,#4780,#4781,#4782),(#4783,
#4784,#4785,#4786,#4787,#4788,#4789)),.UNSPECIFIED.,.F.,.F.,.F.,(4,1,4),
(4,1,1,1,4),(0.,0.571428571428571,1.),(0.,4.64900601159036,9.29801202318072,
13.9470180347711,16.2715210405663),.UNSPECIFIED.);
#59=B_SPLINE_SURFACE_WITH_KNOTS('',3,3,((#4807,#4808,#4809,#4810,#4811,
#4812,#4813,#4814,#4815,#4816,#4817,#4818,#4819),(#4820,#4821,#4822,#4823,
#4824,#4825,#4826,#4827,#4828,#4829,#4830,#4831,#4832),(#4833,#4834,#4835,
#4836,#4837,#4838,#4839,#4840,#4841,#4842,#4843,#4844,#4845),(#4846,#4847,
#4848,#4849,#4850,#4851,#4852,#4853,#4854,#4855,#4856,#4857,#4858),(#4859,
#4860,#4861,#4862,#4863,#4864,#4865,#4866,#4867,#4868,#4869,#4870,#4871)),
 .UNSPECIFIED.,.F.,.F.,.F.,(4,1,4),(4,1,1,1,1,1,1,1,1,1,4),(0.,0.571428571428571,
1.),(0.,0.0180851069809118,0.0361702139618237,0.0723404279236474,0.108510641885471,
0.144680855847295,0.180851069809118,0.217021283770942,0.235106390751854,
0.24414894424231,0.253191497732766),.UNSPECIFIED.);
#60=B_SPLINE_SURFACE_WITH_KNOTS('',3,3,((#4898,#4899,#4900,#4901,#4902,
#4903,#4904,#4905,#4906,#4907,#4908,#4909,#4910,#4911,#4912),(#4913,#4914,
#4915,#4916,#4917,#4918,#4919,#4920,#4921,#4922,#4923,#4924,#4925,#4926,
#4927),(#4928,#4929,#4930,#4931,#4932,#4933,#4934,#4935,#4936,#4937,#4938,
#4939,#4940,#4941,#4942),(#4943,#4944,#4945,#4946,#4947,#4948,#4949,#4950,
#4951,#4952,#4953,#4954,#4955,#4956,#4957),(#4958,#4959,#4960,#4961,#4962,
#4963,#4964,#4965,#4966,#4967,#4968,#4969,#4970,#4971,#4972),(#4973,#4974,
#4975,#4976,#4977,#4978,#4979,#4980,#4981,#4982,#4983,#4984,#4985,#4986,
#4987)),.UNSPECIFIED.,.F.,.F.,.F.,(4,1,1,4),(4,1,1,1,1,1,1,1,1,1,1,1,4),
(0.112523706495137,0.492870689425793,0.746435344712896,1.),(0.,1.96638964362143,
3.93277928724285,4.91597410905357,5.89916893086428,6.55463214540475,7.86555857448571,
8.52102178902618,9.83194821810713,10.8151430399178,11.7983378617286,12.7815326835393,
13.76472750535),.UNSPECIFIED.);
#61=B_SPLINE_SURFACE_WITH_KNOTS('',3,3,((#5005,#5006,#5007,#5008,#5009,
#5010,#5011,#5012,#5013,#5014,#5015),(#5016,#5017,#5018,#5019,#5020,#5021,
#5022,#5023,#5024,#5025,#5026),(#5027,#5028,#5029,#5030,#5031,#5032,#5033,
#5034,#5035,#5036,#5037),(#5038,#5039,#5040,#5041,#5042,#5043,#5044,#5045,
#5046,#5047,#5048)),.UNSPECIFIED.,.F.,.F.,.F.,(4,4),(4,1,1,1,1,1,1,1,4),
(0.100242853295747,10.),(0.0176435733072022,0.246045406526716,0.47444723974623,
0.702849072965743,0.931250906185257,1.15965273940477,1.38805457262428,1.6164564058438,
1.84485823906331),.UNSPECIFIED.);
#62=B_SPLINE_SURFACE_WITH_KNOTS('',3,3,((#5049,#5050,#5051,#5052,#5053),
(#5054,#5055,#5056,#5057,#5058),(#5059,#5060,#5061,#5062,#5063),(#5064,
#5065,#5066,#5067,#5068),(#5069,#5070,#5071,#5072,#5073)),.UNSPECIFIED.,
 .F.,.F.,.F.,(4,1,4),(4,1,4),(0.,0.571428571428571,1.),(0.,1.92270949778191,
4.48632216149112),.UNSPECIFIED.);
#63=B_SPLINE_SURFACE_WITH_KNOTS('',3,3,((#5087,#5088,#5089,#5090,#5091,
#5092,#5093,#5094,#5095,#5096),(#5097,#5098,#5099,#5100,#5101,#5102,#5103,
#5104,#5105,#5106),(#5107,#5108,#5109,#5110,#5111,#5112,#5113,#5114,#5115,
#5116),(#5117,#5118,#5119,#5120,#5121,#5122,#5123,#5124,#5125,#5126),(#5127,
#5128,#5129,#5130,#5131,#5132,#5133,#5134,#5135,#5136)),.UNSPECIFIED.,.F.,
 .F.,.F.,(4,1,4),(4,1,1,1,1,1,1,4),(0.,0.571428571428571,1.),(0.,1.26137828260864,
2.52275656521728,3.78413484782592,5.04551313043456,6.3068914130432,7.56826969565183,
8.82964797826047),.UNSPECIFIED.);
#64=B_SPLINE_SURFACE_WITH_KNOTS('',3,3,((#5158,#5159,#5160,#5161,#5162,
#5163,#5164),(#5165,#5166,#5167,#5168,#5169,#5170,#5171),(#5172,#5173,#5174,
#5175,#5176,#5177,#5178),(#5179,#5180,#5181,#5182,#5183,#5184,#5185),(#5186,
#5187,#5188,#5189,#5190,#5191,#5192)),.UNSPECIFIED.,.F.,.F.,.F.,(4,1,4),
(4,1,1,1,4),(0.042721488209018,0.45298370754801,1.),(2.50037040468049E-15,
4.61329818119057,9.22659636238114,11.5332454529764,16.146543634167),
 .UNSPECIFIED.);
#65=B_SPLINE_SURFACE_WITH_KNOTS('',3,3,((#5205,#5206,#5207,#5208,#5209,
#5210,#5211,#5212,#5213,#5214,#5215),(#5216,#5217,#5218,#5219,#5220,#5221,
#5222,#5223,#5224,#5225,#5226),(#5227,#5228,#5229,#5230,#5231,#5232,#5233,
#5234,#5235,#5236,#5237),(#5238,#5239,#5240,#5241,#5242,#5243,#5244,#5245,
#5246,#5247,#5248)),.UNSPECIFIED.,.F.,.F.,.F.,(4,4),(4,1,1,1,1,1,1,1,4),
(0.,9.79992773699312),(0.0177805538492158,0.244537815319604,0.471295076789992,
0.69805233826038,0.924809599730768,1.15156686120116,1.37832412267154,1.60508138414193,
1.83183864561232),.UNSPECIFIED.);
#66=(
BOUNDED_SURFACE()
B_SPLINE_SURFACE(2,2,((#1419,#1420,#1421,#1422,#1423,#1424,#1425,#1426,
#1427),(#1428,#1429,#1430,#1431,#1432,#1433,#1434,#1435,#1436),(#1437,#1438,
#1439,#1440,#1441,#1442,#1443,#1444,#1445)),.UNSPECIFIED.,.F.,.T.,.F.)
B_SPLINE_SURFACE_WITH_KNOTS((3,3),(3,2,2,2,3),(0.0716292217588118,1.49916710503609),
(-3.14159265358979,-1.5707963267949,0.,1.5707963267949,3.14159265358979),
 .UNSPECIFIED.)
GEOMETRIC_REPRESENTATION_ITEM()
RATIONAL_B_SPLINE_SURFACE(((1.,0.707106781186548,1.,0.707106781186548,1.,
0.707106781186548,1.,0.707106781186548,1.),(0.755899772136771,0.534501854775277,
0.755899772136771,0.534501854775277,0.755899772136771,0.534501854775277,
0.755899772136771,0.534501854775277,0.755899772136771),(1.,0.707106781186548,
1.,0.707106781186548,1.,0.707106781186548,1.,0.707106781186548,1.)))
REPRESENTATION_ITEM('')
SURFACE()
);
#67=CYLINDRICAL_SURFACE('',#1169,15.);
#68=CYLINDRICAL_SURFACE('',#1195,43.);
#69=CYLINDRICAL_SURFACE('',#1201,43.);
#70=CYLINDRICAL_SURFACE('',#1207,43.);
#71=CYLINDRICAL_SURFACE('',#1209,25.);
#72=CYLINDRICAL_SURFACE('',#1220,43.);
#73=FACE_BOUND('',#189,.T.);
#74=FACE_BOUND('',#242,.T.);
#75=FACE_BOUND('',#243,.T.);
#76=FACE_BOUND('',#244,.T.);
#77=LINE('',#1398,#93);
#78=LINE('',#1400,#94);
#79=LINE('',#1401,#95);
#80=LINE('',#1404,#96);
#81=LINE('',#1406,#97);
#82=LINE('',#1407,#98);
#83=LINE('',#1410,#99);
#84=LINE('',#1412,#100);
#85=LINE('',#1413,#101);
#86=LINE('',#1415,#102);
#87=LINE('',#3800,#103);
#88=LINE('',#3963,#104);
#89=LINE('',#4126,#105);
#90=LINE('',#4299,#106);
#91=LINE('',#4300,#107);
#92=LINE('',#5203,#108);
#93=VECTOR('',#1234,10.);
#94=VECTOR('',#1235,10.);
#95=VECTOR('',#1236,10.);
#96=VECTOR('',#1239,10.);
#97=VECTOR('',#1240,10.);
#98=VECTOR('',#1241,10.);
#99=VECTOR('',#1244,10.);
#100=VECTOR('',#1245,10.);
#101=VECTOR('',#1246,10.);
#102=VECTOR('',#1249,10.);
#103=VECTOR('',#1308,10.);
#104=VECTOR('',#1321,10.);
#105=VECTOR('',#1334,10.);
#106=VECTOR('',#1339,25.);
#107=VECTOR('',#1340,25.);
#108=VECTOR('',#1363,10.);
#109=PLANE('',#1162);
#110=PLANE('',#1164);
#111=PLANE('',#1165);
#112=PLANE('',#1166);
#113=PLANE('',#1167);
#114=PLANE('',#1196);
#115=PLANE('',#1202);
#116=PLANE('',#1208);
#117=PLANE('',#1221);
#118=FACE_OUTER_BOUND('',#187,.T.);
#119=FACE_OUTER_BOUND('',#188,.T.);
#120=FACE_OUTER_BOUND('',#190,.T.);
#121=FACE_OUTER_BOUND('',#191,.T.);
#122=FACE_OUTER_BOUND('',#192,.T.);
#123=FACE_OUTER_BOUND('',#193,.T.);
#124=FACE_OUTER_BOUND('',#194,.T.);
#125=FACE_OUTER_BOUND('',#195,.T.);
#126=FACE_OUTER_BOUND('',#196,.T.);
#127=FACE_OUTER_BOUND('',#197,.T.);
#128=FACE_OUTER_BOUND('',#198,.T.);
#129=FACE_OUTER_BOUND('',#199,.T.);
#130=FACE_OUTER_BOUND('',#200,.T.);
#131=FACE_OUTER_BOUND('',#201,.T.);
#132=FACE_OUTER_BOUND('',#202,.T.);
#133=FACE_OUTER_BOUND('',#203,.T.);
#134=FACE_OUTER_BOUND('',#204,.T.);
#135=FACE_OUTER_BOUND('',#205,.T.);
#136=FACE_OUTER_BOUND('',#206,.T.);
#137=FACE_OUTER_BOUND('',#207,.T.);
#138=FACE_OUTER_BOUND('',#208,.T.);
#139=FACE_OUTER_BOUND('',#209,.T.);
#140=FACE_OUTER_BOUND('',#210,.T.);
#141=FACE_OUTER_BOUND('',#211,.T.);
#142=FACE_OUTER_BOUND('',#212,.T.);
#143=FACE_OUTER_BOUND('',#213,.T.);
#144=FACE_OUTER_BOUND('',#214,.T.);
#145=FACE_OUTER_BOUND('',#215,.T.);
#146=FACE_OUTER_BOUND('',#216,.T.);
#147=FACE_OUTER_BOUND('',#217,.T.);
#148=FACE_OUTER_BOUND('',#218,.T.);
#149=FACE_OUTER_BOUND('',#219,.T.);
#150=FACE_OUTER_BOUND('',#220,.T.);
#151=FACE_OUTER_BOUND('',#221,.T.);
#152=FACE_OUTER_BOUND('',#222,.T.);
#153=FACE_OUTER_BOUND('',#223,.T.);
#154=FACE_OUTER_BOUND('',#224,.T.);
#155=FACE_OUTER_BOUND('',#225,.T.);
#156=FACE_OUTER_BOUND('',#226,.T.);
#157=FACE_OUTER_BOUND('',#227,.T.);
#158=FACE_OUTER_BOUND('',#228,.T.);
#159=FACE_OUTER_BOUND('',#229,.T.);
#160=FACE_OUTER_BOUND('',#230,.T.);
#161=FACE_OUTER_BOUND('',#231,.T.);
#162=FACE_OUTER_BOUND('',#232,.T.);
#163=FACE_OUTER_BOUND('',#233,.T.);
#164=FACE_OUTER_BOUND('',#234,.T.);
#165=FACE_OUTER_BOUND('',#235,.T.);
#166=FACE_OUTER_BOUND('',#236,.T.);
#167=FACE_OUTER_BOUND('',#237,.T.);
#168=FACE_OUTER_BOUND('',#238,.T.);
#169=FACE_OUTER_BOUND('',#239,.T.);
#170=FACE_OUTER_BOUND('',#240,.T.);
#171=FACE_OUTER_BOUND('',#241,.T.);
#172=FACE_OUTER_BOUND('',#245,.T.);
#173=FACE_OUTER_BOUND('',#246,.T.);
#174=FACE_OUTER_BOUND('',#247,.T.);
#175=FACE_OUTER_BOUND('',#248,.T.);
#176=FACE_OUTER_BOUND('',#249,.T.);
#177=FACE_OUTER_BOUND('',#250,.T.);
#178=FACE_OUTER_BOUND('',#251,.T.);
#179=FACE_OUTER_BOUND('',#252,.T.);
#180=FACE_OUTER_BOUND('',#253,.T.);
#181=FACE_OUTER_BOUND('',#254,.T.);
#182=FACE_OUTER_BOUND('',#255,.T.);
#183=FACE_OUTER_BOUND('',#256,.T.);
#184=FACE_OUTER_BOUND('',#257,.T.);
#185=FACE_OUTER_BOUND('',#258,.T.);
#186=FACE_OUTER_BOUND('',#259,.T.);
#187=EDGE_LOOP('',(#670,#671,#672,#673));
#188=EDGE_LOOP('',(#674));
#189=EDGE_LOOP('',(#675,#676,#677,#678));
#190=EDGE_LOOP('',(#679,#680,#681,#682,#683));
#191=EDGE_LOOP('',(#684,#685,#686,#687,#688));
#192=EDGE_LOOP('',(#689,#690,#691,#692));
#193=EDGE_LOOP('',(#693,#694,#695,#696));
#194=EDGE_LOOP('',(#697,#698,#699,#700));
#195=EDGE_LOOP('',(#701,#702,#703,#704));
#196=EDGE_LOOP('',(#705,#706,#707,#708));
#197=EDGE_LOOP('',(#709,#710,#711,#712,#713));
#198=EDGE_LOOP('',(#714,#715,#716,#717));
#199=EDGE_LOOP('',(#718,#719,#720,#721));
#200=EDGE_LOOP('',(#722,#723,#724,#725));
#201=EDGE_LOOP('',(#726,#727,#728,#729));
#202=EDGE_LOOP('',(#730,#731,#732,#733));
#203=EDGE_LOOP('',(#734,#735,#736,#737,#738,#739,#740,#741));
#204=EDGE_LOOP('',(#742,#743,#744,#745));
#205=EDGE_LOOP('',(#746,#747,#748,#749,#750));
#206=EDGE_LOOP('',(#751,#752,#753,#754));
#207=EDGE_LOOP('',(#755,#756,#757,#758));
#208=EDGE_LOOP('',(#759,#760,#761,#762));
#209=EDGE_LOOP('',(#763,#764,#765,#766));
#210=EDGE_LOOP('',(#767,#768,#769,#770));
#211=EDGE_LOOP('',(#771,#772,#773,#774,#775,#776,#777));
#212=EDGE_LOOP('',(#778,#779,#780,#781));
#213=EDGE_LOOP('',(#782,#783,#784,#785,#786));
#214=EDGE_LOOP('',(#787,#788,#789,#790));
#215=EDGE_LOOP('',(#791,#792,#793,#794));
#216=EDGE_LOOP('',(#795,#796,#797,#798));
#217=EDGE_LOOP('',(#799,#800,#801,#802));
#218=EDGE_LOOP('',(#803,#804,#805,#806));
#219=EDGE_LOOP('',(#807,#808,#809,#810,#811,#812,#813));
#220=EDGE_LOOP('',(#814,#815,#816,#817,#818));
#221=EDGE_LOOP('',(#819,#820,#821,#822,#823));
#222=EDGE_LOOP('',(#824,#825,#826,#827));
#223=EDGE_LOOP('',(#828,#829,#830));
#224=EDGE_LOOP('',(#831,#832,#833));
#225=EDGE_LOOP('',(#834,#835,#836));
#226=EDGE_LOOP('',(#837,#838,#839,#840,#841));
#227=EDGE_LOOP('',(#842,#843,#844,#845,#846));
#228=EDGE_LOOP('',(#847,#848,#849,#850));
#229=EDGE_LOOP('',(#851,#852,#853));
#230=EDGE_LOOP('',(#854,#855,#856));
#231=EDGE_LOOP('',(#857,#858,#859));
#232=EDGE_LOOP('',(#860,#861,#862,#863,#864));
#233=EDGE_LOOP('',(#865,#866,#867,#868,#869));
#234=EDGE_LOOP('',(#870,#871,#872,#873));
#235=EDGE_LOOP('',(#874,#875,#876));
#236=EDGE_LOOP('',(#877,#878,#879));
#237=EDGE_LOOP('',(#880,#881,#882));
#238=EDGE_LOOP('',(#883,#884,#885,#886,#887,#888));
#239=EDGE_LOOP('',(#889,#890,#891,#892,#893));
#240=EDGE_LOOP('',(#894,#895,#896,#897,#898));
#241=EDGE_LOOP('',(#899,#900,#901,#902,#903,#904,#905,#906,#907,#908,#909,
#910,#911,#912,#913));
#242=EDGE_LOOP('',(#914,#915,#916,#917,#918,#919));
#243=EDGE_LOOP('',(#920,#921,#922,#923,#924,#925));
#244=EDGE_LOOP('',(#926,#927,#928,#929,#930,#931));
#245=EDGE_LOOP('',(#932,#933,#934,#935));
#246=EDGE_LOOP('',(#936,#937,#938,#939,#940));
#247=EDGE_LOOP('',(#941,#942,#943,#944));
#248=EDGE_LOOP('',(#945,#946,#947,#948));
#249=EDGE_LOOP('',(#949,#950,#951,#952));
#250=EDGE_LOOP('',(#953,#954,#955,#956));
#251=EDGE_LOOP('',(#957,#958,#959,#960));
#252=EDGE_LOOP('',(#961,#962,#963,#964,#965,#966,#967));
#253=EDGE_LOOP('',(#968,#969,#970,#971,#972));
#254=EDGE_LOOP('',(#973,#974,#975,#976,#977));
#255=EDGE_LOOP('',(#978,#979,#980,#981));
#256=EDGE_LOOP('',(#982,#983,#984));
#257=EDGE_LOOP('',(#985,#986,#987));
#258=EDGE_LOOP('',(#988,#989,#990));
#259=EDGE_LOOP('',(#991,#992,#993,#994,#995));
#260=CIRCLE('',#1160,15.4);
#261=CIRCLE('',#1161,15.);
#262=CIRCLE('',#1163,25.);
#263=CIRCLE('',#1168,15.);
#264=CIRCLE('',#1170,27.0016968555643);
#265=CIRCLE('',#1171,25.);
#266=CIRCLE('',#1172,25.);
#267=CIRCLE('',#1173,1.00000000000002);
#268=CIRCLE('',#1174,1.);
#269=CIRCLE('',#1175,1.);
#270=CIRCLE('',#1176,0.999999999999999);
#271=CIRCLE('',#1177,1.);
#272=CIRCLE('',#1178,2.);
#273=CIRCLE('',#1179,0.999999999999988);
#274=CIRCLE('',#1180,1.);
#275=CIRCLE('',#1181,1.);
#276=CIRCLE('',#1182,1.);
#277=CIRCLE('',#1183,1.);
#278=CIRCLE('',#1184,2.00000000000001);
#279=CIRCLE('',#1185,1.00000000000001);
#280=CIRCLE('',#1186,1.);
#281=CIRCLE('',#1187,1.);
#282=CIRCLE('',#1188,1.);
#283=CIRCLE('',#1189,1.00000000000001);
#284=CIRCLE('',#1190,2.00000000000001);
#285=CIRCLE('',#1191,2.);
#286=CIRCLE('',#1192,2.00000000000001);
#287=CIRCLE('',#1193,2.);
#288=CIRCLE('',#1197,2.);
#289=CIRCLE('',#1198,1.99999999999999);
#290=CIRCLE('',#1199,2.);
#291=CIRCLE('',#1203,2.);
#292=CIRCLE('',#1204,2.);
#293=CIRCLE('',#1205,2.00000000000001);
#294=CIRCLE('',#1210,1.);
#295=CIRCLE('',#1211,1.);
#296=CIRCLE('',#1212,1.);
#297=CIRCLE('',#1213,0.999999999999997);
#298=CIRCLE('',#1214,1.);
#299=CIRCLE('',#1215,1.99999999999999);
#300=CIRCLE('',#1216,2.);
#301=CIRCLE('',#1217,1.99999999999999);
#302=CIRCLE('',#1218,2.);
#303=B_SPLINE_CURVE_WITH_KNOTS('',3,(#1370,#1371,#1372,#1373,#1374,#1375,
#1376,#1377,#1378,#1379),.UNSPECIFIED.,.F.,.F.,(4,2,2,2,4),(0.121895389034652,
0.136431790279863,0.151415184310629,0.166936013608601,0.18288469297698),
 .UNSPECIFIED.);
#304=B_SPLINE_CURVE_WITH_KNOTS('',3,(#1383,#1384,#1385,#1386,#1387,#1388,
#1389,#1390,#1391,#1392),.UNSPECIFIED.,.F.,.F.,(4,2,2,2,4),(0.0609060850923245,
0.0768547644607031,0.0923755937586753,0.107358987789442,0.121895389034652),
 .UNSPECIFIED.);
#305=B_SPLINE_CURVE_WITH_KNOTS('',3,(#1580,#1581,#1582,#1583,#1584,#1585,
#1586,#1587,#1588,#1589,#1590,#1591,#1592,#1593,#1594,#1595,#1596,#1597,
#1598,#1599),.UNSPECIFIED.,.F.,.F.,(4,2,2,2,2,2,2,2,2,4),(0.,0.110009288711525,
0.177349522310039,0.221557189147466,0.253250002769273,0.282875618368994,
0.317926931973631,0.372584332828631,0.468393712678684,0.608181751143359),
 .UNSPECIFIED.);
#306=B_SPLINE_CURVE_WITH_KNOTS('',3,(#1601,#1602,#1603,#1604,#1605,#1606,
#1607,#1608,#1609,#1610,#1611,#1612,#1613,#1614,#1615,#1616,#1617),
 .UNSPECIFIED.,.F.,.F.,(4,1,1,1,1,1,1,1,1,1,1,1,1,1,4),(-13.5223358783789,
-13.4172460424466,-13.2952710784243,-13.1732961144021,-12.6853962583131,
-11.7095965461352,-9.75799712177932,-8.78219740960139,-7.80639769742345,
-6.50533141451954,-5.85479827306759,-4.55373199016368,-3.90319884871173,
-1.95159942435586,0.),.UNSPECIFIED.);
#307=B_SPLINE_CURVE_WITH_KNOTS('',3,(#1620,#1621,#1622,#1623,#1624,#1625,
#1626,#1627,#1628,#1629,#1630,#1631,#1632,#1633,#1634,#1635,#1636),
 .UNSPECIFIED.,.F.,.F.,(4,1,1,1,1,1,1,1,1,1,1,1,1,1,4),(0.,1.95159942435586,
3.90319884871173,4.55373199016368,5.85479827306759,6.50533141451954,7.80639769742345,
8.78219740960139,9.75799712177932,11.7095965461352,12.6853962583131,13.1732961144021,
13.2952710784243,13.4172460424466,13.4639343284147),.UNSPECIFIED.);
#308=B_SPLINE_CURVE_WITH_KNOTS('',3,(#1681,#1682,#1683,#1684,#1685,#1686,
#1687,#1688),.UNSPECIFIED.,.F.,.F.,(4,2,2,4),(-0.0266288884198476,0.,0.788455997710515,
0.989301783770974),.UNSPECIFIED.);
#309=B_SPLINE_CURVE_WITH_KNOTS('',3,(#1690,#1691,#1692,#1693,#1694,#1695,
#1696,#1697,#1698,#1699,#1700,#1701,#1702,#1703,#1704,#1705,#1706,#1707,
#1708,#1709,#1710,#1711,#1712,#1713,#1714,#1715,#1716,#1717,#1718,#1719,
#1720,#1721,#1722,#1723,#1724,#1725,#1726,#1727,#1728,#1729,#1730,#1731,
#1732,#1733,#1734,#1735,#1736,#1737,#1738,#1739,#1740,#1741,#1742,#1743,
#1744,#1745,#1746,#1747,#1748,#1749,#1750,#1751,#1752,#1753),
 .UNSPECIFIED.,.F.,.F.,(4,3,3,3,3,3,3,3,3,3,3,3,3,3,3,3,3,3,3,3,3,4),(0.,
0.0132546708347032,0.0267271738504525,0.0394035262035656,0.0528162147217123,
0.0660547188070363,0.0686394925583892,0.0785498590376379,0.0918040865845625,
0.105160851241172,0.117420199182154,0.130806446592839,0.136957682757705,
0.150320696043669,0.15625386892906,0.169560699491386,0.182919569685726,
0.188221307039471,0.195273180634169,0.208651935550581,0.217357035333558,
0.226452782116549),.UNSPECIFIED.);
#310=B_SPLINE_CURVE_WITH_KNOTS('',3,(#1755,#1756,#1757,#1758,#1759,#1760),
 .UNSPECIFIED.,.F.,.F.,(4,1,1,4),(-2.07084509318968E-15,1.28155561664323,
2.56311123328646,4.48544465825131),.UNSPECIFIED.);
#311=B_SPLINE_CURVE_WITH_KNOTS('',3,(#1763,#1764,#1765,#1766,#1767,#1768),
 .UNSPECIFIED.,.F.,.F.,(4,1,1,4),(-4.48544465825131,-2.56311123328646,-1.28155561664323,
-1.03902524570181),.UNSPECIFIED.);
#312=B_SPLINE_CURVE_WITH_KNOTS('',3,(#1820,#1821,#1822,#1823,#1824,#1825,
#1826,#1827),.UNSPECIFIED.,.F.,.F.,(4,1,1,1,1,4),(-6.89021759145106,-4.92158399389361,
-2.95295039633617,-1.96863359755744,-0.984316798778722,0.),
 .UNSPECIFIED.);
#313=B_SPLINE_CURVE_WITH_KNOTS('',3,(#1828,#1829,#1830,#1831,#1832,#1833,
#1834,#1835),.UNSPECIFIED.,.F.,.F.,(4,1,1,1,1,4),(0.,0.984316798778722,
1.96863359755744,2.95295039633617,4.92158399389361,6.89021759145106),
 .UNSPECIFIED.);
#314=B_SPLINE_CURVE_WITH_KNOTS('',3,(#1859,#1860,#1861,#1862),
 .UNSPECIFIED.,.F.,.F.,(4,4),(-2.15133256961227,0.),.UNSPECIFIED.);
#315=B_SPLINE_CURVE_WITH_KNOTS('',3,(#1863,#1864,#1865,#1866),
 .UNSPECIFIED.,.F.,.F.,(4,4),(0.,2.15133256961227),.UNSPECIFIED.);
#316=B_SPLINE_CURVE_WITH_KNOTS('',3,(#1905,#1906,#1907,#1908,#1909,#1910,
#1911),.UNSPECIFIED.,.F.,.F.,(4,1,1,1,4),(-16.2715210405663,-13.9470180347711,
-9.29801202318072,-4.64900601159036,-2.01316276700617E-15),
 .UNSPECIFIED.);
#317=B_SPLINE_CURVE_WITH_KNOTS('',3,(#1912,#1913,#1914,#1915,#1916,#1917,
#1918),.UNSPECIFIED.,.F.,.F.,(4,1,1,1,4),(2.01316276700617E-15,4.64900601159036,
9.29801202318072,13.9470180347711,16.2715210405663),.UNSPECIFIED.);
#318=B_SPLINE_CURVE_WITH_KNOTS('',3,(#1989,#1990,#1991,#1992,#1993,#1994,
#1995,#1996,#1997,#1998,#1999,#2000,#2001,#2002),.UNSPECIFIED.,.F.,.F.,
(4,1,1,1,1,1,1,1,1,1,1,4),(-0.253191497732799,-0.244148944242342,-0.235106390751885,
-0.217021283770971,-0.180851069809143,-0.144680855847316,-0.117553195375945,
-0.0723404279236602,-0.0361702139618324,-0.0180851069809186,-0.00904255349046163,
-4.69517917099026E-15),.UNSPECIFIED.);
#319=B_SPLINE_CURVE_WITH_KNOTS('',3,(#2003,#2004,#2005,#2006,#2007,#2008,
#2009,#2010,#2011,#2012,#2013,#2014,#2015,#2016),.UNSPECIFIED.,.F.,.F.,
(4,1,1,1,1,1,1,1,1,1,1,4),(4.69517917099026E-15,0.00904255349046163,0.0180851069809186,
0.0361702139618324,0.0723404279236602,0.117553195375945,0.144680855847316,
0.180851069809143,0.217021283770971,0.235106390751885,0.244148944242342,
0.253191497732799),.UNSPECIFIED.);
#320=B_SPLINE_CURVE_WITH_KNOTS('',3,(#2108,#2109,#2110,#2111),
 .UNSPECIFIED.,.F.,.F.,(4,4),(0.,0.142486774924411),.UNSPECIFIED.);
#321=B_SPLINE_CURVE_WITH_KNOTS('',3,(#2113,#2114,#2115,#2116,#2117,#2118,
#2119,#2120,#2121,#2122,#2123,#2124,#2125,#2126,#2127,#2128,#2129,#2130),
 .UNSPECIFIED.,.F.,.F.,(4,1,1,1,1,1,1,1,1,1,1,1,1,1,1,4),(-13.63142761336,
-12.7815326835393,-12.2899352726339,-11.7983378617285,-10.8151430399178,
-9.83194821810712,-9.09455210174909,-8.84875339629641,-7.8655585744857,
-6.88236375267499,-6.14496763631695,-5.89916893086427,-4.91597410905356,
-3.93277928724285,-2.45798705452678,0.),.UNSPECIFIED.);
#322=B_SPLINE_CURVE_WITH_KNOTS('',3,(#2177,#2178,#2179,#2180,#2181,#2182,
#2183,#2184,#2185,#2186,#2187,#2188,#2189,#2190,#2191,#2192,#2193,#2194,
#2195,#2196,#2197,#2198),.UNSPECIFIED.,.F.,.F.,(4,3,3,3,3,3,3,4),(-1.5707963267949,
-1.41371669411541,-1.17809724509617,-0.942477796076938,-0.706858347057703,
-0.471238898038469,-0.235619449019234,-0.0690945945358559),
 .UNSPECIFIED.);
#323=B_SPLINE_CURVE_WITH_KNOTS('',3,(#2199,#2200,#2201,#2202,#2203,#2204,
#2205),.UNSPECIFIED.,.F.,.F.,(4,3,4),(-1.7372997935518,-1.64933614313464,
-1.5707963267949),.UNSPECIFIED.);
#324=B_SPLINE_CURVE_WITH_KNOTS('',3,(#2327,#2328,#2329,#2330,#2331,#2332,
#2333,#2334,#2335,#2336,#2337,#2338,#2339,#2340,#2341,#2342,#2343,#2344,
#2345,#2346),.UNSPECIFIED.,.F.,.F.,(4,2,2,2,2,2,2,2,2,4),(0.,0.110009288712992,
0.177349522307032,0.221557189137214,0.253250002753888,0.282875618348817,
0.317926931947716,0.372584332793863,0.468393712631098,0.608181751081368),
 .UNSPECIFIED.);
#325=B_SPLINE_CURVE_WITH_KNOTS('',3,(#2348,#2349,#2350,#2351,#2352,#2353,
#2354,#2355,#2356,#2357,#2358,#2359,#2360,#2361,#2362,#2363),
 .UNSPECIFIED.,.F.,.F.,(4,1,1,1,1,1,1,1,1,1,1,1,1,4),(-13.5223746722046,
-13.4172460424466,-13.1732961144021,-12.6853962583131,-11.7095965461352,
-9.75799712177935,-8.78219740960141,-7.80639769742348,-6.50533141451956,
-5.85479827306761,-4.5537319901637,-3.90319884871174,-1.95159942435587,
0.),.UNSPECIFIED.);
#326=B_SPLINE_CURVE_WITH_KNOTS('',3,(#2366,#2367,#2368,#2369,#2370,#2371,
#2372,#2373,#2374,#2375,#2376,#2377,#2378,#2379,#2380,#2381),
 .UNSPECIFIED.,.F.,.F.,(4,1,1,1,1,1,1,1,1,1,1,1,1,4),(0.,1.95159942435587,
3.90319884871174,4.5537319901637,5.85479827306761,6.50533141451956,7.80639769742348,
8.78219740960141,9.75799712177935,11.7095965461352,12.6853962583131,13.1732961144021,
13.4172460424466,13.463897014575),.UNSPECIFIED.);
#327=B_SPLINE_CURVE_WITH_KNOTS('',3,(#2426,#2427,#2428,#2429,#2430,#2431,
#2432,#2433),.UNSPECIFIED.,.F.,.F.,(4,2,2,4),(-0.0266288885531867,0.,0.788455999178672,
0.989301785631213),.UNSPECIFIED.);
#328=B_SPLINE_CURVE_WITH_KNOTS('',3,(#2435,#2436,#2437,#2438,#2439,#2440,
#2441,#2442,#2443,#2444,#2445,#2446,#2447,#2448,#2449,#2450,#2451,#2452,
#2453,#2454,#2455,#2456,#2457,#2458,#2459,#2460,#2461,#2462,#2463,#2464,
#2465,#2466,#2467,#2468,#2469,#2470,#2471,#2472,#2473,#2474,#2475,#2476,
#2477,#2478,#2479,#2480,#2481,#2482,#2483,#2484,#2485,#2486,#2487,#2488,
#2489,#2490,#2491,#2492,#2493,#2494,#2495,#2496,#2497,#2498),
 .UNSPECIFIED.,.F.,.F.,(4,3,3,3,3,3,3,3,3,3,3,3,3,3,3,3,3,3,3,3,3,4),(0.,
0.0132546708347049,0.0267271738504533,0.0394035262035655,0.0528162147216981,
0.0660547188070062,0.0686394925583909,0.0785498590376409,0.0918040865845813,
0.105160851241203,0.117420199182161,0.130806446592851,0.136957682757713,
0.15032069604368,0.156253868929069,0.169560699491387,0.182919569685713,
0.188221307039483,0.195273180634181,0.20865193555062,0.217357035333571,
0.226452782116563),.UNSPECIFIED.);
#329=B_SPLINE_CURVE_WITH_KNOTS('',3,(#2500,#2501,#2502,#2503,#2504,#2505),
 .UNSPECIFIED.,.F.,.F.,(4,1,1,4),(-2.79318882815569E-16,1.28155561664323,
2.56311123328646,4.48544465825131),.UNSPECIFIED.);
#330=B_SPLINE_CURVE_WITH_KNOTS('',3,(#2508,#2509,#2510,#2511,#2512,#2513),
 .UNSPECIFIED.,.F.,.F.,(4,1,1,4),(-4.48544465825131,-2.56311123328646,-1.28155561664323,
-1.03902524570313),.UNSPECIFIED.);
#331=B_SPLINE_CURVE_WITH_KNOTS('',3,(#2559,#2560,#2561,#2562,#2563,#2564,
#2565),.UNSPECIFIED.,.F.,.F.,(4,1,1,1,4),(-6.89021759147674,-4.92158399391196,
-2.95295039634718,-0.984316798782392,0.),.UNSPECIFIED.);
#332=B_SPLINE_CURVE_WITH_KNOTS('',3,(#2566,#2567,#2568,#2569,#2570,#2571,
#2572),.UNSPECIFIED.,.F.,.F.,(4,1,1,1,4),(0.,0.984316798782392,2.95295039634718,
4.92158399391196,6.89021759147674),.UNSPECIFIED.);
#333=B_SPLINE_CURVE_WITH_KNOTS('',3,(#2596,#2597,#2598,#2599),
 .UNSPECIFIED.,.F.,.F.,(4,4),(-2.15133256958742,0.),.UNSPECIFIED.);
#334=B_SPLINE_CURVE_WITH_KNOTS('',3,(#2600,#2601,#2602,#2603),
 .UNSPECIFIED.,.F.,.F.,(4,4),(0.,2.15133256958742),.UNSPECIFIED.);
#335=B_SPLINE_CURVE_WITH_KNOTS('',3,(#2642,#2643,#2644,#2645,#2646,#2647,
#2648),.UNSPECIFIED.,.F.,.F.,(4,1,1,1,4),(-16.2715210405663,-11.6225150289759,
-6.97350901738554,-4.64900601159036,-1.60764104754952E-15),
 .UNSPECIFIED.);
#336=B_SPLINE_CURVE_WITH_KNOTS('',3,(#2649,#2650,#2651,#2652,#2653,#2654,
#2655),.UNSPECIFIED.,.F.,.F.,(4,1,1,1,4),(1.60764104754952E-15,4.64900601159036,
6.97350901738554,11.6225150289759,16.2715210405663),.UNSPECIFIED.);
#337=B_SPLINE_CURVE_WITH_KNOTS('',3,(#2726,#2727,#2728,#2729,#2730,#2731,
#2732,#2733,#2734,#2735,#2736,#2737,#2738,#2739),.UNSPECIFIED.,.F.,.F.,
(4,1,1,1,1,1,1,1,1,1,1,4),(-0.253191497732797,-0.244148944242341,-0.235106390751884,
-0.21702128377097,-0.180851069809143,-0.144680855847315,-0.117553195375945,
-0.0723404279236605,-0.0361702139618331,-0.0180851069809194,-0.0090425534904626,
-5.75223095024635E-15),.UNSPECIFIED.);
#338=B_SPLINE_CURVE_WITH_KNOTS('',3,(#2740,#2741,#2742,#2743,#2744,#2745,
#2746,#2747,#2748,#2749,#2750,#2751,#2752,#2753),.UNSPECIFIED.,.F.,.F.,
(4,1,1,1,1,1,1,1,1,1,1,4),(5.75223095024635E-15,0.0090425534904626,0.0180851069809194,
0.0361702139618331,0.0723404279236605,0.117553195375945,0.144680855847315,
0.180851069809143,0.21702128377097,0.235106390751884,0.244148944242341,
0.253191497732797),.UNSPECIFIED.);
#339=B_SPLINE_CURVE_WITH_KNOTS('',3,(#2835,#2836,#2837,#2838),
 .UNSPECIFIED.,.F.,.F.,(4,4),(0.,0.142486774924407),.UNSPECIFIED.);
#340=B_SPLINE_CURVE_WITH_KNOTS('',3,(#2840,#2841,#2842,#2843,#2844,#2845,
#2846,#2847,#2848,#2849,#2850,#2851,#2852,#2853,#2854,#2855),
 .UNSPECIFIED.,.F.,.F.,(4,1,1,1,1,1,1,1,1,1,1,1,1,4),(-13.6314301581829,
-12.7815326835393,-12.2899352726339,-11.7983378617285,-10.8151430399178,
-9.83194821810712,-8.84875339629641,-7.8655585744857,-6.88236375267498,
-5.89916893086427,-4.91597410905356,-3.93277928724285,-1.96638964362142,
0.),.UNSPECIFIED.);
#341=B_SPLINE_CURVE_WITH_KNOTS('',3,(#2901,#2902,#2903,#2904,#2905,#2906,
#2907,#2908,#2909,#2910,#2911,#2912,#2913,#2914,#2915,#2916,#2917,#2918,
#2919,#2920,#2921,#2922,#2923,#2924,#2925),.UNSPECIFIED.,.F.,.F.,(4,3,3,
3,3,3,3,3,4),(-1.73729979355179,-1.64933614313464,-1.41371669411541,-1.17809724509617,
-0.942477796076938,-0.706858347057704,-0.471238898038469,-0.235619449019234,
-0.0690945945358558),.UNSPECIFIED.);
#342=B_SPLINE_CURVE_WITH_KNOTS('',3,(#3047,#3048,#3049,#3050,#3051,#3052,
#3053,#3054,#3055,#3056,#3057,#3058,#3059,#3060,#3061,#3062,#3063,#3064,
#3065,#3066),.UNSPECIFIED.,.F.,.F.,(4,2,2,2,2,2,2,2,2,4),(0.,0.110009288712866,
0.177349522308201,0.221557189140776,0.253250002759078,0.28287561835534,
0.317926931955565,0.372584332803748,0.468393712641542,0.60818175108835),
 .UNSPECIFIED.);
#343=B_SPLINE_CURVE_WITH_KNOTS('',3,(#3068,#3069,#3070,#3071,#3072,#3073,
#3074,#3075,#3076,#3077,#3078,#3079,#3080,#3081,#3082,#3083),
 .UNSPECIFIED.,.F.,.F.,(4,1,1,1,1,1,1,1,1,1,1,1,1,4),(-13.5223746722046,
-13.4172460424466,-13.1732961144021,-12.6853962583131,-11.7095965461352,
-9.75799712177932,-8.78219740960139,-7.80639769742346,-6.50533141451955,
-5.85479827306759,-4.55373199016368,-3.90319884871173,-1.95159942435586,
0.),.UNSPECIFIED.);
#344=B_SPLINE_CURVE_WITH_KNOTS('',3,(#3086,#3087,#3088,#3089,#3090,#3091,
#3092,#3093,#3094,#3095,#3096,#3097,#3098,#3099,#3100,#3101),
 .UNSPECIFIED.,.F.,.F.,(4,1,1,1,1,1,1,1,1,1,1,1,1,4),(0.,1.95159942435586,
3.90319884871173,4.55373199016368,5.85479827306759,6.50533141451955,7.80639769742346,
8.78219740960139,9.75799712177932,11.7095965461352,12.6853962583131,13.1732961144021,
13.4172460424466,13.463897014575),.UNSPECIFIED.);
#345=B_SPLINE_CURVE_WITH_KNOTS('',3,(#3146,#3147,#3148,#3149,#3150,#3151,
#3152,#3153),.UNSPECIFIED.,.F.,.F.,(4,2,2,4),(-0.0266288874160617,0.,0.788455987965844,
0.989301771412163),.UNSPECIFIED.);
#346=B_SPLINE_CURVE_WITH_KNOTS('',3,(#3155,#3156,#3157,#3158,#3159,#3160,
#3161,#3162,#3163,#3164,#3165,#3166,#3167,#3168,#3169,#3170,#3171,#3172,
#3173,#3174,#3175,#3176,#3177,#3178,#3179,#3180,#3181,#3182,#3183,#3184,
#3185,#3186,#3187,#3188,#3189,#3190,#3191,#3192,#3193,#3194,#3195,#3196,
#3197,#3198,#3199,#3200,#3201,#3202,#3203,#3204,#3205,#3206,#3207,#3208,
#3209,#3210,#3211,#3212,#3213,#3214,#3215,#3216,#3217,#3218),
 .UNSPECIFIED.,.F.,.F.,(4,3,3,3,3,3,3,3,3,3,3,3,3,3,3,3,3,3,3,3,3,4),(0.,
0.0132546708347026,0.0267271738504506,0.0394035262035657,0.0528162147217136,
0.0660547188070409,0.0686394925583892,0.078549859037638,0.0918040865845699,
0.105160851241183,0.117420199182154,0.130806446592841,0.136957682757704,
0.150320696043675,0.156253868929059,0.169560699491366,0.182919569685689,
0.18822130703947,0.195273180634167,0.208651935550644,0.217357035333556,
0.226452782116547),.UNSPECIFIED.);
#347=B_SPLINE_CURVE_WITH_KNOTS('',3,(#3220,#3221,#3222,#3223,#3224,#3225),
 .UNSPECIFIED.,.F.,.F.,(4,1,1,4),(-2.72888677834837E-16,1.28155561664323,
2.56311123328646,4.48544465825131),.UNSPECIFIED.);
#348=B_SPLINE_CURVE_WITH_KNOTS('',3,(#3228,#3229,#3230,#3231,#3232,#3233),
 .UNSPECIFIED.,.F.,.F.,(4,1,1,4),(-4.48544465825131,-2.56311123328646,-1.28155561664323,
-1.03902524570774),.UNSPECIFIED.);
#349=B_SPLINE_CURVE_WITH_KNOTS('',3,(#3279,#3280,#3281,#3282,#3283,#3284,
#3285),.UNSPECIFIED.,.F.,.F.,(4,1,1,1,4),(-6.89021759152069,-4.92158399394335,
-2.95295039636601,-0.984316798788669,0.),.UNSPECIFIED.);
#350=B_SPLINE_CURVE_WITH_KNOTS('',3,(#3286,#3287,#3288,#3289,#3290,#3291,
#3292),.UNSPECIFIED.,.F.,.F.,(4,1,1,1,4),(0.,0.984316798788669,2.95295039636601,
4.92158399394335,6.89021759152069),.UNSPECIFIED.);
#351=B_SPLINE_CURVE_WITH_KNOTS('',3,(#3316,#3317,#3318,#3319),
 .UNSPECIFIED.,.F.,.F.,(4,4),(-2.15133256954488,-8.91574141406853E-13),
 .UNSPECIFIED.);
#352=B_SPLINE_CURVE_WITH_KNOTS('',3,(#3320,#3321,#3322,#3323),
 .UNSPECIFIED.,.F.,.F.,(4,4),(8.91574141406853E-13,2.15133256954488),
 .UNSPECIFIED.);
#353=B_SPLINE_CURVE_WITH_KNOTS('',3,(#3362,#3363,#3364,#3365,#3366,#3367,
#3368),.UNSPECIFIED.,.F.,.F.,(4,1,1,1,4),(-16.2715210405663,-11.6225150289759,
-6.97350901738554,-4.64900601159036,-1.48922617036685E-15),
 .UNSPECIFIED.);
#354=B_SPLINE_CURVE_WITH_KNOTS('',3,(#3369,#3370,#3371,#3372,#3373,#3374,
#3375),.UNSPECIFIED.,.F.,.F.,(4,1,1,1,4),(1.48922617036685E-15,4.64900601159036,
6.97350901738554,11.6225150289759,16.2715210405663),.UNSPECIFIED.);
#355=B_SPLINE_CURVE_WITH_KNOTS('',3,(#3441,#3442,#3443,#3444,#3445,#3446,
#3447,#3448,#3449,#3450,#3451,#3452,#3453),.UNSPECIFIED.,.F.,.F.,(4,1,1,
1,1,1,1,1,1,1,4),(-0.253191497732796,-0.244148944242339,-0.235106390751882,
-0.217021283770969,-0.180851069809141,-0.144680855847314,-0.108510641885487,
-0.0723404279236592,-0.0361702139618318,-0.0180851069809181,-4.46296091053934E-15),
 .UNSPECIFIED.);
#356=B_SPLINE_CURVE_WITH_KNOTS('',3,(#3454,#3455,#3456,#3457,#3458,#3459,
#3460,#3461,#3462,#3463,#3464,#3465,#3466),.UNSPECIFIED.,.F.,.F.,(4,1,1,
1,1,1,1,1,1,1,4),(4.46296091053934E-15,0.0180851069809181,0.0361702139618318,
0.0723404279236592,0.108510641885487,0.144680855847314,0.180851069809141,
0.217021283770969,0.235106390751882,0.244148944242339,0.253191497732796),
 .UNSPECIFIED.);
#357=B_SPLINE_CURVE_WITH_KNOTS('',3,(#3548,#3549,#3550,#3551),
 .UNSPECIFIED.,.F.,.F.,(4,4),(0.,0.142486774924411),.UNSPECIFIED.);
#358=B_SPLINE_CURVE_WITH_KNOTS('',3,(#3553,#3554,#3555,#3556,#3557,#3558,
#3559,#3560,#3561,#3562,#3563,#3564,#3565,#3566,#3567,#3568),
 .UNSPECIFIED.,.F.,.F.,(4,1,1,1,1,1,1,1,1,1,1,1,1,4),(-13.6314301581829,
-12.7815326835393,-12.2899352726339,-11.7983378617285,-10.8151430399178,
-9.83194821810712,-8.84875339629641,-7.8655585744857,-6.88236375267498,
-5.89916893086427,-4.91597410905356,-3.93277928724285,-1.96638964362142,
0.),.UNSPECIFIED.);
#359=B_SPLINE_CURVE_WITH_KNOTS('',3,(#3614,#3615,#3616,#3617,#3618,#3619,
#3620,#3621,#3622,#3623,#3624,#3625,#3626,#3627,#3628,#3629,#3630,#3631,
#3632,#3633,#3634,#3635,#3636,#3637,#3638),.UNSPECIFIED.,.F.,.F.,(4,3,3,
3,3,3,3,3,4),(-1.7372997935518,-1.64933614313464,-1.41371669411541,-1.17809724509617,
-0.942477796076938,-0.706858347057703,-0.471238898038469,-0.235619449019234,
-0.0690945945358558),.UNSPECIFIED.);
#360=B_SPLINE_CURVE_WITH_KNOTS('',3,(#3665,#3666,#3667,#3668,#3669),
 .UNSPECIFIED.,.F.,.F.,(4,1,4),(-3.44571965286227,-1.92270949778191,0.),
 .UNSPECIFIED.);
#361=B_SPLINE_CURVE_WITH_KNOTS('',3,(#3673,#3674,#3675,#3676,#3677),
 .UNSPECIFIED.,.F.,.F.,(4,1,4),(0.,1.92270949778191,4.48632216149112),
 .UNSPECIFIED.);
#362=B_SPLINE_CURVE_WITH_KNOTS('',3,(#3678,#3679,#3680,#3681,#3682,#3683),
 .UNSPECIFIED.,.F.,.F.,(4,2,4),(0.018347384729502,0.0758907826683211,0.151710054186903),
 .UNSPECIFIED.);
#363=B_SPLINE_CURVE_WITH_KNOTS('',3,(#3736,#3737,#3738,#3739,#3740,#3741,
#3742,#3743,#3744,#3745),.UNSPECIFIED.,.F.,.F.,(4,1,1,1,1,1,1,4),(0.,1.26137828260864,
2.52275656521728,3.78413484782592,5.04551313043456,6.30689141304319,7.56826969565183,
8.82964797826047),.UNSPECIFIED.);
#364=B_SPLINE_CURVE_WITH_KNOTS('',3,(#3746,#3747,#3748,#3749,#3750,#3751,
#3752,#3753,#3754),.UNSPECIFIED.,.F.,.F.,(4,1,1,1,1,1,4),(-8.82964797826047,
-7.56826969565183,-6.30689141304319,-5.04551313043456,-3.78413484782592,
-2.52275656521728,-2.10238659334215),.UNSPECIFIED.);
#365=B_SPLINE_CURVE_WITH_KNOTS('',3,(#3791,#3792,#3793,#3794,#3795,#3796,
#3797),.UNSPECIFIED.,.F.,.F.,(4,1,1,1,4),(-16.146543634167,-11.5332454529764,
-6.91994727178586,-2.30664909059529,-2.77661292230827E-16),
 .UNSPECIFIED.);
#366=B_SPLINE_CURVE_WITH_KNOTS('',3,(#3828,#3829,#3830,#3831,#3832),
 .UNSPECIFIED.,.F.,.F.,(4,1,4),(-3.44571965286095,-1.92270949778191,0.),
 .UNSPECIFIED.);
#367=B_SPLINE_CURVE_WITH_KNOTS('',3,(#3836,#3837,#3838,#3839,#3840),
 .UNSPECIFIED.,.F.,.F.,(4,1,4),(0.,1.92270949778191,4.48632216149112),
 .UNSPECIFIED.);
#368=B_SPLINE_CURVE_WITH_KNOTS('',3,(#3841,#3842,#3843,#3844,#3845,#3846),
 .UNSPECIFIED.,.F.,.F.,(4,2,4),(0.0183473847295021,0.075890782668321,0.151710054186904),
 .UNSPECIFIED.);
#369=B_SPLINE_CURVE_WITH_KNOTS('',3,(#3899,#3900,#3901,#3902,#3903,#3904,
#3905,#3906,#3907,#3908),.UNSPECIFIED.,.F.,.F.,(4,1,1,1,1,1,1,4),(0.,1.26137828260864,
2.52275656521728,3.78413484782592,5.04551313043456,6.3068914130432,7.56826969565183,
8.82964797826047),.UNSPECIFIED.);
#370=B_SPLINE_CURVE_WITH_KNOTS('',3,(#3909,#3910,#3911,#3912,#3913,#3914,
#3915,#3916,#3917),.UNSPECIFIED.,.F.,.F.,(4,1,1,1,1,1,4),(-8.82964797826047,
-7.56826969565183,-6.3068914130432,-5.04551313043456,-3.78413484782592,
-2.52275656521728,-2.10238659331705),.UNSPECIFIED.);
#371=B_SPLINE_CURVE_WITH_KNOTS('',3,(#3954,#3955,#3956,#3957,#3958,#3959,
#3960),.UNSPECIFIED.,.F.,.F.,(4,1,1,1,4),(-16.146543634167,-11.5332454529764,
-6.91994727178586,-2.30664909059529,0.),.UNSPECIFIED.);
#372=B_SPLINE_CURVE_WITH_KNOTS('',3,(#3991,#3992,#3993,#3994,#3995),
 .UNSPECIFIED.,.F.,.F.,(4,1,4),(-3.44571965285633,-1.92270949778191,0.),
 .UNSPECIFIED.);
#373=B_SPLINE_CURVE_WITH_KNOTS('',3,(#3999,#4000,#4001,#4002,#4003),
 .UNSPECIFIED.,.F.,.F.,(4,1,4),(0.,1.92270949778191,4.48632216149112),
 .UNSPECIFIED.);
#374=B_SPLINE_CURVE_WITH_KNOTS('',3,(#4004,#4005,#4006,#4007,#4008,#4009),
 .UNSPECIFIED.,.F.,.F.,(4,2,4),(0.0183473847295017,0.0758907826683215,0.151710054186905),
 .UNSPECIFIED.);
#375=B_SPLINE_CURVE_WITH_KNOTS('',3,(#4062,#4063,#4064,#4065,#4066,#4067,
#4068,#4069,#4070,#4071),.UNSPECIFIED.,.F.,.F.,(4,1,1,1,1,1,1,4),(0.,1.26137828260864,
2.52275656521728,3.78413484782591,5.04551313043455,6.30689141304319,7.56826969565183,
8.82964797826047),.UNSPECIFIED.);
#376=B_SPLINE_CURVE_WITH_KNOTS('',3,(#4072,#4073,#4074,#4075,#4076,#4077,
#4078,#4079,#4080),.UNSPECIFIED.,.F.,.F.,(4,1,1,1,1,1,4),(-8.82964797826047,
-7.56826969565183,-6.30689141304319,-5.04551313043455,-3.78413484782591,
-2.52275656521728,-2.10238659327411),.UNSPECIFIED.);
#377=B_SPLINE_CURVE_WITH_KNOTS('',3,(#4117,#4118,#4119,#4120,#4121,#4122,
#4123),.UNSPECIFIED.,.F.,.F.,(4,1,1,1,4),(-16.146543634167,-11.5332454529764,
-6.91994727178586,-2.30664909059529,-1.27224370656221E-15),
 .UNSPECIFIED.);
#378=B_SPLINE_CURVE_WITH_KNOTS('',3,(#4173,#4174,#4175,#4176,#4177),
 .UNSPECIFIED.,.F.,.F.,(4,1,4),(1.5707963267949,1.64933614313464,1.65542378740912),
 .UNSPECIFIED.);
#379=B_SPLINE_CURVE_WITH_KNOTS('',3,(#4178,#4179,#4180,#4181,#4182,#4183,
#4184,#4185,#4186,#4187),.UNSPECIFIED.,.F.,.F.,(4,1,1,1,1,1,1,4),(0.0217973813027223,
0.235619449019234,0.471238898038469,0.706858347057703,0.942477796076938,
1.17809724509617,1.41371669411541,1.5707963267949),.UNSPECIFIED.);
#380=B_SPLINE_CURVE_WITH_KNOTS('',3,(#4232,#4233,#4234,#4235,#4236,#4237,
#4238,#4239,#4240,#4241,#4242),.UNSPECIFIED.,.F.,.F.,(4,1,1,1,1,1,1,1,4),
(0.0217973813027223,0.235619449019234,0.471238898038469,0.706858347057703,
0.942477796076938,1.17809724509617,1.41371669411541,1.64933614313464,1.65542378740912),
 .UNSPECIFIED.);
#381=B_SPLINE_CURVE_WITH_KNOTS('',3,(#4287,#4288,#4289,#4290,#4291,#4292,
#4293,#4294,#4295,#4296,#4297),.UNSPECIFIED.,.F.,.F.,(4,1,1,1,1,1,1,1,4),
(0.0217973813027223,0.235619449019234,0.471238898038469,0.706858347057703,
0.942477796076938,1.17809724509617,1.41371669411541,1.64933614313464,1.65542378740912),
 .UNSPECIFIED.);
#382=B_SPLINE_CURVE_WITH_KNOTS('',3,(#4303,#4304,#4305,#4306,#4307,#4308),
 .UNSPECIFIED.,.F.,.F.,(4,2,4),(0.0183473847295023,0.075890782668321,0.151710054186904),
 .UNSPECIFIED.);
#383=B_SPLINE_CURVE_WITH_KNOTS('',3,(#4310,#4311,#4312,#4313,#4314,#4315,
#4316,#4317,#4318,#4319,#4320),.UNSPECIFIED.,.F.,.F.,(4,1,1,1,1,1,1,1,4),
(0.0217973813027223,0.244537815319604,0.471295076789992,0.69805233826038,
0.924809599730768,1.15156686120116,1.37832412267154,1.60508138414193,1.65542378740912),
 .UNSPECIFIED.);
#384=B_SPLINE_CURVE_WITH_KNOTS('',3,(#4322,#4323,#4324,#4325),
 .UNSPECIFIED.,.F.,.F.,(4,4),(0.,0.142486774924414),.UNSPECIFIED.);
#385=B_SPLINE_CURVE_WITH_KNOTS('',3,(#4327,#4328,#4329,#4330,#4331,#4332,
#4333,#4334,#4335,#4336,#4337,#4338,#4339,#4340,#4341,#4342,#4343,#4344,
#4345,#4346),.UNSPECIFIED.,.F.,.F.,(4,2,2,2,2,2,2,2,2,4),(0.,0.110009288713746,
0.1773495223086,0.221557189139405,0.253250002756529,0.282875618351808,0.317926931950998,
0.372584332797601,0.468393712632188,0.608181751072901),.UNSPECIFIED.);
#386=B_SPLINE_CURVE_WITH_KNOTS('',3,(#4348,#4349,#4350,#4351,#4352,#4353,
#4354,#4355,#4356,#4357,#4358,#4359,#4360,#4361,#4362,#4363,#4364,#4365,
#4366,#4367,#4368,#4369,#4370,#4371,#4372),.UNSPECIFIED.,.F.,.F.,(4,3,3,
3,3,3,3,3,4),(-1.7372997935518,-1.6164564058438,-1.38805457262428,-1.15965273940477,
-0.931250906185257,-0.702849072965743,-0.47444723974623,-0.246045406526716,
-0.0690945945358558),.UNSPECIFIED.);
#387=B_SPLINE_CURVE_WITH_KNOTS('',3,(#4373,#4374,#4375,#4376,#4377,#4378,
#4379,#4380,#4381,#4382,#4383,#4384,#4385,#4386,#4387,#4388,#4389,#4390,
#4391,#4392,#4393,#4394,#4395,#4396,#4397,#4398,#4399,#4400,#4401,#4402,
#4403,#4404,#4405,#4406,#4407,#4408,#4409,#4410,#4411,#4412,#4413,#4414,
#4415,#4416,#4417,#4418,#4419,#4420,#4421,#4422,#4423,#4424,#4425,#4426,
#4427,#4428,#4429,#4430,#4431,#4432,#4433,#4434,#4435,#4436),
 .UNSPECIFIED.,.F.,.F.,(4,3,3,3,3,3,3,3,3,3,3,3,3,3,3,3,3,3,3,3,3,4),(0.,
0.0132547346254727,0.0267273169631466,0.0394035262035651,0.0528162080226761,
0.0660546824450543,0.0686394925583901,0.0785498590376399,0.091803992163826,
0.105160668323223,0.117420199182159,0.130806378946863,0.136957682757711,
0.15032066745132,0.156253868929067,0.169560703569857,0.18291959004623,0.18822130703948,
0.195273180634178,0.208651952322178,0.217357035333567,0.226452782116557),
 .UNSPECIFIED.);
#388=B_SPLINE_CURVE_WITH_KNOTS('',3,(#4564,#4565,#4566,#4567,#4568,#4569,
#4570,#4571,#4572,#4573,#4574,#4575,#4576,#4577,#4578,#4579,#4580),
 .UNSPECIFIED.,.F.,.F.,(4,1,1,1,1,1,1,1,1,1,1,1,1,1,4),(-13.522335878379,
-13.4172460424466,-13.2952710784243,-13.1732961144021,-12.6853962583131,
-11.7095965461352,-9.75799712177932,-8.78219740960139,-7.80639769742346,
-6.50533141451955,-5.85479827306759,-4.55373199016368,-3.90319884871173,
-1.95159942435586,0.),.UNSPECIFIED.);
#389=B_SPLINE_CURVE_WITH_KNOTS('',3,(#4583,#4584,#4585,#4586,#4587,#4588,
#4589,#4590,#4591,#4592,#4593,#4594,#4595,#4596,#4597,#4598,#4599),
 .UNSPECIFIED.,.F.,.F.,(4,1,1,1,1,1,1,1,1,1,1,1,1,1,4),(0.,1.95159942435586,
3.90319884871173,4.55373199016368,5.85479827306759,6.50533141451955,7.80639769742346,
8.78219740960139,9.75799712177932,11.7095965461352,12.6853962583131,13.1732961144021,
13.2952710784243,13.4172460424466,13.4639343284147),.UNSPECIFIED.);
#390=B_SPLINE_CURVE_WITH_KNOTS('',3,(#4643,#4644,#4645,#4646,#4647,#4648,
#4649,#4650),.UNSPECIFIED.,.F.,.F.,(4,2,2,4),(-0.0266288874355166,0.,0.788455987635575,
0.989301770990985),.UNSPECIFIED.);
#391=B_SPLINE_CURVE_WITH_KNOTS('',3,(#4652,#4653,#4654,#4655,#4656,#4657),
 .UNSPECIFIED.,.F.,.F.,(4,1,1,4),(-1.31262908325618E-16,0.640777808321616,
1.92233342496485,4.48544465825131),.UNSPECIFIED.);
#392=B_SPLINE_CURVE_WITH_KNOTS('',3,(#4660,#4661,#4662,#4663,#4664),
 .UNSPECIFIED.,.F.,.F.,(4,1,4),(-4.48544465825131,-1.92233342496485,-1.03902413457872),
 .UNSPECIFIED.);
#393=B_SPLINE_CURVE_WITH_KNOTS('',3,(#4710,#4711,#4712,#4713,#4714,#4715,
#4716),.UNSPECIFIED.,.F.,.F.,(4,1,1,1,4),(-6.89021759145738,-4.92158399389813,
-2.95295039633888,-0.984316798779625,0.),.UNSPECIFIED.);
#394=B_SPLINE_CURVE_WITH_KNOTS('',3,(#4717,#4718,#4719,#4720,#4721,#4722,
#4723),.UNSPECIFIED.,.F.,.F.,(4,1,1,1,4),(0.,0.984316798779625,2.95295039633888,
4.92158399389813,6.89021759145738),.UNSPECIFIED.);
#395=B_SPLINE_CURVE_WITH_KNOTS('',3,(#4747,#4748,#4749,#4750),
 .UNSPECIFIED.,.F.,.F.,(4,4),(-2.15133256960616,0.),.UNSPECIFIED.);
#396=B_SPLINE_CURVE_WITH_KNOTS('',3,(#4751,#4752,#4753,#4754),
 .UNSPECIFIED.,.F.,.F.,(4,4),(0.,2.15133256960616),.UNSPECIFIED.);
#397=B_SPLINE_CURVE_WITH_KNOTS('',3,(#4793,#4794,#4795,#4796,#4797,#4798,
#4799),.UNSPECIFIED.,.F.,.F.,(4,1,1,1,4),(-16.2715210405663,-13.9470180347711,
-9.29801202318072,-4.64900601159036,0.),.UNSPECIFIED.);
#398=B_SPLINE_CURVE_WITH_KNOTS('',3,(#4800,#4801,#4802,#4803,#4804,#4805,
#4806),.UNSPECIFIED.,.F.,.F.,(4,1,1,1,4),(0.,4.64900601159036,9.29801202318072,
13.9470180347711,16.2715210405663),.UNSPECIFIED.);
#399=B_SPLINE_CURVE_WITH_KNOTS('',3,(#4872,#4873,#4874,#4875,#4876,#4877,
#4878,#4879,#4880,#4881,#4882,#4883,#4884),.UNSPECIFIED.,.F.,.F.,(4,1,1,
1,1,1,1,1,1,1,4),(-0.253191497732766,-0.24414894424231,-0.235106390751854,
-0.217021283770942,-0.180851069809118,-0.144680855847295,-0.108510641885471,
-0.0723404279236474,-0.0361702139618237,-0.0180851069809118,0.),
 .UNSPECIFIED.);
#400=B_SPLINE_CURVE_WITH_KNOTS('',3,(#4885,#4886,#4887,#4888,#4889,#4890,
#4891,#4892,#4893,#4894,#4895,#4896,#4897),.UNSPECIFIED.,.F.,.F.,(4,1,1,
1,1,1,1,1,1,1,4),(0.,0.0180851069809118,0.0361702139618237,0.0723404279236474,
0.108510641885471,0.144680855847295,0.180851069809118,0.217021283770942,
0.235106390751854,0.24414894424231,0.253191497732766),.UNSPECIFIED.);
#401=B_SPLINE_CURVE_WITH_KNOTS('',3,(#4989,#4990,#4991,#4992,#4993,#4994,
#4995,#4996,#4997,#4998,#4999,#5000,#5001,#5002,#5003),.UNSPECIFIED.,.F.,
 .F.,(4,1,1,1,1,1,1,1,1,1,1,1,4),(-13.6315041421002,-12.7815326835393,-11.7983378617286,
-10.8151430399178,-9.83194821810713,-8.52102178902618,-7.86555857448571,
-6.55463214540475,-5.89916893086428,-4.91597410905357,-3.93277928724285,
-1.96638964362143,0.),.UNSPECIFIED.);
#402=B_SPLINE_CURVE_WITH_KNOTS('',3,(#5075,#5076,#5077,#5078,#5079),
 .UNSPECIFIED.,.F.,.F.,(4,1,4),(-3.44571965286102,-1.92270949778191,0.),
 .UNSPECIFIED.);
#403=B_SPLINE_CURVE_WITH_KNOTS('',3,(#5082,#5083,#5084,#5085,#5086),
 .UNSPECIFIED.,.F.,.F.,(4,1,4),(0.,1.92270949778191,4.48632216149112),
 .UNSPECIFIED.);
#404=B_SPLINE_CURVE_WITH_KNOTS('',3,(#5139,#5140,#5141,#5142,#5143,#5144,
#5145,#5146,#5147,#5148),.UNSPECIFIED.,.F.,.F.,(4,1,1,1,1,1,1,4),(0.,1.26137828260864,
2.52275656521728,3.78413484782592,5.04551313043456,6.3068914130432,7.56826969565183,
8.82964797826047),.UNSPECIFIED.);
#405=B_SPLINE_CURVE_WITH_KNOTS('',3,(#5149,#5150,#5151,#5152,#5153,#5154,
#5155,#5156,#5157),.UNSPECIFIED.,.F.,.F.,(4,1,1,1,1,1,4),(-8.82964797826047,
-7.56826969565183,-6.3068914130432,-5.04551313043456,-3.78413484782592,
-2.52275656521728,-2.10238659333598),.UNSPECIFIED.);
#406=B_SPLINE_CURVE_WITH_KNOTS('',3,(#5194,#5195,#5196,#5197,#5198,#5199,
#5200),.UNSPECIFIED.,.F.,.F.,(4,1,1,1,4),(-16.146543634167,-11.5332454529764,
-9.22659636238114,-4.61329818119057,-2.50037040468049E-15),
 .UNSPECIFIED.);
#407=VERTEX_POINT('',#1368);
#408=VERTEX_POINT('',#1369);
#409=VERTEX_POINT('',#1380);
#410=VERTEX_POINT('',#1382);
#411=VERTEX_POINT('',#1395);
#412=VERTEX_POINT('',#1397);
#413=VERTEX_POINT('',#1399);
#414=VERTEX_POINT('',#1403);
#415=VERTEX_POINT('',#1405);
#416=VERTEX_POINT('',#1409);
#417=VERTEX_POINT('',#1411);
#418=VERTEX_POINT('',#1446);
#419=VERTEX_POINT('',#1447);
#420=VERTEX_POINT('',#1449);
#421=VERTEX_POINT('',#1578);
#422=VERTEX_POINT('',#1579);
#423=VERTEX_POINT('',#1600);
#424=VERTEX_POINT('',#1618);
#425=VERTEX_POINT('',#1679);
#426=VERTEX_POINT('',#1680);
#427=VERTEX_POINT('',#1689);
#428=VERTEX_POINT('',#1754);
#429=VERTEX_POINT('',#1761);
#430=VERTEX_POINT('',#1817);
#431=VERTEX_POINT('',#1818);
#432=VERTEX_POINT('',#1856);
#433=VERTEX_POINT('',#1857);
#434=VERTEX_POINT('',#1902);
#435=VERTEX_POINT('',#1903);
#436=VERTEX_POINT('',#2107);
#437=VERTEX_POINT('',#2112);
#438=VERTEX_POINT('',#2176);
#439=VERTEX_POINT('',#2325);
#440=VERTEX_POINT('',#2326);
#441=VERTEX_POINT('',#2347);
#442=VERTEX_POINT('',#2364);
#443=VERTEX_POINT('',#2424);
#444=VERTEX_POINT('',#2425);
#445=VERTEX_POINT('',#2434);
#446=VERTEX_POINT('',#2499);
#447=VERTEX_POINT('',#2506);
#448=VERTEX_POINT('',#2556);
#449=VERTEX_POINT('',#2557);
#450=VERTEX_POINT('',#2593);
#451=VERTEX_POINT('',#2594);
#452=VERTEX_POINT('',#2639);
#453=VERTEX_POINT('',#2640);
#454=VERTEX_POINT('',#2834);
#455=VERTEX_POINT('',#2839);
#456=VERTEX_POINT('',#3045);
#457=VERTEX_POINT('',#3046);
#458=VERTEX_POINT('',#3067);
#459=VERTEX_POINT('',#3084);
#460=VERTEX_POINT('',#3144);
#461=VERTEX_POINT('',#3145);
#462=VERTEX_POINT('',#3154);
#463=VERTEX_POINT('',#3219);
#464=VERTEX_POINT('',#3226);
#465=VERTEX_POINT('',#3276);
#466=VERTEX_POINT('',#3277);
#467=VERTEX_POINT('',#3313);
#468=VERTEX_POINT('',#3314);
#469=VERTEX_POINT('',#3359);
#470=VERTEX_POINT('',#3360);
#471=VERTEX_POINT('',#3547);
#472=VERTEX_POINT('',#3552);
#473=VERTEX_POINT('',#3664);
#474=VERTEX_POINT('',#3670);
#475=VERTEX_POINT('',#3672);
#476=VERTEX_POINT('',#3734);
#477=VERTEX_POINT('',#3827);
#478=VERTEX_POINT('',#3833);
#479=VERTEX_POINT('',#3835);
#480=VERTEX_POINT('',#3897);
#481=VERTEX_POINT('',#3990);
#482=VERTEX_POINT('',#3996);
#483=VERTEX_POINT('',#3998);
#484=VERTEX_POINT('',#4060);
#485=VERTEX_POINT('',#4172);
#486=VERTEX_POINT('',#4301);
#487=VERTEX_POINT('',#4302);
#488=VERTEX_POINT('',#4309);
#489=VERTEX_POINT('',#4321);
#490=VERTEX_POINT('',#4326);
#491=VERTEX_POINT('',#4347);
#492=VERTEX_POINT('',#4563);
#493=VERTEX_POINT('',#4581);
#494=VERTEX_POINT('',#4642);
#495=VERTEX_POINT('',#4651);
#496=VERTEX_POINT('',#4658);
#497=VERTEX_POINT('',#4707);
#498=VERTEX_POINT('',#4708);
#499=VERTEX_POINT('',#4744);
#500=VERTEX_POINT('',#4745);
#501=VERTEX_POINT('',#4790);
#502=VERTEX_POINT('',#4791);
#503=VERTEX_POINT('',#4988);
#504=VERTEX_POINT('',#5074);
#505=VERTEX_POINT('',#5080);
#506=VERTEX_POINT('',#5137);
#507=EDGE_CURVE('',#407,#408,#303,.T.);
#508=EDGE_CURVE('',#408,#409,#260,.T.);
#509=EDGE_CURVE('',#409,#410,#304,.T.);
#510=EDGE_CURVE('',#410,#407,#261,.T.);
#511=EDGE_CURVE('',#411,#411,#262,.T.);
#512=EDGE_CURVE('',#408,#412,#77,.T.);
#513=EDGE_CURVE('',#412,#413,#78,.T.);
#514=EDGE_CURVE('',#413,#409,#79,.T.);
#515=EDGE_CURVE('',#414,#407,#80,.T.);
#516=EDGE_CURVE('',#414,#415,#81,.T.);
#517=EDGE_CURVE('',#412,#415,#82,.T.);
#518=EDGE_CURVE('',#413,#416,#83,.T.);
#519=EDGE_CURVE('',#416,#417,#84,.T.);
#520=EDGE_CURVE('',#410,#417,#85,.T.);
#521=EDGE_CURVE('',#415,#416,#86,.T.);
#522=EDGE_CURVE('',#417,#414,#263,.T.);
#523=EDGE_CURVE('',#418,#419,#264,.T.);
#524=EDGE_CURVE('',#419,#420,#265,.T.);
#525=EDGE_CURVE('',#420,#419,#266,.T.);
#526=EDGE_CURVE('',#421,#422,#305,.F.);
#527=EDGE_CURVE('',#422,#423,#306,.T.);
#528=EDGE_CURVE('',#423,#424,#267,.T.);
#529=EDGE_CURVE('',#424,#421,#307,.T.);
#530=EDGE_CURVE('',#425,#426,#308,.T.);
#531=EDGE_CURVE('',#427,#426,#309,.T.);
#532=EDGE_CURVE('',#427,#428,#310,.T.);
#533=EDGE_CURVE('',#428,#429,#268,.T.);
#534=EDGE_CURVE('',#429,#425,#311,.T.);
#535=EDGE_CURVE('',#430,#431,#269,.T.);
#536=EDGE_CURVE('',#431,#429,#312,.T.);
#537=EDGE_CURVE('',#428,#430,#313,.T.);
#538=EDGE_CURVE('',#432,#433,#270,.T.);
#539=EDGE_CURVE('',#433,#431,#314,.T.);
#540=EDGE_CURVE('',#430,#432,#315,.T.);
#541=EDGE_CURVE('',#434,#435,#271,.T.);
#542=EDGE_CURVE('',#435,#433,#316,.T.);
#543=EDGE_CURVE('',#432,#434,#317,.T.);
#544=EDGE_CURVE('',#434,#424,#318,.T.);
#545=EDGE_CURVE('',#423,#435,#319,.T.);
#546=EDGE_CURVE('',#436,#422,#320,.T.);
#547=EDGE_CURVE('',#436,#437,#321,.T.);
#548=EDGE_CURVE('',#437,#423,#272,.T.);
#549=EDGE_CURVE('',#438,#427,#322,.T.);
#550=EDGE_CURVE('',#421,#438,#323,.T.);
#551=EDGE_CURVE('',#439,#440,#324,.F.);
#552=EDGE_CURVE('',#440,#441,#325,.T.);
#553=EDGE_CURVE('',#441,#442,#273,.T.);
#554=EDGE_CURVE('',#442,#439,#326,.T.);
#555=EDGE_CURVE('',#443,#444,#327,.T.);
#556=EDGE_CURVE('',#445,#444,#328,.T.);
#557=EDGE_CURVE('',#445,#446,#329,.T.);
#558=EDGE_CURVE('',#446,#447,#274,.T.);
#559=EDGE_CURVE('',#447,#443,#330,.T.);
#560=EDGE_CURVE('',#448,#449,#275,.T.);
#561=EDGE_CURVE('',#449,#447,#331,.T.);
#562=EDGE_CURVE('',#446,#448,#332,.T.);
#563=EDGE_CURVE('',#450,#451,#276,.T.);
#564=EDGE_CURVE('',#451,#449,#333,.T.);
#565=EDGE_CURVE('',#448,#450,#334,.T.);
#566=EDGE_CURVE('',#452,#453,#277,.T.);
#567=EDGE_CURVE('',#453,#451,#335,.T.);
#568=EDGE_CURVE('',#450,#452,#336,.T.);
#569=EDGE_CURVE('',#452,#442,#337,.T.);
#570=EDGE_CURVE('',#441,#453,#338,.T.);
#571=EDGE_CURVE('',#454,#440,#339,.T.);
#572=EDGE_CURVE('',#454,#455,#340,.T.);
#573=EDGE_CURVE('',#455,#441,#278,.T.);
#574=EDGE_CURVE('',#439,#445,#341,.T.);
#575=EDGE_CURVE('',#456,#457,#342,.F.);
#576=EDGE_CURVE('',#457,#458,#343,.T.);
#577=EDGE_CURVE('',#458,#459,#279,.T.);
#578=EDGE_CURVE('',#459,#456,#344,.T.);
#579=EDGE_CURVE('',#460,#461,#345,.T.);
#580=EDGE_CURVE('',#462,#461,#346,.T.);
#581=EDGE_CURVE('',#462,#463,#347,.T.);
#582=EDGE_CURVE('',#463,#464,#280,.T.);
#583=EDGE_CURVE('',#464,#460,#348,.T.);
#584=EDGE_CURVE('',#465,#466,#281,.T.);
#585=EDGE_CURVE('',#466,#464,#349,.T.);
#586=EDGE_CURVE('',#463,#465,#350,.T.);
#587=EDGE_CURVE('',#467,#468,#282,.T.);
#588=EDGE_CURVE('',#468,#466,#351,.T.);
#589=EDGE_CURVE('',#465,#467,#352,.T.);
#590=EDGE_CURVE('',#469,#470,#283,.T.);
#591=EDGE_CURVE('',#470,#468,#353,.T.);
#592=EDGE_CURVE('',#467,#469,#354,.T.);
#593=EDGE_CURVE('',#469,#459,#355,.T.);
#594=EDGE_CURVE('',#458,#470,#356,.T.);
#595=EDGE_CURVE('',#471,#457,#357,.T.);
#596=EDGE_CURVE('',#471,#472,#358,.T.);
#597=EDGE_CURVE('',#472,#458,#284,.T.);
#598=EDGE_CURVE('',#456,#462,#359,.T.);
#599=EDGE_CURVE('',#425,#473,#360,.T.);
#600=EDGE_CURVE('',#473,#474,#285,.T.);
#601=EDGE_CURVE('',#474,#475,#361,.T.);
#602=EDGE_CURVE('',#475,#426,#362,.F.);
#603=EDGE_CURVE('',#433,#476,#286,.T.);
#604=EDGE_CURVE('',#476,#474,#363,.T.);
#605=EDGE_CURVE('',#473,#431,#364,.T.);
#606=EDGE_CURVE('',#435,#437,#287,.T.);
#607=EDGE_CURVE('',#437,#476,#365,.T.);
#608=EDGE_CURVE('',#473,#429,#87,.T.);
#609=EDGE_CURVE('',#443,#477,#366,.T.);
#610=EDGE_CURVE('',#477,#478,#288,.T.);
#611=EDGE_CURVE('',#478,#479,#367,.T.);
#612=EDGE_CURVE('',#479,#444,#368,.F.);
#613=EDGE_CURVE('',#451,#480,#289,.T.);
#614=EDGE_CURVE('',#480,#478,#369,.T.);
#615=EDGE_CURVE('',#477,#449,#370,.T.);
#616=EDGE_CURVE('',#453,#455,#290,.T.);
#617=EDGE_CURVE('',#455,#480,#371,.T.);
#618=EDGE_CURVE('',#477,#447,#88,.T.);
#619=EDGE_CURVE('',#460,#481,#372,.T.);
#620=EDGE_CURVE('',#481,#482,#291,.T.);
#621=EDGE_CURVE('',#482,#483,#373,.T.);
#622=EDGE_CURVE('',#483,#461,#374,.F.);
#623=EDGE_CURVE('',#468,#484,#292,.T.);
#624=EDGE_CURVE('',#484,#482,#375,.T.);
#625=EDGE_CURVE('',#481,#466,#376,.T.);
#626=EDGE_CURVE('',#470,#472,#293,.T.);
#627=EDGE_CURVE('',#472,#484,#377,.T.);
#628=EDGE_CURVE('',#481,#464,#89,.T.);
#629=EDGE_CURVE('',#485,#436,#378,.T.);
#630=EDGE_CURVE('',#475,#485,#379,.T.);
#631=EDGE_CURVE('',#479,#454,#380,.T.);
#632=EDGE_CURVE('',#483,#471,#381,.T.);
#633=EDGE_CURVE('',#420,#485,#90,.T.);
#634=EDGE_CURVE('',#438,#411,#91,.T.);
#635=EDGE_CURVE('',#486,#487,#382,.F.);
#636=EDGE_CURVE('',#486,#488,#383,.T.);
#637=EDGE_CURVE('',#488,#489,#384,.T.);
#638=EDGE_CURVE('',#490,#489,#385,.F.);
#639=EDGE_CURVE('',#490,#491,#386,.T.);
#640=EDGE_CURVE('',#491,#487,#387,.T.);
#641=EDGE_CURVE('',#489,#492,#388,.T.);
#642=EDGE_CURVE('',#492,#493,#294,.T.);
#643=EDGE_CURVE('',#493,#490,#389,.T.);
#644=EDGE_CURVE('',#494,#487,#390,.T.);
#645=EDGE_CURVE('',#491,#495,#391,.T.);
#646=EDGE_CURVE('',#495,#496,#295,.T.);
#647=EDGE_CURVE('',#496,#494,#392,.T.);
#648=EDGE_CURVE('',#497,#498,#296,.T.);
#649=EDGE_CURVE('',#498,#496,#393,.T.);
#650=EDGE_CURVE('',#495,#497,#394,.T.);
#651=EDGE_CURVE('',#499,#500,#297,.T.);
#652=EDGE_CURVE('',#500,#498,#395,.T.);
#653=EDGE_CURVE('',#497,#499,#396,.T.);
#654=EDGE_CURVE('',#501,#502,#298,.T.);
#655=EDGE_CURVE('',#502,#500,#397,.T.);
#656=EDGE_CURVE('',#499,#501,#398,.T.);
#657=EDGE_CURVE('',#501,#493,#399,.T.);
#658=EDGE_CURVE('',#492,#502,#400,.T.);
#659=EDGE_CURVE('',#488,#503,#401,.T.);
#660=EDGE_CURVE('',#503,#492,#299,.T.);
#661=EDGE_CURVE('',#494,#504,#402,.T.);
#662=EDGE_CURVE('',#504,#505,#300,.T.);
#663=EDGE_CURVE('',#505,#486,#403,.T.);
#664=EDGE_CURVE('',#500,#506,#301,.T.);
#665=EDGE_CURVE('',#506,#505,#404,.T.);
#666=EDGE_CURVE('',#504,#498,#405,.T.);
#667=EDGE_CURVE('',#502,#503,#302,.T.);
#668=EDGE_CURVE('',#503,#506,#406,.T.);
#669=EDGE_CURVE('',#504,#496,#92,.T.);
#670=ORIENTED_EDGE('',*,*,#507,.T.);
#671=ORIENTED_EDGE('',*,*,#508,.T.);
#672=ORIENTED_EDGE('',*,*,#509,.T.);
#673=ORIENTED_EDGE('',*,*,#510,.T.);
#674=ORIENTED_EDGE('',*,*,#511,.F.);
#675=ORIENTED_EDGE('',*,*,#508,.F.);
#676=ORIENTED_EDGE('',*,*,#512,.T.);
#677=ORIENTED_EDGE('',*,*,#513,.T.);
#678=ORIENTED_EDGE('',*,*,#514,.T.);
#679=ORIENTED_EDGE('',*,*,#507,.F.);
#680=ORIENTED_EDGE('',*,*,#515,.F.);
#681=ORIENTED_EDGE('',*,*,#516,.T.);
#682=ORIENTED_EDGE('',*,*,#517,.F.);
#683=ORIENTED_EDGE('',*,*,#512,.F.);
#684=ORIENTED_EDGE('',*,*,#509,.F.);
#685=ORIENTED_EDGE('',*,*,#514,.F.);
#686=ORIENTED_EDGE('',*,*,#518,.T.);
#687=ORIENTED_EDGE('',*,*,#519,.T.);
#688=ORIENTED_EDGE('',*,*,#520,.F.);
#689=ORIENTED_EDGE('',*,*,#513,.F.);
#690=ORIENTED_EDGE('',*,*,#517,.T.);
#691=ORIENTED_EDGE('',*,*,#521,.T.);
#692=ORIENTED_EDGE('',*,*,#518,.F.);
#693=ORIENTED_EDGE('',*,*,#519,.F.);
#694=ORIENTED_EDGE('',*,*,#521,.F.);
#695=ORIENTED_EDGE('',*,*,#516,.F.);
#696=ORIENTED_EDGE('',*,*,#522,.F.);
#697=ORIENTED_EDGE('',*,*,#510,.F.);
#698=ORIENTED_EDGE('',*,*,#520,.T.);
#699=ORIENTED_EDGE('',*,*,#522,.T.);
#700=ORIENTED_EDGE('',*,*,#515,.T.);
#701=ORIENTED_EDGE('',*,*,#523,.T.);
#702=ORIENTED_EDGE('',*,*,#524,.T.);
#703=ORIENTED_EDGE('',*,*,#525,.T.);
#704=ORIENTED_EDGE('',*,*,#523,.F.);
#705=ORIENTED_EDGE('',*,*,#526,.T.);
#706=ORIENTED_EDGE('',*,*,#527,.T.);
#707=ORIENTED_EDGE('',*,*,#528,.T.);
#708=ORIENTED_EDGE('',*,*,#529,.T.);
#709=ORIENTED_EDGE('',*,*,#530,.T.);
#710=ORIENTED_EDGE('',*,*,#531,.F.);
#711=ORIENTED_EDGE('',*,*,#532,.T.);
#712=ORIENTED_EDGE('',*,*,#533,.T.);
#713=ORIENTED_EDGE('',*,*,#534,.T.);
#714=ORIENTED_EDGE('',*,*,#535,.T.);
#715=ORIENTED_EDGE('',*,*,#536,.T.);
#716=ORIENTED_EDGE('',*,*,#533,.F.);
#717=ORIENTED_EDGE('',*,*,#537,.T.);
#718=ORIENTED_EDGE('',*,*,#538,.T.);
#719=ORIENTED_EDGE('',*,*,#539,.T.);
#720=ORIENTED_EDGE('',*,*,#535,.F.);
#721=ORIENTED_EDGE('',*,*,#540,.T.);
#722=ORIENTED_EDGE('',*,*,#541,.T.);
#723=ORIENTED_EDGE('',*,*,#542,.T.);
#724=ORIENTED_EDGE('',*,*,#538,.F.);
#725=ORIENTED_EDGE('',*,*,#543,.T.);
#726=ORIENTED_EDGE('',*,*,#541,.F.);
#727=ORIENTED_EDGE('',*,*,#544,.T.);
#728=ORIENTED_EDGE('',*,*,#528,.F.);
#729=ORIENTED_EDGE('',*,*,#545,.T.);
#730=ORIENTED_EDGE('',*,*,#527,.F.);
#731=ORIENTED_EDGE('',*,*,#546,.F.);
#732=ORIENTED_EDGE('',*,*,#547,.T.);
#733=ORIENTED_EDGE('',*,*,#548,.T.);
#734=ORIENTED_EDGE('',*,*,#529,.F.);
#735=ORIENTED_EDGE('',*,*,#544,.F.);
#736=ORIENTED_EDGE('',*,*,#543,.F.);
#737=ORIENTED_EDGE('',*,*,#540,.F.);
#738=ORIENTED_EDGE('',*,*,#537,.F.);
#739=ORIENTED_EDGE('',*,*,#532,.F.);
#740=ORIENTED_EDGE('',*,*,#549,.F.);
#741=ORIENTED_EDGE('',*,*,#550,.F.);
#742=ORIENTED_EDGE('',*,*,#551,.T.);
#743=ORIENTED_EDGE('',*,*,#552,.T.);
#744=ORIENTED_EDGE('',*,*,#553,.T.);
#745=ORIENTED_EDGE('',*,*,#554,.T.);
#746=ORIENTED_EDGE('',*,*,#555,.T.);
#747=ORIENTED_EDGE('',*,*,#556,.F.);
#748=ORIENTED_EDGE('',*,*,#557,.T.);
#749=ORIENTED_EDGE('',*,*,#558,.T.);
#750=ORIENTED_EDGE('',*,*,#559,.T.);
#751=ORIENTED_EDGE('',*,*,#560,.T.);
#752=ORIENTED_EDGE('',*,*,#561,.T.);
#753=ORIENTED_EDGE('',*,*,#558,.F.);
#754=ORIENTED_EDGE('',*,*,#562,.T.);
#755=ORIENTED_EDGE('',*,*,#563,.T.);
#756=ORIENTED_EDGE('',*,*,#564,.T.);
#757=ORIENTED_EDGE('',*,*,#560,.F.);
#758=ORIENTED_EDGE('',*,*,#565,.T.);
#759=ORIENTED_EDGE('',*,*,#566,.T.);
#760=ORIENTED_EDGE('',*,*,#567,.T.);
#761=ORIENTED_EDGE('',*,*,#563,.F.);
#762=ORIENTED_EDGE('',*,*,#568,.T.);
#763=ORIENTED_EDGE('',*,*,#566,.F.);
#764=ORIENTED_EDGE('',*,*,#569,.T.);
#765=ORIENTED_EDGE('',*,*,#553,.F.);
#766=ORIENTED_EDGE('',*,*,#570,.T.);
#767=ORIENTED_EDGE('',*,*,#552,.F.);
#768=ORIENTED_EDGE('',*,*,#571,.F.);
#769=ORIENTED_EDGE('',*,*,#572,.T.);
#770=ORIENTED_EDGE('',*,*,#573,.T.);
#771=ORIENTED_EDGE('',*,*,#554,.F.);
#772=ORIENTED_EDGE('',*,*,#569,.F.);
#773=ORIENTED_EDGE('',*,*,#568,.F.);
#774=ORIENTED_EDGE('',*,*,#565,.F.);
#775=ORIENTED_EDGE('',*,*,#562,.F.);
#776=ORIENTED_EDGE('',*,*,#557,.F.);
#777=ORIENTED_EDGE('',*,*,#574,.F.);
#778=ORIENTED_EDGE('',*,*,#575,.T.);
#779=ORIENTED_EDGE('',*,*,#576,.T.);
#780=ORIENTED_EDGE('',*,*,#577,.T.);
#781=ORIENTED_EDGE('',*,*,#578,.T.);
#782=ORIENTED_EDGE('',*,*,#579,.T.);
#783=ORIENTED_EDGE('',*,*,#580,.F.);
#784=ORIENTED_EDGE('',*,*,#581,.T.);
#785=ORIENTED_EDGE('',*,*,#582,.T.);
#786=ORIENTED_EDGE('',*,*,#583,.T.);
#787=ORIENTED_EDGE('',*,*,#584,.T.);
#788=ORIENTED_EDGE('',*,*,#585,.T.);
#789=ORIENTED_EDGE('',*,*,#582,.F.);
#790=ORIENTED_EDGE('',*,*,#586,.T.);
#791=ORIENTED_EDGE('',*,*,#587,.T.);
#792=ORIENTED_EDGE('',*,*,#588,.T.);
#793=ORIENTED_EDGE('',*,*,#584,.F.);
#794=ORIENTED_EDGE('',*,*,#589,.T.);
#795=ORIENTED_EDGE('',*,*,#590,.T.);
#796=ORIENTED_EDGE('',*,*,#591,.T.);
#797=ORIENTED_EDGE('',*,*,#587,.F.);
#798=ORIENTED_EDGE('',*,*,#592,.T.);
#799=ORIENTED_EDGE('',*,*,#590,.F.);
#800=ORIENTED_EDGE('',*,*,#593,.T.);
#801=ORIENTED_EDGE('',*,*,#577,.F.);
#802=ORIENTED_EDGE('',*,*,#594,.T.);
#803=ORIENTED_EDGE('',*,*,#576,.F.);
#804=ORIENTED_EDGE('',*,*,#595,.F.);
#805=ORIENTED_EDGE('',*,*,#596,.T.);
#806=ORIENTED_EDGE('',*,*,#597,.T.);
#807=ORIENTED_EDGE('',*,*,#578,.F.);
#808=ORIENTED_EDGE('',*,*,#593,.F.);
#809=ORIENTED_EDGE('',*,*,#592,.F.);
#810=ORIENTED_EDGE('',*,*,#589,.F.);
#811=ORIENTED_EDGE('',*,*,#586,.F.);
#812=ORIENTED_EDGE('',*,*,#581,.F.);
#813=ORIENTED_EDGE('',*,*,#598,.F.);
#814=ORIENTED_EDGE('',*,*,#530,.F.);
#815=ORIENTED_EDGE('',*,*,#599,.T.);
#816=ORIENTED_EDGE('',*,*,#600,.T.);
#817=ORIENTED_EDGE('',*,*,#601,.T.);
#818=ORIENTED_EDGE('',*,*,#602,.T.);
#819=ORIENTED_EDGE('',*,*,#539,.F.);
#820=ORIENTED_EDGE('',*,*,#603,.T.);
#821=ORIENTED_EDGE('',*,*,#604,.T.);
#822=ORIENTED_EDGE('',*,*,#600,.F.);
#823=ORIENTED_EDGE('',*,*,#605,.T.);
#824=ORIENTED_EDGE('',*,*,#542,.F.);
#825=ORIENTED_EDGE('',*,*,#606,.T.);
#826=ORIENTED_EDGE('',*,*,#607,.T.);
#827=ORIENTED_EDGE('',*,*,#603,.F.);
#828=ORIENTED_EDGE('',*,*,#545,.F.);
#829=ORIENTED_EDGE('',*,*,#548,.F.);
#830=ORIENTED_EDGE('',*,*,#606,.F.);
#831=ORIENTED_EDGE('',*,*,#536,.F.);
#832=ORIENTED_EDGE('',*,*,#605,.F.);
#833=ORIENTED_EDGE('',*,*,#608,.T.);
#834=ORIENTED_EDGE('',*,*,#534,.F.);
#835=ORIENTED_EDGE('',*,*,#608,.F.);
#836=ORIENTED_EDGE('',*,*,#599,.F.);
#837=ORIENTED_EDGE('',*,*,#555,.F.);
#838=ORIENTED_EDGE('',*,*,#609,.T.);
#839=ORIENTED_EDGE('',*,*,#610,.T.);
#840=ORIENTED_EDGE('',*,*,#611,.T.);
#841=ORIENTED_EDGE('',*,*,#612,.T.);
#842=ORIENTED_EDGE('',*,*,#564,.F.);
#843=ORIENTED_EDGE('',*,*,#613,.T.);
#844=ORIENTED_EDGE('',*,*,#614,.T.);
#845=ORIENTED_EDGE('',*,*,#610,.F.);
#846=ORIENTED_EDGE('',*,*,#615,.T.);
#847=ORIENTED_EDGE('',*,*,#567,.F.);
#848=ORIENTED_EDGE('',*,*,#616,.T.);
#849=ORIENTED_EDGE('',*,*,#617,.T.);
#850=ORIENTED_EDGE('',*,*,#613,.F.);
#851=ORIENTED_EDGE('',*,*,#570,.F.);
#852=ORIENTED_EDGE('',*,*,#573,.F.);
#853=ORIENTED_EDGE('',*,*,#616,.F.);
#854=ORIENTED_EDGE('',*,*,#561,.F.);
#855=ORIENTED_EDGE('',*,*,#615,.F.);
#856=ORIENTED_EDGE('',*,*,#618,.T.);
#857=ORIENTED_EDGE('',*,*,#559,.F.);
#858=ORIENTED_EDGE('',*,*,#618,.F.);
#859=ORIENTED_EDGE('',*,*,#609,.F.);
#860=ORIENTED_EDGE('',*,*,#579,.F.);
#861=ORIENTED_EDGE('',*,*,#619,.T.);
#862=ORIENTED_EDGE('',*,*,#620,.T.);
#863=ORIENTED_EDGE('',*,*,#621,.T.);
#864=ORIENTED_EDGE('',*,*,#622,.T.);
#865=ORIENTED_EDGE('',*,*,#588,.F.);
#866=ORIENTED_EDGE('',*,*,#623,.T.);
#867=ORIENTED_EDGE('',*,*,#624,.T.);
#868=ORIENTED_EDGE('',*,*,#620,.F.);
#869=ORIENTED_EDGE('',*,*,#625,.T.);
#870=ORIENTED_EDGE('',*,*,#591,.F.);
#871=ORIENTED_EDGE('',*,*,#626,.T.);
#872=ORIENTED_EDGE('',*,*,#627,.T.);
#873=ORIENTED_EDGE('',*,*,#623,.F.);
#874=ORIENTED_EDGE('',*,*,#594,.F.);
#875=ORIENTED_EDGE('',*,*,#597,.F.);
#876=ORIENTED_EDGE('',*,*,#626,.F.);
#877=ORIENTED_EDGE('',*,*,#585,.F.);
#878=ORIENTED_EDGE('',*,*,#625,.F.);
#879=ORIENTED_EDGE('',*,*,#628,.T.);
#880=ORIENTED_EDGE('',*,*,#583,.F.);
#881=ORIENTED_EDGE('',*,*,#628,.F.);
#882=ORIENTED_EDGE('',*,*,#619,.F.);
#883=ORIENTED_EDGE('',*,*,#547,.F.);
#884=ORIENTED_EDGE('',*,*,#629,.F.);
#885=ORIENTED_EDGE('',*,*,#630,.F.);
#886=ORIENTED_EDGE('',*,*,#601,.F.);
#887=ORIENTED_EDGE('',*,*,#604,.F.);
#888=ORIENTED_EDGE('',*,*,#607,.F.);
#889=ORIENTED_EDGE('',*,*,#572,.F.);
#890=ORIENTED_EDGE('',*,*,#631,.F.);
#891=ORIENTED_EDGE('',*,*,#611,.F.);
#892=ORIENTED_EDGE('',*,*,#614,.F.);
#893=ORIENTED_EDGE('',*,*,#617,.F.);
#894=ORIENTED_EDGE('',*,*,#596,.F.);
#895=ORIENTED_EDGE('',*,*,#632,.F.);
#896=ORIENTED_EDGE('',*,*,#621,.F.);
#897=ORIENTED_EDGE('',*,*,#624,.F.);
#898=ORIENTED_EDGE('',*,*,#627,.F.);
#899=ORIENTED_EDGE('',*,*,#525,.F.);
#900=ORIENTED_EDGE('',*,*,#633,.T.);
#901=ORIENTED_EDGE('',*,*,#629,.T.);
#902=ORIENTED_EDGE('',*,*,#546,.T.);
#903=ORIENTED_EDGE('',*,*,#526,.F.);
#904=ORIENTED_EDGE('',*,*,#550,.T.);
#905=ORIENTED_EDGE('',*,*,#634,.T.);
#906=ORIENTED_EDGE('',*,*,#511,.T.);
#907=ORIENTED_EDGE('',*,*,#634,.F.);
#908=ORIENTED_EDGE('',*,*,#549,.T.);
#909=ORIENTED_EDGE('',*,*,#531,.T.);
#910=ORIENTED_EDGE('',*,*,#602,.F.);
#911=ORIENTED_EDGE('',*,*,#630,.T.);
#912=ORIENTED_EDGE('',*,*,#633,.F.);
#913=ORIENTED_EDGE('',*,*,#524,.F.);
#914=ORIENTED_EDGE('',*,*,#612,.F.);
#915=ORIENTED_EDGE('',*,*,#631,.T.);
#916=ORIENTED_EDGE('',*,*,#571,.T.);
#917=ORIENTED_EDGE('',*,*,#551,.F.);
#918=ORIENTED_EDGE('',*,*,#574,.T.);
#919=ORIENTED_EDGE('',*,*,#556,.T.);
#920=ORIENTED_EDGE('',*,*,#622,.F.);
#921=ORIENTED_EDGE('',*,*,#632,.T.);
#922=ORIENTED_EDGE('',*,*,#595,.T.);
#923=ORIENTED_EDGE('',*,*,#575,.F.);
#924=ORIENTED_EDGE('',*,*,#598,.T.);
#925=ORIENTED_EDGE('',*,*,#580,.T.);
#926=ORIENTED_EDGE('',*,*,#635,.F.);
#927=ORIENTED_EDGE('',*,*,#636,.T.);
#928=ORIENTED_EDGE('',*,*,#637,.T.);
#929=ORIENTED_EDGE('',*,*,#638,.F.);
#930=ORIENTED_EDGE('',*,*,#639,.T.);
#931=ORIENTED_EDGE('',*,*,#640,.T.);
#932=ORIENTED_EDGE('',*,*,#638,.T.);
#933=ORIENTED_EDGE('',*,*,#641,.T.);
#934=ORIENTED_EDGE('',*,*,#642,.T.);
#935=ORIENTED_EDGE('',*,*,#643,.T.);
#936=ORIENTED_EDGE('',*,*,#644,.T.);
#937=ORIENTED_EDGE('',*,*,#640,.F.);
#938=ORIENTED_EDGE('',*,*,#645,.T.);
#939=ORIENTED_EDGE('',*,*,#646,.T.);
#940=ORIENTED_EDGE('',*,*,#647,.T.);
#941=ORIENTED_EDGE('',*,*,#648,.T.);
#942=ORIENTED_EDGE('',*,*,#649,.T.);
#943=ORIENTED_EDGE('',*,*,#646,.F.);
#944=ORIENTED_EDGE('',*,*,#650,.T.);
#945=ORIENTED_EDGE('',*,*,#651,.T.);
#946=ORIENTED_EDGE('',*,*,#652,.T.);
#947=ORIENTED_EDGE('',*,*,#648,.F.);
#948=ORIENTED_EDGE('',*,*,#653,.T.);
#949=ORIENTED_EDGE('',*,*,#654,.T.);
#950=ORIENTED_EDGE('',*,*,#655,.T.);
#951=ORIENTED_EDGE('',*,*,#651,.F.);
#952=ORIENTED_EDGE('',*,*,#656,.T.);
#953=ORIENTED_EDGE('',*,*,#654,.F.);
#954=ORIENTED_EDGE('',*,*,#657,.T.);
#955=ORIENTED_EDGE('',*,*,#642,.F.);
#956=ORIENTED_EDGE('',*,*,#658,.T.);
#957=ORIENTED_EDGE('',*,*,#641,.F.);
#958=ORIENTED_EDGE('',*,*,#637,.F.);
#959=ORIENTED_EDGE('',*,*,#659,.T.);
#960=ORIENTED_EDGE('',*,*,#660,.T.);
#961=ORIENTED_EDGE('',*,*,#643,.F.);
#962=ORIENTED_EDGE('',*,*,#657,.F.);
#963=ORIENTED_EDGE('',*,*,#656,.F.);
#964=ORIENTED_EDGE('',*,*,#653,.F.);
#965=ORIENTED_EDGE('',*,*,#650,.F.);
#966=ORIENTED_EDGE('',*,*,#645,.F.);
#967=ORIENTED_EDGE('',*,*,#639,.F.);
#968=ORIENTED_EDGE('',*,*,#644,.F.);
#969=ORIENTED_EDGE('',*,*,#661,.T.);
#970=ORIENTED_EDGE('',*,*,#662,.T.);
#971=ORIENTED_EDGE('',*,*,#663,.T.);
#972=ORIENTED_EDGE('',*,*,#635,.T.);
#973=ORIENTED_EDGE('',*,*,#652,.F.);
#974=ORIENTED_EDGE('',*,*,#664,.T.);
#975=ORIENTED_EDGE('',*,*,#665,.T.);
#976=ORIENTED_EDGE('',*,*,#662,.F.);
#977=ORIENTED_EDGE('',*,*,#666,.T.);
#978=ORIENTED_EDGE('',*,*,#655,.F.);
#979=ORIENTED_EDGE('',*,*,#667,.T.);
#980=ORIENTED_EDGE('',*,*,#668,.T.);
#981=ORIENTED_EDGE('',*,*,#664,.F.);
#982=ORIENTED_EDGE('',*,*,#658,.F.);
#983=ORIENTED_EDGE('',*,*,#660,.F.);
#984=ORIENTED_EDGE('',*,*,#667,.F.);
#985=ORIENTED_EDGE('',*,*,#649,.F.);
#986=ORIENTED_EDGE('',*,*,#666,.F.);
#987=ORIENTED_EDGE('',*,*,#669,.T.);
#988=ORIENTED_EDGE('',*,*,#647,.F.);
#989=ORIENTED_EDGE('',*,*,#669,.F.);
#990=ORIENTED_EDGE('',*,*,#661,.F.);
#991=ORIENTED_EDGE('',*,*,#659,.F.);
#992=ORIENTED_EDGE('',*,*,#636,.F.);
#993=ORIENTED_EDGE('',*,*,#663,.F.);
#994=ORIENTED_EDGE('',*,*,#665,.F.);
#995=ORIENTED_EDGE('',*,*,#668,.F.);
#996=TOROIDAL_SURFACE('',#1159,15.4,0.4);
#997=STYLED_ITEM('',(#5269),#1067);
#998=STYLED_ITEM('',(#5269),#1068);
#999=STYLED_ITEM('',(#5269),#1069);
#1000=STYLED_ITEM('',(#5269),#1070);
#1001=STYLED_ITEM('',(#5269),#1071);
#1002=STYLED_ITEM('',(#5269),#1072);
#1003=STYLED_ITEM('',(#5269),#1073);
#1004=STYLED_ITEM('',(#5269),#1074);
#1005=STYLED_ITEM('',(#5269),#1075);
#1006=STYLED_ITEM('',(#5269),#1076);
#1007=STYLED_ITEM('',(#5269),#1077);
#1008=STYLED_ITEM('',(#5269),#1078);
#1009=STYLED_ITEM('',(#5269),#1079);
#1010=STYLED_ITEM('',(#5269),#1080);
#1011=STYLED_ITEM('',(#5269),#1081);
#1012=STYLED_ITEM('',(#5269),#1082);
#1013=STYLED_ITEM('',(#5269),#1083);
#1014=STYLED_ITEM('',(#5269),#1084);
#1015=STYLED_ITEM('',(#5269),#1085);
#1016=STYLED_ITEM('',(#5269),#1086);
#1017=STYLED_ITEM('',(#5269),#1087);
#1018=STYLED_ITEM('',(#5269),#1088);
#1019=STYLED_ITEM('',(#5269),#1089);
#1020=STYLED_ITEM('',(#5269),#1090);
#1021=STYLED_ITEM('',(#5269),#1091);
#1022=STYLED_ITEM('',(#5269),#1092);
#1023=STYLED_ITEM('',(#5269),#1093);
#1024=STYLED_ITEM('',(#5269),#1094);
#1025=STYLED_ITEM('',(#5269),#1095);
#1026=STYLED_ITEM('',(#5269),#1096);
#1027=STYLED_ITEM('',(#5269),#1097);
#1028=STYLED_ITEM('',(#5269),#1098);
#1029=STYLED_ITEM('',(#5269),#1099);
#1030=STYLED_ITEM('',(#5269),#1100);
#1031=STYLED_ITEM('',(#5269),#1101);
#1032=STYLED_ITEM('',(#5269),#1102);
#1033=STYLED_ITEM('',(#5269),#1103);
#1034=STYLED_ITEM('',(#5269),#1104);
#1035=STYLED_ITEM('',(#5269),#1105);
#1036=STYLED_ITEM('',(#5269),#1106);
#1037=STYLED_ITEM('',(#5269),#1107);
#1038=STYLED_ITEM('',(#5269),#1108);
#1039=STYLED_ITEM('',(#5269),#1109);
#1040=STYLED_ITEM('',(#5269),#1110);
#1041=STYLED_ITEM('',(#5269),#1111);
#1042=STYLED_ITEM('',(#5269),#1112);
#1043=STYLED_ITEM('',(#5269),#1113);
#1044=STYLED_ITEM('',(#5269),#1114);
#1045=STYLED_ITEM('',(#5269),#1115);
#1046=STYLED_ITEM('',(#5269),#1116);
#1047=STYLED_ITEM('',(#5269),#1117);
#1048=STYLED_ITEM('',(#5269),#1118);
#1049=STYLED_ITEM('',(#5269),#1119);
#1050=STYLED_ITEM('',(#5269),#1120);
#1051=STYLED_ITEM('',(#5269),#1121);
#1052=STYLED_ITEM('',(#5269),#1122);
#1053=STYLED_ITEM('',(#5269),#1123);
#1054=STYLED_ITEM('',(#5269),#1124);
#1055=STYLED_ITEM('',(#5269),#1125);
#1056=STYLED_ITEM('',(#5269),#1126);
#1057=STYLED_ITEM('',(#5269),#1127);
#1058=STYLED_ITEM('',(#5269),#1128);
#1059=STYLED_ITEM('',(#5269),#1129);
#1060=STYLED_ITEM('',(#5269),#1130);
#1061=STYLED_ITEM('',(#5269),#1131);
#1062=STYLED_ITEM('',(#5269),#1132);
#1063=STYLED_ITEM('',(#5269),#1133);
#1064=STYLED_ITEM('',(#5269),#1134);
#1065=STYLED_ITEM('',(#5269),#1135);
#1066=STYLED_ITEM('',(#5268),#13);
#1067=ADVANCED_FACE('',(#118),#996,.T.);
#1068=ADVANCED_FACE('',(#119,#73),#109,.F.);
#1069=ADVANCED_FACE('',(#120),#110,.F.);
#1070=ADVANCED_FACE('',(#121),#111,.F.);
#1071=ADVANCED_FACE('',(#122),#112,.F.);
#1072=ADVANCED_FACE('',(#123),#113,.T.);
#1073=ADVANCED_FACE('',(#124),#67,.F.);
#1074=ADVANCED_FACE('',(#125),#66,.F.);
#1075=ADVANCED_FACE('',(#126),#18,.F.);
#1076=ADVANCED_FACE('',(#127),#19,.F.);
#1077=ADVANCED_FACE('',(#128),#20,.F.);
#1078=ADVANCED_FACE('',(#129),#21,.F.);
#1079=ADVANCED_FACE('',(#130),#22,.F.);
#1080=ADVANCED_FACE('',(#131),#23,.F.);
#1081=ADVANCED_FACE('',(#132),#24,.F.);
#1082=ADVANCED_FACE('',(#133),#25,.T.);
#1083=ADVANCED_FACE('',(#134),#26,.F.);
#1084=ADVANCED_FACE('',(#135),#27,.F.);
#1085=ADVANCED_FACE('',(#136),#28,.F.);
#1086=ADVANCED_FACE('',(#137),#29,.F.);
#1087=ADVANCED_FACE('',(#138),#30,.F.);
#1088=ADVANCED_FACE('',(#139),#31,.F.);
#1089=ADVANCED_FACE('',(#140),#32,.F.);
#1090=ADVANCED_FACE('',(#141),#33,.T.);
#1091=ADVANCED_FACE('',(#142),#34,.F.);
#1092=ADVANCED_FACE('',(#143),#35,.F.);
#1093=ADVANCED_FACE('',(#144),#36,.F.);
#1094=ADVANCED_FACE('',(#145),#37,.F.);
#1095=ADVANCED_FACE('',(#146),#38,.F.);
#1096=ADVANCED_FACE('',(#147),#39,.F.);
#1097=ADVANCED_FACE('',(#148),#40,.F.);
#1098=ADVANCED_FACE('',(#149),#41,.T.);
#1099=ADVANCED_FACE('',(#150),#42,.F.);
#1100=ADVANCED_FACE('',(#151),#43,.F.);
#1101=ADVANCED_FACE('',(#152),#44,.F.);
#1102=ADVANCED_FACE('',(#153),#14,.T.);
#1103=ADVANCED_FACE('',(#154),#68,.T.);
#1104=ADVANCED_FACE('',(#155),#114,.T.);
#1105=ADVANCED_FACE('',(#156),#45,.F.);
#1106=ADVANCED_FACE('',(#157),#46,.F.);
#1107=ADVANCED_FACE('',(#158),#47,.F.);
#1108=ADVANCED_FACE('',(#159),#15,.T.);
#1109=ADVANCED_FACE('',(#160),#69,.T.);
#1110=ADVANCED_FACE('',(#161),#115,.T.);
#1111=ADVANCED_FACE('',(#162),#48,.F.);
#1112=ADVANCED_FACE('',(#163),#49,.F.);
#1113=ADVANCED_FACE('',(#164),#50,.F.);
#1114=ADVANCED_FACE('',(#165),#16,.T.);
#1115=ADVANCED_FACE('',(#166),#70,.T.);
#1116=ADVANCED_FACE('',(#167),#116,.T.);
#1117=ADVANCED_FACE('',(#168),#51,.T.);
#1118=ADVANCED_FACE('',(#169),#52,.T.);
#1119=ADVANCED_FACE('',(#170),#53,.T.);
#1120=ADVANCED_FACE('',(#171,#74,#75,#76),#71,.T.);
#1121=ADVANCED_FACE('',(#172),#54,.F.);
#1122=ADVANCED_FACE('',(#173),#55,.F.);
#1123=ADVANCED_FACE('',(#174),#56,.F.);
#1124=ADVANCED_FACE('',(#175),#57,.F.);
#1125=ADVANCED_FACE('',(#176),#58,.F.);
#1126=ADVANCED_FACE('',(#177),#59,.F.);
#1127=ADVANCED_FACE('',(#178),#60,.F.);
#1128=ADVANCED_FACE('',(#179),#61,.T.);
#1129=ADVANCED_FACE('',(#180),#62,.F.);
#1130=ADVANCED_FACE('',(#181),#63,.F.);
#1131=ADVANCED_FACE('',(#182),#64,.F.);
#1132=ADVANCED_FACE('',(#183),#17,.T.);
#1133=ADVANCED_FACE('',(#184),#72,.T.);
#1134=ADVANCED_FACE('',(#185),#117,.T.);
#1135=ADVANCED_FACE('',(#186),#65,.T.);
#1136=CLOSED_SHELL('',(#1067,#1068,#1069,#1070,#1071,#1072,#1073,#1074,
#1075,#1076,#1077,#1078,#1079,#1080,#1081,#1082,#1083,#1084,#1085,#1086,
#1087,#1088,#1089,#1090,#1091,#1092,#1093,#1094,#1095,#1096,#1097,#1098,
#1099,#1100,#1101,#1102,#1103,#1104,#1105,#1106,#1107,#1108,#1109,#1110,
#1111,#1112,#1113,#1114,#1115,#1116,#1117,#1118,#1119,#1120,#1121,#1122,
#1123,#1124,#1125,#1126,#1127,#1128,#1129,#1130,#1131,#1132,#1133,#1134,
#1135));
#1137=DERIVED_UNIT_ELEMENT(#1140,1.);
#1138=DERIVED_UNIT_ELEMENT(#5254,-3.);
#1139=DIMENSIONAL_EXPONENTS(0.,1.,0.,0.,0.,0.,0.);
#1140=(
CONVERSION_BASED_UNIT('gram',#1142)
MASS_UNIT()
NAMED_UNIT(#1139)
);
#1141=(
MASS_UNIT()
NAMED_UNIT(*)
SI_UNIT(.KILO.,.GRAM.)
);
#1142=MASS_MEASURE_WITH_UNIT(MASS_MEASURE(0.001),#1141);
#1143=DERIVED_UNIT((#1137,#1138));
#1144=MEASURE_REPRESENTATION_ITEM('density measure',
POSITIVE_RATIO_MEASURE(1.),#1143);
#1145=PROPERTY_DEFINITION_REPRESENTATION(#1150,#1147);
#1146=PROPERTY_DEFINITION_REPRESENTATION(#1151,#1148);
#1147=REPRESENTATION('material name',(#1149),#5251);
#1148=REPRESENTATION('density',(#1144),#5251);
#1149=DESCRIPTIVE_REPRESENTATION_ITEM('Generisch','Generisch');
#1150=PROPERTY_DEFINITION('material property','material name',#5261);
#1151=PROPERTY_DEFINITION('material property','density of part',#5261);
#1152=DATE_TIME_ROLE('creation_date');
#1153=APPLIED_DATE_AND_TIME_ASSIGNMENT(#1154,#1152,(#5261));
#1154=DATE_AND_TIME(#1155,#1156);
#1155=CALENDAR_DATE(2026,20,1);
#1156=LOCAL_TIME(0,0,0.,#1157);
#1157=COORDINATED_UNIVERSAL_TIME_OFFSET(0,0,.BEHIND.);
#1158=AXIS2_PLACEMENT_3D('',#1366,#1222,#1223);
#1159=AXIS2_PLACEMENT_3D('',#1367,#1224,#1225);
#1160=AXIS2_PLACEMENT_3D('',#1381,#1226,#1227);
#1161=AXIS2_PLACEMENT_3D('',#1393,#1228,#1229);
#1162=AXIS2_PLACEMENT_3D('',#1394,#1230,#1231);
#1163=AXIS2_PLACEMENT_3D('',#1396,#1232,#1233);
#1164=AXIS2_PLACEMENT_3D('',#1402,#1237,#1238);
#1165=AXIS2_PLACEMENT_3D('',#1408,#1242,#1243);
#1166=AXIS2_PLACEMENT_3D('',#1414,#1247,#1248);
#1167=AXIS2_PLACEMENT_3D('',#1416,#1250,#1251);
#1168=AXIS2_PLACEMENT_3D('',#1417,#1252,#1253);
#1169=AXIS2_PLACEMENT_3D('',#1418,#1254,#1255);
#1170=AXIS2_PLACEMENT_3D('',#1448,#1256,#1257);
#1171=AXIS2_PLACEMENT_3D('',#1450,#1258,#1259);
#1172=AXIS2_PLACEMENT_3D('',#1451,#1260,#1261);
#1173=AXIS2_PLACEMENT_3D('',#1619,#1262,#1263);
#1174=AXIS2_PLACEMENT_3D('',#1762,#1264,#1265);
#1175=AXIS2_PLACEMENT_3D('',#1819,#1266,#1267);
#1176=AXIS2_PLACEMENT_3D('',#1858,#1268,#1269);
#1177=AXIS2_PLACEMENT_3D('',#1904,#1270,#1271);
#1178=AXIS2_PLACEMENT_3D('',#2131,#1272,#1273);
#1179=AXIS2_PLACEMENT_3D('',#2365,#1274,#1275);
#1180=AXIS2_PLACEMENT_3D('',#2507,#1276,#1277);
#1181=AXIS2_PLACEMENT_3D('',#2558,#1278,#1279);
#1182=AXIS2_PLACEMENT_3D('',#2595,#1280,#1281);
#1183=AXIS2_PLACEMENT_3D('',#2641,#1282,#1283);
#1184=AXIS2_PLACEMENT_3D('',#2856,#1284,#1285);
#1185=AXIS2_PLACEMENT_3D('',#3085,#1286,#1287);
#1186=AXIS2_PLACEMENT_3D('',#3227,#1288,#1289);
#1187=AXIS2_PLACEMENT_3D('',#3278,#1290,#1291);
#1188=AXIS2_PLACEMENT_3D('',#3315,#1292,#1293);
#1189=AXIS2_PLACEMENT_3D('',#3361,#1294,#1295);
#1190=AXIS2_PLACEMENT_3D('',#3569,#1296,#1297);
#1191=AXIS2_PLACEMENT_3D('',#3671,#1298,#1299);
#1192=AXIS2_PLACEMENT_3D('',#3735,#1300,#1301);
#1193=AXIS2_PLACEMENT_3D('',#3790,#1302,#1303);
#1194=AXIS2_PLACEMENT_3D('',#3798,#1304,#1305);
#1195=AXIS2_PLACEMENT_3D('',#3799,#1306,#1307);
#1196=AXIS2_PLACEMENT_3D('',#3801,#1309,#1310);
#1197=AXIS2_PLACEMENT_3D('',#3834,#1311,#1312);
#1198=AXIS2_PLACEMENT_3D('',#3898,#1313,#1314);
#1199=AXIS2_PLACEMENT_3D('',#3953,#1315,#1316);
#1200=AXIS2_PLACEMENT_3D('',#3961,#1317,#1318);
#1201=AXIS2_PLACEMENT_3D('',#3962,#1319,#1320);
#1202=AXIS2_PLACEMENT_3D('',#3964,#1322,#1323);
#1203=AXIS2_PLACEMENT_3D('',#3997,#1324,#1325);
#1204=AXIS2_PLACEMENT_3D('',#4061,#1326,#1327);
#1205=AXIS2_PLACEMENT_3D('',#4116,#1328,#1329);
#1206=AXIS2_PLACEMENT_3D('',#4124,#1330,#1331);
#1207=AXIS2_PLACEMENT_3D('',#4125,#1332,#1333);
#1208=AXIS2_PLACEMENT_3D('',#4127,#1335,#1336);
#1209=AXIS2_PLACEMENT_3D('',#4298,#1337,#1338);
#1210=AXIS2_PLACEMENT_3D('',#4582,#1341,#1342);
#1211=AXIS2_PLACEMENT_3D('',#4659,#1343,#1344);
#1212=AXIS2_PLACEMENT_3D('',#4709,#1345,#1346);
#1213=AXIS2_PLACEMENT_3D('',#4746,#1347,#1348);
#1214=AXIS2_PLACEMENT_3D('',#4792,#1349,#1350);
#1215=AXIS2_PLACEMENT_3D('',#5004,#1351,#1352);
#1216=AXIS2_PLACEMENT_3D('',#5081,#1353,#1354);
#1217=AXIS2_PLACEMENT_3D('',#5138,#1355,#1356);
#1218=AXIS2_PLACEMENT_3D('',#5193,#1357,#1358);
#1219=AXIS2_PLACEMENT_3D('',#5201,#1359,#1360);
#1220=AXIS2_PLACEMENT_3D('',#5202,#1361,#1362);
#1221=AXIS2_PLACEMENT_3D('',#5204,#1364,#1365);
#1222=DIRECTION('axis',(0.,0.,1.));
#1223=DIRECTION('refdir',(1.,0.,0.));
#1224=DIRECTION('center_axis',(0.,1.,0.));
#1225=DIRECTION('ref_axis',(-1.,0.,6.12323399573677E-17));
#1226=DIRECTION('center_axis',(0.,-1.,0.));
#1227=DIRECTION('ref_axis',(-1.,0.,-1.22464679914735E-16));
#1228=DIRECTION('center_axis',(0.,1.,0.));
#1229=DIRECTION('ref_axis',(-1.,0.,-1.22464679914735E-16));
#1230=DIRECTION('center_axis',(0.,1.,0.));
#1231=DIRECTION('ref_axis',(0.,0.,1.));
#1232=DIRECTION('center_axis',(0.,1.,0.));
#1233=DIRECTION('ref_axis',(-1.,0.,0.));
#1234=DIRECTION('',(1.,0.,0.));
#1235=DIRECTION('',(0.,0.,-1.));
#1236=DIRECTION('',(-1.,0.,0.));
#1237=DIRECTION('center_axis',(0.,0.,1.));
#1238=DIRECTION('ref_axis',(1.,0.,0.));
#1239=DIRECTION('',(0.,-1.,0.));
#1240=DIRECTION('',(1.,0.,0.));
#1241=DIRECTION('',(0.,1.,0.));
#1242=DIRECTION('center_axis',(0.,0.,-1.));
#1243=DIRECTION('ref_axis',(-1.,0.,0.));
#1244=DIRECTION('',(0.,1.,0.));
#1245=DIRECTION('',(-1.,0.,0.));
#1246=DIRECTION('',(0.,1.,0.));
#1247=DIRECTION('center_axis',(1.,0.,0.));
#1248=DIRECTION('ref_axis',(0.,0.,-1.));
#1249=DIRECTION('',(0.,0.,-1.));
#1250=DIRECTION('center_axis',(0.,-1.,0.));
#1251=DIRECTION('ref_axis',(0.,0.,-1.));
#1252=DIRECTION('center_axis',(0.,1.,0.));
#1253=DIRECTION('ref_axis',(1.,0.,0.));
#1254=DIRECTION('center_axis',(0.,1.,0.));
#1255=DIRECTION('ref_axis',(-1.,0.,-1.22464679914735E-16));
#1256=DIRECTION('center_axis',(-1.,0.,1.22464679914735E-16));
#1257=DIRECTION('ref_axis',(-1.22464679914735E-16,0.,-1.));
#1258=DIRECTION('center_axis',(0.,1.,0.));
#1259=DIRECTION('ref_axis',(-1.,0.,0.));
#1260=DIRECTION('center_axis',(0.,1.,0.));
#1261=DIRECTION('ref_axis',(-1.,0.,0.));
#1262=DIRECTION('center_axis',(-0.33778935017801,-0.173911467644369,0.925015219511603));
#1263=DIRECTION('ref_axis',(-0.933644514619089,0.186364492804204,-0.305902265672418));
#1264=DIRECTION('center_axis',(8.88154287545514E-15,0.00737156991606579,
-0.999972829609371));
#1265=DIRECTION('ref_axis',(0.355050162014126,-0.934821850702099,-0.00689129187060544));
#1266=DIRECTION('center_axis',(-0.977825910273538,-0.203494539031345,0.0494617203718966));
#1267=DIRECTION('ref_axis',(0.199157631497328,-0.976629461668589,-0.0808154219026133));
#1268=DIRECTION('center_axis',(-0.832697801674386,-0.209188854740102,0.512693274911198));
#1269=DIRECTION('ref_axis',(0.177947189228229,-0.977875198559042,-0.109976787954942));
#1270=DIRECTION('center_axis',(0.255506869798271,-0.209188854740104,0.943904795272496));
#1271=DIRECTION('ref_axis',(-0.0549991417117112,-0.977875198559042,-0.201829607476429));
#1272=DIRECTION('center_axis',(-0.337791281437428,-0.173927135912575,0.925011568348261));
#1273=DIRECTION('ref_axis',(0.054407934526326,0.977526665270793,0.203669819426302));
#1274=DIRECTION('center_axis',(-0.925015219511597,-0.173911467644372,-0.337789350178026));
#1275=DIRECTION('ref_axis',(0.305902265672432,0.18636449280421,-0.933644514619083));
#1276=DIRECTION('center_axis',(0.999972829609371,0.00737156991606579,8.88154287545514E-15));
#1277=DIRECTION('ref_axis',(0.00689129187060544,-0.934821850702099,0.355050162014126));
#1278=DIRECTION('center_axis',(-0.0494617203777475,-0.203494539031481,-0.977825910273214));
#1279=DIRECTION('ref_axis',(0.080815421902951,-0.97662946166862,0.199157631497035));
#1280=DIRECTION('center_axis',(-0.512693274911199,-0.2091888547401,-0.832697801674386));
#1281=DIRECTION('ref_axis',(0.109976787954924,-0.977875198559043,0.177947189228238));
#1282=DIRECTION('center_axis',(-0.943904795272489,-0.209188854740104,0.255506869798298));
#1283=DIRECTION('ref_axis',(0.201829607476433,-0.977875198559042,-0.0549991417116934));
#1284=DIRECTION('center_axis',(-0.925011568348262,-0.173927135912573,-0.337791281437424));
#1285=DIRECTION('ref_axis',(-0.203669819426299,0.977526665270793,0.0544079345263258));
#1286=DIRECTION('center_axis',(0.33778935017798,-0.17391146764438,-0.925015219511612));
#1287=DIRECTION('ref_axis',(0.933644514619099,0.186364492804206,0.305902265672386));
#1288=DIRECTION('center_axis',(-8.88154287545514E-15,0.00737156991606579,
0.999972829609371));
#1289=DIRECTION('ref_axis',(-0.355050162014126,-0.934821850702099,0.00689129187060544));
#1290=DIRECTION('center_axis',(0.977825910272658,-0.203494539031716,-0.0494617203877601));
#1291=DIRECTION('ref_axis',(-0.199157631496538,-0.976629461668675,0.0808154219035194));
#1292=DIRECTION('center_axis',(0.832697801674389,-0.209188854740104,-0.512693274911192));
#1293=DIRECTION('ref_axis',(-0.17794718922822,-0.977875198559042,0.10997678795496));
#1294=DIRECTION('center_axis',(-0.255506869798313,-0.209188854740098,-0.943904795272486));
#1295=DIRECTION('ref_axis',(0.0549991417117107,-0.977875198559043,0.201829607476423));
#1296=DIRECTION('center_axis',(0.33779128143742,-0.173927135912575,-0.925011568348263));
#1297=DIRECTION('ref_axis',(-0.0544079345263258,0.977526665270793,-0.203669819426301));
#1298=DIRECTION('center_axis',(4.44078285243966E-15,0.00701423173160396,
-0.999975399974027));
#1299=DIRECTION('ref_axis',(-1.,0.,-4.44089209850063E-15));
#1300=DIRECTION('center_axis',(-0.832342717505563,-0.210810625207013,0.512605580261552));
#1301=DIRECTION('ref_axis',(0.524390243902436,-1.11022302462515E-15,0.851478051449328));
#1302=DIRECTION('center_axis',(0.255523471136628,-0.210810625207018,0.943539419419303));
#1303=DIRECTION('ref_axis',(0.965231135463631,0.,-0.261397886624184));
#1304=DIRECTION('center_axis',(-0.997123165401976,0.0701335555526621,-0.0287519982659462));
#1305=DIRECTION('ref_axis',(0.075798370818532,0.922602849617844,-0.378230867141077));
#1306=DIRECTION('center_axis',(2.64204070811175E-32,1.,-1.43825997283529E-16));
#1307=DIRECTION('ref_axis',(-0.487652415198347,1.32364463411199E-16,0.873037869711973));
#1308=DIRECTION('',(-2.64204070811175E-32,-1.,1.43825997283529E-16));
#1309=DIRECTION('center_axis',(-1.,0.,-1.83697019872103E-16));
#1310=DIRECTION('ref_axis',(-1.83697019872103E-16,0.,1.));
#1311=DIRECTION('center_axis',(0.999975399974027,0.00701423173160396,4.44078285243966E-15));
#1312=DIRECTION('ref_axis',(4.44089209850063E-15,0.,-1.));
#1313=DIRECTION('center_axis',(-0.512605580261552,-0.210810625207017,-0.832342717505562));
#1314=DIRECTION('ref_axis',(-0.851478051449327,0.,0.524390243902436));
#1315=DIRECTION('center_axis',(-0.943539419419301,-0.210810625207017,0.255523471136634));
#1316=DIRECTION('ref_axis',(0.261397886624191,0.,0.965231135463629));
#1317=DIRECTION('center_axis',(0.,0.,1.));
#1318=DIRECTION('ref_axis',(1.,0.,0.));
#1319=DIRECTION('center_axis',(1.43825997283529E-16,1.,1.7613604720745E-32));
#1320=DIRECTION('ref_axis',(-0.873037869711973,1.32364463411199E-16,-0.487652415198347));
#1321=DIRECTION('',(-1.43825997283529E-16,-1.,-1.7613604720745E-32));
#1322=DIRECTION('center_axis',(1.22464679914735E-16,0.,-1.));
#1323=DIRECTION('ref_axis',(-1.,0.,-1.22464679914735E-16));
#1324=DIRECTION('center_axis',(0.,0.00701423173160227,0.999975399974027));
#1325=DIRECTION('ref_axis',(1.,0.,0.));
#1326=DIRECTION('center_axis',(0.832342717505564,-0.210810625207021,-0.512605580261548));
#1327=DIRECTION('ref_axis',(-0.524390243902432,0.,-0.85147805144933));
#1328=DIRECTION('center_axis',(-0.255523471136626,-0.210810625207015,-0.943539419419304));
#1329=DIRECTION('ref_axis',(-0.965231135463631,0.,0.261397886624182));
#1330=DIRECTION('center_axis',(-0.997123165401977,-0.070133555552655,-0.0287519982659462));
#1331=DIRECTION('ref_axis',(-0.0757983708185251,0.922602849617839,0.378230867141088));
#1332=DIRECTION('center_axis',(-8.80680236037249E-33,1.,1.43825997283529E-16));
#1333=DIRECTION('ref_axis',(0.487652415198346,1.32364463411199E-16,-0.873037869711973));
#1334=DIRECTION('',(8.80680236037249E-33,-1.,-1.43825997283529E-16));
#1335=DIRECTION('center_axis',(1.,0.,6.12323399573677E-17));
#1336=DIRECTION('ref_axis',(6.12323399573677E-17,0.,-1.));
#1337=DIRECTION('center_axis',(0.,1.,0.));
#1338=DIRECTION('ref_axis',(-1.,0.,0.));
#1339=DIRECTION('',(0.,-1.,0.));
#1340=DIRECTION('',(0.,-1.,0.));
#1341=DIRECTION('center_axis',(0.925015219511618,-0.173911467644381,0.337789350177963));
#1342=DIRECTION('ref_axis',(-0.30590226567237,0.186364492804198,0.933644514619105));
#1343=DIRECTION('center_axis',(-0.999972829609371,0.00737156991606579,-8.88154287545514E-15));
#1344=DIRECTION('ref_axis',(-0.00689129187060544,-0.934821850702099,-0.355050162014126));
#1345=DIRECTION('center_axis',(0.0494617203733462,-0.20349453903138,0.977825910273457));
#1346=DIRECTION('ref_axis',(-0.0808154219026845,-0.976629461668597,-0.199157631497257));
#1347=DIRECTION('center_axis',(0.512693274911186,-0.209188854740093,0.832697801674396));
#1348=DIRECTION('ref_axis',(-0.109976787954924,-0.977875198559044,-0.17794718922823));
#1349=DIRECTION('center_axis',(0.94390479527249,-0.209188854740104,-0.255506869798294));
#1350=DIRECTION('ref_axis',(-0.201829607476433,-0.977875198559042,0.0549991417116934));
#1351=DIRECTION('center_axis',(0.925011568348271,-0.173927135912578,0.337791281437399));
#1352=DIRECTION('ref_axis',(0.203669819426301,0.977526665270793,-0.0544079345263263));
#1353=DIRECTION('center_axis',(-0.999975399974027,0.00701423173159752,0.));
#1354=DIRECTION('ref_axis',(0.,0.,1.));
#1355=DIRECTION('center_axis',(0.512605580261556,-0.210810625207013,0.832342717505561));
#1356=DIRECTION('ref_axis',(0.851478051449325,-1.11022302462516E-15,-0.52439024390244));
#1357=DIRECTION('center_axis',(0.943539419419303,-0.210810625207015,-0.25552347113663));
#1358=DIRECTION('ref_axis',(-0.261397886624187,0.,-0.96523113546363));
#1359=DIRECTION('center_axis',(0.,0.,1.));
#1360=DIRECTION('ref_axis',(1.,0.,0.));
#1361=DIRECTION('center_axis',(-1.43825997283529E-16,1.,0.));
#1362=DIRECTION('ref_axis',(0.873037869711973,1.32364463411199E-16,0.487652415198346));
#1363=DIRECTION('',(1.43825997283529E-16,-1.,0.));
#1364=DIRECTION('center_axis',(0.,0.,1.));
#1365=DIRECTION('ref_axis',(1.,0.,0.));
#1366=CARTESIAN_POINT('',(0.,0.,0.));
#1367=CARTESIAN_POINT('Origin',(0.,0.4,0.));
#1368=CARTESIAN_POINT('',(14.142135623731,0.4,5.));
#1369=CARTESIAN_POINT('',(14.5657131648265,0.,5.));
#1370=CARTESIAN_POINT('Ctrl Pts',(14.142135623731,0.4,5.));
#1371=CARTESIAN_POINT('Ctrl Pts',(14.142135623731,0.351545329182632,5.));
#1372=CARTESIAN_POINT('Ctrl Pts',(14.1539663906773,0.294616036792432,5.));
#1373=CARTESIAN_POINT('Ctrl Pts',(14.1927364405002,0.204176504848481,5.));
#1374=CARTESIAN_POINT('Ctrl Pts',(14.2270523391575,0.155039424692684,5.));
#1375=CARTESIAN_POINT('Ctrl Pts',(14.3002148626505,0.0844262605956113,5.));
#1376=CARTESIAN_POINT('Ctrl Pts',(14.3525097286586,0.0509660564308215,5.));
#1377=CARTESIAN_POINT('Ctrl Pts',(14.4498882600911,0.0119649280789384,5.));
#1378=CARTESIAN_POINT('Ctrl Pts',(14.5125509002652,2.76043532660285E-16,
5.));
#1379=CARTESIAN_POINT('Ctrl Pts',(14.5657131648265,0.,5.));
#1380=CARTESIAN_POINT('',(14.5657131648265,0.,-5.));
#1381=CARTESIAN_POINT('Origin',(0.,0.,0.));
#1382=CARTESIAN_POINT('',(14.142135623731,0.4,-5.));
#1383=CARTESIAN_POINT('Ctrl Pts',(14.5657131648265,0.,-5.));
#1384=CARTESIAN_POINT('Ctrl Pts',(14.5125509002652,2.76043532660285E-16,
-5.));
#1385=CARTESIAN_POINT('Ctrl Pts',(14.4498882600911,0.0119649280789384,-5.));
#1386=CARTESIAN_POINT('Ctrl Pts',(14.3525097286586,0.0509660564308215,-5.));
#1387=CARTESIAN_POINT('Ctrl Pts',(14.3002148626505,0.0844262605956113,-5.));
#1388=CARTESIAN_POINT('Ctrl Pts',(14.2270523391575,0.155039424692684,-5.));
#1389=CARTESIAN_POINT('Ctrl Pts',(14.1927364405002,0.204176504848481,-5.));
#1390=CARTESIAN_POINT('Ctrl Pts',(14.1539663906773,0.294616036792432,-5.));
#1391=CARTESIAN_POINT('Ctrl Pts',(14.142135623731,0.351545329182632,-5.));
#1392=CARTESIAN_POINT('Ctrl Pts',(14.142135623731,0.4,-5.));
#1393=CARTESIAN_POINT('Origin',(0.,0.4,0.));
#1394=CARTESIAN_POINT('Origin',(0.,0.,0.));
#1395=CARTESIAN_POINT('',(25.,0.,-3.06161699786838E-15));
#1396=CARTESIAN_POINT('Origin',(0.,0.,0.));
#1397=CARTESIAN_POINT('',(19.,0.,5.));
#1398=CARTESIAN_POINT('',(3.,0.,5.));
#1399=CARTESIAN_POINT('',(19.,0.,-5.));
#1400=CARTESIAN_POINT('',(19.,0.,2.5));
#1401=CARTESIAN_POINT('',(9.5,0.,-5.));
#1402=CARTESIAN_POINT('Origin',(6.,0.,5.));
#1403=CARTESIAN_POINT('',(14.142135623731,45.,5.));
#1404=CARTESIAN_POINT('',(14.142135623731,0.,5.));
#1405=CARTESIAN_POINT('',(19.,45.,5.));
#1406=CARTESIAN_POINT('',(19.,45.,5.));
#1407=CARTESIAN_POINT('',(19.,0.,5.));
#1408=CARTESIAN_POINT('Origin',(19.,0.,-5.));
#1409=CARTESIAN_POINT('',(19.,45.,-5.));
#1410=CARTESIAN_POINT('',(19.,0.,-5.));
#1411=CARTESIAN_POINT('',(14.142135623731,45.,-5.));
#1412=CARTESIAN_POINT('',(6.,45.,-5.));
#1413=CARTESIAN_POINT('',(14.142135623731,0.,-5.));
#1414=CARTESIAN_POINT('Origin',(19.,0.,5.));
#1415=CARTESIAN_POINT('',(19.,45.,-5.));
#1416=CARTESIAN_POINT('Origin',(0.,45.,0.));
#1417=CARTESIAN_POINT('Origin',(0.,45.,0.));
#1418=CARTESIAN_POINT('Origin',(0.,0.,0.));
#1419=CARTESIAN_POINT('Ctrl Pts',(0.,55.,-25.));
#1420=CARTESIAN_POINT('Ctrl Pts',(-25.,55.,-25.));
#1421=CARTESIAN_POINT('Ctrl Pts',(-25.,55.,0.));
#1422=CARTESIAN_POINT('Ctrl Pts',(-25.,55.,25.));
#1423=CARTESIAN_POINT('Ctrl Pts',(0.,55.,25.));
#1424=CARTESIAN_POINT('Ctrl Pts',(25.,55.,25.));
#1425=CARTESIAN_POINT('Ctrl Pts',(25.,55.,0.));
#1426=CARTESIAN_POINT('Ctrl Pts',(25.,55.,-25.));
#1427=CARTESIAN_POINT('Ctrl Pts',(0.,55.,-25.));
#1428=CARTESIAN_POINT('Ctrl Pts',(0.,78.3262923938562,-23.3262923938562));
#1429=CARTESIAN_POINT('Ctrl Pts',(-23.3262923938562,78.3262923938562,-23.3262923938562));
#1430=CARTESIAN_POINT('Ctrl Pts',(-23.3262923938562,78.3262923938562,0.));
#1431=CARTESIAN_POINT('Ctrl Pts',(-23.3262923938562,78.3262923938562,23.3262923938562));
#1432=CARTESIAN_POINT('Ctrl Pts',(0.,78.3262923938562,23.3262923938562));
#1433=CARTESIAN_POINT('Ctrl Pts',(23.3262923938562,78.3262923938562,23.3262923938562));
#1434=CARTESIAN_POINT('Ctrl Pts',(23.3262923938562,78.3262923938562,0.));
#1435=CARTESIAN_POINT('Ctrl Pts',(23.3262923938562,78.3262923938562,-23.3262923938562));
#1436=CARTESIAN_POINT('Ctrl Pts',(0.,78.3262923938562,-23.3262923938562));
#1437=CARTESIAN_POINT('Ctrl Pts',(0.,80.,1.94289029309402E-15));
#1438=CARTESIAN_POINT('Ctrl Pts',(1.94289029309402E-15,80.,1.94289029309402E-15));
#1439=CARTESIAN_POINT('Ctrl Pts',(1.94289029309402E-15,80.,0.));
#1440=CARTESIAN_POINT('Ctrl Pts',(1.94289029309402E-15,80.,-1.94289029309402E-15));
#1441=CARTESIAN_POINT('Ctrl Pts',(0.,80.,-1.94289029309402E-15));
#1442=CARTESIAN_POINT('Ctrl Pts',(-1.94289029309402E-15,80.,-1.94289029309402E-15));
#1443=CARTESIAN_POINT('Ctrl Pts',(-1.94289029309402E-15,80.,0.));
#1444=CARTESIAN_POINT('Ctrl Pts',(-1.94289029309402E-15,80.,1.94289029309402E-15));
#1445=CARTESIAN_POINT('Ctrl Pts',(0.,80.,1.94289029309402E-15));
#1446=CARTESIAN_POINT('',(0.,80.,0.));
#1447=CARTESIAN_POINT('',(-3.06161699786838E-15,55.,-25.));
#1448=CARTESIAN_POINT('Origin',(2.36657734246086E-16,53.0675429486211,1.93245705137886));
#1449=CARTESIAN_POINT('',(25.,55.,0.));
#1450=CARTESIAN_POINT('Origin',(0.,55.,0.));
#1451=CARTESIAN_POINT('Origin',(0.,55.,0.));
#1452=CARTESIAN_POINT('Ctrl Pts',(117.733067858347,48.8451059584324,-32.6622830337558));
#1453=CARTESIAN_POINT('Ctrl Pts',(115.542697621591,47.7150924775452,-26.6531083972222));
#1454=CARTESIAN_POINT('Ctrl Pts',(110.719716515097,45.3147659608512,-14.8238345799633));
#1455=CARTESIAN_POINT('Ctrl Pts',(103.540347196655,42.1972870242498,-1.80064755573804));
#1456=CARTESIAN_POINT('Ctrl Pts',(95.9004899941276,39.4104844462948,8.32916340658016));
#1457=CARTESIAN_POINT('Ctrl Pts',(89.8729728033063,37.5238527097906,14.3251709434927));
#1458=CARTESIAN_POINT('Ctrl Pts',(80.879502274967,35.3067469232157,19.9719116836808));
#1459=CARTESIAN_POINT('Ctrl Pts',(71.4062596235658,33.6341742589923,22.5202941214986));
#1460=CARTESIAN_POINT('Ctrl Pts',(60.5533484217214,32.7846077891534,21.0982387107876));
#1461=CARTESIAN_POINT('Ctrl Pts',(48.4424712192925,33.0609459179519,16.1461099532551));
#1462=CARTESIAN_POINT('Ctrl Pts',(37.9312307912144,35.382189631355,8.28368453113213));
#1463=CARTESIAN_POINT('Ctrl Pts',(30.1869879003125,40.3848062596024,1.21023028711948));
#1464=CARTESIAN_POINT('Ctrl Pts',(27.0078000214124,43.4568075497839,-1.86792164981444));
#1465=CARTESIAN_POINT('Ctrl Pts',(25.6048417335604,44.9880454864263,-3.22895854925921));
#1466=CARTESIAN_POINT('Ctrl Pts',(24.9185845673389,45.7711869418335,-3.89286551890967));
#1467=CARTESIAN_POINT('Ctrl Pts',(24.2290379209813,46.583843453949,-4.54934285883393));
#1468=CARTESIAN_POINT('Ctrl Pts',(23.7758671882412,47.1283585975824,-4.96781080685604));
#1469=CARTESIAN_POINT('Ctrl Pts',(23.5399298920168,47.3987199324486,-5.16750758687564));
#1470=CARTESIAN_POINT('Ctrl Pts',(117.586551081718,48.8640573519214,-32.7122237710946));
#1471=CARTESIAN_POINT('Ctrl Pts',(115.397065253213,47.7341603677246,-26.7067545758164));
#1472=CARTESIAN_POINT('Ctrl Pts',(110.576575841764,45.3341621428871,-14.8863224448776));
#1473=CARTESIAN_POINT('Ctrl Pts',(103.404125038894,42.2181187288407,-1.8796603047616));
#1474=CARTESIAN_POINT('Ctrl Pts',(95.7778030063498,39.4349510035281,8.22926801603378));
#1475=CARTESIAN_POINT('Ctrl Pts',(89.7660230617458,37.552691815242,14.2071877744907));
#1476=CARTESIAN_POINT('Ctrl Pts',(80.8080524111436,35.3453303047701,19.8280793443031));
#1477=CARTESIAN_POINT('Ctrl Pts',(71.3877612302422,33.6854949518103,22.3591400453049));
#1478=CARTESIAN_POINT('Ctrl Pts',(60.5936936153991,32.8502375532558,20.9431048584548));
#1479=CARTESIAN_POINT('Ctrl Pts',(48.5340703079424,33.141658147298,16.0085303274756));
#1480=CARTESIAN_POINT('Ctrl Pts',(38.0597975364671,35.4831753423508,8.16639170567898));
#1481=CARTESIAN_POINT('Ctrl Pts',(30.3663419351853,40.4877754516986,1.10569373475564));
#1482=CARTESIAN_POINT('Ctrl Pts',(27.2136555163198,43.551097707432,-1.97642159116723));
#1483=CARTESIAN_POINT('Ctrl Pts',(25.8223990311429,45.0781732352217,-3.34372066713087));
#1484=CARTESIAN_POINT('Ctrl Pts',(25.1421877967378,45.8591725863792,-4.01158594953501));
#1485=CARTESIAN_POINT('Ctrl Pts',(24.4578610412611,46.6715004370761,-4.67454043700994));
#1486=CARTESIAN_POINT('Ctrl Pts',(24.0086474978022,47.2165514558188,-5.09863173106125));
#1487=CARTESIAN_POINT('Ctrl Pts',(23.7710479813537,47.4929148878229,-5.30586294067647));
#1488=CARTESIAN_POINT('Ctrl Pts',(117.297796837747,48.9746231339369,-32.7968812441379));
#1489=CARTESIAN_POINT('Ctrl Pts',(115.109571620942,47.8452179022705,-26.7981301666179));
#1490=CARTESIAN_POINT('Ctrl Pts',(110.292848962746,45.446428605907,-14.9939381044939));
#1491=CARTESIAN_POINT('Ctrl Pts',(103.132176008013,42.3340328282839,-2.01857937265825));
#1492=CARTESIAN_POINT('Ctrl Pts',(95.5307603270717,39.5590345147699,8.05017759570902));
#1493=CARTESIAN_POINT('Ctrl Pts',(89.5487774010066,37.6862359280902,13.993142047903));
#1494=CARTESIAN_POINT('Ctrl Pts',(80.6593850142337,35.4997540873775,19.564374640903));
#1495=CARTESIAN_POINT('Ctrl Pts',(71.3426074267531,33.8672690074383,22.0635114776128));
#1496=CARTESIAN_POINT('Ctrl Pts',(60.6631414363273,33.0645084452344,20.6650131112297));
#1497=CARTESIAN_POINT('Ctrl Pts',(48.7029166626986,33.3930635284696,15.7765293460557));
#1498=CARTESIAN_POINT('Ctrl Pts',(38.2985198183383,35.7877284658648,7.99577700930598));
#1499=CARTESIAN_POINT('Ctrl Pts',(30.7164604968317,40.8181998521925,1.00503686177017));
#1500=CARTESIAN_POINT('Ctrl Pts',(27.6317890108033,43.878865706362,-2.05634674772121));
#1501=CARTESIAN_POINT('Ctrl Pts',(26.2747094997335,45.4078947118057,-3.41945251751055));
#1502=CARTESIAN_POINT('Ctrl Pts',(25.6126825056265,46.1904590696728,-4.08610899002753));
#1503=CARTESIAN_POINT('Ctrl Pts',(24.9460864999325,47.0097685946446,-4.75096344896902));
#1504=CARTESIAN_POINT('Ctrl Pts',(24.5103921994232,47.5624132308815,-5.17733095476578));
#1505=CARTESIAN_POINT('Ctrl Pts',(24.2730810661595,47.8563201969993,-5.39269832995116));
#1506=CARTESIAN_POINT('Ctrl Pts',(117.025249086443,49.2645787480478,-32.8418936077462));
#1507=CARTESIAN_POINT('Ctrl Pts',(114.837365558343,48.1361455626535,-26.8478862237451));
#1508=CARTESIAN_POINT('Ctrl Pts',(110.0220563847,45.739612541027,-15.055734408822));
#1509=CARTESIAN_POINT('Ctrl Pts',(102.868890149389,42.6323030964384,-2.10610626720695));
#1510=CARTESIAN_POINT('Ctrl Pts',(95.2873816947476,39.8668819086414,7.92841708253771));
#1511=CARTESIAN_POINT('Ctrl Pts',(89.330978474827,38.0046087087345,13.8413203189874));
#1512=CARTESIAN_POINT('Ctrl Pts',(80.502864322168,35.8406022988634,19.3715741835823));
#1513=CARTESIAN_POINT('Ctrl Pts',(71.280049582548,34.2374355354911,21.8499229681003));
#1514=CARTESIAN_POINT('Ctrl Pts',(60.7004125443962,33.4707211255336,20.4875773516646));
#1515=CARTESIAN_POINT('Ctrl Pts',(48.818270665403,33.8423677348751,15.6785622409619));
#1516=CARTESIAN_POINT('Ctrl Pts',(38.4539734195251,36.2958823924455,8.01999153087016));
#1517=CARTESIAN_POINT('Ctrl Pts',(30.9380216256238,41.3539706667333,1.2107260239405));
#1518=CARTESIAN_POINT('Ctrl Pts',(27.8946314747742,44.4188417271653,-1.7585227065786));
#1519=CARTESIAN_POINT('Ctrl Pts',(26.5559238215491,45.9535775339586,-3.0754093263766));
#1520=CARTESIAN_POINT('Ctrl Pts',(25.9027352432212,46.7399703156947,-3.71755281009284));
#1521=CARTESIAN_POINT('Ctrl Pts',(25.2428744331091,47.5665293224023,-4.35449571686029));
#1522=CARTESIAN_POINT('Ctrl Pts',(24.8099322909965,48.1266328172575,-4.75848573362378));
#1523=CARTESIAN_POINT('Ctrl Pts',(24.5686967783017,48.4303564094554,-4.95929375001684));
#1524=CARTESIAN_POINT('Ctrl Pts',(116.862013400051,49.6216169647301,-32.8343761489093));
#1525=CARTESIAN_POINT('Ctrl Pts',(114.673693222672,48.4940550112177,-26.8415888748203));
#1526=CARTESIAN_POINT('Ctrl Pts',(109.857547483091,46.0994928961877,-15.0533144305004));
#1527=CARTESIAN_POINT('Ctrl Pts',(102.705931362059,42.9961481814565,-2.11510067383637));
#1528=CARTESIAN_POINT('Ctrl Pts',(95.1333130682027,40.2374471296789,7.90307081431773));
#1529=CARTESIAN_POINT('Ctrl Pts',(89.190051310313,38.3822850432824,13.8013529264679));
#1530=CARTESIAN_POINT('Ctrl Pts',(80.3953580300287,36.2328623457183,19.3141049077395));
#1531=CARTESIAN_POINT('Ctrl Pts',(71.2244116580935,34.6482577323477,21.7906303436965));
#1532=CARTESIAN_POINT('Ctrl Pts',(60.6941021732006,33.9030808078881,20.4711676353435));
#1533=CARTESIAN_POINT('Ctrl Pts',(48.8382006362613,34.2974482043773,15.7446137205594));
#1534=CARTESIAN_POINT('Ctrl Pts',(38.4655275458802,36.7718825294901,8.22061834487169));
#1535=CARTESIAN_POINT('Ctrl Pts',(30.9257614826441,41.8010589523772,1.59677752450946));
#1536=CARTESIAN_POINT('Ctrl Pts',(27.8614083021217,44.8435934267836,-1.28160775744104));
#1537=CARTESIAN_POINT('Ctrl Pts',(26.5061239710396,46.3661830553177,-2.55183539649446));
#1538=CARTESIAN_POINT('Ctrl Pts',(25.8422887915082,47.1461105652394,-3.16944414315585));
#1539=CARTESIAN_POINT('Ctrl Pts',(25.1680063812623,47.9630907982652,-3.77707938706546));
#1540=CARTESIAN_POINT('Ctrl Pts',(24.7202562509118,48.5152021309689,-4.15814103416243));
#1541=CARTESIAN_POINT('Ctrl Pts',(24.469734784231,48.8068647066716,-4.33908770456901));
#1542=CARTESIAN_POINT('Ctrl Pts',(116.837552941343,49.8579065662945,-32.7988837718621));
#1543=CARTESIAN_POINT('Ctrl Pts',(114.648567989007,48.7306746312683,-26.8046910069566));
#1544=CARTESIAN_POINT('Ctrl Pts',(109.83071847011,46.3368347253866,-15.0136582415148));
#1545=CARTESIAN_POINT('Ctrl Pts',(102.676469918021,43.2346960341047,-2.0731123237381));
#1546=CARTESIAN_POINT('Ctrl Pts',(95.1023245457342,40.4776578234058,7.94673081055814));
#1547=CARTESIAN_POINT('Ctrl Pts',(89.1588739822328,38.6240526613649,13.846282812129));
#1548=CARTESIAN_POINT('Ctrl Pts',(80.366005060177,36.4773574184908,19.3635394669992));
#1549=CARTESIAN_POINT('Ctrl Pts',(71.1983409923979,34.8956601807569,21.8504467837623));
#1550=CARTESIAN_POINT('Ctrl Pts',(60.6648087875529,34.1518565127205,20.5584977581505));
#1551=CARTESIAN_POINT('Ctrl Pts',(48.7919327322039,34.5429015299879,15.8775456041441));
#1552=CARTESIAN_POINT('Ctrl Pts',(38.3854658832884,36.9988991259832,8.43163940363113));
#1553=CARTESIAN_POINT('Ctrl Pts',(30.7799073228566,41.9654538035658,1.89309373898775));
#1554=CARTESIAN_POINT('Ctrl Pts',(27.669050395308,44.971910875463,-0.953124188120426));
#1555=CARTESIAN_POINT('Ctrl Pts',(26.2867993427933,46.4733673455781,-2.20848394116014));
#1556=CARTESIAN_POINT('Ctrl Pts',(25.6074194615322,47.2414620387382,-2.81896196769895));
#1557=CARTESIAN_POINT('Ctrl Pts',(24.9153609030354,48.0410131264831,-3.41796428690993));
#1558=CARTESIAN_POINT('Ctrl Pts',(24.4517914928263,48.577742359156,-3.79324194580263));
#1559=CARTESIAN_POINT('Ctrl Pts',(24.1950500351388,48.8497657314812,-3.9662597814443));
#1560=CARTESIAN_POINT('Ctrl Pts',(116.856140632788,50.0087048877273,-32.7637445861195));
#1561=CARTESIAN_POINT('Ctrl Pts',(114.666586844178,48.8815048968663,-26.7677287488992));
#1562=CARTESIAN_POINT('Ctrl Pts',(109.847181351981,46.4877124678813,-14.9728063562763));
#1563=CARTESIAN_POINT('Ctrl Pts',(102.6898654638,43.3855443718077,-2.02683626372901));
#1564=CARTESIAN_POINT('Ctrl Pts',(95.1116946608705,40.6281219608255,7.99922117524978));
#1565=CARTESIAN_POINT('Ctrl Pts',(89.1646104613766,38.7740198098647,13.9039688032208));
#1566=CARTESIAN_POINT('Ctrl Pts',(80.3645885199789,36.6257359609235,19.4306391903491));
#1567=CARTESIAN_POINT('Ctrl Pts',(71.1864189563246,35.041483265974,21.9287502156504));
#1568=CARTESIAN_POINT('Ctrl Pts',(60.6360802001023,34.2918495485296,20.6534385497224));
#1569=CARTESIAN_POINT('Ctrl Pts',(48.7391859455442,34.6711921377402,15.9960990390534));
#1570=CARTESIAN_POINT('Ctrl Pts',(38.3008860206258,37.0975737478966,8.5912508400609));
#1571=CARTESIAN_POINT('Ctrl Pts',(30.6415343155039,42.0034727250702,2.07722379817495));
#1572=CARTESIAN_POINT('Ctrl Pts',(27.4965506614937,44.9787231345752,-0.77075076048272));
#1573=CARTESIAN_POINT('Ctrl Pts',(26.095748104457,46.4614592390643,-2.03007178378805));
#1574=CARTESIAN_POINT('Ctrl Pts',(25.4061979750324,47.2191755044278,-2.64355188123817));
#1575=CARTESIAN_POINT('Ctrl Pts',(24.7035140642529,48.0039036695501,-3.24635138653401));
#1576=CARTESIAN_POINT('Ctrl Pts',(24.2313675758119,48.5277889050273,-3.62574881320396));
#1577=CARTESIAN_POINT('Ctrl Pts',(23.9729250076807,48.7843495131164,-3.7994915131387));
#1578=CARTESIAN_POINT('',(24.654257316603,46.0833082960496,-4.1433797999616));
#1579=CARTESIAN_POINT('',(24.7996174014174,47.8951545750662,-3.15895184251275));
#1580=CARTESIAN_POINT('Ctrl Pts',(24.7996174014174,47.8951545750662,-3.15895184251268));
#1581=CARTESIAN_POINT('Ctrl Pts',(24.7639613946221,48.1293346838109,-3.43887232584698));
#1582=CARTESIAN_POINT('Ctrl Pts',(24.7215087304572,48.3146331152248,-3.73136001655678));
#1583=CARTESIAN_POINT('Ctrl Pts',(24.6503165990653,48.4951269897654,-4.17017802470827));
#1584=CARTESIAN_POINT('Ctrl Pts',(24.623224371363,48.5350351771039,-4.32632939900894));
#1585=CARTESIAN_POINT('Ctrl Pts',(24.5810534235031,48.5493516120422,-4.55857030264597));
#1586=CARTESIAN_POINT('Ctrl Pts',(24.5634413621557,48.5420639232634,-4.65244604518228));
#1587=CARTESIAN_POINT('Ctrl Pts',(24.5344990090489,48.4925409869418,-4.80233501431678));
#1588=CARTESIAN_POINT('Ctrl Pts',(24.5231238512269,48.4612758134296,-4.85993686165318));
#1589=CARTESIAN_POINT('Ctrl Pts',(24.5037870921844,48.3771170910084,-4.95647869417051));
#1590=CARTESIAN_POINT('Ctrl Pts',(24.4962038184607,48.3281241461441,-4.99367910202217));
#1591=CARTESIAN_POINT('Ctrl Pts',(24.4835505417031,48.2067989269976,-5.05538507053671));
#1592=CARTESIAN_POINT('Ctrl Pts',(24.4794889421682,48.1346691201283,-5.07491043298401));
#1593=CARTESIAN_POINT('Ctrl Pts',(24.4744216726551,47.9464147463464,-5.09930526993168));
#1594=CARTESIAN_POINT('Ctrl Pts',(24.4763152222367,47.8259808085398,-5.09023038931636));
#1595=CARTESIAN_POINT('Ctrl Pts',(24.4881868419522,47.5121396943607,-5.03290124005361));
#1596=CARTESIAN_POINT('Ctrl Pts',(24.5046819227979,47.2921240815559,-4.95322351686679));
#1597=CARTESIAN_POINT('Ctrl Pts',(24.5607008576927,46.731633095774,-4.66920511579502));
#1598=CARTESIAN_POINT('Ctrl Pts',(24.6064801614502,46.3891765636855,-4.42766710497829));
#1599=CARTESIAN_POINT('Ctrl Pts',(24.654257316603,46.0833082960496,-4.1433797999616));
#1600=CARTESIAN_POINT('',(116.856140632788,50.0087048877273,-32.7637445861195));
#1601=CARTESIAN_POINT('Ctrl Pts',(24.8001914956854,47.895402047865,-3.15930800646152));
#1602=CARTESIAN_POINT('Ctrl Pts',(25.0025489568299,47.669993366219,-2.98975330786591));
#1603=CARTESIAN_POINT('Ctrl Pts',(25.4380163686758,47.184211673123,-2.61524364025591));
#1604=CARTESIAN_POINT('Ctrl Pts',(26.095748104457,46.4614592390643,-2.03007178378805));
#1605=CARTESIAN_POINT('Ctrl Pts',(27.4965506614937,44.9787231345752,-0.77075076048272));
#1606=CARTESIAN_POINT('Ctrl Pts',(30.6415343155039,42.0034727250702,2.07722379817495));
#1607=CARTESIAN_POINT('Ctrl Pts',(38.3008860206258,37.0975737478966,8.5912508400609));
#1608=CARTESIAN_POINT('Ctrl Pts',(48.7391859455442,34.6711921377402,15.9960990390534));
#1609=CARTESIAN_POINT('Ctrl Pts',(60.6360802001023,34.2918495485296,20.6534385497224));
#1610=CARTESIAN_POINT('Ctrl Pts',(71.1864189563246,35.041483265974,21.9287502156504));
#1611=CARTESIAN_POINT('Ctrl Pts',(80.3645885199789,36.6257359609235,19.4306391903491));
#1612=CARTESIAN_POINT('Ctrl Pts',(89.1646104613766,38.7740198098647,13.9039688032208));
#1613=CARTESIAN_POINT('Ctrl Pts',(95.1116946608705,40.6281219608255,7.99922117524978));
#1614=CARTESIAN_POINT('Ctrl Pts',(102.6898654638,43.3855443718077,-2.02683626372901));
#1615=CARTESIAN_POINT('Ctrl Pts',(109.847181351981,46.4877124678813,-14.9728063562763));
#1616=CARTESIAN_POINT('Ctrl Pts',(114.666586844178,48.8815048968663,-26.7677287488992));
#1617=CARTESIAN_POINT('Ctrl Pts',(116.856140632788,50.0087048877273,-32.7637445861195));
#1618=CARTESIAN_POINT('',(117.733067858347,48.8451059584324,-32.6622830337558));
#1619=CARTESIAN_POINT('Origin',(117.789785147407,49.8223403949231,-32.457842320447));
#1620=CARTESIAN_POINT('Ctrl Pts',(117.733067858347,48.8451059584324,-32.6622830337558));
#1621=CARTESIAN_POINT('Ctrl Pts',(115.542697621591,47.7150924775452,-26.6531083972222));
#1622=CARTESIAN_POINT('Ctrl Pts',(110.719716515097,45.3147659608512,-14.8238345799633));
#1623=CARTESIAN_POINT('Ctrl Pts',(103.540347196655,42.1972870242498,-1.80064755573804));
#1624=CARTESIAN_POINT('Ctrl Pts',(95.9004899941276,39.4104844462948,8.32916340658016));
#1625=CARTESIAN_POINT('Ctrl Pts',(89.8729728033063,37.5238527097906,14.3251709434927));
#1626=CARTESIAN_POINT('Ctrl Pts',(80.879502274967,35.3067469232157,19.9719116836808));
#1627=CARTESIAN_POINT('Ctrl Pts',(71.4062596235658,33.6341742589923,22.5202941214986));
#1628=CARTESIAN_POINT('Ctrl Pts',(60.5533484217214,32.7846077891534,21.0982387107876));
#1629=CARTESIAN_POINT('Ctrl Pts',(48.4424712192925,33.0609459179519,16.1461099532551));
#1630=CARTESIAN_POINT('Ctrl Pts',(37.9312307912144,35.382189631355,8.28368453113213));
#1631=CARTESIAN_POINT('Ctrl Pts',(30.1869879003125,40.3848062596024,1.21023028711948));
#1632=CARTESIAN_POINT('Ctrl Pts',(27.0078000214124,43.4568075497839,-1.86792164981444));
#1633=CARTESIAN_POINT('Ctrl Pts',(25.6048417335604,44.9880454864263,-3.22895854925921));
#1634=CARTESIAN_POINT('Ctrl Pts',(25.0597775374149,45.6100606563516,-3.75627095711409));
#1635=CARTESIAN_POINT('Ctrl Pts',(24.7424174542352,45.9804343913834,-4.05991340293537));
#1636=CARTESIAN_POINT('Ctrl Pts',(24.6546097892929,46.0834422121156,-4.14358483382577));
#1637=CARTESIAN_POINT('Ctrl Pts',(1.72599076666003,1.83279104355196,24.940347950127));
#1638=CARTESIAN_POINT('Ctrl Pts',(1.6684976246451,1.45879848610849,29.2150481444341));
#1639=CARTESIAN_POINT('Ctrl Pts',(1.56629429888932,1.05470545150151,37.7676372365665));
#1640=CARTESIAN_POINT('Ctrl Pts',(1.44109417879077,0.693526309273307,52.7260266584735));
#1641=CARTESIAN_POINT('Ctrl Pts',(1.38350509873024,0.57283680547202,63.4053753237709));
#1642=CARTESIAN_POINT('Ctrl Pts',(1.35505016201411,0.51478428788334,69.8143089269741));
#1643=CARTESIAN_POINT('Ctrl Pts',(1.56989690055235,1.66844736863185,24.9283092297814));
#1644=CARTESIAN_POINT('Ctrl Pts',(1.50391305917089,1.31288018158705,29.2088722122246));
#1645=CARTESIAN_POINT('Ctrl Pts',(1.39465677708873,0.938304491099618,37.7647038279996));
#1646=CARTESIAN_POINT('Ctrl Pts',(1.26698331883516,0.608851710591666,52.7251741775636));
#1647=CARTESIAN_POINT('Ctrl Pts',(1.21064557642426,0.501170171686781,63.4047480308201));
#1648=CARTESIAN_POINT('Ctrl Pts',(1.1828812089314,0.449397184545564,69.8138269082736));
#1649=CARTESIAN_POINT('Ctrl Pts',(1.14130637593486,1.45056991039621,24.9123489819011));
#1650=CARTESIAN_POINT('Ctrl Pts',(1.07666395316532,1.1337558028312,29.2017216603808));
#1651=CARTESIAN_POINT('Ctrl Pts',(0.97746864893121,0.815769442042926,37.7616804098782));
#1652=CARTESIAN_POINT('Ctrl Pts',(0.869240724039702,0.543308666739719,52.7246843589861));
#1653=CARTESIAN_POINT('Ctrl Pts',(0.823780795063121,0.457625513845972,63.4043774334181));
#1654=CARTESIAN_POINT('Ctrl Pts',(0.801646451455386,0.41634954690234,69.8135832886829));
#1655=CARTESIAN_POINT('Ctrl Pts',(0.494960891062222,1.58753109781185,24.9223818440376));
#1656=CARTESIAN_POINT('Ctrl Pts',(0.462038795858256,1.2964188261801,29.2098863064024));
#1657=CARTESIAN_POINT('Ctrl Pts',(0.413698417364015,1.01075211169658,37.7668613539265));
#1658=CARTESIAN_POINT('Ctrl Pts',(0.362659289609122,0.766405088695768,52.7274972895036));
#1659=CARTESIAN_POINT('Ctrl Pts',(0.341889176104638,0.689775489250054,63.4064449671747));
#1660=CARTESIAN_POINT('Ctrl Pts',(0.331803839328911,0.652675293345924,69.8153254277804));
#1661=CARTESIAN_POINT('Ctrl Pts',(0.0891591633420649,2.00994919845701,24.9533253737173));
#1662=CARTESIAN_POINT('Ctrl Pts',(0.0828142581483865,1.71458956904269,29.2289260484512));
#1663=CARTESIAN_POINT('Ctrl Pts',(0.073527414881287,1.4186621709466,37.7774953816149));
#1664=CARTESIAN_POINT('Ctrl Pts',(0.063980536785229,1.16003017902609,52.7321067674149));
#1665=CARTESIAN_POINT('Ctrl Pts',(0.0600998204234665,1.0762234171268,63.4098712841981));
#1666=CARTESIAN_POINT('Ctrl Pts',(0.0582443964698903,1.03548364115352,69.8181474029549));
#1667=CARTESIAN_POINT('Ctrl Pts',(-3.22435811765906E-15,2.34887907255828,
24.9781531133491));
#1668=CARTESIAN_POINT('Ctrl Pts',(6.3959651213569E-6,2.04246942203906,29.2436717993495));
#1669=CARTESIAN_POINT('Ctrl Pts',(-6.02136719913348E-6,1.72816553326024,
37.785536343694));
#1670=CARTESIAN_POINT('Ctrl Pts',(1.13824396783921E-5,1.44926016425065,
52.7354489712578));
#1671=CARTESIAN_POINT('Ctrl Pts',(-6.45764381992713E-6,1.35653338566258,
63.4123533931277));
#1672=CARTESIAN_POINT('Ctrl Pts',(-1.31934828342727E-14,1.31148388784448,
69.8201820133514));
#1673=CARTESIAN_POINT('Ctrl Pts',(-3.33066907387547E-15,2.51865775549819,
24.9905899660941));
#1674=CARTESIAN_POINT('Ctrl Pts',(-4.0314474413378E-15,2.20656662383769,
29.2510264589227));
#1675=CARTESIAN_POINT('Ctrl Pts',(-7.23906191645696E-15,1.88314680379541,
37.789564707229));
#1676=CARTESIAN_POINT('Ctrl Pts',(-9.33419417272154E-15,1.59395530689996,
52.737112741667));
#1677=CARTESIAN_POINT('Ctrl Pts',(-1.19922234083795E-14,1.49684152273248,
63.4135962374621));
#1678=CARTESIAN_POINT('Ctrl Pts',(-1.31838984174237E-14,1.44960613858544,
69.8212002188447));
#1679=CARTESIAN_POINT('',(-6.49667719894731E-15,1.99969294645286,35.3662634454851));
#1680=CARTESIAN_POINT('',(0.0083748031418107,2.38847461753917,24.9999985972534));
#1681=CARTESIAN_POINT('Ctrl Pts',(-5.68989300120393E-15,1.99969294645272,
35.3662634454922));
#1682=CARTESIAN_POINT('Ctrl Pts',(-5.67382824654507E-15,2.00207793369331,
35.2775325311936));
#1683=CARTESIAN_POINT('Ctrl Pts',(5.81291851644768E-7,2.00448027914071,
35.1887984306892));
#1684=CARTESIAN_POINT('Ctrl Pts',(3.75901178159558E-5,2.07855082083147,
32.4728586682012));
#1685=CARTESIAN_POINT('Ctrl Pts',(0.000196645265048577,2.16969698221909,
29.6989896614123));
#1686=CARTESIAN_POINT('Ctrl Pts',(0.00516839771812048,2.31855539833155,
26.3904454127932));
#1687=CARTESIAN_POINT('Ctrl Pts',(0.00649197502593895,2.35179232312519,
25.699792071436));
#1688=CARTESIAN_POINT('Ctrl Pts',(0.00837480314181039,2.38847461753917,
24.9999985972534));
#1689=CARTESIAN_POINT('',(1.7259820426941,1.83279104355195,24.9402086576669));
#1690=CARTESIAN_POINT('Ctrl Pts',(1.72599076666002,1.83279104355196,24.940347950127));
#1691=CARTESIAN_POINT('Ctrl Pts',(1.69575994738991,1.80063842930764,24.9424400666858));
#1692=CARTESIAN_POINT('Ctrl Pts',(1.66343829959343,1.77065918496568,24.9446214467956));
#1693=CARTESIAN_POINT('Ctrl Pts',(1.62932340527564,1.74294231492586,24.9468501777033));
#1694=CARTESIAN_POINT('Ctrl Pts',(1.59464785412011,1.71476993555444,24.949115536402));
#1695=CARTESIAN_POINT('Ctrl Pts',(1.5581186727657,1.68893427264579,24.9514297669398));
#1696=CARTESIAN_POINT('Ctrl Pts',(1.52001157369502,1.66556776014236,24.9537516372447));
#1697=CARTESIAN_POINT('Ctrl Pts',(1.4841563941185,1.64358207972272,24.9559362978136));
#1698=CARTESIAN_POINT('Ctrl Pts',(1.4469032352931,1.62378228278664,24.9581277149333));
#1699=CARTESIAN_POINT('Ctrl Pts',(1.40846449727554,1.60631702090383,24.960294318655));
#1700=CARTESIAN_POINT('Ctrl Pts',(1.36779295346716,1.58783724762233,24.9625867747222));
#1701=CARTESIAN_POINT('Ctrl Pts',(1.32605636627752,1.57208994098923,24.964834333824));
#1702=CARTESIAN_POINT('Ctrl Pts',(1.28353167021661,1.55919337963763,24.9670154544753));
#1703=CARTESIAN_POINT('Ctrl Pts',(1.24155922287558,1.5464643000121,24.9691682499132));
#1704=CARTESIAN_POINT('Ctrl Pts',(1.19881793996318,1.53651199289498,24.9712562896354));
#1705=CARTESIAN_POINT('Ctrl Pts',(1.15555733867255,1.5294972905785,24.9732624102201));
#1706=CARTESIAN_POINT('Ctrl Pts',(1.14711085061294,1.52812769335631,24.9736540985707));
#1707=CARTESIAN_POINT('Ctrl Pts',(1.13864454149867,1.52687023802838,24.9740426758905));
#1708=CARTESIAN_POINT('Ctrl Pts',(1.13016024544816,1.52572635609204,24.9744280321397));
#1709=CARTESIAN_POINT('Ctrl Pts',(1.09763032551417,1.52134056054915,24.9759055392729));
#1710=CARTESIAN_POINT('Ctrl Pts',(1.06483580478016,1.51862317391621,24.9773356032913));
#1711=CARTESIAN_POINT('Ctrl Pts',(1.03189329375104,1.51755823045174,24.9787050144801));
#1712=CARTESIAN_POINT('Ctrl Pts',(0.987835635735938,1.51613396394937,24.9805364792943));
#1713=CARTESIAN_POINT('Ctrl Pts',(0.94380890594279,1.51767275796409,24.9822466926801));
#1714=CARTESIAN_POINT('Ctrl Pts',(0.900094379961193,1.52206143673985,24.9838280152551));
#1715=CARTESIAN_POINT('Ctrl Pts',(0.856041670473277,1.52648406713108,24.9854215712286));
#1716=CARTESIAN_POINT('Ctrl Pts',(0.812304871310741,1.5338010392463,24.9868842493629));
#1717=CARTESIAN_POINT('Ctrl Pts',(0.769172784169696,1.54394874079248,24.9882122641465));
#1718=CARTESIAN_POINT('Ctrl Pts',(0.729584509817554,1.55326268823816,24.9894311667566));
#1719=CARTESIAN_POINT('Ctrl Pts',(0.690504994188507,1.56496202578531,24.9905366797191));
#1720=CARTESIAN_POINT('Ctrl Pts',(0.652170766555455,1.57903379775794,24.991528675987));
#1721=CARTESIAN_POINT('Ctrl Pts',(0.610312793532427,1.59439907020465,24.992611858187));
#1722=CARTESIAN_POINT('Ctrl Pts',(0.569627813725506,1.61248793309597,24.9935541502993));
#1723=CARTESIAN_POINT('Ctrl Pts',(0.530400107296196,1.63321686614561,24.994376983506));
#1724=CARTESIAN_POINT('Ctrl Pts',(0.512374227521996,1.64274220649844,24.9947550910685));
#1725=CARTESIAN_POINT('Ctrl Pts',(0.494656208171993,1.65282572378234,24.9951080275262));
#1726=CARTESIAN_POINT('Ctrl Pts',(0.477274857864473,1.66346279685121,24.9954381363166));
#1727=CARTESIAN_POINT('Ctrl Pts',(0.439515420759123,1.6865708917013,24.9961552682936));
#1728=CARTESIAN_POINT('Ctrl Pts',(0.403342559325303,1.71228881903478,24.9967644732935));
#1729=CARTESIAN_POINT('Ctrl Pts',(0.368955003365851,1.7403866122376,24.997276561181));
#1730=CARTESIAN_POINT('Ctrl Pts',(0.353686941421485,1.75286202187783,24.9975039280109));
#1731=CARTESIAN_POINT('Ctrl Pts',(0.338771267155291,1.76580712109709,24.9977121895844));
#1732=CARTESIAN_POINT('Ctrl Pts',(0.324227775314011,1.77920402676254,24.9979024601656));
#1733=CARTESIAN_POINT('Ctrl Pts',(0.291609851404702,1.80925040450901,24.9983291961523));
#1734=CARTESIAN_POINT('Ctrl Pts',(0.261073620362618,1.84137135649187,24.9986654140085));
#1735=CARTESIAN_POINT('Ctrl Pts',(0.232789300312864,1.87530951727096,24.9989304147245));
#1736=CARTESIAN_POINT('Ctrl Pts',(0.204394367476672,1.9093804015705,24.999196451791));
#1737=CARTESIAN_POINT('Ctrl Pts',(0.178268204104896,1.94528360312161,24.9993907793293));
#1738=CARTESIAN_POINT('Ctrl Pts',(0.154618746460853,1.982795937411,24.9995355873453));
#1739=CARTESIAN_POINT('Ctrl Pts',(0.145232981709551,1.99768346465208,24.9995930573301));
#1740=CARTESIAN_POINT('Ctrl Pts',(0.136237771775674,2.01282477899485,24.9996427516533));
#1741=CARTESIAN_POINT('Ctrl Pts',(0.127648094028064,2.02820708309339,24.9996861380381));
#1742=CARTESIAN_POINT('Ctrl Pts',(0.116222910611059,2.04866718076712,24.9997438465365));
#1743=CARTESIAN_POINT('Ctrl Pts',(0.105515050294517,2.06955362053164,24.9997903946162));
#1744=CARTESIAN_POINT('Ctrl Pts',(0.09553924565497,2.09082674493876,24.9998285316258));
#1745=CARTESIAN_POINT('Ctrl Pts',(0.0766132335002901,2.13118593656737,24.9999008848378));
#1746=CARTESIAN_POINT('Ctrl Pts',(0.0604133812077604,2.17273472982175,24.9999421942723));
#1747=CARTESIAN_POINT('Ctrl Pts',(0.0469964871697044,2.21518167832492,24.9999661817674));
#1748=CARTESIAN_POINT('Ctrl Pts',(0.038266571560321,2.24280046082834,24.9999817896129));
#1749=CARTESIAN_POINT('Ctrl Pts',(0.0307157982091946,2.27080008562986,24.9999901044886));
#1750=CARTESIAN_POINT('Ctrl Pts',(0.0243710554779986,2.29910395286084,24.9999951409444));
#1751=CARTESIAN_POINT('Ctrl Pts',(0.0177415949339381,2.3286779449046,25.0000004034092));
#1752=CARTESIAN_POINT('Ctrl Pts',(0.0124448780869048,2.35851221749217,25.0000017551565));
#1753=CARTESIAN_POINT('Ctrl Pts',(0.00850289055474203,2.38851772713967,
25.0000017801298));
#1754=CARTESIAN_POINT('',(1.35505016201411,0.51478428788334,69.8143089269741));
#1755=CARTESIAN_POINT('Ctrl Pts',(1.72599076666003,1.83279104355196,24.940347950127));
#1756=CARTESIAN_POINT('Ctrl Pts',(1.6684976246451,1.45879848610849,29.2150481444341));
#1757=CARTESIAN_POINT('Ctrl Pts',(1.56629429888932,1.05470545150151,37.7676372365665));
#1758=CARTESIAN_POINT('Ctrl Pts',(1.44109417879077,0.693526309273307,52.7260266584735));
#1759=CARTESIAN_POINT('Ctrl Pts',(1.38350509873024,0.57283680547202,63.4053753237709));
#1760=CARTESIAN_POINT('Ctrl Pts',(1.35505016201411,0.51478428788334,69.8143089269741));
#1761=CARTESIAN_POINT('',(-1.28259464040952E-14,1.44960613858544,69.8212002188447));
#1762=CARTESIAN_POINT('Origin',(0.999999999999987,1.44960613858544,69.8212002188447));
#1763=CARTESIAN_POINT('Ctrl Pts',(-1.31838984174237E-14,1.44960613858544,
69.8212002188447));
#1764=CARTESIAN_POINT('Ctrl Pts',(-1.19922234083795E-14,1.49684152273248,
63.4135962374621));
#1765=CARTESIAN_POINT('Ctrl Pts',(-9.33419417272154E-15,1.59395530689996,
52.737112741667));
#1766=CARTESIAN_POINT('Ctrl Pts',(-7.72438622055656E-15,1.81615739939736,
41.2520708693664));
#1767=CARTESIAN_POINT('Ctrl Pts',(-6.30166224862537E-15,1.9703446851716,
36.1741526687348));
#1768=CARTESIAN_POINT('Ctrl Pts',(-6.06678852258992E-15,1.99704817762541,
35.3661760363181));
#1769=CARTESIAN_POINT('Ctrl Pts',(1.35505016201412,0.514784287883343,69.8143089269741));
#1770=CARTESIAN_POINT('Ctrl Pts',(1.34048001936658,0.485058919988343,73.0959565984781));
#1771=CARTESIAN_POINT('Ctrl Pts',(2.08758569887236,0.72400441127741,79.6567308043734));
#1772=CARTESIAN_POINT('Ctrl Pts',(5.45602327542811,1.66423537157158,88.9079764051545));
#1773=CARTESIAN_POINT('Ctrl Pts',(12.6381385810657,3.43708307878172,99.8230714626919));
#1774=CARTESIAN_POINT('Ctrl Pts',(25.9291263064407,6.29112413453515,109.695595335379));
#1775=CARTESIAN_POINT('Ctrl Pts',(38.911627649358,8.89070773623357,112.020009963504));
#1776=CARTESIAN_POINT('Ctrl Pts',(45.3209460151778,10.2252945140624,111.686755486847));
#1777=CARTESIAN_POINT('Ctrl Pts',(1.18288120893141,0.449397184545566,69.8138269082736));
#1778=CARTESIAN_POINT('Ctrl Pts',(1.16862302732457,0.42275697763468,73.1109482270614));
#1779=CARTESIAN_POINT('Ctrl Pts',(1.92070221463835,0.668593488260073,79.7010360838239));
#1780=CARTESIAN_POINT('Ctrl Pts',(5.30650716432352,1.61871658496897,88.9899721550447));
#1781=CARTESIAN_POINT('Ctrl Pts',(12.5217311928025,3.40327168121212,99.946056815692));
#1782=CARTESIAN_POINT('Ctrl Pts',(25.8677005059223,6.26920979639215,109.850866106492));
#1783=CARTESIAN_POINT('Ctrl Pts',(38.8987193814551,8.87636090385141,112.179009778187));
#1784=CARTESIAN_POINT('Ctrl Pts',(45.3310688357568,10.2144804686329,111.84238608359));
#1785=CARTESIAN_POINT('Ctrl Pts',(0.802567173913964,0.4167314802256,69.8135861042076));
#1786=CARTESIAN_POINT('Ctrl Pts',(0.79104396882349,0.395250755792628,73.1414929920056));
#1787=CARTESIAN_POINT('Ctrl Pts',(1.5567569299023,0.65233964415886,79.7902612666044));
#1788=CARTESIAN_POINT('Ctrl Pts',(4.98164371951705,1.61807858883242,89.1552546654851));
#1789=CARTESIAN_POINT('Ctrl Pts',(12.2674382646635,3.42074077010208,100.194423829697));
#1790=CARTESIAN_POINT('Ctrl Pts',(25.7270601711647,6.30454605084263,110.165261594872));
#1791=CARTESIAN_POINT('Ctrl Pts',(38.8570586187357,8.92278873841421,112.501949923549));
#1792=CARTESIAN_POINT('Ctrl Pts',(45.336367862878,10.2659999312574,112.159104855168));
#1793=CARTESIAN_POINT('Ctrl Pts',(0.202775888622775,0.716900553397752,69.8157988816392));
#1794=CARTESIAN_POINT('Ctrl Pts',(0.199024580661855,0.698124552534241,73.1813900129858));
#1795=CARTESIAN_POINT('Ctrl Pts',(0.988838887221988,0.960064182218987,79.9052959578346));
#1796=CARTESIAN_POINT('Ctrl Pts',(4.47052287695663,1.9312447449296,89.3732303387971));
#1797=CARTESIAN_POINT('Ctrl Pts',(11.8551651557358,3.7392764781203,100.53063507849));
#1798=CARTESIAN_POINT('Ctrl Pts',(25.4730436908196,6.62725955251153,110.60386870833));
#1799=CARTESIAN_POINT('Ctrl Pts',(38.7445104944364,9.24743965107011,112.962840336358));
#1800=CARTESIAN_POINT('Ctrl Pts',(45.2917732124033,10.5914004128719,112.616254670075));
#1801=CARTESIAN_POINT('Ctrl Pts',(-3.56529112044315E-15,1.17336163710353,
69.819163807858));
#1802=CARTESIAN_POINT('Ctrl Pts',(-7.9961082372606E-5,1.1512873697497,73.1868980379475));
#1803=CARTESIAN_POINT('Ctrl Pts',(0.794613183621388,1.40458487878721,79.9192209554627));
#1804=CARTESIAN_POINT('Ctrl Pts',(4.28476440710982,2.36246505953944,89.4097068010047));
#1805=CARTESIAN_POINT('Ctrl Pts',(11.6856154708209,4.15406697549983,100.602563395947));
#1806=CARTESIAN_POINT('Ctrl Pts',(25.3381867745366,7.02482367524862,110.720939502534));
#1807=CARTESIAN_POINT('Ctrl Pts',(38.6504679882038,9.63367355459984,113.103581960969));
#1808=CARTESIAN_POINT('Ctrl Pts',(45.2199658736319,10.9723297582114,112.763883282261));
#1809=CARTESIAN_POINT('Ctrl Pts',(-3.46944695195361E-15,1.44960613858544,
69.8212002188447));
#1810=CARTESIAN_POINT('Ctrl Pts',(-4.14841242948865E-15,1.42541960491294,
73.1802853254949));
#1811=CARTESIAN_POINT('Ctrl Pts',(0.791375447709505,1.67341452262131,79.9000214022312));
#1812=CARTESIAN_POINT('Ctrl Pts',(4.2711465559485,2.62298233666182,89.3810987444061));
#1813=CARTESIAN_POINT('Ctrl Pts',(11.6571589227668,4.4044620808969,100.571947438833));
#1814=CARTESIAN_POINT('Ctrl Pts',(25.2941630876228,7.26459248486843,110.701329451296));
#1815=CARTESIAN_POINT('Ctrl Pts',(38.6028328588148,9.86655073078888,113.098600105986));
#1816=CARTESIAN_POINT('Ctrl Pts',(45.1723071547205,11.201923975731,112.766294020414));
#1817=CARTESIAN_POINT('',(45.3209460151778,10.2252945140624,111.686755486847));
#1818=CARTESIAN_POINT('',(45.1723071547203,11.2019239757316,112.766294020414));
#1819=CARTESIAN_POINT('Origin',(45.1217883836804,11.201923975731,111.767570908749));
#1820=CARTESIAN_POINT('Ctrl Pts',(45.1723071547205,11.201923975731,112.766294020414));
#1821=CARTESIAN_POINT('Ctrl Pts',(38.6028328588148,9.86655073078888,113.098600105986));
#1822=CARTESIAN_POINT('Ctrl Pts',(25.2941630876228,7.26459248486843,110.701329451296));
#1823=CARTESIAN_POINT('Ctrl Pts',(11.6571589227668,4.4044620808969,100.571947438833));
#1824=CARTESIAN_POINT('Ctrl Pts',(4.2711465559485,2.62298233666182,89.3810987444061));
#1825=CARTESIAN_POINT('Ctrl Pts',(0.791375447709505,1.67341452262131,79.9000214022312));
#1826=CARTESIAN_POINT('Ctrl Pts',(-4.14841242948865E-15,1.42541960491294,
73.1802853254949));
#1827=CARTESIAN_POINT('Ctrl Pts',(-3.46944695195361E-15,1.44960613858544,
69.8212002188447));
#1828=CARTESIAN_POINT('Ctrl Pts',(1.35505016201412,0.514784287883343,69.8143089269741));
#1829=CARTESIAN_POINT('Ctrl Pts',(1.34048001936658,0.485058919988343,73.0959565984781));
#1830=CARTESIAN_POINT('Ctrl Pts',(2.08758569887236,0.72400441127741,79.6567308043734));
#1831=CARTESIAN_POINT('Ctrl Pts',(5.45602327542811,1.66423537157158,88.9079764051545));
#1832=CARTESIAN_POINT('Ctrl Pts',(12.6381385810657,3.43708307878172,99.8230714626919));
#1833=CARTESIAN_POINT('Ctrl Pts',(25.9291263064407,6.29112413453515,109.695595335379));
#1834=CARTESIAN_POINT('Ctrl Pts',(38.911627649358,8.89070773623357,112.020009963504));
#1835=CARTESIAN_POINT('Ctrl Pts',(45.3209460151778,10.2252945140624,111.686755486847));
#1836=CARTESIAN_POINT('Ctrl Pts',(45.3209460151909,10.2252945140651,111.686755486846));
#1837=CARTESIAN_POINT('Ctrl Pts',(52.3249797694319,11.6837165031688,111.322578600935));
#1838=CARTESIAN_POINT('Ctrl Pts',(59.2239670318503,13.183832722688,109.165442191464));
#1839=CARTESIAN_POINT('Ctrl Pts',(65.1891138480724,14.6839487106955,105.478799601756));
#1840=CARTESIAN_POINT('Ctrl Pts',(45.341191656349,10.2036664232063,111.998016680333));
#1841=CARTESIAN_POINT('Ctrl Pts',(52.3960589084636,11.6695635150801,111.630537949672));
#1842=CARTESIAN_POINT('Ctrl Pts',(59.3442709221115,13.1766366130328,109.457838240003));
#1843=CARTESIAN_POINT('Ctrl Pts',(65.3527391655875,14.6838410214773,105.744509962073));
#1844=CARTESIAN_POINT('Ctrl Pts',(45.3211944147302,10.4358261883051,112.557831890625));
#1845=CARTESIAN_POINT('Ctrl Pts',(52.4655710843917,11.9138470219185,112.187419260154));
#1846=CARTESIAN_POINT('Ctrl Pts',(59.5020408319172,13.4329676451422,109.989761908358));
#1847=CARTESIAN_POINT('Ctrl Pts',(65.5864319259718,14.9523735266771,106.233631757372));
#1848=CARTESIAN_POINT('Ctrl Pts',(45.2199658736456,10.9723297582131,112.76388328226));
#1849=CARTESIAN_POINT('Ctrl Pts',(52.3955344386468,12.4534041730088,112.398022517307));
#1850=CARTESIAN_POINT('Ctrl Pts',(59.4616983287064,13.9758583075082,110.197992530174));
#1851=CARTESIAN_POINT('Ctrl Pts',(65.5721580495928,15.4990591438481,106.433507038932));
#1852=CARTESIAN_POINT('Ctrl Pts',(45.1723071547342,11.2019239757325,112.766294020413));
#1853=CARTESIAN_POINT('Ctrl Pts',(52.3470145698447,12.6824502560124,112.403373209878));
#1854=CARTESIAN_POINT('Ctrl Pts',(59.412764714358,14.2045592669055,110.20650534403));
#1855=CARTESIAN_POINT('Ctrl Pts',(65.5223333176884,15.7274034563595,106.445752451154));
#1856=CARTESIAN_POINT('',(65.1891138480724,14.6839487106955,105.478799601756));
#1857=CARTESIAN_POINT('',(65.5223333176884,15.7274034563595,106.445752451154));
#1858=CARTESIAN_POINT('Origin',(65.0111666588442,15.6618239092546,105.588776389711));
#1859=CARTESIAN_POINT('Ctrl Pts',(65.5223333176884,15.7274034563595,106.445752451154));
#1860=CARTESIAN_POINT('Ctrl Pts',(59.412764714358,14.2045592669055,110.20650534403));
#1861=CARTESIAN_POINT('Ctrl Pts',(52.3470145698447,12.6824502560124,112.403373209878));
#1862=CARTESIAN_POINT('Ctrl Pts',(45.1723071547342,11.2019239757325,112.766294020413));
#1863=CARTESIAN_POINT('Ctrl Pts',(45.3209460151909,10.2252945140651,111.686755486846));
#1864=CARTESIAN_POINT('Ctrl Pts',(52.3249797694319,11.6837165031688,111.322578600935));
#1865=CARTESIAN_POINT('Ctrl Pts',(59.2239670318503,13.183832722688,109.165442191464));
#1866=CARTESIAN_POINT('Ctrl Pts',(65.1891138480724,14.6839487106955,105.478799601756));
#1867=CARTESIAN_POINT('Ctrl Pts',(65.1891138480724,14.6839487106955,105.478799601756));
#1868=CARTESIAN_POINT('Ctrl Pts',(78.0797304827818,17.9256828548436,97.5120055299172));
#1869=CARTESIAN_POINT('Ctrl Pts',(100.907025830989,24.409746987637,76.8037095981795));
#1870=CARTESIAN_POINT('Ctrl Pts',(121.73451959987,34.1351986692296,35.5216036325086));
#1871=CARTESIAN_POINT('Ctrl Pts',(125.600421481462,42.240083396428,-2.80984543911295));
#1872=CARTESIAN_POINT('Ctrl Pts',(121.627271777078,47.1028131785908,-25.2905899701987));
#1873=CARTESIAN_POINT('Ctrl Pts',(119.635183972493,48.7236802506649,-32.6009276799324));
#1874=CARTESIAN_POINT('Ctrl Pts',(65.3527391655875,14.6838410214773,105.744509962073));
#1875=CARTESIAN_POINT('Ctrl Pts',(78.2759443759956,17.9255751656254,97.7575349205516));
#1876=CARTESIAN_POINT('Ctrl Pts',(101.160583318115,24.4096392984187,76.9975185649127));
#1877=CARTESIAN_POINT('Ctrl Pts',(122.040797915362,34.1350909800114,35.611445615611));
#1878=CARTESIAN_POINT('Ctrl Pts',(125.916469757034,42.2399757072097,-2.81642630220355));
#1879=CARTESIAN_POINT('Ctrl Pts',(121.933530952215,47.1027054893726,-25.3536602178317));
#1880=CARTESIAN_POINT('Ctrl Pts',(119.936387687863,48.7235725614466,-32.682484788505));
#1881=CARTESIAN_POINT('Ctrl Pts',(65.5864282869532,14.9523776748154,106.233627539532));
#1882=CARTESIAN_POINT('Ctrl Pts',(78.5692624956796,18.1941118189636,98.2183226197497));
#1883=CARTESIAN_POINT('Ctrl Pts',(101.56309662843,24.6781759517569,77.3786707062012));
#1884=CARTESIAN_POINT('Ctrl Pts',(122.553085809334,34.4036276333496,35.8231778582494));
#1885=CARTESIAN_POINT('Ctrl Pts',(126.463742519355,42.5085123605479,-2.76950437258579));
#1886=CARTESIAN_POINT('Ctrl Pts',(122.473967951034,47.3712421427107,-25.4064428228505));
#1887=CARTESIAN_POINT('Ctrl Pts',(120.471696143797,48.9921092147848,-32.7678748759252));
#1888=CARTESIAN_POINT('Ctrl Pts',(65.5721580495929,15.4990591438481,106.433507038932));
#1889=CARTESIAN_POINT('Ctrl Pts',(78.5795584694973,18.7407932879962,98.4198525529325));
#1890=CARTESIAN_POINT('Ctrl Pts',(101.622664173633,25.2248574207895,77.5747912963598));
#1891=CARTESIAN_POINT('Ctrl Pts',(122.679126664716,34.9503091023822,35.9848080584875));
#1892=CARTESIAN_POINT('Ctrl Pts',(126.630998732581,43.0551938295805,-2.65447879279589));
#1893=CARTESIAN_POINT('Ctrl Pts',(122.657320500387,47.9179236117433,-25.3245311017549));
#1894=CARTESIAN_POINT('Ctrl Pts',(120.659323315656,49.5387906838174,-32.6975079921287));
#1895=CARTESIAN_POINT('Ctrl Pts',(65.5223333176884,15.7274034563595,106.445752451154));
#1896=CARTESIAN_POINT('Ctrl Pts',(78.5311217417289,18.9691376005076,98.4382354619688));
#1897=CARTESIAN_POINT('Ctrl Pts',(101.579652502575,25.4532017333009,77.6047171674982));
#1898=CARTESIAN_POINT('Ctrl Pts',(122.649606506577,35.1786534148936,36.0282183127726));
#1899=CARTESIAN_POINT('Ctrl Pts',(126.616138526501,43.2835381420919,-2.60464590816573));
#1900=CARTESIAN_POINT('Ctrl Pts',(122.651794174761,48.1462679242548,-25.2734839337038));
#1901=CARTESIAN_POINT('Ctrl Pts',(120.656936566382,49.7671349963288,-32.6462560901372));
#1902=CARTESIAN_POINT('',(119.635183972493,48.7236802506649,-32.6009276799324));
#1903=CARTESIAN_POINT('',(120.656936566382,49.7671349963288,-32.6462560901372));
#1904=CARTESIAN_POINT('Origin',(119.690183114204,49.7015554492239,-32.399098072456));
#1905=CARTESIAN_POINT('Ctrl Pts',(120.656936566382,49.7671349963288,-32.6462560901372));
#1906=CARTESIAN_POINT('Ctrl Pts',(122.651794174761,48.1462679242548,-25.2734839337038));
#1907=CARTESIAN_POINT('Ctrl Pts',(126.616138526501,43.2835381420919,-2.60464590816573));
#1908=CARTESIAN_POINT('Ctrl Pts',(122.649606506577,35.1786534148936,36.0282183127726));
#1909=CARTESIAN_POINT('Ctrl Pts',(101.579652502575,25.4532017333009,77.6047171674982));
#1910=CARTESIAN_POINT('Ctrl Pts',(78.5311217417289,18.9691376005076,98.4382354619688));
#1911=CARTESIAN_POINT('Ctrl Pts',(65.5223333176884,15.7274034563595,106.445752451154));
#1912=CARTESIAN_POINT('Ctrl Pts',(65.1891138480724,14.6839487106955,105.478799601756));
#1913=CARTESIAN_POINT('Ctrl Pts',(78.0797304827818,17.9256828548436,97.5120055299172));
#1914=CARTESIAN_POINT('Ctrl Pts',(100.907025830989,24.409746987637,76.8037095981795));
#1915=CARTESIAN_POINT('Ctrl Pts',(121.73451959987,34.1351986692296,35.5216036325086));
#1916=CARTESIAN_POINT('Ctrl Pts',(125.600421481462,42.240083396428,-2.80984543911295));
#1917=CARTESIAN_POINT('Ctrl Pts',(121.627271777078,47.1028131785908,-25.2905899701987));
#1918=CARTESIAN_POINT('Ctrl Pts',(119.635183972493,48.7236802506649,-32.6009276799324));
#1919=CARTESIAN_POINT('Ctrl Pts',(116.856140632788,50.0087048877273,-32.7637445861194));
#1920=CARTESIAN_POINT('Ctrl Pts',(116.876503821238,50.0191889127192,-32.8195079167989));
#1921=CARTESIAN_POINT('Ctrl Pts',(116.922361031895,50.0394846173813,-32.9292862483481));
#1922=CARTESIAN_POINT('Ctrl Pts',(117.033900315592,50.0770551695776,-33.1400898464554));
#1923=CARTESIAN_POINT('Ctrl Pts',(117.278546930612,50.1340249168554,-33.4812207791835));
#1924=CARTESIAN_POINT('Ctrl Pts',(117.800754684871,50.1915881801435,-33.9041053148361));
#1925=CARTESIAN_POINT('Ctrl Pts',(118.514050673736,50.192332967568,-34.1086380891383));
#1926=CARTESIAN_POINT('Ctrl Pts',(119.240336975142,50.1387165435792,-34.0535795884578));
#1927=CARTESIAN_POINT('Ctrl Pts',(119.858834034758,50.0507034773239,-33.800477886433));
#1928=CARTESIAN_POINT('Ctrl Pts',(120.298800758164,49.9405069840562,-33.3882877625401));
#1929=CARTESIAN_POINT('Ctrl Pts',(120.512738974493,49.8550141902643,-33.0326912906189));
#1930=CARTESIAN_POINT('Ctrl Pts',(120.60546075033,49.8049682831343,-32.8155336314625));
#1931=CARTESIAN_POINT('Ctrl Pts',(120.641533669466,49.7797456723861,-32.7031581541449));
#1932=CARTESIAN_POINT('Ctrl Pts',(120.656936566382,49.7671349963288,-32.6462560901372));
#1933=CARTESIAN_POINT('Ctrl Pts',(116.818965249898,49.7071082448616,-32.8340229576047));
#1934=CARTESIAN_POINT('Ctrl Pts',(116.839575238353,49.7177223434156,-32.8904597960574));
#1935=CARTESIAN_POINT('Ctrl Pts',(116.885877825991,49.7382741726117,-33.0015615502033));
#1936=CARTESIAN_POINT('Ctrl Pts',(116.99853071539,49.7763146743118,-33.2149094196208));
#1937=CARTESIAN_POINT('Ctrl Pts',(117.246050464966,49.8339619787419,-33.5601534792493));
#1938=CARTESIAN_POINT('Ctrl Pts',(117.772715535478,49.892264793692,-33.9882315820565));
#1939=CARTESIAN_POINT('Ctrl Pts',(118.493824874553,49.8929624658044,-34.1953828597657));
#1940=CARTESIAN_POINT('Ctrl Pts',(119.228497233033,49.8386367920136,-34.1397102387564));
#1941=CARTESIAN_POINT('Ctrl Pts',(119.853089434372,49.7495895808209,-33.883435039817));
#1942=CARTESIAN_POINT('Ctrl Pts',(120.298257945434,49.6380563181299,-33.4659627091546));
#1943=CARTESIAN_POINT('Ctrl Pts',(120.514370685026,49.5515742285798,-33.1058722667432));
#1944=CARTESIAN_POINT('Ctrl Pts',(120.608149628764,49.5009430671205,-32.8859818132203));
#1945=CARTESIAN_POINT('Ctrl Pts',(120.644524374936,49.4754344567472,-32.7722061070929));
#1946=CARTESIAN_POINT('Ctrl Pts',(120.660118898747,49.4626759129802,-32.7145919594592));
#1947=CARTESIAN_POINT('Ctrl Pts',(117.011065125052,49.1350610353958,-32.8714237235951));
#1948=CARTESIAN_POINT('Ctrl Pts',(117.029183680847,49.1444015975244,-32.9210534828842));
#1949=CARTESIAN_POINT('Ctrl Pts',(117.070014469598,49.1624775411521,-33.0187544181851));
#1950=CARTESIAN_POINT('Ctrl Pts',(117.169329102018,49.1959191270012,-33.2063602613617));
#1951=CARTESIAN_POINT('Ctrl Pts',(117.387090632831,49.2465796686388,-33.5099480655112));
#1952=CARTESIAN_POINT('Ctrl Pts',(117.852430309486,49.2975677076086,-33.8863452502081));
#1953=CARTESIAN_POINT('Ctrl Pts',(118.488168021495,49.2978422603915,-34.0684889997512));
#1954=CARTESIAN_POINT('Ctrl Pts',(119.135851782476,49.2497588005784,-34.019313164962));
#1955=CARTESIAN_POINT('Ctrl Pts',(119.687876785968,49.1711621698554,-33.7935493496021));
#1956=CARTESIAN_POINT('Ctrl Pts',(120.080374231673,49.0730235910648,-33.4259913740642));
#1957=CARTESIAN_POINT('Ctrl Pts',(120.271284827787,48.9969706456667,-33.1090298290889));
#1958=CARTESIAN_POINT('Ctrl Pts',(120.354001203375,48.9524711591808,-32.9155136115099));
#1959=CARTESIAN_POINT('Ctrl Pts',(120.386209105775,48.9300472128749,-32.8153865132278));
#1960=CARTESIAN_POINT('Ctrl Pts',(120.399948452909,48.918837923167,-32.7646918320946));
#1961=CARTESIAN_POINT('Ctrl Pts',(117.513292693403,48.873533048666,-32.7371941397641));
#1962=CARTESIAN_POINT('Ctrl Pts',(117.525825314924,48.8799985833532,-32.7715561855913));
#1963=CARTESIAN_POINT('Ctrl Pts',(117.554073665191,48.8925112789257,-32.83919932476));
#1964=CARTESIAN_POINT('Ctrl Pts',(117.622812559313,48.9156617719875,-32.9690780753752));
#1965=CARTESIAN_POINT('Ctrl Pts',(117.773598808186,48.9507345700158,-33.1792197320335));
#1966=CARTESIAN_POINT('Ctrl Pts',(118.095907946608,48.9860410974407,-33.43962583467));
#1967=CARTESIAN_POINT('Ctrl Pts',(118.536296447274,48.9862282962241,-33.5653678218669));
#1968=CARTESIAN_POINT('Ctrl Pts',(118.984945964784,48.9529191929334,-33.5309979239873));
#1969=CARTESIAN_POINT('Ctrl Pts',(119.36734467675,48.8984699675692,-33.3745028224396));
#1970=CARTESIAN_POINT('Ctrl Pts',(119.639373018254,48.8304640479419,-33.1199707938103));
#1971=CARTESIAN_POINT('Ctrl Pts',(119.77177496972,48.7777541164087,-32.900509423577));
#1972=CARTESIAN_POINT('Ctrl Pts',(119.829177521493,48.746911211126,-32.7665220338165));
#1973=CARTESIAN_POINT('Ctrl Pts',(119.85154111845,48.7313689070428,-32.6971958470624));
#1974=CARTESIAN_POINT('Ctrl Pts',(119.86108675902,48.7235994837512,-32.6620955113618));
#1975=CARTESIAN_POINT('Ctrl Pts',(117.733067858347,48.8451059584324,-32.6622830337558));
#1976=CARTESIAN_POINT('Ctrl Pts',(117.743216734075,48.8503417702585,-32.6901259826756));
#1977=CARTESIAN_POINT('Ctrl Pts',(117.766083532361,48.8604764167636,-32.744934838917));
#1978=CARTESIAN_POINT('Ctrl Pts',(117.821745097673,48.8792322840844,-32.8501658507768));
#1979=CARTESIAN_POINT('Ctrl Pts',(117.943922410356,48.9076585502327,-33.0204098752041));
#1980=CARTESIAN_POINT('Ctrl Pts',(118.204943561113,48.9363301857371,-33.2313009890812));
#1981=CARTESIAN_POINT('Ctrl Pts',(118.561754491788,48.9365715144349,-33.3329819269036));
#1982=CARTESIAN_POINT('Ctrl Pts',(118.925253879309,48.9096433696482,-33.3049734013997));
#1983=CARTESIAN_POINT('Ctrl Pts',(119.234953560178,48.8655449470612,-33.1781039037691));
#1984=CARTESIAN_POINT('Ctrl Pts',(119.455424303522,48.8103922576104,-32.9718800200539));
#1985=CARTESIAN_POINT('Ctrl Pts',(119.562742783368,48.7676263922508,-32.7940834288321));
#1986=CARTESIAN_POINT('Ctrl Pts',(119.609300985277,48.7425978288134,-32.6855314082743));
#1987=CARTESIAN_POINT('Ctrl Pts',(119.627434547998,48.7299855886935,-32.6293656383299));
#1988=CARTESIAN_POINT('Ctrl Pts',(119.635183972493,48.7236802506649,-32.6009276799324));
#1989=CARTESIAN_POINT('Ctrl Pts',(119.635183972493,48.7236802506649,-32.6009276799324));
#1990=CARTESIAN_POINT('Ctrl Pts',(119.627434547998,48.7299855886935,-32.6293656383299));
#1991=CARTESIAN_POINT('Ctrl Pts',(119.609300985277,48.7425978288134,-32.6855314082743));
#1992=CARTESIAN_POINT('Ctrl Pts',(119.562742783368,48.7676263922508,-32.7940834288321));
#1993=CARTESIAN_POINT('Ctrl Pts',(119.455424303522,48.8103922576104,-32.9718800200539));
#1994=CARTESIAN_POINT('Ctrl Pts',(119.234953560178,48.8655449470612,-33.1781039037691));
#1995=CARTESIAN_POINT('Ctrl Pts',(118.925253879309,48.9096433696482,-33.3049734013997));
#1996=CARTESIAN_POINT('Ctrl Pts',(118.561754491788,48.9365715144349,-33.3329819269036));
#1997=CARTESIAN_POINT('Ctrl Pts',(118.204943561113,48.9363301857371,-33.2313009890812));
#1998=CARTESIAN_POINT('Ctrl Pts',(117.943922410356,48.9076585502327,-33.0204098752041));
#1999=CARTESIAN_POINT('Ctrl Pts',(117.821745097673,48.8792322840844,-32.8501658507768));
#2000=CARTESIAN_POINT('Ctrl Pts',(117.766083532361,48.8604764167636,-32.744934838917));
#2001=CARTESIAN_POINT('Ctrl Pts',(117.743216734075,48.8503417702585,-32.6901259826756));
#2002=CARTESIAN_POINT('Ctrl Pts',(117.733067858347,48.8451059584324,-32.6622830337558));
#2003=CARTESIAN_POINT('Ctrl Pts',(116.856140632788,50.0087048877273,-32.7637445861194));
#2004=CARTESIAN_POINT('Ctrl Pts',(116.876503821238,50.0191889127192,-32.8195079167989));
#2005=CARTESIAN_POINT('Ctrl Pts',(116.922361031895,50.0394846173813,-32.9292862483481));
#2006=CARTESIAN_POINT('Ctrl Pts',(117.033900315592,50.0770551695776,-33.1400898464554));
#2007=CARTESIAN_POINT('Ctrl Pts',(117.278546930612,50.1340249168554,-33.4812207791835));
#2008=CARTESIAN_POINT('Ctrl Pts',(117.800754684871,50.1915881801435,-33.9041053148361));
#2009=CARTESIAN_POINT('Ctrl Pts',(118.514050673736,50.192332967568,-34.1086380891383));
#2010=CARTESIAN_POINT('Ctrl Pts',(119.240336975142,50.1387165435792,-34.0535795884578));
#2011=CARTESIAN_POINT('Ctrl Pts',(119.858834034758,50.0507034773239,-33.800477886433));
#2012=CARTESIAN_POINT('Ctrl Pts',(120.298800758164,49.9405069840562,-33.3882877625401));
#2013=CARTESIAN_POINT('Ctrl Pts',(120.512738974493,49.8550141902643,-33.0326912906189));
#2014=CARTESIAN_POINT('Ctrl Pts',(120.60546075033,49.8049682831343,-32.8155336314625));
#2015=CARTESIAN_POINT('Ctrl Pts',(120.641533669466,49.7797456723861,-32.7031581541449));
#2016=CARTESIAN_POINT('Ctrl Pts',(120.656936566382,49.7671349963288,-32.6462560901372));
#2017=CARTESIAN_POINT('Ctrl Pts',(116.856140632788,50.0087048877273,-32.7637445861194));
#2018=CARTESIAN_POINT('Ctrl Pts',(114.106704470372,48.5864665895674,-25.2587528241117));
#2019=CARTESIAN_POINT('Ctrl Pts',(109.167634241332,46.1200444612199,-13.4324185946612));
#2020=CARTESIAN_POINT('Ctrl Pts',(101.177167828473,42.7281380315035,0.157108525516444));
#2021=CARTESIAN_POINT('Ctrl Pts',(94.4077384119964,40.2557929766355,8.74331469935343));
#2022=CARTESIAN_POINT('Ctrl Pts',(89.2994798881456,38.6617676148991,13.4609021238832));
#2023=CARTESIAN_POINT('Ctrl Pts',(84.2797178362203,37.2961314600127,16.9320905339525));
#2024=CARTESIAN_POINT('Ctrl Pts',(78.8890666488292,35.9918413154825,19.7539397400165));
#2025=CARTESIAN_POINT('Ctrl Pts',(70.692991290637,34.510645449631,21.5466407439209));
#2026=CARTESIAN_POINT('Ctrl Pts',(63.7774769180157,33.8360765086758,20.7908069275979));
#2027=CARTESIAN_POINT('Ctrl Pts',(57.8096442584199,33.6088791653695,19.1145662202909));
#2028=CARTESIAN_POINT('Ctrl Pts',(52.0076512649685,33.6860100173342,16.7128164800219));
#2029=CARTESIAN_POINT('Ctrl Pts',(44.6044112011445,34.5938420251604,12.1588361309207));
#2030=CARTESIAN_POINT('Ctrl Pts',(38.5276366173367,36.4631528343386,7.29273033246344));
#2031=CARTESIAN_POINT('Ctrl Pts',(34.1145048936727,38.787044861644,3.26961831673508));
#2032=CARTESIAN_POINT('Ctrl Pts',(30.0321076061897,41.7124575229856,-0.731870349128293));
#2033=CARTESIAN_POINT('Ctrl Pts',(27.3699578867293,44.5929794842256,-3.59727970879412));
#2034=CARTESIAN_POINT('Ctrl Pts',(25.7662420665134,46.7468662651878,-5.38930548600004));
#2035=CARTESIAN_POINT('Ctrl Pts',(116.876053029501,50.1431829070019,-32.7311875762743));
#2036=CARTESIAN_POINT('Ctrl Pts',(114.12515756958,48.720779382737,-25.2243986459495));
#2037=CARTESIAN_POINT('Ctrl Pts',(109.183223324592,46.254045061824,-13.395013944063));
#2038=CARTESIAN_POINT('Ctrl Pts',(101.186489368646,42.8625225746667,0.19835383121796));
#2039=CARTESIAN_POINT('Ctrl Pts',(94.4106281997314,40.3914209607438,8.78679908501751));
#2040=CARTESIAN_POINT('Ctrl Pts',(89.2967957456882,38.7991431399725,13.5050154130708));
#2041=CARTESIAN_POINT('Ctrl Pts',(84.2716396064506,37.4358828075383,16.9756844481123));
#2042=CARTESIAN_POINT('Ctrl Pts',(78.8753975523203,36.1346465899551,19.7960681194873));
#2043=CARTESIAN_POINT('Ctrl Pts',(70.6744629318071,34.6590841178604,21.5844413816473));
#2044=CARTESIAN_POINT('Ctrl Pts',(63.7599288056395,33.988656548814,20.8272645261581));
#2045=CARTESIAN_POINT('Ctrl Pts',(57.794408309275,33.7643351173491,19.1525123221731));
#2046=CARTESIAN_POINT('Ctrl Pts',(51.9958015466112,33.8437591378282,16.7541623037412));
#2047=CARTESIAN_POINT('Ctrl Pts',(44.5993771481943,34.7531422930967,12.2095036519192));
#2048=CARTESIAN_POINT('Ctrl Pts',(38.5326911779868,36.620194934617,7.35768488259717));
#2049=CARTESIAN_POINT('Ctrl Pts',(34.130206410187,38.937075746646,3.34905155011662));
#2050=CARTESIAN_POINT('Ctrl Pts',(30.0591631772697,41.8511723419617,-0.637651424020304));
#2051=CARTESIAN_POINT('Ctrl Pts',(27.4046861739212,44.7187976214737,-3.49421539025447));
#2052=CARTESIAN_POINT('Ctrl Pts',(25.8042522013308,46.864195883227,-5.28359081615206));
#2053=CARTESIAN_POINT('Ctrl Pts',(117.079518628777,51.1121452355539,-32.4746959212089));
#2054=CARTESIAN_POINT('Ctrl Pts',(114.317426147673,49.6886091548013,-24.9529928833284));
#2055=CARTESIAN_POINT('Ctrl Pts',(109.35346828872,47.2197104950158,-13.0978907975526));
#2056=CARTESIAN_POINT('Ctrl Pts',(101.307672261977,43.8319397787136,0.531511666275136));
#2057=CARTESIAN_POINT('Ctrl Pts',(94.4801867380097,41.3715968715693,9.1449467101572));
#2058=CARTESIAN_POINT('Ctrl Pts',(89.3200620778061,39.794194418092,13.8756065935911));
#2059=CARTESIAN_POINT('Ctrl Pts',(84.2476663844964,38.4511940952822,17.3504930254827));
#2060=CARTESIAN_POINT('Ctrl Pts',(78.8002474920311,37.1760650045977,20.1688431674432));
#2061=CARTESIAN_POINT('Ctrl Pts',(70.5422644374856,35.7494172343745,21.9350155896553));
#2062=CARTESIAN_POINT('Ctrl Pts',(63.6170260587269,35.1164931364158,21.1694255511875));
#2063=CARTESIAN_POINT('Ctrl Pts',(57.6557118294266,34.9195868182837,19.5053096935642));
#2064=CARTESIAN_POINT('Ctrl Pts',(51.871355442273,35.02226869697,17.1310243188261));
#2065=CARTESIAN_POINT('Ctrl Pts',(44.5154343436945,35.9523126547072,12.6547257732357));
#2066=CARTESIAN_POINT('Ctrl Pts',(38.518701024121,37.8097733135234,7.91062141610657));
#2067=CARTESIAN_POINT('Ctrl Pts',(34.1937694754878,40.0752226191506,4.01015914363576));
#2068=CARTESIAN_POINT('Ctrl Pts',(30.2064361051446,42.9006625656283,0.131079001802509));
#2069=CARTESIAN_POINT('Ctrl Pts',(27.6082708287653,45.6631421095354,-2.66722114766202));
#2070=CARTESIAN_POINT('Ctrl Pts',(26.0309843454485,47.7390734591799,-4.44467906590127));
#2071=CARTESIAN_POINT('Ctrl Pts',(118.017033333062,51.7101463981193,-32.0198984492645));
#2072=CARTESIAN_POINT('Ctrl Pts',(115.239031041357,50.2855475265179,-24.4625666643586));
#2073=CARTESIAN_POINT('Ctrl Pts',(110.2428552549,47.8147849316737,-12.5411883807354));
#2074=CARTESIAN_POINT('Ctrl Pts',(102.118225279183,44.4232016041224,1.22112544958694));
#2075=CARTESIAN_POINT('Ctrl Pts',(95.1957638397942,41.9584800377511,9.96693333245021));
#2076=CARTESIAN_POINT('Ctrl Pts',(89.9351750662167,40.3765172337948,14.8109179256305));
#2077=CARTESIAN_POINT('Ctrl Pts',(84.733298547589,39.0275897910796,18.3983789664701));
#2078=CARTESIAN_POINT('Ctrl Pts',(79.1221719535842,37.7448398671646,21.3362733142625));
#2079=CARTESIAN_POINT('Ctrl Pts',(70.540274911958,36.302102624209,23.2333235972858));
#2080=CARTESIAN_POINT('Ctrl Pts',(63.3415762540963,35.6515713950255,22.4901645832111));
#2081=CARTESIAN_POINT('Ctrl Pts',(57.1783873394084,35.4367510101018,20.8218027425647));
#2082=CARTESIAN_POINT('Ctrl Pts',(51.2205751087694,35.5193182184199,18.4316872444258));
#2083=CARTESIAN_POINT('Ctrl Pts',(43.6928529901574,36.4149367330327,13.9375559288117));
#2084=CARTESIAN_POINT('Ctrl Pts',(37.5916774245106,38.2347209379046,9.18981483564968));
#2085=CARTESIAN_POINT('Ctrl Pts',(33.2279788616745,40.4742375743222,5.28229765038829));
#2086=CARTESIAN_POINT('Ctrl Pts',(29.2430610197998,43.2812735782703,1.3875679343961));
#2087=CARTESIAN_POINT('Ctrl Pts',(26.7030443541046,46.0402931612703,-1.43716127708028));
#2088=CARTESIAN_POINT('Ctrl Pts',(25.1870247351566,48.1162543541807,-3.24181298933585));
#2089=CARTESIAN_POINT('Ctrl Pts',(118.832245531079,51.5910292326605,-31.744600415922));
#2090=CARTESIAN_POINT('Ctrl Pts',(116.045924383282,50.1659388967765,-24.1619652330858));
#2091=CARTESIAN_POINT('Ctrl Pts',(111.032643345409,47.6945383257354,-12.1917344689398));
#2092=CARTESIAN_POINT('Ctrl Pts',(102.858334036745,44.2919743541133,1.67609304087431));
#2093=CARTESIAN_POINT('Ctrl Pts',(95.8692839015408,41.8073236457883,10.5294920882701));
#2094=CARTESIAN_POINT('Ctrl Pts',(90.5332030979911,40.2007720550274,15.4661319198832));
#2095=CARTESIAN_POINT('Ctrl Pts',(85.229557536942,38.8197119663307,19.1446320845498));
#2096=CARTESIAN_POINT('Ctrl Pts',(79.486961395918,37.4962350777232,22.1779153674586));
#2097=CARTESIAN_POINT('Ctrl Pts',(70.6345800540347,35.9780961157849,24.1688880584963));
#2098=CARTESIAN_POINT('Ctrl Pts',(63.202321507644,35.2658572796337,23.4134580568113));
#2099=CARTESIAN_POINT('Ctrl Pts',(56.866544269115,35.0006523161088,21.7022542720887));
#2100=CARTESIAN_POINT('Ctrl Pts',(50.7596704517935,35.0352455919323,19.250072357851));
#2101=CARTESIAN_POINT('Ctrl Pts',(43.079187645333,35.8700163598585,14.6496018639554));
#2102=CARTESIAN_POINT('Ctrl Pts',(36.8604946309553,37.655623077853,9.78621965914911));
#2103=CARTESIAN_POINT('Ctrl Pts',(32.4113343563117,39.9118678513916,5.78245540738896));
#2104=CARTESIAN_POINT('Ctrl Pts',(28.3549526529852,42.7767201910258,1.8037443388173));
#2105=CARTESIAN_POINT('Ctrl Pts',(25.7917770322036,45.6259593170702,-1.05121697446083));
#2106=CARTESIAN_POINT('Ctrl Pts',(24.2859803749494,47.767545915082,-2.85204424517828));
#2107=CARTESIAN_POINT('',(24.9105308272474,46.9114797796781,-2.11316206305963));
#2108=CARTESIAN_POINT('Ctrl Pts',(24.9105308272475,46.9114797796781,-2.11316206305961));
#2109=CARTESIAN_POINT('Ctrl Pts',(24.8829957801408,47.2571181109648,-2.43775270935666));
#2110=CARTESIAN_POINT('Ctrl Pts',(24.8464889579787,47.5873134229271,-2.7909827414696));
#2111=CARTESIAN_POINT('Ctrl Pts',(24.7996174014174,47.8951545750662,-3.15895184251275));
#2112=CARTESIAN_POINT('',(118.832245531079,51.5910292326605,-31.744600415922));
#2113=CARTESIAN_POINT('Ctrl Pts',(24.9096588786588,46.9100106349681,-2.11404610892559));
#2114=CARTESIAN_POINT('Ctrl Pts',(26.2590391726311,45.1166228671714,-0.53406807634527));
#2115=CARTESIAN_POINT('Ctrl Pts',(28.6299313402853,42.5825142722349,2.07345779943294));
#2116=CARTESIAN_POINT('Ctrl Pts',(32.4113343563117,39.9118678513916,5.78245540738896));
#2117=CARTESIAN_POINT('Ctrl Pts',(36.8604946309553,37.655623077853,9.78621965914911));
#2118=CARTESIAN_POINT('Ctrl Pts',(43.079187645333,35.8700163598585,14.6496018639554));
#2119=CARTESIAN_POINT('Ctrl Pts',(50.7596704517935,35.0352455919323,19.250072357851));
#2120=CARTESIAN_POINT('Ctrl Pts',(56.866544269115,35.0006523161088,21.7022542720887));
#2121=CARTESIAN_POINT('Ctrl Pts',(63.202321507644,35.2658572796337,23.4134580568113));
#2122=CARTESIAN_POINT('Ctrl Pts',(70.6345800540347,35.9780961157849,24.1688880584963));
#2123=CARTESIAN_POINT('Ctrl Pts',(79.486961395918,37.4962350777232,22.1779153674586));
#2124=CARTESIAN_POINT('Ctrl Pts',(85.229557536942,38.8197119663307,19.1446320845498));
#2125=CARTESIAN_POINT('Ctrl Pts',(90.5332030979911,40.2007720550274,15.4661319198832));
#2126=CARTESIAN_POINT('Ctrl Pts',(95.8692839015408,41.8073236457883,10.5294920882701));
#2127=CARTESIAN_POINT('Ctrl Pts',(102.858334036745,44.2919743541133,1.67609304087431));
#2128=CARTESIAN_POINT('Ctrl Pts',(111.032643345409,47.6945383257354,-12.1917344689398));
#2129=CARTESIAN_POINT('Ctrl Pts',(116.045924383282,50.1659388967765,-24.1619652330858));
#2130=CARTESIAN_POINT('Ctrl Pts',(118.832245531079,51.5910292326605,-31.744600415922));
#2131=CARTESIAN_POINT('Origin',(118.723429662027,49.6359759021189,-32.1519400547746));
#2132=CARTESIAN_POINT('Ctrl Pts',(-2.27779843498738E-14,0.,123.997571467043));
#2133=CARTESIAN_POINT('Ctrl Pts',(9.73874648959588,2.08333333333333,123.997571467043));
#2134=CARTESIAN_POINT('Ctrl Pts',(29.2155541151723,6.25,121.692197900849));
#2135=CARTESIAN_POINT('Ctrl Pts',(56.8178513430201,12.5,111.511130003911));
#2136=CARTESIAN_POINT('Ctrl Pts',(81.2784941969485,18.75,95.1648835742203));
#2137=CARTESIAN_POINT('Ctrl Pts',(101.249072598546,25.,73.5617571639461));
#2138=CARTESIAN_POINT('Ctrl Pts',(115.623618629794,31.25,47.8928752485184));
#2139=CARTESIAN_POINT('Ctrl Pts',(123.611068478519,37.5,19.5781535285059));
#2140=CARTESIAN_POINT('Ctrl Pts',(124.764260517551,43.75,-9.81931411579332));
#2141=CARTESIAN_POINT('Ctrl Pts',(120.938136517699,47.9166666666667,-29.0552585350615));
#2142=CARTESIAN_POINT('Ctrl Pts',(117.928698348505,50.,-38.3173568445382));
#2143=CARTESIAN_POINT('Ctrl Pts',(-1.67161313988501E-14,0.,90.9983809780284));
#2144=CARTESIAN_POINT('Ctrl Pts',(7.14699612922845,2.08333333333333,90.9983809780284));
#2145=CARTESIAN_POINT('Ctrl Pts',(21.4404854256624,6.25,89.3065312136246));
#2146=CARTESIAN_POINT('Ctrl Pts',(41.6970463348095,12.5,81.8349276629458));
#2147=CARTESIAN_POINT('Ctrl Pts',(59.648034173155,18.75,69.8388704614132));
#2148=CARTESIAN_POINT('Ctrl Pts',(74.3038881567404,25.,53.9849347420258));
#2149=CARTESIAN_POINT('Ctrl Pts',(84.8529690835827,31.25,35.1472537440479));
#2150=CARTESIAN_POINT('Ctrl Pts',(90.7147371470829,37.5,14.3678642456868));
#2151=CARTESIAN_POINT('Ctrl Pts',(91.5610328226123,43.75,-7.2061224770792));
#2152=CARTESIAN_POINT('Ctrl Pts',(88.7531464641264,47.9166666666667,-21.3228489421777));
#2153=CARTESIAN_POINT('Ctrl Pts',(86.5446032014628,50.,-28.1200461828167));
#2154=CARTESIAN_POINT('Ctrl Pts',(-1.06542784478263E-14,0.,57.9991904890142));
#2155=CARTESIAN_POINT('Ctrl Pts',(4.55524576886105,2.08333333333333,57.9991904890142));
#2156=CARTESIAN_POINT('Ctrl Pts',(13.6654167361524,6.25,56.9208645264002));
#2157=CARTESIAN_POINT('Ctrl Pts',(26.5762413265989,12.5,52.1587253219802));
#2158=CARTESIAN_POINT('Ctrl Pts',(38.0175741493616,18.75,44.5128573486062));
#2159=CARTESIAN_POINT('Ctrl Pts',(47.3587037149347,25.,34.4081123201055));
#2160=CARTESIAN_POINT('Ctrl Pts',(54.0823195373709,31.25,22.4016322395774));
#2161=CARTESIAN_POINT('Ctrl Pts',(57.8184058156471,37.5,9.15757496286766));
#2162=CARTESIAN_POINT('Ctrl Pts',(58.3578051276735,43.75,-4.59293083836514));
#2163=CARTESIAN_POINT('Ctrl Pts',(56.5681564105535,47.9166666666667,-13.590439349294));
#2164=CARTESIAN_POINT('Ctrl Pts',(55.1605080544208,50.,-17.9227355210952));
#2165=CARTESIAN_POINT('Ctrl Pts',(-4.59242549680257E-15,0.,25.));
#2166=CARTESIAN_POINT('Ctrl Pts',(1.96349540849362,2.08333333333333,25.));
#2167=CARTESIAN_POINT('Ctrl Pts',(5.89034804664249,6.25,24.5351978391758));
#2168=CARTESIAN_POINT('Ctrl Pts',(11.4554363183883,12.5,22.4825229810146));
#2169=CARTESIAN_POINT('Ctrl Pts',(16.3871141255681,18.75,19.1868442357991));
#2170=CARTESIAN_POINT('Ctrl Pts',(20.4135192731289,25.,14.8312898981853));
#2171=CARTESIAN_POINT('Ctrl Pts',(23.3116699911591,31.25,9.65601073510699));
#2172=CARTESIAN_POINT('Ctrl Pts',(24.9220744842114,37.5,3.9472856800485));
#2173=CARTESIAN_POINT('Ctrl Pts',(25.1545774327347,43.75,-1.97973919965102));
#2174=CARTESIAN_POINT('Ctrl Pts',(24.3831663569805,47.9166666666667,-5.85802975641021));
#2175=CARTESIAN_POINT('Ctrl Pts',(23.7764129073788,50.,-7.72542485937368));
#2176=CARTESIAN_POINT('',(24.9999476965494,41.6666666666667,3.51367495181691E-8));
#2177=CARTESIAN_POINT('Ctrl Pts',(24.9999476965494,41.6666666666667,3.51367495181691E-8));
#2178=CARTESIAN_POINT('Ctrl Pts',(24.9998924327305,40.2777777777778,1.30900981083684));
#2179=CARTESIAN_POINT('Ctrl Pts',(24.8971917202983,38.8888888888889,2.61804127207966));
#2180=CARTESIAN_POINT('Ctrl Pts',(24.6924242267899,37.5,3.91090237594166));
#2181=CARTESIAN_POINT('Ctrl Pts',(24.3852729865273,35.4166666666667,5.85019403173466));
#2182=CARTESIAN_POINT('Ctrl Pts',(23.8484714888432,33.3333333333333,7.75310238342082));
#2183=CARTESIAN_POINT('Ctrl Pts',(23.0970456203295,31.25,9.56710308644362));
#2184=CARTESIAN_POINT('Ctrl Pts',(22.3456197518157,29.1666666666667,11.3811037894664));
#2185=CARTESIAN_POINT('Ctrl Pts',(21.3795695124723,27.0833333333333,13.1061968438258));
#2186=CARTESIAN_POINT('Ctrl Pts',(20.2254768682072,25.,14.6946690939412));
#2187=CARTESIAN_POINT('Ctrl Pts',(19.071384223942,22.9166666666667,16.2831413440565));
#2188=CARTESIAN_POINT('Ctrl Pts',(17.729249174755,20.8333333333333,17.7349927899278));
#2189=CARTESIAN_POINT('Ctrl Pts',(16.2362353489649,18.75,19.0101983037327));
#2190=CARTESIAN_POINT('Ctrl Pts',(14.7432215231748,16.6666666666667,20.2854038175376));
#2191=CARTESIAN_POINT('Ctrl Pts',(13.0993289207815,14.5833333333333,21.3839633992761));
#2192=CARTESIAN_POINT('Ctrl Pts',(11.3498679076273,12.5,22.2753556665055));
#2193=CARTESIAN_POINT('Ctrl Pts',(9.600406894473,10.4166666666667,23.166747933735));
#2194=CARTESIAN_POINT('Ctrl Pts',(7.74537747055774,8.33333333333333,23.8509728864554));
#2195=CARTESIAN_POINT('Ctrl Pts',(5.8361495990629,6.25,24.3092859030216));
#2196=CARTESIAN_POINT('Ctrl Pts',(4.48679624644414,4.77759701451732,24.6332002008829));
#2197=CARTESIAN_POINT('Ctrl Pts',(3.11037074676148,3.30519402903463,24.8442713928587));
#2198=CARTESIAN_POINT('Ctrl Pts',(1.7259820426941,1.83279104355195,24.9402086576669));
#2199=CARTESIAN_POINT('Ctrl Pts',(24.6540917317646,46.0833082960496,-4.14333020739766));
#2200=CARTESIAN_POINT('Ctrl Pts',(24.775632718147,45.3055388640331,-3.42044590692958));
#2201=CARTESIAN_POINT('Ctrl Pts',(24.865443272764,44.5277694320165,-2.69223296205251));
#2202=CARTESIAN_POINT('Ctrl Pts',(24.9229741723756,43.75,-1.9614743588909));
#2203=CARTESIAN_POINT('Ctrl Pts',(24.9743415982149,43.0555555555556,-1.30900431917766));
#2204=CARTESIAN_POINT('Ctrl Pts',(24.9999753284588,42.3611111111111,-0.654504852713294));
#2205=CARTESIAN_POINT('Ctrl Pts',(24.9999476965494,41.6666666666667,3.51367495181691E-8));
#2206=CARTESIAN_POINT('Ctrl Pts',(32.6622830337558,48.8451059584324,117.733067858347));
#2207=CARTESIAN_POINT('Ctrl Pts',(26.6531083972222,47.7150924775452,115.542697621591));
#2208=CARTESIAN_POINT('Ctrl Pts',(14.8261481857825,45.3151834988263,110.718877980937));
#2209=CARTESIAN_POINT('Ctrl Pts',(1.79999387529071,42.1972413762815,103.541084206205));
#2210=CARTESIAN_POINT('Ctrl Pts',(-8.32910250817414,39.4104890433376,95.9003796246046));
#2211=CARTESIAN_POINT('Ctrl Pts',(-14.3252864369383,37.5238236528693,89.873117188556));
#2212=CARTESIAN_POINT('Ctrl Pts',(-19.9718177294797,35.3068076826924,80.879418134293));
#2213=CARTESIAN_POINT('Ctrl Pts',(-22.5204045138352,33.6340367229887,71.4063546226051));
#2214=CARTESIAN_POINT('Ctrl Pts',(-21.0980500915322,32.7848432548546,60.5531442848915));
#2215=CARTESIAN_POINT('Ctrl Pts',(-16.1466780664588,33.0602409924409,48.4433768095184));
#2216=CARTESIAN_POINT('Ctrl Pts',(-8.28257823921188,35.3835761129039,37.9294946981492));
#2217=CARTESIAN_POINT('Ctrl Pts',(-1.21166946850161,40.3830421655275,30.1891910456553));
#2218=CARTESIAN_POINT('Ctrl Pts',(2.1069364450685,43.6960887492944,26.7600751132642));
#2219=CARTESIAN_POINT('Ctrl Pts',(3.67554776649606,45.5020963353023,25.1462430779396));
#2220=CARTESIAN_POINT('Ctrl Pts',(4.54866400323152,46.5830008893036,24.2300532150973));
#2221=CARTESIAN_POINT('Ctrl Pts',(4.96781080685534,47.1283585975815,23.775867188242));
#2222=CARTESIAN_POINT('Ctrl Pts',(5.16750758687562,47.3987199324486,23.5399298920168));
#2223=CARTESIAN_POINT('Ctrl Pts',(32.7122237710946,48.8640573519214,117.586551081718));
#2224=CARTESIAN_POINT('Ctrl Pts',(26.7067545758164,47.7341603677246,115.397065253213));
#2225=CARTESIAN_POINT('Ctrl Pts',(14.8886406632857,45.3345862174574,110.57575472063));
#2226=CARTESIAN_POINT('Ctrl Pts',(1.87900250354873,42.2180699271429,103.40485030448));
#2227=CARTESIAN_POINT('Ctrl Pts',(-8.22920590050239,39.4349562302841,95.7776935928576));
#2228=CARTESIAN_POINT('Ctrl Pts',(-14.2073061532262,37.5526607083152,89.7661675303452));
#2229=CARTESIAN_POINT('Ctrl Pts',(-19.8279802959627,35.3453950305019,80.8079652984547));
#2230=CARTESIAN_POINT('Ctrl Pts',(-22.3592648369331,33.6853474598417,71.3878688671014));
#2231=CARTESIAN_POINT('Ctrl Pts',(-20.9428918635304,32.850491508406,60.5934686199864));
#2232=CARTESIAN_POINT('Ctrl Pts',(-16.0091859476906,33.1408838026609,48.5350449122815));
#2233=CARTESIAN_POINT('Ctrl Pts',(-8.16512382670931,35.4847029317871,38.0579337659231));
#2234=CARTESIAN_POINT('Ctrl Pts',(-1.10735229837008,40.4858371723375,30.3687198004573));
#2235=CARTESIAN_POINT('Ctrl Pts',(2.21608895336955,43.7899057409636,26.9676986539317));
#2236=CARTESIAN_POINT('Ctrl Pts',(3.79220582029979,45.5904326610059,25.3680451592042));
#2237=CARTESIAN_POINT('Ctrl Pts',(4.67375204554221,46.670579332753,24.4589651230227));
#2238=CARTESIAN_POINT('Ctrl Pts',(5.09863173106053,47.2165514558178,24.008647497803));
#2239=CARTESIAN_POINT('Ctrl Pts',(5.30586294067646,47.4929148878228,23.7710479813537));
#2240=CARTESIAN_POINT('Ctrl Pts',(32.7968812441379,48.9746231339369,117.297796837747));
#2241=CARTESIAN_POINT('Ctrl Pts',(26.7981301666179,47.8452179022704,115.109571620942));
#2242=CARTESIAN_POINT('Ctrl Pts',(14.9962613696078,45.4468652196071,110.292061896833));
#2243=CARTESIAN_POINT('Ctrl Pts',(2.01791499783477,42.3339773994494,103.132878901443));
#2244=CARTESIAN_POINT('Ctrl Pts',(-8.05011282511354,39.5590425435194,95.5306530122983));
#2245=CARTESIAN_POINT('Ctrl Pts',(-13.993263912001,37.6861971975781,89.5489196097942));
#2246=CARTESIAN_POINT('Ctrl Pts',(-19.5642700133684,35.4998316554445,80.6592949379137));
#2247=CARTESIAN_POINT('Ctrl Pts',(-22.063651388783,33.8670864949268,71.3427306673999));
#2248=CARTESIAN_POINT('Ctrl Pts',(-20.6647734176527,33.0648238296911,60.6628914441889));
#2249=CARTESIAN_POINT('Ctrl Pts',(-15.7772773982148,33.3920580375789,48.7039717699368));
#2250=CARTESIAN_POINT('Ctrl Pts',(-7.99432519940539,35.7896901839356,38.2964952045145));
#2251=CARTESIAN_POINT('Ctrl Pts',(-1.00693190197236,40.8156888654418,30.7190428930911));
#2252=CARTESIAN_POINT('Ctrl Pts',(2.2947121936207,44.1183057087898,27.3908400534469));
#2253=CARTESIAN_POINT('Ctrl Pts',(3.8663622792245,45.9197446016769,25.8323896043442));
#2254=CARTESIAN_POINT('Ctrl Pts',(4.75006221242849,47.0085676166355,24.9472894905894));
#2255=CARTESIAN_POINT('Ctrl Pts',(5.17733095476503,47.5624132308805,24.510392199424));
#2256=CARTESIAN_POINT('Ctrl Pts',(5.39269832995114,47.8563201969993,24.2730810661595));
#2257=CARTESIAN_POINT('Ctrl Pts',(32.8418936077462,49.2645787480478,117.025249086443));
#2258=CARTESIAN_POINT('Ctrl Pts',(26.8478862237451,48.1361455626535,114.837365558343));
#2259=CARTESIAN_POINT('Ctrl Pts',(15.0580588396454,45.7400615531872,110.021301926185));
#2260=CARTESIAN_POINT('Ctrl Pts',(2.10543748238707,42.6322418194066,102.869571035181));
#2261=CARTESIAN_POINT('Ctrl Pts',(-7.92835115055138,39.8668912686925,95.2872768126332));
#2262=CARTESIAN_POINT('Ctrl Pts',(-13.8414408337002,38.004566629442,89.3311179979009));
#2263=CARTESIAN_POINT('Ctrl Pts',(-19.371473165476,35.840685099593,80.5027723171752));
#2264=CARTESIAN_POINT('Ctrl Pts',(-21.8500546371401,34.2372388032234,71.2801856524202));
#2265=CARTESIAN_POINT('Ctrl Pts',(-20.4873529842797,33.4710617970805,60.7001424480881));
#2266=CARTESIAN_POINT('Ctrl Pts',(-15.6792557638859,33.8412620363047,48.8193895162335));
#2267=CARTESIAN_POINT('Ctrl Pts',(-8.01864599114915,36.2980340211581,38.4518244181188));
#2268=CARTESIAN_POINT('Ctrl Pts',(-1.21248796056375,41.3512127183589,30.9407646980561));
#2269=CARTESIAN_POINT('Ctrl Pts',(1.98958856950765,44.6589377457822,27.6566532391349));
#2270=CARTESIAN_POINT('Ctrl Pts',(3.50698102114924,46.467034467315,26.1200500456502));
#2271=CARTESIAN_POINT('Ctrl Pts',(4.35365404864353,47.5652118034497,25.2441538987014));
#2272=CARTESIAN_POINT('Ctrl Pts',(4.75848573362307,48.1266328172564,24.8099322909973));
#2273=CARTESIAN_POINT('Ctrl Pts',(4.95929375001682,48.4303564094554,24.5686967783017));
#2274=CARTESIAN_POINT('Ctrl Pts',(32.8343761489093,49.6216169647301,116.862013400051));
#2275=CARTESIAN_POINT('Ctrl Pts',(26.8415888748203,48.4940550112177,114.673693222672));
#2276=CARTESIAN_POINT('Ctrl Pts',(15.0556379965869,46.0999487096049,109.856814741622));
#2277=CARTESIAN_POINT('Ctrl Pts',(2.11443065961943,42.9960840667799,102.706597578708));
#2278=CARTESIAN_POINT('Ctrl Pts',(-7.90300660160669,40.2374556457537,95.133209496799));
#2279=CARTESIAN_POINT('Ctrl Pts',(-13.8014685141039,38.3822467487896,89.1901895040784));
#2280=CARTESIAN_POINT('Ctrl Pts',(-19.3140126912676,36.2329375445647,80.3952659641459));
#2281=CARTESIAN_POINT('Ctrl Pts',(-21.7907395409551,34.6480812179798,71.2245538587082));
#2282=CARTESIAN_POINT('Ctrl Pts',(-20.4709837114235,33.9033859478113,60.6938231285176));
#2283=CARTESIAN_POINT('Ctrl Pts',(-15.7451586451961,34.2964631640799,48.8393429836033));
#2284=CARTESIAN_POINT('Ctrl Pts',(-8.21955541582934,36.7738035679034,38.4633385538871));
#2285=CARTESIAN_POINT('Ctrl Pts',(-1.59817355969059,41.7986039800143,30.9285611197701));
#2286=CARTESIAN_POINT('Ctrl Pts',(1.50514304701018,45.0815003827253,27.621686936432));
#2287=CARTESIAN_POINT('Ctrl Pts',(2.96836082216113,46.8761650119102,26.0644068181896));
#2288=CARTESIAN_POINT('Ctrl Pts',(3.77641174731184,47.9619233996178,25.1693097854274));
#2289=CARTESIAN_POINT('Ctrl Pts',(4.15814103416179,48.5152021309679,24.7202562509127));
#2290=CARTESIAN_POINT('Ctrl Pts',(4.33908770456898,48.8068647066716,24.469734784231));
#2291=CARTESIAN_POINT('Ctrl Pts',(32.7988837718621,49.8579065662945,116.837552941343));
#2292=CARTESIAN_POINT('Ctrl Pts',(26.8046910069566,48.7306746312683,114.648567989007));
#2293=CARTESIAN_POINT('Ctrl Pts',(15.0159719837559,46.3372895996192,109.829986638638));
#2294=CARTESIAN_POINT('Ctrl Pts',(2.07244397388544,43.2346330502333,102.677135555748));
#2295=CARTESIAN_POINT('Ctrl Pts',(-7.94666494985872,40.4776651101065,95.1022221332967));
#2296=CARTESIAN_POINT('Ctrl Pts',(-13.8463966313138,38.6240187342587,89.1590090046271));
#2297=CARTESIAN_POINT('Ctrl Pts',(-19.3634523574789,36.4774231942693,80.3659154436879));
#2298=CARTESIAN_POINT('Ctrl Pts',(-21.8505406754382,34.8955071891198,71.1984738567959));
#2299=CARTESIAN_POINT('Ctrl Pts',(-20.5583401184842,34.1521189871049,60.6645460656856));
#2300=CARTESIAN_POINT('Ctrl Pts',(-15.8779877805021,34.5420648067475,48.7930140871791));
#2301=CARTESIAN_POINT('Ctrl Pts',(-8.43077033445229,37.0005214730846,38.3833810282201));
#2302=CARTESIAN_POINT('Ctrl Pts',(-1.89423491668013,41.9633731724627,30.7825570434774));
#2303=CARTESIAN_POINT('Ctrl Pts',(1.17382123346015,45.2065479313119,27.4260217056041));
#2304=CARTESIAN_POINT('Ctrl Pts',(2.62060424594775,46.9768708511511,25.8354272212693));
#2305=CARTESIAN_POINT('Ctrl Pts',(3.41742087461468,48.0400172144882,24.9165844329012));
#2306=CARTESIAN_POINT('Ctrl Pts',(3.79324194580201,48.577742359155,24.4517914928272));
#2307=CARTESIAN_POINT('Ctrl Pts',(3.96625978144427,48.8497657314811,24.1950500351388));
#2308=CARTESIAN_POINT('Ctrl Pts',(32.7637445861195,50.0087048877273,116.856140632788));
#2309=CARTESIAN_POINT('Ctrl Pts',(26.7677287488992,48.8815048968663,114.666586844178));
#2310=CARTESIAN_POINT('Ctrl Pts',(14.975120964767,46.4881661147337,109.846450251493));
#2311=CARTESIAN_POINT('Ctrl Pts',(2.02616844560444,43.3854819752745,102.690530148699));
#2312=CARTESIAN_POINT('Ctrl Pts',(-7.99915765628694,40.6281275988956,95.111591978411));
#2313=CARTESIAN_POINT('Ctrl Pts',(-13.9040813693004,38.7739912195875,89.1647462321482));
#2314=CARTESIAN_POINT('Ctrl Pts',(-19.4305528646066,36.6257925705871,80.3645006199807));
#2315=CARTESIAN_POINT('Ctrl Pts',(-21.9288422840688,35.0413559782249,71.1865495423129));
#2316=CARTESIAN_POINT('Ctrl Pts',(-20.6532852092762,34.2920675006827,60.6358217340684));
#2317=CARTESIAN_POINT('Ctrl Pts',(-15.9965208924399,34.6705181216467,48.740249684348));
#2318=CARTESIAN_POINT('Ctrl Pts',(-8.59042419504277,37.0988951830208,38.2988455992573));
#2319=CARTESIAN_POINT('Ctrl Pts',(-2.07831809806287,42.001793842664,30.6441356756147));
#2320=CARTESIAN_POINT('Ctrl Pts',(0.991567662123108,45.2103245452741,27.2508830070092));
#2321=CARTESIAN_POINT('Ctrl Pts',(2.44381665084976,46.9593357873065,25.6378894718841));
#2322=CARTESIAN_POINT('Ctrl Pts',(3.24582718932538,48.0031071753436,24.7047142090228));
#2323=CARTESIAN_POINT('Ctrl Pts',(3.62574881320335,48.5277889050264,24.2313675758128));
#2324=CARTESIAN_POINT('Ctrl Pts',(3.79949151313868,48.7843495131164,23.9729250076807));
#2325=CARTESIAN_POINT('',(4.14337979996159,46.0833082960496,24.654257316603));
#2326=CARTESIAN_POINT('',(3.15895184251267,47.8951545750662,24.7996174014174));
#2327=CARTESIAN_POINT('Ctrl Pts',(3.15895184251265,47.8951545750661,24.7996174014174));
#2328=CARTESIAN_POINT('Ctrl Pts',(3.43887232585069,48.129334683814,24.7639613946216));
#2329=CARTESIAN_POINT('Ctrl Pts',(3.73136001656024,48.3146331152261,24.7215087304568));
#2330=CARTESIAN_POINT('Ctrl Pts',(4.17017802469274,48.4951269897589,24.650316599068));
#2331=CARTESIAN_POINT('Ctrl Pts',(4.32632939899615,48.5350351771031,24.6232243713653));
#2332=CARTESIAN_POINT('Ctrl Pts',(4.55857030264524,48.5493516120421,24.5810534235032));
#2333=CARTESIAN_POINT('Ctrl Pts',(4.65244604518204,48.5420639232635,24.5634413621557));
#2334=CARTESIAN_POINT('Ctrl Pts',(4.802335014317,48.4925409869418,24.5344990090488));
#2335=CARTESIAN_POINT('Ctrl Pts',(4.85993686165323,48.4612758134295,24.5231238512268));
#2336=CARTESIAN_POINT('Ctrl Pts',(4.95647869417043,48.3771170910084,24.5037870921845));
#2337=CARTESIAN_POINT('Ctrl Pts',(4.99367910202208,48.3281241461443,24.4962038184607));
#2338=CARTESIAN_POINT('Ctrl Pts',(5.05538507053674,48.2067989269976,24.483550541703));
#2339=CARTESIAN_POINT('Ctrl Pts',(5.07491043298403,48.1346691201281,24.4794889421682));
#2340=CARTESIAN_POINT('Ctrl Pts',(5.09930526993168,47.9464147463464,24.4744216726551));
#2341=CARTESIAN_POINT('Ctrl Pts',(5.09023038931637,47.8259808085398,24.4763152222367));
#2342=CARTESIAN_POINT('Ctrl Pts',(5.03290124005255,47.5121396943549,24.4881868419524));
#2343=CARTESIAN_POINT('Ctrl Pts',(4.95322351686293,47.2921240815483,24.5046819227987));
#2344=CARTESIAN_POINT('Ctrl Pts',(4.66920511579523,46.7316330957745,24.5607008576926));
#2345=CARTESIAN_POINT('Ctrl Pts',(4.42766710497876,46.389176563686,24.6064801614501));
#2346=CARTESIAN_POINT('Ctrl Pts',(4.14337979996158,46.0833082960496,24.6542573166029));
#2347=CARTESIAN_POINT('',(32.7637445861195,50.0087048877273,116.856140632788));
#2348=CARTESIAN_POINT('Ctrl Pts',(3.15937027356943,47.8954456138211,24.8002925870553));
#2349=CARTESIAN_POINT('Ctrl Pts',(2.98989622996165,47.6701555807384,25.002431641197));
#2350=CARTESIAN_POINT('Ctrl Pts',(2.41516314560538,46.9248270335149,25.66971453706));
#2351=CARTESIAN_POINT('Ctrl Pts',(0.991567662123108,45.2103245452741,27.2508830070092));
#2352=CARTESIAN_POINT('Ctrl Pts',(-2.07831809806287,42.001793842664,30.6441356756147));
#2353=CARTESIAN_POINT('Ctrl Pts',(-8.59042419504277,37.0988951830208,38.2988455992573));
#2354=CARTESIAN_POINT('Ctrl Pts',(-15.9965208924399,34.6705181216467,48.740249684348));
#2355=CARTESIAN_POINT('Ctrl Pts',(-20.6532852092762,34.2920675006827,60.6358217340684));
#2356=CARTESIAN_POINT('Ctrl Pts',(-21.9288422840688,35.0413559782249,71.1865495423129));
#2357=CARTESIAN_POINT('Ctrl Pts',(-19.4305528646066,36.6257925705871,80.3645006199807));
#2358=CARTESIAN_POINT('Ctrl Pts',(-13.9040813693004,38.7739912195875,89.1647462321482));
#2359=CARTESIAN_POINT('Ctrl Pts',(-7.99915765628694,40.6281275988956,95.111591978411));
#2360=CARTESIAN_POINT('Ctrl Pts',(2.02616844560444,43.3854819752745,102.690530148699));
#2361=CARTESIAN_POINT('Ctrl Pts',(14.975120964767,46.4881661147337,109.846450251493));
#2362=CARTESIAN_POINT('Ctrl Pts',(26.7677287488992,48.8815048968663,114.666586844178));
#2363=CARTESIAN_POINT('Ctrl Pts',(32.7637445861195,50.0087048877273,116.856140632788));
#2364=CARTESIAN_POINT('',(32.6622830337558,48.8451059584324,117.733067858347));
#2365=CARTESIAN_POINT('Origin',(32.4578423204471,49.8223403949231,117.789785147407));
#2366=CARTESIAN_POINT('Ctrl Pts',(32.6622830337558,48.8451059584324,117.733067858347));
#2367=CARTESIAN_POINT('Ctrl Pts',(26.6531083972222,47.7150924775452,115.542697621591));
#2368=CARTESIAN_POINT('Ctrl Pts',(14.8261481857825,45.3151834988263,110.718877980937));
#2369=CARTESIAN_POINT('Ctrl Pts',(1.79999387529071,42.1972413762815,103.541084206205));
#2370=CARTESIAN_POINT('Ctrl Pts',(-8.32910250817414,39.4104890433376,95.9003796246046));
#2371=CARTESIAN_POINT('Ctrl Pts',(-14.3252864369383,37.5238236528693,89.873117188556));
#2372=CARTESIAN_POINT('Ctrl Pts',(-19.9718177294797,35.3068076826924,80.879418134293));
#2373=CARTESIAN_POINT('Ctrl Pts',(-22.5204045138352,33.6340367229887,71.4063546226051));
#2374=CARTESIAN_POINT('Ctrl Pts',(-21.0980500915322,32.7848432548546,60.5531442848915));
#2375=CARTESIAN_POINT('Ctrl Pts',(-16.1466780664588,33.0602409924409,48.4433768095184));
#2376=CARTESIAN_POINT('Ctrl Pts',(-8.28257823921188,35.3835761129039,37.9294946981492));
#2377=CARTESIAN_POINT('Ctrl Pts',(-1.21166946850161,40.3830421655275,30.1891910456553));
#2378=CARTESIAN_POINT('Ctrl Pts',(2.1069364450685,43.6960887492944,26.7600751132642));
#2379=CARTESIAN_POINT('Ctrl Pts',(3.53716566089996,45.3427712500754,25.2886145322801));
#2380=CARTESIAN_POINT('Ctrl Pts',(4.0600560424919,45.980579758966,24.74218169122));
#2381=CARTESIAN_POINT('Ctrl Pts',(4.14357867698881,46.0834056512186,24.654561142017));
#2382=CARTESIAN_POINT('Ctrl Pts',(-24.940347950127,1.83279104355195,1.72599076666002));
#2383=CARTESIAN_POINT('Ctrl Pts',(-29.2150481444341,1.45879848610849,1.6684976246451));
#2384=CARTESIAN_POINT('Ctrl Pts',(-37.7676372365665,1.05470545150151,1.56629429888932));
#2385=CARTESIAN_POINT('Ctrl Pts',(-52.7260266584736,0.693526309273306,1.44109417879078));
#2386=CARTESIAN_POINT('Ctrl Pts',(-63.4053753237709,0.57283680547202,1.38350509873025));
#2387=CARTESIAN_POINT('Ctrl Pts',(-69.8143089269741,0.51478428788334,1.35505016201412));
#2388=CARTESIAN_POINT('Ctrl Pts',(-24.9283092297815,1.66844736863185,1.56989690055235));
#2389=CARTESIAN_POINT('Ctrl Pts',(-29.2088722122246,1.31288018158705,1.50391305917089));
#2390=CARTESIAN_POINT('Ctrl Pts',(-37.7647038279996,0.938304491099617,1.39465677708873));
#2391=CARTESIAN_POINT('Ctrl Pts',(-52.7251741775636,0.608851710591666,1.26698331883516));
#2392=CARTESIAN_POINT('Ctrl Pts',(-63.4047480308201,0.501170171686781,1.21064557642427));
#2393=CARTESIAN_POINT('Ctrl Pts',(-69.8138269082736,0.449397184545564,1.1828812089314));
#2394=CARTESIAN_POINT('Ctrl Pts',(-24.9123489819011,1.4505699103962,1.14130637593486));
#2395=CARTESIAN_POINT('Ctrl Pts',(-29.2017216603808,1.1337558028312,1.07666395316531));
#2396=CARTESIAN_POINT('Ctrl Pts',(-37.7616804098782,0.815769442042926,0.977468648931212));
#2397=CARTESIAN_POINT('Ctrl Pts',(-52.7246843589862,0.543308666739719,0.869240724039705));
#2398=CARTESIAN_POINT('Ctrl Pts',(-63.4043774334181,0.457625513845971,0.823780795063125));
#2399=CARTESIAN_POINT('Ctrl Pts',(-69.8135832886829,0.41634954690234,0.801646451455391));
#2400=CARTESIAN_POINT('Ctrl Pts',(-24.9223818440377,1.58753109781185,0.494960891062221));
#2401=CARTESIAN_POINT('Ctrl Pts',(-29.2098863064024,1.2964188261801,0.462038795858256));
#2402=CARTESIAN_POINT('Ctrl Pts',(-37.7668613539265,1.01075211169658,0.413698417364017));
#2403=CARTESIAN_POINT('Ctrl Pts',(-52.7274972895036,0.766405088695767,0.362659289609125));
#2404=CARTESIAN_POINT('Ctrl Pts',(-63.4064449671747,0.689775489250054,0.341889176104641));
#2405=CARTESIAN_POINT('Ctrl Pts',(-69.8153254277804,0.652675293345924,0.331803839328915));
#2406=CARTESIAN_POINT('Ctrl Pts',(-24.9533253737173,2.00994919845701,0.0891591633420649));
#2407=CARTESIAN_POINT('Ctrl Pts',(-29.2289260484512,1.71458956904269,0.0828142581483866));
#2408=CARTESIAN_POINT('Ctrl Pts',(-37.7774953816149,1.4186621709466,0.0735274148812896));
#2409=CARTESIAN_POINT('Ctrl Pts',(-52.732106767415,1.16003017902609,0.0639805367852318));
#2410=CARTESIAN_POINT('Ctrl Pts',(-63.4098712841981,1.0762234171268,0.0600998204234704));
#2411=CARTESIAN_POINT('Ctrl Pts',(-69.8181474029549,1.03548364115352,0.0582443964698946));
#2412=CARTESIAN_POINT('Ctrl Pts',(-24.9781531133492,2.34887907255828,-2.87889845423557E-15));
#2413=CARTESIAN_POINT('Ctrl Pts',(-29.2436717993495,2.04246942203906,6.3959651218633E-6));
#2414=CARTESIAN_POINT('Ctrl Pts',(-37.785536343694,1.72816553326024,-6.02136719658447E-6));
#2415=CARTESIAN_POINT('Ctrl Pts',(-52.7354489712578,1.44926016425065,1.13824396813048E-5));
#2416=CARTESIAN_POINT('Ctrl Pts',(-63.4123533931277,1.35653338566258,-6.45764381599672E-6));
#2417=CARTESIAN_POINT('Ctrl Pts',(-69.8201820133514,1.31148388784448,-8.8913686138502E-15));
#2418=CARTESIAN_POINT('Ctrl Pts',(-24.9905899660941,2.51865775549819,-2.91433543964104E-15));
#2419=CARTESIAN_POINT('Ctrl Pts',(-29.2510264589227,2.20656662383769,-3.41127488517298E-15));
#2420=CARTESIAN_POINT('Ctrl Pts',(-37.789564707229,1.88314680379541,-4.72084161053001E-15));
#2421=CARTESIAN_POINT('Ctrl Pts',(-52.737112741667,1.59395530689996,-6.36927003510759E-15));
#2422=CARTESIAN_POINT('Ctrl Pts',(-63.4135962374621,1.49684152273248,-8.09635642709452E-15));
#2423=CARTESIAN_POINT('Ctrl Pts',(-69.8212002188447,1.44960613858544,-8.88178419700125E-15));
#2424=CARTESIAN_POINT('',(-35.3662634454983,1.99969294645253,-4.33111813263316E-15));
#2425=CARTESIAN_POINT('',(-24.9999985972534,2.38847461753917,0.00837480314181249));
#2426=CARTESIAN_POINT('Ctrl Pts',(-35.3662634454934,1.99969294645268,-3.60822483003176E-15));
#2427=CARTESIAN_POINT('Ctrl Pts',(-35.2775325307504,2.00207793370521,-3.59754944520855E-15));
#2428=CARTESIAN_POINT('Ctrl Pts',(-35.188798431134,2.00448027912832,5.81291847751339E-7));
#2429=CARTESIAN_POINT('Ctrl Pts',(-32.4728586633098,2.07855082096747,3.75901178823554E-5));
#2430=CARTESIAN_POINT('Ctrl Pts',(-29.698989661175,2.16969698222975,0.000196645265407293));
#2431=CARTESIAN_POINT('Ctrl Pts',(-26.390445412793,2.31855539833156,0.00516839771812317));
#2432=CARTESIAN_POINT('Ctrl Pts',(-25.6997920714359,2.3517923231252,0.00649197502594116));
#2433=CARTESIAN_POINT('Ctrl Pts',(-24.9999985972534,2.38847461753917,0.0083748031418121));
#2434=CARTESIAN_POINT('',(-24.9402086576669,1.83279104355195,1.7259820426941));
#2435=CARTESIAN_POINT('Ctrl Pts',(-24.940347950127,1.83279104355195,1.72599076666002));
#2436=CARTESIAN_POINT('Ctrl Pts',(-24.9424400666858,1.80063842930763,1.69575994738991));
#2437=CARTESIAN_POINT('Ctrl Pts',(-24.9446214467957,1.77065918496566,1.66343829959342));
#2438=CARTESIAN_POINT('Ctrl Pts',(-24.9468501777033,1.74294231492584,1.62932340527562));
#2439=CARTESIAN_POINT('Ctrl Pts',(-24.949115536402,1.71476993555443,1.5946478541201));
#2440=CARTESIAN_POINT('Ctrl Pts',(-24.9514297669398,1.68893427264578,1.55811867276569));
#2441=CARTESIAN_POINT('Ctrl Pts',(-24.9537516372447,1.66556776014235,1.52001157369501));
#2442=CARTESIAN_POINT('Ctrl Pts',(-24.9559362978137,1.64358207972272,1.48415639411849));
#2443=CARTESIAN_POINT('Ctrl Pts',(-24.9581277149334,1.62378228278664,1.44690323529309));
#2444=CARTESIAN_POINT('Ctrl Pts',(-24.9602943186551,1.60631702090383,1.40846449727554));
#2445=CARTESIAN_POINT('Ctrl Pts',(-24.9625867747222,1.58783724762234,1.3677929534672));
#2446=CARTESIAN_POINT('Ctrl Pts',(-24.964834333824,1.57208994098926,1.32605636627761));
#2447=CARTESIAN_POINT('Ctrl Pts',(-24.9670154544753,1.55919337963767,1.28353167021675));
#2448=CARTESIAN_POINT('Ctrl Pts',(-24.9691682499132,1.54646430001215,1.24155922287577));
#2449=CARTESIAN_POINT('Ctrl Pts',(-24.9712562896354,1.53651199289503,1.19881793996343));
#2450=CARTESIAN_POINT('Ctrl Pts',(-24.9732624102201,1.52949729057855,1.15555733867286));
#2451=CARTESIAN_POINT('Ctrl Pts',(-24.9736540985707,1.52812769335634,1.14711085061314));
#2452=CARTESIAN_POINT('Ctrl Pts',(-24.9740426758905,1.52687023802839,1.13864454149877));
#2453=CARTESIAN_POINT('Ctrl Pts',(-24.9744280321397,1.52572635609204,1.13016024544816));
#2454=CARTESIAN_POINT('Ctrl Pts',(-24.9759055392729,1.52134056054915,1.09763032551417));
#2455=CARTESIAN_POINT('Ctrl Pts',(-24.9773356032913,1.51862317391621,1.06483580478016));
#2456=CARTESIAN_POINT('Ctrl Pts',(-24.9787050144801,1.51755823045174,1.03189329375104));
#2457=CARTESIAN_POINT('Ctrl Pts',(-24.9805364792943,1.51613396394936,0.987835635735891));
#2458=CARTESIAN_POINT('Ctrl Pts',(-24.9822466926801,1.51767275796409,0.943808905942694));
#2459=CARTESIAN_POINT('Ctrl Pts',(-24.9838280152551,1.52206143673986,0.90009437996105));
#2460=CARTESIAN_POINT('Ctrl Pts',(-24.9854215712286,1.5264840671311,0.856041670473099));
#2461=CARTESIAN_POINT('Ctrl Pts',(-24.9868842493629,1.53380103924633,0.812304871310528));
#2462=CARTESIAN_POINT('Ctrl Pts',(-24.9882122641465,1.54394874079254,0.76917278416945));
#2463=CARTESIAN_POINT('Ctrl Pts',(-24.9894311667566,1.55326268823821,0.729584509817391));
#2464=CARTESIAN_POINT('Ctrl Pts',(-24.9905366797191,1.56496202578534,0.690504994188427));
#2465=CARTESIAN_POINT('Ctrl Pts',(-24.991528675987,1.57903379775794,0.652170766555455));
#2466=CARTESIAN_POINT('Ctrl Pts',(-24.992611858187,1.59439907020466,0.610312793532413));
#2467=CARTESIAN_POINT('Ctrl Pts',(-24.9935541502993,1.61248793309598,0.569627813725479));
#2468=CARTESIAN_POINT('Ctrl Pts',(-24.994376983506,1.63321686614563,0.530400107296156));
#2469=CARTESIAN_POINT('Ctrl Pts',(-24.9947550910685,1.64274220649846,0.51237422752197));
#2470=CARTESIAN_POINT('Ctrl Pts',(-24.9951080275262,1.65282572378235,0.494656208171981));
#2471=CARTESIAN_POINT('Ctrl Pts',(-24.9954381363166,1.66346279685121,0.477274857864473));
#2472=CARTESIAN_POINT('Ctrl Pts',(-24.9961552682936,1.6865708917013,0.439515420759116));
#2473=CARTESIAN_POINT('Ctrl Pts',(-24.9967644732935,1.71228881903478,0.40334255932529));
#2474=CARTESIAN_POINT('Ctrl Pts',(-24.997276561181,1.74038661223761,0.368955003365833));
#2475=CARTESIAN_POINT('Ctrl Pts',(-24.9975039280109,1.75286202187784,0.353686941421472));
#2476=CARTESIAN_POINT('Ctrl Pts',(-24.9977121895844,1.7658071210971,0.338771267155285));
#2477=CARTESIAN_POINT('Ctrl Pts',(-24.9979024601656,1.77920402676254,0.324227775314011));
#2478=CARTESIAN_POINT('Ctrl Pts',(-24.9983291961523,1.80925040450899,0.291609851404724));
#2479=CARTESIAN_POINT('Ctrl Pts',(-24.9986654140085,1.84137135649183,0.26107362036266));
#2480=CARTESIAN_POINT('Ctrl Pts',(-24.9989304147245,1.87530951727089,0.232789300312923));
#2481=CARTESIAN_POINT('Ctrl Pts',(-24.999196451791,1.90938040157038,0.204394367476759));
#2482=CARTESIAN_POINT('Ctrl Pts',(-24.9993907793293,1.94528360312145,0.178268204105007));
#2483=CARTESIAN_POINT('Ctrl Pts',(-24.9995355873453,1.98279593741079,0.154618746460981));
#2484=CARTESIAN_POINT('Ctrl Pts',(-24.9995930573301,1.99768346465194,0.145232981709633));
#2485=CARTESIAN_POINT('Ctrl Pts',(-24.9996427516533,2.01282477899478,0.136237771775713));
#2486=CARTESIAN_POINT('Ctrl Pts',(-24.9996861380381,2.02820708309339,0.127648094028064));
#2487=CARTESIAN_POINT('Ctrl Pts',(-24.9997438465365,2.04866718076712,0.116222910611059));
#2488=CARTESIAN_POINT('Ctrl Pts',(-24.9997903946162,2.06955362053164,0.105515050294517));
#2489=CARTESIAN_POINT('Ctrl Pts',(-24.9998285316258,2.09082674493876,0.09553924565497));
#2490=CARTESIAN_POINT('Ctrl Pts',(-24.9999008848378,2.13118593656745,0.0766132335002533));
#2491=CARTESIAN_POINT('Ctrl Pts',(-24.9999421942723,2.17273472982191,0.0604133812076973));
#2492=CARTESIAN_POINT('Ctrl Pts',(-24.9999661817675,2.21518167832517,0.0469964871696265));
#2493=CARTESIAN_POINT('Ctrl Pts',(-24.9999817896129,2.24280046082851,0.0382665715602761));
#2494=CARTESIAN_POINT('Ctrl Pts',(-24.9999901044886,2.27080008562994,0.0307157982091758));
#2495=CARTESIAN_POINT('Ctrl Pts',(-24.9999951409444,2.29910395286084,0.0243710554779989));
#2496=CARTESIAN_POINT('Ctrl Pts',(-25.0000004034092,2.32867794490459,0.0177415949339383));
#2497=CARTESIAN_POINT('Ctrl Pts',(-25.0000017551565,2.35851221749217,0.0124448780869049));
#2498=CARTESIAN_POINT('Ctrl Pts',(-25.0000017801299,2.38851772713967,0.00850289055474221));
#2499=CARTESIAN_POINT('',(-69.8143089269741,0.51478428788334,1.35505016201412));
#2500=CARTESIAN_POINT('Ctrl Pts',(-24.940347950127,1.83279104355195,1.72599076666002));
#2501=CARTESIAN_POINT('Ctrl Pts',(-29.2150481444341,1.45879848610849,1.6684976246451));
#2502=CARTESIAN_POINT('Ctrl Pts',(-37.7676372365665,1.05470545150151,1.56629429888932));
#2503=CARTESIAN_POINT('Ctrl Pts',(-52.7260266584736,0.693526309273306,1.44109417879078));
#2504=CARTESIAN_POINT('Ctrl Pts',(-63.4053753237709,0.57283680547202,1.38350509873025));
#2505=CARTESIAN_POINT('Ctrl Pts',(-69.8143089269741,0.51478428788334,1.35505016201412));
#2506=CARTESIAN_POINT('',(-69.8212002188447,1.44960613858544,-8.55063093606346E-15));
#2507=CARTESIAN_POINT('Origin',(-69.8212002188447,1.44960613858544,0.999999999999991));
#2508=CARTESIAN_POINT('Ctrl Pts',(-69.8212002188447,1.44960613858544,-8.88178419700125E-15));
#2509=CARTESIAN_POINT('Ctrl Pts',(-63.4135962374621,1.49684152273248,-8.09635642709452E-15));
#2510=CARTESIAN_POINT('Ctrl Pts',(-52.737112741667,1.59395530689996,-6.36927003510759E-15));
#2511=CARTESIAN_POINT('Ctrl Pts',(-41.2520708693709,1.81615739939727,-5.10268976146417E-15));
#2512=CARTESIAN_POINT('Ctrl Pts',(-36.1741526687436,1.97034468517134,-4.4126012034882E-15));
#2513=CARTESIAN_POINT('Ctrl Pts',(-35.3661760363313,1.99704817762497,-4.30118755611106E-15));
#2514=CARTESIAN_POINT('Ctrl Pts',(-69.8143089269741,0.514784287883337,1.35505016201411));
#2515=CARTESIAN_POINT('Ctrl Pts',(-73.0959565984904,0.485058919988226,1.34048001936652));
#2516=CARTESIAN_POINT('Ctrl Pts',(-82.9407982283738,0.851061359455767,2.4532001036388));
#2517=CARTESIAN_POINT('Ctrl Pts',(-97.8518801569066,2.87175102484941,9.9737425599046));
#2518=CARTESIAN_POINT('Ctrl Pts',(-109.693796853244,6.28830570132502,25.9322457462207));
#2519=CARTESIAN_POINT('Ctrl Pts',(-112.020009963531,8.89070773627991,38.9116276495871));
#2520=CARTESIAN_POINT('Ctrl Pts',(-111.686755486834,10.2252945141146,45.3209460154287));
#2521=CARTESIAN_POINT('Ctrl Pts',(-69.8138269082736,0.44939718454556,1.18288120893139));
#2522=CARTESIAN_POINT('Ctrl Pts',(-73.1109482270737,0.422756977634575,1.1686230273245));
#2523=CARTESIAN_POINT('Ctrl Pts',(-82.9997684070372,0.799191692511742,2.28885794659424));
#2524=CARTESIAN_POINT('Ctrl Pts',(-97.9684091387832,2.83561614974476,9.84637525066586));
#2525=CARTESIAN_POINT('Ctrl Pts',(-109.84906732217,6.26636184912317,25.8708002901471));
#2526=CARTESIAN_POINT('Ctrl Pts',(-112.179009778214,8.87636090389788,38.898719381685));
#2527=CARTESIAN_POINT('Ctrl Pts',(-111.842386083577,10.2144804686853,45.3310688360086));
#2528=CARTESIAN_POINT('Ctrl Pts',(-69.8135861042076,0.416731480225595,0.802567173913953));
#2529=CARTESIAN_POINT('Ctrl Pts',(-73.141492992018,0.395250755792543,0.791043968823437));
#2530=CARTESIAN_POINT('Ctrl Pts',(-83.1184020992191,0.788685486273169,1.93189295608972));
#2531=CARTESIAN_POINT('Ctrl Pts',(-98.2035942663641,2.84959280596548,9.5694292879047));
#2532=CARTESIAN_POINT('Ctrl Pts',(-110.163451410056,6.30165602172834,25.7301171667798));
#2533=CARTESIAN_POINT('Ctrl Pts',(-112.501949923576,8.92278873846087,38.8570586189674));
#2534=CARTESIAN_POINT('Ctrl Pts',(-112.159104855155,10.26599993131,45.3363678631317));
#2535=CARTESIAN_POINT('Ctrl Pts',(-69.8157988816392,0.716900553397746,0.202775888622765));
#2536=CARTESIAN_POINT('Ctrl Pts',(-73.1813900129983,0.698124552534167,0.199024580661832));
#2537=CARTESIAN_POINT('Ctrl Pts',(-83.2710584181008,1.09883144458503,1.37599327328526));
#2538=CARTESIAN_POINT('Ctrl Pts',(-98.5194027745694,3.167292496952,9.12551521760424));
#2539=CARTESIAN_POINT('Ctrl Pts',(-110.602015950195,6.62436966376367,25.4760968848087));
#2540=CARTESIAN_POINT('Ctrl Pts',(-112.962840336385,9.2474396511168,38.7445104946705));
#2541=CARTESIAN_POINT('Ctrl Pts',(-112.616254670061,10.5914004129245,45.2917732126596));
#2542=CARTESIAN_POINT('Ctrl Pts',(-69.819163807858,1.17336163710352,-1.45333395308094E-14));
#2543=CARTESIAN_POINT('Ctrl Pts',(-73.18689803796,1.15128736974961,-7.99610823826953E-5));
#2544=CARTESIAN_POINT('Ctrl Pts',(-83.2895726944071,1.53891462241108,1.18421483676193));
#2545=CARTESIAN_POINT('Ctrl Pts',(-98.5824349103926,3.58542606720041,8.94886499004545));
#2546=CARTESIAN_POINT('Ctrl Pts',(-110.719027128535,7.02198640653962,25.3413122354144));
#2547=CARTESIAN_POINT('Ctrl Pts',(-113.103581960996,9.63367355464634,38.6504679884387));
#2548=CARTESIAN_POINT('Ctrl Pts',(-112.763883282248,10.9723297582638,45.2199658738891));
#2549=CARTESIAN_POINT('Ctrl Pts',(-69.8212002188447,1.44960613858544,-1.45716771982052E-14));
#2550=CARTESIAN_POINT('Ctrl Pts',(-73.1802853255074,1.42541960491284,-1.44095144176651E-14));
#2551=CARTESIAN_POINT('Ctrl Pts',(-83.2638600957208,1.80494539541661,1.17889993300376));
#2552=CARTESIAN_POINT('Ctrl Pts',(-98.5496064803483,3.83787489252701,8.92338306828962));
#2553=CARTESIAN_POINT('Ctrl Pts',(-110.699414203855,7.26179316838184,25.2973713931853));
#2554=CARTESIAN_POINT('Ctrl Pts',(-113.098600106014,9.86655073083526,38.6028328590497));
#2555=CARTESIAN_POINT('Ctrl Pts',(-112.766294020401,11.2019239757833,45.1723071549776));
#2556=CARTESIAN_POINT('',(-111.686755486834,10.2252945141146,45.3209460154287));
#2557=CARTESIAN_POINT('',(-112.766294020401,11.2019239757835,45.1723071549776));
#2558=CARTESIAN_POINT('Origin',(-111.767570908737,11.2019239757833,45.1217883839316));
#2559=CARTESIAN_POINT('Ctrl Pts',(-112.766294020401,11.2019239757833,45.1723071549776));
#2560=CARTESIAN_POINT('Ctrl Pts',(-113.098600106014,9.86655073083526,38.6028328590497));
#2561=CARTESIAN_POINT('Ctrl Pts',(-110.699414203855,7.26179316838184,25.2973713931853));
#2562=CARTESIAN_POINT('Ctrl Pts',(-98.5496064803483,3.83787489252701,8.92338306828962));
#2563=CARTESIAN_POINT('Ctrl Pts',(-83.2638600957208,1.80494539541661,1.17889993300376));
#2564=CARTESIAN_POINT('Ctrl Pts',(-73.1802853255074,1.42541960491284,-1.44095144176651E-14));
#2565=CARTESIAN_POINT('Ctrl Pts',(-69.8212002188447,1.44960613858544,-1.45716771982052E-14));
#2566=CARTESIAN_POINT('Ctrl Pts',(-69.8143089269741,0.514784287883337,1.35505016201411));
#2567=CARTESIAN_POINT('Ctrl Pts',(-73.0959565984904,0.485058919988226,1.34048001936652));
#2568=CARTESIAN_POINT('Ctrl Pts',(-82.9407982283738,0.851061359455767,2.4532001036388));
#2569=CARTESIAN_POINT('Ctrl Pts',(-97.8518801569066,2.87175102484941,9.9737425599046));
#2570=CARTESIAN_POINT('Ctrl Pts',(-109.693796853244,6.28830570132502,25.9322457462207));
#2571=CARTESIAN_POINT('Ctrl Pts',(-112.020009963531,8.89070773627991,38.9116276495871));
#2572=CARTESIAN_POINT('Ctrl Pts',(-111.686755486834,10.2252945141146,45.3209460154287));
#2573=CARTESIAN_POINT('Ctrl Pts',(-111.686755486833,10.2252945141157,45.3209460154337));
#2574=CARTESIAN_POINT('Ctrl Pts',(-111.322578600886,11.6837165032035,52.3249797695915));
#2575=CARTESIAN_POINT('Ctrl Pts',(-109.165442191422,13.1838327227053,59.2239670319192));
#2576=CARTESIAN_POINT('Ctrl Pts',(-105.478799601756,14.6839487106955,65.1891138480724));
#2577=CARTESIAN_POINT('Ctrl Pts',(-111.99801668032,10.2036664232571,45.3411916565936));
#2578=CARTESIAN_POINT('Ctrl Pts',(-111.630537949623,11.6695635151149,52.3960589086244));
#2579=CARTESIAN_POINT('Ctrl Pts',(-109.45783823996,13.1766366130502,59.344270922181));
#2580=CARTESIAN_POINT('Ctrl Pts',(-105.744509962073,14.6838410214773,65.3527391655875));
#2581=CARTESIAN_POINT('Ctrl Pts',(-112.557831890612,10.4358261883563,45.3211944149779));
#2582=CARTESIAN_POINT('Ctrl Pts',(-112.187419260104,11.9138470219536,52.4655710845545));
#2583=CARTESIAN_POINT('Ctrl Pts',(-109.989761908315,13.4329676451598,59.5020408319876));
#2584=CARTESIAN_POINT('Ctrl Pts',(-106.233631757372,14.9523735266771,65.5864319259718));
#2585=CARTESIAN_POINT('Ctrl Pts',(-112.763883282248,10.9723297582645,45.2199658738943));
#2586=CARTESIAN_POINT('Ctrl Pts',(-112.398022517257,12.453404173044,52.3955344388103));
#2587=CARTESIAN_POINT('Ctrl Pts',(-110.197992530131,13.9758583075258,59.4616983287771));
#2588=CARTESIAN_POINT('Ctrl Pts',(-106.433507038932,15.4990591438481,65.5721580495929));
#2589=CARTESIAN_POINT('Ctrl Pts',(-112.7662940204,11.2019239757839,45.1723071549829));
#2590=CARTESIAN_POINT('Ctrl Pts',(-112.403373209828,12.6824502560476,52.3470145700082));
#2591=CARTESIAN_POINT('Ctrl Pts',(-110.206505343987,14.2045592669231,59.4127647144286));
#2592=CARTESIAN_POINT('Ctrl Pts',(-106.445752451154,15.7274034563595,65.5223333176884));
#2593=CARTESIAN_POINT('',(-105.478799601756,14.6839487106955,65.1891138480724));
#2594=CARTESIAN_POINT('',(-106.445752451154,15.7274034563595,65.5223333176884));
#2595=CARTESIAN_POINT('Origin',(-105.588776389711,15.6618239092546,65.0111666588442));
#2596=CARTESIAN_POINT('Ctrl Pts',(-106.445752451154,15.7274034563595,65.5223333176884));
#2597=CARTESIAN_POINT('Ctrl Pts',(-110.206505343987,14.2045592669231,59.4127647144286));
#2598=CARTESIAN_POINT('Ctrl Pts',(-112.403373209828,12.6824502560476,52.3470145700082));
#2599=CARTESIAN_POINT('Ctrl Pts',(-112.7662940204,11.2019239757839,45.1723071549829));
#2600=CARTESIAN_POINT('Ctrl Pts',(-111.686755486833,10.2252945141157,45.3209460154337));
#2601=CARTESIAN_POINT('Ctrl Pts',(-111.322578600886,11.6837165032035,52.3249797695915));
#2602=CARTESIAN_POINT('Ctrl Pts',(-109.165442191422,13.1838327227053,59.2239670319192));
#2603=CARTESIAN_POINT('Ctrl Pts',(-105.478799601756,14.6839487106955,65.1891138480724));
#2604=CARTESIAN_POINT('Ctrl Pts',(-105.478799601756,14.6839487106955,65.1891138480724));
#2605=CARTESIAN_POINT('Ctrl Pts',(-97.5120055299172,17.9256828548436,78.0797304827817));
#2606=CARTESIAN_POINT('Ctrl Pts',(-81.9754260262788,22.7887752087636,95.1906209042306));
#2607=CARTESIAN_POINT('Ctrl Pts',(-49.7166146400899,30.8933351303142,115.368437338966));
#2608=CARTESIAN_POINT('Ctrl Pts',(-12.7384600248911,38.9981300388075,126.174989157322));
#2609=CARTESIAN_POINT('Ctrl Pts',(17.9802522604649,45.4819461065167,123.619359581663));
#2610=CARTESIAN_POINT('Ctrl Pts',(32.6009276799324,48.7236802506648,119.635183972493));
#2611=CARTESIAN_POINT('Ctrl Pts',(-105.744509962073,14.6838410214773,65.3527391655875));
#2612=CARTESIAN_POINT('Ctrl Pts',(-97.7575349205516,17.9255751656254,78.2759443759956));
#2613=CARTESIAN_POINT('Ctrl Pts',(-82.1822055723639,22.7886675195454,95.429775886652));
#2614=CARTESIAN_POINT('Ctrl Pts',(-49.8421662347192,30.893227441096,115.658645610343));
#2615=CARTESIAN_POINT('Ctrl Pts',(-12.7709495827249,38.9980223495893,126.492359864896));
#2616=CARTESIAN_POINT('Ctrl Pts',(18.0248356471585,45.4818384172985,123.930674216568));
#2617=CARTESIAN_POINT('Ctrl Pts',(32.6824847885049,48.7235725614466,119.936387687863));
#2618=CARTESIAN_POINT('Ctrl Pts',(-106.233627539532,14.9523776748154,65.5864282869533));
#2619=CARTESIAN_POINT('Ctrl Pts',(-98.2183226197498,18.1941118189636,78.5692624956796));
#2620=CARTESIAN_POINT('Ctrl Pts',(-82.5831716454192,23.0572041728835,95.8050048112753));
#2621=CARTESIAN_POINT('Ctrl Pts',(-50.1125819542624,31.1617640944341,116.136574131693));
#2622=CARTESIAN_POINT('Ctrl Pts',(-12.8857949244574,39.2665590029274,127.034887605587));
#2623=CARTESIAN_POINT('Ctrl Pts',(18.0450107697759,45.7503750706367,124.476239758271));
#2624=CARTESIAN_POINT('Ctrl Pts',(32.7678748759251,48.9921092147848,120.471696143797));
#2625=CARTESIAN_POINT('Ctrl Pts',(-106.433507038932,15.4990591438481,65.5721580495929));
#2626=CARTESIAN_POINT('Ctrl Pts',(-98.4198525529325,18.7407932879962,78.5795584694973));
#2627=CARTESIAN_POINT('Ctrl Pts',(-82.7806532553539,23.6038856419161,95.8522002840437));
#2628=CARTESIAN_POINT('Ctrl Pts',(-50.2868110415659,31.7084455634668,116.240853512107));
#2629=CARTESIAN_POINT('Ctrl Pts',(-13.0216818064123,39.8132404719601,127.188174591424));
#2630=CARTESIAN_POINT('Ctrl Pts',(17.9515542113812,46.2970565396693,124.655317685118));
#2631=CARTESIAN_POINT('Ctrl Pts',(32.6975079921287,49.5387906838174,120.659323315656));
#2632=CARTESIAN_POINT('Ctrl Pts',(-106.445752451154,15.7274034563595,65.5223333176884));
#2633=CARTESIAN_POINT('Ctrl Pts',(-98.4382354619688,18.9691376005076,78.531121741729));
#2634=CARTESIAN_POINT('Ctrl Pts',(-82.8076786999493,23.8322299544276,95.8078713474754));
#2635=CARTESIAN_POINT('Ctrl Pts',(-50.3259003479375,31.9367898759782,116.206554459524));
#2636=CARTESIAN_POINT('Ctrl Pts',(-13.0698082590531,40.0415847844715,127.167128533354));
#2637=CARTESIAN_POINT('Ctrl Pts',(17.9007117772704,46.5254008521807,124.64665178314));
#2638=CARTESIAN_POINT('Ctrl Pts',(32.6462560901372,49.7671349963288,120.656936566382));
#2639=CARTESIAN_POINT('',(32.6009276799324,48.7236802506648,119.635183972493));
#2640=CARTESIAN_POINT('',(32.6462560901372,49.7671349963288,120.656936566382));
#2641=CARTESIAN_POINT('Origin',(32.3990980724559,49.7015554492239,119.690183114204));
#2642=CARTESIAN_POINT('Ctrl Pts',(32.6462560901372,49.7671349963288,120.656936566382));
#2643=CARTESIAN_POINT('Ctrl Pts',(17.9007117772704,46.5254008521807,124.64665178314));
#2644=CARTESIAN_POINT('Ctrl Pts',(-13.0698082590531,40.0415847844715,127.167128533354));
#2645=CARTESIAN_POINT('Ctrl Pts',(-50.3259003479375,31.9367898759782,116.206554459524));
#2646=CARTESIAN_POINT('Ctrl Pts',(-82.8076786999493,23.8322299544276,95.8078713474754));
#2647=CARTESIAN_POINT('Ctrl Pts',(-98.4382354619688,18.9691376005076,78.531121741729));
#2648=CARTESIAN_POINT('Ctrl Pts',(-106.445752451154,15.7274034563595,65.5223333176884));
#2649=CARTESIAN_POINT('Ctrl Pts',(-105.478799601756,14.6839487106955,65.1891138480724));
#2650=CARTESIAN_POINT('Ctrl Pts',(-97.5120055299172,17.9256828548436,78.0797304827817));
#2651=CARTESIAN_POINT('Ctrl Pts',(-81.9754260262788,22.7887752087636,95.1906209042306));
#2652=CARTESIAN_POINT('Ctrl Pts',(-49.7166146400899,30.8933351303142,115.368437338966));
#2653=CARTESIAN_POINT('Ctrl Pts',(-12.7384600248911,38.9981300388075,126.174989157322));
#2654=CARTESIAN_POINT('Ctrl Pts',(17.9802522604649,45.4819461065167,123.619359581663));
#2655=CARTESIAN_POINT('Ctrl Pts',(32.6009276799324,48.7236802506648,119.635183972493));
#2656=CARTESIAN_POINT('Ctrl Pts',(32.7637445861194,50.0087048877274,116.856140632788));
#2657=CARTESIAN_POINT('Ctrl Pts',(32.8195079167989,50.0191889127192,116.876503821238));
#2658=CARTESIAN_POINT('Ctrl Pts',(32.9292862483487,50.0394846173814,116.922361031895));
#2659=CARTESIAN_POINT('Ctrl Pts',(33.1400898464558,50.0770551695777,117.033900315593));
#2660=CARTESIAN_POINT('Ctrl Pts',(33.4812207791833,50.1340249168554,117.278546930612));
#2661=CARTESIAN_POINT('Ctrl Pts',(33.9041053148364,50.1915881801436,117.800754684871));
#2662=CARTESIAN_POINT('Ctrl Pts',(34.1086380891382,50.1923329675681,118.514050673737));
#2663=CARTESIAN_POINT('Ctrl Pts',(34.0535795884579,50.1387165435792,119.240336975143));
#2664=CARTESIAN_POINT('Ctrl Pts',(33.800477886433,50.050703477324,119.858834034758));
#2665=CARTESIAN_POINT('Ctrl Pts',(33.3882877625401,49.9405069840562,120.298800758164));
#2666=CARTESIAN_POINT('Ctrl Pts',(33.0326912906188,49.8550141902643,120.512738974493));
#2667=CARTESIAN_POINT('Ctrl Pts',(32.8155336314624,49.8049682831343,120.60546075033));
#2668=CARTESIAN_POINT('Ctrl Pts',(32.7031581541447,49.7797456723861,120.641533669466));
#2669=CARTESIAN_POINT('Ctrl Pts',(32.6462560901371,49.7671349963289,120.656936566382));
#2670=CARTESIAN_POINT('Ctrl Pts',(32.8340229576047,49.7071082448617,116.818965249898));
#2671=CARTESIAN_POINT('Ctrl Pts',(32.8904597960574,49.7177223434157,116.839575238353));
#2672=CARTESIAN_POINT('Ctrl Pts',(33.0015615502039,49.7382741726118,116.885877825991));
#2673=CARTESIAN_POINT('Ctrl Pts',(33.2149094196211,49.7763146743119,116.998530715391));
#2674=CARTESIAN_POINT('Ctrl Pts',(33.5601534792491,49.8339619787419,117.246050464966));
#2675=CARTESIAN_POINT('Ctrl Pts',(33.9882315820568,49.8922647936921,117.772715535478));
#2676=CARTESIAN_POINT('Ctrl Pts',(34.1953828597657,49.8929624658044,118.493824874553));
#2677=CARTESIAN_POINT('Ctrl Pts',(34.1397102387565,49.8386367920137,119.228497233033));
#2678=CARTESIAN_POINT('Ctrl Pts',(33.883435039817,49.749589580821,119.853089434372));
#2679=CARTESIAN_POINT('Ctrl Pts',(33.4659627091545,49.63805631813,120.298257945434));
#2680=CARTESIAN_POINT('Ctrl Pts',(33.105872266743,49.5515742285798,120.514370685026));
#2681=CARTESIAN_POINT('Ctrl Pts',(32.8859818132202,49.5009430671205,120.608149628764));
#2682=CARTESIAN_POINT('Ctrl Pts',(32.7722061070928,49.4754344567472,120.644524374936));
#2683=CARTESIAN_POINT('Ctrl Pts',(32.7145919594591,49.4626759129803,120.660118898747));
#2684=CARTESIAN_POINT('Ctrl Pts',(32.8714237235952,49.1350610353958,117.011065125052));
#2685=CARTESIAN_POINT('Ctrl Pts',(32.9210534828842,49.1444015975244,117.029183680847));
#2686=CARTESIAN_POINT('Ctrl Pts',(33.0187544181856,49.1624775411522,117.070014469598));
#2687=CARTESIAN_POINT('Ctrl Pts',(33.2063602613621,49.1959191270013,117.169329102018));
#2688=CARTESIAN_POINT('Ctrl Pts',(33.5099480655111,49.2465796686388,117.387090632831));
#2689=CARTESIAN_POINT('Ctrl Pts',(33.8863452502083,49.2975677076086,117.852430309486));
#2690=CARTESIAN_POINT('Ctrl Pts',(34.0684889997512,49.2978422603915,118.488168021495));
#2691=CARTESIAN_POINT('Ctrl Pts',(34.0193131649621,49.2497588005785,119.135851782476));
#2692=CARTESIAN_POINT('Ctrl Pts',(33.7935493496021,49.1711621698555,119.687876785968));
#2693=CARTESIAN_POINT('Ctrl Pts',(33.4259913740642,49.0730235910648,120.080374231673));
#2694=CARTESIAN_POINT('Ctrl Pts',(33.1090298290888,48.9969706456667,120.271284827787));
#2695=CARTESIAN_POINT('Ctrl Pts',(32.9155136115099,48.9524711591808,120.354001203375));
#2696=CARTESIAN_POINT('Ctrl Pts',(32.8153865132277,48.9300472128749,120.386209105775));
#2697=CARTESIAN_POINT('Ctrl Pts',(32.7646918320945,48.9188379231671,120.399948452909));
#2698=CARTESIAN_POINT('Ctrl Pts',(32.7371941397641,48.873533048666,117.513292693403));
#2699=CARTESIAN_POINT('Ctrl Pts',(32.7715561855913,48.8799985833532,117.525825314924));
#2700=CARTESIAN_POINT('Ctrl Pts',(32.8391993247603,48.8925112789257,117.554073665191));
#2701=CARTESIAN_POINT('Ctrl Pts',(32.9690780753754,48.9156617719875,117.622812559313));
#2702=CARTESIAN_POINT('Ctrl Pts',(33.1792197320334,48.9507345700157,117.773598808186));
#2703=CARTESIAN_POINT('Ctrl Pts',(33.4396258346701,48.9860410974407,118.095907946608));
#2704=CARTESIAN_POINT('Ctrl Pts',(33.5653678218668,48.9862282962241,118.536296447274));
#2705=CARTESIAN_POINT('Ctrl Pts',(33.5309979239873,48.9529191929334,118.984945964784));
#2706=CARTESIAN_POINT('Ctrl Pts',(33.3745028224396,48.8984699675692,119.36734467675));
#2707=CARTESIAN_POINT('Ctrl Pts',(33.1199707938102,48.8304640479419,119.639373018254));
#2708=CARTESIAN_POINT('Ctrl Pts',(32.9005094235769,48.7777541164087,119.77177496972));
#2709=CARTESIAN_POINT('Ctrl Pts',(32.7665220338164,48.746911211126,119.829177521493));
#2710=CARTESIAN_POINT('Ctrl Pts',(32.6971958470624,48.7313689070428,119.85154111845));
#2711=CARTESIAN_POINT('Ctrl Pts',(32.6620955113618,48.7235994837512,119.86108675902));
#2712=CARTESIAN_POINT('Ctrl Pts',(32.6622830337558,48.8451059584324,117.733067858347));
#2713=CARTESIAN_POINT('Ctrl Pts',(32.6901259826756,48.8503417702585,117.743216734075));
#2714=CARTESIAN_POINT('Ctrl Pts',(32.7449348389172,48.8604764167636,117.766083532361));
#2715=CARTESIAN_POINT('Ctrl Pts',(32.8501658507769,48.8792322840844,117.821745097673));
#2716=CARTESIAN_POINT('Ctrl Pts',(33.020409875204,48.9076585502327,117.943922410356));
#2717=CARTESIAN_POINT('Ctrl Pts',(33.2313009890814,48.9363301857371,118.204943561113));
#2718=CARTESIAN_POINT('Ctrl Pts',(33.3329819269035,48.9365715144349,118.561754491788));
#2719=CARTESIAN_POINT('Ctrl Pts',(33.3049734013997,48.9096433696482,118.925253879309));
#2720=CARTESIAN_POINT('Ctrl Pts',(33.1781039037691,48.8655449470612,119.234953560178));
#2721=CARTESIAN_POINT('Ctrl Pts',(32.9718800200539,48.8103922576103,119.455424303522));
#2722=CARTESIAN_POINT('Ctrl Pts',(32.794083428832,48.7676263922508,119.562742783368));
#2723=CARTESIAN_POINT('Ctrl Pts',(32.6855314082743,48.7425978288134,119.609300985277));
#2724=CARTESIAN_POINT('Ctrl Pts',(32.6293656383298,48.7299855886935,119.627434547998));
#2725=CARTESIAN_POINT('Ctrl Pts',(32.6009276799324,48.7236802506648,119.635183972493));
#2726=CARTESIAN_POINT('Ctrl Pts',(32.6009276799324,48.7236802506648,119.635183972493));
#2727=CARTESIAN_POINT('Ctrl Pts',(32.6293656383298,48.7299855886935,119.627434547998));
#2728=CARTESIAN_POINT('Ctrl Pts',(32.6855314082743,48.7425978288134,119.609300985277));
#2729=CARTESIAN_POINT('Ctrl Pts',(32.794083428832,48.7676263922508,119.562742783368));
#2730=CARTESIAN_POINT('Ctrl Pts',(32.9718800200539,48.8103922576103,119.455424303522));
#2731=CARTESIAN_POINT('Ctrl Pts',(33.1781039037691,48.8655449470612,119.234953560178));
#2732=CARTESIAN_POINT('Ctrl Pts',(33.3049734013997,48.9096433696482,118.925253879309));
#2733=CARTESIAN_POINT('Ctrl Pts',(33.3329819269035,48.9365715144349,118.561754491788));
#2734=CARTESIAN_POINT('Ctrl Pts',(33.2313009890814,48.9363301857371,118.204943561113));
#2735=CARTESIAN_POINT('Ctrl Pts',(33.020409875204,48.9076585502327,117.943922410356));
#2736=CARTESIAN_POINT('Ctrl Pts',(32.8501658507769,48.8792322840844,117.821745097673));
#2737=CARTESIAN_POINT('Ctrl Pts',(32.7449348389172,48.8604764167636,117.766083532361));
#2738=CARTESIAN_POINT('Ctrl Pts',(32.6901259826756,48.8503417702585,117.743216734075));
#2739=CARTESIAN_POINT('Ctrl Pts',(32.6622830337558,48.8451059584324,117.733067858347));
#2740=CARTESIAN_POINT('Ctrl Pts',(32.7637445861194,50.0087048877274,116.856140632788));
#2741=CARTESIAN_POINT('Ctrl Pts',(32.8195079167989,50.0191889127192,116.876503821238));
#2742=CARTESIAN_POINT('Ctrl Pts',(32.9292862483487,50.0394846173814,116.922361031895));
#2743=CARTESIAN_POINT('Ctrl Pts',(33.1400898464558,50.0770551695777,117.033900315593));
#2744=CARTESIAN_POINT('Ctrl Pts',(33.4812207791833,50.1340249168554,117.278546930612));
#2745=CARTESIAN_POINT('Ctrl Pts',(33.9041053148364,50.1915881801436,117.800754684871));
#2746=CARTESIAN_POINT('Ctrl Pts',(34.1086380891382,50.1923329675681,118.514050673737));
#2747=CARTESIAN_POINT('Ctrl Pts',(34.0535795884579,50.1387165435792,119.240336975143));
#2748=CARTESIAN_POINT('Ctrl Pts',(33.800477886433,50.050703477324,119.858834034758));
#2749=CARTESIAN_POINT('Ctrl Pts',(33.3882877625401,49.9405069840562,120.298800758164));
#2750=CARTESIAN_POINT('Ctrl Pts',(33.0326912906188,49.8550141902643,120.512738974493));
#2751=CARTESIAN_POINT('Ctrl Pts',(32.8155336314624,49.8049682831343,120.60546075033));
#2752=CARTESIAN_POINT('Ctrl Pts',(32.7031581541447,49.7797456723861,120.641533669466));
#2753=CARTESIAN_POINT('Ctrl Pts',(32.6462560901371,49.7671349963289,120.656936566382));
#2754=CARTESIAN_POINT('Ctrl Pts',(32.7637445861194,50.0087048877273,116.856140632788));
#2755=CARTESIAN_POINT('Ctrl Pts',(26.7527384202665,48.870361828595,114.664352142508));
#2756=CARTESIAN_POINT('Ctrl Pts',(14.9121322787543,46.4440118013036,109.809965641089));
#2757=CARTESIAN_POINT('Ctrl Pts',(1.07356078322956,43.0818488942134,102.140711378211));
#2758=CARTESIAN_POINT('Ctrl Pts',(-8.74509341822366,40.2554741525877,94.4090719177541));
#2759=CARTESIAN_POINT('Ctrl Pts',(-15.0321101970103,38.1309655351355,87.5962894331296));
#2760=CARTESIAN_POINT('Ctrl Pts',(-19.5909834365659,36.1268038817208,79.6348382400701));
#2761=CARTESIAN_POINT('Ctrl Pts',(-21.5470976922867,34.5103239554599,70.6925326305011));
#2762=CARTESIAN_POINT('Ctrl Pts',(-20.5376769438511,33.6116925210172,61.4726786509622));
#2763=CARTESIAN_POINT('Ctrl Pts',(-17.1253971646249,33.6039061254657,52.680923314528));
#2764=CARTESIAN_POINT('Ctrl Pts',(-12.1595926256453,34.5936182505501,44.6042754413573));
#2765=CARTESIAN_POINT('Ctrl Pts',(-7.29225921054583,36.4632913905343,38.5277216210225));
#2766=CARTESIAN_POINT('Ctrl Pts',(-3.26985855390526,38.7869742968611,34.1144614982791));
#2767=CARTESIAN_POINT('Ctrl Pts',(0.732119891025789,41.7125308131049,30.0321526867003));
#2768=CARTESIAN_POINT('Ctrl Pts',(3.59709024440212,44.5929238412397,27.3699236580266));
#2769=CARTESIAN_POINT('Ctrl Pts',(5.38930548599998,46.7468662651878,25.7662420665134));
#2770=CARTESIAN_POINT('Ctrl Pts',(32.5729375829431,50.8514972388439,116.944698944104));
#2771=CARTESIAN_POINT('Ctrl Pts',(26.5537329373596,49.7122431622435,114.746072070245));
#2772=CARTESIAN_POINT('Ctrl Pts',(14.6967856785573,47.2844713883672,109.874695941753));
#2773=CARTESIAN_POINT('Ctrl Pts',(0.837939177017613,43.9238604322074,102.171485278367));
#2774=CARTESIAN_POINT('Ctrl Pts',(-8.99073924457538,41.1083703850819,94.3962441276027));
#2775=CARTESIAN_POINT('Ctrl Pts',(-15.2764740710473,39.0014560722236,87.5409127032322));
#2776=CARTESIAN_POINT('Ctrl Pts',(-19.814958418647,37.0300355229367,79.5319408395456));
#2777=CARTESIAN_POINT('Ctrl Pts',(-21.7318685675196,35.4610152860287,70.5701442251843));
#2778=CARTESIAN_POINT('Ctrl Pts',(-20.7083598333013,34.6066311787758,61.3770441815692));
#2779=CARTESIAN_POINT('Ctrl Pts',(-17.3266407137847,34.6312819366172,52.6312761543109));
#2780=CARTESIAN_POINT('Ctrl Pts',(-12.4296949183582,35.641561125562,44.6156373219905));
#2781=CARTESIAN_POINT('Ctrl Pts',(-7.66007409581702,37.5033031039851,38.6141952354237));
#2782=CARTESIAN_POINT('Ctrl Pts',(-3.73654272061961,39.7821808137887,34.2757911234033));
#2783=CARTESIAN_POINT('Ctrl Pts',(0.164825796514542,42.6299898913422,30.2696411797571));
#2784=CARTESIAN_POINT('Ctrl Pts',(2.97128038939344,45.4179514650044,27.6532752589231));
#2785=CARTESIAN_POINT('Ctrl Pts',(4.7470236696668,47.5107440166958,26.0651785775673));
#2786=CARTESIAN_POINT('Ctrl Pts',(32.134854175499,51.6397838988425,117.738466555851));
#2787=CARTESIAN_POINT('Ctrl Pts',(26.0899618915036,50.49957474743,115.52758116004));
#2788=CARTESIAN_POINT('Ctrl Pts',(14.1734453656674,48.0699302259652,110.6235901035));
#2789=CARTESIAN_POINT('Ctrl Pts',(0.207679364586828,44.7081056278807,102.852782829962));
#2790=CARTESIAN_POINT('Ctrl Pts',(-9.74980593246905,41.8952131889603,94.9752816550512));
#2791=CARTESIAN_POINT('Ctrl Pts',(-16.1604818584368,39.7935773652189,87.9963618070173));
#2792=CARTESIAN_POINT('Ctrl Pts',(-20.846670624445,37.8322468823156,79.7834948545511));
#2793=CARTESIAN_POINT('Ctrl Pts',(-22.8762112097678,36.275885548838,70.5229388622332));
#2794=CARTESIAN_POINT('Ctrl Pts',(-21.8796675506549,35.4282868644406,61.0360001369409));
#2795=CARTESIAN_POINT('Ctrl Pts',(-18.495890654828,35.4499148407143,52.0804660324433));
#2796=CARTESIAN_POINT('Ctrl Pts',(-13.6177782405339,36.4454472300704,43.9265023416126));
#2797=CARTESIAN_POINT('Ctrl Pts',(-8.88964216898381,38.2784205586997,37.8641034004896));
#2798=CARTESIAN_POINT('Ctrl Pts',(-5.00148616648202,40.5187981512178,33.5218907982937));
#2799=CARTESIAN_POINT('Ctrl Pts',(-1.12434803120481,43.3175949363581,29.5495174880924));
#2800=CARTESIAN_POINT('Ctrl Pts',(1.68985766831962,46.0594023358609,27.0031190697053));
#2801=CARTESIAN_POINT('Ctrl Pts',(3.49085622059991,48.1227736285356,25.4745152693745));
#2802=CARTESIAN_POINT('Ctrl Pts',(31.7901322534366,51.6042664227587,118.700744851721));
#2803=CARTESIAN_POINT('Ctrl Pts',(25.7211010618663,50.4637545290984,116.481896694859));
#2804=CARTESIAN_POINT('Ctrl Pts',(13.7459725254639,48.0324709485714,111.555063674287));
#2805=CARTESIAN_POINT('Ctrl Pts',(-0.334872579819596,44.6620567693536,103.732088584984));
#2806=CARTESIAN_POINT('Ctrl Pts',(-10.4396758763751,41.8250143902366,95.7629925839856));
#2807=CARTESIAN_POINT('Ctrl Pts',(-16.9973137926248,39.6885999469616,88.6627255465276));
#2808=CARTESIAN_POINT('Ctrl Pts',(-21.8610405892086,37.6658072085961,80.2316765294844));
#2809=CARTESIAN_POINT('Ctrl Pts',(-24.0195590583762,36.0208335291285,70.6195116973971));
#2810=CARTESIAN_POINT('Ctrl Pts',(-23.0120823475016,35.0837584718122,60.7619386693401));
#2811=CARTESIAN_POINT('Ctrl Pts',(-19.5333626219086,35.0248175794993,51.5305696788192));
#2812=CARTESIAN_POINT('Ctrl Pts',(-14.5352072376961,35.9440544889473,43.1752120745356));
#2813=CARTESIAN_POINT('Ctrl Pts',(-9.68736191242031,37.7347846647876,36.975144575816));
#2814=CARTESIAN_POINT('Ctrl Pts',(-5.69845777223824,39.988525798499,32.5377766693427));
#2815=CARTESIAN_POINT('Ctrl Pts',(-1.7312085840274,42.8456334257439,28.4923612046678));
#2816=CARTESIAN_POINT('Ctrl Pts',(1.11883099478728,45.6823431864425,25.9323843509382));
#2817=CARTESIAN_POINT('Ctrl Pts',(2.92039264014743,47.8148541158549,24.4255405128252));
#2818=CARTESIAN_POINT('Ctrl Pts',(31.744600415922,51.5910292326605,118.832245531079));
#2819=CARTESIAN_POINT('Ctrl Pts',(25.6723284274271,50.4504851488085,116.612361687413));
#2820=CARTESIAN_POINT('Ctrl Pts',(13.6893198827404,48.0189960285405,111.682524497859));
#2821=CARTESIAN_POINT('Ctrl Pts',(-0.407080056297511,44.6474069275066,103.852545176854));
#2822=CARTESIAN_POINT('Ctrl Pts',(-10.5316927707972,41.8070172304614,95.870903154835));
#2823=CARTESIAN_POINT('Ctrl Pts',(-17.1089152619353,39.6657969275784,88.7539543979712));
#2824=CARTESIAN_POINT('Ctrl Pts',(-21.9958563736385,37.634590239254,80.2930052442832));
#2825=CARTESIAN_POINT('Ctrl Pts',(-24.1702204725812,35.9777328373308,70.6333231345218));
#2826=CARTESIAN_POINT('Ctrl Pts',(-23.1594996366165,35.0289822059285,60.7265906935046));
#2827=CARTESIAN_POINT('Ctrl Pts',(-19.6664274083186,34.9598381056564,51.4593655995434));
#2828=CARTESIAN_POINT('Ctrl Pts',(-14.6505944393141,35.8697633187526,43.078397290679));
#2829=CARTESIAN_POINT('Ctrl Pts',(-9.78560261881328,37.6557799021789,36.8609881361616));
#2830=CARTESIAN_POINT('Ctrl Pts',(-5.78276993039776,39.9117879666129,32.4110825631671));
#2831=CARTESIAN_POINT('Ctrl Pts',(-1.80341764451689,42.7768031625199,28.355214210853));
#2832=CARTESIAN_POINT('Ctrl Pts',(1.05096893556528,45.6258963233843,25.7915784407677));
#2833=CARTESIAN_POINT('Ctrl Pts',(2.85204424517823,47.7675459150819,24.2859803749494));
#2834=CARTESIAN_POINT('',(2.11316206305962,46.9114797796781,24.9105308272475));
#2835=CARTESIAN_POINT('Ctrl Pts',(2.11316206305962,46.9114797796781,24.9105308272475));
#2836=CARTESIAN_POINT('Ctrl Pts',(2.43775270935666,47.2571181109648,24.8829957801408));
#2837=CARTESIAN_POINT('Ctrl Pts',(2.79098274146958,47.587313422927,24.8464889579787));
#2838=CARTESIAN_POINT('Ctrl Pts',(3.15895184251267,47.8951545750662,24.7996174014174));
#2839=CARTESIAN_POINT('',(31.744600415922,51.5910292326605,118.832245531079));
#2840=CARTESIAN_POINT('Ctrl Pts',(2.11399148087242,46.9100092665503,24.909591656059));
#2841=CARTESIAN_POINT('Ctrl Pts',(0.533925199785336,45.1165936834883,26.2589078617572));
#2842=CARTESIAN_POINT('Ctrl Pts',(-2.07316942279318,42.5825899116281,28.630152849579));
#2843=CARTESIAN_POINT('Ctrl Pts',(-5.78276993039776,39.9117879666129,32.4110825631671));
#2844=CARTESIAN_POINT('Ctrl Pts',(-9.78560261881328,37.6557799021789,36.8609881361616));
#2845=CARTESIAN_POINT('Ctrl Pts',(-14.6505944393141,35.8697633187526,43.078397290679));
#2846=CARTESIAN_POINT('Ctrl Pts',(-19.6664274083186,34.9598381056564,51.4593655995434));
#2847=CARTESIAN_POINT('Ctrl Pts',(-23.1594996366165,35.0289822059285,60.7265906935046));
#2848=CARTESIAN_POINT('Ctrl Pts',(-24.1702204725812,35.9777328373308,70.6333231345218));
#2849=CARTESIAN_POINT('Ctrl Pts',(-21.9958563736385,37.634590239254,80.2930052442832));
#2850=CARTESIAN_POINT('Ctrl Pts',(-17.1089152619353,39.6657969275784,88.7539543979712));
#2851=CARTESIAN_POINT('Ctrl Pts',(-10.5316927707972,41.8070172304614,95.870903154835));
#2852=CARTESIAN_POINT('Ctrl Pts',(-0.407080056297511,44.6474069275066,103.852545176854));
#2853=CARTESIAN_POINT('Ctrl Pts',(13.6893198827404,48.0189960285405,111.682524497859));
#2854=CARTESIAN_POINT('Ctrl Pts',(25.6723284274271,50.4504851488085,116.612361687413));
#2855=CARTESIAN_POINT('Ctrl Pts',(31.744600415922,51.5910292326605,118.832245531079));
#2856=CARTESIAN_POINT('Origin',(32.1519400547746,49.6359759021189,118.723429662027));
#2857=CARTESIAN_POINT('Ctrl Pts',(-123.997571467043,0.,-1.51853228999159E-14));
#2858=CARTESIAN_POINT('Ctrl Pts',(-123.997571467043,2.08333333333333,9.73874648959589));
#2859=CARTESIAN_POINT('Ctrl Pts',(-121.692197900849,6.25,29.2155541151723));
#2860=CARTESIAN_POINT('Ctrl Pts',(-111.511130003911,12.5,56.8178513430201));
#2861=CARTESIAN_POINT('Ctrl Pts',(-95.1648835742203,18.75,81.2784941969485));
#2862=CARTESIAN_POINT('Ctrl Pts',(-73.5617571639461,25.,101.249072598546));
#2863=CARTESIAN_POINT('Ctrl Pts',(-47.8928752485184,31.25,115.623618629794));
#2864=CARTESIAN_POINT('Ctrl Pts',(-19.5781535285059,37.5,123.611068478519));
#2865=CARTESIAN_POINT('Ctrl Pts',(9.81931411579332,43.75,124.764260517551));
#2866=CARTESIAN_POINT('Ctrl Pts',(29.0552585350615,47.9166666666667,120.938136517699));
#2867=CARTESIAN_POINT('Ctrl Pts',(38.3173568445382,50.,117.928698348505));
#2868=CARTESIAN_POINT('Ctrl Pts',(-90.9983809780284,0.,-1.11440875992334E-14));
#2869=CARTESIAN_POINT('Ctrl Pts',(-90.9983809780284,2.08333333333333,7.14699612922846));
#2870=CARTESIAN_POINT('Ctrl Pts',(-89.3065312136246,6.25,21.4404854256624));
#2871=CARTESIAN_POINT('Ctrl Pts',(-81.8349276629458,12.5,41.6970463348095));
#2872=CARTESIAN_POINT('Ctrl Pts',(-69.8388704614132,18.75,59.648034173155));
#2873=CARTESIAN_POINT('Ctrl Pts',(-53.9849347420258,25.,74.3038881567405));
#2874=CARTESIAN_POINT('Ctrl Pts',(-35.1472537440479,31.25,84.8529690835826));
#2875=CARTESIAN_POINT('Ctrl Pts',(-14.3678642456868,37.5,90.7147371470829));
#2876=CARTESIAN_POINT('Ctrl Pts',(7.20612247707921,43.75,91.5610328226123));
#2877=CARTESIAN_POINT('Ctrl Pts',(21.3228489421777,47.9166666666667,88.7531464641264));
#2878=CARTESIAN_POINT('Ctrl Pts',(28.1200461828167,50.,86.5446032014628));
#2879=CARTESIAN_POINT('Ctrl Pts',(-57.9991904890142,0.,-7.10285229855088E-15));
#2880=CARTESIAN_POINT('Ctrl Pts',(-57.9991904890142,2.08333333333333,4.55524576886105));
#2881=CARTESIAN_POINT('Ctrl Pts',(-56.9208645264002,6.25,13.6654167361524));
#2882=CARTESIAN_POINT('Ctrl Pts',(-52.1587253219802,12.5,26.5762413265989));
#2883=CARTESIAN_POINT('Ctrl Pts',(-44.5128573486061,18.75,38.0175741493616));
#2884=CARTESIAN_POINT('Ctrl Pts',(-34.4081123201055,25.,47.3587037149347));
#2885=CARTESIAN_POINT('Ctrl Pts',(-22.4016322395774,31.25,54.0823195373709));
#2886=CARTESIAN_POINT('Ctrl Pts',(-9.15757496286765,37.5,57.8184058156471));
#2887=CARTESIAN_POINT('Ctrl Pts',(4.59293083836514,43.75,58.3578051276735));
#2888=CARTESIAN_POINT('Ctrl Pts',(13.590439349294,47.9166666666667,56.5681564105535));
#2889=CARTESIAN_POINT('Ctrl Pts',(17.9227355210952,50.,55.1605080544208));
#2890=CARTESIAN_POINT('Ctrl Pts',(-25.,0.,-3.06161699786838E-15));
#2891=CARTESIAN_POINT('Ctrl Pts',(-25.,2.08333333333333,1.96349540849362));
#2892=CARTESIAN_POINT('Ctrl Pts',(-24.5351978391758,6.25,5.89034804664249));
#2893=CARTESIAN_POINT('Ctrl Pts',(-22.4825229810146,12.5,11.4554363183883));
#2894=CARTESIAN_POINT('Ctrl Pts',(-19.1868442357991,18.75,16.3871141255681));
#2895=CARTESIAN_POINT('Ctrl Pts',(-14.8312898981853,25.,20.4135192731289));
#2896=CARTESIAN_POINT('Ctrl Pts',(-9.65601073510699,31.25,23.3116699911591));
#2897=CARTESIAN_POINT('Ctrl Pts',(-3.9472856800485,37.5,24.9220744842114));
#2898=CARTESIAN_POINT('Ctrl Pts',(1.97973919965102,43.75,25.1545774327347));
#2899=CARTESIAN_POINT('Ctrl Pts',(5.85802975641021,47.9166666666667,24.3831663569805));
#2900=CARTESIAN_POINT('Ctrl Pts',(7.72542485937368,50.,23.7764129073788));
#2901=CARTESIAN_POINT('Ctrl Pts',(4.14333020739764,46.0833082960496,24.6540917317646));
#2902=CARTESIAN_POINT('Ctrl Pts',(3.42044590692957,45.305538864033,24.775632718147));
#2903=CARTESIAN_POINT('Ctrl Pts',(2.69223296205251,44.5277694320165,24.865443272764));
#2904=CARTESIAN_POINT('Ctrl Pts',(1.9614743588909,43.75,24.9229741723756));
#2905=CARTESIAN_POINT('Ctrl Pts',(0.00406423975117476,41.6666666666667,
25.0770764498936));
#2906=CARTESIAN_POINT('Ctrl Pts',(-1.97161072014866,39.5833333333333,24.9995754670525));
#2907=CARTESIAN_POINT('Ctrl Pts',(-3.91090237594166,37.5,24.6924242267899));
#2908=CARTESIAN_POINT('Ctrl Pts',(-5.85019403173466,35.4166666666667,24.3852729865273));
#2909=CARTESIAN_POINT('Ctrl Pts',(-7.75310238342083,33.3333333333333,23.8484714888432));
#2910=CARTESIAN_POINT('Ctrl Pts',(-9.56710308644362,31.25,23.0970456203295));
#2911=CARTESIAN_POINT('Ctrl Pts',(-11.3811037894664,29.1666666666667,22.3456197518157));
#2912=CARTESIAN_POINT('Ctrl Pts',(-13.1061968438258,27.0833333333333,21.3795695124723));
#2913=CARTESIAN_POINT('Ctrl Pts',(-14.6946690939412,25.,20.2254768682071));
#2914=CARTESIAN_POINT('Ctrl Pts',(-16.2831413440565,22.9166666666667,19.071384223942));
#2915=CARTESIAN_POINT('Ctrl Pts',(-17.7349927899278,20.8333333333333,17.729249174755));
#2916=CARTESIAN_POINT('Ctrl Pts',(-19.0101983037327,18.75,16.2362353489649));
#2917=CARTESIAN_POINT('Ctrl Pts',(-20.2854038175376,16.6666666666667,14.7432215231748));
#2918=CARTESIAN_POINT('Ctrl Pts',(-21.3839633992761,14.5833333333333,13.0993289207815));
#2919=CARTESIAN_POINT('Ctrl Pts',(-22.2753556665055,12.5,11.3498679076273));
#2920=CARTESIAN_POINT('Ctrl Pts',(-23.166747933735,10.4166666666667,9.60040689447301));
#2921=CARTESIAN_POINT('Ctrl Pts',(-23.8509728864554,8.33333333333333,7.74537747055774));
#2922=CARTESIAN_POINT('Ctrl Pts',(-24.3092859030216,6.25,5.8361495990629));
#2923=CARTESIAN_POINT('Ctrl Pts',(-24.6332002008829,4.77759701451732,4.48679624644414));
#2924=CARTESIAN_POINT('Ctrl Pts',(-24.8442713928587,3.30519402903463,3.11037074676148));
#2925=CARTESIAN_POINT('Ctrl Pts',(-24.9402086576669,1.83279104355195,1.7259820426941));
#2926=CARTESIAN_POINT('Ctrl Pts',(-117.733067858347,48.8451059584324,32.6622830337559));
#2927=CARTESIAN_POINT('Ctrl Pts',(-115.542697621591,47.7150924775452,26.6531083972223));
#2928=CARTESIAN_POINT('Ctrl Pts',(-110.718877980937,45.3151834988263,14.8261481857826));
#2929=CARTESIAN_POINT('Ctrl Pts',(-103.541084206205,42.1972413762816,1.79999387529085));
#2930=CARTESIAN_POINT('Ctrl Pts',(-95.9003796246047,39.4104890433376,-8.32910250817402));
#2931=CARTESIAN_POINT('Ctrl Pts',(-89.8731171885561,37.5238236528693,-14.3252864369381));
#2932=CARTESIAN_POINT('Ctrl Pts',(-80.8794181342932,35.3068076826924,-19.9718177294796));
#2933=CARTESIAN_POINT('Ctrl Pts',(-71.4063546226053,33.6340367229887,-22.5204045138352));
#2934=CARTESIAN_POINT('Ctrl Pts',(-60.5531442848918,32.7848432548546,-21.0980500915323));
#2935=CARTESIAN_POINT('Ctrl Pts',(-48.4433768095186,33.0602409924408,-16.1466780664589));
#2936=CARTESIAN_POINT('Ctrl Pts',(-37.9294946981495,35.3835761129038,-8.28257823921206));
#2937=CARTESIAN_POINT('Ctrl Pts',(-30.1891910456556,40.3830421655272,-1.21166946850195));
#2938=CARTESIAN_POINT('Ctrl Pts',(-26.7600751132645,43.696088749294,2.10693644506816));
#2939=CARTESIAN_POINT('Ctrl Pts',(-25.1462430779401,45.5020963353018,3.67554776649556));
#2940=CARTESIAN_POINT('Ctrl Pts',(-24.2300532150977,46.583000889303,4.54866400323108));
#2941=CARTESIAN_POINT('Ctrl Pts',(-23.7758671882413,47.1283585975823,4.96781080685596));
#2942=CARTESIAN_POINT('Ctrl Pts',(-23.5399298920168,47.3987199324486,5.16750758687559));
#2943=CARTESIAN_POINT('Ctrl Pts',(-117.586551081718,48.8640573519215,32.7122237710947));
#2944=CARTESIAN_POINT('Ctrl Pts',(-115.397065253213,47.7341603677246,26.7067545758165));
#2945=CARTESIAN_POINT('Ctrl Pts',(-110.57575472063,45.3345862174574,14.8886406632857));
#2946=CARTESIAN_POINT('Ctrl Pts',(-103.40485030448,42.2180699271429,1.87900250354886));
#2947=CARTESIAN_POINT('Ctrl Pts',(-95.7776935928577,39.4349562302841,-8.22920590050227));
#2948=CARTESIAN_POINT('Ctrl Pts',(-89.7661675303454,37.5526607083153,-14.2073061532261));
#2949=CARTESIAN_POINT('Ctrl Pts',(-80.8079652984549,35.345395030502,-19.8279802959626));
#2950=CARTESIAN_POINT('Ctrl Pts',(-71.3878688671017,33.6853474598417,-22.359264836933));
#2951=CARTESIAN_POINT('Ctrl Pts',(-60.5934686199867,32.850491508406,-20.9428918635305));
#2952=CARTESIAN_POINT('Ctrl Pts',(-48.5350449122818,33.1408838026608,-16.0091859476907));
#2953=CARTESIAN_POINT('Ctrl Pts',(-38.0579337659233,35.4847029317871,-8.16512382670951));
#2954=CARTESIAN_POINT('Ctrl Pts',(-30.3687198004577,40.4858371723371,-1.10735229837041));
#2955=CARTESIAN_POINT('Ctrl Pts',(-26.9676986539321,43.7899057409633,2.2160889533692));
#2956=CARTESIAN_POINT('Ctrl Pts',(-25.3680451592046,45.5904326610053,3.7922058202993));
#2957=CARTESIAN_POINT('Ctrl Pts',(-24.4589651230232,46.6705793327524,4.67375204554177));
#2958=CARTESIAN_POINT('Ctrl Pts',(-24.0086474978023,47.2165514558187,5.09863173106117));
#2959=CARTESIAN_POINT('Ctrl Pts',(-23.7710479813537,47.4929148878228,5.30586294067643));
#2960=CARTESIAN_POINT('Ctrl Pts',(-117.297796837747,48.974623133937,32.796881244138));
#2961=CARTESIAN_POINT('Ctrl Pts',(-115.109571620942,47.8452179022705,26.798130166618));
#2962=CARTESIAN_POINT('Ctrl Pts',(-110.292061896833,45.446865219607,14.9962613696078));
#2963=CARTESIAN_POINT('Ctrl Pts',(-103.132878901443,42.3339773994495,2.0179149978349));
#2964=CARTESIAN_POINT('Ctrl Pts',(-95.5306530122984,39.5590425435194,-8.05011282511342));
#2965=CARTESIAN_POINT('Ctrl Pts',(-89.5489196097943,37.6861971975782,-13.9932639120009));
#2966=CARTESIAN_POINT('Ctrl Pts',(-80.659294937914,35.4998316554445,-19.5642700133683));
#2967=CARTESIAN_POINT('Ctrl Pts',(-71.3427306674,33.8670864949268,-22.0636513887829));
#2968=CARTESIAN_POINT('Ctrl Pts',(-60.6628914441892,33.0648238296912,-20.6647734176527));
#2969=CARTESIAN_POINT('Ctrl Pts',(-48.703971769937,33.3920580375788,-15.777277398215));
#2970=CARTESIAN_POINT('Ctrl Pts',(-38.2964952045147,35.7896901839356,-7.9943251994056));
#2971=CARTESIAN_POINT('Ctrl Pts',(-30.7190428930915,40.8156888654415,-1.00693190197268));
#2972=CARTESIAN_POINT('Ctrl Pts',(-27.3908400534473,44.1183057087893,2.29471219362035));
#2973=CARTESIAN_POINT('Ctrl Pts',(-25.8323896043446,45.9197446016763,3.86636227922401));
#2974=CARTESIAN_POINT('Ctrl Pts',(-24.9472894905898,47.0085676166349,4.75006221242805));
#2975=CARTESIAN_POINT('Ctrl Pts',(-24.5103921994233,47.5624132308814,5.1773309547657));
#2976=CARTESIAN_POINT('Ctrl Pts',(-24.2730810661595,47.8563201969992,5.39269832995112));
#2977=CARTESIAN_POINT('Ctrl Pts',(-117.025249086443,49.2645787480478,32.8418936077463));
#2978=CARTESIAN_POINT('Ctrl Pts',(-114.837365558343,48.1361455626535,26.8478862237452));
#2979=CARTESIAN_POINT('Ctrl Pts',(-110.021301926185,45.7400615531872,15.0580588396454));
#2980=CARTESIAN_POINT('Ctrl Pts',(-102.869571035181,42.6322418194066,2.1054374823872));
#2981=CARTESIAN_POINT('Ctrl Pts',(-95.2872768126333,39.8668912686925,-7.92835115055127));
#2982=CARTESIAN_POINT('Ctrl Pts',(-89.3311179979011,38.0045666294421,-13.8414408337001));
#2983=CARTESIAN_POINT('Ctrl Pts',(-80.5027723171754,35.8406850995931,-19.3714731654759));
#2984=CARTESIAN_POINT('Ctrl Pts',(-71.2801856524204,34.2372388032235,-21.8500546371401));
#2985=CARTESIAN_POINT('Ctrl Pts',(-60.7001424480885,33.4710617970805,-20.4873529842798));
#2986=CARTESIAN_POINT('Ctrl Pts',(-48.8193895162338,33.8412620363047,-15.6792557638861));
#2987=CARTESIAN_POINT('Ctrl Pts',(-38.4518244181191,36.298034021158,-8.01864599114934));
#2988=CARTESIAN_POINT('Ctrl Pts',(-30.9407646980565,41.3512127183586,-1.21248796056408));
#2989=CARTESIAN_POINT('Ctrl Pts',(-27.6566532391353,44.6589377457818,1.98958856950731));
#2990=CARTESIAN_POINT('Ctrl Pts',(-26.1200500456506,46.4670344673144,3.50698102114876));
#2991=CARTESIAN_POINT('Ctrl Pts',(-25.2441538987019,47.5652118034492,4.35365404864312));
#2992=CARTESIAN_POINT('Ctrl Pts',(-24.8099322909966,48.1266328172574,4.75848573362369));
#2993=CARTESIAN_POINT('Ctrl Pts',(-24.5686967783017,48.4303564094554,4.95929375001679));
#2994=CARTESIAN_POINT('Ctrl Pts',(-116.862013400051,49.6216169647302,32.8343761489094));
#2995=CARTESIAN_POINT('Ctrl Pts',(-114.673693222672,48.4940550112177,26.8415888748205));
#2996=CARTESIAN_POINT('Ctrl Pts',(-109.856814741622,46.0999487096049,15.0556379965869));
#2997=CARTESIAN_POINT('Ctrl Pts',(-102.706597578708,42.99608406678,2.11443065961957));
#2998=CARTESIAN_POINT('Ctrl Pts',(-95.1332094967991,40.2374556457538,-7.90300660160658));
#2999=CARTESIAN_POINT('Ctrl Pts',(-89.1901895040787,38.3822467487897,-13.8014685141038));
#3000=CARTESIAN_POINT('Ctrl Pts',(-80.3952659641461,36.2329375445648,-19.3140126912675));
#3001=CARTESIAN_POINT('Ctrl Pts',(-71.2245538587084,34.6480812179798,-21.7907395409551));
#3002=CARTESIAN_POINT('Ctrl Pts',(-60.6938231285179,33.9033859478113,-20.4709837114235));
#3003=CARTESIAN_POINT('Ctrl Pts',(-48.8393429836036,34.2964631640797,-15.7451586451963));
#3004=CARTESIAN_POINT('Ctrl Pts',(-38.4633385538874,36.7738035679035,-8.21955541582952));
#3005=CARTESIAN_POINT('Ctrl Pts',(-30.9285611197705,41.798603980014,-1.59817355969091));
#3006=CARTESIAN_POINT('Ctrl Pts',(-27.6216869364324,45.0815003827249,1.50514304700985));
#3007=CARTESIAN_POINT('Ctrl Pts',(-26.06440681819,46.8761650119096,2.96836082216065));
#3008=CARTESIAN_POINT('Ctrl Pts',(-25.1693097854279,47.9619233996172,3.77641174731145));
#3009=CARTESIAN_POINT('Ctrl Pts',(-24.7202562509119,48.5152021309688,4.15814103416234));
#3010=CARTESIAN_POINT('Ctrl Pts',(-24.469734784231,48.8068647066716,4.33908770456895));
#3011=CARTESIAN_POINT('Ctrl Pts',(-116.837552941343,49.8579065662945,32.7988837718622));
#3012=CARTESIAN_POINT('Ctrl Pts',(-114.648567989007,48.7306746312683,26.8046910069567));
#3013=CARTESIAN_POINT('Ctrl Pts',(-109.829986638638,46.3372895996192,15.015971983756));
#3014=CARTESIAN_POINT('Ctrl Pts',(-102.677135555748,43.2346330502333,2.07244397388557));
#3015=CARTESIAN_POINT('Ctrl Pts',(-95.1022221332967,40.4776651101066,-7.94666494985859));
#3016=CARTESIAN_POINT('Ctrl Pts',(-89.1590090046273,38.6240187342588,-13.8463966313137));
#3017=CARTESIAN_POINT('Ctrl Pts',(-80.3659154436881,36.4774231942693,-19.3634523574787));
#3018=CARTESIAN_POINT('Ctrl Pts',(-71.198473856796,34.8955071891199,-21.8505406754382));
#3019=CARTESIAN_POINT('Ctrl Pts',(-60.664546065686,34.1521189871049,-20.5583401184843));
#3020=CARTESIAN_POINT('Ctrl Pts',(-48.7930140871793,34.5420648067474,-15.8779877805023));
#3021=CARTESIAN_POINT('Ctrl Pts',(-38.3833810282203,37.0005214730846,-8.43077033445248));
#3022=CARTESIAN_POINT('Ctrl Pts',(-30.7825570434777,41.9633731724624,-1.89423491668045));
#3023=CARTESIAN_POINT('Ctrl Pts',(-27.4260217056045,45.2065479313115,1.17382123345983));
#3024=CARTESIAN_POINT('Ctrl Pts',(-25.8354272212697,46.9768708511506,2.62060424594727));
#3025=CARTESIAN_POINT('Ctrl Pts',(-24.9165844329016,48.0400172144876,3.41742087461429));
#3026=CARTESIAN_POINT('Ctrl Pts',(-24.4517914928264,48.5777423591559,3.79324194580254));
#3027=CARTESIAN_POINT('Ctrl Pts',(-24.1950500351388,48.8497657314811,3.96625978144424));
#3028=CARTESIAN_POINT('Ctrl Pts',(-116.856140632788,50.0087048877274,32.7637445861196));
#3029=CARTESIAN_POINT('Ctrl Pts',(-114.666586844178,48.8815048968663,26.7677287488993));
#3030=CARTESIAN_POINT('Ctrl Pts',(-109.846450251493,46.4881661147336,14.975120964767));
#3031=CARTESIAN_POINT('Ctrl Pts',(-102.690530148699,43.3854819752746,2.02616844560458));
#3032=CARTESIAN_POINT('Ctrl Pts',(-95.1115919784111,40.6281275988955,-7.99915765628683));
#3033=CARTESIAN_POINT('Ctrl Pts',(-89.1647462321484,38.7739912195876,-13.9040813693003));
#3034=CARTESIAN_POINT('Ctrl Pts',(-80.3645006199809,36.6257925705872,-19.4305528646065));
#3035=CARTESIAN_POINT('Ctrl Pts',(-71.1865495423131,35.0413559782249,-21.9288422840688));
#3036=CARTESIAN_POINT('Ctrl Pts',(-60.6358217340687,34.2920675006827,-20.6532852092763));
#3037=CARTESIAN_POINT('Ctrl Pts',(-48.7402496843482,34.6705181216466,-15.9965208924401));
#3038=CARTESIAN_POINT('Ctrl Pts',(-38.2988455992576,37.0988951830207,-8.59042419504293));
#3039=CARTESIAN_POINT('Ctrl Pts',(-30.6441356756151,42.0017938426637,-2.0783180980632));
#3040=CARTESIAN_POINT('Ctrl Pts',(-27.2508830070096,45.2103245452738,0.991567662122789));
#3041=CARTESIAN_POINT('Ctrl Pts',(-25.6378894718845,46.9593357873059,2.44381665084928));
#3042=CARTESIAN_POINT('Ctrl Pts',(-24.7047142090233,48.0031071753431,3.24582718932499));
#3043=CARTESIAN_POINT('Ctrl Pts',(-24.231367575812,48.5277889050272,3.62574881320387));
#3044=CARTESIAN_POINT('Ctrl Pts',(-23.9729250076807,48.7843495131163,3.79949151313865));
#3045=CARTESIAN_POINT('',(-24.654257316603,46.0833082960496,4.14337979996161));
#3046=CARTESIAN_POINT('',(-24.7996174014174,47.8951545750662,3.15895184251269));
#3047=CARTESIAN_POINT('Ctrl Pts',(-24.7996174014174,47.8951545750662,3.15895184251273));
#3048=CARTESIAN_POINT('Ctrl Pts',(-24.7639613946217,48.1293346838138,3.43887232585046));
#3049=CARTESIAN_POINT('Ctrl Pts',(-24.7215087304567,48.3146331152261,3.73136001655999));
#3050=CARTESIAN_POINT('Ctrl Pts',(-24.6503165990672,48.4951269897605,4.17017802469634));
#3051=CARTESIAN_POINT('Ctrl Pts',(-24.6232243713647,48.5350351771033,4.32632939899914));
#3052=CARTESIAN_POINT('Ctrl Pts',(-24.581053423503,48.5493516120423,4.5585703026466));
#3053=CARTESIAN_POINT('Ctrl Pts',(-24.5634413621558,48.5420639232632,4.65244604518244));
#3054=CARTESIAN_POINT('Ctrl Pts',(-24.5344990090491,48.4925409869418,4.80233501431655));
#3055=CARTESIAN_POINT('Ctrl Pts',(-24.5231238512269,48.4612758134296,4.8599368616531));
#3056=CARTESIAN_POINT('Ctrl Pts',(-24.5037870921845,48.3771170910085,4.95647869417028));
#3057=CARTESIAN_POINT('Ctrl Pts',(-24.4962038184607,48.3281241461447,4.99367910202193));
#3058=CARTESIAN_POINT('Ctrl Pts',(-24.483550541703,48.2067989269975,5.05538507053679));
#3059=CARTESIAN_POINT('Ctrl Pts',(-24.4794889421682,48.134669120128,5.07491043298407));
#3060=CARTESIAN_POINT('Ctrl Pts',(-24.4744216726552,47.9464147463465,5.09930526993169));
#3061=CARTESIAN_POINT('Ctrl Pts',(-24.4763152222366,47.8259808085401,5.09023038931645));
#3062=CARTESIAN_POINT('Ctrl Pts',(-24.4881868419521,47.5121396943607,5.03290124005364));
#3063=CARTESIAN_POINT('Ctrl Pts',(-24.5046819227979,47.292124081556,4.95322351686687));
#3064=CARTESIAN_POINT('Ctrl Pts',(-24.5607008576927,46.7316330957736,4.66920511579482));
#3065=CARTESIAN_POINT('Ctrl Pts',(-24.6064801614502,46.3891765636852,4.42766710497796));
#3066=CARTESIAN_POINT('Ctrl Pts',(-24.6542573166029,46.0833082960496,4.14337979996161));
#3067=CARTESIAN_POINT('',(-116.856140632788,50.0087048877274,32.7637445861195));
#3068=CARTESIAN_POINT('Ctrl Pts',(-24.8002925870553,47.8954456138211,3.15937027356943));
#3069=CARTESIAN_POINT('Ctrl Pts',(-25.0024316411973,47.6701555807381,2.98989622996141));
#3070=CARTESIAN_POINT('Ctrl Pts',(-25.6697145370603,46.9248270335144,2.415163145605));
#3071=CARTESIAN_POINT('Ctrl Pts',(-27.2508830070096,45.2103245452738,0.991567662122789));
#3072=CARTESIAN_POINT('Ctrl Pts',(-30.6441356756151,42.0017938426637,-2.0783180980632));
#3073=CARTESIAN_POINT('Ctrl Pts',(-38.2988455992576,37.0988951830207,-8.59042419504293));
#3074=CARTESIAN_POINT('Ctrl Pts',(-48.7402496843482,34.6705181216466,-15.9965208924401));
#3075=CARTESIAN_POINT('Ctrl Pts',(-60.6358217340687,34.2920675006827,-20.6532852092763));
#3076=CARTESIAN_POINT('Ctrl Pts',(-71.1865495423131,35.0413559782249,-21.9288422840688));
#3077=CARTESIAN_POINT('Ctrl Pts',(-80.3645006199809,36.6257925705872,-19.4305528646065));
#3078=CARTESIAN_POINT('Ctrl Pts',(-89.1647462321484,38.7739912195876,-13.9040813693003));
#3079=CARTESIAN_POINT('Ctrl Pts',(-95.1115919784111,40.6281275988955,-7.99915765628683));
#3080=CARTESIAN_POINT('Ctrl Pts',(-102.690530148699,43.3854819752746,2.02616844560458));
#3081=CARTESIAN_POINT('Ctrl Pts',(-109.846450251493,46.4881661147336,14.975120964767));
#3082=CARTESIAN_POINT('Ctrl Pts',(-114.666586844178,48.8815048968663,26.7677287488993));
#3083=CARTESIAN_POINT('Ctrl Pts',(-116.856140632788,50.0087048877274,32.7637445861196));
#3084=CARTESIAN_POINT('',(-117.733067858347,48.8451059584324,32.6622830337559));
#3085=CARTESIAN_POINT('Origin',(-117.789785147407,49.8223403949232,32.4578423204471));
#3086=CARTESIAN_POINT('Ctrl Pts',(-117.733067858347,48.8451059584324,32.6622830337559));
#3087=CARTESIAN_POINT('Ctrl Pts',(-115.542697621591,47.7150924775452,26.6531083972223));
#3088=CARTESIAN_POINT('Ctrl Pts',(-110.718877980937,45.3151834988263,14.8261481857826));
#3089=CARTESIAN_POINT('Ctrl Pts',(-103.541084206205,42.1972413762816,1.79999387529085));
#3090=CARTESIAN_POINT('Ctrl Pts',(-95.9003796246047,39.4104890433376,-8.32910250817402));
#3091=CARTESIAN_POINT('Ctrl Pts',(-89.8731171885561,37.5238236528693,-14.3252864369381));
#3092=CARTESIAN_POINT('Ctrl Pts',(-80.8794181342932,35.3068076826924,-19.9718177294796));
#3093=CARTESIAN_POINT('Ctrl Pts',(-71.4063546226053,33.6340367229887,-22.5204045138352));
#3094=CARTESIAN_POINT('Ctrl Pts',(-60.5531442848918,32.7848432548546,-21.0980500915323));
#3095=CARTESIAN_POINT('Ctrl Pts',(-48.4433768095186,33.0602409924408,-16.1466780664589));
#3096=CARTESIAN_POINT('Ctrl Pts',(-37.9294946981495,35.3835761129038,-8.28257823921206));
#3097=CARTESIAN_POINT('Ctrl Pts',(-30.1891910456556,40.3830421655272,-1.21166946850195));
#3098=CARTESIAN_POINT('Ctrl Pts',(-26.7600751132645,43.696088749294,2.10693644506816));
#3099=CARTESIAN_POINT('Ctrl Pts',(-25.2886145322804,45.3427712500751,3.53716566089963));
#3100=CARTESIAN_POINT('Ctrl Pts',(-24.7421816912202,45.9805797589658,4.06005604249174));
#3101=CARTESIAN_POINT('Ctrl Pts',(-24.654561142017,46.0834056512186,4.14357867698882));
#3102=CARTESIAN_POINT('Ctrl Pts',(-1.72599076666003,1.83279104355195,-24.940347950127));
#3103=CARTESIAN_POINT('Ctrl Pts',(-1.6684976246451,1.45879848610849,-29.2150481444341));
#3104=CARTESIAN_POINT('Ctrl Pts',(-1.56629429888932,1.05470545150151,-37.7676372365665));
#3105=CARTESIAN_POINT('Ctrl Pts',(-1.44109417879078,0.693526309273306,-52.7260266584736));
#3106=CARTESIAN_POINT('Ctrl Pts',(-1.38350509873025,0.57283680547202,-63.4053753237709));
#3107=CARTESIAN_POINT('Ctrl Pts',(-1.35505016201412,0.51478428788334,-69.8143089269741));
#3108=CARTESIAN_POINT('Ctrl Pts',(-1.56989690055235,1.66844736863185,-24.9283092297815));
#3109=CARTESIAN_POINT('Ctrl Pts',(-1.50391305917089,1.31288018158705,-29.2088722122246));
#3110=CARTESIAN_POINT('Ctrl Pts',(-1.39465677708873,0.938304491099617,-37.7647038279996));
#3111=CARTESIAN_POINT('Ctrl Pts',(-1.26698331883516,0.608851710591666,-52.7251741775636));
#3112=CARTESIAN_POINT('Ctrl Pts',(-1.21064557642427,0.501170171686781,-63.4047480308201));
#3113=CARTESIAN_POINT('Ctrl Pts',(-1.1828812089314,0.449397184545564,-69.8138269082736));
#3114=CARTESIAN_POINT('Ctrl Pts',(-1.14130637593486,1.4505699103962,-24.9123489819011));
#3115=CARTESIAN_POINT('Ctrl Pts',(-1.07666395316532,1.1337558028312,-29.2017216603808));
#3116=CARTESIAN_POINT('Ctrl Pts',(-0.977468648931214,0.815769442042926,
-37.7616804098782));
#3117=CARTESIAN_POINT('Ctrl Pts',(-0.869240724039708,0.543308666739719,
-52.7246843589861));
#3118=CARTESIAN_POINT('Ctrl Pts',(-0.823780795063128,0.457625513845972,
-63.4043774334181));
#3119=CARTESIAN_POINT('Ctrl Pts',(-0.801646451455394,0.41634954690234,-69.8135832886829));
#3120=CARTESIAN_POINT('Ctrl Pts',(-0.494960891062223,1.58753109781185,-24.9223818440377));
#3121=CARTESIAN_POINT('Ctrl Pts',(-0.462038795858258,1.2964188261801,-29.2098863064024));
#3122=CARTESIAN_POINT('Ctrl Pts',(-0.413698417364019,1.01075211169658,-37.7668613539265));
#3123=CARTESIAN_POINT('Ctrl Pts',(-0.362659289609128,0.766405088695767,
-52.7274972895036));
#3124=CARTESIAN_POINT('Ctrl Pts',(-0.341889176104645,0.689775489250054,
-63.4064449671747));
#3125=CARTESIAN_POINT('Ctrl Pts',(-0.33180383932892,0.652675293345925,-69.8153254277804));
#3126=CARTESIAN_POINT('Ctrl Pts',(-0.0891591633420665,2.00994919845701,
-24.9533253737173));
#3127=CARTESIAN_POINT('Ctrl Pts',(-0.0828142581483885,1.71458956904269,
-29.2289260484512));
#3128=CARTESIAN_POINT('Ctrl Pts',(-0.0735274148812917,1.4186621709466,-37.7774953816149));
#3129=CARTESIAN_POINT('Ctrl Pts',(-0.0639805367852352,1.16003017902609,
-52.732106767415));
#3130=CARTESIAN_POINT('Ctrl Pts',(-0.0600998204234741,1.0762234171268,-63.4098712841981));
#3131=CARTESIAN_POINT('Ctrl Pts',(-0.0582443964698987,1.03548364115352,
-69.8181474029549));
#3132=CARTESIAN_POINT('Ctrl Pts',(1.21356391729783E-15,2.34887907255828,
-24.9781531133492));
#3133=CARTESIAN_POINT('Ctrl Pts',(-6.39596512383264E-6,2.04246942203906,
-29.2436717993495));
#3134=CARTESIAN_POINT('Ctrl Pts',(6.02136719453152E-6,1.72816553326024,
-37.785536343694));
#3135=CARTESIAN_POINT('Ctrl Pts',(-1.13824396847332E-5,1.44926016425065,
-52.7354489712578));
#3136=CARTESIAN_POINT('Ctrl Pts',(6.45764381207301E-6,1.35653338566258,
-63.4123533931277));
#3137=CARTESIAN_POINT('Ctrl Pts',(4.57966997657877E-15,1.31148388784448,
-69.8201820133514));
#3138=CARTESIAN_POINT('Ctrl Pts',(1.2490009027033E-15,2.51865775549819,
-24.9905899660941));
#3139=CARTESIAN_POINT('Ctrl Pts',(1.47024288844652E-15,2.20656662383769,
-29.2510264589227));
#3140=CARTESIAN_POINT('Ctrl Pts',(2.62032387457723E-15,1.8831468037954,
-37.789564707229));
#3141=CARTESIAN_POINT('Ctrl Pts',(2.98092536091512E-15,1.59395530689996,
-52.737112741667));
#3142=CARTESIAN_POINT('Ctrl Pts',(4.18314899512739E-15,1.49684152273248,
-63.4135962374621));
#3143=CARTESIAN_POINT('Ctrl Pts',(4.57966997657877E-15,1.44960613858544,
-69.8212002188447));
#3144=CARTESIAN_POINT('',(2.1655590663194E-15,1.99969294645136,-35.3662634455445));
#3145=CARTESIAN_POINT('',(-0.00837480314181329,2.38847461753917,-24.9999985972534));
#3146=CARTESIAN_POINT('Ctrl Pts',(1.80411241501588E-15,1.9996929464526,
-35.3662634454953));
#3147=CARTESIAN_POINT('Ctrl Pts',(1.79094029282078E-15,2.00207793360329,
-35.2775325345414));
#3148=CARTESIAN_POINT('Ctrl Pts',(-5.81291898368171E-7,2.00448027923388,
-35.1887984273368));
#3149=CARTESIAN_POINT('Ctrl Pts',(-3.75901173735324E-5,2.07855081993521,
-32.4728587006633));
#3150=CARTESIAN_POINT('Ctrl Pts',(-0.000196645262459039,2.16969698214132,
-29.6989896631398));
#3151=CARTESIAN_POINT('Ctrl Pts',(-0.00516839771812517,2.31855539833158,
-26.3904454127928));
#3152=CARTESIAN_POINT('Ctrl Pts',(-0.00649197502594244,2.3517923231252,
-25.6997920714359));
#3153=CARTESIAN_POINT('Ctrl Pts',(-0.00837480314181351,2.38847461753917,
-24.9999985972534));
#3154=CARTESIAN_POINT('',(-1.7259820426941,1.83279104355195,-24.9402086576669));
#3155=CARTESIAN_POINT('Ctrl Pts',(-1.72599076666003,1.83279104355195,-24.940347950127));
#3156=CARTESIAN_POINT('Ctrl Pts',(-1.69575994738991,1.80063842930764,-24.9424400666858));
#3157=CARTESIAN_POINT('Ctrl Pts',(-1.66343829959343,1.77065918496568,-24.9446214467957));
#3158=CARTESIAN_POINT('Ctrl Pts',(-1.62932340527564,1.74294231492586,-24.9468501777033));
#3159=CARTESIAN_POINT('Ctrl Pts',(-1.59464785412012,1.71476993555444,-24.949115536402));
#3160=CARTESIAN_POINT('Ctrl Pts',(-1.55811867276571,1.68893427264579,-24.9514297669398));
#3161=CARTESIAN_POINT('Ctrl Pts',(-1.52001157369504,1.66556776014237,-24.9537516372447));
#3162=CARTESIAN_POINT('Ctrl Pts',(-1.48415639411851,1.64358207972272,-24.9559362978136));
#3163=CARTESIAN_POINT('Ctrl Pts',(-1.4469032352931,1.62378228278664,-24.9581277149334));
#3164=CARTESIAN_POINT('Ctrl Pts',(-1.40846449727554,1.60631702090383,-24.9602943186551));
#3165=CARTESIAN_POINT('Ctrl Pts',(-1.36779295346716,1.58783724762232,-24.9625867747222));
#3166=CARTESIAN_POINT('Ctrl Pts',(-1.32605636627751,1.57208994098923,-24.964834333824));
#3167=CARTESIAN_POINT('Ctrl Pts',(-1.2835316702166,1.55919337963762,-24.9670154544753));
#3168=CARTESIAN_POINT('Ctrl Pts',(-1.24155922287556,1.54646430001209,-24.9691682499132));
#3169=CARTESIAN_POINT('Ctrl Pts',(-1.19881793996315,1.53651199289497,-24.9712562896354));
#3170=CARTESIAN_POINT('Ctrl Pts',(-1.15555733867251,1.52949729057849,-24.9732624102201));
#3171=CARTESIAN_POINT('Ctrl Pts',(-1.14711085061291,1.5281276933563,-24.9736540985707));
#3172=CARTESIAN_POINT('Ctrl Pts',(-1.13864454149866,1.52687023802837,-24.9740426758905));
#3173=CARTESIAN_POINT('Ctrl Pts',(-1.13016024544816,1.52572635609204,-24.9744280321397));
#3174=CARTESIAN_POINT('Ctrl Pts',(-1.09763032551417,1.52134056054915,-24.9759055392729));
#3175=CARTESIAN_POINT('Ctrl Pts',(-1.06483580478016,1.51862317391621,-24.9773356032913));
#3176=CARTESIAN_POINT('Ctrl Pts',(-1.03189329375104,1.51755823045174,-24.9787050144801));
#3177=CARTESIAN_POINT('Ctrl Pts',(-0.987835635735916,1.51613396394936,-24.9805364792943));
#3178=CARTESIAN_POINT('Ctrl Pts',(-0.943808905942743,1.51767275796409,-24.9822466926801));
#3179=CARTESIAN_POINT('Ctrl Pts',(-0.900094379961122,1.52206143673985,-24.9838280152551));
#3180=CARTESIAN_POINT('Ctrl Pts',(-0.856041670473194,1.52648406713109,-24.9854215712286));
#3181=CARTESIAN_POINT('Ctrl Pts',(-0.812304871310646,1.53380103924631,-24.9868842493629));
#3182=CARTESIAN_POINT('Ctrl Pts',(-0.76917278416959,1.5439487407925,-24.9882122641465));
#3183=CARTESIAN_POINT('Ctrl Pts',(-0.729584509817485,1.55326268823818,-24.9894311667566));
#3184=CARTESIAN_POINT('Ctrl Pts',(-0.690504994188474,1.56496202578532,-24.9905366797191));
#3185=CARTESIAN_POINT('Ctrl Pts',(-0.652170766555456,1.57903379775793,-24.991528675987));
#3186=CARTESIAN_POINT('Ctrl Pts',(-0.610312793532422,1.59439907020465,-24.992611858187));
#3187=CARTESIAN_POINT('Ctrl Pts',(-0.569627813725494,1.61248793309598,-24.9935541502993));
#3188=CARTESIAN_POINT('Ctrl Pts',(-0.530400107296178,1.63321686614562,-24.994376983506));
#3189=CARTESIAN_POINT('Ctrl Pts',(-0.512374227521985,1.64274220649845,-24.9947550910685));
#3190=CARTESIAN_POINT('Ctrl Pts',(-0.494656208171989,1.65282572378234,-24.9951080275263));
#3191=CARTESIAN_POINT('Ctrl Pts',(-0.477274857864474,1.66346279685121,-24.9954381363166));
#3192=CARTESIAN_POINT('Ctrl Pts',(-0.439515420759103,1.68657089170131,-24.9961552682936));
#3193=CARTESIAN_POINT('Ctrl Pts',(-0.403342559325262,1.7122888190348,-24.9967644732935));
#3194=CARTESIAN_POINT('Ctrl Pts',(-0.368955003365793,1.74038661223764,-24.997276561181));
#3195=CARTESIAN_POINT('Ctrl Pts',(-0.353686941421447,1.75286202187786,-24.9975039280109));
#3196=CARTESIAN_POINT('Ctrl Pts',(-0.338771267155274,1.76580712109711,-24.9977121895844));
#3197=CARTESIAN_POINT('Ctrl Pts',(-0.324227775314013,1.77920402676254,-24.9979024601656));
#3198=CARTESIAN_POINT('Ctrl Pts',(-0.29160985140475,1.80925040450897,-24.9983291961523));
#3199=CARTESIAN_POINT('Ctrl Pts',(-0.261073620362707,1.84137135649178,-24.9986654140085));
#3200=CARTESIAN_POINT('Ctrl Pts',(-0.232789300312987,1.87530951727081,-24.9989304147245));
#3201=CARTESIAN_POINT('Ctrl Pts',(-0.204394367476823,1.9093804015703,-24.999196451791));
#3202=CARTESIAN_POINT('Ctrl Pts',(-0.178268204105069,1.94528360312136,-24.9993907793293));
#3203=CARTESIAN_POINT('Ctrl Pts',(-0.154618746461041,1.9827959374107,-24.9995355873453));
#3204=CARTESIAN_POINT('Ctrl Pts',(-0.145232981709673,1.99768346465187,-24.9995930573301));
#3205=CARTESIAN_POINT('Ctrl Pts',(-0.136237771775733,2.01282477899474,-24.9996427516533));
#3206=CARTESIAN_POINT('Ctrl Pts',(-0.127648094028066,2.02820708309339,-24.9996861380381));
#3207=CARTESIAN_POINT('Ctrl Pts',(-0.116222910611061,2.04866718076712,-24.9997438465366));
#3208=CARTESIAN_POINT('Ctrl Pts',(-0.105515050294519,2.06955362053164,-24.9997903946162));
#3209=CARTESIAN_POINT('Ctrl Pts',(-0.0955392456549719,2.09082674493875,
-24.9998285316258));
#3210=CARTESIAN_POINT('Ctrl Pts',(-0.0766132335001992,2.13118593656757,
-24.9999008848378));
#3211=CARTESIAN_POINT('Ctrl Pts',(-0.0604133812076037,2.17273472982215,
-24.9999421942723));
#3212=CARTESIAN_POINT('Ctrl Pts',(-0.04699648716951,2.21518167832554,-24.9999661817675));
#3213=CARTESIAN_POINT('Ctrl Pts',(-0.0382665715602095,2.24280046082876,
-24.9999817896129));
#3214=CARTESIAN_POINT('Ctrl Pts',(-0.0307157982091487,2.27080008563007,
-24.9999901044886));
#3215=CARTESIAN_POINT('Ctrl Pts',(-0.0243710554780006,2.29910395286083,
-24.9999951409444));
#3216=CARTESIAN_POINT('Ctrl Pts',(-0.0177415949339405,2.32867794490459,
-25.0000004034092));
#3217=CARTESIAN_POINT('Ctrl Pts',(-0.0124448780869073,2.35851221749217,
-25.0000017551565));
#3218=CARTESIAN_POINT('Ctrl Pts',(-0.00850289055474457,2.38851772713966,
-25.0000017801299));
#3219=CARTESIAN_POINT('',(-1.35505016201412,0.51478428788334,-69.8143089269741));
#3220=CARTESIAN_POINT('Ctrl Pts',(-1.72599076666003,1.83279104355195,-24.940347950127));
#3221=CARTESIAN_POINT('Ctrl Pts',(-1.6684976246451,1.45879848610849,-29.2150481444341));
#3222=CARTESIAN_POINT('Ctrl Pts',(-1.56629429888932,1.05470545150151,-37.7676372365665));
#3223=CARTESIAN_POINT('Ctrl Pts',(-1.44109417879078,0.693526309273306,-52.7260266584736));
#3224=CARTESIAN_POINT('Ctrl Pts',(-1.38350509873025,0.57283680547202,-63.4053753237709));
#3225=CARTESIAN_POINT('Ctrl Pts',(-1.35505016201412,0.51478428788334,-69.8143089269741));
#3226=CARTESIAN_POINT('',(4.27531546803173E-15,1.44960613858544,-69.8212002188447));
#3227=CARTESIAN_POINT('Origin',(-0.999999999999996,1.44960613858544,-69.8212002188447));
#3228=CARTESIAN_POINT('Ctrl Pts',(4.57966997657877E-15,1.44960613858544,
-69.8212002188447));
#3229=CARTESIAN_POINT('Ctrl Pts',(4.18314899512739E-15,1.49684152273248,
-63.4135962374621));
#3230=CARTESIAN_POINT('Ctrl Pts',(2.98092536091512E-15,1.59395530689996,
-52.737112741667));
#3231=CARTESIAN_POINT('Ctrl Pts',(2.70385495711005E-15,1.81615739939697,
-41.2520708693862));
#3232=CARTESIAN_POINT('Ctrl Pts',(2.24754320951132E-15,1.9703446851704,
-36.1741526687744));
#3233=CARTESIAN_POINT('Ctrl Pts',(2.17047470470985E-15,1.99704817762344,
-35.3661760363774));
#3234=CARTESIAN_POINT('Ctrl Pts',(-1.35505016201413,0.514784287883342,-69.8143089269741));
#3235=CARTESIAN_POINT('Ctrl Pts',(-1.34048001936645,0.485058919988042,-73.0959565985113));
#3236=CARTESIAN_POINT('Ctrl Pts',(-2.45320010365319,0.85106135946081,-82.9407982284576));
#3237=CARTESIAN_POINT('Ctrl Pts',(-9.97374256001374,2.87175102487656,-97.8518801570669));
#3238=CARTESIAN_POINT('Ctrl Pts',(-25.9322457465058,6.28830570138332,-109.693796853389));
#3239=CARTESIAN_POINT('Ctrl Pts',(-38.9116276499791,8.89070773635918,-112.020009963577));
#3240=CARTESIAN_POINT('Ctrl Pts',(-45.3209460158579,10.225294514204,-111.686755486811));
#3241=CARTESIAN_POINT('Ctrl Pts',(-1.18288120893141,0.449397184545566,-69.8138269082736));
#3242=CARTESIAN_POINT('Ctrl Pts',(-1.16862302732443,0.422756977634411,-73.1109482270947));
#3243=CARTESIAN_POINT('Ctrl Pts',(-2.28885794660873,0.799191692516874,-82.9997684071213));
#3244=CARTESIAN_POINT('Ctrl Pts',(-9.84637525077548,2.83561614977209,-97.9684091389441));
#3245=CARTESIAN_POINT('Ctrl Pts',(-25.8708002904334,6.26636184918168,-109.849067322315));
#3246=CARTESIAN_POINT('Ctrl Pts',(-38.8987193820784,8.87636090397739,-112.179009778259));
#3247=CARTESIAN_POINT('Ctrl Pts',(-45.3310688364393,10.2144804687749,-111.842386083555));
#3248=CARTESIAN_POINT('Ctrl Pts',(-0.802567173913972,0.4167314802256,-69.8135861042076));
#3249=CARTESIAN_POINT('Ctrl Pts',(-0.791043968823383,0.395250755792411,
-73.1414929920392));
#3250=CARTESIAN_POINT('Ctrl Pts',(-1.93189295610444,0.788685486278451,-83.1184020993038));
#3251=CARTESIAN_POINT('Ctrl Pts',(-9.56942928801542,2.84959280599305,-98.2035942665263));
#3252=CARTESIAN_POINT('Ctrl Pts',(-25.7301171670684,6.30165602178716,-110.163451410202));
#3253=CARTESIAN_POINT('Ctrl Pts',(-38.8570586193638,8.9227887385407,-112.501949923622));
#3254=CARTESIAN_POINT('Ctrl Pts',(-45.3363678635656,10.2659999314,-112.159104855132));
#3255=CARTESIAN_POINT('Ctrl Pts',(-0.202775888622783,0.716900553397752,
-69.8157988816392));
#3256=CARTESIAN_POINT('Ctrl Pts',(-0.199024580661827,0.698124552534053,
-73.1813900130198));
#3257=CARTESIAN_POINT('Ctrl Pts',(-1.37599327330033,1.09883144459037,-83.2710584181866));
#3258=CARTESIAN_POINT('Ctrl Pts',(-9.12551521771643,3.16729249697965,-98.5194027747332));
#3259=CARTESIAN_POINT('Ctrl Pts',(-25.4760968851005,6.62436966382254,-110.602015950342));
#3260=CARTESIAN_POINT('Ctrl Pts',(-38.7445104950711,9.2474396511967,-112.962840336431));
#3261=CARTESIAN_POINT('Ctrl Pts',(-45.2917732130981,10.5914004130145,-112.616254670038));
#3262=CARTESIAN_POINT('Ctrl Pts',(-4.12499867494852E-15,1.17336163710353,
-69.819163807858));
#3263=CARTESIAN_POINT('Ctrl Pts',(7.99610823637115E-5,1.15128736974948,
-73.1868980379815));
#3264=CARTESIAN_POINT('Ctrl Pts',(-1.18421483677704,1.5389146224163,-83.2895726944932));
#3265=CARTESIAN_POINT('Ctrl Pts',(-8.94886499015788,3.58542606722781,-98.5824349105569));
#3266=CARTESIAN_POINT('Ctrl Pts',(-25.3413122357071,7.0219864065982,-110.719027128683));
#3267=CARTESIAN_POINT('Ctrl Pts',(-38.6504679888406,9.63367355472588,-113.103581961043));
#3268=CARTESIAN_POINT('Ctrl Pts',(-45.219965874329,10.9723297583535,-112.763883282225));
#3269=CARTESIAN_POINT('Ctrl Pts',(-4.16333634234434E-15,1.44960613858544,
-69.8212002188447));
#3270=CARTESIAN_POINT('Ctrl Pts',(-5.31525053936133E-15,1.42541960491269,
-73.1802853255288));
#3271=CARTESIAN_POINT('Ctrl Pts',(-1.17889993301882,1.80494539542176,-83.2638600958066));
#3272=CARTESIAN_POINT('Ctrl Pts',(-8.92338306840179,3.83787489255428,-98.5496064805126));
#3273=CARTESIAN_POINT('Ctrl Pts',(-25.2973713934778,7.26179316844024,-110.699414204004));
#3274=CARTESIAN_POINT('Ctrl Pts',(-38.6028328594515,9.8665507309146,-113.098600106061));
#3275=CARTESIAN_POINT('Ctrl Pts',(-45.1723071554176,11.2019239758727,-112.766294020378));
#3276=CARTESIAN_POINT('',(-45.3209460158579,10.225294514204,-111.686755486811));
#3277=CARTESIAN_POINT('',(-45.1723071554176,11.2019239758723,-112.766294020378));
#3278=CARTESIAN_POINT('Origin',(-45.1217883843613,11.2019239758727,-111.767570908715));
#3279=CARTESIAN_POINT('Ctrl Pts',(-45.1723071554176,11.2019239758727,-112.766294020378));
#3280=CARTESIAN_POINT('Ctrl Pts',(-38.6028328594515,9.8665507309146,-113.098600106061));
#3281=CARTESIAN_POINT('Ctrl Pts',(-25.2973713934778,7.26179316844024,-110.699414204004));
#3282=CARTESIAN_POINT('Ctrl Pts',(-8.92338306840179,3.83787489255428,-98.5496064805126));
#3283=CARTESIAN_POINT('Ctrl Pts',(-1.17889993301882,1.80494539542176,-83.2638600958066));
#3284=CARTESIAN_POINT('Ctrl Pts',(-5.31525053936133E-15,1.42541960491269,
-73.1802853255288));
#3285=CARTESIAN_POINT('Ctrl Pts',(-4.16333634234434E-15,1.44960613858544,
-69.8212002188447));
#3286=CARTESIAN_POINT('Ctrl Pts',(-1.35505016201413,0.514784287883342,-69.8143089269741));
#3287=CARTESIAN_POINT('Ctrl Pts',(-1.34048001936645,0.485058919988042,-73.0959565985113));
#3288=CARTESIAN_POINT('Ctrl Pts',(-2.45320010365319,0.85106135946081,-82.9407982284576));
#3289=CARTESIAN_POINT('Ctrl Pts',(-9.97374256001374,2.87175102487656,-97.8518801570669));
#3290=CARTESIAN_POINT('Ctrl Pts',(-25.9322457465058,6.28830570138332,-109.693796853389));
#3291=CARTESIAN_POINT('Ctrl Pts',(-38.9116276499791,8.89070773635918,-112.020009963577));
#3292=CARTESIAN_POINT('Ctrl Pts',(-45.3209460158579,10.225294514204,-111.686755486811));
#3293=CARTESIAN_POINT('Ctrl Pts',(-45.3209460158579,10.225294514204,-111.686755486811));
#3294=CARTESIAN_POINT('Ctrl Pts',(-52.3249797698703,11.683716503264,-111.3225786008));
#3295=CARTESIAN_POINT('Ctrl Pts',(-59.2239670320395,13.1838327227355,-109.165442191347));
#3296=CARTESIAN_POINT('Ctrl Pts',(-65.1891138480724,14.6839487106955,-105.478799601756));
#3297=CARTESIAN_POINT('Ctrl Pts',(-45.3411916570208,10.2036664233459,-111.998016680298));
#3298=CARTESIAN_POINT('Ctrl Pts',(-52.3960589089051,11.6695635151758,-111.630537949536));
#3299=CARTESIAN_POINT('Ctrl Pts',(-59.3442709223021,13.1766366130806,-109.457838239885));
#3300=CARTESIAN_POINT('Ctrl Pts',(-65.3527391655875,14.6838410214773,-105.744509962073));
#3301=CARTESIAN_POINT('Ctrl Pts',(-45.3211944154105,10.4358261884458,-112.557831890589));
#3302=CARTESIAN_POINT('Ctrl Pts',(-52.4655710848389,11.913847022015,-112.187419260016));
#3303=CARTESIAN_POINT('Ctrl Pts',(-59.5020408321102,13.4329676451904,-109.989761908239));
#3304=CARTESIAN_POINT('Ctrl Pts',(-65.5864319259718,14.9523735266771,-106.233631757372));
#3305=CARTESIAN_POINT('Ctrl Pts',(-45.2199658743288,10.9723297583542,-112.763883282226));
#3306=CARTESIAN_POINT('Ctrl Pts',(-52.3955344390959,12.4534041731055,-112.39802251717));
#3307=CARTESIAN_POINT('Ctrl Pts',(-59.4616983289002,13.9758583075564,-110.197992530055));
#3308=CARTESIAN_POINT('Ctrl Pts',(-65.5721580495929,15.4990591438481,-106.433507038932));
#3309=CARTESIAN_POINT('Ctrl Pts',(-45.1723071554174,11.2019239758735,-112.766294020378));
#3310=CARTESIAN_POINT('Ctrl Pts',(-52.3470145702938,12.6824502561091,-112.403373209741));
#3311=CARTESIAN_POINT('Ctrl Pts',(-59.4127647145517,14.2045592669538,-110.206505343911));
#3312=CARTESIAN_POINT('Ctrl Pts',(-65.5223333176884,15.7274034563595,-106.445752451154));
#3313=CARTESIAN_POINT('',(-65.1891138480724,14.6839487106955,-105.478799601756));
#3314=CARTESIAN_POINT('',(-65.5223333176884,15.7274034563595,-106.445752451154));
#3315=CARTESIAN_POINT('Origin',(-65.0111666588442,15.6618239092546,-105.588776389711));
#3316=CARTESIAN_POINT('Ctrl Pts',(-65.5223333176884,15.7274034563595,-106.445752451154));
#3317=CARTESIAN_POINT('Ctrl Pts',(-59.4127647145517,14.2045592669538,-110.206505343911));
#3318=CARTESIAN_POINT('Ctrl Pts',(-52.3470145702938,12.6824502561091,-112.403373209741));
#3319=CARTESIAN_POINT('Ctrl Pts',(-45.1723071554174,11.2019239758735,-112.766294020378));
#3320=CARTESIAN_POINT('Ctrl Pts',(-45.3209460158579,10.225294514204,-111.686755486811));
#3321=CARTESIAN_POINT('Ctrl Pts',(-52.3249797698703,11.683716503264,-111.3225786008));
#3322=CARTESIAN_POINT('Ctrl Pts',(-59.2239670320395,13.1838327227355,-109.165442191347));
#3323=CARTESIAN_POINT('Ctrl Pts',(-65.1891138480724,14.6839487106955,-105.478799601756));
#3324=CARTESIAN_POINT('Ctrl Pts',(-65.1891138480724,14.6839487106955,-105.478799601756));
#3325=CARTESIAN_POINT('Ctrl Pts',(-78.0797304827818,17.9256828548436,-97.5120055299172));
#3326=CARTESIAN_POINT('Ctrl Pts',(-95.1906209042305,22.7887752087636,-81.9754260262788));
#3327=CARTESIAN_POINT('Ctrl Pts',(-115.368437338966,30.8933351303142,-49.7166146400899));
#3328=CARTESIAN_POINT('Ctrl Pts',(-126.174989157322,38.9981300388075,-12.7384600248911));
#3329=CARTESIAN_POINT('Ctrl Pts',(-123.619359581663,45.4819461065167,17.9802522604649));
#3330=CARTESIAN_POINT('Ctrl Pts',(-119.635183972493,48.7236802506648,32.6009276799323));
#3331=CARTESIAN_POINT('Ctrl Pts',(-65.3527391655875,14.6838410214773,-105.744509962073));
#3332=CARTESIAN_POINT('Ctrl Pts',(-78.2759443759956,17.9255751656254,-97.7575349205516));
#3333=CARTESIAN_POINT('Ctrl Pts',(-95.4297758866518,22.7886675195453,-82.1822055723639));
#3334=CARTESIAN_POINT('Ctrl Pts',(-115.658645610344,30.893227441096,-49.8421662347192));
#3335=CARTESIAN_POINT('Ctrl Pts',(-126.492359864896,38.9980223495892,-12.7709495827249));
#3336=CARTESIAN_POINT('Ctrl Pts',(-123.930674216568,45.4818384172985,18.0248356471584));
#3337=CARTESIAN_POINT('Ctrl Pts',(-119.936387687863,48.7235725614466,32.6824847885049));
#3338=CARTESIAN_POINT('Ctrl Pts',(-65.5864282869533,14.9523776748154,-106.233627539532));
#3339=CARTESIAN_POINT('Ctrl Pts',(-78.5692624956796,18.1941118189636,-98.2183226197497));
#3340=CARTESIAN_POINT('Ctrl Pts',(-95.8050048112752,23.0572041728835,-82.5831716454191));
#3341=CARTESIAN_POINT('Ctrl Pts',(-116.136574131693,31.1617640944342,-50.1125819542625));
#3342=CARTESIAN_POINT('Ctrl Pts',(-127.034887605587,39.2665590029274,-12.8857949244574));
#3343=CARTESIAN_POINT('Ctrl Pts',(-124.476239758271,45.7503750706366,18.0450107697759));
#3344=CARTESIAN_POINT('Ctrl Pts',(-120.471696143797,48.9921092147848,32.7678748759251));
#3345=CARTESIAN_POINT('Ctrl Pts',(-65.5721580495929,15.4990591438481,-106.433507038932));
#3346=CARTESIAN_POINT('Ctrl Pts',(-78.5795584694973,18.7407932879962,-98.4198525529325));
#3347=CARTESIAN_POINT('Ctrl Pts',(-95.8522002840435,23.6038856419161,-82.7806532553539));
#3348=CARTESIAN_POINT('Ctrl Pts',(-116.240853512107,31.7084455634668,-50.2868110415659));
#3349=CARTESIAN_POINT('Ctrl Pts',(-127.188174591424,39.81324047196,-13.0216818064123));
#3350=CARTESIAN_POINT('Ctrl Pts',(-124.655317685118,46.2970565396693,17.9515542113812));
#3351=CARTESIAN_POINT('Ctrl Pts',(-120.659323315656,49.5387906838174,32.6975079921286));
#3352=CARTESIAN_POINT('Ctrl Pts',(-65.5223333176884,15.7274034563595,-106.445752451154));
#3353=CARTESIAN_POINT('Ctrl Pts',(-78.5311217417289,18.9691376005076,-98.4382354619688));
#3354=CARTESIAN_POINT('Ctrl Pts',(-95.8078713474754,23.8322299544276,-82.8076786999493));
#3355=CARTESIAN_POINT('Ctrl Pts',(-116.206554459525,31.9367898759782,-50.3259003479376));
#3356=CARTESIAN_POINT('Ctrl Pts',(-127.167128533354,40.0415847844714,-13.0698082590531));
#3357=CARTESIAN_POINT('Ctrl Pts',(-124.64665178314,46.5254008521807,17.9007117772705));
#3358=CARTESIAN_POINT('Ctrl Pts',(-120.656936566382,49.7671349963288,32.6462560901372));
#3359=CARTESIAN_POINT('',(-119.635183972493,48.7236802506648,32.6009276799323));
#3360=CARTESIAN_POINT('',(-120.656936566382,49.7671349963288,32.6462560901372));
#3361=CARTESIAN_POINT('Origin',(-119.690183114204,49.7015554492239,32.3990980724559));
#3362=CARTESIAN_POINT('Ctrl Pts',(-120.656936566382,49.7671349963288,32.6462560901372));
#3363=CARTESIAN_POINT('Ctrl Pts',(-124.64665178314,46.5254008521807,17.9007117772705));
#3364=CARTESIAN_POINT('Ctrl Pts',(-127.167128533354,40.0415847844714,-13.0698082590531));
#3365=CARTESIAN_POINT('Ctrl Pts',(-116.206554459525,31.9367898759782,-50.3259003479376));
#3366=CARTESIAN_POINT('Ctrl Pts',(-95.8078713474754,23.8322299544276,-82.8076786999493));
#3367=CARTESIAN_POINT('Ctrl Pts',(-78.5311217417289,18.9691376005076,-98.4382354619688));
#3368=CARTESIAN_POINT('Ctrl Pts',(-65.5223333176884,15.7274034563595,-106.445752451154));
#3369=CARTESIAN_POINT('Ctrl Pts',(-65.1891138480724,14.6839487106955,-105.478799601756));
#3370=CARTESIAN_POINT('Ctrl Pts',(-78.0797304827818,17.9256828548436,-97.5120055299172));
#3371=CARTESIAN_POINT('Ctrl Pts',(-95.1906209042305,22.7887752087636,-81.9754260262788));
#3372=CARTESIAN_POINT('Ctrl Pts',(-115.368437338966,30.8933351303142,-49.7166146400899));
#3373=CARTESIAN_POINT('Ctrl Pts',(-126.174989157322,38.9981300388075,-12.7384600248911));
#3374=CARTESIAN_POINT('Ctrl Pts',(-123.619359581663,45.4819461065167,17.9802522604649));
#3375=CARTESIAN_POINT('Ctrl Pts',(-119.635183972493,48.7236802506648,32.6009276799323));
#3376=CARTESIAN_POINT('Ctrl Pts',(-116.856140632788,50.0087048877274,32.7637445861195));
#3377=CARTESIAN_POINT('Ctrl Pts',(-116.896867009688,50.0296729377111,32.8752712474785));
#3378=CARTESIAN_POINT('Ctrl Pts',(-116.998979902157,50.0688947790188,33.091259596382));
#3379=CARTESIAN_POINT('Ctrl Pts',(-117.278544602643,50.1340513162115,33.4813495033613));
#3380=CARTESIAN_POINT('Ctrl Pts',(-117.753410185472,50.1862302521828,33.8650914830477));
#3381=CARTESIAN_POINT('Ctrl Pts',(-118.450594521261,50.1941569655184,34.0995203552659));
#3382=CARTESIAN_POINT('Ctrl Pts',(-119.184062950649,50.1467559237932,34.0767574933582));
#3383=CARTESIAN_POINT('Ctrl Pts',(-119.858928229167,50.0507207252413,33.8005979632139));
#3384=CARTESIAN_POINT('Ctrl Pts',(-120.298758685619,49.9405123764551,33.3883002926321));
#3385=CARTESIAN_POINT('Ctrl Pts',(-120.512746986644,49.8550170142164,33.03270835814));
#3386=CARTESIAN_POINT('Ctrl Pts',(-120.605456078967,49.804969458789,32.8155379372516));
#3387=CARTESIAN_POINT('Ctrl Pts',(-120.641533669466,49.7797456723861,32.7031581541448));
#3388=CARTESIAN_POINT('Ctrl Pts',(-120.656936566382,49.7671349963288,32.6462560901371));
#3389=CARTESIAN_POINT('Ctrl Pts',(-116.818965249899,49.7071082448617,32.8340229576048));
#3390=CARTESIAN_POINT('Ctrl Pts',(-116.860185226807,49.7283364419697,32.9468966345103));
#3391=CARTESIAN_POINT('Ctrl Pts',(-116.963038807976,49.7680655291285,33.1654855547962));
#3392=CARTESIAN_POINT('Ctrl Pts',(-117.245622292608,49.8340144623497,33.5602898884122));
#3393=CARTESIAN_POINT('Ctrl Pts',(-117.725652812406,49.8867944421046,33.9487181105953));
#3394=CARTESIAN_POINT('Ctrl Pts',(-118.42955744359,49.8948252139872,34.1861657440686));
#3395=CARTESIAN_POINT('Ctrl Pts',(-119.171398871815,49.8467842871449,34.1631690969393));
#3396=CARTESIAN_POINT('Ctrl Pts',(-119.854037251326,49.7495513582374,33.8835260520158));
#3397=CARTESIAN_POINT('Ctrl Pts',(-120.297832159119,49.6380878418126,33.4659945072324));
#3398=CARTESIAN_POINT('Ctrl Pts',(-120.514458023038,49.5515720195691,33.1058872556408));
#3399=CARTESIAN_POINT('Ctrl Pts',(-120.608103101144,49.50094715132,32.8859885198869));
#3400=CARTESIAN_POINT('Ctrl Pts',(-120.644524374936,49.4754344567472,32.7722061070928));
#3401=CARTESIAN_POINT('Ctrl Pts',(-120.660118898747,49.4626759129802,32.7145919594591));
#3402=CARTESIAN_POINT('Ctrl Pts',(-117.011065121777,49.1350610321837,32.8714237253953));
#3403=CARTESIAN_POINT('Ctrl Pts',(-117.047302233366,49.1537421564409,32.9706832439734));
#3404=CARTESIAN_POINT('Ctrl Pts',(-117.138285181406,49.1886604780451,33.162905261075));
#3405=CARTESIAN_POINT('Ctrl Pts',(-117.387187373385,49.2465970397453,33.5100612835678));
#3406=CARTESIAN_POINT('Ctrl Pts',(-117.810086153391,49.2928315004065,33.8516250029072));
#3407=CARTESIAN_POINT('Ctrl Pts',(-118.431617874929,49.2994989645167,34.0603591414669));
#3408=CARTESIAN_POINT('Ctrl Pts',(-119.085685541726,49.2569347071081,34.0399878527221));
#3409=CARTESIAN_POINT('Ctrl Pts',(-119.687761131625,49.1711902153643,33.7936650099903));
#3410=CARTESIAN_POINT('Ctrl Pts',(-120.080425509244,49.0730224116905,33.4259978914634));
#3411=CARTESIAN_POINT('Ctrl Pts',(-120.2712733106,48.9969743109801,33.1090457535289));
#3412=CARTESIAN_POINT('Ctrl Pts',(-120.354006680899,48.9524715374719,32.9155169026332));
#3413=CARTESIAN_POINT('Ctrl Pts',(-120.386209108729,48.9300472092572,32.815386514829));
#3414=CARTESIAN_POINT('Ctrl Pts',(-120.399948455862,48.9188379195494,32.7646918336958));
#3415=CARTESIAN_POINT('Ctrl Pts',(-117.513292693403,48.873533048666,32.7371941397642));
#3416=CARTESIAN_POINT('Ctrl Pts',(-117.538357936445,48.8864641180403,32.8059182314186));
#3417=CARTESIAN_POINT('Ctrl Pts',(-117.601312897835,48.910636785406,32.9389986612245));
#3418=CARTESIAN_POINT('Ctrl Pts',(-117.77365720911,48.9507473382055,33.1792983904867));
#3419=CARTESIAN_POINT('Ctrl Pts',(-118.066591823918,48.9827603181457,33.4156039563166));
#3420=CARTESIAN_POINT('Ctrl Pts',(-118.4971230216,48.987375991751,33.5597738742806));
#3421=CARTESIAN_POINT('Ctrl Pts',(-118.950190312696,48.9578908797904,33.5453296163462));
#3422=CARTESIAN_POINT('Ctrl Pts',(-119.367282260926,48.8984879114593,33.3745813878553));
#3423=CARTESIAN_POINT('Ctrl Pts',(-119.639400883679,48.8304638995974,33.1199759045628));
#3424=CARTESIAN_POINT('Ctrl Pts',(-119.7717686704,48.7777565192439,32.9005203043023));
#3425=CARTESIAN_POINT('Ctrl Pts',(-119.829180493483,48.7469115482496,32.76652437403));
#3426=CARTESIAN_POINT('Ctrl Pts',(-119.85154111845,48.7313689070428,32.6971958470624));
#3427=CARTESIAN_POINT('Ctrl Pts',(-119.86108675902,48.7235994837512,32.6620955113618));
#3428=CARTESIAN_POINT('Ctrl Pts',(-117.733067858347,48.8451059584324,32.6622830337559));
#3429=CARTESIAN_POINT('Ctrl Pts',(-117.753365609804,48.8555775820846,32.7179689315955));
#3430=CARTESIAN_POINT('Ctrl Pts',(-117.804305828711,48.8751604631,32.8257966768189));
#3431=CARTESIAN_POINT('Ctrl Pts',(-117.943921157102,48.9076717418385,33.0204741741786));
#3432=CARTESIAN_POINT('Ctrl Pts',(-118.181279285992,48.9336612382638,33.2118443828192));
#3433=CARTESIAN_POINT('Ctrl Pts',(-118.530005258101,48.9374946941034,33.328471024507));
#3434=CARTESIAN_POINT('Ctrl Pts',(-118.897075711898,48.9136714083783,33.3165912593215));
#3435=CARTESIAN_POINT('Ctrl Pts',(-119.235000625707,48.8655535499533,33.1781638323154));
#3436=CARTESIAN_POINT('Ctrl Pts',(-119.455403239533,48.8103949584935,32.9718863000513));
#3437=CARTESIAN_POINT('Ctrl Pts',(-119.562746782415,48.767627801942,32.7940919497005));
#3438=CARTESIAN_POINT('Ctrl Pts',(-119.609298644674,48.7425984169521,32.6855335613244));
#3439=CARTESIAN_POINT('Ctrl Pts',(-119.627434547998,48.7299855886935,32.6293656383298));
#3440=CARTESIAN_POINT('Ctrl Pts',(-119.635183972493,48.7236802506648,32.6009276799324));
#3441=CARTESIAN_POINT('Ctrl Pts',(-119.635183972493,48.7236802506648,32.6009276799324));
#3442=CARTESIAN_POINT('Ctrl Pts',(-119.627434547998,48.7299855886935,32.6293656383298));
#3443=CARTESIAN_POINT('Ctrl Pts',(-119.609298644674,48.7425984169521,32.6855335613244));
#3444=CARTESIAN_POINT('Ctrl Pts',(-119.562746782415,48.767627801942,32.7940919497005));
#3445=CARTESIAN_POINT('Ctrl Pts',(-119.455403239533,48.8103949584935,32.9718863000513));
#3446=CARTESIAN_POINT('Ctrl Pts',(-119.235000625707,48.8655535499533,33.1781638323154));
#3447=CARTESIAN_POINT('Ctrl Pts',(-118.897075711898,48.9136714083783,33.3165912593215));
#3448=CARTESIAN_POINT('Ctrl Pts',(-118.530005258101,48.9374946941034,33.328471024507));
#3449=CARTESIAN_POINT('Ctrl Pts',(-118.181279285992,48.9336612382638,33.2118443828192));
#3450=CARTESIAN_POINT('Ctrl Pts',(-117.943921157102,48.9076717418385,33.0204741741786));
#3451=CARTESIAN_POINT('Ctrl Pts',(-117.804305828711,48.8751604631,32.8257966768189));
#3452=CARTESIAN_POINT('Ctrl Pts',(-117.753365609804,48.8555775820846,32.7179689315955));
#3453=CARTESIAN_POINT('Ctrl Pts',(-117.733067858347,48.8451059584324,32.6622830337559));
#3454=CARTESIAN_POINT('Ctrl Pts',(-116.856140632788,50.0087048877274,32.7637445861195));
#3455=CARTESIAN_POINT('Ctrl Pts',(-116.896867009688,50.0296729377111,32.8752712474785));
#3456=CARTESIAN_POINT('Ctrl Pts',(-116.998979902157,50.0688947790188,33.091259596382));
#3457=CARTESIAN_POINT('Ctrl Pts',(-117.278544602643,50.1340513162115,33.4813495033613));
#3458=CARTESIAN_POINT('Ctrl Pts',(-117.753410185472,50.1862302521828,33.8650914830477));
#3459=CARTESIAN_POINT('Ctrl Pts',(-118.450594521261,50.1941569655184,34.0995203552659));
#3460=CARTESIAN_POINT('Ctrl Pts',(-119.184062950649,50.1467559237932,34.0767574933582));
#3461=CARTESIAN_POINT('Ctrl Pts',(-119.858928229167,50.0507207252413,33.8005979632139));
#3462=CARTESIAN_POINT('Ctrl Pts',(-120.298758685619,49.9405123764551,33.3883002926321));
#3463=CARTESIAN_POINT('Ctrl Pts',(-120.512746986644,49.8550170142164,33.03270835814));
#3464=CARTESIAN_POINT('Ctrl Pts',(-120.605456078967,49.804969458789,32.8155379372516));
#3465=CARTESIAN_POINT('Ctrl Pts',(-120.641533669466,49.7797456723861,32.7031581541448));
#3466=CARTESIAN_POINT('Ctrl Pts',(-120.656936566382,49.7671349963288,32.6462560901371));
#3467=CARTESIAN_POINT('Ctrl Pts',(-116.856140632788,50.0087048877273,32.7637445861195));
#3468=CARTESIAN_POINT('Ctrl Pts',(-114.664352142508,48.8703618285951,26.7527384202665));
#3469=CARTESIAN_POINT('Ctrl Pts',(-109.809965641089,46.4440118013035,14.9121322787543));
#3470=CARTESIAN_POINT('Ctrl Pts',(-102.140711378211,43.0818488942135,1.07356078322954));
#3471=CARTESIAN_POINT('Ctrl Pts',(-94.4090719177542,40.2554741525877,-8.74509341822364));
#3472=CARTESIAN_POINT('Ctrl Pts',(-87.5962894331296,38.1309655351355,-15.0321101970103));
#3473=CARTESIAN_POINT('Ctrl Pts',(-79.6348382400701,36.1268038817208,-19.590983436566));
#3474=CARTESIAN_POINT('Ctrl Pts',(-70.692532630501,34.5103239554599,-21.5470976922866));
#3475=CARTESIAN_POINT('Ctrl Pts',(-61.4726786509623,33.6116925210172,-20.5376769438511));
#3476=CARTESIAN_POINT('Ctrl Pts',(-52.680923314528,33.6039061254657,-17.1253971646249));
#3477=CARTESIAN_POINT('Ctrl Pts',(-44.6042754413573,34.5936182505501,-12.1595926256453));
#3478=CARTESIAN_POINT('Ctrl Pts',(-38.5277216210225,36.4632913905343,-7.29225921054582));
#3479=CARTESIAN_POINT('Ctrl Pts',(-34.114461498279,38.7869742968612,-3.26985855390525));
#3480=CARTESIAN_POINT('Ctrl Pts',(-30.0321526867002,41.7125308131048,0.73211989102581));
#3481=CARTESIAN_POINT('Ctrl Pts',(-27.3699236580266,44.5929238412397,3.59709024440212));
#3482=CARTESIAN_POINT('Ctrl Pts',(-25.7662420665134,46.7468662651878,5.38930548599999));
#3483=CARTESIAN_POINT('Ctrl Pts',(-116.944698944104,50.851497238844,32.5729375829429));
#3484=CARTESIAN_POINT('Ctrl Pts',(-114.746072070244,49.7122431622432,26.5537329373597));
#3485=CARTESIAN_POINT('Ctrl Pts',(-109.874695941753,47.2844713883673,14.6967856785572));
#3486=CARTESIAN_POINT('Ctrl Pts',(-102.171485278367,43.9238604322074,0.837939177017614));
#3487=CARTESIAN_POINT('Ctrl Pts',(-94.3962441276028,41.1083703850818,-8.99073924457536));
#3488=CARTESIAN_POINT('Ctrl Pts',(-87.5409127032317,39.0014560722237,-15.2764740710473));
#3489=CARTESIAN_POINT('Ctrl Pts',(-79.5319408395457,37.0300355229365,-19.8149584186469));
#3490=CARTESIAN_POINT('Ctrl Pts',(-70.5701442251841,35.4610152860286,-21.7318685675197));
#3491=CARTESIAN_POINT('Ctrl Pts',(-61.3770441815692,34.6066311787758,-20.7083598333012));
#3492=CARTESIAN_POINT('Ctrl Pts',(-52.6312761543106,34.6312819366171,-17.3266407137847));
#3493=CARTESIAN_POINT('Ctrl Pts',(-44.6156373219905,35.641561125562,-12.4296949183581));
#3494=CARTESIAN_POINT('Ctrl Pts',(-38.6141952354234,37.5033031039851,-7.66007409581699));
#3495=CARTESIAN_POINT('Ctrl Pts',(-34.2757911234033,39.7821808137886,-3.73654272061957));
#3496=CARTESIAN_POINT('Ctrl Pts',(-30.269641179757,42.6299898913422,0.164825796514551));
#3497=CARTESIAN_POINT('Ctrl Pts',(-27.6532752589228,45.4179514650043,2.97128038939343));
#3498=CARTESIAN_POINT('Ctrl Pts',(-26.0651785775673,47.5107440166958,4.74702366966679));
#3499=CARTESIAN_POINT('Ctrl Pts',(-117.738466555851,51.6397838988425,32.1348541754993));
#3500=CARTESIAN_POINT('Ctrl Pts',(-115.527581160041,50.4995747474305,26.0899618915036));
#3501=CARTESIAN_POINT('Ctrl Pts',(-110.6235901035,48.069930225965,14.1734453656674));
#3502=CARTESIAN_POINT('Ctrl Pts',(-102.852782829963,44.7081056278807,0.20767936458681));
#3503=CARTESIAN_POINT('Ctrl Pts',(-94.9752816550511,41.8952131889603,-9.74980593246906));
#3504=CARTESIAN_POINT('Ctrl Pts',(-87.9963618070178,39.7935773652188,-16.1604818584368));
#3505=CARTESIAN_POINT('Ctrl Pts',(-79.783494854551,37.8322468823158,-20.8466706244452));
#3506=CARTESIAN_POINT('Ctrl Pts',(-70.5229388622332,36.275885548838,-22.8762112097676));
#3507=CARTESIAN_POINT('Ctrl Pts',(-61.0360001369409,35.4282868644404,-21.879667550655));
#3508=CARTESIAN_POINT('Ctrl Pts',(-52.0804660324436,35.4499148407145,-18.4958906548279));
#3509=CARTESIAN_POINT('Ctrl Pts',(-43.9265023416125,36.4454472300703,-13.6177782405339));
#3510=CARTESIAN_POINT('Ctrl Pts',(-37.86410340049,38.2784205586999,-8.88964216898378));
#3511=CARTESIAN_POINT('Ctrl Pts',(-33.5218907982936,40.5187981512177,-5.00148616648205));
#3512=CARTESIAN_POINT('Ctrl Pts',(-29.5495174880925,43.3175949363583,-1.12434803120476));
#3513=CARTESIAN_POINT('Ctrl Pts',(-27.0031190697055,46.0594023358609,1.68985766831959));
#3514=CARTESIAN_POINT('Ctrl Pts',(-25.4745152693746,48.1227736285356,3.49085622059993));
#3515=CARTESIAN_POINT('Ctrl Pts',(-118.700744851721,51.6042664227587,31.7901322534365));
#3516=CARTESIAN_POINT('Ctrl Pts',(-116.481896694858,50.4637545290983,25.7211010618664));
#3517=CARTESIAN_POINT('Ctrl Pts',(-111.555063674287,48.0324709485715,13.7459725254638));
#3518=CARTESIAN_POINT('Ctrl Pts',(-103.732088584983,44.6620567693536,-0.334872579819598));
#3519=CARTESIAN_POINT('Ctrl Pts',(-95.7629925839856,41.8250143902366,-10.4396758763751));
#3520=CARTESIAN_POINT('Ctrl Pts',(-88.6627255465274,39.6885999469617,-16.9973137926248));
#3521=CARTESIAN_POINT('Ctrl Pts',(-80.2316765294845,37.665807208596,-21.8610405892085));
#3522=CARTESIAN_POINT('Ctrl Pts',(-70.6195116973969,36.0208335291286,-24.0195590583763));
#3523=CARTESIAN_POINT('Ctrl Pts',(-60.7619386693401,35.0837584718122,-23.0120823475015));
#3524=CARTESIAN_POINT('Ctrl Pts',(-51.5305696788191,35.0248175794993,-19.5333626219087));
#3525=CARTESIAN_POINT('Ctrl Pts',(-43.1752120745356,35.9440544889474,-14.535207237696));
#3526=CARTESIAN_POINT('Ctrl Pts',(-36.9751445758158,37.7347846647876,-9.68736191242033));
#3527=CARTESIAN_POINT('Ctrl Pts',(-32.5377766693427,39.988525798499,-5.69845777223819));
#3528=CARTESIAN_POINT('Ctrl Pts',(-28.4923612046679,42.8456334257439,-1.73120858402741));
#3529=CARTESIAN_POINT('Ctrl Pts',(-25.932384350938,45.6823431864425,1.11883099478729));
#3530=CARTESIAN_POINT('Ctrl Pts',(-24.4255405128251,47.8148541158549,2.92039264014744));
#3531=CARTESIAN_POINT('Ctrl Pts',(-118.832245531079,51.5910292326605,31.744600415922));
#3532=CARTESIAN_POINT('Ctrl Pts',(-116.612361687413,50.4504851488084,25.6723284274272));
#3533=CARTESIAN_POINT('Ctrl Pts',(-111.682524497859,48.0189960285406,13.6893198827404));
#3534=CARTESIAN_POINT('Ctrl Pts',(-103.852545176854,44.6474069275066,-0.407080056297504));
#3535=CARTESIAN_POINT('Ctrl Pts',(-95.8709031548351,41.8070172304614,-10.5316927707973));
#3536=CARTESIAN_POINT('Ctrl Pts',(-88.7539543979711,39.6657969275784,-17.1089152619352));
#3537=CARTESIAN_POINT('Ctrl Pts',(-80.2930052442833,37.634590239254,-21.9958563736385));
#3538=CARTESIAN_POINT('Ctrl Pts',(-70.6333231345217,35.9777328373308,-24.1702204725811));
#3539=CARTESIAN_POINT('Ctrl Pts',(-60.7265906935047,35.0289822059285,-23.1594996366165));
#3540=CARTESIAN_POINT('Ctrl Pts',(-51.4593655995434,34.9598381056565,-19.6664274083186));
#3541=CARTESIAN_POINT('Ctrl Pts',(-43.078397290679,35.8697633187526,-14.6505944393141));
#3542=CARTESIAN_POINT('Ctrl Pts',(-36.8609881361617,37.6557799021789,-9.78560261881326));
#3543=CARTESIAN_POINT('Ctrl Pts',(-32.4110825631671,39.9117879666129,-5.78276993039774));
#3544=CARTESIAN_POINT('Ctrl Pts',(-28.3552142108531,42.7768031625199,-1.80341764451687));
#3545=CARTESIAN_POINT('Ctrl Pts',(-25.7915784407677,45.6258963233844,1.05096893556528));
#3546=CARTESIAN_POINT('Ctrl Pts',(-24.2859803749494,47.767545915082,2.85204424517825));
#3547=CARTESIAN_POINT('',(-24.9105308272475,46.9114797796781,2.11316206305962));
#3548=CARTESIAN_POINT('Ctrl Pts',(-24.9105308272475,46.9114797796781,2.11316206305961));
#3549=CARTESIAN_POINT('Ctrl Pts',(-24.8829957801408,47.2571181109648,2.43775270935667));
#3550=CARTESIAN_POINT('Ctrl Pts',(-24.8464889579787,47.587313422927,2.79098274146957));
#3551=CARTESIAN_POINT('Ctrl Pts',(-24.7996174014174,47.8951545750662,3.15895184251269));
#3552=CARTESIAN_POINT('',(-118.832245531079,51.5910292326605,31.744600415922));
#3553=CARTESIAN_POINT('Ctrl Pts',(-24.909591656059,46.9100092665503,2.11399148087242));
#3554=CARTESIAN_POINT('Ctrl Pts',(-26.2589078617572,45.1165936834883,0.533925199785328));
#3555=CARTESIAN_POINT('Ctrl Pts',(-28.6301528495791,42.5825899116282,-2.07316942279317));
#3556=CARTESIAN_POINT('Ctrl Pts',(-32.4110825631671,39.9117879666129,-5.78276993039774));
#3557=CARTESIAN_POINT('Ctrl Pts',(-36.8609881361617,37.6557799021789,-9.78560261881326));
#3558=CARTESIAN_POINT('Ctrl Pts',(-43.078397290679,35.8697633187526,-14.6505944393141));
#3559=CARTESIAN_POINT('Ctrl Pts',(-51.4593655995434,34.9598381056565,-19.6664274083186));
#3560=CARTESIAN_POINT('Ctrl Pts',(-60.7265906935047,35.0289822059285,-23.1594996366165));
#3561=CARTESIAN_POINT('Ctrl Pts',(-70.6333231345217,35.9777328373308,-24.1702204725811));
#3562=CARTESIAN_POINT('Ctrl Pts',(-80.2930052442833,37.634590239254,-21.9958563736385));
#3563=CARTESIAN_POINT('Ctrl Pts',(-88.7539543979711,39.6657969275784,-17.1089152619352));
#3564=CARTESIAN_POINT('Ctrl Pts',(-95.8709031548351,41.8070172304614,-10.5316927707973));
#3565=CARTESIAN_POINT('Ctrl Pts',(-103.852545176854,44.6474069275066,-0.407080056297504));
#3566=CARTESIAN_POINT('Ctrl Pts',(-111.682524497859,48.0189960285406,13.6893198827404));
#3567=CARTESIAN_POINT('Ctrl Pts',(-116.612361687413,50.4504851488084,25.6723284274272));
#3568=CARTESIAN_POINT('Ctrl Pts',(-118.832245531079,51.5910292326605,31.744600415922));
#3569=CARTESIAN_POINT('Origin',(-118.723429662027,49.6359759021189,32.1519400547746));
#3570=CARTESIAN_POINT('Ctrl Pts',(7.59266144995794E-15,0.,-123.997571467043));
#3571=CARTESIAN_POINT('Ctrl Pts',(-9.7387464895959,2.08333333333333,-123.997571467043));
#3572=CARTESIAN_POINT('Ctrl Pts',(-29.2155541151723,6.25,-121.692197900849));
#3573=CARTESIAN_POINT('Ctrl Pts',(-56.8178513430201,12.5,-111.511130003911));
#3574=CARTESIAN_POINT('Ctrl Pts',(-81.2784941969485,18.75,-95.1648835742203));
#3575=CARTESIAN_POINT('Ctrl Pts',(-101.249072598546,25.,-73.5617571639461));
#3576=CARTESIAN_POINT('Ctrl Pts',(-115.623618629794,31.25,-47.8928752485183));
#3577=CARTESIAN_POINT('Ctrl Pts',(-123.611068478519,37.5,-19.5781535285059));
#3578=CARTESIAN_POINT('Ctrl Pts',(-124.764260517551,43.75,9.81931411579333));
#3579=CARTESIAN_POINT('Ctrl Pts',(-120.938136517699,47.9166666666667,29.0552585350615));
#3580=CARTESIAN_POINT('Ctrl Pts',(-117.928698348505,50.,38.3173568445382));
#3581=CARTESIAN_POINT('Ctrl Pts',(5.57204379961669E-15,0.,-90.9983809780284));
#3582=CARTESIAN_POINT('Ctrl Pts',(-7.14699612922847,2.08333333333333,-90.9983809780284));
#3583=CARTESIAN_POINT('Ctrl Pts',(-21.4404854256623,6.25,-89.3065312136246));
#3584=CARTESIAN_POINT('Ctrl Pts',(-41.6970463348095,12.5,-81.8349276629458));
#3585=CARTESIAN_POINT('Ctrl Pts',(-59.648034173155,18.75,-69.8388704614132));
#3586=CARTESIAN_POINT('Ctrl Pts',(-74.3038881567405,25.,-53.9849347420258));
#3587=CARTESIAN_POINT('Ctrl Pts',(-84.8529690835827,31.25,-35.1472537440479));
#3588=CARTESIAN_POINT('Ctrl Pts',(-90.7147371470829,37.5,-14.3678642456868));
#3589=CARTESIAN_POINT('Ctrl Pts',(-91.5610328226123,43.75,7.20612247707923));
#3590=CARTESIAN_POINT('Ctrl Pts',(-88.7531464641264,47.9166666666667,21.3228489421777));
#3591=CARTESIAN_POINT('Ctrl Pts',(-86.5446032014628,50.,28.1200461828167));
#3592=CARTESIAN_POINT('Ctrl Pts',(3.55142614927544E-15,0.,-57.9991904890142));
#3593=CARTESIAN_POINT('Ctrl Pts',(-4.55524576886105,2.08333333333333,-57.9991904890142));
#3594=CARTESIAN_POINT('Ctrl Pts',(-13.6654167361524,6.25,-56.9208645264002));
#3595=CARTESIAN_POINT('Ctrl Pts',(-26.5762413265989,12.5,-52.1587253219802));
#3596=CARTESIAN_POINT('Ctrl Pts',(-38.0175741493616,18.75,-44.5128573486061));
#3597=CARTESIAN_POINT('Ctrl Pts',(-47.3587037149347,25.,-34.4081123201055));
#3598=CARTESIAN_POINT('Ctrl Pts',(-54.0823195373709,31.25,-22.4016322395774));
#3599=CARTESIAN_POINT('Ctrl Pts',(-57.8184058156471,37.5,-9.15757496286763));
#3600=CARTESIAN_POINT('Ctrl Pts',(-58.3578051276735,43.75,4.59293083836512));
#3601=CARTESIAN_POINT('Ctrl Pts',(-56.5681564105535,47.9166666666667,13.590439349294));
#3602=CARTESIAN_POINT('Ctrl Pts',(-55.1605080544208,50.,17.9227355210952));
#3603=CARTESIAN_POINT('Ctrl Pts',(1.53080849893419E-15,0.,-25.));
#3604=CARTESIAN_POINT('Ctrl Pts',(-1.96349540849362,2.08333333333333,-25.));
#3605=CARTESIAN_POINT('Ctrl Pts',(-5.8903480466425,6.25,-24.5351978391758));
#3606=CARTESIAN_POINT('Ctrl Pts',(-11.4554363183883,12.5,-22.4825229810146));
#3607=CARTESIAN_POINT('Ctrl Pts',(-16.3871141255681,18.75,-19.1868442357991));
#3608=CARTESIAN_POINT('Ctrl Pts',(-20.4135192731289,25.,-14.8312898981853));
#3609=CARTESIAN_POINT('Ctrl Pts',(-23.3116699911591,31.25,-9.65601073510698));
#3610=CARTESIAN_POINT('Ctrl Pts',(-24.9220744842114,37.5,-3.9472856800485));
#3611=CARTESIAN_POINT('Ctrl Pts',(-25.1545774327347,43.75,1.97973919965102));
#3612=CARTESIAN_POINT('Ctrl Pts',(-24.3831663569805,47.9166666666667,5.85802975641021));
#3613=CARTESIAN_POINT('Ctrl Pts',(-23.7764129073788,50.,7.72542485937368));
#3614=CARTESIAN_POINT('Ctrl Pts',(-24.6540917317646,46.0833082960496,4.14333020739766));
#3615=CARTESIAN_POINT('Ctrl Pts',(-24.775632718147,45.305538864033,3.42044590692957));
#3616=CARTESIAN_POINT('Ctrl Pts',(-24.865443272764,44.5277694320165,2.69223296205252));
#3617=CARTESIAN_POINT('Ctrl Pts',(-24.9229741723756,43.75,1.9614743588909));
#3618=CARTESIAN_POINT('Ctrl Pts',(-25.0770764498936,41.6666666666667,0.00406423975118031));
#3619=CARTESIAN_POINT('Ctrl Pts',(-24.9995754670525,39.5833333333333,-1.97161072014866));
#3620=CARTESIAN_POINT('Ctrl Pts',(-24.6924242267899,37.5,-3.91090237594166));
#3621=CARTESIAN_POINT('Ctrl Pts',(-24.3852729865273,35.4166666666667,-5.85019403173466));
#3622=CARTESIAN_POINT('Ctrl Pts',(-23.8484714888432,33.3333333333333,-7.75310238342082));
#3623=CARTESIAN_POINT('Ctrl Pts',(-23.0970456203294,31.25,-9.56710308644361));
#3624=CARTESIAN_POINT('Ctrl Pts',(-22.3456197518157,29.1666666666667,-11.3811037894664));
#3625=CARTESIAN_POINT('Ctrl Pts',(-21.3795695124723,27.0833333333333,-13.1061968438258));
#3626=CARTESIAN_POINT('Ctrl Pts',(-20.2254768682072,25.,-14.6946690939412));
#3627=CARTESIAN_POINT('Ctrl Pts',(-19.071384223942,22.9166666666667,-16.2831413440565));
#3628=CARTESIAN_POINT('Ctrl Pts',(-17.729249174755,20.8333333333333,-17.7349927899278));
#3629=CARTESIAN_POINT('Ctrl Pts',(-16.2362353489649,18.75,-19.0101983037327));
#3630=CARTESIAN_POINT('Ctrl Pts',(-14.7432215231748,16.6666666666667,-20.2854038175376));
#3631=CARTESIAN_POINT('Ctrl Pts',(-13.0993289207815,14.5833333333333,-21.3839633992761));
#3632=CARTESIAN_POINT('Ctrl Pts',(-11.3498679076273,12.5,-22.2753556665056));
#3633=CARTESIAN_POINT('Ctrl Pts',(-9.600406894473,10.4166666666667,-23.166747933735));
#3634=CARTESIAN_POINT('Ctrl Pts',(-7.74537747055775,8.33333333333334,-23.8509728864554));
#3635=CARTESIAN_POINT('Ctrl Pts',(-5.8361495990629,6.25,-24.3092859030216));
#3636=CARTESIAN_POINT('Ctrl Pts',(-4.48679624644414,4.77759701451732,-24.6332002008829));
#3637=CARTESIAN_POINT('Ctrl Pts',(-3.11037074676148,3.30519402903463,-24.8442713928588));
#3638=CARTESIAN_POINT('Ctrl Pts',(-1.7259820426941,1.83279104355195,-24.9402086576669));
#3639=CARTESIAN_POINT('Ctrl Pts',(1.29005387641151,3.48995755289896,69.8343151000813));
#3640=CARTESIAN_POINT('Ctrl Pts',(1.23314934793649,3.51329302218505,63.4271170757627));
#3641=CARTESIAN_POINT('Ctrl Pts',(1.0753906576766,3.56695964950061,48.4775777107539));
#3642=CARTESIAN_POINT('Ctrl Pts',(0.778883220913914,3.62889444183125,33.5348339289885));
#3643=CARTESIAN_POINT('Ctrl Pts',(0.544891381514346,3.57819349679784,24.9940611622511));
#3644=CARTESIAN_POINT('Ctrl Pts',(0.859864271392311,3.32661837401989,69.8331693730449));
#3645=CARTESIAN_POINT('Ctrl Pts',(0.818874779278814,3.34075242929591,63.4257490028393));
#3646=CARTESIAN_POINT('Ctrl Pts',(0.705870590438592,3.37350504757607,48.4756437182846));
#3647=CARTESIAN_POINT('Ctrl Pts',(0.500730438494243,3.40602743895428,33.5309096953271));
#3648=CARTESIAN_POINT('Ctrl Pts',(0.347296924114748,3.36870110820881,24.9892164604445));
#3649=CARTESIAN_POINT('Ctrl Pts',(0.21270361866224,2.7711749149603,69.829273268065));
#3650=CARTESIAN_POINT('Ctrl Pts',(0.201706021105235,2.78713593352566,63.4213204329757));
#3651=CARTESIAN_POINT('Ctrl Pts',(0.171829372188827,2.82907593484451,48.4698656389567));
#3652=CARTESIAN_POINT('Ctrl Pts',(0.119718807264259,2.89129553406255,33.5216065292492));
#3653=CARTESIAN_POINT('Ctrl Pts',(0.0822524866059983,2.92637846817991,24.9789873475506));
#3654=CARTESIAN_POINT('Ctrl Pts',(-1.32987289618144E-14,1.96535944981389,
69.8236209526124));
#3655=CARTESIAN_POINT('Ctrl Pts',(5.43710165577446E-5,2.0016493553093,63.4150232391671));
#3656=CARTESIAN_POINT('Ctrl Pts',(7.02232591851869E-6,2.10284888210185,
48.461935382231));
#3657=CARTESIAN_POINT('Ctrl Pts',(-5.14363453409878E-5,2.27355553179122,
33.5102817997111));
#3658=CARTESIAN_POINT('Ctrl Pts',(-4.9810146873265E-15,2.4224154860556,
24.9673327457465));
#3659=CARTESIAN_POINT('Ctrl Pts',(-1.33226762955019E-14,1.62025048988298,
69.8212002188447));
#3660=CARTESIAN_POINT('Ctrl Pts',(-1.21745153341917E-14,1.66520492311629,
63.412326221917));
#3661=CARTESIAN_POINT('Ctrl Pts',(-9.5281625270114E-15,1.79175322188346,
48.4585384579696));
#3662=CARTESIAN_POINT('Ctrl Pts',(-6.50006741905962E-15,2.00889332311378,
33.5054299763895));
#3663=CARTESIAN_POINT('Ctrl Pts',(-4.9960036108132E-15,2.20646007290536,
24.9623385806253));
#3664=CARTESIAN_POINT('',(-1.28259464040952E-14,1.62025048988298,69.8212002188447));
#3665=CARTESIAN_POINT('Ctrl Pts',(-6.91593582416162E-15,1.99926329410741,
35.3662560892324));
#3666=CARTESIAN_POINT('Ctrl Pts',(-7.88426280663119E-15,1.9130359345448,
40.4422141020285));
#3667=CARTESIAN_POINT('Ctrl Pts',(-1.0141984109756E-14,1.76240034163554,
51.9270698073756));
#3668=CARTESIAN_POINT('Ctrl Pts',(-1.21745153341917E-14,1.66520492311629,
63.412326221917));
#3669=CARTESIAN_POINT('Ctrl Pts',(-1.33226762955019E-14,1.62025048988298,
69.8212002188447));
#3670=CARTESIAN_POINT('',(1.29005387641151,3.48995755289896,69.8343151000813));
#3671=CARTESIAN_POINT('Origin',(1.99999999999999,1.62025048988298,69.8212002188447));
#3672=CARTESIAN_POINT('',(0.544891381514347,3.57819349679784,24.9940611622511));
#3673=CARTESIAN_POINT('Ctrl Pts',(1.29005387641151,3.48995755289896,69.8343151000813));
#3674=CARTESIAN_POINT('Ctrl Pts',(1.23314934793649,3.51329302218505,63.4271170757627));
#3675=CARTESIAN_POINT('Ctrl Pts',(1.0753906576766,3.56695964950061,48.4775777107539));
#3676=CARTESIAN_POINT('Ctrl Pts',(0.778883220913914,3.62889444183125,33.5348339289885));
#3677=CARTESIAN_POINT('Ctrl Pts',(0.544891381514346,3.57819349679784,24.9940611622511));
#3678=CARTESIAN_POINT('Ctrl Pts',(0.00837480314181059,2.38847461753917,
24.9999985972534));
#3679=CARTESIAN_POINT('Ctrl Pts',(0.0258478271436085,2.57885828253869,24.9999927439276));
#3680=CARTESIAN_POINT('Ctrl Pts',(0.0705467582415388,2.76607857777537,25.0000007465312));
#3681=CARTESIAN_POINT('Ctrl Pts',(0.234655393175566,3.17921255729343,24.9990728191867));
#3682=CARTESIAN_POINT('Ctrl Pts',(0.371597655149647,3.39427945298616,24.9978391100346));
#3683=CARTESIAN_POINT('Ctrl Pts',(0.544891381514347,3.57819349679784,24.9940611622511));
#3684=CARTESIAN_POINT('Ctrl Pts',(64.1402409748917,17.5512976926912,104.951663737208));
#3685=CARTESIAN_POINT('Ctrl Pts',(60.6332307082878,16.6649245447603,107.094940704829));
#3686=CARTESIAN_POINT('Ctrl Pts',(52.9657871683877,14.8910046865428,110.322803589184));
#3687=CARTESIAN_POINT('Ctrl Pts',(40.5198697541749,12.2780302470983,111.544590931471));
#3688=CARTESIAN_POINT('Ctrl Pts',(28.2303579077082,9.77294639747174,109.024660016048));
#3689=CARTESIAN_POINT('Ctrl Pts',(17.1939750530165,7.45436822415532,102.951745635432));
#3690=CARTESIAN_POINT('Ctrl Pts',(8.40802031562356,5.44185507734823,93.8359549895369));
#3691=CARTESIAN_POINT('Ctrl Pts',(2.69840919141785,3.92678836892522,82.453877516635));
#3692=CARTESIAN_POINT('Ctrl Pts',(1.32738563998957,3.47464850376495,74.0377064338069));
#3693=CARTESIAN_POINT('Ctrl Pts',(1.29005387641151,3.48995755289896,69.8343151000813));
#3694=CARTESIAN_POINT('Ctrl Pts',(64.4541019835452,17.5517205889034,105.461469104023));
#3695=CARTESIAN_POINT('Ctrl Pts',(60.8944209052854,16.6568419165592,107.630682554542));
#3696=CARTESIAN_POINT('Ctrl Pts',(53.116162115068,14.8673868124766,110.894198934965));
#3697=CARTESIAN_POINT('Ctrl Pts',(40.4994251210135,12.23059639135,112.116522715038));
#3698=CARTESIAN_POINT('Ctrl Pts',(28.0515871662349,9.70228051220426,109.546999839634));
#3699=CARTESIAN_POINT('Ctrl Pts',(16.8839718783841,7.35987454461591,103.380122670557));
#3700=CARTESIAN_POINT('Ctrl Pts',(8.00601526286266,5.3231113490668,94.1366313398183));
#3701=CARTESIAN_POINT('Ctrl Pts',(2.25283861754293,3.78361482679393,82.6062041828752));
#3702=CARTESIAN_POINT('Ctrl Pts',(0.887013256999675,3.31708676843639,74.0872591532577));
#3703=CARTESIAN_POINT('Ctrl Pts',(0.859864271392317,3.32661837401989,69.8331693730449));
#3704=CARTESIAN_POINT('Ctrl Pts',(65.08787521582,17.0611052466355,106.288790584172));
#3705=CARTESIAN_POINT('Ctrl Pts',(61.438175107187,16.1616094965374,108.507401994155));
#3706=CARTESIAN_POINT('Ctrl Pts',(53.46726766552,14.3621942448179,111.84030533922));
#3707=CARTESIAN_POINT('Ctrl Pts',(40.5561409910784,11.7131993312928,113.075518732052));
#3708=CARTESIAN_POINT('Ctrl Pts',(27.834373418695,9.17310067013786,110.429819914604));
#3709=CARTESIAN_POINT('Ctrl Pts',(16.4394271350151,6.82026779636503,104.1090065269));
#3710=CARTESIAN_POINT('Ctrl Pts',(7.40280789471429,4.77437616151138,94.6511848246245));
#3711=CARTESIAN_POINT('Ctrl Pts',(1.57486705844933,3.2284207686394,82.8684455372803));
#3712=CARTESIAN_POINT('Ctrl Pts',(0.220388392511865,2.76042592595769,74.1716047798942));
#3713=CARTESIAN_POINT('Ctrl Pts',(0.212608952730857,2.7712614288251,69.8292738749082));
#3714=CARTESIAN_POINT('Ctrl Pts',(65.468183737142,16.0351592434053,106.484392648642));
#3715=CARTESIAN_POINT('Ctrl Pts',(61.793369842567,15.1448888937346,108.736358905939));
#3716=CARTESIAN_POINT('Ctrl Pts',(53.7634596505057,13.3637122172302,112.127815411647));
#3717=CARTESIAN_POINT('Ctrl Pts',(40.7420596957818,10.7419129612009,113.417151717947));
#3718=CARTESIAN_POINT('Ctrl Pts',(27.9007606446408,8.22985685519105,110.786171292801));
#3719=CARTESIAN_POINT('Ctrl Pts',(16.3898667567232,5.90672918480044,104.437054890482));
#3720=CARTESIAN_POINT('Ctrl Pts',(7.25527350459374,3.89320174876482,94.9081296696013));
#3721=CARTESIAN_POINT('Ctrl Pts',(1.36335433560124,2.38307878870421,83.0140304596646));
#3722=CARTESIAN_POINT('Ctrl Pts',(0.000215852742587451,1.94143677692473,
74.2196433357975));
#3723=CARTESIAN_POINT('Ctrl Pts',(-6.63739081406342E-15,1.96535944981389,
69.8236209526124));
#3724=CARTESIAN_POINT('Ctrl Pts',(65.5487804878049,15.5962443621496,106.434756431166));
#3725=CARTESIAN_POINT('Ctrl Pts',(61.8784017736093,14.7098712142187,108.695191431076));
#3726=CARTESIAN_POINT('Ctrl Pts',(53.8534988601346,12.9365282926925,112.105047033872));
#3727=CARTESIAN_POINT('Ctrl Pts',(40.8296383762631,10.3262660850871,113.422139512771));
#3728=CARTESIAN_POINT('Ctrl Pts',(27.9757137813426,7.82617734054744,110.814527194235));
#3729=CARTESIAN_POINT('Ctrl Pts',(16.4443258504025,5.51569770689559,104.4803616764));
#3730=CARTESIAN_POINT('Ctrl Pts',(7.28535796970301,3.51597325032904,94.9538865285976));
#3731=CARTESIAN_POINT('Ctrl Pts',(1.37083051045889,2.02111550609709,83.046472567648));
#3732=CARTESIAN_POINT('Ctrl Pts',(-7.04146376888038E-15,1.59075849129822,
74.2307881753337));
#3733=CARTESIAN_POINT('Ctrl Pts',(-6.66133814775094E-15,1.62025048988298,
69.8212002188447));
#3734=CARTESIAN_POINT('',(64.1402409748917,17.5512976926912,104.951663737208));
#3735=CARTESIAN_POINT('Origin',(64.5,15.5962443621496,104.731800328267));
#3736=CARTESIAN_POINT('Ctrl Pts',(64.1402409748917,17.5512976926912,104.951663737208));
#3737=CARTESIAN_POINT('Ctrl Pts',(60.6332307082878,16.6649245447603,107.094940704829));
#3738=CARTESIAN_POINT('Ctrl Pts',(52.9657871683877,14.8910046865428,110.322803589184));
#3739=CARTESIAN_POINT('Ctrl Pts',(40.5198697541749,12.2780302470983,111.544590931471));
#3740=CARTESIAN_POINT('Ctrl Pts',(28.2303579077082,9.77294639747174,109.024660016048));
#3741=CARTESIAN_POINT('Ctrl Pts',(17.1939750530165,7.45436822415532,102.951745635432));
#3742=CARTESIAN_POINT('Ctrl Pts',(8.40802031562356,5.44185507734823,93.8359549895369));
#3743=CARTESIAN_POINT('Ctrl Pts',(2.69840919141785,3.92678836892522,82.453877516635));
#3744=CARTESIAN_POINT('Ctrl Pts',(1.32738563998957,3.47464850376495,74.0377064338069));
#3745=CARTESIAN_POINT('Ctrl Pts',(1.29005387641151,3.48995755289896,69.8343151000813));
#3746=CARTESIAN_POINT('Ctrl Pts',(-6.66133814775094E-15,1.62025048988298,
69.8212002188447));
#3747=CARTESIAN_POINT('Ctrl Pts',(-7.04146376888038E-15,1.59075849129822,
74.2307881753337));
#3748=CARTESIAN_POINT('Ctrl Pts',(1.37083051045889,2.02111550609709,83.046472567648));
#3749=CARTESIAN_POINT('Ctrl Pts',(7.28535796970301,3.51597325032904,94.9538865285976));
#3750=CARTESIAN_POINT('Ctrl Pts',(16.4443258504025,5.51569770689559,104.4803616764));
#3751=CARTESIAN_POINT('Ctrl Pts',(27.9757137813426,7.82617734054744,110.814527194235));
#3752=CARTESIAN_POINT('Ctrl Pts',(37.9729068260962,9.77063170727491,112.842608465583));
#3753=CARTESIAN_POINT('Ctrl Pts',(43.735804357554,10.9143636756871,112.838733836843));
#3754=CARTESIAN_POINT('Ctrl Pts',(45.1723104815467,11.2019176880358,112.765900074627));
#3755=CARTESIAN_POINT('Ctrl Pts',(65.5223333176884,15.7274034563595,106.445752451154));
#3756=CARTESIAN_POINT('Ctrl Pts',(72.0268079925653,17.3482905794315,102.441944427915));
#3757=CARTESIAN_POINT('Ctrl Pts',(90.4465962254066,22.2113332278,88.6445463293618));
#3758=CARTESIAN_POINT('Ctrl Pts',(114.025195814048,30.3160601766499,57.7861386960154));
#3759=CARTESIAN_POINT('Ctrl Pts',(127.162250215108,40.0418763335862,13.0636090315348));
#3760=CARTESIAN_POINT('Ctrl Pts',(124.646701138064,46.5253607501849,-17.9005293669524));
#3761=CARTESIAN_POINT('Ctrl Pts',(120.656936566382,49.7671349963288,-32.6462560901372));
#3762=CARTESIAN_POINT('Ctrl Pts',(65.4302324704985,16.1466206603577,106.468608174715));
#3763=CARTESIAN_POINT('Ctrl Pts',(71.9361650954034,17.7675077834297,102.470377566691));
#3764=CARTESIAN_POINT('Ctrl Pts',(90.3615902030089,22.6305504317982,88.6895430801944));
#3765=CARTESIAN_POINT('Ctrl Pts',(113.957154593962,30.7352773806482,57.8553362317228));
#3766=CARTESIAN_POINT('Ctrl Pts',(127.123448628841,40.4610935375844,13.1524860657016));
#3767=CARTESIAN_POINT('Ctrl Pts',(124.630976525932,46.9445779541831,-17.8060951055296));
#3768=CARTESIAN_POINT('Ctrl Pts',(120.652735752783,50.1863522003271,-32.5514547013412));
#3769=CARTESIAN_POINT('Ctrl Pts',(65.0441708762574,17.104400909993,106.235631188436));
#3770=CARTESIAN_POINT('Ctrl Pts',(71.5357579457365,18.725288033065,102.261049986017));
#3771=CARTESIAN_POINT('Ctrl Pts',(89.9250997815909,23.5883306814335,88.5548446903498));
#3772=CARTESIAN_POINT('Ctrl Pts',(113.495966988122,31.6930576302835,57.8584870614698));
#3773=CARTESIAN_POINT('Ctrl Pts',(126.694159008716,41.4188737872197,13.3209778180641));
#3774=CARTESIAN_POINT('Ctrl Pts',(124.260862439709,47.9023582038184,-17.5428770433963));
#3775=CARTESIAN_POINT('Ctrl Pts',(120.319842431559,51.1441324499624,-32.2473102169797));
#3776=CARTESIAN_POINT('Ctrl Pts',(64.4406933741647,17.5517025221479,105.439689460056));
#3777=CARTESIAN_POINT('Ctrl Pts',(70.8838405678977,19.1725896452198,101.501967680702));
#3778=CARTESIAN_POINT('Ctrl Pts',(89.1370695765653,24.0356322935884,87.9197337478551));
#3779=CARTESIAN_POINT('Ctrl Pts',(112.544390054666,32.1403592424383,57.487227399393));
#3780=CARTESIAN_POINT('Ctrl Pts',(125.672711373908,41.8661753993746,13.3151978421159));
#3781=CARTESIAN_POINT('Ctrl Pts',(123.283240869558,48.3496598159732,-17.3036974845916));
#3782=CARTESIAN_POINT('Ctrl Pts',(119.385439901444,51.5914340621172,-31.8943226219799));
#3783=CARTESIAN_POINT('Ctrl Pts',(64.1402409748917,17.5512976926912,104.951663737209));
#3784=CARTESIAN_POINT('Ctrl Pts',(70.5534178574368,19.1721848157632,101.032309855492));
#3785=CARTESIAN_POINT('Ctrl Pts',(88.7224105179069,24.0352274641317,87.5133603871886));
#3786=CARTESIAN_POINT('Ctrl Pts',(112.021549820396,32.1399544129816,57.2222098694331));
#3787=CARTESIAN_POINT('Ctrl Pts',(125.089629306943,41.865770569918,13.2555267270864));
#3788=CARTESIAN_POINT('Ctrl Pts',(122.7118169506,48.3492549865166,-17.2218728515633));
#3789=CARTESIAN_POINT('Ctrl Pts',(118.832245531079,51.5910292326605,-31.7446004159221));
#3790=CARTESIAN_POINT('Origin',(118.723429662027,49.635975902119,-32.1519400547747));
#3791=CARTESIAN_POINT('Ctrl Pts',(118.832245531079,51.5910292326605,-31.7446004159221));
#3792=CARTESIAN_POINT('Ctrl Pts',(122.7118169506,48.3492549865166,-17.2218728515633));
#3793=CARTESIAN_POINT('Ctrl Pts',(125.089629306943,41.865770569918,13.2555267270864));
#3794=CARTESIAN_POINT('Ctrl Pts',(112.021549820396,32.1399544129816,57.2222098694331));
#3795=CARTESIAN_POINT('Ctrl Pts',(88.7224105179069,24.0352274641317,87.5133603871886));
#3796=CARTESIAN_POINT('Ctrl Pts',(70.5534178574368,19.1721848157632,101.032309855492));
#3797=CARTESIAN_POINT('Ctrl Pts',(64.1402409748917,17.5512976926912,104.951663737209));
#3798=CARTESIAN_POINT('Origin',(118.723429662027,49.635975902119,-32.1519400547747));
#3799=CARTESIAN_POINT('Origin',(43.,2.99999999999998,69.8212002188447));
#3800=CARTESIAN_POINT('',(-1.77635683940025E-14,2.99999999999998,69.8212002188447));
#3801=CARTESIAN_POINT('Origin',(-1.37772764904077E-14,1.49999999999999,
75.));
#3802=CARTESIAN_POINT('Ctrl Pts',(-69.8343151000813,3.48995755289896,1.29005387641151));
#3803=CARTESIAN_POINT('Ctrl Pts',(-63.4271170757627,3.51329302218505,1.23314934793649));
#3804=CARTESIAN_POINT('Ctrl Pts',(-48.4775777107539,3.56695964950061,1.07539065767661));
#3805=CARTESIAN_POINT('Ctrl Pts',(-33.5348339289885,3.62889444183125,0.778883220913917));
#3806=CARTESIAN_POINT('Ctrl Pts',(-24.9940611622511,3.57819349679784,0.544891381514348));
#3807=CARTESIAN_POINT('Ctrl Pts',(-69.8331693730449,3.32661837401989,0.859864271392315));
#3808=CARTESIAN_POINT('Ctrl Pts',(-63.4257490028393,3.34075242929591,0.818874779278819));
#3809=CARTESIAN_POINT('Ctrl Pts',(-48.4756437182846,3.37350504757607,0.705870590438595));
#3810=CARTESIAN_POINT('Ctrl Pts',(-33.5309096953271,3.40602743895428,0.500730438494245));
#3811=CARTESIAN_POINT('Ctrl Pts',(-24.9892164604445,3.36870110820881,0.34729692411475));
#3812=CARTESIAN_POINT('Ctrl Pts',(-69.829273268065,2.7711749149603,0.212703618662244));
#3813=CARTESIAN_POINT('Ctrl Pts',(-63.4213204329757,2.78713593352566,0.201706021105239));
#3814=CARTESIAN_POINT('Ctrl Pts',(-48.4698656389567,2.82907593484451,0.17182937218883));
#3815=CARTESIAN_POINT('Ctrl Pts',(-33.5216065292492,2.89129553406255,0.119718807264261));
#3816=CARTESIAN_POINT('Ctrl Pts',(-24.9789873475506,2.92637846817991,0.0822524866059999));
#3817=CARTESIAN_POINT('Ctrl Pts',(-69.8236209526124,1.96535944981389,-8.90573153068877E-15));
#3818=CARTESIAN_POINT('Ctrl Pts',(-63.4150232391671,2.0016493553093,5.43710165617236E-5));
#3819=CARTESIAN_POINT('Ctrl Pts',(-48.461935382231,2.10284888210185,7.02232592203508E-6));
#3820=CARTESIAN_POINT('Ctrl Pts',(-33.5102817997111,2.27355553179122,-5.14363453388994E-5));
#3821=CARTESIAN_POINT('Ctrl Pts',(-24.9673327457465,2.42241548605559,-3.31568015038876E-15));
#3822=CARTESIAN_POINT('Ctrl Pts',(-69.8212002188447,1.62025048988298,-8.88178419700125E-15));
#3823=CARTESIAN_POINT('Ctrl Pts',(-63.412326221917,1.66520492311629,-8.11226499240287E-15));
#3824=CARTESIAN_POINT('Ctrl Pts',(-48.4585384579696,1.79175322188346,-6.02659470429008E-15));
#3825=CARTESIAN_POINT('Ctrl Pts',(-33.5054299763895,2.00889332311378,-4.40056258691055E-15));
#3826=CARTESIAN_POINT('Ctrl Pts',(-24.9623385806253,2.20646007290536,-3.33066907387547E-15));
#3827=CARTESIAN_POINT('',(-69.8212002188447,1.62025048988298,-8.55063093606346E-15));
#3828=CARTESIAN_POINT('Ctrl Pts',(-35.3662560892457,1.99926329410718,-4.58340533659575E-15));
#3829=CARTESIAN_POINT('Ctrl Pts',(-40.4422141020373,1.91303593454469,-5.17960785292855E-15));
#3830=CARTESIAN_POINT('Ctrl Pts',(-51.92706980738,1.7624003416355,-6.51036596633075E-15));
#3831=CARTESIAN_POINT('Ctrl Pts',(-63.412326221917,1.66520492311629,-8.11226499240287E-15));
#3832=CARTESIAN_POINT('Ctrl Pts',(-69.8212002188447,1.62025048988298,-8.88178419700125E-15));
#3833=CARTESIAN_POINT('',(-69.8343151000813,3.48995755289896,1.29005387641151));
#3834=CARTESIAN_POINT('Origin',(-69.8212002188447,1.62025048988298,1.99999999999999));
#3835=CARTESIAN_POINT('',(-24.9940611622512,3.57819349679784,0.544891381514349));
#3836=CARTESIAN_POINT('Ctrl Pts',(-69.8343151000813,3.48995755289896,1.29005387641151));
#3837=CARTESIAN_POINT('Ctrl Pts',(-63.4271170757627,3.51329302218505,1.23314934793649));
#3838=CARTESIAN_POINT('Ctrl Pts',(-48.4775777107539,3.56695964950061,1.07539065767661));
#3839=CARTESIAN_POINT('Ctrl Pts',(-33.5348339289885,3.62889444183125,0.778883220913917));
#3840=CARTESIAN_POINT('Ctrl Pts',(-24.9940611622511,3.57819349679784,0.544891381514348));
#3841=CARTESIAN_POINT('Ctrl Pts',(-24.9999985972534,2.38847461753917,0.00837480314181232));
#3842=CARTESIAN_POINT('Ctrl Pts',(-24.9999927439276,2.57885828253869,0.0258478271436103));
#3843=CARTESIAN_POINT('Ctrl Pts',(-25.0000007465312,2.76607857777537,0.0705467582415406));
#3844=CARTESIAN_POINT('Ctrl Pts',(-24.9990728191867,3.17921255729343,0.234655393175568));
#3845=CARTESIAN_POINT('Ctrl Pts',(-24.9978391100346,3.39427945298616,0.37159765514965));
#3846=CARTESIAN_POINT('Ctrl Pts',(-24.9940611622511,3.57819349679784,0.544891381514348));
#3847=CARTESIAN_POINT('Ctrl Pts',(-104.951663737209,17.5512976926912,64.1402409748917));
#3848=CARTESIAN_POINT('Ctrl Pts',(-107.094940704829,16.6649245447603,60.6332307082878));
#3849=CARTESIAN_POINT('Ctrl Pts',(-110.322803589184,14.8910046865428,52.9657871683877));
#3850=CARTESIAN_POINT('Ctrl Pts',(-111.544590931471,12.2780302470983,40.519869754175));
#3851=CARTESIAN_POINT('Ctrl Pts',(-109.024660016048,9.77294639747175,28.2303579077082));
#3852=CARTESIAN_POINT('Ctrl Pts',(-102.951745635432,7.45436822415532,17.1939750530165));
#3853=CARTESIAN_POINT('Ctrl Pts',(-93.835954989537,5.44185507734822,8.40802031562354));
#3854=CARTESIAN_POINT('Ctrl Pts',(-82.4538775166349,3.92678836892521,2.69840919141783));
#3855=CARTESIAN_POINT('Ctrl Pts',(-74.037706433807,3.47464850376495,1.32738563998956));
#3856=CARTESIAN_POINT('Ctrl Pts',(-69.8343151000813,3.48995755289896,1.29005387641151));
#3857=CARTESIAN_POINT('Ctrl Pts',(-105.461469104023,17.5517205889034,64.4541019835452));
#3858=CARTESIAN_POINT('Ctrl Pts',(-107.630682554542,16.6568419165592,60.8944209052853));
#3859=CARTESIAN_POINT('Ctrl Pts',(-110.894198934965,14.8673868124766,53.116162115068));
#3860=CARTESIAN_POINT('Ctrl Pts',(-112.116522715038,12.23059639135,40.4994251210135));
#3861=CARTESIAN_POINT('Ctrl Pts',(-109.546999839634,9.70228051220426,28.051587166235));
#3862=CARTESIAN_POINT('Ctrl Pts',(-103.380122670557,7.3598745446159,16.8839718783841));
#3863=CARTESIAN_POINT('Ctrl Pts',(-94.1366313398182,5.32311134906679,8.00601526286264));
#3864=CARTESIAN_POINT('Ctrl Pts',(-82.6062041828752,3.78361482679392,2.25283861754292));
#3865=CARTESIAN_POINT('Ctrl Pts',(-74.0872591532577,3.31708676843638,0.887013256999669));
#3866=CARTESIAN_POINT('Ctrl Pts',(-69.8331693730449,3.32661837401989,0.85986427139231));
#3867=CARTESIAN_POINT('Ctrl Pts',(-106.288790584172,17.0611052466355,65.08787521582));
#3868=CARTESIAN_POINT('Ctrl Pts',(-108.507401994155,16.1616094965374,61.438175107187));
#3869=CARTESIAN_POINT('Ctrl Pts',(-111.84030533922,14.3621942448179,53.46726766552));
#3870=CARTESIAN_POINT('Ctrl Pts',(-113.075518732052,11.7131993312928,40.5561409910785));
#3871=CARTESIAN_POINT('Ctrl Pts',(-110.429819914604,9.17310067013786,27.8343734186951));
#3872=CARTESIAN_POINT('Ctrl Pts',(-104.1090065269,6.82026779636503,16.4394271350151));
#3873=CARTESIAN_POINT('Ctrl Pts',(-94.6511848246245,4.77437616151137,7.40280789471426));
#3874=CARTESIAN_POINT('Ctrl Pts',(-82.8684455372803,3.22842076863939,1.57486705844932));
#3875=CARTESIAN_POINT('Ctrl Pts',(-74.1716047798942,2.76042592595768,0.220388392511858));
#3876=CARTESIAN_POINT('Ctrl Pts',(-69.8292738749082,2.7712614288251,0.21260895273085));
#3877=CARTESIAN_POINT('Ctrl Pts',(-106.484392648642,16.0351592434053,65.468183737142));
#3878=CARTESIAN_POINT('Ctrl Pts',(-108.736358905939,15.1448888937346,61.793369842567));
#3879=CARTESIAN_POINT('Ctrl Pts',(-112.127815411647,13.3637122172302,53.7634596505057));
#3880=CARTESIAN_POINT('Ctrl Pts',(-113.417151717947,10.7419129612009,40.7420596957819));
#3881=CARTESIAN_POINT('Ctrl Pts',(-110.786171292801,8.22985685519105,27.9007606446408));
#3882=CARTESIAN_POINT('Ctrl Pts',(-104.437054890483,5.90672918480044,16.3898667567232));
#3883=CARTESIAN_POINT('Ctrl Pts',(-94.9081296696013,3.89320174876481,7.25527350459372));
#3884=CARTESIAN_POINT('Ctrl Pts',(-83.0140304596645,2.38307878870421,1.36335433560123));
#3885=CARTESIAN_POINT('Ctrl Pts',(-74.2196433357975,1.94143677692473,0.000215852742580369));
#3886=CARTESIAN_POINT('Ctrl Pts',(-69.8236209526124,1.96535944981389,-1.40835015629082E-14));
#3887=CARTESIAN_POINT('Ctrl Pts',(-106.434756431166,15.5962443621496,65.5487804878049));
#3888=CARTESIAN_POINT('Ctrl Pts',(-108.695191431076,14.7098712142187,61.8784017736093));
#3889=CARTESIAN_POINT('Ctrl Pts',(-112.105047033872,12.9365282926925,53.8534988601346));
#3890=CARTESIAN_POINT('Ctrl Pts',(-113.422139512771,10.3262660850871,40.8296383762631));
#3891=CARTESIAN_POINT('Ctrl Pts',(-110.814527194235,7.82617734054744,27.9757137813426));
#3892=CARTESIAN_POINT('Ctrl Pts',(-104.4803616764,5.51569770689558,16.4443258504025));
#3893=CARTESIAN_POINT('Ctrl Pts',(-94.9538865285976,3.51597325032903,7.28535796970299));
#3894=CARTESIAN_POINT('Ctrl Pts',(-83.046472567648,2.02111550609709,1.37083051045887));
#3895=CARTESIAN_POINT('Ctrl Pts',(-74.2307881753337,1.59075849129822,-1.40138336016868E-14));
#3896=CARTESIAN_POINT('Ctrl Pts',(-69.8212002188447,1.62025048988298,-1.41553435639707E-14));
#3897=CARTESIAN_POINT('',(-104.951663737209,17.5512976926912,64.1402409748917));
#3898=CARTESIAN_POINT('Origin',(-104.731800328267,15.5962443621496,64.5));
#3899=CARTESIAN_POINT('Ctrl Pts',(-104.951663737209,17.5512976926912,64.1402409748917));
#3900=CARTESIAN_POINT('Ctrl Pts',(-107.094940704829,16.6649245447603,60.6332307082878));
#3901=CARTESIAN_POINT('Ctrl Pts',(-110.322803589184,14.8910046865428,52.9657871683877));
#3902=CARTESIAN_POINT('Ctrl Pts',(-111.544590931471,12.2780302470983,40.519869754175));
#3903=CARTESIAN_POINT('Ctrl Pts',(-109.024660016048,9.77294639747175,28.2303579077082));
#3904=CARTESIAN_POINT('Ctrl Pts',(-102.951745635432,7.45436822415532,17.1939750530165));
#3905=CARTESIAN_POINT('Ctrl Pts',(-93.835954989537,5.44185507734822,8.40802031562354));
#3906=CARTESIAN_POINT('Ctrl Pts',(-82.4538775166349,3.92678836892521,2.69840919141783));
#3907=CARTESIAN_POINT('Ctrl Pts',(-74.037706433807,3.47464850376495,1.32738563998956));
#3908=CARTESIAN_POINT('Ctrl Pts',(-69.8343151000813,3.48995755289896,1.29005387641151));
#3909=CARTESIAN_POINT('Ctrl Pts',(-69.8212002188447,1.62025048988298,-1.41553435639707E-14));
#3910=CARTESIAN_POINT('Ctrl Pts',(-74.2307881753337,1.59075849129822,-1.40138336016868E-14));
#3911=CARTESIAN_POINT('Ctrl Pts',(-83.046472567648,2.02111550609709,1.37083051045887));
#3912=CARTESIAN_POINT('Ctrl Pts',(-94.9538865285976,3.51597325032903,7.28535796970299));
#3913=CARTESIAN_POINT('Ctrl Pts',(-104.4803616764,5.51569770689558,16.4443258504025));
#3914=CARTESIAN_POINT('Ctrl Pts',(-110.814527194235,7.82617734054744,27.9757137813426));
#3915=CARTESIAN_POINT('Ctrl Pts',(-112.842608465601,9.7706317072915,37.9729068261815));
#3916=CARTESIAN_POINT('Ctrl Pts',(-112.838733836843,10.9143636757212,43.7358043577261));
#3917=CARTESIAN_POINT('Ctrl Pts',(-112.765900074614,11.2019176880873,45.172310481804));
#3918=CARTESIAN_POINT('Ctrl Pts',(-106.445752451154,15.7274034563595,65.5223333176884));
#3919=CARTESIAN_POINT('Ctrl Pts',(-102.441944427915,17.3482905794315,72.0268079925652));
#3920=CARTESIAN_POINT('Ctrl Pts',(-88.6445463293618,22.2113332278,90.4465962254068));
#3921=CARTESIAN_POINT('Ctrl Pts',(-57.7861386960154,30.3160601766499,114.025195814048));
#3922=CARTESIAN_POINT('Ctrl Pts',(-13.0636090315349,40.0418763335862,127.162250215108));
#3923=CARTESIAN_POINT('Ctrl Pts',(17.9005293669524,46.5253607501849,124.646701138064));
#3924=CARTESIAN_POINT('Ctrl Pts',(32.6462560901372,49.7671349963288,120.656936566382));
#3925=CARTESIAN_POINT('Ctrl Pts',(-106.468608174715,16.1466206603577,65.4302324704985));
#3926=CARTESIAN_POINT('Ctrl Pts',(-102.470377566691,17.7675077834297,71.9361650954034));
#3927=CARTESIAN_POINT('Ctrl Pts',(-88.6895430801943,22.6305504317983,90.3615902030089));
#3928=CARTESIAN_POINT('Ctrl Pts',(-57.8553362317229,30.7352773806481,113.957154593962));
#3929=CARTESIAN_POINT('Ctrl Pts',(-13.1524860657016,40.4610935375845,127.123448628841));
#3930=CARTESIAN_POINT('Ctrl Pts',(17.8060951055296,46.9445779541831,124.630976525932));
#3931=CARTESIAN_POINT('Ctrl Pts',(32.5514547013411,50.1863522003271,120.652735752783));
#3932=CARTESIAN_POINT('Ctrl Pts',(-106.235631188436,17.104400909993,65.0441708762573));
#3933=CARTESIAN_POINT('Ctrl Pts',(-102.261049986017,18.725288033065,71.5357579457365));
#3934=CARTESIAN_POINT('Ctrl Pts',(-88.5548446903497,23.5883306814335,89.9250997815911));
#3935=CARTESIAN_POINT('Ctrl Pts',(-57.8584870614699,31.6930576302835,113.495966988122));
#3936=CARTESIAN_POINT('Ctrl Pts',(-13.320977818064,41.4188737872197,126.694159008716));
#3937=CARTESIAN_POINT('Ctrl Pts',(17.5428770433962,47.9023582038184,124.260862439709));
#3938=CARTESIAN_POINT('Ctrl Pts',(32.2473102169797,51.1441324499623,120.319842431559));
#3939=CARTESIAN_POINT('Ctrl Pts',(-105.439689460056,17.5517025221478,64.4406933741647));
#3940=CARTESIAN_POINT('Ctrl Pts',(-101.501967680702,19.1725896452198,70.8838405678977));
#3941=CARTESIAN_POINT('Ctrl Pts',(-87.9197337478551,24.0356322935884,89.1370695765653));
#3942=CARTESIAN_POINT('Ctrl Pts',(-57.4872273993931,32.1403592424382,112.544390054666));
#3943=CARTESIAN_POINT('Ctrl Pts',(-13.3151978421159,41.8661753993746,125.672711373908));
#3944=CARTESIAN_POINT('Ctrl Pts',(17.3036974845916,48.3496598159733,123.283240869558));
#3945=CARTESIAN_POINT('Ctrl Pts',(31.8943226219799,51.5914340621172,119.385439901444));
#3946=CARTESIAN_POINT('Ctrl Pts',(-104.951663737209,17.5512976926912,64.1402409748917));
#3947=CARTESIAN_POINT('Ctrl Pts',(-101.032309855492,19.1721848157632,70.5534178574368));
#3948=CARTESIAN_POINT('Ctrl Pts',(-87.5133603871886,24.0352274641317,88.7224105179068));
#3949=CARTESIAN_POINT('Ctrl Pts',(-57.2222098694331,32.1399544129816,112.021549820396));
#3950=CARTESIAN_POINT('Ctrl Pts',(-13.2555267270864,41.8657705699179,125.089629306943));
#3951=CARTESIAN_POINT('Ctrl Pts',(17.2218728515633,48.3492549865166,122.7118169506));
#3952=CARTESIAN_POINT('Ctrl Pts',(31.7446004159221,51.5910292326605,118.832245531079));
#3953=CARTESIAN_POINT('Origin',(32.1519400547747,49.6359759021189,118.723429662027));
#3954=CARTESIAN_POINT('Ctrl Pts',(31.7446004159221,51.5910292326605,118.832245531079));
#3955=CARTESIAN_POINT('Ctrl Pts',(17.2218728515633,48.3492549865166,122.7118169506));
#3956=CARTESIAN_POINT('Ctrl Pts',(-13.2555267270864,41.8657705699179,125.089629306943));
#3957=CARTESIAN_POINT('Ctrl Pts',(-57.2222098694331,32.1399544129816,112.021549820396));
#3958=CARTESIAN_POINT('Ctrl Pts',(-87.5133603871886,24.0352274641317,88.7224105179068));
#3959=CARTESIAN_POINT('Ctrl Pts',(-101.032309855492,19.1721848157632,70.5534178574368));
#3960=CARTESIAN_POINT('Ctrl Pts',(-104.951663737209,17.5512976926912,64.1402409748917));
#3961=CARTESIAN_POINT('Origin',(32.1519400547747,49.6359759021189,118.723429662027));
#3962=CARTESIAN_POINT('Origin',(-69.8212002188447,2.99999999999998,43.));
#3963=CARTESIAN_POINT('',(-69.8212002188447,2.99999999999998,-8.88178419700125E-15));
#3964=CARTESIAN_POINT('Origin',(-75.,1.49999999999999,-9.18485099360515E-15));
#3965=CARTESIAN_POINT('Ctrl Pts',(-1.29005387641152,3.48995755289896,-69.8343151000813));
#3966=CARTESIAN_POINT('Ctrl Pts',(-1.23314934793649,3.51329302218505,-63.4271170757627));
#3967=CARTESIAN_POINT('Ctrl Pts',(-1.07539065767661,3.56695964950061,-48.4775777107539));
#3968=CARTESIAN_POINT('Ctrl Pts',(-0.778883220913918,3.62889444183125,-33.5348339289885));
#3969=CARTESIAN_POINT('Ctrl Pts',(-0.54489138151435,3.57819349679784,-24.9940611622511));
#3970=CARTESIAN_POINT('Ctrl Pts',(-0.85986427139232,3.32661837401989,-69.8331693730449));
#3971=CARTESIAN_POINT('Ctrl Pts',(-0.818874779278823,3.34075242929591,-63.4257490028393));
#3972=CARTESIAN_POINT('Ctrl Pts',(-0.705870590438598,3.37350504757607,-48.4756437182846));
#3973=CARTESIAN_POINT('Ctrl Pts',(-0.500730438494247,3.40602743895428,-33.5309096953271));
#3974=CARTESIAN_POINT('Ctrl Pts',(-0.347296924114752,3.36870110820881,-24.9892164604445));
#3975=CARTESIAN_POINT('Ctrl Pts',(-0.212703618662248,2.7711749149603,-69.829273268065));
#3976=CARTESIAN_POINT('Ctrl Pts',(-0.201706021105243,2.78713593352566,-63.4213204329757));
#3977=CARTESIAN_POINT('Ctrl Pts',(-0.171829372188833,2.82907593484451,-48.4698656389567));
#3978=CARTESIAN_POINT('Ctrl Pts',(-0.119718807264263,2.89129553406255,-33.5216065292492));
#3979=CARTESIAN_POINT('Ctrl Pts',(-0.0822524866060016,2.92637846817991,
-24.9789873475506));
#3980=CARTESIAN_POINT('Ctrl Pts',(4.94810894343818E-15,1.96535944981389,
-69.8236209526124));
#3981=CARTESIAN_POINT('Ctrl Pts',(-5.43710165653331E-5,2.0016493553093,
-63.415023239167));
#3982=CARTESIAN_POINT('Ctrl Pts',(-7.02232592492961E-6,2.10284888210185,
-48.461935382231));
#3983=CARTESIAN_POINT('Ctrl Pts',(5.14363453366873E-5,2.27355553179122,
-33.5102817997111));
#3984=CARTESIAN_POINT('Ctrl Pts',(1.65034561345103E-15,2.4224154860556,
-24.9673327457465));
#3985=CARTESIAN_POINT('Ctrl Pts',(4.9960036108132E-15,1.62025048988298,
-69.8212002188447));
#3986=CARTESIAN_POINT('Ctrl Pts',(4.61458237968197E-15,1.66520492311629,
-63.4123262219169));
#3987=CARTESIAN_POINT('Ctrl Pts',(3.12961754434741E-15,1.79175322188346,
-48.4585384579696));
#3988=CARTESIAN_POINT('Ctrl Pts',(2.1824668462002E-15,2.00889332311378,
-33.5054299763895));
#3989=CARTESIAN_POINT('Ctrl Pts',(1.66533453693773E-15,2.20646007290536,
-24.9623385806253));
#3990=CARTESIAN_POINT('',(4.27531546803173E-15,1.62025048988298,-69.8212002188447));
#3991=CARTESIAN_POINT('Ctrl Pts',(2.31711027477936E-15,1.9992632941064,
-35.3662560892918));
#3992=CARTESIAN_POINT('Ctrl Pts',(2.65078492704117E-15,1.91303593454428,
-40.4422141020681));
#3993=CARTESIAN_POINT('Ctrl Pts',(3.47405516546778E-15,1.76240034163537,
-51.9270698073954));
#3994=CARTESIAN_POINT('Ctrl Pts',(4.61458237968197E-15,1.66520492311629,
-63.4123262219169));
#3995=CARTESIAN_POINT('Ctrl Pts',(4.9960036108132E-15,1.62025048988298,
-69.8212002188447));
#3996=CARTESIAN_POINT('',(-1.29005387641152,3.48995755289896,-69.8343151000813));
#3997=CARTESIAN_POINT('Origin',(-2.,1.62025048988298,-69.8212002188447));
#3998=CARTESIAN_POINT('',(-0.54489138151435,3.57819349679784,-24.9940611622512));
#3999=CARTESIAN_POINT('Ctrl Pts',(-1.29005387641152,3.48995755289896,-69.8343151000813));
#4000=CARTESIAN_POINT('Ctrl Pts',(-1.23314934793649,3.51329302218505,-63.4271170757627));
#4001=CARTESIAN_POINT('Ctrl Pts',(-1.07539065767661,3.56695964950061,-48.4775777107539));
#4002=CARTESIAN_POINT('Ctrl Pts',(-0.778883220913918,3.62889444183125,-33.5348339289885));
#4003=CARTESIAN_POINT('Ctrl Pts',(-0.54489138151435,3.57819349679784,-24.9940611622511));
#4004=CARTESIAN_POINT('Ctrl Pts',(-0.00837480314181332,2.38847461753917,
-24.9999985972534));
#4005=CARTESIAN_POINT('Ctrl Pts',(-0.0258478271436111,2.57885828253869,
-24.9999927439276));
#4006=CARTESIAN_POINT('Ctrl Pts',(-0.0705467582415415,2.76607857777537,
-25.0000007465312));
#4007=CARTESIAN_POINT('Ctrl Pts',(-0.234655393175569,3.17921255729343,-24.9990728191867));
#4008=CARTESIAN_POINT('Ctrl Pts',(-0.371597655149652,3.39427945298616,-24.9978391100346));
#4009=CARTESIAN_POINT('Ctrl Pts',(-0.54489138151435,3.57819349679784,-24.9940611622512));
#4010=CARTESIAN_POINT('Ctrl Pts',(-64.1402409748917,17.5512976926912,-104.951663737209));
#4011=CARTESIAN_POINT('Ctrl Pts',(-60.6332307082878,16.6649245447603,-107.094940704829));
#4012=CARTESIAN_POINT('Ctrl Pts',(-52.9658856689684,14.8909208591461,-110.321626959272));
#4013=CARTESIAN_POINT('Ctrl Pts',(-40.5196131955838,12.2781844509944,-111.54624415795));
#4014=CARTESIAN_POINT('Ctrl Pts',(-28.2307836167919,9.77265324564568,-109.022983465205));
#4015=CARTESIAN_POINT('Ctrl Pts',(-17.1931971076791,7.45481308149153,-102.953279758354));
#4016=CARTESIAN_POINT('Ctrl Pts',(-8.40916586917541,5.4412334967473,-93.834832121471));
#4017=CARTESIAN_POINT('Ctrl Pts',(-2.6975164579564,3.92735327886399,-82.4546575863461));
#4018=CARTESIAN_POINT('Ctrl Pts',(-1.32738563998958,3.47464850376495,-74.037706433807));
#4019=CARTESIAN_POINT('Ctrl Pts',(-1.29005387641152,3.48995755289896,-69.8343151000813));
#4020=CARTESIAN_POINT('Ctrl Pts',(-64.4541019835452,17.5517205889034,-105.461469104023));
#4021=CARTESIAN_POINT('Ctrl Pts',(-60.8944209052853,16.6568419165592,-107.630682554542));
#4022=CARTESIAN_POINT('Ctrl Pts',(-53.1162263632038,14.8671800121442,-110.892882062357));
#4023=CARTESIAN_POINT('Ctrl Pts',(-40.4990956892708,12.2307919091139,-112.118287195323));
#4024=CARTESIAN_POINT('Ctrl Pts',(-28.0521270930464,9.70197214068569,-109.545258249665));
#4025=CARTESIAN_POINT('Ctrl Pts',(-16.8830541805326,7.36028005490985,-103.381647764183));
#4026=CARTESIAN_POINT('Ctrl Pts',(-8.00727748395495,5.32255446218128,-94.135573610759));
#4027=CARTESIAN_POINT('Ctrl Pts',(-2.25187860844467,3.78405169236056,-82.606866713674));
#4028=CARTESIAN_POINT('Ctrl Pts',(-0.887013256999688,3.31708676843639,-74.0872591532577));
#4029=CARTESIAN_POINT('Ctrl Pts',(-0.859864271392328,3.32661837401989,-69.8331693730449));
#4030=CARTESIAN_POINT('Ctrl Pts',(-65.08787521582,17.0611052466355,-106.288790584172));
#4031=CARTESIAN_POINT('Ctrl Pts',(-61.438175107187,16.1616094965373,-108.507401994155));
#4032=CARTESIAN_POINT('Ctrl Pts',(-53.467395314758,14.3621401951712,-111.839126955462));
#4033=CARTESIAN_POINT('Ctrl Pts',(-40.5558810446577,11.7133463281005,-113.077198739245));
#4034=CARTESIAN_POINT('Ctrl Pts',(-27.8347953244447,9.17280575888863,-110.428103876656));
#4035=CARTESIAN_POINT('Ctrl Pts',(-16.4386442738526,6.82073270128583,-104.110588853344));
#4036=CARTESIAN_POINT('Ctrl Pts',(-7.4039789185856,4.77372374097713,-94.6500188968413));
#4037=CARTESIAN_POINT('Ctrl Pts',(-1.5739436915877,3.22903310431415,-82.8692707807826));
#4038=CARTESIAN_POINT('Ctrl Pts',(-0.220388392511878,2.76042592595769,-74.1716047798942));
#4039=CARTESIAN_POINT('Ctrl Pts',(-0.212608952730868,2.7712614288251,-69.8292738749082));
#4040=CARTESIAN_POINT('Ctrl Pts',(-65.468183737142,16.0351592434053,-106.484392648642));
#4041=CARTESIAN_POINT('Ctrl Pts',(-61.793369842567,15.1448888937345,-108.736358905939));
#4042=CARTESIAN_POINT('Ctrl Pts',(-53.763526335868,13.3636471991442,-112.126525259109));
#4043=CARTESIAN_POINT('Ctrl Pts',(-40.7417612749282,10.7420629897907,-113.418940074024));
#4044=CARTESIAN_POINT('Ctrl Pts',(-27.9012622226097,8.22956145293517,-110.784380723968));
#4045=CARTESIAN_POINT('Ctrl Pts',(-16.3889757522136,5.90718825035205,-104.438653913506));
#4046=CARTESIAN_POINT('Ctrl Pts',(-7.25653376733263,3.8925566659534,-94.9069989800481));
#4047=CARTESIAN_POINT('Ctrl Pts',(-1.36237545181122,2.38367698448748,-83.0147692259128));
#4048=CARTESIAN_POINT('Ctrl Pts',(-0.000215852742599738,1.94143677692473,
-74.2196433357975));
#4049=CARTESIAN_POINT('Ctrl Pts',(-3.63217216371927E-15,1.96535944981389,
-69.8236209526124));
#4050=CARTESIAN_POINT('Ctrl Pts',(-65.5487804878049,15.5962443621496,-106.434756431166));
#4051=CARTESIAN_POINT('Ctrl Pts',(-61.8784017736093,14.7098712142187,-108.695191431076));
#4052=CARTESIAN_POINT('Ctrl Pts',(-53.8535978237308,12.9364423824047,-112.10381542726));
#4053=CARTESIAN_POINT('Ctrl Pts',(-40.8293752178064,10.3264233726197,-113.423868736169));
#4054=CARTESIAN_POINT('Ctrl Pts',(-27.9761508623467,7.82587918030843,-110.812776627069));
#4055=CARTESIAN_POINT('Ctrl Pts',(-16.4435204835479,5.51614934795885,-104.481955401245));
#4056=CARTESIAN_POINT('Ctrl Pts',(-7.28653973142705,3.51534003704476,-94.9527318057635));
#4057=CARTESIAN_POINT('Ctrl Pts',(-1.36990788928972,2.02168998756143,-83.0472664257252));
#4058=CARTESIAN_POINT('Ctrl Pts',(-5.33053947917279E-15,1.59075849129823,
-74.2307881753337));
#4059=CARTESIAN_POINT('Ctrl Pts',(-3.60822483003176E-15,1.62025048988298,
-69.8212002188447));
#4060=CARTESIAN_POINT('',(-64.1402409748917,17.5512976926912,-104.951663737209));
#4061=CARTESIAN_POINT('Origin',(-64.5,15.5962443621496,-104.731800328267));
#4062=CARTESIAN_POINT('Ctrl Pts',(-64.1402409748917,17.5512976926912,-104.951663737209));
#4063=CARTESIAN_POINT('Ctrl Pts',(-60.6332307082878,16.6649245447603,-107.094940704829));
#4064=CARTESIAN_POINT('Ctrl Pts',(-52.9658856689684,14.8909208591461,-110.321626959272));
#4065=CARTESIAN_POINT('Ctrl Pts',(-40.5196131955838,12.2781844509944,-111.54624415795));
#4066=CARTESIAN_POINT('Ctrl Pts',(-28.2307836167919,9.77265324564568,-109.022983465205));
#4067=CARTESIAN_POINT('Ctrl Pts',(-17.1931971076791,7.45481308149153,-102.953279758354));
#4068=CARTESIAN_POINT('Ctrl Pts',(-8.40916586917541,5.4412334967473,-93.834832121471));
#4069=CARTESIAN_POINT('Ctrl Pts',(-2.6975164579564,3.92735327886399,-82.4546575863461));
#4070=CARTESIAN_POINT('Ctrl Pts',(-1.32738563998958,3.47464850376495,-74.037706433807));
#4071=CARTESIAN_POINT('Ctrl Pts',(-1.29005387641152,3.48995755289896,-69.8343151000813));
#4072=CARTESIAN_POINT('Ctrl Pts',(-3.60822483003176E-15,1.62025048988298,
-69.8212002188447));
#4073=CARTESIAN_POINT('Ctrl Pts',(-5.33053947917279E-15,1.59075849129823,
-74.2307881753337));
#4074=CARTESIAN_POINT('Ctrl Pts',(-1.36990788928972,2.02168998756143,-83.0472664257252));
#4075=CARTESIAN_POINT('Ctrl Pts',(-7.28653973142705,3.51534003704476,-94.9527318057635));
#4076=CARTESIAN_POINT('Ctrl Pts',(-16.4435204835479,5.51614934795885,-104.481955401245));
#4077=CARTESIAN_POINT('Ctrl Pts',(-27.9761508623467,7.82587918030843,-110.812776627069));
#4078=CARTESIAN_POINT('Ctrl Pts',(-37.9727992931931,9.77068777346992,-112.843564319975));
#4079=CARTESIAN_POINT('Ctrl Pts',(-43.735700364199,10.914415168314,-112.839328053488));
#4080=CARTESIAN_POINT('Ctrl Pts',(-45.1722173348587,11.2019617102078,-112.766354069335));
#4081=CARTESIAN_POINT('Ctrl Pts',(-65.5223333176884,15.7274034563595,-106.445752451154));
#4082=CARTESIAN_POINT('Ctrl Pts',(-72.0268079925652,17.3482905794315,-102.441944427915));
#4083=CARTESIAN_POINT('Ctrl Pts',(-90.4465962254068,22.2113332278,-88.6445463293618));
#4084=CARTESIAN_POINT('Ctrl Pts',(-114.025195814048,30.3160601766499,-57.7861386960154));
#4085=CARTESIAN_POINT('Ctrl Pts',(-127.162250215108,40.0418763335862,-13.0636090315348));
#4086=CARTESIAN_POINT('Ctrl Pts',(-124.646701138064,46.5253607501849,17.9005293669524));
#4087=CARTESIAN_POINT('Ctrl Pts',(-120.656936566382,49.7671349963288,32.6462560901372));
#4088=CARTESIAN_POINT('Ctrl Pts',(-65.3995321881019,16.2863597283572,-106.476226749235));
#4089=CARTESIAN_POINT('Ctrl Pts',(-71.9061643302654,17.9072468514291,-102.479778831138));
#4090=CARTESIAN_POINT('Ctrl Pts',(-90.3331507035296,22.7702894997977,-88.7045309919186));
#4091=CARTESIAN_POINT('Ctrl Pts',(-113.934552635627,30.8750164486476,-57.8785530743406));
#4092=CARTESIAN_POINT('Ctrl Pts',(-127.110503159261,40.6008326055839,-13.1818272641533));
#4093=CARTESIAN_POINT('Ctrl Pts',(-124.625760499456,47.0843170221826,17.7741641236917));
#4094=CARTESIAN_POINT('Ctrl Pts',(-120.651335481584,50.3260912683265,32.5198542384091));
#4095=CARTESIAN_POINT('Ctrl Pts',(-64.952303744674,17.225634438763,-106.136319702343));
#4096=CARTESIAN_POINT('Ctrl Pts',(-71.4377941299287,18.8465215618349,-102.167378178816));
#4097=CARTESIAN_POINT('Ctrl Pts',(-89.8105107740746,23.7095642102035,-88.479650017439));
#4098=CARTESIAN_POINT('Ctrl Pts',(-113.362763218892,31.8142911590534,-57.8209846414855));
#4099=CARTESIAN_POINT('Ctrl Pts',(-126.556413375401,41.5401073159897,-13.3337780026346));
#4100=CARTESIAN_POINT('Ctrl Pts',(-124.132217469412,48.0235917325884,17.4978357856558));
#4101=CARTESIAN_POINT('Ctrl Pts',(-120.198555939876,51.2653659787323,32.1873775208052));
#4102=CARTESIAN_POINT('Ctrl Pts',(-64.3655802743465,17.5516013147837,-105.317683029344));
#4103=CARTESIAN_POINT('Ctrl Pts',(-70.8010832037548,19.1724884378557,-101.384602731301));
#4104=CARTESIAN_POINT('Ctrl Pts',(-89.0334778402023,24.0355310862242,-87.8181502219263));
#4105=CARTESIAN_POINT('Ctrl Pts',(-112.413627836977,32.1402580350741,-57.4208652681235));
#4106=CARTESIAN_POINT('Ctrl Pts',(-125.526943352548,41.8660741920104,-13.3004803492957));
#4107=CARTESIAN_POINT('Ctrl Pts',(-123.140375972278,48.3495586086091,17.2835603238602));
#4108=CARTESIAN_POINT('Ctrl Pts',(-119.247141308853,51.591332854753,31.8568920704655));
#4109=CARTESIAN_POINT('Ctrl Pts',(-64.1402409748917,17.5512976926912,-104.951663737209));
#4110=CARTESIAN_POINT('Ctrl Pts',(-70.5534178574368,19.1721848157632,-101.032309855492));
#4111=CARTESIAN_POINT('Ctrl Pts',(-88.7224105179069,24.0352274641317,-87.5133603871886));
#4112=CARTESIAN_POINT('Ctrl Pts',(-112.021549820396,32.1399544129816,-57.2222098694331));
#4113=CARTESIAN_POINT('Ctrl Pts',(-125.089629306943,41.8657705699179,-13.2555267270864));
#4114=CARTESIAN_POINT('Ctrl Pts',(-122.7118169506,48.3492549865166,17.2218728515633));
#4115=CARTESIAN_POINT('Ctrl Pts',(-118.832245531079,51.5910292326605,31.7446004159222));
#4116=CARTESIAN_POINT('Origin',(-118.723429662027,49.635975902119,32.1519400547748));
#4117=CARTESIAN_POINT('Ctrl Pts',(-118.832245531079,51.5910292326605,31.7446004159222));
#4118=CARTESIAN_POINT('Ctrl Pts',(-122.7118169506,48.3492549865166,17.2218728515633));
#4119=CARTESIAN_POINT('Ctrl Pts',(-125.089629306943,41.8657705699179,-13.2555267270864));
#4120=CARTESIAN_POINT('Ctrl Pts',(-112.021549820396,32.1399544129816,-57.2222098694331));
#4121=CARTESIAN_POINT('Ctrl Pts',(-88.7224105179069,24.0352274641317,-87.5133603871886));
#4122=CARTESIAN_POINT('Ctrl Pts',(-70.5534178574368,19.1721848157632,-101.032309855492));
#4123=CARTESIAN_POINT('Ctrl Pts',(-64.1402409748917,17.5512976926912,-104.951663737209));
#4124=CARTESIAN_POINT('Origin',(-118.723429662027,49.635975902119,32.1519400547748));
#4125=CARTESIAN_POINT('Origin',(-43.,2.99999999999998,-69.8212002188447));
#4126=CARTESIAN_POINT('',(8.88178419700125E-15,2.99999999999998,-69.8212002188447));
#4127=CARTESIAN_POINT('Origin',(4.59242549680258E-15,1.49999999999999,-75.));
#4128=CARTESIAN_POINT('Ctrl Pts',(-4.59242549680257E-15,2.99999999999998,
25.));
#4129=CARTESIAN_POINT('Ctrl Pts',(1.96349540849362,5.08333333333332,25.));
#4130=CARTESIAN_POINT('Ctrl Pts',(5.89034807886113,9.24999999999999,24.5351974556193));
#4131=CARTESIAN_POINT('Ctrl Pts',(11.4554365347757,15.5,22.4825234227919));
#4132=CARTESIAN_POINT('Ctrl Pts',(16.3871139772919,21.75,19.1868441271326));
#4133=CARTESIAN_POINT('Ctrl Pts',(20.4135189671957,28.,14.8312896759118));
#4134=CARTESIAN_POINT('Ctrl Pts',(23.3116698419913,34.25,9.65601062766768));
#4135=CARTESIAN_POINT('Ctrl Pts',(24.922074971234,40.5,3.94728574932848));
#4136=CARTESIAN_POINT('Ctrl Pts',(25.154577077907,46.75,-1.97973905048383));
#4137=CARTESIAN_POINT('Ctrl Pts',(24.3831663569805,50.9166666666667,-5.85802975641021));
#4138=CARTESIAN_POINT('Ctrl Pts',(23.7764129073788,53.,-7.72542485937368));
#4139=CARTESIAN_POINT('Ctrl Pts',(-1.05931505642946E-14,2.99999999999998,
57.6664257899771));
#4140=CARTESIAN_POINT('Ctrl Pts',(4.52911049051432,5.08333333333332,57.6664257899771));
#4141=CARTESIAN_POINT('Ctrl Pts',(13.5870128146712,9.24999999999999,56.5942857326763));
#4142=CARTESIAN_POINT('Ctrl Pts',(26.4237632329773,15.5,51.859470741274));
#4143=CARTESIAN_POINT('Ctrl Pts',(37.7994516833359,21.75,44.2574689200461));
#4144=CARTESIAN_POINT('Ctrl Pts',(47.0869870653633,28.,34.2106986186248));
#4145=CARTESIAN_POINT('Ctrl Pts',(53.7720271593456,34.25,22.2731048115051));
#4146=CARTESIAN_POINT('Ctrl Pts',(57.4866794744363,40.5,9.10503442941939));
#4147=CARTESIAN_POINT('Ctrl Pts',(58.0229820936552,46.75,-4.56657900152981));
#4148=CARTESIAN_POINT('Ctrl Pts',(56.2436021299794,50.9166666666667,-13.5124655289403));
#4149=CARTESIAN_POINT('Ctrl Pts',(54.8440300190086,53.,-17.8199055739647));
#4150=CARTESIAN_POINT('Ctrl Pts',(-1.65938756317866E-14,2.99999999999998,
90.3328515799541));
#4151=CARTESIAN_POINT('Ctrl Pts',(7.09472557253501,5.08333333333331,90.3328515799541));
#4152=CARTESIAN_POINT('Ctrl Pts',(21.2836775504812,9.24999999999999,88.6533740097333));
#4153=CARTESIAN_POINT('Ctrl Pts',(41.392089931179,15.5,81.236418059756));
#4154=CARTESIAN_POINT('Ctrl Pts',(59.2117893893799,21.75,69.3280937129595));
#4155=CARTESIAN_POINT('Ctrl Pts',(73.7604551635308,28.,53.5901075613377));
#4156=CARTESIAN_POINT('Ctrl Pts',(84.2323844766999,34.25,34.8901989953426));
#4157=CARTESIAN_POINT('Ctrl Pts',(90.0512839776387,40.5,14.2627831095103));
#4158=CARTESIAN_POINT('Ctrl Pts',(90.8913871094035,46.75,-7.15341895257577));
#4159=CARTESIAN_POINT('Ctrl Pts',(88.1040379029782,50.9166666666667,-21.1669013014703));
#4160=CARTESIAN_POINT('Ctrl Pts',(85.9116471306383,53.,-27.9143862885556));
#4161=CARTESIAN_POINT('Ctrl Pts',(-2.25946006992786E-14,2.99999999999998,
122.999277369931));
#4162=CARTESIAN_POINT('Ctrl Pts',(9.66034065455571,5.08333333333332,122.999277369931));
#4163=CARTESIAN_POINT('Ctrl Pts',(28.9803422862913,9.24999999999999,120.71246228679));
#4164=CARTESIAN_POINT('Ctrl Pts',(56.3604166293806,15.5,110.613365378238));
#4165=CARTESIAN_POINT('Ctrl Pts',(80.624127095424,21.75,94.398718505873));
#4166=CARTESIAN_POINT('Ctrl Pts',(100.433923261698,28.,72.9695165040508));
#4167=CARTESIAN_POINT('Ctrl Pts',(114.692741794054,34.25,47.50729317918));
#4168=CARTESIAN_POINT('Ctrl Pts',(122.615888480841,40.5,19.4205317896012));
#4169=CARTESIAN_POINT('Ctrl Pts',(123.759792125152,46.75,-9.74025890362176));
#4170=CARTESIAN_POINT('Ctrl Pts',(119.964473675977,50.9166666666667,-28.8213370740004));
#4171=CARTESIAN_POINT('Ctrl Pts',(116.979264242268,53.,-38.0088670031466));
#4172=CARTESIAN_POINT('',(24.9999476810711,44.6666666666667,1.42082666743093E-7));
#4173=CARTESIAN_POINT('Ctrl Pts',(24.9999476810711,44.6666666666667,1.42082666743093E-7));
#4174=CARTESIAN_POINT('Ctrl Pts',(24.9999752624935,45.3611111111111,-0.654504743790524));
#4175=CARTESIAN_POINT('Ctrl Pts',(24.9723546083236,46.1093821487816,-1.35973465903723));
#4176=CARTESIAN_POINT('Ctrl Pts',(24.914856431394,46.8576531864521,-2.06260835864911));
#4177=CARTESIAN_POINT('Ctrl Pts',(24.9105658999709,46.9114797796781,-2.11315619666962));
#4178=CARTESIAN_POINT('Ctrl Pts',(0.544889903048589,3.57819349679783,24.9940382741922));
#4179=CARTESIAN_POINT('Ctrl Pts',(2.32630847162849,5.46879566453188,24.9550672555764));
#4180=CARTESIAN_POINT('Ctrl Pts',(6.06195863642457,9.44273116559927,24.4718991741886));
#4181=CARTESIAN_POINT('Ctrl Pts',(11.4554365347757,15.5,22.4825234227919));
#4182=CARTESIAN_POINT('Ctrl Pts',(16.3871139772919,21.75,19.1868441271326));
#4183=CARTESIAN_POINT('Ctrl Pts',(20.4135189671957,28.,14.8312896759118));
#4184=CARTESIAN_POINT('Ctrl Pts',(23.3116698419913,34.25,9.65601062766768));
#4185=CARTESIAN_POINT('Ctrl Pts',(24.7431410679848,39.8055555555555,4.58158851358839));
#4186=CARTESIAN_POINT('Ctrl Pts',(24.9998925182262,43.2777777777778,1.30900991382906));
#4187=CARTESIAN_POINT('Ctrl Pts',(24.9999476810711,44.6666666666667,1.42082666743093E-7));
#4188=CARTESIAN_POINT('Ctrl Pts',(-25.,2.99999999999998,-3.06161699786838E-15));
#4189=CARTESIAN_POINT('Ctrl Pts',(-25.,5.08333333333332,1.96349540849362));
#4190=CARTESIAN_POINT('Ctrl Pts',(-24.5351974556194,9.24999999999999,5.89034807886113));
#4191=CARTESIAN_POINT('Ctrl Pts',(-22.4825234227919,15.5,11.4554365347757));
#4192=CARTESIAN_POINT('Ctrl Pts',(-19.1868441271327,21.75,16.3871139772919));
#4193=CARTESIAN_POINT('Ctrl Pts',(-14.8312896759118,28.,20.4135189671957));
#4194=CARTESIAN_POINT('Ctrl Pts',(-9.65601062766769,34.25,23.3116698419913));
#4195=CARTESIAN_POINT('Ctrl Pts',(-3.94728574932848,40.5,24.922074971234));
#4196=CARTESIAN_POINT('Ctrl Pts',(1.97973905048382,46.75,25.154577077907));
#4197=CARTESIAN_POINT('Ctrl Pts',(5.85802975641021,50.9166666666667,24.3831663569805));
#4198=CARTESIAN_POINT('Ctrl Pts',(7.72542485937368,53.,23.7764129073788));
#4199=CARTESIAN_POINT('Ctrl Pts',(-57.6664257899771,2.99999999999998,-7.06210037619638E-15));
#4200=CARTESIAN_POINT('Ctrl Pts',(-57.6664257899771,5.08333333333332,4.52911049051432));
#4201=CARTESIAN_POINT('Ctrl Pts',(-56.5942857326763,9.24999999999998,13.5870128146712));
#4202=CARTESIAN_POINT('Ctrl Pts',(-51.859470741274,15.5,26.4237632329773));
#4203=CARTESIAN_POINT('Ctrl Pts',(-44.2574689200461,21.75,37.7994516833359));
#4204=CARTESIAN_POINT('Ctrl Pts',(-34.2106986186248,28.,47.0869870653633));
#4205=CARTESIAN_POINT('Ctrl Pts',(-22.2731048115051,34.25,53.7720271593456));
#4206=CARTESIAN_POINT('Ctrl Pts',(-9.10503442941939,40.5,57.4866794744363));
#4207=CARTESIAN_POINT('Ctrl Pts',(4.56657900152981,46.75,58.0229820936552));
#4208=CARTESIAN_POINT('Ctrl Pts',(13.5124655289403,50.9166666666667,56.2436021299794));
#4209=CARTESIAN_POINT('Ctrl Pts',(17.8199055739647,53.,54.8440300190086));
#4210=CARTESIAN_POINT('Ctrl Pts',(-90.3328515799541,2.99999999999998,-1.10625837545244E-14));
#4211=CARTESIAN_POINT('Ctrl Pts',(-90.3328515799541,5.08333333333331,7.09472557253501));
#4212=CARTESIAN_POINT('Ctrl Pts',(-88.6533740097333,9.24999999999999,21.2836775504812));
#4213=CARTESIAN_POINT('Ctrl Pts',(-81.236418059756,15.5,41.392089931179));
#4214=CARTESIAN_POINT('Ctrl Pts',(-69.3280937129596,21.75,59.2117893893799));
#4215=CARTESIAN_POINT('Ctrl Pts',(-53.5901075613378,28.,73.7604551635308));
#4216=CARTESIAN_POINT('Ctrl Pts',(-34.8901989953426,34.25,84.2323844766998));
#4217=CARTESIAN_POINT('Ctrl Pts',(-14.2627831095103,40.5,90.0512839776387));
#4218=CARTESIAN_POINT('Ctrl Pts',(7.15341895257578,46.75,90.8913871094035));
#4219=CARTESIAN_POINT('Ctrl Pts',(21.1669013014703,50.9166666666667,88.1040379029782));
#4220=CARTESIAN_POINT('Ctrl Pts',(27.9143862885556,53.,85.9116471306383));
#4221=CARTESIAN_POINT('Ctrl Pts',(-122.999277369931,2.99999999999998,-1.50630671328524E-14));
#4222=CARTESIAN_POINT('Ctrl Pts',(-122.999277369931,5.08333333333332,9.66034065455571));
#4223=CARTESIAN_POINT('Ctrl Pts',(-120.71246228679,9.24999999999999,28.9803422862913));
#4224=CARTESIAN_POINT('Ctrl Pts',(-110.613365378238,15.5,56.3604166293806));
#4225=CARTESIAN_POINT('Ctrl Pts',(-94.398718505873,21.75,80.624127095424));
#4226=CARTESIAN_POINT('Ctrl Pts',(-72.9695165040508,28.,100.433923261698));
#4227=CARTESIAN_POINT('Ctrl Pts',(-47.5072931791801,34.25,114.692741794054));
#4228=CARTESIAN_POINT('Ctrl Pts',(-19.4205317896012,40.5,122.615888480841));
#4229=CARTESIAN_POINT('Ctrl Pts',(9.74025890362176,46.75,123.759792125152));
#4230=CARTESIAN_POINT('Ctrl Pts',(28.8213370740004,50.9166666666667,119.964473675977));
#4231=CARTESIAN_POINT('Ctrl Pts',(38.0088670031466,53.,116.979264242268));
#4232=CARTESIAN_POINT('Ctrl Pts',(-24.9940382741922,3.57819349679783,0.54488990304859));
#4233=CARTESIAN_POINT('Ctrl Pts',(-24.9550672555764,5.46879566453188,2.32630847162849));
#4234=CARTESIAN_POINT('Ctrl Pts',(-24.4718991741886,9.44273116559927,6.06195863642458));
#4235=CARTESIAN_POINT('Ctrl Pts',(-22.4825234227919,15.5,11.4554365347757));
#4236=CARTESIAN_POINT('Ctrl Pts',(-19.1868441271327,21.75,16.3871139772919));
#4237=CARTESIAN_POINT('Ctrl Pts',(-14.8312896759118,28.,20.4135189671957));
#4238=CARTESIAN_POINT('Ctrl Pts',(-9.65601062766769,34.25,23.3116698419913));
#4239=CARTESIAN_POINT('Ctrl Pts',(-3.94728574932848,40.5,24.922074971234));
#4240=CARTESIAN_POINT('Ctrl Pts',(0.0551091656834896,44.7204932598927,25.0790787430938));
#4241=CARTESIAN_POINT('Ctrl Pts',(2.06260835864911,46.8576531864521,24.914856431394));
#4242=CARTESIAN_POINT('Ctrl Pts',(2.11315619666962,46.9114797796781,24.9105658999709));
#4243=CARTESIAN_POINT('Ctrl Pts',(1.53080849893419E-15,2.99999999999998,
-25.));
#4244=CARTESIAN_POINT('Ctrl Pts',(-1.96349540849362,5.08333333333332,-25.));
#4245=CARTESIAN_POINT('Ctrl Pts',(-5.89034807886113,9.24999999999999,-24.5351974556193));
#4246=CARTESIAN_POINT('Ctrl Pts',(-11.4554365347757,15.5,-22.4825234227919));
#4247=CARTESIAN_POINT('Ctrl Pts',(-16.3871139772919,21.75,-19.1868441271326));
#4248=CARTESIAN_POINT('Ctrl Pts',(-20.4135189671957,28.,-14.8312896759118));
#4249=CARTESIAN_POINT('Ctrl Pts',(-23.3116698419913,34.25,-9.65601062766768));
#4250=CARTESIAN_POINT('Ctrl Pts',(-24.922074971234,40.5,-3.94728574932848));
#4251=CARTESIAN_POINT('Ctrl Pts',(-25.154577077907,46.75,1.97973905048383));
#4252=CARTESIAN_POINT('Ctrl Pts',(-24.3831663569805,50.9166666666667,5.85802975641021));
#4253=CARTESIAN_POINT('Ctrl Pts',(-23.7764129073788,53.,7.72542485937368));
#4254=CARTESIAN_POINT('Ctrl Pts',(3.53105018809819E-15,2.99999999999998,
-57.6664257899771));
#4255=CARTESIAN_POINT('Ctrl Pts',(-4.52911049051432,5.08333333333331,-57.6664257899771));
#4256=CARTESIAN_POINT('Ctrl Pts',(-13.5870128146712,9.24999999999999,-56.5942857326763));
#4257=CARTESIAN_POINT('Ctrl Pts',(-26.4237632329773,15.5,-51.8594707412739));
#4258=CARTESIAN_POINT('Ctrl Pts',(-37.7994516833359,21.75,-44.2574689200461));
#4259=CARTESIAN_POINT('Ctrl Pts',(-47.0869870653633,28.,-34.2106986186248));
#4260=CARTESIAN_POINT('Ctrl Pts',(-53.7720271593456,34.25,-22.2731048115051));
#4261=CARTESIAN_POINT('Ctrl Pts',(-57.4866794744363,40.5,-9.10503442941938));
#4262=CARTESIAN_POINT('Ctrl Pts',(-58.0229820936552,46.75,4.56657900152981));
#4263=CARTESIAN_POINT('Ctrl Pts',(-56.2436021299794,50.9166666666667,13.5124655289403));
#4264=CARTESIAN_POINT('Ctrl Pts',(-54.8440300190086,53.,17.8199055739647));
#4265=CARTESIAN_POINT('Ctrl Pts',(5.53129187726219E-15,2.99999999999998,
-90.3328515799541));
#4266=CARTESIAN_POINT('Ctrl Pts',(-7.09472557253502,5.08333333333332,-90.3328515799541));
#4267=CARTESIAN_POINT('Ctrl Pts',(-21.2836775504812,9.24999999999998,-88.6533740097333));
#4268=CARTESIAN_POINT('Ctrl Pts',(-41.392089931179,15.5,-81.236418059756));
#4269=CARTESIAN_POINT('Ctrl Pts',(-59.2117893893799,21.75,-69.3280937129595));
#4270=CARTESIAN_POINT('Ctrl Pts',(-73.7604551635308,28.,-53.5901075613377));
#4271=CARTESIAN_POINT('Ctrl Pts',(-84.2323844766999,34.25,-34.8901989953426));
#4272=CARTESIAN_POINT('Ctrl Pts',(-90.0512839776387,40.5,-14.2627831095103));
#4273=CARTESIAN_POINT('Ctrl Pts',(-90.8913871094035,46.75,7.1534189525758));
#4274=CARTESIAN_POINT('Ctrl Pts',(-88.1040379029782,50.9166666666666,21.1669013014703));
#4275=CARTESIAN_POINT('Ctrl Pts',(-85.9116471306383,53.,27.9143862885556));
#4276=CARTESIAN_POINT('Ctrl Pts',(7.53153356642619E-15,2.99999999999998,
-122.999277369931));
#4277=CARTESIAN_POINT('Ctrl Pts',(-9.66034065455572,5.08333333333332,-122.999277369931));
#4278=CARTESIAN_POINT('Ctrl Pts',(-28.9803422862913,9.24999999999999,-120.71246228679));
#4279=CARTESIAN_POINT('Ctrl Pts',(-56.3604166293807,15.5,-110.613365378238));
#4280=CARTESIAN_POINT('Ctrl Pts',(-80.624127095424,21.75,-94.398718505873));
#4281=CARTESIAN_POINT('Ctrl Pts',(-100.433923261698,28.,-72.9695165040508));
#4282=CARTESIAN_POINT('Ctrl Pts',(-114.692741794054,34.25,-47.50729317918));
#4283=CARTESIAN_POINT('Ctrl Pts',(-122.615888480841,40.5,-19.4205317896012));
#4284=CARTESIAN_POINT('Ctrl Pts',(-123.759792125152,46.75,9.74025890362178));
#4285=CARTESIAN_POINT('Ctrl Pts',(-119.964473675977,50.9166666666667,28.8213370740004));
#4286=CARTESIAN_POINT('Ctrl Pts',(-116.979264242268,53.,38.0088670031466));
#4287=CARTESIAN_POINT('Ctrl Pts',(-0.544889903048592,3.57819349679783,-24.9940382741922));
#4288=CARTESIAN_POINT('Ctrl Pts',(-2.3263084716285,5.46879566453188,-24.9550672555764));
#4289=CARTESIAN_POINT('Ctrl Pts',(-6.06195863642458,9.44273116559927,-24.4718991741886));
#4290=CARTESIAN_POINT('Ctrl Pts',(-11.4554365347757,15.5,-22.4825234227919));
#4291=CARTESIAN_POINT('Ctrl Pts',(-16.3871139772919,21.75,-19.1868441271326));
#4292=CARTESIAN_POINT('Ctrl Pts',(-20.4135189671957,28.,-14.8312896759118));
#4293=CARTESIAN_POINT('Ctrl Pts',(-23.3116698419913,34.25,-9.65601062766768));
#4294=CARTESIAN_POINT('Ctrl Pts',(-24.922074971234,40.5,-3.94728574932848));
#4295=CARTESIAN_POINT('Ctrl Pts',(-25.0790787430939,44.7204932598927,0.0551091656834929));
#4296=CARTESIAN_POINT('Ctrl Pts',(-24.914856431394,46.8576531864521,2.06260835864911));
#4297=CARTESIAN_POINT('Ctrl Pts',(-24.9105658999709,46.9114797796782,2.11315619666962));
#4298=CARTESIAN_POINT('Origin',(0.,0.,0.));
#4299=CARTESIAN_POINT('',(25.,0.,-3.06161699786838E-15));
#4300=CARTESIAN_POINT('',(25.,0.,-3.06161699786838E-15));
#4301=CARTESIAN_POINT('',(24.9940611622512,3.57819349679784,-0.544891381514352));
#4302=CARTESIAN_POINT('',(24.9999985972534,2.38847461753917,-0.00837480314181564));
#4303=CARTESIAN_POINT('Ctrl Pts',(24.9999985972534,2.38847461753917,-0.00837480314181568));
#4304=CARTESIAN_POINT('Ctrl Pts',(24.9999927439276,2.57885828253869,-0.0258478271436139));
#4305=CARTESIAN_POINT('Ctrl Pts',(25.0000007465312,2.76607857777537,-0.0705467582415438));
#4306=CARTESIAN_POINT('Ctrl Pts',(24.9990728191867,3.17921255729343,-0.234655393175571));
#4307=CARTESIAN_POINT('Ctrl Pts',(24.9978391100346,3.39427945298616,-0.371597655149653));
#4308=CARTESIAN_POINT('Ctrl Pts',(24.9940611622511,3.57819349679784,-0.544891381514352));
#4309=CARTESIAN_POINT('',(-2.11316206305963,46.9114797796781,-24.9105308272475));
#4310=CARTESIAN_POINT('Ctrl Pts',(24.9940603192483,3.57819349679783,-0.544891314541085));
#4311=CARTESIAN_POINT('Ctrl Pts',(24.9535732691202,5.54765133569899,-2.40061822409543));
#4312=CARTESIAN_POINT('Ctrl Pts',(24.4531774316378,9.52208356598868,-6.13631586361944));
#4313=CARTESIAN_POINT('Ctrl Pts',(22.4664902243914,15.5014901876669,-11.4488538761911));
#4314=CARTESIAN_POINT('Ctrl Pts',(19.3172084028321,21.5164133618325,-16.2064507541927));
#4315=CARTESIAN_POINT('Ctrl Pts',(15.1792465356586,27.5313365359981,-20.1345363247399));
#4316=CARTESIAN_POINT('Ctrl Pts',(10.2639961909978,33.5462597101637,-23.0315863265582));
#4317=CARTESIAN_POINT('Ctrl Pts',(4.82337884837238,39.5611828843293,-24.7498374654486));
#4318=CARTESIAN_POINT('Ctrl Pts',(0.610642370268711,44.0162562408341,-25.083496432365));
#4319=CARTESIAN_POINT('Ctrl Pts',(-1.69512520784426,46.4663552059504,-24.9459665207437));
#4320=CARTESIAN_POINT('Ctrl Pts',(-2.11313721562539,46.9114797796781,-24.9104621452912));
#4321=CARTESIAN_POINT('',(-3.15895184251276,47.8951545750662,-24.7996174014174));
#4322=CARTESIAN_POINT('Ctrl Pts',(-2.11316206305962,46.9114797796781,-24.9105308272475));
#4323=CARTESIAN_POINT('Ctrl Pts',(-2.43775270935668,47.2571181109648,-24.8829957801408));
#4324=CARTESIAN_POINT('Ctrl Pts',(-2.79098274146961,47.5873134229271,-24.8464889579787));
#4325=CARTESIAN_POINT('Ctrl Pts',(-3.15895184251276,47.8951545750662,-24.7996174014174));
#4326=CARTESIAN_POINT('',(-4.14337979996159,46.0833082960496,-24.654257316603));
#4327=CARTESIAN_POINT('Ctrl Pts',(-3.1589518425127,47.8951545750662,-24.7996174014174));
#4328=CARTESIAN_POINT('Ctrl Pts',(-3.43887232585265,48.1293346838157,-24.7639613946214));
#4329=CARTESIAN_POINT('Ctrl Pts',(-3.73136001656207,48.3146331152269,-24.7215087304565));
#4330=CARTESIAN_POINT('Ctrl Pts',(-4.17017802469246,48.4951269897588,-24.650316599068));
#4331=CARTESIAN_POINT('Ctrl Pts',(-4.32632939899594,48.535035177103,-24.6232243713654));
#4332=CARTESIAN_POINT('Ctrl Pts',(-4.55857030264562,48.5493516120422,-24.5810534235032));
#4333=CARTESIAN_POINT('Ctrl Pts',(-4.65244604518216,48.5420639232634,-24.5634413621558));
#4334=CARTESIAN_POINT('Ctrl Pts',(-4.80233501431694,48.4925409869417,-24.5344990090489));
#4335=CARTESIAN_POINT('Ctrl Pts',(-4.85993686165323,48.4612758134295,-24.5231238512269));
#4336=CARTESIAN_POINT('Ctrl Pts',(-4.95647869417036,48.3771170910084,-24.5037870921845));
#4337=CARTESIAN_POINT('Ctrl Pts',(-4.99367910202199,48.3281241461444,-24.4962038184607));
#4338=CARTESIAN_POINT('Ctrl Pts',(-5.05538507053674,48.2067989269976,-24.483550541703));
#4339=CARTESIAN_POINT('Ctrl Pts',(-5.07491043298403,48.1346691201281,-24.4794889421682));
#4340=CARTESIAN_POINT('Ctrl Pts',(-5.09930526993169,47.9464147463464,-24.4744216726551));
#4341=CARTESIAN_POINT('Ctrl Pts',(-5.0902303893163,47.8259808085395,-24.4763152222367));
#4342=CARTESIAN_POINT('Ctrl Pts',(-5.03290124005391,47.5121396943624,-24.4881868419521));
#4343=CARTESIAN_POINT('Ctrl Pts',(-4.95322351686798,47.2921240815582,-24.5046819227976));
#4344=CARTESIAN_POINT('Ctrl Pts',(-4.66920511579494,46.7316330957738,-24.5607008576927));
#4345=CARTESIAN_POINT('Ctrl Pts',(-4.42766710497815,46.3891765636854,-24.6064801614502));
#4346=CARTESIAN_POINT('Ctrl Pts',(-4.14337979996161,46.0833082960496,-24.6542573166029));
#4347=CARTESIAN_POINT('',(24.9402607143239,1.83279104355195,-1.72598380707524));
#4348=CARTESIAN_POINT('Ctrl Pts',(-4.14334049413241,46.0833082960496,-24.6540845701264));
#4349=CARTESIAN_POINT('Ctrl Pts',(-3.15023334689644,45.0148181575108,-24.8209730277401));
#4350=CARTESIAN_POINT('Ctrl Pts',(-2.14706615242845,43.946328018972,-24.9279913375279));
#4351=CARTESIAN_POINT('Ctrl Pts',(-1.1411014771596,42.8778378804332,-24.9739795206851));
#4352=CARTESIAN_POINT('Ctrl Pts',(0.76023694394355,40.8583222822034,-25.0609001668102));
#4353=CARTESIAN_POINT('Ctrl Pts',(2.67156893143584,38.8388066839736,-24.9298001487605));
#4354=CARTESIAN_POINT('Ctrl Pts',(4.54319966235388,36.8192910857438,-24.5839183520089));
#4355=CARTESIAN_POINT('Ctrl Pts',(6.41483039327191,34.7997754875141,-24.2380365552573));
#4356=CARTESIAN_POINT('Ctrl Pts',(8.24675986761569,32.7802598892843,-23.6773729798037));
#4357=CARTESIAN_POINT('Ctrl Pts',(9.99146292514758,30.7607442910545,-22.9166594284438));
#4358=CARTESIAN_POINT('Ctrl Pts',(11.7361659826795,28.7412286928247,-22.1559458770839));
#4359=CARTESIAN_POINT('Ctrl Pts',(13.3936426233995,26.7217130945949,-21.1951823498176));
#4360=CARTESIAN_POINT('Ctrl Pts',(14.9208024857093,24.7021974963651,-20.0592235943636));
#4361=CARTESIAN_POINT('Ctrl Pts',(16.447962348019,22.6826818981353,-18.9232648389096));
#4362=CARTESIAN_POINT('Ctrl Pts',(17.8448054319186,20.6631662999055,-17.6121108552678));
#4363=CARTESIAN_POINT('Ctrl Pts',(19.0751347954499,18.6436507016757,-16.1598837644117));
#4364=CARTESIAN_POINT('Ctrl Pts',(20.3054641589812,16.6241351034459,-14.7076566735556));
#4365=CARTESIAN_POINT('Ctrl Pts',(21.3692798021443,14.6046195052161,-13.1143564754852));
#4366=CARTESIAN_POINT('Ctrl Pts',(22.2388046956639,12.5851039069863,-11.4212639588782));
#4367=CARTESIAN_POINT('Ctrl Pts',(23.1083295891835,10.5655883087565,-9.72817144227118));
#4368=CARTESIAN_POINT('Ctrl Pts',(23.7835637330595,8.54607271052675,-7.93528660712759));
#4369=CARTESIAN_POINT('Ctrl Pts',(24.2471135298909,6.52655711229695,-6.08927345003922));
#4370=CARTESIAN_POINT('Ctrl Pts',(24.6062416147723,4.96196842271529,-4.65910311170111));
#4371=CARTESIAN_POINT('Ctrl Pts',(24.8383138413323,3.39737973313362,-3.19704442337345));
#4372=CARTESIAN_POINT('Ctrl Pts',(24.9402607143239,1.83279104355195,-1.72598380707524));
#4373=CARTESIAN_POINT('Ctrl Pts',(24.940347950127,1.83279104355195,-1.72599076666003));
#4374=CARTESIAN_POINT('Ctrl Pts',(24.9424400767545,1.80063827456672,-1.69575980189802));
#4375=CARTESIAN_POINT('Ctrl Pts',(24.9446214682292,1.77065891672434,-1.66343798731751));
#4376=CARTESIAN_POINT('Ctrl Pts',(24.9468502098309,1.74294197335857,-1.62932290989241));
#4377=CARTESIAN_POINT('Ctrl Pts',(24.9491155818346,1.71476948917119,-1.59464713534445));
#4378=CARTESIAN_POINT('Ctrl Pts',(24.9514298250745,1.68893376793467,-1.55811770972438));
#4379=CARTESIAN_POINT('Ctrl Pts',(24.9537517059361,1.66556724180012,-1.52001035065999));
#4380=CARTESIAN_POINT('Ctrl Pts',(24.955936338911,1.64358192621032,-1.4841555423543));
#4381=CARTESIAN_POINT('Ctrl Pts',(24.958127726316,1.6237824586532,-1.44690278884032));
#4382=CARTESIAN_POINT('Ctrl Pts',(24.9602942991748,1.60631748095088,-1.4084644831447));
#4383=CARTESIAN_POINT('Ctrl Pts',(24.9625867473225,1.58783780895618,-1.36779295791323));
#4384=CARTESIAN_POINT('Ctrl Pts',(24.9648342966812,1.57209060847576,-1.32605639066644));
#4385=CARTESIAN_POINT('Ctrl Pts',(24.9670154063888,1.55919415144757,-1.28353171562826));
#4386=CARTESIAN_POINT('Ctrl Pts',(24.9691681872768,1.54646519695438,-1.24155936211945));
#4387=CARTESIAN_POINT('Ctrl Pts',(24.9712562115214,1.53651300350701,-1.19881817676484));
#4388=CARTESIAN_POINT('Ctrl Pts',(24.9732623168436,1.52949839618553,-1.15555767515542));
#4389=CARTESIAN_POINT('Ctrl Pts',(24.973654008602,1.52812879517509,-1.14711106880938));
#4390=CARTESIAN_POINT('Ctrl Pts',(24.9740425892372,1.5268713390044,-1.13864464084317));
#4391=CARTESIAN_POINT('Ctrl Pts',(24.9744279487138,1.52572745918791,-1.130160225453));
#4392=CARTESIAN_POINT('Ctrl Pts',(24.9759054474359,1.52134173347015,-1.09763030557804));
#4393=CARTESIAN_POINT('Ctrl Pts',(24.9773355030807,1.5186244132226,-1.06483578517573));
#4394=CARTESIAN_POINT('Ctrl Pts',(24.9787049064197,1.51755953043301,-1.03189327470919));
#4395=CARTESIAN_POINT('Ctrl Pts',(24.9805363476885,1.51613535522349,-0.987835931305346));
#4396=CARTESIAN_POINT('Ctrl Pts',(24.982246540293,1.51767418751737,-0.943809516083268));
#4397=CARTESIAN_POINT('Ctrl Pts',(24.9838278459168,1.5220628505408,-0.900095298449641));
#4398=CARTESIAN_POINT('Ctrl Pts',(24.9854213856017,1.52648546726107,-0.856042877749248));
#4399=CARTESIAN_POINT('Ctrl Pts',(24.9868840512143,1.53380237370788,-0.812306361405534));
#4400=CARTESIAN_POINT('Ctrl Pts',(24.9882120578336,1.54394995655181,-0.769174545055091));
#4401=CARTESIAN_POINT('Ctrl Pts',(24.9894309792132,1.55326399572849,-0.729585666262203));
#4402=CARTESIAN_POINT('Ctrl Pts',(24.9905365097166,1.56496348300296,-0.690505557931203));
#4403=CARTESIAN_POINT('Ctrl Pts',(24.9915285223524,1.57903546160959,-0.652170759649884));
#4404=CARTESIAN_POINT('Ctrl Pts',(24.9926117007892,1.59440065277726,-0.610312999598374));
#4405=CARTESIAN_POINT('Ctrl Pts',(24.9935539931945,1.61248939055781,-0.569628220733938));
#4406=CARTESIAN_POINT('Ctrl Pts',(24.9943768299109,1.63321815803892,-0.530400698769823));
#4407=CARTESIAN_POINT('Ctrl Pts',(24.994754945155,1.64274357519617,-0.512374614435875));
#4408=CARTESIAN_POINT('Ctrl Pts',(24.9951078891583,1.65282717865667,-0.494656396924372));
#4409=CARTESIAN_POINT('Ctrl Pts',(24.9954380053596,1.66346434740214,-0.477274855795036));
#4410=CARTESIAN_POINT('Ctrl Pts',(24.996155144015,1.68657234653533,-0.43951550018443));
#4411=CARTESIAN_POINT('Ctrl Pts',(24.9967643578973,1.71229015434693,-0.403342713168977));
#4412=CARTESIAN_POINT('Ctrl Pts',(24.9972764557589,1.74038780913756,-0.368955223359573));
#4413=CARTESIAN_POINT('Ctrl Pts',(24.9975038285996,1.75286324413561,-0.353687084539453));
#4414=CARTESIAN_POINT('Ctrl Pts',(24.9977120961313,1.76580837152907,-0.338771336666362));
#4415=CARTESIAN_POINT('Ctrl Pts',(24.9979023725408,1.77920530826521,-0.324227774780392));
#4416=CARTESIAN_POINT('Ctrl Pts',(24.9983291196732,1.80925162011042,-0.291609840966659));
#4417=CARTESIAN_POINT('Ctrl Pts',(24.99866534874,1.84137250074992,-0.261073601178583));
#4418=CARTESIAN_POINT('Ctrl Pts',(24.9989303598227,1.87531058876901,-0.232789273808708));
#4419=CARTESIAN_POINT('Ctrl Pts',(24.9991964075391,1.90938143110762,-0.204394307718388));
#4420=CARTESIAN_POINT('Ctrl Pts',(24.9993907447378,1.9452845926318,-0.178268116662416));
#4421=CARTESIAN_POINT('Ctrl Pts',(24.9995355608949,1.98279689214988,-0.154618637754929));
#4422=CARTESIAN_POINT('Ctrl Pts',(24.9995930338199,1.99768433027301,-0.145232912048891));
#4423=CARTESIAN_POINT('Ctrl Pts',(24.999642730927,2.01282555375579,-0.136237738222562));
#4424=CARTESIAN_POINT('Ctrl Pts',(24.9996861199018,2.02820776563837,-0.12764809347525));
#4425=CARTESIAN_POINT('Ctrl Pts',(24.9997438320668,2.04866781922872,-0.116222910075509));
#4426=CARTESIAN_POINT('Ctrl Pts',(24.9997903833829,2.06955421578798,-0.105515049787825));
#4427=CARTESIAN_POINT('Ctrl Pts',(24.9998285231793,2.09082729839487,-0.0955392451824486));
#4428=CARTESIAN_POINT('Ctrl Pts',(24.9999008817689,2.13118646131456,-0.0766132093669773));
#4429=CARTESIAN_POINT('Ctrl Pts',(24.9999421948363,2.1727352343327,-0.0604133402561095));
#4430=CARTESIAN_POINT('Ctrl Pts',(24.9999661844907,2.21518217261286,-0.0469964364575883));
#4431=CARTESIAN_POINT('Ctrl Pts',(24.9999817936914,2.24280086063034,-0.0382665422605964));
#4432=CARTESIAN_POINT('Ctrl Pts',(24.9999901093535,2.27080039274956,-0.0307157858200682));
#4433=CARTESIAN_POINT('Ctrl Pts',(24.9999951461418,2.29910417007159,-0.0243710553478584));
#4434=CARTESIAN_POINT('Ctrl Pts',(25.0000004089641,2.32867812515011,-0.0177415948403224));
#4435=CARTESIAN_POINT('Ctrl Pts',(25.0000017605597,2.35851236516262,-0.0124448780216908));
#4436=CARTESIAN_POINT('Ctrl Pts',(25.0000017850891,2.38851784695877,-0.00850289050977897));
#4437=CARTESIAN_POINT('Ctrl Pts',(-32.662283033756,48.8451059584324,-117.733067858347));
#4438=CARTESIAN_POINT('Ctrl Pts',(-26.6531083972224,47.7150924775452,-115.542697621591));
#4439=CARTESIAN_POINT('Ctrl Pts',(-14.8238345799635,45.3147659608512,-110.719716515097));
#4440=CARTESIAN_POINT('Ctrl Pts',(-1.80064755573822,42.1972870242498,-103.540347196655));
#4441=CARTESIAN_POINT('Ctrl Pts',(8.32916340658002,39.4104844462948,-95.9004899941277));
#4442=CARTESIAN_POINT('Ctrl Pts',(14.3251709434926,37.5238527097906,-89.8729728033064));
#4443=CARTESIAN_POINT('Ctrl Pts',(19.9719116836807,35.3067469232157,-80.879502274967));
#4444=CARTESIAN_POINT('Ctrl Pts',(22.5202941214985,33.6341742589923,-71.406259623566));
#4445=CARTESIAN_POINT('Ctrl Pts',(21.0982387107877,32.7846077891535,-60.5533484217216));
#4446=CARTESIAN_POINT('Ctrl Pts',(16.1461099532551,33.0609459179518,-48.4424712192926));
#4447=CARTESIAN_POINT('Ctrl Pts',(8.28368453113223,35.382189631355,-37.9312307912146));
#4448=CARTESIAN_POINT('Ctrl Pts',(1.21023028711956,40.3848062596023,-30.1869879003127));
#4449=CARTESIAN_POINT('Ctrl Pts',(-1.86792164981434,43.4568075497839,-27.0078000214125));
#4450=CARTESIAN_POINT('Ctrl Pts',(-3.22895854925909,44.9880454864261,-25.6048417335606));
#4451=CARTESIAN_POINT('Ctrl Pts',(-3.89286551890957,45.7711869418334,-24.918584567339));
#4452=CARTESIAN_POINT('Ctrl Pts',(-4.54934285883373,46.5838434539487,-24.2290379209816));
#4453=CARTESIAN_POINT('Ctrl Pts',(-4.96781080685617,47.1283585975826,-23.7758671882411));
#4454=CARTESIAN_POINT('Ctrl Pts',(-5.16750758687561,47.3987199324486,-23.5399298920169));
#4455=CARTESIAN_POINT('Ctrl Pts',(-32.7122237710948,48.8640573519215,-117.586551081718));
#4456=CARTESIAN_POINT('Ctrl Pts',(-26.7067545758166,47.7341603677246,-115.397065253213));
#4457=CARTESIAN_POINT('Ctrl Pts',(-14.8863224448777,45.3341621428872,-110.576575841764));
#4458=CARTESIAN_POINT('Ctrl Pts',(-1.87966030476178,42.2181187288407,-103.404125038894));
#4459=CARTESIAN_POINT('Ctrl Pts',(8.22926801603364,39.4349510035282,-95.7778030063499));
#4460=CARTESIAN_POINT('Ctrl Pts',(14.2071877744906,37.552691815242,-89.766023061746));
#4461=CARTESIAN_POINT('Ctrl Pts',(19.8280793443031,35.3453303047702,-80.8080524111437));
#4462=CARTESIAN_POINT('Ctrl Pts',(22.3591400453049,33.6854949518103,-71.3877612302423));
#4463=CARTESIAN_POINT('Ctrl Pts',(20.9431048584548,32.8502375532558,-60.5936936153993));
#4464=CARTESIAN_POINT('Ctrl Pts',(16.0085303274757,33.141658147298,-48.5340703079425));
#4465=CARTESIAN_POINT('Ctrl Pts',(8.16639170567909,35.4831753423507,-38.0597975364672));
#4466=CARTESIAN_POINT('Ctrl Pts',(1.10569373475572,40.4877754516985,-30.3663419351854));
#4467=CARTESIAN_POINT('Ctrl Pts',(-1.97642159116713,43.5510977074319,-27.21365551632));
#4468=CARTESIAN_POINT('Ctrl Pts',(-3.34372066713075,45.0781732352216,-25.822399031143));
#4469=CARTESIAN_POINT('Ctrl Pts',(-4.01158594953491,45.8591725863791,-25.142187796738));
#4470=CARTESIAN_POINT('Ctrl Pts',(-4.67454043700972,46.6715004370758,-24.4578610412614));
#4471=CARTESIAN_POINT('Ctrl Pts',(-5.09863173106138,47.216551455819,-24.008647497802));
#4472=CARTESIAN_POINT('Ctrl Pts',(-5.30586294067644,47.4929148878228,-23.7710479813538));
#4473=CARTESIAN_POINT('Ctrl Pts',(-32.7968812441381,48.974623133937,-117.297796837747));
#4474=CARTESIAN_POINT('Ctrl Pts',(-26.7981301666181,47.8452179022705,-115.109571620942));
#4475=CARTESIAN_POINT('Ctrl Pts',(-14.9939381044941,45.446428605907,-110.292848962746));
#4476=CARTESIAN_POINT('Ctrl Pts',(-2.01857937265842,42.3340328282839,-103.132176008013));
#4477=CARTESIAN_POINT('Ctrl Pts',(8.05017759570887,39.55903451477,-95.5307603270716));
#4478=CARTESIAN_POINT('Ctrl Pts',(13.9931420479029,37.6862359280902,-89.5487774010067));
#4479=CARTESIAN_POINT('Ctrl Pts',(19.564374640903,35.4997540873775,-80.6593850142338));
#4480=CARTESIAN_POINT('Ctrl Pts',(22.0635114776127,33.8672690074383,-71.3426074267532));
#4481=CARTESIAN_POINT('Ctrl Pts',(20.6650131112297,33.0645084452344,-60.6631414363275));
#4482=CARTESIAN_POINT('Ctrl Pts',(15.7765293460558,33.3930635284695,-48.7029166626987));
#4483=CARTESIAN_POINT('Ctrl Pts',(7.99577700930607,35.7877284658647,-38.2985198183384));
#4484=CARTESIAN_POINT('Ctrl Pts',(1.00503686177026,40.8181998521924,-30.7164604968318));
#4485=CARTESIAN_POINT('Ctrl Pts',(-2.05634674772111,43.8788657063619,-27.6317890108034));
#4486=CARTESIAN_POINT('Ctrl Pts',(-3.41945251751044,45.4078947118055,-26.2747094997336));
#4487=CARTESIAN_POINT('Ctrl Pts',(-4.08610899002741,46.1904590696727,-25.6126825056267));
#4488=CARTESIAN_POINT('Ctrl Pts',(-4.7509634489688,47.0097685946443,-24.9460864999328));
#4489=CARTESIAN_POINT('Ctrl Pts',(-5.17733095476592,47.5624132308817,-24.5103921994231));
#4490=CARTESIAN_POINT('Ctrl Pts',(-5.39269832995112,47.8563201969992,-24.2730810661596));
#4491=CARTESIAN_POINT('Ctrl Pts',(-32.8418936077464,49.2645787480478,-117.025249086443));
#4492=CARTESIAN_POINT('Ctrl Pts',(-26.8478862237453,48.1361455626535,-114.837365558343));
#4493=CARTESIAN_POINT('Ctrl Pts',(-15.0557344088221,45.739612541027,-110.0220563847));
#4494=CARTESIAN_POINT('Ctrl Pts',(-2.10610626720712,42.6323030964385,-102.868890149389));
#4495=CARTESIAN_POINT('Ctrl Pts',(7.92841708253757,39.8668819086414,-95.2873816947477));
#4496=CARTESIAN_POINT('Ctrl Pts',(13.8413203189873,38.0046087087346,-89.3309784748271));
#4497=CARTESIAN_POINT('Ctrl Pts',(19.3715741835822,35.8406022988634,-80.5028643221681));
#4498=CARTESIAN_POINT('Ctrl Pts',(21.8499229681002,34.2374355354911,-71.280049582548));
#4499=CARTESIAN_POINT('Ctrl Pts',(20.4875773516647,33.4707211255337,-60.7004125443964));
#4500=CARTESIAN_POINT('Ctrl Pts',(15.678562240962,33.842367734875,-48.8182706654031));
#4501=CARTESIAN_POINT('Ctrl Pts',(8.01999153087027,36.2958823924454,-38.4539734195252));
#4502=CARTESIAN_POINT('Ctrl Pts',(1.21072602394057,41.3539706667332,-30.9380216256239));
#4503=CARTESIAN_POINT('Ctrl Pts',(-1.75852270657852,44.4188417271652,-27.8946314747743));
#4504=CARTESIAN_POINT('Ctrl Pts',(-3.07540932637651,45.9535775339585,-26.5559238215493));
#4505=CARTESIAN_POINT('Ctrl Pts',(-3.71755281009273,46.7399703156946,-25.9027352432213));
#4506=CARTESIAN_POINT('Ctrl Pts',(-4.35449571686009,47.566529322402,-25.2428744331094));
#4507=CARTESIAN_POINT('Ctrl Pts',(-4.75848573362391,48.1266328172577,-24.8099322909964));
#4508=CARTESIAN_POINT('Ctrl Pts',(-4.95929375001681,48.4303564094553,-24.5686967783017));
#4509=CARTESIAN_POINT('Ctrl Pts',(-32.8343761489095,49.6216169647302,-116.862013400051));
#4510=CARTESIAN_POINT('Ctrl Pts',(-26.8415888748206,48.4940550112177,-114.673693222673));
#4511=CARTESIAN_POINT('Ctrl Pts',(-15.0533144305006,46.0994928961877,-109.857547483091));
#4512=CARTESIAN_POINT('Ctrl Pts',(-2.11510067383654,42.9961481814566,-102.705931362059));
#4513=CARTESIAN_POINT('Ctrl Pts',(7.9030708143176,40.2374471296789,-95.1333130682027));
#4514=CARTESIAN_POINT('Ctrl Pts',(13.8013529264678,38.3822850432824,-89.1900513103131));
#4515=CARTESIAN_POINT('Ctrl Pts',(19.3141049077395,36.2328623457183,-80.3953580300288));
#4516=CARTESIAN_POINT('Ctrl Pts',(21.7906303436965,34.6482577323477,-71.2244116580935));
#4517=CARTESIAN_POINT('Ctrl Pts',(20.4711676353435,33.9030808078881,-60.6941021732008));
#4518=CARTESIAN_POINT('Ctrl Pts',(15.7446137205595,34.2974482043773,-48.8382006362614));
#4519=CARTESIAN_POINT('Ctrl Pts',(8.22061834487178,36.7718825294901,-38.4655275458803));
#4520=CARTESIAN_POINT('Ctrl Pts',(1.59677752450954,41.8010589523772,-30.9257614826442));
#4521=CARTESIAN_POINT('Ctrl Pts',(-1.28160775744096,44.8435934267835,-27.8614083021218));
#4522=CARTESIAN_POINT('Ctrl Pts',(-2.55183539649437,46.3661830553176,-26.5061239710397));
#4523=CARTESIAN_POINT('Ctrl Pts',(-3.16944414315575,47.1461105652393,-25.8422887915084));
#4524=CARTESIAN_POINT('Ctrl Pts',(-3.77707938706528,47.9630907982649,-25.1680063812626));
#4525=CARTESIAN_POINT('Ctrl Pts',(-4.15814103416256,48.5152021309691,-24.7202562509117));
#4526=CARTESIAN_POINT('Ctrl Pts',(-4.33908770456899,48.8068647066715,-24.4697347842311));
#4527=CARTESIAN_POINT('Ctrl Pts',(-32.7988837718623,49.8579065662945,-116.837552941343));
#4528=CARTESIAN_POINT('Ctrl Pts',(-26.8046910069568,48.7306746312683,-114.648567989007));
#4529=CARTESIAN_POINT('Ctrl Pts',(-15.013658241515,46.3368347253866,-109.83071847011));
#4530=CARTESIAN_POINT('Ctrl Pts',(-2.07311232373827,43.2346960341047,-102.676469918021));
#4531=CARTESIAN_POINT('Ctrl Pts',(7.946730810558,40.4776578234059,-95.1023245457344));
#4532=CARTESIAN_POINT('Ctrl Pts',(13.8462828121288,38.624052661365,-89.1588739822329));
#4533=CARTESIAN_POINT('Ctrl Pts',(19.3635394669991,36.4773574184908,-80.3660050601771));
#4534=CARTESIAN_POINT('Ctrl Pts',(21.8504467837623,34.8956601807569,-71.198340992398));
#4535=CARTESIAN_POINT('Ctrl Pts',(20.5584977581505,34.1518565127206,-60.664808787553));
#4536=CARTESIAN_POINT('Ctrl Pts',(15.8775456041442,34.5429015299878,-48.791932732204));
#4537=CARTESIAN_POINT('Ctrl Pts',(8.43163940363122,36.9988991259832,-38.3854658832885));
#4538=CARTESIAN_POINT('Ctrl Pts',(1.89309373898782,41.9654538035657,-30.7799073228567));
#4539=CARTESIAN_POINT('Ctrl Pts',(-0.95312418812035,44.9719108754629,-27.6690503953082));
#4540=CARTESIAN_POINT('Ctrl Pts',(-2.20848394116005,46.473367345578,-26.2867993427934));
#4541=CARTESIAN_POINT('Ctrl Pts',(-2.81896196769886,47.2414620387381,-25.6074194615324));
#4542=CARTESIAN_POINT('Ctrl Pts',(-3.41796428690976,48.0410131264828,-24.9153609030357));
#4543=CARTESIAN_POINT('Ctrl Pts',(-3.79324194580275,48.5777423591561,-24.4517914928262));
#4544=CARTESIAN_POINT('Ctrl Pts',(-3.96625978144429,48.8497657314811,-24.1950500351389));
#4545=CARTESIAN_POINT('Ctrl Pts',(-32.7637445861197,50.0087048877274,-116.856140632788));
#4546=CARTESIAN_POINT('Ctrl Pts',(-26.7677287488994,48.8815048968663,-114.666586844179));
#4547=CARTESIAN_POINT('Ctrl Pts',(-14.9728063562764,46.4877124678813,-109.847181351981));
#4548=CARTESIAN_POINT('Ctrl Pts',(-2.02683626372919,43.3855443718078,-102.6898654638));
#4549=CARTESIAN_POINT('Ctrl Pts',(7.99922117524963,40.6281219608255,-95.1116946608705));
#4550=CARTESIAN_POINT('Ctrl Pts',(13.9039688032206,38.7740198098647,-89.1646104613767));
#4551=CARTESIAN_POINT('Ctrl Pts',(19.4306391903491,36.6257359609236,-80.3645885199791));
#4552=CARTESIAN_POINT('Ctrl Pts',(21.9287502156503,35.0414832659739,-71.1864189563246));
#4553=CARTESIAN_POINT('Ctrl Pts',(20.6534385497224,34.2918495485297,-60.6360802001026));
#4554=CARTESIAN_POINT('Ctrl Pts',(15.9960990390535,34.6711921377401,-48.7391859455442));
#4555=CARTESIAN_POINT('Ctrl Pts',(8.59125084006101,37.0975737478965,-38.3008860206259));
#4556=CARTESIAN_POINT('Ctrl Pts',(2.07722379817503,42.0034727250701,-30.6415343155039));
#4557=CARTESIAN_POINT('Ctrl Pts',(-0.770750760482639,44.9787231345751,-27.4965506614939));
#4558=CARTESIAN_POINT('Ctrl Pts',(-2.03007178378795,46.4614592390642,-26.0957481044572));
#4559=CARTESIAN_POINT('Ctrl Pts',(-2.64355188123808,47.2191755044277,-25.4061979750325));
#4560=CARTESIAN_POINT('Ctrl Pts',(-3.24635138653383,48.0039036695498,-24.7035140642532));
#4561=CARTESIAN_POINT('Ctrl Pts',(-3.62574881320408,48.5277889050274,-24.2313675758118));
#4562=CARTESIAN_POINT('Ctrl Pts',(-3.7994915131387,48.7843495131163,-23.9729250076808));
#4563=CARTESIAN_POINT('',(-32.7637445861196,50.0087048877274,-116.856140632788));
#4564=CARTESIAN_POINT('Ctrl Pts',(-3.15930800646154,47.895402047865,-24.8001914956854));
#4565=CARTESIAN_POINT('Ctrl Pts',(-2.98975330786585,47.6699933662189,-25.0025489568301));
#4566=CARTESIAN_POINT('Ctrl Pts',(-2.61524364025586,47.184211673123,-25.4380163686759));
#4567=CARTESIAN_POINT('Ctrl Pts',(-2.03007178378795,46.4614592390642,-26.0957481044572));
#4568=CARTESIAN_POINT('Ctrl Pts',(-0.770750760482639,44.9787231345751,-27.4965506614939));
#4569=CARTESIAN_POINT('Ctrl Pts',(2.07722379817503,42.0034727250701,-30.6415343155039));
#4570=CARTESIAN_POINT('Ctrl Pts',(8.59125084006101,37.0975737478965,-38.3008860206259));
#4571=CARTESIAN_POINT('Ctrl Pts',(15.9960990390535,34.6711921377401,-48.7391859455442));
#4572=CARTESIAN_POINT('Ctrl Pts',(20.6534385497224,34.2918495485297,-60.6360802001026));
#4573=CARTESIAN_POINT('Ctrl Pts',(21.9287502156503,35.0414832659739,-71.1864189563246));
#4574=CARTESIAN_POINT('Ctrl Pts',(19.4306391903491,36.6257359609236,-80.3645885199791));
#4575=CARTESIAN_POINT('Ctrl Pts',(13.9039688032206,38.7740198098647,-89.1646104613767));
#4576=CARTESIAN_POINT('Ctrl Pts',(7.99922117524963,40.6281219608255,-95.1116946608705));
#4577=CARTESIAN_POINT('Ctrl Pts',(-2.02683626372919,43.3855443718078,-102.6898654638));
#4578=CARTESIAN_POINT('Ctrl Pts',(-14.9728063562764,46.4877124678813,-109.847181351981));
#4579=CARTESIAN_POINT('Ctrl Pts',(-26.7677287488994,48.8815048968663,-114.666586844179));
#4580=CARTESIAN_POINT('Ctrl Pts',(-32.7637445861197,50.0087048877274,-116.856140632788));
#4581=CARTESIAN_POINT('',(-32.662283033756,48.8451059584324,-117.733067858347));
#4582=CARTESIAN_POINT('Origin',(-32.4578423204473,49.8223403949232,-117.789785147408));
#4583=CARTESIAN_POINT('Ctrl Pts',(-32.662283033756,48.8451059584324,-117.733067858347));
#4584=CARTESIAN_POINT('Ctrl Pts',(-26.6531083972224,47.7150924775452,-115.542697621591));
#4585=CARTESIAN_POINT('Ctrl Pts',(-14.8238345799635,45.3147659608512,-110.719716515097));
#4586=CARTESIAN_POINT('Ctrl Pts',(-1.80064755573822,42.1972870242498,-103.540347196655));
#4587=CARTESIAN_POINT('Ctrl Pts',(8.32916340658002,39.4104844462948,-95.9004899941277));
#4588=CARTESIAN_POINT('Ctrl Pts',(14.3251709434926,37.5238527097906,-89.8729728033064));
#4589=CARTESIAN_POINT('Ctrl Pts',(19.9719116836807,35.3067469232157,-80.879502274967));
#4590=CARTESIAN_POINT('Ctrl Pts',(22.5202941214985,33.6341742589923,-71.406259623566));
#4591=CARTESIAN_POINT('Ctrl Pts',(21.0982387107877,32.7846077891535,-60.5533484217216));
#4592=CARTESIAN_POINT('Ctrl Pts',(16.1461099532551,33.0609459179518,-48.4424712192926));
#4593=CARTESIAN_POINT('Ctrl Pts',(8.28368453113223,35.382189631355,-37.9312307912146));
#4594=CARTESIAN_POINT('Ctrl Pts',(1.21023028711956,40.3848062596023,-30.1869879003127));
#4595=CARTESIAN_POINT('Ctrl Pts',(-1.86792164981434,43.4568075497839,-27.0078000214125));
#4596=CARTESIAN_POINT('Ctrl Pts',(-3.22895854925909,44.9880454864261,-25.6048417335606));
#4597=CARTESIAN_POINT('Ctrl Pts',(-3.75627095711403,45.6100606563516,-25.059777537415));
#4598=CARTESIAN_POINT('Ctrl Pts',(-4.05991340293533,45.9804343913833,-24.7424174542352));
#4599=CARTESIAN_POINT('Ctrl Pts',(-4.14358483382578,46.0834422121156,-24.6546097892929));
#4600=CARTESIAN_POINT('Ctrl Pts',(24.940347950127,1.83279104355195,-1.72599076666003));
#4601=CARTESIAN_POINT('Ctrl Pts',(27.0776980472805,1.64579476483022,-1.69724419565256));
#4602=CARTESIAN_POINT('Ctrl Pts',(33.4912785889931,1.22792876757511,-1.61493589355275));
#4603=CARTESIAN_POINT('Ctrl Pts',(48.4546807819795,0.740784094716271,-1.46534780834165));
#4604=CARTESIAN_POINT('Ctrl Pts',(61.2690641227032,0.592187644668247,-1.39299007763563));
#4605=CARTESIAN_POINT('Ctrl Pts',(69.8143089269741,0.51478428788334,-1.35505016201413));
#4606=CARTESIAN_POINT('Ctrl Pts',(24.9283092297815,1.66844736863185,-1.56989690055236));
#4607=CARTESIAN_POINT('Ctrl Pts',(27.068590721003,1.49066377510945,-1.53690497986163));
#4608=CARTESIAN_POINT('Ctrl Pts',(33.4871652758379,1.09794256339976,-1.44591525094316));
#4609=CARTESIAN_POINT('Ctrl Pts',(48.453702553655,0.650844157072519,-1.29047465655197));
#4610=CARTESIAN_POINT('Ctrl Pts',(61.2683884050023,0.518427834067187,-1.21990036558856));
#4611=CARTESIAN_POINT('Ctrl Pts',(69.8138269082736,0.449397184545564,-1.18288120893141));
#4612=CARTESIAN_POINT('Ctrl Pts',(24.9123489819011,1.4505699103962,-1.14130637593486));
#4613=CARTESIAN_POINT('Ctrl Pts',(27.057035321141,1.2921628566137,-1.10898516455009));
#4614=CARTESIAN_POINT('Ctrl Pts',(33.4827099023483,0.949877672755482,-1.02307010828024));
#4615=CARTESIAN_POINT('Ctrl Pts',(48.4530711821022,0.576600106708382,-0.887799860299648));
#4616=CARTESIAN_POINT('Ctrl Pts',(61.2679754816632,0.471384169493849,-0.831158909599044));
#4617=CARTESIAN_POINT('Ctrl Pts',(69.8135832886829,0.41634954690234,-0.801646451455399));
#4618=CARTESIAN_POINT('Ctrl Pts',(24.9223818440377,1.58753109781185,-0.494960891062225));
#4619=CARTESIAN_POINT('Ctrl Pts',(27.0661340752201,1.44197496199597,-0.478499843460242));
#4620=CARTESIAN_POINT('Ctrl Pts',(33.4891795869836,1.1308470167122,-0.435700939552054));
#4621=CARTESIAN_POINT('Ctrl Pts',(48.4561073681588,0.796372759506164,-0.371056131273092));
#4622=CARTESIAN_POINT('Ctrl Pts',(61.2701514803062,0.702142221218097,-0.345250955029891));
#4623=CARTESIAN_POINT('Ctrl Pts',(69.8153254277804,0.652675293345925,-0.331803839328924));
#4624=CARTESIAN_POINT('Ctrl Pts',(24.9533253737173,2.00994919845701,-0.0891591633420684));
#4625=CARTESIAN_POINT('Ctrl Pts',(27.0911257110843,1.86226938374985,-0.0859867107452295));
#4626=CARTESIAN_POINT('Ctrl Pts',(33.5030902399708,1.54384755219267,-0.0777243816609012));
#4627=CARTESIAN_POINT('Ctrl Pts',(48.4612060878426,1.1930644438304,-0.0655260077775955));
#4628=CARTESIAN_POINT('Ctrl Pts',(61.2737792446125,1.08980334245122,-0.0607182950746699));
#4629=CARTESIAN_POINT('Ctrl Pts',(69.8181474029549,1.03548364115352,-0.0582443964699032));
#4630=CARTESIAN_POINT('Ctrl Pts',(24.9781531133492,2.34887907255828,-4.51770619639904E-16));
#4631=CARTESIAN_POINT('Ctrl Pts',(27.1109124563493,2.19567424729867,-3.19798256308345E-6));
#4632=CARTESIAN_POINT('Ctrl Pts',(33.5137060476079,1.86183153350728,3.69171643024187E-6));
#4633=CARTESIAN_POINT('Ctrl Pts',(48.4649206686622,1.4858962352071,-1.36950467726139E-5));
#4634=CARTESIAN_POINT('Ctrl Pts',(61.2764105197198,1.37154988493528,8.61019174417617E-6));
#4635=CARTESIAN_POINT('Ctrl Pts',(69.8201820133514,1.31148388784448,2.87140173005242E-16));
#4636=CARTESIAN_POINT('Ctrl Pts',(24.9905899660941,2.51865775549819,-4.16333634234434E-16));
#4637=CARTESIAN_POINT('Ctrl Pts',(27.1208082125084,2.36261218966794,-4.47266612280459E-16));
#4638=CARTESIAN_POINT('Ctrl Pts',(33.5190136894191,2.02104252836895,2.53977839290241E-16));
#4639=CARTESIAN_POINT('Ctrl Pts',(48.4667735570979,1.63239620836506,-5.04032475110978E-16));
#4640=CARTESIAN_POINT('Ctrl Pts',(61.2777282436679,1.51258665078149,2.84002772461046E-16));
#4641=CARTESIAN_POINT('Ctrl Pts',(69.8212002188447,1.44960613858544,2.77555756156289E-16));
#4642=CARTESIAN_POINT('',(35.3662634454976,1.99969294645255,0.));
#4643=CARTESIAN_POINT('Ctrl Pts',(35.3662634454941,1.99969294645265,-6.93889390390723E-16));
#4644=CARTESIAN_POINT('Ctrl Pts',(35.2775325344754,2.00207793360509,-6.94120365144097E-16));
#4645=CARTESIAN_POINT('Ctrl Pts',(35.188798427403,2.00448027923197,-5.81291898918586E-7));
#4646=CARTESIAN_POINT('Ctrl Pts',(32.4728587017652,2.07855081990631,-3.75901173585628E-5));
#4647=CARTESIAN_POINT('Ctrl Pts',(29.69898966323,2.16969698213726,-0.000196645262325952));
#4648=CARTESIAN_POINT('Ctrl Pts',(26.3904454127926,2.31855539833158,-0.00516839771812744));
#4649=CARTESIAN_POINT('Ctrl Pts',(25.6997920714358,2.35179232312521,-0.00649197502594456));
#4650=CARTESIAN_POINT('Ctrl Pts',(24.9999985972534,2.38847461753917,-0.00837480314181521));
#4651=CARTESIAN_POINT('',(69.8143089269741,0.51478428788334,-1.35505016201413));
#4652=CARTESIAN_POINT('Ctrl Pts',(24.940347950127,1.83279104355195,-1.72599076666003));
#4653=CARTESIAN_POINT('Ctrl Pts',(27.0776980472805,1.64579476483022,-1.69724419565256));
#4654=CARTESIAN_POINT('Ctrl Pts',(33.4912785889931,1.22792876757511,-1.61493589355275));
#4655=CARTESIAN_POINT('Ctrl Pts',(48.4546807819795,0.740784094716271,-1.46534780834165));
#4656=CARTESIAN_POINT('Ctrl Pts',(61.2690641227032,0.592187644668247,-1.39299007763563));
#4657=CARTESIAN_POINT('Ctrl Pts',(69.8143089269741,0.51478428788334,-1.35505016201413));
#4658=CARTESIAN_POINT('',(69.8212002188447,1.44960613858544,0.));
#4659=CARTESIAN_POINT('Origin',(69.8212002188447,1.44960613858544,-1.));
#4660=CARTESIAN_POINT('Ctrl Pts',(69.8212002188447,1.44960613858544,2.77555756156289E-16));
#4661=CARTESIAN_POINT('Ctrl Pts',(61.2777282436679,1.51258665078149,2.84002772461046E-16));
#4662=CARTESIAN_POINT('Ctrl Pts',(49.793784671173,1.61998584408108,-4.22404559206533E-16));
#4663=CARTESIAN_POINT('Ctrl Pts',(38.3087073422979,1.89879744506729,2.65153552987481E-17));
#4664=CARTESIAN_POINT('Ctrl Pts',(35.3662474210582,1.99922343381685,1.58298527884706E-17));
#4665=CARTESIAN_POINT('Ctrl Pts',(69.8143089269741,0.514784287883337,-1.35505016201412));
#4666=CARTESIAN_POINT('Ctrl Pts',(73.0959565984812,0.48505891998831,-1.34048001936657));
#4667=CARTESIAN_POINT('Ctrl Pts',(82.9407982283369,0.851061359453543,-2.45320010363246));
#4668=CARTESIAN_POINT('Ctrl Pts',(97.8518801568361,2.87175102483746,-9.97374255985657));
#4669=CARTESIAN_POINT('Ctrl Pts',(109.693796853181,6.28830570129932,-25.932245746095));
#4670=CARTESIAN_POINT('Ctrl Pts',(112.020009963511,8.89070773624498,-38.9116276494145));
#4671=CARTESIAN_POINT('Ctrl Pts',(111.686755486843,10.2252945140753,-45.3209460152395));
#4672=CARTESIAN_POINT('Ctrl Pts',(69.8138269082736,0.449397184545561,-1.1828812089314));
#4673=CARTESIAN_POINT('Ctrl Pts',(73.1109482270644,0.42275697763465,-1.16862302732455));
#4674=CARTESIAN_POINT('Ctrl Pts',(82.9997684070001,0.799191692509482,-2.28885794658787));
#4675=CARTESIAN_POINT('Ctrl Pts',(97.9684091387123,2.83561614973273,-9.84637525061759));
#4676=CARTESIAN_POINT('Ctrl Pts',(109.849067322106,6.26636184909739,-25.870800290021));
#4677=CARTESIAN_POINT('Ctrl Pts',(112.179009778194,8.87636090386285,-38.8987193815117));
#4678=CARTESIAN_POINT('Ctrl Pts',(111.842386083587,10.2144804686458,-45.3310688358187));
#4679=CARTESIAN_POINT('Ctrl Pts',(69.8135861042076,0.416731480225594,-0.802567173913961));
#4680=CARTESIAN_POINT('Ctrl Pts',(73.1414929920087,0.395250755792603,-0.791043968823478));
#4681=CARTESIAN_POINT('Ctrl Pts',(83.1184020991816,0.788685486270836,-1.93189295608324));
#4682=CARTESIAN_POINT('Ctrl Pts',(98.2035942662929,2.84959280595335,-9.56942928785598));
#4683=CARTESIAN_POINT('Ctrl Pts',(110.163451409992,6.30165602170241,-25.7301171666526));
#4684=CARTESIAN_POINT('Ctrl Pts',(112.501949923556,8.92278873842571,-38.8570586187928));
#4685=CARTESIAN_POINT('Ctrl Pts',(112.159104855165,10.2659999312704,-45.3363678629405));
#4686=CARTESIAN_POINT('Ctrl Pts',(69.8157988816392,0.716900553397746,-0.202775888622772));
#4687=CARTESIAN_POINT('Ctrl Pts',(73.1813900129889,0.698124552534219,-0.19902458066185));
#4688=CARTESIAN_POINT('Ctrl Pts',(83.2710584180629,1.09883144458268,-1.37599327327863));
#4689=CARTESIAN_POINT('Ctrl Pts',(98.5194027744974,3.16729249693982,-9.12551521755487));
#4690=CARTESIAN_POINT('Ctrl Pts',(110.60201595013,6.62436966373771,-25.4760968846801));
#4691=CARTESIAN_POINT('Ctrl Pts',(112.962840336365,9.24743965108162,-38.744510494494));
#4692=CARTESIAN_POINT('Ctrl Pts',(112.616254670072,10.5914004128848,-45.2917732124664));
#4693=CARTESIAN_POINT('Ctrl Pts',(69.819163807858,1.17336163710352,6.47962656008418E-15));
#4694=CARTESIAN_POINT('Ctrl Pts',(73.1868980379506,1.15128736974968,7.99610823738949E-5));
#4695=CARTESIAN_POINT('Ctrl Pts',(83.2895726943693,1.53891462240878,-1.18421483675526));
#4696=CARTESIAN_POINT('Ctrl Pts',(98.5824349103202,3.58542606718834,-8.948864989996));
#4697=CARTESIAN_POINT('Ctrl Pts',(110.71902712847,7.0219864065138,-25.3413122352854));
#4698=CARTESIAN_POINT('Ctrl Pts',(113.103581960975,9.63367355461129,-38.6504679882617));
#4699=CARTESIAN_POINT('Ctrl Pts',(112.763883282258,10.9723297582243,-45.2199658736952));
#4700=CARTESIAN_POINT('Ctrl Pts',(69.8212002188447,1.44960613858544,6.38378239159465E-15));
#4701=CARTESIAN_POINT('Ctrl Pts',(73.180285325498,1.42541960491291,5.2413959132462E-15));
#4702=CARTESIAN_POINT('Ctrl Pts',(83.2638600956829,1.80494539541435,-1.17889993299714));
#4703=CARTESIAN_POINT('Ctrl Pts',(98.549606480276,3.83787489251501,-8.92338306824025));
#4704=CARTESIAN_POINT('Ctrl Pts',(110.69941420379,7.26179316835611,-25.2973713930565));
#4705=CARTESIAN_POINT('Ctrl Pts',(113.098600105993,9.8665507308003,-38.6028328588727));
#4706=CARTESIAN_POINT('Ctrl Pts',(112.76629402041,11.2019239757439,-45.1723071547838));
#4707=CARTESIAN_POINT('',(111.686755486843,10.2252945140752,-45.3209460152395));
#4708=CARTESIAN_POINT('',(112.76629402041,11.2019239757444,-45.1723071547836));
#4709=CARTESIAN_POINT('Origin',(111.767570908746,11.2019239757438,-45.1217883837423));
#4710=CARTESIAN_POINT('Ctrl Pts',(112.76629402041,11.2019239757439,-45.1723071547838));
#4711=CARTESIAN_POINT('Ctrl Pts',(113.098600105993,9.8665507308003,-38.6028328588727));
#4712=CARTESIAN_POINT('Ctrl Pts',(110.69941420379,7.26179316835611,-25.2973713930565));
#4713=CARTESIAN_POINT('Ctrl Pts',(98.549606480276,3.83787489251501,-8.92338306824025));
#4714=CARTESIAN_POINT('Ctrl Pts',(83.2638600956829,1.80494539541435,-1.17889993299714));
#4715=CARTESIAN_POINT('Ctrl Pts',(73.180285325498,1.42541960491291,5.2413959132462E-15));
#4716=CARTESIAN_POINT('Ctrl Pts',(69.8212002188447,1.44960613858544,6.38378239159465E-15));
#4717=CARTESIAN_POINT('Ctrl Pts',(69.8143089269741,0.514784287883337,-1.35505016201412));
#4718=CARTESIAN_POINT('Ctrl Pts',(73.0959565984812,0.48505891998831,-1.34048001936657));
#4719=CARTESIAN_POINT('Ctrl Pts',(82.9407982283369,0.851061359453543,-2.45320010363246));
#4720=CARTESIAN_POINT('Ctrl Pts',(97.8518801568361,2.87175102483746,-9.97374255985657));
#4721=CARTESIAN_POINT('Ctrl Pts',(109.693796853181,6.28830570129932,-25.932245746095));
#4722=CARTESIAN_POINT('Ctrl Pts',(112.020009963511,8.89070773624498,-38.9116276494145));
#4723=CARTESIAN_POINT('Ctrl Pts',(111.686755486843,10.2252945140753,-45.3209460152395));
#4724=CARTESIAN_POINT('Ctrl Pts',(111.686755486843,10.2252945140776,-45.3209460152507));
#4725=CARTESIAN_POINT('Ctrl Pts',(111.322578600923,11.6837165031773,-52.3249797694712));
#4726=CARTESIAN_POINT('Ctrl Pts',(109.165442191454,13.1838327226922,-59.2239670318672));
#4727=CARTESIAN_POINT('Ctrl Pts',(105.478799601756,14.6839487106955,-65.1891138480725));
#4728=CARTESIAN_POINT('Ctrl Pts',(111.99801668033,10.2036664232188,-45.3411916564092));
#4729=CARTESIAN_POINT('Ctrl Pts',(111.63053794966,11.6695635150887,-52.3960589085032));
#4730=CARTESIAN_POINT('Ctrl Pts',(109.457838239993,13.1766366130371,-59.3442709221286));
#4731=CARTESIAN_POINT('Ctrl Pts',(105.744509962073,14.6838410214773,-65.3527391655875));
#4732=CARTESIAN_POINT('Ctrl Pts',(112.557831890622,10.4358261883177,-45.3211944147912));
#4733=CARTESIAN_POINT('Ctrl Pts',(112.187419260141,11.9138470219271,-52.4655710844318));
#4734=CARTESIAN_POINT('Ctrl Pts',(109.989761908347,13.4329676451465,-59.5020408319345));
#4735=CARTESIAN_POINT('Ctrl Pts',(106.233631757372,14.9523735266771,-65.5864319259718));
#4736=CARTESIAN_POINT('Ctrl Pts',(112.763883282257,10.9723297582258,-45.2199658737068));
#4737=CARTESIAN_POINT('Ctrl Pts',(112.398022517295,12.4534041730174,-52.3955344386871));
#4738=CARTESIAN_POINT('Ctrl Pts',(110.197992530164,13.9758583075125,-59.4616983287237));
#4739=CARTESIAN_POINT('Ctrl Pts',(106.433507038932,15.4990591438481,-65.5721580495929));
#4740=CARTESIAN_POINT('Ctrl Pts',(112.76629402041,11.2019239757452,-45.1723071547955));
#4741=CARTESIAN_POINT('Ctrl Pts',(112.403373209866,12.6824502560211,-52.347014569885));
#4742=CARTESIAN_POINT('Ctrl Pts',(110.20650534402,14.2045592669098,-59.4127647143753));
#4743=CARTESIAN_POINT('Ctrl Pts',(106.445752451154,15.7274034563595,-65.5223333176884));
#4744=CARTESIAN_POINT('',(105.478799601756,14.6839487106955,-65.1891138480725));
#4745=CARTESIAN_POINT('',(106.445752451154,15.7274034563595,-65.5223333176884));
#4746=CARTESIAN_POINT('Origin',(105.588776389711,15.6618239092546,-65.0111666588442));
#4747=CARTESIAN_POINT('Ctrl Pts',(106.445752451154,15.7274034563595,-65.5223333176884));
#4748=CARTESIAN_POINT('Ctrl Pts',(110.20650534402,14.2045592669098,-59.4127647143753));
#4749=CARTESIAN_POINT('Ctrl Pts',(112.403373209866,12.6824502560211,-52.347014569885));
#4750=CARTESIAN_POINT('Ctrl Pts',(112.76629402041,11.2019239757452,-45.1723071547955));
#4751=CARTESIAN_POINT('Ctrl Pts',(111.686755486843,10.2252945140776,-45.3209460152507));
#4752=CARTESIAN_POINT('Ctrl Pts',(111.322578600923,11.6837165031773,-52.3249797694712));
#4753=CARTESIAN_POINT('Ctrl Pts',(109.165442191454,13.1838327226922,-59.2239670318672));
#4754=CARTESIAN_POINT('Ctrl Pts',(105.478799601756,14.6839487106955,-65.1891138480725));
#4755=CARTESIAN_POINT('Ctrl Pts',(105.478799601756,14.6839487106955,-65.1891138480724));
#4756=CARTESIAN_POINT('Ctrl Pts',(97.5120055299172,17.9256828548436,-78.0797304827818));
#4757=CARTESIAN_POINT('Ctrl Pts',(76.8037095981795,24.409746987637,-100.907025830989));
#4758=CARTESIAN_POINT('Ctrl Pts',(35.5216036325087,34.1351986692296,-121.734519599869));
#4759=CARTESIAN_POINT('Ctrl Pts',(-2.80984543911305,42.240083396428,-125.600421481462));
#4760=CARTESIAN_POINT('Ctrl Pts',(-25.2905899701987,47.1028131785908,-121.627271777078));
#4761=CARTESIAN_POINT('Ctrl Pts',(-32.6009276799324,48.7236802506649,-119.635183972493));
#4762=CARTESIAN_POINT('Ctrl Pts',(105.744509962073,14.6838410214773,-65.3527391655875));
#4763=CARTESIAN_POINT('Ctrl Pts',(97.7575349205516,17.9255751656254,-78.2759443759956));
#4764=CARTESIAN_POINT('Ctrl Pts',(76.9975185649127,24.4096392984188,-101.160583318115));
#4765=CARTESIAN_POINT('Ctrl Pts',(35.6114456156111,34.1350909800114,-122.040797915362));
#4766=CARTESIAN_POINT('Ctrl Pts',(-2.8164263022036,42.2399757072098,-125.916469757034));
#4767=CARTESIAN_POINT('Ctrl Pts',(-25.3536602178318,47.1027054893726,-121.933530952215));
#4768=CARTESIAN_POINT('Ctrl Pts',(-32.682484788505,48.7235725614466,-119.936387687863));
#4769=CARTESIAN_POINT('Ctrl Pts',(106.233627539532,14.9523776748154,-65.5864282869533));
#4770=CARTESIAN_POINT('Ctrl Pts',(98.2183226197497,18.1941118189636,-78.5692624956797));
#4771=CARTESIAN_POINT('Ctrl Pts',(77.3786707062013,24.6781759517569,-101.56309662843));
#4772=CARTESIAN_POINT('Ctrl Pts',(35.8231778582494,34.4036276333496,-122.553085809334));
#4773=CARTESIAN_POINT('Ctrl Pts',(-2.76950437258584,42.5085123605479,-126.463742519355));
#4774=CARTESIAN_POINT('Ctrl Pts',(-25.4064428228506,47.3712421427107,-122.473967951034));
#4775=CARTESIAN_POINT('Ctrl Pts',(-32.7678748759252,48.9921092147848,-120.471696143797));
#4776=CARTESIAN_POINT('Ctrl Pts',(106.433507038932,15.4990591438481,-65.5721580495929));
#4777=CARTESIAN_POINT('Ctrl Pts',(98.4198525529324,18.7407932879962,-78.5795584694972));
#4778=CARTESIAN_POINT('Ctrl Pts',(77.5747912963599,25.2248574207895,-101.622664173633));
#4779=CARTESIAN_POINT('Ctrl Pts',(35.9848080584876,34.9503091023822,-122.679126664716));
#4780=CARTESIAN_POINT('Ctrl Pts',(-2.65447879279593,43.0551938295805,-126.630998732581));
#4781=CARTESIAN_POINT('Ctrl Pts',(-25.324531101755,47.9179236117433,-122.657320500387));
#4782=CARTESIAN_POINT('Ctrl Pts',(-32.6975079921287,49.5387906838174,-120.659323315656));
#4783=CARTESIAN_POINT('Ctrl Pts',(106.445752451154,15.7274034563595,-65.5223333176884));
#4784=CARTESIAN_POINT('Ctrl Pts',(98.4382354619688,18.9691376005076,-78.531121741729));
#4785=CARTESIAN_POINT('Ctrl Pts',(77.6047171674982,25.453201733301,-101.579652502575));
#4786=CARTESIAN_POINT('Ctrl Pts',(36.0282183127726,35.1786534148936,-122.649606506577));
#4787=CARTESIAN_POINT('Ctrl Pts',(-2.6046459081658,43.283538142092,-126.616138526501));
#4788=CARTESIAN_POINT('Ctrl Pts',(-25.2734839337039,48.1462679242548,-122.651794174761));
#4789=CARTESIAN_POINT('Ctrl Pts',(-32.6462560901372,49.7671349963288,-120.656936566382));
#4790=CARTESIAN_POINT('',(-32.6009276799324,48.7236802506649,-119.635183972493));
#4791=CARTESIAN_POINT('',(-32.6462560901372,49.7671349963288,-120.656936566382));
#4792=CARTESIAN_POINT('Origin',(-32.399098072456,49.7015554492239,-119.690183114204));
#4793=CARTESIAN_POINT('Ctrl Pts',(-32.6462560901372,49.7671349963288,-120.656936566382));
#4794=CARTESIAN_POINT('Ctrl Pts',(-25.2734839337039,48.1462679242548,-122.651794174761));
#4795=CARTESIAN_POINT('Ctrl Pts',(-2.6046459081658,43.283538142092,-126.616138526501));
#4796=CARTESIAN_POINT('Ctrl Pts',(36.0282183127726,35.1786534148936,-122.649606506577));
#4797=CARTESIAN_POINT('Ctrl Pts',(77.6047171674982,25.453201733301,-101.579652502575));
#4798=CARTESIAN_POINT('Ctrl Pts',(98.4382354619688,18.9691376005076,-78.531121741729));
#4799=CARTESIAN_POINT('Ctrl Pts',(106.445752451154,15.7274034563595,-65.5223333176884));
#4800=CARTESIAN_POINT('Ctrl Pts',(105.478799601756,14.6839487106955,-65.1891138480724));
#4801=CARTESIAN_POINT('Ctrl Pts',(97.5120055299172,17.9256828548436,-78.0797304827818));
#4802=CARTESIAN_POINT('Ctrl Pts',(76.8037095981795,24.409746987637,-100.907025830989));
#4803=CARTESIAN_POINT('Ctrl Pts',(35.5216036325087,34.1351986692296,-121.734519599869));
#4804=CARTESIAN_POINT('Ctrl Pts',(-2.80984543911305,42.240083396428,-125.600421481462));
#4805=CARTESIAN_POINT('Ctrl Pts',(-25.2905899701987,47.1028131785908,-121.627271777078));
#4806=CARTESIAN_POINT('Ctrl Pts',(-32.6009276799324,48.7236802506649,-119.635183972493));
#4807=CARTESIAN_POINT('Ctrl Pts',(-32.7637445861198,50.0087048877274,-116.856140632788));
#4808=CARTESIAN_POINT('Ctrl Pts',(-32.8752712474787,50.0296729377111,-116.896867009688));
#4809=CARTESIAN_POINT('Ctrl Pts',(-33.0912595963827,50.0688947790189,-116.998979902158));
#4810=CARTESIAN_POINT('Ctrl Pts',(-33.4813495033606,50.1340513162114,-117.278544602642));
#4811=CARTESIAN_POINT('Ctrl Pts',(-33.8650914830479,50.1862302521828,-117.753410185472));
#4812=CARTESIAN_POINT('Ctrl Pts',(-34.0995203552655,50.1941569655183,-118.45059452126));
#4813=CARTESIAN_POINT('Ctrl Pts',(-34.076757493358,50.1467559237931,-119.184062950649));
#4814=CARTESIAN_POINT('Ctrl Pts',(-33.8005979632136,50.0507207252412,-119.858928229167));
#4815=CARTESIAN_POINT('Ctrl Pts',(-33.3883002926321,49.9405123764551,-120.298758685619));
#4816=CARTESIAN_POINT('Ctrl Pts',(-33.03270835814,49.8550170142164,-120.512746986643));
#4817=CARTESIAN_POINT('Ctrl Pts',(-32.8155379372516,49.804969458789,-120.605456078967));
#4818=CARTESIAN_POINT('Ctrl Pts',(-32.7031581541449,49.7797456723861,-120.641533669466));
#4819=CARTESIAN_POINT('Ctrl Pts',(-32.6462560901373,49.7671349963288,-120.656936566382));
#4820=CARTESIAN_POINT('Ctrl Pts',(-32.8340229576051,49.7071082448617,-116.818965249899));
#4821=CARTESIAN_POINT('Ctrl Pts',(-32.9468966345105,49.7283364419697,-116.860185226807));
#4822=CARTESIAN_POINT('Ctrl Pts',(-33.165485554797,49.7680655291286,-116.963038807976));
#4823=CARTESIAN_POINT('Ctrl Pts',(-33.5602898884115,49.8340144623496,-117.245622292608));
#4824=CARTESIAN_POINT('Ctrl Pts',(-33.9487181105956,49.8867944421046,-117.725652812406));
#4825=CARTESIAN_POINT('Ctrl Pts',(-34.1861657440682,49.8948252139871,-118.429557443589));
#4826=CARTESIAN_POINT('Ctrl Pts',(-34.1631690969391,49.8467842871448,-119.171398871816));
#4827=CARTESIAN_POINT('Ctrl Pts',(-33.8835260520155,49.7495513582373,-119.854037251325));
#4828=CARTESIAN_POINT('Ctrl Pts',(-33.4659945072324,49.6380878418125,-120.297832159118));
#4829=CARTESIAN_POINT('Ctrl Pts',(-33.1058872556408,49.5515720195691,-120.514458023038));
#4830=CARTESIAN_POINT('Ctrl Pts',(-32.8859885198869,49.50094715132,-120.608103101144));
#4831=CARTESIAN_POINT('Ctrl Pts',(-32.772206107093,49.4754344567472,-120.644524374936));
#4832=CARTESIAN_POINT('Ctrl Pts',(-32.7145919594593,49.4626759129803,-120.660118898747));
#4833=CARTESIAN_POINT('Ctrl Pts',(-32.8714237253955,49.1350610321838,-117.011065121777));
#4834=CARTESIAN_POINT('Ctrl Pts',(-32.9706832439736,49.153742156441,-117.047302233366));
#4835=CARTESIAN_POINT('Ctrl Pts',(-33.1629052610757,49.1886604780452,-117.138285181406));
#4836=CARTESIAN_POINT('Ctrl Pts',(-33.5100612835672,49.2465970397452,-117.387187373385));
#4837=CARTESIAN_POINT('Ctrl Pts',(-33.8516250029073,49.2928315004066,-117.810086153391));
#4838=CARTESIAN_POINT('Ctrl Pts',(-34.0603591414665,49.2994989645166,-118.431617874929));
#4839=CARTESIAN_POINT('Ctrl Pts',(-34.0399878527219,49.256934707108,-119.085685541726));
#4840=CARTESIAN_POINT('Ctrl Pts',(-33.7936650099901,49.1711902153643,-119.687761131625));
#4841=CARTESIAN_POINT('Ctrl Pts',(-33.4259978914634,49.0730224116905,-120.080425509244));
#4842=CARTESIAN_POINT('Ctrl Pts',(-33.1090457535289,48.9969743109801,-120.2712733106));
#4843=CARTESIAN_POINT('Ctrl Pts',(-32.9155169026333,48.9524715374719,-120.354006680899));
#4844=CARTESIAN_POINT('Ctrl Pts',(-32.8153865148291,48.9300472092573,-120.386209108729));
#4845=CARTESIAN_POINT('Ctrl Pts',(-32.7646918336959,48.9188379195495,-120.399948455862));
#4846=CARTESIAN_POINT('Ctrl Pts',(-32.7371941397643,48.873533048666,-117.513292693403));
#4847=CARTESIAN_POINT('Ctrl Pts',(-32.8059182314187,48.8864641180404,-117.538357936445));
#4848=CARTESIAN_POINT('Ctrl Pts',(-32.938998661225,48.9106367854061,-117.601312897835));
#4849=CARTESIAN_POINT('Ctrl Pts',(-33.1792983904862,48.9507473382055,-117.77365720911));
#4850=CARTESIAN_POINT('Ctrl Pts',(-33.4156039563167,48.9827603181457,-118.066591823918));
#4851=CARTESIAN_POINT('Ctrl Pts',(-33.5597738742803,48.987375991751,-118.4971230216));
#4852=CARTESIAN_POINT('Ctrl Pts',(-33.5453296163461,48.9578908797903,-118.950190312696));
#4853=CARTESIAN_POINT('Ctrl Pts',(-33.3745813878551,48.8984879114593,-119.367282260926));
#4854=CARTESIAN_POINT('Ctrl Pts',(-33.1199759045629,48.8304638995974,-119.639400883679));
#4855=CARTESIAN_POINT('Ctrl Pts',(-32.9005203043022,48.7777565192439,-119.7717686704));
#4856=CARTESIAN_POINT('Ctrl Pts',(-32.7665243740301,48.7469115482497,-119.829180493483));
#4857=CARTESIAN_POINT('Ctrl Pts',(-32.6971958470625,48.7313689070428,-119.85154111845));
#4858=CARTESIAN_POINT('Ctrl Pts',(-32.6620955113618,48.7235994837512,-119.86108675902));
#4859=CARTESIAN_POINT('Ctrl Pts',(-32.662283033756,48.8451059584324,-117.733067858347));
#4860=CARTESIAN_POINT('Ctrl Pts',(-32.7179689315957,48.8555775820846,-117.753365609804));
#4861=CARTESIAN_POINT('Ctrl Pts',(-32.8257966768193,48.8751604631001,-117.804305828711));
#4862=CARTESIAN_POINT('Ctrl Pts',(-33.0204741741783,48.9076717418384,-117.943921157102));
#4863=CARTESIAN_POINT('Ctrl Pts',(-33.2118443828193,48.9336612382639,-118.181279285992));
#4864=CARTESIAN_POINT('Ctrl Pts',(-33.3284710245067,48.9374946941034,-118.530005258101));
#4865=CARTESIAN_POINT('Ctrl Pts',(-33.3165912593214,48.9136714083782,-118.897075711898));
#4866=CARTESIAN_POINT('Ctrl Pts',(-33.1781638323153,48.8655535499533,-119.235000625707));
#4867=CARTESIAN_POINT('Ctrl Pts',(-32.9718863000513,48.8103949584935,-119.455403239533));
#4868=CARTESIAN_POINT('Ctrl Pts',(-32.7940919497004,48.767627801942,-119.562746782415));
#4869=CARTESIAN_POINT('Ctrl Pts',(-32.6855335613244,48.7425984169521,-119.609298644674));
#4870=CARTESIAN_POINT('Ctrl Pts',(-32.6293656383299,48.7299855886935,-119.627434547998));
#4871=CARTESIAN_POINT('Ctrl Pts',(-32.6009276799324,48.7236802506649,-119.635183972492));
#4872=CARTESIAN_POINT('Ctrl Pts',(-32.6009276799324,48.7236802506649,-119.635183972492));
#4873=CARTESIAN_POINT('Ctrl Pts',(-32.6293656383299,48.7299855886935,-119.627434547998));
#4874=CARTESIAN_POINT('Ctrl Pts',(-32.6855335613244,48.7425984169521,-119.609298644674));
#4875=CARTESIAN_POINT('Ctrl Pts',(-32.7940919497004,48.767627801942,-119.562746782415));
#4876=CARTESIAN_POINT('Ctrl Pts',(-32.9718863000513,48.8103949584935,-119.455403239533));
#4877=CARTESIAN_POINT('Ctrl Pts',(-33.1781638323153,48.8655535499533,-119.235000625707));
#4878=CARTESIAN_POINT('Ctrl Pts',(-33.3165912593214,48.9136714083782,-118.897075711898));
#4879=CARTESIAN_POINT('Ctrl Pts',(-33.3284710245067,48.9374946941034,-118.530005258101));
#4880=CARTESIAN_POINT('Ctrl Pts',(-33.2118443828193,48.9336612382639,-118.181279285992));
#4881=CARTESIAN_POINT('Ctrl Pts',(-33.0204741741783,48.9076717418384,-117.943921157102));
#4882=CARTESIAN_POINT('Ctrl Pts',(-32.8257966768193,48.8751604631001,-117.804305828711));
#4883=CARTESIAN_POINT('Ctrl Pts',(-32.7179689315957,48.8555775820846,-117.753365609804));
#4884=CARTESIAN_POINT('Ctrl Pts',(-32.662283033756,48.8451059584324,-117.733067858347));
#4885=CARTESIAN_POINT('Ctrl Pts',(-32.7637445861198,50.0087048877274,-116.856140632788));
#4886=CARTESIAN_POINT('Ctrl Pts',(-32.8752712474787,50.0296729377111,-116.896867009688));
#4887=CARTESIAN_POINT('Ctrl Pts',(-33.0912595963827,50.0688947790189,-116.998979902158));
#4888=CARTESIAN_POINT('Ctrl Pts',(-33.4813495033606,50.1340513162114,-117.278544602642));
#4889=CARTESIAN_POINT('Ctrl Pts',(-33.8650914830479,50.1862302521828,-117.753410185472));
#4890=CARTESIAN_POINT('Ctrl Pts',(-34.0995203552655,50.1941569655183,-118.45059452126));
#4891=CARTESIAN_POINT('Ctrl Pts',(-34.076757493358,50.1467559237931,-119.184062950649));
#4892=CARTESIAN_POINT('Ctrl Pts',(-33.8005979632136,50.0507207252412,-119.858928229167));
#4893=CARTESIAN_POINT('Ctrl Pts',(-33.3883002926321,49.9405123764551,-120.298758685619));
#4894=CARTESIAN_POINT('Ctrl Pts',(-33.03270835814,49.8550170142164,-120.512746986643));
#4895=CARTESIAN_POINT('Ctrl Pts',(-32.8155379372516,49.804969458789,-120.605456078967));
#4896=CARTESIAN_POINT('Ctrl Pts',(-32.7031581541449,49.7797456723861,-120.641533669466));
#4897=CARTESIAN_POINT('Ctrl Pts',(-32.6462560901373,49.7671349963288,-120.656936566382));
#4898=CARTESIAN_POINT('Ctrl Pts',(-32.7637445861196,50.0087048877274,-116.856140632788));
#4899=CARTESIAN_POINT('Ctrl Pts',(-26.7458648164653,48.8683026018137,-114.656787969611));
#4900=CARTESIAN_POINT('Ctrl Pts',(-14.9137025418181,46.445073560084,-109.815475214577));
#4901=CARTESIAN_POINT('Ctrl Pts',(-1.07331113889701,43.081217133603,-102.137855043317));
#4902=CARTESIAN_POINT('Ctrl Pts',(8.74539044029334,40.2558847314749,-94.410314785139));
#4903=CARTESIAN_POINT('Ctrl Pts',(14.3305079723113,38.3664309229075,-88.3503405458523));
#4904=CARTESIAN_POINT('Ctrl Pts',(19.1888822315534,36.3442017096187,-80.5912316859769));
#4905=CARTESIAN_POINT('Ctrl Pts',(21.3911714659562,34.8044820619268,-72.717671729177));
#4906=CARTESIAN_POINT('Ctrl Pts',(20.8186824698288,33.6700162022796,-62.4997895712678));
#4907=CARTESIAN_POINT('Ctrl Pts',(17.6834651330062,33.4924603135298,-53.5732312940842));
#4908=CARTESIAN_POINT('Ctrl Pts',(12.1568661698522,34.5948650387476,-44.6062305289027));
#4909=CARTESIAN_POINT('Ctrl Pts',(6.32081074603669,36.8348314050507,-37.311646829643));
#4910=CARTESIAN_POINT('Ctrl Pts',(0.219235837498126,40.744926555243,-30.917321216662));
#4911=CARTESIAN_POINT('Ctrl Pts',(-3.59227392147908,44.597498099719,-27.3735271660988));
#4912=CARTESIAN_POINT('Ctrl Pts',(-5.38930548600004,46.7468662651878,-25.7662420665134));
#4913=CARTESIAN_POINT('Ctrl Pts',(-32.6670637340888,50.4235778466464,-116.907276473182));
#4914=CARTESIAN_POINT('Ctrl Pts',(-26.6450441111677,49.2827565948721,-114.704457958184));
#4915=CARTESIAN_POINT('Ctrl Pts',(-14.8042143066324,46.8587394724108,-109.854711946493));
#4916=CARTESIAN_POINT('Ctrl Pts',(-0.952946761507974,43.4955489902727,-102.159908122673));
#4917=CARTESIAN_POINT('Ctrl Pts',(8.87206113608213,40.6751854631396,-94.4104516728926));
#4918=CARTESIAN_POINT('Ctrl Pts',(14.4578097685589,38.7929784338307,-88.3310106764571));
#4919=CARTESIAN_POINT('Ctrl Pts',(19.3098211117383,36.7846002620516,-80.5478689986354));
#4920=CARTESIAN_POINT('Ctrl Pts',(21.4965273187136,35.2639775165647,-72.6589555287909));
#4921=CARTESIAN_POINT('Ctrl Pts',(20.91438694822,34.1523647952541,-62.4479964740392));
#4922=CARTESIAN_POINT('Ctrl Pts',(17.790382042076,33.990325072661,-53.5397983664525));
#4923=CARTESIAN_POINT('Ctrl Pts',(12.3008560815506,35.1016763776891,-44.6023360352221));
#4924=CARTESIAN_POINT('Ctrl Pts',(6.52031843256737,37.3362323594781,-37.3492936028453));
#4925=CARTESIAN_POINT('Ctrl Pts',(0.495543052967451,41.2031125376106,-31.0121228151869));
#4926=CARTESIAN_POINT('Ctrl Pts',(-3.27940197967975,44.9971472252305,-27.4990703484683));
#4927=CARTESIAN_POINT('Ctrl Pts',(-5.06781407167487,47.1177748939744,-25.9006186707431));
#4928=CARTESIAN_POINT('Ctrl Pts',(-32.4332858885496,51.0682360569083,-117.215524971932));
#4929=CARTESIAN_POINT('Ctrl Pts',(-26.3988286894341,49.92673420228,-115.005293301125));
#4930=CARTESIAN_POINT('Ctrl Pts',(-14.5306061949774,47.5013822248598,-110.137247162679));
#4931=CARTESIAN_POINT('Ctrl Pts',(-0.634137862779734,44.1387674750132,-102.404027061516));
#4932=CARTESIAN_POINT('Ctrl Pts',(9.23895290225891,41.3246100943479,-94.6003802816588));
#4933=CARTESIAN_POINT('Ctrl Pts',(14.8614498409669,39.4518223046507,-88.4663954646736));
#4934=CARTESIAN_POINT('Ctrl Pts',(19.7545662605919,37.461155068586,-80.5981024230596));
#4935=CARTESIAN_POINT('Ctrl Pts',(21.9627920124017,35.9652268694097,-72.6102560117056));
#4936=CARTESIAN_POINT('Ctrl Pts',(21.3852865230363,34.8819820631826,-62.2975046104288));
#4937=CARTESIAN_POINT('Ctrl Pts',(18.2695258457478,34.7377611190687,-53.3342556860513));
#4938=CARTESIAN_POINT('Ctrl Pts',(12.8227197724344,35.8565207529129,-44.3780582316611));
#4939=CARTESIAN_POINT('Ctrl Pts',(7.11292970869538,38.0775659157404,-37.1422022438575));
#4940=CARTESIAN_POINT('Ctrl Pts',(1.18170013153479,41.8808041019759,-30.8680232439567));
#4941=CARTESIAN_POINT('Ctrl Pts',(-2.56209625534254,45.5933070705145,-27.4132494231284));
#4942=CARTESIAN_POINT('Ctrl Pts',(-4.35156016123247,47.674894260018,-25.8412109029253));
#4943=CARTESIAN_POINT('Ctrl Pts',(-32.0449853960198,51.5710904970385,-118.019934173603));
#4944=CARTESIAN_POINT('Ctrl Pts',(-25.9863789688328,50.4288298113084,-115.798910079485));
#4945=CARTESIAN_POINT('Ctrl Pts',(-14.0623120937315,48.001748364596,-110.903591140432));
#4946=CARTESIAN_POINT('Ctrl Pts',(-0.0617127357294609,44.6353326047557,
-103.109825385846));
#4947=CARTESIAN_POINT('Ctrl Pts',(9.93827126936978,41.8145753989762,-95.2122644342925));
#4948=CARTESIAN_POINT('Ctrl Pts',(15.6712029773926,39.9341625103053,-88.9734375130644));
#4949=CARTESIAN_POINT('Ctrl Pts',(20.7065475462531,37.9300335407335,-80.9227631706774));
#4950=CARTESIAN_POINT('Ctrl Pts',(23.0260657115749,36.4152844485428,-72.6781514686699));
#4951=CARTESIAN_POINT('Ctrl Pts',(22.4784323297725,35.3033493213819,-62.0273974495476));
#4952=CARTESIAN_POINT('Ctrl Pts',(19.3288887047281,35.1303521793446,-52.8331960297221));
#4953=CARTESIAN_POINT('Ctrl Pts',(13.8518920259785,36.2094858523775,-43.7144699275198));
#4954=CARTESIAN_POINT('Ctrl Pts',(8.12715685146625,38.3904193621155,-36.3824860859816));
#4955=CARTESIAN_POINT('Ctrl Pts',(2.18193978001451,42.1666151180118,-30.0777833298456));
#4956=CARTESIAN_POINT('Ctrl Pts',(-1.57930594225507,45.8830146577015,-26.6767038909558));
#4957=CARTESIAN_POINT('Ctrl Pts',(-3.38192146363703,47.9688857481041,-25.147487384579));
#4958=CARTESIAN_POINT('Ctrl Pts',(-31.8363413147627,51.6251029889414,-118.563476771946));
#4959=CARTESIAN_POINT('Ctrl Pts',(-25.7634103565854,50.4825466457199,-116.337171659918));
#4960=CARTESIAN_POINT('Ctrl Pts',(-13.8055354608238,48.0546285481123,-111.428245460892));
#4961=CARTESIAN_POINT('Ctrl Pts',(0.261422053373167,44.6838398050021,-103.602399405945));
#4962=CARTESIAN_POINT('Ctrl Pts',(10.3452552605642,41.8516850859747,-95.6510731705497));
#4963=CARTESIAN_POINT('Ctrl Pts',(16.1526851056587,39.9566133888595,-89.3490512626881));
#4964=CARTESIAN_POINT('Ctrl Pts',(21.2854866124243,37.9259527893207,-81.1834322619835));
#4965=CARTESIAN_POINT('Ctrl Pts',(23.6822440699472,36.3748717162268,-72.7686078893343));
#4966=CARTESIAN_POINT('Ctrl Pts',(23.1461529388616,35.2150647611649,-61.8830566256545));
#4967=CARTESIAN_POINT('Ctrl Pts',(19.9521127757549,35.0021109557273,-52.5242098661149));
#4968=CARTESIAN_POINT('Ctrl Pts',(14.4119111069577,36.0388439159151,-43.2824554974071));
#4969=CARTESIAN_POINT('Ctrl Pts',(8.62223189270476,38.1913804784844,-35.8622400184879));
#4970=CARTESIAN_POINT('Ctrl Pts',(2.60567303907744,41.9845494906374,-29.4924403603234));
#4971=CARTESIAN_POINT('Ctrl Pts',(-1.17950599677087,45.7582599495566,-26.0922015141925));
#4972=CARTESIAN_POINT('Ctrl Pts',(-2.98592106626287,47.8747440011166,-24.578710465414));
#4973=CARTESIAN_POINT('Ctrl Pts',(-31.7446004159221,51.5910292326605,-118.832245531079));
#4974=CARTESIAN_POINT('Ctrl Pts',(-25.6650237342236,50.4483715996229,-116.603747418883));
#4975=CARTESIAN_POINT('Ctrl Pts',(-13.6912752249874,48.0201050200582,-111.689075989344));
#4976=CARTESIAN_POINT('Ctrl Pts',(0.407522168611283,44.6467513521603,-103.849003745553));
#4977=CARTESIAN_POINT('Ctrl Pts',(10.5318780106536,41.8074390489136,-95.8726426759284));
#4978=CARTESIAN_POINT('Ctrl Pts',(16.3752729527748,39.9030883730524,-89.5404930751928));
#4979=CARTESIAN_POINT('Ctrl Pts',(21.5546856523124,37.8556573436088,-81.3193915608549));
#4980=CARTESIAN_POINT('Ctrl Pts',(23.987263408304,36.2819287045599,-72.8216067506982));
#4981=CARTESIAN_POINT('Ctrl Pts',(23.4519314526308,35.0932445031932,-61.8215436202392));
#4982=CARTESIAN_POINT('Ctrl Pts',(20.2296402697777,34.8571766276355,-52.3829230994008));
#4983=CARTESIAN_POINT('Ctrl Pts',(14.6480885761316,35.8710447818751,-43.0813732900303));
#4984=CARTESIAN_POINT('Ctrl Pts',(8.81450147342837,38.0105197645832,-35.6161301680138));
#4985=CARTESIAN_POINT('Ctrl Pts',(2.75129858530209,41.8191687395295,-29.2064428215885));
#4986=CARTESIAN_POINT('Ctrl Pts',(-1.04615980779169,45.6308181324243,-25.7965715031996));
#4987=CARTESIAN_POINT('Ctrl Pts',(-2.85204424517829,47.767545915082,-24.2859803749494));
#4988=CARTESIAN_POINT('',(-31.7446004159221,51.5910292326605,-118.832245531079));
#4989=CARTESIAN_POINT('Ctrl Pts',(-2.11291446871426,46.9118984696705,-24.9107959397189));
#4990=CARTESIAN_POINT('Ctrl Pts',(-0.530479309990987,45.120178962535,-26.2625730947033));
#4991=CARTESIAN_POINT('Ctrl Pts',(3.02515420472535,41.6471441605331,-29.4959480436555));
#4992=CARTESIAN_POINT('Ctrl Pts',(8.81450147342837,38.0105197645832,-35.6161301680138));
#4993=CARTESIAN_POINT('Ctrl Pts',(14.6480885761316,35.8710447818751,-43.0813732900303));
#4994=CARTESIAN_POINT('Ctrl Pts',(20.2296402697777,34.8571766276355,-52.3829230994008));
#4995=CARTESIAN_POINT('Ctrl Pts',(23.4519314526308,35.0932445031932,-61.8215436202392));
#4996=CARTESIAN_POINT('Ctrl Pts',(23.987263408304,36.2819287045599,-72.8216067506982));
#4997=CARTESIAN_POINT('Ctrl Pts',(21.5546856523124,37.8556573436088,-81.3193915608549));
#4998=CARTESIAN_POINT('Ctrl Pts',(16.3752729527748,39.9030883730524,-89.5404930751928));
#4999=CARTESIAN_POINT('Ctrl Pts',(10.5318780106536,41.8074390489136,-95.8726426759284));
#5000=CARTESIAN_POINT('Ctrl Pts',(0.407522168611283,44.6467513521603,-103.849003745553));
#5001=CARTESIAN_POINT('Ctrl Pts',(-13.6912752249874,48.0201050200582,-111.689075989344));
#5002=CARTESIAN_POINT('Ctrl Pts',(-25.6650237342236,50.4483715996229,-116.603747418883));
#5003=CARTESIAN_POINT('Ctrl Pts',(-31.7446004159221,51.5910292326605,-118.832245531079));
#5004=CARTESIAN_POINT('Origin',(-32.1519400547747,49.635975902119,-118.723429662027));
#5005=CARTESIAN_POINT('Ctrl Pts',(123.978272013598,0.468010317607575,-2.18764673714215));
#5006=CARTESIAN_POINT('Ctrl Pts',(123.811717838532,2.48752591583737,-11.6266016062399));
#5007=CARTESIAN_POINT('Ctrl Pts',(121.313261509731,6.52655711229696,-30.4657161080351));
#5008=CARTESIAN_POINT('Ctrl Pts',(111.26597422826,12.5851039069863,-57.1433199653823));
#5009=CARTESIAN_POINT('Ctrl Pts',(95.4367074793548,18.6436507016757,-80.8511625868254));
#5010=CARTESIAN_POINT('Ctrl Pts',(74.6520894644655,24.7021974963651,-100.360751761735));
#5011=CARTESIAN_POINT('Ctrl Pts',(49.9893200789495,30.7607442910545,-114.656633057951));
#5012=CARTESIAN_POINT('Ctrl Pts',(22.7307433688467,36.8192910857438,-122.999143669903));
#5013=CARTESIAN_POINT('Ctrl Pts',(-5.70931959711176,42.8778378804332,-124.949873732796));
#5014=CARTESIAN_POINT('Ctrl Pts',(-24.4710931004096,46.9168690768928,-121.924915179423));
#5015=CARTESIAN_POINT('Ctrl Pts',(-33.5591960458748,48.9363846751226,-119.369921213339));
#5016=CARTESIAN_POINT('Ctrl Pts',(90.9842176440501,0.468010317607575,-1.60545330748444));
#5017=CARTESIAN_POINT('Ctrl Pts',(90.8619881511908,2.48752591583737,-8.53244067546587));
#5018=CARTESIAN_POINT('Ctrl Pts',(89.0284402987989,6.52655711229695,-22.3579446626847));
#5019=CARTESIAN_POINT('Ctrl Pts',(81.6550146339422,12.5851039069863,-41.9358987360598));
#5020=CARTESIAN_POINT('Ctrl Pts',(70.0383544915092,18.6436507016757,-59.3344273484256));
#5021=CARTESIAN_POINT('Ctrl Pts',(54.7850993976835,24.7021974963651,-73.6519741153407));
#5022=CARTESIAN_POINT('Ctrl Pts',(36.6857764999528,30.7607442910545,-84.1433251734172));
#5023=CARTESIAN_POINT('Ctrl Pts',(16.6814625522072,36.8192910857438,-90.2656624901722));
#5024=CARTESIAN_POINT('Ctrl Pts',(-4.18991141259076,42.8778378804332,-91.6972492168174));
#5025=CARTESIAN_POINT('Ctrl Pts',(-17.9586569845986,46.9168690768928,-89.4773159743687));
#5026=CARTESIAN_POINT('Ctrl Pts',(-24.628163850052,48.9363846751226,-87.6022767169746));
#5027=CARTESIAN_POINT('Ctrl Pts',(57.9901632745018,0.468010317607575,-1.02325987782673));
#5028=CARTESIAN_POINT('Ctrl Pts',(57.91225846385,2.48752591583737,-5.43827974469178));
#5029=CARTESIAN_POINT('Ctrl Pts',(56.7436190878673,6.52655711229695,-14.2501732173344));
#5030=CARTESIAN_POINT('Ctrl Pts',(52.0440550396248,12.5851039069863,-26.7284775067373));
#5031=CARTESIAN_POINT('Ctrl Pts',(44.6400015036637,18.6436507016757,-37.8176921100259));
#5032=CARTESIAN_POINT('Ctrl Pts',(34.9181093309015,24.7021974963651,-46.943196468946));
#5033=CARTESIAN_POINT('Ctrl Pts',(23.3822329209562,30.7607442910545,-53.6300172888837));
#5034=CARTESIAN_POINT('Ctrl Pts',(10.6321817355676,36.8192910857438,-57.5321813104415));
#5035=CARTESIAN_POINT('Ctrl Pts',(-2.67050322806975,42.8778378804332,-58.4446247008386));
#5036=CARTESIAN_POINT('Ctrl Pts',(-11.4462208687877,46.9168690768928,-57.0297167693144));
#5037=CARTESIAN_POINT('Ctrl Pts',(-15.6971316542292,48.9363846751226,-55.8346322206097));
#5038=CARTESIAN_POINT('Ctrl Pts',(24.9961089049536,0.468010317607575,-0.441066448169028));
#5039=CARTESIAN_POINT('Ctrl Pts',(24.9625287765091,2.48752591583737,-2.3441188139177));
#5040=CARTESIAN_POINT('Ctrl Pts',(24.4587978769356,6.52655711229696,-6.14240177198401));
#5041=CARTESIAN_POINT('Ctrl Pts',(22.4330954453074,12.5851039069863,-11.5210562774148));
#5042=CARTESIAN_POINT('Ctrl Pts',(19.2416485158181,18.6436507016757,-16.3009568716261));
#5043=CARTESIAN_POINT('Ctrl Pts',(15.0511192641195,24.7021974963651,-20.2344188225514));
#5044=CARTESIAN_POINT('Ctrl Pts',(10.0786893419595,30.7607442910545,-23.1167094043502));
#5045=CARTESIAN_POINT('Ctrl Pts',(4.58290091892814,36.8192910857438,-24.7987001307108));
#5046=CARTESIAN_POINT('Ctrl Pts',(-1.15109504354875,42.8778378804332,-25.1920001848598));
#5047=CARTESIAN_POINT('Ctrl Pts',(-4.93378475297675,46.9168690768928,-24.58211756426));
#5048=CARTESIAN_POINT('Ctrl Pts',(-6.76609945840643,48.9363846751226,-24.0669877242448));
#5049=CARTESIAN_POINT('Ctrl Pts',(69.8343151000813,3.48995755289896,-1.29005387641152));
#5050=CARTESIAN_POINT('Ctrl Pts',(63.4271170757627,3.51329302218505,-1.2331493479365));
#5051=CARTESIAN_POINT('Ctrl Pts',(48.4775777107539,3.56695964950062,-1.07539065767661));
#5052=CARTESIAN_POINT('Ctrl Pts',(33.5348339289885,3.62889444183125,-0.778883220913921));
#5053=CARTESIAN_POINT('Ctrl Pts',(24.9940611622511,3.57819349679784,-0.544891381514351));
#5054=CARTESIAN_POINT('Ctrl Pts',(69.8331693730449,3.32661837401989,-0.859864271392324));
#5055=CARTESIAN_POINT('Ctrl Pts',(63.4257490028393,3.34075242929591,-0.818874779278827));
#5056=CARTESIAN_POINT('Ctrl Pts',(48.4756437182847,3.37350504757607,-0.705870590438601));
#5057=CARTESIAN_POINT('Ctrl Pts',(33.5309096953271,3.40602743895428,-0.50073043849425));
#5058=CARTESIAN_POINT('Ctrl Pts',(24.9892164604445,3.36870110820881,-0.347296924114753));
#5059=CARTESIAN_POINT('Ctrl Pts',(69.829273268065,2.7711749149603,-0.212703618662253));
#5060=CARTESIAN_POINT('Ctrl Pts',(63.4213204329757,2.78713593352566,-0.201706021105247));
#5061=CARTESIAN_POINT('Ctrl Pts',(48.4698656389567,2.82907593484451,-0.171829372188836));
#5062=CARTESIAN_POINT('Ctrl Pts',(33.5216065292492,2.89129553406255,-0.119718807264265));
#5063=CARTESIAN_POINT('Ctrl Pts',(24.9789873475506,2.92637846817991,-0.0822524866060032));
#5064=CARTESIAN_POINT('Ctrl Pts',(69.8236209526124,1.96535944981389,3.01503089843803E-16));
#5065=CARTESIAN_POINT('Ctrl Pts',(63.415023239167,2.0016493553093,-5.43710165695967E-5));
#5066=CARTESIAN_POINT('Ctrl Pts',(48.4619353822311,2.10284888210185,-7.02232592794406E-6));
#5067=CARTESIAN_POINT('Ctrl Pts',(33.5102817997111,2.27355553179122,5.14363453345783E-5));
#5068=CARTESIAN_POINT('Ctrl Pts',(24.9673327457465,2.42241548605559,-1.49889234867077E-17));
#5069=CARTESIAN_POINT('Ctrl Pts',(69.8212002188447,1.62025048988298,2.77555756156289E-16));
#5070=CARTESIAN_POINT('Ctrl Pts',(63.412326221917,1.66520492311629,2.87338305366726E-16));
#5071=CARTESIAN_POINT('Ctrl Pts',(48.4585384579696,1.79175322188346,1.61933631864045E-16));
#5072=CARTESIAN_POINT('Ctrl Pts',(33.5054299763895,2.00889332311378,2.3666559770492E-17));
#5073=CARTESIAN_POINT('Ctrl Pts',(24.9623385806253,2.20646007290536,0.));
#5074=CARTESIAN_POINT('',(69.8212002188447,1.62025048988298,0.));
#5075=CARTESIAN_POINT('Ctrl Pts',(35.3662560892449,1.9992632941072,5.21932649550137E-17));
#5076=CARTESIAN_POINT('Ctrl Pts',(40.4422141020368,1.91303593454469,8.71166521705233E-17));
#5077=CARTESIAN_POINT('Ctrl Pts',(51.9270698073798,1.76240034163551,1.91021248210673E-16));
#5078=CARTESIAN_POINT('Ctrl Pts',(63.412326221917,1.66520492311629,2.87338305366726E-16));
#5079=CARTESIAN_POINT('Ctrl Pts',(69.8212002188447,1.62025048988298,2.77555756156289E-16));
#5080=CARTESIAN_POINT('',(69.8343151000813,3.48995755289896,-1.29005387641152));
#5081=CARTESIAN_POINT('Origin',(69.8212002188447,1.62025048988298,-2.));
#5082=CARTESIAN_POINT('Ctrl Pts',(69.8343151000813,3.48995755289896,-1.29005387641152));
#5083=CARTESIAN_POINT('Ctrl Pts',(63.4271170757627,3.51329302218505,-1.2331493479365));
#5084=CARTESIAN_POINT('Ctrl Pts',(48.4775777107539,3.56695964950062,-1.07539065767661));
#5085=CARTESIAN_POINT('Ctrl Pts',(33.5348339289885,3.62889444183125,-0.778883220913921));
#5086=CARTESIAN_POINT('Ctrl Pts',(24.9940611622511,3.57819349679784,-0.544891381514351));
#5087=CARTESIAN_POINT('Ctrl Pts',(104.951663737208,17.5512976926912,-64.1402409748917));
#5088=CARTESIAN_POINT('Ctrl Pts',(107.094940704829,16.6649245447603,-60.6332307082878));
#5089=CARTESIAN_POINT('Ctrl Pts',(110.322803589184,14.8910046865428,-52.9657871683877));
#5090=CARTESIAN_POINT('Ctrl Pts',(111.544590931471,12.2780302470983,-40.519869754175));
#5091=CARTESIAN_POINT('Ctrl Pts',(109.024660016048,9.77294639747173,-28.2303579077082));
#5092=CARTESIAN_POINT('Ctrl Pts',(102.951745635432,7.45436822415532,-17.1939750530165));
#5093=CARTESIAN_POINT('Ctrl Pts',(93.8359549895369,5.44185507734822,-8.40802031562356));
#5094=CARTESIAN_POINT('Ctrl Pts',(82.4538775166349,3.92678836892521,-2.69840919141783));
#5095=CARTESIAN_POINT('Ctrl Pts',(74.037706433807,3.47464850376495,-1.32738563998957));
#5096=CARTESIAN_POINT('Ctrl Pts',(69.8343151000813,3.48995755289896,-1.29005387641151));
#5097=CARTESIAN_POINT('Ctrl Pts',(105.461469104023,17.5517205889034,-64.4541019835452));
#5098=CARTESIAN_POINT('Ctrl Pts',(107.630682554542,16.6568419165592,-60.8944209052853));
#5099=CARTESIAN_POINT('Ctrl Pts',(110.894198934965,14.8673868124766,-53.116162115068));
#5100=CARTESIAN_POINT('Ctrl Pts',(112.116522715038,12.23059639135,-40.4994251210135));
#5101=CARTESIAN_POINT('Ctrl Pts',(109.546999839634,9.70228051220426,-28.051587166235));
#5102=CARTESIAN_POINT('Ctrl Pts',(103.380122670557,7.3598745446159,-16.8839718783841));
#5103=CARTESIAN_POINT('Ctrl Pts',(94.1366313398182,5.32311134906679,-8.00601526286266));
#5104=CARTESIAN_POINT('Ctrl Pts',(82.6062041828751,3.78361482679392,-2.25283861754291));
#5105=CARTESIAN_POINT('Ctrl Pts',(74.0872591532577,3.31708676843638,-0.887013256999676));
#5106=CARTESIAN_POINT('Ctrl Pts',(69.8331693730449,3.32661837401989,-0.859864271392319));
#5107=CARTESIAN_POINT('Ctrl Pts',(106.288790584172,17.0611052466355,-65.08787521582));
#5108=CARTESIAN_POINT('Ctrl Pts',(108.507401994155,16.1616094965374,-61.4381751071869));
#5109=CARTESIAN_POINT('Ctrl Pts',(111.84030533922,14.3621942448179,-53.46726766552));
#5110=CARTESIAN_POINT('Ctrl Pts',(113.075518732052,11.7131993312928,-40.5561409910785));
#5111=CARTESIAN_POINT('Ctrl Pts',(110.429819914604,9.17310067013787,-27.834373418695));
#5112=CARTESIAN_POINT('Ctrl Pts',(104.1090065269,6.82026779636502,-16.439427135015));
#5113=CARTESIAN_POINT('Ctrl Pts',(94.6511848246246,4.77437616151138,-7.4028078947143));
#5114=CARTESIAN_POINT('Ctrl Pts',(82.8684455372802,3.22842076863939,-1.57486705844931));
#5115=CARTESIAN_POINT('Ctrl Pts',(74.1716047798943,2.76042592595768,-0.220388392511867));
#5116=CARTESIAN_POINT('Ctrl Pts',(69.8292738749082,2.7712614288251,-0.212608952730859));
#5117=CARTESIAN_POINT('Ctrl Pts',(106.484392648642,16.0351592434053,-65.468183737142));
#5118=CARTESIAN_POINT('Ctrl Pts',(108.736358905939,15.1448888937345,-61.7933698425669));
#5119=CARTESIAN_POINT('Ctrl Pts',(112.127815411647,13.3637122172302,-53.7634596505057));
#5120=CARTESIAN_POINT('Ctrl Pts',(113.417151717947,10.7419129612009,-40.7420596957818));
#5121=CARTESIAN_POINT('Ctrl Pts',(110.786171292801,8.22985685519106,-27.9007606446409));
#5122=CARTESIAN_POINT('Ctrl Pts',(104.437054890482,5.90672918480043,-16.3898667567232));
#5123=CARTESIAN_POINT('Ctrl Pts',(94.9081296696013,3.89320174876482,-7.25527350459375));
#5124=CARTESIAN_POINT('Ctrl Pts',(83.0140304596646,2.38307878870421,-1.36335433560121));
#5125=CARTESIAN_POINT('Ctrl Pts',(74.2196433357976,1.94143677692472,-0.000215852742589847));
#5126=CARTESIAN_POINT('Ctrl Pts',(69.8236209526124,1.96535944981389,4.51273409956317E-15));
#5127=CARTESIAN_POINT('Ctrl Pts',(106.434756431166,15.5962443621496,-65.5487804878049));
#5128=CARTESIAN_POINT('Ctrl Pts',(108.695191431076,14.7098712142187,-61.8784017736092));
#5129=CARTESIAN_POINT('Ctrl Pts',(112.105047033872,12.9365282926925,-53.8534988601346));
#5130=CARTESIAN_POINT('Ctrl Pts',(113.422139512771,10.3262660850871,-40.8296383762631));
#5131=CARTESIAN_POINT('Ctrl Pts',(110.814527194235,7.82617734054744,-27.9757137813426));
#5132=CARTESIAN_POINT('Ctrl Pts',(104.480361676401,5.51569770689557,-16.4443258504025));
#5133=CARTESIAN_POINT('Ctrl Pts',(94.9538865285976,3.51597325032904,-7.28535796970302));
#5134=CARTESIAN_POINT('Ctrl Pts',(83.0464725676479,2.02111550609708,-1.37083051045887));
#5135=CARTESIAN_POINT('Ctrl Pts',(74.2307881753338,1.59075849129822,4.59698967757744E-15));
#5136=CARTESIAN_POINT('Ctrl Pts',(69.8212002188447,1.62025048988298,4.44089209850063E-15));
#5137=CARTESIAN_POINT('',(104.951663737208,17.5512976926912,-64.1402409748917));
#5138=CARTESIAN_POINT('Origin',(104.731800328267,15.5962443621496,-64.5));
#5139=CARTESIAN_POINT('Ctrl Pts',(104.951663737208,17.5512976926912,-64.1402409748917));
#5140=CARTESIAN_POINT('Ctrl Pts',(107.094940704829,16.6649245447603,-60.6332307082878));
#5141=CARTESIAN_POINT('Ctrl Pts',(110.322803589184,14.8910046865428,-52.9657871683877));
#5142=CARTESIAN_POINT('Ctrl Pts',(111.544590931471,12.2780302470983,-40.519869754175));
#5143=CARTESIAN_POINT('Ctrl Pts',(109.024660016048,9.77294639747173,-28.2303579077082));
#5144=CARTESIAN_POINT('Ctrl Pts',(102.951745635432,7.45436822415532,-17.1939750530165));
#5145=CARTESIAN_POINT('Ctrl Pts',(93.8359549895369,5.44185507734822,-8.40802031562356));
#5146=CARTESIAN_POINT('Ctrl Pts',(82.4538775166349,3.92678836892521,-2.69840919141783));
#5147=CARTESIAN_POINT('Ctrl Pts',(74.037706433807,3.47464850376495,-1.32738563998957));
#5148=CARTESIAN_POINT('Ctrl Pts',(69.8343151000813,3.48995755289896,-1.29005387641151));
#5149=CARTESIAN_POINT('Ctrl Pts',(69.8212002188447,1.62025048988298,4.44089209850063E-15));
#5150=CARTESIAN_POINT('Ctrl Pts',(74.2307881753338,1.59075849129822,4.59698967757744E-15));
#5151=CARTESIAN_POINT('Ctrl Pts',(83.0464725676479,2.02111550609708,-1.37083051045887));
#5152=CARTESIAN_POINT('Ctrl Pts',(94.9538865285976,3.51597325032904,-7.28535796970302));
#5153=CARTESIAN_POINT('Ctrl Pts',(104.480361676401,5.51569770689557,-16.4443258504025));
#5154=CARTESIAN_POINT('Ctrl Pts',(110.814527194235,7.82617734054744,-27.9757137813426));
#5155=CARTESIAN_POINT('Ctrl Pts',(112.842608465588,9.77063170727899,-37.9729068261173));
#5156=CARTESIAN_POINT('Ctrl Pts',(112.838733836843,10.9143636756955,-43.7358043575964));
#5157=CARTESIAN_POINT('Ctrl Pts',(112.765900074624,11.2019176880485,-45.17231048161));
#5158=CARTESIAN_POINT('Ctrl Pts',(106.445752451154,15.7274034563595,-65.5223333176884));
#5159=CARTESIAN_POINT('Ctrl Pts',(98.4381364046747,18.9691777025034,-78.531282667442));
#5160=CARTESIAN_POINT('Ctrl Pts',(77.6044358121861,25.4532566779641,-101.586843532661));
#5161=CARTESIAN_POINT('Ctrl Pts',(42.9564792903753,33.558053291421,-119.12770238963));
#5162=CARTESIAN_POINT('Ctrl Pts',(5.31992503171774,41.6626940969323,-126.522446276959));
#5163=CARTESIAN_POINT('Ctrl Pts',(-17.9005293669524,46.5253607501849,-124.646701138064));
#5164=CARTESIAN_POINT('Ctrl Pts',(-32.6462560901372,49.7671349963288,-120.656936566382));
#5165=CARTESIAN_POINT('Ctrl Pts',(106.468608174715,16.1466206603578,-65.4302324704986));
#5166=CARTESIAN_POINT('Ctrl Pts',(98.4721469586682,19.3883949065017,-78.4420977203082));
#5167=CARTESIAN_POINT('Ctrl Pts',(77.6600722093201,25.8724738819623,-101.507204501647));
#5168=CARTESIAN_POINT('Ctrl Pts',(43.0327783941649,33.9772704954193,-119.06921917825));
#5169=CARTESIAN_POINT('Ctrl Pts',(5.41014005192142,42.0819113009306,-126.489394040588));
#5170=CARTESIAN_POINT('Ctrl Pts',(-17.8060951055296,46.9445779541831,-124.630976525932));
#5171=CARTESIAN_POINT('Ctrl Pts',(-32.5514547013412,50.1863522003271,-120.652735752783));
#5172=CARTESIAN_POINT('Ctrl Pts',(106.235631188436,17.104400909993,-65.0441708762574));
#5173=CARTESIAN_POINT('Ctrl Pts',(98.2864687835972,20.346175156137,-78.0273450152155));
#5174=CARTESIAN_POINT('Ctrl Pts',(77.5791485202138,26.8302541315976,-101.053334960873));
#5175=CARTESIAN_POINT('Ctrl Pts',(43.0919231459772,34.9350507450545,-118.616173904265));
#5176=CARTESIAN_POINT('Ctrl Pts',(5.60237865911036,43.0396915505659,-126.074961574477));
#5177=CARTESIAN_POINT('Ctrl Pts',(-17.5428770433963,47.9023582038184,-124.260862439709));
#5178=CARTESIAN_POINT('Ctrl Pts',(-32.2473102169797,51.1441324499624,-120.319842431559));
#5179=CARTESIAN_POINT('Ctrl Pts',(105.439689460056,17.5517025221479,-64.4406933741647));
#5180=CARTESIAN_POINT('Ctrl Pts',(97.5642459013485,20.7934767682918,-77.3269877616307));
#5181=CARTESIAN_POINT('Ctrl Pts',(77.0404665928429,27.2775557437524,-100.185084748542));
#5182=CARTESIAN_POINT('Ctrl Pts',(42.8425537923722,35.3823523572093,-117.635511539445));
#5183=CARTESIAN_POINT('Ctrl Pts',(5.6577266553305,43.4869931627208,-125.064571787461));
#5184=CARTESIAN_POINT('Ctrl Pts',(-17.3036974845916,48.3496598159732,-123.283240869558));
#5185=CARTESIAN_POINT('Ctrl Pts',(-31.8943226219799,51.5914340621172,-119.385439901444));
#5186=CARTESIAN_POINT('Ctrl Pts',(104.951663737208,17.5512976926912,-64.1402409748917));
#5187=CARTESIAN_POINT('Ctrl Pts',(97.1129559737752,20.7930719388352,-76.9665947399819));
#5188=CARTESIAN_POINT('Ctrl Pts',(76.6847162150932,27.2771509142958,-99.7194690782196));
#5189=CARTESIAN_POINT('Ctrl Pts',(42.645534902042,35.3819475277527,-117.089261494553));
#5190=CARTESIAN_POINT('Ctrl Pts',(5.6335353653684,43.4865883332641,-124.484442293599));
#5191=CARTESIAN_POINT('Ctrl Pts',(-17.2218728515633,48.3492549865166,-122.7118169506));
#5192=CARTESIAN_POINT('Ctrl Pts',(-31.7446004159222,51.5910292326605,-118.832245531079));
#5193=CARTESIAN_POINT('Origin',(-32.1519400547748,49.635975902119,-118.723429662027));
#5194=CARTESIAN_POINT('Ctrl Pts',(-31.7446004159222,51.5910292326605,-118.832245531079));
#5195=CARTESIAN_POINT('Ctrl Pts',(-17.2218728515633,48.3492549865166,-122.7118169506));
#5196=CARTESIAN_POINT('Ctrl Pts',(5.6335353653684,43.4865883332641,-124.484442293599));
#5197=CARTESIAN_POINT('Ctrl Pts',(42.645534902042,35.3819475277527,-117.089261494553));
#5198=CARTESIAN_POINT('Ctrl Pts',(76.6847162150932,27.2771509142958,-99.7194690782196));
#5199=CARTESIAN_POINT('Ctrl Pts',(97.1129559737752,20.7930719388352,-76.9665947399819));
#5200=CARTESIAN_POINT('Ctrl Pts',(104.951663737208,17.5512976926912,-64.1402409748917));
#5201=CARTESIAN_POINT('Origin',(-32.1519400547747,49.635975902119,-118.723429662027));
#5202=CARTESIAN_POINT('Origin',(69.8212002188447,2.99999999999998,-43.));
#5203=CARTESIAN_POINT('',(69.8212002188447,2.99999999999998,0.));
#5204=CARTESIAN_POINT('Origin',(75.,1.49999999999999,0.));
#5205=CARTESIAN_POINT('Ctrl Pts',(24.9960482529233,3.4716438393357,-0.44449042456634));
#5206=CARTESIAN_POINT('Ctrl Pts',(24.9624511091151,5.47661823072424,-2.33383557437119));
#5207=CARTESIAN_POINT('Ctrl Pts',(24.4649779805779,9.4865670135013,-6.10476038544195));
#5208=CARTESIAN_POINT('Ctrl Pts',(22.4664902243914,15.5014901876669,-11.4488538761911));
#5209=CARTESIAN_POINT('Ctrl Pts',(19.3172084028321,21.5164133618325,-16.2064507541927));
#5210=CARTESIAN_POINT('Ctrl Pts',(15.1792465356586,27.5313365359981,-20.1345363247399));
#5211=CARTESIAN_POINT('Ctrl Pts',(10.2639961909978,33.5462597101637,-23.0315863265582));
#5212=CARTESIAN_POINT('Ctrl Pts',(4.82337884837238,39.5611828843293,-24.7498374654486));
#5213=CARTESIAN_POINT('Ctrl Pts',(-0.864358309041859,45.5761060584949,-25.2003200707335));
#5214=CARTESIAN_POINT('Ctrl Pts',(-4.62656692901949,49.586054841272,-24.6407311643641));
#5215=CARTESIAN_POINT('Ctrl Pts',(-6.45219246297836,51.5910292326605,-24.1530373332359));
#5216=CARTESIAN_POINT('Ctrl Pts',(57.6573104647954,3.4716438393357,-1.02528696330441));
#5217=CARTESIAN_POINT('Ctrl Pts',(57.5798133767887,5.47661823072424,-5.38335823821939));
#5218=CARTESIAN_POINT('Ctrl Pts',(56.4323134868168,9.4865670135013,-14.0815884693072));
#5219=CARTESIAN_POINT('Ctrl Pts',(51.8224876514444,15.5014901876669,-26.4085792972666));
#5220=CARTESIAN_POINT('Ctrl Pts',(44.5581745932575,21.5164133618325,-37.3827235894228));
#5221=CARTESIAN_POINT('Ctrl Pts',(35.0133157558529,27.5313365359981,-46.4434697914485));
#5222=CARTESIAN_POINT('Ctrl Pts',(23.6755189862712,33.5462597101637,-53.1259705490368));
#5223=CARTESIAN_POINT('Ctrl Pts',(11.1258807366644,39.5611828843293,-57.0893866206114));
#5224=CARTESIAN_POINT('Ctrl Pts',(-1.99377817137251,45.5761060584949,-58.1284954897049));
#5225=CARTESIAN_POINT('Ctrl Pts',(-10.6719031389866,49.586054841272,-56.8377158040232));
#5226=CARTESIAN_POINT('Ctrl Pts',(-14.8829951139596,51.5910292326605,-55.7127733991836));
#5227=CARTESIAN_POINT('Ctrl Pts',(90.3185726766676,3.4716438393357,-1.60608350204248));
#5228=CARTESIAN_POINT('Ctrl Pts',(90.1971756444623,5.47661823072424,-8.4328809020676));
#5229=CARTESIAN_POINT('Ctrl Pts',(88.3996489930556,9.4865670135013,-22.0584165531724));
#5230=CARTESIAN_POINT('Ctrl Pts',(81.1784850784975,15.5014901876669,-41.3683047183421));
#5231=CARTESIAN_POINT('Ctrl Pts',(69.799140783683,21.5164133618325,-58.5589964246529));
#5232=CARTESIAN_POINT('Ctrl Pts',(54.8473849760472,27.5313365359981,-72.752403258157));
#5233=CARTESIAN_POINT('Ctrl Pts',(37.0870417815446,33.5462597101637,-83.2203547715154));
#5234=CARTESIAN_POINT('Ctrl Pts',(17.4283826249565,39.5611828843293,-89.4289357757743));
#5235=CARTESIAN_POINT('Ctrl Pts',(-3.12319803370313,45.5761060584949,-91.0566709086764));
#5236=CARTESIAN_POINT('Ctrl Pts',(-16.7172393489537,49.586054841272,-89.0347004436823));
#5237=CARTESIAN_POINT('Ctrl Pts',(-23.3137977649409,51.5910292326605,-87.2725094651314));
#5238=CARTESIAN_POINT('Ctrl Pts',(122.97983488854,3.4716438393357,-2.18688004078055));
#5239=CARTESIAN_POINT('Ctrl Pts',(122.814537912136,5.47661823072424,-11.4824035659158));
#5240=CARTESIAN_POINT('Ctrl Pts',(120.366984499294,9.4865670135013,-30.0352446370377));
#5241=CARTESIAN_POINT('Ctrl Pts',(110.534482505551,15.5014901876669,-56.3280301394176));
#5242=CARTESIAN_POINT('Ctrl Pts',(95.0401069741085,21.5164133618325,-79.735269259883));
#5243=CARTESIAN_POINT('Ctrl Pts',(74.6814541962414,27.5313365359981,-99.0613367248656));
#5244=CARTESIAN_POINT('Ctrl Pts',(50.498564576818,33.5462597101637,-113.314738993994));
#5245=CARTESIAN_POINT('Ctrl Pts',(23.7308845132485,39.5611828843293,-121.768484930937));
#5246=CARTESIAN_POINT('Ctrl Pts',(-4.25261789603378,45.5761060584949,-123.984846327648));
#5247=CARTESIAN_POINT('Ctrl Pts',(-22.7625755589207,49.586054841272,-121.231685083341));
#5248=CARTESIAN_POINT('Ctrl Pts',(-31.7446004159222,51.5910292326605,-118.832245531079));
#5249=UNCERTAINTY_MEASURE_WITH_UNIT(LENGTH_MEASURE(0.01),#5253,
'DISTANCE_ACCURACY_VALUE',
'Maximum model space distance between geometric entities at asserted c
onnectivities');
#5250=UNCERTAINTY_MEASURE_WITH_UNIT(LENGTH_MEASURE(0.01),#5253,
'DISTANCE_ACCURACY_VALUE',
'Maximum model space distance between geometric entities at asserted c
onnectivities');
#5251=(
GEOMETRIC_REPRESENTATION_CONTEXT(3)
GLOBAL_UNCERTAINTY_ASSIGNED_CONTEXT((#5249))
GLOBAL_UNIT_ASSIGNED_CONTEXT((#5253,#5255,#5256))
REPRESENTATION_CONTEXT('','3D')
);
#5252=(
GEOMETRIC_REPRESENTATION_CONTEXT(3)
GLOBAL_UNCERTAINTY_ASSIGNED_CONTEXT((#5250))
GLOBAL_UNIT_ASSIGNED_CONTEXT((#5253,#5255,#5256))
REPRESENTATION_CONTEXT('','3D')
);
#5253=(
LENGTH_UNIT()
NAMED_UNIT(*)
SI_UNIT(.MILLI.,.METRE.)
);
#5254=(
LENGTH_UNIT()
NAMED_UNIT(*)
SI_UNIT(.CENTI.,.METRE.)
);
#5255=(
NAMED_UNIT(*)
PLANE_ANGLE_UNIT()
SI_UNIT($,.RADIAN.)
);
#5256=(
NAMED_UNIT(*)
SI_UNIT($,.STERADIAN.)
SOLID_ANGLE_UNIT()
);
#5257=SHAPE_DEFINITION_REPRESENTATION(#5258,#5259);
#5258=PRODUCT_DEFINITION_SHAPE('',$,#5261);
#5259=SHAPE_REPRESENTATION('',(#1158),#5251);
#5260=PRODUCT_DEFINITION_CONTEXT('part definition',#5265,'design');
#5261=PRODUCT_DEFINITION('Propeller_gro\X\DF','Propeller_gro\X\DF',#5262,
#5260);
#5262=PRODUCT_DEFINITION_FORMATION('',$,#5267);
#5263=PRODUCT_RELATED_PRODUCT_CATEGORY('Propeller_gro\X\DF',
'Propeller_gro\X\DF',(#5267));
#5264=APPLICATION_PROTOCOL_DEFINITION('international standard',
'automotive_design',2009,#5265);
#5265=APPLICATION_CONTEXT(
'Core Data for Automotive Mechanical Design Process');
#5266=PRODUCT_CONTEXT('part definition',#5265,'mechanical');
#5267=PRODUCT('Propeller_gro\X\DF','Propeller_gro\X\DF',$,(#5266));
#5268=PRESENTATION_STYLE_ASSIGNMENT((#5270));
#5269=PRESENTATION_STYLE_ASSIGNMENT((#5271));
#5270=SURFACE_STYLE_USAGE(.BOTH.,#5276);
#5271=SURFACE_STYLE_USAGE(.BOTH.,#5277);
#5272=SURFACE_STYLE_RENDERING_WITH_PROPERTIES($,#5284,(#5274));
#5273=SURFACE_STYLE_RENDERING_WITH_PROPERTIES($,#5285,(#5275));
#5274=SURFACE_STYLE_TRANSPARENT(0.);
#5275=SURFACE_STYLE_TRANSPARENT(0.);
#5276=SURFACE_SIDE_STYLE('',(#5278,#5272));
#5277=SURFACE_SIDE_STYLE('',(#5279,#5273));
#5278=SURFACE_STYLE_FILL_AREA(#5280);
#5279=SURFACE_STYLE_FILL_AREA(#5281);
#5280=FILL_AREA_STYLE('',(#5282));
#5281=FILL_AREA_STYLE('',(#5283));
#5282=FILL_AREA_STYLE_COLOUR('',#5284);
#5283=FILL_AREA_STYLE_COLOUR('',#5285);
#5284=COLOUR_RGB('',0.749019607843137,0.749019607843137,0.749019607843137);
#5285=COLOUR_RGB('',1.,0.945098039215686,0.694117647058824);
ENDSEC;
END-ISO-10303-21;
