ISO-10303-21;
HEADER;
/* Generated by software containing ST-Developer
 * from STEP Tools, Inc. (www.steptools.com) 
 */

FILE_DESCRIPTION(
/* description */ (''),
/* implementation_level */ '2;1');

FILE_NAME(
/* name */ 'Schrauben_Block.stp',
/* time_stamp */ '2026-09-02T18:23:55+02:00',
/* author */ ('bluhm'),
/* organization */ (''),
/* preprocessor_version */ 'ST-DEVELOPER v20.1',
/* originating_system */ 'Autodesk Inventor 2026',
/* authorisation */ '');

FILE_SCHEMA (('AUTOMOTIVE_DESIGN { 1 0 10303 214 3 1 1 }'));
ENDSEC;

DATA;
#10=MECHANICAL_DESIGN_GEOMETRIC_PRESENTATION_REPRESENTATION('',(#1305,#1306,
#1307,#1308,#1309,#1310,#1311,#1312,#1313,#1314,#1315,#1316,#1317,#1318,
#1319,#1320,#1321,#1322,#1323,#1324,#1325,#1326,#1327,#1328,#1329,#1330,
#1331,#1332,#1333,#1334,#1335,#1336,#1337,#1338,#1339,#1340,#1341,#1342,
#1343,#1344,#1345,#1346,#1347,#1348,#1349,#1350,#1351,#1352,#1353,#1354,
#1355,#1356,#1357,#1358,#1359,#1360,#1361,#1362,#1363,#1364,#1365,#1366,
#1367,#1368,#1369,#1370,#1371,#1372,#1373,#1374,#1375,#1376),#2331);
#11=GEOMETRICALLY_BOUNDED_WIREFRAME_SHAPE_REPRESENTATION('',(#12),#2330);
#12=GEOMETRIC_CURVE_SET('Skizze7',(#2326,#2327));
#13=SHAPE_REPRESENTATION_RELATIONSHIP('SRR','None',#2338,#15);
#14=SHAPE_REPRESENTATION_RELATIONSHIP('SRR','None',#2338,#11);
#15=ADVANCED_BREP_SHAPE_REPRESENTATION('',(#16),#2330);
#16=MANIFOLD_SOLID_BREP('Volumenk\X\F6rper1',#1448);
#17=FACE_BOUND('',#123,.T.);
#18=FACE_BOUND('',#130,.T.);
#19=FACE_BOUND('',#155,.T.);
#20=FACE_BOUND('',#160,.T.);
#21=FACE_BOUND('',#161,.T.);
#22=FACE_BOUND('',#186,.T.);
#23=ELLIPSE('',#1479,32.306900495883,22.5);
#24=ELLIPSE('',#1480,23.1473810873982,22.5);
#25=ELLIPSE('',#1481,32.3469265622069,22.5);
#26=ELLIPSE('',#1482,36.9496879106349,22.5);
#27=ELLIPSE('',#1483,28.691389104568,22.5);
#28=ELLIPSE('',#1484,36.857807214499,22.5);
#29=ELLIPSE('',#1485,32.306900495883,22.5);
#30=ELLIPSE('',#1487,36.857807214499,22.5);
#31=ELLIPSE('',#1488,28.691389104568,22.5);
#32=ELLIPSE('',#1489,36.9496879106349,22.5);
#33=ELLIPSE('',#1491,32.306900495883,22.5);
#34=ELLIPSE('',#1492,32.3469265622069,22.5);
#35=ELLIPSE('',#1493,23.1473810873982,22.5);
#36=ELLIPSE('',#1501,28.7528236108505,20.);
#37=ELLIPSE('',#1519,28.7172448852293,20.);
#38=ELLIPSE('',#1520,28.7172448852293,20.);
#39=CYLINDRICAL_SURFACE('',#1477,22.5);
#40=CYLINDRICAL_SURFACE('',#1486,22.5);
#41=CYLINDRICAL_SURFACE('',#1490,22.5);
#42=CYLINDRICAL_SURFACE('',#1503,21.);
#43=CYLINDRICAL_SURFACE('',#1506,21.);
#44=CYLINDRICAL_SURFACE('',#1518,20.);
#45=CYLINDRICAL_SURFACE('',#1525,17.5);
#46=FACE_OUTER_BOUND('',#117,.T.);
#47=FACE_OUTER_BOUND('',#118,.T.);
#48=FACE_OUTER_BOUND('',#119,.T.);
#49=FACE_OUTER_BOUND('',#120,.T.);
#50=FACE_OUTER_BOUND('',#121,.T.);
#51=FACE_OUTER_BOUND('',#122,.T.);
#52=FACE_OUTER_BOUND('',#124,.T.);
#53=FACE_OUTER_BOUND('',#125,.T.);
#54=FACE_OUTER_BOUND('',#126,.T.);
#55=FACE_OUTER_BOUND('',#127,.T.);
#56=FACE_OUTER_BOUND('',#128,.T.);
#57=FACE_OUTER_BOUND('',#129,.T.);
#58=FACE_OUTER_BOUND('',#131,.T.);
#59=FACE_OUTER_BOUND('',#132,.T.);
#60=FACE_OUTER_BOUND('',#133,.T.);
#61=FACE_OUTER_BOUND('',#134,.T.);
#62=FACE_OUTER_BOUND('',#135,.T.);
#63=FACE_OUTER_BOUND('',#136,.T.);
#64=FACE_OUTER_BOUND('',#137,.T.);
#65=FACE_OUTER_BOUND('',#138,.T.);
#66=FACE_OUTER_BOUND('',#139,.T.);
#67=FACE_OUTER_BOUND('',#140,.T.);
#68=FACE_OUTER_BOUND('',#141,.T.);
#69=FACE_OUTER_BOUND('',#142,.T.);
#70=FACE_OUTER_BOUND('',#143,.T.);
#71=FACE_OUTER_BOUND('',#144,.T.);
#72=FACE_OUTER_BOUND('',#145,.T.);
#73=FACE_OUTER_BOUND('',#146,.T.);
#74=FACE_OUTER_BOUND('',#147,.T.);
#75=FACE_OUTER_BOUND('',#148,.T.);
#76=FACE_OUTER_BOUND('',#149,.T.);
#77=FACE_OUTER_BOUND('',#150,.T.);
#78=FACE_OUTER_BOUND('',#151,.T.);
#79=FACE_OUTER_BOUND('',#152,.T.);
#80=FACE_OUTER_BOUND('',#153,.T.);
#81=FACE_OUTER_BOUND('',#154,.T.);
#82=FACE_OUTER_BOUND('',#156,.T.);
#83=FACE_OUTER_BOUND('',#157,.T.);
#84=FACE_OUTER_BOUND('',#158,.T.);
#85=FACE_OUTER_BOUND('',#159,.T.);
#86=FACE_OUTER_BOUND('',#162,.T.);
#87=FACE_OUTER_BOUND('',#163,.T.);
#88=FACE_OUTER_BOUND('',#164,.T.);
#89=FACE_OUTER_BOUND('',#165,.T.);
#90=FACE_OUTER_BOUND('',#166,.T.);
#91=FACE_OUTER_BOUND('',#167,.T.);
#92=FACE_OUTER_BOUND('',#168,.T.);
#93=FACE_OUTER_BOUND('',#169,.T.);
#94=FACE_OUTER_BOUND('',#170,.T.);
#95=FACE_OUTER_BOUND('',#171,.T.);
#96=FACE_OUTER_BOUND('',#172,.T.);
#97=FACE_OUTER_BOUND('',#173,.T.);
#98=FACE_OUTER_BOUND('',#174,.T.);
#99=FACE_OUTER_BOUND('',#175,.T.);
#100=FACE_OUTER_BOUND('',#176,.T.);
#101=FACE_OUTER_BOUND('',#177,.T.);
#102=FACE_OUTER_BOUND('',#178,.T.);
#103=FACE_OUTER_BOUND('',#179,.T.);
#104=FACE_OUTER_BOUND('',#180,.T.);
#105=FACE_OUTER_BOUND('',#181,.T.);
#106=FACE_OUTER_BOUND('',#182,.T.);
#107=FACE_OUTER_BOUND('',#183,.T.);
#108=FACE_OUTER_BOUND('',#184,.T.);
#109=FACE_OUTER_BOUND('',#185,.T.);
#110=FACE_OUTER_BOUND('',#187,.T.);
#111=FACE_OUTER_BOUND('',#188,.T.);
#112=FACE_OUTER_BOUND('',#189,.T.);
#113=FACE_OUTER_BOUND('',#190,.T.);
#114=FACE_OUTER_BOUND('',#191,.T.);
#115=FACE_OUTER_BOUND('',#192,.T.);
#116=FACE_OUTER_BOUND('',#193,.T.);
#117=EDGE_LOOP('',(#855,#856,#857,#858,#859,#860));
#118=EDGE_LOOP('',(#861,#862,#863,#864));
#119=EDGE_LOOP('',(#865,#866,#867,#868,#869,#870,#871,#872,#873,#874));
#120=EDGE_LOOP('',(#875,#876,#877,#878));
#121=EDGE_LOOP('',(#879,#880,#881,#882));
#122=EDGE_LOOP('',(#883));
#123=EDGE_LOOP('',(#884));
#124=EDGE_LOOP('',(#885,#886,#887,#888,#889));
#125=EDGE_LOOP('',(#890,#891,#892,#893,#894,#895));
#126=EDGE_LOOP('',(#896,#897,#898,#899,#900));
#127=EDGE_LOOP('',(#901,#902,#903,#904));
#128=EDGE_LOOP('',(#905,#906,#907,#908,#909,#910,#911,#912));
#129=EDGE_LOOP('',(#913,#914,#915,#916,#917,#918,#919));
#130=EDGE_LOOP('',(#920,#921,#922,#923));
#131=EDGE_LOOP('',(#924,#925,#926,#927));
#132=EDGE_LOOP('',(#928,#929,#930,#931));
#133=EDGE_LOOP('',(#932,#933,#934,#935));
#134=EDGE_LOOP('',(#936,#937,#938,#939));
#135=EDGE_LOOP('',(#940,#941,#942,#943));
#136=EDGE_LOOP('',(#944,#945,#946,#947));
#137=EDGE_LOOP('',(#948,#949,#950,#951,#952,#953));
#138=EDGE_LOOP('',(#954,#955,#956,#957));
#139=EDGE_LOOP('',(#958,#959,#960,#961));
#140=EDGE_LOOP('',(#962,#963,#964,#965));
#141=EDGE_LOOP('',(#966,#967,#968,#969,#970,#971));
#142=EDGE_LOOP('',(#972,#973,#974,#975,#976,#977,#978,#979));
#143=EDGE_LOOP('',(#980,#981,#982,#983,#984,#985,#986,#987,#988));
#144=EDGE_LOOP('',(#989,#990,#991,#992));
#145=EDGE_LOOP('',(#993,#994,#995,#996,#997,#998));
#146=EDGE_LOOP('',(#999,#1000,#1001,#1002,#1003,#1004));
#147=EDGE_LOOP('',(#1005,#1006,#1007,#1008));
#148=EDGE_LOOP('',(#1009,#1010,#1011,#1012,#1013,#1014,#1015,#1016,#1017,
#1018));
#149=EDGE_LOOP('',(#1019,#1020,#1021,#1022,#1023,#1024));
#150=EDGE_LOOP('',(#1025,#1026,#1027,#1028,#1029));
#151=EDGE_LOOP('',(#1030,#1031,#1032,#1033));
#152=EDGE_LOOP('',(#1034,#1035,#1036,#1037,#1038));
#153=EDGE_LOOP('',(#1039,#1040,#1041,#1042));
#154=EDGE_LOOP('',(#1043,#1044,#1045,#1046,#1047,#1048,#1049));
#155=EDGE_LOOP('',(#1050,#1051,#1052,#1053));
#156=EDGE_LOOP('',(#1054,#1055,#1056,#1057,#1058));
#157=EDGE_LOOP('',(#1059,#1060,#1061,#1062));
#158=EDGE_LOOP('',(#1063,#1064,#1065,#1066,#1067));
#159=EDGE_LOOP('',(#1068,#1069,#1070,#1071,#1072,#1073,#1074,#1075,#1076,
#1077));
#160=EDGE_LOOP('',(#1078,#1079,#1080,#1081));
#161=EDGE_LOOP('',(#1082));
#162=EDGE_LOOP('',(#1083,#1084,#1085,#1086));
#163=EDGE_LOOP('',(#1087,#1088,#1089,#1090,#1091));
#164=EDGE_LOOP('',(#1092,#1093,#1094,#1095,#1096,#1097));
#165=EDGE_LOOP('',(#1098,#1099,#1100,#1101,#1102));
#166=EDGE_LOOP('',(#1103,#1104,#1105,#1106,#1107));
#167=EDGE_LOOP('',(#1108,#1109,#1110,#1111,#1112,#1113));
#168=EDGE_LOOP('',(#1114,#1115,#1116,#1117,#1118));
#169=EDGE_LOOP('',(#1119,#1120,#1121,#1122,#1123));
#170=EDGE_LOOP('',(#1124,#1125,#1126,#1127,#1128,#1129));
#171=EDGE_LOOP('',(#1130,#1131,#1132,#1133,#1134));
#172=EDGE_LOOP('',(#1135,#1136,#1137,#1138,#1139));
#173=EDGE_LOOP('',(#1140,#1141,#1142,#1143,#1144));
#174=EDGE_LOOP('',(#1145,#1146,#1147,#1148,#1149));
#175=EDGE_LOOP('',(#1150,#1151,#1152,#1153,#1154,#1155,#1156,#1157));
#176=EDGE_LOOP('',(#1158,#1159,#1160,#1161,#1162));
#177=EDGE_LOOP('',(#1163,#1164,#1165,#1166,#1167));
#178=EDGE_LOOP('',(#1168,#1169,#1170,#1171,#1172,#1173));
#179=EDGE_LOOP('',(#1174,#1175,#1176,#1177,#1178));
#180=EDGE_LOOP('',(#1179,#1180,#1181,#1182,#1183));
#181=EDGE_LOOP('',(#1184,#1185,#1186,#1187));
#182=EDGE_LOOP('',(#1188,#1189,#1190,#1191,#1192));
#183=EDGE_LOOP('',(#1193,#1194,#1195,#1196,#1197));
#184=EDGE_LOOP('',(#1198,#1199,#1200,#1201));
#185=EDGE_LOOP('',(#1202,#1203,#1204,#1205,#1206,#1207,#1208,#1209,#1210,
#1211));
#186=EDGE_LOOP('',(#1212));
#187=EDGE_LOOP('',(#1213,#1214,#1215,#1216));
#188=EDGE_LOOP('',(#1217,#1218,#1219,#1220));
#189=EDGE_LOOP('',(#1221,#1222,#1223,#1224));
#190=EDGE_LOOP('',(#1225,#1226,#1227,#1228));
#191=EDGE_LOOP('',(#1229,#1230,#1231,#1232));
#192=EDGE_LOOP('',(#1233,#1234,#1235,#1236));
#193=EDGE_LOOP('',(#1237,#1238,#1239,#1240));
#194=CIRCLE('',#1472,22.5);
#195=CIRCLE('',#1473,20.);
#196=CIRCLE('',#1475,20.);
#197=CIRCLE('',#1476,22.5);
#198=CIRCLE('',#1478,22.5);
#199=CIRCLE('',#1495,20.);
#200=CIRCLE('',#1504,21.);
#201=CIRCLE('',#1505,21.);
#202=CIRCLE('',#1507,21.);
#203=CIRCLE('',#1508,21.);
#204=CIRCLE('',#1526,17.5);
#205=CIRCLE('',#1527,17.5);
#206=LINE('',#1939,#371);
#207=LINE('',#1941,#372);
#208=LINE('',#1945,#373);
#209=LINE('',#1947,#374);
#210=LINE('',#1952,#375);
#211=LINE('',#1956,#376);
#212=LINE('',#1962,#377);
#213=LINE('',#1993,#378);
#214=LINE('',#1995,#379);
#215=LINE('',#1997,#380);
#216=LINE('',#1998,#381);
#217=LINE('',#2001,#382);
#218=LINE('',#2003,#383);
#219=LINE('',#2005,#384);
#220=LINE('',#2006,#385);
#221=LINE('',#2009,#386);
#222=LINE('',#2011,#387);
#223=LINE('',#2012,#388);
#224=LINE('',#2015,#389);
#225=LINE('',#2017,#390);
#226=LINE('',#2018,#391);
#227=LINE('',#2022,#392);
#228=LINE('',#2024,#393);
#229=LINE('',#2025,#394);
#230=LINE('',#2028,#395);
#231=LINE('',#2030,#396);
#232=LINE('',#2032,#397);
#233=LINE('',#2033,#398);
#234=LINE('',#2036,#399);
#235=LINE('',#2038,#400);
#236=LINE('',#2040,#401);
#237=LINE('',#2041,#402);
#238=LINE('',#2045,#403);
#239=LINE('',#2049,#404);
#240=LINE('',#2054,#405);
#241=LINE('',#2058,#406);
#242=LINE('',#2062,#407);
#243=LINE('',#2064,#408);
#244=LINE('',#2065,#409);
#245=LINE('',#2068,#410);
#246=LINE('',#2069,#411);
#247=LINE('',#2071,#412);
#248=LINE('',#2072,#413);
#249=LINE('',#2075,#414);
#250=LINE('',#2076,#415);
#251=LINE('',#2079,#416);
#252=LINE('',#2081,#417);
#253=LINE('',#2082,#418);
#254=LINE('',#2084,#419);
#255=LINE('',#2087,#420);
#256=LINE('',#2088,#421);
#257=LINE('',#2091,#422);
#258=LINE('',#2092,#423);
#259=LINE('',#2094,#424);
#260=LINE('',#2097,#425);
#261=LINE('',#2102,#426);
#262=LINE('',#2104,#427);
#263=LINE('',#2105,#428);
#264=LINE('',#2108,#429);
#265=LINE('',#2109,#430);
#266=LINE('',#2112,#431);
#267=LINE('',#2114,#432);
#268=LINE('',#2115,#433);
#269=LINE('',#2118,#434);
#270=LINE('',#2120,#435);
#271=LINE('',#2121,#436);
#272=LINE('',#2126,#437);
#273=LINE('',#2131,#438);
#274=LINE('',#2133,#439);
#275=LINE('',#2135,#440);
#276=LINE('',#2136,#441);
#277=LINE('',#2138,#442);
#278=LINE('',#2140,#443);
#279=LINE('',#2142,#444);
#280=LINE('',#2144,#445);
#281=LINE('',#2145,#446);
#282=LINE('',#2148,#447);
#283=LINE('',#2150,#448);
#284=LINE('',#2152,#449);
#285=LINE('',#2154,#450);
#286=LINE('',#2155,#451);
#287=LINE('',#2158,#452);
#288=LINE('',#2160,#453);
#289=LINE('',#2161,#454);
#290=LINE('',#2164,#455);
#291=LINE('',#2165,#456);
#292=LINE('',#2168,#457);
#293=LINE('',#2169,#458);
#294=LINE('',#2171,#459);
#295=LINE('',#2174,#460);
#296=LINE('',#2175,#461);
#297=LINE('',#2178,#462);
#298=LINE('',#2180,#463);
#299=LINE('',#2181,#464);
#300=LINE('',#2184,#465);
#301=LINE('',#2185,#466);
#302=LINE('',#2188,#467);
#303=LINE('',#2189,#468);
#304=LINE('',#2193,#469);
#305=LINE('',#2195,#470);
#306=LINE('',#2197,#471);
#307=LINE('',#2198,#472);
#308=LINE('',#2200,#473);
#309=LINE('',#2202,#474);
#310=LINE('',#2203,#475);
#311=LINE('',#2205,#476);
#312=LINE('',#2206,#477);
#313=LINE('',#2208,#478);
#314=LINE('',#2210,#479);
#315=LINE('',#2213,#480);
#316=LINE('',#2215,#481);
#317=LINE('',#2220,#482);
#318=LINE('',#2222,#483);
#319=LINE('',#2224,#484);
#320=LINE('',#2226,#485);
#321=LINE('',#2227,#486);
#322=LINE('',#2231,#487);
#323=LINE('',#2233,#488);
#324=LINE('',#2235,#489);
#325=LINE('',#2236,#490);
#326=LINE('',#2237,#491);
#327=LINE('',#2239,#492);
#328=LINE('',#2241,#493);
#329=LINE('',#2242,#494);
#330=LINE('',#2245,#495);
#331=LINE('',#2246,#496);
#332=LINE('',#2249,#497);
#333=LINE('',#2251,#498);
#334=LINE('',#2253,#499);
#335=LINE('',#2254,#500);
#336=LINE('',#2257,#501);
#337=LINE('',#2259,#502);
#338=LINE('',#2260,#503);
#339=LINE('',#2263,#504);
#340=LINE('',#2265,#505);
#341=LINE('',#2266,#506);
#342=LINE('',#2268,#507);
#343=LINE('',#2271,#508);
#344=LINE('',#2272,#509);
#345=LINE('',#2275,#510);
#346=LINE('',#2277,#511);
#347=LINE('',#2278,#512);
#348=LINE('',#2281,#513);
#349=LINE('',#2282,#514);
#350=LINE('',#2285,#515);
#351=LINE('',#2286,#516);
#352=LINE('',#2289,#517);
#353=LINE('',#2290,#518);
#354=LINE('',#2292,#519);
#355=LINE('',#2295,#520);
#356=LINE('',#2296,#521);
#357=LINE('',#2298,#522);
#358=LINE('',#2302,#523);
#359=LINE('',#2304,#524);
#360=LINE('',#2306,#525);
#361=LINE('',#2307,#526);
#362=LINE('',#2309,#527);
#363=LINE('',#2311,#528);
#364=LINE('',#2312,#529);
#365=LINE('',#2314,#530);
#366=LINE('',#2315,#531);
#367=LINE('',#2317,#532);
#368=LINE('',#2319,#533);
#369=LINE('',#2322,#534);
#370=LINE('',#2324,#535);
#371=VECTOR('',#1574,10.);
#372=VECTOR('',#1575,10.);
#373=VECTOR('',#1578,10.);
#374=VECTOR('',#1579,10.);
#375=VECTOR('',#1584,10.);
#376=VECTOR('',#1587,10.);
#377=VECTOR('',#1594,22.5);
#378=VECTOR('',#1631,10.);
#379=VECTOR('',#1632,10.);
#380=VECTOR('',#1633,10.);
#381=VECTOR('',#1634,10.);
#382=VECTOR('',#1637,10.);
#383=VECTOR('',#1638,10.);
#384=VECTOR('',#1639,10.);
#385=VECTOR('',#1640,10.);
#386=VECTOR('',#1643,10.);
#387=VECTOR('',#1644,10.);
#388=VECTOR('',#1645,10.);
#389=VECTOR('',#1648,10.);
#390=VECTOR('',#1649,10.);
#391=VECTOR('',#1650,10.);
#392=VECTOR('',#1655,10.);
#393=VECTOR('',#1656,10.);
#394=VECTOR('',#1657,10.);
#395=VECTOR('',#1660,10.);
#396=VECTOR('',#1661,10.);
#397=VECTOR('',#1662,10.);
#398=VECTOR('',#1663,10.);
#399=VECTOR('',#1664,10.);
#400=VECTOR('',#1665,10.);
#401=VECTOR('',#1666,10.);
#402=VECTOR('',#1667,10.);
#403=VECTOR('',#1670,10.);
#404=VECTOR('',#1673,10.);
#405=VECTOR('',#1678,10.);
#406=VECTOR('',#1681,10.);
#407=VECTOR('',#1686,10.);
#408=VECTOR('',#1687,10.);
#409=VECTOR('',#1688,10.);
#410=VECTOR('',#1691,10.);
#411=VECTOR('',#1692,10.);
#412=VECTOR('',#1695,10.);
#413=VECTOR('',#1696,10.);
#414=VECTOR('',#1699,10.);
#415=VECTOR('',#1700,10.);
#416=VECTOR('',#1703,10.);
#417=VECTOR('',#1704,10.);
#418=VECTOR('',#1705,10.);
#419=VECTOR('',#1708,10.);
#420=VECTOR('',#1711,10.);
#421=VECTOR('',#1712,10.);
#422=VECTOR('',#1715,10.);
#423=VECTOR('',#1716,10.);
#424=VECTOR('',#1719,10.);
#425=VECTOR('',#1722,20.);
#426=VECTOR('',#1729,10.);
#427=VECTOR('',#1730,10.);
#428=VECTOR('',#1731,10.);
#429=VECTOR('',#1734,10.);
#430=VECTOR('',#1735,10.);
#431=VECTOR('',#1738,10.);
#432=VECTOR('',#1739,10.);
#433=VECTOR('',#1740,10.);
#434=VECTOR('',#1743,10.);
#435=VECTOR('',#1744,10.);
#436=VECTOR('',#1745,10.);
#437=VECTOR('',#1750,17.5);
#438=VECTOR('',#1755,10.);
#439=VECTOR('',#1756,10.);
#440=VECTOR('',#1757,10.);
#441=VECTOR('',#1758,10.);
#442=VECTOR('',#1759,10.);
#443=VECTOR('',#1760,10.);
#444=VECTOR('',#1761,10.);
#445=VECTOR('',#1762,10.);
#446=VECTOR('',#1763,10.);
#447=VECTOR('',#1766,10.);
#448=VECTOR('',#1767,10.);
#449=VECTOR('',#1768,10.);
#450=VECTOR('',#1769,10.);
#451=VECTOR('',#1770,10.);
#452=VECTOR('',#1773,10.);
#453=VECTOR('',#1774,10.);
#454=VECTOR('',#1775,10.);
#455=VECTOR('',#1778,10.);
#456=VECTOR('',#1779,10.);
#457=VECTOR('',#1782,10.);
#458=VECTOR('',#1783,10.);
#459=VECTOR('',#1786,10.);
#460=VECTOR('',#1789,10.);
#461=VECTOR('',#1790,10.);
#462=VECTOR('',#1793,10.);
#463=VECTOR('',#1794,10.);
#464=VECTOR('',#1795,10.);
#465=VECTOR('',#1798,10.);
#466=VECTOR('',#1799,10.);
#467=VECTOR('',#1802,10.);
#468=VECTOR('',#1803,10.);
#469=VECTOR('',#1806,10.);
#470=VECTOR('',#1807,10.);
#471=VECTOR('',#1808,10.);
#472=VECTOR('',#1809,10.);
#473=VECTOR('',#1810,10.);
#474=VECTOR('',#1811,10.);
#475=VECTOR('',#1812,10.);
#476=VECTOR('',#1815,10.);
#477=VECTOR('',#1816,10.);
#478=VECTOR('',#1819,10.);
#479=VECTOR('',#1822,10.);
#480=VECTOR('',#1827,10.);
#481=VECTOR('',#1830,10.);
#482=VECTOR('',#1835,10.);
#483=VECTOR('',#1836,10.);
#484=VECTOR('',#1837,10.);
#485=VECTOR('',#1838,10.);
#486=VECTOR('',#1839,10.);
#487=VECTOR('',#1842,10.);
#488=VECTOR('',#1843,10.);
#489=VECTOR('',#1844,10.);
#490=VECTOR('',#1845,10.);
#491=VECTOR('',#1846,10.);
#492=VECTOR('',#1849,10.);
#493=VECTOR('',#1850,10.);
#494=VECTOR('',#1851,10.);
#495=VECTOR('',#1854,10.);
#496=VECTOR('',#1855,10.);
#497=VECTOR('',#1858,10.);
#498=VECTOR('',#1859,10.);
#499=VECTOR('',#1860,10.);
#500=VECTOR('',#1861,10.);
#501=VECTOR('',#1864,10.);
#502=VECTOR('',#1865,10.);
#503=VECTOR('',#1866,10.);
#504=VECTOR('',#1869,10.);
#505=VECTOR('',#1870,10.);
#506=VECTOR('',#1871,10.);
#507=VECTOR('',#1874,10.);
#508=VECTOR('',#1877,10.);
#509=VECTOR('',#1878,10.);
#510=VECTOR('',#1881,10.);
#511=VECTOR('',#1882,10.);
#512=VECTOR('',#1883,10.);
#513=VECTOR('',#1886,10.);
#514=VECTOR('',#1887,10.);
#515=VECTOR('',#1890,10.);
#516=VECTOR('',#1891,10.);
#517=VECTOR('',#1894,10.);
#518=VECTOR('',#1895,10.);
#519=VECTOR('',#1898,10.);
#520=VECTOR('',#1901,10.);
#521=VECTOR('',#1902,10.);
#522=VECTOR('',#1905,10.);
#523=VECTOR('',#1908,10.);
#524=VECTOR('',#1909,10.);
#525=VECTOR('',#1910,10.);
#526=VECTOR('',#1911,10.);
#527=VECTOR('',#1912,10.);
#528=VECTOR('',#1913,10.);
#529=VECTOR('',#1914,10.);
#530=VECTOR('',#1917,10.);
#531=VECTOR('',#1918,10.);
#532=VECTOR('',#1921,10.);
#533=VECTOR('',#1924,10.);
#534=VECTOR('',#1929,10.);
#535=VECTOR('',#1932,10.);
#536=VERTEX_POINT('',#1937);
#537=VERTEX_POINT('',#1938);
#538=VERTEX_POINT('',#1940);
#539=VERTEX_POINT('',#1942);
#540=VERTEX_POINT('',#1944);
#541=VERTEX_POINT('',#1946);
#542=VERTEX_POINT('',#1950);
#543=VERTEX_POINT('',#1951);
#544=VERTEX_POINT('',#1953);
#545=VERTEX_POINT('',#1955);
#546=VERTEX_POINT('',#1959);
#547=VERTEX_POINT('',#1961);
#548=VERTEX_POINT('',#1963);
#549=VERTEX_POINT('',#1965);
#550=VERTEX_POINT('',#1967);
#551=VERTEX_POINT('',#1969);
#552=VERTEX_POINT('',#1971);
#553=VERTEX_POINT('',#1973);
#554=VERTEX_POINT('',#1977);
#555=VERTEX_POINT('',#1979);
#556=VERTEX_POINT('',#1983);
#557=VERTEX_POINT('',#1985);
#558=VERTEX_POINT('',#1989);
#559=VERTEX_POINT('',#1992);
#560=VERTEX_POINT('',#1994);
#561=VERTEX_POINT('',#1996);
#562=VERTEX_POINT('',#2000);
#563=VERTEX_POINT('',#2002);
#564=VERTEX_POINT('',#2004);
#565=VERTEX_POINT('',#2008);
#566=VERTEX_POINT('',#2010);
#567=VERTEX_POINT('',#2014);
#568=VERTEX_POINT('',#2016);
#569=VERTEX_POINT('',#2021);
#570=VERTEX_POINT('',#2023);
#571=VERTEX_POINT('',#2027);
#572=VERTEX_POINT('',#2029);
#573=VERTEX_POINT('',#2031);
#574=VERTEX_POINT('',#2034);
#575=VERTEX_POINT('',#2035);
#576=VERTEX_POINT('',#2037);
#577=VERTEX_POINT('',#2039);
#578=VERTEX_POINT('',#2043);
#579=VERTEX_POINT('',#2044);
#580=VERTEX_POINT('',#2046);
#581=VERTEX_POINT('',#2048);
#582=VERTEX_POINT('',#2052);
#583=VERTEX_POINT('',#2053);
#584=VERTEX_POINT('',#2055);
#585=VERTEX_POINT('',#2057);
#586=VERTEX_POINT('',#2061);
#587=VERTEX_POINT('',#2063);
#588=VERTEX_POINT('',#2067);
#589=VERTEX_POINT('',#2074);
#590=VERTEX_POINT('',#2078);
#591=VERTEX_POINT('',#2080);
#592=VERTEX_POINT('',#2086);
#593=VERTEX_POINT('',#2090);
#594=VERTEX_POINT('',#2096);
#595=VERTEX_POINT('',#2101);
#596=VERTEX_POINT('',#2103);
#597=VERTEX_POINT('',#2107);
#598=VERTEX_POINT('',#2111);
#599=VERTEX_POINT('',#2113);
#600=VERTEX_POINT('',#2117);
#601=VERTEX_POINT('',#2119);
#602=VERTEX_POINT('',#2123);
#603=VERTEX_POINT('',#2125);
#604=VERTEX_POINT('',#2129);
#605=VERTEX_POINT('',#2130);
#606=VERTEX_POINT('',#2132);
#607=VERTEX_POINT('',#2134);
#608=VERTEX_POINT('',#2137);
#609=VERTEX_POINT('',#2139);
#610=VERTEX_POINT('',#2141);
#611=VERTEX_POINT('',#2143);
#612=VERTEX_POINT('',#2147);
#613=VERTEX_POINT('',#2149);
#614=VERTEX_POINT('',#2151);
#615=VERTEX_POINT('',#2153);
#616=VERTEX_POINT('',#2157);
#617=VERTEX_POINT('',#2159);
#618=VERTEX_POINT('',#2163);
#619=VERTEX_POINT('',#2167);
#620=VERTEX_POINT('',#2173);
#621=VERTEX_POINT('',#2177);
#622=VERTEX_POINT('',#2179);
#623=VERTEX_POINT('',#2183);
#624=VERTEX_POINT('',#2187);
#625=VERTEX_POINT('',#2191);
#626=VERTEX_POINT('',#2192);
#627=VERTEX_POINT('',#2194);
#628=VERTEX_POINT('',#2196);
#629=VERTEX_POINT('',#2199);
#630=VERTEX_POINT('',#2201);
#631=VERTEX_POINT('',#2218);
#632=VERTEX_POINT('',#2219);
#633=VERTEX_POINT('',#2221);
#634=VERTEX_POINT('',#2223);
#635=VERTEX_POINT('',#2225);
#636=VERTEX_POINT('',#2229);
#637=VERTEX_POINT('',#2230);
#638=VERTEX_POINT('',#2232);
#639=VERTEX_POINT('',#2234);
#640=VERTEX_POINT('',#2240);
#641=VERTEX_POINT('',#2244);
#642=VERTEX_POINT('',#2248);
#643=VERTEX_POINT('',#2250);
#644=VERTEX_POINT('',#2252);
#645=VERTEX_POINT('',#2256);
#646=VERTEX_POINT('',#2258);
#647=VERTEX_POINT('',#2262);
#648=VERTEX_POINT('',#2264);
#649=VERTEX_POINT('',#2270);
#650=VERTEX_POINT('',#2274);
#651=VERTEX_POINT('',#2276);
#652=VERTEX_POINT('',#2280);
#653=VERTEX_POINT('',#2284);
#654=VERTEX_POINT('',#2288);
#655=VERTEX_POINT('',#2294);
#656=VERTEX_POINT('',#2300);
#657=VERTEX_POINT('',#2301);
#658=VERTEX_POINT('',#2303);
#659=VERTEX_POINT('',#2305);
#660=VERTEX_POINT('',#2308);
#661=VERTEX_POINT('',#2310);
#662=EDGE_CURVE('',#536,#537,#206,.T.);
#663=EDGE_CURVE('',#538,#536,#207,.T.);
#664=EDGE_CURVE('',#539,#538,#194,.T.);
#665=EDGE_CURVE('',#540,#539,#208,.T.);
#666=EDGE_CURVE('',#541,#540,#209,.T.);
#667=EDGE_CURVE('',#537,#541,#195,.T.);
#668=EDGE_CURVE('',#542,#543,#210,.T.);
#669=EDGE_CURVE('',#544,#542,#196,.T.);
#670=EDGE_CURVE('',#545,#544,#211,.T.);
#671=EDGE_CURVE('',#543,#545,#197,.T.);
#672=EDGE_CURVE('',#546,#546,#198,.T.);
#673=EDGE_CURVE('',#546,#547,#212,.T.);
#674=EDGE_CURVE('',#548,#547,#23,.T.);
#675=EDGE_CURVE('',#549,#548,#24,.T.);
#676=EDGE_CURVE('',#550,#549,#25,.T.);
#677=EDGE_CURVE('',#551,#550,#26,.T.);
#678=EDGE_CURVE('',#552,#551,#27,.T.);
#679=EDGE_CURVE('',#553,#552,#28,.T.);
#680=EDGE_CURVE('',#547,#553,#29,.T.);
#681=EDGE_CURVE('',#554,#538,#30,.T.);
#682=EDGE_CURVE('',#555,#554,#31,.T.);
#683=EDGE_CURVE('',#539,#555,#32,.T.);
#684=EDGE_CURVE('',#543,#556,#33,.T.);
#685=EDGE_CURVE('',#557,#545,#34,.T.);
#686=EDGE_CURVE('',#556,#557,#35,.T.);
#687=EDGE_CURVE('',#558,#558,#199,.T.);
#688=EDGE_CURVE('',#551,#559,#213,.T.);
#689=EDGE_CURVE('',#560,#559,#214,.T.);
#690=EDGE_CURVE('',#561,#560,#215,.T.);
#691=EDGE_CURVE('',#552,#561,#216,.T.);
#692=EDGE_CURVE('',#550,#562,#217,.T.);
#693=EDGE_CURVE('',#562,#563,#218,.T.);
#694=EDGE_CURVE('',#564,#563,#219,.T.);
#695=EDGE_CURVE('',#559,#564,#220,.T.);
#696=EDGE_CURVE('',#549,#565,#221,.T.);
#697=EDGE_CURVE('',#565,#566,#222,.T.);
#698=EDGE_CURVE('',#562,#566,#223,.T.);
#699=EDGE_CURVE('',#557,#567,#224,.F.);
#700=EDGE_CURVE('',#568,#567,#225,.F.);
#701=EDGE_CURVE('',#556,#568,#226,.F.);
#702=EDGE_CURVE('',#544,#541,#36,.T.);
#703=EDGE_CURVE('',#540,#569,#227,.T.);
#704=EDGE_CURVE('',#569,#570,#228,.F.);
#705=EDGE_CURVE('',#567,#570,#229,.F.);
#706=EDGE_CURVE('',#555,#571,#230,.F.);
#707=EDGE_CURVE('',#572,#571,#231,.T.);
#708=EDGE_CURVE('',#573,#572,#232,.F.);
#709=EDGE_CURVE('',#569,#573,#233,.T.);
#710=EDGE_CURVE('',#574,#575,#234,.T.);
#711=EDGE_CURVE('',#575,#576,#235,.T.);
#712=EDGE_CURVE('',#576,#577,#236,.T.);
#713=EDGE_CURVE('',#577,#574,#237,.T.);
#714=EDGE_CURVE('',#578,#579,#238,.T.);
#715=EDGE_CURVE('',#580,#578,#200,.T.);
#716=EDGE_CURVE('',#581,#580,#239,.T.);
#717=EDGE_CURVE('',#579,#581,#201,.T.);
#718=EDGE_CURVE('',#582,#583,#240,.T.);
#719=EDGE_CURVE('',#584,#582,#202,.T.);
#720=EDGE_CURVE('',#585,#584,#241,.T.);
#721=EDGE_CURVE('',#583,#585,#203,.T.);
#722=EDGE_CURVE('',#581,#586,#242,.T.);
#723=EDGE_CURVE('',#587,#586,#243,.T.);
#724=EDGE_CURVE('',#579,#587,#244,.T.);
#725=EDGE_CURVE('',#588,#587,#245,.T.);
#726=EDGE_CURVE('',#588,#578,#246,.T.);
#727=EDGE_CURVE('',#583,#574,#247,.T.);
#728=EDGE_CURVE('',#577,#582,#248,.T.);
#729=EDGE_CURVE('',#589,#588,#249,.T.);
#730=EDGE_CURVE('',#580,#589,#250,.T.);
#731=EDGE_CURVE('',#590,#585,#251,.T.);
#732=EDGE_CURVE('',#591,#590,#252,.T.);
#733=EDGE_CURVE('',#575,#591,#253,.T.);
#734=EDGE_CURVE('',#586,#589,#254,.T.);
#735=EDGE_CURVE('',#592,#591,#255,.T.);
#736=EDGE_CURVE('',#592,#576,#256,.T.);
#737=EDGE_CURVE('',#593,#584,#257,.T.);
#738=EDGE_CURVE('',#590,#593,#258,.T.);
#739=EDGE_CURVE('',#593,#592,#259,.T.);
#740=EDGE_CURVE('',#558,#594,#260,.T.);
#741=EDGE_CURVE('',#537,#594,#37,.T.);
#742=EDGE_CURVE('',#594,#542,#38,.T.);
#743=EDGE_CURVE('',#595,#568,#261,.F.);
#744=EDGE_CURVE('',#596,#595,#262,.F.);
#745=EDGE_CURVE('',#596,#536,#263,.T.);
#746=EDGE_CURVE('',#548,#597,#264,.T.);
#747=EDGE_CURVE('',#597,#565,#265,.T.);
#748=EDGE_CURVE('',#598,#553,#266,.T.);
#749=EDGE_CURVE('',#598,#599,#267,.T.);
#750=EDGE_CURVE('',#599,#597,#268,.T.);
#751=EDGE_CURVE('',#600,#561,#269,.T.);
#752=EDGE_CURVE('',#601,#600,#270,.T.);
#753=EDGE_CURVE('',#598,#601,#271,.T.);
#754=EDGE_CURVE('',#602,#602,#204,.T.);
#755=EDGE_CURVE('',#602,#603,#272,.T.);
#756=EDGE_CURVE('',#603,#603,#205,.T.);
#757=EDGE_CURVE('',#604,#605,#273,.T.);
#758=EDGE_CURVE('',#605,#606,#274,.T.);
#759=EDGE_CURVE('',#606,#607,#275,.T.);
#760=EDGE_CURVE('',#607,#572,#276,.T.);
#761=EDGE_CURVE('',#571,#608,#277,.T.);
#762=EDGE_CURVE('',#608,#609,#278,.T.);
#763=EDGE_CURVE('',#609,#610,#279,.T.);
#764=EDGE_CURVE('',#610,#611,#280,.T.);
#765=EDGE_CURVE('',#611,#604,#281,.T.);
#766=EDGE_CURVE('',#612,#604,#282,.T.);
#767=EDGE_CURVE('',#613,#612,#283,.T.);
#768=EDGE_CURVE('',#614,#613,#284,.T.);
#769=EDGE_CURVE('',#615,#614,#285,.T.);
#770=EDGE_CURVE('',#615,#605,#286,.F.);
#771=EDGE_CURVE('',#616,#615,#287,.T.);
#772=EDGE_CURVE('',#617,#616,#288,.T.);
#773=EDGE_CURVE('',#617,#606,#289,.F.);
#774=EDGE_CURVE('',#618,#617,#290,.T.);
#775=EDGE_CURVE('',#618,#607,#291,.F.);
#776=EDGE_CURVE('',#619,#618,#292,.T.);
#777=EDGE_CURVE('',#573,#619,#293,.T.);
#778=EDGE_CURVE('',#554,#608,#294,.F.);
#779=EDGE_CURVE('',#620,#596,#295,.T.);
#780=EDGE_CURVE('',#620,#609,#296,.F.);
#781=EDGE_CURVE('',#621,#620,#297,.T.);
#782=EDGE_CURVE('',#622,#621,#298,.T.);
#783=EDGE_CURVE('',#622,#610,#299,.F.);
#784=EDGE_CURVE('',#623,#622,#300,.T.);
#785=EDGE_CURVE('',#623,#611,#301,.F.);
#786=EDGE_CURVE('',#624,#623,#302,.T.);
#787=EDGE_CURVE('',#612,#624,#303,.T.);
#788=EDGE_CURVE('',#625,#626,#304,.F.);
#789=EDGE_CURVE('',#626,#627,#305,.F.);
#790=EDGE_CURVE('',#627,#628,#306,.F.);
#791=EDGE_CURVE('',#628,#595,#307,.F.);
#792=EDGE_CURVE('',#570,#629,#308,.F.);
#793=EDGE_CURVE('',#629,#630,#309,.F.);
#794=EDGE_CURVE('',#630,#625,#310,.F.);
#795=EDGE_CURVE('',#614,#625,#311,.T.);
#796=EDGE_CURVE('',#613,#626,#312,.F.);
#797=EDGE_CURVE('',#624,#627,#313,.F.);
#798=EDGE_CURVE('',#621,#628,#314,.F.);
#799=EDGE_CURVE('',#619,#629,#315,.F.);
#800=EDGE_CURVE('',#616,#630,#316,.F.);
#801=EDGE_CURVE('',#631,#632,#317,.T.);
#802=EDGE_CURVE('',#632,#633,#318,.T.);
#803=EDGE_CURVE('',#633,#634,#319,.T.);
#804=EDGE_CURVE('',#634,#635,#320,.T.);
#805=EDGE_CURVE('',#635,#631,#321,.T.);
#806=EDGE_CURVE('',#636,#637,#322,.T.);
#807=EDGE_CURVE('',#637,#638,#323,.T.);
#808=EDGE_CURVE('',#638,#639,#324,.T.);
#809=EDGE_CURVE('',#639,#631,#325,.T.);
#810=EDGE_CURVE('',#635,#636,#326,.T.);
#811=EDGE_CURVE('',#638,#601,#327,.T.);
#812=EDGE_CURVE('',#600,#640,#328,.T.);
#813=EDGE_CURVE('',#640,#639,#329,.T.);
#814=EDGE_CURVE('',#560,#641,#330,.T.);
#815=EDGE_CURVE('',#641,#640,#331,.T.);
#816=EDGE_CURVE('',#642,#633,#332,.T.);
#817=EDGE_CURVE('',#643,#642,#333,.T.);
#818=EDGE_CURVE('',#643,#644,#334,.T.);
#819=EDGE_CURVE('',#644,#634,#335,.T.);
#820=EDGE_CURVE('',#632,#645,#336,.T.);
#821=EDGE_CURVE('',#646,#645,#337,.T.);
#822=EDGE_CURVE('',#646,#642,#338,.T.);
#823=EDGE_CURVE('',#647,#641,#339,.T.);
#824=EDGE_CURVE('',#648,#647,#340,.T.);
#825=EDGE_CURVE('',#645,#648,#341,.T.);
#826=EDGE_CURVE('',#564,#647,#342,.T.);
#827=EDGE_CURVE('',#563,#649,#343,.T.);
#828=EDGE_CURVE('',#649,#648,#344,.T.);
#829=EDGE_CURVE('',#649,#650,#345,.T.);
#830=EDGE_CURVE('',#650,#651,#346,.T.);
#831=EDGE_CURVE('',#651,#646,#347,.T.);
#832=EDGE_CURVE('',#644,#652,#348,.T.);
#833=EDGE_CURVE('',#652,#636,#349,.T.);
#834=EDGE_CURVE('',#653,#651,#350,.T.);
#835=EDGE_CURVE('',#653,#643,#351,.T.);
#836=EDGE_CURVE('',#654,#650,#352,.T.);
#837=EDGE_CURVE('',#654,#653,#353,.T.);
#838=EDGE_CURVE('',#562,#654,#354,.T.);
#839=EDGE_CURVE('',#655,#637,#355,.T.);
#840=EDGE_CURVE('',#655,#598,#356,.T.);
#841=EDGE_CURVE('',#652,#655,#357,.T.);
#842=EDGE_CURVE('',#656,#657,#358,.T.);
#843=EDGE_CURVE('',#658,#656,#359,.T.);
#844=EDGE_CURVE('',#659,#658,#360,.T.);
#845=EDGE_CURVE('',#566,#659,#361,.T.);
#846=EDGE_CURVE('',#660,#599,#362,.T.);
#847=EDGE_CURVE('',#661,#660,#363,.T.);
#848=EDGE_CURVE('',#657,#661,#364,.T.);
#849=EDGE_CURVE('',#643,#656,#365,.T.);
#850=EDGE_CURVE('',#644,#657,#366,.T.);
#851=EDGE_CURVE('',#652,#661,#367,.T.);
#852=EDGE_CURVE('',#655,#660,#368,.T.);
#853=EDGE_CURVE('',#654,#659,#369,.T.);
#854=EDGE_CURVE('',#653,#658,#370,.T.);
#855=ORIENTED_EDGE('',*,*,#662,.F.);
#856=ORIENTED_EDGE('',*,*,#663,.F.);
#857=ORIENTED_EDGE('',*,*,#664,.F.);
#858=ORIENTED_EDGE('',*,*,#665,.F.);
#859=ORIENTED_EDGE('',*,*,#666,.F.);
#860=ORIENTED_EDGE('',*,*,#667,.F.);
#861=ORIENTED_EDGE('',*,*,#668,.F.);
#862=ORIENTED_EDGE('',*,*,#669,.F.);
#863=ORIENTED_EDGE('',*,*,#670,.F.);
#864=ORIENTED_EDGE('',*,*,#671,.F.);
#865=ORIENTED_EDGE('',*,*,#672,.F.);
#866=ORIENTED_EDGE('',*,*,#673,.T.);
#867=ORIENTED_EDGE('',*,*,#674,.F.);
#868=ORIENTED_EDGE('',*,*,#675,.F.);
#869=ORIENTED_EDGE('',*,*,#676,.F.);
#870=ORIENTED_EDGE('',*,*,#677,.F.);
#871=ORIENTED_EDGE('',*,*,#678,.F.);
#872=ORIENTED_EDGE('',*,*,#679,.F.);
#873=ORIENTED_EDGE('',*,*,#680,.F.);
#874=ORIENTED_EDGE('',*,*,#673,.F.);
#875=ORIENTED_EDGE('',*,*,#681,.F.);
#876=ORIENTED_EDGE('',*,*,#682,.F.);
#877=ORIENTED_EDGE('',*,*,#683,.F.);
#878=ORIENTED_EDGE('',*,*,#664,.T.);
#879=ORIENTED_EDGE('',*,*,#684,.F.);
#880=ORIENTED_EDGE('',*,*,#671,.T.);
#881=ORIENTED_EDGE('',*,*,#685,.F.);
#882=ORIENTED_EDGE('',*,*,#686,.F.);
#883=ORIENTED_EDGE('',*,*,#672,.T.);
#884=ORIENTED_EDGE('',*,*,#687,.T.);
#885=ORIENTED_EDGE('',*,*,#678,.T.);
#886=ORIENTED_EDGE('',*,*,#688,.T.);
#887=ORIENTED_EDGE('',*,*,#689,.F.);
#888=ORIENTED_EDGE('',*,*,#690,.F.);
#889=ORIENTED_EDGE('',*,*,#691,.F.);
#890=ORIENTED_EDGE('',*,*,#677,.T.);
#891=ORIENTED_EDGE('',*,*,#692,.T.);
#892=ORIENTED_EDGE('',*,*,#693,.T.);
#893=ORIENTED_EDGE('',*,*,#694,.F.);
#894=ORIENTED_EDGE('',*,*,#695,.F.);
#895=ORIENTED_EDGE('',*,*,#688,.F.);
#896=ORIENTED_EDGE('',*,*,#676,.T.);
#897=ORIENTED_EDGE('',*,*,#696,.T.);
#898=ORIENTED_EDGE('',*,*,#697,.T.);
#899=ORIENTED_EDGE('',*,*,#698,.F.);
#900=ORIENTED_EDGE('',*,*,#692,.F.);
#901=ORIENTED_EDGE('',*,*,#686,.T.);
#902=ORIENTED_EDGE('',*,*,#699,.T.);
#903=ORIENTED_EDGE('',*,*,#700,.F.);
#904=ORIENTED_EDGE('',*,*,#701,.F.);
#905=ORIENTED_EDGE('',*,*,#685,.T.);
#906=ORIENTED_EDGE('',*,*,#670,.T.);
#907=ORIENTED_EDGE('',*,*,#702,.T.);
#908=ORIENTED_EDGE('',*,*,#666,.T.);
#909=ORIENTED_EDGE('',*,*,#703,.T.);
#910=ORIENTED_EDGE('',*,*,#704,.T.);
#911=ORIENTED_EDGE('',*,*,#705,.F.);
#912=ORIENTED_EDGE('',*,*,#699,.F.);
#913=ORIENTED_EDGE('',*,*,#665,.T.);
#914=ORIENTED_EDGE('',*,*,#683,.T.);
#915=ORIENTED_EDGE('',*,*,#706,.T.);
#916=ORIENTED_EDGE('',*,*,#707,.F.);
#917=ORIENTED_EDGE('',*,*,#708,.F.);
#918=ORIENTED_EDGE('',*,*,#709,.F.);
#919=ORIENTED_EDGE('',*,*,#703,.F.);
#920=ORIENTED_EDGE('',*,*,#710,.T.);
#921=ORIENTED_EDGE('',*,*,#711,.T.);
#922=ORIENTED_EDGE('',*,*,#712,.T.);
#923=ORIENTED_EDGE('',*,*,#713,.T.);
#924=ORIENTED_EDGE('',*,*,#714,.F.);
#925=ORIENTED_EDGE('',*,*,#715,.F.);
#926=ORIENTED_EDGE('',*,*,#716,.F.);
#927=ORIENTED_EDGE('',*,*,#717,.F.);
#928=ORIENTED_EDGE('',*,*,#718,.F.);
#929=ORIENTED_EDGE('',*,*,#719,.F.);
#930=ORIENTED_EDGE('',*,*,#720,.F.);
#931=ORIENTED_EDGE('',*,*,#721,.F.);
#932=ORIENTED_EDGE('',*,*,#717,.T.);
#933=ORIENTED_EDGE('',*,*,#722,.T.);
#934=ORIENTED_EDGE('',*,*,#723,.F.);
#935=ORIENTED_EDGE('',*,*,#724,.F.);
#936=ORIENTED_EDGE('',*,*,#714,.T.);
#937=ORIENTED_EDGE('',*,*,#724,.T.);
#938=ORIENTED_EDGE('',*,*,#725,.F.);
#939=ORIENTED_EDGE('',*,*,#726,.T.);
#940=ORIENTED_EDGE('',*,*,#718,.T.);
#941=ORIENTED_EDGE('',*,*,#727,.T.);
#942=ORIENTED_EDGE('',*,*,#713,.F.);
#943=ORIENTED_EDGE('',*,*,#728,.T.);
#944=ORIENTED_EDGE('',*,*,#715,.T.);
#945=ORIENTED_EDGE('',*,*,#726,.F.);
#946=ORIENTED_EDGE('',*,*,#729,.F.);
#947=ORIENTED_EDGE('',*,*,#730,.F.);
#948=ORIENTED_EDGE('',*,*,#721,.T.);
#949=ORIENTED_EDGE('',*,*,#731,.F.);
#950=ORIENTED_EDGE('',*,*,#732,.F.);
#951=ORIENTED_EDGE('',*,*,#733,.F.);
#952=ORIENTED_EDGE('',*,*,#710,.F.);
#953=ORIENTED_EDGE('',*,*,#727,.F.);
#954=ORIENTED_EDGE('',*,*,#716,.T.);
#955=ORIENTED_EDGE('',*,*,#730,.T.);
#956=ORIENTED_EDGE('',*,*,#734,.F.);
#957=ORIENTED_EDGE('',*,*,#722,.F.);
#958=ORIENTED_EDGE('',*,*,#735,.F.);
#959=ORIENTED_EDGE('',*,*,#736,.T.);
#960=ORIENTED_EDGE('',*,*,#711,.F.);
#961=ORIENTED_EDGE('',*,*,#733,.T.);
#962=ORIENTED_EDGE('',*,*,#720,.T.);
#963=ORIENTED_EDGE('',*,*,#737,.F.);
#964=ORIENTED_EDGE('',*,*,#738,.F.);
#965=ORIENTED_EDGE('',*,*,#731,.T.);
#966=ORIENTED_EDGE('',*,*,#719,.T.);
#967=ORIENTED_EDGE('',*,*,#728,.F.);
#968=ORIENTED_EDGE('',*,*,#712,.F.);
#969=ORIENTED_EDGE('',*,*,#736,.F.);
#970=ORIENTED_EDGE('',*,*,#739,.F.);
#971=ORIENTED_EDGE('',*,*,#737,.T.);
#972=ORIENTED_EDGE('',*,*,#687,.F.);
#973=ORIENTED_EDGE('',*,*,#740,.T.);
#974=ORIENTED_EDGE('',*,*,#741,.F.);
#975=ORIENTED_EDGE('',*,*,#667,.T.);
#976=ORIENTED_EDGE('',*,*,#702,.F.);
#977=ORIENTED_EDGE('',*,*,#669,.T.);
#978=ORIENTED_EDGE('',*,*,#742,.F.);
#979=ORIENTED_EDGE('',*,*,#740,.F.);
#980=ORIENTED_EDGE('',*,*,#684,.T.);
#981=ORIENTED_EDGE('',*,*,#701,.T.);
#982=ORIENTED_EDGE('',*,*,#743,.F.);
#983=ORIENTED_EDGE('',*,*,#744,.F.);
#984=ORIENTED_EDGE('',*,*,#745,.T.);
#985=ORIENTED_EDGE('',*,*,#662,.T.);
#986=ORIENTED_EDGE('',*,*,#741,.T.);
#987=ORIENTED_EDGE('',*,*,#742,.T.);
#988=ORIENTED_EDGE('',*,*,#668,.T.);
#989=ORIENTED_EDGE('',*,*,#675,.T.);
#990=ORIENTED_EDGE('',*,*,#746,.T.);
#991=ORIENTED_EDGE('',*,*,#747,.T.);
#992=ORIENTED_EDGE('',*,*,#696,.F.);
#993=ORIENTED_EDGE('',*,*,#674,.T.);
#994=ORIENTED_EDGE('',*,*,#680,.T.);
#995=ORIENTED_EDGE('',*,*,#748,.F.);
#996=ORIENTED_EDGE('',*,*,#749,.T.);
#997=ORIENTED_EDGE('',*,*,#750,.T.);
#998=ORIENTED_EDGE('',*,*,#746,.F.);
#999=ORIENTED_EDGE('',*,*,#679,.T.);
#1000=ORIENTED_EDGE('',*,*,#691,.T.);
#1001=ORIENTED_EDGE('',*,*,#751,.F.);
#1002=ORIENTED_EDGE('',*,*,#752,.F.);
#1003=ORIENTED_EDGE('',*,*,#753,.F.);
#1004=ORIENTED_EDGE('',*,*,#748,.T.);
#1005=ORIENTED_EDGE('',*,*,#754,.F.);
#1006=ORIENTED_EDGE('',*,*,#755,.T.);
#1007=ORIENTED_EDGE('',*,*,#756,.F.);
#1008=ORIENTED_EDGE('',*,*,#755,.F.);
#1009=ORIENTED_EDGE('',*,*,#757,.T.);
#1010=ORIENTED_EDGE('',*,*,#758,.T.);
#1011=ORIENTED_EDGE('',*,*,#759,.T.);
#1012=ORIENTED_EDGE('',*,*,#760,.T.);
#1013=ORIENTED_EDGE('',*,*,#707,.T.);
#1014=ORIENTED_EDGE('',*,*,#761,.T.);
#1015=ORIENTED_EDGE('',*,*,#762,.T.);
#1016=ORIENTED_EDGE('',*,*,#763,.T.);
#1017=ORIENTED_EDGE('',*,*,#764,.T.);
#1018=ORIENTED_EDGE('',*,*,#765,.T.);
#1019=ORIENTED_EDGE('',*,*,#757,.F.);
#1020=ORIENTED_EDGE('',*,*,#766,.F.);
#1021=ORIENTED_EDGE('',*,*,#767,.F.);
#1022=ORIENTED_EDGE('',*,*,#768,.F.);
#1023=ORIENTED_EDGE('',*,*,#769,.F.);
#1024=ORIENTED_EDGE('',*,*,#770,.T.);
#1025=ORIENTED_EDGE('',*,*,#758,.F.);
#1026=ORIENTED_EDGE('',*,*,#770,.F.);
#1027=ORIENTED_EDGE('',*,*,#771,.F.);
#1028=ORIENTED_EDGE('',*,*,#772,.F.);
#1029=ORIENTED_EDGE('',*,*,#773,.T.);
#1030=ORIENTED_EDGE('',*,*,#759,.F.);
#1031=ORIENTED_EDGE('',*,*,#773,.F.);
#1032=ORIENTED_EDGE('',*,*,#774,.F.);
#1033=ORIENTED_EDGE('',*,*,#775,.T.);
#1034=ORIENTED_EDGE('',*,*,#760,.F.);
#1035=ORIENTED_EDGE('',*,*,#775,.F.);
#1036=ORIENTED_EDGE('',*,*,#776,.F.);
#1037=ORIENTED_EDGE('',*,*,#777,.F.);
#1038=ORIENTED_EDGE('',*,*,#708,.T.);
#1039=ORIENTED_EDGE('',*,*,#682,.T.);
#1040=ORIENTED_EDGE('',*,*,#778,.T.);
#1041=ORIENTED_EDGE('',*,*,#761,.F.);
#1042=ORIENTED_EDGE('',*,*,#706,.F.);
#1043=ORIENTED_EDGE('',*,*,#663,.T.);
#1044=ORIENTED_EDGE('',*,*,#745,.F.);
#1045=ORIENTED_EDGE('',*,*,#779,.F.);
#1046=ORIENTED_EDGE('',*,*,#780,.T.);
#1047=ORIENTED_EDGE('',*,*,#762,.F.);
#1048=ORIENTED_EDGE('',*,*,#778,.F.);
#1049=ORIENTED_EDGE('',*,*,#681,.T.);
#1050=ORIENTED_EDGE('',*,*,#739,.T.);
#1051=ORIENTED_EDGE('',*,*,#735,.T.);
#1052=ORIENTED_EDGE('',*,*,#732,.T.);
#1053=ORIENTED_EDGE('',*,*,#738,.T.);
#1054=ORIENTED_EDGE('',*,*,#763,.F.);
#1055=ORIENTED_EDGE('',*,*,#780,.F.);
#1056=ORIENTED_EDGE('',*,*,#781,.F.);
#1057=ORIENTED_EDGE('',*,*,#782,.F.);
#1058=ORIENTED_EDGE('',*,*,#783,.T.);
#1059=ORIENTED_EDGE('',*,*,#764,.F.);
#1060=ORIENTED_EDGE('',*,*,#783,.F.);
#1061=ORIENTED_EDGE('',*,*,#784,.F.);
#1062=ORIENTED_EDGE('',*,*,#785,.T.);
#1063=ORIENTED_EDGE('',*,*,#765,.F.);
#1064=ORIENTED_EDGE('',*,*,#785,.F.);
#1065=ORIENTED_EDGE('',*,*,#786,.F.);
#1066=ORIENTED_EDGE('',*,*,#787,.F.);
#1067=ORIENTED_EDGE('',*,*,#766,.T.);
#1068=ORIENTED_EDGE('',*,*,#788,.T.);
#1069=ORIENTED_EDGE('',*,*,#789,.T.);
#1070=ORIENTED_EDGE('',*,*,#790,.T.);
#1071=ORIENTED_EDGE('',*,*,#791,.T.);
#1072=ORIENTED_EDGE('',*,*,#743,.T.);
#1073=ORIENTED_EDGE('',*,*,#700,.T.);
#1074=ORIENTED_EDGE('',*,*,#705,.T.);
#1075=ORIENTED_EDGE('',*,*,#792,.T.);
#1076=ORIENTED_EDGE('',*,*,#793,.T.);
#1077=ORIENTED_EDGE('',*,*,#794,.T.);
#1078=ORIENTED_EDGE('',*,*,#729,.T.);
#1079=ORIENTED_EDGE('',*,*,#725,.T.);
#1080=ORIENTED_EDGE('',*,*,#723,.T.);
#1081=ORIENTED_EDGE('',*,*,#734,.T.);
#1082=ORIENTED_EDGE('',*,*,#756,.T.);
#1083=ORIENTED_EDGE('',*,*,#788,.F.);
#1084=ORIENTED_EDGE('',*,*,#795,.F.);
#1085=ORIENTED_EDGE('',*,*,#768,.T.);
#1086=ORIENTED_EDGE('',*,*,#796,.T.);
#1087=ORIENTED_EDGE('',*,*,#789,.F.);
#1088=ORIENTED_EDGE('',*,*,#796,.F.);
#1089=ORIENTED_EDGE('',*,*,#767,.T.);
#1090=ORIENTED_EDGE('',*,*,#787,.T.);
#1091=ORIENTED_EDGE('',*,*,#797,.T.);
#1092=ORIENTED_EDGE('',*,*,#790,.F.);
#1093=ORIENTED_EDGE('',*,*,#797,.F.);
#1094=ORIENTED_EDGE('',*,*,#786,.T.);
#1095=ORIENTED_EDGE('',*,*,#784,.T.);
#1096=ORIENTED_EDGE('',*,*,#782,.T.);
#1097=ORIENTED_EDGE('',*,*,#798,.T.);
#1098=ORIENTED_EDGE('',*,*,#791,.F.);
#1099=ORIENTED_EDGE('',*,*,#798,.F.);
#1100=ORIENTED_EDGE('',*,*,#781,.T.);
#1101=ORIENTED_EDGE('',*,*,#779,.T.);
#1102=ORIENTED_EDGE('',*,*,#744,.T.);
#1103=ORIENTED_EDGE('',*,*,#792,.F.);
#1104=ORIENTED_EDGE('',*,*,#704,.F.);
#1105=ORIENTED_EDGE('',*,*,#709,.T.);
#1106=ORIENTED_EDGE('',*,*,#777,.T.);
#1107=ORIENTED_EDGE('',*,*,#799,.T.);
#1108=ORIENTED_EDGE('',*,*,#793,.F.);
#1109=ORIENTED_EDGE('',*,*,#799,.F.);
#1110=ORIENTED_EDGE('',*,*,#776,.T.);
#1111=ORIENTED_EDGE('',*,*,#774,.T.);
#1112=ORIENTED_EDGE('',*,*,#772,.T.);
#1113=ORIENTED_EDGE('',*,*,#800,.T.);
#1114=ORIENTED_EDGE('',*,*,#794,.F.);
#1115=ORIENTED_EDGE('',*,*,#800,.F.);
#1116=ORIENTED_EDGE('',*,*,#771,.T.);
#1117=ORIENTED_EDGE('',*,*,#769,.T.);
#1118=ORIENTED_EDGE('',*,*,#795,.T.);
#1119=ORIENTED_EDGE('',*,*,#801,.T.);
#1120=ORIENTED_EDGE('',*,*,#802,.T.);
#1121=ORIENTED_EDGE('',*,*,#803,.T.);
#1122=ORIENTED_EDGE('',*,*,#804,.T.);
#1123=ORIENTED_EDGE('',*,*,#805,.T.);
#1124=ORIENTED_EDGE('',*,*,#806,.T.);
#1125=ORIENTED_EDGE('',*,*,#807,.T.);
#1126=ORIENTED_EDGE('',*,*,#808,.T.);
#1127=ORIENTED_EDGE('',*,*,#809,.T.);
#1128=ORIENTED_EDGE('',*,*,#805,.F.);
#1129=ORIENTED_EDGE('',*,*,#810,.T.);
#1130=ORIENTED_EDGE('',*,*,#811,.T.);
#1131=ORIENTED_EDGE('',*,*,#752,.T.);
#1132=ORIENTED_EDGE('',*,*,#812,.T.);
#1133=ORIENTED_EDGE('',*,*,#813,.T.);
#1134=ORIENTED_EDGE('',*,*,#808,.F.);
#1135=ORIENTED_EDGE('',*,*,#751,.T.);
#1136=ORIENTED_EDGE('',*,*,#690,.T.);
#1137=ORIENTED_EDGE('',*,*,#814,.T.);
#1138=ORIENTED_EDGE('',*,*,#815,.T.);
#1139=ORIENTED_EDGE('',*,*,#812,.F.);
#1140=ORIENTED_EDGE('',*,*,#803,.F.);
#1141=ORIENTED_EDGE('',*,*,#816,.F.);
#1142=ORIENTED_EDGE('',*,*,#817,.F.);
#1143=ORIENTED_EDGE('',*,*,#818,.T.);
#1144=ORIENTED_EDGE('',*,*,#819,.T.);
#1145=ORIENTED_EDGE('',*,*,#802,.F.);
#1146=ORIENTED_EDGE('',*,*,#820,.T.);
#1147=ORIENTED_EDGE('',*,*,#821,.F.);
#1148=ORIENTED_EDGE('',*,*,#822,.T.);
#1149=ORIENTED_EDGE('',*,*,#816,.T.);
#1150=ORIENTED_EDGE('',*,*,#801,.F.);
#1151=ORIENTED_EDGE('',*,*,#809,.F.);
#1152=ORIENTED_EDGE('',*,*,#813,.F.);
#1153=ORIENTED_EDGE('',*,*,#815,.F.);
#1154=ORIENTED_EDGE('',*,*,#823,.F.);
#1155=ORIENTED_EDGE('',*,*,#824,.F.);
#1156=ORIENTED_EDGE('',*,*,#825,.F.);
#1157=ORIENTED_EDGE('',*,*,#820,.F.);
#1158=ORIENTED_EDGE('',*,*,#814,.F.);
#1159=ORIENTED_EDGE('',*,*,#689,.T.);
#1160=ORIENTED_EDGE('',*,*,#695,.T.);
#1161=ORIENTED_EDGE('',*,*,#826,.T.);
#1162=ORIENTED_EDGE('',*,*,#823,.T.);
#1163=ORIENTED_EDGE('',*,*,#824,.T.);
#1164=ORIENTED_EDGE('',*,*,#826,.F.);
#1165=ORIENTED_EDGE('',*,*,#694,.T.);
#1166=ORIENTED_EDGE('',*,*,#827,.T.);
#1167=ORIENTED_EDGE('',*,*,#828,.T.);
#1168=ORIENTED_EDGE('',*,*,#825,.T.);
#1169=ORIENTED_EDGE('',*,*,#828,.F.);
#1170=ORIENTED_EDGE('',*,*,#829,.T.);
#1171=ORIENTED_EDGE('',*,*,#830,.T.);
#1172=ORIENTED_EDGE('',*,*,#831,.T.);
#1173=ORIENTED_EDGE('',*,*,#821,.T.);
#1174=ORIENTED_EDGE('',*,*,#804,.F.);
#1175=ORIENTED_EDGE('',*,*,#819,.F.);
#1176=ORIENTED_EDGE('',*,*,#832,.T.);
#1177=ORIENTED_EDGE('',*,*,#833,.T.);
#1178=ORIENTED_EDGE('',*,*,#810,.F.);
#1179=ORIENTED_EDGE('',*,*,#831,.F.);
#1180=ORIENTED_EDGE('',*,*,#834,.F.);
#1181=ORIENTED_EDGE('',*,*,#835,.T.);
#1182=ORIENTED_EDGE('',*,*,#817,.T.);
#1183=ORIENTED_EDGE('',*,*,#822,.F.);
#1184=ORIENTED_EDGE('',*,*,#830,.F.);
#1185=ORIENTED_EDGE('',*,*,#836,.F.);
#1186=ORIENTED_EDGE('',*,*,#837,.T.);
#1187=ORIENTED_EDGE('',*,*,#834,.T.);
#1188=ORIENTED_EDGE('',*,*,#827,.F.);
#1189=ORIENTED_EDGE('',*,*,#693,.F.);
#1190=ORIENTED_EDGE('',*,*,#838,.T.);
#1191=ORIENTED_EDGE('',*,*,#836,.T.);
#1192=ORIENTED_EDGE('',*,*,#829,.F.);
#1193=ORIENTED_EDGE('',*,*,#807,.F.);
#1194=ORIENTED_EDGE('',*,*,#839,.F.);
#1195=ORIENTED_EDGE('',*,*,#840,.T.);
#1196=ORIENTED_EDGE('',*,*,#753,.T.);
#1197=ORIENTED_EDGE('',*,*,#811,.F.);
#1198=ORIENTED_EDGE('',*,*,#806,.F.);
#1199=ORIENTED_EDGE('',*,*,#833,.F.);
#1200=ORIENTED_EDGE('',*,*,#841,.T.);
#1201=ORIENTED_EDGE('',*,*,#839,.T.);
#1202=ORIENTED_EDGE('',*,*,#842,.F.);
#1203=ORIENTED_EDGE('',*,*,#843,.F.);
#1204=ORIENTED_EDGE('',*,*,#844,.F.);
#1205=ORIENTED_EDGE('',*,*,#845,.F.);
#1206=ORIENTED_EDGE('',*,*,#697,.F.);
#1207=ORIENTED_EDGE('',*,*,#747,.F.);
#1208=ORIENTED_EDGE('',*,*,#750,.F.);
#1209=ORIENTED_EDGE('',*,*,#846,.F.);
#1210=ORIENTED_EDGE('',*,*,#847,.F.);
#1211=ORIENTED_EDGE('',*,*,#848,.F.);
#1212=ORIENTED_EDGE('',*,*,#754,.T.);
#1213=ORIENTED_EDGE('',*,*,#818,.F.);
#1214=ORIENTED_EDGE('',*,*,#849,.T.);
#1215=ORIENTED_EDGE('',*,*,#842,.T.);
#1216=ORIENTED_EDGE('',*,*,#850,.F.);
#1217=ORIENTED_EDGE('',*,*,#832,.F.);
#1218=ORIENTED_EDGE('',*,*,#850,.T.);
#1219=ORIENTED_EDGE('',*,*,#848,.T.);
#1220=ORIENTED_EDGE('',*,*,#851,.F.);
#1221=ORIENTED_EDGE('',*,*,#841,.F.);
#1222=ORIENTED_EDGE('',*,*,#851,.T.);
#1223=ORIENTED_EDGE('',*,*,#847,.T.);
#1224=ORIENTED_EDGE('',*,*,#852,.F.);
#1225=ORIENTED_EDGE('',*,*,#840,.F.);
#1226=ORIENTED_EDGE('',*,*,#852,.T.);
#1227=ORIENTED_EDGE('',*,*,#846,.T.);
#1228=ORIENTED_EDGE('',*,*,#749,.F.);
#1229=ORIENTED_EDGE('',*,*,#838,.F.);
#1230=ORIENTED_EDGE('',*,*,#698,.T.);
#1231=ORIENTED_EDGE('',*,*,#845,.T.);
#1232=ORIENTED_EDGE('',*,*,#853,.F.);
#1233=ORIENTED_EDGE('',*,*,#837,.F.);
#1234=ORIENTED_EDGE('',*,*,#853,.T.);
#1235=ORIENTED_EDGE('',*,*,#844,.T.);
#1236=ORIENTED_EDGE('',*,*,#854,.F.);
#1237=ORIENTED_EDGE('',*,*,#835,.F.);
#1238=ORIENTED_EDGE('',*,*,#854,.T.);
#1239=ORIENTED_EDGE('',*,*,#843,.T.);
#1240=ORIENTED_EDGE('',*,*,#849,.F.);
#1241=PLANE('',#1471);
#1242=PLANE('',#1474);
#1243=PLANE('',#1494);
#1244=PLANE('',#1496);
#1245=PLANE('',#1497);
#1246=PLANE('',#1498);
#1247=PLANE('',#1499);
#1248=PLANE('',#1500);
#1249=PLANE('',#1502);
#1250=PLANE('',#1509);
#1251=PLANE('',#1510);
#1252=PLANE('',#1511);
#1253=PLANE('',#1512);
#1254=PLANE('',#1513);
#1255=PLANE('',#1514);
#1256=PLANE('',#1515);
#1257=PLANE('',#1516);
#1258=PLANE('',#1517);
#1259=PLANE('',#1521);
#1260=PLANE('',#1522);
#1261=PLANE('',#1523);
#1262=PLANE('',#1524);
#1263=PLANE('',#1528);
#1264=PLANE('',#1529);
#1265=PLANE('',#1530);
#1266=PLANE('',#1531);
#1267=PLANE('',#1532);
#1268=PLANE('',#1533);
#1269=PLANE('',#1534);
#1270=PLANE('',#1535);
#1271=PLANE('',#1536);
#1272=PLANE('',#1537);
#1273=PLANE('',#1538);
#1274=PLANE('',#1539);
#1275=PLANE('',#1540);
#1276=PLANE('',#1541);
#1277=PLANE('',#1542);
#1278=PLANE('',#1543);
#1279=PLANE('',#1544);
#1280=PLANE('',#1545);
#1281=PLANE('',#1546);
#1282=PLANE('',#1547);
#1283=PLANE('',#1548);
#1284=PLANE('',#1549);
#1285=PLANE('',#1550);
#1286=PLANE('',#1551);
#1287=PLANE('',#1552);
#1288=PLANE('',#1553);
#1289=PLANE('',#1554);
#1290=PLANE('',#1555);
#1291=PLANE('',#1556);
#1292=PLANE('',#1557);
#1293=PLANE('',#1558);
#1294=PLANE('',#1559);
#1295=PLANE('',#1560);
#1296=PLANE('',#1561);
#1297=PLANE('',#1562);
#1298=PLANE('',#1563);
#1299=PLANE('',#1564);
#1300=PLANE('',#1565);
#1301=PLANE('',#1566);
#1302=PLANE('',#1567);
#1303=PLANE('',#1568);
#1304=PLANE('',#1569);
#1305=STYLED_ITEM('',(#2348),#1377);
#1306=STYLED_ITEM('',(#2348),#1378);
#1307=STYLED_ITEM('',(#2348),#1379);
#1308=STYLED_ITEM('',(#2348),#1380);
#1309=STYLED_ITEM('',(#2348),#1381);
#1310=STYLED_ITEM('',(#2348),#1382);
#1311=STYLED_ITEM('',(#2348),#1383);
#1312=STYLED_ITEM('',(#2348),#1384);
#1313=STYLED_ITEM('',(#2348),#1385);
#1314=STYLED_ITEM('',(#2348),#1386);
#1315=STYLED_ITEM('',(#2348),#1387);
#1316=STYLED_ITEM('',(#2348),#1388);
#1317=STYLED_ITEM('',(#2348),#1389);
#1318=STYLED_ITEM('',(#2348),#1390);
#1319=STYLED_ITEM('',(#2348),#1391);
#1320=STYLED_ITEM('',(#2348),#1392);
#1321=STYLED_ITEM('',(#2348),#1393);
#1322=STYLED_ITEM('',(#2348),#1394);
#1323=STYLED_ITEM('',(#2348),#1395);
#1324=STYLED_ITEM('',(#2348),#1396);
#1325=STYLED_ITEM('',(#2348),#1397);
#1326=STYLED_ITEM('',(#2348),#1398);
#1327=STYLED_ITEM('',(#2348),#1399);
#1328=STYLED_ITEM('',(#2348),#1400);
#1329=STYLED_ITEM('',(#2348),#1401);
#1330=STYLED_ITEM('',(#2348),#1402);
#1331=STYLED_ITEM('',(#2348),#1403);
#1332=STYLED_ITEM('',(#2348),#1404);
#1333=STYLED_ITEM('',(#2348),#1405);
#1334=STYLED_ITEM('',(#2348),#1406);
#1335=STYLED_ITEM('',(#2348),#1407);
#1336=STYLED_ITEM('',(#2348),#1408);
#1337=STYLED_ITEM('',(#2348),#1409);
#1338=STYLED_ITEM('',(#2348),#1410);
#1339=STYLED_ITEM('',(#2348),#1411);
#1340=STYLED_ITEM('',(#2348),#1412);
#1341=STYLED_ITEM('',(#2348),#1413);
#1342=STYLED_ITEM('',(#2348),#1414);
#1343=STYLED_ITEM('',(#2348),#1415);
#1344=STYLED_ITEM('',(#2348),#1416);
#1345=STYLED_ITEM('',(#2348),#1417);
#1346=STYLED_ITEM('',(#2348),#1418);
#1347=STYLED_ITEM('',(#2348),#1419);
#1348=STYLED_ITEM('',(#2348),#1420);
#1349=STYLED_ITEM('',(#2348),#1421);
#1350=STYLED_ITEM('',(#2348),#1422);
#1351=STYLED_ITEM('',(#2348),#1423);
#1352=STYLED_ITEM('',(#2348),#1424);
#1353=STYLED_ITEM('',(#2348),#1425);
#1354=STYLED_ITEM('',(#2348),#1426);
#1355=STYLED_ITEM('',(#2348),#1427);
#1356=STYLED_ITEM('',(#2348),#1428);
#1357=STYLED_ITEM('',(#2348),#1429);
#1358=STYLED_ITEM('',(#2348),#1430);
#1359=STYLED_ITEM('',(#2348),#1431);
#1360=STYLED_ITEM('',(#2348),#1432);
#1361=STYLED_ITEM('',(#2348),#1433);
#1362=STYLED_ITEM('',(#2348),#1434);
#1363=STYLED_ITEM('',(#2348),#1435);
#1364=STYLED_ITEM('',(#2348),#1436);
#1365=STYLED_ITEM('',(#2348),#1437);
#1366=STYLED_ITEM('',(#2348),#1438);
#1367=STYLED_ITEM('',(#2348),#1439);
#1368=STYLED_ITEM('',(#2348),#1440);
#1369=STYLED_ITEM('',(#2348),#1441);
#1370=STYLED_ITEM('',(#2348),#1442);
#1371=STYLED_ITEM('',(#2348),#1443);
#1372=STYLED_ITEM('',(#2348),#1444);
#1373=STYLED_ITEM('',(#2348),#1445);
#1374=STYLED_ITEM('',(#2348),#1446);
#1375=STYLED_ITEM('',(#2348),#1447);
#1376=STYLED_ITEM('',(#2347),#16);
#1377=ADVANCED_FACE('',(#46),#1241,.F.);
#1378=ADVANCED_FACE('',(#47),#1242,.F.);
#1379=ADVANCED_FACE('',(#48),#39,.T.);
#1380=ADVANCED_FACE('',(#49),#40,.T.);
#1381=ADVANCED_FACE('',(#50),#41,.T.);
#1382=ADVANCED_FACE('',(#51,#17),#1243,.T.);
#1383=ADVANCED_FACE('',(#52),#1244,.F.);
#1384=ADVANCED_FACE('',(#53),#1245,.F.);
#1385=ADVANCED_FACE('',(#54),#1246,.F.);
#1386=ADVANCED_FACE('',(#55),#1247,.T.);
#1387=ADVANCED_FACE('',(#56),#1248,.T.);
#1388=ADVANCED_FACE('',(#57,#18),#1249,.T.);
#1389=ADVANCED_FACE('',(#58),#42,.F.);
#1390=ADVANCED_FACE('',(#59),#43,.F.);
#1391=ADVANCED_FACE('',(#60),#1250,.T.);
#1392=ADVANCED_FACE('',(#61),#1251,.T.);
#1393=ADVANCED_FACE('',(#62),#1252,.T.);
#1394=ADVANCED_FACE('',(#63),#1253,.T.);
#1395=ADVANCED_FACE('',(#64),#1254,.T.);
#1396=ADVANCED_FACE('',(#65),#1255,.T.);
#1397=ADVANCED_FACE('',(#66),#1256,.T.);
#1398=ADVANCED_FACE('',(#67),#1257,.T.);
#1399=ADVANCED_FACE('',(#68),#1258,.T.);
#1400=ADVANCED_FACE('',(#69),#44,.F.);
#1401=ADVANCED_FACE('',(#70),#1259,.T.);
#1402=ADVANCED_FACE('',(#71),#1260,.F.);
#1403=ADVANCED_FACE('',(#72),#1261,.F.);
#1404=ADVANCED_FACE('',(#73),#1262,.F.);
#1405=ADVANCED_FACE('',(#74),#45,.F.);
#1406=ADVANCED_FACE('',(#75),#1263,.F.);
#1407=ADVANCED_FACE('',(#76),#1264,.T.);
#1408=ADVANCED_FACE('',(#77),#1265,.T.);
#1409=ADVANCED_FACE('',(#78),#1266,.T.);
#1410=ADVANCED_FACE('',(#79),#1267,.T.);
#1411=ADVANCED_FACE('',(#80),#1268,.T.);
#1412=ADVANCED_FACE('',(#81,#19),#1269,.T.);
#1413=ADVANCED_FACE('',(#82),#1270,.T.);
#1414=ADVANCED_FACE('',(#83),#1271,.T.);
#1415=ADVANCED_FACE('',(#84),#1272,.T.);
#1416=ADVANCED_FACE('',(#85,#20,#21),#1273,.T.);
#1417=ADVANCED_FACE('',(#86),#1274,.T.);
#1418=ADVANCED_FACE('',(#87),#1275,.T.);
#1419=ADVANCED_FACE('',(#88),#1276,.T.);
#1420=ADVANCED_FACE('',(#89),#1277,.T.);
#1421=ADVANCED_FACE('',(#90),#1278,.T.);
#1422=ADVANCED_FACE('',(#91),#1279,.T.);
#1423=ADVANCED_FACE('',(#92),#1280,.T.);
#1424=ADVANCED_FACE('',(#93),#1281,.T.);
#1425=ADVANCED_FACE('',(#94),#1282,.T.);
#1426=ADVANCED_FACE('',(#95),#1283,.T.);
#1427=ADVANCED_FACE('',(#96),#1284,.T.);
#1428=ADVANCED_FACE('',(#97),#1285,.F.);
#1429=ADVANCED_FACE('',(#98),#1286,.T.);
#1430=ADVANCED_FACE('',(#99),#1287,.T.);
#1431=ADVANCED_FACE('',(#100),#1288,.T.);
#1432=ADVANCED_FACE('',(#101),#1289,.T.);
#1433=ADVANCED_FACE('',(#102),#1290,.T.);
#1434=ADVANCED_FACE('',(#103),#1291,.F.);
#1435=ADVANCED_FACE('',(#104),#1292,.F.);
#1436=ADVANCED_FACE('',(#105),#1293,.F.);
#1437=ADVANCED_FACE('',(#106),#1294,.F.);
#1438=ADVANCED_FACE('',(#107),#1295,.F.);
#1439=ADVANCED_FACE('',(#108),#1296,.F.);
#1440=ADVANCED_FACE('',(#109,#22),#1297,.F.);
#1441=ADVANCED_FACE('',(#110),#1298,.F.);
#1442=ADVANCED_FACE('',(#111),#1299,.F.);
#1443=ADVANCED_FACE('',(#112),#1300,.F.);
#1444=ADVANCED_FACE('',(#113),#1301,.F.);
#1445=ADVANCED_FACE('',(#114),#1302,.F.);
#1446=ADVANCED_FACE('',(#115),#1303,.F.);
#1447=ADVANCED_FACE('',(#116),#1304,.F.);
#1448=CLOSED_SHELL('',(#1377,#1378,#1379,#1380,#1381,#1382,#1383,#1384,
#1385,#1386,#1387,#1388,#1389,#1390,#1391,#1392,#1393,#1394,#1395,#1396,
#1397,#1398,#1399,#1400,#1401,#1402,#1403,#1404,#1405,#1406,#1407,#1408,
#1409,#1410,#1411,#1412,#1413,#1414,#1415,#1416,#1417,#1418,#1419,#1420,
#1421,#1422,#1423,#1424,#1425,#1426,#1427,#1428,#1429,#1430,#1431,#1432,
#1433,#1434,#1435,#1436,#1437,#1438,#1439,#1440,#1441,#1442,#1443,#1444,
#1445,#1446,#1447));
#1449=DERIVED_UNIT_ELEMENT(#1452,1.);
#1450=DERIVED_UNIT_ELEMENT(#2333,-3.);
#1451=DIMENSIONAL_EXPONENTS(0.,1.,0.,0.,0.,0.,0.);
#1452=(
CONVERSION_BASED_UNIT('gram',#1454)
MASS_UNIT()
NAMED_UNIT(#1451)
);
#1453=(
MASS_UNIT()
NAMED_UNIT(*)
SI_UNIT(.KILO.,.GRAM.)
);
#1454=MASS_MEASURE_WITH_UNIT(MASS_MEASURE(0.001),#1453);
#1455=DERIVED_UNIT((#1449,#1450));
#1456=MEASURE_REPRESENTATION_ITEM('density measure',
POSITIVE_RATIO_MEASURE(1.),#1455);
#1457=PROPERTY_DEFINITION_REPRESENTATION(#1462,#1459);
#1458=PROPERTY_DEFINITION_REPRESENTATION(#1463,#1460);
#1459=REPRESENTATION('material name',(#1461),#2330);
#1460=REPRESENTATION('density',(#1456),#2330);
#1461=DESCRIPTIVE_REPRESENTATION_ITEM('Generisch','Generisch');
#1462=PROPERTY_DEFINITION('material property','material name',#2340);
#1463=PROPERTY_DEFINITION('material property','density of part',#2340);
#1464=DATE_TIME_ROLE('creation_date');
#1465=APPLIED_DATE_AND_TIME_ASSIGNMENT(#1466,#1464,(#2340));
#1466=DATE_AND_TIME(#1467,#1468);
#1467=CALENDAR_DATE(2026,19,1);
#1468=LOCAL_TIME(0,0,0.,#1469);
#1469=COORDINATED_UNIVERSAL_TIME_OFFSET(0,0,.BEHIND.);
#1470=AXIS2_PLACEMENT_3D('',#1935,#1570,#1571);
#1471=AXIS2_PLACEMENT_3D('',#1936,#1572,#1573);
#1472=AXIS2_PLACEMENT_3D('',#1943,#1576,#1577);
#1473=AXIS2_PLACEMENT_3D('',#1948,#1580,#1581);
#1474=AXIS2_PLACEMENT_3D('',#1949,#1582,#1583);
#1475=AXIS2_PLACEMENT_3D('',#1954,#1585,#1586);
#1476=AXIS2_PLACEMENT_3D('',#1957,#1588,#1589);
#1477=AXIS2_PLACEMENT_3D('',#1958,#1590,#1591);
#1478=AXIS2_PLACEMENT_3D('',#1960,#1592,#1593);
#1479=AXIS2_PLACEMENT_3D('',#1964,#1595,#1596);
#1480=AXIS2_PLACEMENT_3D('',#1966,#1597,#1598);
#1481=AXIS2_PLACEMENT_3D('',#1968,#1599,#1600);
#1482=AXIS2_PLACEMENT_3D('',#1970,#1601,#1602);
#1483=AXIS2_PLACEMENT_3D('',#1972,#1603,#1604);
#1484=AXIS2_PLACEMENT_3D('',#1974,#1605,#1606);
#1485=AXIS2_PLACEMENT_3D('',#1975,#1607,#1608);
#1486=AXIS2_PLACEMENT_3D('',#1976,#1609,#1610);
#1487=AXIS2_PLACEMENT_3D('',#1978,#1611,#1612);
#1488=AXIS2_PLACEMENT_3D('',#1980,#1613,#1614);
#1489=AXIS2_PLACEMENT_3D('',#1981,#1615,#1616);
#1490=AXIS2_PLACEMENT_3D('',#1982,#1617,#1618);
#1491=AXIS2_PLACEMENT_3D('',#1984,#1619,#1620);
#1492=AXIS2_PLACEMENT_3D('',#1986,#1621,#1622);
#1493=AXIS2_PLACEMENT_3D('',#1987,#1623,#1624);
#1494=AXIS2_PLACEMENT_3D('',#1988,#1625,#1626);
#1495=AXIS2_PLACEMENT_3D('',#1990,#1627,#1628);
#1496=AXIS2_PLACEMENT_3D('',#1991,#1629,#1630);
#1497=AXIS2_PLACEMENT_3D('',#1999,#1635,#1636);
#1498=AXIS2_PLACEMENT_3D('',#2007,#1641,#1642);
#1499=AXIS2_PLACEMENT_3D('',#2013,#1646,#1647);
#1500=AXIS2_PLACEMENT_3D('',#2019,#1651,#1652);
#1501=AXIS2_PLACEMENT_3D('',#2020,#1653,#1654);
#1502=AXIS2_PLACEMENT_3D('',#2026,#1658,#1659);
#1503=AXIS2_PLACEMENT_3D('',#2042,#1668,#1669);
#1504=AXIS2_PLACEMENT_3D('',#2047,#1671,#1672);
#1505=AXIS2_PLACEMENT_3D('',#2050,#1674,#1675);
#1506=AXIS2_PLACEMENT_3D('',#2051,#1676,#1677);
#1507=AXIS2_PLACEMENT_3D('',#2056,#1679,#1680);
#1508=AXIS2_PLACEMENT_3D('',#2059,#1682,#1683);
#1509=AXIS2_PLACEMENT_3D('',#2060,#1684,#1685);
#1510=AXIS2_PLACEMENT_3D('',#2066,#1689,#1690);
#1511=AXIS2_PLACEMENT_3D('',#2070,#1693,#1694);
#1512=AXIS2_PLACEMENT_3D('',#2073,#1697,#1698);
#1513=AXIS2_PLACEMENT_3D('',#2077,#1701,#1702);
#1514=AXIS2_PLACEMENT_3D('',#2083,#1706,#1707);
#1515=AXIS2_PLACEMENT_3D('',#2085,#1709,#1710);
#1516=AXIS2_PLACEMENT_3D('',#2089,#1713,#1714);
#1517=AXIS2_PLACEMENT_3D('',#2093,#1717,#1718);
#1518=AXIS2_PLACEMENT_3D('',#2095,#1720,#1721);
#1519=AXIS2_PLACEMENT_3D('',#2098,#1723,#1724);
#1520=AXIS2_PLACEMENT_3D('',#2099,#1725,#1726);
#1521=AXIS2_PLACEMENT_3D('',#2100,#1727,#1728);
#1522=AXIS2_PLACEMENT_3D('',#2106,#1732,#1733);
#1523=AXIS2_PLACEMENT_3D('',#2110,#1736,#1737);
#1524=AXIS2_PLACEMENT_3D('',#2116,#1741,#1742);
#1525=AXIS2_PLACEMENT_3D('',#2122,#1746,#1747);
#1526=AXIS2_PLACEMENT_3D('',#2124,#1748,#1749);
#1527=AXIS2_PLACEMENT_3D('',#2127,#1751,#1752);
#1528=AXIS2_PLACEMENT_3D('',#2128,#1753,#1754);
#1529=AXIS2_PLACEMENT_3D('',#2146,#1764,#1765);
#1530=AXIS2_PLACEMENT_3D('',#2156,#1771,#1772);
#1531=AXIS2_PLACEMENT_3D('',#2162,#1776,#1777);
#1532=AXIS2_PLACEMENT_3D('',#2166,#1780,#1781);
#1533=AXIS2_PLACEMENT_3D('',#2170,#1784,#1785);
#1534=AXIS2_PLACEMENT_3D('',#2172,#1787,#1788);
#1535=AXIS2_PLACEMENT_3D('',#2176,#1791,#1792);
#1536=AXIS2_PLACEMENT_3D('',#2182,#1796,#1797);
#1537=AXIS2_PLACEMENT_3D('',#2186,#1800,#1801);
#1538=AXIS2_PLACEMENT_3D('',#2190,#1804,#1805);
#1539=AXIS2_PLACEMENT_3D('',#2204,#1813,#1814);
#1540=AXIS2_PLACEMENT_3D('',#2207,#1817,#1818);
#1541=AXIS2_PLACEMENT_3D('',#2209,#1820,#1821);
#1542=AXIS2_PLACEMENT_3D('',#2211,#1823,#1824);
#1543=AXIS2_PLACEMENT_3D('',#2212,#1825,#1826);
#1544=AXIS2_PLACEMENT_3D('',#2214,#1828,#1829);
#1545=AXIS2_PLACEMENT_3D('',#2216,#1831,#1832);
#1546=AXIS2_PLACEMENT_3D('',#2217,#1833,#1834);
#1547=AXIS2_PLACEMENT_3D('',#2228,#1840,#1841);
#1548=AXIS2_PLACEMENT_3D('',#2238,#1847,#1848);
#1549=AXIS2_PLACEMENT_3D('',#2243,#1852,#1853);
#1550=AXIS2_PLACEMENT_3D('',#2247,#1856,#1857);
#1551=AXIS2_PLACEMENT_3D('',#2255,#1862,#1863);
#1552=AXIS2_PLACEMENT_3D('',#2261,#1867,#1868);
#1553=AXIS2_PLACEMENT_3D('',#2267,#1872,#1873);
#1554=AXIS2_PLACEMENT_3D('',#2269,#1875,#1876);
#1555=AXIS2_PLACEMENT_3D('',#2273,#1879,#1880);
#1556=AXIS2_PLACEMENT_3D('',#2279,#1884,#1885);
#1557=AXIS2_PLACEMENT_3D('',#2283,#1888,#1889);
#1558=AXIS2_PLACEMENT_3D('',#2287,#1892,#1893);
#1559=AXIS2_PLACEMENT_3D('',#2291,#1896,#1897);
#1560=AXIS2_PLACEMENT_3D('',#2293,#1899,#1900);
#1561=AXIS2_PLACEMENT_3D('',#2297,#1903,#1904);
#1562=AXIS2_PLACEMENT_3D('',#2299,#1906,#1907);
#1563=AXIS2_PLACEMENT_3D('',#2313,#1915,#1916);
#1564=AXIS2_PLACEMENT_3D('',#2316,#1919,#1920);
#1565=AXIS2_PLACEMENT_3D('',#2318,#1922,#1923);
#1566=AXIS2_PLACEMENT_3D('',#2320,#1925,#1926);
#1567=AXIS2_PLACEMENT_3D('',#2321,#1927,#1928);
#1568=AXIS2_PLACEMENT_3D('',#2323,#1930,#1931);
#1569=AXIS2_PLACEMENT_3D('',#2325,#1933,#1934);
#1570=DIRECTION('axis',(0.,0.,1.));
#1571=DIRECTION('refdir',(1.,0.,0.));
#1572=DIRECTION('center_axis',(1.,0.,0.));
#1573=DIRECTION('ref_axis',(0.,0.,-1.));
#1574=DIRECTION('',(0.,0.241069877884227,-0.970507760905024));
#1575=DIRECTION('',(0.,-0.637167742894125,-0.77072515685892));
#1576=DIRECTION('center_axis',(1.,0.,0.));
#1577=DIRECTION('ref_axis',(0.,1.,0.));
#1578=DIRECTION('',(0.,-0.640837043448893,0.767676939697736));
#1579=DIRECTION('',(0.,0.250255591481217,0.96817980712902));
#1580=DIRECTION('center_axis',(-1.,0.,0.));
#1581=DIRECTION('ref_axis',(0.,-1.,0.));
#1582=DIRECTION('center_axis',(1.,0.,0.));
#1583=DIRECTION('ref_axis',(0.,0.,-1.));
#1584=DIRECTION('',(0.,0.241069877884227,-0.970507760905024));
#1585=DIRECTION('center_axis',(-1.,0.,0.));
#1586=DIRECTION('ref_axis',(0.,-1.,0.));
#1587=DIRECTION('',(0.,0.250255591481217,0.96817980712902));
#1588=DIRECTION('center_axis',(1.,0.,0.));
#1589=DIRECTION('ref_axis',(0.,1.,0.));
#1590=DIRECTION('center_axis',(1.,0.,0.));
#1591=DIRECTION('ref_axis',(0.,1.,0.));
#1592=DIRECTION('center_axis',(1.,0.,0.));
#1593=DIRECTION('ref_axis',(0.,1.,0.));
#1594=DIRECTION('',(-1.,0.,0.));
#1595=DIRECTION('center_axis',(-0.69644564023922,0.696445640239218,0.172994047248944));
#1596=DIRECTION('ref_axis',(0.71760955274563,0.675905898900631,0.167892065445471));
#1597=DIRECTION('center_axis',(-0.972032210255067,0.,0.23484757232437));
#1598=DIRECTION('ref_axis',(0.23484757232437,0.,0.972032210255067));
#1599=DIRECTION('center_axis',(-0.695583858847607,-0.695583858847606,0.179794857049211));
#1600=DIRECTION('ref_axis',(-0.718444914597266,0.673450246301136,-0.174073750020695));
#1601=DIRECTION('center_axis',(-0.608936131055225,-0.608936131055224,-0.508324282905105));
#1602=DIRECTION('ref_axis',(-0.79321925613004,0.467466225559855,0.390228829874638));
#1603=DIRECTION('center_axis',(-0.78420741212623,0.,-0.620498779020783));
#1604=DIRECTION('ref_axis',(-0.620498779020783,0.,0.78420741212623));
#1605=DIRECTION('center_axis',(-0.61045411272185,0.610454112721848,-0.504669745994309));
#1606=DIRECTION('ref_axis',(0.792051624744864,0.47049234178272,-0.388961669143417));
#1607=DIRECTION('center_axis',(-0.69644564023922,0.696445640239218,0.172994047248944));
#1608=DIRECTION('ref_axis',(0.71760955274563,0.675905898900631,0.167892065445471));
#1609=DIRECTION('center_axis',(1.,0.,0.));
#1610=DIRECTION('ref_axis',(0.,1.,0.));
#1611=DIRECTION('center_axis',(0.61045411272185,-0.610454112721848,0.504669745994309));
#1612=DIRECTION('ref_axis',(0.792051624744864,0.47049234178272,-0.388961669143417));
#1613=DIRECTION('center_axis',(0.78420741212623,0.,0.620498779020783));
#1614=DIRECTION('ref_axis',(-0.620498779020783,0.,0.78420741212623));
#1615=DIRECTION('center_axis',(0.608936131055225,0.608936131055224,0.508324282905105));
#1616=DIRECTION('ref_axis',(-0.79321925613004,0.467466225559855,0.390228829874638));
#1617=DIRECTION('center_axis',(1.,0.,0.));
#1618=DIRECTION('ref_axis',(0.,1.,0.));
#1619=DIRECTION('center_axis',(0.69644564023922,-0.696445640239218,-0.172994047248944));
#1620=DIRECTION('ref_axis',(0.71760955274563,0.675905898900631,0.167892065445471));
#1621=DIRECTION('center_axis',(0.695583858847607,0.695583858847606,-0.179794857049211));
#1622=DIRECTION('ref_axis',(-0.718444914597266,0.673450246301136,-0.174073750020695));
#1623=DIRECTION('center_axis',(0.972032210255067,0.,-0.23484757232437));
#1624=DIRECTION('ref_axis',(0.23484757232437,0.,0.972032210255067));
#1625=DIRECTION('center_axis',(1.,0.,0.));
#1626=DIRECTION('ref_axis',(0.,0.,-1.));
#1627=DIRECTION('center_axis',(-1.,0.,0.));
#1628=DIRECTION('ref_axis',(0.,-1.,0.));
#1629=DIRECTION('center_axis',(-0.78420741212623,0.,-0.620498779020783));
#1630=DIRECTION('ref_axis',(-0.620498779020783,0.,0.78420741212623));
#1631=DIRECTION('',(-0.620137540167946,-0.0341176053596107,0.783750866206204));
#1632=DIRECTION('',(0.374338007415931,0.797525189585459,-0.473101076072068));
#1633=DIRECTION('',(-0.376059138358971,0.795419363193198,0.475276299760504));
#1634=DIRECTION('',(-0.620258887871776,0.027804152686542,0.78390422955196));
#1635=DIRECTION('center_axis',(-0.608936131055225,-0.608936131055224,-0.508324282905105));
#1636=DIRECTION('ref_axis',(-0.640837043448892,0.,0.767676939697737));
#1637=DIRECTION('',(-0.707106781186547,0.707106781186548,0.));
#1638=DIRECTION('',(-0.485122145245064,-0.2211199169835,0.846027473848242));
#1639=DIRECTION('',(-0.503959550946509,0.791875534151534,-0.344902753572679));
#1640=DIRECTION('',(-0.707106781186547,0.707106781186548,0.));
#1641=DIRECTION('center_axis',(-0.695583858847607,-0.695583858847606,0.179794857049211));
#1642=DIRECTION('ref_axis',(0.250255591481216,0.,0.96817980712902));
#1643=DIRECTION('',(-0.234815981798419,-0.0164015836504664,-0.971901457322604));
#1644=DIRECTION('',(-0.707106781186548,0.707106781186547,0.));
#1645=DIRECTION('',(-0.173102177001087,-0.0806219019181711,-0.981598566242118));
#1646=DIRECTION('center_axis',(-0.972032210255067,0.,0.23484757232437));
#1647=DIRECTION('ref_axis',(0.23484757232437,0.,0.972032210255067));
#1648=DIRECTION('',(0.234815981798419,0.016401583650467,0.971901457322604));
#1649=DIRECTION('',(0.,-1.,0.));
#1650=DIRECTION('',(0.234842456004579,-0.00660082829590431,0.972011033848662));
#1651=DIRECTION('center_axis',(-0.695583858847607,-0.695583858847606,0.179794857049211));
#1652=DIRECTION('ref_axis',(0.250255591481216,0.,0.96817980712902));
#1653=DIRECTION('center_axis',(0.695583858847607,0.695583858847606,-0.179794857049211));
#1654=DIRECTION('ref_axis',(-0.718444914597266,0.673450246301136,-0.174073750020695));
#1655=DIRECTION('',(-0.707106781186547,0.707106781186548,0.));
#1656=DIRECTION('',(0.173102177001086,0.0806219019181718,0.981598566242118));
#1657=DIRECTION('',(0.707106781186547,-0.707106781186548,0.));
#1658=DIRECTION('center_axis',(-0.608936131055225,-0.608936131055224,-0.508324282905105));
#1659=DIRECTION('ref_axis',(-0.640837043448892,0.,0.767676939697737));
#1660=DIRECTION('',(0.620137540167946,0.0341176053596115,-0.783750866206204));
#1661=DIRECTION('',(0.707106781186547,-0.707106781186548,0.));
#1662=DIRECTION('',(0.485122145245064,0.2211199169835,-0.846027473848242));
#1663=DIRECTION('',(-0.789037129788015,0.399282518940699,0.466898145085479));
#1664=DIRECTION('',(-1.60081209150676E-16,-0.640837043448893,0.767676939697736));
#1665=DIRECTION('',(0.707106781186547,-0.707106781186548,0.));
#1666=DIRECTION('',(0.,0.640837043448893,-0.767676939697736));
#1667=DIRECTION('',(-0.640837043448893,2.03277725905621E-16,0.767676939697737));
#1668=DIRECTION('center_axis',(-1.,0.,0.));
#1669=DIRECTION('ref_axis',(0.,0.,-1.));
#1670=DIRECTION('',(1.,0.,0.));
#1671=DIRECTION('center_axis',(1.,-2.4980018054066E-16,0.));
#1672=DIRECTION('ref_axis',(0.,0.,-1.));
#1673=DIRECTION('',(-1.,0.,0.));
#1674=DIRECTION('center_axis',(-1.,0.,0.));
#1675=DIRECTION('ref_axis',(0.,0.,-1.));
#1676=DIRECTION('center_axis',(-1.,0.,0.));
#1677=DIRECTION('ref_axis',(0.,1.22464679914735E-16,1.));
#1678=DIRECTION('',(-1.,0.,0.));
#1679=DIRECTION('center_axis',(-1.,0.,0.));
#1680=DIRECTION('ref_axis',(0.,0.,-1.));
#1681=DIRECTION('',(1.,0.,0.));
#1682=DIRECTION('center_axis',(1.,-2.4980018054066E-16,0.));
#1683=DIRECTION('ref_axis',(0.,0.,-1.));
#1684=DIRECTION('center_axis',(1.,0.,0.));
#1685=DIRECTION('ref_axis',(0.,-1.,0.));
#1686=DIRECTION('',(0.,0.,-1.));
#1687=DIRECTION('',(0.,-1.,0.));
#1688=DIRECTION('',(0.,0.,-1.));
#1689=DIRECTION('center_axis',(3.1720657846433E-16,1.,0.));
#1690=DIRECTION('ref_axis',(1.,-3.1720657846433E-16,0.));
#1691=DIRECTION('',(1.,-3.1720657846433E-16,0.));
#1692=DIRECTION('',(0.,0.,1.));
#1693=DIRECTION('center_axis',(3.1720657846433E-16,1.,0.));
#1694=DIRECTION('ref_axis',(1.,-3.1720657846433E-16,0.));
#1695=DIRECTION('',(0.,0.,1.));
#1696=DIRECTION('',(0.,0.,-1.));
#1697=DIRECTION('center_axis',(-1.,2.4980018054066E-16,0.));
#1698=DIRECTION('ref_axis',(2.4980018054066E-16,1.,0.));
#1699=DIRECTION('',(2.4980018054066E-16,1.,0.));
#1700=DIRECTION('',(0.,0.,-1.));
#1701=DIRECTION('center_axis',(-1.,2.4980018054066E-16,0.));
#1702=DIRECTION('ref_axis',(2.4980018054066E-16,1.,0.));
#1703=DIRECTION('',(0.,0.,-1.));
#1704=DIRECTION('',(-1.59164617209637E-16,-0.637167742894125,-0.77072515685892));
#1705=DIRECTION('',(-2.4980018054066E-16,-1.,0.));
#1706=DIRECTION('center_axis',(0.,-1.,0.));
#1707=DIRECTION('ref_axis',(-1.,0.,0.));
#1708=DIRECTION('',(-1.,0.,0.));
#1709=DIRECTION('center_axis',(0.,0.,1.));
#1710=DIRECTION('ref_axis',(1.,0.,0.));
#1711=DIRECTION('',(-0.707106781186546,-0.707106781186549,0.));
#1712=DIRECTION('',(0.,1.,0.));
#1713=DIRECTION('center_axis',(0.,-1.,0.));
#1714=DIRECTION('ref_axis',(-1.,0.,0.));
#1715=DIRECTION('',(0.,0.,-1.));
#1716=DIRECTION('',(0.637167742894123,0.,-0.770725156858921));
#1717=DIRECTION('center_axis',(1.,0.,0.));
#1718=DIRECTION('ref_axis',(0.,-1.,0.));
#1719=DIRECTION('',(0.,0.637167742894125,0.77072515685892));
#1720=DIRECTION('center_axis',(-1.,0.,0.));
#1721=DIRECTION('ref_axis',(0.,1.,0.));
#1722=DIRECTION('',(-1.,0.,0.));
#1723=DIRECTION('center_axis',(0.69644564023922,-0.696445640239218,-0.172994047248944));
#1724=DIRECTION('ref_axis',(0.71760955274563,0.675905898900631,0.167892065445471));
#1725=DIRECTION('center_axis',(0.69644564023922,-0.696445640239218,-0.172994047248944));
#1726=DIRECTION('ref_axis',(0.71760955274563,0.675905898900631,0.167892065445471));
#1727=DIRECTION('center_axis',(-0.69644564023922,0.696445640239218,0.172994047248944));
#1728=DIRECTION('ref_axis',(0.241069877884226,0.,0.970507760905025));
#1729=DIRECTION('',(-0.707106781186546,-0.707106781186549,0.));
#1730=DIRECTION('',(0.173231994052703,-0.0707756464032317,0.982334710835736));
#1731=DIRECTION('',(0.707106781186546,0.707106781186549,0.));
#1732=DIRECTION('center_axis',(-0.972032210255067,0.,0.23484757232437));
#1733=DIRECTION('ref_axis',(0.23484757232437,0.,0.972032210255067));
#1734=DIRECTION('',(-0.234842456004579,0.00660082829590432,-0.972011033848662));
#1735=DIRECTION('',(0.,1.,0.));
#1736=DIRECTION('center_axis',(-0.69644564023922,0.696445640239218,0.172994047248944));
#1737=DIRECTION('ref_axis',(0.241069877884226,0.,0.970507760905025));
#1738=DIRECTION('',(0.707106781186546,0.707106781186548,0.));
#1739=DIRECTION('',(-0.173231994052705,0.0707756464032307,-0.982334710835736));
#1740=DIRECTION('',(0.707106781186548,0.707106781186547,0.));
#1741=DIRECTION('center_axis',(-0.61045411272185,0.610454112721848,-0.504669745994309));
#1742=DIRECTION('ref_axis',(-0.637167742894123,0.,0.770725156858921));
#1743=DIRECTION('',(0.707106781186546,0.707106781186549,0.));
#1744=DIRECTION('',(0.504385530628513,0.790883851182351,0.346551540801029));
#1745=DIRECTION('',(-0.485844157246694,0.214617870593062,0.847286624756552));
#1746=DIRECTION('center_axis',(0.,0.,1.));
#1747=DIRECTION('ref_axis',(-1.,0.,0.));
#1748=DIRECTION('center_axis',(0.,0.,1.));
#1749=DIRECTION('ref_axis',(-1.,0.,0.));
#1750=DIRECTION('',(0.,0.,1.));
#1751=DIRECTION('center_axis',(0.,0.,-1.));
#1752=DIRECTION('ref_axis',(-1.,0.,0.));
#1753=DIRECTION('center_axis',(0.,0.,1.));
#1754=DIRECTION('ref_axis',(1.,0.,0.));
#1755=DIRECTION('',(0.,1.,0.));
#1756=DIRECTION('',(0.707106781186549,0.707106781186546,0.));
#1757=DIRECTION('',(0.98078528040323,0.195090322016128,0.));
#1758=DIRECTION('',(0.923879532511287,-0.38268343236509,0.));
#1759=DIRECTION('',(0.,-1.,0.));
#1760=DIRECTION('',(-0.707106781186546,-0.707106781186549,0.));
#1761=DIRECTION('',(-0.923879532511286,-0.382683432365091,0.));
#1762=DIRECTION('',(-0.98078528040323,0.195090322016128,0.));
#1763=DIRECTION('',(-0.707106781186548,0.707106781186546,0.));
#1764=DIRECTION('center_axis',(0.785156436320505,0.,-0.619297481429148));
#1765=DIRECTION('ref_axis',(-0.619297481429148,0.,-0.785156436320504));
#1766=DIRECTION('',(0.619057475206414,0.027837774375523,0.784852152133685));
#1767=DIRECTION('',(0.482040732878551,-0.627809515533461,0.611139872739089));
#1768=DIRECTION('',(0.,-1.,0.));
#1769=DIRECTION('',(-0.480177251616069,-0.631521958708168,-0.608777317826344));
#1770=DIRECTION('',(-0.618936069549806,0.0341588453112121,-0.784698231868304));
#1771=DIRECTION('center_axis',(0.609404628930439,-0.609404628930442,-0.507200154255008));
#1772=DIRECTION('ref_axis',(-0.639710100339912,0.,-0.768616281068193));
#1773=DIRECTION('',(-0.707106781186549,-0.707106781186546,-8.55659033683757E-17));
#1774=DIRECTION('',(-0.744818759070018,-0.220724666710389,-0.629702816924767));
#1775=DIRECTION('',(-0.48351118485252,0.22134542103836,-0.846890275483113));
#1776=DIRECTION('center_axis',(0.183103112814405,-0.920521510183034,-0.345128091247326));
#1777=DIRECTION('ref_axis',(0.,0.351063267325356,-0.936351740712242));
#1778=DIRECTION('',(-0.98078528040323,-0.195090322016128,0.));
#1779=DIRECTION('',(0.18354041920951,0.376899687217674,-0.907887405073788));
#1780=DIRECTION('center_axis',(-0.347545032842739,-0.839047931824342,-0.418582152328111));
#1781=DIRECTION('ref_axis',(-0.769371158264869,0.,0.638802020057993));
#1782=DIRECTION('',(-0.70643884757231,-0.0592371740669902,0.70529079949285));
#1783=DIRECTION('',(-0.923879532511287,0.38268343236509,3.0656151108121E-16));
#1784=DIRECTION('center_axis',(-0.78420741212623,0.,-0.620498779020783));
#1785=DIRECTION('ref_axis',(-0.620498779020783,0.,0.78420741212623));
#1786=DIRECTION('',(0.620258887871776,-0.027804152686543,-0.78390422955196));
#1787=DIRECTION('center_axis',(-0.61045411272185,0.610454112721848,-0.504669745994309));
#1788=DIRECTION('ref_axis',(-0.637167742894123,0.,0.770725156858921));
#1789=DIRECTION('',(0.786884218040839,0.394758887463422,-0.474319141683002));
#1790=DIRECTION('',(0.485844157246693,-0.214617870593063,-0.847286624756552));
#1791=DIRECTION('center_axis',(-0.348525317810196,0.841414549087765,-0.412979006038727));
#1792=DIRECTION('ref_axis',(-0.76422372998709,0.,0.644951231121097));
#1793=DIRECTION('',(0.923879532511286,0.382683432365091,1.0467490843888E-16));
#1794=DIRECTION('',(0.695618057908497,-0.063109796088747,-0.715634453578954));
#1795=DIRECTION('',(0.18404391845612,-0.370593814010574,-0.910377977049321));
#1796=DIRECTION('center_axis',(0.183568841099688,0.922862884384237,-0.338565469596833));
#1797=DIRECTION('ref_axis',(0.,0.34441821767978,0.938816324597247));
#1798=DIRECTION('',(0.98078528040323,-0.195090322016128,-6.40538238593142E-17));
#1799=DIRECTION('',(-0.484232271045652,-0.21483739667306,-0.848153288426516));
#1800=DIRECTION('center_axis',(0.610921554916515,0.610921554916517,-0.503537195723188));
#1801=DIRECTION('ref_axis',(-0.636027325886406,0.,-0.771666534667526));
#1802=DIRECTION('',(0.73986737761932,-0.214233514715612,0.63773055807865));
#1803=DIRECTION('',(0.707106781186548,-0.707106781186547,0.));
#1804=DIRECTION('center_axis',(0.,0.,1.));
#1805=DIRECTION('ref_axis',(1.,0.,0.));
#1806=DIRECTION('',(0.,1.,0.));
#1807=DIRECTION('',(-0.707106781186548,0.707106781186547,0.));
#1808=DIRECTION('',(-0.98078528040323,0.195090322016128,0.));
#1809=DIRECTION('',(-0.923879532511286,-0.382683432365091,0.));
#1810=DIRECTION('',(0.923879532511287,-0.38268343236509,0.));
#1811=DIRECTION('',(0.98078528040323,0.195090322016128,0.));
#1812=DIRECTION('',(0.707106781186549,0.707106781186546,0.));
#1813=DIRECTION('center_axis',(0.974186016505009,0.,0.225746772393543));
#1814=DIRECTION('ref_axis',(0.225746772393543,0.,-0.974186016505009));
#1815=DIRECTION('',(0.225716271370077,-0.0164379160871201,-0.974054392605209));
#1816=DIRECTION('',(-0.225741832523048,-0.00661545361755834,0.974164699022999));
#1817=DIRECTION('center_axis',(0.697259278706407,0.697259278706409,0.166309941120904));
#1818=DIRECTION('ref_axis',(0.232011062716892,0.,-0.972713147221203));
#1819=DIRECTION('',(-0.163798142358566,-0.0708915477860447,0.983943370836138));
#1820=DIRECTION('center_axis',(0.194060838419917,0.975609716863503,0.10259664396692));
#1821=DIRECTION('ref_axis',(0.,-0.104584854781507,0.994515966764904));
#1822=DIRECTION('',(0.0645444577480603,-0.117056495891368,0.991025625170027));
#1823=DIRECTION('center_axis',(-0.379290830797234,0.915689067794439,0.132860817380054));
#1824=DIRECTION('ref_axis',(0.,-0.143590237868746,0.989637228275491));
#1825=DIRECTION('center_axis',(-0.378810214864276,-0.9145287582908,0.141915366939486));
#1826=DIRECTION('ref_axis',(0.,-0.153343377817695,-0.988172964859624));
#1827=DIRECTION('',(0.0644658670354976,0.126896160262986,0.989818931167652));
#1828=DIRECTION('center_axis',(0.193855878318928,-0.97457931285349,0.112316790370884));
#1829=DIRECTION('ref_axis',(0.,-0.114488637636268,-0.993424557705411));
#1830=DIRECTION('',(-0.163674992976505,0.0807537291290274,0.983203606536254));
#1831=DIRECTION('center_axis',(0.696428116971088,-0.696428116971091,0.173135079588755));
#1832=DIRECTION('ref_axis',(0.241260691185646,0.,-0.970460343800108));
#1833=DIRECTION('center_axis',(-0.352300583407411,-0.352300583407412,0.867045902972614));
#1834=DIRECTION('ref_axis',(0.926443033180761,0.,0.376434996076123));
#1835=DIRECTION('',(-0.707106781186548,0.707106781186546,0.));
#1836=DIRECTION('',(-0.926763303258872,0.0022795389374533,-0.375638900321755));
#1837=DIRECTION('',(-0.375221787554097,-0.795553798215131,-0.475712901118087));
#1838=DIRECTION('',(0.707106781186548,-0.707106781186546,2.79519294223533E-17));
#1839=DIRECTION('',(0.628411894267883,0.597482902182613,0.498109097228802));
#1840=DIRECTION('center_axis',(-0.112192586282992,-0.564030219744223,0.818097020406759));
#1841=DIRECTION('ref_axis',(0.990727110995907,0.,0.13586681543962));
#1842=DIRECTION('',(0.98078528040323,-0.195090322016128,0.));
#1843=DIRECTION('',(0.718344773308501,0.5228138404377,0.458962389425475));
#1844=DIRECTION('',(-0.200537766654434,0.819206835850119,0.537293927233212));
#1845=DIRECTION('',(-0.98078528040323,0.195090322016128,0.));
#1846=DIRECTION('',(0.381887500018209,-0.78454181518588,-0.488524387881187));
#1847=DIRECTION('center_axis',(0.207324907109825,-0.500526602562281,0.840529299322375));
#1848=DIRECTION('ref_axis',(0.970900726400417,0.,-0.239482315579133));
#1849=DIRECTION('',(0.923879532511286,0.382683432365091,0.));
#1850=DIRECTION('',(-0.665427073805716,0.557655767371995,0.496212509478664));
#1851=DIRECTION('',(-0.923879532511286,-0.382683432365091,0.));
#1852=DIRECTION('center_axis',(0.351898513070777,-0.351898513070776,0.867372395800762));
#1853=DIRECTION('ref_axis',(0.926642131809208,0.,-0.37594462299132));
#1854=DIRECTION('',(-0.926961385906915,-0.0022782774601579,0.375149834718538));
#1855=DIRECTION('',(-0.707106781186546,-0.707106781186549,0.));
#1856=DIRECTION('center_axis',(0.785156436320505,0.,-0.619297481429148));
#1857=DIRECTION('ref_axis',(-0.619297481429148,0.,-0.785156436320504));
#1858=DIRECTION('',(0.373503912497293,-0.797658749109378,0.473534948360179));
#1859=DIRECTION('',(0.618936069549806,-0.0341588453112132,0.784698231868304));
#1860=DIRECTION('',(0.,-1.,0.));
#1861=DIRECTION('',(0.619057475206415,0.0278377743755236,0.784852152133685));
#1862=DIRECTION('center_axis',(-0.350998520561336,0.350998520561338,0.868101420991525));
#1863=DIRECTION('ref_axis',(0.927086350485906,0.,0.37484783411769));
#1864=DIRECTION('',(0.707106781186549,0.707106781186546,0.));
#1865=DIRECTION('',(0.626946559831951,-0.600519880870502,0.49630019523889));
#1866=DIRECTION('',(-0.707106781186549,-0.707106781186546,0.));
#1867=DIRECTION('center_axis',(0.,0.,1.));
#1868=DIRECTION('ref_axis',(1.,0.,0.));
#1869=DIRECTION('',(0.707106781186547,-0.707106781186548,0.));
#1870=DIRECTION('',(0.923879532511287,-0.38268343236509,0.));
#1871=DIRECTION('',(0.98078528040323,0.195090322016128,0.));
#1872=DIRECTION('center_axis',(0.350597959597207,0.350597959597206,0.868425092597255));
#1873=DIRECTION('ref_axis',(0.927283419973793,0.,-0.374360066034968));
#1874=DIRECTION('',(-0.663765481354021,-0.561134778651595,0.494513039211799));
#1875=DIRECTION('center_axis',(0.206333071076966,0.498132098560102,0.84219420335458));
#1876=DIRECTION('ref_axis',(0.971275610514935,0.,-0.237957324785014));
#1877=DIRECTION('',(-0.923879532511287,0.38268343236509,0.));
#1878=DIRECTION('',(-0.200068375912798,-0.821053459826869,0.534643676728663));
#1879=DIRECTION('center_axis',(-0.111634622585781,0.561225146814064,0.820100021719097));
#1880=DIRECTION('ref_axis',(0.990862037234318,0.,0.134879291100811));
#1881=DIRECTION('',(-0.717631799853064,0.525336518377066,-0.457193768876081));
#1882=DIRECTION('',(-0.98078528040323,-0.195090322016128,0.));
#1883=DIRECTION('',(-0.381639089733306,-0.786187096160443,0.486067335889117));
#1884=DIRECTION('center_axis',(0.610921554916515,0.610921554916517,-0.503537195723188));
#1885=DIRECTION('ref_axis',(-0.636027325886406,0.,-0.771666534667526));
#1886=DIRECTION('',(0.707106781186548,-0.707106781186546,0.));
#1887=DIRECTION('',(0.484232271045652,0.21483739667306,0.848153288426516));
#1888=DIRECTION('center_axis',(0.609404628930439,-0.609404628930442,-0.507200154255008));
#1889=DIRECTION('ref_axis',(-0.639710100339912,0.,-0.768616281068193));
#1890=DIRECTION('',(0.48351118485252,-0.22134542103836,0.846890275483113));
#1891=DIRECTION('',(-0.707106781186549,-0.707106781186546,0.));
#1892=DIRECTION('center_axis',(0.183103112814405,-0.920521510183034,-0.345128091247326));
#1893=DIRECTION('ref_axis',(0.,0.351063267325356,-0.936351740712242));
#1894=DIRECTION('',(-0.18354041920951,-0.376899687217674,0.907887405073788));
#1895=DIRECTION('',(-0.98078528040323,-0.195090322016128,0.));
#1896=DIRECTION('center_axis',(-0.347545032842739,-0.839047931824342,-0.418582152328111));
#1897=DIRECTION('ref_axis',(-0.769371158264869,0.,0.638802020057993));
#1898=DIRECTION('',(-0.923879532511287,0.38268343236509,0.));
#1899=DIRECTION('center_axis',(-0.348525317810196,0.841414549087765,-0.412979006038727));
#1900=DIRECTION('ref_axis',(-0.76422372998709,0.,0.644951231121097));
#1901=DIRECTION('',(-0.18404391845612,0.370593814010574,0.910377977049321));
#1902=DIRECTION('',(0.923879532511286,0.382683432365091,0.));
#1903=DIRECTION('center_axis',(0.183568841099688,0.922862884384237,-0.338565469596833));
#1904=DIRECTION('ref_axis',(0.,0.34441821767978,0.938816324597247));
#1905=DIRECTION('',(0.98078528040323,-0.195090322016128,0.));
#1906=DIRECTION('center_axis',(0.,0.,1.));
#1907=DIRECTION('ref_axis',(1.,0.,0.));
#1908=DIRECTION('',(0.,-1.,0.));
#1909=DIRECTION('',(-0.707106781186547,-0.707106781186548,0.));
#1910=DIRECTION('',(-0.98078528040323,-0.195090322016128,0.));
#1911=DIRECTION('',(-0.923879532511287,0.38268343236509,0.));
#1912=DIRECTION('',(0.923879532511287,0.38268343236509,0.));
#1913=DIRECTION('',(0.98078528040323,-0.195090322016128,0.));
#1914=DIRECTION('',(0.707106781186547,-0.707106781186548,0.));
#1915=DIRECTION('center_axis',(0.974186016505009,0.,0.225746772393543));
#1916=DIRECTION('ref_axis',(0.225746772393543,0.,-0.974186016505009));
#1917=DIRECTION('',(0.225716271370077,-0.0164379160871199,-0.974054392605209));
#1918=DIRECTION('',(0.225741832523048,0.00661545361755976,-0.974164699022999));
#1919=DIRECTION('center_axis',(0.697259278706407,0.697259278706409,0.166309941120904));
#1920=DIRECTION('ref_axis',(0.232011062716892,0.,-0.972713147221203));
#1921=DIRECTION('',(0.163798142358566,0.0708915477860443,-0.983943370836138));
#1922=DIRECTION('center_axis',(0.194060838419917,0.975609716863503,0.10259664396692));
#1923=DIRECTION('ref_axis',(0.,-0.104584854781507,0.994515966764904));
#1924=DIRECTION('',(-0.0645444577480617,0.117056495891368,-0.991025625170027));
#1925=DIRECTION('center_axis',(-0.379290830797234,0.915689067794439,0.132860817380054));
#1926=DIRECTION('ref_axis',(0.,-0.143590237868746,0.989637228275491));
#1927=DIRECTION('center_axis',(-0.378810214864276,-0.9145287582908,0.141915366939486));
#1928=DIRECTION('ref_axis',(0.,-0.153343377817695,-0.988172964859624));
#1929=DIRECTION('',(-0.064465867035498,-0.126896160262985,-0.989818931167652));
#1930=DIRECTION('center_axis',(0.193855878318928,-0.97457931285349,0.112316790370884));
#1931=DIRECTION('ref_axis',(0.,-0.114488637636268,-0.993424557705411));
#1932=DIRECTION('',(0.163674992976502,-0.080753729129028,-0.983203606536254));
#1933=DIRECTION('center_axis',(0.696428116971088,-0.696428116971091,0.173135079588755));
#1934=DIRECTION('ref_axis',(0.241260691185646,0.,-0.970460343800108));
#1935=CARTESIAN_POINT('',(0.,0.,0.));
#1936=CARTESIAN_POINT('Origin',(93.5,0.,-10.));
#1937=CARTESIAN_POINT('',(93.5,-19.1380239351341,-0.940661730870263));
#1938=CARTESIAN_POINT('',(93.5,-18.6694565036766,-2.82703730266723));
#1939=CARTESIAN_POINT('',(93.5,-18.1506593547284,-4.91562947274109));
#1940=CARTESIAN_POINT('',(93.5,-9.94009521208914,10.1852546967979));
#1941=CARTESIAN_POINT('',(93.5,-14.476528638705,4.69793459420204));
#1942=CARTESIAN_POINT('',(93.5,10.5227126875027,9.88774792922188));
#1943=CARTESIAN_POINT('Origin',(93.5,0.,-10.));
#1944=CARTESIAN_POINT('',(93.5,19.5577560388442,-0.935587739180924));
#1945=CARTESIAN_POINT('',(93.5,21.2085927439315,-2.91317202937995));
#1946=CARTESIAN_POINT('',(93.5,18.9032094738124,-3.46787388447165));
#1947=CARTESIAN_POINT('',(93.5,17.5337609002712,-8.76594713812669));
#1948=CARTESIAN_POINT('Origin',(93.5,0.,-10.));
#1949=CARTESIAN_POINT('Origin',(93.5,0.,-10.));
#1950=CARTESIAN_POINT('',(93.5,-13.1431419039461,-25.0750728320873));
#1951=CARTESIAN_POINT('',(93.5,-12.1901555502701,-28.9116394757361));
#1952=CARTESIAN_POINT('',(93.5,-18.1506593547284,-4.91562947274109));
#1953=CARTESIAN_POINT('',(93.5,13.370105158755,-24.8741483132256));
#1954=CARTESIAN_POINT('Origin',(93.5,0.,-10.));
#1955=CARTESIAN_POINT('',(93.5,12.3540628258895,-28.804976248163));
#1956=CARTESIAN_POINT('',(93.5,17.5337609002712,-8.76594713812669));
#1957=CARTESIAN_POINT('Origin',(93.5,0.,-10.));
#1958=CARTESIAN_POINT('Origin',(93.5,0.,-10.));
#1959=CARTESIAN_POINT('',(108.5,-22.5,-10.));
#1960=CARTESIAN_POINT('Origin',(108.5,0.,-10.));
#1961=CARTESIAN_POINT('',(95.0670352018956,-22.5,-10.));
#1962=CARTESIAN_POINT('',(93.5,-22.5,-10.));
#1963=CARTESIAN_POINT('',(106.858754635227,-5.27515367166467,-31.8728771253423));
#1964=CARTESIAN_POINT('Origin',(117.567035201896,0.,-10.));
#1965=CARTESIAN_POINT('',(106.865583284037,5.39099854172863,-31.8446134029211));
#1966=CARTESIAN_POINT('Origin',(112.143345041226,0.,-10.));
#1967=CARTESIAN_POINT('',(100.332148748581,20.1556443707464,0.));
#1968=CARTESIAN_POINT('Origin',(117.90298821389,0.,-10.));
#1969=CARTESIAN_POINT('',(105.191733504584,5.41302795043036,11.8391650116908));
#1970=CARTESIAN_POINT('Origin',(128.835536946323,0.,-10.));
#1971=CARTESIAN_POINT('',(105.126485820446,-5.06875317595701,11.9216272489345));
#1972=CARTESIAN_POINT('Origin',(122.471824224265,0.,-10.));
#1973=CARTESIAN_POINT('',(99.8953470404166,-20.1556443707464,0.));
#1974=CARTESIAN_POINT('Origin',(128.318111502207,0.,-10.));
#1975=CARTESIAN_POINT('Origin',(117.567035201896,0.,-10.));
#1976=CARTESIAN_POINT('Origin',(93.5,0.,-10.));
#1977=CARTESIAN_POINT('',(98.4787442313581,-3.24180623465908,12.2652350613445));
#1978=CARTESIAN_POINT('Origin',(120.127487676762,0.,-10.));
#1979=CARTESIAN_POINT('',(98.5174241856039,3.56143112680159,12.2163500226533));
#1980=CARTESIAN_POINT('Origin',(116.095959978805,0.,-10.));
#1981=CARTESIAN_POINT('Origin',(120.624495188404,0.,-10.));
#1982=CARTESIAN_POINT('Origin',(93.5,0.,-10.));
#1983=CARTESIAN_POINT('',(101.619928953009,-3.23703573800464,-32.265929121213));
#1984=CARTESIAN_POINT('Origin',(110.387723980588,0.,-10.));
#1985=CARTESIAN_POINT('',(101.623597105153,3.3398012920486,-32.2507466690363));
#1986=CARTESIAN_POINT('Origin',(110.714782311177,0.,-10.));
#1987=CARTESIAN_POINT('Origin',(106.99948257736,0.,-10.));
#1988=CARTESIAN_POINT('Origin',(108.5,0.,-10.));
#1989=CARTESIAN_POINT('',(108.5,-20.,-10.));
#1990=CARTESIAN_POINT('Origin',(108.5,0.,-10.));
#1991=CARTESIAN_POINT('Origin',(114.559392265245,5.928400854082,0.));
#1992=CARTESIAN_POINT('',(73.8987157959973,3.69140531103375,51.388342648427));
#1993=CARTESIAN_POINT('',(114.559392265245,5.928400854082,0.));
#1994=CARTESIAN_POINT('',(72.1733797121987,0.0155857039658658,53.5688809364459));
#1995=CARTESIAN_POINT('',(81.9433441799246,20.8304444946972,41.2212683208472));
#1996=CARTESIAN_POINT('',(73.9157018113656,-3.66967704658029,51.3668751458233));
#1997=CARTESIAN_POINT('',(78.9933523959701,-14.4096410111532,44.9495680385991));
#1998=CARTESIAN_POINT('',(114.559392265245,-5.49159914591799,0.));
#1999=CARTESIAN_POINT('Origin',(83.0703489121473,37.4174442071797,0.));
#2000=CARTESIAN_POINT('',(83.0703489121473,37.4174442071797,0.));
#2001=CARTESIAN_POINT('',(114.559392265245,5.928400854082,0.));
#2002=CARTESIAN_POINT('',(53.8732455838959,24.1093296892571,50.9182106292187));
#2003=CARTESIAN_POINT('',(83.0703489121473,37.4174442071797,0.));
#2004=CARTESIAN_POINT('',(54.560185652746,23.0299354542851,51.388342648427));
#2005=CARTESIAN_POINT('',(44.4875037282669,38.8572183469393,44.4947423086979));
#2006=CARTESIAN_POINT('',(50.3864112644511,27.20370984258,51.388342648427));
#2007=CARTESIAN_POINT('Origin',(114.559392265245,5.928400854082,0.));
#2008=CARTESIAN_POINT('',(100.063108921132,4.91585476557322,-60.));
#2009=CARTESIAN_POINT('',(114.559392265245,5.928400854082,0.));
#2010=CARTESIAN_POINT('',(72.4895157923245,32.4894478943804,-60.));
#2011=CARTESIAN_POINT('',(100.063108921132,4.91585476557322,-60.));
#2012=CARTESIAN_POINT('',(83.0703489121473,37.4174442071797,0.));
#2013=CARTESIAN_POINT('Origin',(109.69923121397,-5.49159914591799,1.17423786162185));
#2014=CARTESIAN_POINT('',(96.1272700692748,2.95589016743588,-55.));
#2015=CARTESIAN_POINT('',(109.685037153959,3.90288214494056,1.11548876156319));
#2016=CARTESIAN_POINT('',(96.1272700692748,-3.08265096960995,-55.));
#2017=CARTESIAN_POINT('',(96.1272700692748,-2.78787219017239,-55.));
#2018=CARTESIAN_POINT('',(108.85845477149,-3.44049241639302,-2.30572906171221));
#2019=CARTESIAN_POINT('Origin',(111.081472971007,2.45048155984397,0.898974285246055));
#2020=CARTESIAN_POINT('Origin',(110.714782311177,0.,-10.));
#2021=CARTESIAN_POINT('',(79.9675847305551,33.0901713082892,-0.935587739180924));
#2022=CARTESIAN_POINT('',(95.0998520484547,17.9579039903895,-0.935587739180924));
#2023=CARTESIAN_POINT('',(70.4334759996713,28.6496842370395,-55.));
#2024=CARTESIAN_POINT('',(80.5319666330718,33.3530307545271,2.26481375732917));
#2025=CARTESIAN_POINT('',(76.8874241724138,22.1957360642969,-55.));
#2026=CARTESIAN_POINT('Origin',(80.0256682568712,34.3727635519036,-2.54162141452553));
#2027=CARTESIAN_POINT('',(64.6651522451763,1.69900806775412,55.));
#2028=CARTESIAN_POINT('',(104.952562485127,3.91546792463548,4.08340387808996));
#2029=CARTESIAN_POINT('',(47.6884542640915,18.6757060488389,55.));
#2030=CARTESIAN_POINT('',(44.7734308674008,21.5907294455296,55.));
#2031=CARTESIAN_POINT('',(79.6572991833762,33.2471874868583,-0.751981998772265));
#2032=CARTESIAN_POINT('',(75.4764713202113,31.3415554329797,6.53916162420319));
#2033=CARTESIAN_POINT('',(80.1913300492473,32.9769477462083,-1.0679848981043));
#2034=CARTESIAN_POINT('',(66.2295,9.99999999999999,43.1820287115593));
#2035=CARTESIAN_POINT('',(66.2295,9.65108827570578,43.6));
#2036=CARTESIAN_POINT('',(66.2295,35.004008159679,13.2290154448872));
#2037=CARTESIAN_POINT('',(73.2295,2.65108827570577,43.6));
#2038=CARTESIAN_POINT('',(66.7858953140948,9.094692961611,43.6));
#2039=CARTESIAN_POINT('',(73.2295,9.99999999999999,34.7965294136981));
#2040=CARTESIAN_POINT('',(73.2295,26.7719918109101,14.7048829059666));
#2041=CARTESIAN_POINT('',(90.4991041802774,9.99999999999998,14.1087788811185));
#2042=CARTESIAN_POINT('Origin',(73.2295,0.,-10.));
#2043=CARTESIAN_POINT('',(66.2295,9.99999999999999,-28.4661853126194));
#2044=CARTESIAN_POINT('',(73.2295,9.99999999999999,-28.4661853126194));
#2045=CARTESIAN_POINT('',(73.2295,9.99999999999999,-28.4661853126194));
#2046=CARTESIAN_POINT('',(66.2295,-10.,-28.4661853126194));
#2047=CARTESIAN_POINT('Origin',(66.2295,0.,-10.));
#2048=CARTESIAN_POINT('',(73.2295,-10.,-28.4661853126194));
#2049=CARTESIAN_POINT('',(73.2295,-10.,-28.4661853126194));
#2050=CARTESIAN_POINT('Origin',(73.2295,0.,-10.));
#2051=CARTESIAN_POINT('Origin',(73.2295,0.,-10.));
#2052=CARTESIAN_POINT('',(73.2295,9.99999999999999,8.46618531261939));
#2053=CARTESIAN_POINT('',(66.2295,9.99999999999999,8.46618531261939));
#2054=CARTESIAN_POINT('',(73.2295,9.99999999999999,8.46618531261939));
#2055=CARTESIAN_POINT('',(73.2295,-10.,8.46618531261938));
#2056=CARTESIAN_POINT('Origin',(73.2295,0.,-10.));
#2057=CARTESIAN_POINT('',(66.2295,-10.,8.46618531261938));
#2058=CARTESIAN_POINT('',(73.2295,-10.,8.46618531261938));
#2059=CARTESIAN_POINT('Origin',(66.2295,0.,-10.));
#2060=CARTESIAN_POINT('Origin',(73.2295,9.99999999999999,7.6));
#2061=CARTESIAN_POINT('',(73.2295,-10.,-55.));
#2062=CARTESIAN_POINT('',(73.2295,-10.,7.6));
#2063=CARTESIAN_POINT('',(73.2295,9.99999999999999,-55.));
#2064=CARTESIAN_POINT('',(73.2295,4.95792738278661,-55.));
#2065=CARTESIAN_POINT('',(73.2295,9.99999999999999,7.6));
#2066=CARTESIAN_POINT('Origin',(66.2295,9.99999999999999,7.6));
#2067=CARTESIAN_POINT('',(66.2295,9.99999999999999,-55.));
#2068=CARTESIAN_POINT('',(33.4488697853219,10.,-55.));
#2069=CARTESIAN_POINT('',(66.2295,9.99999999999999,7.6));
#2070=CARTESIAN_POINT('Origin',(66.2295,9.99999999999999,7.6));
#2071=CARTESIAN_POINT('',(66.2295,9.99999999999999,7.6));
#2072=CARTESIAN_POINT('',(73.2295,9.99999999999999,7.6));
#2073=CARTESIAN_POINT('Origin',(66.2295,-10.,7.6));
#2074=CARTESIAN_POINT('',(66.2295,-10.,-55.));
#2075=CARTESIAN_POINT('',(66.2295,-5.0420726172134,-55.));
#2076=CARTESIAN_POINT('',(66.2295,-10.,7.6));
#2077=CARTESIAN_POINT('Origin',(66.2295,-10.,7.6));
#2078=CARTESIAN_POINT('',(66.2295,-10.,43.0994919552695));
#2079=CARTESIAN_POINT('',(66.2295,-10.,7.6));
#2080=CARTESIAN_POINT('',(66.2295,-9.58622398876796,43.6));
#2081=CARTESIAN_POINT('',(66.2295,-24.3242482312573,25.7727226891794));
#2082=CARTESIAN_POINT('',(66.2295,-10.,43.6));
#2083=CARTESIAN_POINT('Origin',(73.2295,-10.,7.6));
#2084=CARTESIAN_POINT('',(36.9488697853219,-10.,-55.));
#2085=CARTESIAN_POINT('Origin',(69.7295,-7.7715611723761E-15,43.6));
#2086=CARTESIAN_POINT('',(73.2295,-2.58622398876794,43.6));
#2087=CARTESIAN_POINT('',(82.6071852742157,6.79146128544778,43.6));
#2088=CARTESIAN_POINT('',(73.2295,9.99999999999999,43.6));
#2089=CARTESIAN_POINT('Origin',(73.2295,-10.,7.6));
#2090=CARTESIAN_POINT('',(73.2295,-10.,34.6322144476118));
#2091=CARTESIAN_POINT('',(73.2295,-10.,7.6));
#2092=CARTESIAN_POINT('',(95.3392928699556,-10.,7.88796418093385));
#2093=CARTESIAN_POINT('Origin',(73.2295,9.99999999999999,7.6));
#2094=CARTESIAN_POINT('',(73.2295,-24.2259546851988,17.4243421431916));
#2095=CARTESIAN_POINT('Origin',(115.25,0.,-10.));
#2096=CARTESIAN_POINT('',(90.3877239805882,-20.,-10.));
#2097=CARTESIAN_POINT('',(115.25,-20.,-10.));
#2098=CARTESIAN_POINT('Origin',(110.387723980588,0.,-10.));
#2099=CARTESIAN_POINT('Origin',(110.387723980588,0.,-10.));
#2100=CARTESIAN_POINT('Origin',(79.5881207109512,-33.4984142978197,0.864970236244718));
#2101=CARTESIAN_POINT('',(70.4368335913987,-28.7730874474861,-55.));
#2102=CARTESIAN_POINT('',(61.2734107067796,-37.9365103321053,-55.));
#2103=CARTESIAN_POINT('',(79.9700475379605,-32.6679763971737,-0.940661730870265));
#2104=CARTESIAN_POINT('',(79.6070578337058,-32.5196733594073,-2.99904239037407));
#2105=CARTESIAN_POINT('',(95.1083868506817,-17.5296370844524,-0.940661730870263));
#2106=CARTESIAN_POINT('Origin',(114.559392265245,-5.49159914591799,0.));
#2107=CARTESIAN_POINT('',(100.063108921132,-5.08414523442678,-60.));
#2108=CARTESIAN_POINT('',(114.559392265245,-5.49159914591799,0.));
#2109=CARTESIAN_POINT('',(100.063108921132,-5.08414523442678,-60.));
#2110=CARTESIAN_POINT('Origin',(83.0703489121473,-36.9806424990158,0.));
#2111=CARTESIAN_POINT('',(83.0703489121473,-36.9806424990158,0.));
#2112=CARTESIAN_POINT('',(83.0703489121473,-36.9806424990158,0.));
#2113=CARTESIAN_POINT('',(72.4895157923245,-32.6577383632339,-60.));
#2114=CARTESIAN_POINT('',(83.0703489121473,-36.9806424990158,0.));
#2115=CARTESIAN_POINT('',(72.4895157923245,-32.6577383632339,-60.));
#2116=CARTESIAN_POINT('Origin',(114.559392265245,-5.49159914591799,0.));
#2117=CARTESIAN_POINT('',(54.5782218606225,-23.0071569973234,51.3668751458233));
#2118=CARTESIAN_POINT('',(66.226027066611,-11.3593517913348,51.3668751458233));
#2119=CARTESIAN_POINT('',(53.8879341470828,-24.0895381763152,50.8925945485486));
#2120=CARTESIAN_POINT('',(60.4868972351239,-13.7422680348092,55.4265882636341));
#2121=CARTESIAN_POINT('',(83.0703489121473,-36.9806424990158,0.));
#2122=CARTESIAN_POINT('Origin',(0.,0.,-60.));
#2123=CARTESIAN_POINT('',(17.5,2.14313189850787E-15,-60.));
#2124=CARTESIAN_POINT('Origin',(0.,0.,-60.));
#2125=CARTESIAN_POINT('',(17.5,-2.14313189850787E-15,-55.));
#2126=CARTESIAN_POINT('',(17.5,2.14313189850787E-15,-60.));
#2127=CARTESIAN_POINT('Origin',(0.,0.,-55.));
#2128=CARTESIAN_POINT('Origin',(0.689027785000059,-0.0234703537745851,55.));
#2129=CARTESIAN_POINT('',(-64.0908258165716,-1.72461528352066,55.));
#2130=CARTESIAN_POINT('',(-64.0908258165716,1.69761399686742,55.));
#2131=CARTESIAN_POINT('',(-64.0908258165717,-2.75753474984629,55.));
#2132=CARTESIAN_POINT('',(-47.4890904281979,18.2993493852411,55.));
#2133=CARTESIAN_POINT('',(-59.7058822690814,6.08255754435765,55.));
#2134=CARTESIAN_POINT('',(17.4244690498121,31.2114591760523,55.));
#2135=CARTESIAN_POINT('',(-41.0085819152179,19.588402675382,55.));
#2136=CARTESIAN_POINT('',(15.8894729556007,31.8472753764643,55.));
#2137=CARTESIAN_POINT('',(64.6651522451763,-1.72605483980179,55.));
#2138=CARTESIAN_POINT('',(64.6651522451763,2.95246525015371,55.));
#2139=CARTESIAN_POINT('',(47.694696951485,-18.6965101334931,55.));
#2140=CARTESIAN_POINT('',(60.6289411801271,-5.76226590485092,55.));
#2141=CARTESIAN_POINT('',(17.4293300423588,-31.2328355774511,55.));
#2142=CARTESIAN_POINT('',(42.8000264095989,-20.7239490552904,55.));
#2143=CARTESIAN_POINT('',(-47.4973189871237,-18.3181221129685,55.));
#2144=CARTESIAN_POINT('',(14.8278056687879,-30.7153602055082,55.));
#2145=CARTESIAN_POINT('',(-44.0723264860128,-21.7431146140794,55.));
#2146=CARTESIAN_POINT('Origin',(-109.914825553152,-5.491599145918,-3.09648740714574));
#2147=CARTESIAN_POINT('',(-108.224600708615,-3.70922271819412,-0.953590083464168));
#2148=CARTESIAN_POINT('',(-104.181752945383,-3.52742395414573,4.17200470345493));
#2149=CARTESIAN_POINT('',(-108.42752620092,-3.44493269802847,-1.21086265626517));
#2150=CARTESIAN_POINT('',(-108.709232091751,-3.07803914156556,-1.56801442898877));
#2151=CARTESIAN_POINT('',(-108.42752620092,3.86096476461768,-1.21086265626518));
#2152=CARTESIAN_POINT('',(-108.42752620092,0.218400854082001,-1.21086265626517));
#2153=CARTESIAN_POINT('',(-108.220593896722,4.13311904436933,-0.948510175599135));
#2154=CARTESIAN_POINT('',(-102.021615780348,12.2859225952801,6.91066528148438));
#2155=CARTESIAN_POINT('',(-109.830083152653,4.22194614175177,-2.98904947436482));
#2156=CARTESIAN_POINT('Origin',(-110.793584590103,2.88137770942979,-2.53600077127504));
#2157=CARTESIAN_POINT('',(-79.6358009952391,32.7179119458526,-0.94851017559913));
#2158=CARTESIAN_POINT('',(-94.3884382343335,17.9652747067582,-0.948510175599122));
#2159=CARTESIAN_POINT('',(-79.2409076456229,32.8349373321211,-0.614649821506228));
#2160=CARTESIAN_POINT('',(-58.4220313530639,39.0045450051308,16.9865516613907));
#2161=CARTESIAN_POINT('',(-82.2026495252375,34.1907860154359,-5.80226589930548));
#2162=CARTESIAN_POINT('Origin',(-81.4360488175851,32.8148366562645,-1.72564045623663));
#2163=CARTESIAN_POINT('',(28.667643132175,54.2992826278409,-0.614649821506227));
#2164=CARTESIAN_POINT('',(-25.4787562220054,43.5288941472165,-0.614649821506227));
#2165=CARTESIAN_POINT('',(26.3087147948329,49.4552305310748,11.053849881003));
#2166=CARTESIAN_POINT('Origin',(27.6658926687048,55.4516924093043,-2.09291076164056));
#2167=CARTESIAN_POINT('',(28.8051988540307,54.3108171184305,-0.751981998772268));
#2168=CARTESIAN_POINT('',(28.9524749635396,54.3231666948516,-0.899018766892612));
#2169=CARTESIAN_POINT('',(54.2627454089038,43.7659560706577,-0.751981998772256));
#2170=CARTESIAN_POINT('Origin',(110.638355204614,5.928400854082,-3.10249389510391));
#2171=CARTESIAN_POINT('',(110.56928101776,-3.78378497522147,-3.01519559388389));
#2172=CARTESIAN_POINT('Origin',(111.507121701636,-2.43932858230875,-2.52334872997155));
#2173=CARTESIAN_POINT('',(79.6669803085311,-32.8200171670522,-0.757978453153622));
#2174=CARTESIAN_POINT('',(74.7710647674132,-35.2761678024514,2.19318819115564));
#2175=CARTESIAN_POINT('',(82.6668515089262,-34.1451868937622,-5.98959584769313));
#2176=CARTESIAN_POINT('Origin',(81.3277223230963,-32.7735697535769,-2.06489503019363));
#2177=CARTESIAN_POINT('',(28.8072699349483,-53.8867989821578,-0.757978453153639));
#2178=CARTESIAN_POINT('',(54.267568386868,-43.3407980613059,-0.757978453153623));
#2179=CARTESIAN_POINT('',(28.6736999481008,-53.8746808743289,-0.620564992612517));
#2180=CARTESIAN_POINT('',(13.9222698698833,-52.5363606083875,14.5553371903668));
#2181=CARTESIAN_POINT('',(29.1091727444454,-54.7515559476754,-2.77464238197611));
#2182=CARTESIAN_POINT('Origin',(30.3214620384169,-54.5958159383409,-1.69282734798417));
#2183=CARTESIAN_POINT('',(-79.2525133260873,-32.4068222896382,-0.620564992612507));
#2184=CARTESIAN_POINT('',(-25.4808600584359,-43.1026691390249,-0.620564992612511));
#2185=CARTESIAN_POINT('',(-68.2541862968968,-27.5272384865846,18.6434696345193));
#2186=CARTESIAN_POINT('Origin',(-79.2969566070746,-33.9260347244332,-2.51768597861594));
#2187=CARTESIAN_POINT('',(-79.6388746153945,-32.2949488114148,-0.953590083464169));
#2188=CARTESIAN_POINT('',(-79.9311699509838,-32.2103127550451,-1.20553478751229));
#2189=CARTESIAN_POINT('',(-94.3968943312743,-17.536929095535,-0.953590083464158));
#2190=CARTESIAN_POINT('Origin',(0.668239570643886,-0.0841452344267785,-55.));
#2191=CARTESIAN_POINT('',(-95.9630441210555,2.95323175425668,-55.));
#2192=CARTESIAN_POINT('',(-95.9630441210555,-3.07965612458782,-55.));
#2193=CARTESIAN_POINT('',(-95.9630441210555,2.92212780982761,-55.));
#2194=CARTESIAN_POINT('',(-70.6417089167677,-28.4009913288755,-55.));
#2195=CARTESIAN_POINT('',(-76.4205060687632,-22.6221941768801,-55.));
#2196=CARTESIAN_POINT('',(25.274544060883,-47.4799202788462,-55.));
#2197=CARTESIAN_POINT('',(-43.8641335160412,-33.7273822445213,-55.));
#2198=CARTESIAN_POINT('',(22.8401799161886,-48.4882669233335,-55.));
#2199=CARTESIAN_POINT('',(25.2720824371917,47.3561459462875,-55.));
#2200=CARTESIAN_POINT('',(49.5819575948799,37.2866659563763,-55.));
#2201=CARTESIAN_POINT('',(-70.6377896387253,28.2784862365867,-55.));
#2202=CARTESIAN_POINT('',(12.0627357951566,44.7286435341818,-55.));
#2203=CARTESIAN_POINT('',(-60.545644397221,38.3706314780909,-55.));
#2204=CARTESIAN_POINT('Origin',(-108.96967765223,5.928400854082,1.12873386196771));
#2205=CARTESIAN_POINT('',(-108.233469663326,3.84683248668412,-2.04829285883687));
#2206=CARTESIAN_POINT('',(-108.964183159397,-3.46065964228893,1.10502296666206));
#2207=CARTESIAN_POINT('Origin',(-110.354311341223,-2.00530275238595,0.831549705604518));
#2208=CARTESIAN_POINT('',(-80.1593527385402,-32.520210827255,2.17294719931789));
#2209=CARTESIAN_POINT('Origin',(-81.3812601895576,-32.1025939146982,0.512983219834602));
#2210=CARTESIAN_POINT('',(28.581697107541,-53.477704759883,-4.22145866667054));
#2211=CARTESIAN_POINT('Origin',(27.5071636789323,-54.6316850212899,0.664304086900272));
#2212=CARTESIAN_POINT('Origin',(81.1762978378259,32.8448004157257,0.70957683469743));
#2213=CARTESIAN_POINT('',(28.9199128965648,54.5366229936203,1.00935522032503));
#2214=CARTESIAN_POINT('Origin',(30.3728972245131,54.7740355041585,0.561583951854418));
#2215=CARTESIAN_POINT('',(-78.5732849118919,32.1936893115363,-7.33109572609691));
#2216=CARTESIAN_POINT('Origin',(-78.8694237968017,33.9353036223242,0.865675397943777));
#2217=CARTESIAN_POINT('Origin',(-44.3486797797359,-22.0194679078025,55.680132257455));
#2218=CARTESIAN_POINT('',(-43.1699564372575,-12.5665777816603,60.));
#2219=CARTESIAN_POINT('',(-55.7130638651432,-0.0234703537745713,60.));
#2220=CARTESIAN_POINT('',(-39.0328730454256,-16.7036611734922,60.));
#2221=CARTESIAN_POINT('',(-71.5915902548682,0.0155857019059669,53.564060887184));
#2222=CARTESIAN_POINT('',(-54.1528515904287,-0.0273079729578241,60.6323906234541));
#2223=CARTESIAN_POINT('',(-73.3298496383459,-3.6699115178133,51.36026451491));
#2224=CARTESIAN_POINT('',(-81.3504378763473,-20.6753457657958,41.1916191272187));
#2225=CARTESIAN_POINT('',(-54.0698026202814,-22.9299585358778,51.36026451491));
#2226=CARTESIAN_POINT('',(-49.6644865140463,-27.3352746421129,51.36026451491));
#2227=CARTESIAN_POINT('',(-54.0698026202814,-22.9299585358778,51.36026451491));
#2228=CARTESIAN_POINT('Origin',(14.7873106194683,-30.9189425661881,55.295285814216));
#2229=CARTESIAN_POINT('',(-53.4681211085891,-24.1660406420591,50.5905716284321));
#2230=CARTESIAN_POINT('',(19.1761219200563,-38.6158789993902,50.5905716284321));
#2231=CARTESIAN_POINT('',(13.4816047769518,-37.4831691133712,50.5905716284321));
#2232=CARTESIAN_POINT('',(19.6488329549555,-38.2718382535592,50.8925945485486));
#2233=CARTESIAN_POINT('',(28.7173606442304,-31.6717320587177,56.686627290892));
#2234=CARTESIAN_POINT('',(16.2496157729274,-24.3858655586747,60.));
#2235=CARTESIAN_POINT('',(19.6488329549555,-38.2718382535592,50.8925945485486));
#2236=CARTESIAN_POINT('',(16.0930164619849,-24.3547160190051,60.));
#2237=CARTESIAN_POINT('',(-43.385612189186,-44.8793393200184,37.6926592905756));
#2238=CARTESIAN_POINT('Origin',(42.9101100687966,-20.9897145183212,55.4462972742743));
#2239=CARTESIAN_POINT('',(45.6137283482502,-27.5168264360578,50.8925945485486));
#2240=CARTESIAN_POINT('',(43.0010953275776,-13.305039913592,60.));
#2241=CARTESIAN_POINT('',(54.5782218606225,-23.0071569973234,51.3668751458233));
#2242=CARTESIAN_POINT('',(40.206491789343,-14.4626026005846,60.));
#2243=CARTESIAN_POINT('Origin',(60.906216162417,-6.03954088714071,55.6834375729116));
#2244=CARTESIAN_POINT('',(56.2826648873949,-0.0234703537745951,60.));
#2245=CARTESIAN_POINT('',(54.9607631216963,-0.0267193121919818,60.5349858542714));
#2246=CARTESIAN_POINT('',(55.5864052582229,-0.719729982946646,60.));
#2247=CARTESIAN_POINT('Origin',(-113.840607734755,-5.491599145918,0.));
#2248=CARTESIAN_POINT('',(-73.312928775406,3.69169372954511,51.3817170879363));
#2249=CARTESIAN_POINT('',(-78.4027742378503,14.5616193953513,44.9287198700362));
#2250=CARTESIAN_POINT('',(-113.840607734755,5.928400854082,0.));
#2251=CARTESIAN_POINT('',(-113.840607734755,5.928400854082,0.));
#2252=CARTESIAN_POINT('',(-113.840607734755,-5.491599145918,0.));
#2253=CARTESIAN_POINT('',(-113.840607734755,5.928400854082,0.));
#2254=CARTESIAN_POINT('',(-113.840607734755,-5.491599145918,0.));
#2255=CARTESIAN_POINT('Origin',(-59.9852163664418,6.36189164171807,55.6908585439681));
#2256=CARTESIAN_POINT('',(-43.1699564372575,12.5196370741111,60.));
#2257=CARTESIAN_POINT('',(-54.6564591180462,1.03313439332242,60.));
#2258=CARTESIAN_POINT('',(-54.0569213734209,22.9477011315303,51.3817170879363));
#2259=CARTESIAN_POINT('',(-54.0569213734209,22.9477011315303,51.3817170879363));
#2260=CARTESIAN_POINT('',(-65.3139736148375,11.6906488901137,51.3817170879363));
#2261=CARTESIAN_POINT('Origin',(0.689027785000059,-0.0234703537745851,60.));
#2262=CARTESIAN_POINT('',(43.0010953275775,13.2580992060428,60.));
#2263=CARTESIAN_POINT('',(39.7209479777457,16.5382465558746,60.));
#2264=CARTESIAN_POINT('',(16.2496157729274,24.3389248511255,60.));
#2265=CARTESIAN_POINT('',(13.2876118641041,25.5658270419622,60.));
#2266=CARTESIAN_POINT('',(-39.7382945932965,13.2022370555398,60.));
#2267=CARTESIAN_POINT('Origin',(45.0536796210984,21.8709781992273,55.6941713242135));
#2268=CARTESIAN_POINT('',(54.560185652746,23.0299354542851,51.388342648427));
#2269=CARTESIAN_POINT('Origin',(16.001951299828,32.118822120571,55.4591053146093));
#2270=CARTESIAN_POINT('',(19.6481013978055,38.2858485853104,50.9182106292187));
#2271=CARTESIAN_POINT('',(18.7162907355518,38.6718171991798,50.9182106292187));
#2272=CARTESIAN_POINT('',(19.6481013978055,38.2858485853104,50.9182106292187));
#2273=CARTESIAN_POINT('Origin',(-41.0504019556684,19.7986462163012,55.307222036384));
#2274=CARTESIAN_POINT('',(19.171295816713,38.6348902302949,50.6144440727681));
#2275=CARTESIAN_POINT('',(-1.64436494858051,53.8728252777613,37.353060729835));
#2276=CARTESIAN_POINT('',(-53.4544917233188,24.1887228978951,50.6144440727681));
#2277=CARTESIAN_POINT('',(-42.3625093180403,26.3950553770625,50.6144440727681));
#2278=CARTESIAN_POINT('',(-56.0874667668986,18.7647213753533,53.9678824372441));
#2279=CARTESIAN_POINT('Origin',(-82.3515643816572,-36.9806424990158,0.));
#2280=CARTESIAN_POINT('',(-82.3515643816572,-36.9806424990158,0.));
#2281=CARTESIAN_POINT('',(-113.840607734755,-5.491599145918,0.));
#2282=CARTESIAN_POINT('',(-82.3515643816572,-36.9806424990158,0.));
#2283=CARTESIAN_POINT('Origin',(-113.840607734755,5.928400854082,0.));
#2284=CARTESIAN_POINT('',(-82.3515643816572,37.4174442071797,0.));
#2285=CARTESIAN_POINT('',(-82.3515643816572,37.4174442071797,0.));
#2286=CARTESIAN_POINT('',(-82.3515643816572,37.4174442071797,0.));
#2287=CARTESIAN_POINT('Origin',(-82.3515643816572,37.4174442071797,0.));
#2288=CARTESIAN_POINT('',(29.4036178329185,59.646932068426,0.));
#2289=CARTESIAN_POINT('',(29.4036178329185,59.646932068426,0.));
#2290=CARTESIAN_POINT('',(29.4036178329185,59.646932068426,0.));
#2291=CARTESIAN_POINT('Origin',(29.4036178329185,59.646932068426,0.));
#2292=CARTESIAN_POINT('',(83.0703489121473,37.4174442071797,0.));
#2293=CARTESIAN_POINT('Origin',(83.0703489121473,-36.9806424990158,0.));
#2294=CARTESIAN_POINT('',(29.4036178329185,-59.2101303602621,0.));
#2295=CARTESIAN_POINT('',(29.4036178329185,-59.2101303602621,0.));
#2296=CARTESIAN_POINT('',(29.4036178329185,-59.2101303602621,0.));
#2297=CARTESIAN_POINT('Origin',(29.4036178329185,-59.2101303602621,0.));
#2298=CARTESIAN_POINT('',(-82.3515643816572,-36.9806424990158,0.));
#2299=CARTESIAN_POINT('Origin',(0.668239570643886,-0.0841452344267785,-60.));
#2300=CARTESIAN_POINT('',(-99.9368910788684,4.91585476557322,-60.));
#2301=CARTESIAN_POINT('',(-99.9368910788684,-5.08414523442678,-60.));
#2302=CARTESIAN_POINT('',(-99.9368910788684,4.91585476557322,-60.));
#2303=CARTESIAN_POINT('',(-72.3632979500612,32.4894478943804,-60.));
#2304=CARTESIAN_POINT('',(-72.3632979500612,32.4894478943804,-60.));
#2305=CARTESIAN_POINT('',(25.4958808718089,51.9548488236678,-60.));
#2306=CARTESIAN_POINT('',(25.4958808718089,51.9548488236678,-60.));
#2307=CARTESIAN_POINT('',(72.4895157923245,32.4894478943804,-60.));
#2308=CARTESIAN_POINT('',(25.4958808718089,-52.1231392925214,-60.));
#2309=CARTESIAN_POINT('',(25.4958808718089,-52.1231392925214,-60.));
#2310=CARTESIAN_POINT('',(-72.3632979500612,-32.6577383632339,-60.));
#2311=CARTESIAN_POINT('',(-72.3632979500612,-32.6577383632339,-60.));
#2312=CARTESIAN_POINT('',(-99.9368910788684,-5.08414523442678,-60.));
#2313=CARTESIAN_POINT('Origin',(-113.840607734755,5.928400854082,0.));
#2314=CARTESIAN_POINT('',(-113.840607734755,5.92840085408199,0.));
#2315=CARTESIAN_POINT('',(-113.840607734755,-5.491599145918,0.));
#2316=CARTESIAN_POINT('Origin',(-113.840607734755,-5.491599145918,0.));
#2317=CARTESIAN_POINT('',(-82.3515643816572,-36.9806424990158,0.));
#2318=CARTESIAN_POINT('Origin',(-82.3515643816572,-36.9806424990158,0.));
#2319=CARTESIAN_POINT('',(29.4036178329185,-59.2101303602621,0.));
#2320=CARTESIAN_POINT('Origin',(29.4036178329185,-59.2101303602621,0.));
#2321=CARTESIAN_POINT('Origin',(83.0703489121473,37.4174442071797,0.));
#2322=CARTESIAN_POINT('',(29.4036178329185,59.646932068426,0.));
#2323=CARTESIAN_POINT('Origin',(29.4036178329185,59.646932068426,0.));
#2324=CARTESIAN_POINT('',(-82.3515643816572,37.4174442071797,0.));
#2325=CARTESIAN_POINT('Origin',(-82.3515643816572,37.4174442071797,0.));
#2326=CARTESIAN_POINT('',(0.,0.,55.));
#2327=CARTESIAN_POINT('',(0.35939226524512,0.218400854082004,55.));
#2328=UNCERTAINTY_MEASURE_WITH_UNIT(LENGTH_MEASURE(0.01),#2332,
'DISTANCE_ACCURACY_VALUE',
'Maximum model space distance between geometric entities at asserted c
onnectivities');
#2329=UNCERTAINTY_MEASURE_WITH_UNIT(LENGTH_MEASURE(0.01),#2332,
'DISTANCE_ACCURACY_VALUE',
'Maximum model space distance between geometric entities at asserted c
onnectivities');
#2330=(
GEOMETRIC_REPRESENTATION_CONTEXT(3)
GLOBAL_UNCERTAINTY_ASSIGNED_CONTEXT((#2328))
GLOBAL_UNIT_ASSIGNED_CONTEXT((#2332,#2334,#2335))
REPRESENTATION_CONTEXT('','3D')
);
#2331=(
GEOMETRIC_REPRESENTATION_CONTEXT(3)
GLOBAL_UNCERTAINTY_ASSIGNED_CONTEXT((#2329))
GLOBAL_UNIT_ASSIGNED_CONTEXT((#2332,#2334,#2335))
REPRESENTATION_CONTEXT('','3D')
);
#2332=(
LENGTH_UNIT()
NAMED_UNIT(*)
SI_UNIT(.MILLI.,.METRE.)
);
#2333=(
LENGTH_UNIT()
NAMED_UNIT(*)
SI_UNIT(.CENTI.,.METRE.)
);
#2334=(
NAMED_UNIT(*)
PLANE_ANGLE_UNIT()
SI_UNIT($,.RADIAN.)
);
#2335=(
NAMED_UNIT(*)
SI_UNIT($,.STERADIAN.)
SOLID_ANGLE_UNIT()
);
#2336=SHAPE_DEFINITION_REPRESENTATION(#2337,#2338);
#2337=PRODUCT_DEFINITION_SHAPE('',$,#2340);
#2338=SHAPE_REPRESENTATION('',(#1470),#2330);
#2339=PRODUCT_DEFINITION_CONTEXT('part definition',#2344,'design');
#2340=PRODUCT_DEFINITION('Schrauben_Block','Schrauben_Block',#2341,#2339);
#2341=PRODUCT_DEFINITION_FORMATION('',$,#2346);
#2342=PRODUCT_RELATED_PRODUCT_CATEGORY('Schrauben_Block',
'Schrauben_Block',(#2346));
#2343=APPLICATION_PROTOCOL_DEFINITION('international standard',
'automotive_design',2009,#2344);
#2344=APPLICATION_CONTEXT(
'Core Data for Automotive Mechanical Design Process');
#2345=PRODUCT_CONTEXT('part definition',#2344,'mechanical');
#2346=PRODUCT('Schrauben_Block','Schrauben_Block',$,(#2345));
#2347=PRESENTATION_STYLE_ASSIGNMENT((#2350));
#2348=PRESENTATION_STYLE_ASSIGNMENT((#2351));
#2349=PRESENTATION_STYLE_ASSIGNMENT((#2352));
#2350=SURFACE_STYLE_USAGE(.BOTH.,#2357);
#2351=SURFACE_STYLE_USAGE(.BOTH.,#2358);
#2352=SURFACE_STYLE_USAGE(.BOTH.,#2359);
#2353=SURFACE_STYLE_RENDERING_WITH_PROPERTIES($,#2369,(#2355));
#2354=SURFACE_STYLE_RENDERING_WITH_PROPERTIES($,#2370,(#2356));
#2355=SURFACE_STYLE_TRANSPARENT(0.);
#2356=SURFACE_STYLE_TRANSPARENT(0.53999999165535);
#2357=SURFACE_SIDE_STYLE('',(#2360,#2353));
#2358=SURFACE_SIDE_STYLE('',(#2361,#2354));
#2359=SURFACE_SIDE_STYLE('',(#2362));
#2360=SURFACE_STYLE_FILL_AREA(#2363);
#2361=SURFACE_STYLE_FILL_AREA(#2364);
#2362=SURFACE_STYLE_FILL_AREA(#2365);
#2363=FILL_AREA_STYLE('',(#2366));
#2364=FILL_AREA_STYLE('',(#2367));
#2365=FILL_AREA_STYLE('',(#2368));
#2366=FILL_AREA_STYLE_COLOUR('',#2369);
#2367=FILL_AREA_STYLE_COLOUR('',#2370);
#2368=FILL_AREA_STYLE_COLOUR('',#2371);
#2369=COLOUR_RGB('',0.749019607843137,0.749019607843137,0.749019607843137);
#2370=COLOUR_RGB('',0.8,0.8,0.8);
#2371=COLOUR_RGB('',0.913725490196078,0.913725490196078,0.);
ENDSEC;
END-ISO-10303-21;
