ISO-10303-21;
HEADER;
/* Generated by software containing ST-Developer
 * from STEP Tools, Inc. (www.steptools.com) 
 */

FILE_DESCRIPTION(
/* description */ (''),
/* implementation_level */ '2;1');

FILE_NAME(
/* name */ 'Kegelrad_Version02.stp',
/* time_stamp */ '2026-09-02T21:20:40+02:00',
/* author */ ('bluhm'),
/* organization */ (''),
/* preprocessor_version */ 'ST-DEVELOPER v20.1',
/* originating_system */ 'Autodesk Inventor 2026',
/* authorisation */ '');

FILE_SCHEMA (('AUTOMOTIVE_DESIGN { 1 0 10303 214 3 1 1 }'));
ENDSEC;

DATA;
#10=MECHANICAL_DESIGN_GEOMETRIC_PRESENTATION_REPRESENTATION('',(#13),#8239);
#11=SHAPE_REPRESENTATION_RELATIONSHIP('SRR','None',#8246,#12);
#12=ADVANCED_BREP_SHAPE_REPRESENTATION('',(#14),#8238);
#13=STYLED_ITEM('',(#8255),#14);
#14=MANIFOLD_SOLID_BREP('Solid1',#2154);
#15=B_SPLINE_SURFACE_WITH_KNOTS('',3,3,((#4721,#4722,#4723,#4724,#4725,
#4726),(#4727,#4728,#4729,#4730,#4731,#4732),(#4733,#4734,#4735,#4736,#4737,
#4738),(#4739,#4740,#4741,#4742,#4743,#4744)),.UNSPECIFIED.,.F.,.F.,.F.,
(4,4),(4,1,1,4),(0.230347126717461,0.927292433440143),(0.00106902678237236,
0.333333333333333,0.666666666666667,0.987595633894419),.UNSPECIFIED.);
#16=B_SPLINE_SURFACE_WITH_KNOTS('',3,3,((#4849,#4850,#4851,#4852,#4853,
#4854),(#4855,#4856,#4857,#4858,#4859,#4860),(#4861,#4862,#4863,#4864,#4865,
#4866),(#4867,#4868,#4869,#4870,#4871,#4872)),.UNSPECIFIED.,.F.,.F.,.F.,
(4,4),(4,1,1,4),(0.07683205776454,0.778719525263308),(0.001077939284152,
0.333333333333333,0.666666666666667,0.987930255003926),.UNSPECIFIED.);
#17=B_SPLINE_SURFACE_WITH_KNOTS('',3,3,((#4873,#4874,#4875,#4876,#4877,
#4878),(#4879,#4880,#4881,#4882,#4883,#4884),(#4885,#4886,#4887,#4888,#4889,
#4890),(#4891,#4892,#4893,#4894,#4895,#4896)),.UNSPECIFIED.,.F.,.F.,.F.,
(4,4),(4,1,1,4),(0.23034712671746,0.927292455095405),(0.00106902678237388,
0.333333333333333,0.666666666666667,0.987595633894419),.UNSPECIFIED.);
#18=B_SPLINE_SURFACE_WITH_KNOTS('',3,3,((#5020,#5021,#5022,#5023,#5024,
#5025),(#5026,#5027,#5028,#5029,#5030,#5031),(#5032,#5033,#5034,#5035,#5036,
#5037),(#5038,#5039,#5040,#5041,#5042,#5043)),.UNSPECIFIED.,.F.,.F.,.F.,
(4,4),(4,1,1,4),(0.0768320577693261,0.778719525263309),(0.00107793928478823,
0.333333333333333,0.666666666666667,0.987930255003925),.UNSPECIFIED.);
#19=B_SPLINE_SURFACE_WITH_KNOTS('',3,3,((#5148,#5149,#5150,#5151,#5152,
#5153),(#5154,#5155,#5156,#5157,#5158,#5159),(#5160,#5161,#5162,#5163,#5164,
#5165),(#5166,#5167,#5168,#5169,#5170,#5171)),.UNSPECIFIED.,.F.,.F.,.F.,
(4,4),(4,1,1,4),(0.230347126717461,0.927292455095406),(0.00106902678237346,
0.333333333333333,0.666666666666667,0.987595633894419),.UNSPECIFIED.);
#20=B_SPLINE_SURFACE_WITH_KNOTS('',3,3,((#5172,#5173,#5174,#5175,#5176,
#5177),(#5178,#5179,#5180,#5181,#5182,#5183),(#5184,#5185,#5186,#5187,#5188,
#5189),(#5190,#5191,#5192,#5193,#5194,#5195)),.UNSPECIFIED.,.F.,.F.,.F.,
(4,4),(4,1,1,4),(0.07683205776454,0.778719525263308),(0.0010779392841521,
0.333333333333333,0.666666666666667,0.987930255003926),.UNSPECIFIED.);
#21=B_SPLINE_SURFACE_WITH_KNOTS('',3,3,((#5196,#5197,#5198,#5199,#5200,
#5201),(#5202,#5203,#5204,#5205,#5206,#5207),(#5208,#5209,#5210,#5211,#5212,
#5213),(#5214,#5215,#5216,#5217,#5218,#5219)),.UNSPECIFIED.,.F.,.F.,.F.,
(4,4),(4,1,1,4),(0.076832057764541,0.778719525263308),(0.00107793928415232,
0.333333333333333,0.666666666666667,0.987930255003926),.UNSPECIFIED.);
#22=B_SPLINE_SURFACE_WITH_KNOTS('',3,3,((#5271,#5272,#5273,#5274,#5275,
#5276),(#5277,#5278,#5279,#5280,#5281,#5282),(#5283,#5284,#5285,#5286,#5287,
#5288),(#5289,#5290,#5291,#5292,#5293,#5294)),.UNSPECIFIED.,.F.,.F.,.F.,
(4,4),(4,1,1,4),(0.23034712671746,0.927292455095405),(0.00106902678237381,
0.333333333333333,0.666666666666667,0.98759563389442),.UNSPECIFIED.);
#23=B_SPLINE_SURFACE_WITH_KNOTS('',3,3,((#5452,#5453,#5454,#5455,#5456,
#5457),(#5458,#5459,#5460,#5461,#5462,#5463),(#5464,#5465,#5466,#5467,#5468,
#5469),(#5470,#5471,#5472,#5473,#5474,#5475)),.UNSPECIFIED.,.F.,.F.,.F.,
(4,4),(4,1,1,4),(0.230347126717462,0.927292455095406),(0.00106902678237288,
0.333333333333333,0.666666666666667,0.98759563389442),.UNSPECIFIED.);
#24=B_SPLINE_SURFACE_WITH_KNOTS('',3,3,((#5476,#5477,#5478,#5479,#5480,
#5481),(#5482,#5483,#5484,#5485,#5486,#5487),(#5488,#5489,#5490,#5491,#5492,
#5493),(#5494,#5495,#5496,#5497,#5498,#5499)),.UNSPECIFIED.,.F.,.F.,.F.,
(4,4),(4,1,1,4),(0.0768320577645414,0.778719525263309),(0.00107793928415208,
0.333333333333333,0.666666666666667,0.987930255003925),.UNSPECIFIED.);
#25=B_SPLINE_SURFACE_WITH_KNOTS('',3,3,((#5500,#5501,#5502,#5503,#5504,
#5505),(#5506,#5507,#5508,#5509,#5510,#5511),(#5512,#5513,#5514,#5515,#5516,
#5517),(#5518,#5519,#5520,#5521,#5522,#5523)),.UNSPECIFIED.,.F.,.F.,.F.,
(4,4),(4,1,1,4),(0.0768320577645397,0.778719525263308),(0.00107793928415151,
0.333333333333333,0.666666666666667,0.987930255003926),.UNSPECIFIED.);
#26=B_SPLINE_SURFACE_WITH_KNOTS('',3,3,((#5575,#5576,#5577,#5578,#5579,
#5580),(#5581,#5582,#5583,#5584,#5585,#5586),(#5587,#5588,#5589,#5590,#5591,
#5592),(#5593,#5594,#5595,#5596,#5597,#5598)),.UNSPECIFIED.,.F.,.F.,.F.,
(4,4),(4,1,1,4),(0.23034712671746,0.927292455095405),(0.00106902678237354,
0.333333333333333,0.666666666666667,0.987595633894419),.UNSPECIFIED.);
#27=B_SPLINE_SURFACE_WITH_KNOTS('',3,3,((#5756,#5757,#5758,#5759,#5760,
#5761),(#5762,#5763,#5764,#5765,#5766,#5767),(#5768,#5769,#5770,#5771,#5772,
#5773),(#5774,#5775,#5776,#5777,#5778,#5779)),.UNSPECIFIED.,.F.,.F.,.F.,
(4,4),(4,1,1,4),(0.23034712671746,0.927292455095406),(0.00106902678237328,
0.333333333333333,0.666666666666667,0.987595633894419),.UNSPECIFIED.);
#28=B_SPLINE_SURFACE_WITH_KNOTS('',3,3,((#5780,#5781,#5782,#5783,#5784,
#5785),(#5786,#5787,#5788,#5789,#5790,#5791),(#5792,#5793,#5794,#5795,#5796,
#5797),(#5798,#5799,#5800,#5801,#5802,#5803)),.UNSPECIFIED.,.F.,.F.,.F.,
(4,4),(4,1,1,4),(0.0768320577645406,0.778719525263308),(0.00107793928415236,
0.333333333333333,0.666666666666667,0.987930255003925),.UNSPECIFIED.);
#29=B_SPLINE_SURFACE_WITH_KNOTS('',3,3,((#5804,#5805,#5806,#5807,#5808,
#5809),(#5810,#5811,#5812,#5813,#5814,#5815),(#5816,#5817,#5818,#5819,#5820,
#5821),(#5822,#5823,#5824,#5825,#5826,#5827)),.UNSPECIFIED.,.F.,.F.,.F.,
(4,4),(4,1,1,4),(0.0768320577645405,0.778719525263308),(0.00107793928415221,
0.333333333333333,0.666666666666667,0.987930255003926),.UNSPECIFIED.);
#30=B_SPLINE_SURFACE_WITH_KNOTS('',3,3,((#5879,#5880,#5881,#5882,#5883,
#5884),(#5885,#5886,#5887,#5888,#5889,#5890),(#5891,#5892,#5893,#5894,#5895,
#5896),(#5897,#5898,#5899,#5900,#5901,#5902)),.UNSPECIFIED.,.F.,.F.,.F.,
(4,4),(4,1,1,4),(0.230347126717461,0.927292455095405),(0.00106902678237429,
0.333333333333333,0.666666666666667,0.98759563389442),.UNSPECIFIED.);
#31=B_SPLINE_SURFACE_WITH_KNOTS('',3,3,((#6060,#6061,#6062,#6063,#6064,
#6065),(#6066,#6067,#6068,#6069,#6070,#6071),(#6072,#6073,#6074,#6075,#6076,
#6077),(#6078,#6079,#6080,#6081,#6082,#6083)),.UNSPECIFIED.,.F.,.F.,.F.,
(4,4),(4,1,1,4),(0.23034712671746,0.927292455095405),(0.00106902678237384,
0.333333333333333,0.666666666666667,0.98759563389442),.UNSPECIFIED.);
#32=B_SPLINE_SURFACE_WITH_KNOTS('',3,3,((#6084,#6085,#6086,#6087,#6088,
#6089),(#6090,#6091,#6092,#6093,#6094,#6095),(#6096,#6097,#6098,#6099,#6100,
#6101),(#6102,#6103,#6104,#6105,#6106,#6107)),.UNSPECIFIED.,.F.,.F.,.F.,
(4,4),(4,1,1,4),(0.0768320577645395,0.778719525263308),(0.00107793928415232,
0.333333333333333,0.666666666666667,0.987930255003926),.UNSPECIFIED.);
#33=B_SPLINE_SURFACE_WITH_KNOTS('',3,3,((#6108,#6109,#6110,#6111,#6112,
#6113),(#6114,#6115,#6116,#6117,#6118,#6119),(#6120,#6121,#6122,#6123,#6124,
#6125),(#6126,#6127,#6128,#6129,#6130,#6131)),.UNSPECIFIED.,.F.,.F.,.F.,
(4,4),(4,1,1,4),(0.0768320577645399,0.778719525263308),(0.00107793928415295,
0.333333333333333,0.666666666666667,0.987930255003926),.UNSPECIFIED.);
#34=B_SPLINE_SURFACE_WITH_KNOTS('',3,3,((#6183,#6184,#6185,#6186,#6187,
#6188),(#6189,#6190,#6191,#6192,#6193,#6194),(#6195,#6196,#6197,#6198,#6199,
#6200),(#6201,#6202,#6203,#6204,#6205,#6206)),.UNSPECIFIED.,.F.,.F.,.F.,
(4,4),(4,1,1,4),(0.230347126717461,0.927292455095405),(0.00106902678237315,
0.333333333333333,0.666666666666667,0.98759563389442),.UNSPECIFIED.);
#35=B_SPLINE_SURFACE_WITH_KNOTS('',3,3,((#6364,#6365,#6366,#6367,#6368,
#6369),(#6370,#6371,#6372,#6373,#6374,#6375),(#6376,#6377,#6378,#6379,#6380,
#6381),(#6382,#6383,#6384,#6385,#6386,#6387)),.UNSPECIFIED.,.F.,.F.,.F.,
(4,4),(4,1,1,4),(0.230347126717461,0.927292455095405),(0.00106902678237342,
0.333333333333333,0.666666666666667,0.98759563389442),.UNSPECIFIED.);
#36=B_SPLINE_SURFACE_WITH_KNOTS('',3,3,((#6388,#6389,#6390,#6391,#6392,
#6393),(#6394,#6395,#6396,#6397,#6398,#6399),(#6400,#6401,#6402,#6403,#6404,
#6405),(#6406,#6407,#6408,#6409,#6410,#6411)),.UNSPECIFIED.,.F.,.F.,.F.,
(4,4),(4,1,1,4),(0.0768320577645401,0.778719525263309),(0.0010779392841523,
0.333333333333333,0.666666666666667,0.987930255003926),.UNSPECIFIED.);
#37=B_SPLINE_SURFACE_WITH_KNOTS('',3,3,((#6412,#6413,#6414,#6415,#6416,
#6417),(#6418,#6419,#6420,#6421,#6422,#6423),(#6424,#6425,#6426,#6427,#6428,
#6429),(#6430,#6431,#6432,#6433,#6434,#6435)),.UNSPECIFIED.,.F.,.F.,.F.,
(4,4),(4,1,1,4),(0.0768320577645399,0.77871952526331),(0.00107793928415247,
0.333333333333333,0.666666666666667,0.987930255003926),.UNSPECIFIED.);
#38=B_SPLINE_SURFACE_WITH_KNOTS('',3,3,((#6487,#6488,#6489,#6490,#6491,
#6492),(#6493,#6494,#6495,#6496,#6497,#6498),(#6499,#6500,#6501,#6502,#6503,
#6504),(#6505,#6506,#6507,#6508,#6509,#6510)),.UNSPECIFIED.,.F.,.F.,.F.,
(4,4),(4,1,1,4),(0.23034712671746,0.927292455095404),(0.00106902678237403,
0.333333333333333,0.666666666666667,0.98759563389442),.UNSPECIFIED.);
#39=B_SPLINE_SURFACE_WITH_KNOTS('',3,3,((#6668,#6669,#6670,#6671,#6672,
#6673),(#6674,#6675,#6676,#6677,#6678,#6679),(#6680,#6681,#6682,#6683,#6684,
#6685),(#6686,#6687,#6688,#6689,#6690,#6691)),.UNSPECIFIED.,.F.,.F.,.F.,
(4,4),(4,1,1,4),(0.230347126717459,0.927292455095405),(0.00106902678237394,
0.333333333333333,0.666666666666667,0.98759563389442),.UNSPECIFIED.);
#40=B_SPLINE_SURFACE_WITH_KNOTS('',3,3,((#6692,#6693,#6694,#6695,#6696,
#6697),(#6698,#6699,#6700,#6701,#6702,#6703),(#6704,#6705,#6706,#6707,#6708,
#6709),(#6710,#6711,#6712,#6713,#6714,#6715)),.UNSPECIFIED.,.F.,.F.,.F.,
(4,4),(4,1,1,4),(0.0768320577645406,0.778719525263308),(0.00107793928415341,
0.333333333333333,0.666666666666667,0.987930255003926),.UNSPECIFIED.);
#41=B_SPLINE_SURFACE_WITH_KNOTS('',3,3,((#6716,#6717,#6718,#6719,#6720,
#6721),(#6722,#6723,#6724,#6725,#6726,#6727),(#6728,#6729,#6730,#6731,#6732,
#6733),(#6734,#6735,#6736,#6737,#6738,#6739)),.UNSPECIFIED.,.F.,.F.,.F.,
(4,4),(4,1,1,4),(0.0768320577645409,0.778719525263308),(0.00107793928415261,
0.333333333333333,0.666666666666667,0.987930255003925),.UNSPECIFIED.);
#42=B_SPLINE_SURFACE_WITH_KNOTS('',3,3,((#6791,#6792,#6793,#6794,#6795,
#6796),(#6797,#6798,#6799,#6800,#6801,#6802),(#6803,#6804,#6805,#6806,#6807,
#6808),(#6809,#6810,#6811,#6812,#6813,#6814)),.UNSPECIFIED.,.F.,.F.,.F.,
(4,4),(4,1,1,4),(0.23034712671746,0.927292455095405),(0.00106902678237359,
0.333333333333333,0.666666666666667,0.98759563389442),.UNSPECIFIED.);
#43=B_SPLINE_SURFACE_WITH_KNOTS('',3,3,((#6972,#6973,#6974,#6975,#6976,
#6977),(#6978,#6979,#6980,#6981,#6982,#6983),(#6984,#6985,#6986,#6987,#6988,
#6989),(#6990,#6991,#6992,#6993,#6994,#6995)),.UNSPECIFIED.,.F.,.F.,.F.,
(4,4),(4,1,1,4),(0.230347126717461,0.927292455095406),(0.00106902678237397,
0.333333333333333,0.666666666666667,0.98759563389442),.UNSPECIFIED.);
#44=B_SPLINE_SURFACE_WITH_KNOTS('',3,3,((#6996,#6997,#6998,#6999,#7000,
#7001),(#7002,#7003,#7004,#7005,#7006,#7007),(#7008,#7009,#7010,#7011,#7012,
#7013),(#7014,#7015,#7016,#7017,#7018,#7019)),.UNSPECIFIED.,.F.,.F.,.F.,
(4,4),(4,1,1,4),(0.0768320577645404,0.778719525263308),(0.00107793928415225,
0.333333333333333,0.666666666666667,0.987930255003926),.UNSPECIFIED.);
#45=B_SPLINE_SURFACE_WITH_KNOTS('',3,3,((#7020,#7021,#7022,#7023,#7024,
#7025),(#7026,#7027,#7028,#7029,#7030,#7031),(#7032,#7033,#7034,#7035,#7036,
#7037),(#7038,#7039,#7040,#7041,#7042,#7043)),.UNSPECIFIED.,.F.,.F.,.F.,
(4,4),(4,1,1,4),(0.0768320577645399,0.778719525263308),(0.00107793928415169,
0.333333333333333,0.666666666666667,0.987930255003926),.UNSPECIFIED.);
#46=B_SPLINE_SURFACE_WITH_KNOTS('',3,3,((#7095,#7096,#7097,#7098,#7099,
#7100),(#7101,#7102,#7103,#7104,#7105,#7106),(#7107,#7108,#7109,#7110,#7111,
#7112),(#7113,#7114,#7115,#7116,#7117,#7118)),.UNSPECIFIED.,.F.,.F.,.F.,
(4,4),(4,1,1,4),(0.23034712671746,0.927292455095405),(0.00106902678237375,
0.333333333333333,0.666666666666667,0.98759563389442),.UNSPECIFIED.);
#47=B_SPLINE_SURFACE_WITH_KNOTS('',3,3,((#7276,#7277,#7278,#7279,#7280,
#7281),(#7282,#7283,#7284,#7285,#7286,#7287),(#7288,#7289,#7290,#7291,#7292,
#7293),(#7294,#7295,#7296,#7297,#7298,#7299)),.UNSPECIFIED.,.F.,.F.,.F.,
(4,4),(4,1,1,4),(0.230347126717461,0.927292455095405),(0.00106902678237375,
0.333333333333333,0.666666666666667,0.987595633894419),.UNSPECIFIED.);
#48=B_SPLINE_SURFACE_WITH_KNOTS('',3,3,((#7300,#7301,#7302,#7303,#7304,
#7305),(#7306,#7307,#7308,#7309,#7310,#7311),(#7312,#7313,#7314,#7315,#7316,
#7317),(#7318,#7319,#7320,#7321,#7322,#7323)),.UNSPECIFIED.,.F.,.F.,.F.,
(4,4),(4,1,1,4),(0.0768320577645413,0.778719525263309),(0.00107793928415227,
0.333333333333333,0.666666666666667,0.987930255003926),.UNSPECIFIED.);
#49=B_SPLINE_SURFACE_WITH_KNOTS('',3,3,((#7324,#7325,#7326,#7327,#7328,
#7329),(#7330,#7331,#7332,#7333,#7334,#7335),(#7336,#7337,#7338,#7339,#7340,
#7341),(#7342,#7343,#7344,#7345,#7346,#7347)),.UNSPECIFIED.,.F.,.F.,.F.,
(4,4),(4,1,1,4),(0.0768320577645392,0.778719525263308),(0.00107793928415291,
0.333333333333333,0.666666666666667,0.987930255003925),.UNSPECIFIED.);
#50=B_SPLINE_SURFACE_WITH_KNOTS('',3,3,((#7399,#7400,#7401,#7402,#7403,
#7404),(#7405,#7406,#7407,#7408,#7409,#7410),(#7411,#7412,#7413,#7414,#7415,
#7416),(#7417,#7418,#7419,#7420,#7421,#7422)),.UNSPECIFIED.,.F.,.F.,.F.,
(4,4),(4,1,1,4),(0.23034712671746,0.927292455095405),(0.00106902678237374,
0.333333333333333,0.666666666666667,0.987595633894419),.UNSPECIFIED.);
#51=B_SPLINE_SURFACE_WITH_KNOTS('',3,3,((#7580,#7581,#7582,#7583,#7584,
#7585),(#7586,#7587,#7588,#7589,#7590,#7591),(#7592,#7593,#7594,#7595,#7596,
#7597),(#7598,#7599,#7600,#7601,#7602,#7603)),.UNSPECIFIED.,.F.,.F.,.F.,
(4,4),(4,1,1,4),(0.230347126717461,0.927292455095407),(0.00106902678237508,
0.333333333333333,0.666666666666667,0.98759563389442),.UNSPECIFIED.);
#52=B_SPLINE_SURFACE_WITH_KNOTS('',3,3,((#7604,#7605,#7606,#7607,#7608,
#7609),(#7610,#7611,#7612,#7613,#7614,#7615),(#7616,#7617,#7618,#7619,#7620,
#7621),(#7622,#7623,#7624,#7625,#7626,#7627)),.UNSPECIFIED.,.F.,.F.,.F.,
(4,4),(4,1,1,4),(0.0768320577645411,0.778719525263309),(0.00107793928415235,
0.333333333333333,0.666666666666667,0.987930255003926),.UNSPECIFIED.);
#53=B_SPLINE_SURFACE_WITH_KNOTS('',3,3,((#7628,#7629,#7630,#7631,#7632,
#7633),(#7634,#7635,#7636,#7637,#7638,#7639),(#7640,#7641,#7642,#7643,#7644,
#7645),(#7646,#7647,#7648,#7649,#7650,#7651)),.UNSPECIFIED.,.F.,.F.,.F.,
(4,4),(4,1,1,4),(0.0768320577645399,0.778719525263308),(0.00107793928415323,
0.333333333333333,0.666666666666667,0.987930255003926),.UNSPECIFIED.);
#54=B_SPLINE_SURFACE_WITH_KNOTS('',3,3,((#7703,#7704,#7705,#7706,#7707,
#7708),(#7709,#7710,#7711,#7712,#7713,#7714),(#7715,#7716,#7717,#7718,#7719,
#7720),(#7721,#7722,#7723,#7724,#7725,#7726)),.UNSPECIFIED.,.F.,.F.,.F.,
(4,4),(4,1,1,4),(0.23034712671746,0.927292455095404),(0.00106902678237346,
0.333333333333333,0.666666666666667,0.987595633894419),.UNSPECIFIED.);
#55=B_SPLINE_SURFACE_WITH_KNOTS('',3,3,((#7884,#7885,#7886,#7887,#7888,
#7889),(#7890,#7891,#7892,#7893,#7894,#7895),(#7896,#7897,#7898,#7899,#7900,
#7901),(#7902,#7903,#7904,#7905,#7906,#7907)),.UNSPECIFIED.,.F.,.F.,.F.,
(4,4),(4,1,1,4),(0.230347126717461,0.927292455095406),(0.00106902678237363,
0.333333333333333,0.666666666666667,0.98759563389442),.UNSPECIFIED.);
#56=B_SPLINE_SURFACE_WITH_KNOTS('',3,3,((#7908,#7909,#7910,#7911,#7912,
#7913),(#7914,#7915,#7916,#7917,#7918,#7919),(#7920,#7921,#7922,#7923,#7924,
#7925),(#7926,#7927,#7928,#7929,#7930,#7931)),.UNSPECIFIED.,.F.,.F.,.F.,
(4,4),(4,1,1,4),(0.0768320577645407,0.778719525263308),(0.00107793928415227,
0.333333333333333,0.666666666666667,0.987930255003926),.UNSPECIFIED.);
#57=B_SPLINE_SURFACE_WITH_KNOTS('',3,3,((#7932,#7933,#7934,#7935,#7936,
#7937),(#7938,#7939,#7940,#7941,#7942,#7943),(#7944,#7945,#7946,#7947,#7948,
#7949),(#7950,#7951,#7952,#7953,#7954,#7955)),.UNSPECIFIED.,.F.,.F.,.F.,
(4,4),(4,1,1,4),(0.0768320577645414,0.778719525263309),(0.00107793928415244,
0.333333333333333,0.666666666666667,0.987930255003926),.UNSPECIFIED.);
#58=B_SPLINE_SURFACE_WITH_KNOTS('',3,3,((#8007,#8008,#8009,#8010,#8011,
#8012),(#8013,#8014,#8015,#8016,#8017,#8018),(#8019,#8020,#8021,#8022,#8023,
#8024),(#8025,#8026,#8027,#8028,#8029,#8030)),.UNSPECIFIED.,.F.,.F.,.F.,
(4,4),(4,1,1,4),(0.230347126717461,0.927292455095405),(0.0010690267823732,
0.333333333333333,0.666666666666667,0.98759563389442),.UNSPECIFIED.);
#59=B_SPLINE_SURFACE_WITH_KNOTS('',3,3,((#8084,#8085,#8086,#8087,#8088,
#8089),(#8090,#8091,#8092,#8093,#8094,#8095),(#8096,#8097,#8098,#8099,#8100,
#8101),(#8102,#8103,#8104,#8105,#8106,#8107)),.UNSPECIFIED.,.F.,.F.,.F.,
(4,4),(4,1,1,4),(0.0768320577645407,0.778719525263308),(0.00107793928415214,
0.333333333333333,0.666666666666667,0.987930255003925),.UNSPECIFIED.);
#60=B_SPLINE_SURFACE_WITH_KNOTS('',3,3,((#8159,#8160,#8161,#8162,#8163,
#8164),(#8165,#8166,#8167,#8168,#8169,#8170),(#8171,#8172,#8173,#8174,#8175,
#8176),(#8177,#8178,#8179,#8180,#8181,#8182)),.UNSPECIFIED.,.F.,.F.,.F.,
(4,4),(4,1,1,4),(0.230347126717462,0.927292455095405),(0.00106902678237375,
0.333333333333333,0.666666666666667,0.987595633894419),.UNSPECIFIED.);
#61=B_SPLINE_CURVE_WITH_KNOTS('',3,(#3043,#3044,#3045,#3046,#3047,#3048,
#3049,#3050,#3051,#3052,#3053,#3054,#3055,#3056,#3057,#3058,#3059,#3060,
#3061,#3062,#3063,#3064,#3065,#3066,#3067,#3068,#3069,#3070,#3071,#3072,
#3073,#3074,#3075,#3076),.UNSPECIFIED.,.F.,.F.,(4,3,3,3,3,3,3,3,3,3,3,4),
(0.,0.249725334006619,0.504873781390269,0.658414342734865,0.917494408881848,
1.04082151187473,1.2489457074931,1.35926104971721,1.56673875501723,1.77637162537384,
1.98868622547561,2.06989658051951),.UNSPECIFIED.);
#62=B_SPLINE_CURVE_WITH_KNOTS('',3,(#3078,#3079,#3080,#3081,#3082,#3083,
#3084,#3085,#3086,#3087,#3088,#3089,#3090,#3091,#3092,#3093,#3094,#3095,
#3096,#3097,#3098,#3099,#3100,#3101,#3102,#3103,#3104,#3105,#3106,#3107,
#3108,#3109,#3110,#3111),.UNSPECIFIED.,.F.,.F.,(4,3,3,3,3,3,3,3,3,3,3,4),
(0.,0.215203544024396,0.429270396713552,0.641554348170498,0.712902725432274,
0.928103107001743,1.0669748956121,1.29061446829885,1.41318962992167,1.63871194620089,
1.86431287708443,2.06795867156859),.UNSPECIFIED.);
#63=B_SPLINE_CURVE_WITH_KNOTS('',3,(#3115,#3116,#3117,#3118,#3119,#3120,
#3121,#3122,#3123,#3124,#3125,#3126,#3127,#3128,#3129,#3130,#3131,#3132,
#3133,#3134,#3135,#3136,#3137,#3138,#3139,#3140,#3141,#3142,#3143,#3144,
#3145,#3146,#3147,#3148),.UNSPECIFIED.,.F.,.F.,(4,3,3,3,3,3,3,3,3,3,3,4),
(1.62177094507027E-5,0.24973974103516,0.504886387484335,0.658430589880222,
0.917510824754868,1.04082118662611,1.24894553372815,1.35927733840965,1.56675653576316,
1.77639071967995,1.98870623262215,2.06991298204166),.UNSPECIFIED.);
#64=B_SPLINE_CURVE_WITH_KNOTS('',3,(#3150,#3151,#3152,#3153,#3154,#3155,
#3156,#3157,#3158,#3159,#3160,#3161,#3162,#3163,#3164,#3165,#3166,#3167,
#3168,#3169,#3170,#3171,#3172,#3173,#3174,#3175,#3176,#3177,#3178,#3179,
#3180,#3181,#3182,#3183),.UNSPECIFIED.,.F.,.F.,(4,3,3,3,3,3,3,3,3,3,3,4),
(1.71613782156013E-5,0.21522243745273,0.429291108373266,0.641576969870617,
0.712919865041196,0.928121189309155,1.06697529061223,1.29061457691501,1.41320665926611,
1.63872827604537,1.86432849058344,2.06797567934041),.UNSPECIFIED.);
#65=B_SPLINE_CURVE_WITH_KNOTS('',3,(#3187,#3188,#3189,#3190,#3191,#3192,
#3193,#3194,#3195,#3196,#3197,#3198,#3199,#3200,#3201,#3202,#3203,#3204,
#3205,#3206,#3207,#3208,#3209,#3210,#3211,#3212,#3213,#3214,#3215,#3216,
#3217,#3218,#3219,#3220),.UNSPECIFIED.,.F.,.F.,(4,3,3,3,3,3,3,3,3,3,3,4),
(1.62177094506509E-5,0.249739726979719,0.50488635952876,0.65843058988022,
0.917510826157178,1.0408211866261,1.24894553401405,1.35927733840965,1.5667565449556,
1.77639073676932,1.98870625473675,2.06991298204165),.UNSPECIFIED.);
#66=B_SPLINE_CURVE_WITH_KNOTS('',3,(#3222,#3223,#3224,#3225,#3226,#3227,
#3228,#3229,#3230,#3231,#3232,#3233,#3234,#3235,#3236,#3237,#3238,#3239,
#3240,#3241,#3242,#3243,#3244,#3245,#3246,#3247,#3248,#3249,#3250,#3251,
#3252,#3253,#3254,#3255),.UNSPECIFIED.,.F.,.F.,(4,3,3,3,3,3,3,3,3,3,3,4),
(1.71613782153732E-5,0.215222596958386,0.429291457907154,0.64157754227437,
0.71291986504121,0.928121183666175,1.06697529061226,1.29061454999541,1.41320665926615,
1.6387281589423,1.86432825212553,2.06797567934048),.UNSPECIFIED.);
#67=B_SPLINE_CURVE_WITH_KNOTS('',3,(#3259,#3260,#3261,#3262,#3263,#3264,
#3265,#3266,#3267,#3268,#3269,#3270,#3271,#3272,#3273,#3274,#3275,#3276,
#3277,#3278,#3279,#3280,#3281,#3282,#3283,#3284,#3285,#3286,#3287,#3288,
#3289,#3290,#3291,#3292),.UNSPECIFIED.,.F.,.F.,(4,3,3,3,3,3,3,3,3,3,3,4),
(1.6217709450553E-5,0.249741307559282,0.504889499245066,0.658430589880222,
0.917510667352403,1.04082118662611,1.24894550406413,1.35927733840966,1.56675551492161,
1.7763888213149,1.98870377516788,2.06991298204166),.UNSPECIFIED.);
#68=B_SPLINE_CURVE_WITH_KNOTS('',3,(#3294,#3295,#3296,#3297,#3298,#3299,
#3300,#3301,#3302,#3303,#3304,#3305,#3306,#3307,#3308,#3309,#3310,#3311,
#3312,#3313,#3314,#3315,#3316,#3317,#3318,#3319,#3320,#3321,#3322,#3323,
#3324,#3325,#3326,#3327),.UNSPECIFIED.,.F.,.F.,(4,3,3,3,3,3,3,3,3,3,3,4),
(1.71613782151519E-5,0.215222265076787,0.42929073066396,0.641576351391946,
0.712919865041201,0.92812119566629,1.06697529061224,1.29061460653111,1.41320665926612,
1.63872840181118,1.864328746687,2.06797567934042),.UNSPECIFIED.);
#69=B_SPLINE_CURVE_WITH_KNOTS('',3,(#3331,#3332,#3333,#3334,#3335,#3336,
#3337,#3338,#3339,#3340,#3341,#3342,#3343,#3344,#3345,#3346,#3347,#3348,
#3349,#3350,#3351,#3352,#3353,#3354,#3355,#3356,#3357,#3358,#3359,#3360,
#3361,#3362,#3363,#3364),.UNSPECIFIED.,.F.,.F.,(4,3,3,3,3,3,3,3,3,3,3,4),
(1.6217709450484E-5,0.249741458405149,0.504889798467315,0.658430589880222,
0.91751065210208,1.04082118662611,1.24894550143971,1.35927733840966,1.56675541700662,
1.77638863917332,1.98870353929827,2.06991298204167),.UNSPECIFIED.);
#70=B_SPLINE_CURVE_WITH_KNOTS('',3,(#3366,#3367,#3368,#3369,#3370,#3371,
#3372,#3373,#3374,#3375,#3376,#3377,#3378,#3379,#3380,#3381,#3382,#3383,
#3384,#3385,#3386,#3387,#3388,#3389,#3390,#3391,#3392,#3393,#3394,#3395,
#3396,#3397,#3398,#3399),.UNSPECIFIED.,.F.,.F.,(4,3,3,3,3,3,3,3,3,3,3,4),
(1.71613782151043E-5,0.215221471019501,0.429288991170146,0.641573503930402,
0.712919865041201,0.928121228541662,1.06697529061224,1.29061475019993,1.41320665926612,
1.6387289702478,1.864329904341,2.06797567934042),.UNSPECIFIED.);
#71=B_SPLINE_CURVE_WITH_KNOTS('',3,(#3403,#3404,#3405,#3406,#3407,#3408,
#3409,#3410,#3411,#3412,#3413,#3414,#3415,#3416,#3417,#3418,#3419,#3420,
#3421,#3422,#3423,#3424,#3425,#3426,#3427,#3428,#3429,#3430,#3431,#3432,
#3433,#3434,#3435,#3436),.UNSPECIFIED.,.F.,.F.,(4,3,3,3,3,3,3,3,3,3,3,4),
(1.62177094503339E-5,0.249740494829863,0.504887885809442,0.658430589880224,
0.91751074923447,1.04082118662611,1.2489455189095,1.35927733840967,1.56675604364474,
1.77638980466884,1.98870504833023,2.06991298204168),.UNSPECIFIED.);
#72=B_SPLINE_CURVE_WITH_KNOTS('',3,(#3438,#3439,#3440,#3441,#3442,#3443,
#3444,#3445,#3446,#3447,#3448,#3449,#3450,#3451,#3452,#3453,#3454,#3455,
#3456,#3457,#3458,#3459,#3460,#3461,#3462,#3463,#3464,#3465,#3466,#3467,
#3468,#3469,#3470,#3471),.UNSPECIFIED.,.F.,.F.,(4,3,3,3,3,3,3,3,3,3,3,4),
(1.71613782149302E-5,0.215221764761618,0.429289634570324,0.641574556972592,
0.712919865041199,0.928121215678935,1.06697529061224,1.29061469563875,1.41320665926612,
1.6387287620981,1.86432948041055,2.06797567934042),.UNSPECIFIED.);
#73=B_SPLINE_CURVE_WITH_KNOTS('',3,(#3475,#3476,#3477,#3478,#3479,#3480,
#3481,#3482,#3483,#3484,#3485,#3486,#3487,#3488,#3489,#3490,#3491,#3492,
#3493,#3494,#3495,#3496,#3497,#3498,#3499,#3500,#3501,#3502,#3503,#3504,
#3505,#3506,#3507,#3508),.UNSPECIFIED.,.F.,.F.,(4,3,3,3,3,3,3,3,3,3,3,4),
(1.62177094508179E-5,0.249739888444323,0.50488668063452,0.658430589880224,
0.917510810014961,1.04082118662611,1.24894553075169,1.35927733840966,1.56675643939486,
1.77639054051898,1.98870600076389,2.06991298204166),.UNSPECIFIED.);
#74=B_SPLINE_CURVE_WITH_KNOTS('',3,(#3510,#3511,#3512,#3513,#3514,#3515,
#3516,#3517,#3518,#3519,#3520,#3521,#3522,#3523,#3524,#3525,#3526,#3527,
#3528,#3529,#3530,#3531,#3532,#3533,#3534,#3535,#3536,#3537,#3538,#3539,
#3540,#3541,#3542,#3543),.UNSPECIFIED.,.F.,.F.,(4,3,3,3,3,3,3,3,3,3,3,4),
(1.71613782150543E-5,0.215222163658167,0.429290508454661,0.641575987565462,
0.712919865041186,0.928121199534163,1.06697529061222,1.2906146242114,1.41320665926609,
1.6387284754198,1.86432889658279,2.06797567934038),.UNSPECIFIED.);
#75=B_SPLINE_CURVE_WITH_KNOTS('',3,(#3547,#3548,#3549,#3550,#3551,#3552,
#3553,#3554,#3555,#3556,#3557,#3558,#3559,#3560,#3561,#3562,#3563,#3564,
#3565,#3566,#3567,#3568,#3569,#3570,#3571,#3572,#3573,#3574,#3575,#3576,
#3577,#3578,#3579,#3580),.UNSPECIFIED.,.F.,.F.,(4,3,3,3,3,3,3,3,3,3,3,4),
(1.62177094508504E-5,0.249739694413763,0.504886294755487,0.658430589880227,
0.917510829410537,1.04082118662612,1.24894553467712,1.35927733840969,1.56675656625485,
1.77639077636657,1.98870630597838,2.06991298204172),.UNSPECIFIED.);
#76=B_SPLINE_CURVE_WITH_KNOTS('',3,(#3582,#3583,#3584,#3585,#3586,#3587,
#3588,#3589,#3590,#3591,#3592,#3593,#3594,#3595,#3596,#3597,#3598,#3599,
#3600,#3601,#3602,#3603,#3604,#3605,#3606,#3607,#3608,#3609,#3610,#3611,
#3612,#3613,#3614,#3615),.UNSPECIFIED.,.F.,.F.,(4,3,3,3,3,3,3,3,3,3,3,4),
(1.7161378215302E-5,0.215222498260547,0.429291241620099,0.641577188072596,
0.712919865041202,0.928121187131326,1.06697529061224,1.29061456659757,1.41320665926613,
1.63872823148494,1.86432839984331,2.06797567934044),.UNSPECIFIED.);
#77=B_SPLINE_CURVE_WITH_KNOTS('',3,(#3619,#3620,#3621,#3622,#3623,#3624,
#3625,#3626,#3627,#3628,#3629,#3630,#3631,#3632,#3633,#3634,#3635,#3636,
#3637,#3638,#3639,#3640,#3641,#3642,#3643,#3644,#3645,#3646,#3647,#3648,
#3649,#3650,#3651,#3652),.UNSPECIFIED.,.F.,.F.,(4,3,3,3,3,3,3,3,3,3,3,4),
(1.62177094506342E-5,0.249740131259539,0.504887163363642,0.658430589880223,
0.917510785708947,1.04082118662611,1.24894552593172,1.35927733840967,1.56675628079585,
1.77639024564221,1.98870561912384,2.06991298204168),.UNSPECIFIED.);
#78=B_SPLINE_CURVE_WITH_KNOTS('',3,(#3654,#3655,#3656,#3657,#3658,#3659,
#3660,#3661,#3662,#3663,#3664,#3665,#3666,#3667,#3668,#3669,#3670,#3671,
#3672,#3673,#3674,#3675,#3676,#3677,#3678,#3679,#3680,#3681,#3682,#3683,
#3684,#3685,#3686,#3687),.UNSPECIFIED.,.F.,.F.,(4,3,3,3,3,3,3,3,3,3,3,4),
(1.71613782150818E-5,0.215222621314635,0.429291511281943,0.641577629686807,
0.712919865041196,0.928121182825049,1.06697529061223,1.2906145459255,1.4132066592661,
1.63872814099972,1.86432821559189,2.06797567934038),.UNSPECIFIED.);
#79=B_SPLINE_CURVE_WITH_KNOTS('',3,(#3691,#3692,#3693,#3694,#3695,#3696,
#3697,#3698,#3699,#3700,#3701,#3702,#3703,#3704,#3705,#3706,#3707,#3708,
#3709,#3710,#3711,#3712,#3713,#3714,#3715,#3716,#3717,#3718,#3719,#3720,
#3721,#3722,#3723,#3724),.UNSPECIFIED.,.F.,.F.,(4,3,3,3,3,3,3,3,3,3,3,4),
(1.62177094503445E-5,0.24974169655049,0.504890270705169,0.658430589880225,
0.917510627990624,1.04082118662612,1.24894549738206,1.35927733840967,1.56675526256618,
1.77638835186225,1.98870316720473,2.06991298204168),.UNSPECIFIED.);
#80=B_SPLINE_CURVE_WITH_KNOTS('',3,(#3726,#3727,#3728,#3729,#3730,#3731,
#3732,#3733,#3734,#3735,#3736,#3737,#3738,#3739,#3740,#3741,#3742,#3743,
#3744,#3745,#3746,#3747,#3748,#3749,#3750,#3751,#3752,#3753,#3754,#3755,
#3756,#3757,#3758,#3759),.UNSPECIFIED.,.F.,.F.,(4,3,3,3,3,3,3,3,3,3,3,4),
(1.71613782159561E-5,0.215222074201297,0.429290312460416,0.641575666681499,
0.712919865041196,0.92812120302415,1.06697529061223,1.29061463996596,1.41320665926611,
1.63872854010587,1.86432902831464,2.06797567934042),.UNSPECIFIED.);
#81=B_SPLINE_CURVE_WITH_KNOTS('',3,(#3763,#3764,#3765,#3766,#3767,#3768,
#3769,#3770,#3771,#3772,#3773,#3774,#3775,#3776,#3777,#3778,#3779,#3780,
#3781,#3782,#3783,#3784,#3785,#3786,#3787,#3788,#3789,#3790,#3791,#3792,
#3793,#3794,#3795,#3796),.UNSPECIFIED.,.F.,.F.,(4,3,3,3,3,3,3,3,3,3,3,4),
(1.62177094505428E-5,0.249741210182629,0.504889306046276,0.658430589880224,
0.91751067718621,1.04082118662611,1.24894550577978,1.35927733840967,1.56675557816561,
1.77638893895619,1.98870392750293,2.06991298204167),.UNSPECIFIED.);
#82=B_SPLINE_CURVE_WITH_KNOTS('',3,(#3798,#3799,#3800,#3801,#3802,#3803,
#3804,#3805,#3806,#3807,#3808,#3809,#3810,#3811,#3812,#3813,#3814,#3815,
#3816,#3817,#3818,#3819,#3820,#3821,#3822,#3823,#3824,#3825,#3826,#3827,
#3828,#3829,#3830,#3831),.UNSPECIFIED.,.F.,.F.,(4,3,3,3,3,3,3,3,3,3,3,4),
(1.7161378215712E-5,0.215221505097349,0.42928906580709,0.641573626076846,
0.712919865041202,0.928121227006154,1.06697529061222,1.2906147437825,1.4132066592661,
1.63872894623042,1.86432985542505,2.06797567934039),.UNSPECIFIED.);
#83=B_SPLINE_CURVE_WITH_KNOTS('',3,(#3835,#3836,#3837,#3838,#3839,#3840,
#3841,#3842,#3843,#3844,#3845,#3846,#3847,#3848,#3849,#3850,#3851,#3852,
#3853,#3854,#3855,#3856,#3857,#3858,#3859,#3860,#3861,#3862,#3863,#3864,
#3865,#3866,#3867,#3868),.UNSPECIFIED.,.F.,.F.,(4,3,3,3,3,3,3,3,3,3,3,4),
(1.62177094512586E-5,0.249740291565949,0.504887481958723,0.658430589880223,
0.917510769635218,1.04082118662611,1.24894552280644,1.35927733840966,1.56675617618257,
1.77639005112433,1.98870536735157,2.06991298204166),.UNSPECIFIED.);
#84=B_SPLINE_CURVE_WITH_KNOTS('',3,(#3870,#3871,#3872,#3873,#3874,#3875,
#3876,#3877,#3878,#3879,#3880,#3881,#3882,#3883,#3884,#3885,#3886,#3887,
#3888,#3889,#3890,#3891,#3892,#3893,#3894,#3895,#3896,#3897,#3898,#3899,
#3900,#3901,#3902,#3903),.UNSPECIFIED.,.F.,.F.,(4,3,3,3,3,3,3,3,3,3,3,4),
(1.71613782156841E-5,0.215221858508248,0.429289839929208,0.641574893122737,
0.712919865041196,0.928121211749603,1.06697529061223,1.29061467857751,1.41320665926611,
1.63872869513555,1.86432934403408,2.06797567934041),.UNSPECIFIED.);
#85=B_SPLINE_CURVE_WITH_KNOTS('',3,(#3907,#3908,#3909,#3910,#3911,#3912,
#3913,#3914,#3915,#3916,#3917,#3918,#3919,#3920,#3921,#3922,#3923,#3924,
#3925,#3926,#3927,#3928,#3929,#3930,#3931,#3932,#3933,#3934,#3935,#3936,
#3937,#3938,#3939,#3940),.UNSPECIFIED.,.F.,.F.,(4,3,3,3,3,3,3,3,3,3,3,4),
(1.62177094507608E-5,0.249739831828619,0.504886568052607,0.658430589880224,
0.917510815679053,1.04082118662611,1.2489455318906,1.35927733840967,1.56675647640001,
1.77639060931657,1.98870608979901,2.06991298204168),.UNSPECIFIED.);
#86=B_SPLINE_CURVE_WITH_KNOTS('',3,(#3942,#3943,#3944,#3945,#3946,#3947,
#3948,#3949,#3950,#3951,#3952,#3953,#3954,#3955,#3956,#3957,#3958,#3959,
#3960,#3961,#3962,#3963,#3964,#3965,#3966,#3967,#3968,#3969,#3970,#3971,
#3972,#3973,#3974,#3975),.UNSPECIFIED.,.F.,.F.,(4,3,3,3,3,3,3,3,3,3,3,4),
(1.71613782152876E-5,0.215222266303876,0.429290733354217,0.641576355795928,
0.71291986504119,0.928121195620564,1.06697529061222,1.2906146063175,1.41320665926609,
1.63872840091902,1.86432874486874,2.06797567934038),.UNSPECIFIED.);
#87=B_SPLINE_CURVE_WITH_KNOTS('',3,(#3979,#3980,#3981,#3982,#3983,#3984,
#3985,#3986,#3987,#3988,#3989,#3990,#3991,#3992,#3993,#3994,#3995,#3996,
#3997,#3998,#3999,#4000,#4001,#4002,#4003,#4004,#4005,#4006,#4007,#4008,
#4009,#4010,#4011,#4012),.UNSPECIFIED.,.F.,.F.,(4,3,3,3,3,3,3,3,3,3,3,4),
(1.62177094507354E-5,0.249739646700739,0.504886199849544,0.658430589880226,
0.917510834177079,1.04082118662612,1.24894553565251,1.35927733840968,1.56675659746532,
1.77639083438716,1.98870638106063,2.0699129820417),.UNSPECIFIED.);
#88=B_SPLINE_CURVE_WITH_KNOTS('',3,(#4014,#4015,#4016,#4017,#4018,#4019,
#4020,#4021,#4022,#4023,#4024,#4025,#4026,#4027,#4028,#4029,#4030,#4031,
#4032,#4033,#4034,#4035,#4036,#4037,#4038,#4039,#4040,#4041,#4042,#4043,
#4044,#4045,#4046,#4047),.UNSPECIFIED.,.F.,.F.,(4,3,3,3,3,3,3,3,3,3,3,4),
(1.71613782149519E-5,0.215222543131204,0.429291339948329,0.641577349096294,
0.712919865041207,0.928121185545188,1.06697529061225,1.29061455902775,1.41320665926614,
1.63872819853793,1.86432833275403,2.06797567934045),.UNSPECIFIED.);
#89=B_SPLINE_CURVE_WITH_KNOTS('',3,(#4051,#4052,#4053,#4054,#4055,#4056,
#4057,#4058,#4059,#4060,#4061,#4062,#4063,#4064,#4065,#4066,#4067,#4068,
#4069,#4070,#4071,#4072,#4073,#4074,#4075,#4076,#4077,#4078,#4079,#4080,
#4081,#4082,#4083,#4084),.UNSPECIFIED.,.F.,.F.,(4,3,3,3,3,3,3,3,3,3,3,4),
(1.62177094508007E-5,0.24974052858471,0.504887952864006,0.658430589880223,
0.917510745841482,1.04082118662611,1.24894551826883,1.35927733840966,1.56675602164585,
1.77638976375889,1.98870499537244,2.06991298204167),.UNSPECIFIED.);
#90=B_SPLINE_CURVE_WITH_KNOTS('',3,(#4086,#4087,#4088,#4089,#4090,#4091,
#4092,#4093,#4094,#4095,#4096,#4097,#4098,#4099,#4100,#4101,#4102,#4103,
#4104,#4105,#4106,#4107,#4108,#4109,#4110,#4111,#4112,#4113,#4114,#4115,
#4116,#4117,#4118,#4119),.UNSPECIFIED.,.F.,.F.,(4,3,3,3,3,3,3,3,3,3,3,4),
(1.71613782156237E-5,0.215222610424287,0.429291487414808,0.641577590599045,
0.712919865041204,0.928121183201477,1.06697529061225,1.29061454774302,1.41320665926613,
1.63872814902335,1.86432823193036,2.06797567934045),.UNSPECIFIED.);
#91=B_SPLINE_CURVE_WITH_KNOTS('',3,(#4123,#4124,#4125,#4126,#4127,#4128,
#4129,#4130,#4131,#4132,#4133,#4134,#4135,#4136,#4137,#4138,#4139,#4140,
#4141,#4142,#4143,#4144,#4145,#4146,#4147,#4148,#4149,#4150,#4151,#4152,
#4153,#4154,#4155,#4156),.UNSPECIFIED.,.F.,.F.,(4,3,3,3,3,3,3,3,3,3,3,4),
(1.62177094507039E-5,0.249741975279837,0.504890823188225,0.658430589880224,
0.917510599716878,1.04082118662612,1.24894549276553,1.35927733840967,1.56675508202218,
1.7763880159568,1.98870273212909,2.06991298204169),.UNSPECIFIED.);
#92=B_SPLINE_CURVE_WITH_KNOTS('',3,(#4158,#4159,#4160,#4161,#4162,#4163,
#4164,#4165,#4166,#4167,#4168,#4169,#4170,#4171,#4172,#4173,#4174,#4175,
#4176,#4177,#4178,#4179,#4180,#4181,#4182,#4183,#4184,#4185,#4186,#4187,
#4188,#4189,#4190,#4191),.UNSPECIFIED.,.F.,.F.,(4,3,3,3,3,3,3,3,3,3,3,4),
(1.71613782153736E-5,0.215221878463877,0.429289883645348,0.641574964684595,
0.712919865041196,0.928121210922855,1.06697529061223,1.29061467496744,1.41320665926611,
1.63872868084949,1.86432931493954,2.0679756793404),.UNSPECIFIED.);
#93=B_SPLINE_CURVE_WITH_KNOTS('',3,(#4195,#4196,#4197,#4198,#4199,#4200,
#4201,#4202,#4203,#4204,#4205,#4206,#4207,#4208,#4209,#4210,#4211,#4212,
#4213,#4214,#4215,#4216,#4217,#4218,#4219,#4220,#4221,#4222,#4223,#4224,
#4225,#4226,#4227,#4228),.UNSPECIFIED.,.F.,.F.,(4,3,3,3,3,3,3,3,3,3,3,4),
(1.62177094506383E-5,0.24974096705967,0.504888823545705,0.658430589880223,
0.917510701718221,1.04082118662611,1.24894551013843,1.35927733840966,1.56675573619417,
1.77638923288749,1.9887043080903,2.06991298204167),.UNSPECIFIED.);
#94=B_SPLINE_CURVE_WITH_KNOTS('',3,(#4230,#4231,#4232,#4233,#4234,#4235,
#4236,#4237,#4238,#4239,#4240,#4241,#4242,#4243,#4244,#4245,#4246,#4247,
#4248,#4249,#4250,#4251,#4252,#4253,#4254,#4255,#4256,#4257,#4258,#4259,
#4260,#4261,#4262,#4263),.UNSPECIFIED.,.F.,.F.,(4,3,3,3,3,3,3,3,3,3,3,4),
(1.71613782150858E-5,0.215221589428881,0.429289250516789,0.641573928372946,
0.712919865041212,0.928121223255027,1.06697529061222,1.29061472800263,1.4132066592661,
1.63872888664808,1.86432973407373,2.06797567934039),.UNSPECIFIED.);
#95=B_SPLINE_CURVE_WITH_KNOTS('',3,(#4267,#4268,#4269,#4270,#4271,#4272,
#4273,#4274,#4275,#4276,#4277,#4278,#4279,#4280,#4281,#4282,#4283,#4284,
#4285,#4286,#4287,#4288,#4289,#4290,#4291,#4292,#4293,#4294,#4295,#4296,
#4297,#4298,#4299,#4300),.UNSPECIFIED.,.F.,.F.,(4,3,3,3,3,3,3,3,3,3,3,4),
(1.62177094508768E-5,0.24974011813568,0.504887137276237,0.658430589880224,
0.917510787024577,1.04082118662611,1.24894552618971,1.35927733840967,1.56675628936498,
1.77639026157606,1.988705639747,2.06991298204168),.UNSPECIFIED.);
#96=B_SPLINE_CURVE_WITH_KNOTS('',3,(#4302,#4303,#4304,#4305,#4306,#4307,
#4308,#4309,#4310,#4311,#4312,#4313,#4314,#4315,#4316,#4317,#4318,#4319,
#4320,#4321,#4322,#4323,#4324,#4325,#4326,#4327,#4328,#4329,#4330,#4331,
#4332,#4333,#4334,#4335),.UNSPECIFIED.,.F.,.F.,(4,3,3,3,3,3,3,3,3,3,3,4),
(1.71613782165461E-5,0.215221956991509,0.429290055675736,0.641575246297911,
0.712919865041205,0.928121207711132,1.06697529061225,1.29061466083769,1.41320665926614,
1.6387286245163,1.8643292002163,2.06797567934045),.UNSPECIFIED.);
#97=B_SPLINE_CURVE_WITH_KNOTS('',3,(#4339,#4340,#4341,#4342,#4343,#4344,
#4345,#4346,#4347,#4348,#4349,#4350,#4351,#4352,#4353,#4354,#4355,#4356,
#4357,#4358,#4359,#4360,#4361,#4362,#4363,#4364,#4365,#4366,#4367,#4368,
#4369,#4370,#4371,#4372),.UNSPECIFIED.,.F.,.F.,(4,3,3,3,3,3,3,3,3,3,3,4),
(1.62177094507161E-5,0.249739786775431,0.504886478455774,0.658430589880226,
0.917510820183755,1.04082118662612,1.24894553280008,1.35927733840968,1.56675650585402,
1.77639066407626,1.98870616066456,2.06991298204169),.UNSPECIFIED.);
#98=B_SPLINE_CURVE_WITH_KNOTS('',3,(#4374,#4375,#4376,#4377,#4378,#4379,
#4380,#4381,#4382,#4383,#4384,#4385,#4386,#4387,#4388,#4389,#4390,#4391,
#4392,#4393,#4394,#4395,#4396,#4397,#4398,#4399,#4400,#4401,#4402,#4403,
#4404,#4405,#4406,#4407),.UNSPECIFIED.,.F.,.F.,(4,3,3,3,3,3,3,3,3,3,3,4),
(1.71613782157029E-5,0.215222361266937,0.429290941432143,0.641576696504484,
0.712919865041202,0.928121192085394,1.06697529061224,1.29061458993541,1.41320665926613,
1.63872833173284,1.86432860398069,2.06797567934044),.UNSPECIFIED.);
#99=B_SPLINE_CURVE_WITH_KNOTS('',3,(#4411,#4412,#4413,#4414,#4415,#4416,
#4417,#4418,#4419,#4420,#4421,#4422,#4423,#4424,#4425,#4426,#4427,#4428,
#4429,#4430,#4431,#4432,#4433,#4434,#4435,#4436,#4437,#4438,#4439,#4440,
#4441,#4442,#4443,#4444),.UNSPECIFIED.,.F.,.F.,(4,3,3,3,3,3,3,3,3,3,3,4),
(1.6217709450827E-5,0.249739597672404,0.504886102320164,0.658430589880223,
0.917510839069115,1.04082118662611,1.24894553665919,1.35927733840967,1.56675662954354,
1.77639089402109,1.98870645822854,2.06991298204168),.UNSPECIFIED.);
#100=B_SPLINE_CURVE_WITH_KNOTS('',3,(#4446,#4447,#4448,#4449,#4450,#4451,
#4452,#4453,#4454,#4455,#4456,#4457,#4458,#4459,#4460,#4461,#4462,#4463,
#4464,#4465,#4466,#4467,#4468,#4469,#4470,#4471,#4472,#4473,#4474,#4475,
#4476,#4477,#4478,#4479),.UNSPECIFIED.,.F.,.F.,(4,3,3,3,3,3,3,3,3,3,3,4),
(1.71613782155543E-5,0.215222573326686,0.429291406118684,0.641577457461094,
0.712919865041197,0.928121184488044,1.06697529061223,1.29061455395484,1.41320665926611,
1.63872817633505,1.86432828754357,2.06797567934041),.UNSPECIFIED.);
#101=B_SPLINE_CURVE_WITH_KNOTS('',3,(#4483,#4484,#4485,#4486,#4487,#4488,
#4489,#4490,#4491,#4492,#4493,#4494,#4495,#4496,#4497,#4498,#4499,#4500,
#4501,#4502,#4503,#4504,#4505,#4506,#4507,#4508,#4509,#4510,#4511,#4512,
#4513,#4514,#4515,#4516),.UNSPECIFIED.,.F.,.F.,(4,3,3,3,3,3,3,3,3,3,3,4),
(1.71613782147433E-5,0.215222443696342,0.429291122054153,0.641576992274404,
0.712919865041204,0.928121189084079,1.06697529061224,1.29061457585102,1.41320665926613,
1.6387282714756,1.86432848127513,2.06797567934045),.UNSPECIFIED.);
#102=B_SPLINE_CURVE_WITH_KNOTS('',3,(#4519,#4520,#4521,#4522,#4523,#4524,
#4525,#4526,#4527,#4528,#4529,#4530,#4531,#4532,#4533,#4534,#4535,#4536,
#4537,#4538,#4539,#4540,#4541,#4542,#4543,#4544,#4545,#4546,#4547,#4548,
#4549,#4550,#4551,#4552),.UNSPECIFIED.,.F.,.F.,(4,3,3,3,3,3,3,3,3,3,3,4),
(1.62177094506338E-5,0.249740919655015,0.504888729446628,0.658430589880222,
0.91751070649319,1.04082118662611,1.2489455110008,1.35927733840966,1.56675576702559,
1.776389290231,1.98870438233464,2.06991298204168),.UNSPECIFIED.);
#103=B_SPLINE_CURVE_WITH_KNOTS('',3,(#4555,#4556,#4557,#4558,#4559,#4560,
#4561,#4562,#4563,#4564,#4565,#4566,#4567,#4568,#4569,#4570,#4571,#4572,
#4573,#4574,#4575,#4576,#4577,#4578,#4579,#4580,#4581,#4582,#4583,#4584,
#4585,#4586,#4587,#4588),.UNSPECIFIED.,.F.,.F.,(4,3,3,3,3,3,3,3,3,3,3,4),
(1.62177094507811E-5,0.249740727895067,0.50488834870989,0.658430589880224,
0.917510725802916,1.04082118662612,1.24894551453058,1.35927733840967,1.56675589182376,
1.77638952233142,1.98870468282878,2.06991298204168),.UNSPECIFIED.);
#104=B_SPLINE_CURVE_WITH_KNOTS('',3,(#4590,#4591,#4592,#4593,#4594,#4595,
#4596,#4597,#4598,#4599,#4600,#4601,#4602,#4603,#4604,#4605,#4606,#4607,
#4608,#4609,#4610,#4611,#4612,#4613,#4614,#4615,#4616,#4617,#4618,#4619,
#4620,#4621,#4622,#4623),.UNSPECIFIED.,.F.,.F.,(4,3,3,3,3,3,3,3,3,3,3,4),
(1.71613782160597E-5,0.215221675431701,0.429289438893951,0.641574236691228,
0.712919865041213,0.92812121950213,1.06697529061225,1.29061471205202,1.41320665926614,
1.63872882566752,1.86432960987759,2.06797567934045),.UNSPECIFIED.);
#105=B_SPLINE_CURVE_WITH_KNOTS('',3,(#4627,#4628,#4629,#4630,#4631,#4632,
#4633,#4634,#4635,#4636,#4637,#4638,#4639,#4640,#4641,#4642,#4643,#4644,
#4645,#4646,#4647,#4648,#4649,#4650,#4651,#4652,#4653,#4654,#4655,#4656,
#4657,#4658,#4659,#4660),.UNSPECIFIED.,.F.,.F.,(4,3,3,3,3,3,3,3,3,3,3,4),
(1.71613782156156E-5,0.215222060453898,0.429290282340817,0.64157561737114,
0.712919865041201,0.928121203567431,1.06697529061224,1.29061464240214,1.41320665926612,
1.63872855002642,1.86432904851716,2.06797567934043),.UNSPECIFIED.);
#106=B_SPLINE_CURVE_WITH_KNOTS('',3,(#4663,#4664,#4665,#4666,#4667,#4668,
#4669,#4670,#4671,#4672,#4673,#4674,#4675,#4676,#4677,#4678,#4679,#4680,
#4681,#4682,#4683,#4684,#4685,#4686,#4687,#4688,#4689,#4690,#4691,#4692,
#4693,#4694,#4695,#4696),.UNSPECIFIED.,.F.,.F.,(4,3,3,3,3,3,3,3,3,3,3,4),
(1.62177094505512E-5,0.249739983755629,0.504886870140969,0.658430589880224,
0.917510800481443,1.04082118662612,1.24894552884687,1.35927733840968,1.5667563771203,
1.77639042473738,1.98870585091955,2.0699129820417),.UNSPECIFIED.);
#107=B_SPLINE_CURVE_WITH_KNOTS('',3,(#4746,#4747,#4748,#4749,#4750,#4751),
 .UNSPECIFIED.,.F.,.F.,(4,2,4),(0.177592376731893,0.479641203353693,0.880214908789264),
 .UNSPECIFIED.);
#108=B_SPLINE_CURVE_WITH_KNOTS('',3,(#4753,#4754,#4755,#4756,#4757,#4758,
#4759,#4760,#4761,#4762,#4763,#4764,#4765,#4766,#4767,#4768,#4769,#4770,
#4771,#4772,#4773,#4774,#4775,#4776,#4777,#4778,#4779,#4780,#4781,#4782,
#4783,#4784,#4785,#4786),.UNSPECIFIED.,.F.,.F.,(4,3,3,3,3,3,3,3,3,3,3,4),
(0.0254589022325242,0.227763006299106,0.430343067425694,0.633121222180476,
0.693670325292053,0.912203456558814,1.04659722363723,1.31978688714922,1.4047779530251,
1.66930749779766,1.93884288627258,2.11926332937172),.UNSPECIFIED.);
#109=B_SPLINE_CURVE_WITH_KNOTS('',3,(#4787,#4788,#4789,#4790,#4791,#4792),
 .UNSPECIFIED.,.F.,.F.,(4,2,4),(0.0464403902416542,0.303922893307567,0.467787840104489),
 .UNSPECIFIED.);
#110=B_SPLINE_CURVE_WITH_KNOTS('',3,(#4796,#4797,#4798,#4799,#4800,#4801,
#4802,#4803,#4804,#4805,#4806,#4807,#4808,#4809,#4810,#4811,#4812,#4813,
#4814,#4815,#4816,#4817,#4818,#4819,#4820,#4821,#4822,#4823,#4824,#4825,
#4826,#4827,#4828,#4829,#4830,#4831,#4832),.UNSPECIFIED.,.F.,.F.,(4,3,3,
3,3,3,3,3,3,3,3,3,4),(0.0163114499292713,0.240933041585831,0.465464645219652,
0.690172196670087,0.722560927105869,0.958268458134515,1.07946833044877,
1.29629490695983,1.43556305639276,1.62620503656073,1.81618822204257,2.00483420665498,
2.116266264261),.UNSPECIFIED.);
#111=B_SPLINE_CURVE_WITH_KNOTS('',3,(#4836,#4837,#4838,#4839,#4840,#4841),
 .UNSPECIFIED.,.F.,.F.,(4,2,4),(0.137227780574056,0.300168281914877,0.556888446792727),
 .UNSPECIFIED.);
#112=B_SPLINE_CURVE_WITH_KNOTS('',3,(#4843,#4844,#4845,#4846,#4847,#4848),
 .UNSPECIFIED.,.F.,.F.,(4,2,4),(0.0777310140090996,0.505731122612992,0.776522944836065),
 .UNSPECIFIED.);
#113=B_SPLINE_CURVE_WITH_KNOTS('',3,(#4899,#4900,#4901,#4902,#4903,#4904,
#4905,#4906,#4907,#4908,#4909,#4910,#4911,#4912,#4913,#4914,#4915,#4916,
#4917,#4918,#4919,#4920,#4921,#4922,#4923,#4924,#4925,#4926,#4927,#4928,
#4929,#4930,#4931,#4932),.UNSPECIFIED.,.F.,.F.,(4,3,3,3,3,3,3,3,3,3,3,4),
(0.0254589022325266,0.227763005402386,0.430343065762567,0.633121219955456,
0.693670325292055,0.912203458179023,1.04659722363723,1.31978690158465,1.40477795302511,
1.66930747945665,1.93884284654953,2.11926332937173),.UNSPECIFIED.);
#114=B_SPLINE_CURVE_WITH_KNOTS('',3,(#4933,#4934,#4935,#4936,#4937,#4938),
 .UNSPECIFIED.,.F.,.F.,(4,2,4),(0.0464403902416537,0.303922893307562,0.467787840104483),
 .UNSPECIFIED.);
#115=B_SPLINE_CURVE_WITH_KNOTS('',3,(#4939,#4940,#4941,#4942,#4943,#4944),
 .UNSPECIFIED.,.F.,.F.,(4,2,4),(0.223855384969196,0.50791995829528,0.926545257426164),
 .UNSPECIFIED.);
#116=B_SPLINE_CURVE_WITH_KNOTS('',3,(#4947,#4948,#4949,#4950,#4951,#4952,
#4953,#4954,#4955,#4956,#4957,#4958,#4959,#4960,#4961,#4962,#4963,#4964,
#4965,#4966,#4967,#4968,#4969,#4970,#4971),.UNSPECIFIED.,.F.,.F.,(4,3,3,
3,3,3,3,3,4),(0.0777217129724094,0.180404303774831,0.283365063390574,0.385972912469506,
0.420823264687376,0.524673341776929,0.627663435878424,0.72898626666014,
0.776063183016797),.UNSPECIFIED.);
#117=B_SPLINE_CURVE_WITH_KNOTS('',3,(#4976,#4977,#4978,#4979,#4980,#4981),
 .UNSPECIFIED.,.F.,.F.,(4,2,4),(0.104116567740757,0.283975490877225,0.523794257976786),
 .UNSPECIFIED.);
#118=B_SPLINE_CURVE_WITH_KNOTS('',3,(#4983,#4984,#4985,#4986,#4987,#4988,
#4989,#4990,#4991,#4992,#4993,#4994,#4995,#4996,#4997,#4998,#4999,#5000,
#5001,#5002,#5003,#5004,#5005,#5006,#5007,#5008,#5009,#5010,#5011,#5012,
#5013,#5014,#5015,#5016,#5017,#5018,#5019),.UNSPECIFIED.,.F.,.F.,(4,3,3,
3,3,3,3,3,3,3,3,3,4),(0.0163114499292703,0.240932553371115,0.465463703653546,
0.690170844637466,0.722560927105874,0.95826852767086,1.07946833044878,1.2962949315096,
1.43556305639278,1.62620515193253,1.8161884626458,2.0048345776975,2.11626626426105),
 .UNSPECIFIED.);
#119=B_SPLINE_CURVE_WITH_KNOTS('',3,(#5047,#5048,#5049,#5050,#5051,#5052,
#5053,#5054,#5055,#5056,#5057,#5058,#5059,#5060,#5061,#5062,#5063,#5064,
#5065,#5066,#5067,#5068,#5069,#5070,#5071,#5072,#5073,#5074,#5075,#5076,
#5077,#5078,#5079,#5080,#5081,#5082,#5083),.UNSPECIFIED.,.F.,.F.,(4,3,3,
3,3,3,3,3,3,3,3,3,4),(0.0163114499292724,0.240933620011105,0.465465761035382,
0.69017379939551,0.722560927105864,0.958268376376041,1.07946833044876,1.29629487852306,
1.43556305639275,1.62620489893529,1.81618793521296,2.00483376478855,2.116266264261),
 .UNSPECIFIED.);
#120=B_SPLINE_CURVE_WITH_KNOTS('',3,(#5087,#5088,#5089,#5090,#5091,#5092,
#5093,#5094,#5095,#5096,#5097,#5098,#5099,#5100,#5101,#5102,#5103,#5104,
#5105,#5106,#5107,#5108,#5109,#5110,#5111,#5112,#5113,#5114,#5115,#5116,
#5117,#5118,#5119,#5120),.UNSPECIFIED.,.F.,.F.,(4,3,3,3,3,3,3,3,3,3,3,4),
(0.0254589022325242,0.227763279374647,0.43034357548949,0.63312190334086,
0.693670325292056,0.912202935997357,1.04659722363724,1.31978224861957,1.40477795302512,
1.66931348627259,1.93885585989669,2.11926332937174),.UNSPECIFIED.);
#121=B_SPLINE_CURVE_WITH_KNOTS('',3,(#5123,#5124,#5125,#5126,#5127,#5128),
 .UNSPECIFIED.,.F.,.F.,(4,2,4),(0.137227780574057,0.300168281914877,0.556888446792718),
 .UNSPECIFIED.);
#122=B_SPLINE_CURVE_WITH_KNOTS('',3,(#5129,#5130,#5131,#5132,#5133,#5134),
 .UNSPECIFIED.,.F.,.F.,(4,2,4),(0.0464403902416542,0.303922893307566,0.467787840104489),
 .UNSPECIFIED.);
#123=B_SPLINE_CURVE_WITH_KNOTS('',3,(#5136,#5137,#5138,#5139,#5140,#5141),
 .UNSPECIFIED.,.F.,.F.,(4,2,4),(0.0777310140090995,0.505731122612985,0.776522944836051),
 .UNSPECIFIED.);
#124=B_SPLINE_CURVE_WITH_KNOTS('',3,(#5142,#5143,#5144,#5145,#5146,#5147),
 .UNSPECIFIED.,.F.,.F.,(4,2,4),(0.234381088179874,0.507953087957712,0.937085725311868),
 .UNSPECIFIED.);
#125=B_SPLINE_CURVE_WITH_KNOTS('',3,(#5222,#5223,#5224,#5225,#5226,#5227,
#5228,#5229,#5230,#5231,#5232,#5233,#5234,#5235,#5236,#5237,#5238,#5239,
#5240,#5241,#5242,#5243,#5244,#5245,#5246,#5247,#5248,#5249,#5250,#5251,
#5252,#5253,#5254,#5255,#5256,#5257,#5258),.UNSPECIFIED.,.F.,.F.,(4,3,3,
3,3,3,3,3,3,3,3,3,4),(0.0163114499292733,0.240933770452796,0.46546605129165,
0.690174216371982,0.722560927105865,0.958268355220599,1.07946833044876,
1.29629487124043,1.43556305639276,1.62620486298013,1.81618786030561,2.0048336494766,
2.11626626426101),.UNSPECIFIED.);
#126=B_SPLINE_CURVE_WITH_KNOTS('',3,(#5259,#5260,#5261,#5262,#5263,#5264),
 .UNSPECIFIED.,.F.,.F.,(4,2,4),(0.0777310140091009,0.505731122612991,0.776522944836059),
 .UNSPECIFIED.);
#127=B_SPLINE_CURVE_WITH_KNOTS('',3,(#5265,#5266,#5267,#5268,#5269,#5270),
 .UNSPECIFIED.,.F.,.F.,(4,2,4),(0.137227780574056,0.300168281914874,0.556888446792706),
 .UNSPECIFIED.);
#128=B_SPLINE_CURVE_WITH_KNOTS('',3,(#5297,#5298,#5299,#5300,#5301,#5302,
#5303,#5304,#5305,#5306,#5307,#5308,#5309,#5310,#5311,#5312,#5313,#5314,
#5315,#5316,#5317,#5318,#5319,#5320,#5321,#5322,#5323,#5324,#5325,#5326,
#5327,#5328,#5329,#5330),.UNSPECIFIED.,.F.,.F.,(4,3,3,3,3,3,3,3,3,3,3,4),
(0.0254589022325226,0.227763331011584,0.430343672033023,0.633122033388797,
0.693670325292054,0.912202830309826,1.04659722363723,1.31978130566492,1.4047779530251,
1.66931472815456,1.9388585507442,2.11926332937171),.UNSPECIFIED.);
#129=B_SPLINE_CURVE_WITH_KNOTS('',3,(#5331,#5332,#5333,#5334,#5335,#5336),
 .UNSPECIFIED.,.F.,.F.,(4,2,4),(0.0464403902416547,0.303922893307567,0.467787840104494),
 .UNSPECIFIED.);
#130=B_SPLINE_CURVE_WITH_KNOTS('',3,(#5337,#5338,#5339,#5340,#5341,#5342),
 .UNSPECIFIED.,.F.,.F.,(4,2,4),(0.234381088179872,0.507953087957704,0.937085725311841),
 .UNSPECIFIED.);
#131=B_SPLINE_CURVE_WITH_KNOTS('',3,(#5351,#5352,#5353,#5354,#5355,#5356,
#5357,#5358,#5359,#5360,#5361,#5362,#5363,#5364,#5365,#5366,#5367,#5368,
#5369,#5370,#5371,#5372,#5373,#5374,#5375,#5376,#5377,#5378,#5379,#5380,
#5381,#5382,#5383,#5384,#5385,#5386,#5387),.UNSPECIFIED.,.F.,.F.,(4,3,3,
3,3,3,3,3,3,3,3,3,4),(0.0163114499292721,0.240933779169168,0.465466068107053,
0.690174240529291,0.722560927105875,0.958268353996443,1.07946833044878,
1.29629487081878,1.43556305639278,1.62620486089501,1.81618785596318,2.00483364278923,
2.11626626426105),.UNSPECIFIED.);
#132=B_SPLINE_CURVE_WITH_KNOTS('',3,(#5391,#5392,#5393,#5394,#5395,#5396,
#5397,#5398,#5399,#5400,#5401,#5402,#5403,#5404,#5405,#5406,#5407,#5408,
#5409,#5410,#5411,#5412,#5413,#5414,#5415,#5416,#5417,#5418,#5419,#5420,
#5421,#5422,#5423,#5424),.UNSPECIFIED.,.F.,.F.,(4,3,3,3,3,3,3,3,3,3,3,4),
(0.0254589022325238,0.227763221385567,0.430343467273421,0.633121757826647,
0.693670325292055,0.912203051595627,1.04659722363723,1.31978327951557,1.40477795302511,
1.66931213827928,1.93885293927715,2.11926332937173),.UNSPECIFIED.);
#133=B_SPLINE_CURVE_WITH_KNOTS('',3,(#5427,#5428,#5429,#5430,#5431,#5432),
 .UNSPECIFIED.,.F.,.F.,(4,2,4),(0.137227780574055,0.300168281914874,0.556888446792714),
 .UNSPECIFIED.);
#134=B_SPLINE_CURVE_WITH_KNOTS('',3,(#5433,#5434,#5435,#5436,#5437,#5438),
 .UNSPECIFIED.,.F.,.F.,(4,2,4),(0.0464403902416548,0.303922893307568,0.467787840104496),
 .UNSPECIFIED.);
#135=B_SPLINE_CURVE_WITH_KNOTS('',3,(#5440,#5441,#5442,#5443,#5444,#5445),
 .UNSPECIFIED.,.F.,.F.,(4,2,4),(0.0777310140091011,0.505731122612994,0.776522944836071),
 .UNSPECIFIED.);
#136=B_SPLINE_CURVE_WITH_KNOTS('',3,(#5446,#5447,#5448,#5449,#5450,#5451),
 .UNSPECIFIED.,.F.,.F.,(4,2,4),(0.234381088179874,0.507953087957709,0.937085725311859),
 .UNSPECIFIED.);
#137=B_SPLINE_CURVE_WITH_KNOTS('',3,(#5526,#5527,#5528,#5529,#5530,#5531,
#5532,#5533,#5534,#5535,#5536,#5537,#5538,#5539,#5540,#5541,#5542,#5543,
#5544,#5545,#5546,#5547,#5548,#5549,#5550,#5551,#5552,#5553,#5554,#5555,
#5556,#5557,#5558,#5559,#5560,#5561,#5562),.UNSPECIFIED.,.F.,.F.,(4,3,3,
3,3,3,3,3,3,3,3,3,4),(0.0163114499292716,0.240932802623554,0.465464184332246,
0.690171534818056,0.722560927105871,0.958268492108548,1.07946833044878,
1.29629491891102,1.43556305639278,1.6262050931229,1.81618833998156,2.00483438848748,
2.11626626426103),.UNSPECIFIED.);
#138=B_SPLINE_CURVE_WITH_KNOTS('',3,(#5563,#5564,#5565,#5566,#5567,#5568),
 .UNSPECIFIED.,.F.,.F.,(4,2,4),(0.0777310140090999,0.505731122612994,0.77652294483607),
 .UNSPECIFIED.);
#139=B_SPLINE_CURVE_WITH_KNOTS('',3,(#5569,#5570,#5571,#5572,#5573,#5574),
 .UNSPECIFIED.,.F.,.F.,(4,2,4),(0.137227780574056,0.300168281914873,0.556888446792705),
 .UNSPECIFIED.);
#140=B_SPLINE_CURVE_WITH_KNOTS('',3,(#5601,#5602,#5603,#5604,#5605,#5606,
#5607,#5608,#5609,#5610,#5611,#5612,#5613,#5614,#5615,#5616,#5617,#5618,
#5619,#5620,#5621,#5622,#5623,#5624,#5625,#5626,#5627,#5628,#5629,#5630,
#5631,#5632,#5633,#5634),.UNSPECIFIED.,.F.,.F.,(4,3,3,3,3,3,3,3,3,3,3,4),
(0.0254589022325234,0.227762923978612,0.430342914929836,0.633121018588439,
0.693670325292054,0.912203603279545,1.04659722363723,1.31978819280229,1.40477795302509,
1.66930584664943,1.93883930974113,2.1192633293717),.UNSPECIFIED.);
#141=B_SPLINE_CURVE_WITH_KNOTS('',3,(#5635,#5636,#5637,#5638,#5639,#5640),
 .UNSPECIFIED.,.F.,.F.,(4,2,4),(0.0464403902416545,0.303922893307568,0.467787840104494),
 .UNSPECIFIED.);
#142=B_SPLINE_CURVE_WITH_KNOTS('',3,(#5641,#5642,#5643,#5644,#5645,#5646),
 .UNSPECIFIED.,.F.,.F.,(4,2,4),(0.234381088179873,0.507953087957706,0.937085725311847),
 .UNSPECIFIED.);
#143=B_SPLINE_CURVE_WITH_KNOTS('',3,(#5655,#5656,#5657,#5658,#5659,#5660,
#5661,#5662,#5663,#5664,#5665,#5666,#5667,#5668,#5669,#5670,#5671,#5672,
#5673,#5674,#5675,#5676,#5677,#5678,#5679,#5680,#5681,#5682,#5683,#5684,
#5685,#5686,#5687,#5688,#5689,#5690,#5691),.UNSPECIFIED.,.F.,.F.,(4,3,3,
3,3,3,3,3,3,3,3,3,4),(0.0163114499292729,0.240932709821713,0.46546400536291,
0.690171277832132,0.722560927105877,0.958268505333609,1.07946833044879,
1.29629492358638,1.43556305639279,1.62620511504121,1.81618838569233,2.00483445898611,
2.11626626426104),.UNSPECIFIED.);
#144=B_SPLINE_CURVE_WITH_KNOTS('',3,(#5695,#5696,#5697,#5698,#5699,#5700,
#5701,#5702,#5703,#5704,#5705,#5706,#5707,#5708,#5709,#5710,#5711,#5712,
#5713,#5714,#5715,#5716,#5717,#5718,#5719,#5720,#5721,#5722,#5723,#5724,
#5725,#5726,#5727,#5728),.UNSPECIFIED.,.F.,.F.,(4,3,3,3,3,3,3,3,3,3,3,4),
(0.0254589022325238,0.22776303991061,0.430343129767283,0.633121305510907,
0.693670325292053,0.912203395451846,1.04659722363723,1.31978634314229,1.4047779530251,
1.66930819010311,1.93884438594522,2.11926332937173),.UNSPECIFIED.);
#145=B_SPLINE_CURVE_WITH_KNOTS('',3,(#5731,#5732,#5733,#5734,#5735,#5736),
 .UNSPECIFIED.,.F.,.F.,(4,2,4),(0.137227780574057,0.300168281914876,0.556888446792711),
 .UNSPECIFIED.);
#146=B_SPLINE_CURVE_WITH_KNOTS('',3,(#5737,#5738,#5739,#5740,#5741,#5742),
 .UNSPECIFIED.,.F.,.F.,(4,2,4),(0.0464403902416536,0.303922893307566,0.467787840104489),
 .UNSPECIFIED.);
#147=B_SPLINE_CURVE_WITH_KNOTS('',3,(#5744,#5745,#5746,#5747,#5748,#5749),
 .UNSPECIFIED.,.F.,.F.,(4,2,4),(0.0777310140091,0.505731122612993,0.776522944836067),
 .UNSPECIFIED.);
#148=B_SPLINE_CURVE_WITH_KNOTS('',3,(#5750,#5751,#5752,#5753,#5754,#5755),
 .UNSPECIFIED.,.F.,.F.,(4,2,4),(0.234381088179873,0.50795308795771,0.937085725311859),
 .UNSPECIFIED.);
#149=B_SPLINE_CURVE_WITH_KNOTS('',3,(#5830,#5831,#5832,#5833,#5834,#5835,
#5836,#5837,#5838,#5839,#5840,#5841,#5842,#5843,#5844,#5845,#5846,#5847,
#5848,#5849,#5850,#5851,#5852,#5853,#5854,#5855,#5856,#5857,#5858,#5859,
#5860,#5861,#5862,#5863,#5864,#5865,#5866),.UNSPECIFIED.,.F.,.F.,(4,3,3,
3,3,3,3,3,3,3,3,3,4),(0.0163114499292735,0.240933303818472,0.465465151049106,
0.690172923164196,0.722560927105865,0.95826842098578,1.07946833044876,1.29629489398148,
1.43556305639276,1.62620497429015,1.81618809223791,2.00483400662745,2.11626626426102),
 .UNSPECIFIED.);
#150=B_SPLINE_CURVE_WITH_KNOTS('',3,(#5867,#5868,#5869,#5870,#5871,#5872),
 .UNSPECIFIED.,.F.,.F.,(4,2,4),(0.0777310140090997,0.505731122612983,0.776522944836046),
 .UNSPECIFIED.);
#151=B_SPLINE_CURVE_WITH_KNOTS('',3,(#5873,#5874,#5875,#5876,#5877,#5878),
 .UNSPECIFIED.,.F.,.F.,(4,2,4),(0.137227780574056,0.300168281914874,0.556888446792712),
 .UNSPECIFIED.);
#152=B_SPLINE_CURVE_WITH_KNOTS('',3,(#5905,#5906,#5907,#5908,#5909,#5910,
#5911,#5912,#5913,#5914,#5915,#5916,#5917,#5918,#5919,#5920,#5921,#5922,
#5923,#5924,#5925,#5926,#5927,#5928,#5929,#5930,#5931,#5932,#5933,#5934,
#5935,#5936,#5937,#5938),.UNSPECIFIED.,.F.,.F.,(4,3,3,3,3,3,3,3,3,3,3,4),
(0.0254589022325225,0.22776318619151,0.430343401688615,0.63312166976477,
0.693670325292055,0.912203120286448,1.04659722363723,1.31978389187871,1.40477795302511,
1.66931134227127,1.9388512146914,2.11926332937174),.UNSPECIFIED.);
#153=B_SPLINE_CURVE_WITH_KNOTS('',3,(#5939,#5940,#5941,#5942,#5943,#5944),
 .UNSPECIFIED.,.F.,.F.,(4,2,4),(0.0464403902416554,0.303922893307571,0.467787840104497),
 .UNSPECIFIED.);
#154=B_SPLINE_CURVE_WITH_KNOTS('',3,(#5945,#5946,#5947,#5948,#5949,#5950),
 .UNSPECIFIED.,.F.,.F.,(4,2,4),(0.234381088179874,0.507953087957703,0.937085725311836),
 .UNSPECIFIED.);
#155=B_SPLINE_CURVE_WITH_KNOTS('',3,(#5959,#5960,#5961,#5962,#5963,#5964,
#5965,#5966,#5967,#5968,#5969,#5970,#5971,#5972,#5973,#5974,#5975,#5976,
#5977,#5978,#5979,#5980,#5981,#5982,#5983,#5984,#5985,#5986,#5987,#5988,
#5989,#5990,#5991,#5992,#5993,#5994,#5995),.UNSPECIFIED.,.F.,.F.,(4,3,3,
3,3,3,3,3,3,3,3,3,4),(0.0163114499292731,0.240933679064857,0.465465874967333,
0.690173963065392,0.722560927105871,0.95826836806623,1.07946833044878,1.29629487565876,
1.43556305639277,1.62620488482959,1.81618790582209,2.00483371954267,2.11626626426102),
 .UNSPECIFIED.);
#156=B_SPLINE_CURVE_WITH_KNOTS('',3,(#5999,#6000,#6001,#6002,#6003,#6004,
#6005,#6006,#6007,#6008,#6009,#6010,#6011,#6012,#6013,#6014,#6015,#6016,
#6017,#6018,#6019,#6020,#6021,#6022,#6023,#6024,#6025,#6026,#6027,#6028,
#6029,#6030,#6031,#6032),.UNSPECIFIED.,.F.,.F.,(4,3,3,3,3,3,3,3,3,3,3,4),
(0.0254589022325231,0.227763299286325,0.430343612695582,0.633121953431597,
0.693670325292055,0.912202895563111,1.04659722363723,1.31978188790584,1.4047779530251,
1.66931396032174,1.93885688703096,2.11926332937171),.UNSPECIFIED.);
#157=B_SPLINE_CURVE_WITH_KNOTS('',3,(#6035,#6036,#6037,#6038,#6039,#6040),
 .UNSPECIFIED.,.F.,.F.,(4,2,4),(0.137227780574056,0.300168281914874,0.556888446792714),
 .UNSPECIFIED.);
#158=B_SPLINE_CURVE_WITH_KNOTS('',3,(#6041,#6042,#6043,#6044,#6045,#6046),
 .UNSPECIFIED.,.F.,.F.,(4,2,4),(0.0464403902416545,0.303922893307566,0.467787840104491),
 .UNSPECIFIED.);
#159=B_SPLINE_CURVE_WITH_KNOTS('',3,(#6048,#6049,#6050,#6051,#6052,#6053),
 .UNSPECIFIED.,.F.,.F.,(4,2,4),(0.077731014009099,0.505731122612984,0.776522944836044),
 .UNSPECIFIED.);
#160=B_SPLINE_CURVE_WITH_KNOTS('',3,(#6054,#6055,#6056,#6057,#6058,#6059),
 .UNSPECIFIED.,.F.,.F.,(4,2,4),(0.234381088179873,0.507953087957711,0.937085725311863),
 .UNSPECIFIED.);
#161=B_SPLINE_CURVE_WITH_KNOTS('',3,(#6134,#6135,#6136,#6137,#6138,#6139,
#6140,#6141,#6142,#6143,#6144,#6145,#6146,#6147,#6148,#6149,#6150,#6151,
#6152,#6153,#6154,#6155,#6156,#6157,#6158,#6159,#6160,#6161,#6162,#6163,
#6164,#6165,#6166,#6167,#6168,#6169,#6170),.UNSPECIFIED.,.F.,.F.,(4,3,3,
3,3,3,3,3,3,3,3,3,4),(0.0163114499292732,0.2409337993685,0.465466107078599,
0.690174296526873,0.722560927105879,0.958268351158546,1.07946833044879,
1.29629486984619,1.4355630563928,1.62620485606075,1.81618784589363,2.00483362729247,
2.11626626426107),.UNSPECIFIED.);
#162=B_SPLINE_CURVE_WITH_KNOTS('',3,(#6171,#6172,#6173,#6174,#6175,#6176),
 .UNSPECIFIED.,.F.,.F.,(4,2,4),(0.0777310140090994,0.505731122612994,0.776522944836068),
 .UNSPECIFIED.);
#163=B_SPLINE_CURVE_WITH_KNOTS('',3,(#6177,#6178,#6179,#6180,#6181,#6182),
 .UNSPECIFIED.,.F.,.F.,(4,2,4),(0.137227780574056,0.300168281914879,0.556888446792723),
 .UNSPECIFIED.);
#164=B_SPLINE_CURVE_WITH_KNOTS('',3,(#6209,#6210,#6211,#6212,#6213,#6214,
#6215,#6216,#6217,#6218,#6219,#6220,#6221,#6222,#6223,#6224,#6225,#6226,
#6227,#6228,#6229,#6230,#6231,#6232,#6233,#6234,#6235,#6236,#6237,#6238,
#6239,#6240,#6241,#6242),.UNSPECIFIED.,.F.,.F.,(4,3,3,3,3,3,3,3,3,3,3,4),
(0.0254589022325242,0.227763338726444,0.430343686472574,0.633122052861304,
0.693670325292055,0.912202814279986,1.04659722363723,1.31978116259625,1.4047779530251,
1.6693149173323,1.93885896065263,2.11926332937172),.UNSPECIFIED.);
#165=B_SPLINE_CURVE_WITH_KNOTS('',3,(#6243,#6244,#6245,#6246,#6247,#6248),
 .UNSPECIFIED.,.F.,.F.,(4,2,4),(0.0464403902416537,0.303922893307559,0.467787840104478),
 .UNSPECIFIED.);
#166=B_SPLINE_CURVE_WITH_KNOTS('',3,(#6249,#6250,#6251,#6252,#6253,#6254),
 .UNSPECIFIED.,.F.,.F.,(4,2,4),(0.234381088179873,0.507953087957703,0.937085725311837),
 .UNSPECIFIED.);
#167=B_SPLINE_CURVE_WITH_KNOTS('',3,(#6263,#6264,#6265,#6266,#6267,#6268,
#6269,#6270,#6271,#6272,#6273,#6274,#6275,#6276,#6277,#6278,#6279,#6280,
#6281,#6282,#6283,#6284,#6285,#6286,#6287,#6288,#6289,#6290,#6291,#6292,
#6293,#6294,#6295,#6296,#6297,#6298,#6299),.UNSPECIFIED.,.F.,.F.,(4,3,3,
3,3,3,3,3,3,3,3,3,4),(0.016311449929272,0.240933528673923,0.465465584821553,
0.690173546249628,0.72256092710587,0.958268389241492,1.07946833044878,1.29629488296784,
1.43556305639278,1.62620492073276,1.81618798062771,2.00483383471904,2.11626626426104),
 .UNSPECIFIED.);
#168=B_SPLINE_CURVE_WITH_KNOTS('',3,(#6303,#6304,#6305,#6306,#6307,#6308,
#6309,#6310,#6311,#6312,#6313,#6314,#6315,#6316,#6317,#6318,#6319,#6320,
#6321,#6322,#6323,#6324,#6325,#6326,#6327,#6328,#6329,#6330,#6331,#6332,
#6333,#6334,#6335,#6336),.UNSPECIFIED.,.F.,.F.,(4,3,3,3,3,3,3,3,3,3,3,4),
(0.025458902232523,0.227763154484624,0.430343342662703,0.633121590577652,
0.693670325292054,0.912203181301103,1.04659722363723,1.31978443564322,1.40477795302511,
1.66931063832755,1.9388496896245,2.11926332937173),.UNSPECIFIED.);
#169=B_SPLINE_CURVE_WITH_KNOTS('',3,(#6339,#6340,#6341,#6342,#6343,#6344),
 .UNSPECIFIED.,.F.,.F.,(4,2,4),(0.137227780574055,0.300168281914877,0.556888446792711),
 .UNSPECIFIED.);
#170=B_SPLINE_CURVE_WITH_KNOTS('',3,(#6345,#6346,#6347,#6348,#6349,#6350),
 .UNSPECIFIED.,.F.,.F.,(4,2,4),(0.046440390241654,0.303922893307567,0.467787840104492),
 .UNSPECIFIED.);
#171=B_SPLINE_CURVE_WITH_KNOTS('',3,(#6352,#6353,#6354,#6355,#6356,#6357),
 .UNSPECIFIED.,.F.,.F.,(4,2,4),(0.0777310140090988,0.505731122612989,0.776522944836059),
 .UNSPECIFIED.);
#172=B_SPLINE_CURVE_WITH_KNOTS('',3,(#6358,#6359,#6360,#6361,#6362,#6363),
 .UNSPECIFIED.,.F.,.F.,(4,2,4),(0.234381088179873,0.507953087957707,0.937085725311851),
 .UNSPECIFIED.);
#173=B_SPLINE_CURVE_WITH_KNOTS('',3,(#6438,#6439,#6440,#6441,#6442,#6443,
#6444,#6445,#6446,#6447,#6448,#6449,#6450,#6451,#6452,#6453,#6454,#6455,
#6456,#6457,#6458,#6459,#6460,#6461,#6462,#6463,#6464,#6465,#6466,#6467,
#6468,#6469,#6470,#6471,#6472,#6473,#6474),.UNSPECIFIED.,.F.,.F.,(4,3,3,
3,3,3,3,3,3,3,3,3,4),(0.0163114499292728,0.240932563460114,0.465463723107081,
0.690170872558251,0.722560927105872,0.958268526229264,1.07946833044878,
1.29629493099643,1.43556305639277,1.62620514955692,1.81618845768899,2.00483457005119,
2.11626626426103),.UNSPECIFIED.);
#174=B_SPLINE_CURVE_WITH_KNOTS('',3,(#6475,#6476,#6477,#6478,#6479,#6480),
 .UNSPECIFIED.,.F.,.F.,(4,2,4),(0.0777310140090994,0.50573112261299,0.77652294483606),
 .UNSPECIFIED.);
#175=B_SPLINE_CURVE_WITH_KNOTS('',3,(#6481,#6482,#6483,#6484,#6485,#6486),
 .UNSPECIFIED.,.F.,.F.,(4,2,4),(0.137227780574055,0.300168281914874,0.556888446792707),
 .UNSPECIFIED.);
#176=B_SPLINE_CURVE_WITH_KNOTS('',3,(#6513,#6514,#6515,#6516,#6517,#6518,
#6519,#6520,#6521,#6522,#6523,#6524,#6525,#6526,#6527,#6528,#6529,#6530,
#6531,#6532,#6533,#6534,#6535,#6536,#6537,#6538,#6539,#6540,#6541,#6542,
#6543,#6544,#6545,#6546),.UNSPECIFIED.,.F.,.F.,(4,3,3,3,3,3,3,3,3,3,3,4),
(0.0254589022325231,0.227762937793026,0.430342940499089,0.633121052700278,
0.693670325292058,0.912203578937097,1.04659722363724,1.31978797624099,1.40477795302512,
1.66930611950156,1.93883990075156,2.11926332937175),.UNSPECIFIED.);
#177=B_SPLINE_CURVE_WITH_KNOTS('',3,(#6547,#6548,#6549,#6550,#6551,#6552),
 .UNSPECIFIED.,.F.,.F.,(4,2,4),(0.0464403902416542,0.303922893307563,0.467787840104486),
 .UNSPECIFIED.);
#178=B_SPLINE_CURVE_WITH_KNOTS('',3,(#6553,#6554,#6555,#6556,#6557,#6558),
 .UNSPECIFIED.,.F.,.F.,(4,2,4),(0.215178157517665,0.507892788182186,0.917857072342717),
 .UNSPECIFIED.);
#179=B_SPLINE_CURVE_WITH_KNOTS('',3,(#6567,#6568,#6569,#6570,#6571,#6572,
#6573,#6574,#6575,#6576,#6577,#6578,#6579,#6580,#6581,#6582,#6583,#6584,
#6585,#6586,#6587,#6588,#6589,#6590,#6591,#6592,#6593,#6594,#6595,#6596,
#6597,#6598,#6599,#6600,#6601,#6602,#6603),.UNSPECIFIED.,.F.,.F.,(4,3,3,
3,3,3,3,3,3,3,3,3,4),(0.0163114499292751,0.240932862568303,0.4654642999421,
0.690171700834213,0.722560927105875,0.958268483574637,1.07946833044878,
1.29629491590268,1.43556305639278,1.62620507895006,1.81618831042603,2.00483434291206,
2.11626626426105),.UNSPECIFIED.);
#180=B_SPLINE_CURVE_WITH_KNOTS('',3,(#6607,#6608,#6609,#6610,#6611,#6612,
#6613,#6614,#6615,#6616,#6617,#6618,#6619,#6620,#6621,#6622,#6623,#6624,
#6625,#6626,#6627,#6628,#6629,#6630,#6631,#6632,#6633,#6634,#6635,#6636,
#6637,#6638,#6639,#6640),.UNSPECIFIED.,.F.,.F.,(4,3,3,3,3,3,3,3,3,3,3,4),
(0.0254589022325237,0.227763075429365,0.430343195702154,0.633121393711099,
0.693670325292056,0.912203330060695,1.04659722363724,1.31978576086106,1.40477795302511,
1.66930893399706,1.93884599741515,2.11926332937175),.UNSPECIFIED.);
#181=B_SPLINE_CURVE_WITH_KNOTS('',3,(#6643,#6644,#6645,#6646,#6647,#6648),
 .UNSPECIFIED.,.F.,.F.,(4,2,4),(0.137227780574055,0.300168281914874,0.556888446792704),
 .UNSPECIFIED.);
#182=B_SPLINE_CURVE_WITH_KNOTS('',3,(#6649,#6650,#6651,#6652,#6653,#6654),
 .UNSPECIFIED.,.F.,.F.,(4,2,4),(0.0464403902416543,0.303922893307563,0.467787840104485),
 .UNSPECIFIED.);
#183=B_SPLINE_CURVE_WITH_KNOTS('',3,(#6656,#6657,#6658,#6659,#6660,#6661),
 .UNSPECIFIED.,.F.,.F.,(4,2,4),(0.0777310140091002,0.505731122612987,0.776522944836056),
 .UNSPECIFIED.);
#184=B_SPLINE_CURVE_WITH_KNOTS('',3,(#6662,#6663,#6664,#6665,#6666,#6667),
 .UNSPECIFIED.,.F.,.F.,(4,2,4),(0.234381088179871,0.507953087957703,0.937085725311837),
 .UNSPECIFIED.);
#185=B_SPLINE_CURVE_WITH_KNOTS('',3,(#6742,#6743,#6744,#6745,#6746,#6747,
#6748,#6749,#6750,#6751,#6752,#6753,#6754,#6755,#6756,#6757,#6758,#6759,
#6760,#6761,#6762,#6763,#6764,#6765,#6766,#6767,#6768,#6769,#6770,#6771,
#6772,#6773,#6774,#6775,#6776,#6777,#6778),.UNSPECIFIED.,.F.,.F.,(4,3,3,
3,3,3,3,3,3,3,3,3,4),(0.0163114499292743,0.240933429482126,0.465465393461327,
0.690173271367285,0.722560927105877,0.958268403232591,1.07946833044879,
1.29629488781419,1.43556305639279,1.62620494437742,1.81618802989743,2.00483391059933,
2.11626626426105),.UNSPECIFIED.);
#186=B_SPLINE_CURVE_WITH_KNOTS('',3,(#6779,#6780,#6781,#6782,#6783,#6784),
 .UNSPECIFIED.,.F.,.F.,(4,2,4),(0.0777310140091011,0.505731122612989,0.776522944836059),
 .UNSPECIFIED.);
#187=B_SPLINE_CURVE_WITH_KNOTS('',3,(#6785,#6786,#6787,#6788,#6789,#6790),
 .UNSPECIFIED.,.F.,.F.,(4,2,4),(0.137227780574057,0.300168281914878,0.55688844679272),
 .UNSPECIFIED.);
#188=B_SPLINE_CURVE_WITH_KNOTS('',3,(#6817,#6818,#6819,#6820,#6821,#6822,
#6823,#6824,#6825,#6826,#6827,#6828,#6829,#6830,#6831,#6832,#6833,#6834,
#6835,#6836,#6837,#6838,#6839,#6840,#6841,#6842,#6843,#6844,#6845,#6846,
#6847,#6848,#6849,#6850),.UNSPECIFIED.,.F.,.F.,(4,3,3,3,3,3,3,3,3,3,3,4),
(0.0254589022325242,0.227763221807364,0.43034346805609,0.633121758880452,
0.693670325292055,0.91220305076683,1.04659722363723,1.31978327213249,1.40477795302511,
1.66931214789745,1.93885296011725,2.11926332937172),.UNSPECIFIED.);
#189=B_SPLINE_CURVE_WITH_KNOTS('',3,(#6851,#6852,#6853,#6854,#6855,#6856),
 .UNSPECIFIED.,.F.,.F.,(4,2,4),(0.0464403902416536,0.303922893307564,0.467787840104487),
 .UNSPECIFIED.);
#190=B_SPLINE_CURVE_WITH_KNOTS('',3,(#6857,#6858,#6859,#6860,#6861,#6862),
 .UNSPECIFIED.,.F.,.F.,(4,2,4),(0.234381088179873,0.507953087957705,0.937085725311842),
 .UNSPECIFIED.);
#191=B_SPLINE_CURVE_WITH_KNOTS('',3,(#6871,#6872,#6873,#6874,#6875,#6876,
#6877,#6878,#6879,#6880,#6881,#6882,#6883,#6884,#6885,#6886,#6887,#6888,
#6889,#6890,#6891,#6892,#6893,#6894,#6895,#6896,#6897,#6898,#6899,#6900,
#6901,#6902,#6903,#6904,#6905,#6906,#6907),.UNSPECIFIED.,.F.,.F.,(4,3,3,
3,3,3,3,3,3,3,3,3,4),(0.0163114499292736,0.240933714158689,0.465465942676562,
0.690174060333101,0.722560927105876,0.958268363131359,1.07946833044878,
1.29629487396024,1.43556305639279,1.62620487644113,1.81618788835025,2.00483369264355,
2.11626626426106),.UNSPECIFIED.);
#192=B_SPLINE_CURVE_WITH_KNOTS('',3,(#6911,#6912,#6913,#6914,#6915,#6916,
#6917,#6918,#6919,#6920,#6921,#6922,#6923,#6924,#6925,#6926,#6927,#6928,
#6929,#6930,#6931,#6932,#6933,#6934,#6935,#6936,#6937,#6938,#6939,#6940,
#6941,#6942,#6943,#6944),.UNSPECIFIED.,.F.,.F.,(4,3,3,3,3,3,3,3,3,3,3,4),
(0.0254589022325218,0.227763313799422,0.430343639832779,0.63312198998991,
0.693670325292054,0.912202865840439,1.04659722363723,1.31978162270914,1.4047779530251,
1.66931430965438,1.93885764393445,2.11926332937171),.UNSPECIFIED.);
#193=B_SPLINE_CURVE_WITH_KNOTS('',3,(#6947,#6948,#6949,#6950,#6951,#6952),
 .UNSPECIFIED.,.F.,.F.,(4,2,4),(0.137227780574056,0.300168281914878,0.556888446792725),
 .UNSPECIFIED.);
#194=B_SPLINE_CURVE_WITH_KNOTS('',3,(#6953,#6954,#6955,#6956,#6957,#6958),
 .UNSPECIFIED.,.F.,.F.,(4,2,4),(0.046440390241654,0.303922893307559,0.467787840104479),
 .UNSPECIFIED.);
#195=B_SPLINE_CURVE_WITH_KNOTS('',3,(#6960,#6961,#6962,#6963,#6964,#6965),
 .UNSPECIFIED.,.F.,.F.,(4,2,4),(0.0777310140091005,0.505731122612993,0.776522944836075),
 .UNSPECIFIED.);
#196=B_SPLINE_CURVE_WITH_KNOTS('',3,(#6966,#6967,#6968,#6969,#6970,#6971),
 .UNSPECIFIED.,.F.,.F.,(4,2,4),(0.234381088179874,0.50795308795771,0.937085725311862),
 .UNSPECIFIED.);
#197=B_SPLINE_CURVE_WITH_KNOTS('',3,(#7046,#7047,#7048,#7049,#7050,#7051,
#7052,#7053,#7054,#7055,#7056,#7057,#7058,#7059,#7060,#7061,#7062,#7063,
#7064,#7065,#7066,#7067,#7068,#7069,#7070,#7071,#7072,#7073,#7074,#7075,
#7076,#7077,#7078,#7079,#7080,#7081,#7082),.UNSPECIFIED.,.F.,.F.,(4,3,3,
3,3,3,3,3,3,3,3,3,4),(0.0163114499292722,0.240933828968086,0.465466164192378,
0.69017437858388,0.722560927105866,0.958268347003388,1.07946833044877,1.29629486841957,
1.43556305639276,1.62620484897636,1.81618783113661,2.0048336045799,2.11626626426102),
 .UNSPECIFIED.);
#198=B_SPLINE_CURVE_WITH_KNOTS('',3,(#7083,#7084,#7085,#7086,#7087,#7088),
 .UNSPECIFIED.,.F.,.F.,(4,2,4),(0.0777310140091002,0.50573112261299,0.776522944836061),
 .UNSPECIFIED.);
#199=B_SPLINE_CURVE_WITH_KNOTS('',3,(#7089,#7090,#7091,#7092,#7093,#7094),
 .UNSPECIFIED.,.F.,.F.,(4,2,4),(0.137227780574055,0.300168281914879,0.55688844679272),
 .UNSPECIFIED.);
#200=B_SPLINE_CURVE_WITH_KNOTS('',3,(#7121,#7122,#7123,#7124,#7125,#7126,
#7127,#7128,#7129,#7130,#7131,#7132,#7133,#7134,#7135,#7136,#7137,#7138,
#7139,#7140,#7141,#7142,#7143,#7144,#7145,#7146,#7147,#7148,#7149,#7150,
#7151,#7152,#7153,#7154),.UNSPECIFIED.,.F.,.F.,(4,3,3,3,3,3,3,3,3,3,3,4),
(0.0254589022325244,0.227763335282242,0.430343680024321,0.633122044167733,
0.693670325292056,0.912202821445056,1.04659722363724,1.31978122653935,1.40477795302512,
1.66931483274996,1.93885877738772,2.11926332937175),.UNSPECIFIED.);
#201=B_SPLINE_CURVE_WITH_KNOTS('',3,(#7155,#7156,#7157,#7158,#7159,#7160),
 .UNSPECIFIED.,.F.,.F.,(4,2,4),(0.0464403902416537,0.30392289330757,0.467787840104496),
 .UNSPECIFIED.);
#202=B_SPLINE_CURVE_WITH_KNOTS('',3,(#7161,#7162,#7163,#7164,#7165,#7166),
 .UNSPECIFIED.,.F.,.F.,(4,2,4),(0.234381088179873,0.507953087957711,0.937085725311864),
 .UNSPECIFIED.);
#203=B_SPLINE_CURVE_WITH_KNOTS('',3,(#7175,#7176,#7177,#7178,#7179,#7180,
#7181,#7182,#7183,#7184,#7185,#7186,#7187,#7188,#7189,#7190,#7191,#7192,
#7193,#7194,#7195,#7196,#7197,#7198,#7199,#7200,#7201,#7202,#7203,#7204,
#7205,#7206,#7207,#7208,#7209,#7210,#7211),.UNSPECIFIED.,.F.,.F.,(4,3,3,
3,3,3,3,3,3,3,3,3,4),(0.0163114499292735,0.240933282965255,0.465465110818211,
0.690172865368817,0.722560927105868,0.958268423934717,1.07946833044877,
1.29629489500859,1.43556305639276,1.62620497924931,1.81618810257517,2.00483402255285,
2.11626626426101),.UNSPECIFIED.);
#204=B_SPLINE_CURVE_WITH_KNOTS('',3,(#7215,#7216,#7217,#7218,#7219,#7220,
#7221,#7222,#7223,#7224,#7225,#7226,#7227,#7228,#7229,#7230,#7231,#7232,
#7233,#7234,#7235,#7236,#7237,#7238,#7239,#7240,#7241,#7242,#7243,#7244,
#7245,#7246,#7247,#7248),.UNSPECIFIED.,.F.,.F.,(4,3,3,3,3,3,3,3,3,3,3,4),
(0.025458902232524,0.227763082900705,0.430343209579183,0.633121412285889,
0.693670325292054,0.912203316198372,1.04659722363723,1.31978563740719,1.4047779530251,
1.66930909210785,1.93884633992446,2.11926332937171),.UNSPECIFIED.);
#205=B_SPLINE_CURVE_WITH_KNOTS('',3,(#7251,#7252,#7253,#7254,#7255,#7256),
 .UNSPECIFIED.,.F.,.F.,(4,2,4),(0.137227780574057,0.300168281914877,0.556888446792716),
 .UNSPECIFIED.);
#206=B_SPLINE_CURVE_WITH_KNOTS('',3,(#7257,#7258,#7259,#7260,#7261,#7262),
 .UNSPECIFIED.,.F.,.F.,(4,2,4),(0.0464403902416536,0.30392289330757,0.467787840104498),
 .UNSPECIFIED.);
#207=B_SPLINE_CURVE_WITH_KNOTS('',3,(#7264,#7265,#7266,#7267,#7268,#7269),
 .UNSPECIFIED.,.F.,.F.,(4,2,4),(0.0777310140091018,0.505731122612994,0.776522944836071),
 .UNSPECIFIED.);
#208=B_SPLINE_CURVE_WITH_KNOTS('',3,(#7270,#7271,#7272,#7273,#7274,#7275),
 .UNSPECIFIED.,.F.,.F.,(4,2,4),(0.234381088179873,0.507953087957703,0.937085725311835),
 .UNSPECIFIED.);
#209=B_SPLINE_CURVE_WITH_KNOTS('',3,(#7350,#7351,#7352,#7353,#7354,#7355,
#7356,#7357,#7358,#7359,#7360,#7361,#7362,#7363,#7364,#7365,#7366,#7367,
#7368,#7369,#7370,#7371,#7372,#7373,#7374,#7375,#7376,#7377,#7378,#7379,
#7380,#7381,#7382,#7383,#7384,#7385,#7386),.UNSPECIFIED.,.F.,.F.,(4,3,3,
3,3,3,3,3,3,3,3,3,4),(0.0163114499292732,0.240932392375456,0.465463393204542,
0.690170398925501,0.722560927105878,0.958268550712013,1.07946833044879,
1.29629493971822,1.43556305639279,1.62620518981511,1.81618854167833,2.00483469966108,
2.11626626426106),.UNSPECIFIED.);
#210=B_SPLINE_CURVE_WITH_KNOTS('',3,(#7387,#7388,#7389,#7390,#7391,#7392),
 .UNSPECIFIED.,.F.,.F.,(4,2,4),(0.0777310140090988,0.505731122612991,0.776519456452064),
 .UNSPECIFIED.);
#211=B_SPLINE_CURVE_WITH_KNOTS('',3,(#7393,#7394,#7395,#7396,#7397,#7398),
 .UNSPECIFIED.,.F.,.F.,(4,2,4),(0.137227780574056,0.300168281914877,0.556888446792718),
 .UNSPECIFIED.);
#212=B_SPLINE_CURVE_WITH_KNOTS('',3,(#7425,#7426,#7427,#7428,#7429,#7430,
#7431,#7432,#7433,#7434,#7435,#7436,#7437,#7438,#7439,#7440,#7441,#7442,
#7443,#7444,#7445,#7446,#7447,#7448,#7449,#7450,#7451,#7452,#7453,#7454,
#7455,#7456,#7457,#7458),.UNSPECIFIED.,.F.,.F.,(4,3,3,3,3,3,3,3,3,3,3,4),
(0.0254589022325243,0.227762971563687,0.430343003046458,0.633121136187489,
0.693670325292053,0.912203518962234,1.04659722363723,1.31978744256865,1.40477795302509,
1.6693067936187,1.93884136092875,2.11926332937171),.UNSPECIFIED.);
#213=B_SPLINE_CURVE_WITH_KNOTS('',3,(#7459,#7460,#7461,#7462,#7463,#7464),
 .UNSPECIFIED.,.F.,.F.,(4,2,4),(0.0464403902416538,0.303922893307565,0.46778784010449),
 .UNSPECIFIED.);
#214=B_SPLINE_CURVE_WITH_KNOTS('',3,(#7465,#7466,#7467,#7468,#7469,#7470),
 .UNSPECIFIED.,.F.,.F.,(4,2,4),(0.166102950507869,0.473861931698534,0.868706805085545),
 .UNSPECIFIED.);
#215=B_SPLINE_CURVE_WITH_KNOTS('',3,(#7479,#7480,#7481,#7482,#7483,#7484,
#7485,#7486,#7487,#7488,#7489,#7490,#7491,#7492,#7493,#7494,#7495,#7496,
#7497,#7498,#7499,#7500,#7501,#7502,#7503,#7504,#7505,#7506,#7507,#7508,
#7509,#7510,#7511,#7512,#7513,#7514,#7515),.UNSPECIFIED.,.F.,.F.,(4,3,3,
3,3,3,3,3,3,3,3,3,4),(0.0163114499292738,0.240933012357194,0.465464588845826,
0.690172115717748,0.722560927105868,0.958268462284081,1.07946833044877,
1.29629490841461,1.43556305639277,1.62620504348898,1.81618823648562,2.00483422891677,
2.11626626426102),.UNSPECIFIED.);
#216=B_SPLINE_CURVE_WITH_KNOTS('',3,(#7519,#7520,#7521,#7522,#7523,#7524,
#7525,#7526,#7527,#7528,#7529,#7530,#7531,#7532,#7533,#7534,#7535,#7536,
#7537,#7538,#7539,#7540,#7541,#7542,#7543,#7544,#7545,#7546,#7547,#7548,
#7549,#7550,#7551,#7552),.UNSPECIFIED.,.F.,.F.,(4,3,3,3,3,3,3,3,3,3,3,4),
(0.0254589022325236,0.227763111983745,0.430343263618673,0.63312148464519,
0.693670325292057,0.912203261848861,1.04659722363724,1.31978515328739,1.40477795302512,
1.66930971343022,1.93884768591296,2.11926332937174),.UNSPECIFIED.);
#217=B_SPLINE_CURVE_WITH_KNOTS('',3,(#7555,#7556,#7557,#7558,#7559,#7560),
 .UNSPECIFIED.,.F.,.F.,(4,2,4),(0.137227780574056,0.300168281914877,0.556888446792722),
 .UNSPECIFIED.);
#218=B_SPLINE_CURVE_WITH_KNOTS('',3,(#7561,#7562,#7563,#7564,#7565,#7566),
 .UNSPECIFIED.,.F.,.F.,(4,2,4),(0.0464403902416539,0.303922893307564,0.467787840104487),
 .UNSPECIFIED.);
#219=B_SPLINE_CURVE_WITH_KNOTS('',3,(#7568,#7569,#7570,#7571,#7572,#7573),
 .UNSPECIFIED.,.F.,.F.,(4,2,4),(0.0777310140090992,0.505731122612992,0.776522944836066),
 .UNSPECIFIED.);
#220=B_SPLINE_CURVE_WITH_KNOTS('',3,(#7574,#7575,#7576,#7577,#7578,#7579),
 .UNSPECIFIED.,.F.,.F.,(4,2,4),(0.234381088179873,0.507953087957703,0.937085725311837),
 .UNSPECIFIED.);
#221=B_SPLINE_CURVE_WITH_KNOTS('',3,(#7654,#7655,#7656,#7657,#7658,#7659,
#7660,#7661,#7662,#7663,#7664,#7665,#7666,#7667,#7668,#7669,#7670,#7671,
#7672,#7673,#7674,#7675,#7676,#7677,#7678,#7679,#7680,#7681,#7682,#7683,
#7684,#7685,#7686,#7687,#7688,#7689,#7690),.UNSPECIFIED.,.F.,.F.,(4,3,3,
3,3,3,3,3,3,3,3,3,4),(0.0163114499292739,0.240933536800358,0.465465600496364,
0.690173568773523,0.722560927105863,0.958268388096725,1.07946833044876,
1.2962948825729,1.43556305639275,1.62620491879515,1.81618797659123,2.00483382850284,
2.11626626426101),.UNSPECIFIED.);
#222=B_SPLINE_CURVE_WITH_KNOTS('',3,(#7691,#7692,#7693,#7694,#7695,#7696),
 .UNSPECIFIED.,.F.,.F.,(4,2,4),(0.0777310140090989,0.505731122612989,0.776522944836061),
 .UNSPECIFIED.);
#223=B_SPLINE_CURVE_WITH_KNOTS('',3,(#7697,#7698,#7699,#7700,#7701,#7702),
 .UNSPECIFIED.,.F.,.F.,(4,2,4),(0.137227780574055,0.300168281914876,0.556888446792712),
 .UNSPECIFIED.);
#224=B_SPLINE_CURVE_WITH_KNOTS('',3,(#7729,#7730,#7731,#7732,#7733,#7734,
#7735,#7736,#7737,#7738,#7739,#7740,#7741,#7742,#7743,#7744,#7745,#7746,
#7747,#7748,#7749,#7750,#7751,#7752,#7753,#7754,#7755,#7756,#7757,#7758,
#7759,#7760,#7761,#7762),.UNSPECIFIED.,.F.,.F.,(4,3,3,3,3,3,3,3,3,3,3,4),
(0.0254589022325241,0.227763254025775,0.430343528159582,0.633121839668128,
0.693670325292057,0.912202986911421,1.04659722363723,1.31978270271965,1.40477795302511,
1.66931289125483,1.93885457068804,2.11926332937173),.UNSPECIFIED.);
#225=B_SPLINE_CURVE_WITH_KNOTS('',3,(#7763,#7764,#7765,#7766,#7767,#7768),
 .UNSPECIFIED.,.F.,.F.,(4,2,4),(0.0464403902416553,0.303922893307574,0.467787840104504),
 .UNSPECIFIED.);
#226=B_SPLINE_CURVE_WITH_KNOTS('',3,(#7769,#7770,#7771,#7772,#7773,#7774),
 .UNSPECIFIED.,.F.,.F.,(4,2,4),(0.234381088179873,0.507953087957707,0.937085725311849),
 .UNSPECIFIED.);
#227=B_SPLINE_CURVE_WITH_KNOTS('',3,(#7783,#7784,#7785,#7786,#7787,#7788,
#7789,#7790,#7791,#7792,#7793,#7794,#7795,#7796,#7797,#7798,#7799,#7800,
#7801,#7802,#7803,#7804,#7805,#7806,#7807,#7808,#7809,#7810,#7811,#7812,
#7813,#7814,#7815,#7816,#7817,#7818,#7819),.UNSPECIFIED.,.F.,.F.,(4,3,3,
3,3,3,3,3,3,3,3,3,4),(0.0163114499292716,0.240933742087496,0.465465996561714,
0.690174137747458,0.722560927105878,0.958268359205312,1.07946833044879,
1.29629487260906,1.43556305639279,1.62620486976381,1.81618787443868,2.00483367122758,
2.11626626426105),.UNSPECIFIED.);
#228=B_SPLINE_CURVE_WITH_KNOTS('',3,(#7823,#7824,#7825,#7826,#7827,#7828,
#7829,#7830,#7831,#7832,#7833,#7834,#7835,#7836,#7837,#7838,#7839,#7840,
#7841,#7842,#7843,#7844,#7845,#7846,#7847,#7848,#7849,#7850,#7851,#7852,
#7853,#7854,#7855,#7856),.UNSPECIFIED.,.F.,.F.,(4,3,3,3,3,3,3,3,3,3,3,4),
(0.0254589022325234,0.227763323482383,0.430343657943,0.633122014397181,
0.693670325292054,0.912202845892805,1.04659722363723,1.3197814447109,1.4047779530251,
1.66931454449177,1.93885815278121,2.11926332937171),.UNSPECIFIED.);
#229=B_SPLINE_CURVE_WITH_KNOTS('',3,(#7859,#7860,#7861,#7862,#7863,#7864),
 .UNSPECIFIED.,.F.,.F.,(4,2,4),(0.137227780574056,0.300168281914877,0.556888446792717),
 .UNSPECIFIED.);
#230=B_SPLINE_CURVE_WITH_KNOTS('',3,(#7865,#7866,#7867,#7868,#7869,#7870),
 .UNSPECIFIED.,.F.,.F.,(4,2,4),(0.0464403902416538,0.30392289330756,0.467787840104477),
 .UNSPECIFIED.);
#231=B_SPLINE_CURVE_WITH_KNOTS('',3,(#7872,#7873,#7874,#7875,#7876,#7877),
 .UNSPECIFIED.,.F.,.F.,(4,2,4),(0.0777310140090999,0.505731122612988,0.776522944836058),
 .UNSPECIFIED.);
#232=B_SPLINE_CURVE_WITH_KNOTS('',3,(#7878,#7879,#7880,#7881,#7882,#7883),
 .UNSPECIFIED.,.F.,.F.,(4,2,4),(0.234381088179874,0.507953087957708,0.93708572531185),
 .UNSPECIFIED.);
#233=B_SPLINE_CURVE_WITH_KNOTS('',3,(#7958,#7959,#7960,#7961,#7962,#7963,
#7964,#7965,#7966,#7967,#7968,#7969,#7970,#7971,#7972,#7973,#7974,#7975,
#7976,#7977,#7978,#7979,#7980,#7981,#7982,#7983,#7984,#7985,#7986,#7987,
#7988,#7989,#7990,#7991,#7992,#7993,#7994),.UNSPECIFIED.,.F.,.F.,(4,3,3,
3,3,3,3,3,3,3,3,3,4),(0.0163114499292719,0.240933859391053,0.465466222893207,
0.690174462921835,0.722560927105864,0.958268342733437,1.07946833044876,
1.29629486695467,1.43556305639275,1.62620484169199,1.81618781596476,2.00483358123113,
2.11626626426101),.UNSPECIFIED.);
#234=B_SPLINE_CURVE_WITH_KNOTS('',3,(#7995,#7996,#7997,#7998,#7999,#8000),
 .UNSPECIFIED.,.F.,.F.,(4,2,4),(0.077731014009101,0.505731122612991,0.776522944836069),
 .UNSPECIFIED.);
#235=B_SPLINE_CURVE_WITH_KNOTS('',3,(#8001,#8002,#8003,#8004,#8005,#8006),
 .UNSPECIFIED.,.F.,.F.,(4,2,4),(0.137227780574056,0.300168281914876,0.556888446792719),
 .UNSPECIFIED.);
#236=B_SPLINE_CURVE_WITH_KNOTS('',3,(#8033,#8034,#8035,#8036,#8037,#8038,
#8039,#8040,#8041,#8042,#8043,#8044,#8045,#8046,#8047,#8048,#8049,#8050,
#8051,#8052,#8053,#8054,#8055,#8056,#8057,#8058,#8059,#8060,#8061,#8062,
#8063,#8064,#8065,#8066),.UNSPECIFIED.,.F.,.F.,(4,3,3,3,3,3,3,3,3,3,3,4),
(0.0254589022325245,0.227763281429741,0.430343579329797,0.633121908510815,
0.693670325292053,0.912202931836681,1.04659722363723,1.31978221150789,1.4047779530251,
1.66931353499218,1.93885596545072,2.11926332937171),.UNSPECIFIED.);
#237=B_SPLINE_CURVE_WITH_KNOTS('',3,(#8067,#8068,#8069,#8070,#8071,#8072),
 .UNSPECIFIED.,.F.,.F.,(4,2,4),(0.0464403902416539,0.303922893307562,0.467787840104486),
 .UNSPECIFIED.);
#238=B_SPLINE_CURVE_WITH_KNOTS('',3,(#8073,#8074,#8075,#8076,#8077,#8078),
 .UNSPECIFIED.,.F.,.F.,(4,2,4),(0.234381088179874,0.50795308795771,0.937085725311858),
 .UNSPECIFIED.);
#239=B_SPLINE_CURVE_WITH_KNOTS('',3,(#8110,#8111,#8112,#8113,#8114,#8115,
#8116,#8117,#8118,#8119,#8120,#8121,#8122,#8123,#8124,#8125,#8126,#8127,
#8128,#8129,#8130,#8131,#8132,#8133,#8134,#8135,#8136,#8137,#8138,#8139,
#8140,#8141,#8142,#8143,#8144,#8145,#8146),.UNSPECIFIED.,.F.,.F.,(4,3,3,
3,3,3,3,3,3,3,3,3,4),(0.0163114499292728,0.240933159889102,0.465464873409107,
0.690172524402779,0.722560927105876,0.958268441358044,1.07946833044878,
1.29629490108786,1.43556305639279,1.62620500849446,1.81618816353222,2.00483411647739,
2.11626626426105),.UNSPECIFIED.);
#240=B_SPLINE_CURVE_WITH_KNOTS('',3,(#8147,#8148,#8149,#8150,#8151,#8152),
 .UNSPECIFIED.,.F.,.F.,(4,2,4),(0.0777310140091007,0.505731122612992,0.776522944836064),
 .UNSPECIFIED.);
#241=B_SPLINE_CURVE_WITH_KNOTS('',3,(#8153,#8154,#8155,#8156,#8157,#8158),
 .UNSPECIFIED.,.F.,.F.,(4,2,4),(0.137227780574056,0.300168281914876,0.556888446792715),
 .UNSPECIFIED.);
#242=B_SPLINE_CURVE_WITH_KNOTS('',3,(#8185,#8186,#8187,#8188,#8189,#8190,
#8191,#8192,#8193,#8194,#8195,#8196,#8197,#8198,#8199,#8200,#8201,#8202,
#8203,#8204,#8205,#8206,#8207,#8208,#8209,#8210,#8211,#8212,#8213,#8214,
#8215,#8216,#8217,#8218),.UNSPECIFIED.,.F.,.F.,(4,3,3,3,3,3,3,3,3,3,3,4),
(0.0254589022325238,0.227763149556057,0.430343333492819,0.633121578282348,
0.693670325292054,0.912203190711479,1.04659722363723,1.31978451951026,1.4047779530251,
1.66931053001015,1.93884945494535,2.11926332937172),.UNSPECIFIED.);
#243=B_SPLINE_CURVE_WITH_KNOTS('',3,(#8219,#8220,#8221,#8222,#8223,#8224),
 .UNSPECIFIED.,.F.,.F.,(4,2,4),(0.0464403902416541,0.303922893307567,0.467787840104492),
 .UNSPECIFIED.);
#244=B_SPLINE_CURVE_WITH_KNOTS('',3,(#8225,#8226,#8227,#8228,#8229,#8230),
 .UNSPECIFIED.,.F.,.F.,(4,2,4),(0.234381088179873,0.507953087957708,0.937085725311854),
 .UNSPECIFIED.);
#245=CONICAL_SURFACE('',#2234,25.5688201255871,0.711746573322823);
#246=CONICAL_SURFACE('',#2236,25.5688201255871,0.711746573322823);
#247=CONICAL_SURFACE('',#2238,25.5688201255871,0.711746573322823);
#248=CONICAL_SURFACE('',#2240,25.5688201255871,0.711746573322823);
#249=CONICAL_SURFACE('',#2242,25.5688201255871,0.711746573322823);
#250=CONICAL_SURFACE('',#2244,25.5688201255871,0.711746573322823);
#251=CONICAL_SURFACE('',#2246,25.5688201255871,0.711746573322823);
#252=CONICAL_SURFACE('',#2248,25.5688201255871,0.711746573322823);
#253=CONICAL_SURFACE('',#2250,25.5688201255871,0.711746573322823);
#254=CONICAL_SURFACE('',#2252,25.5688201255871,0.711746573322823);
#255=CONICAL_SURFACE('',#2254,25.5688201255871,0.711746573322823);
#256=CONICAL_SURFACE('',#2256,25.5688201255871,0.711746573322823);
#257=CONICAL_SURFACE('',#2258,25.5688201255871,0.711746573322823);
#258=CONICAL_SURFACE('',#2260,25.5688201255871,0.711746573322823);
#259=CONICAL_SURFACE('',#2262,25.5688201255871,0.711746573322823);
#260=CONICAL_SURFACE('',#2264,25.5688201255871,0.711746573322823);
#261=CONICAL_SURFACE('',#2266,25.5688201255871,0.711746573322823);
#262=CONICAL_SURFACE('',#2268,25.5688201255871,0.711746573322823);
#263=CONICAL_SURFACE('',#2270,25.5688201255871,0.711746573322823);
#264=CONICAL_SURFACE('',#2272,25.5688201255871,0.711746573322823);
#265=CONICAL_SURFACE('',#2274,25.5688201255871,0.711746573322823);
#266=CONICAL_SURFACE('',#2276,25.5688201255871,0.711746573322823);
#267=CONICAL_SURFACE('',#2278,25.5688201255871,0.711746573322823);
#268=CONICAL_SURFACE('',#2304,29.3031161851647,0.84680839582665);
#269=CONICAL_SURFACE('',#2307,20.5840683432517,0.785398163465714);
#270=CONICAL_SURFACE('',#2308,34.2878679675,0.785398163465714);
#271=CONICAL_SURFACE('',#2309,34.2878679675,0.785398163465714);
#272=CONICAL_SURFACE('',#2311,20.5840683432517,0.785398163465714);
#273=CONICAL_SURFACE('',#2313,29.3031161851647,0.84680839582665);
#274=CONICAL_SURFACE('',#2314,29.3031161851647,0.84680839582665);
#275=CONICAL_SURFACE('',#2317,20.5840683432517,0.785398163465714);
#276=CONICAL_SURFACE('',#2318,34.2878679675,0.785398163465714);
#277=CONICAL_SURFACE('',#2319,34.2878679675,0.785398163465714);
#278=CONICAL_SURFACE('',#2321,20.5840683432517,0.785398163465714);
#279=CONICAL_SURFACE('',#2323,29.3031161851647,0.84680839582665);
#280=CONICAL_SURFACE('',#2324,29.3031161851647,0.84680839582665);
#281=CONICAL_SURFACE('',#2327,20.5840683432517,0.785398163465714);
#282=CONICAL_SURFACE('',#2328,34.2878679675,0.785398163465714);
#283=CONICAL_SURFACE('',#2329,34.2878679675,0.785398163465714);
#284=CONICAL_SURFACE('',#2331,20.5840683432517,0.785398163465714);
#285=CONICAL_SURFACE('',#2333,29.3031161851647,0.84680839582665);
#286=CONICAL_SURFACE('',#2334,29.3031161851647,0.84680839582665);
#287=CONICAL_SURFACE('',#2337,20.5840683432517,0.785398163465714);
#288=CONICAL_SURFACE('',#2338,34.2878679675,0.785398163465714);
#289=CONICAL_SURFACE('',#2339,34.2878679675,0.785398163465714);
#290=CONICAL_SURFACE('',#2341,20.5840683432517,0.785398163465714);
#291=CONICAL_SURFACE('',#2343,29.3031161851647,0.84680839582665);
#292=CONICAL_SURFACE('',#2344,29.3031161851647,0.84680839582665);
#293=CONICAL_SURFACE('',#2347,20.5840683432517,0.785398163465714);
#294=CONICAL_SURFACE('',#2348,34.2878679675,0.785398163465714);
#295=CONICAL_SURFACE('',#2349,34.2878679675,0.785398163465714);
#296=CONICAL_SURFACE('',#2351,20.5840683432517,0.785398163465714);
#297=CONICAL_SURFACE('',#2353,29.3031161851647,0.84680839582665);
#298=CONICAL_SURFACE('',#2354,29.3031161851647,0.84680839582665);
#299=CONICAL_SURFACE('',#2357,20.5840683432517,0.785398163465714);
#300=CONICAL_SURFACE('',#2358,34.2878679675,0.785398163465714);
#301=CONICAL_SURFACE('',#2359,34.2878679675,0.785398163465714);
#302=CONICAL_SURFACE('',#2361,20.5840683432517,0.785398163465714);
#303=CONICAL_SURFACE('',#2363,29.3031161851647,0.84680839582665);
#304=CONICAL_SURFACE('',#2364,29.3031161851647,0.84680839582665);
#305=CONICAL_SURFACE('',#2367,20.5840683432517,0.785398163465714);
#306=CONICAL_SURFACE('',#2368,34.2878679675,0.785398163465714);
#307=CONICAL_SURFACE('',#2369,34.2878679675,0.785398163465714);
#308=CONICAL_SURFACE('',#2371,20.5840683432517,0.785398163465714);
#309=CONICAL_SURFACE('',#2373,29.3031161851647,0.84680839582665);
#310=CONICAL_SURFACE('',#2374,29.3031161851647,0.84680839582665);
#311=CONICAL_SURFACE('',#2377,20.5840683432517,0.785398163465714);
#312=CONICAL_SURFACE('',#2378,34.2878679675,0.785398163465714);
#313=CONICAL_SURFACE('',#2379,34.2878679675,0.785398163465714);
#314=CONICAL_SURFACE('',#2381,20.5840683432517,0.785398163465714);
#315=CONICAL_SURFACE('',#2383,29.3031161851647,0.84680839582665);
#316=CONICAL_SURFACE('',#2384,29.3031161851647,0.84680839582665);
#317=CONICAL_SURFACE('',#2387,20.5840683432517,0.785398163465714);
#318=CONICAL_SURFACE('',#2388,34.2878679675,0.785398163465714);
#319=CONICAL_SURFACE('',#2389,34.2878679675,0.785398163465714);
#320=CONICAL_SURFACE('',#2391,20.5840683432517,0.785398163465714);
#321=CONICAL_SURFACE('',#2393,29.3031161851647,0.84680839582665);
#322=CONICAL_SURFACE('',#2394,29.3031161851647,0.84680839582665);
#323=CONICAL_SURFACE('',#2397,20.5840683432517,0.785398163465714);
#324=CONICAL_SURFACE('',#2398,34.2878679675,0.785398163465714);
#325=CONICAL_SURFACE('',#2399,34.2878679675,0.785398163465714);
#326=CONICAL_SURFACE('',#2401,20.5840683432517,0.785398163465714);
#327=CONICAL_SURFACE('',#2403,29.3031161851647,0.84680839582665);
#328=CONICAL_SURFACE('',#2404,29.3031161851647,0.84680839582665);
#329=CONICAL_SURFACE('',#2407,20.5840683432517,0.785398163465714);
#330=CONICAL_SURFACE('',#2408,34.2878679675,0.785398163465714);
#331=CONICAL_SURFACE('',#2409,34.2878679675,0.785398163465714);
#332=CONICAL_SURFACE('',#2411,20.5840683432517,0.785398163465714);
#333=CONICAL_SURFACE('',#2413,29.3031161851647,0.84680839582665);
#334=CONICAL_SURFACE('',#2414,34.2878679675,0.785398163465714);
#335=CONICAL_SURFACE('',#2416,29.3031161851647,0.84680839582665);
#336=CONICAL_SURFACE('',#2418,20.5840683432517,0.785398163465714);
#337=FACE_BOUND('',#635,.T.);
#338=CIRCLE('',#2180,17.5);
#339=CIRCLE('',#2181,17.5);
#340=CIRCLE('',#2185,31.95441559);
#341=CIRCLE('',#2186,31.95441559);
#342=CIRCLE('',#2187,31.95441559);
#343=CIRCLE('',#2188,31.95441559);
#344=CIRCLE('',#2189,31.95441559);
#345=CIRCLE('',#2190,31.95441559);
#346=CIRCLE('',#2191,31.95441559);
#347=CIRCLE('',#2192,31.95441559);
#348=CIRCLE('',#2193,31.95441559);
#349=CIRCLE('',#2194,31.95441559);
#350=CIRCLE('',#2195,31.95441559);
#351=CIRCLE('',#2196,31.95441559);
#352=CIRCLE('',#2197,31.95441559);
#353=CIRCLE('',#2198,31.95441559);
#354=CIRCLE('',#2199,31.95441559);
#355=CIRCLE('',#2200,31.95441559);
#356=CIRCLE('',#2201,31.95441559);
#357=CIRCLE('',#2202,31.95441559);
#358=CIRCLE('',#2203,31.95441559);
#359=CIRCLE('',#2204,31.95441559);
#360=CIRCLE('',#2205,31.95441559);
#361=CIRCLE('',#2206,31.95441559);
#362=CIRCLE('',#2207,31.95441559);
#363=CIRCLE('',#2208,31.95441559);
#364=CIRCLE('',#2209,31.95441559);
#365=CIRCLE('',#2210,31.95441559);
#366=CIRCLE('',#2211,31.95441559);
#367=CIRCLE('',#2212,31.95441559);
#368=CIRCLE('',#2213,31.95441559);
#369=CIRCLE('',#2214,31.95441559);
#370=CIRCLE('',#2215,31.95441559);
#371=CIRCLE('',#2216,31.95441559);
#372=CIRCLE('',#2217,31.95441559);
#373=CIRCLE('',#2218,31.95441559);
#374=CIRCLE('',#2219,31.95441559);
#375=CIRCLE('',#2220,31.95441559);
#376=CIRCLE('',#2221,31.95441559);
#377=CIRCLE('',#2222,31.95441559);
#378=CIRCLE('',#2223,31.95441559);
#379=CIRCLE('',#2224,31.95441559);
#380=CIRCLE('',#2225,31.95441559);
#381=CIRCLE('',#2226,31.95441559);
#382=CIRCLE('',#2227,31.95441559);
#383=CIRCLE('',#2228,31.95441559);
#384=CIRCLE('',#2229,31.95441559);
#385=CIRCLE('',#2230,31.95441559);
#386=CIRCLE('',#2231,31.95441559);
#387=CIRCLE('',#2232,31.95441559);
#388=CIRCLE('',#2235,19.1832246611741);
#389=CIRCLE('',#2237,19.1832246611741);
#390=CIRCLE('',#2239,19.1832246611741);
#391=CIRCLE('',#2241,19.1832246611741);
#392=CIRCLE('',#2243,19.1832246611741);
#393=CIRCLE('',#2245,19.1832246611741);
#394=CIRCLE('',#2247,19.1832246611741);
#395=CIRCLE('',#2249,19.1832246611741);
#396=CIRCLE('',#2251,19.1832246611741);
#397=CIRCLE('',#2253,19.1832246611741);
#398=CIRCLE('',#2255,19.1832246611741);
#399=CIRCLE('',#2257,19.1832246611741);
#400=CIRCLE('',#2259,19.1832246611741);
#401=CIRCLE('',#2261,19.1832246611741);
#402=CIRCLE('',#2263,19.1832246611741);
#403=CIRCLE('',#2265,19.1832246611741);
#404=CIRCLE('',#2267,19.1832246611741);
#405=CIRCLE('',#2269,19.1832246611741);
#406=CIRCLE('',#2271,19.1832246611741);
#407=CIRCLE('',#2273,19.1832246611741);
#408=CIRCLE('',#2275,19.1832246611741);
#409=CIRCLE('',#2277,19.1832246611741);
#410=CIRCLE('',#2279,19.1832246611741);
#411=CIRCLE('',#2281,19.1832246611741);
#412=CIRCLE('',#2282,19.1832246611741);
#413=CIRCLE('',#2283,19.1832246611741);
#414=CIRCLE('',#2284,19.1832246611741);
#415=CIRCLE('',#2285,19.1832246611741);
#416=CIRCLE('',#2286,19.1832246611741);
#417=CIRCLE('',#2287,19.1832246611741);
#418=CIRCLE('',#2288,19.1832246611741);
#419=CIRCLE('',#2289,19.1832246611741);
#420=CIRCLE('',#2290,19.1832246611741);
#421=CIRCLE('',#2291,19.1832246611741);
#422=CIRCLE('',#2292,19.1832246611741);
#423=CIRCLE('',#2293,19.1832246611741);
#424=CIRCLE('',#2294,19.1832246611741);
#425=CIRCLE('',#2295,19.1832246611741);
#426=CIRCLE('',#2296,19.1832246611741);
#427=CIRCLE('',#2297,19.1832246611741);
#428=CIRCLE('',#2298,19.1832246611741);
#429=CIRCLE('',#2299,19.1832246611741);
#430=CIRCLE('',#2300,19.1832246611741);
#431=CIRCLE('',#2301,19.1832246611741);
#432=CIRCLE('',#2302,19.1832246611741);
#433=CIRCLE('',#2303,19.1832246611741);
#434=CIRCLE('',#2305,21.9849120253293);
#435=CIRCLE('',#2306,36.621320345);
#436=CIRCLE('',#2310,36.621320345);
#437=CIRCLE('',#2312,21.9849120253293);
#438=CIRCLE('',#2315,21.9849120253293);
#439=CIRCLE('',#2316,36.621320345);
#440=CIRCLE('',#2320,36.621320345);
#441=CIRCLE('',#2322,21.9849120253293);
#442=CIRCLE('',#2325,21.9849120253293);
#443=CIRCLE('',#2326,36.621320345);
#444=CIRCLE('',#2330,36.621320345);
#445=CIRCLE('',#2332,21.9849120253293);
#446=CIRCLE('',#2335,21.9849120253293);
#447=CIRCLE('',#2336,36.621320345);
#448=CIRCLE('',#2340,36.621320345);
#449=CIRCLE('',#2342,21.9849120253293);
#450=CIRCLE('',#2345,21.9849120253293);
#451=CIRCLE('',#2346,36.621320345);
#452=CIRCLE('',#2350,36.621320345);
#453=CIRCLE('',#2352,21.9849120253293);
#454=CIRCLE('',#2355,21.9849120253293);
#455=CIRCLE('',#2356,36.621320345);
#456=CIRCLE('',#2360,36.621320345);
#457=CIRCLE('',#2362,21.9849120253293);
#458=CIRCLE('',#2365,21.9849120253293);
#459=CIRCLE('',#2366,36.621320345);
#460=CIRCLE('',#2370,36.621320345);
#461=CIRCLE('',#2372,21.9849120253293);
#462=CIRCLE('',#2375,21.9849120253293);
#463=CIRCLE('',#2376,36.621320345);
#464=CIRCLE('',#2380,36.621320345);
#465=CIRCLE('',#2382,21.9849120253293);
#466=CIRCLE('',#2385,21.9849120253293);
#467=CIRCLE('',#2386,36.621320345);
#468=CIRCLE('',#2390,36.621320345);
#469=CIRCLE('',#2392,21.9849120253293);
#470=CIRCLE('',#2395,21.9849120253293);
#471=CIRCLE('',#2396,36.621320345);
#472=CIRCLE('',#2400,36.621320345);
#473=CIRCLE('',#2402,21.9849120253293);
#474=CIRCLE('',#2405,21.9849120253293);
#475=CIRCLE('',#2406,36.621320345);
#476=CIRCLE('',#2410,36.621320345);
#477=CIRCLE('',#2412,21.9849120253293);
#478=CIRCLE('',#2415,36.621320345);
#479=CIRCLE('',#2417,21.9849120253293);
#480=CYLINDRICAL_SURFACE('',#2179,17.5);
#481=CYLINDRICAL_SURFACE('',#2184,31.95441559);
#482=FACE_OUTER_BOUND('',#628,.T.);
#483=FACE_OUTER_BOUND('',#629,.T.);
#484=FACE_OUTER_BOUND('',#630,.T.);
#485=FACE_OUTER_BOUND('',#631,.T.);
#486=FACE_OUTER_BOUND('',#632,.T.);
#487=FACE_OUTER_BOUND('',#633,.T.);
#488=FACE_OUTER_BOUND('',#634,.T.);
#489=FACE_OUTER_BOUND('',#636,.T.);
#490=FACE_OUTER_BOUND('',#637,.T.);
#491=FACE_OUTER_BOUND('',#638,.T.);
#492=FACE_OUTER_BOUND('',#639,.T.);
#493=FACE_OUTER_BOUND('',#640,.T.);
#494=FACE_OUTER_BOUND('',#641,.T.);
#495=FACE_OUTER_BOUND('',#642,.T.);
#496=FACE_OUTER_BOUND('',#643,.T.);
#497=FACE_OUTER_BOUND('',#644,.T.);
#498=FACE_OUTER_BOUND('',#645,.T.);
#499=FACE_OUTER_BOUND('',#646,.T.);
#500=FACE_OUTER_BOUND('',#647,.T.);
#501=FACE_OUTER_BOUND('',#648,.T.);
#502=FACE_OUTER_BOUND('',#649,.T.);
#503=FACE_OUTER_BOUND('',#650,.T.);
#504=FACE_OUTER_BOUND('',#651,.T.);
#505=FACE_OUTER_BOUND('',#652,.T.);
#506=FACE_OUTER_BOUND('',#653,.T.);
#507=FACE_OUTER_BOUND('',#654,.T.);
#508=FACE_OUTER_BOUND('',#655,.T.);
#509=FACE_OUTER_BOUND('',#656,.T.);
#510=FACE_OUTER_BOUND('',#657,.T.);
#511=FACE_OUTER_BOUND('',#658,.T.);
#512=FACE_OUTER_BOUND('',#659,.T.);
#513=FACE_OUTER_BOUND('',#660,.T.);
#514=FACE_OUTER_BOUND('',#661,.T.);
#515=FACE_OUTER_BOUND('',#662,.T.);
#516=FACE_OUTER_BOUND('',#663,.T.);
#517=FACE_OUTER_BOUND('',#664,.T.);
#518=FACE_OUTER_BOUND('',#665,.T.);
#519=FACE_OUTER_BOUND('',#666,.T.);
#520=FACE_OUTER_BOUND('',#667,.T.);
#521=FACE_OUTER_BOUND('',#668,.T.);
#522=FACE_OUTER_BOUND('',#669,.T.);
#523=FACE_OUTER_BOUND('',#670,.T.);
#524=FACE_OUTER_BOUND('',#671,.T.);
#525=FACE_OUTER_BOUND('',#672,.T.);
#526=FACE_OUTER_BOUND('',#673,.T.);
#527=FACE_OUTER_BOUND('',#674,.T.);
#528=FACE_OUTER_BOUND('',#675,.T.);
#529=FACE_OUTER_BOUND('',#676,.T.);
#530=FACE_OUTER_BOUND('',#677,.T.);
#531=FACE_OUTER_BOUND('',#678,.T.);
#532=FACE_OUTER_BOUND('',#679,.T.);
#533=FACE_OUTER_BOUND('',#680,.T.);
#534=FACE_OUTER_BOUND('',#681,.T.);
#535=FACE_OUTER_BOUND('',#682,.T.);
#536=FACE_OUTER_BOUND('',#683,.T.);
#537=FACE_OUTER_BOUND('',#684,.T.);
#538=FACE_OUTER_BOUND('',#685,.T.);
#539=FACE_OUTER_BOUND('',#686,.T.);
#540=FACE_OUTER_BOUND('',#687,.T.);
#541=FACE_OUTER_BOUND('',#688,.T.);
#542=FACE_OUTER_BOUND('',#689,.T.);
#543=FACE_OUTER_BOUND('',#690,.T.);
#544=FACE_OUTER_BOUND('',#691,.T.);
#545=FACE_OUTER_BOUND('',#692,.T.);
#546=FACE_OUTER_BOUND('',#693,.T.);
#547=FACE_OUTER_BOUND('',#694,.T.);
#548=FACE_OUTER_BOUND('',#695,.T.);
#549=FACE_OUTER_BOUND('',#696,.T.);
#550=FACE_OUTER_BOUND('',#697,.T.);
#551=FACE_OUTER_BOUND('',#698,.T.);
#552=FACE_OUTER_BOUND('',#699,.T.);
#553=FACE_OUTER_BOUND('',#700,.T.);
#554=FACE_OUTER_BOUND('',#701,.T.);
#555=FACE_OUTER_BOUND('',#702,.T.);
#556=FACE_OUTER_BOUND('',#703,.T.);
#557=FACE_OUTER_BOUND('',#704,.T.);
#558=FACE_OUTER_BOUND('',#705,.T.);
#559=FACE_OUTER_BOUND('',#706,.T.);
#560=FACE_OUTER_BOUND('',#707,.T.);
#561=FACE_OUTER_BOUND('',#708,.T.);
#562=FACE_OUTER_BOUND('',#709,.T.);
#563=FACE_OUTER_BOUND('',#710,.T.);
#564=FACE_OUTER_BOUND('',#711,.T.);
#565=FACE_OUTER_BOUND('',#712,.T.);
#566=FACE_OUTER_BOUND('',#713,.T.);
#567=FACE_OUTER_BOUND('',#714,.T.);
#568=FACE_OUTER_BOUND('',#715,.T.);
#569=FACE_OUTER_BOUND('',#716,.T.);
#570=FACE_OUTER_BOUND('',#717,.T.);
#571=FACE_OUTER_BOUND('',#718,.T.);
#572=FACE_OUTER_BOUND('',#719,.T.);
#573=FACE_OUTER_BOUND('',#720,.T.);
#574=FACE_OUTER_BOUND('',#721,.T.);
#575=FACE_OUTER_BOUND('',#722,.T.);
#576=FACE_OUTER_BOUND('',#723,.T.);
#577=FACE_OUTER_BOUND('',#724,.T.);
#578=FACE_OUTER_BOUND('',#725,.T.);
#579=FACE_OUTER_BOUND('',#726,.T.);
#580=FACE_OUTER_BOUND('',#727,.T.);
#581=FACE_OUTER_BOUND('',#728,.T.);
#582=FACE_OUTER_BOUND('',#729,.T.);
#583=FACE_OUTER_BOUND('',#730,.T.);
#584=FACE_OUTER_BOUND('',#731,.T.);
#585=FACE_OUTER_BOUND('',#732,.T.);
#586=FACE_OUTER_BOUND('',#733,.T.);
#587=FACE_OUTER_BOUND('',#734,.T.);
#588=FACE_OUTER_BOUND('',#735,.T.);
#589=FACE_OUTER_BOUND('',#736,.T.);
#590=FACE_OUTER_BOUND('',#737,.T.);
#591=FACE_OUTER_BOUND('',#738,.T.);
#592=FACE_OUTER_BOUND('',#739,.T.);
#593=FACE_OUTER_BOUND('',#740,.T.);
#594=FACE_OUTER_BOUND('',#741,.T.);
#595=FACE_OUTER_BOUND('',#742,.T.);
#596=FACE_OUTER_BOUND('',#743,.T.);
#597=FACE_OUTER_BOUND('',#744,.T.);
#598=FACE_OUTER_BOUND('',#745,.T.);
#599=FACE_OUTER_BOUND('',#746,.T.);
#600=FACE_OUTER_BOUND('',#747,.T.);
#601=FACE_OUTER_BOUND('',#748,.T.);
#602=FACE_OUTER_BOUND('',#749,.T.);
#603=FACE_OUTER_BOUND('',#750,.T.);
#604=FACE_OUTER_BOUND('',#751,.T.);
#605=FACE_OUTER_BOUND('',#752,.T.);
#606=FACE_OUTER_BOUND('',#753,.T.);
#607=FACE_OUTER_BOUND('',#754,.T.);
#608=FACE_OUTER_BOUND('',#755,.T.);
#609=FACE_OUTER_BOUND('',#756,.T.);
#610=FACE_OUTER_BOUND('',#757,.T.);
#611=FACE_OUTER_BOUND('',#758,.T.);
#612=FACE_OUTER_BOUND('',#759,.T.);
#613=FACE_OUTER_BOUND('',#760,.T.);
#614=FACE_OUTER_BOUND('',#761,.T.);
#615=FACE_OUTER_BOUND('',#762,.T.);
#616=FACE_OUTER_BOUND('',#763,.T.);
#617=FACE_OUTER_BOUND('',#764,.T.);
#618=FACE_OUTER_BOUND('',#765,.T.);
#619=FACE_OUTER_BOUND('',#766,.T.);
#620=FACE_OUTER_BOUND('',#767,.T.);
#621=FACE_OUTER_BOUND('',#768,.T.);
#622=FACE_OUTER_BOUND('',#769,.T.);
#623=FACE_OUTER_BOUND('',#770,.T.);
#624=FACE_OUTER_BOUND('',#771,.T.);
#625=FACE_OUTER_BOUND('',#772,.T.);
#626=FACE_OUTER_BOUND('',#773,.T.);
#627=FACE_OUTER_BOUND('',#774,.T.);
#628=EDGE_LOOP('',(#1328,#1329,#1330,#1331));
#629=EDGE_LOOP('',(#1332,#1333,#1334,#1335));
#630=EDGE_LOOP('',(#1336,#1337,#1338,#1339));
#631=EDGE_LOOP('',(#1340,#1341,#1342,#1343));
#632=EDGE_LOOP('',(#1344,#1345,#1346,#1347));
#633=EDGE_LOOP('',(#1348,#1349,#1350,#1351,#1352,#1353,#1354,#1355,#1356,
#1357,#1358,#1359,#1360,#1361,#1362,#1363,#1364,#1365,#1366,#1367,#1368,
#1369,#1370,#1371,#1372,#1373,#1374,#1375,#1376,#1377,#1378,#1379,#1380,
#1381,#1382,#1383,#1384,#1385,#1386,#1387,#1388,#1389,#1390,#1391,#1392,
#1393,#1394,#1395,#1396,#1397));
#634=EDGE_LOOP('',(#1398));
#635=EDGE_LOOP('',(#1399,#1400,#1401,#1402));
#636=EDGE_LOOP('',(#1403,#1404,#1405,#1406));
#637=EDGE_LOOP('',(#1407,#1408,#1409,#1410));
#638=EDGE_LOOP('',(#1411,#1412,#1413,#1414));
#639=EDGE_LOOP('',(#1415,#1416,#1417,#1418));
#640=EDGE_LOOP('',(#1419,#1420,#1421,#1422));
#641=EDGE_LOOP('',(#1423,#1424,#1425,#1426));
#642=EDGE_LOOP('',(#1427,#1428,#1429,#1430));
#643=EDGE_LOOP('',(#1431,#1432,#1433,#1434));
#644=EDGE_LOOP('',(#1435,#1436,#1437,#1438));
#645=EDGE_LOOP('',(#1439,#1440,#1441,#1442));
#646=EDGE_LOOP('',(#1443,#1444,#1445,#1446));
#647=EDGE_LOOP('',(#1447,#1448,#1449,#1450));
#648=EDGE_LOOP('',(#1451,#1452,#1453,#1454));
#649=EDGE_LOOP('',(#1455,#1456,#1457,#1458));
#650=EDGE_LOOP('',(#1459,#1460,#1461,#1462));
#651=EDGE_LOOP('',(#1463,#1464,#1465,#1466));
#652=EDGE_LOOP('',(#1467,#1468,#1469,#1470));
#653=EDGE_LOOP('',(#1471,#1472,#1473,#1474));
#654=EDGE_LOOP('',(#1475,#1476,#1477,#1478));
#655=EDGE_LOOP('',(#1479,#1480,#1481,#1482));
#656=EDGE_LOOP('',(#1483,#1484,#1485,#1486));
#657=EDGE_LOOP('',(#1487,#1488,#1489,#1490));
#658=EDGE_LOOP('',(#1491,#1492,#1493,#1494));
#659=EDGE_LOOP('',(#1495,#1496,#1497,#1498,#1499,#1500,#1501,#1502,#1503,
#1504,#1505,#1506,#1507,#1508,#1509,#1510,#1511,#1512,#1513,#1514,#1515,
#1516,#1517,#1518,#1519,#1520,#1521,#1522,#1523,#1524,#1525,#1526,#1527,
#1528,#1529,#1530,#1531,#1532,#1533,#1534,#1535,#1536,#1537,#1538,#1539,
#1540));
#660=EDGE_LOOP('',(#1541,#1542,#1543,#1544));
#661=EDGE_LOOP('',(#1545,#1546,#1547,#1548));
#662=EDGE_LOOP('',(#1549,#1550,#1551,#1552));
#663=EDGE_LOOP('',(#1553,#1554,#1555,#1556));
#664=EDGE_LOOP('',(#1557,#1558,#1559,#1560));
#665=EDGE_LOOP('',(#1561,#1562,#1563,#1564));
#666=EDGE_LOOP('',(#1565,#1566,#1567,#1568));
#667=EDGE_LOOP('',(#1569,#1570,#1571,#1572));
#668=EDGE_LOOP('',(#1573,#1574,#1575,#1576));
#669=EDGE_LOOP('',(#1577,#1578,#1579,#1580));
#670=EDGE_LOOP('',(#1581,#1582,#1583,#1584));
#671=EDGE_LOOP('',(#1585,#1586,#1587,#1588));
#672=EDGE_LOOP('',(#1589,#1590,#1591,#1592));
#673=EDGE_LOOP('',(#1593,#1594,#1595,#1596));
#674=EDGE_LOOP('',(#1597,#1598,#1599,#1600));
#675=EDGE_LOOP('',(#1601,#1602,#1603,#1604));
#676=EDGE_LOOP('',(#1605,#1606,#1607,#1608));
#677=EDGE_LOOP('',(#1609,#1610,#1611,#1612));
#678=EDGE_LOOP('',(#1613,#1614,#1615,#1616));
#679=EDGE_LOOP('',(#1617,#1618,#1619,#1620));
#680=EDGE_LOOP('',(#1621,#1622,#1623,#1624));
#681=EDGE_LOOP('',(#1625,#1626,#1627,#1628));
#682=EDGE_LOOP('',(#1629,#1630,#1631,#1632));
#683=EDGE_LOOP('',(#1633,#1634,#1635,#1636));
#684=EDGE_LOOP('',(#1637,#1638,#1639,#1640));
#685=EDGE_LOOP('',(#1641,#1642,#1643,#1644));
#686=EDGE_LOOP('',(#1645,#1646,#1647,#1648));
#687=EDGE_LOOP('',(#1649,#1650,#1651,#1652,#1653));
#688=EDGE_LOOP('',(#1654,#1655,#1656,#1657));
#689=EDGE_LOOP('',(#1658,#1659,#1660,#1661));
#690=EDGE_LOOP('',(#1662,#1663,#1664,#1665));
#691=EDGE_LOOP('',(#1666,#1667,#1668,#1669));
#692=EDGE_LOOP('',(#1670,#1671,#1672,#1673));
#693=EDGE_LOOP('',(#1674,#1675,#1676,#1677));
#694=EDGE_LOOP('',(#1678,#1679,#1680,#1681));
#695=EDGE_LOOP('',(#1682,#1683,#1684,#1685));
#696=EDGE_LOOP('',(#1686,#1687,#1688,#1689));
#697=EDGE_LOOP('',(#1690,#1691,#1692,#1693));
#698=EDGE_LOOP('',(#1694,#1695,#1696,#1697));
#699=EDGE_LOOP('',(#1698,#1699,#1700,#1701));
#700=EDGE_LOOP('',(#1702,#1703,#1704,#1705));
#701=EDGE_LOOP('',(#1706,#1707,#1708,#1709));
#702=EDGE_LOOP('',(#1710,#1711,#1712,#1713));
#703=EDGE_LOOP('',(#1714,#1715,#1716,#1717));
#704=EDGE_LOOP('',(#1718,#1719,#1720,#1721));
#705=EDGE_LOOP('',(#1722,#1723,#1724,#1725));
#706=EDGE_LOOP('',(#1726,#1727,#1728,#1729));
#707=EDGE_LOOP('',(#1730,#1731,#1732,#1733));
#708=EDGE_LOOP('',(#1734,#1735,#1736,#1737));
#709=EDGE_LOOP('',(#1738,#1739,#1740,#1741));
#710=EDGE_LOOP('',(#1742,#1743,#1744,#1745));
#711=EDGE_LOOP('',(#1746,#1747,#1748,#1749));
#712=EDGE_LOOP('',(#1750,#1751,#1752,#1753));
#713=EDGE_LOOP('',(#1754,#1755,#1756,#1757));
#714=EDGE_LOOP('',(#1758,#1759,#1760,#1761));
#715=EDGE_LOOP('',(#1762,#1763,#1764,#1765));
#716=EDGE_LOOP('',(#1766,#1767,#1768,#1769));
#717=EDGE_LOOP('',(#1770,#1771,#1772,#1773));
#718=EDGE_LOOP('',(#1774,#1775,#1776,#1777));
#719=EDGE_LOOP('',(#1778,#1779,#1780,#1781));
#720=EDGE_LOOP('',(#1782,#1783,#1784,#1785));
#721=EDGE_LOOP('',(#1786,#1787,#1788,#1789));
#722=EDGE_LOOP('',(#1790,#1791,#1792,#1793));
#723=EDGE_LOOP('',(#1794,#1795,#1796,#1797));
#724=EDGE_LOOP('',(#1798,#1799,#1800,#1801));
#725=EDGE_LOOP('',(#1802,#1803,#1804,#1805));
#726=EDGE_LOOP('',(#1806,#1807,#1808,#1809));
#727=EDGE_LOOP('',(#1810,#1811,#1812,#1813));
#728=EDGE_LOOP('',(#1814,#1815,#1816,#1817));
#729=EDGE_LOOP('',(#1818,#1819,#1820,#1821));
#730=EDGE_LOOP('',(#1822,#1823,#1824,#1825));
#731=EDGE_LOOP('',(#1826,#1827,#1828,#1829));
#732=EDGE_LOOP('',(#1830,#1831,#1832,#1833));
#733=EDGE_LOOP('',(#1834,#1835,#1836,#1837));
#734=EDGE_LOOP('',(#1838,#1839,#1840,#1841));
#735=EDGE_LOOP('',(#1842,#1843,#1844,#1845));
#736=EDGE_LOOP('',(#1846,#1847,#1848,#1849));
#737=EDGE_LOOP('',(#1850,#1851,#1852,#1853));
#738=EDGE_LOOP('',(#1854,#1855,#1856,#1857));
#739=EDGE_LOOP('',(#1858,#1859,#1860,#1861));
#740=EDGE_LOOP('',(#1862,#1863,#1864,#1865));
#741=EDGE_LOOP('',(#1866,#1867,#1868,#1869));
#742=EDGE_LOOP('',(#1870,#1871,#1872,#1873));
#743=EDGE_LOOP('',(#1874,#1875,#1876,#1877));
#744=EDGE_LOOP('',(#1878,#1879,#1880,#1881));
#745=EDGE_LOOP('',(#1882,#1883,#1884,#1885));
#746=EDGE_LOOP('',(#1886,#1887,#1888,#1889));
#747=EDGE_LOOP('',(#1890,#1891,#1892,#1893));
#748=EDGE_LOOP('',(#1894,#1895,#1896,#1897));
#749=EDGE_LOOP('',(#1898,#1899,#1900,#1901));
#750=EDGE_LOOP('',(#1902,#1903,#1904,#1905));
#751=EDGE_LOOP('',(#1906,#1907,#1908,#1909));
#752=EDGE_LOOP('',(#1910,#1911,#1912,#1913));
#753=EDGE_LOOP('',(#1914,#1915,#1916,#1917));
#754=EDGE_LOOP('',(#1918,#1919,#1920,#1921));
#755=EDGE_LOOP('',(#1922,#1923,#1924,#1925));
#756=EDGE_LOOP('',(#1926,#1927,#1928,#1929));
#757=EDGE_LOOP('',(#1930,#1931,#1932,#1933));
#758=EDGE_LOOP('',(#1934,#1935,#1936,#1937));
#759=EDGE_LOOP('',(#1938,#1939,#1940,#1941));
#760=EDGE_LOOP('',(#1942,#1943,#1944,#1945));
#761=EDGE_LOOP('',(#1946,#1947,#1948,#1949));
#762=EDGE_LOOP('',(#1950,#1951,#1952,#1953));
#763=EDGE_LOOP('',(#1954,#1955,#1956,#1957));
#764=EDGE_LOOP('',(#1958,#1959,#1960,#1961));
#765=EDGE_LOOP('',(#1962,#1963,#1964,#1965));
#766=EDGE_LOOP('',(#1966,#1967,#1968,#1969));
#767=EDGE_LOOP('',(#1970,#1971,#1972,#1973));
#768=EDGE_LOOP('',(#1974,#1975,#1976,#1977));
#769=EDGE_LOOP('',(#1978,#1979,#1980,#1981));
#770=EDGE_LOOP('',(#1982,#1983,#1984,#1985));
#771=EDGE_LOOP('',(#1986,#1987,#1988,#1989));
#772=EDGE_LOOP('',(#1990,#1991,#1992,#1993));
#773=EDGE_LOOP('',(#1994,#1995,#1996,#1997));
#774=EDGE_LOOP('',(#1998,#1999,#2000,#2001));
#775=LINE('',#2920,#786);
#776=LINE('',#2922,#787);
#777=LINE('',#2924,#788);
#778=LINE('',#2925,#789);
#779=LINE('',#2928,#790);
#780=LINE('',#2930,#791);
#781=LINE('',#2931,#792);
#782=LINE('',#2936,#793);
#783=LINE('',#2939,#794);
#784=LINE('',#2940,#795);
#785=LINE('',#2946,#796);
#786=VECTOR('',#2423,10.);
#787=VECTOR('',#2424,10.);
#788=VECTOR('',#2425,10.);
#789=VECTOR('',#2426,10.);
#790=VECTOR('',#2429,10.);
#791=VECTOR('',#2430,10.);
#792=VECTOR('',#2431,10.);
#793=VECTOR('',#2436,10.);
#794=VECTOR('',#2441,10.);
#795=VECTOR('',#2442,10.);
#796=VECTOR('',#2449,31.95441559);
#797=VERTEX_POINT('',#2918);
#798=VERTEX_POINT('',#2919);
#799=VERTEX_POINT('',#2921);
#800=VERTEX_POINT('',#2923);
#801=VERTEX_POINT('',#2927);
#802=VERTEX_POINT('',#2929);
#803=VERTEX_POINT('',#2933);
#804=VERTEX_POINT('',#2935);
#805=VERTEX_POINT('',#2943);
#806=VERTEX_POINT('',#2945);
#807=VERTEX_POINT('',#2947);
#808=VERTEX_POINT('',#2949);
#809=VERTEX_POINT('',#2951);
#810=VERTEX_POINT('',#2953);
#811=VERTEX_POINT('',#2955);
#812=VERTEX_POINT('',#2957);
#813=VERTEX_POINT('',#2959);
#814=VERTEX_POINT('',#2961);
#815=VERTEX_POINT('',#2963);
#816=VERTEX_POINT('',#2965);
#817=VERTEX_POINT('',#2967);
#818=VERTEX_POINT('',#2969);
#819=VERTEX_POINT('',#2971);
#820=VERTEX_POINT('',#2973);
#821=VERTEX_POINT('',#2975);
#822=VERTEX_POINT('',#2977);
#823=VERTEX_POINT('',#2979);
#824=VERTEX_POINT('',#2981);
#825=VERTEX_POINT('',#2983);
#826=VERTEX_POINT('',#2985);
#827=VERTEX_POINT('',#2987);
#828=VERTEX_POINT('',#2989);
#829=VERTEX_POINT('',#2991);
#830=VERTEX_POINT('',#2993);
#831=VERTEX_POINT('',#2995);
#832=VERTEX_POINT('',#2997);
#833=VERTEX_POINT('',#2999);
#834=VERTEX_POINT('',#3001);
#835=VERTEX_POINT('',#3003);
#836=VERTEX_POINT('',#3005);
#837=VERTEX_POINT('',#3007);
#838=VERTEX_POINT('',#3009);
#839=VERTEX_POINT('',#3011);
#840=VERTEX_POINT('',#3013);
#841=VERTEX_POINT('',#3015);
#842=VERTEX_POINT('',#3017);
#843=VERTEX_POINT('',#3019);
#844=VERTEX_POINT('',#3021);
#845=VERTEX_POINT('',#3023);
#846=VERTEX_POINT('',#3025);
#847=VERTEX_POINT('',#3027);
#848=VERTEX_POINT('',#3029);
#849=VERTEX_POINT('',#3031);
#850=VERTEX_POINT('',#3033);
#851=VERTEX_POINT('',#3035);
#852=VERTEX_POINT('',#3037);
#853=VERTEX_POINT('',#3042);
#854=VERTEX_POINT('',#3077);
#855=VERTEX_POINT('',#3114);
#856=VERTEX_POINT('',#3149);
#857=VERTEX_POINT('',#3186);
#858=VERTEX_POINT('',#3221);
#859=VERTEX_POINT('',#3258);
#860=VERTEX_POINT('',#3293);
#861=VERTEX_POINT('',#3330);
#862=VERTEX_POINT('',#3365);
#863=VERTEX_POINT('',#3402);
#864=VERTEX_POINT('',#3437);
#865=VERTEX_POINT('',#3474);
#866=VERTEX_POINT('',#3509);
#867=VERTEX_POINT('',#3546);
#868=VERTEX_POINT('',#3581);
#869=VERTEX_POINT('',#3618);
#870=VERTEX_POINT('',#3653);
#871=VERTEX_POINT('',#3690);
#872=VERTEX_POINT('',#3725);
#873=VERTEX_POINT('',#3762);
#874=VERTEX_POINT('',#3797);
#875=VERTEX_POINT('',#3834);
#876=VERTEX_POINT('',#3869);
#877=VERTEX_POINT('',#3906);
#878=VERTEX_POINT('',#3941);
#879=VERTEX_POINT('',#3978);
#880=VERTEX_POINT('',#4013);
#881=VERTEX_POINT('',#4050);
#882=VERTEX_POINT('',#4085);
#883=VERTEX_POINT('',#4122);
#884=VERTEX_POINT('',#4157);
#885=VERTEX_POINT('',#4194);
#886=VERTEX_POINT('',#4229);
#887=VERTEX_POINT('',#4266);
#888=VERTEX_POINT('',#4301);
#889=VERTEX_POINT('',#4338);
#890=VERTEX_POINT('',#4373);
#891=VERTEX_POINT('',#4410);
#892=VERTEX_POINT('',#4445);
#893=VERTEX_POINT('',#4482);
#894=VERTEX_POINT('',#4517);
#895=VERTEX_POINT('',#4554);
#896=VERTEX_POINT('',#4589);
#897=VERTEX_POINT('',#4626);
#898=VERTEX_POINT('',#4661);
#899=VERTEX_POINT('',#4745);
#900=VERTEX_POINT('',#4752);
#901=VERTEX_POINT('',#4794);
#902=VERTEX_POINT('',#4795);
#903=VERTEX_POINT('',#4897);
#904=VERTEX_POINT('',#4898);
#905=VERTEX_POINT('',#4946);
#906=VERTEX_POINT('',#4974);
#907=VERTEX_POINT('',#5045);
#908=VERTEX_POINT('',#5046);
#909=VERTEX_POINT('',#5084);
#910=VERTEX_POINT('',#5086);
#911=VERTEX_POINT('',#5220);
#912=VERTEX_POINT('',#5221);
#913=VERTEX_POINT('',#5295);
#914=VERTEX_POINT('',#5296);
#915=VERTEX_POINT('',#5349);
#916=VERTEX_POINT('',#5350);
#917=VERTEX_POINT('',#5388);
#918=VERTEX_POINT('',#5390);
#919=VERTEX_POINT('',#5524);
#920=VERTEX_POINT('',#5525);
#921=VERTEX_POINT('',#5599);
#922=VERTEX_POINT('',#5600);
#923=VERTEX_POINT('',#5653);
#924=VERTEX_POINT('',#5654);
#925=VERTEX_POINT('',#5692);
#926=VERTEX_POINT('',#5694);
#927=VERTEX_POINT('',#5828);
#928=VERTEX_POINT('',#5829);
#929=VERTEX_POINT('',#5903);
#930=VERTEX_POINT('',#5904);
#931=VERTEX_POINT('',#5957);
#932=VERTEX_POINT('',#5958);
#933=VERTEX_POINT('',#5996);
#934=VERTEX_POINT('',#5998);
#935=VERTEX_POINT('',#6132);
#936=VERTEX_POINT('',#6133);
#937=VERTEX_POINT('',#6207);
#938=VERTEX_POINT('',#6208);
#939=VERTEX_POINT('',#6261);
#940=VERTEX_POINT('',#6262);
#941=VERTEX_POINT('',#6300);
#942=VERTEX_POINT('',#6302);
#943=VERTEX_POINT('',#6436);
#944=VERTEX_POINT('',#6437);
#945=VERTEX_POINT('',#6511);
#946=VERTEX_POINT('',#6512);
#947=VERTEX_POINT('',#6565);
#948=VERTEX_POINT('',#6566);
#949=VERTEX_POINT('',#6604);
#950=VERTEX_POINT('',#6606);
#951=VERTEX_POINT('',#6740);
#952=VERTEX_POINT('',#6741);
#953=VERTEX_POINT('',#6815);
#954=VERTEX_POINT('',#6816);
#955=VERTEX_POINT('',#6869);
#956=VERTEX_POINT('',#6870);
#957=VERTEX_POINT('',#6908);
#958=VERTEX_POINT('',#6910);
#959=VERTEX_POINT('',#7044);
#960=VERTEX_POINT('',#7045);
#961=VERTEX_POINT('',#7119);
#962=VERTEX_POINT('',#7120);
#963=VERTEX_POINT('',#7173);
#964=VERTEX_POINT('',#7174);
#965=VERTEX_POINT('',#7212);
#966=VERTEX_POINT('',#7214);
#967=VERTEX_POINT('',#7348);
#968=VERTEX_POINT('',#7349);
#969=VERTEX_POINT('',#7423);
#970=VERTEX_POINT('',#7424);
#971=VERTEX_POINT('',#7477);
#972=VERTEX_POINT('',#7478);
#973=VERTEX_POINT('',#7516);
#974=VERTEX_POINT('',#7518);
#975=VERTEX_POINT('',#7652);
#976=VERTEX_POINT('',#7653);
#977=VERTEX_POINT('',#7727);
#978=VERTEX_POINT('',#7728);
#979=VERTEX_POINT('',#7781);
#980=VERTEX_POINT('',#7782);
#981=VERTEX_POINT('',#7820);
#982=VERTEX_POINT('',#7822);
#983=VERTEX_POINT('',#7956);
#984=VERTEX_POINT('',#7957);
#985=VERTEX_POINT('',#8031);
#986=VERTEX_POINT('',#8032);
#987=VERTEX_POINT('',#8108);
#988=VERTEX_POINT('',#8109);
#989=VERTEX_POINT('',#8183);
#990=VERTEX_POINT('',#8184);
#991=EDGE_CURVE('',#797,#798,#775,.T.);
#992=EDGE_CURVE('',#797,#799,#776,.T.);
#993=EDGE_CURVE('',#799,#800,#777,.T.);
#994=EDGE_CURVE('',#798,#800,#778,.T.);
#995=EDGE_CURVE('',#801,#797,#779,.T.);
#996=EDGE_CURVE('',#801,#802,#780,.T.);
#997=EDGE_CURVE('',#802,#799,#781,.T.);
#998=EDGE_CURVE('',#803,#801,#338,.T.);
#999=EDGE_CURVE('',#803,#804,#782,.T.);
#1000=EDGE_CURVE('',#804,#802,#339,.T.);
#1001=EDGE_CURVE('',#798,#803,#783,.T.);
#1002=EDGE_CURVE('',#800,#804,#784,.T.);
#1003=EDGE_CURVE('',#805,#805,#340,.T.);
#1004=EDGE_CURVE('',#805,#806,#785,.T.);
#1005=EDGE_CURVE('',#806,#807,#341,.T.);
#1006=EDGE_CURVE('',#807,#808,#342,.T.);
#1007=EDGE_CURVE('',#808,#809,#343,.T.);
#1008=EDGE_CURVE('',#809,#810,#344,.T.);
#1009=EDGE_CURVE('',#810,#811,#345,.T.);
#1010=EDGE_CURVE('',#811,#812,#346,.T.);
#1011=EDGE_CURVE('',#812,#813,#347,.T.);
#1012=EDGE_CURVE('',#813,#814,#348,.T.);
#1013=EDGE_CURVE('',#814,#815,#349,.T.);
#1014=EDGE_CURVE('',#815,#816,#350,.T.);
#1015=EDGE_CURVE('',#816,#817,#351,.T.);
#1016=EDGE_CURVE('',#817,#818,#352,.T.);
#1017=EDGE_CURVE('',#818,#819,#353,.T.);
#1018=EDGE_CURVE('',#819,#820,#354,.T.);
#1019=EDGE_CURVE('',#820,#821,#355,.T.);
#1020=EDGE_CURVE('',#821,#822,#356,.T.);
#1021=EDGE_CURVE('',#822,#823,#357,.T.);
#1022=EDGE_CURVE('',#823,#824,#358,.T.);
#1023=EDGE_CURVE('',#824,#825,#359,.T.);
#1024=EDGE_CURVE('',#825,#826,#360,.T.);
#1025=EDGE_CURVE('',#826,#827,#361,.T.);
#1026=EDGE_CURVE('',#827,#828,#362,.T.);
#1027=EDGE_CURVE('',#828,#829,#363,.T.);
#1028=EDGE_CURVE('',#829,#830,#364,.T.);
#1029=EDGE_CURVE('',#830,#831,#365,.T.);
#1030=EDGE_CURVE('',#831,#832,#366,.T.);
#1031=EDGE_CURVE('',#832,#833,#367,.T.);
#1032=EDGE_CURVE('',#833,#834,#368,.T.);
#1033=EDGE_CURVE('',#834,#835,#369,.T.);
#1034=EDGE_CURVE('',#835,#836,#370,.T.);
#1035=EDGE_CURVE('',#836,#837,#371,.T.);
#1036=EDGE_CURVE('',#837,#838,#372,.T.);
#1037=EDGE_CURVE('',#838,#839,#373,.T.);
#1038=EDGE_CURVE('',#839,#840,#374,.T.);
#1039=EDGE_CURVE('',#840,#841,#375,.T.);
#1040=EDGE_CURVE('',#841,#842,#376,.T.);
#1041=EDGE_CURVE('',#842,#843,#377,.T.);
#1042=EDGE_CURVE('',#843,#844,#378,.T.);
#1043=EDGE_CURVE('',#844,#845,#379,.T.);
#1044=EDGE_CURVE('',#845,#846,#380,.T.);
#1045=EDGE_CURVE('',#846,#847,#381,.T.);
#1046=EDGE_CURVE('',#847,#848,#382,.T.);
#1047=EDGE_CURVE('',#848,#849,#383,.T.);
#1048=EDGE_CURVE('',#849,#850,#384,.T.);
#1049=EDGE_CURVE('',#850,#851,#385,.T.);
#1050=EDGE_CURVE('',#851,#852,#386,.T.);
#1051=EDGE_CURVE('',#852,#806,#387,.T.);
#1052=EDGE_CURVE('',#853,#842,#61,.T.);
#1053=EDGE_CURVE('',#841,#854,#62,.T.);
#1054=EDGE_CURVE('',#854,#853,#388,.T.);
#1055=EDGE_CURVE('',#855,#848,#63,.T.);
#1056=EDGE_CURVE('',#847,#856,#64,.T.);
#1057=EDGE_CURVE('',#856,#855,#389,.T.);
#1058=EDGE_CURVE('',#857,#850,#65,.T.);
#1059=EDGE_CURVE('',#849,#858,#66,.T.);
#1060=EDGE_CURVE('',#858,#857,#390,.T.);
#1061=EDGE_CURVE('',#859,#852,#67,.T.);
#1062=EDGE_CURVE('',#851,#860,#68,.T.);
#1063=EDGE_CURVE('',#860,#859,#391,.T.);
#1064=EDGE_CURVE('',#861,#808,#69,.T.);
#1065=EDGE_CURVE('',#807,#862,#70,.T.);
#1066=EDGE_CURVE('',#862,#861,#392,.T.);
#1067=EDGE_CURVE('',#863,#810,#71,.T.);
#1068=EDGE_CURVE('',#809,#864,#72,.T.);
#1069=EDGE_CURVE('',#864,#863,#393,.T.);
#1070=EDGE_CURVE('',#865,#812,#73,.T.);
#1071=EDGE_CURVE('',#811,#866,#74,.T.);
#1072=EDGE_CURVE('',#866,#865,#394,.T.);
#1073=EDGE_CURVE('',#867,#814,#75,.T.);
#1074=EDGE_CURVE('',#813,#868,#76,.T.);
#1075=EDGE_CURVE('',#868,#867,#395,.T.);
#1076=EDGE_CURVE('',#869,#816,#77,.T.);
#1077=EDGE_CURVE('',#815,#870,#78,.T.);
#1078=EDGE_CURVE('',#870,#869,#396,.T.);
#1079=EDGE_CURVE('',#871,#818,#79,.T.);
#1080=EDGE_CURVE('',#817,#872,#80,.T.);
#1081=EDGE_CURVE('',#872,#871,#397,.T.);
#1082=EDGE_CURVE('',#873,#820,#81,.T.);
#1083=EDGE_CURVE('',#819,#874,#82,.T.);
#1084=EDGE_CURVE('',#874,#873,#398,.T.);
#1085=EDGE_CURVE('',#875,#822,#83,.T.);
#1086=EDGE_CURVE('',#821,#876,#84,.T.);
#1087=EDGE_CURVE('',#876,#875,#399,.T.);
#1088=EDGE_CURVE('',#877,#824,#85,.T.);
#1089=EDGE_CURVE('',#823,#878,#86,.T.);
#1090=EDGE_CURVE('',#878,#877,#400,.T.);
#1091=EDGE_CURVE('',#879,#826,#87,.T.);
#1092=EDGE_CURVE('',#825,#880,#88,.T.);
#1093=EDGE_CURVE('',#880,#879,#401,.T.);
#1094=EDGE_CURVE('',#881,#828,#89,.T.);
#1095=EDGE_CURVE('',#827,#882,#90,.T.);
#1096=EDGE_CURVE('',#882,#881,#402,.T.);
#1097=EDGE_CURVE('',#883,#830,#91,.T.);
#1098=EDGE_CURVE('',#829,#884,#92,.T.);
#1099=EDGE_CURVE('',#884,#883,#403,.T.);
#1100=EDGE_CURVE('',#885,#832,#93,.T.);
#1101=EDGE_CURVE('',#831,#886,#94,.T.);
#1102=EDGE_CURVE('',#886,#885,#404,.T.);
#1103=EDGE_CURVE('',#887,#834,#95,.T.);
#1104=EDGE_CURVE('',#833,#888,#96,.T.);
#1105=EDGE_CURVE('',#888,#887,#405,.T.);
#1106=EDGE_CURVE('',#889,#836,#97,.T.);
#1107=EDGE_CURVE('',#835,#890,#98,.T.);
#1108=EDGE_CURVE('',#890,#889,#406,.T.);
#1109=EDGE_CURVE('',#891,#838,#99,.T.);
#1110=EDGE_CURVE('',#837,#892,#100,.T.);
#1111=EDGE_CURVE('',#892,#891,#407,.T.);
#1112=EDGE_CURVE('',#839,#893,#101,.T.);
#1113=EDGE_CURVE('',#893,#894,#408,.T.);
#1114=EDGE_CURVE('',#894,#840,#102,.T.);
#1115=EDGE_CURVE('',#895,#844,#103,.T.);
#1116=EDGE_CURVE('',#843,#896,#104,.T.);
#1117=EDGE_CURVE('',#896,#895,#409,.T.);
#1118=EDGE_CURVE('',#845,#897,#105,.T.);
#1119=EDGE_CURVE('',#897,#898,#410,.T.);
#1120=EDGE_CURVE('',#898,#846,#106,.T.);
#1121=EDGE_CURVE('',#853,#896,#411,.T.);
#1122=EDGE_CURVE('',#894,#854,#412,.T.);
#1123=EDGE_CURVE('',#891,#893,#413,.T.);
#1124=EDGE_CURVE('',#889,#892,#414,.T.);
#1125=EDGE_CURVE('',#887,#890,#415,.T.);
#1126=EDGE_CURVE('',#885,#888,#416,.T.);
#1127=EDGE_CURVE('',#883,#886,#417,.T.);
#1128=EDGE_CURVE('',#881,#884,#418,.T.);
#1129=EDGE_CURVE('',#879,#882,#419,.T.);
#1130=EDGE_CURVE('',#877,#880,#420,.T.);
#1131=EDGE_CURVE('',#875,#878,#421,.T.);
#1132=EDGE_CURVE('',#873,#876,#422,.T.);
#1133=EDGE_CURVE('',#871,#874,#423,.T.);
#1134=EDGE_CURVE('',#869,#872,#424,.T.);
#1135=EDGE_CURVE('',#867,#870,#425,.T.);
#1136=EDGE_CURVE('',#865,#868,#426,.T.);
#1137=EDGE_CURVE('',#863,#866,#427,.T.);
#1138=EDGE_CURVE('',#861,#864,#428,.T.);
#1139=EDGE_CURVE('',#859,#862,#429,.T.);
#1140=EDGE_CURVE('',#857,#860,#430,.T.);
#1141=EDGE_CURVE('',#855,#858,#431,.T.);
#1142=EDGE_CURVE('',#898,#856,#432,.T.);
#1143=EDGE_CURVE('',#895,#897,#433,.T.);
#1144=EDGE_CURVE('',#899,#841,#107,.T.);
#1145=EDGE_CURVE('',#900,#899,#108,.T.);
#1146=EDGE_CURVE('',#854,#900,#109,.T.);
#1147=EDGE_CURVE('',#901,#902,#110,.T.);
#1148=EDGE_CURVE('',#902,#900,#434,.T.);
#1149=EDGE_CURVE('',#901,#899,#435,.T.);
#1150=EDGE_CURVE('',#902,#894,#111,.T.);
#1151=EDGE_CURVE('',#840,#901,#112,.T.);
#1152=EDGE_CURVE('',#903,#904,#113,.T.);
#1153=EDGE_CURVE('',#896,#903,#114,.T.);
#1154=EDGE_CURVE('',#904,#843,#115,.T.);
#1155=EDGE_CURVE('',#842,#905,#116,.T.);
#1156=EDGE_CURVE('',#905,#904,#436,.T.);
#1157=EDGE_CURVE('',#906,#903,#437,.T.);
#1158=EDGE_CURVE('',#906,#853,#117,.T.);
#1159=EDGE_CURVE('',#905,#906,#118,.T.);
#1160=EDGE_CURVE('',#907,#908,#119,.T.);
#1161=EDGE_CURVE('',#908,#909,#438,.T.);
#1162=EDGE_CURVE('',#909,#910,#120,.T.);
#1163=EDGE_CURVE('',#907,#910,#439,.T.);
#1164=EDGE_CURVE('',#908,#898,#121,.T.);
#1165=EDGE_CURVE('',#856,#909,#122,.T.);
#1166=EDGE_CURVE('',#846,#907,#123,.T.);
#1167=EDGE_CURVE('',#910,#847,#124,.T.);
#1168=EDGE_CURVE('',#911,#912,#125,.T.);
#1169=EDGE_CURVE('',#848,#911,#126,.T.);
#1170=EDGE_CURVE('',#912,#855,#127,.T.);
#1171=EDGE_CURVE('',#913,#914,#128,.T.);
#1172=EDGE_CURVE('',#858,#913,#129,.T.);
#1173=EDGE_CURVE('',#914,#849,#130,.T.);
#1174=EDGE_CURVE('',#911,#914,#440,.T.);
#1175=EDGE_CURVE('',#912,#913,#441,.T.);
#1176=EDGE_CURVE('',#915,#916,#131,.T.);
#1177=EDGE_CURVE('',#916,#917,#442,.T.);
#1178=EDGE_CURVE('',#917,#918,#132,.T.);
#1179=EDGE_CURVE('',#915,#918,#443,.T.);
#1180=EDGE_CURVE('',#916,#857,#133,.T.);
#1181=EDGE_CURVE('',#860,#917,#134,.T.);
#1182=EDGE_CURVE('',#850,#915,#135,.T.);
#1183=EDGE_CURVE('',#918,#851,#136,.T.);
#1184=EDGE_CURVE('',#919,#920,#137,.T.);
#1185=EDGE_CURVE('',#852,#919,#138,.T.);
#1186=EDGE_CURVE('',#920,#859,#139,.T.);
#1187=EDGE_CURVE('',#921,#922,#140,.T.);
#1188=EDGE_CURVE('',#862,#921,#141,.T.);
#1189=EDGE_CURVE('',#922,#807,#142,.T.);
#1190=EDGE_CURVE('',#919,#922,#444,.T.);
#1191=EDGE_CURVE('',#920,#921,#445,.T.);
#1192=EDGE_CURVE('',#923,#924,#143,.T.);
#1193=EDGE_CURVE('',#924,#925,#446,.T.);
#1194=EDGE_CURVE('',#925,#926,#144,.T.);
#1195=EDGE_CURVE('',#923,#926,#447,.T.);
#1196=EDGE_CURVE('',#924,#861,#145,.T.);
#1197=EDGE_CURVE('',#864,#925,#146,.T.);
#1198=EDGE_CURVE('',#808,#923,#147,.T.);
#1199=EDGE_CURVE('',#926,#809,#148,.T.);
#1200=EDGE_CURVE('',#927,#928,#149,.T.);
#1201=EDGE_CURVE('',#810,#927,#150,.T.);
#1202=EDGE_CURVE('',#928,#863,#151,.T.);
#1203=EDGE_CURVE('',#929,#930,#152,.T.);
#1204=EDGE_CURVE('',#866,#929,#153,.T.);
#1205=EDGE_CURVE('',#930,#811,#154,.T.);
#1206=EDGE_CURVE('',#927,#930,#448,.T.);
#1207=EDGE_CURVE('',#928,#929,#449,.T.);
#1208=EDGE_CURVE('',#931,#932,#155,.T.);
#1209=EDGE_CURVE('',#932,#933,#450,.T.);
#1210=EDGE_CURVE('',#933,#934,#156,.T.);
#1211=EDGE_CURVE('',#931,#934,#451,.T.);
#1212=EDGE_CURVE('',#932,#865,#157,.T.);
#1213=EDGE_CURVE('',#868,#933,#158,.T.);
#1214=EDGE_CURVE('',#812,#931,#159,.T.);
#1215=EDGE_CURVE('',#934,#813,#160,.T.);
#1216=EDGE_CURVE('',#935,#936,#161,.T.);
#1217=EDGE_CURVE('',#814,#935,#162,.T.);
#1218=EDGE_CURVE('',#936,#867,#163,.T.);
#1219=EDGE_CURVE('',#937,#938,#164,.T.);
#1220=EDGE_CURVE('',#870,#937,#165,.T.);
#1221=EDGE_CURVE('',#938,#815,#166,.T.);
#1222=EDGE_CURVE('',#935,#938,#452,.T.);
#1223=EDGE_CURVE('',#936,#937,#453,.T.);
#1224=EDGE_CURVE('',#939,#940,#167,.T.);
#1225=EDGE_CURVE('',#940,#941,#454,.T.);
#1226=EDGE_CURVE('',#941,#942,#168,.T.);
#1227=EDGE_CURVE('',#939,#942,#455,.T.);
#1228=EDGE_CURVE('',#940,#869,#169,.T.);
#1229=EDGE_CURVE('',#872,#941,#170,.T.);
#1230=EDGE_CURVE('',#816,#939,#171,.T.);
#1231=EDGE_CURVE('',#942,#817,#172,.T.);
#1232=EDGE_CURVE('',#943,#944,#173,.T.);
#1233=EDGE_CURVE('',#818,#943,#174,.T.);
#1234=EDGE_CURVE('',#944,#871,#175,.T.);
#1235=EDGE_CURVE('',#945,#946,#176,.T.);
#1236=EDGE_CURVE('',#874,#945,#177,.T.);
#1237=EDGE_CURVE('',#946,#819,#178,.T.);
#1238=EDGE_CURVE('',#943,#946,#456,.T.);
#1239=EDGE_CURVE('',#944,#945,#457,.T.);
#1240=EDGE_CURVE('',#947,#948,#179,.T.);
#1241=EDGE_CURVE('',#948,#949,#458,.T.);
#1242=EDGE_CURVE('',#949,#950,#180,.T.);
#1243=EDGE_CURVE('',#947,#950,#459,.T.);
#1244=EDGE_CURVE('',#948,#873,#181,.T.);
#1245=EDGE_CURVE('',#876,#949,#182,.T.);
#1246=EDGE_CURVE('',#820,#947,#183,.T.);
#1247=EDGE_CURVE('',#950,#821,#184,.T.);
#1248=EDGE_CURVE('',#951,#952,#185,.T.);
#1249=EDGE_CURVE('',#822,#951,#186,.T.);
#1250=EDGE_CURVE('',#952,#875,#187,.T.);
#1251=EDGE_CURVE('',#953,#954,#188,.T.);
#1252=EDGE_CURVE('',#878,#953,#189,.T.);
#1253=EDGE_CURVE('',#954,#823,#190,.T.);
#1254=EDGE_CURVE('',#951,#954,#460,.T.);
#1255=EDGE_CURVE('',#952,#953,#461,.T.);
#1256=EDGE_CURVE('',#955,#956,#191,.T.);
#1257=EDGE_CURVE('',#956,#957,#462,.T.);
#1258=EDGE_CURVE('',#957,#958,#192,.T.);
#1259=EDGE_CURVE('',#955,#958,#463,.T.);
#1260=EDGE_CURVE('',#956,#877,#193,.T.);
#1261=EDGE_CURVE('',#880,#957,#194,.T.);
#1262=EDGE_CURVE('',#824,#955,#195,.T.);
#1263=EDGE_CURVE('',#958,#825,#196,.T.);
#1264=EDGE_CURVE('',#959,#960,#197,.T.);
#1265=EDGE_CURVE('',#826,#959,#198,.T.);
#1266=EDGE_CURVE('',#960,#879,#199,.T.);
#1267=EDGE_CURVE('',#961,#962,#200,.T.);
#1268=EDGE_CURVE('',#882,#961,#201,.T.);
#1269=EDGE_CURVE('',#962,#827,#202,.T.);
#1270=EDGE_CURVE('',#959,#962,#464,.T.);
#1271=EDGE_CURVE('',#960,#961,#465,.T.);
#1272=EDGE_CURVE('',#963,#964,#203,.T.);
#1273=EDGE_CURVE('',#964,#965,#466,.T.);
#1274=EDGE_CURVE('',#965,#966,#204,.T.);
#1275=EDGE_CURVE('',#963,#966,#467,.T.);
#1276=EDGE_CURVE('',#964,#881,#205,.T.);
#1277=EDGE_CURVE('',#884,#965,#206,.T.);
#1278=EDGE_CURVE('',#828,#963,#207,.T.);
#1279=EDGE_CURVE('',#966,#829,#208,.T.);
#1280=EDGE_CURVE('',#967,#968,#209,.T.);
#1281=EDGE_CURVE('',#830,#967,#210,.T.);
#1282=EDGE_CURVE('',#968,#883,#211,.T.);
#1283=EDGE_CURVE('',#969,#970,#212,.T.);
#1284=EDGE_CURVE('',#886,#969,#213,.T.);
#1285=EDGE_CURVE('',#970,#831,#214,.T.);
#1286=EDGE_CURVE('',#967,#970,#468,.T.);
#1287=EDGE_CURVE('',#968,#969,#469,.T.);
#1288=EDGE_CURVE('',#971,#972,#215,.T.);
#1289=EDGE_CURVE('',#972,#973,#470,.T.);
#1290=EDGE_CURVE('',#973,#974,#216,.T.);
#1291=EDGE_CURVE('',#971,#974,#471,.T.);
#1292=EDGE_CURVE('',#972,#885,#217,.T.);
#1293=EDGE_CURVE('',#888,#973,#218,.T.);
#1294=EDGE_CURVE('',#832,#971,#219,.T.);
#1295=EDGE_CURVE('',#974,#833,#220,.T.);
#1296=EDGE_CURVE('',#975,#976,#221,.T.);
#1297=EDGE_CURVE('',#834,#975,#222,.T.);
#1298=EDGE_CURVE('',#976,#887,#223,.T.);
#1299=EDGE_CURVE('',#977,#978,#224,.T.);
#1300=EDGE_CURVE('',#890,#977,#225,.T.);
#1301=EDGE_CURVE('',#978,#835,#226,.T.);
#1302=EDGE_CURVE('',#975,#978,#472,.T.);
#1303=EDGE_CURVE('',#976,#977,#473,.T.);
#1304=EDGE_CURVE('',#979,#980,#227,.T.);
#1305=EDGE_CURVE('',#980,#981,#474,.T.);
#1306=EDGE_CURVE('',#981,#982,#228,.T.);
#1307=EDGE_CURVE('',#979,#982,#475,.T.);
#1308=EDGE_CURVE('',#980,#889,#229,.T.);
#1309=EDGE_CURVE('',#892,#981,#230,.T.);
#1310=EDGE_CURVE('',#836,#979,#231,.T.);
#1311=EDGE_CURVE('',#982,#837,#232,.T.);
#1312=EDGE_CURVE('',#983,#984,#233,.T.);
#1313=EDGE_CURVE('',#838,#983,#234,.T.);
#1314=EDGE_CURVE('',#984,#891,#235,.T.);
#1315=EDGE_CURVE('',#985,#986,#236,.T.);
#1316=EDGE_CURVE('',#893,#985,#237,.T.);
#1317=EDGE_CURVE('',#986,#839,#238,.T.);
#1318=EDGE_CURVE('',#983,#986,#476,.T.);
#1319=EDGE_CURVE('',#984,#985,#477,.T.);
#1320=EDGE_CURVE('',#987,#988,#239,.T.);
#1321=EDGE_CURVE('',#844,#987,#240,.T.);
#1322=EDGE_CURVE('',#988,#895,#241,.T.);
#1323=EDGE_CURVE('',#989,#990,#242,.T.);
#1324=EDGE_CURVE('',#897,#989,#243,.T.);
#1325=EDGE_CURVE('',#990,#845,#244,.T.);
#1326=EDGE_CURVE('',#987,#990,#478,.T.);
#1327=EDGE_CURVE('',#988,#989,#479,.T.);
#1328=ORIENTED_EDGE('',*,*,#991,.F.);
#1329=ORIENTED_EDGE('',*,*,#992,.T.);
#1330=ORIENTED_EDGE('',*,*,#993,.T.);
#1331=ORIENTED_EDGE('',*,*,#994,.F.);
#1332=ORIENTED_EDGE('',*,*,#995,.F.);
#1333=ORIENTED_EDGE('',*,*,#996,.T.);
#1334=ORIENTED_EDGE('',*,*,#997,.T.);
#1335=ORIENTED_EDGE('',*,*,#992,.F.);
#1336=ORIENTED_EDGE('',*,*,#998,.F.);
#1337=ORIENTED_EDGE('',*,*,#999,.T.);
#1338=ORIENTED_EDGE('',*,*,#1000,.T.);
#1339=ORIENTED_EDGE('',*,*,#996,.F.);
#1340=ORIENTED_EDGE('',*,*,#1001,.F.);
#1341=ORIENTED_EDGE('',*,*,#994,.T.);
#1342=ORIENTED_EDGE('',*,*,#1002,.T.);
#1343=ORIENTED_EDGE('',*,*,#999,.F.);
#1344=ORIENTED_EDGE('',*,*,#1002,.F.);
#1345=ORIENTED_EDGE('',*,*,#993,.F.);
#1346=ORIENTED_EDGE('',*,*,#997,.F.);
#1347=ORIENTED_EDGE('',*,*,#1000,.F.);
#1348=ORIENTED_EDGE('',*,*,#1003,.F.);
#1349=ORIENTED_EDGE('',*,*,#1004,.T.);
#1350=ORIENTED_EDGE('',*,*,#1005,.T.);
#1351=ORIENTED_EDGE('',*,*,#1006,.T.);
#1352=ORIENTED_EDGE('',*,*,#1007,.T.);
#1353=ORIENTED_EDGE('',*,*,#1008,.T.);
#1354=ORIENTED_EDGE('',*,*,#1009,.T.);
#1355=ORIENTED_EDGE('',*,*,#1010,.T.);
#1356=ORIENTED_EDGE('',*,*,#1011,.T.);
#1357=ORIENTED_EDGE('',*,*,#1012,.T.);
#1358=ORIENTED_EDGE('',*,*,#1013,.T.);
#1359=ORIENTED_EDGE('',*,*,#1014,.T.);
#1360=ORIENTED_EDGE('',*,*,#1015,.T.);
#1361=ORIENTED_EDGE('',*,*,#1016,.T.);
#1362=ORIENTED_EDGE('',*,*,#1017,.T.);
#1363=ORIENTED_EDGE('',*,*,#1018,.T.);
#1364=ORIENTED_EDGE('',*,*,#1019,.T.);
#1365=ORIENTED_EDGE('',*,*,#1020,.T.);
#1366=ORIENTED_EDGE('',*,*,#1021,.T.);
#1367=ORIENTED_EDGE('',*,*,#1022,.T.);
#1368=ORIENTED_EDGE('',*,*,#1023,.T.);
#1369=ORIENTED_EDGE('',*,*,#1024,.T.);
#1370=ORIENTED_EDGE('',*,*,#1025,.T.);
#1371=ORIENTED_EDGE('',*,*,#1026,.T.);
#1372=ORIENTED_EDGE('',*,*,#1027,.T.);
#1373=ORIENTED_EDGE('',*,*,#1028,.T.);
#1374=ORIENTED_EDGE('',*,*,#1029,.T.);
#1375=ORIENTED_EDGE('',*,*,#1030,.T.);
#1376=ORIENTED_EDGE('',*,*,#1031,.T.);
#1377=ORIENTED_EDGE('',*,*,#1032,.T.);
#1378=ORIENTED_EDGE('',*,*,#1033,.T.);
#1379=ORIENTED_EDGE('',*,*,#1034,.T.);
#1380=ORIENTED_EDGE('',*,*,#1035,.T.);
#1381=ORIENTED_EDGE('',*,*,#1036,.T.);
#1382=ORIENTED_EDGE('',*,*,#1037,.T.);
#1383=ORIENTED_EDGE('',*,*,#1038,.T.);
#1384=ORIENTED_EDGE('',*,*,#1039,.T.);
#1385=ORIENTED_EDGE('',*,*,#1040,.T.);
#1386=ORIENTED_EDGE('',*,*,#1041,.T.);
#1387=ORIENTED_EDGE('',*,*,#1042,.T.);
#1388=ORIENTED_EDGE('',*,*,#1043,.T.);
#1389=ORIENTED_EDGE('',*,*,#1044,.T.);
#1390=ORIENTED_EDGE('',*,*,#1045,.T.);
#1391=ORIENTED_EDGE('',*,*,#1046,.T.);
#1392=ORIENTED_EDGE('',*,*,#1047,.T.);
#1393=ORIENTED_EDGE('',*,*,#1048,.T.);
#1394=ORIENTED_EDGE('',*,*,#1049,.T.);
#1395=ORIENTED_EDGE('',*,*,#1050,.T.);
#1396=ORIENTED_EDGE('',*,*,#1051,.T.);
#1397=ORIENTED_EDGE('',*,*,#1004,.F.);
#1398=ORIENTED_EDGE('',*,*,#1003,.T.);
#1399=ORIENTED_EDGE('',*,*,#991,.T.);
#1400=ORIENTED_EDGE('',*,*,#1001,.T.);
#1401=ORIENTED_EDGE('',*,*,#998,.T.);
#1402=ORIENTED_EDGE('',*,*,#995,.T.);
#1403=ORIENTED_EDGE('',*,*,#1052,.T.);
#1404=ORIENTED_EDGE('',*,*,#1040,.F.);
#1405=ORIENTED_EDGE('',*,*,#1053,.T.);
#1406=ORIENTED_EDGE('',*,*,#1054,.T.);
#1407=ORIENTED_EDGE('',*,*,#1055,.T.);
#1408=ORIENTED_EDGE('',*,*,#1046,.F.);
#1409=ORIENTED_EDGE('',*,*,#1056,.T.);
#1410=ORIENTED_EDGE('',*,*,#1057,.T.);
#1411=ORIENTED_EDGE('',*,*,#1058,.T.);
#1412=ORIENTED_EDGE('',*,*,#1048,.F.);
#1413=ORIENTED_EDGE('',*,*,#1059,.T.);
#1414=ORIENTED_EDGE('',*,*,#1060,.T.);
#1415=ORIENTED_EDGE('',*,*,#1061,.T.);
#1416=ORIENTED_EDGE('',*,*,#1050,.F.);
#1417=ORIENTED_EDGE('',*,*,#1062,.T.);
#1418=ORIENTED_EDGE('',*,*,#1063,.T.);
#1419=ORIENTED_EDGE('',*,*,#1064,.T.);
#1420=ORIENTED_EDGE('',*,*,#1006,.F.);
#1421=ORIENTED_EDGE('',*,*,#1065,.T.);
#1422=ORIENTED_EDGE('',*,*,#1066,.T.);
#1423=ORIENTED_EDGE('',*,*,#1067,.T.);
#1424=ORIENTED_EDGE('',*,*,#1008,.F.);
#1425=ORIENTED_EDGE('',*,*,#1068,.T.);
#1426=ORIENTED_EDGE('',*,*,#1069,.T.);
#1427=ORIENTED_EDGE('',*,*,#1070,.T.);
#1428=ORIENTED_EDGE('',*,*,#1010,.F.);
#1429=ORIENTED_EDGE('',*,*,#1071,.T.);
#1430=ORIENTED_EDGE('',*,*,#1072,.T.);
#1431=ORIENTED_EDGE('',*,*,#1073,.T.);
#1432=ORIENTED_EDGE('',*,*,#1012,.F.);
#1433=ORIENTED_EDGE('',*,*,#1074,.T.);
#1434=ORIENTED_EDGE('',*,*,#1075,.T.);
#1435=ORIENTED_EDGE('',*,*,#1076,.T.);
#1436=ORIENTED_EDGE('',*,*,#1014,.F.);
#1437=ORIENTED_EDGE('',*,*,#1077,.T.);
#1438=ORIENTED_EDGE('',*,*,#1078,.T.);
#1439=ORIENTED_EDGE('',*,*,#1079,.T.);
#1440=ORIENTED_EDGE('',*,*,#1016,.F.);
#1441=ORIENTED_EDGE('',*,*,#1080,.T.);
#1442=ORIENTED_EDGE('',*,*,#1081,.T.);
#1443=ORIENTED_EDGE('',*,*,#1082,.T.);
#1444=ORIENTED_EDGE('',*,*,#1018,.F.);
#1445=ORIENTED_EDGE('',*,*,#1083,.T.);
#1446=ORIENTED_EDGE('',*,*,#1084,.T.);
#1447=ORIENTED_EDGE('',*,*,#1085,.T.);
#1448=ORIENTED_EDGE('',*,*,#1020,.F.);
#1449=ORIENTED_EDGE('',*,*,#1086,.T.);
#1450=ORIENTED_EDGE('',*,*,#1087,.T.);
#1451=ORIENTED_EDGE('',*,*,#1088,.T.);
#1452=ORIENTED_EDGE('',*,*,#1022,.F.);
#1453=ORIENTED_EDGE('',*,*,#1089,.T.);
#1454=ORIENTED_EDGE('',*,*,#1090,.T.);
#1455=ORIENTED_EDGE('',*,*,#1091,.T.);
#1456=ORIENTED_EDGE('',*,*,#1024,.F.);
#1457=ORIENTED_EDGE('',*,*,#1092,.T.);
#1458=ORIENTED_EDGE('',*,*,#1093,.T.);
#1459=ORIENTED_EDGE('',*,*,#1094,.T.);
#1460=ORIENTED_EDGE('',*,*,#1026,.F.);
#1461=ORIENTED_EDGE('',*,*,#1095,.T.);
#1462=ORIENTED_EDGE('',*,*,#1096,.T.);
#1463=ORIENTED_EDGE('',*,*,#1097,.T.);
#1464=ORIENTED_EDGE('',*,*,#1028,.F.);
#1465=ORIENTED_EDGE('',*,*,#1098,.T.);
#1466=ORIENTED_EDGE('',*,*,#1099,.T.);
#1467=ORIENTED_EDGE('',*,*,#1100,.T.);
#1468=ORIENTED_EDGE('',*,*,#1030,.F.);
#1469=ORIENTED_EDGE('',*,*,#1101,.T.);
#1470=ORIENTED_EDGE('',*,*,#1102,.T.);
#1471=ORIENTED_EDGE('',*,*,#1103,.T.);
#1472=ORIENTED_EDGE('',*,*,#1032,.F.);
#1473=ORIENTED_EDGE('',*,*,#1104,.T.);
#1474=ORIENTED_EDGE('',*,*,#1105,.T.);
#1475=ORIENTED_EDGE('',*,*,#1106,.T.);
#1476=ORIENTED_EDGE('',*,*,#1034,.F.);
#1477=ORIENTED_EDGE('',*,*,#1107,.T.);
#1478=ORIENTED_EDGE('',*,*,#1108,.T.);
#1479=ORIENTED_EDGE('',*,*,#1109,.T.);
#1480=ORIENTED_EDGE('',*,*,#1036,.F.);
#1481=ORIENTED_EDGE('',*,*,#1110,.T.);
#1482=ORIENTED_EDGE('',*,*,#1111,.T.);
#1483=ORIENTED_EDGE('',*,*,#1112,.T.);
#1484=ORIENTED_EDGE('',*,*,#1113,.T.);
#1485=ORIENTED_EDGE('',*,*,#1114,.T.);
#1486=ORIENTED_EDGE('',*,*,#1038,.F.);
#1487=ORIENTED_EDGE('',*,*,#1115,.T.);
#1488=ORIENTED_EDGE('',*,*,#1042,.F.);
#1489=ORIENTED_EDGE('',*,*,#1116,.T.);
#1490=ORIENTED_EDGE('',*,*,#1117,.T.);
#1491=ORIENTED_EDGE('',*,*,#1118,.T.);
#1492=ORIENTED_EDGE('',*,*,#1119,.T.);
#1493=ORIENTED_EDGE('',*,*,#1120,.T.);
#1494=ORIENTED_EDGE('',*,*,#1044,.F.);
#1495=ORIENTED_EDGE('',*,*,#1117,.F.);
#1496=ORIENTED_EDGE('',*,*,#1121,.F.);
#1497=ORIENTED_EDGE('',*,*,#1054,.F.);
#1498=ORIENTED_EDGE('',*,*,#1122,.F.);
#1499=ORIENTED_EDGE('',*,*,#1113,.F.);
#1500=ORIENTED_EDGE('',*,*,#1123,.F.);
#1501=ORIENTED_EDGE('',*,*,#1111,.F.);
#1502=ORIENTED_EDGE('',*,*,#1124,.F.);
#1503=ORIENTED_EDGE('',*,*,#1108,.F.);
#1504=ORIENTED_EDGE('',*,*,#1125,.F.);
#1505=ORIENTED_EDGE('',*,*,#1105,.F.);
#1506=ORIENTED_EDGE('',*,*,#1126,.F.);
#1507=ORIENTED_EDGE('',*,*,#1102,.F.);
#1508=ORIENTED_EDGE('',*,*,#1127,.F.);
#1509=ORIENTED_EDGE('',*,*,#1099,.F.);
#1510=ORIENTED_EDGE('',*,*,#1128,.F.);
#1511=ORIENTED_EDGE('',*,*,#1096,.F.);
#1512=ORIENTED_EDGE('',*,*,#1129,.F.);
#1513=ORIENTED_EDGE('',*,*,#1093,.F.);
#1514=ORIENTED_EDGE('',*,*,#1130,.F.);
#1515=ORIENTED_EDGE('',*,*,#1090,.F.);
#1516=ORIENTED_EDGE('',*,*,#1131,.F.);
#1517=ORIENTED_EDGE('',*,*,#1087,.F.);
#1518=ORIENTED_EDGE('',*,*,#1132,.F.);
#1519=ORIENTED_EDGE('',*,*,#1084,.F.);
#1520=ORIENTED_EDGE('',*,*,#1133,.F.);
#1521=ORIENTED_EDGE('',*,*,#1081,.F.);
#1522=ORIENTED_EDGE('',*,*,#1134,.F.);
#1523=ORIENTED_EDGE('',*,*,#1078,.F.);
#1524=ORIENTED_EDGE('',*,*,#1135,.F.);
#1525=ORIENTED_EDGE('',*,*,#1075,.F.);
#1526=ORIENTED_EDGE('',*,*,#1136,.F.);
#1527=ORIENTED_EDGE('',*,*,#1072,.F.);
#1528=ORIENTED_EDGE('',*,*,#1137,.F.);
#1529=ORIENTED_EDGE('',*,*,#1069,.F.);
#1530=ORIENTED_EDGE('',*,*,#1138,.F.);
#1531=ORIENTED_EDGE('',*,*,#1066,.F.);
#1532=ORIENTED_EDGE('',*,*,#1139,.F.);
#1533=ORIENTED_EDGE('',*,*,#1063,.F.);
#1534=ORIENTED_EDGE('',*,*,#1140,.F.);
#1535=ORIENTED_EDGE('',*,*,#1060,.F.);
#1536=ORIENTED_EDGE('',*,*,#1141,.F.);
#1537=ORIENTED_EDGE('',*,*,#1057,.F.);
#1538=ORIENTED_EDGE('',*,*,#1142,.F.);
#1539=ORIENTED_EDGE('',*,*,#1119,.F.);
#1540=ORIENTED_EDGE('',*,*,#1143,.F.);
#1541=ORIENTED_EDGE('',*,*,#1053,.F.);
#1542=ORIENTED_EDGE('',*,*,#1144,.F.);
#1543=ORIENTED_EDGE('',*,*,#1145,.F.);
#1544=ORIENTED_EDGE('',*,*,#1146,.F.);
#1545=ORIENTED_EDGE('',*,*,#1147,.T.);
#1546=ORIENTED_EDGE('',*,*,#1148,.T.);
#1547=ORIENTED_EDGE('',*,*,#1145,.T.);
#1548=ORIENTED_EDGE('',*,*,#1149,.F.);
#1549=ORIENTED_EDGE('',*,*,#1150,.T.);
#1550=ORIENTED_EDGE('',*,*,#1122,.T.);
#1551=ORIENTED_EDGE('',*,*,#1146,.T.);
#1552=ORIENTED_EDGE('',*,*,#1148,.F.);
#1553=ORIENTED_EDGE('',*,*,#1151,.T.);
#1554=ORIENTED_EDGE('',*,*,#1149,.T.);
#1555=ORIENTED_EDGE('',*,*,#1144,.T.);
#1556=ORIENTED_EDGE('',*,*,#1039,.F.);
#1557=ORIENTED_EDGE('',*,*,#1147,.F.);
#1558=ORIENTED_EDGE('',*,*,#1151,.F.);
#1559=ORIENTED_EDGE('',*,*,#1114,.F.);
#1560=ORIENTED_EDGE('',*,*,#1150,.F.);
#1561=ORIENTED_EDGE('',*,*,#1152,.F.);
#1562=ORIENTED_EDGE('',*,*,#1153,.F.);
#1563=ORIENTED_EDGE('',*,*,#1116,.F.);
#1564=ORIENTED_EDGE('',*,*,#1154,.F.);
#1565=ORIENTED_EDGE('',*,*,#1154,.T.);
#1566=ORIENTED_EDGE('',*,*,#1041,.F.);
#1567=ORIENTED_EDGE('',*,*,#1155,.T.);
#1568=ORIENTED_EDGE('',*,*,#1156,.T.);
#1569=ORIENTED_EDGE('',*,*,#1153,.T.);
#1570=ORIENTED_EDGE('',*,*,#1157,.F.);
#1571=ORIENTED_EDGE('',*,*,#1158,.T.);
#1572=ORIENTED_EDGE('',*,*,#1121,.T.);
#1573=ORIENTED_EDGE('',*,*,#1152,.T.);
#1574=ORIENTED_EDGE('',*,*,#1156,.F.);
#1575=ORIENTED_EDGE('',*,*,#1159,.T.);
#1576=ORIENTED_EDGE('',*,*,#1157,.T.);
#1577=ORIENTED_EDGE('',*,*,#1052,.F.);
#1578=ORIENTED_EDGE('',*,*,#1158,.F.);
#1579=ORIENTED_EDGE('',*,*,#1159,.F.);
#1580=ORIENTED_EDGE('',*,*,#1155,.F.);
#1581=ORIENTED_EDGE('',*,*,#1160,.T.);
#1582=ORIENTED_EDGE('',*,*,#1161,.T.);
#1583=ORIENTED_EDGE('',*,*,#1162,.T.);
#1584=ORIENTED_EDGE('',*,*,#1163,.F.);
#1585=ORIENTED_EDGE('',*,*,#1164,.T.);
#1586=ORIENTED_EDGE('',*,*,#1142,.T.);
#1587=ORIENTED_EDGE('',*,*,#1165,.T.);
#1588=ORIENTED_EDGE('',*,*,#1161,.F.);
#1589=ORIENTED_EDGE('',*,*,#1166,.T.);
#1590=ORIENTED_EDGE('',*,*,#1163,.T.);
#1591=ORIENTED_EDGE('',*,*,#1167,.T.);
#1592=ORIENTED_EDGE('',*,*,#1045,.F.);
#1593=ORIENTED_EDGE('',*,*,#1162,.F.);
#1594=ORIENTED_EDGE('',*,*,#1165,.F.);
#1595=ORIENTED_EDGE('',*,*,#1056,.F.);
#1596=ORIENTED_EDGE('',*,*,#1167,.F.);
#1597=ORIENTED_EDGE('',*,*,#1160,.F.);
#1598=ORIENTED_EDGE('',*,*,#1166,.F.);
#1599=ORIENTED_EDGE('',*,*,#1120,.F.);
#1600=ORIENTED_EDGE('',*,*,#1164,.F.);
#1601=ORIENTED_EDGE('',*,*,#1168,.F.);
#1602=ORIENTED_EDGE('',*,*,#1169,.F.);
#1603=ORIENTED_EDGE('',*,*,#1055,.F.);
#1604=ORIENTED_EDGE('',*,*,#1170,.F.);
#1605=ORIENTED_EDGE('',*,*,#1171,.F.);
#1606=ORIENTED_EDGE('',*,*,#1172,.F.);
#1607=ORIENTED_EDGE('',*,*,#1059,.F.);
#1608=ORIENTED_EDGE('',*,*,#1173,.F.);
#1609=ORIENTED_EDGE('',*,*,#1169,.T.);
#1610=ORIENTED_EDGE('',*,*,#1174,.T.);
#1611=ORIENTED_EDGE('',*,*,#1173,.T.);
#1612=ORIENTED_EDGE('',*,*,#1047,.F.);
#1613=ORIENTED_EDGE('',*,*,#1170,.T.);
#1614=ORIENTED_EDGE('',*,*,#1141,.T.);
#1615=ORIENTED_EDGE('',*,*,#1172,.T.);
#1616=ORIENTED_EDGE('',*,*,#1175,.F.);
#1617=ORIENTED_EDGE('',*,*,#1168,.T.);
#1618=ORIENTED_EDGE('',*,*,#1175,.T.);
#1619=ORIENTED_EDGE('',*,*,#1171,.T.);
#1620=ORIENTED_EDGE('',*,*,#1174,.F.);
#1621=ORIENTED_EDGE('',*,*,#1176,.T.);
#1622=ORIENTED_EDGE('',*,*,#1177,.T.);
#1623=ORIENTED_EDGE('',*,*,#1178,.T.);
#1624=ORIENTED_EDGE('',*,*,#1179,.F.);
#1625=ORIENTED_EDGE('',*,*,#1180,.T.);
#1626=ORIENTED_EDGE('',*,*,#1140,.T.);
#1627=ORIENTED_EDGE('',*,*,#1181,.T.);
#1628=ORIENTED_EDGE('',*,*,#1177,.F.);
#1629=ORIENTED_EDGE('',*,*,#1182,.T.);
#1630=ORIENTED_EDGE('',*,*,#1179,.T.);
#1631=ORIENTED_EDGE('',*,*,#1183,.T.);
#1632=ORIENTED_EDGE('',*,*,#1049,.F.);
#1633=ORIENTED_EDGE('',*,*,#1178,.F.);
#1634=ORIENTED_EDGE('',*,*,#1181,.F.);
#1635=ORIENTED_EDGE('',*,*,#1062,.F.);
#1636=ORIENTED_EDGE('',*,*,#1183,.F.);
#1637=ORIENTED_EDGE('',*,*,#1176,.F.);
#1638=ORIENTED_EDGE('',*,*,#1182,.F.);
#1639=ORIENTED_EDGE('',*,*,#1058,.F.);
#1640=ORIENTED_EDGE('',*,*,#1180,.F.);
#1641=ORIENTED_EDGE('',*,*,#1184,.F.);
#1642=ORIENTED_EDGE('',*,*,#1185,.F.);
#1643=ORIENTED_EDGE('',*,*,#1061,.F.);
#1644=ORIENTED_EDGE('',*,*,#1186,.F.);
#1645=ORIENTED_EDGE('',*,*,#1187,.F.);
#1646=ORIENTED_EDGE('',*,*,#1188,.F.);
#1647=ORIENTED_EDGE('',*,*,#1065,.F.);
#1648=ORIENTED_EDGE('',*,*,#1189,.F.);
#1649=ORIENTED_EDGE('',*,*,#1185,.T.);
#1650=ORIENTED_EDGE('',*,*,#1190,.T.);
#1651=ORIENTED_EDGE('',*,*,#1189,.T.);
#1652=ORIENTED_EDGE('',*,*,#1005,.F.);
#1653=ORIENTED_EDGE('',*,*,#1051,.F.);
#1654=ORIENTED_EDGE('',*,*,#1186,.T.);
#1655=ORIENTED_EDGE('',*,*,#1139,.T.);
#1656=ORIENTED_EDGE('',*,*,#1188,.T.);
#1657=ORIENTED_EDGE('',*,*,#1191,.F.);
#1658=ORIENTED_EDGE('',*,*,#1184,.T.);
#1659=ORIENTED_EDGE('',*,*,#1191,.T.);
#1660=ORIENTED_EDGE('',*,*,#1187,.T.);
#1661=ORIENTED_EDGE('',*,*,#1190,.F.);
#1662=ORIENTED_EDGE('',*,*,#1192,.T.);
#1663=ORIENTED_EDGE('',*,*,#1193,.T.);
#1664=ORIENTED_EDGE('',*,*,#1194,.T.);
#1665=ORIENTED_EDGE('',*,*,#1195,.F.);
#1666=ORIENTED_EDGE('',*,*,#1196,.T.);
#1667=ORIENTED_EDGE('',*,*,#1138,.T.);
#1668=ORIENTED_EDGE('',*,*,#1197,.T.);
#1669=ORIENTED_EDGE('',*,*,#1193,.F.);
#1670=ORIENTED_EDGE('',*,*,#1198,.T.);
#1671=ORIENTED_EDGE('',*,*,#1195,.T.);
#1672=ORIENTED_EDGE('',*,*,#1199,.T.);
#1673=ORIENTED_EDGE('',*,*,#1007,.F.);
#1674=ORIENTED_EDGE('',*,*,#1194,.F.);
#1675=ORIENTED_EDGE('',*,*,#1197,.F.);
#1676=ORIENTED_EDGE('',*,*,#1068,.F.);
#1677=ORIENTED_EDGE('',*,*,#1199,.F.);
#1678=ORIENTED_EDGE('',*,*,#1192,.F.);
#1679=ORIENTED_EDGE('',*,*,#1198,.F.);
#1680=ORIENTED_EDGE('',*,*,#1064,.F.);
#1681=ORIENTED_EDGE('',*,*,#1196,.F.);
#1682=ORIENTED_EDGE('',*,*,#1200,.F.);
#1683=ORIENTED_EDGE('',*,*,#1201,.F.);
#1684=ORIENTED_EDGE('',*,*,#1067,.F.);
#1685=ORIENTED_EDGE('',*,*,#1202,.F.);
#1686=ORIENTED_EDGE('',*,*,#1203,.F.);
#1687=ORIENTED_EDGE('',*,*,#1204,.F.);
#1688=ORIENTED_EDGE('',*,*,#1071,.F.);
#1689=ORIENTED_EDGE('',*,*,#1205,.F.);
#1690=ORIENTED_EDGE('',*,*,#1201,.T.);
#1691=ORIENTED_EDGE('',*,*,#1206,.T.);
#1692=ORIENTED_EDGE('',*,*,#1205,.T.);
#1693=ORIENTED_EDGE('',*,*,#1009,.F.);
#1694=ORIENTED_EDGE('',*,*,#1202,.T.);
#1695=ORIENTED_EDGE('',*,*,#1137,.T.);
#1696=ORIENTED_EDGE('',*,*,#1204,.T.);
#1697=ORIENTED_EDGE('',*,*,#1207,.F.);
#1698=ORIENTED_EDGE('',*,*,#1200,.T.);
#1699=ORIENTED_EDGE('',*,*,#1207,.T.);
#1700=ORIENTED_EDGE('',*,*,#1203,.T.);
#1701=ORIENTED_EDGE('',*,*,#1206,.F.);
#1702=ORIENTED_EDGE('',*,*,#1208,.T.);
#1703=ORIENTED_EDGE('',*,*,#1209,.T.);
#1704=ORIENTED_EDGE('',*,*,#1210,.T.);
#1705=ORIENTED_EDGE('',*,*,#1211,.F.);
#1706=ORIENTED_EDGE('',*,*,#1212,.T.);
#1707=ORIENTED_EDGE('',*,*,#1136,.T.);
#1708=ORIENTED_EDGE('',*,*,#1213,.T.);
#1709=ORIENTED_EDGE('',*,*,#1209,.F.);
#1710=ORIENTED_EDGE('',*,*,#1214,.T.);
#1711=ORIENTED_EDGE('',*,*,#1211,.T.);
#1712=ORIENTED_EDGE('',*,*,#1215,.T.);
#1713=ORIENTED_EDGE('',*,*,#1011,.F.);
#1714=ORIENTED_EDGE('',*,*,#1210,.F.);
#1715=ORIENTED_EDGE('',*,*,#1213,.F.);
#1716=ORIENTED_EDGE('',*,*,#1074,.F.);
#1717=ORIENTED_EDGE('',*,*,#1215,.F.);
#1718=ORIENTED_EDGE('',*,*,#1208,.F.);
#1719=ORIENTED_EDGE('',*,*,#1214,.F.);
#1720=ORIENTED_EDGE('',*,*,#1070,.F.);
#1721=ORIENTED_EDGE('',*,*,#1212,.F.);
#1722=ORIENTED_EDGE('',*,*,#1216,.F.);
#1723=ORIENTED_EDGE('',*,*,#1217,.F.);
#1724=ORIENTED_EDGE('',*,*,#1073,.F.);
#1725=ORIENTED_EDGE('',*,*,#1218,.F.);
#1726=ORIENTED_EDGE('',*,*,#1219,.F.);
#1727=ORIENTED_EDGE('',*,*,#1220,.F.);
#1728=ORIENTED_EDGE('',*,*,#1077,.F.);
#1729=ORIENTED_EDGE('',*,*,#1221,.F.);
#1730=ORIENTED_EDGE('',*,*,#1217,.T.);
#1731=ORIENTED_EDGE('',*,*,#1222,.T.);
#1732=ORIENTED_EDGE('',*,*,#1221,.T.);
#1733=ORIENTED_EDGE('',*,*,#1013,.F.);
#1734=ORIENTED_EDGE('',*,*,#1218,.T.);
#1735=ORIENTED_EDGE('',*,*,#1135,.T.);
#1736=ORIENTED_EDGE('',*,*,#1220,.T.);
#1737=ORIENTED_EDGE('',*,*,#1223,.F.);
#1738=ORIENTED_EDGE('',*,*,#1216,.T.);
#1739=ORIENTED_EDGE('',*,*,#1223,.T.);
#1740=ORIENTED_EDGE('',*,*,#1219,.T.);
#1741=ORIENTED_EDGE('',*,*,#1222,.F.);
#1742=ORIENTED_EDGE('',*,*,#1224,.T.);
#1743=ORIENTED_EDGE('',*,*,#1225,.T.);
#1744=ORIENTED_EDGE('',*,*,#1226,.T.);
#1745=ORIENTED_EDGE('',*,*,#1227,.F.);
#1746=ORIENTED_EDGE('',*,*,#1228,.T.);
#1747=ORIENTED_EDGE('',*,*,#1134,.T.);
#1748=ORIENTED_EDGE('',*,*,#1229,.T.);
#1749=ORIENTED_EDGE('',*,*,#1225,.F.);
#1750=ORIENTED_EDGE('',*,*,#1230,.T.);
#1751=ORIENTED_EDGE('',*,*,#1227,.T.);
#1752=ORIENTED_EDGE('',*,*,#1231,.T.);
#1753=ORIENTED_EDGE('',*,*,#1015,.F.);
#1754=ORIENTED_EDGE('',*,*,#1226,.F.);
#1755=ORIENTED_EDGE('',*,*,#1229,.F.);
#1756=ORIENTED_EDGE('',*,*,#1080,.F.);
#1757=ORIENTED_EDGE('',*,*,#1231,.F.);
#1758=ORIENTED_EDGE('',*,*,#1224,.F.);
#1759=ORIENTED_EDGE('',*,*,#1230,.F.);
#1760=ORIENTED_EDGE('',*,*,#1076,.F.);
#1761=ORIENTED_EDGE('',*,*,#1228,.F.);
#1762=ORIENTED_EDGE('',*,*,#1232,.F.);
#1763=ORIENTED_EDGE('',*,*,#1233,.F.);
#1764=ORIENTED_EDGE('',*,*,#1079,.F.);
#1765=ORIENTED_EDGE('',*,*,#1234,.F.);
#1766=ORIENTED_EDGE('',*,*,#1235,.F.);
#1767=ORIENTED_EDGE('',*,*,#1236,.F.);
#1768=ORIENTED_EDGE('',*,*,#1083,.F.);
#1769=ORIENTED_EDGE('',*,*,#1237,.F.);
#1770=ORIENTED_EDGE('',*,*,#1233,.T.);
#1771=ORIENTED_EDGE('',*,*,#1238,.T.);
#1772=ORIENTED_EDGE('',*,*,#1237,.T.);
#1773=ORIENTED_EDGE('',*,*,#1017,.F.);
#1774=ORIENTED_EDGE('',*,*,#1234,.T.);
#1775=ORIENTED_EDGE('',*,*,#1133,.T.);
#1776=ORIENTED_EDGE('',*,*,#1236,.T.);
#1777=ORIENTED_EDGE('',*,*,#1239,.F.);
#1778=ORIENTED_EDGE('',*,*,#1232,.T.);
#1779=ORIENTED_EDGE('',*,*,#1239,.T.);
#1780=ORIENTED_EDGE('',*,*,#1235,.T.);
#1781=ORIENTED_EDGE('',*,*,#1238,.F.);
#1782=ORIENTED_EDGE('',*,*,#1240,.T.);
#1783=ORIENTED_EDGE('',*,*,#1241,.T.);
#1784=ORIENTED_EDGE('',*,*,#1242,.T.);
#1785=ORIENTED_EDGE('',*,*,#1243,.F.);
#1786=ORIENTED_EDGE('',*,*,#1244,.T.);
#1787=ORIENTED_EDGE('',*,*,#1132,.T.);
#1788=ORIENTED_EDGE('',*,*,#1245,.T.);
#1789=ORIENTED_EDGE('',*,*,#1241,.F.);
#1790=ORIENTED_EDGE('',*,*,#1246,.T.);
#1791=ORIENTED_EDGE('',*,*,#1243,.T.);
#1792=ORIENTED_EDGE('',*,*,#1247,.T.);
#1793=ORIENTED_EDGE('',*,*,#1019,.F.);
#1794=ORIENTED_EDGE('',*,*,#1242,.F.);
#1795=ORIENTED_EDGE('',*,*,#1245,.F.);
#1796=ORIENTED_EDGE('',*,*,#1086,.F.);
#1797=ORIENTED_EDGE('',*,*,#1247,.F.);
#1798=ORIENTED_EDGE('',*,*,#1240,.F.);
#1799=ORIENTED_EDGE('',*,*,#1246,.F.);
#1800=ORIENTED_EDGE('',*,*,#1082,.F.);
#1801=ORIENTED_EDGE('',*,*,#1244,.F.);
#1802=ORIENTED_EDGE('',*,*,#1248,.F.);
#1803=ORIENTED_EDGE('',*,*,#1249,.F.);
#1804=ORIENTED_EDGE('',*,*,#1085,.F.);
#1805=ORIENTED_EDGE('',*,*,#1250,.F.);
#1806=ORIENTED_EDGE('',*,*,#1251,.F.);
#1807=ORIENTED_EDGE('',*,*,#1252,.F.);
#1808=ORIENTED_EDGE('',*,*,#1089,.F.);
#1809=ORIENTED_EDGE('',*,*,#1253,.F.);
#1810=ORIENTED_EDGE('',*,*,#1249,.T.);
#1811=ORIENTED_EDGE('',*,*,#1254,.T.);
#1812=ORIENTED_EDGE('',*,*,#1253,.T.);
#1813=ORIENTED_EDGE('',*,*,#1021,.F.);
#1814=ORIENTED_EDGE('',*,*,#1250,.T.);
#1815=ORIENTED_EDGE('',*,*,#1131,.T.);
#1816=ORIENTED_EDGE('',*,*,#1252,.T.);
#1817=ORIENTED_EDGE('',*,*,#1255,.F.);
#1818=ORIENTED_EDGE('',*,*,#1248,.T.);
#1819=ORIENTED_EDGE('',*,*,#1255,.T.);
#1820=ORIENTED_EDGE('',*,*,#1251,.T.);
#1821=ORIENTED_EDGE('',*,*,#1254,.F.);
#1822=ORIENTED_EDGE('',*,*,#1256,.T.);
#1823=ORIENTED_EDGE('',*,*,#1257,.T.);
#1824=ORIENTED_EDGE('',*,*,#1258,.T.);
#1825=ORIENTED_EDGE('',*,*,#1259,.F.);
#1826=ORIENTED_EDGE('',*,*,#1260,.T.);
#1827=ORIENTED_EDGE('',*,*,#1130,.T.);
#1828=ORIENTED_EDGE('',*,*,#1261,.T.);
#1829=ORIENTED_EDGE('',*,*,#1257,.F.);
#1830=ORIENTED_EDGE('',*,*,#1262,.T.);
#1831=ORIENTED_EDGE('',*,*,#1259,.T.);
#1832=ORIENTED_EDGE('',*,*,#1263,.T.);
#1833=ORIENTED_EDGE('',*,*,#1023,.F.);
#1834=ORIENTED_EDGE('',*,*,#1258,.F.);
#1835=ORIENTED_EDGE('',*,*,#1261,.F.);
#1836=ORIENTED_EDGE('',*,*,#1092,.F.);
#1837=ORIENTED_EDGE('',*,*,#1263,.F.);
#1838=ORIENTED_EDGE('',*,*,#1256,.F.);
#1839=ORIENTED_EDGE('',*,*,#1262,.F.);
#1840=ORIENTED_EDGE('',*,*,#1088,.F.);
#1841=ORIENTED_EDGE('',*,*,#1260,.F.);
#1842=ORIENTED_EDGE('',*,*,#1264,.F.);
#1843=ORIENTED_EDGE('',*,*,#1265,.F.);
#1844=ORIENTED_EDGE('',*,*,#1091,.F.);
#1845=ORIENTED_EDGE('',*,*,#1266,.F.);
#1846=ORIENTED_EDGE('',*,*,#1267,.F.);
#1847=ORIENTED_EDGE('',*,*,#1268,.F.);
#1848=ORIENTED_EDGE('',*,*,#1095,.F.);
#1849=ORIENTED_EDGE('',*,*,#1269,.F.);
#1850=ORIENTED_EDGE('',*,*,#1265,.T.);
#1851=ORIENTED_EDGE('',*,*,#1270,.T.);
#1852=ORIENTED_EDGE('',*,*,#1269,.T.);
#1853=ORIENTED_EDGE('',*,*,#1025,.F.);
#1854=ORIENTED_EDGE('',*,*,#1266,.T.);
#1855=ORIENTED_EDGE('',*,*,#1129,.T.);
#1856=ORIENTED_EDGE('',*,*,#1268,.T.);
#1857=ORIENTED_EDGE('',*,*,#1271,.F.);
#1858=ORIENTED_EDGE('',*,*,#1264,.T.);
#1859=ORIENTED_EDGE('',*,*,#1271,.T.);
#1860=ORIENTED_EDGE('',*,*,#1267,.T.);
#1861=ORIENTED_EDGE('',*,*,#1270,.F.);
#1862=ORIENTED_EDGE('',*,*,#1272,.T.);
#1863=ORIENTED_EDGE('',*,*,#1273,.T.);
#1864=ORIENTED_EDGE('',*,*,#1274,.T.);
#1865=ORIENTED_EDGE('',*,*,#1275,.F.);
#1866=ORIENTED_EDGE('',*,*,#1276,.T.);
#1867=ORIENTED_EDGE('',*,*,#1128,.T.);
#1868=ORIENTED_EDGE('',*,*,#1277,.T.);
#1869=ORIENTED_EDGE('',*,*,#1273,.F.);
#1870=ORIENTED_EDGE('',*,*,#1278,.T.);
#1871=ORIENTED_EDGE('',*,*,#1275,.T.);
#1872=ORIENTED_EDGE('',*,*,#1279,.T.);
#1873=ORIENTED_EDGE('',*,*,#1027,.F.);
#1874=ORIENTED_EDGE('',*,*,#1274,.F.);
#1875=ORIENTED_EDGE('',*,*,#1277,.F.);
#1876=ORIENTED_EDGE('',*,*,#1098,.F.);
#1877=ORIENTED_EDGE('',*,*,#1279,.F.);
#1878=ORIENTED_EDGE('',*,*,#1272,.F.);
#1879=ORIENTED_EDGE('',*,*,#1278,.F.);
#1880=ORIENTED_EDGE('',*,*,#1094,.F.);
#1881=ORIENTED_EDGE('',*,*,#1276,.F.);
#1882=ORIENTED_EDGE('',*,*,#1280,.F.);
#1883=ORIENTED_EDGE('',*,*,#1281,.F.);
#1884=ORIENTED_EDGE('',*,*,#1097,.F.);
#1885=ORIENTED_EDGE('',*,*,#1282,.F.);
#1886=ORIENTED_EDGE('',*,*,#1283,.F.);
#1887=ORIENTED_EDGE('',*,*,#1284,.F.);
#1888=ORIENTED_EDGE('',*,*,#1101,.F.);
#1889=ORIENTED_EDGE('',*,*,#1285,.F.);
#1890=ORIENTED_EDGE('',*,*,#1281,.T.);
#1891=ORIENTED_EDGE('',*,*,#1286,.T.);
#1892=ORIENTED_EDGE('',*,*,#1285,.T.);
#1893=ORIENTED_EDGE('',*,*,#1029,.F.);
#1894=ORIENTED_EDGE('',*,*,#1282,.T.);
#1895=ORIENTED_EDGE('',*,*,#1127,.T.);
#1896=ORIENTED_EDGE('',*,*,#1284,.T.);
#1897=ORIENTED_EDGE('',*,*,#1287,.F.);
#1898=ORIENTED_EDGE('',*,*,#1280,.T.);
#1899=ORIENTED_EDGE('',*,*,#1287,.T.);
#1900=ORIENTED_EDGE('',*,*,#1283,.T.);
#1901=ORIENTED_EDGE('',*,*,#1286,.F.);
#1902=ORIENTED_EDGE('',*,*,#1288,.T.);
#1903=ORIENTED_EDGE('',*,*,#1289,.T.);
#1904=ORIENTED_EDGE('',*,*,#1290,.T.);
#1905=ORIENTED_EDGE('',*,*,#1291,.F.);
#1906=ORIENTED_EDGE('',*,*,#1292,.T.);
#1907=ORIENTED_EDGE('',*,*,#1126,.T.);
#1908=ORIENTED_EDGE('',*,*,#1293,.T.);
#1909=ORIENTED_EDGE('',*,*,#1289,.F.);
#1910=ORIENTED_EDGE('',*,*,#1294,.T.);
#1911=ORIENTED_EDGE('',*,*,#1291,.T.);
#1912=ORIENTED_EDGE('',*,*,#1295,.T.);
#1913=ORIENTED_EDGE('',*,*,#1031,.F.);
#1914=ORIENTED_EDGE('',*,*,#1290,.F.);
#1915=ORIENTED_EDGE('',*,*,#1293,.F.);
#1916=ORIENTED_EDGE('',*,*,#1104,.F.);
#1917=ORIENTED_EDGE('',*,*,#1295,.F.);
#1918=ORIENTED_EDGE('',*,*,#1288,.F.);
#1919=ORIENTED_EDGE('',*,*,#1294,.F.);
#1920=ORIENTED_EDGE('',*,*,#1100,.F.);
#1921=ORIENTED_EDGE('',*,*,#1292,.F.);
#1922=ORIENTED_EDGE('',*,*,#1296,.F.);
#1923=ORIENTED_EDGE('',*,*,#1297,.F.);
#1924=ORIENTED_EDGE('',*,*,#1103,.F.);
#1925=ORIENTED_EDGE('',*,*,#1298,.F.);
#1926=ORIENTED_EDGE('',*,*,#1299,.F.);
#1927=ORIENTED_EDGE('',*,*,#1300,.F.);
#1928=ORIENTED_EDGE('',*,*,#1107,.F.);
#1929=ORIENTED_EDGE('',*,*,#1301,.F.);
#1930=ORIENTED_EDGE('',*,*,#1297,.T.);
#1931=ORIENTED_EDGE('',*,*,#1302,.T.);
#1932=ORIENTED_EDGE('',*,*,#1301,.T.);
#1933=ORIENTED_EDGE('',*,*,#1033,.F.);
#1934=ORIENTED_EDGE('',*,*,#1298,.T.);
#1935=ORIENTED_EDGE('',*,*,#1125,.T.);
#1936=ORIENTED_EDGE('',*,*,#1300,.T.);
#1937=ORIENTED_EDGE('',*,*,#1303,.F.);
#1938=ORIENTED_EDGE('',*,*,#1296,.T.);
#1939=ORIENTED_EDGE('',*,*,#1303,.T.);
#1940=ORIENTED_EDGE('',*,*,#1299,.T.);
#1941=ORIENTED_EDGE('',*,*,#1302,.F.);
#1942=ORIENTED_EDGE('',*,*,#1304,.T.);
#1943=ORIENTED_EDGE('',*,*,#1305,.T.);
#1944=ORIENTED_EDGE('',*,*,#1306,.T.);
#1945=ORIENTED_EDGE('',*,*,#1307,.F.);
#1946=ORIENTED_EDGE('',*,*,#1308,.T.);
#1947=ORIENTED_EDGE('',*,*,#1124,.T.);
#1948=ORIENTED_EDGE('',*,*,#1309,.T.);
#1949=ORIENTED_EDGE('',*,*,#1305,.F.);
#1950=ORIENTED_EDGE('',*,*,#1310,.T.);
#1951=ORIENTED_EDGE('',*,*,#1307,.T.);
#1952=ORIENTED_EDGE('',*,*,#1311,.T.);
#1953=ORIENTED_EDGE('',*,*,#1035,.F.);
#1954=ORIENTED_EDGE('',*,*,#1306,.F.);
#1955=ORIENTED_EDGE('',*,*,#1309,.F.);
#1956=ORIENTED_EDGE('',*,*,#1110,.F.);
#1957=ORIENTED_EDGE('',*,*,#1311,.F.);
#1958=ORIENTED_EDGE('',*,*,#1304,.F.);
#1959=ORIENTED_EDGE('',*,*,#1310,.F.);
#1960=ORIENTED_EDGE('',*,*,#1106,.F.);
#1961=ORIENTED_EDGE('',*,*,#1308,.F.);
#1962=ORIENTED_EDGE('',*,*,#1312,.F.);
#1963=ORIENTED_EDGE('',*,*,#1313,.F.);
#1964=ORIENTED_EDGE('',*,*,#1109,.F.);
#1965=ORIENTED_EDGE('',*,*,#1314,.F.);
#1966=ORIENTED_EDGE('',*,*,#1315,.F.);
#1967=ORIENTED_EDGE('',*,*,#1316,.F.);
#1968=ORIENTED_EDGE('',*,*,#1112,.F.);
#1969=ORIENTED_EDGE('',*,*,#1317,.F.);
#1970=ORIENTED_EDGE('',*,*,#1313,.T.);
#1971=ORIENTED_EDGE('',*,*,#1318,.T.);
#1972=ORIENTED_EDGE('',*,*,#1317,.T.);
#1973=ORIENTED_EDGE('',*,*,#1037,.F.);
#1974=ORIENTED_EDGE('',*,*,#1314,.T.);
#1975=ORIENTED_EDGE('',*,*,#1123,.T.);
#1976=ORIENTED_EDGE('',*,*,#1316,.T.);
#1977=ORIENTED_EDGE('',*,*,#1319,.F.);
#1978=ORIENTED_EDGE('',*,*,#1312,.T.);
#1979=ORIENTED_EDGE('',*,*,#1319,.T.);
#1980=ORIENTED_EDGE('',*,*,#1315,.T.);
#1981=ORIENTED_EDGE('',*,*,#1318,.F.);
#1982=ORIENTED_EDGE('',*,*,#1320,.F.);
#1983=ORIENTED_EDGE('',*,*,#1321,.F.);
#1984=ORIENTED_EDGE('',*,*,#1115,.F.);
#1985=ORIENTED_EDGE('',*,*,#1322,.F.);
#1986=ORIENTED_EDGE('',*,*,#1323,.F.);
#1987=ORIENTED_EDGE('',*,*,#1324,.F.);
#1988=ORIENTED_EDGE('',*,*,#1118,.F.);
#1989=ORIENTED_EDGE('',*,*,#1325,.F.);
#1990=ORIENTED_EDGE('',*,*,#1321,.T.);
#1991=ORIENTED_EDGE('',*,*,#1326,.T.);
#1992=ORIENTED_EDGE('',*,*,#1325,.T.);
#1993=ORIENTED_EDGE('',*,*,#1043,.F.);
#1994=ORIENTED_EDGE('',*,*,#1320,.T.);
#1995=ORIENTED_EDGE('',*,*,#1327,.T.);
#1996=ORIENTED_EDGE('',*,*,#1323,.T.);
#1997=ORIENTED_EDGE('',*,*,#1326,.F.);
#1998=ORIENTED_EDGE('',*,*,#1322,.T.);
#1999=ORIENTED_EDGE('',*,*,#1143,.T.);
#2000=ORIENTED_EDGE('',*,*,#1324,.T.);
#2001=ORIENTED_EDGE('',*,*,#1327,.F.);
#2002=PLANE('',#2177);
#2003=PLANE('',#2178);
#2004=PLANE('',#2182);
#2005=PLANE('',#2183);
#2006=PLANE('',#2233);
#2007=PLANE('',#2280);
#2008=ADVANCED_FACE('',(#482),#2002,.F.);
#2009=ADVANCED_FACE('',(#483),#2003,.F.);
#2010=ADVANCED_FACE('',(#484),#480,.F.);
#2011=ADVANCED_FACE('',(#485),#2004,.F.);
#2012=ADVANCED_FACE('',(#486),#2005,.T.);
#2013=ADVANCED_FACE('',(#487),#481,.T.);
#2014=ADVANCED_FACE('',(#488,#337),#2006,.T.);
#2015=ADVANCED_FACE('',(#489),#245,.T.);
#2016=ADVANCED_FACE('',(#490),#246,.T.);
#2017=ADVANCED_FACE('',(#491),#247,.T.);
#2018=ADVANCED_FACE('',(#492),#248,.T.);
#2019=ADVANCED_FACE('',(#493),#249,.T.);
#2020=ADVANCED_FACE('',(#494),#250,.T.);
#2021=ADVANCED_FACE('',(#495),#251,.T.);
#2022=ADVANCED_FACE('',(#496),#252,.T.);
#2023=ADVANCED_FACE('',(#497),#253,.T.);
#2024=ADVANCED_FACE('',(#498),#254,.T.);
#2025=ADVANCED_FACE('',(#499),#255,.T.);
#2026=ADVANCED_FACE('',(#500),#256,.T.);
#2027=ADVANCED_FACE('',(#501),#257,.T.);
#2028=ADVANCED_FACE('',(#502),#258,.T.);
#2029=ADVANCED_FACE('',(#503),#259,.T.);
#2030=ADVANCED_FACE('',(#504),#260,.T.);
#2031=ADVANCED_FACE('',(#505),#261,.T.);
#2032=ADVANCED_FACE('',(#506),#262,.T.);
#2033=ADVANCED_FACE('',(#507),#263,.T.);
#2034=ADVANCED_FACE('',(#508),#264,.T.);
#2035=ADVANCED_FACE('',(#509),#265,.T.);
#2036=ADVANCED_FACE('',(#510),#266,.T.);
#2037=ADVANCED_FACE('',(#511),#267,.T.);
#2038=ADVANCED_FACE('',(#512),#2007,.T.);
#2039=ADVANCED_FACE('',(#513),#15,.F.);
#2040=ADVANCED_FACE('',(#514),#268,.T.);
#2041=ADVANCED_FACE('',(#515),#269,.F.);
#2042=ADVANCED_FACE('',(#516),#270,.T.);
#2043=ADVANCED_FACE('',(#517),#16,.F.);
#2044=ADVANCED_FACE('',(#518),#17,.F.);
#2045=ADVANCED_FACE('',(#519),#271,.T.);
#2046=ADVANCED_FACE('',(#520),#272,.F.);
#2047=ADVANCED_FACE('',(#521),#273,.T.);
#2048=ADVANCED_FACE('',(#522),#18,.F.);
#2049=ADVANCED_FACE('',(#523),#274,.T.);
#2050=ADVANCED_FACE('',(#524),#275,.F.);
#2051=ADVANCED_FACE('',(#525),#276,.T.);
#2052=ADVANCED_FACE('',(#526),#19,.F.);
#2053=ADVANCED_FACE('',(#527),#20,.F.);
#2054=ADVANCED_FACE('',(#528),#21,.F.);
#2055=ADVANCED_FACE('',(#529),#22,.F.);
#2056=ADVANCED_FACE('',(#530),#277,.T.);
#2057=ADVANCED_FACE('',(#531),#278,.F.);
#2058=ADVANCED_FACE('',(#532),#279,.T.);
#2059=ADVANCED_FACE('',(#533),#280,.T.);
#2060=ADVANCED_FACE('',(#534),#281,.F.);
#2061=ADVANCED_FACE('',(#535),#282,.T.);
#2062=ADVANCED_FACE('',(#536),#23,.F.);
#2063=ADVANCED_FACE('',(#537),#24,.F.);
#2064=ADVANCED_FACE('',(#538),#25,.F.);
#2065=ADVANCED_FACE('',(#539),#26,.F.);
#2066=ADVANCED_FACE('',(#540),#283,.T.);
#2067=ADVANCED_FACE('',(#541),#284,.F.);
#2068=ADVANCED_FACE('',(#542),#285,.T.);
#2069=ADVANCED_FACE('',(#543),#286,.T.);
#2070=ADVANCED_FACE('',(#544),#287,.F.);
#2071=ADVANCED_FACE('',(#545),#288,.T.);
#2072=ADVANCED_FACE('',(#546),#27,.F.);
#2073=ADVANCED_FACE('',(#547),#28,.F.);
#2074=ADVANCED_FACE('',(#548),#29,.F.);
#2075=ADVANCED_FACE('',(#549),#30,.F.);
#2076=ADVANCED_FACE('',(#550),#289,.T.);
#2077=ADVANCED_FACE('',(#551),#290,.F.);
#2078=ADVANCED_FACE('',(#552),#291,.T.);
#2079=ADVANCED_FACE('',(#553),#292,.T.);
#2080=ADVANCED_FACE('',(#554),#293,.F.);
#2081=ADVANCED_FACE('',(#555),#294,.T.);
#2082=ADVANCED_FACE('',(#556),#31,.F.);
#2083=ADVANCED_FACE('',(#557),#32,.F.);
#2084=ADVANCED_FACE('',(#558),#33,.F.);
#2085=ADVANCED_FACE('',(#559),#34,.F.);
#2086=ADVANCED_FACE('',(#560),#295,.T.);
#2087=ADVANCED_FACE('',(#561),#296,.F.);
#2088=ADVANCED_FACE('',(#562),#297,.T.);
#2089=ADVANCED_FACE('',(#563),#298,.T.);
#2090=ADVANCED_FACE('',(#564),#299,.F.);
#2091=ADVANCED_FACE('',(#565),#300,.T.);
#2092=ADVANCED_FACE('',(#566),#35,.F.);
#2093=ADVANCED_FACE('',(#567),#36,.F.);
#2094=ADVANCED_FACE('',(#568),#37,.F.);
#2095=ADVANCED_FACE('',(#569),#38,.F.);
#2096=ADVANCED_FACE('',(#570),#301,.T.);
#2097=ADVANCED_FACE('',(#571),#302,.F.);
#2098=ADVANCED_FACE('',(#572),#303,.T.);
#2099=ADVANCED_FACE('',(#573),#304,.T.);
#2100=ADVANCED_FACE('',(#574),#305,.F.);
#2101=ADVANCED_FACE('',(#575),#306,.T.);
#2102=ADVANCED_FACE('',(#576),#39,.F.);
#2103=ADVANCED_FACE('',(#577),#40,.F.);
#2104=ADVANCED_FACE('',(#578),#41,.F.);
#2105=ADVANCED_FACE('',(#579),#42,.F.);
#2106=ADVANCED_FACE('',(#580),#307,.T.);
#2107=ADVANCED_FACE('',(#581),#308,.F.);
#2108=ADVANCED_FACE('',(#582),#309,.T.);
#2109=ADVANCED_FACE('',(#583),#310,.T.);
#2110=ADVANCED_FACE('',(#584),#311,.F.);
#2111=ADVANCED_FACE('',(#585),#312,.T.);
#2112=ADVANCED_FACE('',(#586),#43,.F.);
#2113=ADVANCED_FACE('',(#587),#44,.F.);
#2114=ADVANCED_FACE('',(#588),#45,.F.);
#2115=ADVANCED_FACE('',(#589),#46,.F.);
#2116=ADVANCED_FACE('',(#590),#313,.T.);
#2117=ADVANCED_FACE('',(#591),#314,.F.);
#2118=ADVANCED_FACE('',(#592),#315,.T.);
#2119=ADVANCED_FACE('',(#593),#316,.T.);
#2120=ADVANCED_FACE('',(#594),#317,.F.);
#2121=ADVANCED_FACE('',(#595),#318,.T.);
#2122=ADVANCED_FACE('',(#596),#47,.F.);
#2123=ADVANCED_FACE('',(#597),#48,.F.);
#2124=ADVANCED_FACE('',(#598),#49,.F.);
#2125=ADVANCED_FACE('',(#599),#50,.F.);
#2126=ADVANCED_FACE('',(#600),#319,.T.);
#2127=ADVANCED_FACE('',(#601),#320,.F.);
#2128=ADVANCED_FACE('',(#602),#321,.T.);
#2129=ADVANCED_FACE('',(#603),#322,.T.);
#2130=ADVANCED_FACE('',(#604),#323,.F.);
#2131=ADVANCED_FACE('',(#605),#324,.T.);
#2132=ADVANCED_FACE('',(#606),#51,.F.);
#2133=ADVANCED_FACE('',(#607),#52,.F.);
#2134=ADVANCED_FACE('',(#608),#53,.F.);
#2135=ADVANCED_FACE('',(#609),#54,.F.);
#2136=ADVANCED_FACE('',(#610),#325,.T.);
#2137=ADVANCED_FACE('',(#611),#326,.F.);
#2138=ADVANCED_FACE('',(#612),#327,.T.);
#2139=ADVANCED_FACE('',(#613),#328,.T.);
#2140=ADVANCED_FACE('',(#614),#329,.F.);
#2141=ADVANCED_FACE('',(#615),#330,.T.);
#2142=ADVANCED_FACE('',(#616),#55,.F.);
#2143=ADVANCED_FACE('',(#617),#56,.F.);
#2144=ADVANCED_FACE('',(#618),#57,.F.);
#2145=ADVANCED_FACE('',(#619),#58,.F.);
#2146=ADVANCED_FACE('',(#620),#331,.T.);
#2147=ADVANCED_FACE('',(#621),#332,.F.);
#2148=ADVANCED_FACE('',(#622),#333,.T.);
#2149=ADVANCED_FACE('',(#623),#59,.F.);
#2150=ADVANCED_FACE('',(#624),#60,.F.);
#2151=ADVANCED_FACE('',(#625),#334,.T.);
#2152=ADVANCED_FACE('',(#626),#335,.T.);
#2153=ADVANCED_FACE('',(#627),#336,.F.);
#2154=CLOSED_SHELL('',(#2008,#2009,#2010,#2011,#2012,#2013,#2014,#2015,
#2016,#2017,#2018,#2019,#2020,#2021,#2022,#2023,#2024,#2025,#2026,#2027,
#2028,#2029,#2030,#2031,#2032,#2033,#2034,#2035,#2036,#2037,#2038,#2039,
#2040,#2041,#2042,#2043,#2044,#2045,#2046,#2047,#2048,#2049,#2050,#2051,
#2052,#2053,#2054,#2055,#2056,#2057,#2058,#2059,#2060,#2061,#2062,#2063,
#2064,#2065,#2066,#2067,#2068,#2069,#2070,#2071,#2072,#2073,#2074,#2075,
#2076,#2077,#2078,#2079,#2080,#2081,#2082,#2083,#2084,#2085,#2086,#2087,
#2088,#2089,#2090,#2091,#2092,#2093,#2094,#2095,#2096,#2097,#2098,#2099,
#2100,#2101,#2102,#2103,#2104,#2105,#2106,#2107,#2108,#2109,#2110,#2111,
#2112,#2113,#2114,#2115,#2116,#2117,#2118,#2119,#2120,#2121,#2122,#2123,
#2124,#2125,#2126,#2127,#2128,#2129,#2130,#2131,#2132,#2133,#2134,#2135,
#2136,#2137,#2138,#2139,#2140,#2141,#2142,#2143,#2144,#2145,#2146,#2147,
#2148,#2149,#2150,#2151,#2152,#2153));
#2155=DERIVED_UNIT_ELEMENT(#2158,1.);
#2156=DERIVED_UNIT_ELEMENT(#8241,-3.);
#2157=DIMENSIONAL_EXPONENTS(0.,1.,0.,0.,0.,0.,0.);
#2158=(
CONVERSION_BASED_UNIT('gram',#2160)
MASS_UNIT()
NAMED_UNIT(#2157)
);
#2159=(
MASS_UNIT()
NAMED_UNIT(*)
SI_UNIT(.KILO.,.GRAM.)
);
#2160=MASS_MEASURE_WITH_UNIT(MASS_MEASURE(0.001),#2159);
#2161=DERIVED_UNIT((#2155,#2156));
#2162=MEASURE_REPRESENTATION_ITEM('density measure',
POSITIVE_RATIO_MEASURE(7.85),#2161);
#2163=PROPERTY_DEFINITION_REPRESENTATION(#2168,#2165);
#2164=PROPERTY_DEFINITION_REPRESENTATION(#2169,#2166);
#2165=REPRESENTATION('material name',(#2167),#8238);
#2166=REPRESENTATION('density',(#2162),#8238);
#2167=DESCRIPTIVE_REPRESENTATION_ITEM('Stahl, weich','Stahl, weich');
#2168=PROPERTY_DEFINITION('material property','material name',#8248);
#2169=PROPERTY_DEFINITION('material property','density of part',#8248);
#2170=DATE_TIME_ROLE('creation_date');
#2171=APPLIED_DATE_AND_TIME_ASSIGNMENT(#2172,#2170,(#8248));
#2172=DATE_AND_TIME(#2173,#2174);
#2173=CALENDAR_DATE(2026,18,1);
#2174=LOCAL_TIME(0,0,0.,#2175);
#2175=COORDINATED_UNIVERSAL_TIME_OFFSET(0,0,.BEHIND.);
#2176=AXIS2_PLACEMENT_3D('',#2916,#2419,#2420);
#2177=AXIS2_PLACEMENT_3D('',#2917,#2421,#2422);
#2178=AXIS2_PLACEMENT_3D('',#2926,#2427,#2428);
#2179=AXIS2_PLACEMENT_3D('',#2932,#2432,#2433);
#2180=AXIS2_PLACEMENT_3D('',#2934,#2434,#2435);
#2181=AXIS2_PLACEMENT_3D('',#2937,#2437,#2438);
#2182=AXIS2_PLACEMENT_3D('',#2938,#2439,#2440);
#2183=AXIS2_PLACEMENT_3D('',#2941,#2443,#2444);
#2184=AXIS2_PLACEMENT_3D('',#2942,#2445,#2446);
#2185=AXIS2_PLACEMENT_3D('',#2944,#2447,#2448);
#2186=AXIS2_PLACEMENT_3D('',#2948,#2450,#2451);
#2187=AXIS2_PLACEMENT_3D('',#2950,#2452,#2453);
#2188=AXIS2_PLACEMENT_3D('',#2952,#2454,#2455);
#2189=AXIS2_PLACEMENT_3D('',#2954,#2456,#2457);
#2190=AXIS2_PLACEMENT_3D('',#2956,#2458,#2459);
#2191=AXIS2_PLACEMENT_3D('',#2958,#2460,#2461);
#2192=AXIS2_PLACEMENT_3D('',#2960,#2462,#2463);
#2193=AXIS2_PLACEMENT_3D('',#2962,#2464,#2465);
#2194=AXIS2_PLACEMENT_3D('',#2964,#2466,#2467);
#2195=AXIS2_PLACEMENT_3D('',#2966,#2468,#2469);
#2196=AXIS2_PLACEMENT_3D('',#2968,#2470,#2471);
#2197=AXIS2_PLACEMENT_3D('',#2970,#2472,#2473);
#2198=AXIS2_PLACEMENT_3D('',#2972,#2474,#2475);
#2199=AXIS2_PLACEMENT_3D('',#2974,#2476,#2477);
#2200=AXIS2_PLACEMENT_3D('',#2976,#2478,#2479);
#2201=AXIS2_PLACEMENT_3D('',#2978,#2480,#2481);
#2202=AXIS2_PLACEMENT_3D('',#2980,#2482,#2483);
#2203=AXIS2_PLACEMENT_3D('',#2982,#2484,#2485);
#2204=AXIS2_PLACEMENT_3D('',#2984,#2486,#2487);
#2205=AXIS2_PLACEMENT_3D('',#2986,#2488,#2489);
#2206=AXIS2_PLACEMENT_3D('',#2988,#2490,#2491);
#2207=AXIS2_PLACEMENT_3D('',#2990,#2492,#2493);
#2208=AXIS2_PLACEMENT_3D('',#2992,#2494,#2495);
#2209=AXIS2_PLACEMENT_3D('',#2994,#2496,#2497);
#2210=AXIS2_PLACEMENT_3D('',#2996,#2498,#2499);
#2211=AXIS2_PLACEMENT_3D('',#2998,#2500,#2501);
#2212=AXIS2_PLACEMENT_3D('',#3000,#2502,#2503);
#2213=AXIS2_PLACEMENT_3D('',#3002,#2504,#2505);
#2214=AXIS2_PLACEMENT_3D('',#3004,#2506,#2507);
#2215=AXIS2_PLACEMENT_3D('',#3006,#2508,#2509);
#2216=AXIS2_PLACEMENT_3D('',#3008,#2510,#2511);
#2217=AXIS2_PLACEMENT_3D('',#3010,#2512,#2513);
#2218=AXIS2_PLACEMENT_3D('',#3012,#2514,#2515);
#2219=AXIS2_PLACEMENT_3D('',#3014,#2516,#2517);
#2220=AXIS2_PLACEMENT_3D('',#3016,#2518,#2519);
#2221=AXIS2_PLACEMENT_3D('',#3018,#2520,#2521);
#2222=AXIS2_PLACEMENT_3D('',#3020,#2522,#2523);
#2223=AXIS2_PLACEMENT_3D('',#3022,#2524,#2525);
#2224=AXIS2_PLACEMENT_3D('',#3024,#2526,#2527);
#2225=AXIS2_PLACEMENT_3D('',#3026,#2528,#2529);
#2226=AXIS2_PLACEMENT_3D('',#3028,#2530,#2531);
#2227=AXIS2_PLACEMENT_3D('',#3030,#2532,#2533);
#2228=AXIS2_PLACEMENT_3D('',#3032,#2534,#2535);
#2229=AXIS2_PLACEMENT_3D('',#3034,#2536,#2537);
#2230=AXIS2_PLACEMENT_3D('',#3036,#2538,#2539);
#2231=AXIS2_PLACEMENT_3D('',#3038,#2540,#2541);
#2232=AXIS2_PLACEMENT_3D('',#3039,#2542,#2543);
#2233=AXIS2_PLACEMENT_3D('',#3040,#2544,#2545);
#2234=AXIS2_PLACEMENT_3D('',#3041,#2546,#2547);
#2235=AXIS2_PLACEMENT_3D('',#3112,#2548,#2549);
#2236=AXIS2_PLACEMENT_3D('',#3113,#2550,#2551);
#2237=AXIS2_PLACEMENT_3D('',#3184,#2552,#2553);
#2238=AXIS2_PLACEMENT_3D('',#3185,#2554,#2555);
#2239=AXIS2_PLACEMENT_3D('',#3256,#2556,#2557);
#2240=AXIS2_PLACEMENT_3D('',#3257,#2558,#2559);
#2241=AXIS2_PLACEMENT_3D('',#3328,#2560,#2561);
#2242=AXIS2_PLACEMENT_3D('',#3329,#2562,#2563);
#2243=AXIS2_PLACEMENT_3D('',#3400,#2564,#2565);
#2244=AXIS2_PLACEMENT_3D('',#3401,#2566,#2567);
#2245=AXIS2_PLACEMENT_3D('',#3472,#2568,#2569);
#2246=AXIS2_PLACEMENT_3D('',#3473,#2570,#2571);
#2247=AXIS2_PLACEMENT_3D('',#3544,#2572,#2573);
#2248=AXIS2_PLACEMENT_3D('',#3545,#2574,#2575);
#2249=AXIS2_PLACEMENT_3D('',#3616,#2576,#2577);
#2250=AXIS2_PLACEMENT_3D('',#3617,#2578,#2579);
#2251=AXIS2_PLACEMENT_3D('',#3688,#2580,#2581);
#2252=AXIS2_PLACEMENT_3D('',#3689,#2582,#2583);
#2253=AXIS2_PLACEMENT_3D('',#3760,#2584,#2585);
#2254=AXIS2_PLACEMENT_3D('',#3761,#2586,#2587);
#2255=AXIS2_PLACEMENT_3D('',#3832,#2588,#2589);
#2256=AXIS2_PLACEMENT_3D('',#3833,#2590,#2591);
#2257=AXIS2_PLACEMENT_3D('',#3904,#2592,#2593);
#2258=AXIS2_PLACEMENT_3D('',#3905,#2594,#2595);
#2259=AXIS2_PLACEMENT_3D('',#3976,#2596,#2597);
#2260=AXIS2_PLACEMENT_3D('',#3977,#2598,#2599);
#2261=AXIS2_PLACEMENT_3D('',#4048,#2600,#2601);
#2262=AXIS2_PLACEMENT_3D('',#4049,#2602,#2603);
#2263=AXIS2_PLACEMENT_3D('',#4120,#2604,#2605);
#2264=AXIS2_PLACEMENT_3D('',#4121,#2606,#2607);
#2265=AXIS2_PLACEMENT_3D('',#4192,#2608,#2609);
#2266=AXIS2_PLACEMENT_3D('',#4193,#2610,#2611);
#2267=AXIS2_PLACEMENT_3D('',#4264,#2612,#2613);
#2268=AXIS2_PLACEMENT_3D('',#4265,#2614,#2615);
#2269=AXIS2_PLACEMENT_3D('',#4336,#2616,#2617);
#2270=AXIS2_PLACEMENT_3D('',#4337,#2618,#2619);
#2271=AXIS2_PLACEMENT_3D('',#4408,#2620,#2621);
#2272=AXIS2_PLACEMENT_3D('',#4409,#2622,#2623);
#2273=AXIS2_PLACEMENT_3D('',#4480,#2624,#2625);
#2274=AXIS2_PLACEMENT_3D('',#4481,#2626,#2627);
#2275=AXIS2_PLACEMENT_3D('',#4518,#2628,#2629);
#2276=AXIS2_PLACEMENT_3D('',#4553,#2630,#2631);
#2277=AXIS2_PLACEMENT_3D('',#4624,#2632,#2633);
#2278=AXIS2_PLACEMENT_3D('',#4625,#2634,#2635);
#2279=AXIS2_PLACEMENT_3D('',#4662,#2636,#2637);
#2280=AXIS2_PLACEMENT_3D('',#4697,#2638,#2639);
#2281=AXIS2_PLACEMENT_3D('',#4698,#2640,#2641);
#2282=AXIS2_PLACEMENT_3D('',#4699,#2642,#2643);
#2283=AXIS2_PLACEMENT_3D('',#4700,#2644,#2645);
#2284=AXIS2_PLACEMENT_3D('',#4701,#2646,#2647);
#2285=AXIS2_PLACEMENT_3D('',#4702,#2648,#2649);
#2286=AXIS2_PLACEMENT_3D('',#4703,#2650,#2651);
#2287=AXIS2_PLACEMENT_3D('',#4704,#2652,#2653);
#2288=AXIS2_PLACEMENT_3D('',#4705,#2654,#2655);
#2289=AXIS2_PLACEMENT_3D('',#4706,#2656,#2657);
#2290=AXIS2_PLACEMENT_3D('',#4707,#2658,#2659);
#2291=AXIS2_PLACEMENT_3D('',#4708,#2660,#2661);
#2292=AXIS2_PLACEMENT_3D('',#4709,#2662,#2663);
#2293=AXIS2_PLACEMENT_3D('',#4710,#2664,#2665);
#2294=AXIS2_PLACEMENT_3D('',#4711,#2666,#2667);
#2295=AXIS2_PLACEMENT_3D('',#4712,#2668,#2669);
#2296=AXIS2_PLACEMENT_3D('',#4713,#2670,#2671);
#2297=AXIS2_PLACEMENT_3D('',#4714,#2672,#2673);
#2298=AXIS2_PLACEMENT_3D('',#4715,#2674,#2675);
#2299=AXIS2_PLACEMENT_3D('',#4716,#2676,#2677);
#2300=AXIS2_PLACEMENT_3D('',#4717,#2678,#2679);
#2301=AXIS2_PLACEMENT_3D('',#4718,#2680,#2681);
#2302=AXIS2_PLACEMENT_3D('',#4719,#2682,#2683);
#2303=AXIS2_PLACEMENT_3D('',#4720,#2684,#2685);
#2304=AXIS2_PLACEMENT_3D('',#4793,#2686,#2687);
#2305=AXIS2_PLACEMENT_3D('',#4833,#2688,#2689);
#2306=AXIS2_PLACEMENT_3D('',#4834,#2690,#2691);
#2307=AXIS2_PLACEMENT_3D('',#4835,#2692,#2693);
#2308=AXIS2_PLACEMENT_3D('',#4842,#2694,#2695);
#2309=AXIS2_PLACEMENT_3D('',#4945,#2696,#2697);
#2310=AXIS2_PLACEMENT_3D('',#4972,#2698,#2699);
#2311=AXIS2_PLACEMENT_3D('',#4973,#2700,#2701);
#2312=AXIS2_PLACEMENT_3D('',#4975,#2702,#2703);
#2313=AXIS2_PLACEMENT_3D('',#4982,#2704,#2705);
#2314=AXIS2_PLACEMENT_3D('',#5044,#2706,#2707);
#2315=AXIS2_PLACEMENT_3D('',#5085,#2708,#2709);
#2316=AXIS2_PLACEMENT_3D('',#5121,#2710,#2711);
#2317=AXIS2_PLACEMENT_3D('',#5122,#2712,#2713);
#2318=AXIS2_PLACEMENT_3D('',#5135,#2714,#2715);
#2319=AXIS2_PLACEMENT_3D('',#5343,#2716,#2717);
#2320=AXIS2_PLACEMENT_3D('',#5344,#2718,#2719);
#2321=AXIS2_PLACEMENT_3D('',#5345,#2720,#2721);
#2322=AXIS2_PLACEMENT_3D('',#5346,#2722,#2723);
#2323=AXIS2_PLACEMENT_3D('',#5347,#2724,#2725);
#2324=AXIS2_PLACEMENT_3D('',#5348,#2726,#2727);
#2325=AXIS2_PLACEMENT_3D('',#5389,#2728,#2729);
#2326=AXIS2_PLACEMENT_3D('',#5425,#2730,#2731);
#2327=AXIS2_PLACEMENT_3D('',#5426,#2732,#2733);
#2328=AXIS2_PLACEMENT_3D('',#5439,#2734,#2735);
#2329=AXIS2_PLACEMENT_3D('',#5647,#2736,#2737);
#2330=AXIS2_PLACEMENT_3D('',#5648,#2738,#2739);
#2331=AXIS2_PLACEMENT_3D('',#5649,#2740,#2741);
#2332=AXIS2_PLACEMENT_3D('',#5650,#2742,#2743);
#2333=AXIS2_PLACEMENT_3D('',#5651,#2744,#2745);
#2334=AXIS2_PLACEMENT_3D('',#5652,#2746,#2747);
#2335=AXIS2_PLACEMENT_3D('',#5693,#2748,#2749);
#2336=AXIS2_PLACEMENT_3D('',#5729,#2750,#2751);
#2337=AXIS2_PLACEMENT_3D('',#5730,#2752,#2753);
#2338=AXIS2_PLACEMENT_3D('',#5743,#2754,#2755);
#2339=AXIS2_PLACEMENT_3D('',#5951,#2756,#2757);
#2340=AXIS2_PLACEMENT_3D('',#5952,#2758,#2759);
#2341=AXIS2_PLACEMENT_3D('',#5953,#2760,#2761);
#2342=AXIS2_PLACEMENT_3D('',#5954,#2762,#2763);
#2343=AXIS2_PLACEMENT_3D('',#5955,#2764,#2765);
#2344=AXIS2_PLACEMENT_3D('',#5956,#2766,#2767);
#2345=AXIS2_PLACEMENT_3D('',#5997,#2768,#2769);
#2346=AXIS2_PLACEMENT_3D('',#6033,#2770,#2771);
#2347=AXIS2_PLACEMENT_3D('',#6034,#2772,#2773);
#2348=AXIS2_PLACEMENT_3D('',#6047,#2774,#2775);
#2349=AXIS2_PLACEMENT_3D('',#6255,#2776,#2777);
#2350=AXIS2_PLACEMENT_3D('',#6256,#2778,#2779);
#2351=AXIS2_PLACEMENT_3D('',#6257,#2780,#2781);
#2352=AXIS2_PLACEMENT_3D('',#6258,#2782,#2783);
#2353=AXIS2_PLACEMENT_3D('',#6259,#2784,#2785);
#2354=AXIS2_PLACEMENT_3D('',#6260,#2786,#2787);
#2355=AXIS2_PLACEMENT_3D('',#6301,#2788,#2789);
#2356=AXIS2_PLACEMENT_3D('',#6337,#2790,#2791);
#2357=AXIS2_PLACEMENT_3D('',#6338,#2792,#2793);
#2358=AXIS2_PLACEMENT_3D('',#6351,#2794,#2795);
#2359=AXIS2_PLACEMENT_3D('',#6559,#2796,#2797);
#2360=AXIS2_PLACEMENT_3D('',#6560,#2798,#2799);
#2361=AXIS2_PLACEMENT_3D('',#6561,#2800,#2801);
#2362=AXIS2_PLACEMENT_3D('',#6562,#2802,#2803);
#2363=AXIS2_PLACEMENT_3D('',#6563,#2804,#2805);
#2364=AXIS2_PLACEMENT_3D('',#6564,#2806,#2807);
#2365=AXIS2_PLACEMENT_3D('',#6605,#2808,#2809);
#2366=AXIS2_PLACEMENT_3D('',#6641,#2810,#2811);
#2367=AXIS2_PLACEMENT_3D('',#6642,#2812,#2813);
#2368=AXIS2_PLACEMENT_3D('',#6655,#2814,#2815);
#2369=AXIS2_PLACEMENT_3D('',#6863,#2816,#2817);
#2370=AXIS2_PLACEMENT_3D('',#6864,#2818,#2819);
#2371=AXIS2_PLACEMENT_3D('',#6865,#2820,#2821);
#2372=AXIS2_PLACEMENT_3D('',#6866,#2822,#2823);
#2373=AXIS2_PLACEMENT_3D('',#6867,#2824,#2825);
#2374=AXIS2_PLACEMENT_3D('',#6868,#2826,#2827);
#2375=AXIS2_PLACEMENT_3D('',#6909,#2828,#2829);
#2376=AXIS2_PLACEMENT_3D('',#6945,#2830,#2831);
#2377=AXIS2_PLACEMENT_3D('',#6946,#2832,#2833);
#2378=AXIS2_PLACEMENT_3D('',#6959,#2834,#2835);
#2379=AXIS2_PLACEMENT_3D('',#7167,#2836,#2837);
#2380=AXIS2_PLACEMENT_3D('',#7168,#2838,#2839);
#2381=AXIS2_PLACEMENT_3D('',#7169,#2840,#2841);
#2382=AXIS2_PLACEMENT_3D('',#7170,#2842,#2843);
#2383=AXIS2_PLACEMENT_3D('',#7171,#2844,#2845);
#2384=AXIS2_PLACEMENT_3D('',#7172,#2846,#2847);
#2385=AXIS2_PLACEMENT_3D('',#7213,#2848,#2849);
#2386=AXIS2_PLACEMENT_3D('',#7249,#2850,#2851);
#2387=AXIS2_PLACEMENT_3D('',#7250,#2852,#2853);
#2388=AXIS2_PLACEMENT_3D('',#7263,#2854,#2855);
#2389=AXIS2_PLACEMENT_3D('',#7471,#2856,#2857);
#2390=AXIS2_PLACEMENT_3D('',#7472,#2858,#2859);
#2391=AXIS2_PLACEMENT_3D('',#7473,#2860,#2861);
#2392=AXIS2_PLACEMENT_3D('',#7474,#2862,#2863);
#2393=AXIS2_PLACEMENT_3D('',#7475,#2864,#2865);
#2394=AXIS2_PLACEMENT_3D('',#7476,#2866,#2867);
#2395=AXIS2_PLACEMENT_3D('',#7517,#2868,#2869);
#2396=AXIS2_PLACEMENT_3D('',#7553,#2870,#2871);
#2397=AXIS2_PLACEMENT_3D('',#7554,#2872,#2873);
#2398=AXIS2_PLACEMENT_3D('',#7567,#2874,#2875);
#2399=AXIS2_PLACEMENT_3D('',#7775,#2876,#2877);
#2400=AXIS2_PLACEMENT_3D('',#7776,#2878,#2879);
#2401=AXIS2_PLACEMENT_3D('',#7777,#2880,#2881);
#2402=AXIS2_PLACEMENT_3D('',#7778,#2882,#2883);
#2403=AXIS2_PLACEMENT_3D('',#7779,#2884,#2885);
#2404=AXIS2_PLACEMENT_3D('',#7780,#2886,#2887);
#2405=AXIS2_PLACEMENT_3D('',#7821,#2888,#2889);
#2406=AXIS2_PLACEMENT_3D('',#7857,#2890,#2891);
#2407=AXIS2_PLACEMENT_3D('',#7858,#2892,#2893);
#2408=AXIS2_PLACEMENT_3D('',#7871,#2894,#2895);
#2409=AXIS2_PLACEMENT_3D('',#8079,#2896,#2897);
#2410=AXIS2_PLACEMENT_3D('',#8080,#2898,#2899);
#2411=AXIS2_PLACEMENT_3D('',#8081,#2900,#2901);
#2412=AXIS2_PLACEMENT_3D('',#8082,#2902,#2903);
#2413=AXIS2_PLACEMENT_3D('',#8083,#2904,#2905);
#2414=AXIS2_PLACEMENT_3D('',#8231,#2906,#2907);
#2415=AXIS2_PLACEMENT_3D('',#8232,#2908,#2909);
#2416=AXIS2_PLACEMENT_3D('',#8233,#2910,#2911);
#2417=AXIS2_PLACEMENT_3D('',#8234,#2912,#2913);
#2418=AXIS2_PLACEMENT_3D('',#8235,#2914,#2915);
#2419=DIRECTION('axis',(0.,0.,1.));
#2420=DIRECTION('refdir',(1.,0.,0.));
#2421=DIRECTION('center_axis',(0.,1.,0.));
#2422=DIRECTION('ref_axis',(-1.,0.,0.));
#2423=DIRECTION('',(-1.,0.,0.));
#2424=DIRECTION('',(0.,0.,1.));
#2425=DIRECTION('',(-1.,0.,0.));
#2426=DIRECTION('',(0.,0.,1.));
#2427=DIRECTION('center_axis',(1.,0.,0.));
#2428=DIRECTION('ref_axis',(0.,1.,0.));
#2429=DIRECTION('',(0.,1.,0.));
#2430=DIRECTION('',(0.,0.,1.));
#2431=DIRECTION('',(0.,1.,0.));
#2432=DIRECTION('center_axis',(0.,0.,1.));
#2433=DIRECTION('ref_axis',(-2.83276944882399E-16,-1.,0.));
#2434=DIRECTION('center_axis',(0.,0.,1.));
#2435=DIRECTION('ref_axis',(-1.,0.,0.));
#2436=DIRECTION('',(0.,0.,1.));
#2437=DIRECTION('center_axis',(0.,0.,1.));
#2438=DIRECTION('ref_axis',(-1.,0.,0.));
#2439=DIRECTION('center_axis',(-1.,0.,0.));
#2440=DIRECTION('ref_axis',(0.,-1.,0.));
#2441=DIRECTION('',(0.,-1.,0.));
#2442=DIRECTION('',(0.,-1.,0.));
#2443=DIRECTION('center_axis',(0.,0.,-1.));
#2444=DIRECTION('ref_axis',(-1.,0.,0.));
#2445=DIRECTION('center_axis',(0.,0.,-1.));
#2446=DIRECTION('ref_axis',(-0.999999958839444,-0.000286916556979672,0.));
#2447=DIRECTION('center_axis',(0.,0.,-1.));
#2448=DIRECTION('ref_axis',(-0.999999958839444,-0.000286916556979672,0.));
#2449=DIRECTION('',(0.,0.,1.));
#2450=DIRECTION('center_axis',(0.,0.,-1.));
#2451=DIRECTION('ref_axis',(0.,1.,0.));
#2452=DIRECTION('center_axis',(0.,0.,-1.));
#2453=DIRECTION('ref_axis',(0.,1.,0.));
#2454=DIRECTION('center_axis',(0.,0.,-1.));
#2455=DIRECTION('ref_axis',(0.,1.,0.));
#2456=DIRECTION('center_axis',(0.,0.,-1.));
#2457=DIRECTION('ref_axis',(0.,1.,0.));
#2458=DIRECTION('center_axis',(0.,0.,-1.));
#2459=DIRECTION('ref_axis',(0.,1.,0.));
#2460=DIRECTION('center_axis',(0.,0.,-1.));
#2461=DIRECTION('ref_axis',(0.,1.,0.));
#2462=DIRECTION('center_axis',(0.,0.,-1.));
#2463=DIRECTION('ref_axis',(0.,1.,0.));
#2464=DIRECTION('center_axis',(0.,0.,-1.));
#2465=DIRECTION('ref_axis',(0.,1.,0.));
#2466=DIRECTION('center_axis',(0.,0.,-1.));
#2467=DIRECTION('ref_axis',(0.,1.,0.));
#2468=DIRECTION('center_axis',(0.,0.,-1.));
#2469=DIRECTION('ref_axis',(0.,1.,0.));
#2470=DIRECTION('center_axis',(0.,0.,-1.));
#2471=DIRECTION('ref_axis',(0.,1.,0.));
#2472=DIRECTION('center_axis',(0.,0.,-1.));
#2473=DIRECTION('ref_axis',(0.,1.,0.));
#2474=DIRECTION('center_axis',(0.,0.,-1.));
#2475=DIRECTION('ref_axis',(0.,1.,0.));
#2476=DIRECTION('center_axis',(0.,0.,-1.));
#2477=DIRECTION('ref_axis',(0.,1.,0.));
#2478=DIRECTION('center_axis',(0.,0.,-1.));
#2479=DIRECTION('ref_axis',(0.,1.,0.));
#2480=DIRECTION('center_axis',(0.,0.,-1.));
#2481=DIRECTION('ref_axis',(0.,1.,0.));
#2482=DIRECTION('center_axis',(0.,0.,-1.));
#2483=DIRECTION('ref_axis',(0.,1.,0.));
#2484=DIRECTION('center_axis',(0.,0.,-1.));
#2485=DIRECTION('ref_axis',(0.,1.,0.));
#2486=DIRECTION('center_axis',(0.,0.,-1.));
#2487=DIRECTION('ref_axis',(0.,1.,0.));
#2488=DIRECTION('center_axis',(0.,0.,-1.));
#2489=DIRECTION('ref_axis',(0.,1.,0.));
#2490=DIRECTION('center_axis',(0.,0.,-1.));
#2491=DIRECTION('ref_axis',(0.,1.,0.));
#2492=DIRECTION('center_axis',(0.,0.,-1.));
#2493=DIRECTION('ref_axis',(0.,1.,0.));
#2494=DIRECTION('center_axis',(0.,0.,-1.));
#2495=DIRECTION('ref_axis',(0.,1.,0.));
#2496=DIRECTION('center_axis',(0.,0.,-1.));
#2497=DIRECTION('ref_axis',(0.,1.,0.));
#2498=DIRECTION('center_axis',(0.,0.,-1.));
#2499=DIRECTION('ref_axis',(0.,1.,0.));
#2500=DIRECTION('center_axis',(0.,0.,-1.));
#2501=DIRECTION('ref_axis',(0.,1.,0.));
#2502=DIRECTION('center_axis',(0.,0.,-1.));
#2503=DIRECTION('ref_axis',(0.,1.,0.));
#2504=DIRECTION('center_axis',(0.,0.,-1.));
#2505=DIRECTION('ref_axis',(0.,1.,0.));
#2506=DIRECTION('center_axis',(0.,0.,-1.));
#2507=DIRECTION('ref_axis',(0.,1.,0.));
#2508=DIRECTION('center_axis',(0.,0.,-1.));
#2509=DIRECTION('ref_axis',(0.,1.,0.));
#2510=DIRECTION('center_axis',(0.,0.,-1.));
#2511=DIRECTION('ref_axis',(0.,1.,0.));
#2512=DIRECTION('center_axis',(0.,0.,-1.));
#2513=DIRECTION('ref_axis',(0.,1.,0.));
#2514=DIRECTION('center_axis',(0.,0.,-1.));
#2515=DIRECTION('ref_axis',(0.,1.,0.));
#2516=DIRECTION('center_axis',(0.,0.,-1.));
#2517=DIRECTION('ref_axis',(0.,1.,0.));
#2518=DIRECTION('center_axis',(0.,0.,-1.));
#2519=DIRECTION('ref_axis',(0.,1.,0.));
#2520=DIRECTION('center_axis',(0.,0.,-1.));
#2521=DIRECTION('ref_axis',(0.,1.,0.));
#2522=DIRECTION('center_axis',(0.,0.,-1.));
#2523=DIRECTION('ref_axis',(0.,1.,0.));
#2524=DIRECTION('center_axis',(0.,0.,-1.));
#2525=DIRECTION('ref_axis',(0.,1.,0.));
#2526=DIRECTION('center_axis',(0.,0.,-1.));
#2527=DIRECTION('ref_axis',(0.,1.,0.));
#2528=DIRECTION('center_axis',(0.,0.,-1.));
#2529=DIRECTION('ref_axis',(0.,1.,0.));
#2530=DIRECTION('center_axis',(0.,0.,-1.));
#2531=DIRECTION('ref_axis',(0.,1.,0.));
#2532=DIRECTION('center_axis',(0.,0.,-1.));
#2533=DIRECTION('ref_axis',(0.,1.,0.));
#2534=DIRECTION('center_axis',(0.,0.,-1.));
#2535=DIRECTION('ref_axis',(0.,1.,0.));
#2536=DIRECTION('center_axis',(0.,0.,-1.));
#2537=DIRECTION('ref_axis',(0.,1.,0.));
#2538=DIRECTION('center_axis',(0.,0.,-1.));
#2539=DIRECTION('ref_axis',(0.,1.,0.));
#2540=DIRECTION('center_axis',(0.,0.,-1.));
#2541=DIRECTION('ref_axis',(0.,1.,0.));
#2542=DIRECTION('center_axis',(0.,0.,-1.));
#2543=DIRECTION('ref_axis',(0.,1.,0.));
#2544=DIRECTION('center_axis',(0.,0.,-1.));
#2545=DIRECTION('ref_axis',(-1.,0.,0.));
#2546=DIRECTION('center_axis',(0.,0.,-1.));
#2547=DIRECTION('ref_axis',(0.,1.,0.));
#2548=DIRECTION('center_axis',(0.,0.,-1.));
#2549=DIRECTION('ref_axis',(0.,1.,0.));
#2550=DIRECTION('center_axis',(0.,0.,-1.));
#2551=DIRECTION('ref_axis',(0.,1.,0.));
#2552=DIRECTION('center_axis',(0.,0.,-1.));
#2553=DIRECTION('ref_axis',(0.,1.,0.));
#2554=DIRECTION('center_axis',(0.,0.,-1.));
#2555=DIRECTION('ref_axis',(0.,1.,0.));
#2556=DIRECTION('center_axis',(0.,0.,-1.));
#2557=DIRECTION('ref_axis',(0.,1.,0.));
#2558=DIRECTION('center_axis',(0.,0.,-1.));
#2559=DIRECTION('ref_axis',(0.,1.,0.));
#2560=DIRECTION('center_axis',(0.,0.,-1.));
#2561=DIRECTION('ref_axis',(0.,1.,0.));
#2562=DIRECTION('center_axis',(0.,0.,-1.));
#2563=DIRECTION('ref_axis',(0.,1.,0.));
#2564=DIRECTION('center_axis',(0.,0.,-1.));
#2565=DIRECTION('ref_axis',(0.,1.,0.));
#2566=DIRECTION('center_axis',(0.,0.,-1.));
#2567=DIRECTION('ref_axis',(0.,1.,0.));
#2568=DIRECTION('center_axis',(0.,0.,-1.));
#2569=DIRECTION('ref_axis',(0.,1.,0.));
#2570=DIRECTION('center_axis',(0.,0.,-1.));
#2571=DIRECTION('ref_axis',(0.,1.,0.));
#2572=DIRECTION('center_axis',(0.,0.,-1.));
#2573=DIRECTION('ref_axis',(0.,1.,0.));
#2574=DIRECTION('center_axis',(0.,0.,-1.));
#2575=DIRECTION('ref_axis',(0.,1.,0.));
#2576=DIRECTION('center_axis',(0.,0.,-1.));
#2577=DIRECTION('ref_axis',(0.,1.,0.));
#2578=DIRECTION('center_axis',(0.,0.,-1.));
#2579=DIRECTION('ref_axis',(0.,1.,0.));
#2580=DIRECTION('center_axis',(0.,0.,-1.));
#2581=DIRECTION('ref_axis',(0.,1.,0.));
#2582=DIRECTION('center_axis',(0.,0.,-1.));
#2583=DIRECTION('ref_axis',(0.,1.,0.));
#2584=DIRECTION('center_axis',(0.,0.,-1.));
#2585=DIRECTION('ref_axis',(0.,1.,0.));
#2586=DIRECTION('center_axis',(0.,0.,-1.));
#2587=DIRECTION('ref_axis',(-0.00774640952425385,-0.999969996119625,0.));
#2588=DIRECTION('center_axis',(0.,0.,-1.));
#2589=DIRECTION('ref_axis',(0.,1.,0.));
#2590=DIRECTION('center_axis',(0.,0.,-1.));
#2591=DIRECTION('ref_axis',(0.,1.,0.));
#2592=DIRECTION('center_axis',(0.,0.,-1.));
#2593=DIRECTION('ref_axis',(0.,1.,0.));
#2594=DIRECTION('center_axis',(0.,0.,-1.));
#2595=DIRECTION('ref_axis',(0.,1.,0.));
#2596=DIRECTION('center_axis',(0.,0.,-1.));
#2597=DIRECTION('ref_axis',(0.,1.,0.));
#2598=DIRECTION('center_axis',(0.,0.,-1.));
#2599=DIRECTION('ref_axis',(0.,1.,0.));
#2600=DIRECTION('center_axis',(0.,0.,-1.));
#2601=DIRECTION('ref_axis',(0.,1.,0.));
#2602=DIRECTION('center_axis',(0.,0.,-1.));
#2603=DIRECTION('ref_axis',(0.,1.,0.));
#2604=DIRECTION('center_axis',(0.,0.,-1.));
#2605=DIRECTION('ref_axis',(0.,1.,0.));
#2606=DIRECTION('center_axis',(0.,0.,-1.));
#2607=DIRECTION('ref_axis',(0.,1.,0.));
#2608=DIRECTION('center_axis',(0.,0.,-1.));
#2609=DIRECTION('ref_axis',(0.,1.,0.));
#2610=DIRECTION('center_axis',(0.,0.,-1.));
#2611=DIRECTION('ref_axis',(0.,1.,0.));
#2612=DIRECTION('center_axis',(0.,0.,-1.));
#2613=DIRECTION('ref_axis',(0.,1.,0.));
#2614=DIRECTION('center_axis',(0.,0.,-1.));
#2615=DIRECTION('ref_axis',(0.,1.,0.));
#2616=DIRECTION('center_axis',(0.,0.,-1.));
#2617=DIRECTION('ref_axis',(0.,1.,0.));
#2618=DIRECTION('center_axis',(0.,0.,-1.));
#2619=DIRECTION('ref_axis',(0.,1.,0.));
#2620=DIRECTION('center_axis',(0.,0.,-1.));
#2621=DIRECTION('ref_axis',(0.,1.,0.));
#2622=DIRECTION('center_axis',(0.,0.,-1.));
#2623=DIRECTION('ref_axis',(0.,1.,0.));
#2624=DIRECTION('center_axis',(0.,0.,-1.));
#2625=DIRECTION('ref_axis',(0.,1.,0.));
#2626=DIRECTION('center_axis',(0.,0.,-1.));
#2627=DIRECTION('ref_axis',(0.,1.,0.));
#2628=DIRECTION('center_axis',(0.,0.,-1.));
#2629=DIRECTION('ref_axis',(0.,1.,0.));
#2630=DIRECTION('center_axis',(0.,0.,-1.));
#2631=DIRECTION('ref_axis',(0.,1.,0.));
#2632=DIRECTION('center_axis',(0.,0.,-1.));
#2633=DIRECTION('ref_axis',(0.,1.,0.));
#2634=DIRECTION('center_axis',(0.,0.,-1.));
#2635=DIRECTION('ref_axis',(0.,1.,0.));
#2636=DIRECTION('center_axis',(0.,0.,-1.));
#2637=DIRECTION('ref_axis',(0.,1.,0.));
#2638=DIRECTION('center_axis',(0.,0.,1.));
#2639=DIRECTION('ref_axis',(1.,0.,0.));
#2640=DIRECTION('center_axis',(0.,0.,-1.));
#2641=DIRECTION('ref_axis',(0.,1.,0.));
#2642=DIRECTION('center_axis',(0.,0.,-1.));
#2643=DIRECTION('ref_axis',(0.,1.,0.));
#2644=DIRECTION('center_axis',(0.,0.,-1.));
#2645=DIRECTION('ref_axis',(0.,1.,0.));
#2646=DIRECTION('center_axis',(0.,0.,-1.));
#2647=DIRECTION('ref_axis',(0.,1.,0.));
#2648=DIRECTION('center_axis',(0.,0.,-1.));
#2649=DIRECTION('ref_axis',(0.,1.,0.));
#2650=DIRECTION('center_axis',(0.,0.,-1.));
#2651=DIRECTION('ref_axis',(0.,1.,0.));
#2652=DIRECTION('center_axis',(0.,0.,-1.));
#2653=DIRECTION('ref_axis',(0.,1.,0.));
#2654=DIRECTION('center_axis',(0.,0.,-1.));
#2655=DIRECTION('ref_axis',(0.,1.,0.));
#2656=DIRECTION('center_axis',(0.,0.,-1.));
#2657=DIRECTION('ref_axis',(0.,1.,0.));
#2658=DIRECTION('center_axis',(0.,0.,-1.));
#2659=DIRECTION('ref_axis',(0.,1.,0.));
#2660=DIRECTION('center_axis',(0.,0.,-1.));
#2661=DIRECTION('ref_axis',(0.,1.,0.));
#2662=DIRECTION('center_axis',(0.,0.,-1.));
#2663=DIRECTION('ref_axis',(0.,1.,0.));
#2664=DIRECTION('center_axis',(0.,0.,-1.));
#2665=DIRECTION('ref_axis',(0.,1.,0.));
#2666=DIRECTION('center_axis',(0.,0.,-1.));
#2667=DIRECTION('ref_axis',(0.,1.,0.));
#2668=DIRECTION('center_axis',(0.,0.,-1.));
#2669=DIRECTION('ref_axis',(0.,1.,0.));
#2670=DIRECTION('center_axis',(0.,0.,-1.));
#2671=DIRECTION('ref_axis',(0.,1.,0.));
#2672=DIRECTION('center_axis',(0.,0.,-1.));
#2673=DIRECTION('ref_axis',(0.,1.,0.));
#2674=DIRECTION('center_axis',(0.,0.,-1.));
#2675=DIRECTION('ref_axis',(0.,1.,0.));
#2676=DIRECTION('center_axis',(0.,0.,-1.));
#2677=DIRECTION('ref_axis',(0.,1.,0.));
#2678=DIRECTION('center_axis',(0.,0.,-1.));
#2679=DIRECTION('ref_axis',(0.,1.,0.));
#2680=DIRECTION('center_axis',(0.,0.,-1.));
#2681=DIRECTION('ref_axis',(0.,1.,0.));
#2682=DIRECTION('center_axis',(0.,0.,-1.));
#2683=DIRECTION('ref_axis',(0.,1.,0.));
#2684=DIRECTION('center_axis',(0.,0.,-1.));
#2685=DIRECTION('ref_axis',(0.,1.,0.));
#2686=DIRECTION('center_axis',(0.,0.,-1.));
#2687=DIRECTION('ref_axis',(0.,1.,0.));
#2688=DIRECTION('center_axis',(0.,0.,-1.));
#2689=DIRECTION('ref_axis',(0.,1.,0.));
#2690=DIRECTION('center_axis',(0.,0.,-1.));
#2691=DIRECTION('ref_axis',(0.,1.,0.));
#2692=DIRECTION('center_axis',(0.,0.,1.));
#2693=DIRECTION('ref_axis',(0.,1.,0.));
#2694=DIRECTION('center_axis',(0.,0.,1.));
#2695=DIRECTION('ref_axis',(0.,1.,0.));
#2696=DIRECTION('center_axis',(0.,0.,1.));
#2697=DIRECTION('ref_axis',(0.,1.,0.));
#2698=DIRECTION('center_axis',(0.,0.,-1.));
#2699=DIRECTION('ref_axis',(0.,1.,0.));
#2700=DIRECTION('center_axis',(0.,0.,1.));
#2701=DIRECTION('ref_axis',(0.,1.,0.));
#2702=DIRECTION('center_axis',(0.,0.,-1.));
#2703=DIRECTION('ref_axis',(0.,1.,0.));
#2704=DIRECTION('center_axis',(0.,0.,-1.));
#2705=DIRECTION('ref_axis',(0.,1.,0.));
#2706=DIRECTION('center_axis',(0.,0.,-1.));
#2707=DIRECTION('ref_axis',(0.,1.,0.));
#2708=DIRECTION('center_axis',(0.,0.,-1.));
#2709=DIRECTION('ref_axis',(0.,1.,0.));
#2710=DIRECTION('center_axis',(0.,0.,-1.));
#2711=DIRECTION('ref_axis',(0.,1.,0.));
#2712=DIRECTION('center_axis',(0.,0.,1.));
#2713=DIRECTION('ref_axis',(0.,1.,0.));
#2714=DIRECTION('center_axis',(0.,0.,1.));
#2715=DIRECTION('ref_axis',(0.,1.,0.));
#2716=DIRECTION('center_axis',(0.,0.,1.));
#2717=DIRECTION('ref_axis',(0.,1.,0.));
#2718=DIRECTION('center_axis',(0.,0.,-1.));
#2719=DIRECTION('ref_axis',(0.,1.,0.));
#2720=DIRECTION('center_axis',(0.,0.,1.));
#2721=DIRECTION('ref_axis',(0.,1.,0.));
#2722=DIRECTION('center_axis',(0.,0.,-1.));
#2723=DIRECTION('ref_axis',(0.,1.,0.));
#2724=DIRECTION('center_axis',(0.,0.,-1.));
#2725=DIRECTION('ref_axis',(0.,1.,0.));
#2726=DIRECTION('center_axis',(0.,0.,-1.));
#2727=DIRECTION('ref_axis',(0.,1.,0.));
#2728=DIRECTION('center_axis',(0.,0.,-1.));
#2729=DIRECTION('ref_axis',(0.,1.,0.));
#2730=DIRECTION('center_axis',(0.,0.,-1.));
#2731=DIRECTION('ref_axis',(0.,1.,0.));
#2732=DIRECTION('center_axis',(0.,0.,1.));
#2733=DIRECTION('ref_axis',(0.,1.,0.));
#2734=DIRECTION('center_axis',(0.,0.,1.));
#2735=DIRECTION('ref_axis',(0.,1.,0.));
#2736=DIRECTION('center_axis',(0.,0.,1.));
#2737=DIRECTION('ref_axis',(0.,1.,0.));
#2738=DIRECTION('center_axis',(0.,0.,-1.));
#2739=DIRECTION('ref_axis',(0.,1.,0.));
#2740=DIRECTION('center_axis',(0.,0.,1.));
#2741=DIRECTION('ref_axis',(0.,1.,0.));
#2742=DIRECTION('center_axis',(0.,0.,-1.));
#2743=DIRECTION('ref_axis',(0.,1.,0.));
#2744=DIRECTION('center_axis',(0.,0.,-1.));
#2745=DIRECTION('ref_axis',(0.,1.,0.));
#2746=DIRECTION('center_axis',(0.,0.,-1.));
#2747=DIRECTION('ref_axis',(0.,1.,0.));
#2748=DIRECTION('center_axis',(0.,0.,-1.));
#2749=DIRECTION('ref_axis',(0.,1.,0.));
#2750=DIRECTION('center_axis',(0.,0.,-1.));
#2751=DIRECTION('ref_axis',(0.,1.,0.));
#2752=DIRECTION('center_axis',(0.,0.,1.));
#2753=DIRECTION('ref_axis',(0.,1.,0.));
#2754=DIRECTION('center_axis',(0.,0.,1.));
#2755=DIRECTION('ref_axis',(0.,1.,0.));
#2756=DIRECTION('center_axis',(0.,0.,1.));
#2757=DIRECTION('ref_axis',(0.,1.,0.));
#2758=DIRECTION('center_axis',(0.,0.,-1.));
#2759=DIRECTION('ref_axis',(0.,1.,0.));
#2760=DIRECTION('center_axis',(0.,0.,1.));
#2761=DIRECTION('ref_axis',(0.,1.,0.));
#2762=DIRECTION('center_axis',(0.,0.,-1.));
#2763=DIRECTION('ref_axis',(0.,1.,0.));
#2764=DIRECTION('center_axis',(0.,0.,-1.));
#2765=DIRECTION('ref_axis',(0.,1.,0.));
#2766=DIRECTION('center_axis',(0.,0.,-1.));
#2767=DIRECTION('ref_axis',(0.,1.,0.));
#2768=DIRECTION('center_axis',(0.,0.,-1.));
#2769=DIRECTION('ref_axis',(0.,1.,0.));
#2770=DIRECTION('center_axis',(0.,0.,-1.));
#2771=DIRECTION('ref_axis',(0.,1.,0.));
#2772=DIRECTION('center_axis',(0.,0.,1.));
#2773=DIRECTION('ref_axis',(0.,1.,0.));
#2774=DIRECTION('center_axis',(0.,0.,1.));
#2775=DIRECTION('ref_axis',(0.,1.,0.));
#2776=DIRECTION('center_axis',(0.,0.,1.));
#2777=DIRECTION('ref_axis',(0.,1.,0.));
#2778=DIRECTION('center_axis',(0.,0.,-1.));
#2779=DIRECTION('ref_axis',(0.,1.,0.));
#2780=DIRECTION('center_axis',(0.,0.,1.));
#2781=DIRECTION('ref_axis',(0.,1.,0.));
#2782=DIRECTION('center_axis',(0.,0.,-1.));
#2783=DIRECTION('ref_axis',(0.,1.,0.));
#2784=DIRECTION('center_axis',(0.,0.,-1.));
#2785=DIRECTION('ref_axis',(0.,1.,0.));
#2786=DIRECTION('center_axis',(0.,0.,-1.));
#2787=DIRECTION('ref_axis',(0.,1.,0.));
#2788=DIRECTION('center_axis',(0.,0.,-1.));
#2789=DIRECTION('ref_axis',(0.,1.,0.));
#2790=DIRECTION('center_axis',(0.,0.,-1.));
#2791=DIRECTION('ref_axis',(0.,1.,0.));
#2792=DIRECTION('center_axis',(0.,0.,1.));
#2793=DIRECTION('ref_axis',(0.,1.,0.));
#2794=DIRECTION('center_axis',(0.,0.,1.));
#2795=DIRECTION('ref_axis',(0.,1.,0.));
#2796=DIRECTION('center_axis',(0.,0.,1.));
#2797=DIRECTION('ref_axis',(0.000286916556979192,-0.999999958839444,0.));
#2798=DIRECTION('center_axis',(0.,0.,-1.));
#2799=DIRECTION('ref_axis',(0.,1.,0.));
#2800=DIRECTION('center_axis',(0.,0.,1.));
#2801=DIRECTION('ref_axis',(0.,1.,0.));
#2802=DIRECTION('center_axis',(0.,0.,-1.));
#2803=DIRECTION('ref_axis',(0.,1.,0.));
#2804=DIRECTION('center_axis',(0.,0.,-1.));
#2805=DIRECTION('ref_axis',(0.129644692860728,-0.991560514347484,0.));
#2806=DIRECTION('center_axis',(0.,0.,-1.));
#2807=DIRECTION('ref_axis',(-0.14268270920926,-0.989768480248136,0.));
#2808=DIRECTION('center_axis',(0.,0.,-1.));
#2809=DIRECTION('ref_axis',(0.,1.,0.));
#2810=DIRECTION('center_axis',(0.,0.,-1.));
#2811=DIRECTION('ref_axis',(0.,1.,0.));
#2812=DIRECTION('center_axis',(0.,0.,1.));
#2813=DIRECTION('ref_axis',(-0.0157274178010896,-0.999876316515853,0.));
#2814=DIRECTION('center_axis',(0.,0.,1.));
#2815=DIRECTION('ref_axis',(0.,1.,0.));
#2816=DIRECTION('center_axis',(0.,0.,1.));
#2817=DIRECTION('ref_axis',(0.,1.,0.));
#2818=DIRECTION('center_axis',(0.,0.,-1.));
#2819=DIRECTION('ref_axis',(0.,1.,0.));
#2820=DIRECTION('center_axis',(0.,0.,1.));
#2821=DIRECTION('ref_axis',(0.,1.,0.));
#2822=DIRECTION('center_axis',(0.,0.,-1.));
#2823=DIRECTION('ref_axis',(0.,1.,0.));
#2824=DIRECTION('center_axis',(0.,0.,-1.));
#2825=DIRECTION('ref_axis',(0.,1.,0.));
#2826=DIRECTION('center_axis',(0.,0.,-1.));
#2827=DIRECTION('ref_axis',(0.,1.,0.));
#2828=DIRECTION('center_axis',(0.,0.,-1.));
#2829=DIRECTION('ref_axis',(0.,1.,0.));
#2830=DIRECTION('center_axis',(0.,0.,-1.));
#2831=DIRECTION('ref_axis',(0.,1.,0.));
#2832=DIRECTION('center_axis',(0.,0.,1.));
#2833=DIRECTION('ref_axis',(0.,1.,0.));
#2834=DIRECTION('center_axis',(0.,0.,1.));
#2835=DIRECTION('ref_axis',(0.,1.,0.));
#2836=DIRECTION('center_axis',(0.,0.,1.));
#2837=DIRECTION('ref_axis',(0.,1.,0.));
#2838=DIRECTION('center_axis',(0.,0.,-1.));
#2839=DIRECTION('ref_axis',(0.,1.,0.));
#2840=DIRECTION('center_axis',(0.,0.,1.));
#2841=DIRECTION('ref_axis',(0.,1.,0.));
#2842=DIRECTION('center_axis',(0.,0.,-1.));
#2843=DIRECTION('ref_axis',(0.,1.,0.));
#2844=DIRECTION('center_axis',(0.,0.,-1.));
#2845=DIRECTION('ref_axis',(0.,1.,0.));
#2846=DIRECTION('center_axis',(0.,0.,-1.));
#2847=DIRECTION('ref_axis',(0.,1.,0.));
#2848=DIRECTION('center_axis',(0.,0.,-1.));
#2849=DIRECTION('ref_axis',(0.,1.,0.));
#2850=DIRECTION('center_axis',(0.,0.,-1.));
#2851=DIRECTION('ref_axis',(0.,1.,0.));
#2852=DIRECTION('center_axis',(0.,0.,1.));
#2853=DIRECTION('ref_axis',(0.,1.,0.));
#2854=DIRECTION('center_axis',(0.,0.,1.));
#2855=DIRECTION('ref_axis',(0.,1.,0.));
#2856=DIRECTION('center_axis',(0.,0.,1.));
#2857=DIRECTION('ref_axis',(0.,1.,0.));
#2858=DIRECTION('center_axis',(0.,0.,-1.));
#2859=DIRECTION('ref_axis',(0.,1.,0.));
#2860=DIRECTION('center_axis',(0.,0.,1.));
#2861=DIRECTION('ref_axis',(0.,1.,0.));
#2862=DIRECTION('center_axis',(0.,0.,-1.));
#2863=DIRECTION('ref_axis',(0.,1.,0.));
#2864=DIRECTION('center_axis',(0.,0.,-1.));
#2865=DIRECTION('ref_axis',(0.,1.,0.));
#2866=DIRECTION('center_axis',(0.,0.,-1.));
#2867=DIRECTION('ref_axis',(0.,1.,0.));
#2868=DIRECTION('center_axis',(0.,0.,-1.));
#2869=DIRECTION('ref_axis',(0.,1.,0.));
#2870=DIRECTION('center_axis',(0.,0.,-1.));
#2871=DIRECTION('ref_axis',(0.,1.,0.));
#2872=DIRECTION('center_axis',(0.,0.,1.));
#2873=DIRECTION('ref_axis',(0.,1.,0.));
#2874=DIRECTION('center_axis',(0.,0.,1.));
#2875=DIRECTION('ref_axis',(0.,1.,0.));
#2876=DIRECTION('center_axis',(0.,0.,1.));
#2877=DIRECTION('ref_axis',(0.,1.,0.));
#2878=DIRECTION('center_axis',(0.,0.,-1.));
#2879=DIRECTION('ref_axis',(0.,1.,0.));
#2880=DIRECTION('center_axis',(0.,0.,1.));
#2881=DIRECTION('ref_axis',(0.,1.,0.));
#2882=DIRECTION('center_axis',(0.,0.,-1.));
#2883=DIRECTION('ref_axis',(0.,1.,0.));
#2884=DIRECTION('center_axis',(0.,0.,-1.));
#2885=DIRECTION('ref_axis',(0.,1.,0.));
#2886=DIRECTION('center_axis',(0.,0.,-1.));
#2887=DIRECTION('ref_axis',(0.,1.,0.));
#2888=DIRECTION('center_axis',(0.,0.,-1.));
#2889=DIRECTION('ref_axis',(0.,1.,0.));
#2890=DIRECTION('center_axis',(0.,0.,-1.));
#2891=DIRECTION('ref_axis',(0.,1.,0.));
#2892=DIRECTION('center_axis',(0.,0.,1.));
#2893=DIRECTION('ref_axis',(0.,1.,0.));
#2894=DIRECTION('center_axis',(0.,0.,1.));
#2895=DIRECTION('ref_axis',(0.,1.,0.));
#2896=DIRECTION('center_axis',(0.,0.,1.));
#2897=DIRECTION('ref_axis',(0.,1.,0.));
#2898=DIRECTION('center_axis',(0.,0.,-1.));
#2899=DIRECTION('ref_axis',(0.,1.,0.));
#2900=DIRECTION('center_axis',(0.,0.,1.));
#2901=DIRECTION('ref_axis',(0.,1.,0.));
#2902=DIRECTION('center_axis',(0.,0.,-1.));
#2903=DIRECTION('ref_axis',(0.,1.,0.));
#2904=DIRECTION('center_axis',(0.,0.,-1.));
#2905=DIRECTION('ref_axis',(0.,1.,0.));
#2906=DIRECTION('center_axis',(0.,0.,1.));
#2907=DIRECTION('ref_axis',(0.,1.,0.));
#2908=DIRECTION('center_axis',(0.,0.,-1.));
#2909=DIRECTION('ref_axis',(0.,1.,0.));
#2910=DIRECTION('center_axis',(0.,0.,-1.));
#2911=DIRECTION('ref_axis',(0.,1.,0.));
#2912=DIRECTION('center_axis',(0.,0.,-1.));
#2913=DIRECTION('ref_axis',(0.,1.,0.));
#2914=DIRECTION('center_axis',(0.,0.,1.));
#2915=DIRECTION('ref_axis',(0.,1.,0.));
#2916=CARTESIAN_POINT('',(0.,0.,0.));
#2917=CARTESIAN_POINT('Origin',(3.31121411177586,21.734125652242,-57.0455844143628));
#2918=CARTESIAN_POINT('',(3.31121411177586,21.734125652242,-57.0455844143628));
#2919=CARTESIAN_POINT('',(-3.31121411177586,21.734125652242,-57.0455844143628));
#2920=CARTESIAN_POINT('',(1.65560705588793,21.734125652242,-57.0455844143628));
#2921=CARTESIAN_POINT('',(3.31121411177586,21.734125652242,-37.0455844143628));
#2922=CARTESIAN_POINT('',(3.31121411177586,21.734125652242,-57.0455844143628));
#2923=CARTESIAN_POINT('',(-3.31121411177586,21.734125652242,-37.0455844143628));
#2924=CARTESIAN_POINT('',(-3.31121411177586,21.734125652242,-37.0455844143628));
#2925=CARTESIAN_POINT('',(-3.31121411177586,21.734125652242,-57.0455844143628));
#2926=CARTESIAN_POINT('Origin',(3.31121411177586,17.1838837608375,-57.0455844143628));
#2927=CARTESIAN_POINT('',(3.31121411177586,17.1838837608375,-57.0455844143628));
#2928=CARTESIAN_POINT('',(3.31121411177586,8.59194188041877,-57.0455844143628));
#2929=CARTESIAN_POINT('',(3.31121411177586,17.1838837608375,-37.0455844143628));
#2930=CARTESIAN_POINT('',(3.31121411177586,17.1838837608375,-57.0455844143628));
#2931=CARTESIAN_POINT('',(3.31121411177586,21.734125652242,-37.0455844143628));
#2932=CARTESIAN_POINT('Origin',(0.,0.,-57.0455844143628));
#2933=CARTESIAN_POINT('',(-3.31121411177586,17.1838837608375,-57.0455844143628));
#2934=CARTESIAN_POINT('Origin',(0.,0.,-57.0455844143628));
#2935=CARTESIAN_POINT('',(-3.31121411177586,17.1838837608375,-37.0455844143628));
#2936=CARTESIAN_POINT('',(-3.31121411177586,17.1838837608375,-57.0455844143628));
#2937=CARTESIAN_POINT('Origin',(0.,0.,-37.0455844143628));
#2938=CARTESIAN_POINT('Origin',(-3.31121411177586,21.734125652242,-57.0455844143628));
#2939=CARTESIAN_POINT('',(-3.31121411177586,10.867062826121,-57.0455844143628));
#2940=CARTESIAN_POINT('',(-3.31121411177586,17.1838837608375,-37.0455844143628));
#2941=CARTESIAN_POINT('Origin',(0.,2.11706282612102,-37.0455844143628));
#2942=CARTESIAN_POINT('Origin',(0.,0.,-37.0455844143628));
#2943=CARTESIAN_POINT('',(31.9544142747385,0.00916825090137643,-57.0455844143628));
#2944=CARTESIAN_POINT('Origin',(0.,0.,-57.0455844143628));
#2945=CARTESIAN_POINT('',(31.9544142747385,0.00916825090137643,-37.0455844143628));
#2946=CARTESIAN_POINT('',(31.9544142747385,0.00916825090137643,-37.0455844143628));
#2947=CARTESIAN_POINT('',(31.9446731589103,-0.789007267919276,-37.0455844143628));
#2948=CARTESIAN_POINT('Origin',(0.,0.,-37.0455844143628));
#2949=CARTESIAN_POINT('',(31.7566175140961,-3.5499182753751,-37.0455844143628));
#2950=CARTESIAN_POINT('Origin',(0.,0.,-37.0455844143628));
#2951=CARTESIAN_POINT('',(30.5472064100859,-9.37831841206299,-37.0455844143628));
#2952=CARTESIAN_POINT('Origin',(0.,0.,-37.0455844143628));
#2953=CARTESIAN_POINT('',(29.6212395034475,-11.9861105442023,-37.0455844143628));
#2954=CARTESIAN_POINT('Origin',(0.,0.,-37.0455844143628));
#2955=CARTESIAN_POINT('',(26.8841931059962,-17.2720825825359,-37.0455844143628));
#2956=CARTESIAN_POINT('Origin',(0.,0.,-37.0455844143628));
#2957=CARTESIAN_POINT('',(25.2889896669822,-19.5333478267732,-37.0455844143628));
#2958=CARTESIAN_POINT('Origin',(0.,0.,-37.0455844143628));
#2959=CARTESIAN_POINT('',(21.2273021862346,-23.8848554023824,-37.0455844143628));
#2960=CARTESIAN_POINT('Origin',(0.,0.,-37.0455844143628));
#2961=CARTESIAN_POINT('',(19.0811711563465,-25.6318860601526,-37.0455844143628));
#2962=CARTESIAN_POINT('Origin',(0.,0.,-37.0455844143628));
#2963=CARTESIAN_POINT('',(13.9960793717658,-28.726197762977,-37.0455844143628));
#2964=CARTESIAN_POINT('Origin',(0.,0.,-37.0455844143628));
#2965=CARTESIAN_POINT('',(11.4581894715944,-29.8294245625268,-37.0455844143628));
#2966=CARTESIAN_POINT('Origin',(0.,0.,-37.0455844143628));
#2967=CARTESIAN_POINT('',(5.72683137809593,-31.4370494491021,-37.0455844143628));
#2968=CARTESIAN_POINT('Origin',(0.,0.,-37.0455844143628));
#2969=CARTESIAN_POINT('',(2.98540629146298,-31.8146511056357,-37.0455844143628));
#2970=CARTESIAN_POINT('Origin',(0.,0.,-37.0455844143628));
#2971=CARTESIAN_POINT('',(-2.96714950037705,-31.816358992519,-37.0455844143628));
#2972=CARTESIAN_POINT('Origin',(0.,0.,-37.0455844143628));
#2973=CARTESIAN_POINT('',(-5.70879081598116,-31.440330518584,-37.0455844143628));
#2974=CARTESIAN_POINT('Origin',(0.,0.,-37.0455844143628));
#2975=CARTESIAN_POINT('',(-11.4410704742129,-29.8359947396183,-37.0455844143628));
#2976=CARTESIAN_POINT('Origin',(0.,0.,-37.0455844143628));
#2977=CARTESIAN_POINT('',(-13.9795930245843,-28.7342244469105,-37.0455844143628));
#2978=CARTESIAN_POINT('Origin',(0.,0.,-37.0455844143628));
#2979=CARTESIAN_POINT('',(-19.066459590391,-25.6428312474738,-37.0455844143628));
#2980=CARTESIAN_POINT('Origin',(0.,0.,-37.0455844143628));
#2981=CARTESIAN_POINT('',(-21.2135927709366,-23.8970323983398,-37.0455844143628));
#2982=CARTESIAN_POINT('Origin',(0.,0.,-37.0455844143628));
#2983=CARTESIAN_POINT('',(-25.2777766219986,-19.5478562698515,-37.0455844143628));
#2984=CARTESIAN_POINT('Origin',(0.,0.,-37.0455844143628));
#2985=CARTESIAN_POINT('',(-26.874277387198,-17.2875067784332,-37.0455844143628));
#2986=CARTESIAN_POINT('Origin',(0.,0.,-37.0455844143628));
#2987=CARTESIAN_POINT('',(-29.6143565996861,-12.0031062181864,-37.0455844143628));
#2988=CARTESIAN_POINT('Origin',(0.,0.,-37.0455844143628));
#2989=CARTESIAN_POINT('',(-30.5418197912895,-9.3958458658513,-37.0455844143628));
#2990=CARTESIAN_POINT('Origin',(0.,0.,-37.0455844143628));
#2991=CARTESIAN_POINT('',(-31.7545752250416,-3.5681406888755,-37.0455844143628));
#2992=CARTESIAN_POINT('Origin',(0.,0.,-37.0455844143628));
#2993=CARTESIAN_POINT('',(-31.9442151409895,-0.807338048534009,-37.0455844143628));
#2994=CARTESIAN_POINT('Origin',(0.,0.,-37.0455844143628));
#2995=CARTESIAN_POINT('',(-31.5397022734713,5.13145751217178,-37.0455844143628));
#2996=CARTESIAN_POINT('Origin',(0.,0.,-37.0455844143628));
#2997=CARTESIAN_POINT('',(-30.9774541887428,7.84104633851729,-37.0455844143628));
#2998=CARTESIAN_POINT('Origin',(0.,0.,-37.0455844143628));
#2999=CARTESIAN_POINT('',(-28.9856738888148,13.4504789843973,-37.0455844143628));
#3000=CARTESIAN_POINT('Origin',(0.,0.,-37.0455844143628));
#3001=CARTESIAN_POINT('',(-27.7132371717404,15.9078961890409,-37.0455844143628));
#3002=CARTESIAN_POINT('Origin',(0.,0.,-37.0455844143628));
#3003=CARTESIAN_POINT('',(-24.2819106724597,20.7719399621972,-37.0455844143628));
#3004=CARTESIAN_POINT('Origin',(0.,0.,-37.0455844143628));
#3005=CARTESIAN_POINT('',(-22.3936561333341,22.794930153006,-37.0455844143628));
#3006=CARTESIAN_POINT('Origin',(0.,0.,-37.0455844143628));
#3007=CARTESIAN_POINT('',(-17.7772692238781,26.5528411783032,-37.0455844143628));
#3008=CARTESIAN_POINT('Origin',(0.,0.,-37.0455844143628));
#3009=CARTESIAN_POINT('',(-15.4132400636785,27.9913684273894,-37.0455844143628));
#3010=CARTESIAN_POINT('Origin',(0.,0.,-37.0455844143628));
#3011=CARTESIAN_POINT('',(-9.95416904255675,30.3644396353801,-37.0455844143628));
#3012=CARTESIAN_POINT('Origin',(0.,0.,-37.0455844143628));
#3013=CARTESIAN_POINT('',(-7.28969448938145,31.1118149575032,-37.0455844143628));
#3014=CARTESIAN_POINT('Origin',(0.,0.,-37.0455844143628));
#3015=CARTESIAN_POINT('',(-1.39281368064227,31.9240465127692,-37.0455844143628));
#3016=CARTESIAN_POINT('Origin',(0.,0.,-37.0455844143628));
#3017=CARTESIAN_POINT('',(1.3744943770598,31.9248404993019,-37.0455844143628));
#3018=CARTESIAN_POINT('Origin',(0.,0.,-37.0455844143628));
#3019=CARTESIAN_POINT('',(7.27184030026683,31.1159929031013,-37.0455844143628));
#3020=CARTESIAN_POINT('Origin',(0.,0.,-37.0455844143628));
#3021=CARTESIAN_POINT('',(9.93674328344787,30.3701466676947,-37.0455844143628));
#3022=CARTESIAN_POINT('Origin',(0.,0.,-37.0455844143628));
#3023=CARTESIAN_POINT('',(15.397175152561,28.0002084460062,-37.0455844143628));
#3024=CARTESIAN_POINT('Origin',(0.,0.,-37.0455844143628));
#3025=CARTESIAN_POINT('',(17.7620293980784,26.5630379919209,-37.0455844143628));
#3026=CARTESIAN_POINT('Origin',(0.,0.,-37.0455844143628));
#3027=CARTESIAN_POINT('',(22.380571961179,22.8077766209011,-37.0455844143628));
#3028=CARTESIAN_POINT('Origin',(0.,0.,-37.0455844143628));
#3029=CARTESIAN_POINT('',(24.2699870481311,20.7858703060993,-37.0455844143628));
#3030=CARTESIAN_POINT('Origin',(0.,0.,-37.0455844143628));
#3031=CARTESIAN_POINT('',(27.7041041317405,15.9237963424591,-37.0455844143628));
#3032=CARTESIAN_POINT('Origin',(0.,0.,-37.0455844143628));
#3033=CARTESIAN_POINT('',(28.9779507866269,13.4671097087038,-37.0455844143628));
#3034=CARTESIAN_POINT('Origin',(0.,0.,-37.0455844143628));
#3035=CARTESIAN_POINT('',(30.972949636694,7.85882093581793,-37.0455844143628));
#3036=CARTESIAN_POINT('Origin',(0.,0.,-37.0455844143628));
#3037=CARTESIAN_POINT('',(31.5367524805825,5.14955519214112,-37.0455844143628));
#3038=CARTESIAN_POINT('Origin',(0.,0.,-37.0455844143628));
#3039=CARTESIAN_POINT('Origin',(0.,0.,-37.0455844143628));
#3040=CARTESIAN_POINT('Origin',(0.,0.,-57.0455844143628));
#3041=CARTESIAN_POINT('Origin',(0.,0.,-29.6425976457075));
#3042=CARTESIAN_POINT('',(-4.07753424650852,18.7448612390071,-22.2396108770523));
#3043=CARTESIAN_POINT('Ctrl Pts',(-4.07753415873292,18.7448612555717,-22.2396108907728));
#3044=CARTESIAN_POINT('Ctrl Pts',(-4.00160960779634,19.3026686802981,-22.852804756574));
#3045=CARTESIAN_POINT('Ctrl Pts',(-3.9074176438368,19.859468580732,-23.4637381941058));
#3046=CARTESIAN_POINT('Ctrl Pts',(-3.79527958567831,20.4144542934073,-24.0725518218051));
#3047=CARTESIAN_POINT('Ctrl Pts',(-3.68070630241263,20.9814922492178,-24.6945866364603));
#3048=CARTESIAN_POINT('Ctrl Pts',(-3.54739912065671,21.5466366665075,-25.3144085893796));
#3049=CARTESIAN_POINT('Ctrl Pts',(-3.39565541830652,22.1090576328663,-25.9321714397087));
#3050=CARTESIAN_POINT('Ctrl Pts',(-3.30434068181384,22.4475054336356,-26.303922300002));
#3051=CARTESIAN_POINT('Ctrl Pts',(-3.20634871348388,22.7849675645028,-26.674927576086));
#3052=CARTESIAN_POINT('Ctrl Pts',(-3.1017364470871,23.1212675920605,-27.0452213689051));
#3053=CARTESIAN_POINT('Ctrl Pts',(-2.92521662287571,23.6887308905002,-27.6700447999077));
#3054=CARTESIAN_POINT('Ctrl Pts',(-2.72985006124452,24.2528844978169,-28.2928422826568));
#3055=CARTESIAN_POINT('Ctrl Pts',(-2.51596958176895,24.812904942835,-28.9137610823252));
#3056=CARTESIAN_POINT('Ctrl Pts',(-2.41415835285917,25.0794854641696,-29.2093303937576));
#3057=CARTESIAN_POINT('Ctrl Pts',(-2.30815125171413,25.3451297150952,-29.5044740575315));
#3058=CARTESIAN_POINT('Ctrl Pts',(-2.1979802807552,25.6097501889952,-29.799208214342));
#3059=CARTESIAN_POINT('Ctrl Pts',(-2.01205809370242,26.0563180717887,-30.2965953078424));
#3060=CARTESIAN_POINT('Ctrl Pts',(-1.81465510330189,26.4990623470432,-30.7918332998257));
#3061=CARTESIAN_POINT('Ctrl Pts',(-1.605987683379,26.9377342556172,-31.2851258325941));
#3062=CARTESIAN_POINT('Ctrl Pts',(-1.49538440742917,27.1702504297922,-31.5465934356628));
#3063=CARTESIAN_POINT('Ctrl Pts',(-1.38161554453025,27.4016227127156,-31.8075144219347));
#3064=CARTESIAN_POINT('Ctrl Pts',(-1.26470755564678,27.6318153532921,-32.0679188026556));
#3065=CARTESIAN_POINT('Ctrl Pts',(-1.04483060312364,28.0647545971078,-32.5576793588283));
#3066=CARTESIAN_POINT('Ctrl Pts',(-0.813852904122627,28.4935208450935,-33.0456128220678));
#3067=CARTESIAN_POINT('Ctrl Pts',(-0.57206508474513,28.9178962101935,-33.5319576115378));
#3068=CARTESIAN_POINT('Ctrl Pts',(-0.327765705589785,29.3466797547478,-34.0233542849883));
#3069=CARTESIAN_POINT('Ctrl Pts',(-0.072430365247882,29.7709810316299,-34.5131291102307));
#3070=CARTESIAN_POINT('Ctrl Pts',(0.193694488400881,30.1905782214902,-35.0015235807629));
#3071=CARTESIAN_POINT('Ctrl Pts',(0.46322374582823,30.6155431109061,-35.4961658404742));
#3072=CARTESIAN_POINT('Ctrl Pts',(0.743820402695136,31.0356831207101,-35.9893922071448));
#3073=CARTESIAN_POINT('Ctrl Pts',(1.03528162062794,31.4507659279593,-36.4814489935701));
#3074=CARTESIAN_POINT('Ctrl Pts',(1.14676556463605,31.60953514182,-36.6696607618998));
#3075=CARTESIAN_POINT('Ctrl Pts',(1.2598396053235,31.7675644091848,-36.8577013658441));
#3076=CARTESIAN_POINT('Ctrl Pts',(1.3744943770598,31.9248404993019,-37.0455844143628));
#3077=CARTESIAN_POINT('',(-5.68215985599782,18.3223679630108,-22.2396108770523));
#3078=CARTESIAN_POINT('Ctrl Pts',(-1.39281437461043,31.9240463456209,-37.0455845812592));
#3079=CARTESIAN_POINT('Ctrl Pts',(-1.6560406084901,31.4814107552793,-36.5462148050899));
#3080=CARTESIAN_POINT('Ctrl Pts',(-1.90803760582768,31.0346661032237,-36.0458958876532));
#3081=CARTESIAN_POINT('Ctrl Pts',(-2.1486526170715,30.5840439469939,-35.5443424374133));
#3082=CARTESIAN_POINT('Ctrl Pts',(-2.38799671523788,30.1358019481298,-35.0454381603719));
#3083=CARTESIAN_POINT('Ctrl Pts',(-2.61607885183634,29.6837229939403,-34.545312318564));
#3084=CARTESIAN_POINT('Ctrl Pts',(-2.83269942134836,29.2280248627668,-34.0436946552289));
#3085=CARTESIAN_POINT('Ctrl Pts',(-3.04751582045543,28.7761221102303,-33.5462548211038));
#3086=CARTESIAN_POINT('Ctrl Pts',(-3.2510608367459,28.3206599220379,-33.0473478776093));
#3087=CARTESIAN_POINT('Ctrl Pts',(-3.44309006220487,27.8618451435775,-32.5467212881758));
#3088=CARTESIAN_POINT('Ctrl Pts',(-3.5076308507539,27.7076380559375,-32.3784613018461));
#3089=CARTESIAN_POINT('Ctrl Pts',(-3.57087036598944,27.5530522245782,-32.2100071551798));
#3090=CARTESIAN_POINT('Ctrl Pts',(-3.63279803468066,27.3980954494978,-32.0413495540229));
#3091=CARTESIAN_POINT('Ctrl Pts',(-3.81958375348069,26.9307161144115,-31.5326459013752));
#3092=CARTESIAN_POINT('Ctrl Pts',(-3.994438609162,26.4599615961501,-31.0220901875224));
#3093=CARTESIAN_POINT('Ctrl Pts',(-4.15718032575927,25.9861452343561,-30.5094803092509));
#3094=CARTESIAN_POINT('Ctrl Pts',(-4.26219981085757,25.6803849696423,-30.178686050729));
#3095=CARTESIAN_POINT('Ctrl Pts',(-4.36217404332032,25.3733497655119,-29.8470366787821));
#3096=CARTESIAN_POINT('Ctrl Pts',(-4.45704321345063,25.0651258850423,-29.5144813595369));
#3097=CARTESIAN_POINT('Ctrl Pts',(-4.60982082855443,24.5687611617976,-28.9789332094417));
#3098=CARTESIAN_POINT('Ctrl Pts',(-4.74900989040906,24.0703566336934,-28.4422551330762));
#3099=CARTESIAN_POINT('Ctrl Pts',(-4.87450815174985,23.5704263599127,-27.9042489024766));
#3100=CARTESIAN_POINT('Ctrl Pts',(-4.94329280145394,23.2964183506296,-27.6093717486815));
#3101=CARTESIAN_POINT('Ctrl Pts',(-5.00796398456208,23.0219517482867,-27.3140961711033));
#3102=CARTESIAN_POINT('Ctrl Pts',(-5.06849991804489,22.7471096976444,-27.0183937055253));
#3103=CARTESIAN_POINT('Ctrl Pts',(-5.17987814309817,22.2414361578247,-26.4743397219633));
#3104=CARTESIAN_POINT('Ctrl Pts',(-5.27726019969388,21.7344920905945,-25.9288385833916));
#3105=CARTESIAN_POINT('Ctrl Pts',(-5.36055519276501,21.2267621859172,-25.3817377934158));
#3106=CARTESIAN_POINT('Ctrl Pts',(-5.44387922155655,20.7188552921675,-24.8344462901091));
#3107=CARTESIAN_POINT('Ctrl Pts',(-5.51310632471534,20.2101617312133,-24.2855539426901));
#3108=CARTESIAN_POINT('Ctrl Pts',(-5.56810812908164,19.7011614582296,-23.7349440883513));
#3109=CARTESIAN_POINT('Ctrl Pts',(-5.61775724224962,19.2416963107302,-23.2379187401025));
#3110=CARTESIAN_POINT('Ctrl Pts',(-5.65581460012271,18.7819810450129,-22.7394943297887));
#3111=CARTESIAN_POINT('Ctrl Pts',(-5.68216009876623,18.3223677796691,-22.2396109437052));
#3112=CARTESIAN_POINT('Origin',(0.,0.,-22.2396108770523));
#3113=CARTESIAN_POINT('Origin',(0.,0.,-29.6425976457075));
#3114=CARTESIAN_POINT('',(10.9162849223333,15.7743726308059,-22.2396108770523));
#3115=CARTESIAN_POINT('Ctrl Pts',(10.9162849945186,15.7743725776477,-22.2396108906976));
#3116=CARTESIAN_POINT('Ctrl Pts',(11.3757698854526,16.0996149966698,-22.852800243798));
#3117=CARTESIAN_POINT('Ctrl Pts',(11.8469868172003,16.4108193560627,-23.4637291857656));
#3118=CARTESIAN_POINT('Ctrl Pts',(12.3291269153653,16.7076699516166,-24.0725383409977));
#3119=CARTESIAN_POINT('Ctrl Pts',(12.8217374132761,17.0109671057786,-24.694568705684));
#3120=CARTESIAN_POINT('Ctrl Pts',(13.3257508025015,17.2992805808167,-25.3143862318909));
#3121=CARTESIAN_POINT('Ctrl Pts',(13.8403575563921,17.5722613087415,-25.9321446847856));
#3122=CARTESIAN_POINT('Ctrl Pts',(14.1500417504559,17.7365378482217,-26.3039043384714));
#3123=CARTESIAN_POINT('Ctrl Pts',(14.4635633308704,17.8952613942262,-26.6749183726531));
#3124=CARTESIAN_POINT('Ctrl Pts',(14.7807544734815,18.0483531356723,-27.0452208926789));
#3125=CARTESIAN_POINT('Ctrl Pts',(15.3159616284608,18.3066699181514,-27.6700446396256));
#3126=CARTESIAN_POINT('Ctrl Pts',(15.8616138267261,18.5489537995509,-28.2928424438664));
#3127=CARTESIAN_POINT('Ctrl Pts',(16.4168820966373,18.77488598329,-28.913761601571));
#3128=CARTESIAN_POINT('Ctrl Pts',(16.681164438868,18.8824193864025,-29.2092907686893));
#3129=CARTESIAN_POINT('Ctrl Pts',(16.9476258328439,18.9862482611805,-29.5043944125257));
#3130=CARTESIAN_POINT('Ctrl Pts',(17.2161805190449,19.0863362863096,-29.7990886704479));
#3131=CARTESIAN_POINT('Ctrl Pts',(17.66944955401,19.2552657628471,-30.2964763116362));
#3132=CARTESIAN_POINT('Ctrl Pts',(18.1277604445975,19.4131948797037,-30.7917148611286));
#3133=CARTESIAN_POINT('Ctrl Pts',(18.5907837064917,19.5601119964462,-31.2850079758315));
#3134=CARTESIAN_POINT('Ctrl Pts',(18.8362436577451,19.6379963519025,-31.5465147161047));
#3135=CARTESIAN_POINT('Ctrl Pts',(19.0830286957115,19.7127855129189,-31.807474684083));
#3136=CARTESIAN_POINT('Ctrl Pts',(19.3310946123976,19.784474416194,-32.0679179064999));
#3137=CARTESIAN_POINT('Ctrl Pts',(19.7975831052974,19.9192855538675,-32.5576819495989));
#3138=CARTESIAN_POINT('Ctrl Pts',(20.2685987419729,20.0431354956078,-33.0456189235388));
#3139=CARTESIAN_POINT('Ctrl Pts',(20.7437839104807,20.1560878674958,-33.5319672201644));
#3140=CARTESIAN_POINT('Ctrl Pts',(21.2239045986275,20.2702134213067,-34.0233669824678));
#3141=CARTESIAN_POINT('Ctrl Pts',(21.7082821731713,20.3732139955256,-34.5131448959648));
#3142=CARTESIAN_POINT('Ctrl Pts',(22.1965863038688,20.465118244148,-35.0015424261954));
#3143=CARTESIAN_POINT('Ctrl Pts',(22.6911360955286,20.5581979953759,-35.4961868120164));
#3144=CARTESIAN_POINT('Ctrl Pts',(23.1897138214405,20.6398959248323,-35.9894152810933));
#3145=CARTESIAN_POINT('Ctrl Pts',(23.6920112430325,20.7102016440894,-36.4814741163479));
#3146=CARTESIAN_POINT('Ctrl Pts',(23.8841306990441,20.7370922789156,-36.6696775028101));
#3147=CARTESIAN_POINT('Ctrl Pts',(24.0767946539846,20.76231589585,-36.8577097337236));
#3148=CARTESIAN_POINT('Ctrl Pts',(24.2699870481109,20.7858703060832,-37.0455844144061));
#3149=CARTESIAN_POINT('',(9.51226938812347,16.6587166219024,-22.2396108770523));
#3150=CARTESIAN_POINT('Ctrl Pts',(22.3805713653322,22.8077770139769,-37.0455845812809));
#3151=CARTESIAN_POINT('Ctrl Pts',(21.8774075168375,22.6980290368134,-36.5462108909435));
#3152=CARTESIAN_POINT('Ctrl Pts',(21.3789051970899,22.577269412465,-36.0458879819252));
#3153=CARTESIAN_POINT('Ctrl Pts',(20.8853379130503,22.4455445924325,-35.544330470091));
#3154=CARTESIAN_POINT('Ctrl Pts',(20.3943774011545,22.3145154761119,-35.0454219307327));
#3155=CARTESIAN_POINT('Ctrl Pts',(19.9082996402725,22.1726365518105,-34.5452917562372));
#3156=CARTESIAN_POINT('Ctrl Pts',(19.4274000497104,22.0199106220693,-34.043669697319));
#3157=CARTESIAN_POINT('Ctrl Pts',(18.9505054932244,21.8684566263554,-33.546225253601));
#3158=CARTESIAN_POINT('Ctrl Pts',(18.4787029613179,21.7063353878736,-33.0473136371756));
#3159=CARTESIAN_POINT('Ctrl Pts',(18.0123104642439,21.5335095035755,-32.5466823190415));
#3160=CARTESIAN_POINT('Ctrl Pts',(17.8555699691756,21.4754279202837,-32.3784351856864));
#3161=CARTESIAN_POINT('Ctrl Pts',(17.6994407679012,21.4161369952872,-32.2099939190333));
#3162=CARTESIAN_POINT('Ctrl Pts',(17.543935775128,21.3556343272445,-32.0413492276215));
#3163=CARTESIAN_POINT('Ctrl Pts',(17.074864814452,21.1731318614642,-31.532643198299));
#3164=CARTESIAN_POINT('Ctrl Pts',(16.6114706323781,20.9796060912493,-31.0220850775775));
#3165=CARTESIAN_POINT('Ctrl Pts',(16.1541066498524,20.7751376660213,-30.5094727653554));
#3166=CARTESIAN_POINT('Ctrl Pts',(15.8590022169311,20.6432087407395,-30.1787205166291));
#3167=CARTESIAN_POINT('Ctrl Pts',(15.5664090220533,20.5067235224926,-29.8471133685686));
#3168=CARTESIAN_POINT('Ctrl Pts',(15.2764308933411,20.3656971716465,-29.5146005081068));
#3169=CARTESIAN_POINT('Ctrl Pts',(14.8093903008041,20.1385592466055,-28.9790532098851));
#3170=CARTESIAN_POINT('Ctrl Pts',(14.3501338024653,19.9000980915487,-28.4423760133788));
#3171=CARTESIAN_POINT('Ctrl Pts',(13.8991068727383,19.6505898446707,-27.9043706885562));
#3172=CARTESIAN_POINT('Ctrl Pts',(13.6518679755581,19.5138172048799,-27.6094529476872));
#3173=CARTESIAN_POINT('Ctrl Pts',(13.4071022524106,19.3737243687609,-27.3141366797224));
#3174=CARTESIAN_POINT('Ctrl Pts',(13.1648853669578,19.230352182603,-27.0183934083959));
#3175=CARTESIAN_POINT('Ctrl Pts',(12.7193007698865,18.9666032797098,-26.4743411382818));
#3176=CARTESIAN_POINT('Ctrl Pts',(12.2823406930608,18.6917583658793,-25.9288417308924));
#3177=CARTESIAN_POINT('Ctrl Pts',(11.8544214073508,18.4060818027784,-25.3817426786871));
#3178=CARTESIAN_POINT('Ctrl Pts',(11.4263529851753,18.1203056769929,-24.8344529540312));
#3179=CARTESIAN_POINT('Ctrl Pts',(11.0073314777383,17.8236901296567,-24.2855623920991));
#3180=CARTESIAN_POINT('Ctrl Pts',(10.5977952762071,17.5164688992753,-23.7349543181374));
#3181=CARTESIAN_POINT('Ctrl Pts',(10.2281108044666,17.2391431882969,-23.2379255958962));
#3182=CARTESIAN_POINT('Ctrl Pts',(9.86615563209393,16.9531749331822,-22.7394977793351));
#3183=CARTESIAN_POINT('Ctrl Pts',(9.51226908844789,16.6587166739346,-22.2396109436396));
#3184=CARTESIAN_POINT('Origin',(0.,0.,-22.2396108770523));
#3185=CARTESIAN_POINT('Origin',(0.,0.,-29.6425976457075));
#3186=CARTESIAN_POINT('',(14.767354268148,12.2442376781934,-22.2396108770523));
#3187=CARTESIAN_POINT('Ctrl Pts',(14.7673543233152,12.2442376075286,-22.2396108906969));
#3188=CARTESIAN_POINT('Ctrl Pts',(15.297549592737,12.4334516047119,-22.8528002092706));
#3189=CARTESIAN_POINT('Ctrl Pts',(15.8352544232623,12.6059828459158,-23.4637291167444));
#3190=CARTESIAN_POINT('Ctrl Pts',(16.3796047597573,12.7617455662397,-24.0725382375606));
#3191=CARTESIAN_POINT('Ctrl Pts',(16.9357764861979,12.9208909093573,-24.6945685682063));
#3192=CARTESIAN_POINT('Ctrl Pts',(17.4988857048908,13.0625317470514,-25.314386060446));
#3193=CARTESIAN_POINT('Ctrl Pts',(18.0680587311858,13.1865503638566,-25.9321444794921));
#3194=CARTESIAN_POINT('Ctrl Pts',(18.4105803368452,13.2611833028704,-26.303904200747));
#3195=CARTESIAN_POINT('Ctrl Pts',(18.7552988492351,13.3294338517099,-26.674918302188));
#3196=CARTESIAN_POINT('Ctrl Pts',(19.1020314044647,13.391271400313,-27.0452208891967));
#3197=CARTESIAN_POINT('Ctrl Pts',(19.6870846632435,13.4956119324594,-27.6700446387871));
#3198=CARTESIAN_POINT('Ctrl Pts',(20.2778700096494,13.5816960681214,-28.2928424456012));
#3199=CARTESIAN_POINT('Ctrl Pts',(20.8735032024338,13.6494404866176,-28.9137616060195));
#3200=CARTESIAN_POINT('Ctrl Pts',(21.1569974000806,13.6816837359853,-29.2092907694691));
#3201=CARTESIAN_POINT('Ctrl Pts',(21.4415903744995,13.709771930054,-29.5043944096827));
#3202=CARTESIAN_POINT('Ctrl Pts',(21.7271897470147,13.7336932320637,-29.7990886640498));
#3203=CARTESIAN_POINT('Ctrl Pts',(22.2092269642674,13.7740678230583,-30.2964763055773));
#3204=CARTESIAN_POINT('Ctrl Pts',(22.6931512099553,13.8024897015085,-30.79171485557));
#3205=CARTESIAN_POINT('Ctrl Pts',(23.1786420774696,13.8190365525344,-31.285007971037));
#3206=CARTESIAN_POINT('Ctrl Pts',(23.4360126547361,13.8278084427705,-31.5465147106783));
#3207=CARTESIAN_POINT('Ctrl Pts',(23.693824107466,13.8332424127995,-31.8074746781031));
#3208=CARTESIAN_POINT('Ctrl Pts',(23.9520325009688,13.835345514268,-32.0679179000595));
#3209=CARTESIAN_POINT('Ctrl Pts',(24.4375939662323,13.8393004013141,-32.5576819652609));
#3210=CARTESIAN_POINT('Ctrl Pts',(24.9245574014985,13.8314791539812,-33.04561896146));
#3211=CARTESIAN_POINT('Ctrl Pts',(25.4125956220327,13.8120395211069,-33.5319672803084));
#3212=CARTESIAN_POINT('Ctrl Pts',(25.9057028573992,13.7923979782526,-34.0233670618048));
#3213=CARTESIAN_POINT('Ctrl Pts',(26.3999076388295,13.7608955052464,-34.5131449944795));
#3214=CARTESIAN_POINT('Ctrl Pts',(26.8948996162633,13.7176488151755,-35.0015425436744));
#3215=CARTESIAN_POINT('Ctrl Pts',(27.3962227886394,13.6738489783104,-35.4961869417766));
#3216=CARTESIAN_POINT('Ctrl Pts',(27.8983537497743,13.6180026640026,-35.9894154229555));
#3217=CARTESIAN_POINT('Ctrl Pts',(28.400992888553,13.5501830304372,-36.4814742699217));
#3218=CARTESIAN_POINT('Ctrl Pts',(28.5932429881516,13.524243284998,-36.6696776051564));
#3219=CARTESIAN_POINT('Ctrl Pts',(28.7855676390781,13.4965514360164,-36.8577097848865));
#3220=CARTESIAN_POINT('Ctrl Pts',(28.9779507866031,13.4671097086937,-37.0455844144061));
#3221=CARTESIAN_POINT('',(13.6539965919425,13.4745866529665,-22.2396108770523));
#3222=CARTESIAN_POINT('Ctrl Pts',(27.7041036640399,15.9237968817161,-37.0455845812809));
#3223=CARTESIAN_POINT('Ctrl Pts',(27.189988465025,15.9538706612309,-36.5462105208181));
#3224=CARTESIAN_POINT('Ctrl Pts',(26.6773910227248,15.9720834356922,-36.0458872361194));
#3225=CARTESIAN_POINT('Ctrl Pts',(26.166587237474,15.9784061504573,-35.544329344252));
#3226=CARTESIAN_POINT('Ctrl Pts',(25.6584811843803,15.9846954727703,-35.0454203537683));
#3227=CARTESIAN_POINT('Ctrl Pts',(25.152149574244,15.9792199472709,-34.5452897234812));
#3228=CARTESIAN_POINT('Ctrl Pts',(24.647877631017,15.9619025769966,-34.0436672052506));
#3229=CARTESIAN_POINT('Ctrl Pts',(24.1478052906987,15.9447294266804,-33.5462222253799));
#3230=CARTESIAN_POINT('Ctrl Pts',(23.6497581660386,15.915910766602,-33.0473100688622));
#3231=CARTESIAN_POINT('Ctrl Pts',(23.1540323870876,15.8753247900277,-32.5466782077948));
#3232=CARTESIAN_POINT('Ctrl Pts',(22.9874353695243,15.8616851873698,-32.3784324185049));
#3233=CARTESIAN_POINT('Ctrl Pts',(22.8211006970396,15.8467161856711,-32.2099924991201));
#3234=CARTESIAN_POINT('Ctrl Pts',(22.655040157378,15.8304119887386,-32.0413491584768));
#3235=CARTESIAN_POINT('Ctrl Pts',(22.1541250522791,15.781231018132,-31.5326431355124));
#3236=CARTESIAN_POINT('Ctrl Pts',(21.6557021672409,15.7199039512955,-31.022085023392));
#3237=CARTESIAN_POINT('Ctrl Pts',(21.1601335751646,15.6464130937314,-30.5094727220721));
#3238=CARTESIAN_POINT('Ctrl Pts',(20.8403784048759,15.5989946696206,-30.1787204582657));
#3239=CARTESIAN_POINT('Ctrl Pts',(20.5218120772058,15.5465113915347,-29.8471132959687));
#3240=CARTESIAN_POINT('Ctrl Pts',(20.2045386599557,15.4889498447757,-29.5146004221212));
#3241=CARTESIAN_POINT('Ctrl Pts',(19.6935361868089,15.3962408715266,-28.9790531885692));
#3242=CARTESIAN_POINT('Ctrl Pts',(19.1869741826557,15.290528452364,-28.4423760594023));
#3243=CARTESIAN_POINT('Ctrl Pts',(18.6853561021085,15.1719582961786,-27.9043708046888));
#3244=CARTESIAN_POINT('Ctrl Pts',(18.4103846203023,15.1069618121828,-27.6094530019918));
#3245=CARTESIAN_POINT('Ctrl Pts',(18.1368988231148,15.0381009996659,-27.3141366727599));
#3246=CARTESIAN_POINT('Ctrl Pts',(17.8649825884086,14.9653947761358,-27.0183933407141));
#3247=CARTESIAN_POINT('Ctrl Pts',(17.3647631419694,14.8316437813627,-26.4743413608686));
#3248=CARTESIAN_POINT('Ctrl Pts',(16.8698547216147,14.6848813974013,-25.9288422477495));
#3249=CARTESIAN_POINT('Ctrl Pts',(16.38072948415,14.525249866854,-25.3817434914963));
#3250=CARTESIAN_POINT('Ctrl Pts',(15.8914337881353,14.365562705239,-24.834454073111));
#3251=CARTESIAN_POINT('Ctrl Pts',(15.4079250743966,14.1929972613346,-24.2855638191937));
#3252=CARTESIAN_POINT('Ctrl Pts',(14.9306885376368,14.0076603219757,-23.7349560525031));
#3253=CARTESIAN_POINT('Ctrl Pts',(14.4998908747779,13.8403581265919,-23.2379267582818));
#3254=CARTESIAN_POINT('Ctrl Pts',(14.0742041675175,13.6626485045505,-22.7394983643443));
#3255=CARTESIAN_POINT('Ctrl Pts',(13.6539963174096,13.4745867838701,-22.2396109436227));
#3256=CARTESIAN_POINT('Origin',(0.,0.,-22.2396108770523));
#3257=CARTESIAN_POINT('Origin',(0.,0.,-29.6425976457075));
#3258=CARTESIAN_POINT('',(17.5231965040448,7.80600363064945,-22.2396108770523));
#3259=CARTESIAN_POINT('Ctrl Pts',(17.5231965381104,7.80600354800561,-22.2396108907686));
#3260=CARTESIAN_POINT('Ctrl Pts',(18.0847836088447,7.84515625894474,-22.8528040919294));
#3261=CARTESIAN_POINT('Ctrl Pts',(18.6491008498758,7.86621866592081,-23.4637368773297));
#3262=CARTESIAN_POINT('Ctrl Pts',(19.2152930976789,7.86934125622802,-24.0725498670575));
#3263=CARTESIAN_POINT('Ctrl Pts',(19.7937809390902,7.87253165760395,-24.6945840146767));
#3264=CARTESIAN_POINT('Ctrl Pts',(20.3742263799972,7.8569947733292,-25.3144053154494));
#3265=CARTESIAN_POINT('Ctrl Pts',(20.9557563649195,7.82285292057893,-25.9321675302121));
#3266=CARTESIAN_POINT('Ctrl Pts',(21.3057049478668,7.80230730246991,-26.3039196621051));
#3267=CARTESIAN_POINT('Ctrl Pts',(21.6560470073617,7.77502352622412,-26.6749262091569));
#3268=CARTESIAN_POINT('Ctrl Pts',(22.0065982146308,7.74102144069518,-27.0452212731282));
#3269=CARTESIAN_POINT('Ctrl Pts',(22.5981065435189,7.68364746401824,-27.6700447224368));
#3270=CARTESIAN_POINT('Ctrl Pts',(23.190208899294,7.60714757532222,-28.2928422378186));
#3271=CARTESIAN_POINT('Ctrl Pts',(23.7820313273065,7.51168009365551,-28.9137610913932));
#3272=CARTESIAN_POINT('Ctrl Pts',(24.0637123103758,7.466241845941,-29.2092906705416));
#3273=CARTESIAN_POINT('Ctrl Pts',(24.3453303024162,7.41650615433176,-29.5043947213545));
#3274=CARTESIAN_POINT('Ctrl Pts',(24.6267931538379,7.36248654291407,-29.7990893787424));
#3275=CARTESIAN_POINT('Ctrl Pts',(25.1018480330246,7.2713118822214,-30.2964769883574));
#3276=CARTESIAN_POINT('Ctrl Pts',(25.5754951492418,7.16811859898918,-30.791715488365));
#3277=CARTESIAN_POINT('Ctrl Pts',(26.0474469242726,7.0530679349764,-31.2850085239729));
#3278=CARTESIAN_POINT('Ctrl Pts',(26.2976402015541,6.99207674010087,-31.5465153298977));
#3279=CARTESIAN_POINT('Ctrl Pts',(26.5473574381098,6.92775244278772,-31.8074753547632));
#3280=CARTESIAN_POINT('Ctrl Pts',(26.7965582291323,6.86011368558627,-32.0679186236365));
#3281=CARTESIAN_POINT('Ctrl Pts',(27.2651784239599,6.73291951638808,-32.5576802126753));
#3282=CARTESIAN_POINT('Ctrl Pts',(27.7319714240035,6.59400772434614,-33.0456147147086));
#3283=CARTESIAN_POINT('Ctrl Pts',(28.1966647620999,6.44361851743308,-33.5319605432469));
#3284=CARTESIAN_POINT('Ctrl Pts',(28.6661849909828,6.29166717864139,-34.0233581726317));
#3285=CARTESIAN_POINT('Ctrl Pts',(29.1335620339747,6.12799871856327,-34.5131339547125));
#3286=CARTESIAN_POINT('Ctrl Pts',(29.5985285622964,5.95280929057176,-35.0015293772193));
#3287=CARTESIAN_POINT('Ctrl Pts',(30.0694429828255,5.77537882420413,-35.4961723963824));
#3288=CARTESIAN_POINT('Ctrl Pts',(30.5378851619994,5.58613074849,-35.9893995186916));
#3289=CARTESIAN_POINT('Ctrl Pts',(31.0035863598936,5.38521638185085,-36.481457050791));
#3290=CARTESIAN_POINT('Ctrl Pts',(31.1817142978217,5.30836783176893,-36.6696661297697));
#3291=CARTESIAN_POINT('Ctrl Pts',(31.3594412911192,5.22981194286104,-36.8577040483164));
#3292=CARTESIAN_POINT('Ctrl Pts',(31.5367524805569,5.14955519213786,-37.0455844144061));
#3293=CARTESIAN_POINT('',(16.7830693314152,9.29110823411224,-22.2396108770523));
#3294=CARTESIAN_POINT('Ctrl Pts',(30.9729493318268,7.85882158126196,-37.0455845812809));
#3295=CARTESIAN_POINT('Ctrl Pts',(30.4860134785517,8.02648650558273,-36.5462112909337));
#3296=CARTESIAN_POINT('Ctrl Pts',(29.997339063905,8.18232084405305,-36.0458887878982));
#3297=CARTESIAN_POINT('Ctrl Pts',(29.5071839073196,8.32622216885964,-35.544331686745));
#3298=CARTESIAN_POINT('Ctrl Pts',(29.0196175788888,8.46936345718361,-35.0454236348309));
#3299=CARTESIAN_POINT('Ctrl Pts',(28.5305857894502,8.60069749107226,-34.5452939528165));
#3300=CARTESIAN_POINT('Ctrl Pts',(28.040342401303,8.72007316305181,-34.043672390183));
#3301=CARTESIAN_POINT('Ctrl Pts',(27.5541819494346,8.83845462832971,-33.5462285256599));
#3302=CARTESIAN_POINT('Ctrl Pts',(27.0668296964528,8.94507608807453,-33.0473174926849));
#3303=CARTESIAN_POINT('Ctrl Pts',(26.5785379164316,9.03974034470418,-32.5466867610745));
#3304=CARTESIAN_POINT('Ctrl Pts',(26.4144361220977,9.07155446693155,-32.3784381754594));
#3305=CARTESIAN_POINT('Ctrl Pts',(26.2502282720125,9.10201766161042,-32.2099954530859));
#3306=CARTESIAN_POINT('Ctrl Pts',(26.085924153107,9.13112116619745,-32.0413493021722));
#3307=CARTESIAN_POINT('Ctrl Pts',(25.5903154676492,9.21890928585433,-31.5326432653506));
#3308=CARTESIAN_POINT('Ctrl Pts',(25.093829592871,9.29432930716289,-31.0220851347078));
#3309=CARTESIAN_POINT('Ctrl Pts',(24.5968104042976,9.35726650781456,-30.5094728100779));
#3310=CARTESIAN_POINT('Ctrl Pts',(24.2761193128454,9.39787540186523,-30.1787205782591));
#3311=CARTESIAN_POINT('Ctrl Pts',(23.9552064930023,9.43328650885814,-29.8471134461996));
#3312=CARTESIAN_POINT('Ctrl Pts',(23.6341685350533,9.46345883499179,-29.514600600825));
#3313=CARTESIAN_POINT('Ctrl Pts',(23.1171026946257,9.51205458133019,-28.9790532314626));
#3314=CARTESIAN_POINT('Ctrl Pts',(22.6008043623484,9.54693103809615,-28.4423759609308));
#3315=CARTESIAN_POINT('Ctrl Pts',(22.0857976393874,9.56809268318203,-27.9043705590881));
#3316=CARTESIAN_POINT('Ctrl Pts',(21.8034871204131,9.57969283273385,-27.6094528863013));
#3317=CARTESIAN_POINT('Ctrl Pts',(21.5215646076517,9.58717112057145,-27.3141366858173));
#3318=CARTESIAN_POINT('Ctrl Pts',(21.2401159729551,9.59052313317205,-27.0183934813848));
#3319=CARTESIAN_POINT('Ctrl Pts',(20.7223598450688,9.59668953389587,-26.4743408994965));
#3320=CARTESIAN_POINT('Ctrl Pts',(20.2062073657186,9.58889410370277,-25.928841176023));
#3321=CARTESIAN_POINT('Ctrl Pts',(19.6921515665739,9.567146437761,-25.3817418059273));
#3322=CARTESIAN_POINT('Ctrl Pts',(19.1779166007401,9.54539119198585,-24.8344517522853));
#3323=CARTESIAN_POINT('Ctrl Pts',(18.6657795089866,9.50967388736441,-24.2855608594935));
#3324=CARTESIAN_POINT('Ctrl Pts',(18.1562363118436,9.4599664608829,-23.7349524554828));
#3325=CARTESIAN_POINT('Ctrl Pts',(17.6962773112946,9.41509611753912,-23.2379243475174));
#3326=CARTESIAN_POINT('Ctrl Pts',(17.2384318455502,9.35882543240247,-22.7394971510375));
#3327=CARTESIAN_POINT('Ctrl Pts',(16.7830691024248,9.29110843432625,-22.2396109436578));
#3328=CARTESIAN_POINT('Origin',(0.,0.,-22.2396108770523));
#3329=CARTESIAN_POINT('Origin',(0.,0.,-29.6425976457075));
#3330=CARTESIAN_POINT('',(18.9794234185265,2.78883400391071,-22.2396108770523));
#3331=CARTESIAN_POINT('Ctrl Pts',(18.9794234290396,2.78883391516634,-22.2396108907752));
#3332=CARTESIAN_POINT('Ctrl Pts',(19.5307489359861,2.67502029076049,-22.8528044624721));
#3333=CARTESIAN_POINT('Ctrl Pts',(20.0798226653982,2.54305059537558,-23.4637376178618));
#3334=CARTESIAN_POINT('Ctrl Pts',(20.6258617643942,2.39330045216126,-24.0725509766915));
#3335=CARTESIAN_POINT('Ctrl Pts',(21.1837587928634,2.24029829523567,-24.6945854874216));
#3336=CARTESIAN_POINT('Ctrl Pts',(21.7384882643347,2.06873513980562,-25.3144071504785));
#3337=CARTESIAN_POINT('Ctrl Pts',(22.2892424972492,1.87896431048317,-25.9321697263577));
#3338=CARTESIAN_POINT('Ctrl Pts',(22.6206702493368,1.7647657885012,-26.3039211349018));
#3339=CARTESIAN_POINT('Ctrl Pts',(22.9506589592077,1.64397284439561,-26.6749269619556));
#3340=CARTESIAN_POINT('Ctrl Pts',(23.2790364895093,1.5166543208418,-27.0452213089512));
#3341=CARTESIAN_POINT('Ctrl Pts',(23.8331307481093,1.30182091598061,-27.6700447293414));
#3342=CARTESIAN_POINT('Ctrl Pts',(24.3826368975337,1.06841057165013,-28.2928422167479));
#3343=CARTESIAN_POINT('Ctrl Pts',(24.9267561030572,0.81681152531667,-28.9137610409178));
#3344=CARTESIAN_POINT('Ctrl Pts',(25.1857325349079,0.697061620121155,-29.2092906600163));
#3345=CARTESIAN_POINT('Ctrl Pts',(25.4434888743868,0.573190624627698,-29.504394750301));
#3346=CARTESIAN_POINT('Ctrl Pts',(25.699940037488,0.445236423007845,-29.79908944644));
#3347=CARTESIAN_POINT('Ctrl Pts',(26.1327799632036,0.229274496945219,-30.2964770536734));
#3348=CARTESIAN_POINT('Ctrl Pts',(26.5610217420633,0.00211943848194382,
-30.7917155495784));
#3349=CARTESIAN_POINT('Ctrl Pts',(26.9844319611808,-0.235995902586907,-31.2850085782094));
#3350=CARTESIAN_POINT('Ctrl Pts',(27.2088921704982,-0.362226722923222,-31.5465153899535));
#3351=CARTESIAN_POINT('Ctrl Pts',(27.4319947306543,-0.49153861210326,-31.8074754197914));
#3352=CARTESIAN_POINT('Ctrl Pts',(27.6537057646599,-0.62390271785691,-32.0679186926254));
#3353=CARTESIAN_POINT('Ctrl Pts',(28.0706314735263,-0.872812290027355,-32.5576800463298));
#3354=CARTESIAN_POINT('Ctrl Pts',(28.4826363686332,-1.13251198604023,-33.0456143112704));
#3355=CARTESIAN_POINT('Ctrl Pts',(28.8895228971601,-1.40269699210778,-33.531959903059));
#3356=CARTESIAN_POINT('Ctrl Pts',(29.300635890919,-1.67568849938457,-34.0233573277059));
#3357=CARTESIAN_POINT('Ctrl Pts',(29.7065239354645,-1.95938439285993,-34.5131329051703));
#3358=CARTESIAN_POINT('Ctrl Pts',(30.106982539997,-2.25352366585739,-35.0015281253336));
#3359=CARTESIAN_POINT('Ctrl Pts',(30.512563906093,-2.55142563828244,-35.4961710131293));
#3360=CARTESIAN_POINT('Ctrl Pts',(30.9125763600836,-2.86003998064796,-35.98939800598));
#3361=CARTESIAN_POINT('Ctrl Pts',(31.306801956002,-3.17914847768554,-36.4814554128288));
#3362=CARTESIAN_POINT('Ctrl Pts',(31.457591377474,-3.30120596495494,-36.669665038175));
#3363=CARTESIAN_POINT('Ctrl Pts',(31.6075340837225,-3.42479931287025,-36.8577035026237));
#3364=CARTESIAN_POINT('Ctrl Pts',(31.7566175140705,-3.54991827537133,-37.0455844144061));
#3365=CARTESIAN_POINT('',(18.6674185960103,4.41855082152585,-22.2396108770523));
#3366=CARTESIAN_POINT('Ctrl Pts',(31.9446730394871,-0.789006564157874,-37.0455845812809));
#3367=CARTESIAN_POINT('Ctrl Pts',(31.5210311069041,-0.496186469516051,-36.5462131335062));
#3368=CARTESIAN_POINT('Ctrl Pts',(31.0925233311856,-0.214289054901672,-36.0458925004986));
#3369=CARTESIAN_POINT('Ctrl Pts',(30.659370302378,0.0565174671697499,-35.5443372909346));
#3370=CARTESIAN_POINT('Ctrl Pts',(30.2285053495472,0.325893488110406,-35.0454314831979));
#3371=CARTESIAN_POINT('Ctrl Pts',(29.7930437933272,0.584295604262943,-34.545304068478));
#3372=CARTESIAN_POINT('Ctrl Pts',(29.3531892792134,0.831509797168448,-34.0436847906424));
#3373=CARTESIAN_POINT('Ctrl Pts',(28.9169983935138,1.07666489800501,-33.546243591195));
#3374=CARTESIAN_POINT('Ctrl Pts',(28.4764871355919,1.31081775098368,-33.0473352428716));
#3375=CARTESIAN_POINT('Ctrl Pts',(28.0318451860852,1.53371038639361,-32.5467072101077));
#3376=CARTESIAN_POINT('Ctrl Pts',(27.8824061870643,1.6086220144164,-32.3784519382401));
#3377=CARTESIAN_POINT('Ctrl Pts',(27.7325005482434,1.6822613207606,-32.2100025136875));
#3378=CARTESIAN_POINT('Ctrl Pts',(27.5821353291093,1.75461722498849,-32.0413496431933));
#3379=CARTESIAN_POINT('Ctrl Pts',(27.1285901212401,1.97286366397603,-31.5326435631137));
#3380=CARTESIAN_POINT('Ctrl Pts',(26.6708633353284,2.17943727373962,-31.0220853780781));
#3381=CARTESIAN_POINT('Ctrl Pts',(26.2092551524473,2.37413481263624,-30.5094729876081));
#3382=CARTESIAN_POINT('Ctrl Pts',(25.911412377497,2.49975922184628,-30.1787208421445));
#3383=CARTESIAN_POINT('Ctrl Pts',(25.6119537368952,2.62043840359274,-29.8471137923401));
#3384=CARTESIAN_POINT('Ctrl Pts',(25.3109611815214,2.73610682536767,-29.5146010250885));
#3385=CARTESIAN_POINT('Ctrl Pts',(24.8261801717311,2.92240330781323,-28.9790533107118));
#3386=CARTESIAN_POINT('Ctrl Pts',(24.3384367547188,3.09528213078438,-28.4423756818826));
#3387=CARTESIAN_POINT('Ctrl Pts',(23.848236816654,3.25460620896492,-27.9043699079253));
#3388=CARTESIAN_POINT('Ctrl Pts',(23.5795250859858,3.34194250883066,-27.6094525662376));
#3389=CARTESIAN_POINT('Ctrl Pts',(23.3100749042729,3.42520511567859,-27.3141366941487));
#3390=CARTESIAN_POINT('Ctrl Pts',(23.0399677698126,3.50436661245,-27.0183938154778));
#3391=CARTESIAN_POINT('Ctrl Pts',(22.5430737607371,3.64999354516232,-26.4743398239682));
#3392=CARTESIAN_POINT('Ctrl Pts',(22.0439570511017,3.78174363608602,-25.9288386712267));
#3393=CARTESIAN_POINT('Ctrl Pts',(21.5430950028589,3.89949313279056,-25.3817378636955));
#3394=CARTESIAN_POINT('Ctrl Pts',(21.0420583407054,4.01728368012006,-24.834446322185));
#3395=CARTESIAN_POINT('Ctrl Pts',(20.5392748389738,4.12106384967839,-24.2855539330513));
#3396=CARTESIAN_POINT('Ctrl Pts',(20.0352145784809,4.21067282159622,-23.7349440365291));
#3397=CARTESIAN_POINT('Ctrl Pts',(19.5802087390454,4.2915611769856,-23.2379187048286));
#3398=CARTESIAN_POINT('Ctrl Pts',(19.1241623210288,4.36090187780637,-22.739494310991));
#3399=CARTESIAN_POINT('Ctrl Pts',(18.6674184296901,4.41855107628763,-22.2396109437412));
#3400=CARTESIAN_POINT('Origin',(0.,0.,-22.2396108770523));
#3401=CARTESIAN_POINT('Origin',(0.,0.,-29.6425976457075));
#3402=CARTESIAN_POINT('',(19.0280333231408,-2.43517068283144,-22.2396108770523));
#3403=CARTESIAN_POINT('Ctrl Pts',(19.0280333092277,-2.43517077126594,-22.2396108907325));
#3404=CARTESIAN_POINT('Ctrl Pts',(19.5282056905243,-2.69350872561427,-22.8528020954936));
#3405=CARTESIAN_POINT('Ctrl Pts',(20.0213113703787,-2.96872187004483,-23.4637328871322));
#3406=CARTESIAN_POINT('Ctrl Pts',(20.5066978884564,-3.26023727815649,-24.072543887798));
#3407=CARTESIAN_POINT('Ctrl Pts',(21.0026252573621,-3.5580833533067,-24.6945760755));
#3408=CARTESIAN_POINT('Ctrl Pts',(21.4904948768083,-3.8729474349044,-25.3143954207454));
#3409=CARTESIAN_POINT('Ctrl Pts',(21.9696243628275,-4.20427136805333,-25.9321556864395));
#3410=CARTESIAN_POINT('Ctrl Pts',(22.2579551060931,-4.40365562365453,-26.303911718504));
#3411=CARTESIAN_POINT('Ctrl Pts',(22.5431209377487,-4.60900166065868,-26.6749221477125));
#3412=CARTESIAN_POINT('Ctrl Pts',(22.8249746745865,-4.82019673682874,-27.0452210776482));
#3413=CARTESIAN_POINT('Ctrl Pts',(23.300560352828,-5.17655658030098,-27.6700446819805));
#3414=CARTESIAN_POINT('Ctrl Pts',(23.7667160578788,-5.5495666104732,-28.2928423476027));
#3415=CARTESIAN_POINT('Ctrl Pts',(24.2227773407202,-5.93863746324245,-28.9137613592435));
#3416=CARTESIAN_POINT('Ctrl Pts',(24.4398418832337,-6.12381759108743,-29.2092907239816));
#3417=CARTESIAN_POINT('Ctrl Pts',(24.6546197289441,-6.31263679965167,-29.5043945629863));
#3418=CARTESIAN_POINT('Ctrl Pts',(24.8670391721251,-6.50503565437429,-29.7990890124568));
#3419=CARTESIAN_POINT('Ctrl Pts',(25.2255623897128,-6.82976796429182,-30.2964766369065));
#3420=CARTESIAN_POINT('Ctrl Pts',(25.5766381185134,-7.16403775539052,-30.7917151610324));
#3421=CARTESIAN_POINT('Ctrl Pts',(25.9201044321947,-7.50755783867304,-31.2850082361751));
#3422=CARTESIAN_POINT('Ctrl Pts',(26.1021843596578,-7.68966627072222,-31.546515009219));
#3423=CARTESIAN_POINT('Ctrl Pts',(26.2821257292248,-7.87437522261509,-31.8074750057576));
#3424=CARTESIAN_POINT('Ctrl Pts',(26.4599037057141,-8.061647772142,-32.0679182517326));
#3425=CARTESIAN_POINT('Ctrl Pts',(26.7942147371864,-8.41381332400126,-32.5576811116845));
#3426=CARTESIAN_POINT('Ctrl Pts',(27.1208762770011,-8.77504129218837,-33.0456168939833));
#3427=CARTESIAN_POINT('Ctrl Pts',(27.4397803118366,-9.14498487778578,-33.531964000863));
#3428=CARTESIAN_POINT('Ctrl Pts',(27.7619967636532,-9.51877102189949,-34.0233627353157));
#3429=CARTESIAN_POINT('Ctrl Pts',(28.0762939805304,-9.90145497301494,-34.5131396217394));
#3430=CARTESIAN_POINT('Ctrl Pts',(28.3825454493597,-10.2927302439306,-35.0015361363168));
#3431=CARTESIAN_POINT('Ctrl Pts',(28.6927142642898,-10.6890104235987,-35.4961798639746));
#3432=CARTESIAN_POINT('Ctrl Pts',(28.9946304726216,-11.0941032940884,-35.989407684474));
#3433=CARTESIAN_POINT('Ctrl Pts',(29.2881430598311,-11.5077399440215,-36.4814658921179));
#3434=CARTESIAN_POINT('Ctrl Pts',(29.4004079651414,-11.6659508057059,-36.6696720219248));
#3435=CARTESIAN_POINT('Ctrl Pts',(29.5114432234478,-11.825412090234,-36.8577069938224));
#3436=CARTESIAN_POINT('Ctrl Pts',(29.6212395034239,-11.9861105441918,-37.0455844144061));
#3437=CARTESIAN_POINT('',(19.167290821097,-0.781710291968122,-22.2396108770523));
#3438=CARTESIAN_POINT('Ctrl Pts',(30.5472064849638,-9.37831770217897,-37.0455845812809));
#3439=CARTESIAN_POINT('Ctrl Pts',(30.2182758115267,-8.98205840455637,-36.5462124518915));
#3440=CARTESIAN_POINT('Ctrl Pts',(29.8817127799385,-8.59500399434357,-36.0458911271419));
#3441=CARTESIAN_POINT('Ctrl Pts',(29.5376844315313,-8.21737595557481,-35.5443352178755));
#3442=CARTESIAN_POINT('Ctrl Pts',(29.195473277404,-7.84174258821951,-35.0454285801986));
#3443=CARTESIAN_POINT('Ctrl Pts',(28.8458752114102,-7.47543607296305,-34.5453003270034));
#3444=CARTESIAN_POINT('Ctrl Pts',(28.4890286004868,-7.11871742997161,-34.043680204221));
#3445=CARTESIAN_POINT('Ctrl Pts',(28.1351541251764,-6.76496985676247,-33.546238019481));
#3446=CARTESIAN_POINT('Ctrl Pts',(27.7741510897239,-6.42065095418889,-33.0473286786288));
#3447=CARTESIAN_POINT('Ctrl Pts',(27.4061325562382,-6.08606029665147,-32.5466996480774));
#3448=CARTESIAN_POINT('Ctrl Pts',(27.2824478623402,-5.97361013641989,-32.3784468489214));
#3449=CARTESIAN_POINT('Ctrl Pts',(27.1579705895808,-5.86225918598372,-32.2099999029693));
#3450=CARTESIAN_POINT('Ctrl Pts',(27.0327045465781,-5.75202001871934,-32.0413495175093));
#3451=CARTESIAN_POINT('Ctrl Pts',(26.6548601953098,-5.41950175885479,-31.5326434551335));
#3452=CARTESIAN_POINT('Ctrl Pts',(26.2698400581302,-5.09709528320934,-31.0220852919162));
#3453=CARTESIAN_POINT('Ctrl Pts',(25.8778783470446,-4.78507728470555,-30.5094729274978));
#3454=CARTESIAN_POINT('Ctrl Pts',(25.6249734250225,-4.58375433567948,-30.1787207484351));
#3455=CARTESIAN_POINT('Ctrl Pts',(25.3691783573687,-4.38675727414005,-29.8471136665335));
#3456=CARTESIAN_POINT('Ctrl Pts',(25.1105543745761,-4.19417131262866,-29.5146008686983));
#3457=CARTESIAN_POINT('Ctrl Pts',(24.69401266584,-3.88399093175348,-28.9790532853307));
#3458=CARTESIAN_POINT('Ctrl Pts',(24.2709983796446,-3.58593138571504,-28.4423757924234));
#3459=CARTESIAN_POINT('Ctrl Pts',(23.8419616526381,-3.3002611628918,-27.9043701595035));
#3460=CARTESIAN_POINT('Ctrl Pts',(23.6067774514203,-3.14366589041905,-27.6094526919204));
#3461=CARTESIAN_POINT('Ctrl Pts',(23.36978311486,-2.99079401676611,-27.3141366949233));
#3462=CARTESIAN_POINT('Ctrl Pts',(23.1310497214017,-2.84169393038293,-27.0183936923047));
#3463=CARTESIAN_POINT('Ctrl Pts',(22.6918720190803,-2.56740706835195,-26.4743402170613));
#3464=CARTESIAN_POINT('Ctrl Pts',(22.2468101307262,-2.30588274889644,-25.9288395878135));
#3465=CARTESIAN_POINT('Ctrl Pts',(21.7962903171747,-2.0573689330789,-25.3817393067674));
#3466=CARTESIAN_POINT('Ctrl Pts',(21.3456134554617,-1.80876848702518,-24.8344483102619));
#3467=CARTESIAN_POINT('Ctrl Pts',(20.8894745840472,-1.5731875595111,-24.285556469237));
#3468=CARTESIAN_POINT('Ctrl Pts',(20.4282829515796,-1.35090784019612,-23.7349471193878));
#3469=CARTESIAN_POINT('Ctrl Pts',(20.0119725619992,-1.15025945451589,-23.2379207711086));
#3470=CARTESIAN_POINT('Ctrl Pts',(19.5915446326298,-0.960449811814205,-22.739495351006));
#3471=CARTESIAN_POINT('Ctrl Pts',(19.1672907296024,-0.781710001832767,-22.2396109437105));
#3472=CARTESIAN_POINT('Origin',(0.,0.,-22.2396108770523));
#3473=CARTESIAN_POINT('Origin',(0.,0.,-29.6425976457075));
#3474=CARTESIAN_POINT('',(17.6654210436381,-7.47856990019259,-22.2396108770523));
#3475=CARTESIAN_POINT('Ctrl Pts',(17.6654210062987,-7.47856998166592,-22.2396108907045));
#3476=CARTESIAN_POINT('Ctrl Pts',(18.0773458909544,-7.86227202718544,-22.8528006059107));
#3477=CARTESIAN_POINT('Ctrl Pts',(18.4779132824132,-8.26031686594646,-23.4637299096291));
#3478=CARTESIAN_POINT('Ctrl Pts',(18.8666495053382,-8.67197677610903,-24.0725394257925));
#3479=CARTESIAN_POINT('Ctrl Pts',(19.2638277143385,-9.0925764943584,-24.694570147377));
#3480=CARTESIAN_POINT('Ctrl Pts',(19.6486556176937,-9.52738913512092,-25.3143880297114));
#3481=CARTESIAN_POINT('Ctrl Pts',(20.0206267412902,-9.97569312619919,-25.932146837495));
#3482=CARTESIAN_POINT('Ctrl Pts',(20.2444739625436,-10.245476440854,-26.3039057826255));
#3483=CARTESIAN_POINT('Ctrl Pts',(20.463665093321,-10.5201466508683,-26.6749191115031));
#3484=CARTESIAN_POINT('Ctrl Pts',(20.6780888260549,-10.7995554785089,-27.0452209291251));
#3485=CARTESIAN_POINT('Ctrl Pts',(21.0398937856376,-11.2710121512505,-27.6700446482625));
#3486=CARTESIAN_POINT('Ctrl Pts',(21.3881262938368,-11.7559573918513,-28.2928424254428));
#3487=CARTESIAN_POINT('Ctrl Pts',(21.7223055602098,-12.2536444278267,-28.9137615546167));
#3488=CARTESIAN_POINT('Ctrl Pts',(21.8813596600198,-12.4905207737273,-29.2092907602955));
#3489=CARTESIAN_POINT('Ctrl Pts',(22.0372300545906,-12.7302843044252,-29.5043944422101));
#3490=CARTESIAN_POINT('Ctrl Pts',(22.1898637337165,-12.9728584438225,-29.7990887375017));
#3491=CARTESIAN_POINT('Ctrl Pts',(22.447480207142,-13.3822772214729,-30.2964763751938));
#3492=CARTESIAN_POINT('Ctrl Pts',(22.69535219615,-13.7988704904553,-30.7917149195014));
#3493=CARTESIAN_POINT('Ctrl Pts',(22.9334012669578,-14.2223180258639,-31.2850080262517));
#3494=CARTESIAN_POINT('Ctrl Pts',(23.059596904493,-14.4467979262149,-31.5465147731036));
#3495=CARTESIAN_POINT('Ctrl Pts',(23.1830316818015,-14.6732049342495,-31.8074747468383));
#3496=CARTESIAN_POINT('Ctrl Pts',(23.3036916469188,-14.9014967967252,-32.0679179740358));
#3497=CARTESIAN_POINT('Ctrl Pts',(23.5305928608011,-15.3307999269298,-32.5576817854304));
#3498=CARTESIAN_POINT('Ctrl Pts',(23.7476832206169,-15.7667656276182,-33.0456185260183));
#3499=CARTESIAN_POINT('Ctrl Pts',(23.9549522673267,-16.2090308209162,-33.5319665896707));
#3500=CARTESIAN_POINT('Ctrl Pts',(24.164374132428,-16.6558896409865,-34.0233661507498));
#3501=CARTESIAN_POINT('Ctrl Pts',(24.3637698027435,-17.109179749783,-34.5131438631825));
#3502=CARTESIAN_POINT('Ctrl Pts',(24.5531001292967,-17.5685718956548,-35.0015411945849));
#3503=CARTESIAN_POINT('Ctrl Pts',(24.7448521162343,-18.0338399716056,-35.4961854516168));
#3504=CARTESIAN_POINT('Ctrl Pts',(24.9262798578722,-18.5053674299164,-35.9894137937812));
#3505=CARTESIAN_POINT('Ctrl Pts',(25.0973104741915,-18.9828545917579,-36.4814725062209));
#3506=CARTESIAN_POINT('Ctrl Pts',(25.1627267186861,-19.165485149925,-36.6696764297721));
#3507=CARTESIAN_POINT('Ctrl Pts',(25.2266215863768,-19.3489879878269,-36.8577091973113));
#3508=CARTESIAN_POINT('Ctrl Pts',(25.2889896669623,-19.5333478267566,-37.0455844144061));
#3509=CARTESIAN_POINT('',(18.2456127705039,-5.92399552919343,-22.2396108770523));
#3510=CARTESIAN_POINT('Ctrl Pts',(26.8841933696218,-17.2720819191782,-37.0455845812809));
#3511=CARTESIAN_POINT('Ctrl Pts',(26.6743694279474,-16.8017716858464,-36.5462115262708));
#3512=CARTESIAN_POINT('Ctrl Pts',(26.4547126283266,-16.3382658446246,-36.0458892620929));
#3513=CARTESIAN_POINT('Ctrl Pts',(26.2253240829813,-15.881822732039,-35.5443324025586));
#3514=CARTESIAN_POINT('Ctrl Pts',(25.9971471089467,-15.4277904346026,-35.0454246373841));
#3515=CARTESIAN_POINT('Ctrl Pts',(25.7593407302389,-14.9807461950837,-34.5452952450698));
#3516=CARTESIAN_POINT('Ctrl Pts',(25.5119677812811,-14.5409786843116,-34.0436739743734));
#3517=CARTESIAN_POINT('Ctrl Pts',(25.266655075012,-14.1048737720679,-33.5462304505157));
#3518=CARTESIAN_POINT('Ctrl Pts',(25.0119342791291,-13.6759246672735,-33.0473197607089));
#3519=CARTESIAN_POINT('Ctrl Pts',(24.7478334597173,-13.2544503388038,-32.5466893740761));
#3520=CARTESIAN_POINT('Ctrl Pts',(24.6590757331866,-13.112803284208,-32.3784399341513));
#3521=CARTESIAN_POINT('Ctrl Pts',(24.569258300176,-12.9720008086989,-32.2099963554325));
#3522=CARTESIAN_POINT('Ctrl Pts',(24.4783814366034,-12.8320560460487,-32.0413493459493));
#3523=CARTESIAN_POINT('Ctrl Pts',(24.2042608952574,-12.4099273260633,-31.5326433044059));
#3524=CARTESIAN_POINT('Ctrl Pts',(23.9205025673101,-11.9955994099998,-31.0220851676169));
#3525=CARTESIAN_POINT('Ctrl Pts',(23.6272573240518,-11.5894019188042,-30.5094728353782));
#3526=CARTESIAN_POINT('Ctrl Pts',(23.438047058179,-11.3273116135976,-30.1787206138081));
#3527=CARTESIAN_POINT('Ctrl Pts',(23.2448867190308,-11.0686070274316,-29.8471134914666));
#3528=CARTESIAN_POINT('Ctrl Pts',(23.0478122751799,-10.8133867324716,-29.5146006552752));
#3529=CARTESIAN_POINT('Ctrl Pts',(22.7304028495705,-10.4023272077375,-28.9790532434462));
#3530=CARTESIAN_POINT('Ctrl Pts',(22.403490732022,-10.0011927526149,-28.4423759287508));
#3531=CARTESIAN_POINT('Ctrl Pts',(22.0674369235481,-9.61036334307114,-27.9043704809817));
#3532=CARTESIAN_POINT('Ctrl Pts',(21.8832228159236,-9.39612297710286,-27.6094528488682));
#3533=CARTESIAN_POINT('Ctrl Pts',(21.6962611380119,-9.18497956928271,-27.314136688706));
#3534=CARTESIAN_POINT('Ctrl Pts',(21.506607276569,-8.97699889033391,-27.0183935242525));
#3535=CARTESIAN_POINT('Ctrl Pts',(21.157717699411,-8.59439507418474,-26.4743407598714));
#3536=CARTESIAN_POINT('Ctrl Pts',(20.7997188803427,-8.22249296238079,-25.9288408513769));
#3537=CARTESIAN_POINT('Ctrl Pts',(20.4329543566765,-7.86164632971749,-25.3817412952028));
#3538=CARTESIAN_POINT('Ctrl Pts',(20.0660619982435,-7.50067392495199,-24.8344510489818));
#3539=CARTESIAN_POINT('Ctrl Pts',(19.6903975708104,-7.15076457690588,-24.2855599625142));
#3540=CARTESIAN_POINT('Ctrl Pts',(19.3062791299357,-6.81229994843995,-23.7349513653083));
#3541=CARTESIAN_POINT('Ctrl Pts',(18.9595400401825,-6.50677200523397,-23.2379236168598));
#3542=CARTESIAN_POINT('Ctrl Pts',(18.6059117851335,-6.21057003363213,-22.7394967832995));
#3543=CARTESIAN_POINT('Ctrl Pts',(18.24561276056,-5.92399522517211,-22.2396109436685));
#3544=CARTESIAN_POINT('Origin',(0.,0.,-22.2396108770523));
#3545=CARTESIAN_POINT('Origin',(0.,0.,-29.6425976457075));
#3546=CARTESIAN_POINT('',(14.9926452992527,-11.9673178002373,-22.2396108770523));
#3547=CARTESIAN_POINT('Ctrl Pts',(14.9926452412846,-11.9673178686303,-22.2396108906954));
#3548=CARTESIAN_POINT('Ctrl Pts',(15.2857730324095,-12.4479268321827,-22.8528001292717));
#3549=CARTESIAN_POINT('Ctrl Pts',(15.56409487005,-12.9392824925645,-23.4637289568239));
#3550=CARTESIAN_POINT('Ctrl Pts',(15.8273509869361,-13.4405563162806,-24.072537997899));
#3551=CARTESIAN_POINT('Ctrl Pts',(16.0963241092436,-13.9527160605281,-24.6945682496704));
#3552=CARTESIAN_POINT('Ctrl Pts',(16.3495703264089,-14.4752295877029,-25.3143856632056));
#3553=CARTESIAN_POINT('Ctrl Pts',(16.5867966297277,-15.0072654367047,-25.9321440038221));
#3554=CARTESIAN_POINT('Ctrl Pts',(16.7295566958205,-15.3274385031171,-26.3039038816349));
#3555=CARTESIAN_POINT('Ctrl Pts',(16.8665148342602,-15.6510610644815,-26.6749181389159));
#3556=CARTESIAN_POINT('Ctrl Pts',(16.9976038705744,-15.9779603091289,-27.0452208811245));
#3557=CARTESIAN_POINT('Ctrl Pts',(17.2187946279418,-16.5295479440631,-27.6700446368505));
#3558=CARTESIAN_POINT('Ctrl Pts',(17.4232770658167,-17.0904621479834,-28.2928424496373));
#3559=CARTESIAN_POINT('Ctrl Pts',(17.610789702544,-17.659854126729,-28.9137616163541));
#3560=CARTESIAN_POINT('Ctrl Pts',(17.7000371505902,-17.9308586943568,-29.2092907712933));
#3561=CARTESIAN_POINT('Ctrl Pts',(17.7854400032873,-18.2037844276375,-29.5043944031034));
#3562=CARTESIAN_POINT('Ctrl Pts',(17.8669678765115,-18.4785432883798,-29.7990886492235));
#3563=CARTESIAN_POINT('Ctrl Pts',(18.0045713661593,-18.9422838050261,-30.2964762915392));
#3564=CARTESIAN_POINT('Ctrl Pts',(18.1308560731832,-19.4103037323156,-30.7917148426932));
#3565=CARTESIAN_POINT('Ctrl Pts',(18.2458328694408,-19.8822735598846,-31.2850079599323));
#3566=CARTESIAN_POINT('Ctrl Pts',(18.3067848793199,-20.1324763010376,-31.5465146981085));
#3567=CARTESIAN_POINT('Ctrl Pts',(18.3645584837403,-20.3837898162703,-31.8074746642498));
#3568=CARTESIAN_POINT('Ctrl Pts',(18.4191516481157,-20.63616965515,-32.067917885138));
#3569=CARTESIAN_POINT('Ctrl Pts',(18.5218142277803,-21.1107705618963,-32.5576820015516));
#3570=CARTESIAN_POINT('Ctrl Pts',(18.6132322197626,-21.5891400413851,-33.0456190493259));
#3571=CARTESIAN_POINT('Ctrl Pts',(18.6934935048557,-22.070925657191,-33.5319674196652));
#3572=CARTESIAN_POINT('Ctrl Pts',(18.7745884235027,-22.5577153375922,-34.0233672456337));
#3573=CARTESIAN_POINT('Ctrl Pts',(18.8442937948212,-23.0479927861118,-34.5131452227445));
#3574=CARTESIAN_POINT('Ctrl Pts',(18.9026607472513,-23.5414303978821,-35.0015428158813));
#3575=CARTESIAN_POINT('Ctrl Pts',(18.9617742402753,-24.0411793072684,-35.4961872424409));
#3576=CARTESIAN_POINT('Ctrl Pts',(19.0092575664924,-24.5441700384411,-35.9894157516624));
#3577=CARTESIAN_POINT('Ctrl Pts',(19.0451213953032,-25.0500943624068,-36.4814746257662));
#3578=CARTESIAN_POINT('Ctrl Pts',(19.0588386317858,-25.2436008513761,-36.6696778423019));
#3579=CARTESIAN_POINT('Ctrl Pts',(19.0708555814026,-25.4375368078276,-36.8577099034356));
#3580=CARTESIAN_POINT('Ctrl Pts',(19.0811711563318,-25.6318860601313,-37.0455844144061));
#3581=CARTESIAN_POINT('',(15.9707410888469,-10.6269251184948,-22.2396108770523));
#3582=CARTESIAN_POINT('Ctrl Pts',(21.227302619056,-23.8848548347491,-37.0455845812809));
#3583=CARTESIAN_POINT('Ctrl Pts',(21.1521475838618,-23.3753743665393,-36.5462107498418));
#3584=CARTESIAN_POINT('Ctrl Pts',(21.0656884451969,-22.8697931001135,-36.0458876976052));
#3585=CARTESIAN_POINT('Ctrl Pts',(20.967952884627,-22.3683870754187,-35.544330040894));
#3586=CARTESIAN_POINT('Ctrl Pts',(20.8707335083055,-21.8696291952736,-35.0454213295676));
#3587=CARTESIAN_POINT('Ctrl Pts',(20.7623563956772,-21.3750022688261,-34.5452909813258));
#3588=CARTESIAN_POINT('Ctrl Pts',(20.6428041857286,-20.8848012186539,-34.0436687473192));
#3589=CARTESIAN_POINT('Ctrl Pts',(20.524247624686,-20.3986826370493,-33.5462240992286));
#3590=CARTESIAN_POINT('Ctrl Pts',(20.3947011874913,-19.916916254726,-33.0473122769289));
#3591=CARTESIAN_POINT('Ctrl Pts',(20.2541058595715,-19.4398167889127,-32.5466807518371));
#3592=CARTESIAN_POINT('Ctrl Pts',(20.2068561606126,-19.2794785581432,-32.3784341308442));
#3593=CARTESIAN_POINT('Ctrl Pts',(20.1583582309884,-19.1196676645746,-32.2099933777743));
#3594=CARTESIAN_POINT('Ctrl Pts',(20.1086087937776,-18.9603968288336,-32.0413492012798));
#3595=CARTESIAN_POINT('Ctrl Pts',(19.9585423102099,-18.4799649768445,-31.5326431744457));
#3596=CARTESIAN_POINT('Ctrl Pts',(19.7970908272959,-18.0044444132488,-31.0220850570676));
#3597=CARTESIAN_POINT('Ctrl Pts',(19.6243106875332,-17.53419323846,-30.5094727490659));
#3598=CARTESIAN_POINT('Ctrl Pts',(19.5128279551177,-17.2307736095657,-30.178720494528));
#3599=CARTESIAN_POINT('Ctrl Pts',(19.3966281798513,-16.929548432221,-29.847113340977));
#3600=CARTESIAN_POINT('Ctrl Pts',(19.2757194011081,-16.6306223269946,-29.5146004753483));
#3601=CARTESIAN_POINT('Ctrl Pts',(19.0809829758902,-16.1491700971343,-28.9790532019118));
#3602=CARTESIAN_POINT('Ctrl Pts',(18.8744185167198,-15.6747110898945,-28.4423760312084));
#3603=CARTESIAN_POINT('Ctrl Pts',(18.6562711170053,-15.2077085850637,-27.9043707332447));
#3604=CARTESIAN_POINT('Ctrl Pts',(18.5366895000314,-14.9517123424697,-27.6094529686725));
#3605=CARTESIAN_POINT('Ctrl Pts',(18.4136266516768,-14.6979569304502,-27.3141366772179));
#3606=CARTESIAN_POINT('Ctrl Pts',(18.2871181594194,-14.4465206236803,-27.01839338261));
#3607=CARTESIAN_POINT('Ctrl Pts',(18.0543919415054,-13.9839760175698,-26.4743412229533));
#3608=CARTESIAN_POINT('Ctrl Pts',(17.8100070286853,-13.5292786037988,-25.9288419275453));
#3609=CARTESIAN_POINT('Ctrl Pts',(17.5541987561777,-13.0828617234852,-25.3817429879614));
#3610=CARTESIAN_POINT('Ctrl Pts',(17.2983013323641,-12.6362892631839,-24.8344533798566));
#3611=CARTESIAN_POINT('Ctrl Pts',(17.0309723769779,-12.1980029151679,-24.2855629351394));
#3612=CARTESIAN_POINT('Ctrl Pts',(16.7524151638378,-11.7684559994699,-23.7349549781083));
#3613=CARTESIAN_POINT('Ctrl Pts',(16.500964027728,-11.3807077923882,-23.2379260382153));
#3614=CARTESIAN_POINT('Ctrl Pts',(16.2403630182541,-11.0000810840332,-22.7394980019479));
#3615=CARTESIAN_POINT('Ctrl Pts',(15.9707411611889,-10.6269248230694,-22.2396109436332));
#3616=CARTESIAN_POINT('Origin',(0.,0.,-22.2396108770523));
#3617=CARTESIAN_POINT('Origin',(0.,0.,-29.6425976457075));
#3618=CARTESIAN_POINT('',(11.2079336398101,-15.5685044858744,-22.2396108770523));
#3619=CARTESIAN_POINT('Ctrl Pts',(11.2079335656178,-15.5685045360785,-22.2396108907158));
#3620=CARTESIAN_POINT('Ctrl Pts',(11.3605249051237,-16.1103770947494,-22.8528012023873));
#3621=CARTESIAN_POINT('Ctrl Pts',(11.4959598779721,-16.65860325305,-23.4637311019502));
#3622=CARTESIAN_POINT('Ctrl Pts',(11.6142118717837,-17.2123151170275,-24.0725412125984));
#3623=CARTESIAN_POINT('Ctrl Pts',(11.7350318798979,-17.7780516407199,-24.6945725216493));
#3624=CARTESIAN_POINT('Ctrl Pts',(11.8379147143012,-18.3495149504313,-25.314390990173));
#3625=CARTESIAN_POINT('Ctrl Pts',(11.9228025431059,-18.9258253650284,-25.9321503821252));
#3626=CARTESIAN_POINT('Ctrl Pts',(11.9738866885758,-19.2726398079192,-26.3039081604576));
#3627=CARTESIAN_POINT('Ctrl Pts',(12.0184534683767,-19.6212104683583,-26.6749203278973));
#3628=CARTESIAN_POINT('Ctrl Pts',(12.0564848204193,-19.9713528236061,-27.0452209888696));
#3629=CARTESIAN_POINT('Ctrl Pts',(12.1206566990751,-20.5621625510139,-27.6700446621244));
#3630=CARTESIAN_POINT('Ctrl Pts',(12.1662235669321,-21.1574451476187,-28.2928423946895));
#3631=CARTESIAN_POINT('Ctrl Pts',(12.1931626352768,-21.7563127424708,-28.913761476842));
#3632=CARTESIAN_POINT('Ctrl Pts',(12.2059844077295,-22.0413465057861,-29.2092907461187));
#3633=CARTESIAN_POINT('Ctrl Pts',(12.2145858222633,-22.3271929341307,-29.5043944908399));
#3634=CARTESIAN_POINT('Ctrl Pts',(12.2189613733157,-22.6137590557446,-29.7990888477714));
#3635=CARTESIAN_POINT('Ctrl Pts',(12.226346465449,-23.0974277834788,-30.2964764799396));
#3636=CARTESIAN_POINT('Ctrl Pts',(12.2216779248502,-23.5821634574002,-30.7917150159433));
#3637=CARTESIAN_POINT('Ctrl Pts',(12.2050551184388,-24.0676517165951,-31.2850081098222));
#3638=CARTESIAN_POINT('Ctrl Pts',(12.1962429614083,-24.3250209399759,-31.5465148673312));
#3639=CARTESIAN_POINT('Ctrl Pts',(12.1840705751694,-24.5826022222699,-31.8074748503673));
#3640=CARTESIAN_POINT('Ctrl Pts',(12.1685479927885,-24.840352212028,-32.0679180852563));
#3641=CARTESIAN_POINT('Ctrl Pts',(12.1393577809797,-25.3250509953978,-32.5576815153386));
#3642=CARTESIAN_POINT('Ctrl Pts',(12.0983232301909,-25.8103448419491,-33.0456178718861));
#3643=CARTESIAN_POINT('Ctrl Pts',(12.045624059564,-26.2959180991153,-33.5319655521135));
#3644=CARTESIAN_POINT('Ctrl Pts',(11.9923775182255,-26.7865348622066,-34.0233647819695));
#3645=CARTESIAN_POINT('Ctrl Pts',(11.9272228206251,-27.2774371918721,-34.513142163434));
#3646=CARTESIAN_POINT('Ctrl Pts',(11.8502975972878,-27.768323430347,-35.0015391675487));
#3647=CARTESIAN_POINT('Ctrl Pts',(11.7723884305411,-28.2654885492492,-35.4961832125244));
#3648=CARTESIAN_POINT('Ctrl Pts',(11.6824057681535,-28.7626374947568,-35.9894113457218));
#3649=CARTESIAN_POINT('Ctrl Pts',(11.5804430549262,-29.2594763503871,-36.4814698559466));
#3650=CARTESIAN_POINT('Ctrl Pts',(11.5414438862775,-29.4495095665374,-36.6696746635467));
#3651=CARTESIAN_POINT('Ctrl Pts',(11.5006915863903,-29.639497592459,-36.8577083143735));
#3652=CARTESIAN_POINT('Ctrl Pts',(11.4581894715859,-29.8294245625024,-37.0455844144061));
#3653=CARTESIAN_POINT('',(12.5113926019092,-14.5417042867049,-22.2396108770523));
#3654=CARTESIAN_POINT('Ctrl Pts',(13.9960799416827,-28.7261973331669,-37.0455845812809));
#3655=CARTESIAN_POINT('Ctrl Pts',(14.0611680815708,-28.2153329048187,-36.5462104643006));
#3656=CARTESIAN_POINT('Ctrl Pts',(14.1143192865837,-27.7051732705145,-36.0458871222353));
#3657=CARTESIAN_POINT('Ctrl Pts',(14.1554857428455,-27.1959917052233,-35.5443291723362));
#3658=CARTESIAN_POINT('Ctrl Pts',(14.196434785674,-26.6894992932469,-35.0454201129615));
#3659=CARTESIAN_POINT('Ctrl Pts',(14.2255253104648,-26.1839743257904,-34.5452894130703));
#3660=CARTESIAN_POINT('Ctrl Pts',(14.2426610365033,-25.6796961080325,-34.0436668246981));
#3661=CARTESIAN_POINT('Ctrl Pts',(14.2596540557472,-25.1796175330454,-33.5462217629424));
#3662=CARTESIAN_POINT('Ctrl Pts',(14.2648905040593,-24.6807647352481,-33.047309523938));
#3663=CARTESIAN_POINT('Ctrl Pts',(14.258228651132,-24.1834248425995,-32.5466775799503));
#3664=CARTESIAN_POINT('Ctrl Pts',(14.255989826083,-24.0162856064635,-32.3784319959137));
#3665=CARTESIAN_POINT('Ctrl Pts',(14.2524068014721,-23.8493173820719,-32.2099922822714));
#3666=CARTESIAN_POINT('Ctrl Pts',(14.2474729902643,-23.6825315341209,-32.0413491479052));
#3667=CARTESIAN_POINT('Ctrl Pts',(14.23259032408,-23.17942795055,-31.5326431258618));
#3668=CARTESIAN_POINT('Ctrl Pts',(14.2054198034974,-22.6779818988619,-31.022085015005));
#3669=CARTESIAN_POINT('Ctrl Pts',(14.1659190663424,-22.1785534001725,-30.5094727153001));
#3670=CARTESIAN_POINT('Ctrl Pts',(14.1404320494826,-21.8563077034307,-30.1787204492395));
#3671=CARTESIAN_POINT('Ctrl Pts',(14.1098108569789,-21.5349024402018,-29.8471132848176));
#3672=CARTESIAN_POINT('Ctrl Pts',(14.0740350035132,-21.214440520179,-29.5146004089755));
#3673=CARTESIAN_POINT('Ctrl Pts',(14.0164142002469,-20.6983026378177,-28.9790531852012));
#3674=CARTESIAN_POINT('Ctrl Pts',(13.945517238518,-20.1857074864378,-28.4423760662197));
#3675=CARTESIAN_POINT('Ctrl Pts',(13.8614551303238,-19.6771672902493,-27.9043708221143));
#3676=CARTESIAN_POINT('Ctrl Pts',(13.8153748861333,-19.3984013049036,-27.6094530100745));
#3677=CARTESIAN_POINT('Ctrl Pts',(13.7653379353985,-19.1208538297288,-27.3141366715859));
#3678=CARTESIAN_POINT('Ctrl Pts',(13.7113574274581,-18.8446098379949,-27.0183933303674));
#3679=CARTESIAN_POINT('Ctrl Pts',(13.6120544315008,-18.3364290697691,-26.4743413949942));
#3680=CARTESIAN_POINT('Ctrl Pts',(13.4994079446762,-17.8326590171444,-25.9288423269596));
#3681=CARTESIAN_POINT('Ctrl Pts',(13.37352765577,-17.3337804428857,-25.3817436160486));
#3682=CARTESIAN_POINT('Ctrl Pts',(13.2476034983522,-16.8347280124919,-24.8344542445793));
#3683=CARTESIAN_POINT('Ctrl Pts',(13.1084361652449,-16.3405702275222,-24.2855640378454));
#3684=CARTESIAN_POINT('Ctrl Pts',(12.9560990823529,-15.8517984386419,-23.734956318225));
#3685=CARTESIAN_POINT('Ctrl Pts',(12.8185855614825,-15.4105878790389,-23.2379269363698));
#3686=CARTESIAN_POINT('Ctrl Pts',(12.6703400872061,-14.973766133523,-22.7394984539722));
#3687=CARTESIAN_POINT('Ctrl Pts',(12.5113927512348,-14.5417040217434,-22.2396109436201));
#3688=CARTESIAN_POINT('Origin',(0.,0.,-22.2396108770523));
#3689=CARTESIAN_POINT('Origin',(0.,0.,-29.6425976457075));
#3690=CARTESIAN_POINT('',(6.59198081518753,-18.0150464149632,-22.2396108770523));
#3691=CARTESIAN_POINT('Ctrl Pts',(6.59198073048026,-18.0150464433158,-22.2396108907854));
#3692=CARTESIAN_POINT('Ctrl Pts',(6.59271811299003,-18.5779970774784,-22.8528050474576));
#3693=CARTESIAN_POINT('Ctrl Pts',(6.5752210167937,-19.1424369980066,-23.4637387869225));
#3694=CARTESIAN_POINT('Ctrl Pts',(6.53969792553695,-19.7075233013455,-24.0725527284166));
#3695=CARTESIAN_POINT('Ctrl Pts',(6.50340340674859,-20.2848811474107,-24.6945878119756));
#3696=CARTESIAN_POINT('Ctrl Pts',(6.44829162358832,-20.8629140377605,-25.3144100465491));
#3697=CARTESIAN_POINT('Ctrl Pts',(6.37454417565347,-21.4407592963321,-25.9321731921215));
#3698=CARTESIAN_POINT('Ctrl Pts',(6.33016530059302,-21.7884882449607,-26.3039234590397));
#3699=CARTESIAN_POINT('Ctrl Pts',(6.27903719126783,-22.1361499257376,-26.6749281497629));
#3700=CARTESIAN_POINT('Ctrl Pts',(6.22119222612606,-22.4835617970491,-27.0452213652102));
#3701=CARTESIAN_POINT('Ctrl Pts',(6.12358609990497,-23.0697757722643,-27.6700447398491));
#3702=CARTESIAN_POINT('Ctrl Pts',(6.00685810743424,-23.6552771955106,-28.2928421830286));
#3703=CARTESIAN_POINT('Ctrl Pts',(5.87122583597296,-24.2392049473148,-28.9137609607305));
#3704=CARTESIAN_POINT('Ctrl Pts',(5.80667091586073,-24.5171285488509,-29.2092906430021));
#3705=CARTESIAN_POINT('Ctrl Pts',(5.73783286327181,-24.7946960374903,-29.5043947957079));
#3706=CARTESIAN_POINT('Ctrl Pts',(5.66473145893369,-25.0718164005872,-29.7990895531314));
#3707=CARTESIAN_POINT('Ctrl Pts',(5.54135046413857,-25.5395418346774,-30.2964771568473));
#3708=CARTESIAN_POINT('Ctrl Pts',(5.40607492578039,-26.0050426042758,-30.7917156465196));
#3709=CARTESIAN_POINT('Ctrl Pts',(5.2590853331413,-26.4680428018556,-31.2850086643714));
#3710=CARTESIAN_POINT('Ctrl Pts',(5.1811625171624,-26.7134906498729,-31.546515485117));
#3711=CARTESIAN_POINT('Ctrl Pts',(5.09994685173472,-26.9582361059364,-31.8074755226182));
#3712=CARTESIAN_POINT('Ctrl Pts',(5.01545969303769,-27.2022401311609,-32.0679188015158));
#3713=CARTESIAN_POINT('Ctrl Pts',(4.856582435656,-27.6610872614896,-32.5576797840473));
#3714=CARTESIAN_POINT('Ctrl Pts',(4.68613958077052,-28.1173118156007,-33.0456136750244));
#3715=CARTESIAN_POINT('Ctrl Pts',(4.50438937846686,-28.570658360563,-33.5319588933825));
#3716=CARTESIAN_POINT('Ctrl Pts',(4.32075125627145,-29.0287140169829,-34.0233559950418));
#3717=CARTESIAN_POINT('Ctrl Pts',(4.12556960557813,-29.4838318826567,-34.5131312497017));
#3718=CARTESIAN_POINT('Ctrl Pts',(3.91905837426581,-29.935758644518,-35.0015261506459));
#3719=CARTESIAN_POINT('Ctrl Pts',(3.70990535319717,-30.3934666681658,-35.4961688311329));
#3720=CARTESIAN_POINT('Ctrl Pts',(3.48913100585487,-30.8479017594325,-35.9893956196862));
#3721=CARTESIAN_POINT('Ctrl Pts',(3.25690464652708,-31.2988061375711,-36.4814528288834));
#3722=CARTESIAN_POINT('Ctrl Pts',(3.16807872257613,-31.4712757836424,-36.6696633161433));
#3723=CARTESIAN_POINT('Ctrl Pts',(3.07757677867683,-31.6432289005155,-36.8577026417721));
#3724=CARTESIAN_POINT('Ctrl Pts',(2.98540629146147,-31.8146511056099,-37.0455844144061));
#3725=CARTESIAN_POINT('',(8.12413136150047,-17.3779917718407,-22.2396108770523));
#3726=CARTESIAN_POINT('Ctrl Pts',(5.72683204284014,-31.4370491889923,-37.0455845812809));
#3727=CARTESIAN_POINT('Ctrl Pts',(5.92733560146879,-30.9626907753839,-36.5462117338513));
#3728=CARTESIAN_POINT('Ctrl Pts',(6.11615483502043,-30.4857905228233,-36.0458896803558));
#3729=CARTESIAN_POINT('Ctrl Pts',(6.29316995288842,-30.0065986529715,-35.5443330339377));
#3730=CARTESIAN_POINT('Ctrl Pts',(6.46925010798406,-29.52993779044,-35.0454255216629));
#3731=CARTESIAN_POINT('Ctrl Pts',(6.63365057441808,-29.0510091387279,-34.5452963848575));
#3732=CARTESIAN_POINT('Ctrl Pts',(6.78620326564162,-28.5700556493972,-34.0436753716432));
#3733=CARTESIAN_POINT('Ctrl Pts',(6.9374854098641,-28.0931078187581,-33.5462321482068));
#3734=CARTESIAN_POINT('Ctrl Pts',(7.07711632587236,-27.6141684389694,-33.0473217610284));
#3735=CARTESIAN_POINT('Ctrl Pts',(7.2048820530982,-27.1334757315775,-32.5466916786208));
#3736=CARTESIAN_POINT('Ctrl Pts',(7.24782115937907,-26.9719260288575,-32.3784414852188));
#3737=CARTESIAN_POINT('Ctrl Pts',(7.28941969852053,-26.810178322497,-32.2099971512276));
#3738=CARTESIAN_POINT('Ctrl Pts',(7.32966825994924,-26.648241778653,-32.0413493845105));
#3739=CARTESIAN_POINT('Ctrl Pts',(7.45107328615302,-26.1597793429568,-31.5326433386122));
#3740=CARTESIAN_POINT('Ctrl Pts',(7.56019889776421,-25.6695977254043,-31.0220851962126));
#3741=CARTESIAN_POINT('Ctrl Pts',(7.65690717413935,-25.1780321728905,-30.5094728570732));
#3742=CARTESIAN_POINT('Ctrl Pts',(7.71930613319856,-24.8608599521051,-30.1787206447276));
#3743=CARTESIAN_POINT('Ctrl Pts',(7.77653455065359,-24.5431118076348,-29.8471135311443));
#3744=CARTESIAN_POINT('Ctrl Pts',(7.82854493703248,-24.2248813075898,-29.5146007032409));
#3745=CARTESIAN_POINT('Ctrl Pts',(7.91231322337755,-23.7123370734869,-28.9790532535729));
#3746=CARTESIAN_POINT('Ctrl Pts',(7.9823418137071,-23.1996223151324,-28.4423758995417));
#3747=CARTESIAN_POINT('Ctrl Pts',(8.03859941096046,-22.6872602200554,-27.9043704108816));
#3748=CARTESIAN_POINT('Ctrl Pts',(8.06943804677385,-22.4063995216592,-27.6094528150291));
#3749=CARTESIAN_POINT('Ctrl Pts',(8.09613795151762,-22.1256446381175,-27.3141366908194));
#3750=CARTESIAN_POINT('Ctrl Pts',(8.11868886210236,-21.84508094023,-27.0183935620175));
#3751=CARTESIAN_POINT('Ctrl Pts',(8.16017381192824,-21.3289522949547,-26.4743406372545));
#3752=CARTESIAN_POINT('Ctrl Pts',(8.18762001856988,-20.813470769436,-25.9288405661525));
#3753=CARTESIAN_POINT('Ctrl Pts',(8.20100341667424,-20.2991289053219,-25.3817408464417));
#3754=CARTESIAN_POINT('Ctrl Pts',(8.21439147966394,-19.7846077634342,-24.8344504309572));
#3755=CARTESIAN_POINT('Ctrl Pts',(8.21370685180785,-19.2712268037407,-24.2855591742621));
#3756=CARTESIAN_POINT('Ctrl Pts',(8.19888769359448,-18.7594789800788,-23.7349504072544));
#3757=CARTESIAN_POINT('Ctrl Pts',(8.18551063060523,-18.2975308199222,-23.2379229747482));
#3758=CARTESIAN_POINT('Ctrl Pts',(8.16061560902804,-17.8369132817996,-22.7394964601236));
#3759=CARTESIAN_POINT('Ctrl Pts',(8.12413157692793,-17.3779915570762,-22.239610943678));
#3760=CARTESIAN_POINT('Origin',(0.,0.,-22.2396108770523));
#3761=CARTESIAN_POINT('Origin',(0.,0.,-29.6425976457075));
#3762=CARTESIAN_POINT('',(1.48713092980813,-19.1254947648077,-22.2396108770523));
#3763=CARTESIAN_POINT('Ctrl Pts',(1.48713084051201,-19.1254947692245,-22.2396108907644));
#3764=CARTESIAN_POINT('Ctrl Pts',(1.33595890818298,-19.6677675534169,-22.8528038527295));
#3765=CARTESIAN_POINT('Ctrl Pts',(1.16682691962566,-20.2065547970671,-23.4637363992777));
#3766=CARTESIAN_POINT('Ctrl Pts',(0.980163052469885,-20.7411011096862,-24.0725491507237));
#3767=CARTESIAN_POINT('Ctrl Pts',(0.789445536374832,-21.2872557915423,-24.6945830638317));
#3768=CARTESIAN_POINT('Ctrl Pts',(0.580426481774995,-21.8289836589246,-25.3144041306247));
#3769=CARTESIAN_POINT('Ctrl Pts',(0.353513514500454,-22.3655030288636,-25.9321661121667));
#3770=CARTESIAN_POINT('Ctrl Pts',(0.216963374096809,-22.688366002163,-26.3039187110984));
#3771=CARTESIAN_POINT('Ctrl Pts',(0.0739323471253873,-23.0093432564442,
-26.6749257230267));
#3772=CARTESIAN_POINT('Ctrl Pts',(-0.075499134702592,-23.3282677523995,
-27.0452212499264));
#3773=CARTESIAN_POINT('Ctrl Pts',(-0.327644488652641,-23.8664095745394,
-27.6700447178736));
#3774=CARTESIAN_POINT('Ctrl Pts',(-0.598010368485133,-24.3987062462002,
-28.2928422512947));
#3775=CARTESIAN_POINT('Ctrl Pts',(-0.886154926340333,-24.924387293628,-28.913761123835));
#3776=CARTESIAN_POINT('Ctrl Pts',(-1.02329882107546,-25.1745879108784,-29.209290677225));
#3777=CARTESIAN_POINT('Ctrl Pts',(-1.16447093355394,-25.4232900483631,-29.5043947025889));
#3778=CARTESIAN_POINT('Ctrl Pts',(-1.30962766151041,-25.6704114062788,-29.7990893349933));
#3779=CARTESIAN_POINT('Ctrl Pts',(-1.55462417732797,-26.0875045202223,-30.296476946207));
#3780=CARTESIAN_POINT('Ctrl Pts',(-1.81047393861128,-26.4992463638934,-30.7917154489243));
#3781=CARTESIAN_POINT('Ctrl Pts',(-2.07692870930075,-26.9054199610395,-31.2850084890955));
#3782=CARTESIAN_POINT('Ctrl Pts',(-2.21818295235459,-27.1207425985921,-31.5465152912173));
#3783=CARTESIAN_POINT('Ctrl Pts',(-2.36241843056333,-27.3345004942407,-31.8074753128263));
#3784=CARTESIAN_POINT('Ctrl Pts',(-2.50960404701208,-27.5466618192551,-32.0679185790953));
#3785=CARTESIAN_POINT('Ctrl Pts',(-2.78638556953622,-27.9456297073888,-32.557680320143));
#3786=CARTESIAN_POINT('Ctrl Pts',(-3.07359626405704,-28.3389519076763,-33.0456149753165));
#3787=CARTESIAN_POINT('Ctrl Pts',(-3.37091854983759,-28.7264521235445,-33.531960956771));
#3788=CARTESIAN_POINT('Ctrl Pts',(-3.67132918605386,-29.1179773873748,-34.0233587183832));
#3789=CARTESIAN_POINT('Ctrl Pts',(-3.9820627034193,-29.5035593835655,-34.5131346326108));
#3790=CARTESIAN_POINT('Ctrl Pts',(-4.30284475295839,-29.8830119042665,-35.0015301857963));
#3791=CARTESIAN_POINT('Ctrl Pts',(-4.62773024311626,-30.2673183776391,-35.496173289784));
#3792=CARTESIAN_POINT('Ctrl Pts',(-4.96292310625733,-30.645337874806,-35.989400495685));
#3793=CARTESIAN_POINT('Ctrl Pts',(-5.30819076720764,-31.016867843946,-36.4814581086607));
#3794=CARTESIAN_POINT('Ctrl Pts',(-5.44025332435679,-31.1589755572695,-36.6696668347703));
#3795=CARTESIAN_POINT('Ctrl Pts',(-5.57379036691951,-31.30013372624,-36.8577044007489));
#3796=CARTESIAN_POINT('Ctrl Pts',(-5.70879081597566,-31.4403305185587,-37.0455844144061));
#3797=CARTESIAN_POINT('',(3.13434046343726,-18.9254331062816,-22.2396108770523));
#3798=CARTESIAN_POINT('Ctrl Pts',(-2.96714879010642,-31.8163589214041,-37.0455845812779));
#3799=CARTESIAN_POINT('Ctrl Pts',(-2.64610092797062,-31.4136872821227,-36.5462130544274));
#3800=CARTESIAN_POINT('Ctrl Pts',(-2.33561823127202,-31.005415748313,-36.045892341171));
#3801=CARTESIAN_POINT('Ctrl Pts',(-2.03588357304916,-30.5917529180791,-35.5443370504355));
#3802=CARTESIAN_POINT('Ctrl Pts',(-1.73773221589219,-30.1802751965141,-35.0454311464314));
#3803=CARTESIAN_POINT('Ctrl Pts',(-1.45021550276768,-29.7634626980388,-34.5453036344549));
#3804=CARTESIAN_POINT('Ctrl Pts',(-1.17356084957732,-29.3415039898207,-34.0436842586122));
#3805=CARTESIAN_POINT('Ctrl Pts',(-0.899210493996206,-28.9230598382216,
-33.5462429448956));
#3806=CARTESIAN_POINT('Ctrl Pts',(-0.635541909894926,-28.499554563958,-33.047334481464));
#3807=CARTESIAN_POINT('Ctrl Pts',(-0.382825409024413,-28.0711598025757,
-32.5467063329812));
#3808=CARTESIAN_POINT('Ctrl Pts',(-0.297890490354718,-27.9271815736464,
-32.378451347934));
#3809=CARTESIAN_POINT('Ctrl Pts',(-0.214193078344413,-27.7826509685193,
-32.2100022108849));
#3810=CARTESIAN_POINT('Ctrl Pts',(-0.131744709257252,-27.6375742740929,
-32.0413496286403));
#3811=CARTESIAN_POINT('Ctrl Pts',(0.116943961328598,-27.1999800479202,-31.5326435507197));
#3812=CARTESIAN_POINT('Ctrl Pts',(0.354272377165977,-26.7574174119109,-31.0220853683202));
#3813=CARTESIAN_POINT('Ctrl Pts',(0.58001728523167,-26.3101719772369,-30.5094729809773));
#3814=CARTESIAN_POINT('Ctrl Pts',(0.725674345842674,-26.0215964521254,-30.1787208315138));
#3815=CARTESIAN_POINT('Ctrl Pts',(0.866507978409405,-25.7310713546605,-29.8471137778829));
#3816=CARTESIAN_POINT('Ctrl Pts',(1.00244721063797,-25.4386739724698,-29.5146010069795));
#3817=CARTESIAN_POINT('Ctrl Pts',(1.22139201333514,-24.9677364358673,-28.9790533080108));
#3818=CARTESIAN_POINT('Ctrl Pts',(1.42715259997958,-24.492927746231,-28.4423756951596));
#3819=CARTESIAN_POINT('Ctrl Pts',(1.61955768181561,-24.0147432548217,-27.904369937774));
#3820=CARTESIAN_POINT('Ctrl Pts',(1.72502792508747,-23.7526179816402,-27.6094525812694));
#3821=CARTESIAN_POINT('Ctrl Pts',(1.82648436563757,-23.4894779804246,-27.3141366944773));
#3822=CARTESIAN_POINT('Ctrl Pts',(1.92389408865401,-23.225402688404,-27.0183938012138));
#3823=CARTESIAN_POINT('Ctrl Pts',(2.10309076259917,-22.7396050438176,-26.4743398692793));
#3824=CARTESIAN_POINT('Ctrl Pts',(2.26859463123216,-22.2506428924139,-25.9288387769488));
#3825=CARTESIAN_POINT('Ctrl Pts',(2.42024965322989,-21.7589840370371,-25.381738030174));
#3826=CARTESIAN_POINT('Ctrl Pts',(2.57195754563891,-21.2671537781317,-24.8344465515584));
#3827=CARTESIAN_POINT('Ctrl Pts',(2.70980693320802,-20.7726246501501,-24.2855542256778));
#3828=CARTESIAN_POINT('Ctrl Pts',(2.83360529044482,-20.2758546621636,-23.7349443922409));
#3829=CARTESIAN_POINT('Ctrl Pts',(2.94535580842302,-19.8274294591755,-23.237918943246));
#3830=CARTESIAN_POINT('Ctrl Pts',(3.04565659717698,-19.3771780615761,-22.7394944309946));
#3831=CARTESIAN_POINT('Ctrl Pts',(3.13434072894757,-18.9254329577273,-22.2396109437377));
#3832=CARTESIAN_POINT('Origin',(0.,0.,-22.2396108770523));
#3833=CARTESIAN_POINT('Origin',(0.,0.,-29.6425976457075));
#3834=CARTESIAN_POINT('',(-3.72801265346385,-18.8174926612631,-22.2396108770523));
#3835=CARTESIAN_POINT('Ctrl Pts',(-3.72801274077193,-18.8174926413253,-22.2396108907232));
#3836=CARTESIAN_POINT('Ctrl Pts',(-4.01988118316937,-19.2988690076016,-22.852801596179));
#3837=CARTESIAN_POINT('Ctrl Pts',(-4.32810321000234,-19.7720435488261,-23.4637318890917));
#3838=CARTESIAN_POINT('Ctrl Pts',(-4.65206270083275,-20.2364044282575,-24.0725423921855));
#3839=CARTESIAN_POINT('Ctrl Pts',(-4.9830574367826,-20.7108495703919,-24.6945740887982));
#3840=CARTESIAN_POINT('Ctrl Pts',(-5.33048060488141,-21.1760944083166,-25.3143929440356));
#3841=CARTESIAN_POINT('Ctrl Pts',(-5.69372877940268,-21.6314962434847,-25.9321527213808));
#3842=CARTESIAN_POINT('Ctrl Pts',(-5.9123251651867,-21.9055490873244,-26.3039097296255));
#3843=CARTESIAN_POINT('Ctrl Pts',(-6.13665348276335,-22.1760375325606,-26.6749211305195));
#3844=CARTESIAN_POINT('Ctrl Pts',(-6.36659120636651,-22.4428224325046,-27.0452210281146));
#3845=CARTESIAN_POINT('Ctrl Pts',(-6.75457545111697,-22.8929805722548,-27.6700446710049));
#3846=CARTESIAN_POINT('Ctrl Pts',(-7.15852754029148,-23.3325944725313,-28.2928423740663));
#3847=CARTESIAN_POINT('Ctrl Pts',(-7.57781414026686,-23.761041456563,-28.9137614251364));
#3848=CARTESIAN_POINT('Ctrl Pts',(-7.7773755483628,-23.9649627920716,-29.2092907364772));
#3849=CARTESIAN_POINT('Ctrl Pts',(-7.9804115016515,-24.1663544238198,-29.504394522742));
#3850=CARTESIAN_POINT('Ctrl Pts',(-8.18685781081763,-24.3651488696362,-29.7990889204477));
#3851=CARTESIAN_POINT('Ctrl Pts',(-8.53529958970752,-24.7006757706171,-30.2964765491304));
#3852=CARTESIAN_POINT('Ctrl Pts',(-8.89274837833339,-25.0281216877383,-30.7917150798141));
#3853=CARTESIAN_POINT('Ctrl Pts',(-9.25890660711089,-25.3473446724541,-31.285008165352));
#3854=CARTESIAN_POINT('Ctrl Pts',(-9.45301606552656,-25.5165726067378,-31.5465149297735));
#3855=CARTESIAN_POINT('Ctrl Pts',(-9.64957404002254,-25.6834895046907,-31.8074749188265));
#3856=CARTESIAN_POINT('Ctrl Pts',(-9.84854199967815,-25.8480731089585,-32.0679181586677));
#3857=CARTESIAN_POINT('Ctrl Pts',(-10.2227009926911,-26.1575723657528,-32.5576813372452));
#3858=CARTESIAN_POINT('Ctrl Pts',(-10.605379263727,-26.4588215187957,-33.045617440477));
#3859=CARTESIAN_POINT('Ctrl Pts',(-10.9962234531601,-26.7517364677547,-33.531964867789));
#3860=CARTESIAN_POINT('Ctrl Pts',(-11.3911272554409,-27.0476938600255,-34.023363879128));
#3861=CARTESIAN_POINT('Ctrl Pts',(-11.794367702759,-27.3351432636661,-34.5131410422383));
#3862=CARTESIAN_POINT('Ctrl Pts',(-12.2056303909555,-27.6139793706873,-35.0015378304265));
#3863=CARTESIAN_POINT('Ctrl Pts',(-12.6221535684293,-27.8963820894952,-35.4961817354601));
#3864=CARTESIAN_POINT('Ctrl Pts',(-13.0469057221664,-28.1699500317152,-35.9894097307532));
#3865=CARTESIAN_POINT('Ctrl Pts',(-13.4796082644896,-28.4345508807304,-36.4814681075337));
#3866=CARTESIAN_POINT('Ctrl Pts',(-13.645110885576,-28.5357569744562,-36.669673498349));
#3867=CARTESIAN_POINT('Ctrl Pts',(-13.8117770919363,-28.6356509649469,-36.8577077318895));
#3868=CARTESIAN_POINT('Ctrl Pts',(-13.9795930245721,-28.7342244468877,-37.0455844144061));
#3869=CARTESIAN_POINT('',(-2.08791012814557,-19.0692616453251,-22.2396108770523));
#3870=CARTESIAN_POINT('Ctrl Pts',(-11.4410697710936,-29.8359948627658,-37.0455845812809));
#3871=CARTESIAN_POINT('Ctrl Pts',(-11.0232870403763,-29.534872562263,-36.5462122343569));
#3872=CARTESIAN_POINT('Ctrl Pts',(-10.6141668990755,-29.2255075159411,-36.0458906888332));
#3873=CARTESIAN_POINT('Ctrl Pts',(-10.2139417128594,-28.9080512658591,-35.5443345562484));
#3874=CARTESIAN_POINT('Ctrl Pts',(-9.8158305244436,-28.5922718263264,-35.0454276536409));
#3875=CARTESIAN_POINT('Ctrl Pts',(-9.42652035571812,-28.2684861953961,-34.5452991327872));
#3876=CARTESIAN_POINT('Ctrl Pts',(-9.04628105962922,-27.9368146095618,-34.0436787402799));
#3877=CARTESIAN_POINT('Ctrl Pts',(-8.66920869850031,-27.6079054482091,-33.5462362409415));
#3878=CARTESIAN_POINT('Ctrl Pts',(-8.3010565690877,-27.2712408999994,-33.0473265831801));
#3879=CARTESIAN_POINT('Ctrl Pts',(-7.9421312619879,-26.9269133245701,-32.5466972340432));
#3880=CARTESIAN_POINT('Ctrl Pts',(-7.82150328761744,-26.8111913703854,-32.3784452242176));
#3881=CARTESIAN_POINT('Ctrl Pts',(-7.70191786312326,-26.694603680954,-32.209999069476));
#3882=CARTESIAN_POINT('Ctrl Pts',(-7.5833877922344,-26.5771531981162,-32.0413494772806));
#3883=CARTESIAN_POINT('Ctrl Pts',(-7.22585971149061,-26.2228815318926,-31.5326434201285));
#3884=CARTESIAN_POINT('Ctrl Pts',(-6.87793014681795,-25.8607607619835,-31.0220852634491));
#3885=CARTESIAN_POINT('Ctrl Pts',(-6.53989112926565,-25.491005671066,-30.50947290692));
#3886=CARTESIAN_POINT('Ctrl Pts',(-6.32177866333646,-25.2524290852805,-30.1787207175488));
#3887=CARTESIAN_POINT('Ctrl Pts',(-6.10778476915311,-25.010673884342,-29.8471136258219));
#3888=CARTESIAN_POINT('Ctrl Pts',(-5.89799863912572,-24.7657953405863,-29.514600818648));
#3889=CARTESIAN_POINT('Ctrl Pts',(-5.56011557434816,-24.3713921793664,-28.9790532762511));
#3890=CARTESIAN_POINT('Ctrl Pts',(-5.23388337972941,-23.9697043803938,-28.4423758258825));
#3891=CARTESIAN_POINT('Ctrl Pts',(-4.91960063608246,-23.5611627071675,-27.904370237133));
#3892=CARTESIAN_POINT('Ctrl Pts',(-4.74732085839898,-23.337213190178,-27.6094527302197));
#3893=CARTESIAN_POINT('Ctrl Pts',(-4.57863227178135,-23.111203664334,-27.3141366942108));
#3894=CARTESIAN_POINT('Ctrl Pts',(-4.41358800246096,-22.8832017400315,-27.0183936528904));
#3895=CARTESIAN_POINT('Ctrl Pts',(-4.10997010334027,-22.4637659999282,-26.4743403437085));
#3896=CARTESIAN_POINT('Ctrl Pts',(-3.81868343381213,-22.0375888509187,-25.928839882839));
#3897=CARTESIAN_POINT('Ctrl Pts',(-3.54000446793899,-21.6050786348997,-25.3817397711333));
#3898=CARTESIAN_POINT('Ctrl Pts',(-3.26122835946261,-21.1724176533998,-24.8344489499175));
#3899=CARTESIAN_POINT('Ctrl Pts',(-2.99506866951282,-20.7334189148499,-24.2855572851805));
#3900=CARTESIAN_POINT('Ctrl Pts',(-2.74183436120539,-20.2884714867731,-23.7349481111658));
#3901=CARTESIAN_POINT('Ctrl Pts',(-2.51324353439515,-19.8868240909247,-23.2379214358367));
#3902=CARTESIAN_POINT('Ctrl Pts',(-2.29518520798893,-19.4803290818913,-22.739495685575));
#3903=CARTESIAN_POINT('Ctrl Pts',(-2.08790983245767,-19.0692615738178,-22.2396109437006));
#3904=CARTESIAN_POINT('Origin',(0.,0.,-22.2396108770523));
#3905=CARTESIAN_POINT('Origin',(0.,0.,-29.6425976457075));
#3906=CARTESIAN_POINT('',(-8.66666659275147,-17.1138832113336,-22.2396108770523));
#3907=CARTESIAN_POINT('Ctrl Pts',(-8.66666667149292,-17.113883168513,-22.2396108907018));
#3908=CARTESIAN_POINT('Ctrl Pts',(-9.07758487420587,-17.4986629201783,-22.8528004668336));
#3909=CARTESIAN_POINT('Ctrl Pts',(-9.50203736696561,-17.8711328715986,-23.4637296316157));
#3910=CARTESIAN_POINT('Ctrl Pts',(-9.93926579889902,-18.2308701147724,-24.0725390091582));
#3911=CARTESIAN_POINT('Ctrl Pts',(-10.3859893007418,-18.598419590691,-24.6945695936922));
#3912=CARTESIAN_POINT('Ctrl Pts',(-10.8460497719547,-18.9526776326756,-25.3143873392726));
#3913=CARTESIAN_POINT('Ctrl Pts',(-11.3186927586331,-19.2931881907961,-25.9321460107768));
#3914=CARTESIAN_POINT('Ctrl Pts',(-11.6031232245573,-19.4981030619105,-26.3039052280233));
#3915=CARTESIAN_POINT('Ctrl Pts',(-11.8921114571197,-19.6980391961527,-26.674918827768));
#3916=CARTESIAN_POINT('Ctrl Pts',(-12.185501927734,-19.892895664334,-27.0452209151426));
#3917=CARTESIAN_POINT('Ctrl Pts',(-12.6805499828078,-20.2216838331852,-27.6700446449684));
#3918=CARTESIAN_POINT('Ctrl Pts',(-13.18812894315,-20.5360106987666,-28.2928424325476));
#3919=CARTESIAN_POINT('Ctrl Pts',(-13.7074609671805,-20.8354475539754,-28.9137615726843));
#3920=CARTESIAN_POINT('Ctrl Pts',(-13.9546393241177,-20.9779658398738,-29.2092907635451));
#3921=CARTESIAN_POINT('Ctrl Pts',(-14.2044808709587,-21.1171108147033,-29.5043944308269));
#3922=CARTESIAN_POINT('Ctrl Pts',(-14.4569055926262,-21.252834817685,-29.7990887117578));
#3923=CARTESIAN_POINT('Ctrl Pts',(-14.8829502920457,-21.4819110019515,-30.2964763507804));
#3924=CARTESIAN_POINT('Ctrl Pts',(-15.3154877698152,-21.7007758150788,-30.7917148970671));
#3925=CARTESIAN_POINT('Ctrl Pts',(-15.7541931952121,-21.9093728595235,-31.2850080068599));
#3926=CARTESIAN_POINT('Ctrl Pts',(-15.9867616727357,-22.019955255441,-31.5465147511943));
#3927=CARTESIAN_POINT('Ctrl Pts',(-16.2210643575122,-22.1276517174269,-31.8074747227274));
#3928=CARTESIAN_POINT('Ctrl Pts',(-16.457058142713,-22.2324512095743,-32.0679179480982));
#3929=CARTESIAN_POINT('Ctrl Pts',(-16.9008448318765,-22.4295268215722,-32.5576818484656));
#3930=CARTESIAN_POINT('Ctrl Pts',(-17.3506090450575,-22.6163597793776,-33.04561867866));
#3931=CARTESIAN_POINT('Ctrl Pts',(-17.8059878371758,-22.792964424104,-33.5319668317738));
#3932=CARTESIAN_POINT('Ctrl Pts',(-18.2660964493426,-22.9714033839188,-34.0233664701236));
#3933=CARTESIAN_POINT('Ctrl Pts',(-18.7319371474322,-23.1394006330092,-34.5131442597659));
#3934=CARTESIAN_POINT('Ctrl Pts',(-19.2031787759115,-23.2969395810286,-35.0015416675193));
#3935=CARTESIAN_POINT('Ctrl Pts',(-19.6804478703187,-23.4564935476374,-35.4961859740112));
#3936=CARTESIAN_POINT('Ctrl Pts',(-20.163257204952,-23.6053201786763,-35.9894143649149));
#3937=CARTESIAN_POINT('Ctrl Pts',(-20.6513028263447,-23.7433672132312,-36.4814731245201));
#3938=CARTESIAN_POINT('Ctrl Pts',(-20.8379715897146,-23.7961677468241,-36.6696768418256));
#3939=CARTESIAN_POINT('Ctrl Pts',(-21.0254067753163,-23.8473909268895,-36.8577094032971));
#3940=CARTESIAN_POINT('Ctrl Pts',(-21.2135927709187,-23.8970323983211,-37.0455844144061));
#3941=CARTESIAN_POINT('',(-7.15530997707712,-17.7988102842021,-22.2396108770523));
#3942=CARTESIAN_POINT('Ctrl Pts',(-19.0664589465701,-25.642831555754,-37.0455845812809));
#3943=CARTESIAN_POINT('Ctrl Pts',(-18.5829259921536,-25.4655917829321,-36.5462112880863));
#3944=CARTESIAN_POINT('Ctrl Pts',(-18.1055105562393,-25.2780777057175,-36.0458887821608));
#3945=CARTESIAN_POINT('Ctrl Pts',(-17.63447727323,-25.0803725764995,-35.5443316780841));
#3946=CARTESIAN_POINT('Ctrl Pts',(-17.1659318227942,-24.8837116564236,-35.0454236226967));
#3947=CARTESIAN_POINT('Ctrl Pts',(-16.7037010137345,-24.6769668807879,-34.5452939371731));
#3948=CARTESIAN_POINT('Ctrl Pts',(-16.2480771320093,-24.4601812433198,-34.0436723710033));
#3949=CARTESIAN_POINT('Ctrl Pts',(-15.7962478613834,-24.2452010801017,-33.5462285023577));
#3950=CARTESIAN_POINT('Ctrl Pts',(-15.3509156950067,-24.0203464163331,-33.0473174652299));
#3951=CARTESIAN_POINT('Ctrl Pts',(-14.9124007737472,-23.7856234908139,-32.5466867294448));
#3952=CARTESIAN_POINT('Ctrl Pts',(-14.7650276592648,-23.7067394052397,-32.3784381541709));
#3953=CARTESIAN_POINT('Ctrl Pts',(-14.6184248301338,-23.6267404595515,-32.2099954421631));
#3954=CARTESIAN_POINT('Ctrl Pts',(-14.4726054081198,-23.545626032962,-32.041349301642));
#3955=CARTESIAN_POINT('Ctrl Pts',(-14.0327541311963,-23.3009516019467,-31.5326432648749));
#3956=CARTESIAN_POINT('Ctrl Pts',(-13.6000277663685,-23.0461295138805,-31.0220851343039));
#3957=CARTESIAN_POINT('Ctrl Pts',(-13.1747654616254,-22.781287793058,-30.5094728097634));
#3958=CARTESIAN_POINT('Ctrl Pts',(-12.9003739776128,-22.6104042889373,-30.1787205778232));
#3959=CARTESIAN_POINT('Ctrl Pts',(-12.6290907571322,-22.4353488726211,-29.8471134456487));
#3960=CARTESIAN_POINT('Ctrl Pts',(-12.361016597051,-22.2561507017152,-29.5146006001656));
#3961=CARTESIAN_POINT('Ctrl Pts',(-11.9292545973595,-21.9675329528488,-28.9790532313162));
#3962=CARTESIAN_POINT('Ctrl Pts',(-11.5067460406312,-21.6687573613862,-28.442375961318));
#3963=CARTESIAN_POINT('Ctrl Pts',(-11.0938946521083,-21.3601581547884,-27.9043705600302));
#3964=CARTESIAN_POINT('Ctrl Pts',(-10.867582480109,-21.1909937564991,-27.6094528867521));
#3965=CARTESIAN_POINT('Ctrl Pts',(-10.6441725461513,-21.0188768495868,-27.3141366857811));
#3966=CARTESIAN_POINT('Ctrl Pts',(-10.4237342473207,-20.8438582031199,-27.0183934808657));
#3967=CARTESIAN_POINT('Ctrl Pts',(-10.0182134335032,-20.521891900871,-26.4743409011891));
#3968=CARTESIAN_POINT('Ctrl Pts',(-9.62274773103566,-20.1901072921163,-25.928841179958));
#3969=CARTESIAN_POINT('Ctrl Pts',(-9.23771353476738,-19.8488229662235,-25.3817418121175));
#3970=CARTESIAN_POINT('Ctrl Pts',(-8.85254514047478,-19.5074196906823,-24.8344517608131));
#3971=CARTESIAN_POINT('Ctrl Pts',(-8.47781537771886,-19.1565098315581,-24.2855608703722));
#3972=CARTESIAN_POINT('Ctrl Pts',(-8.1139267254666,-18.7963846525736,-23.7349524687066));
#3973=CARTESIAN_POINT('Ctrl Pts',(-7.78544846509345,-18.4713036378808,-23.2379243563802));
#3974=CARTESIAN_POINT('Ctrl Pts',(-7.46580431596471,-18.1387130754867,-22.7394971554981));
#3975=CARTESIAN_POINT('Ctrl Pts',(-7.1553096730941,-17.7988102949969,-22.2396109436577));
#3976=CARTESIAN_POINT('Origin',(0.,0.,-22.2396108770523));
#3977=CARTESIAN_POINT('Origin',(0.,0.,-29.6425976457075));
#3978=CARTESIAN_POINT('',(-12.9625535182162,-14.1410153344256,-22.2396108770523));
#3979=CARTESIAN_POINT('Ctrl Pts',(-12.962553582497,-14.1410152719172,-22.2396108906931));
#3980=CARTESIAN_POINT('Ctrl Pts',(-13.4620457881483,-14.4006617491662,-22.8528000120636));
#3981=CARTESIAN_POINT('Ctrl Pts',(-13.9712492409264,-14.6448034117218,-23.4637287225198));
#3982=CARTESIAN_POINT('Ctrl Pts',(-14.4893196114311,-14.8732376404926,-24.0725376467627));
#3983=CARTESIAN_POINT('Ctrl Pts',(-15.0186406681567,-15.1066326660516,-24.6945677829588));
#3984=CARTESIAN_POINT('Ctrl Pts',(-15.5572181258379,-15.3236308870848,-25.3143850811671));
#3985=CARTESIAN_POINT('Ctrl Pts',(-16.1042024657741,-15.5239967204067,-25.9321433068604));
#3986=CARTESIAN_POINT('Ctrl Pts',(-16.4333716267733,-15.6445746756278,-26.3039034140613));
#3987=CARTESIAN_POINT('Ctrl Pts',(-16.7655863073207,-15.7591288195528,-26.6749178996786));
#3988=CARTESIAN_POINT('Ctrl Pts',(-17.10066951397,-15.8676039275898,-27.0452208692864));
#3989=CARTESIAN_POINT('Ctrl Pts',(-17.6660658727762,-16.0506373649218,-27.6700446340014));
#3990=CARTESIAN_POINT('Ctrl Pts',(-18.2396268415061,-16.2163649663392,-28.29284245554));
#3991=CARTESIAN_POINT('Ctrl Pts',(-18.820487761056,-16.3645837842206,-28.9137616314863));
#3992=CARTESIAN_POINT('Ctrl Pts',(-19.0969510047431,-16.4351291657187,-29.2092907739576));
#3993=CARTESIAN_POINT('Ctrl Pts',(-19.37506857071,-16.5017078101831,-29.5043943934564));
#3994=CARTESIAN_POINT('Ctrl Pts',(-19.6547505525807,-16.5642954123387,-29.7990886274946));
#3995=CARTESIAN_POINT('Ctrl Pts',(-20.1268003785276,-16.6699313439285,-30.296476270976));
#3996=CARTESIAN_POINT('Ctrl Pts',(-20.6023472176954,-16.7639828433876,-30.7917148238424));
#3997=CARTESIAN_POINT('Ctrl Pts',(-21.0810630700549,-16.8464832441522,-31.2850079436886));
#3998=CARTESIAN_POINT('Ctrl Pts',(-21.3348420403981,-16.8902187224234,-31.5465146797094));
#3999=CARTESIAN_POINT('Ctrl Pts',(-21.5895122933124,-16.9307074034238,-31.8074746439613));
#4000=CARTESIAN_POINT('Ctrl Pts',(-21.845029343182,-16.9679502907646,-32.0679178632757));
#4001=CARTESIAN_POINT('Ctrl Pts',(-22.3255298594267,-17.0379856430155,-32.5576820547331));
#4002=CARTESIAN_POINT('Ctrl Pts',(-22.8090228063612,-17.0965454430827,-33.0456191780826));
#4003=CARTESIAN_POINT('Ctrl Pts',(-23.2951625661216,-17.1437414167227,-33.531967623873));
#4004=CARTESIAN_POINT('Ctrl Pts',(-23.7863516037084,-17.1914275901014,-34.0233675150017));
#4005=CARTESIAN_POINT('Ctrl Pts',(-24.2802430292363,-17.2275127515523,-34.5131455572198));
#4006=CARTESIAN_POINT('Ctrl Pts',(-24.7765134904784,-17.2520702655618,-35.0015432147397));
#4007=CARTESIAN_POINT('Ctrl Pts',(-25.2791314589155,-17.2769418804681,-35.4961876829953));
#4008=CARTESIAN_POINT('Ctrl Pts',(-25.7841900214392,-17.289989208596,-35.9894162333052));
#4009=CARTESIAN_POINT('Ctrl Pts',(-26.2913823955556,-17.2912439274067,-36.4814751471715));
#4010=CARTESIAN_POINT('Ctrl Pts',(-26.4853736947837,-17.291723833148,-36.6696781897823));
#4011=CARTESIAN_POINT('Ctrl Pts',(-26.6796774280323,-17.2904781107424,-36.8577100771411));
#4012=CARTESIAN_POINT('Ctrl Pts',(-26.8742773871758,-17.28750677842,-37.0455844144061));
#4013=CARTESIAN_POINT('',(-11.6920332183739,-15.208302588439,-22.2396108770523));
#4014=CARTESIAN_POINT('Ctrl Pts',(-25.2777760852254,-19.5478567404007,-37.0455845812809));
#4015=CARTESIAN_POINT('Ctrl Pts',(-24.7643544655525,-19.5076450772686,-36.5462106457216));
#4016=CARTESIAN_POINT('Ctrl Pts',(-24.2540515388844,-19.4558895625488,-36.045887487802));
#4017=CARTESIAN_POINT('Ctrl Pts',(-23.7471445913334,-19.3925989779144,-35.5443297241832));
#4018=CARTESIAN_POINT('Ctrl Pts',(-23.2429148203279,-19.3296426559479,-35.0454208859489));
#4019=CARTESIAN_POINT('Ctrl Pts',(-22.7420449433083,-19.2552726944392,-34.5452904094866));
#4020=CARTESIAN_POINT('Ctrl Pts',(-22.2448280112407,-19.1694516488695,-34.043668046269));
#4021=CARTESIAN_POINT('Ctrl Pts',(-21.7517519545766,-19.0843453300796,-33.5462232473532));
#4022=CARTESIAN_POINT('Ctrl Pts',(-21.2622679778613,-18.9879777435704,-33.0473112731201));
#4023=CARTESIAN_POINT('Ctrl Pts',(-20.7766860380946,-18.8802685374994,-32.5466795952958));
#4024=CARTESIAN_POINT('Ctrl Pts',(-20.613497529255,-18.8440709294593,-32.3784333524037));
#4025=CARTESIAN_POINT('Ctrl Pts',(-20.4507499440946,-18.8065920199138,-32.2099929783357));
#4026=CARTESIAN_POINT('Ctrl Pts',(-20.2884557498941,-18.7678276716125,-32.0413491818278));
#4027=CARTESIAN_POINT('Ctrl Pts',(-19.798902999483,-18.6508968508749,-31.5326431567791));
#4028=CARTESIAN_POINT('Ctrl Pts',(-19.3134731489222,-18.5222724168083,-31.0220850418175));
#4029=CARTESIAN_POINT('Ctrl Pts',(-18.83252730848,-18.3819861424936,-30.5094727368796));
#4030=CARTESIAN_POINT('Ctrl Pts',(-18.5222071668381,-18.2914693881003,-30.1787204781025));
#4031=CARTESIAN_POINT('Ctrl Pts',(-18.2137544588031,-18.1960968336418,-29.8471133205497));
#4032=CARTESIAN_POINT('Ctrl Pts',(-17.9072741096036,-18.0958693600712,-29.5146004511586));
#4033=CARTESIAN_POINT('Ctrl Pts',(-17.413654990127,-17.9344423799043,-28.9790531959073));
#4034=CARTESIAN_POINT('Ctrl Pts',(-16.9262056167169,-17.7607377085166,-28.4423760441401));
#4035=CARTESIAN_POINT('Ctrl Pts',(-16.4454049145396,-17.574968252056,-27.9043707658919));
#4036=CARTESIAN_POINT('Ctrl Pts',(-16.1818449042891,-17.4731352064152,-27.6094529839339));
#4037=CARTESIAN_POINT('Ctrl Pts',(-15.9202829333109,-17.367676125374,-27.3141366752514));
#4038=CARTESIAN_POINT('Ctrl Pts',(-15.6607995223391,-17.2586211717107,-27.0183933635696));
#4039=CARTESIAN_POINT('Ctrl Pts',(-15.1834514865029,-17.058002690034,-26.4743412855799));
#4040=CARTESIAN_POINT('Ctrl Pts',(-14.7131367296043,-16.8452171863745,-25.9288420729647));
#4041=CARTESIAN_POINT('Ctrl Pts',(-14.2503036422373,-16.6204698729984,-25.3817432166468));
#4042=CARTESIAN_POINT('Ctrl Pts',(-13.7873092561277,-16.3956442344982,-24.8344536947087));
#4043=CARTESIAN_POINT('Ctrl Pts',(-13.3318015476227,-16.1588482528631,-24.285563336649));
#4044=CARTESIAN_POINT('Ctrl Pts',(-12.8842466516913,-15.9102537902303,-23.7349554660662));
#4045=CARTESIAN_POINT('Ctrl Pts',(-12.4802426056614,-15.6858496564865,-23.2379263652484));
#4046=CARTESIAN_POINT('Ctrl Pts',(-12.0827190510879,-15.4518309831964,-22.7394981665381));
#4047=CARTESIAN_POINT('Ctrl Pts',(-11.6920329285738,-15.2083026807585,-22.2396109436284));
#4048=CARTESIAN_POINT('Origin',(0.,0.,-22.2396108770523));
#4049=CARTESIAN_POINT('Origin',(0.,0.,-29.6425976457075));
#4050=CARTESIAN_POINT('',(-16.2970671489714,-10.1193730410038,-22.2396108770523));
#4051=CARTESIAN_POINT('Ctrl Pts',(-16.2970671939882,-10.1193729636298,-22.239610890734));
#4052=CARTESIAN_POINT('Ctrl Pts',(-16.8480906004773,-10.2346300712523,-22.8528021784117));
#4053=CARTESIAN_POINT('Ctrl Pts',(-17.4042820170795,-10.3323371905737,-23.4637330528675));
#4054=CARTESIAN_POINT('Ctrl Pts',(-17.9647737559112,-10.4125269861846,-24.072544136158));
#4055=CARTESIAN_POINT('Ctrl Pts',(-18.5374373583914,-10.4944582155946,-24.6945764053825));
#4056=CARTESIAN_POINT('Ctrl Pts',(-19.1145903334505,-10.5581032329494,-25.31439583197));
#4057=CARTESIAN_POINT('Ctrl Pts',(-19.6953511032435,-10.6034643599238,-25.9321561787325));
#4058=CARTESIAN_POINT('Ctrl Pts',(-20.0448413648892,-10.630761782476,-26.303912048712));
#4059=CARTESIAN_POINT('Ctrl Pts',(-20.395638976128,-10.6514372520748,-26.6749223165824));
#4060=CARTESIAN_POINT('Ctrl Pts',(-20.7475586153176,-10.665485338375,-27.0452210858494));
#4061=CARTESIAN_POINT('Ctrl Pts',(-21.3413701896065,-10.6891893756399,-27.6700446837653));
#4062=CARTESIAN_POINT('Ctrl Pts',(-21.9383745597257,-10.6940265324585,-28.2928423431599));
#4063=CARTESIAN_POINT('Ctrl Pts',(-22.5376843640302,-10.6800346590578,-28.9137613482439));
#4064=CARTESIAN_POINT('Ctrl Pts',(-22.8229287350672,-10.6733751599154,-29.2092907218633));
#4065=CARTESIAN_POINT('Ctrl Pts',(-23.1086958695771,-10.6624496774971,-29.5043945696403));
#4066=CARTESIAN_POINT('Ctrl Pts',(-23.3948926361236,-10.6472590632017,-29.7990890277213));
#4067=CARTESIAN_POINT('Ctrl Pts',(-23.8779377892878,-10.6216202249375,-30.2964766514868));
#4068=CARTESIAN_POINT('Ctrl Pts',(-24.361224830552,-10.5838830336756,-30.7917151745424));
#4069=CARTESIAN_POINT('Ctrl Pts',(-24.844446910078,-10.5341680752182,-31.285008247977));
#4070=CARTESIAN_POINT('Ctrl Pts',(-25.1006148033057,-10.5078129546442,-31.5465150224388));
#4071=CARTESIAN_POINT('Ctrl Pts',(-25.3567649496392,-10.4780909630294,-31.8074750202065));
#4072=CARTESIAN_POINT('Ctrl Pts',(-25.6128547829504,-10.4450150681378,-32.0679182671858));
#4073=CARTESIAN_POINT('Ctrl Pts',(-26.0944310076312,-10.3828159390904,-32.5576810742532));
#4074=CARTESIAN_POINT('Ctrl Pts',(-26.5757926164868,-10.3087594908019,-33.045616803283));
#4075=CARTESIAN_POINT('Ctrl Pts',(-27.0566369621642,-10.223046574026,-33.5319638569761));
#4076=CARTESIAN_POINT('Ctrl Pts',(-27.5424757865965,-10.1364433663571,-34.0233625454635));
#4077=CARTESIAN_POINT('Ctrl Pts',(-28.027786869731,-10.0379402975187,-34.5131393859544));
#4078=CARTESIAN_POINT('Ctrl Pts',(-28.5122786539402,-9.9276952730457,-35.0015358551096));
#4079=CARTESIAN_POINT('Ctrl Pts',(-29.002967721179,-9.81604007064698,-35.4961795533173));
#4080=CARTESIAN_POINT('Ctrl Pts',(-29.492816731514,-9.69234064593939,-35.9894073447953));
#4081=CARTESIAN_POINT('Ctrl Pts',(-29.981538834917,-9.55671029396215,-36.4814655243576));
#4082=CARTESIAN_POINT('Ctrl Pts',(-30.1684690789532,-9.50483333849549,-36.6696717768374));
#4083=CARTESIAN_POINT('Ctrl Pts',(-30.3552345985682,-9.45121039845829,-36.8577068713027));
#4084=CARTESIAN_POINT('Ctrl Pts',(-30.5418197912645,-9.39584586584458,-37.0455844144061));
#4085=CARTESIAN_POINT('',(-15.3616118433568,-11.4898646630462,-22.2396108770523));
#4086=CARTESIAN_POINT('Ctrl Pts',(-29.6143562097705,-12.0031068161059,-37.0455845812809));
#4087=CARTESIAN_POINT('Ctrl Pts',(-29.1091245216314,-12.1029058369594,-36.5462104895711));
#4088=CARTESIAN_POINT('Ctrl Pts',(-28.6037813797785,-12.1907476561277,-36.045887173156));
#4089=CARTESIAN_POINT('Ctrl Pts',(-28.0985961588856,-12.2665659217667,-35.5443292492046));
#4090=CARTESIAN_POINT('Ctrl Pts',(-27.5960789903469,-12.341983765751,-35.0454202206372));
#4091=CARTESIAN_POINT('Ctrl Pts',(-27.0937177573265,-12.405504717907,-34.5452895518722));
#4092=CARTESIAN_POINT('Ctrl Pts',(-26.5917845431445,-12.4570136610316,-34.0436669948665));
#4093=CARTESIAN_POINT('Ctrl Pts',(-26.0940314479939,-12.508093635705,-33.5462219697275));
#4094=CARTESIAN_POINT('Ctrl Pts',(-25.5966989756018,-12.5473607985039,-33.0473097676087));
#4095=CARTESIAN_POINT('Ctrl Pts',(-25.1000639122279,-12.5746541547524,-32.5466778607005));
#4096=CARTESIAN_POINT('Ctrl Pts',(-24.9331614421304,-12.5838265408989,-32.3784321848818));
#4097=CARTESIAN_POINT('Ctrl Pts',(-24.7663378537388,-12.5916461893395,-32.2099923792388));
#4098=CARTESIAN_POINT('Ctrl Pts',(-24.5996040357482,-12.5981057528088,-32.0413491526327));
#4099=CARTESIAN_POINT('Ctrl Pts',(-24.0966576733842,-12.6175907858303,-31.5326431301768));
#4100=CARTESIAN_POINT('Ctrl Pts',(-23.5945264256218,-12.6247034956142,-31.0220850187543));
#4101=CARTESIAN_POINT('Ctrl Pts',(-23.0935665834801,-12.6193770501146,-30.5094727183265));
#4102=CARTESIAN_POINT('Ctrl Pts',(-22.7703328211413,-12.615940273603,-30.1787204532745));
#4103=CARTESIAN_POINT('Ctrl Pts',(-22.4475871644219,-12.6073239369787,-29.8471132898036));
#4104=CARTESIAN_POINT('Ctrl Pts',(-22.1254308851655,-12.5935005798967,-29.5146004148541));
#4105=CARTESIAN_POINT('Ctrl Pts',(-21.6065640520796,-12.571236598177,-28.9790531867133));
#4106=CARTESIAN_POINT('Ctrl Pts',(-21.0903256937811,-12.5354856425056,-28.442376063183));
#4107=CARTESIAN_POINT('Ctrl Pts',(-20.5772344162172,-12.4863235107748,-27.9043708143399));
#4108=CARTESIAN_POINT('Ctrl Pts',(-20.2959736754705,-12.4593743533988,-27.6094530064721));
#4109=CARTESIAN_POINT('Ctrl Pts',(-20.0156585890034,-12.4283945593862,-27.3141366721169));
#4110=CARTESIAN_POINT('Ctrl Pts',(-19.736374829351,-12.3933914486579,-27.0183933349943));
#4111=CARTESIAN_POINT('Ctrl Pts',(-19.222602052626,-12.3289994288165,-26.4743413797339));
#4112=CARTESIAN_POINT('Ctrl Pts',(-18.7123191172874,-12.2509940256258,-25.9288422915383));
#4113=CARTESIAN_POINT('Ctrl Pts',(-18.2060131509316,-12.15945186423,-25.381743560351));
#4114=CARTESIAN_POINT('Ctrl Pts',(-17.6995307393924,-12.0678778008332,-24.8344541678987));
#4115=CARTESIAN_POINT('Ctrl Pts',(-17.1970278168435,-11.9627574113122,-24.2855639400622));
#4116=CARTESIAN_POINT('Ctrl Pts',(-16.6989995994404,-11.8441304199371,-23.7349561993897));
#4117=CARTESIAN_POINT('Ctrl Pts',(-16.2494333851666,-11.7370467536716,-23.2379268567259));
#4118=CARTESIAN_POINT('Ctrl Pts',(-15.8035133788475,-11.6189566516267,-22.7394984138891));
#4119=CARTESIAN_POINT('Ctrl Pts',(-15.3616115892044,-11.4898648301087,-22.2396109436213));
#4120=CARTESIAN_POINT('Origin',(0.,0.,-22.2396108770523));
#4121=CARTESIAN_POINT('Origin',(0.,0.,-29.6425976457075));
#4122=CARTESIAN_POINT('',(-18.4229018634088,-5.34722314218214,-22.2396108770523));
#4123=CARTESIAN_POINT('Ctrl Pts',(-18.4229018859222,-5.347223055786,-22.2396108907971));
#4124=CARTESIAN_POINT('Ctrl Pts',(-18.9845911000687,-5.30954156837316,-22.8528057321308));
#4125=CARTESIAN_POINT('Ctrl Pts',(-19.546521766945,-5.25356645381582,-23.4637401551459));
#4126=CARTESIAN_POINT('Ctrl Pts',(-20.1078671726254,-5.17956322367647,-24.0725547785236));
#4127=CARTESIAN_POINT('Ctrl Pts',(-20.6814028580569,-5.10395292582311,-24.6945905318873));
#4128=CARTESIAN_POINT('Ctrl Pts',(-21.2543278788888,-5.00952313197996,-25.3144134347173));
#4129=CARTESIAN_POINT('Ctrl Pts',(-21.8257939602217,-4.89651388122977,-25.9321772464435));
#4130=CARTESIAN_POINT('Ctrl Pts',(-22.1696825159394,-4.82850881620023,-26.3039261777076));
#4131=CARTESIAN_POINT('Ctrl Pts',(-22.5130433806556,-4.75377488960426,-26.6749295389822));
#4132=CARTESIAN_POINT('Ctrl Pts',(-22.8556966498257,-4.67235685908931,-27.0452214305951));
#4133=CARTESIAN_POINT('Ctrl Pts',(-23.4338830979348,-4.53497366123017,-27.6700447515395));
#4134=CARTESIAN_POINT('Ctrl Pts',(-24.0100537359245,-4.37856179835369,-28.292842142864));
#4135=CARTESIAN_POINT('Ctrl Pts',(-24.5833642957577,-4.20339711314062,-28.9137608661114));
#4136=CARTESIAN_POINT('Ctrl Pts',(-24.8562346791534,-4.12002649665418,-29.2092906224783));
#4137=CARTESIAN_POINT('Ctrl Pts',(-25.1284574877187,-4.03240703072079,-29.5043948484042));
#4138=CARTESIAN_POINT('Ctrl Pts',(-25.3999432702742,-3.9405646606699,-29.7990896777186));
#4139=CARTESIAN_POINT('Ctrl Pts',(-25.8581585098334,-3.78555258895609,-30.2964772776941));
#4140=CARTESIAN_POINT('Ctrl Pts',(-26.3133425558129,-3.61882551328323,-30.7917157604502));
#4141=CARTESIAN_POINT('Ctrl Pts',(-26.7652324584896,-3.44058232976091,-31.2850087660511));
#4142=CARTESIAN_POINT('Ctrl Pts',(-27.0047904799198,-3.34609120675708,-31.5465155970448));
#4143=CARTESIAN_POINT('Ctrl Pts',(-27.2434230332173,-3.24836284129292,-31.8074756432263));
#4144=CARTESIAN_POINT('Ctrl Pts',(-27.4810926275426,-3.14742120372616,-32.0679189289277));
#4145=CARTESIAN_POINT('Ctrl Pts',(-27.9280275162687,-2.95760163643231,-32.5576794775787));
#4146=CARTESIAN_POINT('Ctrl Pts',(-28.3715566775365,-2.75642241664319,-33.0456129313865));
#4147=CARTESIAN_POINT('Ctrl Pts',(-28.8114429026871,-2.54415862934576,-33.531957713185));
#4148=CARTESIAN_POINT('Ctrl Pts',(-29.2558984783559,-2.32968993634542,-34.0233544371759));
#4149=CARTESIAN_POINT('Ctrl Pts',(-29.6966353572359,-2.10390512243372,-34.5131293143685));
#4150=CARTESIAN_POINT('Ctrl Pts',(-30.1334154222128,-1.86703492925974,-35.0015238420373));
#4151=CARTESIAN_POINT('Ctrl Pts',(-30.5757831064538,-1.62713451433211,-35.4961662800161));
#4152=CARTESIAN_POINT('Ctrl Pts',(-31.014092427551,-1.37586323309707,-35.9893928295823));
#4153=CARTESIAN_POINT('Ctrl Pts',(-31.4480977651196,-1.11340760294377,-36.4814498075756));
#4154=CARTESIAN_POINT('Ctrl Pts',(-31.6141045429953,-1.01301848390399,-36.6696613026358));
#4155=CARTESIAN_POINT('Ctrl Pts',(-31.7794816145407,-0.91099248536812,-36.8577016352093));
#4156=CARTESIAN_POINT('Ctrl Pts',(-31.9442151409637,-0.807338048534258,
-37.0455844144061));
#4157=CARTESIAN_POINT('',(-17.891889992616,-6.91927603822863,-22.2396108770523));
#4158=CARTESIAN_POINT('Ctrl Pts',(-31.7545750109019,-3.56814136982057,-37.0455845812809));
#4159=CARTESIAN_POINT('Ctrl Pts',(-31.295005700968,-3.80054865993655,-36.5462121880507));
#4160=CARTESIAN_POINT('Ctrl Pts',(-30.8321031313315,-4.02147236202282,-36.045890595531));
#4161=CARTESIAN_POINT('Ctrl Pts',(-30.3661087580312,-4.23077588195828,-35.5443344154083));
#4162=CARTESIAN_POINT('Ctrl Pts',(-29.9025757682851,-4.43897386012903,-35.0454274564006));
#4163=CARTESIAN_POINT('Ctrl Pts',(-29.435983239606,-4.63567417082474,-34.5452988785656));
#4164=CARTESIAN_POINT('Ctrl Pts',(-28.9665620788869,-4.82069253290699,-34.0436784286373));
#4165=CARTESIAN_POINT('Ctrl Pts',(-28.5010506211596,-5.00416991877361,-33.5462358623196));
#4166=CARTESIAN_POINT('Ctrl Pts',(-28.0327571561076,-5.17615917724824,-33.0473261370869));
#4167=CARTESIAN_POINT('Ctrl Pts',(-27.5619047409024,-5.33643058318086,-32.5466967201218));
#4168=CARTESIAN_POINT('Ctrl Pts',(-27.4036603721459,-5.39029469567665,-32.3784448783339));
#4169=CARTESIAN_POINT('Ctrl Pts',(-27.2451269712747,-5.44283485175075,-32.2099988920301));
#4170=CARTESIAN_POINT('Ctrl Pts',(-27.0863130408558,-5.49404103665928,-32.04134946871));
#4171=CARTESIAN_POINT('Ctrl Pts',(-26.6072742952682,-5.64849692425182,-31.5326434126462));
#4172=CARTESIAN_POINT('Ctrl Pts',(-26.1256823891769,-5.79081933417983,-31.0220852573351));
#4173=CARTESIAN_POINT('Ctrl Pts',(-25.6418623780057,-5.92084779028708,-30.509472902462));
#4174=CARTESIAN_POINT('Ctrl Pts',(-25.3296878322971,-6.00474587899202,-30.1787207109193));
#4175=CARTESIAN_POINT('Ctrl Pts',(-25.0165858523436,-6.08352477931864,-29.8471136171238));
#4176=CARTESIAN_POINT('Ctrl Pts',(-24.7026465478875,-6.15713072748355,-29.5146008079853));
#4177=CARTESIAN_POINT('Ctrl Pts',(-24.1970136350422,-6.27568099960505,-28.9790532742578));
#4178=CARTESIAN_POINT('Ctrl Pts',(-23.6902729587208,-6.38053523047904,-28.4423758328925));
#4179=CARTESIAN_POINT('Ctrl Pts',(-23.1829443537738,-6.47162649370875,-27.9043702534935));
#4180=CARTESIAN_POINT('Ctrl Pts',(-22.9048429784224,-6.52155982161429,-27.6094527382605));
#4181=CARTESIAN_POINT('Ctrl Pts',(-22.6265647332169,-6.56735684597577,-27.3141366939998));
#4182=CARTESIAN_POINT('Ctrl Pts',(-22.3481940899137,-6.609001501953,-27.0183936444939));
#4183=CARTESIAN_POINT('Ctrl Pts',(-21.8360993507156,-6.68561162501984,-26.4743403707389));
#4184=CARTESIAN_POINT('Ctrl Pts',(-21.3236921820952,-6.74817154749437,-25.9288399457899));
#4185=CARTESIAN_POINT('Ctrl Pts',(-20.8114623403178,-6.79662365522806,-25.3817398702102));
#4186=CARTESIAN_POINT('Ctrl Pts',(-20.2990539453705,-6.84509265240613,-24.8344490863882));
#4187=CARTESIAN_POINT('Ctrl Pts',(-19.7868227224557,-6.87944393938039,-24.2855574592578));
#4188=CARTESIAN_POINT('Ctrl Pts',(-19.2752562614646,-6.89958218796717,-23.7349483227537));
#4189=CARTESIAN_POINT('Ctrl Pts',(-18.8134727636015,-6.91776068789311,-23.2379215776506));
#4190=CARTESIAN_POINT('Ctrl Pts',(-18.3522307764415,-6.92435731502954,-22.739495756952));
#4191=CARTESIAN_POINT('Ctrl Pts',(-17.8918897930867,-6.91927626786222,-22.2396109436986));
#4192=CARTESIAN_POINT('Origin',(0.,0.,-22.2396108770523));
#4193=CARTESIAN_POINT('Origin',(0.,0.,-29.6425976457075));
#4194=CARTESIAN_POINT('',(-19.1823942258052,-0.178494164822994,-22.2396108770523));
#4195=CARTESIAN_POINT('Ctrl Pts',(-19.1823942240995,-0.178494075394329,
-22.2396108907537));
#4196=CARTESIAN_POINT('Ctrl Pts',(-19.7130859907257,0.00933126173389429,
-22.8528032555106));
#4197=CARTESIAN_POINT('Ctrl Pts',(-20.2390747078798,0.214836902981757,-23.4637352056752));
#4198=CARTESIAN_POINT('Ctrl Pts',(-20.7596359702697,0.437544113243382,-24.072547362153));
#4199=CARTESIAN_POINT('Ctrl Pts',(-21.2915019171335,0.665087708622261,-24.6945806893748));
#4200=CARTESIAN_POINT('Ctrl Pts',(-21.8177024355992,0.910588053602631,-25.3144011716021));
#4201=CARTESIAN_POINT('Ctrl Pts',(-22.3374854867333,1.17358512232972,-25.9321625704912));
#4202=CARTESIAN_POINT('Ctrl Pts',(-22.6502782684601,1.33185035343649,-26.3039163357983));
#4203=CARTESIAN_POINT('Ctrl Pts',(-22.9607474411394,1.49645271618174,-26.6749245087085));
#4204=CARTESIAN_POINT('Ctrl Pts',(-23.2687318426892,1.66730056470618,-27.0452211917356));
#4205=CARTESIAN_POINT('Ctrl Pts',(-23.7884121557582,1.95558225352403,-27.670044706159));
#4206=CARTESIAN_POINT('Ctrl Pts',(-24.3010175303149,2.26164310188718,-28.292842284591));
#4207=CARTESIAN_POINT('Ctrl Pts',(-24.8058094459014,2.58498971226645,-28.9137612044685));
#4208=CARTESIAN_POINT('Ctrl Pts',(-25.0460677021101,2.73888816103709,-29.2092906936115));
#4209=CARTESIAN_POINT('Ctrl Pts',(-25.2845560781841,2.89670317384573,-29.5043946555038));
#4210=CARTESIAN_POINT('Ctrl Pts',(-25.5211954422369,3.05838563370245,-29.7990892255997));
#4211=CARTESIAN_POINT('Ctrl Pts',(-25.9205970632459,3.33127445257745,-30.2964768410178));
#4212=CARTESIAN_POINT('Ctrl Pts',(-26.3139192411947,3.61462602772334,-30.7917153507154));
#4213=CARTESIAN_POINT('Ctrl Pts',(-26.7009624481043,3.90817789452302,-31.2850084024868));
#4214=CARTESIAN_POINT('Ctrl Pts',(-26.9061435817539,4.06379696686333,-31.5465151949507));
#4215=CARTESIAN_POINT('Ctrl Pts',(-27.1095601765055,4.22228354105123,-31.8074752082651));
#4216=CARTESIAN_POINT('Ctrl Pts',(-27.3111826002868,4.38360442056199,-32.0679184678661));
#4217=CARTESIAN_POINT('Ctrl Pts',(-27.6903324621085,4.68696744947691,-32.5576805887561));
#4218=CARTESIAN_POINT('Ctrl Pts',(-28.0631380833676,5.00035007251116,-33.0456156265837));
#4219=CARTESIAN_POINT('Ctrl Pts',(-28.4294452453012,5.32342342186694,-33.5319619901253));
#4220=CARTESIAN_POINT('Ctrl Pts',(-28.7995572764327,5.64985256647705,-34.0233600820809));
#4221=CARTESIAN_POINT('Ctrl Pts',(-29.1630354301691,5.98617495611646,-34.5131363264434));
#4222=CARTESIAN_POINT('Ctrl Pts',(-29.5197126493511,6.3321041778322,-35.0015322060954));
#4223=CARTESIAN_POINT('Ctrl Pts',(-29.8809523930384,6.68245843839617,-35.4961755219428));
#4224=CARTESIAN_POINT('Ctrl Pts',(-30.2352164077443,7.0426670158667,-35.9894029366231));
#4225=CARTESIAN_POINT('Ctrl Pts',(-30.5823184796882,7.41248405871258,-36.481460751601));
#4226=CARTESIAN_POINT('Ctrl Pts',(-30.7150820103109,7.55393586860146,-36.6696685961151));
#4227=CARTESIAN_POINT('Ctrl Pts',(-30.8467975962566,7.69679391525041,-36.8577052812512));
#4228=CARTESIAN_POINT('Ctrl Pts',(-30.977454188718,7.84104633851007,-37.0455844144061));
#4229=CARTESIAN_POINT('',(-19.0952085110733,-1.83551636323724,-22.2396108770523));
#4230=CARTESIAN_POINT('Ctrl Pts',(-31.5397022509952,5.13145679870393,-37.0455845812758));
#4231=CARTESIAN_POINT('Ctrl Pts',(-31.1598782643224,4.78367795249448,-36.5462128587382));
#4232=CARTESIAN_POINT('Ctrl Pts',(-30.7737464327101,4.44605750453451,-36.0458919468894));
#4233=CARTESIAN_POINT('Ctrl Pts',(-30.3815023922137,4.11879213473827,-35.5443364552777));
#4234=CARTESIAN_POINT('Ctrl Pts',(-29.9913302889474,3.79325546757054,-35.0454303130219));
#4235=CARTESIAN_POINT('Ctrl Pts',(-29.5951101020189,3.47796460696397,-34.5453025603447));
#4236=CARTESIAN_POINT('Ctrl Pts',(-29.1930144435748,3.1731593050015,-34.0436829419436));
#4237=CARTESIAN_POINT('Ctrl Pts',(-28.7942678655706,2.87089274588131,-33.5462413454062));
#4238=CARTESIAN_POINT('Ctrl Pts',(-28.3897430071985,2.57893768537244,-33.0473325970767));
#4239=CARTESIAN_POINT('Ctrl Pts',(-27.979592661181,2.2975755160878,-32.5467041621857));
#4240=CARTESIAN_POINT('Ctrl Pts',(-27.8417468170675,2.20301359238537,-32.3784498869795));
#4241=CARTESIAN_POINT('Ctrl Pts',(-27.7032654398444,2.10964858463112,-32.2100014614617));
#4242=CARTESIAN_POINT('Ctrl Pts',(-27.5641540145692,2.01749243098713,-32.0413495925953));
#4243=CARTESIAN_POINT('Ctrl Pts',(-27.1445510342135,1.73952103754728,-31.532643519899));
#4244=CARTESIAN_POINT('Ctrl Pts',(-26.7192159805523,1.47254435599451,-31.0220853439047));
#4245=CARTESIAN_POINT('Ctrl Pts',(-26.2884185625834,1.21680460987667,-30.5094729641822));
#4246=CARTESIAN_POINT('Ctrl Pts',(-26.010455755153,1.05179401594688,-30.1787208049351));
#4247=CARTESIAN_POINT('Ctrl Pts',(-25.7302187594469,0.891462561171563,-29.8471137419506));
#4248=CARTESIAN_POINT('Ctrl Pts',(-25.4477798393234,0.735886326745242,-29.5146009621268));
#4249=CARTESIAN_POINT('Ctrl Pts',(-24.9928815248837,0.485314037430254,-28.9790533010466));
#4250=CARTESIAN_POINT('Ctrl Pts',(-24.5332213635099,0.247631047375403,-28.442375727494));
#4251=CARTESIAN_POINT('Ctrl Pts',(-24.0692818611833,0.0230420502026032,
-27.904370010876));
#4252=CARTESIAN_POINT('Ctrl Pts',(-23.8149651796387,-0.100070399127505,
-27.6094526179484));
#4253=CARTESIAN_POINT('Ctrl Pts',(-23.5593622244073,-0.219247650050981,
-27.3141366950156));
#4254=CARTESIAN_POINT('Ctrl Pts',(-23.3025500011666,-0.334451443442299,
-27.0183937658861));
#4255=CARTESIAN_POINT('Ctrl Pts',(-22.8301138138316,-0.546382325195238,
-26.4743399817392));
#4256=CARTESIAN_POINT('Ctrl Pts',(-22.3535860706514,-0.744868285752895,
-25.928839039268));
#4257=CARTESIAN_POINT('Ctrl Pts',(-21.8734228323665,-0.929721721140608,
-25.3817384432087));
#4258=CARTESIAN_POINT('Ctrl Pts',(-21.3930922027997,-1.11463959889097,-24.8344471206155));
#4259=CARTESIAN_POINT('Ctrl Pts',(-20.9091232590454,-1.28591546380222,-24.2855549516458));
#4260=CARTESIAN_POINT('Ctrl Pts',(-20.4219598010334,-1.44332598107764,-23.7349452747062));
#4261=CARTESIAN_POINT('Ctrl Pts',(-19.982205854901,-1.58541770613657,-23.2379195347195));
#4262=CARTESIAN_POINT('Ctrl Pts',(-19.5398486081307,-1.71621100212822,-22.7394947287016));
#4263=CARTESIAN_POINT('Ctrl Pts',(-19.0952083809649,-1.83551663824861,-22.2396109437289));
#4264=CARTESIAN_POINT('Origin',(0.,0.,-22.2396108770523));
#4265=CARTESIAN_POINT('Origin',(0.,0.,-29.6425976457075));
#4266=CARTESIAN_POINT('',(-18.519216162088,5.00347290818462,-22.2396108770523));
#4267=CARTESIAN_POINT('Ctrl Pts',(-18.5192161362178,5.00347299395218,-22.2396108907152));
#4268=CARTESIAN_POINT('Ctrl Pts',(-18.9795521760491,5.32751108407379,-22.8528011701486));
#4269=CARTESIAN_POINT('Ctrl Pts',(-19.4305895091416,5.66730490826816,-23.463731037508));
#4270=CARTESIAN_POINT('Ctrl Pts',(-19.8717597748841,6.02219802589864,-24.0725411160265));
#4271=CARTESIAN_POINT('Ctrl Pts',(-20.3225106963838,6.38479816518194,-24.6945723933356));
#4272=CARTESIAN_POINT('Ctrl Pts',(-20.7629616561052,6.76316056980865,-25.3143908301868));
#4273=CARTESIAN_POINT('Ctrl Pts',(-21.1925126373729,7.15663935793009,-25.932150190575));
#4274=CARTESIAN_POINT('Ctrl Pts',(-21.4510096441396,7.3934286876981,-26.3039080319637));
#4275=CARTESIAN_POINT('Ctrl Pts',(-21.705559383152,7.63569336799285,-26.6749202621696));
#4276=CARTESIAN_POINT('Ctrl Pts',(-21.9560313933515,7.88330166106377,-27.0452209856491));
#4277=CARTESIAN_POINT('Ctrl Pts',(-22.3786631414405,8.3011013411898,-27.6700446613887));
#4278=CARTESIAN_POINT('Ctrl Pts',(-22.7896855463798,8.73411207429375,-28.292842396369));
#4279=CARTESIAN_POINT('Ctrl Pts',(-23.1885206062863,9.18165951056234,-28.9137614810661));
#4280=CARTESIAN_POINT('Ctrl Pts',(-23.3783479692197,9.39467175084628,-29.2092907469002));
#4281=CARTESIAN_POINT('Ctrl Pts',(-23.5654144160986,9.61097780143366,-29.5043944882215));
#4282=CARTESIAN_POINT('Ctrl Pts',(-23.7496570028664,9.83050901758053,-29.7990888418161));
#4283=CARTESIAN_POINT('Ctrl Pts',(-24.0606232053459,10.2010356683875,-30.2964764742757));
#4284=CARTESIAN_POINT('Ctrl Pts',(-24.3629126059569,10.5799968635396,-30.7917150107209));
#4285=CARTESIAN_POINT('Ctrl Pts',(-24.6564038954743,10.9670860404797,-31.2850081052884));
#4286=CARTESIAN_POINT('Ctrl Pts',(-24.8119908196713,11.1722914982944,-31.5465148622269));
#4287=CARTESIAN_POINT('Ctrl Pts',(-24.965105004079,11.3797820526891,-31.8074748447658));
#4288=CARTESIAN_POINT('Ctrl Pts',(-25.1157268729004,11.5895177437112,-32.0679180792446));
#4289=CARTESIAN_POINT('Ctrl Pts',(-25.3989712672886,11.9839256690011,-32.5576815299288));
#4290=CARTESIAN_POINT('Ctrl Pts',(-25.6734034111258,12.3862700115608,-33.045617907226));
#4291=CARTESIAN_POINT('Ctrl Pts',(-25.9389635097064,12.7961924976477,-33.5319656081701));
#4292=CARTESIAN_POINT('Ctrl Pts',(-26.2072819008969,13.2103727249014,-34.0233648559261));
#4293=CARTESIAN_POINT('Ctrl Pts',(-26.4665432179278,13.6322895637476,-34.5131422552772));
#4294=CARTESIAN_POINT('Ctrl Pts',(-26.7166638494263,14.0616221580003,-35.0015392770795));
#4295=CARTESIAN_POINT('Ctrl Pts',(-26.9699837474602,14.4964463000439,-35.4961833335166));
#4296=CARTESIAN_POINT('Ctrl Pts',(-27.2139278911309,14.9388773341993,-35.9894114780084));
#4297=CARTESIAN_POINT('Ctrl Pts',(-27.4483832791249,15.3886282943769,-36.4814699991626));
#4298=CARTESIAN_POINT('Ctrl Pts',(-27.5380588321144,15.5606510676924,-36.6696747589903));
#4299=CARTESIAN_POINT('Ctrl Pts',(-27.6263459430208,15.7337451659208,-36.8577083620859));
#4300=CARTESIAN_POINT('Ctrl Pts',(-27.7132371717184,15.9078961890272,-37.0455844144061));
#4301=CARTESIAN_POINT('',(-18.8823227690306,3.38437516348679,-22.2396108770523));
#4302=CARTESIAN_POINT('Ctrl Pts',(-28.9856740596578,13.4504782913211,-37.0455845812809));
#4303=CARTESIAN_POINT('Ctrl Pts',(-28.7137641221126,13.0131199959266,-36.5462120058311));
#4304=CARTESIAN_POINT('Ctrl Pts',(-28.4330394801463,12.5838416011976,-36.0458902283749));
#4305=CARTESIAN_POINT('Ctrl Pts',(-28.1436354704104,12.1628852716339,-35.5443338611825));
#4306=CARTESIAN_POINT('Ctrl Pts',(-27.8557600727493,11.7441524044504,-35.0454266802256));
#4307=CARTESIAN_POINT('Ctrl Pts',(-27.5592965304639,11.3336536888555,-34.5452978781543));
#4308=CARTESIAN_POINT('Ctrl Pts',(-27.2543463894146,10.931666553,-34.0436772022585));
#4309=CARTESIAN_POINT('Ctrl Pts',(-26.9519360853067,10.5330274456913,-33.5462343723503));
#4310=CARTESIAN_POINT('Ctrl Pts',(-26.6411797246913,10.14275854016,-33.0473243815907));
#4311=CARTESIAN_POINT('Ctrl Pts',(-26.322148534499,9.761172014345,-32.5466946976956));
#4312=CARTESIAN_POINT('Ctrl Pts',(-26.2149288148154,9.63292875290007,-32.3784435171756));
#4313=CARTESIAN_POINT('Ctrl Pts',(-26.1067742417809,9.50566652127419,-32.209998193715));
#4314=CARTESIAN_POINT('Ctrl Pts',(-25.9976868767835,9.37939829385913,-32.0413494349591));
#4315=CARTESIAN_POINT('Ctrl Pts',(-25.6686396714122,8.99852735285595,-31.5326433830777));
#4316=CARTESIAN_POINT('Ctrl Pts',(-25.331106641354,8.62669690784296,-31.0220852330503));
#4317=CARTESIAN_POINT('Ctrl Pts',(-24.9852821384976,8.26421296625338,-30.509472884593));
#4318=CARTESIAN_POINT('Ctrl Pts',(-24.762146243558,8.03032792329153,-30.1787206846033));
#4319=CARTESIAN_POINT('Ctrl Pts',(-24.5355580842968,7.80033493388003,-29.8471135827672));
#4320=CARTESIAN_POINT('Ctrl Pts',(-24.3055667171745,7.57432675439895,-29.5146007659974));
#4321=CARTESIAN_POINT('Ctrl Pts',(-23.9351409909285,7.2103163784059,-28.9790532662029));
#4322=CARTESIAN_POINT('Ctrl Pts',(-23.5566525318061,6.85743258676892,-28.4423758600843));
#4323=CARTESIAN_POINT('Ctrl Pts',(-23.1705107216841,6.51600266040474,-27.9043703172981));
#4324=CARTESIAN_POINT('Ctrl Pts',(-22.9588400479028,6.32884162094164,-27.6094527695102));
#4325=CARTESIAN_POINT('Ctrl Pts',(-22.7448690964485,6.14512282105819,-27.3141366929627));
#4326=CARTESIAN_POINT('Ctrl Pts',(-22.5286616944256,5.96490387704062,-27.0183936114311));
#4327=CARTESIAN_POINT('Ctrl Pts',(-22.1309235154996,5.63337057183988,-26.4743404773673));
#4328=CARTESIAN_POINT('Ctrl Pts',(-21.7256181380482,5.31367968975613,-25.9288401940548));
#4329=CARTESIAN_POINT('Ctrl Pts',(-21.313134080665,5.00613492837613,-25.3817402609208));
#4330=CARTESIAN_POINT('Ctrl Pts',(-20.9005062432414,4.69848296576626,-24.8344496245362));
#4331=CARTESIAN_POINT('Ctrl Pts',(-20.4806944522227,4.40298549807413,-24.2855581456831));
#4332=CARTESIAN_POINT('Ctrl Pts',(-20.0540657794959,4.11997732090148,-23.7349491570783));
#4333=CARTESIAN_POINT('Ctrl Pts',(-19.6689540534967,3.86450980418204,-23.2379221368432));
#4334=CARTESIAN_POINT('Ctrl Pts',(-19.2782872399414,3.6192194373219,-22.7394960384002));
#4335=CARTESIAN_POINT('Ctrl Pts',(-18.8823227178406,3.38437486362217,-22.2396109436903));
#4336=CARTESIAN_POINT('Origin',(0.,0.,-22.2396108770523));
#4337=CARTESIAN_POINT('Origin',(0.,0.,-29.6425976457075));
#4338=CARTESIAN_POINT('',(-16.4825525554055,9.81435528495765,-22.2396108770523));
#4339=CARTESIAN_POINT('Ctrl Pts',(-16.4825525073043,9.81435536059781,-22.2396108906997));
#4340=CARTESIAN_POINT('Ctrl Pts',(-16.8383931343655,10.2505738383988,-22.8528003561598));
#4341=CARTESIAN_POINT('Ctrl Pts',(-17.1810290480248,10.6994550011248,-23.4637294103786));
#4342=CARTESIAN_POINT('Ctrl Pts',(-17.5100900791797,11.1602134050043,-24.072538677608));
#4343=CARTESIAN_POINT('Ctrl Pts',(-17.8462971651753,11.6309778701025,-24.694569153061));
#4344=CARTESIAN_POINT('Ctrl Pts',(-18.1683336594434,12.1141411698563,-25.3143867897959));
#4345=CARTESIAN_POINT('Ctrl Pts',(-18.4757960623222,12.6089194866399,-25.9321453528332));
#4346=CARTESIAN_POINT('Ctrl Pts',(-18.6608231192499,12.9066709350412,-26.3039047866386));
#4347=CARTESIAN_POINT('Ctrl Pts',(-18.840572006753,13.2086297687083,-26.6749186019486));
#4348=CARTESIAN_POINT('Ctrl Pts',(-19.0149526446635,13.5146339334832,-27.045220904002));
#4349=CARTESIAN_POINT('Ctrl Pts',(-19.3091910587009,14.030965225828,-27.6700446423264));
#4350=CARTESIAN_POINT('Ctrl Pts',(-19.5881467429486,14.558811336149,-28.2928424381756));
#4351=CARTESIAN_POINT('Ctrl Pts',(-19.8514450722421,15.0973669804803,-28.9137615870316));
#4352=CARTESIAN_POINT('Ctrl Pts',(-19.9767630613098,15.3536948900791,-29.2092907661079));
#4353=CARTESIAN_POINT('Ctrl Pts',(-20.098533861332,15.6124495778462,-29.5043944217526));
#4354=CARTESIAN_POINT('Ctrl Pts',(-20.2167153831449,15.873547962796,-29.799088691263));
#4355=CARTESIAN_POINT('Ctrl Pts',(-20.4161832191962,16.3142321665846,-30.2964763313538));
#4356=CARTESIAN_POINT('Ctrl Pts',(-20.6050204073158,16.7606971636559,-30.7917148792247));
#4357=CARTESIAN_POINT('Ctrl Pts',(-20.7831928490328,17.2126150320022,-31.2850079914478));
#4358=CARTESIAN_POINT('Ctrl Pts',(-20.8776464176128,17.4521877457117,-31.5465147337722));
#4359=CARTESIAN_POINT('Ctrl Pts',(-20.9691024340122,17.6932936806657,-31.8074747035466));
#4360=CARTESIAN_POINT('Ctrl Pts',(-21.057552829819,17.9358890774361,-32.0679179274569));
#4361=CARTESIAN_POINT('Ctrl Pts',(-21.2238839650772,18.3920901762003,-32.5576818986425));
#4362=CARTESIAN_POINT('Ctrl Pts',(-21.3795884020939,18.8535558819592,-33.0456188001585));
#4363=CARTESIAN_POINT('Ctrl Pts',(-21.5247052155689,19.3199250744304,-33.5319670244782));
#4364=CARTESIAN_POINT('Ctrl Pts',(-21.6713292907059,19.7911382294124,-34.0233667243323));
#4365=CARTESIAN_POINT('Ctrl Pts',(-21.8071448235804,20.2673575412031,-34.51314457543));
#4366=CARTESIAN_POINT('Ctrl Pts',(-21.9321578601246,20.7482514941603,-35.0015420439554));
#4367=CARTESIAN_POINT('Ctrl Pts',(-22.0587698834655,21.2352963502765,-35.496186389809));
#4368=CARTESIAN_POINT('Ctrl Pts',(-22.174301497225,21.7271364726722,-35.9894148195009));
#4369=CARTESIAN_POINT('Ctrl Pts',(-22.278721303554,22.2234650501678,-36.4814736166419));
#4370=CARTESIAN_POINT('Ctrl Pts',(-22.3186599830054,22.4133017167546,-36.6696771697907));
#4371=CARTESIAN_POINT('Ctrl Pts',(-22.356972686126,22.6037953753566,-36.857709567247));
#4372=CARTESIAN_POINT('Ctrl Pts',(-22.3936561333166,22.794930152987,-37.0455844144061));
#4373=CARTESIAN_POINT('',(-17.2690215280878,8.35326306682119,-22.2396108770523));
#4374=CARTESIAN_POINT('Ctrl Pts',(-24.2819110239571,20.771939340915,-37.0455845812809));
#4375=CARTESIAN_POINT('Ctrl Pts',(-24.1380818302378,20.2774381253702,-36.546211067729));
#4376=CARTESIAN_POINT('Ctrl Pts',(-23.983584789879,19.7883390287553,-36.0458883381462));
#4377=CARTESIAN_POINT('Ctrl Pts',(-23.8184849068758,19.3049117502091,-35.5443310078247));
#4378=CARTESIAN_POINT('Ctrl Pts',(-23.654257009231,18.8240377230712,-35.045422683914));
#4379=CARTESIAN_POINT('Ctrl Pts',(-23.4795378209604,18.3487754761218,-34.545292727093));
#4380=CARTESIAN_POINT('Ctrl Pts',(-23.2943502942214,17.8794195483713,-34.0436708875305));
#4381=CARTESIAN_POINT('Ctrl Pts',(-23.1107050628034,17.4139725526315,-33.5462266998309));
#4382=CARTESIAN_POINT('Ctrl Pts',(-22.9167649591691,16.9543336629297,-33.047315341305));
#4383=CARTESIAN_POINT('Ctrl Pts',(-22.7125143653075,16.5008227001601,-32.5466842824282));
#4384=CARTESIAN_POINT('Ctrl Pts',(-22.6438715845583,16.3484106410509,-32.3784365071784));
#4385=CARTESIAN_POINT('Ctrl Pts',(-22.5740639881911,16.196690984305,-32.209994597101));
#4386=CARTESIAN_POINT('Ctrl Pts',(-22.5030900616206,16.0456767785466,-32.0413492605933));
#4387=CARTESIAN_POINT('Ctrl Pts',(-22.2890025253253,15.5901537320058,-31.5326432280376));
#4388=CARTESIAN_POINT('Ctrl Pts',(-22.0643047740997,15.1410464871082,-31.0220851030121));
#4389=CARTESIAN_POINT('Ctrl Pts',(-21.8291013884745,14.6987021374999,-30.509472785387));
#4390=CARTESIAN_POINT('Ctrl Pts',(-21.6773413852718,14.4132888143251,-30.1787205440545));
#4391=CARTESIAN_POINT('Ctrl Pts',(-21.5212070821875,14.1306918073034,-29.8471134029864));
#4392=CARTESIAN_POINT('Ctrl Pts',(-21.3607206899514,13.8510136680082,-29.5146005491124));
#4393=CARTESIAN_POINT('Ctrl Pts',(-21.1022402799981,13.400562267785,-28.9790532196136));
#4394=CARTESIAN_POINT('Ctrl Pts',(-20.8329942371183,12.9586495411748,-28.4423759905551));
#4395=CARTESIAN_POINT('Ctrl Pts',(-20.5532884570843,12.5257010801855,-27.9043706318571));
#4396=CARTESIAN_POINT('Ctrl Pts',(-20.3999624965671,12.2883722747973,-27.6094529209118));
#4397=CARTESIAN_POINT('Ctrl Pts',(-20.243492854979,12.0537374557758,-27.3141366826042));
#4398=CARTESIAN_POINT('Ctrl Pts',(-20.0839254470141,11.8218693229821,-27.018393440675));
#4399=CARTESIAN_POINT('Ctrl Pts',(-19.7903835489788,11.395322243837,-26.4743410325157));
#4400=CARTESIAN_POINT('Ctrl Pts',(-19.4863600577111,10.9781368033574,-25.9288414851744));
#4401=CARTESIAN_POINT('Ctrl Pts',(-19.1721471294249,10.5707102608348,-25.3817422922173));
#4402=CARTESIAN_POINT('Ctrl Pts',(-18.8578246903004,10.163141720265,-24.8344524219017));
#4403=CARTESIAN_POINT('Ctrl Pts',(-18.5333054777009,9.76533871757559,-24.2855617134802));
#4404=CARTESIAN_POINT('Ctrl Pts',(-18.1988526057195,9.37772267059223,-23.7349534933866));
#4405=CARTESIAN_POINT('Ctrl Pts',(-17.8969453937023,9.02782560023787,-23.2379250431377));
#4406=CARTESIAN_POINT('Ctrl Pts',(-17.5869432638604,8.6862295889877,-22.7394975011381));
#4407=CARTESIAN_POINT('Ctrl Pts',(-17.2690215595721,8.353262764289,-22.2396109436476));
#4408=CARTESIAN_POINT('Origin',(0.,0.,-22.2396108770523));
#4409=CARTESIAN_POINT('Origin',(0.,0.,-29.6425976457075));
#4410=CARTESIAN_POINT('',(-13.2234534283491,13.8973518279333,-22.2396108770523));
#4411=CARTESIAN_POINT('Ctrl Pts',(-13.2234533615912,13.8973518878012,-22.2396108906908));
#4412=CARTESIAN_POINT('Ctrl Pts',(-13.4484079450561,14.4133984628026,-22.8527998916243));
#4413=CARTESIAN_POINT('Ctrl Pts',(-13.6572311436781,14.9380755572829,-23.4637284817545));
#4414=CARTESIAN_POINT('Ctrl Pts',(-13.8497784313268,15.4705269827881,-24.0725372859421));
#4415=CARTESIAN_POINT('Ctrl Pts',(-14.0465071774709,16.0145414043954,-24.694567303357));
#4416=CARTESIAN_POINT('Ctrl Pts',(-14.2262456697155,16.5666716879415,-25.3143844830389));
#4417=CARTESIAN_POINT('Ctrl Pts',(-14.3888168488778,17.1260542181788,-25.9321425906217));
#4418=CARTESIAN_POINT('Ctrl Pts',(-14.4866504775648,17.4626847515812,-26.3039029335503));
#4419=CARTESIAN_POINT('Ctrl Pts',(-14.5782664963841,17.8019426285864,-26.674917653815));
#4420=CARTESIAN_POINT('Ctrl Pts',(-14.6636218881809,18.1436474992097,-27.0452208571076));
#4421=CARTESIAN_POINT('Ctrl Pts',(-14.8076446175392,18.7202164430836,-27.6700446310445));
#4422=CARTESIAN_POINT('Ctrl Pts',(-14.9338446824526,19.3037499706501,-28.292842461563));
#4423=CARTESIAN_POINT('Ctrl Pts',(-15.0420786155233,19.8933715894108,-28.9137616469811));
#4424=CARTESIAN_POINT('Ctrl Pts',(-15.0935930167414,20.174004508995,-29.2092907766558));
#4425=CARTESIAN_POINT('Ctrl Pts',(-15.1410370340497,20.4560171943564,-29.504394383519));
#4426=CARTESIAN_POINT('Ctrl Pts',(-15.1843925543379,20.7393182901322,-29.7990886051576));
#4427=CARTESIAN_POINT('Ctrl Pts',(-15.2575684042074,21.2174765111566,-30.2964762498491));
#4428=CARTESIAN_POINT('Ctrl Pts',(-15.3189481844519,21.6983330434405,-30.7917148044876));
#4429=CARTESIAN_POINT('Ctrl Pts',(-15.3685875346452,22.1815629266307,-31.2850079270248));
#4430=CARTESIAN_POINT('Ctrl Pts',(-15.3949025667098,22.4377348914372,-31.5465146608212));
#4431=CARTESIAN_POINT('Ctrl Pts',(-15.4179175477699,22.6945744918044,-31.807474623122));
#4432=CARTESIAN_POINT('Ctrl Pts',(-15.4376365149515,22.9520374143536,-32.0679178408093));
#4433=CARTESIAN_POINT('Ctrl Pts',(-15.474718093135,23.4361972288066,-32.557682109398));
#4434=CARTESIAN_POINT('Ctrl Pts',(-15.5001466587455,23.9225593795953,-33.0456193104238));
#4435=CARTESIAN_POINT('Ctrl Pts',(-15.5140572615852,24.4107866786641,-33.5319678337628));
#4436=CARTESIAN_POINT('Ctrl Pts',(-15.5281123462097,24.9040849263052,-34.0233677918634));
#4437=CARTESIAN_POINT('Ctrl Pts',(-15.5304090433964,25.3992875815997,-34.5131459009985));
#4438=CARTESIAN_POINT('Ctrl Pts',(-15.5210426116122,25.8960770523919,-35.0015436246911));
#4439=CARTESIAN_POINT('Ctrl Pts',(-15.5115563797034,26.3992206441442,-35.4961881357965));
#4440=CARTESIAN_POINT('Ctrl Pts',(-15.4901068711963,26.9039922227262,-35.9894167283315));
#4441=CARTESIAN_POINT('Ctrl Pts',(-15.4567466239021,27.4100878823128,-36.4814756830607));
#4442=CARTESIAN_POINT('Ctrl Pts',(-15.4439869860187,27.6036595094582,-36.669678546915));
#4443=CARTESIAN_POINT('Ctrl Pts',(-15.429484424544,27.7974250808297,-36.8577102556718));
#4444=CARTESIAN_POINT('Ctrl Pts',(-15.4132400636669,27.9913684273663,-37.0455844144061));
#4445=CARTESIAN_POINT('',(-14.3749559609235,12.7026276621252,-22.2396108770523));
#4446=CARTESIAN_POINT('Ctrl Pts',(-17.777269729961,26.5528406748926,-37.0455845812809));
#4447=CARTESIAN_POINT('Ctrl Pts',(-17.772188939184,26.0378717463249,-36.5462105756544));
#4448=CARTESIAN_POINT('Ctrl Pts',(-17.7553783745635,25.5252264599441,-36.0458873466155));
#4449=CARTESIAN_POINT('Ctrl Pts',(-17.7268278761231,25.0151820552487,-35.5443295110532));
#4450=CARTESIAN_POINT('Ctrl Pts',(-17.6984281633956,24.5078313831783,-35.0454205874142));
#4451=CARTESIAN_POINT('Ctrl Pts',(-17.6584121260823,24.0030538786245,-34.5452900246635));
#4452=CARTESIAN_POINT('Ctrl Pts',(-17.6067224099309,23.501139354638,-34.0436675744911));
#4453=CARTESIAN_POINT('Ctrl Pts',(-17.5554631696498,23.0034048128141,-33.5462226740684));
#4454=CARTESIAN_POINT('Ctrl Pts',(-17.4927237773038,22.5084854821243,-33.0473105975825));
#4455=CARTESIAN_POINT('Ctrl Pts',(-17.4184029176097,22.0166851141861,-32.5466788169676));
#4456=CARTESIAN_POINT('Ctrl Pts',(-17.3934261043407,21.8514070750704,-32.3784328285273));
#4457=CARTESIAN_POINT('Ctrl Pts',(-17.367140891002,21.6864814916297,-32.2099927095177));
#4458=CARTESIAN_POINT('Ctrl Pts',(-17.3395422992728,21.5219205197055,-32.0413491687308));
#4459=CARTESIAN_POINT('Ctrl Pts',(-17.2562923283724,21.0255293900989,-31.5326431448587));
#4460=CARTESIAN_POINT('Ctrl Pts',(-17.1610946500885,20.5324535490868,-31.0220850314984));
#4461=CARTESIAN_POINT('Ctrl Pts',(-17.0539563201183,20.0430554331713,-30.5094727285975));
#4462=CARTESIAN_POINT('Ctrl Pts',(-16.9848275755647,19.7272816354131,-30.1787204669918));
#4463=CARTESIAN_POINT('Ctrl Pts',(-16.910726913382,19.4130395465174,-29.8471133067704));
#4464=CARTESIAN_POINT('Ctrl Pts',(-16.8316480520426,19.1004339071726,-29.5146004348721));
#4465=CARTESIAN_POINT('Ctrl Pts',(-16.7042831595679,18.596949373287,-28.9790531918077));
#4466=CARTESIAN_POINT('Ctrl Pts',(-16.5642481618261,18.0987823431318,-28.442376052733));
#4467=CARTESIAN_POINT('Ctrl Pts',(-16.4117227852645,17.6064251543405,-27.9043707877014));
#4468=CARTESIAN_POINT('Ctrl Pts',(-16.3281131062367,17.3365302198067,-27.609452994095));
#4469=CARTESIAN_POINT('Ctrl Pts',(-16.2407494939797,17.0683812174017,-27.3141366738703));
#4470=CARTESIAN_POINT('Ctrl Pts',(-16.1496565459709,16.8020605384973,-27.0183933507503));
#4471=CARTESIAN_POINT('Ctrl Pts',(-15.9820811562092,16.3121346710784,-26.4743413277943));
#4472=CARTESIAN_POINT('Ctrl Pts',(-15.8018871442474,15.8283953781437,-25.928842170971));
#4473=CARTESIAN_POINT('Ctrl Pts',(-15.6092486433015,15.3513040089686,-25.3817433707639));
#4474=CARTESIAN_POINT('Ctrl Pts',(-15.4165430079312,14.8740463736822,-24.8344539068896));
#4475=CARTESIAN_POINT('Ctrl Pts',(-15.2113840283791,14.4034410761643,-24.2855636072243));
#4476=CARTESIAN_POINT('Ctrl Pts',(-14.9939113545191,13.9399648927916,-23.7349557948954));
#4477=CARTESIAN_POINT('Ctrl Pts',(-14.7976005345401,13.5215886987454,-23.2379265856318));
#4478=CARTESIAN_POINT('Ctrl Pts',(-14.5912553385244,13.1090217715738,-22.7394982774529));
#4479=CARTESIAN_POINT('Ctrl Pts',(-14.3749560727947,12.7026273792999,-22.2396109436252));
#4480=CARTESIAN_POINT('Origin',(0.,0.,-22.2396108770523));
#4481=CARTESIAN_POINT('Origin',(0.,0.,-29.6425976457075));
#4482=CARTESIAN_POINT('',(-10.4147656711852,16.1098964743843,-22.2396108770523));
#4483=CARTESIAN_POINT('Ctrl Pts',(-9.95416966569121,30.3644392871769,-37.0455845812809));
#4484=CARTESIAN_POINT('Ctrl Pts',(-10.0882141578499,29.8671963219832,-36.5462108764555));
#4485=CARTESIAN_POINT('Ctrl Pts',(-10.210336963557,29.3690261849922,-36.0458879527319));
#4486=CARTESIAN_POINT('Ctrl Pts',(-10.3204534956923,28.8701930898907,-35.5443304260222));
#4487=CARTESIAN_POINT('Ctrl Pts',(-10.4299884487643,28.3739945754338,-35.045421869008));
#4488=CARTESIAN_POINT('Ctrl Pts',(-10.5276436335349,27.8771397659018,-34.5452916766742));
#4489=CARTESIAN_POINT('Ctrl Pts',(-10.6132856265079,27.3798922492749,-34.0436695997798));
#4490=CARTESIAN_POINT('Ctrl Pts',(-10.6982143752868,26.8867859125993,-33.5462251350776));
#4491=CARTESIAN_POINT('Ctrl Pts',(-10.7713291733952,26.3932930838149,-33.0473134975139));
#4492=CARTESIAN_POINT('Ctrl Pts',(-10.8324505060763,25.899678911891,-32.5466821581302));
#4493=CARTESIAN_POINT('Ctrl Pts',(-10.8529915409378,25.7337900893004,-32.3784350773816));
#4494=CARTESIAN_POINT('Ctrl Pts',(-10.8721775851499,25.5678876496269,-32.2099938634605));
#4495=CARTESIAN_POINT('Ctrl Pts',(-10.8900005650103,25.4019819548719,-32.0413492249176));
#4496=CARTESIAN_POINT('Ctrl Pts',(-10.9437624716394,24.9015377788399,-31.5326431958541));
#4497=CARTESIAN_POINT('Ctrl Pts',(-10.9851252622225,24.4010624938757,-31.0220850754795));
#4498=CARTESIAN_POINT('Ctrl Pts',(-11.0139979475239,23.9009070011354,-30.5094727636943));
#4499=CARTESIAN_POINT('Ctrl Pts',(-11.0326274368826,23.5781922507605,-30.1787205143678));
#4500=CARTESIAN_POINT('Ctrl Pts',(-11.0460561283543,23.2556110005019,-29.8471133657401));
#4501=CARTESIAN_POINT('Ctrl Pts',(-11.0542497149026,22.9332624125537,-29.5146005047442));
#4502=CARTESIAN_POINT('Ctrl Pts',(-11.0674463566931,22.4140857586891,-28.9790532090784));
#4503=CARTESIAN_POINT('Ctrl Pts',(-11.0670080807703,21.8966110648878,-28.4423760152326));
#4504=CARTESIAN_POINT('Ctrl Pts',(-11.0529751188966,21.3813609027497,-27.904370693179));
#4505=CARTESIAN_POINT('Ctrl Pts',(-11.0452826867251,21.0989168286281,-27.609452949865));
#4506=CARTESIAN_POINT('Ctrl Pts',(-11.0335044804104,20.8171411429579,-27.3141366794771));
#4507=CARTESIAN_POINT('Ctrl Pts',(-11.0176419565544,20.5361198183267,-27.0183934057489));
#4508=CARTESIAN_POINT('Ctrl Pts',(-10.9884611003843,20.0191502030746,-26.4743411469628));
#4509=CARTESIAN_POINT('Ctrl Pts',(-10.9454604206688,19.5047332851111,-25.9288417510578));
#4510=CARTESIAN_POINT('Ctrl Pts',(-10.8886831282845,18.9933602886327,-25.3817427104026));
#4511=CARTESIAN_POINT('Ctrl Pts',(-10.8318860481809,18.4818090711637,-24.8344529977062));
#4512=CARTESIAN_POINT('Ctrl Pts',(-10.7613026372719,17.9733036364948,-24.2855624478017));
#4513=CARTESIAN_POINT('Ctrl Pts',(-10.676938739799,17.4683407604565,-23.7349543858385));
#4514=CARTESIAN_POINT('Ctrl Pts',(-10.6007842390851,17.0125154980439,-23.2379256412702));
#4515=CARTESIAN_POINT('Ctrl Pts',(-10.5134001694937,16.5595768340311,-22.7394978021713));
#4516=CARTESIAN_POINT('Ctrl Pts',(-10.4147658552522,16.1098962322443,-22.2396109436389));
#4517=CARTESIAN_POINT('',(-8.98363125378629,16.9496453619854,-22.2396108770523));
#4518=CARTESIAN_POINT('Origin',(0.,0.,-22.2396108770523));
#4519=CARTESIAN_POINT('Ctrl Pts',(-8.98363117359074,16.9496454016143,-22.2396108907516));
#4520=CARTESIAN_POINT('Ctrl Pts',(-9.06101654588085,17.5072505417005,-22.8528031390631));
#4521=CARTESIAN_POINT('Ctrl Pts',(-9.12054013282072,18.0688140020677,-23.4637349729378));
#4522=CARTESIAN_POINT('Ctrl Pts',(-9.16229372411593,18.6334723448966,-24.0725470134003));
#4523=CARTESIAN_POINT('Ctrl Pts',(-9.20495405081533,19.2103930032492,-24.6945802263286));
#4524=CARTESIAN_POINT('Ctrl Pts',(-9.2290643848236,19.7905446829695,-25.3144005945188));
#4525=CARTESIAN_POINT('Ctrl Pts',(-9.23468719097606,20.373048018184,-25.9321618797466));
#4526=CARTESIAN_POINT('Ctrl Pts',(-9.23807086147752,20.7235846184027,-26.3039158725212));
#4527=CARTESIAN_POINT('Ctrl Pts',(-9.2347588670198,21.0749736141974,-26.6749242718479));
#4528=CARTESIAN_POINT('Ctrl Pts',(-9.22475843390601,21.4270297486802,-27.0452211803467));
#4529=CARTESIAN_POINT('Ctrl Pts',(-9.20788412112912,22.0210745526087,-27.6700447038105));
#4530=CARTESIAN_POINT('Ctrl Pts',(-9.17196902389432,22.6170171923554,-28.2928422910024));
#4531=CARTESIAN_POINT('Ctrl Pts',(-9.11711145564945,23.2139749522588,-28.9137612200957));
#4532=CARTESIAN_POINT('Ctrl Pts',(-9.09100172107146,23.4980999903169,-29.2092906967344));
#4533=CARTESIAN_POINT('Ctrl Pts',(-9.06060026789341,23.7824554521492,-29.504394646274));
#4534=CARTESIAN_POINT('Ctrl Pts',(-9.02591430060384,24.0669484808023,-29.7990892042441));
#4535=CARTESIAN_POINT('Ctrl Pts',(-8.96737107297465,24.5471178817619,-30.2964768205176));
#4536=CARTESIAN_POINT('Ctrl Pts',(-8.8967411805745,25.0267029837393,-30.7917153316119));
#4537=CARTESIAN_POINT('Ctrl Pts',(-8.81416586625518,25.5054058783562,-31.2850083856795));
#4538=CARTESIAN_POINT('Ctrl Pts',(-8.77039065951236,25.7591780662429,-31.5465151762332));
#4539=CARTESIAN_POINT('Ctrl Pts',(-8.72325763805951,26.0127027836582,-31.807475187903));
#4540=CARTESIAN_POINT('Ctrl Pts',(-8.67278264395508,26.2659384482164,-32.0679184461762));
#4541=CARTESIAN_POINT('Ctrl Pts',(-8.57786467960037,26.742146800656,-32.5576806411762));
#4542=CARTESIAN_POINT('Ctrl Pts',(-8.47113170047254,27.2173318611559,-33.0456157536598));
#4543=CARTESIAN_POINT('Ctrl Pts',(-8.35280475165573,27.6912053999155,-33.5319621917456));
#4544=CARTESIAN_POINT('Ctrl Pts',(-8.23324873161023,28.1700011000115,-34.0233603481442));
#4545=CARTESIAN_POINT('Ctrl Pts',(-8.10185662784906,28.6474582144989,-34.5131366569077));
#4546=CARTESIAN_POINT('Ctrl Pts',(-7.95880588389025,29.1232966465683,-35.0015326002451));
#4547=CARTESIAN_POINT('Ctrl Pts',(-7.81392527789411,29.6052218605632,-35.4961759574105));
#4548=CARTESIAN_POINT('Ctrl Pts',(-7.6570858777969,30.0854870540077,-35.9894034128079));
#4549=CARTESIAN_POINT('Ctrl Pts',(-7.48842029987569,30.5638137821344,-36.4814612671819));
#4550=CARTESIAN_POINT('Ctrl Pts',(-7.42390724399235,30.7467694232467,-36.6696689397155));
#4551=CARTESIAN_POINT('Ctrl Pts',(-7.35766349142671,30.9294415705282,-36.8577054530181));
#4552=CARTESIAN_POINT('Ctrl Pts',(-7.28969448937643,31.1118149574778,-37.0455844144061));
#4553=CARTESIAN_POINT('Origin',(0.,0.,-29.6425976457075));
#4554=CARTESIAN_POINT('',(1.13097482235483,19.1498565099658,-22.2396108770523));
#4555=CARTESIAN_POINT('Ctrl Pts',(1.13097491149605,19.1498565021405,-22.239610890743));
#4556=CARTESIAN_POINT('Ctrl Pts',(1.35457785796187,19.6664929542437,-22.8528026680121));
#4557=CARTESIAN_POINT('Ctrl Pts',(1.59549892349066,20.177230778515,-23.4637340314549));
#4558=CARTESIAN_POINT('Ctrl Pts',(1.8532110482501,20.6813799331554,-24.0725456025911));
#4559=CARTESIAN_POINT('Ctrl Pts',(2.11651974565681,21.1964773789235,-24.6945783529386));
#4560=CARTESIAN_POINT('Ctrl Pts',(2.39735668252528,21.7046972007796,-25.3143982595814));
#4561=CARTESIAN_POINT('Ctrl Pts',(2.69521157850782,22.2053205110159,-25.9321590847921));
#4562=CARTESIAN_POINT('Ctrl Pts',(2.87445412102758,22.5065846372121,-26.3039139979172));
#4563=CARTESIAN_POINT('Ctrl Pts',(3.05986049100024,22.8050980929609,-26.6749233133454));
#4564=CARTESIAN_POINT('Ctrl Pts',(3.25132825560948,23.1007063451807,-27.0452211341286));
#4565=CARTESIAN_POINT('Ctrl Pts',(3.57440218042437,23.5995021526483,-27.6700446941415));
#4566=CARTESIAN_POINT('Ctrl Pts',(3.91473100358285,24.0900262206815,-28.292842316765));
#4567=CARTESIAN_POINT('Ctrl Pts',(4.27177207893956,24.5715754254389,-28.9137612831414));
#4568=CARTESIAN_POINT('Ctrl Pts',(4.44170752913626,24.8007711302203,-29.2092907092205));
#4569=CARTESIAN_POINT('Ctrl Pts',(4.61542962910679,25.0279338068968,-29.5043946088155));
#4570=CARTESIAN_POINT('Ctrl Pts',(4.79288397621555,25.2529878604409,-29.7990891177593));
#4571=CARTESIAN_POINT('Ctrl Pts',(5.09239276467593,25.6328357932365,-30.2964767376096));
#4572=CARTESIAN_POINT('Ctrl Pts',(5.40192503859929,26.0059044558577,-30.7917152544717));
#4573=CARTESIAN_POINT('Ctrl Pts',(5.72120532884799,26.372012698875,-31.2850083179419));
#4574=CARTESIAN_POINT('Ctrl Pts',(5.89046366162665,26.5660956808885,-31.5465151006788));
#4575=CARTESIAN_POINT('Ctrl Pts',(6.06246239360539,26.7582225542914,-31.8074751056061));
#4576=CARTESIAN_POINT('Ctrl Pts',(6.23716638347257,26.9483660218248,-32.0679183584167));
#4577=CARTESIAN_POINT('Ctrl Pts',(6.56569653750169,27.3059300518385,-32.5576808534048));
#4578=CARTESIAN_POINT('Ctrl Pts',(6.90378999133511,27.6564808669664,-33.0456162680785));
#4579=CARTESIAN_POINT('Ctrl Pts',(7.25110812263281,27.9998870449204,-33.5319630078978));
#4580=CARTESIAN_POINT('Ctrl Pts',(7.60203384293971,28.3468601784739,-34.0233614251134));
#4581=CARTESIAN_POINT('Ctrl Pts',(7.96237704421064,28.6865397535621,-34.5131379945202));
#4582=CARTESIAN_POINT('Ctrl Pts',(8.3318405840883,29.0187786422069,-35.0015341956043));
#4583=CARTESIAN_POINT('Ctrl Pts',(8.70603011931261,29.3552673668226,-35.496177719968));
#4584=CARTESIAN_POINT('Ctrl Pts',(9.08957496858168,29.6841241323717,-35.9894053401317));
#4585=CARTESIAN_POINT('Ctrl Pts',(9.4822171494579,30.0051799308736,-36.4814633539296));
#4586=CARTESIAN_POINT('Ctrl Pts',(9.6323986232326,30.1279803719147,-36.6696703303933));
#4587=CARTESIAN_POINT('Ctrl Pts',(9.78391152992851,30.2496393554649,-36.8577061482218));
#4588=CARTESIAN_POINT('Ctrl Pts',(9.93674328343897,30.3701466676705,-37.0455844144061));
#4589=CARTESIAN_POINT('',(-0.528134238442762,19.1759532390769,-22.2396108770523));
#4590=CARTESIAN_POINT('Ctrl Pts',(7.27183958692806,31.1159929293624,-37.0455845812792));
#4591=CARTESIAN_POINT('Ctrl Pts',(6.89895123895701,30.7607875259005,-36.5462126591758));
#4592=CARTESIAN_POINT('Ctrl Pts',(6.53576715742003,30.3985957351351,-36.0458915447957));
#4593=CARTESIAN_POINT('Ctrl Pts',(6.18249691259535,30.0295993192847,-35.5443358483217));
#4594=CARTESIAN_POINT('Ctrl Pts',(5.83109270743733,29.6625520116848,-35.0454294630715));
#4595=CARTESIAN_POINT('Ctrl Pts',(5.48949769961782,29.2887715107294,-34.5453014649007));
#4596=CARTESIAN_POINT('Ctrl Pts',(5.15796286007512,28.9084136690911,-34.0436815991113));
#4597=CARTESIAN_POINT('Ctrl Pts',(4.82918936687474,28.5312238194992,-33.5462397140842));
#4598=CARTESIAN_POINT('Ctrl Pts',(4.51030902179801,28.1475654710551,-33.0473306751461));
#4599=CARTESIAN_POINT('Ctrl Pts',(4.20161298685501,27.7575718615938,-32.5467019481071));
#4600=CARTESIAN_POINT('Ctrl Pts',(4.09786503688081,27.6265010576163,-32.3784483968812));
#4601=CARTESIAN_POINT('Ctrl Pts',(3.99526783216516,27.4947145283024,-32.2100006970679));
#4602=CARTESIAN_POINT('Ctrl Pts',(3.8938336571131,27.3622169313297,-32.0413495557898));
#4603=CARTESIAN_POINT('Ctrl Pts',(3.58787557159806,26.9625615776551,-31.532643488245));
#4604=CARTESIAN_POINT('Ctrl Pts',(3.29249539334843,26.556437213313,-31.0220853186068));
#4605=CARTESIAN_POINT('Ctrl Pts',(3.00795318694068,26.1440963875801,-30.50947294648));
#4606=CARTESIAN_POINT('Ctrl Pts',(2.82435841421565,25.8780422891691,-30.1787207774264));
#4607=CARTESIAN_POINT('Ctrl Pts',(2.64527667563921,25.6093999900253,-29.8471137050753));
#4608=CARTESIAN_POINT('Ctrl Pts',(2.470788806544,25.3382363932984,-29.5146009163284));
#4609=CARTESIAN_POINT('Ctrl Pts',(2.18975731945309,24.9014982450896,-28.9790532935482));
#4610=CARTESIAN_POINT('Ctrl Pts',(1.92126011947876,24.45912975868,-28.4423757597341));
#4611=CARTESIAN_POINT('Ctrl Pts',(1.66553435055151,24.0115983450579,-27.9043700843523));
#4612=CARTESIAN_POINT('Ctrl Pts',(1.52535369830428,23.7662759994615,-27.6094526546224));
#4613=CARTESIAN_POINT('Ctrl Pts',(1.38901129248293,23.519401831704,-27.3141366951766));
#4614=CARTESIAN_POINT('Ctrl Pts',(1.25655055812107,23.2710500568651,-27.0183937298156));
#4615=CARTESIAN_POINT('Ctrl Pts',(1.01287360824583,22.8141780390526,-26.4743400969151));
#4616=CARTESIAN_POINT('Ctrl Pts',(0.782331009334738,22.3523064944942,-25.9288393078071));
#4617=CARTESIAN_POINT('Ctrl Pts',(0.565141052968023,21.8858776150551,-25.3817388659873));
#4618=CARTESIAN_POINT('Ctrl Pts',(0.347875383429903,21.4192861368924,-24.8344477030577));
#4619=CARTESIAN_POINT('Ctrl Pts',(0.143971629338005,20.9481338639692,-24.2855556946609));
#4620=CARTESIAN_POINT('Ctrl Pts',(-0.0463171068592072,20.472848317457,-23.7349461778742));
#4621=CARTESIAN_POINT('Ctrl Pts',(-0.218087578869324,20.0438159727397,-23.2379201400655));
#4622=CARTESIAN_POINT('Ctrl Pts',(-0.3787636009474,19.6114153568345,-22.7394950333882));
#4623=CARTESIAN_POINT('Ctrl Pts',(-0.52813452167526,19.175953128018,-22.2396109437199));
#4624=CARTESIAN_POINT('Origin',(0.,0.,-22.2396108770523));
#4625=CARTESIAN_POINT('Origin',(0.,0.,-29.6425976457075));
#4626=CARTESIAN_POINT('',(4.66506067952423,18.6073457875495,-22.2396108770523));
#4627=CARTESIAN_POINT('Ctrl Pts',(15.3971744727592,28.0002086637481,-37.0455845812809));
#4628=CARTESIAN_POINT('Ctrl Pts',(14.9422797514455,27.7587788805391,-36.5462117657515));
#4629=CARTESIAN_POINT('Ctrl Pts',(14.4948445677948,27.5080035301171,-36.0458897446326));
#4630=CARTESIAN_POINT('Ctrl Pts',(14.0551197567077,27.2480011131269,-35.544333130965));
#4631=CARTESIAN_POINT('Ctrl Pts',(13.6177175003776,26.989371986511,-35.0454256575543));
#4632=CARTESIAN_POINT('Ctrl Pts',(13.1879441346191,26.7216128016648,-34.5452965600139));
#4633=CARTESIAN_POINT('Ctrl Pts',(12.76608336995,26.4448059407473,-34.0436755863677));
#4634=CARTESIAN_POINT('Ctrl Pts',(12.3477361114241,26.1703044912065,-33.5462324090941));
#4635=CARTESIAN_POINT('Ctrl Pts',(11.9371699980199,25.8869052264997,-33.0473220684176));
#4636=CARTESIAN_POINT('Ctrl Pts',(11.5347013401715,25.5946579091197,-32.5466920327574));
#4637=CARTESIAN_POINT('Ctrl Pts',(11.3994408258223,25.4964402673354,-32.3784417235681));
#4638=CARTESIAN_POINT('Ctrl Pts',(11.2650952480965,25.3972230146752,-32.2099972735137));
#4639=CARTESIAN_POINT('Ctrl Pts',(11.131677691566,25.297007322506,-32.0413493904322));
#4640=CARTESIAN_POINT('Ctrl Pts',(10.7292396858974,24.9947187456348,-31.5326433438478));
#4641=CARTESIAN_POINT('Ctrl Pts',(10.3352420060333,24.6833471885081,-31.0220852005692));
#4642=CARTESIAN_POINT('Ctrl Pts',(9.95000320887418,24.3630656660329,-30.5094728603525));
#4643=CARTESIAN_POINT('Ctrl Pts',(9.70143606779553,24.1564108250121,-30.1787206494409));
#4644=CARTESIAN_POINT('Ctrl Pts',(9.45651631577349,23.9460461667269,-29.8471135372201));
#4645=CARTESIAN_POINT('Ctrl Pts',(9.21533984063973,23.7320143030272,-29.514600710607));
#4646=CARTESIAN_POINT('Ctrl Pts',(8.82689934375634,23.387293104831,-28.979053255088));
#4647=CARTESIAN_POINT('Ctrl Pts',(8.449009268853,23.0337686716363,-28.4423758949758));
#4648=CARTESIAN_POINT('Ctrl Pts',(8.0820240707939,22.6718270949288,-27.9043703999956));
#4649=CARTESIAN_POINT('Ctrl Pts',(7.88085439636398,22.4734221741473,-27.6094528097519));
#4650=CARTESIAN_POINT('Ctrl Pts',(7.68296196077797,22.2724874318094,-27.3141366911037));
#4651=CARTESIAN_POINT('Ctrl Pts',(7.48840860171369,22.0690826141262,-27.0183935678172));
#4652=CARTESIAN_POINT('Ctrl Pts',(7.13050567693658,21.6948964293554,-26.4743406184565));
#4653=CARTESIAN_POINT('Ctrl Pts',(6.78390115449261,21.3123525399686,-25.9288405224151));
#4654=CARTESIAN_POINT('Ctrl Pts',(6.44892453903079,20.9218178293225,-25.3817407776224));
#4655=CARTESIAN_POINT('Ctrl Pts',(6.11383116438694,20.5311469942091,-24.8344503361788));
#4656=CARTESIAN_POINT('Ctrl Pts',(5.79037369124536,20.132479505187,-24.2855590533768));
#4657=CARTESIAN_POINT('Ctrl Pts',(5.47891118622092,19.7261587265559,-23.7349502603278));
#4658=CARTESIAN_POINT('Ctrl Pts',(5.19775804072552,19.3593782533067,-23.237922876274));
#4659=CARTESIAN_POINT('Ctrl Pts',(4.92637924315535,18.9863611156225,-22.7394964105611));
#4660=CARTESIAN_POINT('Ctrl Pts',(4.66506037687779,18.607345756912,-22.2396109436794));
#4661=CARTESIAN_POINT('',(6.25560466250966,18.1345945283446,-22.2396108770523));
#4662=CARTESIAN_POINT('Origin',(0.,0.,-22.2396108770523));
#4663=CARTESIAN_POINT('Ctrl Pts',(6.255604746329,18.1345944966645,-22.2396108907089));
#4664=CARTESIAN_POINT('Ctrl Pts',(6.61030168068324,18.5717440100428,-22.8528008400437));
#4665=CARTESIAN_POINT('Ctrl Pts',(6.98008304213302,18.9985412901809,-23.4637303776523));
#4666=CARTESIAN_POINT('Ctrl Pts',(7.36425513172725,19.4144641020184,-24.0725401271736));
#4667=CARTESIAN_POINT('Ctrl Pts',(7.75677008554223,19.8394192918956,-24.6945710794165));
#4668=CARTESIAN_POINT('Ctrl Pts',(8.16430765207864,20.2530228854008,-25.3143891919092));
#4669=CARTESIAN_POINT('Ctrl Pts',(8.58618250608903,20.6547203447521,-25.9321482290549));
#4670=CARTESIAN_POINT('Ctrl Pts',(8.84006071431212,20.8964560876115,-26.3039067161353));
#4671=CARTESIAN_POINT('Ctrl Pts',(9.09913215557118,21.1338800985829,-26.6749195890661));
#4672=CARTESIAN_POINT('Ctrl Pts',(9.36325649475783,21.3668712107895,-27.0452209526193));
#4673=CARTESIAN_POINT('Ctrl Pts',(9.80892362811629,21.7600060555179,-27.6700446537657));
#4674=CARTESIAN_POINT('Ctrl Pts',(10.2689741025256,22.1405205819568,-28.2928424134472));
#4675=CARTESIAN_POINT('Ctrl Pts',(10.7426956964081,22.5078841572825,-28.9137615241757));
#4676=CARTESIAN_POINT('Ctrl Pts',(10.9681656098808,22.6827324956553,-29.2092907547983));
#4677=CARTESIAN_POINT('Ctrl Pts',(11.1967332421251,22.8546015781792,-29.5043944613457));
#4678=CARTESIAN_POINT('Ctrl Pts',(11.4283258130485,23.023433292294,-29.7990887808121));
#4679=CARTESIAN_POINT('Ctrl Pts',(11.8192097685163,23.3083889277804,-30.2964764162996));
#4680=CARTESIAN_POINT('Ctrl Pts',(12.217916478094,23.5841123981319,-30.7917149573112));
#4681=CARTESIAN_POINT('Ctrl Pts',(12.6241318157199,23.8505035986641,-31.2850080589739));
#4682=CARTESIAN_POINT('Ctrl Pts',(12.8394765120403,23.9917240964335,-31.546514810037));
#4683=CARTESIAN_POINT('Ctrl Pts',(13.0569322316283,24.1303216797351,-31.807474787451));
#4684=CARTESIAN_POINT('Ctrl Pts',(13.2764577718292,24.2662795455442,-32.0679180176961));
#4685=CARTESIAN_POINT('Ctrl Pts',(13.6892756911021,24.5219483994767,-32.5576816793642));
#4686=CARTESIAN_POINT('Ctrl Pts',(14.1094101617222,24.7682839428339,-33.0456182691568));
#4687=CARTESIAN_POINT('Ctrl Pts',(14.5364996654214,25.0052509661883,-33.5319661822569));
#4688=CARTESIAN_POINT('Ctrl Pts',(14.9680251916222,25.2446792793628,-34.023365613288));
#4689=CARTESIAN_POINT('Ctrl Pts',(15.4066512219444,25.4745436618054,-34.513143195774));
#4690=CARTESIAN_POINT('Ctrl Pts',(15.8520519432673,25.694782589443,-35.0015403986747));
#4691=CARTESIAN_POINT('Ctrl Pts',(16.3031496778408,25.9178385401094,-35.4961845724564));
#4692=CARTESIAN_POINT('Ctrl Pts',(16.7611967511673,26.1310214739105,-35.9894128325835));
#4693=CARTESIAN_POINT('Ctrl Pts',(17.2258991557622,26.334238232536,-36.4814714656359));
#4694=CARTESIAN_POINT('Ctrl Pts',(17.4036401224988,26.4119652741395,-36.669675736294));
#4695=CARTESIAN_POINT('Ctrl Pts',(17.582355161269,26.4882340073402,-36.857708850641));
#4696=CARTESIAN_POINT('Ctrl Pts',(17.7620293980633,26.5630379919,-37.0455844144061));
#4697=CARTESIAN_POINT('Origin',(0.,9.59161233058706,-22.2396108770523));
#4698=CARTESIAN_POINT('Origin',(0.,0.,-22.2396108770523));
#4699=CARTESIAN_POINT('Origin',(0.,0.,-22.2396108770523));
#4700=CARTESIAN_POINT('Origin',(0.,0.,-22.2396108770523));
#4701=CARTESIAN_POINT('Origin',(0.,0.,-22.2396108770523));
#4702=CARTESIAN_POINT('Origin',(0.,0.,-22.2396108770523));
#4703=CARTESIAN_POINT('Origin',(0.,0.,-22.2396108770523));
#4704=CARTESIAN_POINT('Origin',(0.,0.,-22.2396108770523));
#4705=CARTESIAN_POINT('Origin',(0.,0.,-22.2396108770523));
#4706=CARTESIAN_POINT('Origin',(0.,0.,-22.2396108770523));
#4707=CARTESIAN_POINT('Origin',(0.,0.,-22.2396108770523));
#4708=CARTESIAN_POINT('Origin',(0.,0.,-22.2396108770523));
#4709=CARTESIAN_POINT('Origin',(0.,0.,-22.2396108770523));
#4710=CARTESIAN_POINT('Origin',(0.,0.,-22.2396108770523));
#4711=CARTESIAN_POINT('Origin',(0.,0.,-22.2396108770523));
#4712=CARTESIAN_POINT('Origin',(0.,0.,-22.2396108770523));
#4713=CARTESIAN_POINT('Origin',(0.,0.,-22.2396108770523));
#4714=CARTESIAN_POINT('Origin',(0.,0.,-22.2396108770523));
#4715=CARTESIAN_POINT('Origin',(0.,0.,-22.2396108770523));
#4716=CARTESIAN_POINT('Origin',(0.,0.,-22.2396108770523));
#4717=CARTESIAN_POINT('Origin',(0.,0.,-22.2396108770523));
#4718=CARTESIAN_POINT('Origin',(0.,0.,-22.2396108770523));
#4719=CARTESIAN_POINT('Origin',(0.,0.,-22.2396108770523));
#4720=CARTESIAN_POINT('Origin',(0.,0.,-22.2396108770523));
#4721=CARTESIAN_POINT('Ctrl Pts',(-3.91084824464619,36.5058213169214,-32.4626302524857));
#4722=CARTESIAN_POINT('Ctrl Pts',(-4.76879948957029,34.7366158194144,-30.9632767366794));
#4723=CARTESIAN_POINT('Ctrl Pts',(-6.19654303242997,31.1474392360138,-27.9845636854687));
#4724=CARTESIAN_POINT('Ctrl Pts',(-7.48080975374859,25.778095103246,-23.6460966237705));
#4725=CARTESIAN_POINT('Ctrl Pts',(-7.80248767252403,22.2500347263677,-20.8149909660281));
#4726=CARTESIAN_POINT('Ctrl Pts',(-7.83775358260965,20.541340862026,-19.4370737036659));
#4727=CARTESIAN_POINT('Ctrl Pts',(-2.62747241761815,35.1157073748311,-33.8532969397594));
#4728=CARTESIAN_POINT('Ctrl Pts',(-3.51668603757341,33.4528714438424,-32.3049409704777));
#4729=CARTESIAN_POINT('Ctrl Pts',(-5.01698506075396,30.0620235174245,-29.2184890583048));
#4730=CARTESIAN_POINT('Ctrl Pts',(-6.41623693680082,24.9500812738464,-24.6921647732662));
#4731=CARTESIAN_POINT('Ctrl Pts',(-6.81344348943296,21.5717875193676,-21.7209825770761));
#4732=CARTESIAN_POINT('Ctrl Pts',(-6.88415520100931,19.9325804170528,-20.2711627812472));
#4733=CARTESIAN_POINT('Ctrl Pts',(-1.76134589474877,33.5339476547334,-35.4354626178164));
#4734=CARTESIAN_POINT('Ctrl Pts',(-2.65830901067296,31.9740240852836,-33.8259648722853));
#4735=CARTESIAN_POINT('Ctrl Pts',(-4.18424679272189,28.7792529981174,-30.6101557114078));
#4736=CARTESIAN_POINT('Ctrl Pts',(-5.62926254086756,23.9302208100452,-25.8697331941846));
#4737=CARTESIAN_POINT('Ctrl Pts',(-6.05772059867006,20.7121968125153,-22.7460800659356));
#4738=CARTESIAN_POINT('Ctrl Pts',(-6.14296547470414,19.1491159132913,-21.2195373301654));
#4739=CARTESIAN_POINT('Ctrl Pts',(-1.38612442224624,31.8950556363909,-37.0745792840666));
#4740=CARTESIAN_POINT('Ctrl Pts',(-2.26692632980768,30.4262150175659,-35.3973798872421));
#4741=CARTESIAN_POINT('Ctrl Pts',(-3.76909368303487,27.4080768843893,-32.0410773414947));
#4742=CARTESIAN_POINT('Ctrl Pts',(-5.18684988157047,22.8053818474177,-27.0787893886874));
#4743=CARTESIAN_POINT('Ctrl Pts',(-5.59970521388309,19.7443047675534,-23.8030668289199));
#4744=CARTESIAN_POINT('Ctrl Pts',(-5.67721547471134,18.2575734857558,-22.2015471991539));
#4745=CARTESIAN_POINT('',(-3.9587413232953,36.4067228811705,-32.37867966));
#4746=CARTESIAN_POINT('Ctrl Pts',(-3.9587413232953,36.4067228811705,-32.37867966));
#4747=CARTESIAN_POINT('Ctrl Pts',(-3.39813452955391,35.8471308317562,-32.9955937890952));
#4748=CARTESIAN_POINT('Ctrl Pts',(-2.91555293694782,35.2412611421816,-33.6400848691317));
#4749=CARTESIAN_POINT('Ctrl Pts',(-1.98813105313247,33.7521192908754,-35.1925851551513));
#4750=CARTESIAN_POINT('Ctrl Pts',(-1.61152740095193,32.8503974083523,-36.1105807228917));
#4751=CARTESIAN_POINT('Ctrl Pts',(-1.39281368064227,31.9240465127692,-37.0455844143628));
#4752=CARTESIAN_POINT('',(-7.83678212825858,20.5407205967969,-19.4379235132796));
#4753=CARTESIAN_POINT('Ctrl Pts',(-7.83678212945707,20.5407205960503,-19.4379235136932));
#4754=CARTESIAN_POINT('Ctrl Pts',(-7.82195640028218,21.06264802843,-19.8643987934046));
#4755=CARTESIAN_POINT('Ctrl Pts',(-7.79613290046268,21.5843802731154,-20.2896935079206));
#4756=CARTESIAN_POINT('Ctrl Pts',(-7.75943038724443,22.105716291639,-20.7138915991175));
#4757=CARTESIAN_POINT('Ctrl Pts',(-7.72267780921069,22.627763449245,-21.1386683264159));
#4758=CARTESIAN_POINT('Ctrl Pts',(-7.67501667099759,23.1494135679174,-21.5623455884728));
#4759=CARTESIAN_POINT('Ctrl Pts',(-7.61652778899404,23.6704702192208,-21.98504272675));
#4760=CARTESIAN_POINT('Ctrl Pts',(-7.55798171343067,24.1920363876109,-22.4081532009167));
#4761=CARTESIAN_POINT('Ctrl Pts',(-7.48858683257571,24.7130082063613,-22.8302817855415));
#4762=CARTESIAN_POINT('Ctrl Pts',(-7.40838364413687,25.2331899988806,-23.2515809881581));
#4763=CARTESIAN_POINT('Ctrl Pts',(-7.38443515159568,25.388515117753,-23.3773799870242));
#4764=CARTESIAN_POINT('Ctrl Pts',(-7.35952270265765,25.5437697907283,-23.5031052511106));
#4765=CARTESIAN_POINT('Ctrl Pts',(-7.33364665166639,25.6989487733359,-23.6287613761297));
#4766=CARTESIAN_POINT('Ctrl Pts',(-7.24025510402417,26.2590189846742,-24.0822780271141));
#4767=CARTESIAN_POINT('Ctrl Pts',(-7.13434181674739,26.8180940446252,-24.5348491315134));
#4768=CARTESIAN_POINT('Ctrl Pts',(-7.01604250367114,27.3759135502738,-24.986628116328));
#4769=CARTESIAN_POINT('Ctrl Pts',(-6.94329065027964,27.7189620586595,-25.2644636980732));
#4770=CARTESIAN_POINT('Ctrl Pts',(-6.86585349274083,28.061535984621,-25.5420001572828));
#4771=CARTESIAN_POINT('Ctrl Pts',(-6.78375400192986,28.403576722766,-25.8192774116468));
#4772=CARTESIAN_POINT('Ctrl Pts',(-6.61686581390795,29.0988618999922,-26.3829142637563));
#4773=CARTESIAN_POINT('Ctrl Pts',(-6.43084734500781,29.791372184728,-26.9450146715204));
#4774=CARTESIAN_POINT('Ctrl Pts',(-6.22614094911025,30.4801521453406,-27.5054653682906));
#4775=CARTESIAN_POINT('Ctrl Pts',(-6.16245546937694,30.6944360324169,-27.6798251939041));
#4776=CARTESIAN_POINT('Ctrl Pts',(-6.0969613534636,30.9083591642932,-27.8540255648147));
#4777=CARTESIAN_POINT('Ctrl Pts',(-6.02967222731112,31.1218935609864,-28.0280636432285));
#4778=CARTESIAN_POINT('Ctrl Pts',(-5.82023889775089,31.7865064372742,-28.5697466210973));
#4779=CARTESIAN_POINT('Ctrl Pts',(-5.59342163452753,32.4473210576137,-29.1098317499406));
#4780=CARTESIAN_POINT('Ctrl Pts',(-5.34954229995791,33.103454427251,-29.6481271307768));
#4781=CARTESIAN_POINT('Ctrl Pts',(-5.10104789741113,33.7720041834932,-30.1966089826345));
#4782=CARTESIAN_POINT('Ctrl Pts',(-4.83483949747638,34.4356938185919,-30.7432329589156));
#4783=CARTESIAN_POINT('Ctrl Pts',(-4.55129855894654,35.0936023515682,-31.2878291607592));
#4784=CARTESIAN_POINT('Ctrl Pts',(-4.36150314077993,35.5339903455526,-31.6523686321906));
#4785=CARTESIAN_POINT('Ctrl Pts',(-4.16394247118773,35.9717883153612,-32.0160002130934));
#4786=CARTESIAN_POINT('Ctrl Pts',(-3.95874134607025,36.4067231977651,-32.3786801012765));
#4787=CARTESIAN_POINT('Ctrl Pts',(-5.68215985599783,18.3223679630108,-22.2396108770523));
#4788=CARTESIAN_POINT('Ctrl Pts',(-5.9671730952426,18.8631796475197,-21.6386461450648));
#4789=CARTESIAN_POINT('Ctrl Pts',(-6.35230405784,19.3603599965683,-21.0493086416205));
#4790=CARTESIAN_POINT('Ctrl Pts',(-7.13052627680939,20.0721319049769,-20.1226823556707));
#4791=CARTESIAN_POINT('Ctrl Pts',(-7.46817284412741,20.3221649019996,-19.773517401595));
#4792=CARTESIAN_POINT('Ctrl Pts',(-7.83678212825858,20.5407205967969,-19.4379235132796));
#4793=CARTESIAN_POINT('Origin',(0.,0.,-25.9083015866398));
#4794=CARTESIAN_POINT('',(-6.14596880133014,36.1019136792523,-32.37867966));
#4795=CARTESIAN_POINT('',(-9.06267776839376,20.0300830858919,-19.4379235132796));
#4796=CARTESIAN_POINT('Ctrl Pts',(-6.14596552998131,36.1019137555248,-32.3786803948499));
#4797=CARTESIAN_POINT('Ctrl Pts',(-6.37712237256893,35.5484317172867,-31.9305570170397));
#4798=CARTESIAN_POINT('Ctrl Pts',(-6.59519078990165,34.991010159269,-31.4807407660554));
#4799=CARTESIAN_POINT('Ctrl Pts',(-6.8000262967814,34.4301946983865,-31.0293542708326));
#4800=CARTESIAN_POINT('Ctrl Pts',(-7.00477974235032,33.8696039116953,-30.5781486103101));
#4801=CARTESIAN_POINT('Ctrl Pts',(-7.19631083900174,33.3056218692144,-30.1253738624466));
#4802=CARTESIAN_POINT('Ctrl Pts',(-7.37446486368692,32.73883821941,-29.6711278504576));
#4803=CARTESIAN_POINT('Ctrl Pts',(-7.55275849371566,32.1716104256898,-29.2165258814776));
#4804=CARTESIAN_POINT('Ctrl Pts',(-7.71765406206566,31.6015765750738,-28.7604502300226));
#4805=CARTESIAN_POINT('Ctrl Pts',(-7.86898646207474,31.0293734496053,-28.3029758370966));
#4806=CARTESIAN_POINT('Ctrl Pts',(-7.89079909933796,30.9468976597813,-28.2370367322552));
#4807=CARTESIAN_POINT('Ctrl Pts',(-7.91232993754079,30.8643768803556,-28.1710685303593));
#4808=CARTESIAN_POINT('Ctrl Pts',(-7.93357846532053,30.7818130974185,-28.1050714184869));
#4809=CARTESIAN_POINT('Ctrl Pts',(-8.0882136718744,30.1809588753901,-27.6247804010507));
#4810=CARTESIAN_POINT('Ctrl Pts',(-8.22790532635753,29.5777972267421,-27.1429589877539));
#4811=CARTESIAN_POINT('Ctrl Pts',(-8.35240229551219,28.9730425609403,-26.6596876711541));
#4812=CARTESIAN_POINT('Ctrl Pts',(-8.41641814048417,28.6620801239034,-26.4111914877295));
#4813=CARTESIAN_POINT('Ctrl Pts',(-8.47641670422541,28.3506972559272,-26.1623116047618));
#4814=CARTESIAN_POINT('Ctrl Pts',(-8.532364947968,28.0389959181935,-25.9130569382611));
#4815=CARTESIAN_POINT('Ctrl Pts',(-8.6324563583043,27.4813622122808,-25.4671403297301));
#4816=CARTESIAN_POINT('Ctrl Pts',(-8.71955720773149,26.9228698762537,-25.0201536265197));
#4817=CARTESIAN_POINT('Ctrl Pts',(-8.79353246077857,26.3639555182578,-24.5720621348514));
#4818=CARTESIAN_POINT('Ctrl Pts',(-8.84104691570137,26.0049636936297,-24.2842520618177));
#4819=CARTESIAN_POINT('Ctrl Pts',(-8.88314589300045,25.6457985853829,-23.9959857939451));
#4820=CARTESIAN_POINT('Ctrl Pts',(-8.91978870853961,25.2865853637554,-23.7072502398686));
#4821=CARTESIAN_POINT('Ctrl Pts',(-8.96994848262837,24.7948640322635,-23.3120046794287));
#4822=CARTESIAN_POINT('Ctrl Pts',(-9.00987821365401,24.3030741195527,-22.9158637914953));
#4823=CARTESIAN_POINT('Ctrl Pts',(-9.03952056682865,23.8114883496396,-22.518806278718));
#4824=CARTESIAN_POINT('Ctrl Pts',(-9.06906048598147,23.3216013351251,-22.1231208634152));
#4825=CARTESIAN_POINT('Ctrl Pts',(-9.08838385741467,22.8319168555948,-21.7265249481342));
#4826=CARTESIAN_POINT('Ctrl Pts',(-9.09740876370728,22.3427467912964,-21.3289811400088));
#4827=CARTESIAN_POINT('Ctrl Pts',(-9.10637014799655,21.8570197613571,-20.9342354528039));
#4828=CARTESIAN_POINT('Ctrl Pts',(-9.10517734826177,21.3717997556257,-20.5385549580726));
#4829=CARTESIAN_POINT('Ctrl Pts',(-9.09372775798684,20.8874363216005,-20.1418900087245));
#4830=CARTESIAN_POINT('Ctrl Pts',(-9.08696455332229,20.6013257309434,-19.9075823897372));
#4831=CARTESIAN_POINT('Ctrl Pts',(-9.07662214225285,20.3155148648997,-19.6729310434775));
#4832=CARTESIAN_POINT('Ctrl Pts',(-9.06267607167974,20.0300834832625,-19.4379240340109));
#4833=CARTESIAN_POINT('Origin',(0.,0.,-19.4379235132796));
#4834=CARTESIAN_POINT('Origin',(0.,0.,-32.37867966));
#4835=CARTESIAN_POINT('Origin',(0.,0.,-20.8387671951659));
#4836=CARTESIAN_POINT('Ctrl Pts',(-9.06267776839376,20.0300830858919,-19.4379235132796));
#4837=CARTESIAN_POINT('Ctrl Pts',(-9.15772321051777,19.6163049039166,-19.7757299661414));
#4838=CARTESIAN_POINT('Ctrl Pts',(-9.21194848391472,19.2028846434259,-20.1255537249021));
#4839=CARTESIAN_POINT('Ctrl Pts',(-9.24575467291045,18.1540453432699,-21.0522050815332));
#4840=CARTESIAN_POINT('Ctrl Pts',(-9.16436649155338,17.5324766185233,-21.6400014768364));
#4841=CARTESIAN_POINT('Ctrl Pts',(-8.9836312537863,16.9496453619854,-22.2396108770523));
#4842=CARTESIAN_POINT('Origin',(0.,0.,-34.7121320371814));
#4843=CARTESIAN_POINT('Ctrl Pts',(-7.28969448938143,31.1118149575031,-37.0455844143628));
#4844=CARTESIAN_POINT('Ctrl Pts',(-7.33746374694294,32.1263935422564,-36.0468615809549));
#4845=CARTESIAN_POINT('Ctrl Pts',(-7.21002742685841,33.161357244836,-35.0674968066015));
#4846=CARTESIAN_POINT('Ctrl Pts',(-6.72325314065453,34.8345121283726,-33.5239917695277));
#4847=CARTESIAN_POINT('Ctrl Pts',(-6.46695506524399,35.4762321729733,-32.9416175325205));
#4848=CARTESIAN_POINT('Ctrl Pts',(-6.14596880133014,36.1019136792523,-32.37867966));
#4849=CARTESIAN_POINT('Ctrl Pts',(-7.28969448937643,31.1118149574778,-37.0455844144061));
#4850=CARTESIAN_POINT('Ctrl Pts',(-7.88801296169336,29.503761787626,-35.3937338706486));
#4851=CARTESIAN_POINT('Ctrl Pts',(-8.81332030133155,26.2513166376559,-32.0729304008416));
#4852=CARTESIAN_POINT('Ctrl Pts',(-9.35497143480042,21.4576682774996,-27.1139201142632));
#4853=CARTESIAN_POINT('Ctrl Pts',(-9.18376691255113,18.3717229922327,-23.8075504631013));
#4854=CARTESIAN_POINT('Ctrl Pts',(-8.97622962433335,16.8968715672935,-22.1818365990707));
#4855=CARTESIAN_POINT('Ctrl Pts',(-7.36608536078397,32.8040211372156,-35.3955796475907));
#4856=CARTESIAN_POINT('Ctrl Pts',(-7.99565560861608,31.1158104324147,-33.8185296671349));
#4857=CARTESIAN_POINT('Ctrl Pts',(-8.97672085886388,27.7027686884172,-30.6481843957964));
#4858=CARTESIAN_POINT('Ctrl Pts',(-9.59304564124538,22.6702265416331,-25.9128865713835));
#4859=CARTESIAN_POINT('Ctrl Pts',(-9.46526938047517,19.4215556941674,-22.750952819444));
#4860=CARTESIAN_POINT('Ctrl Pts',(-9.27739839495138,17.8651490382175,-21.1942469893297));
#4861=CARTESIAN_POINT('Ctrl Pts',(-6.94733500056527,34.5741508463049,-33.8043198714834));
#4862=CARTESIAN_POINT('Ctrl Pts',(-7.63425972001345,32.817201613086,-32.3039252629862));
#4863=CARTESIAN_POINT('Ctrl Pts',(-8.72321950234338,29.260576278339,-29.2847087912432));
#4864=CARTESIAN_POINT('Ctrl Pts',(-9.48903025876612,24.0026519607617,-24.7653528428614));
#4865=CARTESIAN_POINT('Ctrl Pts',(-9.45084926687757,20.5928714411123,-21.7369071834722));
#4866=CARTESIAN_POINT('Ctrl Pts',(-9.30403849440051,18.9541384127505,-20.2422962192079));
#4867=CARTESIAN_POINT('Ctrl Pts',(-6.06954783498362,36.2695844726099,-32.4090026307554));
#4868=CARTESIAN_POINT('Ctrl Pts',(-6.83478358801876,34.4609560079142,-30.980419913029));
#4869=CARTESIAN_POINT('Ctrl Pts',(-8.07471379095437,30.7904864850007,-28.1000598669295));
#4870=CARTESIAN_POINT('Ctrl Pts',(-9.05185322499803,25.3400252888285,-23.7702695294003));
#4871=CARTESIAN_POINT('Ctrl Pts',(-9.14167830305528,21.784556182241,-20.8527390483572));
#4872=CARTESIAN_POINT('Ctrl Pts',(-9.05385302792535,20.0699476246176,-19.4080609617097));
#4873=CARTESIAN_POINT('Ctrl Pts',(6.08332933677705,36.2072206637841,-32.4626302524857));
#4874=CARTESIAN_POINT('Ctrl Pts',(4.77986732059742,34.7350945810545,-30.9632767366794));
#4875=CARTESIAN_POINT('Ctrl Pts',(2.43672012880827,31.6642149959949,-27.9845636799695));
#4876=CARTESIAN_POINT('Ctrl Pts',(-0.2485542089304,26.8404717270379,-23.6460966231427));
#4877=CARTESIAN_POINT('Ctrl Pts',(-1.51016273688582,23.5300290631478,-20.8149909660281));
#4878=CARTESIAN_POINT('Ctrl Pts',(-2.00512097885652,21.8942128310611,-19.4370737036659));
#4879=CARTESIAN_POINT('Ctrl Pts',(6.94406588041484,34.522405210899,-33.8532969829698));
#4880=CARTESIAN_POINT('Ctrl Pts',(5.63919894842651,33.1611387139043,-32.3049410121655));
#4881=CARTESIAN_POINT('Ctrl Pts',(3.27969526111821,30.3008084620923,-29.2184890911457));
#4882=CARTESIAN_POINT('Ctrl Pts',(0.553145927413942,25.7559445541738,-24.6921648051415));
#4883=CARTESIAN_POINT('Ctrl Pts',(-0.740783877625631,22.6100921467185,-21.7209826052268));
#4884=CARTESIAN_POINT('Ctrl Pts',(-1.25112619106067,21.0507490841987,-20.2711628071638));
#4885=CARTESIAN_POINT('Ctrl Pts',(7.35132041522134,32.7656232358966,-35.4354627162379));
#4886=CARTESIAN_POINT('Ctrl Pts',(6.06675678377277,31.5055436227372,-33.8259649669065));
#4887=CARTESIAN_POINT('Ctrl Pts',(3.73546598918297,28.840936417409,-30.6101557992869));
#4888=CARTESIAN_POINT('Ctrl Pts',(1.03578211927974,24.5615800943557,-25.8697332687306));
#4889=CARTESIAN_POINT('Ctrl Pts',(-0.245000032260783,21.5784857636514,-22.7460801296978));
#4890=CARTESIAN_POINT('Ctrl Pts',(-0.748797976290711,20.0963669413744,-21.2195373891603));
#4891=CARTESIAN_POINT('Ctrl Pts',(7.27045985043861,31.0862721902039,-37.0745794368569));
#4892=CARTESIAN_POINT('Ctrl Pts',(6.02603201435872,29.9095376844295,-35.3973800337166));
#4893=CARTESIAN_POINT('Ctrl Pts',(3.76528518205351,27.4086002222034,-32.0410774762003));
#4894=CARTESIAN_POINT('Ctrl Pts',(1.15831097861033,23.3590916669333,-27.0787895026886));
#4895=CARTESIAN_POINT('Ctrl Pts',(-0.0651032627028231,20.522914675082,-23.8030669274469));
#4896=CARTESIAN_POINT('Ctrl Pts',(-0.540854529595516,19.1122274469603,-22.201547290692));
#4897=CARTESIAN_POINT('',(-2.00435289422406,21.893353471702,-19.4379235132796));
#4898=CARTESIAN_POINT('',(6.01047582540922,36.1247184648307,-32.37867966));
#4899=CARTESIAN_POINT('Ctrl Pts',(-2.00435289557956,21.8933534713064,-19.4379235136932));
#4900=CARTESIAN_POINT('Ctrl Pts',(-1.84926260931264,22.3919264826145,-19.8643987915142));
#4901=CARTESIAN_POINT('Ctrl Pts',(-1.68363504063225,22.8873443813367,-20.2896935041213));
#4902=CARTESIAN_POINT('Ctrl Pts',(-1.50763878249006,23.3794456243646,-20.7138915933813));
#4903=CARTESIAN_POINT('Ctrl Pts',(-1.33140245292991,23.8722181285002,-21.138668319016));
#4904=CARTESIAN_POINT('Ctrl Pts',(-1.14476920207201,24.3616652226791,-21.5623455793798));
#4905=CARTESIAN_POINT('Ctrl Pts',(-0.94786984518909,24.8476195665527,-21.9850427159249));
#4906=CARTESIAN_POINT('Ctrl Pts',(-0.750777949375177,25.3340491030899,-22.408153188786));
#4907=CARTESIAN_POINT('Ctrl Pts',(-0.543399905065803,25.816979357436,-22.8302817720643));
#4908=CARTESIAN_POINT('Ctrl Pts',(-0.325827501133622,26.2962328353555,-23.2515809732842));
#4909=CARTESIAN_POINT('Ctrl Pts',(-0.260860865765714,26.4393368567576,-23.3773799767045));
#4910=CARTESIAN_POINT('Ctrl Pts',(-0.194985026129033,26.5821129722361,-23.5031052453349));
#4911=CARTESIAN_POINT('Ctrl Pts',(-0.128201738369036,26.7245562273995,-23.628761374888));
#4912=CARTESIAN_POINT('Ctrl Pts',(0.112831733844177,27.2386607816524,-24.0822780289332));
#4913=CARTESIAN_POINT('Ctrl Pts',(0.365654117139938,27.7484287623863,-24.5348491363153));
#4914=CARTESIAN_POINT('Ctrl Pts',(0.630064474451642,28.253646038344,-24.9866281241243));
#4915=CARTESIAN_POINT('Ctrl Pts',(0.792671869842117,28.5643451583973,-25.2644637023016));
#4916=CARTESIAN_POINT('Ctrl Pts',(0.959662784672474,28.8733232149417,-25.5420001579593));
#4917=CARTESIAN_POINT('Ctrl Pts',(1.13099928834605,29.1805299733154,-25.8192774088052));
#4918=CARTESIAN_POINT('Ctrl Pts',(1.47928452389724,29.8050062285735,-26.3829142903411));
#4919=CARTESIAN_POINT('Ctrl Pts',(1.84524198241887,30.4216492031059,-26.9450147274839));
#4920=CARTESIAN_POINT('Ctrl Pts',(2.22818794123642,31.0296582409116,-27.5054654537234));
#4921=CARTESIAN_POINT('Ctrl Pts',(2.34732487177244,31.2188137309603,-27.6798252496775));
#4922=CARTESIAN_POINT('Ctrl Pts',(2.46810603819966,31.4071338796858,-27.8540255910084));
#4923=CARTESIAN_POINT('Ctrl Pts',(2.59051077096554,31.5945954209285,-28.0280636399282));
#4924=CARTESIAN_POINT('Ctrl Pts',(2.971488126143,32.1780581724606,-28.5697465804444));
#4925=CARTESIAN_POINT('Ctrl Pts',(3.36818001216924,32.7531733898594,-29.1098316724522));
#4926=CARTESIAN_POINT('Ctrl Pts',(3.78003827326801,33.3191776596233,-29.6481270167601));
#4927=CARTESIAN_POINT('Ctrl Pts',(4.19969035934326,33.8958927457799,-30.1966088259163));
#4928=CARTESIAN_POINT('Ctrl Pts',(4.63508831228565,34.4631487595611,-30.7432327598518));
#4929=CARTESIAN_POINT('Ctrl Pts',(5.0856163413161,35.0201617888363,-31.2878289194958));
#4930=CARTESIAN_POINT('Ctrl Pts',(5.38718895273001,35.3930128946634,-31.6523684718589));
#4931=CARTESIAN_POINT('Ctrl Pts',(5.69554008186504,35.7612749796505,-32.0160001332149));
#4932=CARTESIAN_POINT('Ctrl Pts',(6.01047588889544,36.1247187758279,-32.3786801012737));
#4933=CARTESIAN_POINT('Ctrl Pts',(-0.528134238442761,19.1759532390769,-22.2396108770523));
#4934=CARTESIAN_POINT('Ctrl Pts',(-0.656669167350058,19.7736058109754,-21.6386461450648));
#4935=CARTESIAN_POINT('Ctrl Pts',(-0.89338077627195,20.3562564541853,-21.0493086416205));
#4936=CARTESIAN_POINT('Ctrl Pts',(-1.45071064162685,21.2515957713611,-20.1226823556707));
#4937=CARTESIAN_POINT('Ctrl Pts',(-1.70837826303156,21.5834528202563,-19.7735174015949));
#4938=CARTESIAN_POINT('Ctrl Pts',(-2.00435289422407,21.893353471702,-19.4379235132796));
#4939=CARTESIAN_POINT('Ctrl Pts',(6.01047582540922,36.1247184648307,-32.37867966));
#4940=CARTESIAN_POINT('Ctrl Pts',(6.37596631919259,35.4760701357831,-32.9585458769816));
#4941=CARTESIAN_POINT('Ctrl Pts',(6.664232255248,34.8063107366256,-33.5630647650121));
#4942=CARTESIAN_POINT('Ctrl Pts',(7.18072734777292,33.1242221193763,-35.1100687151961));
#4943=CARTESIAN_POINT('Ctrl Pts',(7.31293565063908,32.1098573492876,-36.068445033204));
#4944=CARTESIAN_POINT('Ctrl Pts',(7.27184030026683,31.1159929031013,-37.0455844143628));
#4945=CARTESIAN_POINT('Origin',(0.,0.,-34.7121320371814));
#4946=CARTESIAN_POINT('',(3.82212013695087,36.4213193263208,-32.37867966));
#4947=CARTESIAN_POINT('Ctrl Pts',(1.3744943770598,31.9248404993019,-37.0455844143628));
#4948=CARTESIAN_POINT('Ctrl Pts',(1.42914346638718,32.1623740425965,-36.8059200297556));
#4949=CARTESIAN_POINT('Ctrl Pts',(1.49397883917557,32.3983066410834,-36.5673685323038));
#4950=CARTESIAN_POINT('Ctrl Pts',(1.56872400000429,32.6322909789075,-36.3300948160634));
#4951=CARTESIAN_POINT('Ctrl Pts',(1.64367164669286,32.8669091841193,-36.0921783214555));
#4952=CARTESIAN_POINT('Ctrl Pts',(1.7285831325415,33.0995688515071,-35.8555461502619));
#4953=CARTESIAN_POINT('Ctrl Pts',(1.82322699461077,33.3299062138054,-35.6203826183952));
#4954=CARTESIAN_POINT('Ctrl Pts',(1.91754645332198,33.5594540667559,-35.38602513816));
#4955=CARTESIAN_POINT('Ctrl Pts',(2.021531998514,33.7866957800997,-35.1531258835907));
#4956=CARTESIAN_POINT('Ctrl Pts',(2.13499687128038,34.0112535914811,-34.9218908218612));
#4957=CARTESIAN_POINT('Ctrl Pts',(2.17353476887554,34.0875237685695,-34.8433527429644));
#4958=CARTESIAN_POINT('Ctrl Pts',(2.21316653649811,34.1634841626758,-34.7650068696556));
#4959=CARTESIAN_POINT('Ctrl Pts',(2.25388587626735,34.2391194192683,-34.6868620071067));
#4960=CARTESIAN_POINT('Ctrl Pts',(2.37522486726619,34.4645038624069,-34.4539992242826));
#4961=CARTESIAN_POINT('Ctrl Pts',(2.50605029508507,34.686691736366,-34.2232307456972));
#4962=CARTESIAN_POINT('Ctrl Pts',(2.64609986492106,34.9052307405718,-33.9947404282138));
#4963=CARTESIAN_POINT('Ctrl Pts',(2.78498968359539,35.1219600222322,-33.7681422401488));
#4964=CARTESIAN_POINT('Ctrl Pts',(2.93295186938065,35.3351007996907,-33.5437843333363));
#4965=CARTESIAN_POINT('Ctrl Pts',(3.08976134646626,35.5441893277609,-33.3218797320537));
#4966=CARTESIAN_POINT('Ctrl Pts',(3.24403230087529,35.7498930095847,-33.1035674510368));
#4967=CARTESIAN_POINT('Ctrl Pts',(3.40686676792461,35.9516747110381,-32.8876294642938));
#4968=CARTESIAN_POINT('Ctrl Pts',(3.57807498861914,36.1490686281186,-32.6743051882008));
#4969=CARTESIAN_POINT('Ctrl Pts',(3.65762226363135,36.2407823796198,-32.5751898257006));
#4970=CARTESIAN_POINT('Ctrl Pts',(3.73897753620059,36.3315485633805,-32.4766392380266));
#4971=CARTESIAN_POINT('Ctrl Pts',(3.82212330733514,36.4213185169401,-32.3786803949742));
#4972=CARTESIAN_POINT('Origin',(0.,0.,-32.37867966));
#4973=CARTESIAN_POINT('Origin',(0.,0.,-20.8387671951659));
#4974=CARTESIAN_POINT('',(-3.32255735026837,21.7323944703672,-19.4379235132796));
#4975=CARTESIAN_POINT('Origin',(0.,0.,-19.4379235132796));
#4976=CARTESIAN_POINT('Ctrl Pts',(-3.32255735026838,21.7323944703672,-19.4379235132796));
#4977=CARTESIAN_POINT('Ctrl Pts',(-3.5468133260902,21.3208866656553,-19.8108131836254));
#4978=CARTESIAN_POINT('Ctrl Pts',(-3.72297952375361,20.8965336965004,-20.1982155395308));
#4979=CARTESIAN_POINT('Ctrl Pts',(-4.01632308515386,19.8936030213335,-21.1296583995618));
#4980=CARTESIAN_POINT('Ctrl Pts',(-4.09321395453665,19.3146030684792,-21.6795556063526));
#4981=CARTESIAN_POINT('Ctrl Pts',(-4.07753424650852,18.7448612390071,-22.2396108770523));
#4982=CARTESIAN_POINT('Origin',(0.,0.,-25.9083015866398));
#4983=CARTESIAN_POINT('Ctrl Pts',(3.82212330733514,36.4213185169401,-32.3786803949742));
#4984=CARTESIAN_POINT('Ctrl Pts',(3.4502115265814,35.9507274842686,-31.9305579924841));
#4985=CARTESIAN_POINT('Ctrl Pts',(3.08983987721282,35.4728118177318,-31.4807427346297));
#4986=CARTESIAN_POINT('Ctrl Pts',(2.74129469975835,34.9880579248035,-31.0293572424734));
#4987=CARTESIAN_POINT('Ctrl Pts',(2.39288910286612,34.503498159424,-30.5781525149492));
#4988=CARTESIAN_POINT('Ctrl Pts',(2.0563005258742,34.0121055639137,-30.1253787095295));
#4989=CARTESIAN_POINT('Ctrl Pts',(1.73183704731258,33.5144061825301,-29.6711336416137));
#4990=CARTESIAN_POINT('Ctrl Pts',(1.40711924967262,33.0163166973094,-29.2165325299684));
#4991=CARTESIAN_POINT('Ctrl Pts',(1.09454556593403,32.5119104762923,-28.7604577369142));
#4992=CARTESIAN_POINT('Ctrl Pts',(0.794446789981138,32.0017561482675,-28.3029841956428));
#4993=CARTESIAN_POINT('Ctrl Pts',(0.751189490461323,31.9282206981524,-28.2370423405509));
#4994=CARTESIAN_POINT('Ctrl Pts',(0.708191423875438,31.8545658883991,-28.1710713857287));
#4995=CARTESIAN_POINT('Ctrl Pts',(0.665453618623188,31.7807934937332,-28.1050715182549));
#4996=CARTESIAN_POINT('Ctrl Pts',(0.35444405144327,31.2439404569557,-27.6247803545934));
#4997=CARTESIAN_POINT('Ctrl Pts',(0.0572013728432146,30.7008338423512,-27.1429587803058));
#4998=CARTESIAN_POINT('Ctrl Pts',(-0.225839851399039,30.1520938154914,-26.6596872968424));
#4999=CARTESIAN_POINT('Ctrl Pts',(-0.371378393533256,29.8699341275037,-26.4111912434968));
#5000=CARTESIAN_POINT('Ctrl Pts',(-0.513162058252058,29.5862857546384,-26.1623114897255));
#5001=CARTESIAN_POINT('Ctrl Pts',(-0.651131523335464,29.3012379635496,-25.9130569527466));
#5002=CARTESIAN_POINT('Ctrl Pts',(-0.897959071553752,28.7912871033578,-25.4671402696051));
#5003=CARTESIAN_POINT('Ctrl Pts',(-1.13250942742162,28.2770046520984,-25.0201534912088));
#5004=CARTESIAN_POINT('Ctrl Pts',(-1.35453476786222,27.7587745974524,-24.5720619308687));
#5005=CARTESIAN_POINT('Ctrl Pts',(-1.49714205261618,27.4259144796645,-24.284251897048));
#5006=CARTESIAN_POINT('Ctrl Pts',(-1.63458142977769,27.0914264317609,-23.9959856713421));
#5007=CARTESIAN_POINT('Ctrl Pts',(-1.7667799535266,26.7554200063997,-23.7072501643006));
#5008=CARTESIAN_POINT('Ctrl Pts',(-1.9477445756603,26.2954657340247,-23.3120043593808));
#5009=CARTESIAN_POINT('Ctrl Pts',(-2.11887699679448,25.8326853989244,-22.915863234707));
#5010=CARTESIAN_POINT('Ctrl Pts',(-2.28004843393323,25.3673261347685,-22.5188054884088));
#5011=CARTESIAN_POINT('Ctrl Pts',(-2.44066292536202,24.9035749709705,-22.1231198190267));
#5012=CARTESIAN_POINT('Ctrl Pts',(-2.59138506915701,24.4372624393915,-21.7265236527653));
#5013=CARTESIAN_POINT('Ctrl Pts',(-2.73205184697188,23.9686667456796,-21.3289795921735));
#5014=CARTESIAN_POINT('Ctrl Pts',(-2.87172854305632,23.5033692581433,-20.9342336415373));
#5015=CARTESIAN_POINT('Ctrl Pts',(-3.0014907974918,23.0358204180855,-20.5385528818483));
#5016=CARTESIAN_POINT('Ctrl Pts',(-3.12114550741253,22.5663291199198,-20.1418876614238));
#5017=CARTESIAN_POINT('Ctrl Pts',(-3.19182454645919,22.2890045263698,-19.9075808245145));
#5018=CARTESIAN_POINT('Ctrl Pts',(-3.25897626826154,22.0110028840716,-19.6729302609596));
#5019=CARTESIAN_POINT('Ctrl Pts',(-3.3225556092638,21.7323943952343,-19.4379240340109));
#5020=CARTESIAN_POINT('Ctrl Pts',(1.3744943770598,31.9248404993019,-37.0455844143628));
#5021=CARTESIAN_POINT('Ctrl Pts',(0.36451562365284,30.537842695033,-35.39373387061));
#5022=CARTESIAN_POINT('Ctrl Pts',(-1.40397885724107,27.6556525971969,-32.0729309770841));
#5023=CARTESIAN_POINT('Ctrl Pts',(-3.218854763396,23.1859009719305,-27.1139202806277));
#5024=CARTESIAN_POINT('Ctrl Pts',(-3.8865763791723,20.1682003276732,-23.8075504630797));
#5025=CARTESIAN_POINT('Ctrl Pts',(-4.08464528896391,18.6920475040723,-22.1818365990505));
#5026=CARTESIAN_POINT('Ctrl Pts',(1.75748804981493,33.5749050939674,-35.3955796475599));
#5027=CARTESIAN_POINT('Ctrl Pts',(0.695790177391073,32.1191538417125,-33.8185296671081));
#5028=CARTESIAN_POINT('Ctrl Pts',(-1.16972300206248,29.0973658114488,-30.6481849720495));
#5029=CARTESIAN_POINT('Ctrl Pts',(-3.12095622794629,24.4177259385676,-25.9128867377569));
#5030=CARTESIAN_POINT('Ctrl Pts',(-3.87439849872621,21.2550508421009,-22.7509528194302));
#5031=CARTESIAN_POINT('Ctrl Pts',(-4.11340776935772,19.7056729816541,-21.1942469893167));
#5032=CARTESIAN_POINT('Ctrl Pts',(2.63828529079059,35.1664160965771,-33.8043198714652));
#5033=CARTESIAN_POINT('Ctrl Pts',(1.50281437312022,33.6599493782557,-32.3039252629714));
#5034=CARTESIAN_POINT('Ctrl Pts',(-0.505330281195943,30.5290107808331,-29.2847090186107));
#5035=CARTESIAN_POINT('Ctrl Pts',(-2.66131366318944,25.6726777143342,-24.7653526502366));
#5036=CARTESIAN_POINT('Ctrl Pts',(-3.54449591552668,22.3790405236804,-21.7369071834662));
#5037=CARTESIAN_POINT('Ctrl Pts',(-3.84525416458054,20.7614670889372,-20.2422962192022));
#5038=CARTESIAN_POINT('Ctrl Pts',(3.94094424521993,36.5621543018502,-32.4090026307472));
#5039=CARTESIAN_POINT('Ctrl Pts',(2.71612338973105,35.0270528221509,-30.9804199130234));
#5040=CARTESIAN_POINT('Ctrl Pts',(0.531891913154576,31.8272230198989,-28.1000600943052));
#5041=CARTESIAN_POINT('Ctrl Pts',(-1.8795293340041,26.842508659425,-23.7702693367823));
#5042=CARTESIAN_POINT('Ctrl Pts',(-2.9252771543268,23.4431210341998,-20.8527390483571));
#5043=CARTESIAN_POINT('Ctrl Pts',(-3.30330453128313,21.7683998373737,-19.4080609617097));
#5044=CARTESIAN_POINT('Origin',(0.,0.,-25.9083015866398));
#5045=CARTESIAN_POINT('',(22.1896265725903,29.1331696933256,-32.37867966));
#5046=CARTESIAN_POINT('',(8.45294588985374,20.2949270150123,-19.4379235132796));
#5047=CARTESIAN_POINT('Ctrl Pts',(22.1896288615782,29.1331673546532,-32.3786803947065));
#5048=CARTESIAN_POINT('Ctrl Pts',(21.6273460090443,28.9243236468259,-31.9305558614009));
#5049=CARTESIAN_POINT('Ctrl Pts',(21.071117622623,28.703225459783,-31.4807384341439));
#5050=CARTESIAN_POINT('Ctrl Pts',(20.5214410666945,28.4701396104279,-31.0293507509731));
#5051=CARTESIAN_POINT('Ctrl Pts',(19.9719848223331,28.2371471823915,-30.578143984974));
#5052=CARTESIAN_POINT('Ctrl Pts',(19.4290751318102,27.9921766219584,-30.125368120537));
#5053=CARTESIAN_POINT('Ctrl Pts',(18.8932485268825,27.7355173176717,-29.6711209899053));
#5054=CARTESIAN_POINT('Ctrl Pts',(18.3570021581212,27.478656947793,-29.2165180043848));
#5055=CARTESIAN_POINT('Ctrl Pts',(17.8278499464869,27.2100894621743,-28.760441334983));
#5056=CARTESIAN_POINT('Ctrl Pts',(17.3063699575468,26.9301288317357,-28.3029659317214));
#5057=CARTESIAN_POINT('Ctrl Pts',(17.2312091438819,26.8897781582215,-28.2370300870675));
#5058=CARTESIAN_POINT('Ctrl Pts',(17.1562077770503,26.8491908514699,-28.1710651485231));
#5059=CARTESIAN_POINT('Ctrl Pts',(17.0813676572757,26.8083678932163,-28.1050713031642));
#5060=CARTESIAN_POINT('Ctrl Pts',(16.5366952833345,26.5112660493087,-27.6247804574865));
#5061=CARTESIAN_POINT('Ctrl Pts',(16.00053630369,26.2016679857156,-27.1429592329818));
#5062=CARTESIAN_POINT('Ctrl Pts',(15.473584244433,25.8798777843215,-26.6596881119721));
#5063=CARTESIAN_POINT('Ctrl Pts',(15.2026273205927,25.714414377243,-26.4111917752954));
#5064=CARTESIAN_POINT('Ctrl Pts',(14.9341051368332,25.5457280244604,-26.1623117400849));
#5065=CARTESIAN_POINT('Ctrl Pts',(14.6681147608154,25.3738641736558,-25.9130569209612));
#5066=CARTESIAN_POINT('Ctrl Pts',(14.1922583506856,25.0663999852919,-25.4671403986739));
#5067=CARTESIAN_POINT('Ctrl Pts',(13.7246411522705,24.7488557644072,-25.0201537823873));
#5068=CARTESIAN_POINT('Ctrl Pts',(13.2656744224047,24.4214308280142,-24.5720623701639));
#5069=CARTESIAN_POINT('Ctrl Pts',(12.9708790629854,24.2111250574084,-24.2842522516445));
#5070=CARTESIAN_POINT('Ctrl Pts',(12.6796534072117,23.9967431808327,-23.9959859348924));
#5071=CARTESIAN_POINT('Ctrl Pts',(12.3921167029327,23.7783408995876,-23.7072503263391));
#5072=CARTESIAN_POINT('Ctrl Pts',(11.9985125936461,23.4793737274097,-23.3120050573605));
#5073=CARTESIAN_POINT('Ctrl Pts',(11.6118408869366,23.1728832651654,-22.9158644520396));
#5074=CARTESIAN_POINT('Ctrl Pts',(11.2323400442598,22.8590137639673,-22.5188072182188));
#5075=CARTESIAN_POINT('Ctrl Pts',(10.8541506530951,22.5462289102473,-22.1231221060145));
#5076=CARTESIAN_POINT('Ctrl Pts',(10.483082604772,22.2261156862351,-21.7265264903169));
#5077=CARTESIAN_POINT('Ctrl Pts',(10.1194197563467,21.8988271033479,-21.3289829835294));
#5078=CARTESIAN_POINT('Ctrl Pts',(9.75831657012984,21.5738421602757,-20.9342376099441));
#5079=CARTESIAN_POINT('Ctrl Pts',(9.40451470216427,21.2417822597114,-20.5385574306314));
#5080=CARTESIAN_POINT('Ctrl Pts',(9.0583396592597,20.9028110025466,-20.1418928037799));
#5081=CARTESIAN_POINT('Ctrl Pts',(8.85385514787333,20.7025817447879,-19.9075842536158));
#5082=CARTESIAN_POINT('Ctrl Pts',(8.65203271253164,20.4999412358166,-19.6729319753611));
#5083=CARTESIAN_POINT('Ctrl Pts',(8.45294733836398,20.2949260462192,-19.4379240340109));
#5084=CARTESIAN_POINT('',(9.66287706996495,19.7475356308633,-19.4379235132796));
#5085=CARTESIAN_POINT('Origin',(0.,0.,-19.4379235132796));
#5086=CARTESIAN_POINT('',(23.9052910896619,27.7427136691716,-32.37867966));
#5087=CARTESIAN_POINT('Ctrl Pts',(9.66287706860126,19.7475356312296,-19.4379235136932));
#5088=CARTESIAN_POINT('Ctrl Pts',(10.0544402835184,20.0929441308958,-19.8643993690725));
#5089=CARTESIAN_POINT('Ctrl Pts',(10.4533674198065,20.4301818236121,-20.2896946668653));
#5090=CARTESIAN_POINT('Ctrl Pts',(10.8594305002664,20.7591982825729,-20.7138933512554));
#5091=CARTESIAN_POINT('Ctrl Pts',(11.2660474021986,21.0886634806299,-21.1386705919124));
#5092=CARTESIAN_POINT('Ctrl Pts',(11.6798198188713,21.4098852994123,-21.5623483776892));
#5093=CARTESIAN_POINT('Ctrl Pts',(12.1005490388086,21.7227887300581,-21.9850460524096));
#5094=CARTESIAN_POINT('Ctrl Pts',(12.5216895412825,22.0359980384765,-22.4081569339232));
#5095=CARTESIAN_POINT('Ctrl Pts',(12.9498005735855,22.3408729691452,-22.8302859392463));
#5096=CARTESIAN_POINT('Ctrl Pts',(13.3847114933181,22.6373095599884,-23.2515855782348));
#5097=CARTESIAN_POINT('Ctrl Pts',(13.5145733486662,22.7258237911409,-23.3773831848116));
#5098=CARTESIAN_POINT('Ctrl Pts',(13.6450416584298,22.8135854629884,-23.503107059792));
#5099=CARTESIAN_POINT('Ctrl Pts',(13.7761123482307,22.9005912549992,-23.6287617987828));
#5100=CARTESIAN_POINT('Ctrl Pts',(14.2491753795385,23.2146143502654,-24.0822774689564));
#5101=CARTESIAN_POINT('Ctrl Pts',(14.7300578498164,23.5188069225271,-24.5348476167748));
#5102=CARTESIAN_POINT('Ctrl Pts',(15.218476806616,23.8130904013499,-24.9866256405279));
#5103=CARTESIAN_POINT('Ctrl Pts',(15.5188471612146,23.9940703401011,-25.2644623692326));
#5104=CARTESIAN_POINT('Ctrl Pts',(15.822068667273,24.1713021314458,-25.541999969982));
#5105=CARTESIAN_POINT('Ctrl Pts',(16.1280828119253,24.3447625579979,-25.8192783547152));
#5106=CARTESIAN_POINT('Ctrl Pts',(16.7501217632815,24.697357834131,-26.3829057513153));
#5107=CARTESIAN_POINT('Ctrl Pts',(17.3831897803613,25.0340785167549,-26.9449967176774));
#5108=CARTESIAN_POINT('Ctrl Pts',(18.0262867007247,25.3545957472094,-27.5054379427398));
#5109=CARTESIAN_POINT('Ctrl Pts',(18.2263726159423,25.4543178596436,-27.6798072981067));
#5110=CARTESIAN_POINT('Ctrl Pts',(18.4274294741413,25.5524717452265,-27.8540171730209));
#5111=CARTESIAN_POINT('Ctrl Pts',(18.6294275206778,25.6490482620773,-28.0280647277739));
#5112=CARTESIAN_POINT('Ctrl Pts',(19.2581141270093,25.9496272214847,-28.5697598996535));
#5113=CARTESIAN_POINT('Ctrl Pts',(19.8958906762333,26.2349081137648,-29.1098570541047));
#5114=CARTESIAN_POINT('Ctrl Pts',(20.541892115197,26.5045235020674,-29.648164360625));
#5115=CARTESIAN_POINT('Ctrl Pts',(21.2001203656149,26.7792418767089,-30.1966601613875));
#5116=CARTESIAN_POINT('Ctrl Pts',(21.8668878241929,27.0376960734482,-30.7432979707164));
#5117=CARTESIAN_POINT('Ctrl Pts',(22.5412609839164,27.2795362814361,-31.2879079581575));
#5118=CARTESIAN_POINT('Ctrl Pts',(22.9926258420344,27.4414024079148,-31.6524209969204));
#5119=CARTESIAN_POINT('Ctrl Pts',(23.4473975085763,27.595826661607,-32.0160263015527));
#5120=CARTESIAN_POINT('Ctrl Pts',(23.9052913056748,27.7427139024827,-32.3786801022049));
#5121=CARTESIAN_POINT('Origin',(0.,0.,-32.37867966));
#5122=CARTESIAN_POINT('Origin',(0.,0.,-20.8387671951659));
#5123=CARTESIAN_POINT('Ctrl Pts',(8.45294588985374,20.2949270150123,-19.4379235132796));
#5124=CARTESIAN_POINT('Ctrl Pts',(8.08566834796225,20.0819640436547,-19.7757299661414));
#5125=CARTESIAN_POINT('Ctrl Pts',(7.74651432243544,19.8394125253578,-20.1255537249021));
#5126=CARTESIAN_POINT('Ctrl Pts',(6.95691032057388,19.1482307430383,-21.0522050815332));
#5127=CARTESIAN_POINT('Ctrl Pts',(6.55819730126468,18.6644956462332,-21.6400014768364));
#5128=CARTESIAN_POINT('Ctrl Pts',(6.25560466250966,18.1345945283446,-22.2396108770523));
#5129=CARTESIAN_POINT('Ctrl Pts',(9.51226938812347,16.6587166219024,-22.2396108770523));
#5130=CARTESIAN_POINT('Ctrl Pts',(9.71297733475895,17.2361472625888,-21.6386461450648));
#5131=CARTESIAN_POINT('Ctrl Pts',(9.81346226550436,17.8569668310017,-21.0493086416205));
#5132=CARTESIAN_POINT('Ctrl Pts',(9.80247275285204,18.9115417701639,-20.1226823556707));
#5133=CARTESIAN_POINT('Ctrl Pts',(9.75474413351261,19.3289668328012,-19.773517401595));
#5134=CARTESIAN_POINT('Ctrl Pts',(9.66287706996494,19.7475356308633,-19.4379235132796));
#5135=CARTESIAN_POINT('Origin',(0.,0.,-34.7121320371814));
#5136=CARTESIAN_POINT('Ctrl Pts',(17.7620293980784,26.5630379919209,-37.0455844143628));
#5137=CARTESIAN_POINT('Ctrl Pts',(18.4709148595046,27.2904532853994,-36.0468615809549));
#5138=CARTESIAN_POINT('Ctrl Pts',(19.3142856159061,27.9037359678393,-35.0674968066015));
#5139=CARTESIAN_POINT('Ctrl Pts',(20.8693366976888,28.6900009378452,-33.5239917695277));
#5140=CARTESIAN_POINT('Ctrl Pts',(21.5132658422535,28.9406971202686,-32.9416175325205));
#5141=CARTESIAN_POINT('Ctrl Pts',(22.1896265725903,29.1331696933256,-32.37867966));
#5142=CARTESIAN_POINT('Ctrl Pts',(23.9052910896619,27.7427136691716,-32.37867966));
#5143=CARTESIAN_POINT('Ctrl Pts',(23.8814609071222,27.026105575515,-32.9371062926339));
#5144=CARTESIAN_POINT('Ctrl Pts',(23.7862587476002,26.3298670684553,-33.5184796398716));
#5145=CARTESIAN_POINT('Ctrl Pts',(23.3668081802672,24.6179009364106,-35.0621332393077));
#5146=CARTESIAN_POINT('Ctrl Pts',(22.9459099158778,23.6563591988981,-36.0439429177018));
#5147=CARTESIAN_POINT('Ctrl Pts',(22.380571961179,22.8077766209011,-37.0455844143628));
#5148=CARTESIAN_POINT('Ctrl Pts',(24.0104053618827,27.7753516336647,-32.4626302524857));
#5149=CARTESIAN_POINT('Ctrl Pts',(22.1318090371548,27.1947964857293,-30.9632767366794));
#5150=CARTESIAN_POINT('Ctrl Pts',(18.5341992130208,25.7884401677898,-27.9845654847087));
#5151=CARTESIAN_POINT('Ctrl Pts',(13.7335085368682,23.0621648087243,-23.6460968573719));
#5152=CARTESIAN_POINT('Ctrl Pts',(10.9355130986606,20.8891697411237,-20.8149909660281));
#5153=CARTESIAN_POINT('Ctrl Pts',(9.66266731288093,19.7486689686225,-19.4370737036659));
#5154=CARTESIAN_POINT('Ctrl Pts',(23.8704322988784,25.8885877243567,-33.8532969829698));
#5155=CARTESIAN_POINT('Ctrl Pts',(22.0482364482771,25.4034831293585,-32.3049410121655));
#5156=CARTESIAN_POINT('Ctrl Pts',(18.5460493712273,24.1855228199106,-29.2184908958849));
#5157=CARTESIAN_POINT('Ctrl Pts',(13.8549937775909,21.7189732238855,-24.6921650393706));
#5158=CARTESIAN_POINT('Ctrl Pts',(11.1149008686386,19.7034008819997,-21.7209826052268));
#5159=CARTESIAN_POINT('Ctrl Pts',(9.86864486519416,18.6362335861226,-20.2711628071638));
#5160=CARTESIAN_POINT('Ctrl Pts',(23.3056027580838,24.1759561954925,-35.4354627162379));
#5161=CARTESIAN_POINT('Ctrl Pts',(21.553329522235,23.7667583684356,-33.8259649669065));
#5162=CARTESIAN_POINT('Ctrl Pts',(18.176942223738,22.7013656867758,-30.6101553596626));
#5163=CARTESIAN_POINT('Ctrl Pts',(13.6467952981229,20.4477135811189,-25.8697328361491));
#5164=CARTESIAN_POINT('Ctrl Pts',(11.0025020871832,18.5643750417147,-22.7460801296978));
#5165=CARTESIAN_POINT('Ctrl Pts',(9.80196219573288,17.5597892858965,-21.2195373891603));
#5166=CARTESIAN_POINT('Ctrl Pts',(22.3639500726537,22.7830999266591,-37.0745794368569));
#5167=CARTESIAN_POINT('Ctrl Pts',(20.689274419296,22.4242598615306,-35.3973800337166));
#5168=CARTESIAN_POINT('Ctrl Pts',(17.4582014226709,21.4620562737393,-32.041077036576));
#5169=CARTESIAN_POINT('Ctrl Pts',(13.1266926461598,19.3566201062623,-27.0787890701072));
#5170=CARTESIAN_POINT('Ctrl Pts',(10.6077515821667,17.5690031466373,-23.8030669274469));
#5171=CARTESIAN_POINT('Ctrl Pts',(9.46829002574401,16.6108773276707,-22.201547290692));
#5172=CARTESIAN_POINT('Ctrl Pts',(17.7620293980633,26.5630379919,-37.0455844144061));
#5173=CARTESIAN_POINT('Ctrl Pts',(16.1784221551384,25.9027289040161,-35.3937338706486));
#5174=CARTESIAN_POINT('Ctrl Pts',(13.1698473084291,24.3590089698234,-32.0729297229613));
#5175=CARTESIAN_POINT('Ctrl Pts',(9.29677110682236,21.482947922259,-27.1139199086892));
#5176=CARTESIAN_POINT('Ctrl Pts',(7.15830691572974,19.2515044219307,-23.8075504631013));
#5177=CARTESIAN_POINT('Ctrl Pts',(6.22208768082541,18.0931642318996,-22.1818365990707));
#5178=CARTESIAN_POINT('Ctrl Pts',(18.9466137037969,27.7738878350212,-35.3955796475907));
#5179=CARTESIAN_POINT('Ctrl Pts',(17.2830934539143,27.0817068911992,-33.8185296671349));
#5180=CARTESIAN_POINT('Ctrl Pts',(14.1190911034033,25.4691211333294,-30.648183717916));
#5181=CARTESIAN_POINT('Ctrl Pts',(10.0204539971055,22.484576569016,-25.9128863658095));
#5182=CARTESIAN_POINT('Ctrl Pts',(7.73342201647353,20.1738031600819,-22.750952819444));
#5183=CARTESIAN_POINT('Ctrl Pts',(6.7241759889523,18.9741700320717,-21.1942469893297));
#5184=CARTESIAN_POINT('Ctrl Pts',(20.5261075312278,28.6760576085626,-33.8043198714834));
#5185=CARTESIAN_POINT('Ctrl Pts',(18.7732032177666,27.9788756766779,-32.3039252629862));
#5186=CARTESIAN_POINT('Ctrl Pts',(15.430621274649,26.3471410065867,-29.2847085288904));
#5187=CARTESIAN_POINT('Ctrl Pts',(11.0652345773219,23.3180104149098,-24.7653530638659));
#5188=CARTESIAN_POINT('Ctrl Pts',(8.59930418372774,20.9627496672345,-21.7369071834722));
#5189=CARTESIAN_POINT('Ctrl Pts',(7.50186530496313,19.7369326953603,-20.2422962192079));
#5190=CARTESIAN_POINT('Ctrl Pts',(22.3643277893227,29.1917627297268,-32.4090026307554));
#5191=CARTESIAN_POINT('Ctrl Pts',(20.5202029927685,28.5165394957036,-30.980419913029));
#5192=CARTESIAN_POINT('Ctrl Pts',(16.9913742874974,26.9174347300631,-28.1000596045768));
#5193=CARTESIAN_POINT('Ctrl Pts',(12.3410316616808,23.9113340846044,-23.7702697504047));
#5194=CARTESIAN_POINT('Ctrl Pts',(9.68125586377493,21.5501845735458,-20.8527390483571));
#5195=CARTESIAN_POINT('Ctrl Pts',(8.48810368279865,20.3156872435127,-19.4080609617097));
#5196=CARTESIAN_POINT('Ctrl Pts',(24.2699870481109,20.7858703060832,-37.0455844144061));
#5197=CARTESIAN_POINT('Ctrl Pts',(22.5669549976527,20.577299391289,-35.3937338706486));
#5198=CARTESIAN_POINT('Ctrl Pts',(19.2534556521082,19.9025282371149,-32.072929547498));
#5199=CARTESIAN_POINT('Ctrl Pts',(14.7480517033755,18.1780629240238,-27.1139198537652));
#5200=CARTESIAN_POINT('Ctrl Pts',(12.0868512102496,16.6063183225148,-23.8075504631013));
#5201=CARTESIAN_POINT('Ctrl Pts',(10.8728330810408,15.7435214555764,-22.1818365990707));
#5202=CARTESIAN_POINT('Ctrl Pts',(25.7373271324529,21.6322215315568,-35.3955796475907));
#5203=CARTESIAN_POINT('Ctrl Pts',(23.9487465422882,21.4145209269505,-33.8185296671349));
#5204=CARTESIAN_POINT('Ctrl Pts',(20.4670035895326,20.715371519325,-30.6481835424527));
#5205=CARTESIAN_POINT('Ctrl Pts',(15.7151346437804,18.9473011563489,-25.9128863108855));
#5206=CARTESIAN_POINT('Ctrl Pts',(12.8894727045659,17.3392515243553,-22.750952819444));
#5207=CARTESIAN_POINT('Ctrl Pts',(11.5939951129685,16.4563953664474,-21.1942469893297));
#5208=CARTESIAN_POINT('Ctrl Pts',(27.5016515360821,22.0747940679192,-33.8043198714834));
#5209=CARTESIAN_POINT('Ctrl Pts',(25.6256522354523,21.8763934571999,-32.3039252629862));
#5210=CARTESIAN_POINT('Ctrl Pts',(21.9667857361995,21.2069857426103,-29.2847084618726));
#5211=CARTESIAN_POINT('Ctrl Pts',(16.9460297829192,19.4679507972091,-24.7653531201012));
#5212=CARTESIAN_POINT('Ctrl Pts',(13.9361008324666,17.8653295419576,-21.7369071834722));
#5213=CARTESIAN_POINT('Ctrl Pts',(12.5486365032554,16.9810546546484,-20.2422962192079));
#5214=CARTESIAN_POINT('Ctrl Pts',(29.4108411771139,22.0754295539526,-32.4090026307554));
#5215=CARTESIAN_POINT('Ctrl Pts',(27.4529284821354,21.9227843448136,-30.980419913029));
#5216=CARTESIAN_POINT('Ctrl Pts',(23.6235251987563,21.3350453043715,-28.100059537559));
#5217=CARTESIAN_POINT('Ctrl Pts',(18.334593660931,19.6950664817391,-23.77026980664));
#5218=CARTESIAN_POINT('Ctrl Pts',(15.1364188502467,18.1390736986116,-20.8527390483572));
#5219=CARTESIAN_POINT('Ctrl Pts',(13.654448595103,17.2722634842644,-19.4080609617097));
#5220=CARTESIAN_POINT('',(29.2268101433682,22.0661431304752,-32.37867966));
#5221=CARTESIAN_POINT('',(13.6149935058735,17.2617585603696,-19.4379235132796));
#5222=CARTESIAN_POINT('Ctrl Pts',(29.2268117166086,22.0661402609611,-32.3786803946698));
#5223=CARTESIAN_POINT('Ctrl Pts',(28.6290340801872,22.0167431093002,-31.9305555608405));
#5224=CARTESIAN_POINT('Ctrl Pts',(28.0337801868436,21.9539124139842,-31.4807378277115));
#5225=CARTESIAN_POINT('Ctrl Pts',(27.4416009408789,21.8777709109086,-31.0293498356491));
#5226=CARTESIAN_POINT('Ctrl Pts',(26.8496590695101,21.8016599290961,-30.5781427821166));
#5227=CARTESIAN_POINT('Ctrl Pts',(26.2607893353819,21.712248740934,-30.1253666272761));
#5228=CARTESIAN_POINT('Ctrl Pts',(25.6755864474056,21.6096712497208,-29.671119205679));
#5229=CARTESIAN_POINT('Ctrl Pts',(25.0899251488807,21.5070134058556,-29.2165159556776));
#5230=CARTESIAN_POINT('Ctrl Pts',(24.5079364003787,21.3911685827932,-28.7604390214048));
#5231=CARTESIAN_POINT('Ctrl Pts',(23.9302615365577,21.2622831489533,-28.302963355186));
#5232=CARTESIAN_POINT('Ctrl Pts',(23.8470024849512,21.2437071650228,-28.2370283587238));
#5233=CARTESIAN_POINT('Ctrl Pts',(23.763833122215,21.2248603116111,-28.1710642691926));
#5234=CARTESIAN_POINT('Ctrl Pts',(23.6807554465948,21.2057430483368,-28.1050712736681));
#5235=CARTESIAN_POINT('Ctrl Pts',(23.0761239539098,21.0666094081229,-27.6247804724046));
#5236=CARTESIAN_POINT('Ctrl Pts',(22.4763187105465,20.9131460590158,-27.1429592966648));
#5237=CARTESIAN_POINT('Ctrl Pts',(21.8820895643961,20.7454586949282,-26.6596882261603));
#5238=CARTESIAN_POINT('Ctrl Pts',(21.5765389147227,20.6592344102883,-26.4111918497749));
#5239=CARTESIAN_POINT('Ctrl Pts',(21.2724631771644,20.5692498092192,-26.162311775112));
#5240=CARTESIAN_POINT('Ctrl Pts',(20.969968081478,20.4755224654558,-25.913056916438));
#5241=CARTESIAN_POINT('Ctrl Pts',(20.4288048916288,20.3078444136446,-25.4671404162071));
#5242=CARTESIAN_POINT('Ctrl Pts',(19.8928558160656,20.1282372121606,-25.0201538221533));
#5243=CARTESIAN_POINT('Ctrl Pts',(19.3625706357795,19.9367818304955,-24.5720624302589));
#5244=CARTESIAN_POINT('Ctrl Pts',(19.0219672465358,19.813809599122,-24.2842523000798));
#5245=CARTESIAN_POINT('Ctrl Pts',(18.6837014646316,19.6859493195194,-23.9959859708037));
#5246=CARTESIAN_POINT('Ctrl Pts',(18.3479031438355,19.5532224546089,-23.7072503483));
#5247=CARTESIAN_POINT('Ctrl Pts',(17.8882346383863,19.3715349480075,-23.3120051554368));
#5248=CARTESIAN_POINT('Ctrl Pts',(17.4332116981299,19.1807327981274,-22.9158646239852));
#5249=CARTESIAN_POINT('Ctrl Pts',(16.9831028632759,18.980890571159,-22.5188074631101));
#5250=CARTESIAN_POINT('Ctrl Pts',(16.5345494892864,18.7817389477492,-22.1231224301003));
#5251=CARTESIAN_POINT('Ctrl Pts',(16.0908762059876,18.5736093979128,-21.72652689271));
#5252=CARTESIAN_POINT('Ctrl Pts',(15.6523976292639,18.3565726757044,-21.3289834646851));
#5253=CARTESIAN_POINT('Ctrl Pts',(15.2170053136088,18.1410635811197,-20.9342381729209));
#5254=CARTESIAN_POINT('Ctrl Pts',(14.7867347629676,17.9167720194316,-20.5385580758956));
#5255=CARTESIAN_POINT('Ctrl Pts',(14.3619435554331,17.683767704507,-20.1418935331429));
#5256=CARTESIAN_POINT('Ctrl Pts',(14.1110204089318,17.5461326150508,-19.907584740005));
#5257=CARTESIAN_POINT('Ctrl Pts',(13.8620100795423,17.4054574644987,-19.6729322185507));
#5258=CARTESIAN_POINT('Ctrl Pts',(13.6149946392918,17.2617572366986,-19.4379240340109));
#5259=CARTESIAN_POINT('Ctrl Pts',(24.2699870481311,20.7858703060993,-37.0455844143628));
#5260=CARTESIAN_POINT('Ctrl Pts',(25.1488394111587,21.295056058658,-36.0468615809549));
#5261=CARTESIAN_POINT('Ctrl Pts',(26.1263973796702,21.658057848645,-35.0674968066015));
#5262=CARTESIAN_POINT('Ctrl Pts',(27.835914699209,21.9956182198505,-33.5239917695277));
#5263=CARTESIAN_POINT('Ctrl Pts',(28.5236022248967,22.0632879037206,-32.9416175325205));
#5264=CARTESIAN_POINT('Ctrl Pts',(29.2268101433682,22.0661431304752,-32.37867966));
#5265=CARTESIAN_POINT('Ctrl Pts',(13.6149935058735,17.2617585603696,-19.4379235132796));
#5266=CARTESIAN_POINT('Ctrl Pts',(13.2038788894833,17.1557831286052,-19.7757299661414));
#5267=CARTESIAN_POINT('Ctrl Pts',(12.8118619987542,17.0137287395767,-20.1255537249021));
#5268=CARTESIAN_POINT('Ctrl Pts',(11.8650600420503,16.5612104628764,-21.0522050815332));
#5269=CARTESIAN_POINT('Ctrl Pts',(11.3506222158535,16.2029850608937,-21.6400014768364));
#5270=CARTESIAN_POINT('Ctrl Pts',(10.9162849223333,15.7743726308059,-22.2396108770523));
#5271=CARTESIAN_POINT('Ctrl Pts',(30.6137345876989,20.2674364094124,-32.4626302524857));
#5272=CARTESIAN_POINT('Ctrl Pts',(28.6481698062787,20.2152490439257,-30.9632767366794));
#5273=CARTESIAN_POINT('Ctrl Pts',(24.8045388506511,19.8316679509921,-27.9845658586268));
#5274=CARTESIAN_POINT('Ctrl Pts',(19.4463303501975,18.5017009674855,-23.6460969129329));
#5275=CARTESIAN_POINT('Ctrl Pts',(16.1658251570248,17.1641765371066,-20.8149909660281));
#5276=CARTESIAN_POINT('Ctrl Pts',(14.6324765198468,16.4093783102158,-19.4370737036659));
#5277=CARTESIAN_POINT('Ctrl Pts',(29.969909294902,18.4884031044433,-33.8532969829698));
#5278=CARTESIAN_POINT('Ctrl Pts',(28.0844057560207,18.5129100606557,-32.3049410121655));
#5279=CARTESIAN_POINT('Ctrl Pts',(24.3834876479565,18.2849939921078,-29.218491269803));
#5280=CARTESIAN_POINT('Ctrl Pts',(19.2009218360122,17.175542244534,-24.6921650949316));
#5281=CARTESIAN_POINT('Ctrl Pts',(16.0186441323452,15.9739809627323,-21.7209826052268));
#5282=CARTESIAN_POINT('Ctrl Pts',(14.5306843914555,15.2826229708044,-20.2711628071638));
#5283=CARTESIAN_POINT('Ctrl Pts',(28.963962708997,16.9916697848036,-35.4354627162379));
#5284=CARTESIAN_POINT('Ctrl Pts',(27.1662682655368,17.0704037844023,-33.8259649669065));
#5285=CARTESIAN_POINT('Ctrl Pts',(23.6276469432672,16.955456773167,-30.6101552670124));
#5286=CARTESIAN_POINT('Ctrl Pts',(18.6574621671191,16.0075953133403,-25.8697327450813));
#5287=CARTESIAN_POINT('Ctrl Pts',(15.6031079086316,14.9075181187047,-22.7460801296978));
#5288=CARTESIAN_POINT('Ctrl Pts',(14.1760532997333,14.2640869141624,-21.2195373891603));
#5289=CARTESIAN_POINT('Ctrl Pts',(27.6814409355018,15.9045192588336,-37.0745794368569));
#5290=CARTESIAN_POINT('Ctrl Pts',(25.9720529072497,16.0108080407395,-35.3973800337166));
#5291=CARTESIAN_POINT('Ctrl Pts',(22.6011973226957,15.956018262408,-32.0410769439257));
#5292=CARTESIAN_POINT('Ctrl Pts',(17.8622728358017,15.0972845604583,-27.0787889790393));
#5293=CARTESIAN_POINT('Ctrl Pts',(14.9544476997696,14.0555597252605,-23.8030669274469));
#5294=CARTESIAN_POINT('Ctrl Pts',(13.5987412165026,13.4403868595037,-22.201547290692));
#5295=CARTESIAN_POINT('',(14.6323727277011,16.4082304079111,-19.4379235132796));
#5296=CARTESIAN_POINT('',(30.5037126203931,20.2643682404259,-32.37867966));
#5297=CARTESIAN_POINT('Ctrl Pts',(14.6323727264868,16.4082304086317,-19.4379235136932));
#5298=CARTESIAN_POINT('Ctrl Pts',(15.1026059331842,16.6351877909982,-19.8643994779278));
#5299=CARTESIAN_POINT('Ctrl Pts',(15.5777255305219,16.8522905971442,-20.2896948865404));
#5300=CARTESIAN_POINT('Ctrl Pts',(16.0574983917138,17.0595517773588,-20.7138936840031));
#5301=CARTESIAN_POINT('Ctrl Pts',(16.5379255895742,17.2670956300651,-21.1386710236268));
#5302=CARTESIAN_POINT('Ctrl Pts',(17.0230189210302,17.4647712531145,-21.5623489107031));
#5303=CARTESIAN_POINT('Ctrl Pts',(17.512566807578,17.6525600305034,-21.985046689363));
#5304=CARTESIAN_POINT('Ctrl Pts',(18.002593222475,17.8405323696155,-22.4081576510348));
#5305=CARTESIAN_POINT('Ctrl Pts',(18.4970830955662,18.0185987641221,-22.8302867392723));
#5306=CARTESIAN_POINT('Ctrl Pts',(18.9958440650495,18.1867051455225,-23.2515864642387));
#5307=CARTESIAN_POINT('Ctrl Pts',(19.1447708270981,18.2369006110731,-23.3773838055107));
#5308=CARTESIAN_POINT('Ctrl Pts',(19.2940785151175,18.2862078087343,-23.5031074158006));
#5309=CARTESIAN_POINT('Ctrl Pts',(19.443762310018,18.3346246403672,-23.6287618906917));
#5310=CARTESIAN_POINT('Ctrl Pts',(19.9840050424216,18.5093719564218,-24.0822773624166));
#5311=CARTESIAN_POINT('Ctrl Pts',(20.5291250034017,18.6725436450074,-24.5348473165072));
#5312=CARTESIAN_POINT('Ctrl Pts',(21.0788285325126,18.8241403862703,-24.9866251454224));
#5313=CARTESIAN_POINT('Ctrl Pts',(21.4168884119745,18.9173702335682,-25.2644621071636));
#5314=CARTESIAN_POINT('Ctrl Pts',(21.7566824794373,19.0062216860575,-25.5419999397734));
#5315=CARTESIAN_POINT('Ctrl Pts',(22.0981481270488,19.0906881732789,-25.8192785540226));
#5316=CARTESIAN_POINT('Ctrl Pts',(22.7922468701378,19.2623835781421,-26.3829040284504));
#5317=CARTESIAN_POINT('Ctrl Pts',(23.492682731724,19.4158175775076,-26.9449930752026));
#5318=CARTESIAN_POINT('Ctrl Pts',(24.1984039184855,19.5509433438418,-27.5054323741992));
#5319=CARTESIAN_POINT('Ctrl Pts',(24.4179772347657,19.5929854607365,-27.6798036666627));
#5320=CARTESIAN_POINT('Ctrl Pts',(24.6380623972949,19.6332555073672,-27.8540154734097));
#5321=CARTESIAN_POINT('Ctrl Pts',(24.8586282871672,19.6717527083973,-28.028064954343));
#5322=CARTESIAN_POINT('Ctrl Pts',(25.5450999424917,19.7915683214633,-28.5697626545352));
#5323=CARTESIAN_POINT('Ctrl Pts',(26.2361971270604,19.8942005523091,-29.1098623024942));
#5324=CARTESIAN_POINT('Ctrl Pts',(26.9309877261965,19.9795289855483,-29.6481720818938));
#5325=CARTESIAN_POINT('Ctrl Pts',(27.6389290470159,20.066472481626,-30.1966707759062));
#5326=CARTESIAN_POINT('Ctrl Pts',(28.350704931067,20.1354508737799,-30.7433114545502));
#5327=CARTESIAN_POINT('Ctrl Pts',(29.0653221007335,20.186379188115,-31.2879243015321));
#5328=CARTESIAN_POINT('Ctrl Pts',(29.5436129814463,20.220465338505,-31.6524318578676));
#5329=CARTESIAN_POINT('Ctrl Pts',(30.02317650318,20.2464666792952,-32.0160317125399));
#5330=CARTESIAN_POINT('Ctrl Pts',(30.5037128914097,20.2643684069105,-32.3786801023979));
#5331=CARTESIAN_POINT('Ctrl Pts',(13.6539965919425,13.4745866529665,-22.2396108770523));
#5332=CARTESIAN_POINT('Ctrl Pts',(14.0030506658902,13.9764542431799,-21.6386461450648));
#5333=CARTESIAN_POINT('Ctrl Pts',(14.2673044578518,14.5471416280635,-21.0493086416205));
#5334=CARTESIAN_POINT('Ctrl Pts',(14.5412433796684,15.5655750028166,-20.1226823556707));
#5335=CARTESIAN_POINT('Ctrl Pts',(14.6079046011048,15.9803978391919,-19.7735174015949));
#5336=CARTESIAN_POINT('Ctrl Pts',(14.6323727277011,16.4082304079111,-19.4379235132796));
#5337=CARTESIAN_POINT('Ctrl Pts',(30.5037126203931,20.2643682404259,-32.37867966));
#5338=CARTESIAN_POINT('Ctrl Pts',(30.2874275758114,19.5807632250958,-32.9371062926339));
#5339=CARTESIAN_POINT('Ctrl Pts',(30.0079128694549,18.9360283657771,-33.5184796398716));
#5340=CARTESIAN_POINT('Ctrl Pts',(29.1421337322263,17.4007129906037,-35.0621332393078));
#5341=CARTESIAN_POINT('Ctrl Pts',(28.4774226611175,16.5883848217644,-36.0439429177018));
#5342=CARTESIAN_POINT('Ctrl Pts',(27.7041041317405,15.9237963424591,-37.0455844143628));
#5343=CARTESIAN_POINT('Origin',(0.,0.,-34.7121320371814));
#5344=CARTESIAN_POINT('Origin',(0.,0.,-32.37867966));
#5345=CARTESIAN_POINT('Origin',(0.,0.,-20.8387671951659));
#5346=CARTESIAN_POINT('Origin',(0.,0.,-19.4379235132796));
#5347=CARTESIAN_POINT('Origin',(0.,0.,-25.9083015866398));
#5348=CARTESIAN_POINT('Origin',(0.,0.,-25.9083015866398));
#5349=CARTESIAN_POINT('',(34.0963749095723,13.3625716775253,-32.37867966));
#5350=CARTESIAN_POINT('',(17.7672793380134,12.9483644405952,-19.4379235132796));
#5351=CARTESIAN_POINT('Ctrl Pts',(34.0963756502925,13.3625684899636,-32.3786803946677));
#5352=CARTESIAN_POINT('Ctrl Pts',(33.5074380153757,13.4762815992531,-31.9305555434265));
#5353=CARTESIAN_POINT('Ctrl Pts',(32.9173062099725,13.5763784181825,-31.4807377925765));
#5354=CARTESIAN_POINT('Ctrl Pts',(32.3265438229591,13.6628284991423,-31.0293497826183));
#5355=CARTESIAN_POINT('Ctrl Pts',(31.7360182442092,13.7492439264173,-30.5781427124308));
#5356=CARTESIAN_POINT('Ctrl Pts',(31.1448625270229,13.8220235013063,-30.1253665407693));
#5357=CARTESIAN_POINT('Ctrl Pts',(30.5536854534176,13.8811357111449,-29.6711191023182));
#5358=CARTESIAN_POINT('Ctrl Pts',(29.9620452914784,13.9402942255106,-29.2165158369942));
#5359=CARTESIAN_POINT('Ctrl Pts',(29.3703836871191,13.9857639266128,-28.760438887376));
#5360=CARTESIAN_POINT('Ctrl Pts',(28.779357682137,14.0175127251948,-28.3029632059219));
#5361=CARTESIAN_POINT('Ctrl Pts',(28.6941744252237,14.0220886085628,-28.2370282585991));
#5362=CARTESIAN_POINT('Ctrl Pts',(28.6090044515403,14.0263794696843,-28.1710642182549));
#5363=CARTESIAN_POINT('Ctrl Pts',(28.5238498092306,14.0303852120141,-28.1050712719651));
#5364=CARTESIAN_POINT('Ctrl Pts',(27.9041018896915,14.0595386487241,-27.6247804732713));
#5365=CARTESIAN_POINT('Ctrl Pts',(27.2851351396117,14.0735916548075,-27.1429593003523));
#5366=CARTESIAN_POINT('Ctrl Pts',(26.6677001163163,14.0724436981924,-26.6596882327691));
#5367=CARTESIAN_POINT('Ctrl Pts',(26.3502170769762,14.0718534227117,-26.4111918540853));
#5368=CARTESIAN_POINT('Ctrl Pts',(26.0331397347099,14.0672443469509,-26.1623117771389));
#5369=CARTESIAN_POINT('Ctrl Pts',(25.7165746398635,14.0586048674117,-25.9130569161756));
#5370=CARTESIAN_POINT('Ctrl Pts',(25.1502402532851,14.0431488540204,-25.4671404172203));
#5371=CARTESIAN_POINT('Ctrl Pts',(24.5857081811637,14.0147993050975,-25.0201538244524));
#5372=CARTESIAN_POINT('Ctrl Pts',(24.0234333706673,13.9735128380839,-24.5720624337341));
#5373=CARTESIAN_POINT('Ctrl Pts',(23.6622829666708,13.9469944453634,-24.2842523028793));
#5374=CARTESIAN_POINT('Ctrl Pts',(23.302064705451,13.9151385875721,-23.9959859728776));
#5375=CARTESIAN_POINT('Ctrl Pts',(22.9429094160667,13.877930897594,-23.707250349566));
#5376=CARTESIAN_POINT('Ctrl Pts',(22.4512679677163,13.826997935916,-23.3120051611166));
#5377=CARTESIAN_POINT('Ctrl Pts',(21.9616407127942,13.7660349684035,-22.9158646339493));
#5378=CARTESIAN_POINT('Ctrl Pts',(21.474306351206,13.6950413448247,-22.5188074773054));
#5379=CARTESIAN_POINT('Ctrl Pts',(20.9886560928279,13.624293057095,-22.1231224488856));
#5380=CARTESIAN_POINT('Ctrl Pts',(20.5052827424742,13.5435831363225,-21.7265269160344));
#5381=CARTESIAN_POINT('Ctrl Pts',(20.0245083386099,13.4528948304362,-21.3289834925749));
#5382=CARTESIAN_POINT('Ctrl Pts',(19.5471178981115,13.3628448403637,-20.9342382055605));
#5383=CARTESIAN_POINT('Ctrl Pts',(19.0722898124873,13.262956225442,-20.5385581133121));
#5384=CARTESIAN_POINT('Ctrl Pts',(18.6003872086129,13.1531996409215,-20.1418935754409));
#5385=CARTESIAN_POINT('Ctrl Pts',(18.3216354531995,13.0883666852393,-19.9075847682124));
#5386=CARTESIAN_POINT('Ctrl Pts',(18.0439053840145,13.0200903298606,-19.6729322326542));
#5387=CARTESIAN_POINT('Ctrl Pts',(17.7672800722794,12.948362860217,-19.4379240340109));
#5388=CARTESIAN_POINT('',(18.5166522388748,11.8520017982636,-19.4379235132796));
#5389=CARTESIAN_POINT('Origin',(0.,0.,-19.4379235132796));
#5390=CARTESIAN_POINT('',(34.8398133312696,11.2831073226039,-32.37867966));
#5391=CARTESIAN_POINT('Ctrl Pts',(18.5166522378999,11.8520017992851,-19.4379235136932));
#5392=CARTESIAN_POINT('Ctrl Pts',(19.0306800121218,11.9436755357224,-19.8643992468263));
#5393=CARTESIAN_POINT('Ctrl Pts',(19.5467542435174,12.024541804159,-20.2896944203907));
#5394=CARTESIAN_POINT('Ctrl Pts',(20.0646539416135,12.0946759730214,-20.7138929781833));
#5395=CARTESIAN_POINT('Ctrl Pts',(20.5832600130252,12.1649057992197,-21.1386701085118));
#5396=CARTESIAN_POINT('Ctrl Pts',(21.1036967662933,12.2243744349072,-21.5623477814993));
#5397=CARTESIAN_POINT('Ctrl Pts',(21.6257554437375,12.2731210391267,-21.9850453405655));
#5398=CARTESIAN_POINT('Ctrl Pts',(22.148324491458,12.3219152985599,-22.4081561333912));
#5399=CARTESIAN_POINT('Ctrl Pts',(22.6725188838548,12.3599667312193,-22.8302850470297));
#5400=CARTESIAN_POINT('Ctrl Pts',(23.1981388023993,12.3872751737183,-23.2515845909357));
#5401=CARTESIAN_POINT('Ctrl Pts',(23.3550862399792,12.3954293359243,-23.3773824945857));
#5402=CARTESIAN_POINT('Ctrl Pts',(23.5121608265733,12.4026253882306,-23.5031066659546));
#5403=CARTESIAN_POINT('Ctrl Pts',(23.6693573555841,12.4088626105068,-23.6287617006742));
#5404=CARTESIAN_POINT('Ctrl Pts',(24.2367132400945,12.4313740793267,-24.0822775881761));
#5405=CARTESIAN_POINT('Ctrl Pts',(24.8056424203876,12.4414232900809,-24.5348479480805));
#5406=CARTESIAN_POINT('Ctrl Pts',(25.3758623159857,12.4390901302756,-24.9866261850543));
#5407=CARTESIAN_POINT('Ctrl Pts',(25.7265385375604,12.4376552738787,-25.2644626589386));
#5408=CARTESIAN_POINT('Ctrl Pts',(26.0777033600095,12.4315365237626,-25.5420000061241));
#5409=CARTESIAN_POINT('Ctrl Pts',(26.4292947264764,12.4207444452965,-25.8192781398272));
#5410=CARTESIAN_POINT('Ctrl Pts',(27.1439824039765,12.3988071446971,-26.3829076378696));
#5411=CARTESIAN_POINT('Ctrl Pts',(27.8598453572853,12.3575756166139,-26.9450007027519));
#5412=CARTESIAN_POINT('Ctrl Pts',(28.575858154167,12.2972885524432,-27.5054440332752));
#5413=CARTESIAN_POINT('Ctrl Pts',(28.7986267493793,12.2785318142211,-27.679811270817));
#5414=CARTESIAN_POINT('Ctrl Pts',(29.0214101118895,12.2579307117562,-27.854019033649));
#5415=CARTESIAN_POINT('Ctrl Pts',(29.2441780700855,12.235492893908,-28.028064482488));
#5416=CARTESIAN_POINT('Ctrl Pts',(29.937512580224,12.1656582840641,-28.5697569098455));
#5417=CARTESIAN_POINT('Ctrl Pts',(30.6306650973318,12.0780299101314,-29.1098513575993));
#5418=CARTESIAN_POINT('Ctrl Pts',(31.3227055938117,11.9727432850026,-29.6481559798497));
#5419=CARTESIAN_POINT('Ctrl Pts',(32.0278437579584,11.8654639885883,-30.1966486403457));
#5420=CARTESIAN_POINT('Ctrl Pts',(32.7318274022764,11.7398516415237,-30.7432833354238));
#5421=CARTESIAN_POINT('Ctrl Pts',(33.4336771720112,11.596092382855,-31.2878902192492));
#5422=CARTESIAN_POINT('Ctrl Pts',(33.903442752127,11.4998707205312,-31.652409208565));
#5423=CARTESIAN_POINT('Ctrl Pts',(34.3722524685612,11.3955201875767,-32.0160204285217));
#5424=CARTESIAN_POINT('Ctrl Pts',(34.8398136369585,11.2831074096229,-32.3786801019957));
#5425=CARTESIAN_POINT('Origin',(0.,0.,-32.37867966));
#5426=CARTESIAN_POINT('Origin',(0.,0.,-20.8387671951659));
#5427=CARTESIAN_POINT('Ctrl Pts',(17.7672793380134,12.9483644405952,-19.4379235132796));
#5428=CARTESIAN_POINT('Ctrl Pts',(17.342818137498,12.9572362613927,-19.7757299661414));
#5429=CARTESIAN_POINT('Ctrl Pts',(16.927012480994,12.9262145258113,-20.1255537249021));
#5430=CARTESIAN_POINT('Ctrl Pts',(15.8932325392458,12.7459209651795,-21.0522050815332));
#5431=CARTESIAN_POINT('Ctrl Pts',(15.3012234063339,12.5397731973123,-21.6400014768364));
#5432=CARTESIAN_POINT('Ctrl Pts',(14.767354268148,12.2442376781934,-22.2396108770523));
#5433=CARTESIAN_POINT('Ctrl Pts',(16.7830693314152,9.29110823411224,-22.2396108770523));
#5434=CARTESIAN_POINT('Ctrl Pts',(17.2545817888266,9.68019155057805,-21.6386461450648));
#5435=CARTESIAN_POINT('Ctrl Pts',(17.6630059471353,10.1584214793165,-21.0493086416205));
#5436=CARTESIAN_POINT('Ctrl Pts',(18.2015565067769,11.0651807452779,-20.1226823556707));
#5437=CARTESIAN_POINT('Ctrl Pts',(18.3776636111499,11.4466358433054,-19.7735174015949));
#5438=CARTESIAN_POINT('Ctrl Pts',(18.5166522388748,11.8520017982636,-19.4379235132796));
#5439=CARTESIAN_POINT('Origin',(0.,0.,-34.7121320371814));
#5440=CARTESIAN_POINT('Ctrl Pts',(28.9779507866269,13.4671097087038,-37.0455844143628));
#5441=CARTESIAN_POINT('Ctrl Pts',(29.9615895919721,13.7203019424451,-36.0468615809549));
#5442=CARTESIAN_POINT('Ctrl Pts',(31.0008337700991,13.8061006578386,-35.0674968066015));
#5443=CARTESIAN_POINT('Ctrl Pts',(32.7380302483253,13.6699211217473,-33.5239917695277));
#5444=CARTESIAN_POINT('Ctrl Pts',(33.4184735173168,13.5495455561797,-32.9416175325205));
#5445=CARTESIAN_POINT('Ctrl Pts',(34.0963749095722,13.3625716775253,-32.37867966));
#5446=CARTESIAN_POINT('Ctrl Pts',(34.8398133312696,11.2831073226039,-32.37867966));
#5447=CARTESIAN_POINT('Ctrl Pts',(34.4471142969643,10.6832052423027,-32.9371062926339));
#5448=CARTESIAN_POINT('Ctrl Pts',(34.0040173708491,10.1377910657748,-33.5184796398716));
#5449=CARTESIAN_POINT('Ctrl Pts',(32.7561205416571,8.89299376524889,-35.0621332393077));
#5450=CARTESIAN_POINT('Ctrl Pts',(31.8968952431222,8.29012582921136,-36.0439429177018));
#5451=CARTESIAN_POINT('Ctrl Pts',(30.972949636694,7.85882093581793,-37.0455844143628));
#5452=CARTESIAN_POINT('Ctrl Pts',(34.9465831676623,11.2563781440261,-32.4626302524857));
#5453=CARTESIAN_POINT('Ctrl Pts',(33.0398268775273,11.7364290591449,-30.9632767366794));
#5454=CARTESIAN_POINT('Ctrl Pts',(29.235238866427,12.4040710806758,-27.9845650791478));
#5455=CARTESIAN_POINT('Ctrl Pts',(23.7169068998483,12.5690504486297,-23.6460967998266));
#5456=CARTESIAN_POINT('Ctrl Pts',(20.1971919172216,12.1661948802152,-20.8149909660281));
#5457=CARTESIAN_POINT('Ctrl Pts',(18.5170618824616,11.8530791304512,-19.4370737036659));
#5458=CARTESIAN_POINT('Ctrl Pts',(33.846655221735,9.71701820508972,-33.8532969829698));
#5459=CARTESIAN_POINT('Ctrl Pts',(32.0376831664477,10.2493191436822,-32.3049410121655));
#5460=CARTESIAN_POINT('Ctrl Pts',(28.4125137443542,11.0283502427542,-29.218490490324));
#5461=CARTESIAN_POINT('Ctrl Pts',(23.1228054575829,11.3582797132742,-24.6921649818253));
#5462=CARTESIAN_POINT('Ctrl Pts',(19.7343578411765,11.0598439515594,-21.7209826052268));
#5463=CARTESIAN_POINT('Ctrl Pts',(18.1150495298606,10.7955701230897,-20.2711628071638));
#5464=CARTESIAN_POINT('Ctrl Pts',(32.4741980470966,8.54718895789281,-35.4354627162379));
#5465=CARTESIAN_POINT('Ctrl Pts',(30.7644091689917,9.10801544358084,-33.8259649669065));
#5466=CARTESIAN_POINT('Ctrl Pts',(27.325997637576,9.95204026418889,-30.6101554595483));
#5467=CARTESIAN_POINT('Ctrl Pts',(22.2843906286224,10.3802677257165,-25.869732934366));
#5468=CARTESIAN_POINT('Ctrl Pts',(19.0465025959659,10.1450387741878,-22.7460801296978));
#5469=CARTESIAN_POINT('Ctrl Pts',(17.4987713816212,9.9104824698606,-21.2195373891603));
#5470=CARTESIAN_POINT('Ctrl Pts',(30.9459259583297,7.8463731559146,-37.0745794368569));
#5471=CARTESIAN_POINT('Ctrl Pts',(29.3286030453089,8.40990783213978,-35.3973800337166));
#5472=CARTESIAN_POINT('Ctrl Pts',(26.0679662701634,9.2665964379235,-32.0410771364616));
#5473=CARTESIAN_POINT('Ctrl Pts',(21.2730901729052,9.71825327895583,-27.0787891683241));
#5474=CARTESIAN_POINT('Ctrl Pts',(18.1920408435267,9.49967973896841,-23.8030669274469));
#5475=CARTESIAN_POINT('Ctrl Pts',(16.7206359813348,9.27308438364598,-22.201547290692));
#5476=CARTESIAN_POINT('Ctrl Pts',(28.9779507866031,13.4671097086937,-37.0455844144061));
#5477=CARTESIAN_POINT('Ctrl Pts',(27.2818000249408,13.7257457175909,-35.3937338706486));
#5478=CARTESIAN_POINT('Ctrl Pts',(23.9091231419557,13.9699683143197,-32.072929537341));
#5479=CARTESIAN_POINT('Ctrl Pts',(19.1055366255275,13.5249942975503,-27.1139198505644));
#5480=CARTESIAN_POINT('Ctrl Pts',(16.1189690441702,12.7295175619693,-23.8075504631013));
#5481=CARTESIAN_POINT('Ctrl Pts',(14.7171901915371,12.2262537147114,-22.1818365990707));
#5482=CARTESIAN_POINT('Ctrl Pts',(30.6192207481319,13.8861923179255,-35.3955796475907));
#5483=CARTESIAN_POINT('Ctrl Pts',(28.8382306578459,14.1591179104645,-33.8185296671349));
#5484=CARTESIAN_POINT('Ctrl Pts',(25.2969719229238,14.425257847503,-30.6481835322957));
#5485=CARTESIAN_POINT('Ctrl Pts',(20.2442954984743,14.0047912347827,-25.9128863076847));
#5486=CARTESIAN_POINT('Ctrl Pts',(17.0895701675747,13.2187269248649,-22.750952819444));
#5487=CARTESIAN_POINT('Ctrl Pts',(15.6039406584542,12.7181251394932,-21.1942469893297));
#5488=CARTESIAN_POINT('Ctrl Pts',(32.4375238581894,13.8363440367214,-33.8043198714834));
#5489=CARTESIAN_POINT('Ctrl Pts',(30.577563856393,14.1514392128422,-32.3039252629862));
#5490=CARTESIAN_POINT('Ctrl Pts',(26.8737740223068,14.4940053164602,-29.2847084580043));
#5491=CARTESIAN_POINT('Ctrl Pts',(21.5700153075446,14.1740422506679,-24.7653531233443));
#5492=CARTESIAN_POINT('Ctrl Pts',(18.2393206358805,13.4429196529981,-21.7369071834722));
#5493=CARTESIAN_POINT('Ctrl Pts',(16.6647327382933,12.9657694733573,-20.2422962192079));
#5494=CARTESIAN_POINT('Ctrl Pts',(34.2760870204442,13.321862756532,-32.4090026307554));
#5495=CARTESIAN_POINT('Ctrl Pts',(32.3495958547735,13.7031165691339,-30.980419913029));
#5496=CARTESIAN_POINT('Ctrl Pts',(28.5036271477131,14.170333124644,-28.1000595336907));
#5497=CARTESIAN_POINT('Ctrl Pts',(22.9683625486342,14.0181058186968,-23.7702698098832));
#5498=CARTESIAN_POINT('Ctrl Pts',(19.4689828951044,13.382670708192,-20.8527390483571));
#5499=CARTESIAN_POINT('Ctrl Pts',(17.8081055200545,12.947834957736,-19.4080609617097));
#5500=CARTESIAN_POINT('Ctrl Pts',(31.5367524805569,5.14955519213786,-37.0455844144061));
#5501=CARTESIAN_POINT('Ctrl Pts',(29.9732787503095,5.85621627512765,-35.3937338706486));
#5502=CARTESIAN_POINT('Ctrl Pts',(26.7915612238653,7.0013216851483,-32.0729306824241));
#5503=CARTESIAN_POINT('Ctrl Pts',(22.0460513362404,7.8688401030572,-27.1139201965342));
#5504=CARTESIAN_POINT('Ctrl Pts',(18.9556166834614,7.9086267175205,-23.8075504631013));
#5505=CARTESIAN_POINT('Ctrl Pts',(17.4700406321922,7.80222066721531,-22.1818365990707));
#5506=CARTESIAN_POINT('Ctrl Pts',(33.2302268345364,5.11028774517649,-35.3955796475907));
#5507=CARTESIAN_POINT('Ctrl Pts',(31.5889151316381,5.85359789221383,-33.8185296671349));
#5508=CARTESIAN_POINT('Ctrl Pts',(28.2507804532786,7.06529072743957,-30.6481846773788));
#5509=CARTESIAN_POINT('Ctrl Pts',(23.2720296055979,8.02361140128742,-25.9128866536545));
#5510=CARTESIAN_POINT('Ctrl Pts',(20.0222123908359,8.1178298210092,-22.750952819444));
#5511=CARTESIAN_POINT('Ctrl Pts',(18.456613308581,8.03660975249393,-21.1942469893297));
#5512=CARTESIAN_POINT('Ctrl Pts',(34.9676534275325,4.57171566538225,-33.8043198714834));
#5513=CARTESIAN_POINT('Ctrl Pts',(33.2616774491518,5.37693746059474,-32.3039252629862));
#5514=CARTESIAN_POINT('Ctrl Pts',(29.7876564329108,6.70607148451082,-29.2847089018426));
#5515=CARTESIAN_POINT('Ctrl Pts',(24.5942502738437,7.82891037448662,-24.765352749292));
#5516=CARTESIAN_POINT('Ctrl Pts',(21.189813467071,8.02350991064114,-21.7369071834722));
#5517=CARTESIAN_POINT('Ctrl Pts',(19.5448819822116,7.98887248467584,-20.2422962192079));
#5518=CARTESIAN_POINT('Ctrl Pts',(36.5992322921326,3.58027434192648,-32.4090026307554));
#5519=CARTESIAN_POINT('Ctrl Pts',(34.8470416924167,4.46715132510853,-30.980419913029));
#5520=CARTESIAN_POINT('Ctrl Pts',(31.269744470937,5.95467282488248,-28.100059977529));
#5521=CARTESIAN_POINT('Ctrl Pts',(25.8986718601524,7.30148691781202,-23.7702694358308));
#5522=CARTESIAN_POINT('Ctrl Pts',(22.3576215433025,7.63373625299063,-20.8527390483572));
#5523=CARTESIAN_POINT('Ctrl Pts',(20.6410167252455,7.66312474479587,-19.4080609617097));
#5524=CARTESIAN_POINT('',(36.4371675292695,3.66795941295127,-32.37867966));
#5525=CARTESIAN_POINT('',(20.6018473415475,7.67464936508772,-19.4379235132796));
#5526=CARTESIAN_POINT('Ctrl Pts',(36.437167381988,3.66795614411252,-32.3786803949103));
#5527=CARTESIAN_POINT('Ctrl Pts',(35.9007509081944,3.9363447722149,-31.9305574944777));
#5528=CARTESIAN_POINT('Ctrl Pts',(35.3595109119374,4.1919443642776,-31.4807417295564));
#5529=CARTESIAN_POINT('Ctrl Pts',(34.813981881389,4.43457353460936,-31.0293557252504));
#5530=CARTESIAN_POINT('Ctrl Pts',(34.2686713598289,4.67710552101214,-30.5781505214036));
#5531=CARTESIAN_POINT('Ctrl Pts',(33.7190751649787,4.90667743997448,-30.1253762348298));
#5532=CARTESIAN_POINT('Ctrl Pts',(33.1657710153679,5.12309468691109,-29.6711306849417));
#5533=CARTESIAN_POINT('Ctrl Pts',(32.612033232588,5.3396815434497,-29.2165291356681));
#5534=CARTESIAN_POINT('Ctrl Pts',(32.0545816227696,5.54309308839467,-28.7604539044553));
#5535=CARTESIAN_POINT('Ctrl Pts',(31.4940402196923,5.73312114112392,-28.3029799285072));
#5536=CARTESIAN_POINT('Ctrl Pts',(31.4132435952892,5.76051184789088,-28.2370394773541));
#5537=CARTESIAN_POINT('Ctrl Pts',(31.3323828529456,5.78762447130293,-28.1710699278375));
#5538=CARTESIAN_POINT('Ctrl Pts',(31.2514599393604,5.81445836560247,-28.1050714670357));
#5539=CARTESIAN_POINT('Ctrl Pts',(30.6625590194355,6.00973686384289,-27.6247803781734));
#5540=CARTESIAN_POINT('Ctrl Pts',(30.0703362725296,6.19026410209036,-27.1429588862687));
#5541=CARTESIAN_POINT('Ctrl Pts',(29.4754873062678,6.35574077990434,-26.6596874882023));
#5542=CARTESIAN_POINT('Ctrl Pts',(29.1696184702508,6.44082819150228,-26.4111913683622));
#5543=CARTESIAN_POINT('Ctrl Pts',(28.8630560366533,6.5219363793639,-26.1623115485506));
#5544=CARTESIAN_POINT('Ctrl Pts',(28.5558994744044,6.59902542377228,-25.9130569453647));
#5545=CARTESIAN_POINT('Ctrl Pts',(28.0063961876983,6.73693777362181,-25.4671403005289));
#5546=CARTESIAN_POINT('Ctrl Pts',(27.4551497713893,6.86194843665979,-25.0201535607323));
#5547=CARTESIAN_POINT('Ctrl Pts',(26.9025866016912,6.97389289742779,-24.5720620356427));
#5548=CARTESIAN_POINT('Ctrl Pts',(26.5476742081944,7.04579504127061,-24.2842519817043));
#5549=CARTESIAN_POINT('Ctrl Pts',(26.1922193728726,7.11230615718071,-23.9959857343623));
#5550=CARTESIAN_POINT('Ctrl Pts',(25.8363441980107,7.17337711407651,-23.7072502031824));
#5551=CARTESIAN_POINT('Ctrl Pts',(25.3491920799158,7.2569762187834,-23.3120045229011));
#5552=CARTESIAN_POINT('Ctrl Pts',(24.8612734232949,7.33037380098822,-22.9158635188829));
#5553=CARTESIAN_POINT('Ctrl Pts',(24.3728563991908,7.39349405014186,-22.518805891581));
#5554=CARTESIAN_POINT('Ctrl Pts',(23.8861271675277,7.45639617856231,-22.1231203517146));
#5555=CARTESIAN_POINT('Ctrl Pts',(23.3989027979011,7.50909174816729,-21.7265243133714));
#5556=CARTESIAN_POINT('Ctrl Pts',(22.9114888487721,7.55147775093485,-21.3289803814571));
#5557=CARTESIAN_POINT('Ctrl Pts',(22.4275055659816,7.59356541953866,-20.9342345651645));
#5558=CARTESIAN_POINT('Ctrl Pts',(21.9433351760276,7.62548797020012,-20.5385539405992));
#5559=CARTESIAN_POINT('Ctrl Pts',(21.459319405031,7.64711918348402,-20.1418888584391));
#5560=CARTESIAN_POINT('Ctrl Pts',(21.1734147402194,7.65989658693654,-19.9075816226976));
#5561=CARTESIAN_POINT('Ctrl Pts',(20.887564844695,7.66908268702319,-19.672930659998));
#5562=CARTESIAN_POINT('Ctrl Pts',(20.6018476222039,7.67464764521161,-19.4379240340109));
#5563=CARTESIAN_POINT('Ctrl Pts',(31.5367524805825,5.14955519214112,-37.0455844143628));
#5564=CARTESIAN_POINT('Ctrl Pts',(32.552225737901,5.12797579736599,-36.0468615809549));
#5565=CARTESIAN_POINT('Ctrl Pts',(33.5760801391776,4.93020813994821,-35.0674968066015));
#5566=CARTESIAN_POINT('Ctrl Pts',(35.2121158604463,4.33038850977216,-33.5239917695277));
#5567=CARTESIAN_POINT('Ctrl Pts',(35.8348495083013,4.03089539978338,-32.9416175325205));
#5568=CARTESIAN_POINT('Ctrl Pts',(36.4371675292695,3.66795941295127,-32.37867966));
#5569=CARTESIAN_POINT('Ctrl Pts',(20.6018473415475,7.67464936508772,-19.4379235132796));
#5570=CARTESIAN_POINT('Ctrl Pts',(20.1955199023682,7.79771045608439,-19.7757299661414));
#5571=CARTESIAN_POINT('Ctrl Pts',(19.786763883448,7.88002211416309,-20.1255537249021));
#5572=CARTESIAN_POINT('Ctrl Pts',(18.7426766857064,7.98532481820384,-21.0522050815332));
#5573=CARTESIAN_POINT('Ctrl Pts',(18.117002855206,7.94654372133138,-21.6400014768364));
#5574=CARTESIAN_POINT('Ctrl Pts',(17.5231965040448,7.80600363064945,-22.2396108770523));
#5575=CARTESIAN_POINT('Ctrl Pts',(36.6876035440604,1.41048580620096,-32.4626302524857));
#5576=CARTESIAN_POINT('Ctrl Pts',(34.9810711364203,2.3871718216378,-30.9632767366794));
#5577=CARTESIAN_POINT('Ctrl Pts',(31.49769412712,4.05652089933464,-27.9845631905019));
#5578=CARTESIAN_POINT('Ctrl Pts',(26.2285089448645,5.70421076126864,-23.6460965693824));
#5579=CARTESIAN_POINT('Ctrl Pts',(22.7306253489231,6.26590220569633,-20.8149909660281));
#5580=CARTESIAN_POINT('Ctrl Pts',(21.0283214751757,6.41769129580992,-19.4370737036659));
#5581=CARTESIAN_POINT('Ctrl Pts',(35.2131495689165,0.224966517865049,-33.8532969829698));
#5582=CARTESIAN_POINT('Ctrl Pts',(33.6148721790674,1.225583113337,-32.3049410121655));
#5583=CARTESIAN_POINT('Ctrl Pts',(30.334312844256,2.95378410342034,-29.2184886016781));
#5584=CARTESIAN_POINT('Ctrl Pts',(25.3297763606585,4.69862534004297,-24.6921647513812));
#5585=CARTESIAN_POINT('Ctrl Pts',(21.9864645076077,5.32544890991887,-21.7209826052268));
#5586=CARTESIAN_POINT('Ctrl Pts',(20.3559043154732,5.50785922579253,-20.2711628071638));
#5587=CARTESIAN_POINT('Ctrl Pts',(33.5759706756139,-0.531197773237183,-35.4354627162379));
#5588=CARTESIAN_POINT('Ctrl Pts',(32.0808945821897,0.470127263707216,-33.8259649669065));
#5589=CARTESIAN_POINT('Ctrl Pts',(28.9977053147476,2.21052695185993,-30.6101559163438));
#5590=CARTESIAN_POINT('Ctrl Pts',(24.2585885602817,3.98308363268269,-25.8697333840485));
#5591=CARTESIAN_POINT('Ctrl Pts',(21.077305317709,4.63014831425371,-22.7460801296978));
#5592=CARTESIAN_POINT('Ctrl Pts',(19.5236856416867,4.82186287820974,-21.2195373891603));
#5593=CARTESIAN_POINT('Ctrl Pts',(31.9152932210196,-0.79370254920982,-37.0745794368569));
#5594=CARTESIAN_POINT('Ctrl Pts',(30.5099848649287,0.18528323239865,-35.3973800337166));
#5595=CARTESIAN_POINT('Ctrl Pts',(27.6013946319043,1.88991404298536,-32.0410775932571));
#5596=CARTESIAN_POINT('Ctrl Pts',(23.1061805085736,3.61846407504496,-27.0787896180065));
#5597=CARTESIAN_POINT('Ctrl Pts',(20.0804135409686,4.2392519645801,-23.8030669274469));
#5598=CARTESIAN_POINT('Ctrl Pts',(18.6024376672512,4.41803966059154,-22.201547290692));
#5599=CARTESIAN_POINT('',(21.0276363615386,6.41676443453932,-19.4379235132796));
#5600=CARTESIAN_POINT('',(36.5920044689066,1.46502995144587,-32.37867966));
#5601=CARTESIAN_POINT('Ctrl Pts',(21.0276363608755,6.41676443578597,-19.4379235136932));
#5602=CARTESIAN_POINT('Ctrl Pts',(21.5473351049327,6.36635570173295,-19.8643986198656));
#5603=CARTESIAN_POINT('Ctrl Pts',(22.0660886035806,6.30498816084257,-20.2896931592888));
#5604=CARTESIAN_POINT('Ctrl Pts',(22.5837043897166,6.2327940141019,-20.7138910729352));
#5605=CARTESIAN_POINT('Ctrl Pts',(23.1020262716377,6.16050138508135,-21.1386676481426));
#5606=CARTESIAN_POINT('Ctrl Pts',(23.6192076136891,6.07735272647989,-21.5623447555112));
#5607=CARTESIAN_POINT('Ctrl Pts',(24.1350579589216,5.98344207228609,-21.9850417355939));
#5608=CARTESIAN_POINT('Ctrl Pts',(24.651412778994,5.88943957835103,-22.4081520913646));
#5609=CARTESIAN_POINT('Ctrl Pts',(25.1664342844916,5.78465413460612,-22.8302805538947));
#5610=CARTESIAN_POINT('Ctrl Pts',(25.6799300171297,5.66913949905192,-23.2515796298323));
#5611=CARTESIAN_POINT('Ctrl Pts',(25.8332592476804,5.63464696277344,-23.3773790455614));
#5612=CARTESIAN_POINT('Ctrl Pts',(25.9864524125654,5.59919751830257,-23.5031047255688));
#5613=CARTESIAN_POINT('Ctrl Pts',(26.1395043036257,5.56279187709264,-23.6287612655935));
#5614=CARTESIAN_POINT('Ctrl Pts',(26.691895953943,5.43139740630563,-24.08227819398));
#5615=CARTESIAN_POINT('Ctrl Pts',(27.242440251018,5.28757828274545,-24.534849568673));
#5616=CARTESIAN_POINT('Ctrl Pts',(27.7908866654395,5.13148767570056,-24.986628824762));
#5617=CARTESIAN_POINT('Ctrl Pts',(28.1281703042751,5.03549505627995,-25.2644640834807));
#5618=CARTESIAN_POINT('Ctrl Pts',(28.4646607322263,4.934860452795,-25.5420002210847));
#5619=CARTESIAN_POINT('Ctrl Pts',(28.800301049537,4.82961078208212,-25.8192771568838));
#5620=CARTESIAN_POINT('Ctrl Pts',(29.4825797420294,4.61566268343108,-26.3829166705488));
#5621=CARTESIAN_POINT('Ctrl Pts',(30.1607844804966,4.38281808975086,-26.9450197354671));
#5622=CARTESIAN_POINT('Ctrl Pts',(30.8339922447766,4.13158353378824,-27.5054730975068));
#5623=CARTESIAN_POINT('Ctrl Pts',(31.0434273027552,4.05342441770835,-27.6798302404292));
#5624=CARTESIAN_POINT('Ctrl Pts',(31.2523790367244,3.97348555608943,-27.854027935856));
#5625=CARTESIAN_POINT('Ctrl Pts',(31.4608204633309,3.89178245186819,-28.0280633465325));
#5626=CARTESIAN_POINT('Ctrl Pts',(32.1095876957568,3.63748416928033,-28.5697429616014));
#5627=CARTESIAN_POINT('Ctrl Pts',(32.7533792841708,3.36610190042954,-29.1098247742436));
#5628=CARTESIAN_POINT('Ctrl Pts',(33.3913362594053,3.07801700205427,-29.6481168665613));
#5629=CARTESIAN_POINT('Ctrl Pts',(34.0413650729362,2.78448077319146,-30.196594873207));
#5630=CARTESIAN_POINT('Ctrl Pts',(34.6853363448535,2.47360375425763,-30.7432150363489));
#5631=CARTESIAN_POINT('Ctrl Pts',(35.32235727836,2.14582934921337,-31.2878074382288));
#5632=CARTESIAN_POINT('Ctrl Pts',(35.748775119372,1.92641920617675,-31.6523541964694));
#5633=CARTESIAN_POINT('Ctrl Pts',(36.1720789319114,1.69943835850001,-32.015993021107));
#5634=CARTESIAN_POINT('Ctrl Pts',(36.5920047861677,1.46502995249155,-32.3786801010212));
#5635=CARTESIAN_POINT('Ctrl Pts',(18.6674185960103,4.41855082152585,-22.2396108770523));
#5636=CARTESIAN_POINT('Ctrl Pts',(19.2264195149451,4.66599333459949,-21.6386461450648));
#5637=CARTESIAN_POINT('Ctrl Pts',(19.7487230881953,5.01629768113464,-21.0493086416205));
#5638=CARTESIAN_POINT('Ctrl Pts',(20.5119434543581,5.74413265169559,-20.1226823556707));
#5639=CARTESIAN_POINT('Ctrl Pts',(20.7844353833729,6.06392923179553,-19.7735174015949));
#5640=CARTESIAN_POINT('Ctrl Pts',(21.0276363615386,6.41676443453932,-19.4379235132796));
#5641=CARTESIAN_POINT('Ctrl Pts',(36.5920044689066,1.46502995144587,-32.37867966));
#5642=CARTESIAN_POINT('Ctrl Pts',(36.0520161357736,0.993322799099932,-32.9371062926339));
#5643=CARTESIAN_POINT('Ctrl Pts',(35.4781994618761,0.587680179732199,-33.5184796398716));
#5644=CARTESIAN_POINT('Ctrl Pts',(33.9407357397937,-0.274278124935016,-35.0621332393078));
#5645=CARTESIAN_POINT('Ctrl Pts',(32.9507210235308,-0.622973871292089,-36.0439429177018));
#5646=CARTESIAN_POINT('Ctrl Pts',(31.9446731589103,-0.789007267919274,-37.0455844143628));
#5647=CARTESIAN_POINT('Origin',(0.,0.,-34.7121320371814));
#5648=CARTESIAN_POINT('Origin',(0.,0.,-32.37867966));
#5649=CARTESIAN_POINT('Origin',(0.,0.,-20.8387671951659));
#5650=CARTESIAN_POINT('Origin',(0.,0.,-19.4379235132796));
#5651=CARTESIAN_POINT('Origin',(0.,0.,-25.9083015866398));
#5652=CARTESIAN_POINT('Origin',(0.,0.,-25.9083015866398));
#5653=CARTESIAN_POINT('',(36.0755821222708,-6.2986886214836,-32.37867966));
#5654=CARTESIAN_POINT('',(21.9084705749394,1.83174065535635,-19.4379235132796));
#5655=CARTESIAN_POINT('Ctrl Pts',(36.0755810984891,-6.29869172932194,-32.378680394934));
#5656=CARTESIAN_POINT('Ctrl Pts',(35.6314669709931,-5.89553241303296,-31.9305576798947));
#5657=CARTESIAN_POINT('Ctrl Pts',(35.17925775302,-5.50338649677028,-31.480742103756));
#5658=CARTESIAN_POINT('Ctrl Pts',(34.7194191760744,-5.12257284463319,-31.0293562901228));
#5659=CARTESIAN_POINT('Ctrl Pts',(34.2597647717191,-4.74191171435967,-30.578151263615));
#5660=CARTESIAN_POINT('Ctrl Pts',(33.792487037861,-4.37257378534845,-30.1253771561768));
#5661=CARTESIAN_POINT('Ctrl Pts',(33.3180897668796,-4.01490231385673,-29.6711317857322));
#5662=CARTESIAN_POINT('Ctrl Pts',(32.8433206859277,-3.65695051651268,-29.2165303994161));
#5663=CARTESIAN_POINT('Ctrl Pts',(32.3614208443318,-3.31068346740336,-28.7604553313618));
#5664=CARTESIAN_POINT('Ctrl Pts',(31.8729349695016,-2.97646999115299,-28.302981517285));
#5665=CARTESIAN_POINT('Ctrl Pts',(31.8025238698203,-2.92829595050288,-28.2370405433813));
#5666=CARTESIAN_POINT('Ctrl Pts',(31.7319760017152,-2.88037238631414,-28.1710704706054));
#5667=CARTESIAN_POINT('Ctrl Pts',(31.6612930655177,-2.83270044564433,-28.1050714860358));
#5668=CARTESIAN_POINT('Ctrl Pts',(31.146915661418,-2.48577981091534,-27.6247803693609));
#5669=CARTESIAN_POINT('Ctrl Pts',(30.625359771107,-2.15216720515055,-27.1429588468312));
#5670=CARTESIAN_POINT('Ctrl Pts',(30.0972144575265,-1.83233850262474,-26.6596874170215));
#5671=CARTESIAN_POINT('Ctrl Pts',(29.8256444039769,-1.66788395642644,-26.4111913219171));
#5672=CARTESIAN_POINT('Ctrl Pts',(29.5523328925457,-1.5070739429973,-26.1623115266729));
#5673=CARTESIAN_POINT('Ctrl Pts',(29.2773649334183,-1.34997373808777,-25.9130569481164));
#5674=CARTESIAN_POINT('Ctrl Pts',(28.7854470140405,-1.06892133409808,-25.4671402890701));
#5675=CARTESIAN_POINT('Ctrl Pts',(28.2883697733447,-0.79982189910268,-25.0201535349535));
#5676=CARTESIAN_POINT('Ctrl Pts',(27.7864993910577,-0.542948882763742,-24.5720619967851));
#5677=CARTESIAN_POINT('Ctrl Pts',(27.4641470908138,-0.377958856235155,-24.2842519503141));
#5678=CARTESIAN_POINT('Ctrl Pts',(27.1398179831531,-0.218013595090247,-23.9959857110023));
#5679=CARTESIAN_POINT('Ctrl Pts',(26.8136163871705,-0.0631933512746858,
-23.7072501887801));
#5680=CARTESIAN_POINT('Ctrl Pts',(26.3670839138805,0.148737758927516,-23.3120044620504));
#5681=CARTESIAN_POINT('Ctrl Pts',(25.9170609908182,0.35105245273221,-22.9158634130589));
#5682=CARTESIAN_POINT('Ctrl Pts',(25.4637853895826,0.543605380361377,-22.5188057413977));
#5683=CARTESIAN_POINT('Ctrl Pts',(25.0120761401149,0.735492916741268,-22.1231201532641));
#5684=CARTESIAN_POINT('Ctrl Pts',(24.5571364168299,0.917685965184543,-21.7265240672447));
#5685=CARTESIAN_POINT('Ctrl Pts',(24.0992326545422,1.09000289997488,-21.3289800873717));
#5686=CARTESIAN_POINT('Ctrl Pts',(23.644551848143,1.26110698192276,-20.9342342210247));
#5687=CARTESIAN_POINT('Ctrl Pts',(23.1869483552331,1.42247337542707,-20.5385535461147));
#5688=CARTESIAN_POINT('Ctrl Pts',(22.7267171747584,1.57388834615573,-20.1418884124448));
#5689=CARTESIAN_POINT('Ctrl Pts',(22.4548621056935,1.66332802141296,-19.9075813253016));
#5690=CARTESIAN_POINT('Ctrl Pts',(22.1820908531409,1.74929479716188,-19.6729305113185));
#5691=CARTESIAN_POINT('Ctrl Pts',(21.9084703811713,1.8317389235377,-19.4379240340109));
#5692=CARTESIAN_POINT('',(21.9790968903026,0.505625007449267,-19.4379235132796));
#5693=CARTESIAN_POINT('Origin',(0.,0.,-19.4379235132796));
#5694=CARTESIAN_POINT('',(35.6303340323665,-8.46170198914485,-32.37867966));
#5695=CARTESIAN_POINT('Ctrl Pts',(21.9790968900005,0.505625008828599,-19.4379235136932));
#5696=CARTESIAN_POINT('Ctrl Pts',(22.4659239601606,0.316872416088462,-19.8643988642607));
#5697=CARTESIAN_POINT('Ctrl Pts',(22.9488841822058,0.117822416331053,-20.2896936503543));
#5698=CARTESIAN_POINT('Ctrl Pts',(23.4278278953036,-0.0913457671327551,
-20.7138918141949));
#5699=CARTESIAN_POINT('Ctrl Pts',(23.9074249097256,-0.300799265650325,-21.1386686039044));
#5700=CARTESIAN_POINT('Ctrl Pts',(24.3829947549365,-0.520398515983647,-21.562345929495));
#5701=CARTESIAN_POINT('Ctrl Pts',(24.8543794083196,-0.750001588812116,-21.9850431327762));
#5702=CARTESIAN_POINT('Ctrl Pts',(25.3262249887721,-0.979829171010485,-22.4081536557991));
#5703=CARTESIAN_POINT('Ctrl Pts',(25.7938774933214,-1.21968012491615,-22.8302822908288));
#5704=CARTESIAN_POINT('Ctrl Pts',(26.2571661058715,-1.46945076370383,-23.2515815457386));
#5705=CARTESIAN_POINT('Ctrl Pts',(26.3955028438504,-1.54403160699845,-23.377380374068));
#5706=CARTESIAN_POINT('Ctrl Pts',(26.5334503952828,-1.61949715546321,-23.5031054680044));
#5707=CARTESIAN_POINT('Ctrl Pts',(26.6710039372047,-1.69584531897473,-23.6287614232487));
#5708=CARTESIAN_POINT('Ctrl Pts',(27.1674611537903,-1.9714005407362,-24.0822779588203));
#5709=CARTESIAN_POINT('Ctrl Pts',(27.6587874077763,-2.25842124712416,-24.5348489507322));
#5710=CARTESIAN_POINT('Ctrl Pts',(28.1447827773131,-2.55669235663095,-24.9866278226154));
#5711=CARTESIAN_POINT('Ctrl Pts',(28.4436610118277,-2.74012361586512,-25.2644635389272));
#5712=CARTESIAN_POINT('Ctrl Pts',(28.7405230511423,-2.92781073032065,-25.5420001320983));
#5713=CARTESIAN_POINT('Ctrl Pts',(29.0353213655765,-3.11971242958379,-25.8192775191437));
#5714=CARTESIAN_POINT('Ctrl Pts',(29.6345727823957,-3.5098007019478,-26.3829132623051));
#5715=CARTESIAN_POINT('Ctrl Pts',(30.2248032188451,-3.91698536845992,-26.9450125629007));
#5716=CARTESIAN_POINT('Ctrl Pts',(30.8052605445707,-4.34052966578965,-27.5054621490686));
#5717=CARTESIAN_POINT('Ctrl Pts',(30.985846076934,-4.47229813355278,-27.6798230924066));
#5718=CARTESIAN_POINT('Ctrl Pts',(31.1654859957739,-4.60565001942678,-27.8540245780335));
#5719=CARTESIAN_POINT('Ctrl Pts',(31.3441584991538,-4.74056311385651,-28.0280637679309));
#5720=CARTESIAN_POINT('Ctrl Pts',(31.9002637399367,-5.16047036003801,-28.5697481556945));
#5721=CARTESIAN_POINT('Ctrl Pts',(32.4469684509568,-5.59548592872116,-29.1098346749157));
#5722=CARTESIAN_POINT('Ctrl Pts',(32.9835484063538,-6.04501083917165,-29.6481314345397));
#5723=CARTESIAN_POINT('Ctrl Pts',(33.5302825776167,-6.50304253958316,-30.1966148987586));
#5724=CARTESIAN_POINT('Ctrl Pts',(34.066505123792,-6.97613798036178,-30.7432404739698));
#5725=CARTESIAN_POINT('Ctrl Pts',(34.5914759827968,-7.46362930314024,-31.2878382692308));
#5726=CARTESIAN_POINT('Ctrl Pts',(34.9428747528782,-7.78994046558166,-31.6523746852265));
#5727=CARTESIAN_POINT('Ctrl Pts',(35.2892327041043,-8.12270106531258,-32.0160032287603));
#5728=CARTESIAN_POINT('Ctrl Pts',(35.6303343383764,-8.4617020736941,-32.3786801013837));
#5729=CARTESIAN_POINT('Origin',(0.,0.,-32.37867966));
#5730=CARTESIAN_POINT('Origin',(0.,0.,-20.8387671951659));
#5731=CARTESIAN_POINT('Ctrl Pts',(21.9084705749394,1.83174065535635,-19.4379235132796));
#5732=CARTESIAN_POINT('Ctrl Pts',(21.5504123444358,2.0598641384,-19.7757299661414));
#5733=CARTESIAN_POINT('Ctrl Pts',(21.1790215270883,2.2494045110099,-20.1255537249021));
#5734=CARTESIAN_POINT('Ctrl Pts',(20.2020622444287,2.63249365989226,-21.0522050815332));
#5735=CARTESIAN_POINT('Ctrl Pts',(19.5891270820806,2.76395545055794,-21.6400014768364));
#5736=CARTESIAN_POINT('Ctrl Pts',(18.9794234185265,2.78883400391071,-22.2396108770523));
#5737=CARTESIAN_POINT('Ctrl Pts',(19.167290821097,-0.781710291968122,-22.2396108770523));
#5738=CARTESIAN_POINT('Ctrl Pts',(19.7723216606569,-0.694260261507143,-21.6386461450648));
#5739=CARTESIAN_POINT('Ctrl Pts',(20.3697677822005,-0.497861968022048,-21.0493086416205));
#5740=CARTESIAN_POINT('Ctrl Pts',(21.3010533918271,-0.0029314830046495,
-20.1226823556707));
#5741=CARTESIAN_POINT('Ctrl Pts',(21.6497206656762,0.231488729793751,-19.7735174015949));
#5742=CARTESIAN_POINT('Ctrl Pts',(21.9790968903026,0.50562500744927,-19.4379235132796));
#5743=CARTESIAN_POINT('Origin',(0.,0.,-34.7121320371814));
#5744=CARTESIAN_POINT('Ctrl Pts',(31.7566175140961,-3.54991827537511,-37.0455844143628));
#5745=CARTESIAN_POINT('Ctrl Pts',(32.7286122173735,-3.84466885367542,-36.0468615809549));
#5746=CARTESIAN_POINT('Ctrl Pts',(33.6611422446793,-4.31133536148062,-35.0674968066015));
#5747=CARTESIAN_POINT('Ctrl Pts',(35.0746799239093,-5.33030920776354,-33.5239917695277));
#5748=CARTESIAN_POINT('Ctrl Pts',(35.5935186447833,-5.78670782829539,-32.9416175325205));
#5749=CARTESIAN_POINT('Ctrl Pts',(36.0755821222708,-6.2986886214836,-32.37867966));
#5750=CARTESIAN_POINT('Ctrl Pts',(35.6303340323665,-8.46170198914485,-32.37867966));
#5751=CARTESIAN_POINT('Ctrl Pts',(34.983104864792,-8.77022985196261,-32.9371062926339));
#5752=CARTESIAN_POINT('Ctrl Pts',(34.3211258007786,-9.00601625678324,-33.5184796398716));
#5753=CARTESIAN_POINT('Ctrl Pts',(32.6081218366442,-9.42120806133142,-35.0621332393077));
#5754=CARTESIAN_POINT('Ctrl Pts',(31.5607425651426,-9.48987044967762,-36.0439429177018));
#5755=CARTESIAN_POINT('Ctrl Pts',(30.5472064100859,-9.37831841206298,-37.0455844143628));
#5756=CARTESIAN_POINT('Ctrl Pts',(35.7076722002139,-8.54001581132687,-32.4626302524857));
#5757=CARTESIAN_POINT('Ctrl Pts',(34.3279293768771,-7.13913102929578,-30.9632767366794));
#5758=CARTESIAN_POINT('Ctrl Pts',(31.4241108762899,-4.59188199687213,-27.9845638931476));
#5759=CARTESIAN_POINT('Ctrl Pts',(26.7948623330762,-1.58368376067708,-23.6460966478651));
#5760=CARTESIAN_POINT('Ctrl Pts',(23.5782322841867,-0.0991037708237643,
-20.8149909660281));
#5761=CARTESIAN_POINT('Ctrl Pts',(21.9800066622457,0.506332656742558,-19.4370737036659));
#5762=CARTESIAN_POINT('Ctrl Pts',(33.9680457020118,-9.28376990683633,-33.8532969829698));
#5763=CARTESIAN_POINT('Ctrl Pts',(32.6989998999735,-7.88904880985472,-32.3049410121655));
#5764=CARTESIAN_POINT('Ctrl Pts',(30.0063561002696,-5.33984980731133,-29.2184893043238));
#5765=CARTESIAN_POINT('Ctrl Pts',(25.6581534912723,-2.30950419732781,-24.6921648298638));
#5766=CARTESIAN_POINT('Ctrl Pts',(22.6079356828921,-0.80391031506271,-21.7209826052268));
#5767=CARTESIAN_POINT('Ctrl Pts',(21.0870548000731,-0.188344393502314,-20.2711628071637));
#5768=CARTESIAN_POINT('Ctrl Pts',(32.1875671589662,-9.57018799559429,-35.435462716238));
#5769=CARTESIAN_POINT('Ctrl Pts',(31.0180868045539,-8.20262810462645,-33.8259649669065));
#5770=CARTESIAN_POINT('Ctrl Pts',(28.518784126433,-5.69493295334023,-30.6101557480138));
#5771=CARTESIAN_POINT('Ctrl Pts',(24.4336369857199,-2.70950905887419,-25.8697332182377));
#5772=CARTESIAN_POINT('Ctrl Pts',(21.5449007262935,-1.22813906462951,-22.7460801296978));
#5773=CARTESIAN_POINT('Ctrl Pts',(20.1006174526271,-0.624372224563062,-21.2195373891603));
#5774=CARTESIAN_POINT('Ctrl Pts',(30.5176491882579,-9.3749129672069,-37.0745794368569));
#5775=CARTESIAN_POINT('Ctrl Pts',(29.4285806810102,-8.0530829770751,-35.3973800337166));
#5776=CARTESIAN_POINT('Ctrl Pts',(27.0877521038091,-5.62693655207923,-32.0410774249272));
#5777=CARTESIAN_POINT('Ctrl Pts',(23.2255901713,-2.74969156282246,-27.0787894521958));
#5778=CARTESIAN_POINT('Ctrl Pts',(20.4795138278563,-1.33558173473381,-23.8030669274469));
#5779=CARTESIAN_POINT('Ctrl Pts',(19.1045816518774,-0.764670852902394,-22.201547290692));
#5780=CARTESIAN_POINT('Ctrl Pts',(31.7566175140705,-3.54991827537133,-37.0455844144061));
#5781=CARTESIAN_POINT('Ctrl Pts',(30.4417765093941,-2.44764193805497,-35.3937338706486));
#5782=CARTESIAN_POINT('Ctrl Pts',(27.6869915726466,-0.486582875000092,-32.0729307920246));
#5783=CARTESIAN_POINT('Ctrl Pts',(23.3515116396619,1.62908882318757,-27.1139202280566));
#5784=CARTESIAN_POINT('Ctrl Pts',(20.3864129495166,2.50118920899306,-23.8075504631013));
#5785=CARTESIAN_POINT('Ctrl Pts',(18.9272180792757,2.79953260561642,-22.1818365990707));
#5786=CARTESIAN_POINT('Ctrl Pts',(33.3766990147958,-4.04462349162136,-35.3955796475907));
#5787=CARTESIAN_POINT('Ctrl Pts',(31.9967942797876,-2.88605670327386,-33.8185296671349));
#5788=CARTESIAN_POINT('Ctrl Pts',(29.1093576357432,-0.818678614828682,-30.6481847869793));
#5789=CARTESIAN_POINT('Ctrl Pts',(24.5737841056693,1.44735580325736,-25.912886685177));
#5790=CARTESIAN_POINT('Ctrl Pts',(21.4698987165957,2.41487041592958,-22.750952819444));
#5791=CARTESIAN_POINT('Ctrl Pts',(19.940443382998,2.75905578519542,-21.1942469893297));
#5792=CARTESIAN_POINT('Ctrl Pts',(34.9043921085257,-5.03197594265077,-33.8043198714834));
#5793=CARTESIAN_POINT('Ctrl Pts',(33.4789245875564,-3.79634714525288,-32.3039252629862));
#5794=CARTESIAN_POINT('Ctrl Pts',(30.4923256900665,-1.57922127775215,-29.284708945151));
#5795=CARTESIAN_POINT('Ctrl Pts',(25.7944434039777,0.903143907602157,-24.7653527125889));
#5796=CARTESIAN_POINT('Ctrl Pts',(22.5687547703552,2.00903314332738,-21.7369071834722));
#5797=CARTESIAN_POINT('Ctrl Pts',(20.9754767413948,2.41947737046575,-20.2422962192079));
#5798=CARTESIAN_POINT('Ctrl Pts',(36.2079799350604,-6.42684664195447,-32.4090026307554));
#5799=CARTESIAN_POINT('Ctrl Pts',(34.7600418623417,-5.10012209684258,-30.980419913029));
#5800=CARTESIAN_POINT('Ctrl Pts',(31.716728951034,-2.70261860402817,-28.1000600208374));
#5801=CARTESIAN_POINT('Ctrl Pts',(26.9081963537807,0.0433500112038377,-23.7702693991277));
#5802=CARTESIAN_POINT('Ctrl Pts',(23.5880976809467,1.31864250192455,-20.8527390483571));
#5803=CARTESIAN_POINT('Ctrl Pts',(21.9430781462933,1.81007562599728,-19.4080609617097));
#5804=CARTESIAN_POINT('Ctrl Pts',(29.6212395034239,-11.9861105441918,-37.0455844144061));
#5805=CARTESIAN_POINT('Ctrl Pts',(28.652546966638,-10.5699697459089,-35.3937338706486));
#5806=CARTESIAN_POINT('Ctrl Pts',(26.5290032651309,-7.93840070743136,-32.0729300928724));
#5807=CARTESIAN_POINT('Ctrl Pts',(22.9250966963784,-4.73148535109007,-27.113920022178));
#5808=CARTESIAN_POINT('Ctrl Pts',(20.3052422287397,-3.09175006098615,-23.8075504631013));
#5809=CARTESIAN_POINT('Ctrl Pts',(18.9806503476805,-2.41078398233155,-22.1818365990707));
#5810=CARTESIAN_POINT('Ctrl Pts',(31.0477741173658,-12.899563506967,-35.3955796475907));
#5811=CARTESIAN_POINT('Ctrl Pts',(30.0316175717993,-11.4116656759107,-33.8185296671349));
#5812=CARTESIAN_POINT('Ctrl Pts',(27.8090257779027,-8.64193120759364,-30.6481840878271));
#5813=CARTESIAN_POINT('Ctrl Pts',(24.0530130017563,-5.23624438246572,-25.9128864792984));
#5814=CARTESIAN_POINT('Ctrl Pts',(21.3252608727967,-3.46718888060249,-22.750952819444));
#5815=CARTESIAN_POINT('Ctrl Pts',(19.9453819931566,-2.72312472785068,-21.1942469893297));
#5816=CARTESIAN_POINT('Ctrl Pts',(32.2524317037985,-14.2624689147756,-33.8043198714834));
#5817=CARTESIAN_POINT('Ctrl Pts',(31.2131930451909,-12.6880740504697,-32.3039252629862));
#5818=CARTESIAN_POINT('Ctrl Pts',(28.9355190372297,-9.74739113903608,-29.2847086713728));
#5819=CARTESIAN_POINT('Ctrl Pts',(25.0815812272718,-6.0896053192702,-24.7653529440078));
#5820=CARTESIAN_POINT('Ctrl Pts',(22.2738747775053,-4.1544444215119,-21.7369071834722));
#5821=CARTESIAN_POINT('Ctrl Pts',(20.8504163470899,-3.32935931193932,-20.2422962192079));
#5822=CARTESIAN_POINT('Ctrl Pts',(33.1313473466912,-15.9573178112687,-32.4090026307554));
#5823=CARTESIAN_POINT('Ctrl Pts',(32.0950487439473,-14.289142794377,-30.980419913029));
#5824=CARTESIAN_POINT('Ctrl Pts',(29.8114291325445,-11.1594698914707,-28.1000597470592));
#5825=CARTESIAN_POINT('Ctrl Pts',(25.9220635793629,-7.21800267539172,-23.7702696305466));
#5826=CARTESIAN_POINT('Ctrl Pts',(23.0691525219618,-5.09424893112122,-20.8527390483572));
#5827=CARTESIAN_POINT('Ctrl Pts',(21.6177218441337,-4.17721852143653,-19.4080609617097));
#5828=CARTESIAN_POINT('',(33.03843582407,-15.7981917354462,-32.37867966));
#5829=CARTESIAN_POINT('',(21.5902427703719,-4.1470198791269,-19.4379235132796));
#5830=CARTESIAN_POINT('Ctrl Pts',(33.0384339999328,-15.7981944521831,-32.3786803947844));
#5831=CARTESIAN_POINT('Ctrl Pts',(32.719559069325,-15.2901634797272,-31.9305564931179));
#5832=CARTESIAN_POINT('Ctrl Pts',(32.3899178134346,-14.7905535462236,-31.480739708815));
#5833=CARTESIAN_POINT('Ctrl Pts',(32.0498726617995,-14.2997973334946,-31.0293526749676));
#5834=CARTESIAN_POINT('Ctrl Pts',(31.7099637672886,-13.8092377682695,-30.5781465132747));
#5835=CARTESIAN_POINT('Ctrl Pts',(31.359659231974,-13.3275248203952,-30.1253712591975));
#5836=CARTESIAN_POINT('Ctrl Pts',(30.9993515538271,-12.8551249276916,-29.671124740075));
#5837=CARTESIAN_POINT('Ctrl Pts',(30.6387615679032,-12.3823549008732,-29.216522310344));
#5838=CARTESIAN_POINT('Ctrl Pts',(30.2681527016564,-11.9189125093221,-28.7604461975193));
#5839=CARTESIAN_POINT('Ctrl Pts',(29.8879499716688,-11.4652998547623,-28.3029713467247));
#5840=CARTESIAN_POINT('Ctrl Pts',(29.8331498755192,-11.3999189010659,-28.2370337196845));
#5841=CARTESIAN_POINT('Ctrl Pts',(29.7781505251781,-11.3347422148447,-28.1710669970251));
#5842=CARTESIAN_POINT('Ctrl Pts',(29.7229532482312,-11.2697713590804,-28.1050713658237));
#5843=CARTESIAN_POINT('Ctrl Pts',(29.3212485972869,-10.7969383430347,-27.624780426452));
#5844=CARTESIAN_POINT('Ctrl Pts',(28.9090411967409,-10.3349831004128,-27.142959099003));
#5845=CARTESIAN_POINT('Ctrl Pts',(28.4867698723516,-9.88452278489558,-26.659687871354));
#5846=CARTESIAN_POINT('Ctrl Pts',(28.2696395408447,-9.65289777985793,-26.4111916183373));
#5847=CARTESIAN_POINT('Ctrl Pts',(28.0498490402129,-9.42431231811668,-26.1623116662398));
#5848=CARTESIAN_POINT('Ctrl Pts',(27.8274626167239,-9.19885219040836,-25.9130569304362));
#5849=CARTESIAN_POINT('Ctrl Pts',(27.4296134417937,-8.79550416051917,-25.46714036129));
#5850=CARTESIAN_POINT('Ctrl Pts',(27.0235713881362,-8.40227386464687,-25.0201536977731));
#5851=CARTESIAN_POINT('Ctrl Pts',(26.6096152779643,-8.01952340581986,-24.572062242376));
#5852=CARTESIAN_POINT('Ctrl Pts',(26.3437303889394,-7.77368197295102,-24.2842521485914));
#5853=CARTESIAN_POINT('Ctrl Pts',(26.0745809303335,-7.53216489091941,-23.9959858584153));
#5854=CARTESIAN_POINT('Ctrl Pts',(25.8022457004355,-7.29507758064286,-23.7072502794752));
#5855=CARTESIAN_POINT('Ctrl Pts',(25.4294504424247,-6.9705326253732,-23.3120048509341));
#5856=CARTESIAN_POINT('Ctrl Pts',(25.0506996904955,-6.65430574694255,-22.9158640908455));
#5857=CARTESIAN_POINT('Ctrl Pts',(24.6661831912557,-6.34660106511025,-22.5188067042345));
#5858=CARTESIAN_POINT('Ctrl Pts',(24.2829954630077,-6.03995971620665,-22.1231214260727));
#5859=CARTESIAN_POINT('Ctrl Pts',(23.89408152057,-5.74178177017893,-21.7265256463184));
#5860=CARTESIAN_POINT('Ctrl Pts',(23.499648923665,-5.4523140106286,-21.328981974516));
#5861=CARTESIAN_POINT('Ctrl Pts',(23.1079925559205,-5.1648836811523,-20.9342364292957));
#5862=CARTESIAN_POINT('Ctrl Pts',(22.7108946996452,-4.88604140231549,-20.5385560773658));
#5863=CARTESIAN_POINT('Ctrl Pts',(22.3085817565149,-4.6160725819539,-20.1418912740507));
#5864=CARTESIAN_POINT('Ctrl Pts',(22.0709373862497,-4.45660326484245,-19.907583233507));
#5865=CARTESIAN_POINT('Ctrl Pts',(21.8314738193637,-4.30023091078723,-19.6729314653298));
#5866=CARTESIAN_POINT('Ctrl Pts',(21.5902421165502,-4.147021494447,-19.4379240340109));
#5867=CARTESIAN_POINT('Ctrl Pts',(29.6212395034475,-11.9861105442023,-37.0455844143628));
#5868=CARTESIAN_POINT('Ctrl Pts',(30.4776672521217,-12.5321720040294,-36.0468615809549));
#5869=CARTESIAN_POINT('Ctrl Pts',(31.2497114193724,-13.2331268421953,-35.0674968066016));
#5870=CARTESIAN_POINT('Ctrl Pts',(32.3359154333999,-14.5956822759015,-33.5239917695277));
#5871=CARTESIAN_POINT('Ctrl Pts',(32.7123793328949,-15.1751374091764,-32.9416175325205));
#5872=CARTESIAN_POINT('Ctrl Pts',(33.03843582407,-15.7981917354462,-32.37867966));
#5873=CARTESIAN_POINT('Ctrl Pts',(21.5902427703719,-4.1470198791269,-19.4379235132796));
#5874=CARTESIAN_POINT('Ctrl Pts',(21.3070092894931,-3.83075287917812,-19.7757299661414));
#5875=CARTESIAN_POINT('Ctrl Pts',(21.000528031641,-3.54804113438397,-20.1255537249021));
#5876=CARTESIAN_POINT('Ctrl Pts',(20.163153264767,-2.91557751031636,-21.0522050815332));
#5877=CARTESIAN_POINT('Ctrl Pts',(19.6084153675707,-2.62362275172855,-21.6400014768364));
#5878=CARTESIAN_POINT('Ctrl Pts',(19.0280333231408,-2.43517068283145,-22.2396108770523));
#5879=CARTESIAN_POINT('Ctrl Pts',(32.0794661610085,-17.8571435241013,-32.4626302524857));
#5880=CARTESIAN_POINT('Ctrl Pts',(31.1288421352784,-16.1359571911378,-30.9632767366794));
#5881=CARTESIAN_POINT('Ctrl Pts',(29.019945276077,-12.8997262680469,-27.9845648398106));
#5882=CARTESIAN_POINT('Ctrl Pts',(25.3739634413741,-8.75412366880902,-23.6460967671978));
#5883=CARTESIAN_POINT('Ctrl Pts',(22.6771495941676,-6.45675967403143,-20.8149909660281));
#5884=CARTESIAN_POINT('Ctrl Pts',(21.3015353070167,-5.44257835915761,-19.437073703666));
#5885=CARTESIAN_POINT('Ctrl Pts',(30.2036872788581,-18.103971587969,-33.8532969829698));
#5886=CARTESIAN_POINT('Ctrl Pts',(29.3579923862695,-16.4185860728164,-32.3049410121655));
#5887=CARTESIAN_POINT('Ctrl Pts',(27.4529653928413,-13.2374517422357,-29.2184902509868));
#5888=CARTESIAN_POINT('Ctrl Pts',(24.0835828366718,-9.14634833950601,-24.6921649491965));
#5889=CARTESIAN_POINT('Ctrl Pts',(21.5526796930002,-6.87364718962105,-21.7209826052268));
#5890=CARTESIAN_POINT('Ctrl Pts',(20.2542748970083,-5.87057937074934,-20.2711628071638));
#5891=CARTESIAN_POINT('Ctrl Pts',(28.4119590344598,-17.8994011550151,-35.4354627162379));
#5892=CARTESIAN_POINT('Ctrl Pts',(27.6548094269295,-16.2670320709667,-33.8259649669065));
#5893=CARTESIAN_POINT('Ctrl Pts',(25.9247547663749,-13.1780254279861,-30.6101555181983));
#5894=CARTESIAN_POINT('Ctrl Pts',(22.7965540062735,-9.20114969495095,-25.8697329920546));
#5895=CARTESIAN_POINT('Ctrl Pts',(20.4146094093713,-6.99534098745152,-22.7460801296978));
#5896=CARTESIAN_POINT('Ctrl Pts',(19.1867784213122,-6.02430049575287,-21.2195373891603));
#5897=CARTESIAN_POINT('Ctrl Pts',(26.8566507241585,-17.2608289777993,-37.0745794368569));
#5898=CARTESIAN_POINT('Ctrl Pts',(26.1645932947798,-15.6941888625424,-35.3973800337165));
#5899=CARTESIAN_POINT('Ctrl Pts',(24.5651345025525,-12.7264626986082,-32.0410771951116));
#5900=CARTESIAN_POINT('Ctrl Pts',(21.6224637349209,-8.91391499271465,-27.0787892260126));
#5901=CARTESIAN_POINT('Ctrl Pts',(19.3597422616736,-6.81136144666239,-23.8030669274469));
#5902=CARTESIAN_POINT('Ctrl Pts',(18.1898262130293,-5.89066922737293,-22.201547290692));
#5903=CARTESIAN_POINT('',(21.3004683503907,-5.44301431336277,-19.4379235132796));
#5904=CARTESIAN_POINT('',(32.0261247185781,-17.7608682029115,-32.37867966));
#5905=CARTESIAN_POINT('Ctrl Pts',(21.3004683504719,-5.44301431195307,-19.4379235136932));
#5906=CARTESIAN_POINT('Ctrl Pts',(21.7183180143452,-5.75611204456802,-19.864399172634));
#5907=CARTESIAN_POINT('Ctrl Pts',(22.1296660092539,-6.07808207150993,-20.2896942709091));
#5908=CARTESIAN_POINT('Ctrl Pts',(22.5344165791724,-6.40871144113236,-20.7138927520508));
#5909=CARTESIAN_POINT('Ctrl Pts',(22.9397192058497,-6.73979177041181,-21.1386698157962));
#5910=CARTESIAN_POINT('Ctrl Pts',(23.3384067061421,-7.0795551103153,-21.5623474207827));
#5911=CARTESIAN_POINT('Ctrl Pts',(23.7303652104506,-7.42782216420183,-21.9850449101562));
#5912=CARTESIAN_POINT('Ctrl Pts',(24.1227069130516,-7.77642970142751,-22.4081556497956));
#5913=CARTESIAN_POINT('Ctrl Pts',(24.5083067558578,-8.13355764702459,-22.8302845084758));
#5914=CARTESIAN_POINT('Ctrl Pts',(24.8870282324771,-8.49906007705867,-23.2515839953815));
#5915=CARTESIAN_POINT('Ctrl Pts',(25.0001127185326,-8.60819741677699,-23.3773820789162));
#5916=CARTESIAN_POINT('Ctrl Pts',(25.1125837674578,-8.71808164455837,-23.5031064297568));
#5917=CARTESIAN_POINT('Ctrl Pts',(25.2244372991511,-8.82870944672275,-23.6287616435495));
#5918=CARTESIAN_POINT('Ctrl Pts',(25.6281401509828,-9.22798838364604,-24.0822776603231));
#5919=CARTESIAN_POINT('Ctrl Pts',(26.023808987466,-9.63692329944585,-24.534848146346));
#5920=CARTESIAN_POINT('Ctrl Pts',(26.4113093193921,-10.0552531473718,-24.9866265100739));
#5921=CARTESIAN_POINT('Ctrl Pts',(26.6496157010895,-10.3125191783962,-25.2644628325721));
#5922=CARTESIAN_POINT('Ctrl Pts',(26.884832424218,-10.573339298923,-25.5420000291034));
#5923=CARTESIAN_POINT('Ctrl Pts',(27.1169248538312,-10.8376609444351,-25.8192780136433));
#5924=CARTESIAN_POINT('Ctrl Pts',(27.5887056536523,-11.3749549765483,-26.3829087599675));
#5925=CARTESIAN_POINT('Ctrl Pts',(28.0471876698622,-11.9262773405927,-26.9450030713367));
#5926=CARTESIAN_POINT('Ctrl Pts',(28.4918454356769,-12.4907156898171,-27.5054476524133));
#5927=CARTESIAN_POINT('Ctrl Pts',(28.6301877258778,-12.6663242137475,-27.6798136319093));
#5928=CARTESIAN_POINT('Ctrl Pts',(28.7671921877282,-12.843202388394,-27.8540201401014));
#5929=CARTESIAN_POINT('Ctrl Pts',(28.9028438180152,-13.021322943143,-28.0280643379591));
#5930=CARTESIAN_POINT('Ctrl Pts',(29.325042557934,-13.5757009009276,-28.5697551445513));
#5931=CARTESIAN_POINT('Ctrl Pts',(29.7341128425581,-14.1420909706387,-29.1098479938981));
#5932=CARTESIAN_POINT('Ctrl Pts',(30.129518914119,-14.7197209659065,-29.6481510310031));
#5933=CARTESIAN_POINT('Ctrl Pts',(30.5324083277631,-15.3082830210565,-30.1966418372416));
#5934=CARTESIAN_POINT('Ctrl Pts',(30.9211113682924,-15.9085145156599,-30.7432746934419));
#5935=CARTESIAN_POINT('Ctrl Pts',(31.295095609548,-16.5195726600768,-31.2878797446821));
#5936=CARTESIAN_POINT('Ctrl Pts',(31.5454158579633,-16.9285744564977,-31.652402247708));
#5937=CARTESIAN_POINT('Ctrl Pts',(31.7891426805427,-17.3424261546056,-32.0160169605781));
#5938=CARTESIAN_POINT('Ctrl Pts',(32.026124990744,-17.7608683669172,-32.3786801018722));
#5939=CARTESIAN_POINT('Ctrl Pts',(18.2456127705039,-5.92399552919343,-22.2396108770523));
#5940=CARTESIAN_POINT('Ctrl Pts',(18.8518011611506,-6.00302375004714,-21.6386461450648));
#5941=CARTESIAN_POINT('Ctrl Pts',(19.4800799852868,-5.97509747257747,-21.0493086416205));
#5942=CARTESIAN_POINT('Ctrl Pts',(20.5103616450594,-5.74977820302105,-20.1226823556707));
#5943=CARTESIAN_POINT('Ctrl Pts',(20.9093452070881,-5.61812023230634,-19.773517401595));
#5944=CARTESIAN_POINT('Ctrl Pts',(21.3004683503907,-5.44301431336277,-19.4379235132796));
#5945=CARTESIAN_POINT('Ctrl Pts',(32.0261247185781,-17.7608682029115,-32.37867966));
#5946=CARTESIAN_POINT('Ctrl Pts',(31.3196567430446,-17.883334676037,-32.9371062926339));
#5947=CARTESIAN_POINT('Ctrl Pts',(30.6186112477405,-17.931777667316,-33.5184796398716));
#5948=CARTESIAN_POINT('Ctrl Pts',(28.8571127091022,-17.8694100949779,-35.0621332393077));
#5949=CARTESIAN_POINT('Ctrl Pts',(27.8300482114879,-17.6529467500791,-36.0439429177018));
#5950=CARTESIAN_POINT('Ctrl Pts',(26.8841931059962,-17.2720825825359,-37.0455844143628));
#5951=CARTESIAN_POINT('Origin',(0.,0.,-34.7121320371814));
#5952=CARTESIAN_POINT('Origin',(0.,0.,-32.37867966));
#5953=CARTESIAN_POINT('Origin',(0.,0.,-20.8387671951659));
#5954=CARTESIAN_POINT('Origin',(0.,0.,-19.4379235132796));
#5955=CARTESIAN_POINT('Origin',(0.,0.,-25.9083015866398));
#5956=CARTESIAN_POINT('Origin',(0.,0.,-25.9083015866398));
#5957=CARTESIAN_POINT('',(27.5509798815849,-24.1260152403089,-32.37867966));
#5958=CARTESIAN_POINT('',(19.6707654283145,-9.81821492052889,-19.4379235132796));
#5959=CARTESIAN_POINT('Ctrl Pts',(27.5509773921647,-24.126017364403,-32.3786803946921));
#5960=CARTESIAN_POINT('Ctrl Pts',(27.380992041452,-23.5507931735292,-31.9305557434198));
#5961=CARTESIAN_POINT('Ctrl Pts',(27.1983676020575,-22.9807730652187,-31.480738196094));
#5962=CARTESIAN_POINT('Ctrl Pts',(27.0033363275314,-22.4164714514886,-31.0293503916684));
#5963=CARTESIAN_POINT('Ctrl Pts',(26.808383225572,-21.8523960215111,-30.5781435128064));
#5964=CARTESIAN_POINT('Ctrl Pts',(26.6010331567345,-21.2940344718898,-30.1253675343791));
#5965=CARTESIAN_POINT('Ctrl Pts',(26.3815382207109,-20.7419418310175,-29.6711202895377));
#5966=CARTESIAN_POINT('Ctrl Pts',(26.161871338539,-20.1894166963268,-29.2165172002042));
#5967=CARTESIAN_POINT('Ctrl Pts',(25.9300405051277,-19.6431702620806,-28.7604404268374));
#5968=CARTESIAN_POINT('Ctrl Pts',(25.6863195108661,-19.1038006711698,-28.3029649203652));
#5969=CARTESIAN_POINT('Ctrl Pts',(25.6511922346569,-19.0260618425713,-28.2370294086401));
#5970=CARTESIAN_POINT('Ctrl Pts',(25.6158179983201,-18.9484659392105,-28.171064803347));
#5971=CARTESIAN_POINT('Ctrl Pts',(25.5801976584371,-18.8710148240773,-28.1050712915618));
#5972=CARTESIAN_POINT('Ctrl Pts',(25.3209581956255,-18.3073372862643,-27.6247804633314));
#5973=CARTESIAN_POINT('Ctrl Pts',(25.0486706709826,-17.7513005214912,-27.1429592579856));
#5974=CARTESIAN_POINT('Ctrl Pts',(24.7635911292931,-17.2036171901538,-26.6596881568192));
#5975=CARTESIAN_POINT('Ctrl Pts',(24.6170042010739,-16.922000288773,-26.4111918045475));
#5976=CARTESIAN_POINT('Ctrl Pts',(24.4670356874807,-16.6425925097134,-26.1623117538431));
#5977=CARTESIAN_POINT('Ctrl Pts',(24.3137243060826,-16.365493795811,-25.9130569191868));
#5978=CARTESIAN_POINT('Ctrl Pts',(24.0394504819291,-15.8697646253023,-25.4671404055759));
#5979=CARTESIAN_POINT('Ctrl Pts',(23.7545578602932,-15.3815675713333,-25.0201537980349));
#5980=CARTESIAN_POINT('Ctrl Pts',(23.4592172281338,-14.9013265337626,-24.5720623938078));
#5981=CARTESIAN_POINT('Ctrl Pts',(23.2695192716505,-14.5928666283967,-24.284252270703));
#5982=CARTESIAN_POINT('Ctrl Pts',(23.0755111058959,-14.2876899409449,-23.9959859490254));
#5983=CARTESIAN_POINT('Ctrl Pts',(22.8772401644969,-13.9859192424342,-23.7072503349851));
#5984=CARTESIAN_POINT('Ctrl Pts',(22.6058304670703,-13.5728304993378,-23.3120050958692));
#5985=CARTESIAN_POINT('Ctrl Pts',(22.3264419347674,-13.1661445879095,-22.9158645195266));
#5986=CARTESIAN_POINT('Ctrl Pts',(22.039202209644,-12.7661092588846,-22.5188073143201));
#5987=CARTESIAN_POINT('Ctrl Pts',(21.7529551085987,-12.367456345539,-22.1231222331893));
#5988=CARTESIAN_POINT('Ctrl Pts',(21.458910744814,-11.9754080665261,-21.7265266482157));
#5989=CARTESIAN_POINT('Ctrl Pts',(21.1572024023205,-11.5902580601645,-21.328983172331));
#5990=CARTESIAN_POINT('Ctrl Pts',(20.857617652701,-11.2078189560014,-20.9342378308484));
#5991=CARTESIAN_POINT('Ctrl Pts',(20.550476180865,-10.832181336602,-20.5385576838216));
#5992=CARTESIAN_POINT('Ctrl Pts',(20.2359189933434,-10.46368111557,-20.1418930899685));
#5993=CARTESIAN_POINT('Ctrl Pts',(20.0501109588386,-10.2460090848527,-19.9075844444653));
#5994=CARTESIAN_POINT('Ctrl Pts',(19.8617156259359,-10.0308283774025,-19.6729320707834));
#5995=CARTESIAN_POINT('Ctrl Pts',(19.6707643629301,-9.81821629954955,-19.4379240340109));
#5996=CARTESIAN_POINT('',(19.0420815160892,-10.9879701626863,-19.4379235132796));
#5997=CARTESIAN_POINT('Origin',(0.,0.,-19.4379235132796));
#5998=CARTESIAN_POINT('',(26.0466842441845,-25.7427920726339,-32.37867966));
#5999=CARTESIAN_POINT('Ctrl Pts',(19.0420815165477,-10.9879701613508,-19.4379235136932));
#6000=CARTESIAN_POINT('Ctrl Pts',(19.3599636017942,-11.4021921024209,-19.8643994110481));
#6001=CARTESIAN_POINT('Ctrl Pts',(19.6691913953702,-11.8232032027922,-20.2896947515508));
#6002=CARTESIAN_POINT('Ctrl Pts',(19.9697301457108,-12.2507725760362,-20.7138934795028));
#6003=CARTESIAN_POINT('Ctrl Pts',(20.2706787910308,-12.6789250971746,-21.1386707582362));
#6004=CARTESIAN_POINT('Ctrl Pts',(20.5629149639045,-13.1136539046983,-21.5623485829724));
#6005=CARTESIAN_POINT('Ctrl Pts',(20.8463773908481,-13.5547556321281,-21.9850462976599));
#6006=CARTESIAN_POINT('Ctrl Pts',(21.1301169094089,-13.9962885475367,-22.4081572099432));
#6007=CARTESIAN_POINT('Ctrl Pts',(21.4050657933501,-14.4442069859704,-22.8302862470886));
#6008=CARTESIAN_POINT('Ctrl Pts',(21.6711319679681,-14.8983336087484,-23.2515859190764));
#6009=CARTESIAN_POINT('Ctrl Pts',(21.750577699804,-15.0339330397719,-23.377383423443));
#6010=CARTESIAN_POINT('Ctrl Pts',(21.8292312421794,-15.1700861541274,-23.5031071964496));
#6011=CARTESIAN_POINT('Ctrl Pts',(21.9070895603559,-15.306788660359,-23.628761833694));
#6012=CARTESIAN_POINT('Ctrl Pts',(22.1880975852673,-15.8001784763251,-24.0822774279166));
#6013=CARTESIAN_POINT('Ctrl Pts',(22.4587643915995,-16.3006986423786,-24.5348475015982));
#6014=CARTESIAN_POINT('Ctrl Pts',(22.7190309002361,-16.8080615031002,-24.9866254507981));
#6015=CARTESIAN_POINT('Ctrl Pts',(22.879090988785,-17.1200822269303,-25.2644622686514));
#6016=CARTESIAN_POINT('Ctrl Pts',(23.0352170957277,-17.4346916746198,-25.5419999581027));
#6017=CARTESIAN_POINT('Ctrl Pts',(23.1873900505663,-17.7518298850378,-25.8192784306439));
#6018=CARTESIAN_POINT('Ctrl Pts',(23.4967135032302,-18.3964798251156,-26.3829050919441));
#6019=CARTESIAN_POINT('Ctrl Pts',(23.7894467615797,-19.0510497725705,-26.9449953239992));
#6020=CARTESIAN_POINT('Ctrl Pts',(24.0653299858542,-19.7145194568265,-27.5054358122971));
#6021=CARTESIAN_POINT('Ctrl Pts',(24.1511656551386,-19.9209450724028,-27.6798059086799));
#6022=CARTESIAN_POINT('Ctrl Pts',(24.2353704797657,-20.128232355138,-27.8540165225976));
#6023=CARTESIAN_POINT('Ctrl Pts',(24.317937369539,-20.3363509954545,-28.028064814193));
#6024=CARTESIAN_POINT('Ctrl Pts',(24.5749129757023,-20.9840853826416,-28.5697609511948));
#6025=CARTESIAN_POINT('Ctrl Pts',(24.8160057969934,-21.6398445714331,-29.1098590574777));
#6026=CARTESIAN_POINT('Ctrl Pts',(25.0409082886829,-22.3027404474395,-29.6481673079516));
#6027=CARTESIAN_POINT('Ctrl Pts',(25.270067549283,-22.9781830699702,-30.1966642131073));
#6028=CARTESIAN_POINT('Ctrl Pts',(25.4824177411556,-23.6610351151819,-30.7433031176895));
#6029=CARTESIAN_POINT('Ctrl Pts',(25.6776735758875,-24.3503413760986,-31.28791419665));
#6030=CARTESIAN_POINT('Ctrl Pts',(25.8083592923347,-24.8116975383003,-31.6524251426954));
#6031=CARTESIAN_POINT('Ctrl Pts',(25.9313880840382,-25.2759446814205,-32.0160283670024));
#6032=CARTESIAN_POINT('Ctrl Pts',(26.0466844622548,-25.742792304082,-32.3786801022786));
#6033=CARTESIAN_POINT('Origin',(0.,0.,-32.37867966));
#6034=CARTESIAN_POINT('Origin',(0.,0.,-20.8387671951659));
#6035=CARTESIAN_POINT('Ctrl Pts',(19.6707654283145,-9.81821492052889,-19.4379235132796));
#6036=CARTESIAN_POINT('Ctrl Pts',(19.4833628286304,-9.43726048023593,-19.7757299661414));
#6037=CARTESIAN_POINT('Ctrl Pts',(19.2645214431101,-9.08234480004874,-20.1255537249021));
#6038=CARTESIAN_POINT('Ctrl Pts',(18.628835447746,-8.24741363446441,-21.0522050815332));
#6039=CARTESIAN_POINT('Ctrl Pts',(18.1734371877797,-7.81661885679478,-21.6400014768364));
#6040=CARTESIAN_POINT('Ctrl Pts',(17.6654210436381,-7.47856990019259,-22.2396108770523));
#6041=CARTESIAN_POINT('Ctrl Pts',(15.970741088847,-10.6269251184948,-22.2396108770523));
#6042=CARTESIAN_POINT('Ctrl Pts',(16.5331288107736,-10.8665704290525,-21.6386461450648));
#6043=CARTESIAN_POINT('Ctrl Pts',(17.1456437713007,-11.009187331844,-21.0493086416205));
#6044=CARTESIAN_POINT('Ctrl Pts',(18.1985102037388,-11.0701901772044,-20.1226823556707));
#6045=CARTESIAN_POINT('Ctrl Pts',(18.6182192683798,-11.0510589179662,-19.773517401595));
#6046=CARTESIAN_POINT('Ctrl Pts',(19.0420815160892,-10.9879701626863,-19.4379235132796));
#6047=CARTESIAN_POINT('Origin',(0.,0.,-34.7121320371814));
#6048=CARTESIAN_POINT('Ctrl Pts',(25.2889896669822,-19.5333478267732,-37.0455844143628));
#6049=CARTESIAN_POINT('Ctrl Pts',(25.9663331328303,-20.2902212877167,-36.0468615809549));
#6050=CARTESIAN_POINT('Ctrl Pts',(26.520632456008,-21.1734778425515,-35.0674968066016));
#6051=CARTESIAN_POINT('Ctrl Pts',(27.1989440221653,-22.7785603604393,-33.5239917695277));
#6052=CARTESIAN_POINT('Ctrl Pts',(27.4051124950634,-23.438096470053,-32.9416175325205));
#6053=CARTESIAN_POINT('Ctrl Pts',(27.5509798815849,-24.1260152403089,-32.37867966));
#6054=CARTESIAN_POINT('Ctrl Pts',(26.0466842441845,-25.7427920726339,-32.37867966));
#6055=CARTESIAN_POINT('Ctrl Pts',(25.3333729585615,-25.6701143780021,-32.9371062926339));
#6056=CARTESIAN_POINT('Ctrl Pts',(24.6452543692836,-25.5276211606883,-33.5184796398716));
#6057=CARTESIAN_POINT('Ctrl Pts',(22.9659035444326,-24.9923197289916,-35.0621332393077));
#6058=CARTESIAN_POINT('Ctrl Pts',(22.0353264959861,-24.5067847468851,-36.0439429177018));
#6059=CARTESIAN_POINT('Ctrl Pts',(21.2273021862346,-23.8848554023824,-37.0455844143628));
#6060=CARTESIAN_POINT('Ctrl Pts',(26.0720728704337,-25.8498885926891,-32.4626302524857));
#6061=CARTESIAN_POINT('Ctrl Pts',(25.6210710774832,-23.9360532252055,-30.9632767366794));
#6062=CARTESIAN_POINT('Ctrl Pts',(24.463502963599,-20.250857143895,-27.984565627409));
#6063=CARTESIAN_POINT('Ctrl Pts',(22.0711938284732,-15.2753103248041,-23.6460968782928));
#6064=CARTESIAN_POINT('Ctrl Pts',(20.0942064598056,-12.3355472499263,-20.8149909660281));
#6065=CARTESIAN_POINT('Ctrl Pts',(19.0432265261061,-10.9878382362983,-19.4370737036659));
#6066=CARTESIAN_POINT('Ctrl Pts',(24.1992595429068,-25.5814845165812,-33.8532969829698));
#6067=CARTESIAN_POINT('Ctrl Pts',(23.8396368811544,-23.7304319167907,-32.3049410121655));
#6068=CARTESIAN_POINT('Ctrl Pts',(22.8635137026315,-20.1532927284042,-29.2184910385852));
#6069=CARTESIAN_POINT('Ctrl Pts',(20.7228430872249,-15.3048497200302,-24.6921650602915));
#6070=CARTESIAN_POINT('Ctrl Pts',(18.8989600472275,-12.4335970969688,-21.7209826052268));
#6071=CARTESIAN_POINT('Ctrl Pts',(17.9193280819746,-11.1174203321815,-20.2711628071638));
#6072=CARTESIAN_POINT('Ctrl Pts',(22.5291658844314,-24.9010976150801,-35.4354627162379));
#6073=CARTESIAN_POINT('Ctrl Pts',(22.2405013464448,-23.1249846853233,-33.8259649669065));
#6074=CARTESIAN_POINT('Ctrl Pts',(21.4080050108941,-19.6837635417986,-30.6101553243671));
#6075=CARTESIAN_POINT('Ctrl Pts',(19.4687548903851,-15.0103827957699,-25.8697328014525));
#6076=CARTESIAN_POINT('Ctrl Pts',(17.7702599031799,-12.2437304707899,-22.7460801296978));
#6077=CARTESIAN_POINT('Ctrl Pts',(16.8499438081595,-10.9774339585137,-21.2195373891603));
#6078=CARTESIAN_POINT('Ctrl Pts',(21.2038173368502,-23.8665882661467,-37.0745794368569));
#6079=CARTESIAN_POINT('Ctrl Pts',(20.9600977189253,-22.1713285562117,-35.3973800337166));
#6080=CARTESIAN_POINT('Ctrl Pts',(20.2206333209922,-18.8821248261798,-32.0410770012804));
#6081=CARTESIAN_POINT('Ctrl Pts',(18.4156980664204,-14.4170337712026,-27.0787890354106));
#6082=CARTESIAN_POINT('Ctrl Pts',(16.8041471768704,-11.7819736399973,-23.8030669274469));
#6083=CARTESIAN_POINT('Ctrl Pts',(15.9260145768788,-10.5797836132678,-22.201547290692));
#6084=CARTESIAN_POINT('Ctrl Pts',(25.2889896669623,-19.5333478267566,-37.0455844144061));
#6085=CARTESIAN_POINT('Ctrl Pts',(24.7382890920468,-17.9083712521028,-35.3937338706486));
#6086=CARTESIAN_POINT('Ctrl Pts',(23.4034802128817,-14.8014629543679,-32.0729296540449));
#6087=CARTESIAN_POINT('Ctrl Pts',(20.7984320519813,-10.741146454778,-27.1139198872002));
#6088=CARTESIAN_POINT('Ctrl Pts',(18.7181245821594,-8.45538837275739,-23.8075504631013));
#6089=CARTESIAN_POINT('Ctrl Pts',(17.6263746104954,-7.44230375091286,-22.1818365990707));
#6090=CARTESIAN_POINT('Ctrl Pts',(26.4161778477665,-20.7978019085772,-35.3955796475907));
#6091=CARTESIAN_POINT('Ctrl Pts',(25.8391331740194,-19.0909236102619,-33.8185296671349));
#6092=CARTESIAN_POINT('Ctrl Pts',(24.4462257612697,-15.8242505761047,-30.6481836489996));
#6093=CARTESIAN_POINT('Ctrl Pts',(21.7483398042337,-11.5314958293609,-25.9128863443206));
#6094=CARTESIAN_POINT('Ctrl Pts',(19.5990259866395,-9.09210263919397,-22.750952819444));
#6095=CARTESIAN_POINT('Ctrl Pts',(18.4710628649341,-8.00334353729879,-21.1942469893297));
#6096=CARTESIAN_POINT('Ctrl Pts',(27.2084559846579,-22.4351798139453,-33.8043198714834));
#6097=CARTESIAN_POINT('Ctrl Pts',(26.6325217655205,-20.6387845474397,-32.3039252629862));
#6098=CARTESIAN_POINT('Ctrl Pts',(25.2326969158013,-17.192641493611,-29.2847085025246));
#6099=CARTESIAN_POINT('Ctrl Pts',(22.5085324635191,-12.6307163421768,-24.7653530860006));
#6100=CARTESIAN_POINT('Ctrl Pts',(20.3270433886048,-10.0098058489262,-21.7369071834722));
#6101=CARTESIAN_POINT('Ctrl Pts',(19.1789759566292,-8.83127264498322,-20.2422962192079));
#6102=CARTESIAN_POINT('Ctrl Pts',(27.5975142914469,-24.3043077183927,-32.4090026307554));
#6103=CARTESIAN_POINT('Ctrl Pts',(27.0497126852925,-22.4184031393311,-30.980419913029));
#6104=CARTESIAN_POINT('Ctrl Pts',(25.6951516007161,-18.7886742509665,-28.100059578211));
#6105=CARTESIAN_POINT('Ctrl Pts',(23.0134094867947,-13.9440290881925,-23.7702697725394));
#6106=CARTESIAN_POINT('Ctrl Pts',(20.8392738547735,-11.1293232255839,-20.8527390483572));
#6107=CARTESIAN_POINT('Ctrl Pts',(19.6890780072915,-9.85470748063857,-19.4080609617097));
#6108=CARTESIAN_POINT('Ctrl Pts',(19.0811711563318,-25.6318860601313,-37.0455844144061));
#6109=CARTESIAN_POINT('Ctrl Pts',(18.9893054856408,-23.9185907878754,-35.3937338706486));
#6110=CARTESIAN_POINT('Ctrl Pts',(18.5422285085358,-20.5667679652524,-32.0729295138109));
#6111=CARTESIAN_POINT('Ctrl Pts',(17.1292429857625,-15.954185492511,-27.1139198431403));
#6112=CARTESIAN_POINT('Ctrl Pts',(15.7427692650425,-13.1919292097492,-23.8075504631013));
#6113=CARTESIAN_POINT('Ctrl Pts',(14.9648313037483,-11.9218618965632,-22.1818365990707));
#6114=CARTESIAN_POINT('Ctrl Pts',(19.8254145131708,-27.1535624862412,-35.3955796475907));
#6115=CARTESIAN_POINT('Ctrl Pts',(19.7302784748912,-25.3542950756042,-33.8185296671349));
#6116=CARTESIAN_POINT('Ctrl Pts',(19.2703614254596,-21.8329572296016,-30.6481835087656));
#6117=CARTESIAN_POINT('Ctrl Pts',(17.8306918724436,-16.9715086127961,-25.9128863002607));
#6118=CARTESIAN_POINT('Ctrl Pts',(16.4192210026311,-14.0426967386384,-22.750952819444));
#6119=CARTESIAN_POINT('Ctrl Pts',(15.6268295035093,-12.6899909694459,-21.1942469893297));
#6120=CARTESIAN_POINT('Ctrl Pts',(20.1465535555391,-28.943976060433,-33.8043198714834));
#6121=CARTESIAN_POINT('Ctrl Pts',(20.0766381821815,-27.0588108106829,-32.3039252629862));
#6122=CARTESIAN_POINT('Ctrl Pts',(19.6584808876449,-23.3627920108985,-29.2847084490475));
#6123=CARTESIAN_POINT('Ctrl Pts',(18.2661285429859,-18.2350646605462,-24.7653531308525));
#6124=CARTESIAN_POINT('Ctrl Pts',(16.8726481816073,-15.1227857683405,-21.7369071834722));
#6125=CARTESIAN_POINT('Ctrl Pts',(16.0851186574422,-13.6782108863328,-20.2422962192079));
#6126=CARTESIAN_POINT('Ctrl Pts',(20.016899851433,-30.8487583068531,-32.4090026307554));
#6127=CARTESIAN_POINT('Ctrl Pts',(19.9982231809712,-28.8849930808112,-30.980419913029));
#6128=CARTESIAN_POINT('Ctrl Pts',(19.673182013769,-25.024408324926,-28.1000595247338));
#6129=CARTESIAN_POINT('Ctrl Pts',(18.3979558182882,-19.63589039809,-23.7702698173913));
#6130=CARTESIAN_POINT('Ctrl Pts',(17.063841579111,-16.338986529671,-20.8527390483571));
#6131=CARTESIAN_POINT('Ctrl Pts',(16.3001853261871,-14.8013178682886,-19.4080609617097));
#6132=CARTESIAN_POINT('',(20.020193798629,-30.6645225639736,-32.37867966));
#6133=CARTESIAN_POINT('',(16.2923974022031,-14.7612378766198,-19.4379235132796));
#6134=CARTESIAN_POINT('Ctrl Pts',(20.0201908284405,-30.6645239377431,-32.3786803946628));
#6135=CARTESIAN_POINT('Ctrl Pts',(20.0117026203905,-30.0647688011213,-31.9305555030715));
#6136=CARTESIAN_POINT('Ctrl Pts',(19.9896399553812,-29.4666147887567,-31.4807377111552));
#6137=CARTESIAN_POINT('Ctrl Pts',(19.9540876882926,-28.8706198959293,-31.0293496597258));
#6138=CARTESIAN_POINT('Ctrl Pts',(19.9185496726247,-28.2748639125908,-30.5781425509353));
#6139=CARTESIAN_POINT('Ctrl Pts',(19.869532803118,-27.6812652679284,-30.125366340286));
#6140=CARTESIAN_POINT('Ctrl Pts',(19.8071300866931,-27.0904264217871,-29.6711188627709));
#6141=CARTESIAN_POINT('Ctrl Pts',(19.7446784886693,-26.4991247568902,-29.2165155619147));
#6142=CARTESIAN_POINT('Ctrl Pts',(19.6688200268323,-25.9105871700377,-28.7604385767109));
#6143=CARTESIAN_POINT('Ctrl Pts',(19.579656962316,-25.3254634887525,-28.3029628599259));
#6144=CARTESIAN_POINT('Ctrl Pts',(19.5668061123364,-25.2411310727629,-28.2370280265103));
#6145=CARTESIAN_POINT('Ctrl Pts',(19.5536789051223,-25.1568696514104,-28.1710641001838));
#6146=CARTESIAN_POINT('Ctrl Pts',(19.5402756628537,-25.0726812496304,-28.1050712680217));
#6147=CARTESIAN_POINT('Ctrl Pts',(19.4427278892013,-24.4599644907734,-27.6247804752848));
#6148=CARTESIAN_POINT('Ctrl Pts',(19.3305544583288,-23.8510848352076,-27.1429593089041));
#6149=CARTESIAN_POINT('Ctrl Pts',(19.203809646199,-23.2467975954246,-26.659688248092));
#6150=CARTESIAN_POINT('Ctrl Pts',(19.1386378822336,-22.9360750917044,-26.4111918640795));
#6151=CARTESIAN_POINT('Ctrl Pts',(19.0696139162077,-22.6265674484895,-26.1623117818385));
#6152=CARTESIAN_POINT('Ctrl Pts',(18.9967480656185,-22.3183813483277,-25.9130569155675));
#6153=CARTESIAN_POINT('Ctrl Pts',(18.8663911933152,-21.7670369835861,-25.4671404195581));
#6154=CARTESIAN_POINT('Ctrl Pts',(18.7237771573792,-21.2200805029354,-25.0201538297598));
#6155=CARTESIAN_POINT('Ctrl Pts',(18.5689560443062,-20.6779661642914,-24.5720624417568));
#6156=CARTESIAN_POINT('Ctrl Pts',(18.4695140861551,-20.3297648737405,-24.2842523093451));
#6157=CARTESIAN_POINT('Ctrl Pts',(18.3650359508461,-19.9835621684665,-23.995985977671));
#6158=CARTESIAN_POINT('Ctrl Pts',(18.2555341897054,-19.6394890641837,-23.7072503524966));
#6159=CARTESIAN_POINT('Ctrl Pts',(18.1056391323465,-19.1684933727459,-23.3120051742801));
#6160=CARTESIAN_POINT('Ctrl Pts',(17.946333656044,-18.7015104102984,-22.9158646570459));
#6161=CARTESIAN_POINT('Ctrl Pts',(17.7776738273675,-18.2388131801924,-22.5188075102121));
#6162=CARTESIAN_POINT('Ctrl Pts',(17.6095968443948,-17.7777149146702,-22.1231224924386));
#6163=CARTESIAN_POINT('Ctrl Pts',(17.4322298361224,-17.3208726873616,-21.7265269701155));
#6164=CARTESIAN_POINT('Ctrl Pts',(17.2456219215565,-16.8686052097232,-21.3289835572451));
#6165=CARTESIAN_POINT('Ctrl Pts',(17.0603274597235,-16.4195210480546,-20.934238281224));
#6166=CARTESIAN_POINT('Ctrl Pts',(16.8659214838792,-15.9749473747098,-20.5385582000315));
#6167=CARTESIAN_POINT('Ctrl Pts',(16.6624491434219,-15.5352456922017,-20.1418936734583));
#6168=CARTESIAN_POINT('Ctrl Pts',(16.542258491507,-15.2755149015205,-19.9075848335777));
#6169=CARTESIAN_POINT('Ctrl Pts',(16.4189043290769,-15.0174850086712,-19.6729322653365));
#6170=CARTESIAN_POINT('Ctrl Pts',(16.2923960042707,-14.7612389170654,-19.4379240340109));
#6171=CARTESIAN_POINT('Ctrl Pts',(19.0811711563465,-25.6318860601526,-37.0455844143628));
#6172=CARTESIAN_POINT('Ctrl Pts',(19.5291948731468,-26.54343768008,-36.0468615809549));
#6173=CARTESIAN_POINT('Ctrl Pts',(19.824639507202,-27.5434888535416,-35.0674968066015));
#6174=CARTESIAN_POINT('Ctrl Pts',(20.0447513596961,-29.2720568280232,-33.5239917695277));
#6175=CARTESIAN_POINT('Ctrl Pts',(20.0653338335206,-29.9627591379026,-32.9416175325205));
#6176=CARTESIAN_POINT('Ctrl Pts',(20.020193798629,-30.6645225639736,-32.37867966));
#6177=CARTESIAN_POINT('Ctrl Pts',(16.2923974022031,-14.7612378766198,-19.4379235132796));
#6178=CARTESIAN_POINT('Ctrl Pts',(16.2147244772222,-14.3438496440686,-19.7757299661414));
#6179=CARTESIAN_POINT('Ctrl Pts',(16.0997534284651,-13.9430525008567,-20.1255537249021));
#6180=CARTESIAN_POINT('Ctrl Pts',(15.7129021268171,-12.9675768187511,-21.0522050815332));
#6181=CARTESIAN_POINT('Ctrl Pts',(15.3906183097141,-12.4298920999044,-21.6400014768364));
#6182=CARTESIAN_POINT('Ctrl Pts',(14.9926452992527,-11.9673178002373,-22.2396108770523));
#6183=CARTESIAN_POINT('Ctrl Pts',(18.1310332068559,-31.9254656797287,-32.4626302524857));
#6184=CARTESIAN_POINT('Ctrl Pts',(18.2131023864722,-29.960921691717,-30.9632767366794));
#6185=CARTESIAN_POINT('Ctrl Pts',(18.0927141916651,-26.1000746494642,-27.984565915609));
#6186=CARTESIAN_POINT('Ctrl Pts',(17.1315047259832,-20.6635971860762,-23.6460969216105));
#6187=CARTESIAN_POINT('Ctrl Pts',(16.0209679571976,-17.2994637176678,-20.8149909660281));
#6188=CARTESIAN_POINT('Ctrl Pts',(15.3725687507187,-15.718180417468,-19.4370737036659));
#6189=CARTESIAN_POINT('Ctrl Pts',(16.4000834309041,-31.1617357661031,-33.8532969829698));
#6190=CARTESIAN_POINT('Ctrl Pts',(16.553204567646,-29.2823001849991,-32.3049410121655));
#6191=CARTESIAN_POINT('Ctrl Pts',(16.5783794369879,-25.5744562506632,-29.2184913267852));
#6192=CARTESIAN_POINT('Ctrl Pts',(15.8251848543731,-20.3282605040213,-24.6921651036092));
#6193=CARTESIAN_POINT('Ctrl Pts',(14.8435909917412,-17.0714039875562,-21.7209826052268));
#6194=CARTESIAN_POINT('Ctrl Pts',(14.2553866785722,-15.5397330863897,-20.2711628071638));
#6195=CARTESIAN_POINT('Ctrl Pts',(14.9754875648308,-30.0559935799762,-35.4354627162379));
#6196=CARTESIAN_POINT('Ctrl Pts',(15.1767170246178,-28.2678629753352,-33.8259649669065));
#6197=CARTESIAN_POINT('Ctrl Pts',(15.30352198502,-24.7296467127934,-30.6101552528463));
#6198=CARTESIAN_POINT('Ctrl Pts',(14.6970476272529,-19.7063642432253,-25.8697327311601));
#6199=CARTESIAN_POINT('Ctrl Pts',(13.8079715134994,-16.5840584764497,-22.7460801296978));
#6200=CARTESIAN_POINT('Ctrl Pts',(13.2634259461193,-15.1164213629903,-21.2195373891603));
#6201=CARTESIAN_POINT('Ctrl Pts',(13.9783938186775,-28.7022718851704,-37.0745794368569));
#6202=CARTESIAN_POINT('Ctrl Pts',(14.2010875813249,-27.004122237946,-35.3973800337166));
#6203=CARTESIAN_POINT('Ctrl Pts',(14.3764607954146,-23.637385887218,-32.0410769297596));
#6204=CARTESIAN_POINT('Ctrl Pts',(13.8431246578951,-18.8509068790879,-27.0787889651181));
#6205=CARTESIAN_POINT('Ctrl Pts',(13.0022653698167,-15.8787707473965,-23.8030669274469));
#6206=CARTESIAN_POINT('Ctrl Pts',(12.48104329623,-14.4842438478562,-22.201547290692));
#6207=CARTESIAN_POINT('',(15.3714306074657,-15.7179985316622,-19.4379235132796));
#6208=CARTESIAN_POINT('',(18.1354803550515,-31.8154908197666,-32.37867966));
#6209=CARTESIAN_POINT('Ctrl Pts',(15.3714306082676,-15.7179985304999,-19.4379235136932));
#6210=CARTESIAN_POINT('Ctrl Pts',(15.5657690591336,-16.202623653043,-19.8643994941914));
#6211=CARTESIAN_POINT('Ctrl Pts',(15.7499424475756,-16.691451274946,-20.2896949193785));
#6212=CARTESIAN_POINT('Ctrl Pts',(15.9239796027516,-17.1842496968594,-20.7138937337648));
#6213=CARTESIAN_POINT('Ctrl Pts',(16.0982541170792,-17.6777202178728,-21.1386710882369));
#6214=CARTESIAN_POINT('Ctrl Pts',(16.2623649782717,-18.1751725630947,-21.5623489905225));
#6215=CARTESIAN_POINT('Ctrl Pts',(16.4163080522758,-18.6763943770594,-21.9850467847938));
#6216=CARTESIAN_POINT('Ctrl Pts',(16.570401602863,-19.1781061263231,-22.4081577585487));
#6217=CARTESIAN_POINT('Ctrl Pts',(16.7143077044415,-19.6835949232561,-22.8302868592888));
#6218=CARTESIAN_POINT('Ctrl Pts',(16.8479855417146,-20.1926651649302,-23.2515865972189));
#6219=CARTESIAN_POINT('Ctrl Pts',(16.8879008554304,-20.3446701555424,-23.3773838987826));
#6220=CARTESIAN_POINT('Ctrl Pts',(16.9269039773062,-20.496994566386,-23.5031074694565));
#6221=CARTESIAN_POINT('Ctrl Pts',(16.9649931429609,-20.6496334464339,-23.6287619048201));
#6222=CARTESIAN_POINT('Ctrl Pts',(17.1024656064981,-21.2005418874857,-24.0822773464671));
#6223=CARTESIAN_POINT('Ctrl Pts',(17.22805659607,-21.755526238387,-24.5348472711898));
#6224=CARTESIAN_POINT('Ctrl Pts',(17.3417868299558,-22.3142935692773,-24.9866250705624));
#6225=CARTESIAN_POINT('Ctrl Pts',(17.4117293253712,-22.6579276245653,-25.2644620676542));
#6226=CARTESIAN_POINT('Ctrl Pts',(17.4771852866972,-23.002993033216,-25.5419999354339));
#6227=CARTESIAN_POINT('Ctrl Pts',(17.5381524312176,-23.349426884815,-25.8192785844952));
#6228=CARTESIAN_POINT('Ctrl Pts',(17.662080537802,-24.0536240654954,-26.382903767284));
#6229=CARTESIAN_POINT('Ctrl Pts',(17.7673573690131,-24.7628973833742,-26.9449925227767));
#6230=CARTESIAN_POINT('Ctrl Pts',(17.8540079826697,-25.4761943022483,-27.5054315295253));
#6231=CARTESIAN_POINT('Ctrl Pts',(17.8809679279635,-25.698125170359,-27.6798031158868));
#6232=CARTESIAN_POINT('Ctrl Pts',(17.9061249982696,-25.9204457623851,-27.8540152157324));
#6233=CARTESIAN_POINT('Ctrl Pts',(17.929480543675,-26.1431249788724,-28.0280649889058));
#6234=CARTESIAN_POINT('Ctrl Pts',(18.002170407023,-26.8361733121875,-28.5697630742256));
#6235=CARTESIAN_POINT('Ctrl Pts',(18.0574012628461,-27.5326637596675,-29.1098631020141));
#6236=CARTESIAN_POINT('Ctrl Pts',(18.0951165874184,-28.2316581612198,-29.6481732581036));
#6237=CARTESIAN_POINT('Ctrl Pts',(18.1335457767265,-28.9438829262771,-30.1966723928568));
#6238=CARTESIAN_POINT('Ctrl Pts',(18.1537900330586,-29.6587073365222,-30.7433135085986));
#6239=CARTESIAN_POINT('Ctrl Pts',(18.1558323655684,-30.3751346296744,-31.2879267911913));
#6240=CARTESIAN_POINT('Ctrl Pts',(18.1571992876588,-30.8546355378086,-31.6524335123634));
#6241=CARTESIAN_POINT('Ctrl Pts',(18.1504134371567,-31.3348543896156,-32.0160325368191));
#6242=CARTESIAN_POINT('Ctrl Pts',(18.1354805026685,-31.8154911015239,-32.3786801024273));
#6243=CARTESIAN_POINT('Ctrl Pts',(12.5113926019092,-14.5417042867049,-22.2396108770523));
#6244=CARTESIAN_POINT('Ctrl Pts',(12.9882699305331,-14.9241932905869,-21.6386461450648));
#6245=CARTESIAN_POINT('Ctrl Pts',(13.5395935948982,-15.2267761303884,-21.0493086416205));
#6246=CARTESIAN_POINT('Ctrl Pts',(14.5369585132515,-15.5695767886949,-20.1226823556707));
#6247=CARTESIAN_POINT('Ctrl Pts',(14.9462651792215,-15.6643911189111,-19.7735174015949));
#6248=CARTESIAN_POINT('Ctrl Pts',(15.3714306074657,-15.7179985316622,-19.4379235132796));
#6249=CARTESIAN_POINT('Ctrl Pts',(18.1354803550515,-31.8154908197666,-32.37867966));
#6250=CARTESIAN_POINT('Ctrl Pts',(17.4682287942117,-31.5530591295101,-32.9371062926339));
#6251=CARTESIAN_POINT('Ctrl Pts',(16.8440717187936,-31.2301977736685,-33.5184796398716));
#6252=CARTESIAN_POINT('Ctrl Pts',(15.3714183758903,-30.2616633409611,-35.0621332393077));
#6253=CARTESIAN_POINT('Ctrl Pts',(14.6063454191882,-29.5430666300949,-36.0439429177018));
#6254=CARTESIAN_POINT('Ctrl Pts',(13.9960793717658,-28.726197762977,-37.0455844143628));
#6255=CARTESIAN_POINT('Origin',(0.,0.,-34.7121320371814));
#6256=CARTESIAN_POINT('Origin',(0.,0.,-32.37867966));
#6257=CARTESIAN_POINT('Origin',(0.,0.,-20.8387671951659));
#6258=CARTESIAN_POINT('Origin',(0.,0.,-19.4379235132796));
#6259=CARTESIAN_POINT('Origin',(0.,0.,-25.9083015866398));
#6260=CARTESIAN_POINT('Origin',(0.,0.,-25.9083015866398));
#6261=CARTESIAN_POINT('',(11.0046015279213,-34.9287825299249,-32.37867966));
#6262=CARTESIAN_POINT('',(11.7056967935289,-18.6094873475719,-19.4379235132796));
#6263=CARTESIAN_POINT('Ctrl Pts',(11.004598297305,-34.9287830512361,-32.3786803947289));
#6264=CARTESIAN_POINT('Ctrl Pts',(11.1582366699564,-34.3489790678174,-31.9305560438808));
#6265=CARTESIAN_POINT('Ctrl Pts',(11.2983720234943,-33.7670544808331,-31.4807388023394));
#6266=CARTESIAN_POINT('Ctrl Pts',(11.4249355181374,-33.1835694915419,-31.0293513067209));
#6267=CARTESIAN_POINT('Ctrl Pts',(11.5514482894742,-32.6003183476248,-30.5781447152899));
#6268=CARTESIAN_POINT('Ctrl Pts',(11.6644000297276,-32.0155079861603,-30.1253690271666));
#6269=CARTESIAN_POINT('Ctrl Pts',(11.7637177523857,-31.4297436236431,-29.6711220731851));
#6270=CARTESIAN_POINT('Ctrl Pts',(11.8631132835856,-30.8435203554077,-29.2165192482461));
#6271=CARTESIAN_POINT('Ctrl Pts',(11.9488534022202,-30.2563415364543,-28.7604427396579));
#6272=CARTESIAN_POINT('Ctrl Pts',(12.0208612530754,-29.668860491391,-28.3029674960351));
#6273=CARTESIAN_POINT('Ctrl Pts',(12.0312398158796,-29.5841862669827,-28.2370311364448));
#6274=CARTESIAN_POINT('Ctrl Pts',(12.0413331021212,-29.4995058440323,-28.1710656824648));
#6275=CARTESIAN_POINT('Ctrl Pts',(12.051140875686,-29.4148212594706,-28.1050713211715));
#6276=CARTESIAN_POINT('Ctrl Pts',(12.1225194606488,-28.7985074983284,-27.6247804484779));
#6277=CARTESIAN_POINT('Ctrl Pts',(12.1787795003413,-28.1819426024752,-27.1429591943001));
#6278=CARTESIAN_POINT('Ctrl Pts',(12.2197694779173,-27.5658685204195,-26.6596880425551));
#6279=CARTESIAN_POINT('Ctrl Pts',(12.2408463790356,-27.2490854120361,-26.4111917300159));
#6280=CARTESIAN_POINT('Ctrl Pts',(12.2578861644141,-26.9324328043775,-26.1623117187861));
#6281=CARTESIAN_POINT('Ctrl Pts',(12.2708699864761,-26.6160162076068,-25.9130569237027));
#6282=CARTESIAN_POINT('Ctrl Pts',(12.2940980289008,-26.0499472874886,-25.4671403879483));
#6283=CARTESIAN_POINT('Ctrl Pts',(12.3043395956231,-25.4847966015473,-25.0201537580874));
#6284=CARTESIAN_POINT('Ctrl Pts',(12.3015203591437,-24.9210150767813,-24.5720623334538));
#6285=CARTESIAN_POINT('Ctrl Pts',(12.2997095573282,-24.5588969586234,-24.2842522220486));
#6286=CARTESIAN_POINT('Ctrl Pts',(12.2925101219089,-24.1973445719508,-23.9959859129393));
#6287=CARTESIAN_POINT('Ctrl Pts',(12.2798987913478,-23.8364874605833,-23.7072503129005));
#6288=CARTESIAN_POINT('Ctrl Pts',(12.2626353526822,-23.3425162194905,-23.3120049977719));
#6289=CARTESIAN_POINT('Ctrl Pts',(12.2352278297307,-22.8498700119937,-22.9158643476756));
#6290=CARTESIAN_POINT('Ctrl Pts',(12.1976565556558,-22.3588268388581,-22.5188070696456));
#6291=CARTESIAN_POINT('Ctrl Pts',(12.1602151172938,-21.8694805722561,-22.1231219094376));
#6292=CARTESIAN_POINT('Ctrl Pts',(12.1126798802901,-21.3817261023386,-21.7265262462805));
#6293=CARTESIAN_POINT('Ctrl Pts',(12.0550121559547,-20.8958835686256,-21.3289826917569));
#6294=CARTESIAN_POINT('Ctrl Pts',(11.9977503289435,-20.4134606632525,-20.9342372685435));
#6295=CARTESIAN_POINT('Ctrl Pts',(11.9304979459253,-19.9329227254417,-20.5385570393193));
#6296=CARTESIAN_POINT('Ctrl Pts',(11.8532009508888,-19.4546300280877,-20.1418923614508));
#6297=CARTESIAN_POINT('Ctrl Pts',(11.8075418931019,-19.1721042468821,-19.9075839586434));
#6298=CARTESIAN_POINT('Ctrl Pts',(11.7583777534729,-18.8903627784208,-19.6729318278798));
#6299=CARTESIAN_POINT('Ctrl Pts',(11.7056951667268,-18.6094879722772,-19.4379240340109));
#6300=CARTESIAN_POINT('',(10.5607510103025,-19.2822948546034,-19.4379235132796));
#6301=CARTESIAN_POINT('Origin',(0.,0.,-19.4379235132796));
#6302=CARTESIAN_POINT('',(8.87925085228655,-35.528580158983,-32.37867966));
#6303=CARTESIAN_POINT('Ctrl Pts',(10.5607510113882,-19.2822948537005,-19.4379235136932));
#6304=CARTESIAN_POINT('Ctrl Pts',(10.6171325206923,-19.801380175896,-19.864399105793));
#6305=CARTESIAN_POINT('Ctrl Pts',(10.6625921055696,-20.321769657121,-20.2896941363024));
#6306=CARTESIAN_POINT('Ctrl Pts',(10.6972200405969,-20.8432479639013,-20.7138925484973));
#6307=CARTESIAN_POINT('Ctrl Pts',(10.7318952069167,-21.3654375488571,-21.1386695524933));
#6308=CARTESIAN_POINT('Ctrl Pts',(10.7557093433908,-21.8887191772282,-21.5623470964978));
#6309=CARTESIAN_POINT('Ctrl Pts',(10.7687157648333,-22.4128872488366,-21.9850445233936));
#6310=CARTESIAN_POINT('Ctrl Pts',(10.7817349024671,-22.9375677920311,-22.4081552154853));
#6311=CARTESIAN_POINT('Ctrl Pts',(10.7839253432125,-23.4631367719953,-22.8302840250493));
#6312=CARTESIAN_POINT('Ctrl Pts',(10.7753005610962,-23.9893948234214,-23.2515834610111));
#6313=CARTESIAN_POINT('Ctrl Pts',(10.7727252373141,-24.1465332713307,-23.3773817063636));
#6314=CARTESIAN_POINT('Ctrl Pts',(10.7691853548973,-24.3037331881287,-23.5031062186515));
#6315=CARTESIAN_POINT('Ctrl Pts',(10.7646805507258,-24.4609893301276,-23.6287615935334));
#6316=CARTESIAN_POINT('Ctrl Pts',(10.7484217845267,-25.0285591397707,-24.082277725214));
#6317=CARTESIAN_POINT('Ctrl Pts',(10.7196224322413,-25.5968481188985,-24.5348483233194));
#6318=CARTESIAN_POINT('Ctrl Pts',(10.6783814811482,-26.1655798016087,-24.9866267996708));
#6319=CARTESIAN_POINT('Ctrl Pts',(10.6530189877071,-26.5153402506318,-25.2644629877211));
#6320=CARTESIAN_POINT('Ctrl Pts',(10.622950186274,-26.865268520782,-25.5420000504458));
#6321=CARTESIAN_POINT('Ctrl Pts',(10.5881898528738,-27.2153034220874,-25.8192779024943));
#6322=CARTESIAN_POINT('Ctrl Pts',(10.5175313742319,-27.9268309357346,-26.3829097572658));
#6323=CARTESIAN_POINT('Ctrl Pts',(10.4275432847511,-28.6382143033091,-26.9450051754524));
#6324=CARTESIAN_POINT('Ctrl Pts',(10.3185337046991,-29.3484467675785,-27.5054508669222));
#6325=CARTESIAN_POINT('Ctrl Pts',(10.2846188388863,-29.5694130231137,-27.6798157292808));
#6326=CARTESIAN_POINT('Ctrl Pts',(10.2488629517041,-29.7902681514466,-27.8540211233563));
#6327=CARTESIAN_POINT('Ctrl Pts',(10.2112757328681,-30.0109825747284,-28.0280642103426));
#6328=CARTESIAN_POINT('Ctrl Pts',(10.0942897763148,-30.6979311900371,-28.5697535835682));
#6329=CARTESIAN_POINT('Ctrl Pts',(9.9595641663099,-31.3834839766531,-29.1098450193349));
#6330=CARTESIAN_POINT('Ctrl Pts',(9.80729755607108,-32.0667223274853,-29.6481466545982));
#6331=CARTESIAN_POINT('Ctrl Pts',(9.65214925135006,-32.7628911834528,-30.1966358211244));
#6332=CARTESIAN_POINT('Ctrl Pts',(9.47878965780369,-33.4566571588133,-30.7432670512241));
#6333=CARTESIAN_POINT('Ctrl Pts',(9.28747130123952,-34.1470558923458,-31.2878704819363));
#6334=CARTESIAN_POINT('Ctrl Pts',(9.1594140090137,-34.6091683313194,-31.6523960921618));
#6335=CARTESIAN_POINT('Ctrl Pts',(9.0233117325622,-35.0697723484485,-32.0160138938445));
#6336=CARTESIAN_POINT('Ctrl Pts',(8.87925091815003,-35.5285804697781,-32.378680101763));
#6337=CARTESIAN_POINT('Origin',(0.,0.,-32.37867966));
#6338=CARTESIAN_POINT('Origin',(0.,0.,-20.8387671951659));
#6339=CARTESIAN_POINT('Ctrl Pts',(11.7056967935289,-18.6094873475719,-19.4379235132796));
#6340=CARTESIAN_POINT('Ctrl Pts',(11.7435141887673,-18.1866210985466,-19.7757299661414));
#6341=CARTESIAN_POINT('Ctrl Pts',(11.7409403535021,-17.769667782897,-20.1255537249021));
#6342=CARTESIAN_POINT('Ctrl Pts',(11.6316147368865,-16.7259941531076,-21.0522050815332));
#6343=CARTESIAN_POINT('Ctrl Pts',(11.4663476790108,-16.1212971089369,-21.6400014768364));
#6344=CARTESIAN_POINT('Ctrl Pts',(11.2079336398101,-15.5685044858744,-22.2396108770523));
#6345=CARTESIAN_POINT('Ctrl Pts',(8.12413136150047,-17.3779917718407,-22.2396108770523));
#6346=CARTESIAN_POINT('Ctrl Pts',(8.48013048692623,-17.8749570093999,-21.6386461450648));
#6347=CARTESIAN_POINT('Ctrl Pts',(8.92937370108137,-18.3150646012077,-21.0493086416205));
#6348=CARTESIAN_POINT('Ctrl Pts',(9.79726711199639,-18.9142391158422,-20.1226823556707));
#6349=CARTESIAN_POINT('Ctrl Pts',(10.1658149763338,-19.1159670903874,-19.773517401595));
#6350=CARTESIAN_POINT('Ctrl Pts',(10.5607510103025,-19.2822948546034,-19.4379235132796));
#6351=CARTESIAN_POINT('Origin',(0.,0.,-34.7121320371814));
#6352=CARTESIAN_POINT('Ctrl Pts',(11.4581894715943,-29.8294245625268,-37.0455844143628));
#6353=CARTESIAN_POINT('Ctrl Pts',(11.6436655698438,-30.8280487278593,-36.0468615809549));
#6354=CARTESIAN_POINT('Ctrl Pts',(11.658343737838,-31.8707252993417,-35.0674968066015));
#6355=CARTESIAN_POINT('Ctrl Pts',(11.4039311875141,-33.5945787514221,-33.5239917695277));
#6356=CARTESIAN_POINT('Ctrl Pts',(11.2374011543399,-34.2652210309963,-32.9416175325205));
#6357=CARTESIAN_POINT('Ctrl Pts',(11.0046015279213,-34.9287825299249,-32.37867966));
#6358=CARTESIAN_POINT('Ctrl Pts',(8.87925085228655,-35.528580158983,-32.37867966));
#6359=CARTESIAN_POINT('Ctrl Pts',(8.30754601202452,-35.0958578310231,-32.9371062926339));
#6360=CARTESIAN_POINT('Ctrl Pts',(7.7936413254215,-34.6165734864241,-33.5184796398716));
#6361=CARTESIAN_POINT('Ctrl Pts',(6.63690542596826,-33.2866378208296,-35.0621332393077));
#6362=CARTESIAN_POINT('Ctrl Pts',(6.09407852223326,-32.3882744118875,-36.0439429177018));
#6363=CARTESIAN_POINT('Ctrl Pts',(5.72683137809592,-31.4370494491021,-37.0455844143628));
#6364=CARTESIAN_POINT('Ctrl Pts',(8.84529775428335,-35.6332770265901,-32.4626302524857));
#6365=CARTESIAN_POINT('Ctrl Pts',(9.45435121085584,-33.7637256584505,-30.9632767366794));
#6366=CARTESIAN_POINT('Ctrl Pts',(10.3800708949339,-30.0135682913112,-27.9845646282506));
#6367=CARTESIAN_POINT('Ctrl Pts',(10.9212500578194,-24.5193596778018,-23.6460967391804));
#6368=CARTESIAN_POINT('Ctrl Pts',(10.7595275522559,-20.9803581012504,-20.8149909660281));
#6369=CARTESIAN_POINT('Ctrl Pts',(10.5617978759132,-19.2827770629649,-19.4370737036659));
#6370=CARTESIAN_POINT('Ctrl Pts',(7.38458815622081,-34.4308636293086,-33.8532969829698));
#6371=CARTESIAN_POINT('Ctrl Pts',(8.03909679722738,-32.6624342060959,-32.3049410121655));
#6372=CARTESIAN_POINT('Ctrl Pts',(9.06370192768085,-29.0988786212949,-29.2184900394268));
#6373=CARTESIAN_POINT('Ctrl Pts',(9.75384482470898,-23.8440173061106,-24.6921649211792));
#6374=CARTESIAN_POINT('Ctrl Pts',(9.68734069730784,-20.4431029408633,-21.7209826052268));
#6375=CARTESIAN_POINT('Ctrl Pts',(9.53418845927483,-18.8095349271288,-20.2711628071637));
#6376=CARTESIAN_POINT('Ctrl Pts',(6.31114584084375,-32.9817739980671,-35.4354627162379));
#6377=CARTESIAN_POINT('Ctrl Pts',(6.98734502993553,-31.3142431853348,-33.8259649669065));
#6378=CARTESIAN_POINT('Ctrl Pts',(8.06404810577354,-27.9414459581187,-30.6101555698578));
#6379=CARTESIAN_POINT('Ctrl Pts',(8.83532861625891,-22.9408152480765,-25.8697330428787));
#6380=CARTESIAN_POINT('Ctrl Pts',(8.8216090439291,-19.6944227319305,-22.7460801296978));
#6381=CARTESIAN_POINT('Ctrl Pts',(8.69322045779177,-18.1342929480002,-21.2195373891603));
#6382=CARTESIAN_POINT('Ctrl Pts',(5.71625677787018,-31.4092393026278,-37.0745794368569));
#6383=CARTESIAN_POINT('Ctrl Pts',(6.38884774347047,-29.8341437089309,-35.3973800337165));
#6384=CARTESIAN_POINT('Ctrl Pts',(7.46605330387479,-26.6395710112587,-32.0410772467711));
#6385=CARTESIAN_POINT('Ctrl Pts',(8.24387106170775,-21.8866949036101,-27.0787892768367));
#6386=CARTESIAN_POINT('Ctrl Pts',(8.23606502169,-18.797912069004,-23.8030669274469));
#6387=CARTESIAN_POINT('Ctrl Pts',(8.11041013127366,-17.3144739772556,-22.201547290692));
#6388=CARTESIAN_POINT('Ctrl Pts',(11.4581894715859,-29.8294245625024,-37.0455844144061));
#6389=CARTESIAN_POINT('Ctrl Pts',(11.8319719616569,-28.1548778651833,-35.3937338706486));
#6390=CARTESIAN_POINT('Ctrl Pts',(12.3057853560434,-24.8067299293516,-32.0729298296596));
#6391=CARTESIAN_POINT('Ctrl Pts',(12.1896568366643,-19.98397540266,-27.1139199417455));
#6392=CARTESIAN_POINT('Ctrl Pts',(11.5998447699147,-16.9500850063144,-23.8075504631013));
#6393=CARTESIAN_POINT('Ctrl Pts',(11.19341491875,-15.5172300842346,-22.1818365990707));
#6394=CARTESIAN_POINT('Ctrl Pts',(11.7642908793697,-31.4954675535834,-35.3955796475907));
#6395=CARTESIAN_POINT('Ctrl Pts',(12.1581192812984,-29.737254463371,-33.8185296671349));
#6396=CARTESIAN_POINT('Ctrl Pts',(12.6653033540412,-26.2224133710068,-30.6481838246143));
#6397=CARTESIAN_POINT('Ctrl Pts',(12.5906236027641,-21.1528220667594,-25.9128863988658));
#6398=CARTESIAN_POINT('Ctrl Pts',(12.0216775097957,-17.9518082620409,-22.750952819444));
#6399=CARTESIAN_POINT('Ctrl Pts',(11.6236256857974,-16.4354798242351,-21.1942469893297));
#6400=CARTESIAN_POINT('Ctrl Pts',(11.5904734135558,-33.3061300123983,-33.8043198714834));
#6401=CARTESIAN_POINT('Ctrl Pts',(12.0317621893784,-31.4720088619205,-32.3039252629862));
#6402=CARTESIAN_POINT('Ctrl Pts',(12.6262853640734,-27.8002306711145,-29.2847085698216));
#6403=CARTESIAN_POINT('Ctrl Pts',(12.6690094609039,-22.4870011467516,-24.7653530294755));
#6404=CARTESIAN_POINT('Ctrl Pts',(12.1668858462094,-19.1141778494584,-21.7369071834722));
#6405=CARTESIAN_POINT('Ctrl Pts',(11.7983016919543,-17.5106987998943,-20.2422962192079));
#6406=CARTESIAN_POINT('Ctrl Pts',(10.951723520662,-35.105297615373,-32.4090026307554));
#6407=CARTESIAN_POINT('Ctrl Pts',(11.4635569491008,-33.2093152255383,-30.980419913029));
#6408=CARTESIAN_POINT('Ctrl Pts',(12.1921426161353,-29.4041960611914,-28.100059645508));
#6409=CARTESIAN_POINT('Ctrl Pts',(12.4180099622936,-23.8714470392212,-23.7702697160143));
#6410=CARTESIAN_POINT('Ctrl Pts',(12.0228622354068,-20.3368619487421,-20.8527390483571));
#6411=CARTESIAN_POINT('Ctrl Pts',(11.7023824678255,-18.6501822211714,-19.4080609617097));
#6412=CARTESIAN_POINT('Ctrl Pts',(2.98540629146147,-31.8146511056099,-37.0455844144061));
#6413=CARTESIAN_POINT('Ctrl Pts',(3.79711520494709,-30.3030464512264,-35.3937338706486));
#6414=CARTESIAN_POINT('Ctrl Pts',(5.1566796460056,-27.2068912495124,-32.0729309651684));
#6415=CARTESIAN_POINT('Ctrl Pts',(6.34602060408385,-22.531645570784,-27.1139202772814));
#6416=CARTESIAN_POINT('Ctrl Pts',(6.59661285396106,-19.4511305394405,-23.8075504631013));
#6417=CARTESIAN_POINT('Ctrl Pts',(6.59183415569402,-17.9617563031624,-22.1818365990707));
#6418=CARTESIAN_POINT('Ctrl Pts',(2.83066360909553,-33.5014978746531,-35.3955796475907));
#6419=CARTESIAN_POINT('Ctrl Pts',(3.68424800030656,-31.9147377264768,-33.8185296671349));
#6420=CARTESIAN_POINT('Ctrl Pts',(5.12091891985134,-28.6670741039269,-30.6481849601231));
#6421=CARTESIAN_POINT('Ctrl Pts',(6.41676737886161,-23.7653277687391,-25.9128867344017));
#6422=CARTESIAN_POINT('Ctrl Pts',(6.73254119157384,-20.5295162907061,-22.750952819444));
#6423=CARTESIAN_POINT('Ctrl Pts',(6.75835072551923,-18.9620243277779,-21.1942469893297));
#6424=CARTESIAN_POINT('Ctrl Pts',(2.17478088137681,-35.1981206667504,-33.8043198714833));
#6425=CARTESIAN_POINT('Ctrl Pts',(3.0945454366387,-33.5510719907299,-32.3039252629862));
#6426=CARTESIAN_POINT('Ctrl Pts',(4.65765669844311,-30.1758528054496,-29.2847090138663));
#6427=CARTESIAN_POINT('Ctrl Pts',(6.13228853542384,-25.0711788568448,-24.7653526542817));
#6428=CARTESIAN_POINT('Ctrl Pts',(6.55876124739731,-21.6879588010273,-21.7369071834722));
#6429=CARTESIAN_POINT('Ctrl Pts',(6.63645866361292,-20.0444982895843,-20.2422962192079));
#6430=CARTESIAN_POINT('Ctrl Pts',(1.07430795716494,-36.7582375958112,-32.4090026307554));
#6431=CARTESIAN_POINT('Ctrl Pts',(2.07869114059909,-35.0706543824954,-30.9804199130289));
#6432=CARTESIAN_POINT('Ctrl Pts',(3.80686845798646,-31.6032084962473,-28.1000600895527));
#6433=CARTESIAN_POINT('Ctrl Pts',(5.5170777474664,-26.3365668858143,-23.7702693408206));
#6434=CARTESIAN_POINT('Ctrl Pts',(6.09020220063743,-22.8264453520279,-20.8527390483571));
#6435=CARTESIAN_POINT('Ctrl Pts',(6.23666743666277,-21.1158478776164,-19.4080609617097));
#6436=CARTESIAN_POINT('',(1.17284830458978,-36.6025344841793,-32.37867966));
#6437=CARTESIAN_POINT('',(6.25083820367829,-21.0775562746943,-19.4379235132796));
#6438=CARTESIAN_POINT('Ctrl Pts',(1.17284505351988,-36.6025341140431,-32.3786803949716));
#6439=CARTESIAN_POINT('Ctrl Pts',(1.47721403749133,-36.0856841875415,-31.9305579723261));
#6440=CARTESIAN_POINT('Ctrl Pts',(1.76915300316958,-35.5631492301651,-31.4807426939457));
#6441=CARTESIAN_POINT('Ctrl Pts',(2.04844450963263,-35.0354501088669,-31.0293571810572));
#6442=CARTESIAN_POINT('Ctrl Pts',(2.32762416839202,-34.5079623149222,-30.5781524342569));
#6443=CARTESIAN_POINT('Ctrl Pts',(2.59416646678632,-33.9753144160395,-30.1253786093651));
#6444=CARTESIAN_POINT('Ctrl Pts',(2.84783782557356,-33.4380695067628,-29.6711335219447));
#6445=CARTESIAN_POINT('Ctrl Pts',(3.10170801454915,-32.9004034994676,-29.2165323926096));
#6446=CARTESIAN_POINT('Ctrl Pts',(3.3426870708121,-32.3581332138387,-28.760457581845));
#6447=CARTESIAN_POINT('Ctrl Pts',(3.57052470993663,-31.8118670253843,-28.3029840230057));
#6448=CARTESIAN_POINT('Ctrl Pts',(3.6033660039376,-31.7331263547613,-28.2370422247092));
#6449=CARTESIAN_POINT('Ctrl Pts',(3.63593422718597,-31.6543027352435,-28.1710713267378));
#6450=CARTESIAN_POINT('Ctrl Pts',(3.66822860252159,-31.5753980650546,-28.1050715161701));
#6451=CARTESIAN_POINT('Ctrl Pts',(3.90323992874082,-31.0011961802598,-27.6247803555414));
#6452=CARTESIAN_POINT('Ctrl Pts',(4.12376106358523,-30.4226735547231,-27.1429587845955));
#6453=CARTESIAN_POINT('Ctrl Pts',(4.32944593470138,-29.8405037510589,-26.6596873045964));
#6454=CARTESIAN_POINT('Ctrl Pts',(4.43520818506118,-29.5411546147179,-26.4111912485566));
#6455=CARTESIAN_POINT('Ctrl Pts',(4.53704782186612,-29.2408419481704,-26.1623114921096));
#6456=CARTESIAN_POINT('Ctrl Pts',(4.63491823056343,-28.9396622643397,-25.9130569524483));
#6457=CARTESIAN_POINT('Ctrl Pts',(4.81000851349501,-28.4008514352336,-25.4671402708673));
#6458=CARTESIAN_POINT('Ctrl Pts',(4.97234613649132,-27.8594211036346,-25.0201534940433));
#6459=CARTESIAN_POINT('Ctrl Pts',(5.12173787101446,-27.3157854259335,-24.572061935139));
#6460=CARTESIAN_POINT('Ctrl Pts',(5.21769245760206,-26.9666072275908,-24.2842519004988));
#6461=CARTESIAN_POINT('Ctrl Pts',(5.30830560100044,-26.6165199582916,-23.9959856739116));
#6462=CARTESIAN_POINT('Ctrl Pts',(5.39351995222421,-26.2656420830921,-23.7072501658868));
#6463=CARTESIAN_POINT('Ctrl Pts',(5.51016862713594,-25.7853305086909,-23.3120043660025));
#6464=CARTESIAN_POINT('Ctrl Pts',(5.61669186356614,-25.3035580113135,-22.9158632462016));
#6465=CARTESIAN_POINT('Ctrl Pts',(5.71299572928072,-24.8205869589477,-22.5188055047086));
#6466=CARTESIAN_POINT('Ctrl Pts',(5.80896680623804,-24.3392848669617,-22.1231198405604));
#6467=CARTESIAN_POINT('Ctrl Pts',(5.89478890083957,-23.8567922717148,-21.7265236794676));
#6468=CARTESIAN_POINT('Ctrl Pts',(5.97033839533939,-23.373406985478,-21.3289796240751));
#6469=CARTESIAN_POINT('Ctrl Pts',(6.04535613541587,-22.89342400214,-20.9342336788663));
#6470=CARTESIAN_POINT('Ctrl Pts',(6.11024521856405,-22.412560651952,-20.5385529246362));
#6471=CARTESIAN_POINT('Ctrl Pts',(6.16485640151594,-21.9311492466184,-20.1418877097985));
#6472=CARTESIAN_POINT('Ctrl Pts',(6.19711477441815,-21.6467835216291,-19.9075808567709));
#6473=CARTESIAN_POINT('Ctrl Pts',(6.22578649168558,-21.3622273570152,-19.6729302770854));
#6474=CARTESIAN_POINT('Ctrl Pts',(6.25083646865892,-21.077556437328,-19.4379240340109));
#6475=CARTESIAN_POINT('Ctrl Pts',(2.98540629146298,-31.8146511056357,-37.0455844143628));
#6476=CARTESIAN_POINT('Ctrl Pts',(2.8945788574511,-32.8262844304321,-36.0468615809549));
#6477=CARTESIAN_POINT('Ctrl Pts',(2.62740194681225,-33.8342558485564,-35.0674968066015));
#6478=CARTESIAN_POINT('Ctrl Pts',(1.91733360866799,-35.4255444537996,-33.5239917695277));
#6479=CARTESIAN_POINT('Ctrl Pts',(1.57604183923144,-36.0263882331769,-32.9416175325205));
#6480=CARTESIAN_POINT('Ctrl Pts',(1.17284830458978,-36.6025344841793,-32.37867966));
#6481=CARTESIAN_POINT('Ctrl Pts',(6.25083820367829,-21.0775562746943,-19.4379235132796));
#6482=CARTESIAN_POINT('Ctrl Pts',(6.40134117593406,-20.6805740644009,-19.7757299661414));
#6483=CARTESIAN_POINT('Ctrl Pts',(6.51135544374792,-20.2783880963008,-20.1255537249021));
#6484=CARTESIAN_POINT('Ctrl Pts',(6.68766369301772,-19.24392101746,-21.0522050815332));
#6485=CARTESIAN_POINT('Ctrl Pts',(6.69167049600559,-18.6170592614264,-21.6400014768364));
#6486=CARTESIAN_POINT('Ctrl Pts',(6.59198081518753,-18.0150464149632,-22.2396108770523));
#6487=CARTESIAN_POINT('Ctrl Pts',(-1.09645296817966,-36.6983312277849,-32.4626302524857));
#6488=CARTESIAN_POINT('Ctrl Pts',(-0.00558594329080203,-35.0624285518638,
-30.9632767366794));
#6489=CARTESIAN_POINT('Ctrl Pts',(1.89758556952346,-31.701092557544,-27.984563272263));
#6490=CARTESIAN_POINT('Ctrl Pts',(3.90101619281054,-26.5566333428628,-23.646096578071));
#6491=CARTESIAN_POINT('Ctrl Pts',(4.70010221032667,-23.1052353032151,-20.8149909660281));
#6492=CARTESIAN_POINT('Ctrl Pts',(4.9677067696614,-21.417258346537,-19.4370737036659));
#6493=CARTESIAN_POINT('Ctrl Pts',(-2.17858823976645,-35.1464118478487,-33.8532969829698));
#6494=CARTESIAN_POINT('Ctrl Pts',(-1.07123400622083,-33.6201449028206,-32.3049410121655));
#6495=CARTESIAN_POINT('Ctrl Pts',(0.876811454008434,-30.4651699647107,-29.2184886834392));
#6496=CARTESIAN_POINT('Ctrl Pts',(2.95910670381607,-25.5913723357579,-24.6921647600698));
#6497=CARTESIAN_POINT('Ctrl Pts',(3.81262465999003,-22.2986304700196,-21.7209826052268));
#6498=CARTESIAN_POINT('Ctrl Pts',(4.10588309796299,-20.6843196102195,-20.2711628071638));
#6499=CARTESIAN_POINT('Ctrl Pts',(-2.82126469858758,-33.4614471202977,-35.4354627162379));
#6500=CARTESIAN_POINT('Ctrl Pts',(-1.7202463806405,-32.0381892314085,-33.8259649669065));
#6501=CARTESIAN_POINT('Ctrl Pts',(0.226500260760958,-29.0809565982072,-30.6101558968554));
#6502=CARTESIAN_POINT('Ctrl Pts',(2.31833347595926,-24.4738513913157,-25.8697333648455));
#6503=CARTESIAN_POINT('Ctrl Pts',(3.18098818774668,-21.344141749373,-22.7460801296978));
#6504=CARTESIAN_POINT('Ctrl Pts',(3.47827857694719,-19.8072269839271,-21.2195373891603));
#6505=CARTESIAN_POINT('Ctrl Pts',(-2.96982887801703,-31.786727128718,-37.0745794368569));
#6506=CARTESIAN_POINT('Ctrl Pts',(-1.89722370448349,-30.4515032231503,-35.3973800337166));
#6507=CARTESIAN_POINT('Ctrl Pts',(0.00192238538156133,-27.6660216391898,
-32.0410775737688));
#6508=CARTESIAN_POINT('Ctrl Pts',(2.03320703729747,-23.2992473501897,-27.0787895988035));
#6509=CARTESIAN_POINT('Ctrl Pts',(2.8590334083949,-20.322898247179,-23.8030669274469));
#6510=CARTESIAN_POINT('Ctrl Pts',(3.13826494953827,-18.8605687802099,-22.201547290692));
#6511=CARTESIAN_POINT('',(4.96682882292637,-21.416511578808,-19.4379235132796));
#6512=CARTESIAN_POINT('',(-1.0355120663227,-36.6066772402469,-32.37867966));
#6513=CARTESIAN_POINT('Ctrl Pts',(4.96682882421537,-21.4165115782315,-19.4379235136932));
#6514=CARTESIAN_POINT('Ctrl Pts',(4.88107210218325,-21.9315588060687,-19.8643986489876));
#6515=CARTESIAN_POINT('Ctrl Pts',(4.78444662575485,-22.444915136308,-20.2896932177734));
#6516=CARTESIAN_POINT('Ctrl Pts',(4.67709742192528,-22.9563975724977,-20.7138911611801));
#6517=CARTESIAN_POINT('Ctrl Pts',(4.56960178081245,-23.4685777325244,-21.1386677618305));
#6518=CARTESIAN_POINT('Ctrl Pts',(4.4513532503247,-23.9788791698267,-21.5623448950635));
#6519=CARTESIAN_POINT('Ctrl Pts',(4.32245864225565,-24.4871182888048,-21.98504190159));
#6520=CARTESIAN_POINT('Ctrl Pts',(4.19343798400699,-24.995854431151,-22.4081522771038));
#6521=CARTESIAN_POINT('Ctrl Pts',(4.05375050131491,-25.5025245129198,-22.8302807599888));
#6522=CARTESIAN_POINT('Ctrl Pts',(3.90346296045217,-26.0069401933078,-23.2515798570467));
#6523=CARTESIAN_POINT('Ctrl Pts',(3.85858730212757,-26.1575580395824,-23.3773792029106));
#6524=CARTESIAN_POINT('Ctrl Pts',(3.81276625288901,-26.3079748359547,-23.5031048132105));
#6525=CARTESIAN_POINT('Ctrl Pts',(3.76600087794086,-26.4581854349739,-23.6287612836808));
#6526=CARTESIAN_POINT('Ctrl Pts',(3.59721619882092,-27.0003225991466,-24.0822781660153));
#6527=CARTESIAN_POINT('Ctrl Pts',(3.41616190202124,-27.5397688299082,-24.5348494958437));
#6528=CARTESIAN_POINT('Ctrl Pts',(3.22300789632876,-28.0762846336881,-24.9866287069136));
#6529=CARTESIAN_POINT('Ctrl Pts',(3.10422198901046,-28.4062312807385,-25.2644640192184));
#6530=CARTESIAN_POINT('Ctrl Pts',(2.98085904800339,-28.7350697854732,-25.5420002101758));
#6531=CARTESIAN_POINT('Ctrl Pts',(2.85294981036452,-29.0627452174151,-25.819277198827));
#6532=CARTESIAN_POINT('Ctrl Pts',(2.59294033615538,-29.7288325019865,-26.3829162710342));
#6533=CARTESIAN_POINT('Ctrl Pts',(2.31435646430899,-30.3895657950524,-26.9450188952373));
#6534=CARTESIAN_POINT('Ctrl Pts',(2.01776653430347,-31.0440587956598,-27.5054718152279));
#6535=CARTESIAN_POINT('Ctrl Pts',(1.92549704485213,-31.2476723674841,-27.6798294031207));
#6536=CARTESIAN_POINT('Ctrl Pts',(1.83148493305462,-31.4506822846521,-27.8540275423236));
#6537=CARTESIAN_POINT('Ctrl Pts',(1.73574750724257,-31.6530626844262,-28.0280633954925));
#6538=CARTESIAN_POINT('Ctrl Pts',(1.43776830226455,-32.2829642105672,-28.5697435662834));
#6539=CARTESIAN_POINT('Ctrl Pts',(1.12308445243277,-32.9067358241311,-29.109825926942));
#6540=CARTESIAN_POINT('Ctrl Pts',(0.792135045742905,-33.523546582852,-29.6481185626975));
#6541=CARTESIAN_POINT('Ctrl Pts',(0.454923148137625,-34.1520291309611,-30.1965972047523));
#6542=CARTESIAN_POINT('Ctrl Pts',(0.100824227705949,-34.7732848631218,-30.7432179979993));
#6543=CARTESIAN_POINT('Ctrl Pts',(-0.269658416040065,-35.3864533220799,
-31.2878110278042));
#6544=CARTESIAN_POINT('Ctrl Pts',(-0.517656082673661,-35.7969026363511,
-31.6523565819251));
#6545=CARTESIAN_POINT('Ctrl Pts',(-0.77299424712028,-36.2037285621918,-32.0159942095595));
#6546=CARTESIAN_POINT('Ctrl Pts',(-1.03551208692013,-36.6066775568653,-32.3786801010633));
#6547=CARTESIAN_POINT('Ctrl Pts',(3.13434046343726,-18.9254331062816,-22.2396108770523));
#6548=CARTESIAN_POINT('Ctrl Pts',(3.34305855911968,-19.5000169393128,-21.6386461450648));
#6549=CARTESIAN_POINT('Ctrl Pts',(3.65690300902191,-20.0450085164008,-21.0493086416205));
#6550=CARTESIAN_POINT('Ctrl Pts',(4.33095722855927,-20.8561188546539,-20.1226823556707));
#6551=CARTESIAN_POINT('Ctrl Pts',(4.63141278216056,-21.1497992325002,-19.7735174015949));
#6552=CARTESIAN_POINT('Ctrl Pts',(4.96682882292637,-21.416511578808,-19.4379235132796));
#6553=CARTESIAN_POINT('Ctrl Pts',(-1.0355120663227,-36.6066772402469,-32.37867966));
#6554=CARTESIAN_POINT('Ctrl Pts',(-1.49965652098122,-35.9957612592173,-32.9762271199497));
#6555=CARTESIAN_POINT('Ctrl Pts',(-1.88554813603748,-35.3515565344614,-33.5998754627135));
#6556=CARTESIAN_POINT('Ctrl Pts',(-2.61447356695959,-33.7527325811306,-35.1496092244661));
#6557=CARTESIAN_POINT('Ctrl Pts',(-2.8744866496547,-32.7860949706385,-36.0886423796607));
#6558=CARTESIAN_POINT('Ctrl Pts',(-2.96714950037706,-31.816358992519,-37.0455844143628));
#6559=CARTESIAN_POINT('Origin',(0.,0.,-34.7121320371814));
#6560=CARTESIAN_POINT('Origin',(0.,0.,-32.37867966));
#6561=CARTESIAN_POINT('Origin',(0.,0.,-20.8387671951659));
#6562=CARTESIAN_POINT('Origin',(0.,0.,-19.4379235132796));
#6563=CARTESIAN_POINT('Origin',(0.,0.,-25.9083015866398));
#6564=CARTESIAN_POINT('Origin',(0.,0.,-25.9083015866398));
#6565=CARTESIAN_POINT('',(-8.74588971206912,-35.5616439011955,-32.37867966));
#6566=CARTESIAN_POINT('',(0.332383539942888,-21.9823992763266,-19.4379235132796));
#6567=CARTESIAN_POINT('Ctrl Pts',(-8.74589274287858,-35.561642667774,-32.3786803948951));
#6568=CARTESIAN_POINT('Ctrl Pts',(-8.31336557088377,-35.1460761555768,-31.9305573747095));
#6569=CARTESIAN_POINT('Ctrl Pts',(-7.89127371673252,-34.7216818365144,-31.4807414878507));
#6570=CARTESIAN_POINT('Ctrl Pts',(-7.47996708126012,-34.288902595033,-31.029355360388));
#6571=CARTESIAN_POINT('Ctrl Pts',(-7.06882520044394,-33.8562967093621,-30.5781500419856));
#6572=CARTESIAN_POINT('Ctrl Pts',(-6.66845990697976,-33.4153125359732,-30.1253756396972));
#6573=CARTESIAN_POINT('Ctrl Pts',(-6.27924803428483,-32.9664292668325,-29.6711299738934));
#6574=CARTESIAN_POINT('Ctrl Pts',(-5.88973113931199,-32.5171942114108,-29.2165283193405));
#6575=CARTESIAN_POINT('Ctrl Pts',(-5.51138514594243,-32.0600476156168,-28.7604529827164));
#6576=CARTESIAN_POINT('Ctrl Pts',(-5.14461518975385,-31.5955077661031,-28.3029789021826));
#6577=CARTESIAN_POINT('Ctrl Pts',(-5.09174912903009,-31.5285491958096,-28.2370387887328));
#6578=CARTESIAN_POINT('Ctrl Pts',(-5.03912362110777,-31.4614370868087,-28.171069577248));
#6579=CARTESIAN_POINT('Ctrl Pts',(-4.98673992634523,-31.3941730571198,-28.1050714548065));
#6580=CARTESIAN_POINT('Ctrl Pts',(-4.60552573531385,-30.9046695431046,-27.6247803838886));
#6581=CARTESIAN_POINT('Ctrl Pts',(-4.23709866544882,-30.4070961048069,-27.142958911738));
#6582=CARTESIAN_POINT('Ctrl Pts',(-3.88197368063357,-29.9020079560918,-26.6596875341456));
#6583=CARTESIAN_POINT('Ctrl Pts',(-3.69936988792702,-29.6422937271578,-26.4111913983391));
#6584=CARTESIAN_POINT('Ctrl Pts',(-3.52028329062584,-29.3805933868164,-26.1623115626692));
#6585=CARTESIAN_POINT('Ctrl Pts',(-3.34478481365369,-29.1169872924233,-25.9130569435851));
#6586=CARTESIAN_POINT('Ctrl Pts',(-3.03081795234448,-28.6453958603693,-25.4671403078922));
#6587=CARTESIAN_POINT('Ctrl Pts',(-2.72842410611566,-28.1678414325089,-25.0201535773091));
#6588=CARTESIAN_POINT('Ctrl Pts',(-2.43790107616408,-27.6846706733301,-24.5720620606348));
#6589=CARTESIAN_POINT('Ctrl Pts',(-2.25129756503925,-27.3743291484237,-24.2842520018913));
#6590=CARTESIAN_POINT('Ctrl Pts',(-2.06959215582091,-27.0616711557358,-23.9959857493824));
#6591=CARTESIAN_POINT('Ctrl Pts',(-1.89287203238438,-26.7467952944148,-23.7072502124391));
#6592=CARTESIAN_POINT('Ctrl Pts',(-1.650962564505,-26.315766554852,-23.3120045621897));
#6593=CARTESIAN_POINT('Ctrl Pts',(-1.41840889209638,-25.8805992534434,-22.9158635872553));
#6594=CARTESIAN_POINT('Ctrl Pts',(-1.19537225432553,-25.4415206907848,-22.5188059886432));
#6595=CARTESIAN_POINT('Ctrl Pts',(-0.97310635191405,-25.0039594276029,-22.1231204799891));
#6596=CARTESIAN_POINT('Ctrl Pts',(-0.760291877729625,-24.5625136471196,
-21.7265244724789));
#6597=CARTESIAN_POINT('Ctrl Pts',(-0.557128218327691,-24.117436770746,-21.3289805715799));
#6598=CARTESIAN_POINT('Ctrl Pts',(-0.355394528497472,-23.6754925726878,
-20.9342347876443));
#6599=CARTESIAN_POINT('Ctrl Pts',(-0.163176372773388,-23.2299679813291,
-20.5385541956234));
#6600=CARTESIAN_POINT('Ctrl Pts',(0.0192928792880931,-22.7811427244062,
-20.1418891467577));
#6601=CARTESIAN_POINT('Ctrl Pts',(0.127076218679708,-22.5160247143968,-19.9075818149544));
#6602=CARTESIAN_POINT('Ctrl Pts',(0.231457268814219,-22.2497556566649,-19.6729307561153));
#6603=CARTESIAN_POINT('Ctrl Pts',(0.332381825384722,-21.9823989648267,-19.4379240340109));
#6604=CARTESIAN_POINT('',(-0.995460336516308,-21.9623636132337,-19.4379235132796));
#6605=CARTESIAN_POINT('Origin',(0.,0.,-19.4379235132796));
#6606=CARTESIAN_POINT('',(-10.8734757921253,-34.969824535007,-32.37867966));
#6607=CARTESIAN_POINT('Ctrl Pts',(-0.995460335119585,-21.9623636130264,
-19.4379235136932));
#6608=CARTESIAN_POINT('Ctrl Pts',(-1.21699519505424,-22.4351749274762,-19.8643989391374));
#6609=CARTESIAN_POINT('Ctrl Pts',(-1.44853957519985,-22.9034256870371,-20.2896938009293));
#6610=CARTESIAN_POINT('Ctrl Pts',(-1.68990445761197,-23.3669788108519,-20.713892041637));
#6611=CARTESIAN_POINT('Ctrl Pts',(-1.93159856671519,-23.8311642307141,-21.1386688975176));
#6612=CARTESIAN_POINT('Ctrl Pts',(-2.18313995395074,-24.2906394983402,-21.5623462905073));
#6613=CARTESIAN_POINT('Ctrl Pts',(-2.44437623779053,-24.7452566455318,-21.9850435627676));
#6614=CARTESIAN_POINT('Ctrl Pts',(-2.70586795188494,-25.2003183059126,-22.4081541377679));
#6615=CARTESIAN_POINT('Ctrl Pts',(-2.97707352741539,-25.6505126464695,-22.8302828264375));
#6616=CARTESIAN_POINT('Ctrl Pts',(-3.25787786313841,-26.0956763255811,-23.251582136994));
#6617=CARTESIAN_POINT('Ctrl Pts',(-3.341725153815,-26.2286007987913,-23.3773807848785));
#6618=CARTESIAN_POINT('Ctrl Pts',(-3.42642852575768,-26.3610766197773,-23.5031056987801));
#6619=CARTESIAN_POINT('Ctrl Pts',(-3.51198556461619,-26.4930991194863,-23.6287614743872));
#6620=CARTESIAN_POINT('Ctrl Pts',(-3.82077774794081,-26.9695942913277,-24.0822778865342));
#6621=CARTESIAN_POINT('Ctrl Pts',(-4.14065853253603,-27.4401880353795,-24.5348487581289));
#6622=CARTESIAN_POINT('Ctrl Pts',(-4.47139969495244,-27.9046955712396,-24.9866275091961));
#6623=CARTESIAN_POINT('Ctrl Pts',(-4.67479960074804,-28.1903594068051,-25.2644633695292));
#6624=CARTESIAN_POINT('Ctrl Pts',(-4.88230785469843,-28.4737213152249,-25.5420001060651));
#6625=CARTESIAN_POINT('Ctrl Pts',(-5.09388003890593,-28.7547366933943,-25.8192776350966));
#6626=CARTESIAN_POINT('Ctrl Pts',(-5.52395237316699,-29.3259693443464,-26.3829121912901));
#6627=CARTESIAN_POINT('Ctrl Pts',(-5.97046556333277,-29.8870353862912,-26.9450103067865));
#6628=CARTESIAN_POINT('Ctrl Pts',(-6.43263324075786,-30.4372347207366,-27.5054587041454));
#6629=CARTESIAN_POINT('Ctrl Pts',(-6.57641908349819,-30.608408255457,-27.6798208438253));
#6630=CARTESIAN_POINT('Ctrl Pts',(-6.72172014303403,-30.7785303098568,-27.854023522571));
#6631=CARTESIAN_POINT('Ctrl Pts',(-6.86851277326227,-30.947580647912,-28.0280639021235));
#6632=CARTESIAN_POINT('Ctrl Pts',(-7.3253923699054,-31.4737354701462,-28.5697498047875));
#6633=CARTESIAN_POINT('Ctrl Pts',(-7.79670363442905,-31.98948058248,-29.109837817952));
#6634=CARTESIAN_POINT('Ctrl Pts',(-8.28179955366169,-32.4941343241773,-29.6481360590767));
#6635=CARTESIAN_POINT('Ctrl Pts',(-8.77607560807941,-33.0083383205495,-30.1966212558684));
#6636=CARTESIAN_POINT('Ctrl Pts',(-9.28466303698876,-33.5110271333324,-30.743248549231));
#6637=CARTESIAN_POINT('Ctrl Pts',(-9.80684502789375,-34.0015080019639,-31.2878480567282));
#6638=CARTESIAN_POINT('Ctrl Pts',(-10.1563727715003,-34.3298162819906,-31.652381189506));
#6639=CARTESIAN_POINT('Ctrl Pts',(-10.5119908085227,-34.6526554674885,-32.016006469239));
#6640=CARTESIAN_POINT('Ctrl Pts',(-10.8734758973526,-34.9698248346079,-32.3786801014989));
#6641=CARTESIAN_POINT('Origin',(0.,0.,-32.37867966));
#6642=CARTESIAN_POINT('Origin',(0.,0.,-20.8387671951659));
#6643=CARTESIAN_POINT('Ctrl Pts',(0.33238353994289,-21.9823992763266,-19.4379235132796));
#6644=CARTESIAN_POINT('Ctrl Pts',(0.584409972269159,-21.6407434592296,-19.7757299661414));
#6645=CARTESIAN_POINT('Ctrl Pts',(0.798853088200073,-21.2831531320548,-20.1255537249021));
#6646=CARTESIAN_POINT('Ctrl Pts',(1.24771922706349,-20.3346142950281,-21.0522050815332));
#6647=CARTESIAN_POINT('Ctrl Pts',(1.42070272466721,-19.7320792958749,-21.6400014768364));
#6648=CARTESIAN_POINT('Ctrl Pts',(1.48713092980812,-19.1254947648077,-22.2396108770523));
#6649=CARTESIAN_POINT('Ctrl Pts',(-2.08791012814558,-19.0692616453251,-22.2396108770523));
#6650=CARTESIAN_POINT('Ctrl Pts',(-2.04195272854151,-19.6788498194786,-21.6386461450648));
#6651=CARTESIAN_POINT('Ctrl Pts',(-1.88678344999862,-20.2883058497447,-21.0493086416205));
#6652=CARTESIAN_POINT('Ctrl Pts',(-1.45655993970914,-21.2511956684111,-20.1226823556707));
#6653=CARTESIAN_POINT('Ctrl Pts',(-1.24648011076191,-21.615047519432,-19.7735174015949));
#6654=CARTESIAN_POINT('Ctrl Pts',(-0.995460336516312,-21.9623636132337,
-19.4379235132796));
#6655=CARTESIAN_POINT('Origin',(0.,0.,-34.7121320371814));
#6656=CARTESIAN_POINT('Ctrl Pts',(-5.70879081598117,-31.440330518584,-37.0455844143628));
#6657=CARTESIAN_POINT('Ctrl Pts',(-6.06918552698156,-32.3899447870587,-36.0468615809549));
#6658=CARTESIAN_POINT('Ctrl Pts',(-6.59840222704438,-33.288454422905,-35.0674968066015));
#6659=CARTESIAN_POINT('Ctrl Pts',(-7.71146383271538,-34.6291595851211,-33.5239917695277));
#6660=CARTESIAN_POINT('Ctrl Pts',(-8.20220528918114,-35.1156430298624,-32.9416175325205));
#6661=CARTESIAN_POINT('Ctrl Pts',(-8.74588971206912,-35.5616439011955,-32.37867966));
#6662=CARTESIAN_POINT('Ctrl Pts',(-10.8734757921253,-34.969824535007,-32.37867966));
#6663=CARTESIAN_POINT('Ctrl Pts',(-11.1371159248884,-34.3030495220598,-32.9371062926339));
#6664=CARTESIAN_POINT('Ctrl Pts',(-11.3271776082525,-33.6265230507321,-33.5184796398716));
#6665=CARTESIAN_POINT('Ctrl Pts',(-11.6245019802583,-31.889178803464,-35.0621332393077));
#6666=CARTESIAN_POINT('Ctrl Pts',(-11.621528611534,-30.8395555277012,-36.0439429177018));
#6667=CARTESIAN_POINT('Ctrl Pts',(-11.4410704742129,-29.8359947396183,-37.0455844143628));
#6668=CARTESIAN_POINT('Ctrl Pts',(-10.9568847899314,-35.0416380855093,-32.4626302524857));
#6669=CARTESIAN_POINT('Ctrl Pts',(-9.46510881357759,-33.760711519523,-30.9632767366794));
#6670=CARTESIAN_POINT('Ctrl Pts',(-6.72563440914053,-31.0374930553672,-27.9845641163969));
#6671=CARTESIAN_POINT('Ctrl Pts',(-3.4085378641144,-26.6243229273001,-23.6460966746043));
#6672=CARTESIAN_POINT('Ctrl Pts',(-1.70790821100558,-23.5165029021586,-20.8149909660281));
#6673=CARTESIAN_POINT('Ctrl Pts',(-0.994816421949866,-21.963319555984,-19.4370737036659));
#6674=CARTESIAN_POINT('Ctrl Pts',(-11.5801887123883,-33.2553114837693,-33.8532969829698));
#6675=CARTESIAN_POINT('Ctrl Pts',(-10.1021162839972,-32.0844032540319,-32.3049410121655));
#6676=CARTESIAN_POINT('Ctrl Pts',(-7.37510752650064,-29.5720002644576,-29.2184895275731));
#6677=CARTESIAN_POINT('Ctrl Pts',(-4.05509449114343,-25.4407322779032,-24.692164856603));
#6678=CARTESIAN_POINT('Ctrl Pts',(-2.34485630676201,-22.5003705866612,-21.7209826052268));
#6679=CARTESIAN_POINT('Ctrl Pts',(-1.62693682955944,-21.025042932286,-20.2711628071637));
#6680=CARTESIAN_POINT('Ctrl Pts',(-11.7444349417519,-31.4594377855506,-35.435462716238));
#6681=CARTESIAN_POINT('Ctrl Pts',(-10.300254986768,-30.386009347152,-33.8259649669065));
#6682=CARTESIAN_POINT('Ctrl Pts',(-7.62784748827433,-28.0636640763411,-30.6101556941293));
#6683=CARTESIAN_POINT('Ctrl Pts',(-4.370603003313,-24.1917729639176,-25.8697331651853));
#6684=CARTESIAN_POINT('Ctrl Pts',(-2.69555201026827,-21.4108634162159,-22.7460801296978));
#6685=CARTESIAN_POINT('Ctrl Pts',(-1.99463131388388,-20.0111496064902,-21.2195373891603));
#6686=CARTESIAN_POINT('Ctrl Pts',(-11.4356559120848,-29.806738818272,-37.0745794368569));
#6687=CARTESIAN_POINT('Ctrl Pts',(-10.0425867494969,-28.8104140496664,-35.3973800337166));
#6688=CARTESIAN_POINT('Ctrl Pts',(-7.4623525234929,-26.6406083581799,-32.0410773710427));
#6689=CARTESIAN_POINT('Ctrl Pts',(-4.32825180249655,-22.9838002344063,-27.0787893991433));
#6690=CARTESIAN_POINT('Ctrl Pts',(-2.73003963359331,-20.340628033434,-23.8030669274469));
#6691=CARTESIAN_POINT('Ctrl Pts',(-2.06663098689754,-19.007861478097,-22.201547290692));
#6692=CARTESIAN_POINT('Ctrl Pts',(-5.70879081597566,-31.4403305185587,-37.0455844144061));
#6693=CARTESIAN_POINT('Ctrl Pts',(-4.51935621586745,-30.2037767091952,-35.3937338706486));
#6694=CARTESIAN_POINT('Ctrl Pts',(-2.37487589757729,-27.5892409835662,-32.0729306117028));
#6695=CARTESIAN_POINT('Ctrl Pts',(0.0317273319016916,-23.4082467532106,
-27.1139201760449));
#6696=CARTESIAN_POINT('Ctrl Pts',(1.10414034012497,-20.5095747034576,-23.8075504631013));
#6697=CARTESIAN_POINT('Ctrl Pts',(1.50136720894492,-19.0741412266522,-22.1818365990707));
#6698=CARTESIAN_POINT('Ctrl Pts',(-6.31290103164091,-33.0228753575147,-35.3955796475907));
#6699=CARTESIAN_POINT('Ctrl Pts',(-5.06286710055493,-31.7252508926199,-33.8185296671349));
#6700=CARTESIAN_POINT('Ctrl Pts',(-2.80326313841921,-28.9856281683201,-30.6481846066575));
#6701=CARTESIAN_POINT('Ctrl Pts',(-0.232992849282889,-24.6152679201196,
-25.9128866331652));
#6702=CARTESIAN_POINT('Ctrl Pts',(0.944083092499571,-21.5846440123775,-22.750952819444));
#6703=CARTESIAN_POINT('Ctrl Pts',(1.39183980932659,-20.0822422324187,-21.1942469893297));
#6704=CARTESIAN_POINT('Ctrl Pts',(-7.40220519981335,-34.4796277319373,-33.8043198714834));
#6705=CARTESIAN_POINT('Ctrl Pts',(-6.07217959453312,-33.1418055959281,-32.3039252629862));
#6706=CARTESIAN_POINT('Ctrl Pts',(-3.65640979130761,-30.3134712791269,-29.2847088739747));
#6707=CARTESIAN_POINT('Ctrl Pts',(-0.859236740343722,-25.7959434693366,
-24.7653527728909));
#6708=CARTESIAN_POINT('Ctrl Pts',(0.464203331201965,-22.6532430641336,-21.7369071834722));
#6709=CARTESIAN_POINT('Ctrl Pts',(0.982419855969621,-21.0916890386139,-20.2422962192079));
#6710=CARTESIAN_POINT('Ctrl Pts',(-8.88278411288315,-35.6849872515158,-32.4090026307554));
#6711=CARTESIAN_POINT('Ctrl Pts',(-7.46034168042159,-34.330963541471,-30.980419913029));
#6712=CARTESIAN_POINT('Ctrl Pts',(-4.86074445258535,-31.4583568287767,-28.100059949661));
#6713=CARTESIAN_POINT('Ctrl Pts',(-1.79303144790754,-26.8484255934624,-23.7702694594297));
#6714=CARTESIAN_POINT('Ctrl Pts',(-0.294140270532,-23.6230957275929,-20.8527390483572));
#6715=CARTESIAN_POINT('Ctrl Pts',(0.308407312577875,-22.0154476955549,-19.4080609617097));
#6716=CARTESIAN_POINT('Ctrl Pts',(-13.9795930245721,-28.7342244468877,-37.0455844144061));
#6717=CARTESIAN_POINT('Ctrl Pts',(-12.5006476608301,-27.8644310217274,-35.3937338706486));
#6718=CARTESIAN_POINT('Ctrl Pts',(-9.73029780631698,-25.9254221781898,-32.0729299456771));
#6719=CARTESIAN_POINT('Ctrl Pts',(-6.28491923322741,-22.5487649184363,-27.1139199773938));
#6720=CARTESIAN_POINT('Ctrl Pts',(-4.47022121163225,-20.0469175367804,-23.8075504631013));
#6721=CARTESIAN_POINT('Ctrl Pts',(-3.70044927539368,-18.7718843537512,-22.1818365990707));
#6722=CARTESIAN_POINT('Ctrl Pts',(-14.9882666824611,-30.095097244712,-35.3955796475907));
#6723=CARTESIAN_POINT('Ctrl Pts',(-13.4344925096441,-29.182847333423,-33.8185296671349));
#6724=CARTESIAN_POINT('Ctrl Pts',(-10.5195400399345,-27.1544500438362,-30.6481839406318));
#6725=CARTESIAN_POINT('Ctrl Pts',(-6.86547328555012,-23.639605816104,-25.9128864345142));
#6726=CARTESIAN_POINT('Ctrl Pts',(-4.91439333065264,-21.0389374308268,-22.750952819444));
#6727=CARTESIAN_POINT('Ctrl Pts',(-4.07789749828037,-19.7130521008262,-21.1942469893297));
#6728=CARTESIAN_POINT('Ctrl Pts',(-16.430203584169,-31.2039385420476,-33.8043198714834));
#6729=CARTESIAN_POINT('Ctrl Pts',(-14.7885588435517,-30.2745630937486,-32.3039252629862));
#6730=CARTESIAN_POINT('Ctrl Pts',(-11.6992975143922,-28.2028782229282,-29.2847086144812));
#6731=CARTESIAN_POINT('Ctrl Pts',(-7.78703682301372,-24.6075409934281,-24.7653529919143));
#6732=CARTESIAN_POINT('Ctrl Pts',(-5.66478242247971,-21.9384399208645,-21.7369071834722));
#6733=CARTESIAN_POINT('Ctrl Pts',(-4.74448053811916,-20.5746056997066,-20.2422962192079));
#6734=CARTESIAN_POINT('Ctrl Pts',(-18.1810807213122,-31.9651446507296,-32.4090026307554));
#6735=CARTESIAN_POINT('Ctrl Pts',(-16.4460750877977,-31.0451021882835,-30.980419913029));
#6736=CARTESIAN_POINT('Ctrl Pts',(-13.1678586041286,-28.9803827077154,-28.1000596901675));
#6737=CARTESIAN_POINT('Ctrl Pts',(-8.97016016855046,-25.3690594283492,-23.7702696784531));
#6738=CARTESIAN_POINT('Ctrl Pts',(-6.65666770343829,-22.6677291615144,-20.8527390483571));
#6739=CARTESIAN_POINT('Ctrl Pts',(-5.64272597101136,-21.2822624718858,-19.4080609617097));
#6740=CARTESIAN_POINT('',(-18.0159850985671,-31.8833088737559,-32.37867966));
#6741=CARTESIAN_POINT('',(-5.61072249039655,-21.256908286419,-19.4379235132796));
#6742=CARTESIAN_POINT('Ctrl Pts',(-18.0159876845654,-31.8833068685043,-32.3786803947533));
#6743=CARTESIAN_POINT('Ctrl Pts',(-17.4873799598482,-31.5998444103209,-31.9305562420545));
#6744=CARTESIAN_POINT('Ctrl Pts',(-16.9664389378982,-31.3050660434991,-31.4807392022102));
#6745=CARTESIAN_POINT('Ctrl Pts',(-16.4536210225933,-30.9993038249522,-31.0293519102865));
#6746=CARTESIAN_POINT('Ctrl Pts',(-15.9410086152219,-30.6936641383212,-30.5781455084346));
#6747=CARTESIAN_POINT('Ctrl Pts',(-15.436512790317,-30.3770493212913,-30.1253700117892));
#6748=CARTESIAN_POINT('Ctrl Pts',(-14.9406256809311,-30.0498191255026,-29.6711232496468));
#6749=CARTESIAN_POINT('Ctrl Pts',(-14.4443500591611,-29.7223325548634,-29.2165205990589));
#6750=CARTESIAN_POINT('Ctrl Pts',(-13.95669662422,-29.3842139107106,-28.7604442650697));
#6751=CARTESIAN_POINT('Ctrl Pts',(-13.478195308973,-29.0358529536656,-28.3029691947585));
#6752=CARTESIAN_POINT('Ctrl Pts',(-13.4092278298926,-28.9856428993734,-28.2370322760163));
#6753=CARTESIAN_POINT('Ctrl Pts',(-13.3404505403724,-28.935220120265,-28.171066262342));
#6754=CARTESIAN_POINT('Ctrl Pts',(-13.2718650902848,-28.8845858341268,-28.1050713408126));
#6755=CARTESIAN_POINT('Ctrl Pts',(-12.7727211118,-28.5160849494859,-27.6247804387344));
#6756=CARTESIAN_POINT('Ctrl Pts',(-12.2837128098356,-28.136363474843,-27.1429591522726));
#6757=CARTESIAN_POINT('Ctrl Pts',(-11.8054858455775,-27.7458170961273,-26.6596879670853));
#6758=CARTESIAN_POINT('Ctrl Pts',(-11.55958327934,-27.5449995681782,-26.4111916807863));
#6759=CARTESIAN_POINT('Ctrl Pts',(-11.3165316339399,-27.3413206455346,-26.1623116956254));
#6760=CARTESIAN_POINT('Ctrl Pts',(-11.0764208844557,-27.1348385700566,-25.9130569266758));
#6761=CARTESIAN_POINT('Ctrl Pts',(-10.6468629763538,-26.7654423285579,-25.4671403762323));
#6762=CARTESIAN_POINT('Ctrl Pts',(-10.2268401097352,-26.3871818480945,-25.0201537315656));
#6763=CARTESIAN_POINT('Ctrl Pts',(-9.81673257084459,-26.0003105895359,-24.5720622933976));
#6764=CARTESIAN_POINT('Ctrl Pts',(-9.55331960817266,-25.7518223401728,-24.2842521897476));
#6765=CARTESIAN_POINT('Ctrl Pts',(-9.29399813208201,-25.4997820263377,-23.9959858889704));
#6766=CARTESIAN_POINT('Ctrl Pts',(-9.03887869510162,-25.2442610683092,-23.7072502982155));
#6767=CARTESIAN_POINT('Ctrl Pts',(-8.68964992571441,-24.8944826634133,-23.3120049330208));
#6768=CARTESIAN_POINT('Ctrl Pts',(-8.34831341928904,-24.5381950026732,-22.9158642343608));
#6769=CARTESIAN_POINT('Ctrl Pts',(-8.01508577070446,-24.1755734620843,-22.5188069083865));
#6770=CARTESIAN_POINT('Ctrl Pts',(-7.68300965916396,-23.8142050352112,-22.1231216961052));
#6771=CARTESIAN_POINT('Ctrl Pts',(-7.35898644643806,-23.4465461818383,-21.7265259814701));
#6772=CARTESIAN_POINT('Ctrl Pts',(-7.04327650737042,-23.0727871380547,-21.328982375168));
#6773=CARTESIAN_POINT('Ctrl Pts',(-6.72978870745001,-22.7016588147522,-20.9342368981009));
#6774=CARTESIAN_POINT('Ctrl Pts',(-6.42449759595207,-22.3245156219822,-20.5385566147149));
#6775=CARTESIAN_POINT('Ctrl Pts',(-6.12770336768503,-21.9415639580246,-20.1418918814788));
#6776=CARTESIAN_POINT('Ctrl Pts',(-5.95238822544096,-21.7153559693068,-19.9075836385707));
#6777=CARTESIAN_POINT('Ctrl Pts',(-5.7800386866501,-21.4871216779924,-19.6729316678504));
#6778=CARTESIAN_POINT('Ctrl Pts',(-5.6107240573326,-21.2569075238881,-19.4379240340109));
#6779=CARTESIAN_POINT('Ctrl Pts',(-13.9795930245843,-28.7342244469105,-37.0455844143628));
#6780=CARTESIAN_POINT('Ctrl Pts',(-14.5828261855544,-29.551391112967,-36.0468615809549));
#6781=CARTESIAN_POINT('Ctrl Pts',(-15.3348330934028,-30.2738006172526,-35.0674968066015));
#6782=CARTESIAN_POINT('Ctrl Pts',(-16.768337279226,-31.264488367878,-33.5239917695277));
#6783=CARTESIAN_POINT('Ctrl Pts',(-17.3721323738876,-31.6005312264006,-32.9416175325205));
#6784=CARTESIAN_POINT('Ctrl Pts',(-18.0159850985671,-31.8833088737559,-32.37867966));
#6785=CARTESIAN_POINT('Ctrl Pts',(-5.61072249039655,-21.256908286419,-19.4379235132796));
#6786=CARTESIAN_POINT('Ctrl Pts',(-5.27586424554122,-20.9959179115012,-19.7757299661414));
#6787=CARTESIAN_POINT('Ctrl Pts',(-4.97289654638986,-20.7094440639512,-20.1255537249021));
#6788=CARTESIAN_POINT('Ctrl Pts',(-4.28476286602639,-19.9171822550045,-21.0522050815332));
#6789=CARTESIAN_POINT('Ctrl Pts',(-3.95563206847725,-19.3836612772048,-21.6400014768364));
#6790=CARTESIAN_POINT('Ctrl Pts',(-3.72801265346385,-18.8174926612631,-22.2396108770523));
#6791=CARTESIAN_POINT('Ctrl Pts',(-20.0046945912265,-30.7860669512589,-32.4626302524857));
#6792=CARTESIAN_POINT('Ctrl Pts',(-18.2226478631529,-29.9551169587576,-30.9632767366794));
#6793=CARTESIAN_POINT('Ctrl Pts',(-14.8500451558569,-28.0719847879218,-27.9845650820408));
#6794=CARTESIAN_POINT('Ctrl Pts',(-10.4652962526216,-24.7174083678503,-23.646096800227));
#6795=CARTESIAN_POINT('Ctrl Pts',(-7.98925089348772,-22.1836590616914,-20.8149909660281));
#6796=CARTESIAN_POINT('Ctrl Pts',(-6.88355863052741,-20.8804618294649,-19.4370737036659));
#6797=CARTESIAN_POINT('Ctrl Pts',(-20.1229395640506,-28.8978167998659,-33.8532969829698));
#6798=CARTESIAN_POINT('Ctrl Pts',(-18.3837708110963,-28.1691081922701,-32.3049410121655));
#6799=CARTESIAN_POINT('Ctrl Pts',(-15.0800488250894,-26.4856106950543,-29.218490493217));
#6800=CARTESIAN_POINT('Ctrl Pts',(-10.7685478704582,-23.4032695800601,-24.6921649822258));
#6801=CARTESIAN_POINT('Ctrl Pts',(-8.32843000824533,-21.0333611492365,-21.7209826052268));
#6802=CARTESIAN_POINT('Ctrl Pts',(-7.2390942951742,-19.8064350032363,-20.2711628071638));
#6803=CARTESIAN_POINT('Ctrl Pts',(-19.7965741725013,-27.1242258676009,-35.4354627162379));
#6804=CARTESIAN_POINT('Ctrl Pts',(-18.1163408010581,-26.4802381563604,-33.8259649669065));
#6805=CARTESIAN_POINT('Ctrl Pts',(-14.9164722653539,-24.9650176712493,-30.610155458838));
#6806=CARTESIAN_POINT('Ctrl Pts',(-10.735391597039,-22.115501145706,-25.8697329336675));
#6807=CARTESIAN_POINT('Ctrl Pts',(-8.37217544701152,-19.8896392916606,-22.7460801296978));
#6808=CARTESIAN_POINT('Ctrl Pts',(-7.31960852499527,-18.730936807658,-21.2195373891603));
#6809=CARTESIAN_POINT('Ctrl Pts',(-19.0533526617981,-25.6161210464316,-37.0745794368569));
#6810=CARTESIAN_POINT('Ctrl Pts',(-17.4431370770774,-25.0325882649931,-35.3973800337166));
#6811=CARTESIAN_POINT('Ctrl Pts',(-14.3731784648604,-23.6393827265135,-32.0410771357514));
#6812=CARTESIAN_POINT('Ctrl Pts',(-10.368703751565,-20.9637495390497,-27.0787891676255));
#6813=CARTESIAN_POINT('Ctrl Pts',(-8.11663812505819,-18.8497864906307,-23.8030669274469));
#6814=CARTESIAN_POINT('Ctrl Pts',(-7.11825435724282,-17.7454280453338,-22.201547290692));
#6815=CARTESIAN_POINT('',(-6.88392075672759,-20.879367609594,-19.4379235132796));
#6816=CARTESIAN_POINT('',(-19.9050035612679,-30.7394199203079,-32.37867966));
#6817=CARTESIAN_POINT('Ctrl Pts',(-6.88392075532672,-20.8793676097712,-19.4379235136932));
#6818=CARTESIAN_POINT('Ctrl Pts',(-7.2248037143601,-21.2748766943715,-19.8643992477154));
#6819=CARTESIAN_POINT('Ctrl Pts',(-7.57409459610868,-21.6632937984511,-20.2896944221826));
#6820=CARTESIAN_POINT('Ctrl Pts',(-7.93157441167309,-22.0445379217281,-20.7138929808946));
#6821=CARTESIAN_POINT('Ctrl Pts',(-8.28954180069465,-22.4263020310493,-21.1386701120148));
#6822=CARTESIAN_POINT('Ctrl Pts',(-8.65572052792184,-22.8008738846262,-21.5623477858114));
#6823=CARTESIAN_POINT('Ctrl Pts',(-9.02992394487595,-23.168152114117,-21.985045345707));
#6824=CARTESIAN_POINT('Ctrl Pts',(-9.40449318701926,-23.535789398661,-22.4081561391751));
#6825=CARTESIAN_POINT('Ctrl Pts',(-9.78710289586996,-23.8961190866082,-22.8302850534773));
#6826=CARTESIAN_POINT('Ctrl Pts',(-10.1775981730614,-24.2490149481552,-23.2515845980715));
#6827=CARTESIAN_POINT('Ctrl Pts',(-10.2941980769679,-24.354387857762,-23.3773824995694));
#6828=CARTESIAN_POINT('Ctrl Pts',(-10.4115012633843,-24.4590977929366,-23.5031066687911));
#6829=CARTESIAN_POINT('Ctrl Pts',(-10.5295041479601,-24.5631409092448,-23.6287617013683));
#6830=CARTESIAN_POINT('Ctrl Pts',(-10.9554017952295,-24.9386547673129,-24.0822775873109));
#6831=CARTESIAN_POINT('Ctrl Pts',(-11.3903846465791,-25.3054943991801,-24.5348479456939));
#6832=CARTESIAN_POINT('Ctrl Pts',(-11.8341830850896,-25.6635434413268,-24.9866261811384));
#6833=CARTESIAN_POINT('Ctrl Pts',(-12.1071121117843,-25.8837379442865,-25.2644626568493));
#6834=CARTESIAN_POINT('Ctrl Pts',(-12.3833761005977,-26.1006074480815,-25.5420000058526));
#6835=CARTESIAN_POINT('Ctrl Pts',(-12.6629202456443,-26.3141209850469,-25.8192781413553));
#6836=CARTESIAN_POINT('Ctrl Pts',(-13.2311558970434,-26.7481347389028,-26.3829076243476));
#6837=CARTESIAN_POINT('Ctrl Pts',(-13.8124795768119,-27.1679234457785,-26.9450006742011));
#6838=CARTESIAN_POINT('Ctrl Pts',(-14.4059452103767,-27.5730251233484,-27.5054439896465));
#6839=CARTESIAN_POINT('Ctrl Pts',(-14.590586492109,-27.6990618957376,-27.6798112423559));
#6840=CARTESIAN_POINT('Ctrl Pts',(-14.7764031852443,-27.8236772931687,-27.8540190203145));
#6841=CARTESIAN_POINT('Ctrl Pts',(-14.9633670582111,-27.9468582080026,-28.0280644842361));
#6842=CARTESIAN_POINT('Ctrl Pts',(-15.5452662675038,-28.3302417772687,-28.5697569311768));
#6843=CARTESIAN_POINT('Ctrl Pts',(-16.1382537335278,-28.6997076681081,-29.1098513982439));
#6844=CARTESIAN_POINT('Ctrl Pts',(-16.7415225027519,-29.0547740702288,-29.6481560396473));
#6845=CARTESIAN_POINT('Ctrl Pts',(-17.3562088351635,-29.4165605170272,-30.196648722552));
#6846=CARTESIAN_POINT('Ctrl Pts',(-17.9815693616053,-29.7633972046191,-30.743283439853));
#6847=CARTESIAN_POINT('Ctrl Pts',(-18.6167269153357,-30.0948104642112,-31.2878903458252));
#6848=CARTESIAN_POINT('Ctrl Pts',(-19.0418536627829,-30.3166336012955,-31.6524092926809));
#6849=CARTESIAN_POINT('Ctrl Pts',(-19.4713689671948,-30.5315478492153,-32.0160204704287));
#6850=CARTESIAN_POINT('Ctrl Pts',(-19.9050037434777,-30.739420180727,-32.3786801019972));
#6851=CARTESIAN_POINT('Ctrl Pts',(-7.15530997707712,-17.7988102842021,-22.2396108770523));
#6852=CARTESIAN_POINT('Ctrl Pts',(-7.27552172363893,-18.3981924332812,-21.6386461450648));
#6853=CARTESIAN_POINT('Ctrl Pts',(-7.29053581199268,-19.0269123510365,-21.0493086416205));
#6854=CARTESIAN_POINT('Ctrl Pts',(-7.13605072056765,-20.0701685171935,-20.1226823556707));
#6855=CARTESIAN_POINT('Ctrl Pts',(-7.03192727613625,-20.4772066141102,-19.7735174015949));
#6856=CARTESIAN_POINT('Ctrl Pts',(-6.88392075672759,-20.879367609594,-19.4379235132796));
#6857=CARTESIAN_POINT('Ctrl Pts',(-19.9050035612679,-30.7394199203079,-32.37867966));
#6858=CARTESIAN_POINT('Ctrl Pts',(-19.9789734571628,-30.0262414770026,-32.9371062926339));
#6859=CARTESIAN_POINT('Ctrl Pts',(-19.97946248017,-29.3235244139205,-33.5184796398716));
#6860=CARTESIAN_POINT('Ctrl Pts',(-19.7970313896231,-27.5703884485984,-35.0621332393077));
#6861=CARTESIAN_POINT('Ctrl Pts',(-19.5109833107447,-26.560490256445,-36.0439429177018));
#6862=CARTESIAN_POINT('Ctrl Pts',(-19.066459590391,-25.6428312474738,-37.0455844143628));
#6863=CARTESIAN_POINT('Origin',(0.,0.,-34.7121320371814));
#6864=CARTESIAN_POINT('Origin',(0.,0.,-32.37867966));
#6865=CARTESIAN_POINT('Origin',(0.,0.,-20.8387671951659));
#6866=CARTESIAN_POINT('Origin',(0.,0.,-19.4379235132796));
#6867=CARTESIAN_POINT('Origin',(0.,0.,-25.9083015866398));
#6868=CARTESIAN_POINT('Origin',(0.,0.,-25.9083015866398));
#6869=CARTESIAN_POINT('',(-25.949917287952,-25.8403346835826,-32.37867966));
#6870=CARTESIAN_POINT('',(-11.1377069009708,-18.9548896527924,-19.4379235132796));
#6871=CARTESIAN_POINT('Ctrl Pts',(-25.9499192372337,-25.8403320550147,-32.3786803946835));
#6872=CARTESIAN_POINT('Ctrl Pts',(-25.3644357249237,-25.7099976460602,-31.9305556733075));
#6873=CARTESIAN_POINT('Ctrl Pts',(-24.7832816446822,-25.5666984700384,-31.4807380546305));
#6874=CARTESIAN_POINT('Ctrl Pts',(-24.2069860581906,-25.4106311343927,-31.0293501781491));
#6875=CARTESIAN_POINT('Ctrl Pts',(-23.6309214692066,-25.2546263554738,-30.5781432322126));
#6876=CARTESIAN_POINT('Ctrl Pts',(-23.0597114438297,-25.0858635773484,-30.1253671860413));
#6877=CARTESIAN_POINT('Ctrl Pts',(-22.4939269197586,-24.9045564355762,-29.6711198733248));
#6878=CARTESIAN_POINT('Ctrl Pts',(-21.9276991838009,-24.7231072653868,-29.216516722299));
#6879=CARTESIAN_POINT('Ctrl Pts',(-21.3669054155298,-24.529094024117,-28.760439887149));
#6880=CARTESIAN_POINT('Ctrl Pts',(-20.8121610468286,-24.3227490452198,-28.3029643193399));
#6881=CARTESIAN_POINT('Ctrl Pts',(-20.7322065167055,-24.2930088319579,-28.2370290054717));
#6882=CARTESIAN_POINT('Ctrl Pts',(-20.6523777247061,-24.2630124822679,-28.1710645982271));
#6883=CARTESIAN_POINT('Ctrl Pts',(-20.572676587912,-24.2327607235925,-28.1050712846819));
#6884=CARTESIAN_POINT('Ctrl Pts',(-19.9926220017788,-24.0125923287105,-27.6247804668118));
#6885=CARTESIAN_POINT('Ctrl Pts',(-19.4192999436735,-23.7788848658508,-27.1429592728412));
#6886=CARTESIAN_POINT('Ctrl Pts',(-18.8534388855947,-23.5318451490522,-26.6596881834559));
#6887=CARTESIAN_POINT('Ctrl Pts',(-18.5624750411705,-23.4048181612449,-26.4111918219214));
#6888=CARTESIAN_POINT('Ctrl Pts',(-18.2734844013897,-23.2742667151576,-26.1623117620139));
#6889=CARTESIAN_POINT('Ctrl Pts',(-17.9865693182795,-23.1402226177401,-25.9130569181317));
#6890=CARTESIAN_POINT('Ctrl Pts',(-17.473278703364,-22.9004179464646,-25.4671404096651));
#6891=CARTESIAN_POINT('Ctrl Pts',(-16.9667779923713,-22.6495052227514,-25.0201538073095));
#6892=CARTESIAN_POINT('Ctrl Pts',(-16.4675017517882,-22.3876259073287,-24.5720624078238));
#6893=CARTESIAN_POINT('Ctrl Pts',(-16.1468154860215,-22.2194202269495,-24.2842522819997));
#6894=CARTESIAN_POINT('Ctrl Pts',(-15.8291106447613,-22.0466903304343,-23.9959859574011));
#6895=CARTESIAN_POINT('Ctrl Pts',(-15.5145129497985,-21.8694751626056,-23.7072503401073));
#6896=CARTESIAN_POINT('Ctrl Pts',(-15.083865575049,-21.6268883667923,-23.3120051187493));
#6897=CARTESIAN_POINT('Ctrl Pts',(-14.6590616091355,-21.3759043923458,-22.9158645596407));
#6898=CARTESIAN_POINT('Ctrl Pts',(-14.2403569365265,-21.1166336768478,-22.5188073714529));
#6899=CARTESIAN_POINT('Ctrl Pts',(-13.8230991974715,-20.8582589329556,-22.1231223087896));
#6900=CARTESIAN_POINT('Ctrl Pts',(-13.4118985910434,-20.5916543880351,-21.7265267420767));
#6901=CARTESIAN_POINT('Ctrl Pts',(-13.0070571673328,-20.3169329770099,-21.3289832845587));
#6902=CARTESIAN_POINT('Ctrl Pts',(-12.6050652459515,-20.0441452102582,-20.934237962167));
#6903=CARTESIAN_POINT('Ctrl Pts',(-12.2093432644507,-19.763354188916,-20.5385578343399));
#6904=CARTESIAN_POINT('Ctrl Pts',(-11.8202359766397,-19.4746776674332,-20.141893260109));
#6905=CARTESIAN_POINT('Ctrl Pts',(-11.5903913433158,-19.3041572189402,-19.9075845579266));
#6906=CARTESIAN_POINT('Ctrl Pts',(-11.3628556634705,-19.1308854885038,-19.6729321275129));
#6907=CARTESIAN_POINT('Ctrl Pts',(-11.1377082040722,-18.954888495784,-19.4379240340109));
#6908=CARTESIAN_POINT('',(-12.2618322662543,-18.2478444271019,-19.4379235132796));
#6909=CARTESIAN_POINT('Origin',(0.,0.,-19.4379235132796));
#6910=CARTESIAN_POINT('',(-27.4602682756033,-24.2292131536087,-32.37867966));
#6911=CARTESIAN_POINT('Ctrl Pts',(-12.2618322649532,-18.2478444276505,-19.4379235136932));
#6912=CARTESIAN_POINT('Ctrl Pts',(-12.6967816309378,-18.5367179721823,-19.864399441643));
#6913=CARTESIAN_POINT('Ctrl Pts',(-13.1379137396993,-18.8164940908453,-20.289694813294));
#6914=CARTESIAN_POINT('Ctrl Pts',(-13.5849958719301,-19.0871538692826,-20.7138935730284));
#6915=CARTESIAN_POINT('Ctrl Pts',(-14.0326877606512,-19.3581827891922,-21.1386708795852));
#6916=CARTESIAN_POINT('Ctrl Pts',(-14.4863460453838,-19.6200707651685,-21.5623487328014));
#6917=CARTESIAN_POINT('Ctrl Pts',(-14.9457636526864,-19.8727705447335,-21.9850464767114));
#6918=CARTESIAN_POINT('Ctrl Pts',(-15.4056303449071,-20.125717340647,-22.4081574115368));
#6919=CARTESIAN_POINT('Ctrl Pts',(-15.8712677807298,-20.3694582310545,-22.8302864719996));
#6920=CARTESIAN_POINT('Ctrl Pts',(-16.3424927518815,-20.603913457862,-23.251586168166));
#6921=CARTESIAN_POINT('Ctrl Pts',(-16.4831975536215,-20.6739203085691,-23.3773835979528));
#6922=CARTESIAN_POINT('Ctrl Pts',(-16.6244006864696,-20.7430990329429,-23.5031072965523));
#6923=CARTESIAN_POINT('Ctrl Pts',(-16.7660976618952,-20.8114468961831,-23.6287618595557));
#6924=CARTESIAN_POINT('Ctrl Pts',(-17.2775138696779,-21.0581296847421,-24.0822773979698));
#6925=CARTESIAN_POINT('Ctrl Pts',(-17.7953380945818,-21.294008773624,-24.5348474171702));
#6926=CARTESIAN_POINT('Ctrl Pts',(-18.3192793194578,-21.5190448508931,-24.9866253115763));
#6927=CARTESIAN_POINT('Ctrl Pts',(-18.6414956093694,-21.6574387898909,-25.2644621949673));
#6928=CARTESIAN_POINT('Ctrl Pts',(-18.9660261249595,-21.7917312555877,-25.5419999496254));
#6929=CARTESIAN_POINT('Ctrl Pts',(-19.2928097364329,-21.9219072138643,-25.8192784867139));
#6930=CARTESIAN_POINT('Ctrl Pts',(-19.9570651857718,-22.1865168412209,-26.3829046074221));
#6931=CARTESIAN_POINT('Ctrl Pts',(-20.6300853444442,-22.4338980166577,-26.9449942996051));
#6932=CARTESIAN_POINT('Ctrl Pts',(-21.310834589939,-22.6638611308559,-27.5054342462147));
#6933=CARTESIAN_POINT('Ctrl Pts',(-21.5226372694807,-22.7354099487286,-27.6798048873864));
#6934=CARTESIAN_POINT('Ctrl Pts',(-21.7351883192689,-22.8052729107835,-27.8540160446126));
#6935=CARTESIAN_POINT('Ctrl Pts',(-21.9484570162061,-22.873445011659,-28.0280648779268));
#6936=CARTESIAN_POINT('Ctrl Pts',(-22.6122188969971,-23.0856188681341,-28.5697617261241));
#6937=CARTESIAN_POINT('Ctrl Pts',(-23.2829030085446,-23.2813992878529,-29.1098605338127));
#6938=CARTESIAN_POINT('Ctrl Pts',(-23.9596023170967,-23.4605400519052,-29.6481694798899));
#6939=CARTESIAN_POINT('Ctrl Pts',(-24.6491097642253,-23.6430714795828,-30.19666719887));
#6940=CARTESIAN_POINT('Ctrl Pts',(-25.3448622867011,-23.8083273344394,-30.7433069105441));
#6941=CARTESIAN_POINT('Ctrl Pts',(-26.0458874325727,-23.9560881805763,-31.2879187938474));
#6942=CARTESIAN_POINT('Ctrl Pts',(-26.5150844256555,-24.0549846967871,-31.652428197751));
#6943=CARTESIAN_POINT('Ctrl Pts',(-26.9866431124597,-24.1460449173187,-32.0160298890489));
#6944=CARTESIAN_POINT('Ctrl Pts',(-27.4602685214082,-24.2292133554079,-32.3786801023328));
#6945=CARTESIAN_POINT('Origin',(0.,0.,-32.37867966));
#6946=CARTESIAN_POINT('Origin',(0.,0.,-20.8387671951659));
#6947=CARTESIAN_POINT('Ctrl Pts',(-11.1377069009708,-18.9548896527924,-19.4379235132796));
#6948=CARTESIAN_POINT('Ctrl Pts',(-10.7448517477328,-18.79392118221,-19.7757299661414));
#6949=CARTESIAN_POINT('Ctrl Pts',(-10.375829193622,-18.599810269027,-20.1255537249021));
#6950=CARTESIAN_POINT('Ctrl Pts',(-9.4994636988289,-18.0225839221732,-21.0522050815332));
#6951=CARTESIAN_POINT('Ctrl Pts',(-9.03859572691536,-17.5976457759542,-21.6400014768364));
#6952=CARTESIAN_POINT('Ctrl Pts',(-8.66666659275147,-17.1138832113336,-22.2396108770523));
#6953=CARTESIAN_POINT('Ctrl Pts',(-11.6920332183739,-15.208302588439,-22.2396108770523));
#6954=CARTESIAN_POINT('Ctrl Pts',(-11.9694985557912,-15.7530252804374,-21.6386461450648));
#6955=CARTESIAN_POINT('Ctrl Pts',(-12.1535824847933,-16.3543798055842,-21.0493086416205));
#6956=CARTESIAN_POINT('Ctrl Pts',(-12.2862932647415,-17.4006287819673,-20.1226823556707));
#6957=CARTESIAN_POINT('Ctrl Pts',(-12.2958485643663,-17.8206649712069,-19.7735174015949));
#6958=CARTESIAN_POINT('Ctrl Pts',(-12.2618322662543,-18.2478444271019,-19.4379235132796));
#6959=CARTESIAN_POINT('Origin',(0.,0.,-34.7121320371814));
#6960=CARTESIAN_POINT('Ctrl Pts',(-21.2135927709366,-23.8970323983398,-37.0455844143628));
#6961=CARTESIAN_POINT('Ctrl Pts',(-22.0149253379353,-24.5211459486454,-36.0468615809549));
#6962=CARTESIAN_POINT('Ctrl Pts',(-22.933949541417,-25.0138775132411,-35.0674968066015));
#6963=CARTESIAN_POINT('Ctrl Pts',(-24.5815798597751,-25.5810730739068,-33.5239917695277));
#6964=CARTESIAN_POINT('Ctrl Pts',(-25.2536478726404,-25.7417525846878,-32.9416175325205));
#6965=CARTESIAN_POINT('Ctrl Pts',(-25.949917287952,-25.8403346835826,-32.37867966));
#6966=CARTESIAN_POINT('Ctrl Pts',(-27.4602682756033,-24.2292131536087,-32.37867966));
#6967=CARTESIAN_POINT('Ctrl Pts',(-27.3390819258413,-23.522524462511,-32.9371062926339));
#6968=CARTESIAN_POINT('Ctrl Pts',(-27.1499620198924,-22.8457341175265,-33.5184796398716));
#6969=CARTESIAN_POINT('Ctrl Pts',(-26.5013055462118,-21.2068285086349,-35.0621332393077));
#6970=CARTESIAN_POINT('Ctrl Pts',(-25.9533976346069,-20.3115549290262,-36.0439429177018));
#6971=CARTESIAN_POINT('Ctrl Pts',(-25.2777766219986,-19.5478562698515,-37.0455844143628));
#6972=CARTESIAN_POINT('Ctrl Pts',(-27.5688477100787,-24.2472340681187,-32.4626302524857));
#6973=CARTESIAN_POINT('Ctrl Pts',(-25.6286964837852,-23.9278884087028,-30.9632767366794));
#6974=CARTESIAN_POINT('Ctrl Pts',(-21.8730962320626,-23.0245055892586,-27.9845657325877));
#6975=CARTESIAN_POINT('Ctrl Pts',(-16.7458915711976,-20.9773167523123,-23.6460968939366));
#6976=CARTESIAN_POINT('Ctrl Pts',(-13.6780673855908,-19.2055547121059,-20.8149909660281));
#6977=CARTESIAN_POINT('Ctrl Pts',(-12.2617787856641,-18.2489957708112,-19.4370737036659));
#6978=CARTESIAN_POINT('Ctrl Pts',(-27.1732640445704,-22.3971032426317,-33.8532969829698));
#6979=CARTESIAN_POINT('Ctrl Pts',(-25.3019851572919,-22.1646392409829,-32.3049410121655));
#6980=CARTESIAN_POINT('Ctrl Pts',(-21.6665721332172,-21.4349043037227,-29.2184911437639));
#6981=CARTESIAN_POINT('Ctrl Pts',(-16.6833473946307,-19.6300934882344,-24.6921650759353));
#6982=CARTESIAN_POINT('Ctrl Pts',(-13.6943221560492,-18.0064035365975,-21.7209826052268));
#6983=CARTESIAN_POINT('Ctrl Pts',(-12.3143612535687,-17.1188743984076,-20.2711628071638));
#6984=CARTESIAN_POINT('Ctrl Pts',(-26.380492060177,-20.7773342021279,-35.4354627162379));
#6985=CARTESIAN_POINT('Ctrl Pts',(-24.5888204948782,-20.6105488405406,-33.8259649669065));
#6986=CARTESIAN_POINT('Ctrl Pts',(-21.0988100543324,-20.0148303737711,-30.6101552983023));
#6987=CARTESIAN_POINT('Ctrl Pts',(-16.3039849460167,-18.3990239039906,-25.8697327758331));
#6988=CARTESIAN_POINT('Ctrl Pts',(-13.4278729310041,-16.8932916098882,-22.7460801296978));
#6989=CARTESIAN_POINT('Ctrl Pts',(-12.1017238567886,-16.061536114136,-21.2195373891603));
#6990=CARTESIAN_POINT('Ctrl Pts',(-25.2579494078743,-19.5256727625336,-37.0745794368569));
#6991=CARTESIAN_POINT('Ctrl Pts',(-23.5500097246936,-19.3982099251767,-35.3973800337166));
#6992=CARTESIAN_POINT('Ctrl Pts',(-20.2180110339057,-18.8849324819354,-32.0410769752157));
#6993=CARTESIAN_POINT('Ctrl Pts',(-15.6401560158987,-17.3889135679421,-27.0787890097912));
#6994=CARTESIAN_POINT('Ctrl Pts',(-12.9012626979362,-15.9609425158526,-23.8030669274469));
#6995=CARTESIAN_POINT('Ctrl Pts',(-11.6419493657583,-15.1668973943799,-22.201547290692));
#6996=CARTESIAN_POINT('Ctrl Pts',(-21.2135927709187,-23.8970323983211,-37.0455844144061));
#6997=CARTESIAN_POINT('Ctrl Pts',(-19.5548232554468,-23.4585079566681,-35.3937338706486));
#6998=CARTESIAN_POINT('Ctrl Pts',(-16.3640673178805,-22.3388336722051,-32.0729296131169));
#6999=CARTESIAN_POINT('Ctrl Pts',(-12.1354415905654,-20.0169443101636,-27.1139198743872));
#7000=CARTESIAN_POINT('Ctrl Pts',(-9.713046906024,-18.0974722049456,-23.8075504631013));
#7001=CARTESIAN_POINT('Ctrl Pts',(-8.62782036540535,-17.0774026939891,-22.1818365990707));
#7002=CARTESIAN_POINT('Ctrl Pts',(-22.5520211602008,-24.9353034451779,-35.3955796475907));
#7003=CARTESIAN_POINT('Ctrl Pts',(-20.8097430680068,-24.4760854901495,-33.8185296671349));
#7004=CARTESIAN_POINT('Ctrl Pts',(-17.4556300583493,-23.3093508443775,-30.6481836080716));
#7005=CARTESIAN_POINT('Ctrl Pts',(-12.9887724758235,-20.910702259475,-25.9128863315076));
#7006=CARTESIAN_POINT('Ctrl Pts',(-10.4083916823239,-18.9328691067661,-22.750952819444));
#7007=CARTESIAN_POINT('Ctrl Pts',(-9.24519580357961,-17.881835076128,-21.1942469893297));
#7008=CARTESIAN_POINT('Ctrl Pts',(-24.2396489318667,-25.6139959790146,-33.8043198714834));
#7009=CARTESIAN_POINT('Ctrl Pts',(-22.4081383362991,-25.1619947438163,-32.3039252629862));
#7010=CARTESIAN_POINT('Ctrl Pts',(-18.8745016539637,-24.0006063316945,-29.2847084868931));
#7011=CARTESIAN_POINT('Ctrl Pts',(-14.1373078492085,-21.594109325165,-24.7653530991169));
#7012=CARTESIAN_POINT('Ctrl Pts',(-11.3736371785413,-19.5965630503495,-21.7369071834722));
#7013=CARTESIAN_POINT('Ctrl Pts',(-10.1195045152499,-18.5315979786102,-20.2422962192079));
#7014=CARTESIAN_POINT('Ctrl Pts',(-26.1309697455513,-25.8745935020054,-32.4090026307554));
#7015=CARTESIAN_POINT('Ctrl Pts',(-24.2120783416991,-25.4567676276834,-30.980419913029));
#7016=CARTESIAN_POINT('Ctrl Pts',(-20.4983727143528,-24.3530658008289,-28.1000595625794));
#7017=CARTESIAN_POINT('Ctrl Pts',(-15.4820129866089,-22.0081857322783,-23.7702697856558));
#7018=CARTESIAN_POINT('Ctrl Pts',(-12.525500545009,-20.0312008214871,-20.8527390483571));
#7019=CARTESIAN_POINT('Ctrl Pts',(-11.1753640830843,-18.9706692005494,-19.4080609617097));
#7020=CARTESIAN_POINT('Ctrl Pts',(-26.8742773871758,-17.28750677842,-37.0455844144061));
#7021=CARTESIAN_POINT('Ctrl Pts',(-25.1587070665709,-17.3127746719958,-35.3937338706486));
#7022=CARTESIAN_POINT('Ctrl Pts',(-21.7841885036256,-17.0954763493067,-32.0729294793418));
#7023=CARTESIAN_POINT('Ctrl Pts',(-17.0859334993806,-16.0005586062086,-27.1139198322423));
#7024=CARTESIAN_POINT('Ctrl Pts',(-14.2355003456289,-14.8058201500964,-23.8075504631013));
#7025=CARTESIAN_POINT('Ctrl Pts',(-12.9153054885667,-14.1163682003328,-22.1818365990707));
#7026=CARTESIAN_POINT('Ctrl Pts',(-28.4431953971204,-17.9261722605378,-35.3955796475907));
#7027=CARTESIAN_POINT('Ctrl Pts',(-26.6416301812554,-17.9540443567121,-33.8185296671349));
#7028=CARTESIAN_POINT('Ctrl Pts',(-23.0971155360523,-17.7355040091656,-30.6481834742965));
#7029=CARTESIAN_POINT('Ctrl Pts',(-18.1487535695436,-16.6309476687338,-25.9128862893626));
#7030=CARTESIAN_POINT('Ctrl Pts',(-15.1304472381408,-15.4226364931696,-22.750952819444));
#7031=CARTESIAN_POINT('Ctrl Pts',(-13.7268202300839,-14.7244041477857,-21.1942469893297));
#7032=CARTESIAN_POINT('Ctrl Pts',(-30.2513504073032,-18.1243805104527,-33.8043198714834));
#7033=CARTESIAN_POINT('Ctrl Pts',(-28.365808719055,-18.1832763522018,-32.3039252629862));
#7034=CARTESIAN_POINT('Ctrl Pts',(-24.6498701648336,-18.0183191151149,-29.2847084359384));
#7035=CARTESIAN_POINT('Ctrl Pts',(-19.4390792502388,-16.9791411601994,-24.7653531418383));
#7036=CARTESIAN_POINT('Ctrl Pts',(-16.2389612959984,-15.8012987467007,-21.7369071834722));
#7037=CARTESIAN_POINT('Ctrl Pts',(-14.7440111361373,-15.1141864118599,-20.2422962192079));
#7038=CARTESIAN_POINT('Ctrl Pts',(-32.1428442849953,-17.8650421216264,-32.4090026307554));
#7039=CARTESIAN_POINT('Ctrl Pts',(-30.182382507885,-17.9804210691008,-30.980419913029));
#7040=CARTESIAN_POINT('Ctrl Pts',(-26.3086161080422,-17.9195932621655,-28.1000595116248));
#7041=CARTESIAN_POINT('Ctrl Pts',(-20.8456355510784,-17.0150653866628,-23.7702698283771));
#7042=CARTESIAN_POINT('Ctrl Pts',(-17.4653743115086,-15.9090499531764,-20.8527390483572));
#7043=CARTESIAN_POINT('Ctrl Pts',(-15.8791765650038,-15.2521081796452,-19.4080609617097));
#7044=CARTESIAN_POINT('',(-31.959262825062,-17.8809010815933,-32.37867966));
#7045=CARTESIAN_POINT('',(-15.8386585423187,-15.2470735664685,-19.4379235132796));
#7046=CARTESIAN_POINT('Ctrl Pts',(-31.9592639929555,-17.8808980245761,-32.3786803946557));
#7047=CARTESIAN_POINT('Ctrl Pts',(-31.3603276894677,-17.9133583466888,-31.9305554439363));
#7048=CARTESIAN_POINT('Ctrl Pts',(-30.762062425777,-17.9321665885531,-31.4807375918433));
#7049=CARTESIAN_POINT('Ctrl Pts',(-30.1650306865188,-17.9373693284779,-31.0293494796441));
#7050=CARTESIAN_POINT('Ctrl Pts',(-29.5682382778893,-17.9425699827934,-30.578142314275));
#7051=CARTESIAN_POINT('Ctrl Pts',(-28.9726783504444,-17.9341759801373,-30.1253660464835));
#7052=CARTESIAN_POINT('Ctrl Pts',(-28.3789583060254,-17.9122389974905,-29.671118511714));
#7053=CARTESIAN_POINT('Ctrl Pts',(-27.7847731927919,-17.8902848313131,-29.2165151588034));
#7054=CARTESIAN_POINT('Ctrl Pts',(-27.1924307978457,-17.854766425508,-28.7604381214668));
#7055=CARTESIAN_POINT('Ctrl Pts',(-26.6025864117869,-17.8057414572165,-28.3029623529214));
#7056=CARTESIAN_POINT('Ctrl Pts',(-26.5175738372299,-17.7986756295668,-28.2370276864218));
#7057=CARTESIAN_POINT('Ctrl Pts',(-26.432613232248,-17.7913292455165,-28.1710639271727));
#7058=CARTESIAN_POINT('Ctrl Pts',(-26.3477066390246,-17.7837024883072,-28.1050712622497));
#7059=CARTESIAN_POINT('Ctrl Pts',(-25.729761382913,-17.7281953921204,-27.6247804782344));
#7060=CARTESIAN_POINT('Ctrl Pts',(-25.1146461937901,-17.6578348821077,-27.1429593214262));
#7061=CARTESIAN_POINT('Ctrl Pts',(-24.5031183271117,-17.5726235632395,-26.6596882705273));
#7062=CARTESIAN_POINT('Ctrl Pts',(-24.1886727006225,-17.5288081821171,-26.4111918787123));
#7063=CARTESIAN_POINT('Ctrl Pts',(-23.8751762187517,-17.481066674067,-26.1623117887188));
#7064=CARTESIAN_POINT('Ctrl Pts',(-23.5627360194323,-17.4294020522436,-25.913056914676));
#7065=CARTESIAN_POINT('Ctrl Pts',(-23.0037811019848,-17.3369741428735,-25.4671404229844));
#7066=CARTESIAN_POINT('Ctrl Pts',(-22.4483673800949,-17.2320182045986,-25.0201538375387));
#7067=CARTESIAN_POINT('Ctrl Pts',(-21.8969514706279,-17.1145532074012,-24.5720624535162));
#7068=CARTESIAN_POINT('Ctrl Pts',(-21.5427757537172,-17.0391051674009,-24.2842523188194));
#7069=CARTESIAN_POINT('Ctrl Pts',(-21.1902502816674,-16.9584963023424,-23.9959859846913));
#7070=CARTESIAN_POINT('Ctrl Pts',(-20.8395066212787,-16.8727301934385,-23.7072503567841));
#7071=CARTESIAN_POINT('Ctrl Pts',(-20.3593797443017,-16.7553264633956,-23.3120051935629));
#7072=CARTESIAN_POINT('Ctrl Pts',(-19.8826140509723,-16.6282604146221,-22.9158646908857));
#7073=CARTESIAN_POINT('Ctrl Pts',(-19.4094857349356,-16.4915693525775,-22.5188075584288));
#7074=CARTESIAN_POINT('Ctrl Pts',(-18.9379924321978,-16.3553506607054,-22.1231225562588));
#7075=CARTESIAN_POINT('Ctrl Pts',(-18.4701112716631,-16.2095731591313,-21.7265270493662));
#7076=CARTESIAN_POINT('Ctrl Pts',(-18.0061635744001,-16.0542641027172,-21.328983652016));
#7077=CARTESIAN_POINT('Ctrl Pts',(-17.5454814059646,-15.9000482001305,-20.9342383921109));
#7078=CARTESIAN_POINT('Ctrl Pts',(-17.0886774192882,-15.7364342187155,-20.5385583271259));
#7079=CARTESIAN_POINT('Ctrl Pts',(-16.6361153558316,-15.5634425328164,-20.1418938171148));
#7080=CARTESIAN_POINT('Ctrl Pts',(-16.3687879014113,-15.4612567095637,-19.9075849293786));
#7081=CARTESIAN_POINT('Ctrl Pts',(-16.102941495025,-15.3557986759488,-19.6729323132366));
#7082=CARTESIAN_POINT('Ctrl Pts',(-15.8386594849405,-15.2470721007925,-19.4379240340109));
#7083=CARTESIAN_POINT('Ctrl Pts',(-26.874277387198,-17.2875067784332,-37.0455844143628));
#7084=CARTESIAN_POINT('Ctrl Pts',(-27.8142781895837,-17.6722795660912,-36.0468615809549));
#7085=CARTESIAN_POINT('Ctrl Pts',(-28.8321598677823,-17.8987895449478,-35.0674968066015));
#7086=CARTESIAN_POINT('Ctrl Pts',(-30.5717191153698,-18.0004266156663,-33.5239917695277));
#7087=CARTESIAN_POINT('Ctrl Pts',(-31.2622158364311,-17.9738259144509,-32.9416175325205));
#7088=CARTESIAN_POINT('Ctrl Pts',(-31.959262825062,-17.8809010815933,-32.37867966));
#7089=CARTESIAN_POINT('Ctrl Pts',(-15.8386585423187,-15.2470735664685,-19.4379235132796));
#7090=CARTESIAN_POINT('Ctrl Pts',(-15.4169427502209,-15.1980652953028,-19.7757299661414));
#7091=CARTESIAN_POINT('Ctrl Pts',(-15.0092340558234,-15.1107136349192,-20.1255537249021));
#7092=CARTESIAN_POINT('Ctrl Pts',(-14.0096327662441,-14.7913329876697,-21.0522050815332));
#7093=CARTESIAN_POINT('Ctrl Pts',(-13.4512080891123,-14.5064933913739,-21.6400014768364));
#7094=CARTESIAN_POINT('Ctrl Pts',(-12.9625535182162,-14.1410153344256,-22.2396108770523));
#7095=CARTESIAN_POINT('Ctrl Pts',(-33.0883455133606,-15.9100947578611,-32.4626302524857));
#7096=CARTESIAN_POINT('Ctrl Pts',(-31.1339819297001,-16.1260378381803,-30.9632767366794));
#7097=CARTESIAN_POINT('Ctrl Pts',(-27.2739198213663,-16.2694038033179,-27.9845658901332));
#7098=CARTESIAN_POINT('Ctrl Pts',(-21.7845208007566,-15.6814334898525,-23.646096917724));
#7099=CARTESIAN_POINT('Ctrl Pts',(-18.3524441926992,-14.8030622290902,-20.8149909660281));
#7100=CARTESIAN_POINT('Ctrl Pts',(-16.7305989021735,-14.2640851794371,-19.4370737036659));
#7101=CARTESIAN_POINT('Ctrl Pts',(-32.2082718403157,-14.2352989978212,-33.8532969829698));
#7102=CARTESIAN_POINT('Ctrl Pts',(-30.3436670132512,-14.5163203936695,-32.3049410121655));
#7103=CARTESIAN_POINT('Ctrl Pts',(-26.6461849020694,-14.7944687805197,-29.2184913013094));
#7104=CARTESIAN_POINT('Ctrl Pts',(-21.3608194452415,-14.4010431358472,-24.6921650997227));
#7105=CARTESIAN_POINT('Ctrl Pts',(-18.0445690768942,-13.6439933474641,-21.7209826052268));
#7106=CARTESIAN_POINT('Ctrl Pts',(-16.4763283722402,-13.1616851930883,-20.2711628071638));
#7107=CARTESIAN_POINT('Ctrl Pts',(-31.0078895344703,-12.8894827088624,-35.4354627162379));
#7108=CARTESIAN_POINT('Ctrl Pts',(-29.2376598589621,-13.2122694042049,-33.8259649669065));
#7109=CARTESIAN_POINT('Ctrl Pts',(-25.7163454831508,-13.5802351937827,-30.6101552591812));
#7110=CARTESIAN_POINT('Ctrl Pts',(-20.6633861647239,-13.3179755804882,-25.8697327373854));
#7111=CARTESIAN_POINT('Ctrl Pts',(-17.4876865081353,-12.6440457710772,-22.7460801296978));
#7112=CARTESIAN_POINT('Ctrl Pts',(-15.9863096918269,-12.200924763667,-21.2195373891603));
#7113=CARTESIAN_POINT('Ctrl Pts',(-29.5892795937985,-11.9870946538477,-37.0745794368569));
#7114=CARTESIAN_POINT('Ctrl Pts',(-27.9102858851551,-12.3251550961154,-35.3973800337166));
#7115=CARTESIAN_POINT('Ctrl Pts',(-24.5633660767485,-12.7298737125457,-32.0410769360946));
#7116=CARTESIAN_POINT('Ctrl Pts',(-19.7516493048934,-12.5244217777248,-27.0787889713435));
#7117=CARTESIAN_POINT('Ctrl Pts',(-16.729059635858,-11.8883484511272,-23.8030669274469));
#7118=CARTESIAN_POINT('Ctrl Pts',(-15.30221424819,-11.4635073476235,-22.201547290692));
#7119=CARTESIAN_POINT('',(-16.7303397707432,-14.2629621017852,-19.4379235132796));
#7120=CARTESIAN_POINT('',(-32.9789305143057,-15.9220364885811,-32.37867966));
#7121=CARTESIAN_POINT('Ctrl Pts',(-16.7303397696383,-14.2629621026644,-19.4379235136932));
#7122=CARTESIAN_POINT('Ctrl Pts',(-17.2270972356041,-14.423775515069,-19.8643994869307));
#7123=CARTESIAN_POINT('Ctrl Pts',(-17.7273537155151,-14.5741607736407,-20.2896949047178));
#7124=CARTESIAN_POINT('Ctrl Pts',(-18.2308800174487,-14.7141624520927,-20.7138937115477));
#7125=CARTESIAN_POINT('Ctrl Pts',(-18.7350930507209,-14.8543550709974,-21.138671059386));
#7126=CARTESIAN_POINT('Ctrl Pts',(-19.2425850333299,-14.9841360014723,-21.5623489548762));
#7127=CARTESIAN_POINT('Ctrl Pts',(-19.7531438226545,-15.1035156107911,-21.9850467421724));
#7128=CARTESIAN_POINT('Ctrl Pts',(-20.2642016759231,-15.2230119119775,-22.4081577105346));
#7129=CARTESIAN_POINT('Ctrl Pts',(-20.7783325554183,-15.3320867587414,-22.8302868056944));
#7130=CARTESIAN_POINT('Ctrl Pts',(-21.2953385287869,-15.430712779392,-23.2515865378383));
#7131=CARTESIAN_POINT('Ctrl Pts',(-21.4497131000125,-15.4601618581917,-23.3773838571293));
#7132=CARTESIAN_POINT('Ctrl Pts',(-21.6043440967115,-15.4886790734016,-23.5031074454893));
#7133=CARTESIAN_POINT('Ctrl Pts',(-21.7592264589884,-15.5162630026238,-23.6287618984995));
#7134=CARTESIAN_POINT('Ctrl Pts',(-22.3182320758277,-15.6158196670692,-24.0822773535903));
#7135=CARTESIAN_POINT('Ctrl Pts',(-22.8804932801266,-15.703244405238,-24.5348472914396));
#7136=CARTESIAN_POINT('Ctrl Pts',(-23.4457192389756,-15.7785778775069,-24.9866251040172));
#7137=CARTESIAN_POINT('Ctrl Pts',(-23.7933252297562,-15.8249069001872,-25.2644620853078));
#7138=CARTESIAN_POINT('Ctrl Pts',(-24.1420530650351,-15.8666621694436,-25.5419999373672));
#7139=CARTESIAN_POINT('Ctrl Pts',(-24.4918398253399,-15.9038457010739,-25.8192785708681));
#7140=CARTESIAN_POINT('Ctrl Pts',(-25.2028526784317,-15.9794288045896,-26.382903884002));
#7141=CARTESIAN_POINT('Ctrl Pts',(-25.9176570289669,-16.0360576967374,-26.9449927696704));
#7142=CARTESIAN_POINT('Ctrl Pts',(-26.6352045041322,-16.0738292048794,-27.5054319070369));
#7143=CARTESIAN_POINT('Ctrl Pts',(-26.8584576442842,-16.0855811907659,-27.6798033620438));
#7144=CARTESIAN_POINT('Ctrl Pts',(-27.081976566907,-16.0955079116867,-27.8540153308922));
#7145=CARTESIAN_POINT('Ctrl Pts',(-27.3057303372617,-16.1036128368838,-28.0280649734521));
#7146=CARTESIAN_POINT('Ctrl Pts',(-28.002123324187,-16.1288379450815,-28.5697628865797));
#7147=CARTESIAN_POINT('Ctrl Pts',(-28.700758955321,-16.1364098604627,-29.1098627445446));
#7148=CARTESIAN_POINT('Ctrl Pts',(-29.4006974007126,-16.1263362128207,-29.6481727322141));
#7149=CARTESIAN_POINT('Ctrl Pts',(-30.1138840451256,-16.1160718945708,-30.1966716699246));
#7150=CARTESIAN_POINT('Ctrl Pts',(-30.8284232901034,-16.0874876440426,-30.7433125902524));
#7151=CARTESIAN_POINT('Ctrl Pts',(-31.5433195381369,-16.0406345308436,-31.2879256780957));
#7152=CARTESIAN_POINT('Ctrl Pts',(-32.0217963873012,-16.0092759525343,-31.6524327726589));
#7153=CARTESIAN_POINT('Ctrl Pts',(-32.5004331420329,-15.9697345965614,-32.0160321682941));
#7154=CARTESIAN_POINT('Ctrl Pts',(-32.9789308054745,-15.9220366166196,-32.3786801024142));
#7155=CARTESIAN_POINT('Ctrl Pts',(-15.3616118433568,-11.4898646630462,-22.2396108770523));
#7156=CARTESIAN_POINT('Ctrl Pts',(-15.7757524368729,-11.939528307839,-21.6386461450648));
#7157=CARTESIAN_POINT('Ctrl Pts',(-16.1152535436372,-12.4689177262609,-21.0493086416205));
#7158=CARTESIAN_POINT('Ctrl Pts',(-16.5253176435212,-13.4405640125624,-20.1226823556707));
#7159=CARTESIAN_POINT('Ctrl Pts',(-16.6478430143416,-13.8424461315067,-19.7735174015949));
#7160=CARTESIAN_POINT('Ctrl Pts',(-16.7303397707432,-14.2629621017852,-19.4379235132796));
#7161=CARTESIAN_POINT('Ctrl Pts',(-32.9789305143057,-15.9220364885811,-32.37867966));
#7162=CARTESIAN_POINT('Ctrl Pts',(-32.6715757560579,-15.274249417024,-32.9371062926339));
#7163=CARTESIAN_POINT('Ctrl Pts',(-32.3068730794111,-14.6735802339149,-33.5184796398716));
#7164=CARTESIAN_POINT('Ctrl Pts',(-31.2400991058439,-13.270455112971,-35.0621332393077));
#7165=CARTESIAN_POINT('Ctrl Pts',(-30.4709671848043,-12.5562044917025,-36.0439429177018));
#7166=CARTESIAN_POINT('Ctrl Pts',(-29.6143565996861,-12.0031062181864,-37.0455844143628));
#7167=CARTESIAN_POINT('Origin',(0.,0.,-34.7121320371814));
#7168=CARTESIAN_POINT('Origin',(0.,0.,-32.37867966));
#7169=CARTESIAN_POINT('Origin',(0.,0.,-20.8387671951659));
#7170=CARTESIAN_POINT('Origin',(0.,0.,-19.4379235132796));
#7171=CARTESIAN_POINT('Origin',(0.,0.,-25.9083015866398));
#7172=CARTESIAN_POINT('Origin',(0.,0.,-25.9083015866398));
#7173=CARTESIAN_POINT('',(-35.598336042336,-8.59532284606171,-32.37867966));
#7174=CARTESIAN_POINT('',(-19.3649293366244,-10.40845178444,-19.4379235132796));
#7175=CARTESIAN_POINT('Ctrl Pts',(-35.5983363418196,-8.59531958747332,-32.3786803947896));
#7176=CARTESIAN_POINT('Ctrl Pts',(-35.0303692883585,-8.78816680654246,-31.9305565347807));
#7177=CARTESIAN_POINT('Ctrl Pts',(-34.4593650904824,-8.96768723551916,-31.4807397928854));
#7178=CARTESIAN_POINT('Ctrl Pts',(-33.8858779494776,-9.13377396291046,-31.0293528018669));
#7179=CARTESIAN_POINT('Ctrl Pts',(-33.3126206027648,-9.29979413993088,-30.5781466800372));
#7180=CARTESIAN_POINT('Ctrl Pts',(-32.736882233457,-9.45239133498816,-30.1253714662236));
#7181=CARTESIAN_POINT('Ctrl Pts',(-32.1592616702775,-9.59145142750057,-29.671124987439));
#7182=CARTESIAN_POINT('Ctrl Pts',(-31.5811885259243,-9.73062047731799,-29.2165225943785));
#7183=CARTESIAN_POINT('Ctrl Pts',(-31.001230181243,-9.85623118268731,-28.7604465182749));
#7184=CARTESIAN_POINT('Ctrl Pts',(-30.4200331970852,-9.96816228022845,-28.3029717039261));
#7185=CARTESIAN_POINT('Ctrl Pts',(-30.3362628624034,-9.98429537409834,-28.2370339593213));
#7186=CARTESIAN_POINT('Ctrl Pts',(-30.2524668746501,-10.0001442674438,-28.1710671189831));
#7187=CARTESIAN_POINT('Ctrl Pts',(-30.1686472500396,-10.0157085856627,-28.1050713699889));
#7188=CARTESIAN_POINT('Ctrl Pts',(-29.5586411909408,-10.1289795346006,-27.6247804244217));
#7189=CARTESIAN_POINT('Ctrl Pts',(-28.9473528625691,-10.2271843124857,-27.1429590901618));
#7190=CARTESIAN_POINT('Ctrl Pts',(-28.335512145395,-10.310121123937,-26.6596878554564));
#7191=CARTESIAN_POINT('Ctrl Pts',(-28.0209059545837,-10.3527669198056,-26.4111916079664));
#7192=CARTESIAN_POINT('Ctrl Pts',(-27.7061544598563,-10.3913761070729,-26.1623116613592));
#7193=CARTESIAN_POINT('Ctrl Pts',(-27.3913616392737,-10.4259226819511,-25.9130569310596));
#7194=CARTESIAN_POINT('Ctrl Pts',(-26.8281974603713,-10.4877264849705,-25.4671403587982));
#7195=CARTESIAN_POINT('Ctrl Pts',(-26.2650631534836,-10.5365114201332,-25.0201536921414));
#7196=CARTESIAN_POINT('Ctrl Pts',(-25.7024035230892,-10.5721725614156,-24.5720622338748));
#7197=CARTESIAN_POINT('Ctrl Pts',(-25.3410060514776,-10.595077787947,-24.284252141733));
#7198=CARTESIAN_POINT('Ctrl Pts',(-24.9798052623346,-10.6125683362094,-23.9959858533223));
#7199=CARTESIAN_POINT('Ctrl Pts',(-24.6189288102706,-10.6246121586704,-23.7072502763498));
#7200=CARTESIAN_POINT('Ctrl Pts',(-24.1249308996832,-10.6410987515116,-23.3120048373059));
#7201=CARTESIAN_POINT('Ctrl Pts',(-23.6315626838187,-10.6473744771733,-22.9158640670342));
#7202=CARTESIAN_POINT('Ctrl Pts',(-23.1391001683686,-10.6434007445636,-22.5188066703724));
#7203=CARTESIAN_POINT('Ctrl Pts',(-22.6483394510812,-10.6394407439449,-22.1231213812862));
#7204=CARTESIAN_POINT('Ctrl Pts',(-22.1584779964898,-10.6253018408421,-21.7265255907347));
#7205=CARTESIAN_POINT('Ctrl Pts',(-21.6698325527608,-10.600923590979,-21.3289819080718));
#7206=CARTESIAN_POINT('Ctrl Pts',(-21.1846264583381,-10.576716928343,-20.9342363515487));
#7207=CARTESIAN_POINT('Ctrl Pts',(-20.7006191548175,-10.5424143595673,-20.5385559882512));
#7208=CARTESIAN_POINT('Ctrl Pts',(-20.2181663815787,-10.497937370048,-20.1418911733127));
#7209=CARTESIAN_POINT('Ctrl Pts',(-19.9331838383745,-10.4716650252915,-19.9075831663302));
#7210=CARTESIAN_POINT('Ctrl Pts',(-19.6487445794529,-10.4418422593642,-19.6729314317436));
#7211=CARTESIAN_POINT('Ctrl Pts',(-19.3649298488566,-10.408450118799,-19.4379240340109));
#7212=CARTESIAN_POINT('',(-19.9580345106476,-9.22026112608898,-19.4379235132796));
#7213=CARTESIAN_POINT('Origin',(0.,0.,-19.4379235132796));
#7214=CARTESIAN_POINT('',(-36.0516963453303,-6.43399521566562,-32.37867966));
#7215=CARTESIAN_POINT('Ctrl Pts',(-19.958034509821,-9.22026112723372,-19.4379235136932));
#7216=CARTESIAN_POINT('Ctrl Pts',(-20.4797571499768,-9.24108755572811,-19.8643989548877));
#7217=CARTESIAN_POINT('Ctrl Pts',(-21.0020355710772,-9.25092852684831,-20.2896938326105));
#7218=CARTESIAN_POINT('Ctrl Pts',(-21.5246611006667,-9.24988880062071,-20.7138920895007));
#7219=CARTESIAN_POINT('Ctrl Pts',(-22.0479994995072,-9.24884765619056,-21.1386689593301));
#7220=CARTESIAN_POINT('Ctrl Pts',(-22.5716862122666,-9.23689628223208,-21.5623463665325));
#7221=CARTESIAN_POINT('Ctrl Pts',(-23.09551975491,-9.21410190095318,-21.9850436533413));
#7222=CARTESIAN_POINT('Ctrl Pts',(-23.6198654843571,-9.19128523209561,-22.4081542393275));
#7223=CARTESIAN_POINT('Ctrl Pts',(-24.1443586007404,-9.15760448518902,-22.8302829393361));
#7224=CARTESIAN_POINT('Ctrl Pts',(-24.6688011215443,-9.11308670905277,-23.2515822616552));
#7225=CARTESIAN_POINT('Ctrl Pts',(-24.8253979556469,-9.09979384562602,-23.377380871546));
#7226=CARTESIAN_POINT('Ctrl Pts',(-24.9819902911687,-9.08553447168876,-23.5031057475403));
#7227=CARTESIAN_POINT('Ctrl Pts',(-25.138572871778,-9.07030858283632,-23.6287614853237));
#7228=CARTESIAN_POINT('Ctrl Pts',(-25.703710344368,-9.01535534148265,-24.0822778713166));
#7229=CARTESIAN_POINT('Ctrl Pts',(-26.2687095047622,-8.94784165593855,-24.5348487174126));
#7230=CARTESIAN_POINT('Ctrl Pts',(-26.8333012910914,-8.86788515124145,-24.9866274428723));
#7231=CARTESIAN_POINT('Ctrl Pts',(-27.1805152104085,-8.81871332118124,-25.2644633337393));
#7232=CARTESIAN_POINT('Ctrl Pts',(-27.5275753899719,-8.76483471227831,-25.5420001006687));
#7233=CARTESIAN_POINT('Ctrl Pts',(-27.8744217920909,-8.70626824216715,-25.8192776598002));
#7234=CARTESIAN_POINT('Ctrl Pts',(-28.5794717472745,-8.5872175993614,-26.3829119643358));
#7235=CARTESIAN_POINT('Ctrl Pts',(-29.2830587844837,-8.44889207923245,-26.9450098285657));
#7236=CARTESIAN_POINT('Ctrl Pts',(-29.9841995163091,-8.29166779522274,-27.505457973867));
#7237=CARTESIAN_POINT('Ctrl Pts',(-30.2023331243546,-8.24275336365902,-27.6798203671895));
#7238=CARTESIAN_POINT('Ctrl Pts',(-30.4202302360636,-8.19200983876314,-27.854023298894));
#7239=CARTESIAN_POINT('Ctrl Pts',(-30.6378620052719,-8.13944890571556,-28.0280639306707));
#7240=CARTESIAN_POINT('Ctrl Pts',(-31.315221827636,-7.97585760467566,-28.5697501553115));
#7241=CARTESIAN_POINT('Ctrl Pts',(-31.9899785236624,-7.79466347363735,-29.1098384860006));
#7242=CARTESIAN_POINT('Ctrl Pts',(-32.6612291883137,-7.59612737895696,-29.6481370420068));
#7243=CARTESIAN_POINT('Ctrl Pts',(-33.3451829087435,-7.3938340960642,-30.1966226070434));
#7244=CARTESIAN_POINT('Ctrl Pts',(-34.0254966250781,-7.17353619739705,-30.7432502655874));
#7245=CARTESIAN_POINT('Ctrl Pts',(-34.701225464358,-6.93555141666485,-31.2878501370098));
#7246=CARTESIAN_POINT('Ctrl Pts',(-35.1535301601028,-6.7762543324148,-31.6523825719563));
#7247=CARTESIAN_POINT('Ctrl Pts',(-35.6037808663913,-6.60903365805169,-32.0160071579855));
#7248=CARTESIAN_POINT('Ctrl Pts',(-36.0516966597662,-6.43399526008056,-32.3786801015234));
#7249=CARTESIAN_POINT('Origin',(0.,0.,-32.37867966));
#7250=CARTESIAN_POINT('Origin',(0.,0.,-20.8387671951659));
#7251=CARTESIAN_POINT('Ctrl Pts',(-19.3649293366244,-10.40845178444,-19.4379235132796));
#7252=CARTESIAN_POINT('Ctrl Pts',(-18.9456296367454,-10.4750384319654,-19.7757299661414));
#7253=CARTESIAN_POINT('Ctrl Pts',(-18.5294726907813,-10.5009244974246,-20.1255537249021));
#7254=CARTESIAN_POINT('Ctrl Pts',(-17.4807714611923,-10.4630765513167,-21.0522050815332));
#7255=CARTESIAN_POINT('Ctrl Pts',(-16.8662058825221,-10.3394607547468,-21.6400014768364));
#7256=CARTESIAN_POINT('Ctrl Pts',(-16.2970671489714,-10.1193730410038,-22.2396108770523));
#7257=CARTESIAN_POINT('Ctrl Pts',(-17.891889992616,-6.91927603822863,-22.2396108770523));
#7258=CARTESIAN_POINT('Ctrl Pts',(-18.4119909289769,-7.24053114035567,-21.6386461450648));
#7259=CARTESIAN_POINT('Ctrl Pts',(-18.8817299695289,-7.65869306068396,-21.0493086416205));
#7260=CARTESIAN_POINT('Ctrl Pts',(-19.5387348109788,-8.48367409683486,-20.1226823556707));
#7261=CARTESIAN_POINT('Ctrl Pts',(-19.7651431067574,-8.83759638721007,-19.7735174015949));
#7262=CARTESIAN_POINT('Ctrl Pts',(-19.9580345106476,-9.22026112608897,-19.4379235132796));
#7263=CARTESIAN_POINT('Origin',(0.,0.,-34.7121320371814));
#7264=CARTESIAN_POINT('Ctrl Pts',(-30.5418197912895,-9.39584586585131,-37.0455844143628));
#7265=CARTESIAN_POINT('Ctrl Pts',(-31.5507732697666,-9.51274105341952,-36.0468615809549));
#7266=CARTESIAN_POINT('Ctrl Pts',(-32.592020795109,-9.45623023761948,-35.0674968066015));
#7267=CARTESIAN_POINT('Ctrl Pts',(-34.2944938204865,-9.08477086181427,-33.5239917695277));
#7268=CARTESIAN_POINT('Ctrl Pts',(-34.952208266755,-8.87286280092158,-32.9416175325205));
#7269=CARTESIAN_POINT('Ctrl Pts',(-35.598336042336,-8.5953228460617,-32.37867966));
#7270=CARTESIAN_POINT('Ctrl Pts',(-36.0516963453303,-6.43399521566561,-32.37867966));
#7271=CARTESIAN_POINT('Ctrl Pts',(-35.5809682749615,-5.89315316731789,-32.9371062926339));
#7272=CARTESIAN_POINT('Ctrl Pts',(-35.0677311567399,-5.41315403151675,-33.5184796398716));
#7273=CARTESIAN_POINT('Ctrl Pts',(-33.6619574287394,-4.34987276987063,-35.0621332393077));
#7274=CARTESIAN_POINT('Ctrl Pts',(-32.7286444943042,-3.86961780804254,-36.0439429177018));
#7275=CARTESIAN_POINT('Ctrl Pts',(-31.7545752250416,-3.5681406888755,-37.0455844143628));
#7276=CARTESIAN_POINT('Ctrl Pts',(-36.1538320990251,-6.39297650325331,-32.4626302524857));
#7277=CARTESIAN_POINT('Ctrl Pts',(-34.3302023643793,-7.12819281291431,-30.9632767366794));
#7278=CARTESIAN_POINT('Ctrl Pts',(-30.6519605740098,-8.30767405425575,-27.984564163858));
#7279=CARTESIAN_POINT('Ctrl Pts',(-25.2074918756475,-9.22252975341094,-23.6460966804006));
#7280=CARTESIAN_POINT('Ctrl Pts',(-21.6657041708808,-9.30269434004646,-20.8149909660281));
#7281=CARTESIAN_POINT('Ctrl Pts',(-19.9585870355059,-9.22127264415189,-19.4370737036659));
#7282=CARTESIAN_POINT('Ctrl Pts',(-34.8545394567043,-5.01772774850195,-33.8532969829698));
#7283=CARTESIAN_POINT('Ctrl Pts',(-33.1348978998776,-5.79139247050469,-32.3049410121655));
#7284=CARTESIAN_POINT('Ctrl Pts',(-29.6495710615295,-7.05679447745744,-29.2184895750342));
#7285=CARTESIAN_POINT('Ctrl Pts',(-24.4540573324181,-8.10393300463872,-24.6921648623994));
#7286=CARTESIAN_POINT('Ctrl Pts',(-21.0565328577167,-8.26967058886562,-21.7209826052268));
#7287=CARTESIAN_POINT('Ctrl Pts',(-19.4163215897296,-8.22835400770102,-20.2711628071638));
#7288=CARTESIAN_POINT('Ctrl Pts',(-33.3355736936477,-4.04567724854033,-35.4354627162379));
#7289=CARTESIAN_POINT('Ctrl Pts',(-31.7180757447006,-4.83409638826997,-33.8259649669065));
#7290=CARTESIAN_POINT('Ctrl Pts',(-28.4266184179398,-6.13845760249472,-30.610155682649));
#7291=CARTESIAN_POINT('Ctrl Pts',(-23.4902792391057,-7.24919511063175,-25.8697331538838));
#7292=CARTESIAN_POINT('Ctrl Pts',(-20.2505183778006,-7.4570489000859,-22.7460801296978));
#7293=CARTESIAN_POINT('Ctrl Pts',(-18.6852640695229,-7.43542663899366,-21.2195373891603));
#7294=CARTESIAN_POINT('Ctrl Pts',(-31.7261082741977,-3.55948857199504,-37.0745794368569));
#7295=CARTESIAN_POINT('Ctrl Pts',(-30.2005838225766,-4.33799989740808,-35.3973800337166));
#7296=CARTESIAN_POINT('Ctrl Pts',(-27.086969833605,-5.63069995277478,-32.0410773595624));
#7297=CARTESIAN_POINT('Ctrl Pts',(-22.3982538015379,-6.73105209643744,-27.0787893878418));
#7298=CARTESIAN_POINT('Ctrl Pts',(-19.3161387509436,-6.93404996735701,-23.8030669274469));
#7299=CARTESIAN_POINT('Ctrl Pts',(-17.8275839028056,-6.90992140295056,-22.201547290692));
#7300=CARTESIAN_POINT('Ctrl Pts',(-30.5418197912645,-9.39584586584458,-37.0455844144061));
#7301=CARTESIAN_POINT('Ctrl Pts',(-28.896684667994,-9.88303209057559,-35.3937338706486));
#7302=CARTESIAN_POINT('Ctrl Pts',(-25.5886763606463,-10.5842271198313,-32.0729301173267));
#7303=CARTESIAN_POINT('Ctrl Pts',(-20.7692397086344,-10.7974855681842,-27.11392002957));
#7304=CARTESIAN_POINT('Ctrl Pts',(-17.7021718476792,-10.4160881468349,-23.8075504631013));
#7305=CARTESIAN_POINT('Ctrl Pts',(-16.2449214872323,-10.1083872553453,-22.1818365990707));
#7306=CARTESIAN_POINT('Ctrl Pts',(-32.2248679503963,-9.58753888611506,-35.3955796475907));
#7307=CARTESIAN_POINT('Ctrl Pts',(-30.4976294613086,-10.100433887625,-33.8185296671349));
#7308=CARTESIAN_POINT('Ctrl Pts',(-27.0255938932773,-10.8462973437767,-30.6481841122814));
#7309=CARTESIAN_POINT('Ctrl Pts',(-21.9627244611765,-11.1177526709939,-25.9128864866904));
#7310=CARTESIAN_POINT('Ctrl Pts',(-18.7303467394952,-10.7685774847419,-22.750952819444));
#7311=CARTESIAN_POINT('Ctrl Pts',(-17.190389196147,-10.4749315234689,-21.1942469893297));
#7312=CARTESIAN_POINT('Ctrl Pts',(-34.0194476137496,-9.29056265295432,-33.8043198714834));
#7313=CARTESIAN_POINT('Ctrl Pts',(-32.2197168340589,-9.85598753649869,-32.3039252629862));
#7314=CARTESIAN_POINT('Ctrl Pts',(-28.5970698332796,-10.6996958769012,-29.2847086808496));
#7315=CARTESIAN_POINT('Ctrl Pts',(-23.2991422227008,-11.104907943121,-24.7653529360215));
#7316=CARTESIAN_POINT('Ctrl Pts',(-19.899915942436,-10.834124401141,-21.7369071834722));
#7317=CARTESIAN_POINT('Ctrl Pts',(-18.2750219004202,-10.5758247817441,-20.2422962192079));
#7318=CARTESIAN_POINT('Ctrl Pts',(-35.7708311075494,-8.53052229421589,-32.4090026307554));
#7319=CARTESIAN_POINT('Ctrl Pts',(-33.9141974386734,-9.17054893477619,-30.980419913029));
#7320=CARTESIAN_POINT('Ctrl Pts',(-30.1676690609577,-10.1571067467405,-28.100059756536));
#7321=CARTESIAN_POINT('Ctrl Pts',(-24.6632318407134,-10.7600156534,-23.7702696225604));
#7322=CARTESIAN_POINT('Ctrl Pts',(-21.1099211640946,-10.6069976288994,-20.8527390483571));
#7323=CARTESIAN_POINT('Ctrl Pts',(-19.4053031634961,-10.4023680688088,-19.4080609617097));
#7324=CARTESIAN_POINT('Ctrl Pts',(-31.9442151409637,-0.807338048534258,
-37.0455844144061));
#7325=CARTESIAN_POINT('Ctrl Pts',(-30.491527361128,-1.72031023086085,-35.3937338706486));
#7326=CARTESIAN_POINT('Ctrl Pts',(-27.4953701716974,-3.28799462781233,-32.0729311680024));
#7327=CARTESIAN_POINT('Ctrl Pts',(-22.9121869019891,-4.79361292910154,-27.1139203340501));
#7328=CARTESIAN_POINT('Ctrl Pts',(-19.8559542458349,-5.25384253615515,-23.8075504631013));
#7329=CARTESIAN_POINT('Ctrl Pts',(-18.3697259747607,-5.35071347042353,-22.1818365990707));
#7330=CARTESIAN_POINT('Ctrl Pts',(-33.6165694667529,-0.537841612581082,
-35.3955796475907));
#7331=CARTESIAN_POINT('Ctrl Pts',(-32.0917590815878,-1.49772044350329,-33.8185296671349));
#7332=CARTESIAN_POINT('Ctrl Pts',(-28.9497086045977,-3.15267086622569,-30.6481851629571));
#7333=CARTESIAN_POINT('Ctrl Pts',(-24.1478210326438,-4.78000532630478,-25.9128867911704));
#7334=CARTESIAN_POINT('Ctrl Pts',(-20.941102108816,-5.31586234723498,-22.750952819444));
#7335=CARTESIAN_POINT('Ctrl Pts',(-19.3790256363296,-5.4485811476796,-21.1942469893297));
#7336=CARTESIAN_POINT('Ctrl Pts',(-35.2644780193015,0.232293735017612,-33.8043198714834));
#7337=CARTESIAN_POINT('Ctrl Pts',(-33.6840359468775,-0.797725213356335,
-32.3039252629862));
#7338=CARTESIAN_POINT('Ctrl Pts',(-30.4233555083986,-2.58752574273631,-29.2847090948307));
#7339=CARTESIAN_POINT('Ctrl Pts',(-25.4312141282371,-4.40707512600661,-24.7653525854684));
#7340=CARTESIAN_POINT('Ctrl Pts',(-22.0849848594811,-5.06343261156983,-21.7369071834722));
#7341=CARTESIAN_POINT('Ctrl Pts',(-20.4506578930113,-5.25310260874535,-20.2422962192079));
#7342=CARTESIAN_POINT('Ctrl Pts',(-36.7458590275202,1.43666734721376,-32.4090026307554));
#7343=CARTESIAN_POINT('Ctrl Pts',(-35.1307514925652,0.319460861570957,-30.980419913029));
#7344=CARTESIAN_POINT('Ctrl Pts',(-31.7893238608428,-1.64131468896831,-28.1000601705171));
#7345=CARTESIAN_POINT('Ctrl Pts',(-26.6516687767495,-3.70694540345271,-23.7702692720072));
#7346=CARTESIAN_POINT('Ctrl Pts',(-23.1888417354031,-4.51827281427231,-20.8527390483572));
#7347=CARTESIAN_POINT('Ctrl Pts',(-21.4922271997069,-4.78113190597626,-19.4080609617097));
#7348=CARTESIAN_POINT('',(-36.5972435269013,1.32773116397668,-32.37867966));
#7349=CARTESIAN_POINT('',(-21.4549919106897,-4.79788274905813,-19.4379235132796));
#7350=CARTESIAN_POINT('Ctrl Pts',(-36.5972429356832,1.32773438213295,-32.3786803950158));
#7351=CARTESIAN_POINT('Ctrl Pts',(-36.1023691557029,0.98880412352433,-31.9305583141585));
#7352=CARTESIAN_POINT('Ctrl Pts',(-35.6009753463326,0.661886921030561,-31.4807433838661));
#7353=CARTESIAN_POINT('Ctrl Pts',(-35.0935663235304,0.347235256399267,-31.0293582225655));
#7354=CARTESIAN_POINT('Ctrl Pts',(-34.5863604749627,0.0327095830456847,
-30.5781538026994));
#7355=CARTESIAN_POINT('Ctrl Pts',(-34.0731441509985,-0.269560349408573,
-30.1253803080688));
#7356=CARTESIAN_POINT('Ctrl Pts',(-33.5544631954949,-0.55930307673017,-29.6711355514554));
#7357=CARTESIAN_POINT('Ctrl Pts',(-33.0353756574474,-0.849272926975573,
-29.2165347224111));
#7358=CARTESIAN_POINT('Ctrl Pts',(-32.5108148581073,-1.12669592036907,-28.7604602122848));
#7359=CARTESIAN_POINT('Ctrl Pts',(-31.9813706768315,-1.39128083625387,-28.3029869516501));
#7360=CARTESIAN_POINT('Ctrl Pts',(-31.9050536229037,-1.42941959007943,-28.2370441899066));
#7361=CARTESIAN_POINT('Ctrl Pts',(-31.8286351755085,-1.46729156252161,-28.1710723275494));
#7362=CARTESIAN_POINT('Ctrl Pts',(-31.7521171755,-1.50489584864303,-28.1050715516572));
#7363=CARTESIAN_POINT('Ctrl Pts',(-31.1952915552239,-1.77854427048181,-27.624780339514));
#7364=CARTESIAN_POINT('Ctrl Pts',(-30.6331664234963,-2.03803113175203,-27.1429587117954));
#7365=CARTESIAN_POINT('Ctrl Pts',(-30.0663901570538,-2.28296520146891,-26.6596871729364));
#7366=CARTESIAN_POINT('Ctrl Pts',(-29.7749563985613,-2.40890917750816,-26.4111911626392));
#7367=CARTESIAN_POINT('Ctrl Pts',(-29.4822936691202,-2.53100543868829,-26.162311451619));
#7368=CARTESIAN_POINT('Ctrl Pts',(-29.188495075646,-2.64920089291936,-25.9130569574994));
#7369=CARTESIAN_POINT('Ctrl Pts',(-28.6628888990548,-2.86065275881916,-25.4671402493791));
#7370=CARTESIAN_POINT('Ctrl Pts',(-28.1337990581572,-3.05956045128073,-25.0201534458139));
#7371=CARTESIAN_POINT('Ctrl Pts',(-27.6016255582719,-3.24570292938522,-24.5720618624947));
#7372=CARTESIAN_POINT('Ctrl Pts',(-27.2598095730345,-3.3652625740529,-24.2842518417742));
#7373=CARTESIAN_POINT('Ctrl Pts',(-26.9167221252871,-3.47955526434761,-23.9959856301609));
#7374=CARTESIAN_POINT('Ctrl Pts',(-26.5724774904651,-3.58851570070712,-23.7072501388472));
#7375=CARTESIAN_POINT('Ctrl Pts',(-26.1012459324553,-3.73767008393715,-23.3120042536214));
#7376=CARTESIAN_POINT('Ctrl Pts',(-25.6278658760834,-3.8768223240172,-22.9158630512495));
#7377=CARTESIAN_POINT('Ctrl Pts',(-25.1525926645064,-4.00586080486229,-22.5188052283428));
#7378=CARTESIAN_POINT('Ctrl Pts',(-24.6789618035561,-4.13445338127866,-22.123119475539));
#7379=CARTESIAN_POINT('Ctrl Pts',(-24.2034506237563,-4.25300187290816,-21.7265232269052));
#7380=CARTESIAN_POINT('Ctrl Pts',(-23.7263478041381,-4.3613626285272,-21.3289790834499));
#7381=CARTESIAN_POINT('Ctrl Pts',(-23.2526030628173,-4.46896068921599,-20.9342330462005));
#7382=CARTESIAN_POINT('Ctrl Pts',(-22.7772888001204,-4.56651378028302,-20.5385521993931));
#7383=CARTESIAN_POINT('Ctrl Pts',(-22.3007263654007,-4.65385033035579,-20.1418868898028));
#7384=CARTESIAN_POINT('Ctrl Pts',(-22.0192252826421,-4.70543923375802,-19.9075803099983));
#7385=CARTESIAN_POINT('Ctrl Pts',(-21.7372894413778,-4.75346284837981,-19.6729300037419));
#7386=CARTESIAN_POINT('Ctrl Pts',(-21.4549919545423,-4.79788100698498,-19.4379240340109));
#7387=CARTESIAN_POINT('Ctrl Pts',(-31.9442151409895,-0.807338048533999,
-37.0455844143628));
#7388=CARTESIAN_POINT('Ctrl Pts',(-32.9472918317146,-0.647686054710399,
-36.0468615809549));
#7389=CARTESIAN_POINT('Ctrl Pts',(-33.9346806386366,-0.312345592941797,
-35.0674968066015));
#7390=CARTESIAN_POINT('Ctrl Pts',(-35.4737951224775,0.504656708284235,-33.5239994747373));
#7391=CARTESIAN_POINT('Ctrl Pts',(-36.049945395249,0.886151959851311,-32.9416277263052));
#7392=CARTESIAN_POINT('Ctrl Pts',(-36.5972435269013,1.32773116397666,-32.37867966));
#7393=CARTESIAN_POINT('Ctrl Pts',(-21.4549919106897,-4.79788274905812,-19.4379235132796));
#7394=CARTESIAN_POINT('Ctrl Pts',(-21.069205843601,-4.97512588824133,-19.7757299661414));
#7395=CARTESIAN_POINT('Ctrl Pts',(-20.6754651029611,-5.11232982848913,-20.1255537249021));
#7396=CARTESIAN_POINT('Ctrl Pts',(-19.6554413060721,-5.35882159254267,-21.0522050815332));
#7397=CARTESIAN_POINT('Ctrl Pts',(-19.0303143433831,-5.40559761382572,-21.6400014768364));
#7398=CARTESIAN_POINT('Ctrl Pts',(-18.4229018634088,-5.34722314218214,-22.2396108770523));
#7399=CARTESIAN_POINT('Ctrl Pts',(-36.5379543506815,3.59827957267925,-32.4626302524857));
#7400=CARTESIAN_POINT('Ctrl Pts',(-34.9803087399181,2.39831766397325,-30.9632767366794));
#7401=CARTESIAN_POINT('Ctrl Pts',(-31.7566859376376,0.270197163399232,-27.9845634743165));
#7402=CARTESIAN_POINT('Ctrl Pts',(-26.7609384567666,-2.07963330550958,-23.6460966000448));
#7403=CARTESIAN_POINT('Ctrl Pts',(-23.3721179847097,-3.11238816879633,-20.8149909660281));
#7404=CARTESIAN_POINT('Ctrl Pts',(-21.7063380728751,-3.49456050136526,-19.4370737036659));
#7405=CARTESIAN_POINT('Ctrl Pts',(-34.9158053304974,4.57198541334666,-33.8532969829698));
#7406=CARTESIAN_POINT('Ctrl Pts',(-33.4686649913417,3.36305653833982,-32.3049410121655));
#7407=CARTESIAN_POINT('Ctrl Pts',(-30.4539844764878,1.20424927837979,-29.2184888854927));
#7408=CARTESIAN_POINT('Ctrl Pts',(-25.7336495191606,-1.20579136558722,-24.6921647820435));
#7409=CARTESIAN_POINT('Ctrl Pts',(-22.5068299237105,-2.28202419391661,-21.7209826052268));
#7410=CARTESIAN_POINT('Ctrl Pts',(-20.9162950586696,-2.68476344777739,-20.2711628071638));
#7411=CARTESIAN_POINT('Ctrl Pts',(-33.1909108520695,5.09817758556404,-35.435462716238));
#7412=CARTESIAN_POINT('Ctrl Pts',(-31.8461070529962,3.90259944226344,-33.8259649669065));
#7413=CARTESIAN_POINT('Ctrl Pts',(-29.0286189280248,1.75858253674313,-30.6101558485828));
#7414=CARTESIAN_POINT('Ctrl Pts',(-24.575005761204,-0.642774126957007,-25.8697333172868));
#7415=CARTESIAN_POINT('Ctrl Pts',(-21.5114619393417,-1.71699682590401,-22.7460801296978));
#7416=CARTESIAN_POINT('Ctrl Pts',(-19.9984178905777,-2.11847693531969,-21.2195373891603));
#7417=CARTESIAN_POINT('Ctrl Pts',(-31.5099566411877,5.13210849366576,-37.0745794368569));
#7418=CARTESIAN_POINT('Ctrl Pts',(-30.2510426163555,3.97088490866101,-35.3973800337166));
#7419=CARTESIAN_POINT('Ctrl Pts',(-27.6016567727731,1.88607829290293,-32.0410775254961));
#7420=CARTESIAN_POINT('Ctrl Pts',(-23.3836822769192,-0.438470198347949,
-27.0787895512449));
#7421=CARTESIAN_POINT('Ctrl Pts',(-20.4706282203268,-1.46548471867582,-23.8030669274469));
#7422=CARTESIAN_POINT('Ctrl Pts',(-19.0307632151197,-1.84385819860775,-22.201547290692));
#7423=CARTESIAN_POINT('',(-21.70553313283,-3.49373556255876,-19.4379235132796));
#7424=CARTESIAN_POINT('',(-36.4506727839584,3.53122604882618,-32.37867966));
#7425=CARTESIAN_POINT('Ctrl Pts',(-21.7055331323429,-3.49373556388409,-19.4379235136932));
#7426=CARTESIAN_POINT('Ctrl Pts',(-22.21352750534,-3.3730306745908,-19.8643987201792));
#7427=CARTESIAN_POINT('Ctrl Pts',(-22.7190932115971,-3.24159775730421,-20.2896933607784));
#7428=CARTESIAN_POINT('Ctrl Pts',(-23.2220575788362,-3.09959398845868,-20.7138913769956));
#7429=CARTESIAN_POINT('Ctrl Pts',(-23.7257080377067,-2.95739651285422,-21.1386680399876));
#7430=CARTESIAN_POINT('Ctrl Pts',(-24.2267503501862,-2.80459942174099,-21.5623452366167));
#7431=CARTESIAN_POINT('Ctrl Pts',(-24.7250086383293,-2.64132180632609,-21.9850423079708));
#7432=CARTESIAN_POINT('Ctrl Pts',(-25.2237541699209,-2.47788452282281,-22.4081527319645));
#7433=CARTESIAN_POINT('Ctrl Pts',(-25.7197105280478,-2.30394627271121,-22.83028126484));
#7434=CARTESIAN_POINT('Ctrl Pts',(-26.2126943678129,-2.11958651885428,-23.2515804137661));
#7435=CARTESIAN_POINT('Ctrl Pts',(-26.3598984636247,-2.06453702497325,-23.3773795886711));
#7436=CARTESIAN_POINT('Ctrl Pts',(-26.5068374633486,-2.00855806676118,-23.5031050283981));
#7437=CARTESIAN_POINT('Ctrl Pts',(-26.6535063042626,-1.95165105819195,-23.6287613286709));
#7438=CARTESIAN_POINT('Ctrl Pts',(-27.1828612087768,-1.74626316598793,-24.0822780975904));
#7439=CARTESIAN_POINT('Ctrl Pts',(-27.7086941488845,-1.52881790113159,-24.5348493169158));
#7440=CARTESIAN_POINT('Ctrl Pts',(-28.230777782216,-1.2995011196805,-24.9866284170883));
#7441=CARTESIAN_POINT('Ctrl Pts',(-28.5518491602305,-1.15847571623597,-25.2644638614307));
#7442=CARTESIAN_POINT('Ctrl Pts',(-28.8715026301695,-1.01295956720555,-25.5420001838474));
#7443=CARTESIAN_POINT('Ctrl Pts',(-29.1896854865974,-0.862987086602697,
-25.8192773027173));
#7444=CARTESIAN_POINT('Ctrl Pts',(-29.8364750398579,-0.558128946791285,
-26.3829152870406));
#7445=CARTESIAN_POINT('Ctrl Pts',(-30.4766555448492,-0.235105149483496,
-26.9450168251685));
#7446=CARTESIAN_POINT('Ctrl Pts',(-31.1093815524178,0.105456811331671,-27.5054686557761));
#7447=CARTESIAN_POINT('Ctrl Pts',(-31.3062250066698,0.211406925522955,-27.6798273401972));
#7448=CARTESIAN_POINT('Ctrl Pts',(-31.5023472832494,0.319054426339037,-27.8540265729835));
#7449=CARTESIAN_POINT('Ctrl Pts',(-31.6977237602885,0.428380280509471,-28.0280635165703));
#7450=CARTESIAN_POINT('Ctrl Pts',(-32.3058235666416,0.768651697815913,-28.5697450603125));
#7451=CARTESIAN_POINT('Ctrl Pts',(-32.9066677412676,1.12517058187159,-29.1098287748938));
#7452=CARTESIAN_POINT('Ctrl Pts',(-33.4994572431688,1.4974421574231,-29.6481227532669));
#7453=CARTESIAN_POINT('Ctrl Pts',(-34.1034642071821,1.87675829479754,-30.196602965182));
#7454=CARTESIAN_POINT('Ctrl Pts',(-34.699108739196,2.2724290060825,-30.743225315192));
#7455=CARTESIAN_POINT('Ctrl Pts',(-35.2855667328971,2.68389343880897,-31.2878198963786));
#7456=CARTESIAN_POINT('Ctrl Pts',(-35.6781319859875,2.9593209048949,-31.6523624755426));
#7457=CARTESIAN_POINT('Ctrl Pts',(-36.0665814309337,3.24182437096598,-32.0159971458051));
#7458=CARTESIAN_POINT('Ctrl Pts',(-36.4506730984975,3.53122609096199,-32.3786801011676));
#7459=CARTESIAN_POINT('Ctrl Pts',(-19.0952085110733,-1.83551636323725,-22.2396108770523));
#7460=CARTESIAN_POINT('Ctrl Pts',(-19.6826962831326,-2.00453690141814,-21.6386461450648));
#7461=CARTESIAN_POINT('Ctrl Pts',(-20.2478348617476,-2.28045816698548,-21.0493086416205));
#7462=CARTESIAN_POINT('Ctrl Pts',(-21.1030534012702,-2.89758888357158,-20.1226823556707));
#7463=CARTESIAN_POINT('Ctrl Pts',(-21.4165529544582,-3.17730254818736,-19.7735174015949));
#7464=CARTESIAN_POINT('Ctrl Pts',(-21.70553313283,-3.49373556255875,-19.4379235132796));
#7465=CARTESIAN_POINT('Ctrl Pts',(-36.4506727839583,3.53122604882616,-32.37867966));
#7466=CARTESIAN_POINT('Ctrl Pts',(-35.7761192160258,3.9745401955524,-33.0073432007243));
#7467=CARTESIAN_POINT('Ctrl Pts',(-35.0711000764836,4.32868184685789,-33.6645556340362));
#7468=CARTESIAN_POINT('Ctrl Pts',(-33.4232614514155,4.92578648330427,-35.2187845688533));
#7469=CARTESIAN_POINT('Ctrl Pts',(-32.4775735460361,5.10615700424027,-36.1239480245788));
#7470=CARTESIAN_POINT('Ctrl Pts',(-31.5397022734713,5.13145751217176,-37.0455844143628));
#7471=CARTESIAN_POINT('Origin',(0.,0.,-34.7121320371814));
#7472=CARTESIAN_POINT('Origin',(0.,0.,-32.37867966));
#7473=CARTESIAN_POINT('Origin',(0.,0.,-20.8387671951659));
#7474=CARTESIAN_POINT('Origin',(0.,0.,-19.4379235132796));
#7475=CARTESIAN_POINT('Origin',(0.,0.,-25.9083015866398));
#7476=CARTESIAN_POINT('Origin',(0.,0.,-25.9083015866398));
#7477=CARTESIAN_POINT('',(-34.8819008803251,11.1523134275488,-32.37867966));
#7478=CARTESIAN_POINT('',(-21.9538358847962,1.16852330096831,-19.4379235132796));
#7479=CARTESIAN_POINT('Ctrl Pts',(-34.8818994430026,11.152316367205,-32.3786803948573));
#7480=CARTESIAN_POINT('Ctrl Pts',(-34.4968181541035,10.6924379483996,-31.930557075437));
#7481=CARTESIAN_POINT('Ctrl Pts',(-34.1022174985572,10.2423681096527,-31.4807408839017));
#7482=CARTESIAN_POINT('Ctrl Pts',(-33.6985154491817,9.8024861570091,-31.0293544487207));
#7483=CARTESIAN_POINT('Ctrl Pts',(-33.2949751274147,9.36278042605255,-30.5781488440525));
#7484=CARTESIAN_POINT('Ctrl Pts',(-32.8823406209415,8.9332544217854,-30.1253741526069));
#7485=CARTESIAN_POINT('Ctrl Pts',(-32.4610642874746,8.51431679768159,-29.6711281971363));
#7486=CARTESIAN_POINT('Ctrl Pts',(-32.0394578279136,8.09505088017385,-29.2165262794833));
#7487=CARTESIAN_POINT('Ctrl Pts',(-31.6091959338201,7.68638993243231,-28.7604506794222));
#7488=CARTESIAN_POINT('Ctrl Pts',(-31.1707680349872,7.28877351191996,-28.3029763374947));
#7489=CARTESIAN_POINT('Ctrl Pts',(-31.1075740747302,7.23146202161045,-28.2370370679836));
#7490=CARTESIAN_POINT('Ctrl Pts',(-31.0442105221301,7.17438003953567,-28.1710687012579));
#7491=CARTESIAN_POINT('Ctrl Pts',(-30.9806789053595,7.11752893347,-28.1050714243958));
#7492=CARTESIAN_POINT('Ctrl Pts',(-30.5183315652412,6.70379858929913,-27.6247803982373));
#7493=CARTESIAN_POINT('Ctrl Pts',(-30.0470604893546,6.30227483905614,-27.1429589753446));
#7494=CARTESIAN_POINT('Ctrl Pts',(-29.567384453865,5.91350933509771,-26.6596876488008));
#7495=CARTESIAN_POINT('Ctrl Pts',(-29.320736962434,5.71360767395176,-26.4111914731456));
#7496=CARTESIAN_POINT('Ctrl Pts',(-29.0718679662447,5.51707947184144,-26.1623115978953));
#7497=CARTESIAN_POINT('Ctrl Pts',(-28.820852795156,5.3240009721676,-25.9130569391312));
#7498=CARTESIAN_POINT('Ctrl Pts',(-28.3717866254577,4.97858351423631,-25.4671403261824));
#7499=CARTESIAN_POINT('Ctrl Pts',(-27.9159815883218,4.64430515846322,-25.0201536185198));
#7500=CARTESIAN_POINT('Ctrl Pts',(-27.4537632167049,4.32148666899546,-24.572062122784));
#7501=CARTESIAN_POINT('Ctrl Pts',(-27.1568794251491,4.11413970266384,-24.2842520520751));
#7502=CARTESIAN_POINT('Ctrl Pts',(-26.8573503060427,3.91152133731864,-23.9959857867019));
#7503=CARTESIAN_POINT('Ctrl Pts',(-26.5552682788734,3.71372528225004,-23.7072502354124));
#7504=CARTESIAN_POINT('Ctrl Pts',(-26.1417529219042,3.44296535957208,-23.3120046602951));
#7505=CARTESIAN_POINT('Ctrl Pts',(-25.72347018777,3.18125699028616,-22.9158637581404));
#7506=CARTESIAN_POINT('Ctrl Pts',(-25.3006358459484,2.92877655145127,-22.5188062313312));
#7507=CARTESIAN_POINT('Ctrl Pts',(-24.8792626763153,2.67716859944835,-22.1231208007733));
#7508=CARTESIAN_POINT('Ctrl Pts',(-24.4533690578802,2.4347249492247,-21.7265248704193));
#7509=CARTESIAN_POINT('Ctrl Pts',(-24.0231942167537,2.20166181881472,-21.3289810471321));
#7510=CARTESIAN_POINT('Ctrl Pts',(-23.5960471699901,1.97023910798534,-20.9342353441256));
#7511=CARTESIAN_POINT('Ctrl Pts',(-23.1646787168439,1.7480654115769,-20.5385548335014));
#7512=CARTESIAN_POINT('Ctrl Pts',(-22.7293520092997,1.53539264656025,-20.1418898678979));
#7513=CARTESIAN_POINT('Ctrl Pts',(-22.4722071824407,1.40976814342249,-19.9075822958296));
#7514=CARTESIAN_POINT('Ctrl Pts',(-22.2136818092133,1.28745945595724,-19.672930996528));
#7515=CARTESIAN_POINT('Ctrl Pts',(-21.9538354570169,1.16852499027194,-19.4379240340109));
#7516=CARTESIAN_POINT('',(-21.8432316587573,2.49190438486973,-19.4379235132796));
#7517=CARTESIAN_POINT('Origin',(0.,0.,-19.4379235132796));
#7518=CARTESIAN_POINT('',(-34.1462695729326,13.2345524315607,-32.37867966));
#7519=CARTESIAN_POINT('Ctrl Pts',(-21.8432316586458,2.49190438346211,-19.4379235136932));
#7520=CARTESIAN_POINT('Ctrl Pts',(-22.2998227498074,2.74518862543607,-19.8643990161974));
#7521=CARTESIAN_POINT('Ctrl Pts',(-22.7511808424531,3.00814783164305,-20.289693955961));
#7522=CARTESIAN_POINT('Ctrl Pts',(-23.1971820747338,3.28058407089515,-20.7138922758914));
#7523=CARTESIAN_POINT('Ctrl Pts',(-23.643791650362,3.55339191175229,-21.1386692001108));
#7524=CARTESIAN_POINT('Ctrl Pts',(-24.0850300513391,3.83570264445931,-21.5623466627506));
#7525=CARTESIAN_POINT('Ctrl Pts',(-24.5207600536799,4.12735414585122,-21.9850440063166));
#7526=CARTESIAN_POINT('Ctrl Pts',(-24.9569160838213,4.41929080467327,-22.4081546352169));
#7527=CARTESIAN_POINT('Ctrl Pts',(-25.3875532436319,4.72058652424453,-22.8302833795266));
#7528=CARTESIAN_POINT('Ctrl Pts',(-25.8125164274379,5.03111532565421,-23.2515827478011));
#7529=CARTESIAN_POINT('Ctrl Pts',(-25.9394088913662,5.12383809843344,-23.3773812097126));
#7530=CARTESIAN_POINT('Ctrl Pts',(-26.0657953295979,5.21738433725664,-23.5031059380647));
#7531=CARTESIAN_POINT('Ctrl Pts',(-26.1916712487576,5.31175131480932,-23.6287615285325));
#7532=CARTESIAN_POINT('Ctrl Pts',(-26.6459827427825,5.65234070509755,-24.0822778120208));
#7533=CARTESIAN_POINT('Ctrl Pts',(-27.09364985999,6.00359011368872,-24.5348485581719));
#7534=CARTESIAN_POINT('Ctrl Pts',(-27.534503822885,6.36525923894581,-24.9866271832493));
#7535=CARTESIAN_POINT('Ctrl Pts',(-27.8056213559081,6.58767947163784,-25.2644631938392));
#7536=CARTESIAN_POINT('Ctrl Pts',(-28.0741619617751,6.81404139026593,-25.5420000799372));
#7537=CARTESIAN_POINT('Ctrl Pts',(-28.3400841719122,7.04429763645216,-25.8192777570824));
#7538=CARTESIAN_POINT('Ctrl Pts',(-28.8806347819893,7.51234862882993,-26.3829110747517));
#7539=CARTESIAN_POINT('Ctrl Pts',(-29.4099205672199,7.99610828667782,-26.9450079536337));
#7540=CARTESIAN_POINT('Ctrl Pts',(-29.9272967245545,8.49474430263119,-27.5054551104685));
#7541=CARTESIAN_POINT('Ctrl Pts',(-30.0882600884401,8.64987733175226,-27.6798184984317));
#7542=CARTESIAN_POINT('Ctrl Pts',(-30.2480710041223,8.80645031053467,-27.8540224220937));
#7543=CARTESIAN_POINT('Ctrl Pts',(-30.4067108958867,8.9644382664782,-28.0280640429448));
#7544=CARTESIAN_POINT('Ctrl Pts',(-30.9004620132567,9.45616029749157,-28.5697515328213));
#7545=CARTESIAN_POINT('Ctrl Pts',(-31.3828427609541,9.96157004924543,-29.109841111256));
#7546=CARTESIAN_POINT('Ctrl Pts',(-31.8532172224443,10.479975492643,-29.6481409046262));
#7547=CARTESIAN_POINT('Ctrl Pts',(-32.3324934290652,11.0081916581552,-30.1966279168122));
#7548=CARTESIAN_POINT('Ctrl Pts',(-32.799304566451,11.5499000995031,-30.7432570104715));
#7549=CARTESIAN_POINT('Ctrl Pts',(-33.2530084065644,12.1043383918105,-31.287858312076));
#7550=CARTESIAN_POINT('Ctrl Pts',(-33.5566957479055,12.4754524888093,-31.652388004692));
#7551=CARTESIAN_POINT('Ctrl Pts',(-33.8545112386967,12.8522693480116,-32.0160098646123));
#7552=CARTESIAN_POINT('Ctrl Pts',(-34.1462698647323,13.2345525569853,-32.3786801016196));
#7553=CARTESIAN_POINT('Origin',(0.,0.,-32.37867966));
#7554=CARTESIAN_POINT('Origin',(0.,0.,-20.8387671951659));
#7555=CARTESIAN_POINT('Ctrl Pts',(-21.9538358847962,1.16852330096831,-19.4379235132796));
#7556=CARTESIAN_POINT('Ctrl Pts',(-21.6301754382399,0.893768982927099,-19.7757299661414));
#7557=CARTESIAN_POINT('Ctrl Pts',(-21.2880528524135,0.655422956472646,-20.1255537249021));
#7558=CARTESIAN_POINT('Ctrl Pts',(-20.3723569869414,0.142872648772647,-21.0522050815332));
#7559=CARTESIAN_POINT('Ctrl Pts',(-19.7830314472907,-0.0708260268508152,
-21.6400014768364));
#7560=CARTESIAN_POINT('Ctrl Pts',(-19.1823942258052,-0.17849416482299,-22.2396108770523));
#7561=CARTESIAN_POINT('Ctrl Pts',(-18.8823227690306,3.3843751634868,-22.2396108770523));
#7562=CARTESIAN_POINT('Ctrl Pts',(-19.4936260963124,3.38012466935141,-21.6386461450648));
#7563=CARTESIAN_POINT('Ctrl Pts',(-20.1122504699516,3.26690787655635,-21.0493086416205));
#7564=CARTESIAN_POINT('Ctrl Pts',(-21.102255060835,2.90339724159908,-20.1226823556707));
#7565=CARTESIAN_POINT('Ctrl Pts',(-21.4795950437373,2.71863728564242,-19.773517401595));
#7566=CARTESIAN_POINT('Ctrl Pts',(-21.8432316587573,2.49190438486973,-19.4379235132796));
#7567=CARTESIAN_POINT('Origin',(0.,0.,-34.7121320371814));
#7568=CARTESIAN_POINT('Ctrl Pts',(-30.9774541887428,7.84104633851729,-37.0455844143628));
#7569=CARTESIAN_POINT('Ctrl Pts',(-31.9002604823352,8.26540485571008,-36.0468615809549));
#7570=CARTESIAN_POINT('Ctrl Pts',(-32.7605604600307,8.85470429547841,-35.0674968066015));
#7571=CARTESIAN_POINT('Ctrl Pts',(-34.0221821188716,10.0566640535215,-33.5239917695277));
#7572=CARTESIAN_POINT('Ctrl Pts',(-34.4740420770909,10.5794602827156,-32.9416175325205));
#7573=CARTESIAN_POINT('Ctrl Pts',(-34.8819008803251,11.1523134275488,-32.37867966));
#7574=CARTESIAN_POINT('Ctrl Pts',(-34.1462695729326,13.2345524315607,-32.37867966));
#7575=CARTESIAN_POINT('Ctrl Pts',(-33.463057527519,13.452075622269,-32.9371062926339));
#7576=CARTESIAN_POINT('Ctrl Pts',(-32.7751379275838,13.5955264288726,-33.5184796398716));
#7577=CARTESIAN_POINT('Ctrl Pts',(-31.0215536980538,13.7735971048632,-35.0621332393077));
#7578=CARTESIAN_POINT('Ctrl Pts',(-29.9745802462673,13.6990018422858,-36.0439429177018));
#7579=CARTESIAN_POINT('Ctrl Pts',(-28.9856738888148,13.4504789843973,-37.0455844143628));
#7580=CARTESIAN_POINT('Ctrl Pts',(-34.2122236781668,13.3226677137399,-32.4626302524857));
#7581=CARTESIAN_POINT('Ctrl Pts',(-33.0360856404816,11.7469558912972,-30.9632767366794));
#7582=CARTESIAN_POINT('Ctrl Pts',(-30.5061641232978,8.82802882834753,-27.9845643504137));
#7583=CARTESIAN_POINT('Ctrl Pts',(-26.3296486435521,5.21749978952771,-23.6460967035638));
#7584=CARTESIAN_POINT('Ctrl Pts',(-23.345128727938,3.30874959470495,-20.8149909660281));
#7585=CARTESIAN_POINT('Ctrl Pts',(-21.8442293152684,2.49132720725708,-19.4370737036659));
#7586=CARTESIAN_POINT('Ctrl Pts',(-32.3875256521085,13.8226153325289,-33.8532969829698));
#7587=CARTESIAN_POINT('Ctrl Pts',(-31.3202143093525,12.2680830286956,-32.3049410121655));
#7588=CARTESIAN_POINT('Ctrl Pts',(-28.9997661213892,9.37597910914633,-29.2184897615899));
#7589=CARTESIAN_POINT('Ctrl Pts',(-25.1046946325374,5.78177806147703,-24.6921648855626));
#7590=CARTESIAN_POINT('Ctrl Pts',(-22.2878983761585,3.87486949592915,-21.7209826052268));
#7591=CARTESIAN_POINT('Ctrl Pts',(-20.8650026087911,3.05794373509235,-20.2711628071638));
#7592=CARTESIAN_POINT('Ctrl Pts',(-30.5846299909071,13.8639239107577,-35.435462716238));
#7593=CARTESIAN_POINT('Ctrl Pts',(-29.6122582874168,12.3498573253686,-33.8259649669065));
#7594=CARTESIAN_POINT('Ctrl Pts',(-27.4776982472185,9.52519745153443,-30.6101556374387));
#7595=CARTESIAN_POINT('Ctrl Pts',(-23.8371157105286,6.01131916391255,-25.8697331093831));
#7596=CARTESIAN_POINT('Ctrl Pts',(-21.1769987772321,4.15039704811734,-22.7460801296978));
#7597=CARTESIAN_POINT('Ctrl Pts',(-19.8283805433627,3.35559051125982,-21.2195373891603));
#7598=CARTESIAN_POINT('Ctrl Pts',(-28.9568556725606,13.4430805501855,-37.0745794368569));
#7599=CARTESIAN_POINT('Ctrl Pts',(-28.0579199685908,11.9852673466444,-35.3973800337166));
#7600=CARTESIAN_POINT('Ctrl Pts',(-26.0692537761873,9.26297553715399,-32.0410773143521));
#7601=CARTESIAN_POINT('Ctrl Pts',(-22.6348491924139,5.88663171917971,-27.0787893433412));
#7602=CARTESIAN_POINT('Ctrl Pts',(-20.106904841501,4.11176882744304,-23.8030669274469));
#7603=CARTESIAN_POINT('Ctrl Pts',(-18.8225178797171,3.35895553323579,-22.201547290692));
#7604=CARTESIAN_POINT('Ctrl Pts',(-30.977454188718,7.84104633851007,-37.0455844144061));
#7605=CARTESIAN_POINT('Ctrl Pts',(-29.8249529593433,6.56999916878123,-35.3937338706486));
#7606=CARTESIAN_POINT('Ctrl Pts',(-27.3628565903084,4.25209611674844,-32.0729304352314));
#7607=CARTESIAN_POINT('Ctrl Pts',(-23.3558417884453,1.56578207304273,-27.1139201244098));
#7608=CARTESIAN_POINT('Ctrl Pts',(-20.5371113525234,0.298056540700856,-23.8075504631013));
#7609=CARTESIAN_POINT('Ctrl Pts',(-19.1321319226456,-0.196201745285794,
-22.1818365990707));
#7610=CARTESIAN_POINT('Ctrl Pts',(-32.5150838113328,8.55174491289641,-35.3955796475907));
#7611=CARTESIAN_POINT('Ctrl Pts',(-31.3057897408147,7.21607207429799,-33.8185296671349));
#7612=CARTESIAN_POINT('Ctrl Pts',(-28.7267542950656,4.77477751953525,-30.6481844301861));
#7613=CARTESIAN_POINT('Ctrl Pts',(-24.5419839663919,1.91225516779716,-25.9128865815301));
#7614=CARTESIAN_POINT('Ctrl Pts',(-21.5987517338936,0.531105982114296,-22.750952819444));
#7615=CARTESIAN_POINT('Ctrl Pts',(-20.1304083982089,-0.0181344337670776,
-21.1942469893297));
#7616=CARTESIAN_POINT('Ctrl Pts',(-33.8941034144141,9.73792195933646,-33.8043198714834));
#7617=CARTESIAN_POINT('Ctrl Pts',(-32.6501642077271,8.31970073951067,-32.3039252629862));
#7618=CARTESIAN_POINT('Ctrl Pts',(-29.9932814499182,5.71655044665439,-29.2847088046994));
#7619=CARTESIAN_POINT('Ctrl Pts',(-25.6771709163149,2.61761124721844,-24.7653528314897));
#7620=CARTESIAN_POINT('Ctrl Pts',(-22.6321114815815,1.08279081113857,-21.7369071834722));
#7621=CARTESIAN_POINT('Ctrl Pts',(-21.1095621452123,0.459218153398635,-20.2422962192079));
#7622=CARTESIAN_POINT('Ctrl Pts',(-34.9956146845394,11.2973059438164,-32.4090026307554));
#7623=CARTESIAN_POINT('Ctrl Pts',(-33.7418184207476,9.78577770725162,-30.980419913029));
#7624=CARTESIAN_POINT('Ctrl Pts',(-31.053311303317,6.99620727879928,-28.1000598803858));
#7625=CARTESIAN_POINT('Ctrl Pts',(-26.6634750572553,3.62105298396381,-23.7702695180285));
#7626=CARTESIAN_POINT('Ctrl Pts',(-23.5479519970891,1.90555162526662,-20.8527390483571));
#7627=CARTESIAN_POINT('Ctrl Pts',(-21.9851710649126,1.19469893809942,-19.4080609617097));
#7628=CARTESIAN_POINT('Ctrl Pts',(-27.7132371717184,15.9078961890272,-37.0455844144061));
#7629=CARTESIAN_POINT('Ctrl Pts',(-26.946398236645,14.373041785821,-35.3937338706486));
#7630=CARTESIAN_POINT('Ctrl Pts',(-25.2009648225153,11.4768277157583,-32.0729298201625));
#7631=CARTESIAN_POINT('Ctrl Pts',(-22.0673003867613,7.80904988656482,-27.1139199388138));
#7632=CARTESIAN_POINT('Ctrl Pts',(-19.6951248612282,5.82785012745102,-23.8075504631013));
#7633=CARTESIAN_POINT('Ctrl Pts',(-18.4755951695077,4.97286136573653,-22.1818365990707));
#7634=CARTESIAN_POINT('Ctrl Pts',(-29.002103136237,17.0070876398141,-35.3955796475907));
#7635=CARTESIAN_POINT('Ctrl Pts',(-28.1980131894239,15.3946815376817,-33.8185296671349));
#7636=CARTESIAN_POINT('Ctrl Pts',(-26.3732677457843,12.3481018712089,-30.6481838151172));
#7637=CARTESIAN_POINT('Ctrl Pts',(-23.115979872901,8.46269214884793,-25.9128863959341));
#7638=CARTESIAN_POINT('Ctrl Pts',(-20.6545207505827,6.33868461041835,-22.750952819444));
#7639=CARTESIAN_POINT('Ctrl Pts',(-19.3888108596838,5.41365722813843,-21.1942469893297));
#7640=CARTESIAN_POINT('Ctrl Pts',(-30.0099582144854,18.52133305996,-33.8043198714834));
#7641=CARTESIAN_POINT('Ctrl Pts',(-29.1947791538521,16.8200925486265,-32.3039252629862));
#7642=CARTESIAN_POINT('Ctrl Pts',(-27.3387425454914,13.5966563503534,-29.2847085661729));
#7643=CARTESIAN_POINT('Ctrl Pts',(-24.0187690134297,9.44816155604581,-24.7653530325425));
#7644=CARTESIAN_POINT('Ctrl Pts',(-21.5007179301137,7.14870859282317,-21.7369071834722));
#7645=CARTESIAN_POINT('Ctrl Pts',(-20.202866742924,6.1374808058883,-20.2422962192079));
#7646=CARTESIAN_POINT('Ctrl Pts',(-30.6499056946908,20.3200750403019,-32.4090026307554));
#7647=CARTESIAN_POINT('Ctrl Pts',(-29.8504090352115,18.5263281873396,-30.980419913029));
#7648=CARTESIAN_POINT('Ctrl Pts',(-28.0142163349321,15.1148526676755,-28.1000596418593));
#7649=CARTESIAN_POINT('Ctrl Pts',(-24.6977729807058,10.6804946238087,-23.7702697190813));
#7650=CARTESIAN_POINT('Ctrl Pts',(-22.1606183838632,8.18805001807816,-20.8527390483572));
#7651=CARTESIAN_POINT('Ctrl Pts',(-20.847575367699,7.08192442732025,-19.4080609617097));
#7652=CARTESIAN_POINT('',(-30.5795272195337,20.1497796226388,-32.37867966));
#7653=CARTESIAN_POINT('',(-20.8244642834437,7.04826532340032,-19.4379235132796));
#7654=CARTESIAN_POINT('Ctrl Pts',(-30.579525042503,20.149782065834,-32.3786803947269));
#7655=CARTESIAN_POINT('Ctrl Pts',(-30.3327967499372,19.6030622250106,-31.9305560276452));
#7656=CARTESIAN_POINT('Ctrl Pts',(-30.0742557249217,19.0632190015709,-31.4807387695799));
#7657=CARTESIAN_POINT('Ctrl Pts',(-29.8042021039016,18.5307303937595,-31.0293512572742));
#7658=CARTESIAN_POINT('Ctrl Pts',(-29.534256713932,17.998455194682,-30.5781446503175));
#7659=CARTESIAN_POINT('Ctrl Pts',(-29.25280787496,17.4735286969247,-30.1253689465133));
#7660=CARTESIAN_POINT('Ctrl Pts',(-28.960180915337,16.9564664345061,-29.6711219768212));
#7661=CARTESIAN_POINT('Ctrl Pts',(-28.6673247037224,16.4389990913198,-29.2165191375858));
#7662=CARTESIAN_POINT('Ctrl Pts',(-28.3632727972309,15.9294082834385,-28.7604426146808));
#7663=CARTESIAN_POINT('Ctrl Pts',(-28.0483778836665,15.4282493043723,-28.3029673568459));
#7664=CARTESIAN_POINT('Ctrl Pts',(-28.0029918010953,15.3560168171982,-28.2370310430726));
#7665=CARTESIAN_POINT('Ctrl Pts',(-27.9573805147616,15.283959556098,-28.171065634954));
#7666=CARTESIAN_POINT('Ctrl Pts',(-27.9115451269891,15.2120792501462,-28.1050713195665));
#7667=CARTESIAN_POINT('Ctrl Pts',(-27.5779661186449,14.6889515458958,-27.624780449277));
#7668=CARTESIAN_POINT('Ctrl Pts',(-27.2325009960197,14.1751701649301,-27.1429591977401));
#7669=CARTESIAN_POINT('Ctrl Pts',(-26.875500460496,13.671406265517,-26.6596880487307));
#7670=CARTESIAN_POINT('Ctrl Pts',(-26.6919320484346,13.4123726510899,-26.4111917340441));
#7671=CARTESIAN_POINT('Ctrl Pts',(-26.5053143574652,13.1559880426017,-26.162311720681));
#7672=CARTESIAN_POINT('Ctrl Pts',(-26.3156993534976,12.9023461799564,-25.9130569234589));
#7673=CARTESIAN_POINT('Ctrl Pts',(-25.9764783378483,12.4485811905972,-25.4671403889025));
#7674=CARTESIAN_POINT('Ctrl Pts',(-25.6277630528326,12.0037240938522,-25.020153760249));
#7675=CARTESIAN_POINT('Ctrl Pts',(-25.2697804163274,11.5681715860628,-24.572062336719));
#7676=CARTESIAN_POINT('Ctrl Pts',(-25.0398473774219,11.2884152473292,-24.2842522246823));
#7677=CARTESIAN_POINT('Ctrl Pts',(-24.8060913408351,11.0124984545241,-23.9959859148944));
#7678=CARTESIAN_POINT('Ctrl Pts',(-24.5685760158636,10.740536376326,-23.7072503140992));
#7679=CARTESIAN_POINT('Ctrl Pts',(-24.2434452795314,10.3682520584631,-23.3120050030731));
#7680=CARTESIAN_POINT('Ctrl Pts',(-23.911281875242,10.0033973930822,-22.9158643569567));
#7681=CARTESIAN_POINT('Ctrl Pts',(-23.5722459902165,9.64620044016778,-22.518807082856));
#7682=CARTESIAN_POINT('Ctrl Pts',(-23.2343817177631,9.29023785936335,-22.1231219269137));
#7683=CARTESIAN_POINT('Ctrl Pts',(-22.8896921355526,8.94188012765284,-21.7265262679736));
#7684=CARTESIAN_POINT('Ctrl Pts',(-22.5383492685997,8.60139999698857,-21.3289827176917));
#7685=CARTESIAN_POINT('Ctrl Pts',(-22.1894793471537,8.26331635388246,-20.9342372988901));
#7686=CARTESIAN_POINT('Ctrl Pts',(-21.8340492191154,7.93299982078736,-20.538557074103));
#7687=CARTESIAN_POINT('Ctrl Pts',(-21.4722443165826,7.61076397969546,-20.1418924007701));
#7688=CARTESIAN_POINT('Ctrl Pts',(-21.25852744367,7.42042041105829,-19.9075839848638));
#7689=CARTESIAN_POINT('Ctrl Pts',(-21.0425866093114,7.23289725797461,-19.6729318409895));
#7690=CARTESIAN_POINT('Ctrl Pts',(-20.824463415759,7.04826683464653,-19.4379240340109));
#7691=CARTESIAN_POINT('Ctrl Pts',(-27.7132371717404,15.9078961890409,-37.0455844143628));
#7692=CARTESIAN_POINT('Ctrl Pts',(-28.4873327469623,16.5654884996937,-36.0468615809549));
#7693=CARTESIAN_POINT('Ctrl Pts',(-29.156739381696,17.3650412738797,-35.0674968066015));
#7694=CARTESIAN_POINT('Ctrl Pts',(-30.0472918253056,18.8628105535729,-33.5239917695277));
#7695=CARTESIAN_POINT('Ctrl Pts',(-30.3413468559257,19.4881304381668,-32.9416175325205));
#7696=CARTESIAN_POINT('Ctrl Pts',(-30.5795272195337,20.1497796226388,-32.37867966));
#7697=CARTESIAN_POINT('Ctrl Pts',(-20.8244642834437,7.04826532340032,-19.4379235132796));
#7698=CARTESIAN_POINT('Ctrl Pts',(-20.5869338720929,6.69637709735286,-19.7757299661414));
#7699=CARTESIAN_POINT('Ctrl Pts',(-20.3218031081641,6.37456601911336,-20.1255537249021));
#7700=CARTESIAN_POINT('Ctrl Pts',(-19.5783481474211,5.63397067932739,-21.0522050815332));
#7701=CARTESIAN_POINT('Ctrl Pts',(-19.0685316100996,5.2691984025281,-21.6400014768364));
#7702=CARTESIAN_POINT('Ctrl Pts',(-18.519216162088,5.00347290818462,-22.2396108770523));
#7703=CARTESIAN_POINT('Ctrl Pts',(-29.3491288859516,22.0589745376218,-32.4626302524857));
#7704=CARTESIAN_POINT('Ctrl Pts',(-28.6417271991262,20.224376138911,-30.9632767366794));
#7705=CARTESIAN_POINT('Ctrl Pts',(-26.9931397328826,16.7311262962519,-27.984565305651));
#7706=CARTESIAN_POINT('Ctrl Pts',(-23.9456093303145,12.1276747995351,-23.6460968316161));
#7707=CARTESIAN_POINT('Ctrl Pts',(-21.5867380702727,9.48449253728918,-20.8149909660281));
#7708=CARTESIAN_POINT('Ctrl Pts',(-20.3620340000479,8.29244457398077,-19.4370737036659));
#7709=CARTESIAN_POINT('Ctrl Pts',(-27.4572113591737,22.048085106755,-33.8532969829698));
#7710=CARTESIAN_POINT('Ctrl Pts',(-26.848886612485,20.2632419235584,-32.3049410121655));
#7711=CARTESIAN_POINT('Ctrl Pts',(-25.3947678387046,16.8523357772478,-29.2184907168272));
#7712=CARTESIAN_POINT('Ctrl Pts',(-22.6138394810965,12.3405394654822,-24.6921650136148));
#7713=CARTESIAN_POINT('Ctrl Pts',(-20.4159753663974,9.74438184161027,-21.7209826052268));
#7714=CARTESIAN_POINT('Ctrl Pts',(-19.2662483664541,8.57385722029203,-20.2711628071638));
#7715=CARTESIAN_POINT('Ctrl Pts',(-25.7100270386914,21.6014464227221,-35.4354627162379));
#7716=CARTESIAN_POINT('Ctrl Pts',(-25.1822037917274,19.8811827874892,-33.8259649669065));
#7717=CARTESIAN_POINT('Ctrl Pts',(-23.8888821547013,16.5853715887489,-30.6101554038405));
#7718=CARTESIAN_POINT('Ctrl Pts',(-21.3313356163479,12.2195801220885,-25.8697328795842));
#7719=CARTESIAN_POINT('Ctrl Pts',(-19.2719344941383,9.70997495988293,-22.7460801296978));
#7720=CARTESIAN_POINT('Ctrl Pts',(-18.1877629200516,8.58078916042433,-21.2195373891603));
#7721=CARTESIAN_POINT('Ctrl Pts',(-24.2561571875,20.7570408202994,-37.0745794368569));
#7722=CARTESIAN_POINT('Ctrl Pts',(-23.7838697531987,19.110757334477,-35.3973800337165));
#7723=CARTESIAN_POINT('Ctrl Pts',(-22.6034132511025,15.9528798036323,-32.0410770807539));
#7724=CARTESIAN_POINT('Ctrl Pts',(-20.2072926720486,11.7751488013825,-27.0787891135422));
#7725=CARTESIAN_POINT('Ctrl Pts',(-18.2519443135503,9.38407128972121,-23.8030669274469));
#7726=CARTESIAN_POINT('Ctrl Pts',(-17.2182925004657,8.31265089937833,-22.201547290692));
#7727=CARTESIAN_POINT('',(-20.3609176186903,8.29273118377645,-19.4379235132796));
#7728=CARTESIAN_POINT('',(-29.3093937564715,21.9563326044953,-32.37867966));
#7729=CARTESIAN_POINT('Ctrl Pts',(-20.3609176189626,8.29273118239094,-19.4379235136932));
#7730=CARTESIAN_POINT('Ctrl Pts',(-20.7322420639362,8.65981001746849,-19.8643993156347));
#7731=CARTESIAN_POINT('Ctrl Pts',(-21.0959172829489,9.03479320166691,-20.2896945590957));
#7732=CARTESIAN_POINT('Ctrl Pts',(-21.451877408973,9.4174567298107,-20.7138931880983));
#7733=CARTESIAN_POINT('Ctrl Pts',(-21.8083230280191,9.8006421716721,-21.1386703804267));
#7734=CARTESIAN_POINT('Ctrl Pts',(-22.1570327954698,10.1915289939425,-21.5623481167794));
#7735=CARTESIAN_POINT('Ctrl Pts',(-22.4979183167201,10.5899240664949,-21.985045740811));
#7736=CARTESIAN_POINT('Ctrl Pts',(-22.8391370790719,10.9887086000381,-22.4081565833957));
#7737=CARTESIAN_POINT('Ctrl Pts',(-23.1725165791834,11.3950161700142,-22.8302855484677));
#7738=CARTESIAN_POINT('Ctrl Pts',(-23.4979414522368,11.8086836257794,-23.2515851457145));
#7739=CARTESIAN_POINT('Ctrl Pts',(-23.5951115248208,11.9322024469597,-23.3773828822549));
#7740=CARTESIAN_POINT('Ctrl Pts',(-23.6915721768244,12.0563776665233,-23.5031068868989));
#7741=CARTESIAN_POINT('Ctrl Pts',(-23.787319817398,12.1812054461605,-23.6287617552645));
#7742=CARTESIAN_POINT('Ctrl Pts',(-24.1328938895273,12.6317360688021,-24.0822775211238));
#7743=CARTESIAN_POINT('Ctrl Pts',(-24.4691939677486,13.0907387625844,-24.5348477623291));
#7744=CARTESIAN_POINT('Ctrl Pts',(-24.796122357071,13.5579365972668,-24.986625879979));
#7745=CARTESIAN_POINT('Ctrl Pts',(-24.9971783045958,13.845256103316,-25.264462496442));
#7746=CARTESIAN_POINT('Ctrl Pts',(-25.1946894148379,14.1356758941813,-25.5419999855069));
#7747=CARTESIAN_POINT('Ctrl Pts',(-25.3886285318915,14.4291391780891,-25.8192782596755));
#7748=CARTESIAN_POINT('Ctrl Pts',(-25.7828519144998,15.0256670483356,-26.3829065819407));
#7749=CARTESIAN_POINT('Ctrl Pts',(-26.1619903132518,15.6342816337855,-26.9449984726961));
#7750=CARTESIAN_POINT('Ctrl Pts',(-26.5256473837816,16.2540075425571,-27.5054406252241));
#7751=CARTESIAN_POINT('Ctrl Pts',(-26.6387907464481,16.4468207144495,-27.679809047718));
#7752=CARTESIAN_POINT('Ctrl Pts',(-26.7504358141351,16.6407095739321,-27.8540179922903));
#7753=CARTESIAN_POINT('Ctrl Pts',(-26.8605714360138,16.8356450601052,-28.0280646194199));
#7754=CARTESIAN_POINT('Ctrl Pts',(-27.2033520011145,17.4423524538506,-28.5697585798631));
#7755=CARTESIAN_POINT('Ctrl Pts',(-27.5314905539195,18.0591725333246,-29.1098545395682));
#7756=CARTESIAN_POINT('Ctrl Pts',(-27.8445614786042,18.6852673410181,-29.6481606612375));
#7757=CARTESIAN_POINT('Ctrl Pts',(-28.1635577646371,19.32321198107,-30.1966550758313));
#7758=CARTESIAN_POINT('Ctrl Pts',(-28.4669106069839,19.970785782185,-30.7432915104704));
#7759=CARTESIAN_POINT('Ctrl Pts',(-28.7542073035338,20.6270812911513,-31.2879001279129));
#7760=CARTESIAN_POINT('Ctrl Pts',(-28.9464997924264,21.0663508629343,-31.6524157933486));
#7761=CARTESIAN_POINT('Ctrl Pts',(-29.1316001423022,21.5095272098976,-32.0160237091017));
#7762=CARTESIAN_POINT('Ctrl Pts',(-29.3093940039217,21.9563328040691,-32.3786801021125));
#7763=CARTESIAN_POINT('Ctrl Pts',(-17.2690215280878,8.3532630668212,-22.2396108770523));
#7764=CARTESIAN_POINT('Ctrl Pts',(-17.8588028393342,8.51409785643663,-21.6386461450648));
#7765=CARTESIAN_POINT('Ctrl Pts',(-18.4850324682229,8.57198230800307,-21.0493086416205));
#7766=CARTESIAN_POINT('Ctrl Pts',(-19.5363989989309,8.48905167551891,-20.1226823556707));
#7767=CARTESIAN_POINT('Ctrl Pts',(-19.9495938312313,8.41294822893411,-19.773517401595));
#7768=CARTESIAN_POINT('Ctrl Pts',(-20.3609176186903,8.29273118377645,-19.4379235132796));
#7769=CARTESIAN_POINT('Ctrl Pts',(-29.3093937564715,21.9563326044953,-32.37867966));
#7770=CARTESIAN_POINT('Ctrl Pts',(-28.5928300125137,21.9814610413591,-32.9371062926339));
#7771=CARTESIAN_POINT('Ctrl Pts',(-27.8917177729891,21.9339938160436,-33.5184796398716));
#7772=CARTESIAN_POINT('Ctrl Pts',(-26.1551183101342,21.6323497852455,-35.0621332393077));
#7773=CARTESIAN_POINT('Ctrl Pts',(-25.1670950350018,21.2780506605764,-36.0439429177018));
#7774=CARTESIAN_POINT('Ctrl Pts',(-24.2819106724597,20.7719399621972,-37.0455844143628));
#7775=CARTESIAN_POINT('Origin',(0.,0.,-34.7121320371814));
#7776=CARTESIAN_POINT('Origin',(0.,0.,-32.37867966));
#7777=CARTESIAN_POINT('Origin',(0.,0.,-20.8387671951659));
#7778=CARTESIAN_POINT('Origin',(0.,0.,-19.4379235132796));
#7779=CARTESIAN_POINT('Origin',(0.,0.,-25.9083015866398));
#7780=CARTESIAN_POINT('Origin',(0.,0.,-25.9083015866398));
#7781=CARTESIAN_POINT('',(-24.009209916898,27.6528288422259,-32.37867966));
#7782=CARTESIAN_POINT('',(-18.1506374317733,12.4052697504641,-19.4379235132796));
#7783=CARTESIAN_POINT('Ctrl Pts',(-24.0092071614346,27.6528306076022,-32.3786803946767));
#7784=CARTESIAN_POINT('Ctrl Pts',(-23.9191313887404,27.0598175843494,-31.9305556175099));
#7785=CARTESIAN_POINT('Ctrl Pts',(-23.8158256187006,26.470239155707,-31.4807379420502));
#7786=CARTESIAN_POINT('Ctrl Pts',(-23.6994498960493,25.8846365664317,-31.0293500082257));
#7787=CARTESIAN_POINT('Ctrl Pts',(-23.5831208214863,25.2992687103183,-30.5781430089104));
#7788=CARTESIAN_POINT('Ctrl Pts',(-23.4537321994758,24.7178734658916,-30.1253669088277));
#7789=CARTESIAN_POINT('Ctrl Pts',(-23.3114582054522,24.1410350183262,-29.6711195420951));
#7790=CARTESIAN_POINT('Ctrl Pts',(-23.1690727614946,23.5637447059816,-29.2165163419623));
#7791=CARTESIAN_POINT('Ctrl Pts',(-23.013781706543,22.9910182921617,-28.7604394576324));
#7792=CARTESIAN_POINT('Ctrl Pts',(-22.8457748339467,22.4234856284659,-28.3029638409977));
#7793=CARTESIAN_POINT('Ctrl Pts',(-22.8215602987508,22.3416881433541,-28.2370286846016));
#7794=CARTESIAN_POINT('Ctrl Pts',(-22.7970816448325,22.2599986233478,-28.1710644349817));
#7795=CARTESIAN_POINT('Ctrl Pts',(-22.7723394671084,22.1784190306858,-28.1050712792137));
#7796=CARTESIAN_POINT('Ctrl Pts',(-22.5922686638139,21.5846918759104,-27.6247804695856));
#7797=CARTESIAN_POINT('Ctrl Pts',(-22.398230911826,20.9967576143514,-27.1429592846633));
#7798=CARTESIAN_POINT('Ctrl Pts',(-22.1903828302283,20.4153571331427,-26.6596882046491));
#7799=CARTESIAN_POINT('Ctrl Pts',(-22.0835080435987,20.1164029551781,-26.4111918357445));
#7800=CARTESIAN_POINT('Ctrl Pts',(-21.9729823585196,19.8191768641805,-26.1623117685144));
#7801=CARTESIAN_POINT('Ctrl Pts',(-21.8588305230268,19.5237831441531,-25.9130569172915));
#7802=CARTESIAN_POINT('Ctrl Pts',(-21.654613083722,18.995324282057,-25.4671404129157));
#7803=CARTESIAN_POINT('Ctrl Pts',(-21.4388501280355,18.4728814538324,-25.0201538146838));
#7804=CARTESIAN_POINT('Ctrl Pts',(-21.2116531309471,17.9568978664433,-24.5720624189688));
#7805=CARTESIAN_POINT('Ctrl Pts',(-21.065723980252,17.6254804285138,-24.2842522909808));
#7806=CARTESIAN_POINT('Ctrl Pts',(-20.9150777006371,17.2967287209544,-23.9959859640582));
#7807=CARTESIAN_POINT('Ctrl Pts',(-20.7597445665505,16.9707708301456,-23.7072503441759));
#7808=CARTESIAN_POINT('Ctrl Pts',(-20.5471117199496,16.524572698612,-23.312005136953));
#7809=CARTESIAN_POINT('Ctrl Pts',(-20.3257025025681,16.0836313087512,-22.9158645915634));
#7810=CARTESIAN_POINT('Ctrl Pts',(-20.0956096324772,15.6482094855953,-22.5188074169237));
#7811=CARTESIAN_POINT('Ctrl Pts',(-19.8663119037095,15.2142923674069,-22.1231223689695));
#7812=CARTESIAN_POINT('Ctrl Pts',(-19.6283902067107,14.7858566392272,-21.7265268168014));
#7813=CARTESIAN_POINT('Ctrl Pts',(-19.3819366006183,14.3632113545059,-21.3289833739129));
#7814=CARTESIAN_POINT('Ctrl Pts',(-19.1372176744578,13.943540886446,-20.9342380667195));
#7815=CARTESIAN_POINT('Ctrl Pts',(-18.8840862760287,13.5295795801578,-20.5385579541772));
#7816=CARTESIAN_POINT('Ctrl Pts',(-18.6226363585527,13.121679422142,-20.141893395567));
#7817=CARTESIAN_POINT('Ctrl Pts',(-18.46819855634,12.8807338348023,-19.9075846482595));
#7818=CARTESIAN_POINT('Ctrl Pts',(-18.3108583164438,12.641904065281,-19.6729321726786));
#7819=CARTESIAN_POINT('Ctrl Pts',(-18.1506361885353,12.4052709715706,-19.4379240340109));
#7820=CARTESIAN_POINT('',(-17.3685274638452,13.4785240475033,-19.4379235132796));
#7821=CARTESIAN_POINT('Origin',(0.,0.,-19.4379235132796));
#7822=CARTESIAN_POINT('',(-22.2987742866475,29.0497120316925,-32.37867966));
#7823=CARTESIAN_POINT('Ctrl Pts',(-17.3685274644813,13.4785240462427,-19.4379235136932));
#7824=CARTESIAN_POINT('Ctrl Pts',(-17.6270455960534,13.9321728944139,-19.8643994620555));
#7825=CARTESIAN_POINT('Ctrl Pts',(-17.8760655841703,14.3913692418453,-20.2896948544971));
#7826=CARTESIAN_POINT('Ctrl Pts',(-18.1155844398404,14.8558796212564,-20.7138936354512));
#7827=CARTESIAN_POINT('Ctrl Pts',(-18.3554299636876,15.3210235238967,-21.138670960596));
#7828=CARTESIAN_POINT('Ctrl Pts',(-18.5857486915533,15.7914961138088,-21.5623488328444));
#7829=CARTESIAN_POINT('Ctrl Pts',(-18.8065076122502,16.2670875759248,-21.9850465962859));
#7830=CARTESIAN_POINT('Ctrl Pts',(-19.0274823244833,16.7431439280298,-22.4081575461998));
#7831=CARTESIAN_POINT('Ctrl Pts',(-19.2388787825392,17.2243293381272,-22.8302866222722));
#7832=CARTESIAN_POINT('Ctrl Pts',(-19.4406299167754,17.7104555824184,-23.2515863346244));
#7833=CARTESIAN_POINT('Ctrl Pts',(-19.5008715057336,17.8556097472326,-23.3773837146282));
#7834=CARTESIAN_POINT('Ctrl Pts',(-19.5602528923105,18.0012045677784,-23.5031073635602));
#7835=CARTESIAN_POINT('Ctrl Pts',(-19.6187716543909,18.1472353793726,-23.628761877007));
#7836=CARTESIAN_POINT('Ctrl Pts',(-19.8299790752234,18.6742935395657,-24.0822773779772));
#7837=CARTESIAN_POINT('Ctrl Pts',(-20.0299706860747,19.2070075074208,-24.5348473606215));
#7838=CARTESIAN_POINT('Ctrl Pts',(-20.2187271258284,19.7450842610218,-24.9866252182584));
#7839=CARTESIAN_POINT('Ctrl Pts',(-20.3348096392969,20.0759937763661,-25.2644621456361));
#7840=CARTESIAN_POINT('Ctrl Pts',(-20.4466423112417,20.4089322286258,-25.5419999440576));
#7841=CARTESIAN_POINT('Ctrl Pts',(-20.554214314109,20.7438376044013,-25.8192785244658));
#7842=CARTESIAN_POINT('Ctrl Pts',(-20.7728765402071,21.4246016791353,-26.3829042823325));
#7843=CARTESIAN_POINT('Ctrl Pts',(-20.9737523752291,22.112934309376,-26.9449936121525));
#7844=CARTESIAN_POINT('Ctrl Pts',(-21.1567233244917,22.8077893485614,-27.5054331951754));
#7845=CARTESIAN_POINT('Ctrl Pts',(-21.213651545855,23.0239813814802,-27.6798042020029));
#7846=CARTESIAN_POINT('Ctrl Pts',(-21.2688467634915,23.2408049957436,-27.8540157238908));
#7847=CARTESIAN_POINT('Ctrl Pts',(-21.3223060802797,23.4582291980758,-28.0280649207992));
#7848=CARTESIAN_POINT('Ctrl Pts',(-21.4886887438238,24.1349235532689,-28.5697622470875));
#7849=CARTESIAN_POINT('Ctrl Pts',(-21.6382437658306,24.8174052830726,-29.1098615262876));
#7850=CARTESIAN_POINT('Ctrl Pts',(-21.7707874008568,25.504752664295,-29.6481709399769));
#7851=CARTESIAN_POINT('Ctrl Pts',(-21.9058397557792,26.2051098143429,-30.1966692060864));
#7852=CARTESIAN_POINT('Ctrl Pts',(-22.0232305958618,26.9105185633202,-30.7433094603655));
#7853=CARTESIAN_POINT('Ctrl Pts',(-22.1228073605832,27.6199937495108,-31.2879218844265));
#7854=CARTESIAN_POINT('Ctrl Pts',(-22.1894539560557,28.0948445429077,-31.6524302515869));
#7855=CARTESIAN_POINT('Ctrl Pts',(-22.2481214019462,28.5715167458589,-32.0160309122817));
#7856=CARTESIAN_POINT('Ctrl Pts',(-22.2987744712227,29.049712290707,-32.3786801023693));
#7857=CARTESIAN_POINT('Origin',(0.,0.,-32.37867966));
#7858=CARTESIAN_POINT('Origin',(0.,0.,-20.8387671951659));
#7859=CARTESIAN_POINT('Ctrl Pts',(-18.1506374317733,12.4052697504641,-19.4379235132796));
#7860=CARTESIAN_POINT('Ctrl Pts',(-18.0168535996086,12.0023455563548,-19.7757299661414));
#7861=CARTESIAN_POINT('Ctrl Pts',(-17.8483781934453,11.6209366818155,-20.1255537249021));
#7862=CARTESIAN_POINT('Ctrl Pts',(-17.3323027907896,10.7072228782973,-21.0522050815332));
#7863=CARTESIAN_POINT('Ctrl Pts',(-16.939806016115,10.2184304913702,-21.6400014768364));
#7864=CARTESIAN_POINT('Ctrl Pts',(-16.4825525554054,9.81435528495765,-22.2396108770523));
#7865=CARTESIAN_POINT('Ctrl Pts',(-14.3749559609235,12.7026276621253,-22.2396108770523));
#7866=CARTESIAN_POINT('Ctrl Pts',(-14.8994738743493,13.0166193549159,-21.6386461450648));
#7867=CARTESIAN_POINT('Ctrl Pts',(-15.4868641717229,13.241312025875,-21.0493086416205));
#7868=CARTESIAN_POINT('Ctrl Pts',(-16.5216175963547,13.4451119814929,-20.1226823556707));
#7869=CARTESIAN_POINT('Ctrl Pts',(-16.940022507582,13.483309288763,-19.773517401595));
#7870=CARTESIAN_POINT('Ctrl Pts',(-17.3685274638452,13.4785240475033,-19.4379235132796));
#7871=CARTESIAN_POINT('Origin',(0.,0.,-34.7121320371814));
#7872=CARTESIAN_POINT('Ctrl Pts',(-22.3936561333341,22.794930153006,-37.0455844143628));
#7873=CARTESIAN_POINT('Ctrl Pts',(-22.9616298626228,23.6369856437224,-36.0468615809549));
#7874=CARTESIAN_POINT('Ctrl Pts',(-23.3904963266282,24.5874925807752,-35.0674968066015));
#7875=CARTESIAN_POINT('Ctrl Pts',(-23.8439313542704,26.2699886864821,-33.5239917695277));
#7876=CARTESIAN_POINT('Ctrl Pts',(-23.9583727408823,26.9514551112837,-32.9416175325205));
#7877=CARTESIAN_POINT('Ctrl Pts',(-24.009209916898,27.6528288422259,-32.37867966));
#7878=CARTESIAN_POINT('Ctrl Pts',(-22.2987742866475,29.0497120316925,-32.37867966));
#7879=CARTESIAN_POINT('Ctrl Pts',(-21.6020030989738,28.8805820535047,-32.9371062926339));
#7880=CARTESIAN_POINT('Ctrl Pts',(-20.9396965072904,28.6457172232235,-33.5184796398716));
#7881=CARTESIAN_POINT('Ctrl Pts',(-19.3488774488566,27.8867300434715,-35.0621332393077));
#7882=CARTESIAN_POINT('Ctrl Pts',(-18.4930815167891,27.2790038019768,-36.0439429177018));
#7883=CARTESIAN_POINT('Ctrl Pts',(-17.7772692238781,26.5528411783031,-37.0455844143628));
#7884=CARTESIAN_POINT('Ctrl Pts',(-22.309343467596,29.1592681331421,-32.4626302524857));
#7885=CARTESIAN_POINT('Ctrl Pts',(-22.1231428785949,27.2018469286663,-30.9632767366794));
#7886=CARTESIAN_POINT('Ctrl Pts',(-21.4781573178876,23.3933528462124,-27.9845658033098));
#7887=CARTESIAN_POINT('Ctrl Pts',(-19.7856337393459,18.1383957463153,-23.6460969045621));
#7888=CARTESIAN_POINT('Ctrl Pts',(-18.227357802691,14.9568140570489,-20.8149909660281));
#7889=CARTESIAN_POINT('Ctrl Pts',(-17.3696797731512,13.478549262062,-19.4370737036659));
#7890=CARTESIAN_POINT('Ctrl Pts',(-20.4905213081129,28.6383492718909,-33.8532969829698));
#7891=CARTESIAN_POINT('Ctrl Pts',(-20.386299821053,26.7555688631146,-32.3049410121655));
#7892=CARTESIAN_POINT('Ctrl Pts',(-19.9063554627664,23.0788319746965,-29.218491214486));
#7893=CARTESIAN_POINT('Ctrl Pts',(-18.4458193291993,17.984059607778,-24.6921650865608));
#7894=CARTESIAN_POINT('Ctrl Pts',(-17.0298928605833,14.8911979636799,-21.7209826052268));
#7895=CARTESIAN_POINT('Ctrl Pts',(-16.2386046199988,13.4538869382495,-20.2711628071638));
#7896=CARTESIAN_POINT('Ctrl Pts',(-18.9286289965634,27.7368884735551,-35.4354627162379));
#7897=CARTESIAN_POINT('Ctrl Pts',(-18.8845004417224,25.9380118726211,-33.8259649669065));
#7898=CARTESIAN_POINT('Ctrl Pts',(-18.528337395615,22.415484168562,-30.6101552807526));
#7899=CARTESIAN_POINT('Ctrl Pts',(-17.2435082003158,17.5215703839304,-25.8697327585848));
#7900=CARTESIAN_POINT('Ctrl Pts',(-15.9375589928482,14.5494084490537,-22.7460801296978));
#7901=CARTESIAN_POINT('Ctrl Pts',(-15.1982421244393,13.1695899320586,-21.2195373891603));
#7902=CARTESIAN_POINT('Ctrl Pts',(-17.756490488378,26.531546329915,-37.0745794368569));
#7903=CARTESIAN_POINT('Ctrl Pts',(-17.7458787221762,24.8188898767089,-35.3973800337166));
#7904=CARTESIAN_POINT('Ctrl Pts',(-17.4611814073994,21.4596315349541,-32.041076957666));
#7905=CARTESIAN_POINT('Ctrl Pts',(-16.2810539528562,16.79035662517,-27.0787889925428));
#7906=CARTESIAN_POINT('Ctrl Pts',(-15.0433205729528,13.9604001137104,-23.8030669274469));
#7907=CARTESIAN_POINT('Ctrl Pts',(-14.3370651349015,12.6498349761615,-22.201547290692));
#7908=CARTESIAN_POINT('Ctrl Pts',(-22.3936561333166,22.794930152987,-37.0455844144061));
#7909=CARTESIAN_POINT('Ctrl Pts',(-22.0693524283042,21.1101016458975,-35.3937338706485));
#7910=CARTESIAN_POINT('Ctrl Pts',(-21.1700331894926,17.8503748327415,-32.0729295805532));
#7911=CARTESIAN_POINT('Ctrl Pts',(-19.1421283381886,13.4731556847306,-27.1139198641656));
#7912=CARTESIAN_POINT('Ctrl Pts',(-17.3924410581768,10.9254187308885,-23.8075504631013));
#7913=CARTESIAN_POINT('Ctrl Pts',(-16.4488080428712,9.77311009858917,-22.1818365990707));
#7914=CARTESIAN_POINT('Ctrl Pts',(-23.33816914732,24.2010924787359,-35.3955796475907));
#7915=CARTESIAN_POINT('Ctrl Pts',(-22.9989189971003,22.4315378973975,-33.8185296671349));
#7916=CARTESIAN_POINT('Ctrl Pts',(-22.0637969863836,19.0056233225601,-30.6481835755079));
#7917=CARTESIAN_POINT('Ctrl Pts',(-19.9755693724238,14.3854894581632,-25.912886321286));
#7918=CARTESIAN_POINT('Ctrl Pts',(-18.1784384513464,11.6761519987203,-22.750952819444));
#7919=CARTESIAN_POINT('Ctrl Pts',(-17.2092339176037,10.4439426992668,-21.1942469893297));
#7920=CARTESIAN_POINT('Ctrl Pts',(-23.900111700212,25.9311016169872,-33.8043198714834));
#7921=CARTESIAN_POINT('Ctrl Pts',(-23.5741508873636,24.0730150402141,-32.3039252629862));
#7922=CARTESIAN_POINT('Ctrl Pts',(-22.6566138357009,20.4683601665937,-29.2847084744702));
#7923=CARTESIAN_POINT('Ctrl Pts',(-20.579004472921,15.5779846931749,-24.7653531095374));
#7924=CARTESIAN_POINT('Ctrl Pts',(-18.7747144890091,12.6844393613438,-21.7369071834722));
#7925=CARTESIAN_POINT('Ctrl Pts',(-17.7978171362785,11.3605545841117,-20.2422962192079));
#7926=CARTESIAN_POINT('Ctrl Pts',(-24.0310334134556,27.8357971292061,-32.4090026307554));
#7927=CARTESIAN_POINT('Ctrl Pts',(-23.7451313680685,25.8928656580846,-30.980419913029));
#7928=CARTESIAN_POINT('Ctrl Pts',(-22.8974347603077,22.1124982935232,-28.1000595501566));
#7929=CARTESIAN_POINT('Ctrl Pts',(-20.9003496485164,16.947812585868,-23.7702697960762));
#7930=CARTESIAN_POINT('Ctrl Pts',(-19.1297330831897,13.8632781988852,-20.8527390483571));
#7931=CARTESIAN_POINT('Ctrl Pts',(-18.1638103767745,12.4439159794152,-19.4080609617097));
#7932=CARTESIAN_POINT('Ctrl Pts',(-15.4132400636669,27.9913684273663,-37.0455844144061));
#7933=CARTESIAN_POINT('Ctrl Pts',(-15.5555237109255,26.2815218391869,-35.3937338706485));
#7934=CARTESIAN_POINT('Ctrl Pts',(-15.5690171861265,22.9000410903593,-32.0729294439277));
#7935=CARTESIAN_POINT('Ctrl Pts',(-14.7972722330536,18.1380189920562,-27.1139198210174));
#7936=CARTESIAN_POINT('Ctrl Pts',(-13.7998394669639,15.2126990075209,-23.8075504631013));
#7937=CARTESIAN_POINT('Ctrl Pts',(-13.2020880719847,13.8485319644332,-22.1818365990707));
#7938=CARTESIAN_POINT('Ctrl Pts',(-15.943349917766,29.600213001141,-35.3955796475907));
#7939=CARTESIAN_POINT('Ctrl Pts',(-16.0941001958153,27.804749708721,-33.8185296671349));
#7940=CARTESIAN_POINT('Ctrl Pts',(-16.1179554845213,24.2535844189663,-30.6481834388824));
#7941=CARTESIAN_POINT('Ctrl Pts',(-15.353662306614,19.2413806543121,-25.9128862781378));
#7942=CARTESIAN_POINT('Ctrl Pts',(-14.354144532996,16.1476526081182,-22.750952819444));
#7943=CARTESIAN_POINT('Ctrl Pts',(-13.7533268228615,14.6996487182493,-21.1942469893297));
#7944=CARTESIAN_POINT('Ctrl Pts',(-16.0177032368697,31.4176789939788,-33.8043198714834));
#7945=CARTESIAN_POINT('Ctrl Pts',(-16.2051356941236,29.5405521329849,-32.3039252629862));
#7946=CARTESIAN_POINT('Ctrl Pts',(-16.2941476161691,25.8220192453216,-29.2847084224845));
#7947=CARTESIAN_POINT('Ctrl Pts',(-15.6129891779165,20.5524598800038,-24.7653531531094));
#7948=CARTESIAN_POINT('Ctrl Pts',(-14.6562763628585,17.2794232898825,-21.7369071834722));
#7949=CARTESIAN_POINT('Ctrl Pts',(-14.0727848522311,15.7410679999105,-20.2422962192079));
#7950=CARTESIAN_POINT('Ctrl Pts',(-15.6298893186072,33.2870654853357,-32.4090026307554));
#7951=CARTESIAN_POINT('Ctrl Pts',(-15.8787859341038,31.3390477349481,-30.980419913029));
#7952=CARTESIAN_POINT('Ctrl Pts',(-16.0824550896464,27.4701609784157,-28.1000594981708));
#7953=CARTESIAN_POINT('Ctrl Pts',(-15.5528428602138,21.9581887293718,-23.7702698396483));
#7954=CARTESIAN_POINT('Ctrl Pts',(-14.6800829924416,18.5103304559587,-20.8527390483571));
#7955=CARTESIAN_POINT('Ctrl Pts',(-14.1329186641079,16.8829992104447,-19.4080609617097));
#7956=CARTESIAN_POINT('',(-15.6582393495529,33.1049942498594,-32.37867966));
#7957=CARTESIAN_POINT('',(-14.1306608354295,16.8422320704688,-19.4379235132796));
#7958=CARTESIAN_POINT('Ctrl Pts',(-15.6582362199575,33.1049952064319,-32.3786803946483));
#7959=CARTESIAN_POINT('Ctrl Pts',(-15.7314937382374,32.5096702520074,-31.9305553831563));
#7960=CARTESIAN_POINT('Ctrl Pts',(-15.7910852049186,31.9140831237349,-31.4807374692137));
#7961=CARTESIAN_POINT('Ctrl Pts',(-15.8370187046475,31.3187981730529,-31.0293492945556));
#7962=CARTESIAN_POINT('Ctrl Pts',(-15.8829337906924,30.7237518584214,-30.5781420710387));
#7963=CARTESIAN_POINT('Ctrl Pts',(-15.915201800927,30.1290074206448,-30.1253657445204));
#7964=CARTESIAN_POINT('Ctrl Pts',(-15.9338328415311,29.5351743715838,-29.6711181509084));
#7965=CARTESIAN_POINT('Ctrl Pts',(-15.9524784758563,28.9408761722328,-29.2165147444966));
#7966=CARTESIAN_POINT('Ctrl Pts',(-15.9574657373085,28.3474907394195,-28.7604376535779));
#7967=CARTESIAN_POINT('Ctrl Pts',(-15.9488074502036,27.755675771565,-28.3029618318319));
#7968=CARTESIAN_POINT('Ctrl Pts',(-15.9475595595825,27.6703794145754,-28.2370273368879));
#7969=CARTESIAN_POINT('Ctrl Pts',(-15.9460282215554,27.5851157599826,-28.1710637493606));
#7970=CARTESIAN_POINT('Ctrl Pts',(-15.9442134795738,27.4998868576956,-28.1050712563252));
#7971=CARTESIAN_POINT('Ctrl Pts',(-15.9310058586342,26.8795942508618,-27.6247804812719));
#7972=CARTESIAN_POINT('Ctrl Pts',(-15.9027863208929,26.2611114797184,-27.1429593342991));
#7973=CARTESIAN_POINT('Ctrl Pts',(-15.8595057881998,25.6451942119911,-26.6596882935853));
#7974=CARTESIAN_POINT('Ctrl Pts',(-15.8372510788316,25.3284915529616,-26.4111918937511));
#7975=CARTESIAN_POINT('Ctrl Pts',(-15.8110146231062,25.0124678972762,-26.1623117957897));
#7976=CARTESIAN_POINT('Ctrl Pts',(-15.7807921157866,24.6972303387242,-25.9130569137594));
#7977=CARTESIAN_POINT('Ctrl Pts',(-15.7267241104166,24.1332709746528,-25.4671404265006));
#7978=CARTESIAN_POINT('Ctrl Pts',(-15.6599156224597,23.5719896069259,-25.0201538455232));
#7979=CARTESIAN_POINT('Ctrl Pts',(-15.5803544169488,23.013843082384,-24.5720624655875));
#7980=CARTESIAN_POINT('Ctrl Pts',(-15.5292520693324,22.6553442696154,-24.2842523285439));
#7981=CARTESIAN_POINT('Ctrl Pts',(-15.4728883109545,22.2981396670627,-23.9959859918957));
#7982=CARTESIAN_POINT('Ctrl Pts',(-15.411257736219,21.9423607791835,-23.7072503611822));
#7983=CARTESIAN_POINT('Ctrl Pts',(-15.3268927218966,21.4553412908802,-23.3120052133792));
#7984=CARTESIAN_POINT('Ctrl Pts',(-15.2326585394108,20.9710157695553,-22.9158647256704));
#7985=CARTESIAN_POINT('Ctrl Pts',(-15.1285735590908,20.4896623114222,-22.5188076079976));
#7986=CARTESIAN_POINT('Ctrl Pts',(-15.0248482708111,20.0099722922112,-22.1231226218689));
#7987=CARTESIAN_POINT('Ctrl Pts',(-14.9113399560938,19.533233677806,-21.7265271308406));
#7988=CARTESIAN_POINT('Ctrl Pts',(-14.788053878499,19.059768900757,-21.3289837494465));
#7989=CARTESIAN_POINT('Ctrl Pts',(-14.6656355589439,18.5896366400376,-20.9342385061071));
#7990=CARTESIAN_POINT('Ctrl Pts',(-14.5335764139284,18.1227321727463,-20.538558457782));
#7991=CARTESIAN_POINT('Ctrl Pts',(-14.3918719476659,17.659419783378,-20.1418939647946));
#7992=CARTESIAN_POINT('Ctrl Pts',(-14.3081673977618,17.3857420649549,-19.9075850278628));
#7993=CARTESIAN_POINT('Ctrl Pts',(-14.2210971940306,17.1133186392788,-19.6729323624784));
#7994=CARTESIAN_POINT('Ctrl Pts',(-14.1306593088435,16.8422329108719,-19.4379240340109));
#7995=CARTESIAN_POINT('Ctrl Pts',(-15.4132400636785,27.9913684273894,-37.0455844143628));
#7996=CARTESIAN_POINT('Ctrl Pts',(-15.7329679338398,28.9554356945704,-36.0468615809549));
#7997=CARTESIAN_POINT('Ctrl Pts',(-15.8894871634151,29.9864020432488,-35.0674968066015));
#7998=CARTESIAN_POINT('Ctrl Pts',(-15.8721755734168,31.7288419357166,-33.5239917695277));
#7999=CARTESIAN_POINT('Ctrl Pts',(-15.79851572191,32.4159136534998,-32.9416175325205));
#8000=CARTESIAN_POINT('Ctrl Pts',(-15.6582393495529,33.1049942498594,-32.37867966));
#8001=CARTESIAN_POINT('Ctrl Pts',(-14.1306608354295,16.8422320704688,-19.4379235132796));
#8002=CARTESIAN_POINT('Ctrl Pts',(-14.1105457172622,16.4181549525193,-19.7757299661414));
#8003=CARTESIAN_POINT('Ctrl Pts',(-14.051220719016,16.0054356330753,-20.1255537249021));
#8004=CARTESIAN_POINT('Ctrl Pts',(-13.8007998261746,14.9863693386692,-21.0522050815332));
#8005=CARTESIAN_POINT('Ctrl Pts',(-13.5547325043713,14.4098083368764,-21.6400014768364));
#8006=CARTESIAN_POINT('Ctrl Pts',(-13.2234534283491,13.8973518279333,-22.2396108770523));
#8007=CARTESIAN_POINT('Ctrl Pts',(-13.6149761027043,34.0969522060028,-32.4626302524857));
#8008=CARTESIAN_POINT('Ctrl Pts',(-13.9637862574026,32.1618811718918,-30.9632767366794));
#8009=CARTESIAN_POINT('Ctrl Pts',(-14.3702377771386,28.3206012216401,-27.9845654993708));
#8010=CARTESIAN_POINT('Ctrl Pts',(-14.1582481170036,22.803874948521,-23.6460968595053));
#8011=CARTESIAN_POINT('Ctrl Pts',(-13.5161377914971,19.3198571010688,-20.8149909660281));
#8012=CARTESIAN_POINT('Ctrl Pts',(-13.0890958584774,17.6650116116361,-19.4370737036659));
#8013=CARTESIAN_POINT('Ctrl Pts',(-12.0041430295271,33.1046380832611,-33.8532969829698));
#8014=CARTESIAN_POINT('Ctrl Pts',(-12.4117544330095,31.2635576586767,-32.3049410121655));
#8015=CARTESIAN_POINT('Ctrl Pts',(-12.9415793141536,27.5936765718154,-29.218490910547));
#8016=CARTESIAN_POINT('Ctrl Pts',(-12.9097570514859,22.2937844108537,-24.6921650415041));
#8017=CARTESIAN_POINT('Ctrl Pts',(-12.3807811078756,18.9336020554811,-21.7209826052268));
#8018=CARTESIAN_POINT('Ctrl Pts',(-12.0066178555513,17.3361034094345,-20.2711628071637));
#8019=CARTESIAN_POINT('Ctrl Pts',(-10.7433811344761,31.8152123941262,-35.4354627162379));
#8020=CARTESIAN_POINT('Ctrl Pts',(-11.1862200847959,30.0711372756695,-33.8259649669065));
#8021=CARTESIAN_POINT('Ctrl Pts',(-11.7936314075395,26.5831429699516,-30.6101553560397));
#8022=CARTESIAN_POINT('Ctrl Pts',(-11.8768092349834,21.5240659401344,-25.8697328325874));
#8023=CARTESIAN_POINT('Ctrl Pts',(-11.4211676505395,18.309778872673,-22.7460801296978));
#8024=CARTESIAN_POINT('Ctrl Pts',(-11.0815372377887,16.7816624652971,-21.2195373891603));
#8025=CARTESIAN_POINT('Ctrl Pts',(-9.93990612027186,30.338328421989,-37.0745794368569));
#8026=CARTESIAN_POINT('Ctrl Pts',(-10.3917570483231,28.6863188956515,-35.3973800337166));
#8027=CARTESIAN_POINT('Ctrl Pts',(-11.0239344124393,25.3748207049522,-32.041077032953));
#8028=CARTESIAN_POINT('Ctrl Pts',(-11.1473245129624,20.5603005227265,-27.0787890665455));
#8029=CARTESIAN_POINT('Ctrl Pts',(-10.7190025640718,17.5013499258466,-23.8030669274469));
#8030=CARTESIAN_POINT('Ctrl Pts',(-10.3925232359905,16.0488386619071,-22.201547290692));
#8031=CARTESIAN_POINT('',(-13.0879930827328,17.6646764427715,-19.4379235132796));
#8032=CARTESIAN_POINT('',(-13.6343567380875,33.9886072110888,-32.37867966));
#8033=CARTESIAN_POINT('Ctrl Pts',(-13.0879930836855,17.6646764417292,-19.4379235136932));
#8034=CARTESIAN_POINT('Ctrl Pts',(-13.2145316408901,18.1712500119019,-19.8643993734048));
#8035=CARTESIAN_POINT('Ctrl Pts',(-13.3304275765022,18.6806027964095,-20.2896946756045));
#8036=CARTESIAN_POINT('Ctrl Pts',(-13.4357410016202,19.1925091781074,-20.7138933644887));
#8037=CARTESIAN_POINT('Ctrl Pts',(-13.5411980615115,19.7051137381906,-21.1386706090741));
#8038=CARTESIAN_POINT('Ctrl Pts',(-13.6360439445232,20.2202790834969,-21.5623483988696));
#8039=CARTESIAN_POINT('Ctrl Pts',(-13.7203034715731,20.7377942721389,-21.9850460777122));
#8040=CARTESIAN_POINT('Ctrl Pts',(-13.8046453660707,21.255815354971,-22.408156962398));
#8041=CARTESIAN_POINT('Ctrl Pts',(-13.8783803926001,21.7761911124802,-22.8302859710014));
#8042=CARTESIAN_POINT('Ctrl Pts',(-13.9414947513483,22.2987222045349,-23.2515856133915));
#8043=CARTESIAN_POINT('Ctrl Pts',(-13.9603403277656,22.4547469162025,-23.3773832094179));
#8044=CARTESIAN_POINT('Ctrl Pts',(-13.9782387095903,22.6109638635334,-23.5031070738723));
#8045=CARTESIAN_POINT('Ctrl Pts',(-13.9951888230501,22.7673679012894,-23.6287618023605));
#8046=CARTESIAN_POINT('Ctrl Pts',(-14.0563655254726,23.3318646108966,-24.0822774647171));
#8047=CARTESIAN_POINT('Ctrl Pts',(-14.1052164018346,23.8987814049054,-24.5348476049056));
#8048=CARTESIAN_POINT('Ctrl Pts',(-14.1418018670553,24.4678309063884,-24.9866256209864));
#8049=CARTESIAN_POINT('Ctrl Pts',(-14.1643013821906,24.8177878577125,-25.264462358864));
#8050=CARTESIAN_POINT('Ctrl Pts',(-14.1821612572334,25.1685519127531,-25.5419999687405));
#8051=CARTESIAN_POINT('Ctrl Pts',(-14.1953877975164,25.5200604372571,-25.819278362509));
#8052=CARTESIAN_POINT('Ctrl Pts',(-14.2222735543321,26.2345762899509,-26.3829056834585));
#8053=CARTESIAN_POINT('Ctrl Pts',(-14.2299904117258,26.9515813408315,-26.9449965742729));
#8054=CARTESIAN_POINT('Ctrl Pts',(-14.2187065205103,27.6700362642527,-27.5054377235354));
#8055=CARTESIAN_POINT('Ctrl Pts',(-14.2151957759832,27.8935683457145,-27.6798071551414));
#8056=CARTESIAN_POINT('Ctrl Pts',(-14.209845927458,28.1172410268541,-27.8540171060877));
#8057=CARTESIAN_POINT('Ctrl Pts',(-14.2026625470681,28.3410236830557,-28.0280647366505));
#8058=CARTESIAN_POINT('Ctrl Pts',(-14.1803054303701,29.0375112262632,-28.5697600077201));
#8059=CARTESIAN_POINT('Ctrl Pts',(-14.1401834142045,29.7350314895524,-29.1098572599952));
#8060=CARTESIAN_POINT('Ctrl Pts',(-14.0823682378715,30.4326473599665,-29.6481646635296));
#8061=CARTESIAN_POINT('Ctrl Pts',(-14.0234587972953,31.1434669625305,-30.1966605777788));
#8062=CARTESIAN_POINT('Ctrl Pts',(-13.946180034677,31.8543858219541,-30.743298499655));
#8063=CARTESIAN_POINT('Ctrl Pts',(-13.8506508324529,32.5644141551054,-31.2879085992596));
#8064=CARTESIAN_POINT('Ctrl Pts',(-13.7867122105394,33.0396430074799,-31.6524214229633));
#8065=CARTESIAN_POINT('Ctrl Pts',(-13.7145987160398,33.5144729696074,-32.0160265138098));
#8066=CARTESIAN_POINT('Ctrl Pts',(-13.6343568458645,33.9886075102251,-32.3786801022125));
#8067=CARTESIAN_POINT('Ctrl Pts',(-10.4147656711852,16.1098964743843,-22.2396108770523));
#8068=CARTESIAN_POINT('Ctrl Pts',(-10.8351190926615,16.5537577429124,-21.6386461450648));
#8069=CARTESIAN_POINT('Ctrl Pts',(-11.3401060072955,16.9285942057595,-21.0493086416205));
#8070=CARTESIAN_POINT('Ctrl Pts',(-12.2815033980282,17.4040098390941,-20.1226823556707));
#8071=CARTESIAN_POINT('Ctrl Pts',(-12.6740872099918,17.55367498068,-19.7735174015949));
#8072=CARTESIAN_POINT('Ctrl Pts',(-13.0879930827328,17.6646764427715,-19.4379235132796));
#8073=CARTESIAN_POINT('Ctrl Pts',(-13.6343567380875,33.9886072110888,-32.37867966));
#8074=CARTESIAN_POINT('Ctrl Pts',(-13.0090544381715,33.6377624146134,-32.9371062926339));
#8075=CARTESIAN_POINT('Ctrl Pts',(-12.4346737443834,33.2329188293935,-33.5184796398716));
#8076=CARTESIAN_POINT('Ctrl Pts',(-11.1076188624218,32.0728791076745,-35.0621332393077));
#8077=CARTESIAN_POINT('Ctrl Pts',(-10.4475207426948,31.2567980245231,-36.0439429177018));
#8078=CARTESIAN_POINT('Ctrl Pts',(-9.95416904255674,30.3644396353801,-37.0455844143628));
#8079=CARTESIAN_POINT('Origin',(0.,0.,-34.7121320371814));
#8080=CARTESIAN_POINT('Origin',(0.,0.,-32.37867966));
#8081=CARTESIAN_POINT('Origin',(0.,0.,-20.8387671951659));
#8082=CARTESIAN_POINT('Origin',(0.,0.,-19.4379235132796));
#8083=CARTESIAN_POINT('Origin',(0.,0.,-25.9083015866398));
#8084=CARTESIAN_POINT('Ctrl Pts',(9.93674328343897,30.3701466676705,-37.0455844144061));
#8085=CARTESIAN_POINT('Ctrl Pts',(8.5900097527342,29.3070715110322,-35.3937338706486));
#8086=CARTESIAN_POINT('Ctrl Pts',(6.10949106514628,27.0088939032623,-32.0729302617717));
#8087=CARTESIAN_POINT('Ctrl Pts',(3.15599106456061,23.1945410825586,-27.1139200729515));
#8088=CARTESIAN_POINT('Ctrl Pts',(1.69886374434539,20.4688945081445,-23.8075504631013));
#8089=CARTESIAN_POINT('Ctrl Pts',(1.10987850148029,19.1009197878616,-22.1818365990707));
#8090=CARTESIAN_POINT('Ctrl Pts',(10.7507166117207,31.8556919348445,-35.3955796475907));
#8091=CARTESIAN_POINT('Ctrl Pts',(9.33563238895524,30.7403665458929,-33.8185296671349));
#8092=CARTESIAN_POINT('Ctrl Pts',(6.72402964789854,28.3339430073222,-30.6481842567264));
#8093=CARTESIAN_POINT('Ctrl Pts',(3.58260165537861,24.3542739291637,-25.9128865300718));
#8094=CARTESIAN_POINT('Ctrl Pts',(2.00381879547097,21.5121561044337,-22.750952819444));
#8095=CARTESIAN_POINT('Ctrl Pts',(1.35565549289385,20.0847173074693,-21.1942469893297));
#8096=CARTESIAN_POINT('Ctrl Pts',(12.0282360314761,33.1505491406134,-33.8043198714834));
#8097=CARTESIAN_POINT('Ctrl Pts',(10.5284315991093,32.006292682056,-32.3039252629862));
#8098=CARTESIAN_POINT('Ctrl Pts',(7.7500379160397,29.5332490752228,-29.2847087369723));
#8099=CARTESIAN_POINT('Ctrl Pts',(4.36378125818058,25.4386795172086,-24.7653528886897));
#8100=CARTESIAN_POINT('Ctrl Pts',(2.62473648288084,22.5054585478913,-21.7369071834722));
#8101=CARTESIAN_POINT('Ctrl Pts',(1.89871507575196,21.0290127285164,-20.2422962192079));
#8102=CARTESIAN_POINT('Ctrl Pts',(13.6591545193893,34.1430764072657,-32.4090026307554));
#8103=CARTESIAN_POINT('Ctrl Pts',(12.0655879211103,32.9953533666849,-30.980419913029));
#8104=CARTESIAN_POINT('Ctrl Pts',(9.09905056818649,30.5034808838642,-28.1000598126586));
#8105=CARTESIAN_POINT('Ctrl Pts',(5.43219151552309,26.3542070697618,-23.7702695752286));
#8106=CARTESIAN_POINT('Ctrl Pts',(3.50807841868556,23.3630168441946,-20.8527390483571));
#8107=CARTESIAN_POINT('Ctrl Pts',(2.69223495083166,21.8523894179947,-19.4080609617097));
#8108=CARTESIAN_POINT('',(13.5067399097104,34.0395223354052,-32.37867966));
#8109=CARTESIAN_POINT('',(2.66398194683792,21.8229135760647,-19.4379235132796));
#8110=CARTESIAN_POINT('Ctrl Pts',(13.5067427445133,34.0395207008712,-32.3786803948202));
#8111=CARTESIAN_POINT('Ctrl Pts',(13.0216572142653,33.6867201072722,-31.9305567806771));
#8112=CARTESIAN_POINT('Ctrl Pts',(12.5457077927624,33.3237529683259,-31.4807402890822));
#8113=CARTESIAN_POINT('Ctrl Pts',(12.0793014226465,32.9510103967998,-31.0293535508525));
#8114=CARTESIAN_POINT('Ctrl Pts',(11.6130819218802,32.5784171674919,-30.5781476642395));
#8115=CARTESIAN_POINT('Ctrl Pts',(11.156397823176,32.1960562556551,-30.125372688008));
#8116=CARTESIAN_POINT('Ctrl Pts',(10.7096876946168,31.8043510760185,-29.6711264472398));
#8117=CARTESIAN_POINT('Ctrl Pts',(10.2626275350965,31.4123389659325,-29.2165242704001));
#8118=CARTESIAN_POINT('Ctrl Pts',(9.82555696690147,31.0109678811835,-28.76044841081));
#8119=CARTESIAN_POINT('Ctrl Pts',(9.398947919837,30.600696113144,-28.3029738113389));
#8120=CARTESIAN_POINT('Ctrl Pts',(9.33745831077381,30.5415612898203,-28.2370353731567));
#8121=CARTESIAN_POINT('Ctrl Pts',(9.27618609598078,30.4822416119741,-28.1710678385678));
#8122=CARTESIAN_POINT('Ctrl Pts',(9.21513274426327,30.4227385108157,-28.1050713946496));
#8123=CARTESIAN_POINT('Ctrl Pts',(8.77081525500585,29.98970301373,-27.6247804124722));
#8124=CARTESIAN_POINT('Ctrl Pts',(8.33806691971132,29.5469315768202,-27.1429590379582));
#8125=CARTESIAN_POINT('Ctrl Pts',(7.91747350702119,29.0949041198217,-26.6596877615454));
#8126=CARTESIAN_POINT('Ctrl Pts',(7.70120600646199,28.862473355669,-26.4111915467013));
#8127=CARTESIAN_POINT('Ctrl Pts',(7.48815249973325,28.6275960511024,-26.1623116325236));
#8128=CARTESIAN_POINT('Ctrl Pts',(7.27839419322006,28.3903421572587,-25.9130569347347));
#8129=CARTESIAN_POINT('Ctrl Pts',(6.90313663642261,27.965895001747,-25.467140344029));
#8130=CARTESIAN_POINT('Ctrl Pts',(6.53853233298293,27.5339645274916,-25.0201536587832));
#8131=CARTESIAN_POINT('Ctrl Pts',(6.1849235143539,27.0948536181532,-24.572062183529));
#8132=CARTESIAN_POINT('Ctrl Pts',(5.95779983792961,26.8128117718168,-24.2842521011088));
#8133=CARTESIAN_POINT('Ctrl Pts',(5.73521321443138,26.527808072058,-23.9959858231464));
#8134=CARTESIAN_POINT('Ctrl Pts',(5.51726344162575,26.239928327803,-23.7072502578205));
#8135=CARTESIAN_POINT('Ctrl Pts',(5.21891548076702,25.8458543466037,-23.3120047568342));
#8136=CARTESIAN_POINT('Ctrl Pts',(4.92927262862219,25.4464064014877,-22.9158639265167));
#8137=CARTESIAN_POINT('Ctrl Pts',(4.64852557804679,25.0417877244613,-22.5188064705938));
#8138=CARTESIAN_POINT('Ctrl Pts',(4.36874869867758,24.6385672790071,-22.1231211171031));
#8139=CARTESIAN_POINT('Ctrl Pts',(4.09780626663562,24.2302115302222,-21.7265252629017));
#8140=CARTESIAN_POINT('Ctrl Pts',(3.83593032357961,23.816944393201,-21.3289815162153));
#8141=CARTESIAN_POINT('Ctrl Pts',(3.57589760214491,23.4065860492269,-20.9342358930249));
#8142=CARTESIAN_POINT('Ctrl Pts',(3.32480425273583,22.9913849681722,-20.5385554626769));
#8143=CARTESIAN_POINT('Ctrl Pts',(3.08291956543301,22.5715864990086,-20.1418905791746));
#8144=CARTESIAN_POINT('Ctrl Pts',(2.94003958417009,22.3236138055855,-19.9075827701336));
#8145=CARTESIAN_POINT('Ctrl Pts',(2.80037348480592,22.0740375027988,-19.6729312336595));
#8146=CARTESIAN_POINT('Ctrl Pts',(2.66398360301071,21.8229130340006,-19.4379240340109));
#8147=CARTESIAN_POINT('Ctrl Pts',(9.93674328344787,30.3701466676947,-37.0455844143628));
#8148=CARTESIAN_POINT('Ctrl Pts',(10.423087051534,31.2618424374793,-36.0468615809549));
#8149=CARTESIAN_POINT('Ctrl Pts',(11.0697216449878,32.0799216413971,-35.0674968066015));
#8150=CARTESIAN_POINT('Ctrl Pts',(12.3549754641637,33.256577534301,-33.5239917695277));
#8151=CARTESIAN_POINT('Ctrl Pts',(12.9073889487329,33.671707226286,-32.9416175325205));
#8152=CARTESIAN_POINT('Ctrl Pts',(13.5067399097104,34.0395223354052,-32.37867966));
#8153=CARTESIAN_POINT('Ctrl Pts',(2.66398194683792,21.8229135760647,-19.4379235132796));
#8154=CARTESIAN_POINT('Ctrl Pts',(2.36778077454427,21.5187575544588,-19.7757299661414));
#8155=CARTESIAN_POINT('Ctrl Pts',(2.10664311676665,21.1936978434062,-20.1255537249021));
#8156=CARTESIAN_POINT('Ctrl Pts',(1.5327983863675,20.315114346316,-21.0522050815332));
#8157=CARTESIAN_POINT('Ctrl Pts',(1.27938089459739,19.7417459738776,-21.6400014768364));
#8158=CARTESIAN_POINT('Ctrl Pts',(1.13097482235483,19.1498565099658,-22.2396108770523));
#8159=CARTESIAN_POINT('Ctrl Pts',(15.6263342106715,33.2232960910269,-32.4626302524857));
#8160=CARTESIAN_POINT('Ctrl Pts',(13.9740332380344,32.1574302801021,-30.9632767366794));
#8161=CARTESIAN_POINT('Ctrl Pts',(10.8892629227065,29.832601379876,-27.9845645957007));
#8162=CARTESIAN_POINT('Ctrl Pts',(7.00213532182687,25.9122133897692,-23.6460967349386));
#8163=CARTESIAN_POINT('Ctrl Pts',(4.89416406041239,23.0649087870346,-20.8149909660281));
#8164=CARTESIAN_POINT('Ctrl Pts',(3.97622227508028,21.6232911937754,-19.437073703666));
#8165=CARTESIAN_POINT('Ctrl Pts',(16.0005945392084,31.3687342251628,-33.8532969829698));
#8166=CARTESIAN_POINT('Ctrl Pts',(14.376850307135,30.4099960675592,-32.3049410121655));
#8167=CARTESIAN_POINT('Ctrl Pts',(11.3331355697907,28.2923216898353,-29.2184900068769));
#8168=CARTESIAN_POINT('Ctrl Pts',(7.48150431291114,24.6516073181981,-24.6921649169373));
#8169=CARTESIAN_POINT('Ctrl Pts',(5.38681625479318,21.9715096949105,-21.7209826052268));
#8170=CARTESIAN_POINT('Ctrl Pts',(4.47469309532756,20.6076800114539,-20.2711628071638));
#8171=CARTESIAN_POINT('Ctrl Pts',(15.9187728666419,29.5672225328021,-35.4354627162379));
#8172=CARTESIAN_POINT('Ctrl Pts',(14.3418789281906,28.700441209967,-33.8259649669065));
#8173=CARTESIAN_POINT('Ctrl Pts',(11.3781365189178,26.7636186829812,-30.6101555777906));
#8174=CARTESIAN_POINT('Ctrl Pts',(7.62400776242215,23.3713188015071,-25.8697330506842));
#8175=CARTESIAN_POINT('Ctrl Pts',(5.58589101902628,20.8443971942456,-22.7460801296978));
#8176=CARTESIAN_POINT('Ctrl Pts',(4.70090439666819,19.5531624169863,-21.2195373891603));
#8177=CARTESIAN_POINT('Ctrl Pts',(15.3878273411808,27.9719622986713,-37.0745794368569));
#8178=CARTESIAN_POINT('Ctrl Pts',(13.8720670947957,27.1746069125548,-35.3973800337165));
#8179=CARTESIAN_POINT('Ctrl Pts',(11.0204102545498,25.3763522773688,-32.0410772547039));
#8180=CARTESIAN_POINT('Ctrl Pts',(7.41756542419833,22.1803640162854,-27.0787892846422));
#8181=CARTESIAN_POINT('Ctrl Pts',(5.47432705694894,19.7794339774693,-23.8030669274469));
#8182=CARTESIAN_POINT('Ctrl Pts',(4.63561907832067,18.5494150141517,-22.201547290692));
#8183=CARTESIAN_POINT('',(3.97673002467067,21.6222564750387,-19.4379235132796));
#8184=CARTESIAN_POINT('',(15.5339234782404,33.163508939545,-32.37867966));
#8185=CARTESIAN_POINT('Ctrl Pts',(3.97673002325872,21.6222564750235,-19.4379235136932));
#8186=CARTESIAN_POINT('Ctrl Pts',(4.26058273190356,22.0604985004177,-19.8643990954032));
#8187=CARTESIAN_POINT('Ctrl Pts',(4.55373073946237,22.4928594820735,-20.2896941153842));
#8188=CARTESIAN_POINT('Ctrl Pts',(4.85596812444683,22.9192293545365,-20.7138925168709));
#8189=CARTESIAN_POINT('Ctrl Pts',(5.15861775169268,23.3461807820591,-21.1386695115991));
#8190=CARTESIAN_POINT('Ctrl Pts',(5.47038157757269,23.7671250551174,-21.5623470461481));
#8191=CARTESIAN_POINT('Ctrl Pts',(5.79108849327069,24.1819363336269,-21.9850444633582));
#8192=CARTESIAN_POINT('Ctrl Pts',(6.11210896128155,24.5971531694519,-22.4081551480918));
#8193=CARTESIAN_POINT('Ctrl Pts',(6.44209005316623,25.006225315669,-22.8302839500562));
#8194=CARTESIAN_POINT('Ctrl Pts',(6.78089549980922,25.409006625613,-23.2515833781352));
#8195=CARTESIAN_POINT('Ctrl Pts',(6.88206140789561,25.5292754624468,-23.3773816486181));
#8196=CARTESIAN_POINT('Ctrl Pts',(6.98401432758666,25.6489832598184,-23.5031061859788));
#8197=CARTESIAN_POINT('Ctrl Pts',(7.08675123132541,25.7681257209755,-23.628761585878));
#8198=CARTESIAN_POINT('Ctrl Pts',(7.45754982034905,26.1981353366264,-24.0822777352873));
#8199=CARTESIAN_POINT('Ctrl Pts',(7.83853014343996,26.620788606561,-24.5348483506838));
#8200=CARTESIAN_POINT('Ctrl Pts',(8.22944094082344,27.0359335430595,-24.9866268444076));
#8201=CARTESIAN_POINT('Ctrl Pts',(8.4698444996829,27.291240689459,-25.2644630117234));
#8202=CARTESIAN_POINT('Ctrl Pts',(8.71400470410578,27.5437079227851,-25.5420000538117));
#8203=CARTESIAN_POINT('Ctrl Pts',(8.96187147594339,27.7932971023423,-25.8192778854259));
#8204=CARTESIAN_POINT('Ctrl Pts',(9.46571864579883,28.3006454686205,-26.3829099111578));
#8205=CARTESIAN_POINT('Ctrl Pts',(9.98446905324515,28.7956833276577,-26.9450055000506));
#8206=CARTESIAN_POINT('Ctrl Pts',(10.5172483329451,29.2778241775775,-27.5054513627752));
#8207=CARTESIAN_POINT('Ctrl Pts',(10.6830054562496,29.4278267834508,-27.6798160528312));
#8208=CARTESIAN_POINT('Ctrl Pts',(10.8501205468837,29.5765813428545,-27.8540212750698));
#8209=CARTESIAN_POINT('Ctrl Pts',(11.0185674222846,29.724071027048,-28.0280641907196));
#8210=CARTESIAN_POINT('Ctrl Pts',(11.5428395241653,30.1831162100104,-28.5697533433854));
#8211=CARTESIAN_POINT('Ctrl Pts',(12.0799915744634,30.6298833626723,-29.1098445616384));
#8212=CARTESIAN_POINT('Ctrl Pts',(12.6292897546075,31.0637852785478,-29.6481459811952));
#8213=CARTESIAN_POINT('Ctrl Pts',(13.1889835459444,31.5058989012453,-30.1966348953853));
#8214=CARTESIAN_POINT('Ctrl Pts',(13.7612875992315,31.9346556704631,-30.7432658752445));
#8215=CARTESIAN_POINT('Ctrl Pts',(14.345397431684,32.3494668861604,-31.2878690565744));
#8216=CARTESIAN_POINT('Ctrl Pts',(14.7363670031054,32.6271176877931,-31.6523951449391));
#8217=CARTESIAN_POINT('Ctrl Pts',(15.132625226866,32.8985212806444,-32.0160134219318));
#8218=CARTESIAN_POINT('Ctrl Pts',(15.5339236232882,33.1635092221871,-32.3786801017462));
#8219=CARTESIAN_POINT('Ctrl Pts',(4.66506067952423,18.6073457875495,-22.2396108770523));
#8220=CARTESIAN_POINT('Ctrl Pts',(4.70253690862328,19.2175140896586,-21.6386461450648));
#8221=CARTESIAN_POINT('Ctrl Pts',(4.63180047052708,19.8424224942722,-21.0493086416205));
#8222=CARTESIAN_POINT('Ctrl Pts',(4.33669756528558,20.854925998965,-20.1226823556707));
#8223=CARTESIAN_POINT('Ctrl Pts',(4.17811891852283,21.2439947805612,-19.773517401595));
#8224=CARTESIAN_POINT('Ctrl Pts',(3.97673002467067,21.6222564750387,-19.4379235132796));
#8225=CARTESIAN_POINT('Ctrl Pts',(15.5339234782404,33.163508939545,-32.37867966));
#8226=CARTESIAN_POINT('Ctrl Pts',(15.7043155333659,32.4670453116044,-32.9371062926339));
#8227=CARTESIAN_POINT('Ctrl Pts',(15.8004866293291,31.7709399817932,-33.5184796398716));
#8228=CARTESIAN_POINT('Ctrl Pts',(15.8584733616122,30.009291789167,-35.0621332393077));
#8229=CARTESIAN_POINT('Ctrl Pts',(15.7126040027305,28.9698496348919,-36.0439429177018));
#8230=CARTESIAN_POINT('Ctrl Pts',(15.397175152561,28.0002084460062,-37.0455844143628));
#8231=CARTESIAN_POINT('Origin',(0.,0.,-34.7121320371814));
#8232=CARTESIAN_POINT('Origin',(0.,0.,-32.37867966));
#8233=CARTESIAN_POINT('Origin',(0.,0.,-25.9083015866398));
#8234=CARTESIAN_POINT('Origin',(0.,0.,-19.4379235132796));
#8235=CARTESIAN_POINT('Origin',(0.,0.,-20.8387671951659));
#8236=UNCERTAINTY_MEASURE_WITH_UNIT(LENGTH_MEASURE(0.01),#8240,
'DISTANCE_ACCURACY_VALUE',
'Maximum model space distance between geometric entities at asserted c
onnectivities');
#8237=UNCERTAINTY_MEASURE_WITH_UNIT(LENGTH_MEASURE(0.01),#8240,
'DISTANCE_ACCURACY_VALUE',
'Maximum model space distance between geometric entities at asserted c
onnectivities');
#8238=(
GEOMETRIC_REPRESENTATION_CONTEXT(3)
GLOBAL_UNCERTAINTY_ASSIGNED_CONTEXT((#8236))
GLOBAL_UNIT_ASSIGNED_CONTEXT((#8240,#8242,#8243))
REPRESENTATION_CONTEXT('','3D')
);
#8239=(
GEOMETRIC_REPRESENTATION_CONTEXT(3)
GLOBAL_UNCERTAINTY_ASSIGNED_CONTEXT((#8237))
GLOBAL_UNIT_ASSIGNED_CONTEXT((#8240,#8242,#8243))
REPRESENTATION_CONTEXT('','3D')
);
#8240=(
LENGTH_UNIT()
NAMED_UNIT(*)
SI_UNIT(.MILLI.,.METRE.)
);
#8241=(
LENGTH_UNIT()
NAMED_UNIT(*)
SI_UNIT(.CENTI.,.METRE.)
);
#8242=(
NAMED_UNIT(*)
PLANE_ANGLE_UNIT()
SI_UNIT($,.RADIAN.)
);
#8243=(
NAMED_UNIT(*)
SI_UNIT($,.STERADIAN.)
SOLID_ANGLE_UNIT()
);
#8244=SHAPE_DEFINITION_REPRESENTATION(#8245,#8246);
#8245=PRODUCT_DEFINITION_SHAPE('',$,#8248);
#8246=SHAPE_REPRESENTATION('',(#2176),#8238);
#8247=PRODUCT_DEFINITION_CONTEXT('part definition',#8252,'design');
#8248=PRODUCT_DEFINITION('Neu Kegelrad_Version02',
'Neu Kegelrad_Version02',#8249,#8247);
#8249=PRODUCT_DEFINITION_FORMATION('',$,#8254);
#8250=PRODUCT_RELATED_PRODUCT_CATEGORY('Neu Kegelrad_Version02',
'Neu Kegelrad_Version02',(#8254));
#8251=APPLICATION_PROTOCOL_DEFINITION('international standard',
'automotive_design',2009,#8252);
#8252=APPLICATION_CONTEXT(
'Core Data for Automotive Mechanical Design Process');
#8253=PRODUCT_CONTEXT('part definition',#8252,'mechanical');
#8254=PRODUCT('Neu Kegelrad_Version02','Neu Kegelrad_Version02',$,(#8253));
#8255=PRESENTATION_STYLE_ASSIGNMENT((#8256));
#8256=SURFACE_STYLE_USAGE(.BOTH.,#8259);
#8257=SURFACE_STYLE_RENDERING_WITH_PROPERTIES($,#8263,(#8258));
#8258=SURFACE_STYLE_TRANSPARENT(0.);
#8259=SURFACE_SIDE_STYLE('',(#8260,#8257));
#8260=SURFACE_STYLE_FILL_AREA(#8261);
#8261=FILL_AREA_STYLE('',(#8262));
#8262=FILL_AREA_STYLE_COLOUR('',#8263);
#8263=COLOUR_RGB('',0.87843137254902,0.874509803921569,0.858823529411765);
ENDSEC;
END-ISO-10303-21;
