ISO-10303-21;
HEADER;
/* Generated by software containing ST-Developer
 * from STEP Tools, Inc. (www.steptools.com) 
 */

FILE_DESCRIPTION(
/* description */ (''),
/* implementation_level */ '2;1');

FILE_NAME(
/* name */ 'Schrauben_Strang.stp',
/* time_stamp */ '2026-09-02T21:31:11+02:00',
/* author */ ('bluhm'),
/* organization */ (''),
/* preprocessor_version */ 'ST-DEVELOPER v20.1',
/* originating_system */ 'Autodesk Inventor 2026',
/* authorisation */ '');

FILE_SCHEMA (('AUTOMOTIVE_DESIGN { 1 0 10303 214 3 1 1 }'));
ENDSEC;

DATA;
#10=MECHANICAL_DESIGN_GEOMETRIC_PRESENTATION_REPRESENTATION('',(#13),#2578);
#11=SHAPE_REPRESENTATION_RELATIONSHIP('SRR','None',#2585,#12);
#12=ADVANCED_BREP_SHAPE_REPRESENTATION('',(#14),#2577);
#13=STYLED_ITEM('',(#2594),#14);
#14=MANIFOLD_SOLID_BREP('Volumenk\X\F6rper1',#1577);
#15=CYLINDRICAL_SURFACE('',#1606,5.0940505);
#16=CYLINDRICAL_SURFACE('',#1609,5.0940505);
#17=CYLINDRICAL_SURFACE('',#1612,5.0940505);
#18=CYLINDRICAL_SURFACE('',#1615,5.0940505);
#19=CYLINDRICAL_SURFACE('',#1628,12.5);
#20=CYLINDRICAL_SURFACE('',#1632,20.);
#21=CYLINDRICAL_SURFACE('',#1637,20.);
#22=CYLINDRICAL_SURFACE('',#1643,12.5);
#23=CYLINDRICAL_SURFACE('',#1647,20.);
#24=CYLINDRICAL_SURFACE('',#1652,20.);
#25=CYLINDRICAL_SURFACE('',#1664,12.5);
#26=CYLINDRICAL_SURFACE('',#1665,20.);
#27=CYLINDRICAL_SURFACE('',#1668,20.);
#28=CYLINDRICAL_SURFACE('',#1674,12.5);
#29=CYLINDRICAL_SURFACE('',#1676,20.);
#30=CYLINDRICAL_SURFACE('',#1680,20.);
#31=CYLINDRICAL_SURFACE('',#1686,12.5);
#32=CYLINDRICAL_SURFACE('',#1688,20.);
#33=CYLINDRICAL_SURFACE('',#1692,20.);
#34=FACE_BOUND('',#137,.T.);
#35=FACE_BOUND('',#145,.T.);
#36=FACE_BOUND('',#146,.T.);
#37=FACE_BOUND('',#150,.T.);
#38=FACE_BOUND('',#151,.T.);
#39=FACE_BOUND('',#153,.T.);
#40=FACE_BOUND('',#154,.T.);
#41=FACE_BOUND('',#155,.T.);
#42=FACE_BOUND('',#156,.T.);
#43=FACE_BOUND('',#157,.T.);
#44=FACE_BOUND('',#166,.T.);
#45=FACE_BOUND('',#168,.T.);
#46=FACE_BOUND('',#177,.T.);
#47=FACE_BOUND('',#179,.T.);
#48=FACE_BOUND('',#182,.T.);
#49=FACE_BOUND('',#190,.T.);
#50=FACE_BOUND('',#199,.T.);
#51=FACE_BOUND('',#209,.T.);
#52=FACE_BOUND('',#214,.T.);
#53=FACE_BOUND('',#215,.T.);
#54=FACE_BOUND('',#219,.T.);
#55=FACE_BOUND('',#220,.T.);
#56=FACE_OUTER_BOUND('',#134,.T.);
#57=FACE_OUTER_BOUND('',#135,.T.);
#58=FACE_OUTER_BOUND('',#136,.T.);
#59=FACE_OUTER_BOUND('',#138,.T.);
#60=FACE_OUTER_BOUND('',#139,.T.);
#61=FACE_OUTER_BOUND('',#140,.T.);
#62=FACE_OUTER_BOUND('',#141,.T.);
#63=FACE_OUTER_BOUND('',#142,.T.);
#64=FACE_OUTER_BOUND('',#143,.T.);
#65=FACE_OUTER_BOUND('',#144,.T.);
#66=FACE_OUTER_BOUND('',#147,.T.);
#67=FACE_OUTER_BOUND('',#148,.T.);
#68=FACE_OUTER_BOUND('',#149,.T.);
#69=FACE_OUTER_BOUND('',#152,.T.);
#70=FACE_OUTER_BOUND('',#158,.T.);
#71=FACE_OUTER_BOUND('',#159,.T.);
#72=FACE_OUTER_BOUND('',#160,.T.);
#73=FACE_OUTER_BOUND('',#161,.T.);
#74=FACE_OUTER_BOUND('',#162,.T.);
#75=FACE_OUTER_BOUND('',#163,.T.);
#76=FACE_OUTER_BOUND('',#164,.T.);
#77=FACE_OUTER_BOUND('',#165,.T.);
#78=FACE_OUTER_BOUND('',#167,.T.);
#79=FACE_OUTER_BOUND('',#169,.T.);
#80=FACE_OUTER_BOUND('',#170,.T.);
#81=FACE_OUTER_BOUND('',#171,.T.);
#82=FACE_OUTER_BOUND('',#172,.T.);
#83=FACE_OUTER_BOUND('',#173,.T.);
#84=FACE_OUTER_BOUND('',#174,.T.);
#85=FACE_OUTER_BOUND('',#175,.T.);
#86=FACE_OUTER_BOUND('',#176,.T.);
#87=FACE_OUTER_BOUND('',#178,.T.);
#88=FACE_OUTER_BOUND('',#180,.T.);
#89=FACE_OUTER_BOUND('',#181,.T.);
#90=FACE_OUTER_BOUND('',#183,.T.);
#91=FACE_OUTER_BOUND('',#184,.T.);
#92=FACE_OUTER_BOUND('',#185,.T.);
#93=FACE_OUTER_BOUND('',#186,.T.);
#94=FACE_OUTER_BOUND('',#187,.T.);
#95=FACE_OUTER_BOUND('',#188,.T.);
#96=FACE_OUTER_BOUND('',#189,.T.);
#97=FACE_OUTER_BOUND('',#191,.T.);
#98=FACE_OUTER_BOUND('',#192,.T.);
#99=FACE_OUTER_BOUND('',#193,.T.);
#100=FACE_OUTER_BOUND('',#194,.T.);
#101=FACE_OUTER_BOUND('',#195,.T.);
#102=FACE_OUTER_BOUND('',#196,.T.);
#103=FACE_OUTER_BOUND('',#197,.T.);
#104=FACE_OUTER_BOUND('',#198,.T.);
#105=FACE_OUTER_BOUND('',#200,.T.);
#106=FACE_OUTER_BOUND('',#201,.T.);
#107=FACE_OUTER_BOUND('',#202,.T.);
#108=FACE_OUTER_BOUND('',#203,.T.);
#109=FACE_OUTER_BOUND('',#204,.T.);
#110=FACE_OUTER_BOUND('',#205,.T.);
#111=FACE_OUTER_BOUND('',#206,.T.);
#112=FACE_OUTER_BOUND('',#207,.T.);
#113=FACE_OUTER_BOUND('',#208,.T.);
#114=FACE_OUTER_BOUND('',#210,.T.);
#115=FACE_OUTER_BOUND('',#211,.T.);
#116=FACE_OUTER_BOUND('',#212,.T.);
#117=FACE_OUTER_BOUND('',#213,.T.);
#118=FACE_OUTER_BOUND('',#216,.T.);
#119=FACE_OUTER_BOUND('',#217,.T.);
#120=FACE_OUTER_BOUND('',#218,.T.);
#121=FACE_OUTER_BOUND('',#221,.T.);
#122=FACE_OUTER_BOUND('',#222,.T.);
#123=FACE_OUTER_BOUND('',#223,.T.);
#124=FACE_OUTER_BOUND('',#224,.T.);
#125=FACE_OUTER_BOUND('',#225,.T.);
#126=FACE_OUTER_BOUND('',#226,.T.);
#127=FACE_OUTER_BOUND('',#227,.T.);
#128=FACE_OUTER_BOUND('',#228,.T.);
#129=FACE_OUTER_BOUND('',#229,.T.);
#130=FACE_OUTER_BOUND('',#230,.T.);
#131=FACE_OUTER_BOUND('',#231,.T.);
#132=FACE_OUTER_BOUND('',#232,.T.);
#133=FACE_OUTER_BOUND('',#233,.T.);
#134=EDGE_LOOP('',(#1000,#1001,#1002,#1003,#1004,#1005,#1006));
#135=EDGE_LOOP('',(#1007,#1008,#1009,#1010,#1011,#1012,#1013,#1014));
#136=EDGE_LOOP('',(#1015,#1016,#1017,#1018,#1019,#1020,#1021,#1022,#1023,
#1024));
#137=EDGE_LOOP('',(#1025));
#138=EDGE_LOOP('',(#1026,#1027,#1028,#1029));
#139=EDGE_LOOP('',(#1030,#1031,#1032,#1033));
#140=EDGE_LOOP('',(#1034,#1035,#1036,#1037));
#141=EDGE_LOOP('',(#1038,#1039,#1040,#1041));
#142=EDGE_LOOP('',(#1042,#1043,#1044,#1045,#1046,#1047,#1048));
#143=EDGE_LOOP('',(#1049,#1050,#1051,#1052,#1053,#1054,#1055,#1056));
#144=EDGE_LOOP('',(#1057,#1058,#1059,#1060,#1061,#1062,#1063));
#145=EDGE_LOOP('',(#1064));
#146=EDGE_LOOP('',(#1065));
#147=EDGE_LOOP('',(#1066,#1067,#1068,#1069));
#148=EDGE_LOOP('',(#1070,#1071,#1072,#1073));
#149=EDGE_LOOP('',(#1074,#1075,#1076,#1077,#1078,#1079,#1080));
#150=EDGE_LOOP('',(#1081));
#151=EDGE_LOOP('',(#1082));
#152=EDGE_LOOP('',(#1083,#1084,#1085,#1086));
#153=EDGE_LOOP('',(#1087));
#154=EDGE_LOOP('',(#1088));
#155=EDGE_LOOP('',(#1089));
#156=EDGE_LOOP('',(#1090));
#157=EDGE_LOOP('',(#1091));
#158=EDGE_LOOP('',(#1092,#1093,#1094,#1095));
#159=EDGE_LOOP('',(#1096,#1097,#1098,#1099));
#160=EDGE_LOOP('',(#1100,#1101,#1102,#1103));
#161=EDGE_LOOP('',(#1104,#1105,#1106,#1107));
#162=EDGE_LOOP('',(#1108,#1109,#1110,#1111));
#163=EDGE_LOOP('',(#1112,#1113,#1114,#1115));
#164=EDGE_LOOP('',(#1116,#1117,#1118,#1119));
#165=EDGE_LOOP('',(#1120,#1121,#1122,#1123,#1124,#1125,#1126,#1127));
#166=EDGE_LOOP('',(#1128));
#167=EDGE_LOOP('',(#1129,#1130,#1131,#1132,#1133,#1134,#1135,#1136));
#168=EDGE_LOOP('',(#1137));
#169=EDGE_LOOP('',(#1138,#1139,#1140,#1141));
#170=EDGE_LOOP('',(#1142,#1143,#1144,#1145));
#171=EDGE_LOOP('',(#1146,#1147,#1148,#1149));
#172=EDGE_LOOP('',(#1150,#1151,#1152,#1153));
#173=EDGE_LOOP('',(#1154,#1155,#1156,#1157));
#174=EDGE_LOOP('',(#1158,#1159,#1160,#1161));
#175=EDGE_LOOP('',(#1162,#1163,#1164,#1165));
#176=EDGE_LOOP('',(#1166,#1167,#1168,#1169,#1170,#1171,#1172,#1173));
#177=EDGE_LOOP('',(#1174));
#178=EDGE_LOOP('',(#1175,#1176,#1177,#1178,#1179,#1180,#1181,#1182));
#179=EDGE_LOOP('',(#1183));
#180=EDGE_LOOP('',(#1184,#1185,#1186,#1187));
#181=EDGE_LOOP('',(#1188,#1189,#1190,#1191,#1192,#1193,#1194,#1195,#1196));
#182=EDGE_LOOP('',(#1197));
#183=EDGE_LOOP('',(#1198,#1199,#1200,#1201));
#184=EDGE_LOOP('',(#1202,#1203,#1204,#1205));
#185=EDGE_LOOP('',(#1206,#1207,#1208,#1209));
#186=EDGE_LOOP('',(#1210,#1211,#1212,#1213));
#187=EDGE_LOOP('',(#1214,#1215,#1216,#1217));
#188=EDGE_LOOP('',(#1218,#1219,#1220,#1221));
#189=EDGE_LOOP('',(#1222,#1223,#1224,#1225,#1226,#1227,#1228,#1229,#1230));
#190=EDGE_LOOP('',(#1231));
#191=EDGE_LOOP('',(#1232,#1233,#1234,#1235));
#192=EDGE_LOOP('',(#1236,#1237,#1238,#1239));
#193=EDGE_LOOP('',(#1240,#1241,#1242,#1243));
#194=EDGE_LOOP('',(#1244,#1245,#1246,#1247));
#195=EDGE_LOOP('',(#1248,#1249,#1250,#1251));
#196=EDGE_LOOP('',(#1252,#1253,#1254,#1255));
#197=EDGE_LOOP('',(#1256,#1257,#1258,#1259));
#198=EDGE_LOOP('',(#1260,#1261,#1262,#1263,#1264,#1265,#1266,#1267,#1268));
#199=EDGE_LOOP('',(#1269));
#200=EDGE_LOOP('',(#1270,#1271,#1272,#1273));
#201=EDGE_LOOP('',(#1274,#1275,#1276,#1277));
#202=EDGE_LOOP('',(#1278,#1279,#1280,#1281));
#203=EDGE_LOOP('',(#1282,#1283,#1284,#1285));
#204=EDGE_LOOP('',(#1286,#1287,#1288,#1289));
#205=EDGE_LOOP('',(#1290,#1291,#1292,#1293));
#206=EDGE_LOOP('',(#1294,#1295,#1296,#1297));
#207=EDGE_LOOP('',(#1298,#1299,#1300,#1301));
#208=EDGE_LOOP('',(#1302,#1303,#1304,#1305,#1306,#1307,#1308,#1309,#1310));
#209=EDGE_LOOP('',(#1311));
#210=EDGE_LOOP('',(#1312,#1313,#1314,#1315));
#211=EDGE_LOOP('',(#1316,#1317,#1318,#1319,#1320,#1321,#1322,#1323,#1324,
#1325,#1326,#1327));
#212=EDGE_LOOP('',(#1328,#1329,#1330,#1331,#1332,#1333,#1334,#1335,#1336,
#1337,#1338,#1339));
#213=EDGE_LOOP('',(#1340,#1341,#1342,#1343));
#214=EDGE_LOOP('',(#1344,#1345,#1346,#1347));
#215=EDGE_LOOP('',(#1348,#1349,#1350,#1351));
#216=EDGE_LOOP('',(#1352,#1353,#1354,#1355));
#217=EDGE_LOOP('',(#1356,#1357,#1358,#1359));
#218=EDGE_LOOP('',(#1360,#1361,#1362,#1363));
#219=EDGE_LOOP('',(#1364,#1365,#1366,#1367));
#220=EDGE_LOOP('',(#1368,#1369,#1370,#1371));
#221=EDGE_LOOP('',(#1372,#1373,#1374,#1375));
#222=EDGE_LOOP('',(#1376,#1377,#1378,#1379,#1380,#1381,#1382,#1383));
#223=EDGE_LOOP('',(#1384,#1385,#1386,#1387,#1388,#1389,#1390,#1391));
#224=EDGE_LOOP('',(#1392,#1393,#1394,#1395));
#225=EDGE_LOOP('',(#1396,#1397,#1398,#1399));
#226=EDGE_LOOP('',(#1400,#1401,#1402,#1403));
#227=EDGE_LOOP('',(#1404,#1405,#1406,#1407));
#228=EDGE_LOOP('',(#1408,#1409,#1410,#1411));
#229=EDGE_LOOP('',(#1412,#1413,#1414,#1415));
#230=EDGE_LOOP('',(#1416,#1417,#1418,#1419,#1420,#1421,#1422,#1423));
#231=EDGE_LOOP('',(#1424,#1425,#1426,#1427));
#232=EDGE_LOOP('',(#1428,#1429,#1430,#1431,#1432,#1433,#1434,#1435));
#233=EDGE_LOOP('',(#1436,#1437,#1438,#1439));
#234=CIRCLE('',#1601,20.);
#235=CIRCLE('',#1603,20.);
#236=CIRCLE('',#1605,12.5);
#237=CIRCLE('',#1607,5.0940505);
#238=CIRCLE('',#1608,5.0940505);
#239=CIRCLE('',#1610,5.0940505);
#240=CIRCLE('',#1611,5.0940505);
#241=CIRCLE('',#1613,5.0940505);
#242=CIRCLE('',#1614,5.0940505);
#243=CIRCLE('',#1616,5.0940505);
#244=CIRCLE('',#1617,5.0940505);
#245=CIRCLE('',#1619,20.);
#246=CIRCLE('',#1621,20.);
#247=CIRCLE('',#1627,12.5);
#248=CIRCLE('',#1629,12.5);
#249=CIRCLE('',#1630,12.5);
#250=CIRCLE('',#1633,20.);
#251=CIRCLE('',#1634,20.);
#252=CIRCLE('',#1638,20.);
#253=CIRCLE('',#1639,20.);
#254=CIRCLE('',#1644,12.5);
#255=CIRCLE('',#1645,12.5);
#256=CIRCLE('',#1648,20.);
#257=CIRCLE('',#1649,20.);
#258=CIRCLE('',#1653,20.);
#259=CIRCLE('',#1654,20.);
#260=CIRCLE('',#1660,20.);
#261=CIRCLE('',#1661,20.);
#262=CIRCLE('',#1662,12.5);
#263=CIRCLE('',#1670,20.);
#264=CIRCLE('',#1671,20.);
#265=CIRCLE('',#1672,12.5);
#266=CIRCLE('',#1675,12.5);
#267=CIRCLE('',#1677,20.);
#268=CIRCLE('',#1681,20.);
#269=CIRCLE('',#1687,12.5);
#270=CIRCLE('',#1689,20.);
#271=CIRCLE('',#1693,20.);
#272=LINE('',#2136,#454);
#273=LINE('',#2138,#455);
#274=LINE('',#2140,#456);
#275=LINE('',#2144,#457);
#276=LINE('',#2146,#458);
#277=LINE('',#2147,#459);
#278=LINE('',#2151,#460);
#279=LINE('',#2153,#461);
#280=LINE('',#2155,#462);
#281=LINE('',#2157,#463);
#282=LINE('',#2159,#464);
#283=LINE('',#2163,#465);
#284=LINE('',#2164,#466);
#285=LINE('',#2168,#467);
#286=LINE('',#2170,#468);
#287=LINE('',#2172,#469);
#288=LINE('',#2174,#470);
#289=LINE('',#2176,#471);
#290=LINE('',#2178,#472);
#291=LINE('',#2180,#473);
#292=LINE('',#2182,#474);
#293=LINE('',#2184,#475);
#294=LINE('',#2185,#476);
#295=LINE('',#2192,#477);
#296=LINE('',#2198,#478);
#297=LINE('',#2204,#479);
#298=LINE('',#2210,#480);
#299=LINE('',#2215,#481);
#300=LINE('',#2217,#482);
#301=LINE('',#2219,#483);
#302=LINE('',#2221,#484);
#303=LINE('',#2225,#485);
#304=LINE('',#2226,#486);
#305=LINE('',#2230,#487);
#306=LINE('',#2232,#488);
#307=LINE('',#2234,#489);
#308=LINE('',#2238,#490);
#309=LINE('',#2240,#491);
#310=LINE('',#2242,#492);
#311=LINE('',#2243,#493);
#312=LINE('',#2247,#494);
#313=LINE('',#2249,#495);
#314=LINE('',#2251,#496);
#315=LINE('',#2253,#497);
#316=LINE('',#2255,#498);
#317=LINE('',#2257,#499);
#318=LINE('',#2258,#500);
#319=LINE('',#2262,#501);
#320=LINE('',#2264,#502);
#321=LINE('',#2266,#503);
#322=LINE('',#2267,#504);
#323=LINE('',#2270,#505);
#324=LINE('',#2272,#506);
#325=LINE('',#2273,#507);
#326=LINE('',#2277,#508);
#327=LINE('',#2278,#509);
#328=LINE('',#2280,#510);
#329=LINE('',#2282,#511);
#330=LINE('',#2284,#512);
#331=LINE('',#2285,#513);
#332=LINE('',#2287,#514);
#333=LINE('',#2288,#515);
#334=LINE('',#2295,#516);
#335=LINE('',#2300,#517);
#336=LINE('',#2302,#518);
#337=LINE('',#2304,#519);
#338=LINE('',#2305,#520);
#339=LINE('',#2311,#521);
#340=LINE('',#2314,#522);
#341=LINE('',#2316,#523);
#342=LINE('',#2317,#524);
#343=LINE('',#2321,#525);
#344=LINE('',#2323,#526);
#345=LINE('',#2325,#527);
#346=LINE('',#2326,#528);
#347=LINE('',#2332,#529);
#348=LINE('',#2335,#530);
#349=LINE('',#2337,#531);
#350=LINE('',#2338,#532);
#351=LINE('',#2340,#533);
#352=LINE('',#2341,#534);
#353=LINE('',#2343,#535);
#354=LINE('',#2344,#536);
#355=LINE('',#2349,#537);
#356=LINE('',#2354,#538);
#357=LINE('',#2356,#539);
#358=LINE('',#2358,#540);
#359=LINE('',#2359,#541);
#360=LINE('',#2365,#542);
#361=LINE('',#2368,#543);
#362=LINE('',#2370,#544);
#363=LINE('',#2371,#545);
#364=LINE('',#2375,#546);
#365=LINE('',#2377,#547);
#366=LINE('',#2379,#548);
#367=LINE('',#2380,#549);
#368=LINE('',#2386,#550);
#369=LINE('',#2389,#551);
#370=LINE('',#2391,#552);
#371=LINE('',#2392,#553);
#372=LINE('',#2394,#554);
#373=LINE('',#2395,#555);
#374=LINE('',#2397,#556);
#375=LINE('',#2398,#557);
#376=LINE('',#2401,#558);
#377=LINE('',#2403,#559);
#378=LINE('',#2404,#560);
#379=LINE('',#2407,#561);
#380=LINE('',#2409,#562);
#381=LINE('',#2411,#563);
#382=LINE('',#2415,#564);
#383=LINE('',#2417,#565);
#384=LINE('',#2419,#566);
#385=LINE('',#2424,#567);
#386=LINE('',#2425,#568);
#387=LINE('',#2427,#569);
#388=LINE('',#2429,#570);
#389=LINE('',#2431,#571);
#390=LINE('',#2433,#572);
#391=LINE('',#2434,#573);
#392=LINE('',#2439,#574);
#393=LINE('',#2441,#575);
#394=LINE('',#2443,#576);
#395=LINE('',#2447,#577);
#396=LINE('',#2449,#578);
#397=LINE('',#2451,#579);
#398=LINE('',#2454,#580);
#399=LINE('',#2459,#581);
#400=LINE('',#2461,#582);
#401=LINE('',#2462,#583);
#402=LINE('',#2466,#584);
#403=LINE('',#2470,#585);
#404=LINE('',#2473,#586);
#405=LINE('',#2474,#587);
#406=LINE('',#2477,#588);
#407=LINE('',#2479,#589);
#408=LINE('',#2480,#590);
#409=LINE('',#2484,#591);
#410=LINE('',#2487,#592);
#411=LINE('',#2488,#593);
#412=LINE('',#2491,#594);
#413=LINE('',#2492,#595);
#414=LINE('',#2493,#596);
#415=LINE('',#2496,#597);
#416=LINE('',#2498,#598);
#417=LINE('',#2499,#599);
#418=LINE('',#2502,#600);
#419=LINE('',#2504,#601);
#420=LINE('',#2505,#602);
#421=LINE('',#2509,#603);
#422=LINE('',#2513,#604);
#423=LINE('',#2515,#605);
#424=LINE('',#2516,#606);
#425=LINE('',#2518,#607);
#426=LINE('',#2520,#608);
#427=LINE('',#2521,#609);
#428=LINE('',#2525,#610);
#429=LINE('',#2528,#611);
#430=LINE('',#2529,#612);
#431=LINE('',#2532,#613);
#432=LINE('',#2533,#614);
#433=LINE('',#2535,#615);
#434=LINE('',#2536,#616);
#435=LINE('',#2538,#617);
#436=LINE('',#2539,#618);
#437=LINE('',#2540,#619);
#438=LINE('',#2542,#620);
#439=LINE('',#2544,#621);
#440=LINE('',#2545,#622);
#441=LINE('',#2547,#623);
#442=LINE('',#2550,#624);
#443=LINE('',#2551,#625);
#444=LINE('',#2556,#626);
#445=LINE('',#2557,#627);
#446=LINE('',#2559,#628);
#447=LINE('',#2561,#629);
#448=LINE('',#2563,#630);
#449=LINE('',#2564,#631);
#450=LINE('',#2566,#632);
#451=LINE('',#2568,#633);
#452=LINE('',#2570,#634);
#453=LINE('',#2573,#635);
#454=VECTOR('',#1720,10.);
#455=VECTOR('',#1721,10.);
#456=VECTOR('',#1722,10.);
#457=VECTOR('',#1725,10.);
#458=VECTOR('',#1726,10.);
#459=VECTOR('',#1727,10.);
#460=VECTOR('',#1730,10.);
#461=VECTOR('',#1731,10.);
#462=VECTOR('',#1732,10.);
#463=VECTOR('',#1733,10.);
#464=VECTOR('',#1734,10.);
#465=VECTOR('',#1737,10.);
#466=VECTOR('',#1738,10.);
#467=VECTOR('',#1741,10.);
#468=VECTOR('',#1742,10.);
#469=VECTOR('',#1743,10.);
#470=VECTOR('',#1744,10.);
#471=VECTOR('',#1745,10.);
#472=VECTOR('',#1746,10.);
#473=VECTOR('',#1747,10.);
#474=VECTOR('',#1748,10.);
#475=VECTOR('',#1749,10.);
#476=VECTOR('',#1750,10.);
#477=VECTOR('',#1757,5.0940505);
#478=VECTOR('',#1764,5.0940505);
#479=VECTOR('',#1771,5.0940505);
#480=VECTOR('',#1778,5.0940505);
#481=VECTOR('',#1783,10.);
#482=VECTOR('',#1784,10.);
#483=VECTOR('',#1785,10.);
#484=VECTOR('',#1786,10.);
#485=VECTOR('',#1789,10.);
#486=VECTOR('',#1790,10.);
#487=VECTOR('',#1793,10.);
#488=VECTOR('',#1794,10.);
#489=VECTOR('',#1795,10.);
#490=VECTOR('',#1798,10.);
#491=VECTOR('',#1799,10.);
#492=VECTOR('',#1800,10.);
#493=VECTOR('',#1801,10.);
#494=VECTOR('',#1804,10.);
#495=VECTOR('',#1805,10.);
#496=VECTOR('',#1806,10.);
#497=VECTOR('',#1807,10.);
#498=VECTOR('',#1808,10.);
#499=VECTOR('',#1809,10.);
#500=VECTOR('',#1810,10.);
#501=VECTOR('',#1813,10.);
#502=VECTOR('',#1814,10.);
#503=VECTOR('',#1815,10.);
#504=VECTOR('',#1816,10.);
#505=VECTOR('',#1819,10.);
#506=VECTOR('',#1820,10.);
#507=VECTOR('',#1821,10.);
#508=VECTOR('',#1824,10.);
#509=VECTOR('',#1825,10.);
#510=VECTOR('',#1826,10.);
#511=VECTOR('',#1827,10.);
#512=VECTOR('',#1828,10.);
#513=VECTOR('',#1829,10.);
#514=VECTOR('',#1832,10.);
#515=VECTOR('',#1833,10.);
#516=VECTOR('',#1840,12.5);
#517=VECTOR('',#1845,10.);
#518=VECTOR('',#1846,10.);
#519=VECTOR('',#1847,10.);
#520=VECTOR('',#1848,10.);
#521=VECTOR('',#1855,10.);
#522=VECTOR('',#1858,10.);
#523=VECTOR('',#1859,10.);
#524=VECTOR('',#1860,10.);
#525=VECTOR('',#1863,10.);
#526=VECTOR('',#1864,10.);
#527=VECTOR('',#1865,10.);
#528=VECTOR('',#1866,10.);
#529=VECTOR('',#1873,10.);
#530=VECTOR('',#1876,10.);
#531=VECTOR('',#1877,10.);
#532=VECTOR('',#1878,10.);
#533=VECTOR('',#1881,10.);
#534=VECTOR('',#1882,10.);
#535=VECTOR('',#1885,10.);
#536=VECTOR('',#1886,10.);
#537=VECTOR('',#1891,12.5);
#538=VECTOR('',#1896,10.);
#539=VECTOR('',#1897,10.);
#540=VECTOR('',#1898,10.);
#541=VECTOR('',#1899,10.);
#542=VECTOR('',#1906,10.);
#543=VECTOR('',#1909,10.);
#544=VECTOR('',#1910,10.);
#545=VECTOR('',#1911,10.);
#546=VECTOR('',#1914,10.);
#547=VECTOR('',#1915,10.);
#548=VECTOR('',#1916,10.);
#549=VECTOR('',#1917,10.);
#550=VECTOR('',#1924,10.);
#551=VECTOR('',#1927,10.);
#552=VECTOR('',#1928,10.);
#553=VECTOR('',#1929,10.);
#554=VECTOR('',#1932,10.);
#555=VECTOR('',#1933,10.);
#556=VECTOR('',#1936,10.);
#557=VECTOR('',#1937,10.);
#558=VECTOR('',#1940,10.);
#559=VECTOR('',#1941,10.);
#560=VECTOR('',#1942,10.);
#561=VECTOR('',#1945,10.);
#562=VECTOR('',#1946,10.);
#563=VECTOR('',#1947,10.);
#564=VECTOR('',#1950,10.);
#565=VECTOR('',#1951,10.);
#566=VECTOR('',#1952,10.);
#567=VECTOR('',#1959,10.);
#568=VECTOR('',#1960,10.);
#569=VECTOR('',#1963,12.5);
#570=VECTOR('',#1966,10.);
#571=VECTOR('',#1969,10.);
#572=VECTOR('',#1972,10.);
#573=VECTOR('',#1973,10.);
#574=VECTOR('',#1978,10.);
#575=VECTOR('',#1979,10.);
#576=VECTOR('',#1980,10.);
#577=VECTOR('',#1983,10.);
#578=VECTOR('',#1984,10.);
#579=VECTOR('',#1985,10.);
#580=VECTOR('',#1988,10.);
#581=VECTOR('',#1993,10.);
#582=VECTOR('',#1994,10.);
#583=VECTOR('',#1995,10.);
#584=VECTOR('',#2000,12.5);
#585=VECTOR('',#2005,10.);
#586=VECTOR('',#2008,10.);
#587=VECTOR('',#2009,10.);
#588=VECTOR('',#2012,10.);
#589=VECTOR('',#2013,10.);
#590=VECTOR('',#2014,10.);
#591=VECTOR('',#2019,10.);
#592=VECTOR('',#2022,10.);
#593=VECTOR('',#2023,10.);
#594=VECTOR('',#2026,10.);
#595=VECTOR('',#2027,10.);
#596=VECTOR('',#2028,10.);
#597=VECTOR('',#2031,10.);
#598=VECTOR('',#2032,10.);
#599=VECTOR('',#2033,10.);
#600=VECTOR('',#2036,10.);
#601=VECTOR('',#2037,10.);
#602=VECTOR('',#2038,10.);
#603=VECTOR('',#2043,12.5);
#604=VECTOR('',#2048,10.);
#605=VECTOR('',#2051,10.);
#606=VECTOR('',#2052,10.);
#607=VECTOR('',#2055,10.);
#608=VECTOR('',#2056,10.);
#609=VECTOR('',#2057,10.);
#610=VECTOR('',#2062,10.);
#611=VECTOR('',#2065,10.);
#612=VECTOR('',#2066,10.);
#613=VECTOR('',#2069,10.);
#614=VECTOR('',#2070,10.);
#615=VECTOR('',#2073,10.);
#616=VECTOR('',#2074,10.);
#617=VECTOR('',#2077,10.);
#618=VECTOR('',#2078,10.);
#619=VECTOR('',#2079,10.);
#620=VECTOR('',#2082,10.);
#621=VECTOR('',#2085,10.);
#622=VECTOR('',#2086,10.);
#623=VECTOR('',#2089,10.);
#624=VECTOR('',#2094,10.);
#625=VECTOR('',#2095,10.);
#626=VECTOR('',#2104,10.);
#627=VECTOR('',#2105,10.);
#628=VECTOR('',#2108,10.);
#629=VECTOR('',#2111,10.);
#630=VECTOR('',#2114,10.);
#631=VECTOR('',#2115,10.);
#632=VECTOR('',#2118,10.);
#633=VECTOR('',#2121,10.);
#634=VECTOR('',#2124,10.);
#635=VECTOR('',#2129,10.);
#636=VERTEX_POINT('',#2134);
#637=VERTEX_POINT('',#2135);
#638=VERTEX_POINT('',#2137);
#639=VERTEX_POINT('',#2139);
#640=VERTEX_POINT('',#2141);
#641=VERTEX_POINT('',#2143);
#642=VERTEX_POINT('',#2145);
#643=VERTEX_POINT('',#2149);
#644=VERTEX_POINT('',#2150);
#645=VERTEX_POINT('',#2152);
#646=VERTEX_POINT('',#2154);
#647=VERTEX_POINT('',#2156);
#648=VERTEX_POINT('',#2158);
#649=VERTEX_POINT('',#2160);
#650=VERTEX_POINT('',#2162);
#651=VERTEX_POINT('',#2166);
#652=VERTEX_POINT('',#2167);
#653=VERTEX_POINT('',#2169);
#654=VERTEX_POINT('',#2171);
#655=VERTEX_POINT('',#2173);
#656=VERTEX_POINT('',#2175);
#657=VERTEX_POINT('',#2177);
#658=VERTEX_POINT('',#2179);
#659=VERTEX_POINT('',#2181);
#660=VERTEX_POINT('',#2183);
#661=VERTEX_POINT('',#2186);
#662=VERTEX_POINT('',#2189);
#663=VERTEX_POINT('',#2191);
#664=VERTEX_POINT('',#2195);
#665=VERTEX_POINT('',#2197);
#666=VERTEX_POINT('',#2201);
#667=VERTEX_POINT('',#2203);
#668=VERTEX_POINT('',#2207);
#669=VERTEX_POINT('',#2209);
#670=VERTEX_POINT('',#2213);
#671=VERTEX_POINT('',#2214);
#672=VERTEX_POINT('',#2216);
#673=VERTEX_POINT('',#2218);
#674=VERTEX_POINT('',#2220);
#675=VERTEX_POINT('',#2222);
#676=VERTEX_POINT('',#2224);
#677=VERTEX_POINT('',#2228);
#678=VERTEX_POINT('',#2229);
#679=VERTEX_POINT('',#2231);
#680=VERTEX_POINT('',#2233);
#681=VERTEX_POINT('',#2235);
#682=VERTEX_POINT('',#2237);
#683=VERTEX_POINT('',#2239);
#684=VERTEX_POINT('',#2241);
#685=VERTEX_POINT('',#2245);
#686=VERTEX_POINT('',#2246);
#687=VERTEX_POINT('',#2248);
#688=VERTEX_POINT('',#2250);
#689=VERTEX_POINT('',#2252);
#690=VERTEX_POINT('',#2254);
#691=VERTEX_POINT('',#2256);
#692=VERTEX_POINT('',#2260);
#693=VERTEX_POINT('',#2261);
#694=VERTEX_POINT('',#2263);
#695=VERTEX_POINT('',#2265);
#696=VERTEX_POINT('',#2269);
#697=VERTEX_POINT('',#2271);
#698=VERTEX_POINT('',#2275);
#699=VERTEX_POINT('',#2276);
#700=VERTEX_POINT('',#2279);
#701=VERTEX_POINT('',#2281);
#702=VERTEX_POINT('',#2283);
#703=VERTEX_POINT('',#2289);
#704=VERTEX_POINT('',#2292);
#705=VERTEX_POINT('',#2294);
#706=VERTEX_POINT('',#2298);
#707=VERTEX_POINT('',#2299);
#708=VERTEX_POINT('',#2301);
#709=VERTEX_POINT('',#2303);
#710=VERTEX_POINT('',#2307);
#711=VERTEX_POINT('',#2309);
#712=VERTEX_POINT('',#2313);
#713=VERTEX_POINT('',#2315);
#714=VERTEX_POINT('',#2319);
#715=VERTEX_POINT('',#2320);
#716=VERTEX_POINT('',#2322);
#717=VERTEX_POINT('',#2324);
#718=VERTEX_POINT('',#2328);
#719=VERTEX_POINT('',#2330);
#720=VERTEX_POINT('',#2334);
#721=VERTEX_POINT('',#2336);
#722=VERTEX_POINT('',#2346);
#723=VERTEX_POINT('',#2348);
#724=VERTEX_POINT('',#2352);
#725=VERTEX_POINT('',#2353);
#726=VERTEX_POINT('',#2355);
#727=VERTEX_POINT('',#2357);
#728=VERTEX_POINT('',#2361);
#729=VERTEX_POINT('',#2363);
#730=VERTEX_POINT('',#2367);
#731=VERTEX_POINT('',#2369);
#732=VERTEX_POINT('',#2373);
#733=VERTEX_POINT('',#2374);
#734=VERTEX_POINT('',#2376);
#735=VERTEX_POINT('',#2378);
#736=VERTEX_POINT('',#2382);
#737=VERTEX_POINT('',#2384);
#738=VERTEX_POINT('',#2388);
#739=VERTEX_POINT('',#2390);
#740=VERTEX_POINT('',#2400);
#741=VERTEX_POINT('',#2402);
#742=VERTEX_POINT('',#2406);
#743=VERTEX_POINT('',#2408);
#744=VERTEX_POINT('',#2410);
#745=VERTEX_POINT('',#2412);
#746=VERTEX_POINT('',#2414);
#747=VERTEX_POINT('',#2416);
#748=VERTEX_POINT('',#2418);
#749=VERTEX_POINT('',#2421);
#750=VERTEX_POINT('',#2437);
#751=VERTEX_POINT('',#2438);
#752=VERTEX_POINT('',#2440);
#753=VERTEX_POINT('',#2442);
#754=VERTEX_POINT('',#2444);
#755=VERTEX_POINT('',#2446);
#756=VERTEX_POINT('',#2448);
#757=VERTEX_POINT('',#2450);
#758=VERTEX_POINT('',#2452);
#759=VERTEX_POINT('',#2455);
#760=VERTEX_POINT('',#2458);
#761=VERTEX_POINT('',#2460);
#762=VERTEX_POINT('',#2464);
#763=VERTEX_POINT('',#2468);
#764=VERTEX_POINT('',#2472);
#765=VERTEX_POINT('',#2476);
#766=VERTEX_POINT('',#2478);
#767=VERTEX_POINT('',#2482);
#768=VERTEX_POINT('',#2486);
#769=VERTEX_POINT('',#2490);
#770=VERTEX_POINT('',#2495);
#771=VERTEX_POINT('',#2497);
#772=VERTEX_POINT('',#2501);
#773=VERTEX_POINT('',#2503);
#774=VERTEX_POINT('',#2507);
#775=VERTEX_POINT('',#2511);
#776=VERTEX_POINT('',#2519);
#777=VERTEX_POINT('',#2523);
#778=VERTEX_POINT('',#2527);
#779=VERTEX_POINT('',#2531);
#780=EDGE_CURVE('',#636,#637,#272,.T.);
#781=EDGE_CURVE('',#637,#638,#273,.T.);
#782=EDGE_CURVE('',#638,#639,#274,.T.);
#783=EDGE_CURVE('',#639,#640,#234,.T.);
#784=EDGE_CURVE('',#640,#641,#275,.T.);
#785=EDGE_CURVE('',#641,#642,#276,.T.);
#786=EDGE_CURVE('',#642,#636,#277,.T.);
#787=EDGE_CURVE('',#643,#644,#278,.T.);
#788=EDGE_CURVE('',#644,#645,#279,.T.);
#789=EDGE_CURVE('',#645,#646,#280,.T.);
#790=EDGE_CURVE('',#646,#647,#281,.T.);
#791=EDGE_CURVE('',#647,#648,#282,.T.);
#792=EDGE_CURVE('',#648,#649,#235,.T.);
#793=EDGE_CURVE('',#649,#650,#283,.T.);
#794=EDGE_CURVE('',#650,#643,#284,.T.);
#795=EDGE_CURVE('',#651,#652,#285,.T.);
#796=EDGE_CURVE('',#652,#653,#286,.T.);
#797=EDGE_CURVE('',#653,#654,#287,.T.);
#798=EDGE_CURVE('',#654,#655,#288,.T.);
#799=EDGE_CURVE('',#655,#656,#289,.T.);
#800=EDGE_CURVE('',#656,#657,#290,.T.);
#801=EDGE_CURVE('',#657,#658,#291,.T.);
#802=EDGE_CURVE('',#658,#659,#292,.T.);
#803=EDGE_CURVE('',#659,#660,#293,.T.);
#804=EDGE_CURVE('',#660,#651,#294,.T.);
#805=EDGE_CURVE('',#661,#661,#236,.T.);
#806=EDGE_CURVE('',#662,#662,#237,.T.);
#807=EDGE_CURVE('',#662,#663,#295,.T.);
#808=EDGE_CURVE('',#663,#663,#238,.T.);
#809=EDGE_CURVE('',#664,#664,#239,.T.);
#810=EDGE_CURVE('',#664,#665,#296,.T.);
#811=EDGE_CURVE('',#665,#665,#240,.T.);
#812=EDGE_CURVE('',#666,#666,#241,.T.);
#813=EDGE_CURVE('',#666,#667,#297,.T.);
#814=EDGE_CURVE('',#667,#667,#242,.T.);
#815=EDGE_CURVE('',#668,#668,#243,.T.);
#816=EDGE_CURVE('',#668,#669,#298,.T.);
#817=EDGE_CURVE('',#669,#669,#244,.T.);
#818=EDGE_CURVE('',#670,#671,#299,.T.);
#819=EDGE_CURVE('',#671,#672,#300,.T.);
#820=EDGE_CURVE('',#672,#673,#301,.T.);
#821=EDGE_CURVE('',#673,#674,#302,.T.);
#822=EDGE_CURVE('',#674,#675,#245,.T.);
#823=EDGE_CURVE('',#675,#676,#303,.T.);
#824=EDGE_CURVE('',#676,#670,#304,.T.);
#825=EDGE_CURVE('',#677,#678,#305,.T.);
#826=EDGE_CURVE('',#678,#679,#306,.T.);
#827=EDGE_CURVE('',#679,#680,#307,.T.);
#828=EDGE_CURVE('',#680,#681,#246,.T.);
#829=EDGE_CURVE('',#681,#682,#308,.T.);
#830=EDGE_CURVE('',#682,#683,#309,.T.);
#831=EDGE_CURVE('',#683,#684,#310,.T.);
#832=EDGE_CURVE('',#684,#677,#311,.T.);
#833=EDGE_CURVE('',#685,#686,#312,.T.);
#834=EDGE_CURVE('',#687,#685,#313,.T.);
#835=EDGE_CURVE('',#688,#687,#314,.T.);
#836=EDGE_CURVE('',#689,#688,#315,.T.);
#837=EDGE_CURVE('',#689,#690,#316,.T.);
#838=EDGE_CURVE('',#690,#691,#317,.T.);
#839=EDGE_CURVE('',#691,#686,#318,.T.);
#840=EDGE_CURVE('',#692,#693,#319,.T.);
#841=EDGE_CURVE('',#692,#694,#320,.T.);
#842=EDGE_CURVE('',#695,#694,#321,.T.);
#843=EDGE_CURVE('',#693,#695,#322,.T.);
#844=EDGE_CURVE('',#690,#696,#323,.T.);
#845=EDGE_CURVE('',#697,#696,#324,.T.);
#846=EDGE_CURVE('',#691,#697,#325,.T.);
#847=EDGE_CURVE('',#698,#699,#326,.T.);
#848=EDGE_CURVE('',#698,#692,#327,.T.);
#849=EDGE_CURVE('',#693,#700,#328,.T.);
#850=EDGE_CURVE('',#701,#700,#329,.T.);
#851=EDGE_CURVE('',#702,#701,#330,.T.);
#852=EDGE_CURVE('',#699,#702,#331,.T.);
#853=EDGE_CURVE('',#694,#697,#332,.T.);
#854=EDGE_CURVE('',#696,#695,#333,.T.);
#855=EDGE_CURVE('',#703,#703,#247,.T.);
#856=EDGE_CURVE('',#704,#704,#248,.T.);
#857=EDGE_CURVE('',#704,#705,#334,.T.);
#858=EDGE_CURVE('',#705,#705,#249,.T.);
#859=EDGE_CURVE('',#706,#707,#335,.T.);
#860=EDGE_CURVE('',#708,#706,#336,.T.);
#861=EDGE_CURVE('',#709,#708,#337,.T.);
#862=EDGE_CURVE('',#707,#709,#338,.T.);
#863=EDGE_CURVE('',#707,#710,#250,.T.);
#864=EDGE_CURVE('',#711,#709,#251,.T.);
#865=EDGE_CURVE('',#710,#711,#339,.T.);
#866=EDGE_CURVE('',#710,#712,#340,.T.);
#867=EDGE_CURVE('',#713,#711,#341,.T.);
#868=EDGE_CURVE('',#712,#713,#342,.T.);
#869=EDGE_CURVE('',#714,#715,#343,.T.);
#870=EDGE_CURVE('',#716,#714,#344,.T.);
#871=EDGE_CURVE('',#717,#716,#345,.T.);
#872=EDGE_CURVE('',#715,#717,#346,.T.);
#873=EDGE_CURVE('',#715,#718,#252,.T.);
#874=EDGE_CURVE('',#719,#717,#253,.T.);
#875=EDGE_CURVE('',#718,#719,#347,.T.);
#876=EDGE_CURVE('',#718,#720,#348,.T.);
#877=EDGE_CURVE('',#721,#719,#349,.T.);
#878=EDGE_CURVE('',#720,#721,#350,.T.);
#879=EDGE_CURVE('',#706,#720,#351,.T.);
#880=EDGE_CURVE('',#714,#712,#352,.T.);
#881=EDGE_CURVE('',#721,#708,#353,.T.);
#882=EDGE_CURVE('',#713,#716,#354,.T.);
#883=EDGE_CURVE('',#722,#722,#254,.T.);
#884=EDGE_CURVE('',#722,#723,#355,.T.);
#885=EDGE_CURVE('',#723,#723,#255,.T.);
#886=EDGE_CURVE('',#724,#725,#356,.T.);
#887=EDGE_CURVE('',#726,#724,#357,.T.);
#888=EDGE_CURVE('',#727,#726,#358,.T.);
#889=EDGE_CURVE('',#725,#727,#359,.T.);
#890=EDGE_CURVE('',#725,#728,#256,.T.);
#891=EDGE_CURVE('',#729,#727,#257,.T.);
#892=EDGE_CURVE('',#728,#729,#360,.T.);
#893=EDGE_CURVE('',#728,#730,#361,.T.);
#894=EDGE_CURVE('',#731,#729,#362,.T.);
#895=EDGE_CURVE('',#730,#731,#363,.T.);
#896=EDGE_CURVE('',#732,#733,#364,.T.);
#897=EDGE_CURVE('',#734,#732,#365,.T.);
#898=EDGE_CURVE('',#735,#734,#366,.T.);
#899=EDGE_CURVE('',#733,#735,#367,.T.);
#900=EDGE_CURVE('',#733,#736,#258,.T.);
#901=EDGE_CURVE('',#737,#735,#259,.T.);
#902=EDGE_CURVE('',#736,#737,#368,.T.);
#903=EDGE_CURVE('',#736,#738,#369,.T.);
#904=EDGE_CURVE('',#739,#737,#370,.T.);
#905=EDGE_CURVE('',#738,#739,#371,.T.);
#906=EDGE_CURVE('',#724,#738,#372,.T.);
#907=EDGE_CURVE('',#732,#730,#373,.T.);
#908=EDGE_CURVE('',#739,#726,#374,.T.);
#909=EDGE_CURVE('',#731,#734,#375,.T.);
#910=EDGE_CURVE('',#740,#647,#376,.T.);
#911=EDGE_CURVE('',#741,#740,#377,.T.);
#912=EDGE_CURVE('',#741,#648,#378,.T.);
#913=EDGE_CURVE('',#742,#740,#379,.T.);
#914=EDGE_CURVE('',#743,#742,#380,.T.);
#915=EDGE_CURVE('',#743,#744,#381,.T.);
#916=EDGE_CURVE('',#744,#745,#260,.T.);
#917=EDGE_CURVE('',#745,#746,#382,.T.);
#918=EDGE_CURVE('',#747,#746,#383,.T.);
#919=EDGE_CURVE('',#747,#748,#384,.T.);
#920=EDGE_CURVE('',#748,#741,#261,.T.);
#921=EDGE_CURVE('',#749,#749,#262,.T.);
#922=EDGE_CURVE('',#641,#743,#385,.T.);
#923=EDGE_CURVE('',#744,#640,#386,.T.);
#924=EDGE_CURVE('',#661,#749,#387,.T.);
#925=EDGE_CURVE('',#745,#639,#388,.T.);
#926=EDGE_CURVE('',#638,#746,#389,.F.);
#927=EDGE_CURVE('',#747,#650,#390,.T.);
#928=EDGE_CURVE('',#748,#649,#391,.T.);
#929=EDGE_CURVE('',#750,#751,#392,.T.);
#930=EDGE_CURVE('',#752,#750,#393,.T.);
#931=EDGE_CURVE('',#752,#753,#394,.T.);
#932=EDGE_CURVE('',#753,#754,#263,.T.);
#933=EDGE_CURVE('',#754,#755,#395,.T.);
#934=EDGE_CURVE('',#756,#755,#396,.T.);
#935=EDGE_CURVE('',#756,#757,#397,.T.);
#936=EDGE_CURVE('',#757,#758,#264,.T.);
#937=EDGE_CURVE('',#758,#751,#398,.T.);
#938=EDGE_CURVE('',#759,#759,#265,.T.);
#939=EDGE_CURVE('',#760,#752,#399,.T.);
#940=EDGE_CURVE('',#761,#760,#400,.T.);
#941=EDGE_CURVE('',#753,#761,#401,.T.);
#942=EDGE_CURVE('',#762,#762,#266,.T.);
#943=EDGE_CURVE('',#762,#759,#402,.T.);
#944=EDGE_CURVE('',#763,#761,#267,.T.);
#945=EDGE_CURVE('',#754,#763,#403,.T.);
#946=EDGE_CURVE('',#764,#763,#404,.T.);
#947=EDGE_CURVE('',#764,#755,#405,.F.);
#948=EDGE_CURVE('',#756,#765,#406,.T.);
#949=EDGE_CURVE('',#766,#765,#407,.T.);
#950=EDGE_CURVE('',#757,#766,#408,.T.);
#951=EDGE_CURVE('',#767,#766,#268,.T.);
#952=EDGE_CURVE('',#758,#767,#409,.T.);
#953=EDGE_CURVE('',#751,#768,#410,.T.);
#954=EDGE_CURVE('',#768,#767,#411,.T.);
#955=EDGE_CURVE('',#768,#769,#412,.T.);
#956=EDGE_CURVE('',#764,#765,#413,.T.);
#957=EDGE_CURVE('',#769,#760,#414,.T.);
#958=EDGE_CURVE('',#755,#770,#415,.F.);
#959=EDGE_CURVE('',#770,#771,#416,.T.);
#960=EDGE_CURVE('',#771,#756,#417,.T.);
#961=EDGE_CURVE('',#772,#673,#418,.T.);
#962=EDGE_CURVE('',#773,#772,#419,.T.);
#963=EDGE_CURVE('',#674,#773,#420,.T.);
#964=EDGE_CURVE('',#774,#774,#269,.T.);
#965=EDGE_CURVE('',#774,#703,#421,.T.);
#966=EDGE_CURVE('',#775,#773,#270,.T.);
#967=EDGE_CURVE('',#675,#775,#422,.T.);
#968=EDGE_CURVE('',#770,#775,#423,.T.);
#969=EDGE_CURVE('',#770,#676,#424,.F.);
#970=EDGE_CURVE('',#679,#771,#425,.T.);
#971=EDGE_CURVE('',#776,#771,#426,.T.);
#972=EDGE_CURVE('',#680,#776,#427,.T.);
#973=EDGE_CURVE('',#777,#776,#271,.T.);
#974=EDGE_CURVE('',#681,#777,#428,.T.);
#975=EDGE_CURVE('',#682,#778,#429,.T.);
#976=EDGE_CURVE('',#778,#777,#430,.T.);
#977=EDGE_CURVE('',#778,#779,#431,.T.);
#978=EDGE_CURVE('',#779,#772,#432,.T.);
#979=EDGE_CURVE('',#746,#764,#433,.F.);
#980=EDGE_CURVE('',#765,#747,#434,.T.);
#981=EDGE_CURVE('',#646,#683,#435,.T.);
#982=EDGE_CURVE('',#779,#750,#436,.F.);
#983=EDGE_CURVE('',#769,#742,#437,.F.);
#984=EDGE_CURVE('',#672,#642,#438,.T.);
#985=EDGE_CURVE('',#644,#677,#439,.T.);
#986=EDGE_CURVE('',#678,#643,#440,.T.);
#987=EDGE_CURVE('',#645,#684,#441,.T.);
#988=EDGE_CURVE('',#671,#636,#442,.T.);
#989=EDGE_CURVE('',#637,#670,#443,.T.);
#990=EDGE_CURVE('',#701,#655,#444,.T.);
#991=EDGE_CURVE('',#702,#654,#445,.T.);
#992=EDGE_CURVE('',#699,#653,#446,.T.);
#993=EDGE_CURVE('',#652,#698,#447,.T.);
#994=EDGE_CURVE('',#688,#658,#448,.T.);
#995=EDGE_CURVE('',#687,#659,#449,.T.);
#996=EDGE_CURVE('',#685,#660,#450,.T.);
#997=EDGE_CURVE('',#700,#656,#451,.T.);
#998=EDGE_CURVE('',#657,#689,#452,.T.);
#999=EDGE_CURVE('',#686,#651,#453,.T.);
#1000=ORIENTED_EDGE('',*,*,#780,.T.);
#1001=ORIENTED_EDGE('',*,*,#781,.T.);
#1002=ORIENTED_EDGE('',*,*,#782,.T.);
#1003=ORIENTED_EDGE('',*,*,#783,.T.);
#1004=ORIENTED_EDGE('',*,*,#784,.T.);
#1005=ORIENTED_EDGE('',*,*,#785,.T.);
#1006=ORIENTED_EDGE('',*,*,#786,.T.);
#1007=ORIENTED_EDGE('',*,*,#787,.T.);
#1008=ORIENTED_EDGE('',*,*,#788,.T.);
#1009=ORIENTED_EDGE('',*,*,#789,.T.);
#1010=ORIENTED_EDGE('',*,*,#790,.T.);
#1011=ORIENTED_EDGE('',*,*,#791,.T.);
#1012=ORIENTED_EDGE('',*,*,#792,.T.);
#1013=ORIENTED_EDGE('',*,*,#793,.T.);
#1014=ORIENTED_EDGE('',*,*,#794,.T.);
#1015=ORIENTED_EDGE('',*,*,#795,.T.);
#1016=ORIENTED_EDGE('',*,*,#796,.T.);
#1017=ORIENTED_EDGE('',*,*,#797,.T.);
#1018=ORIENTED_EDGE('',*,*,#798,.T.);
#1019=ORIENTED_EDGE('',*,*,#799,.T.);
#1020=ORIENTED_EDGE('',*,*,#800,.T.);
#1021=ORIENTED_EDGE('',*,*,#801,.T.);
#1022=ORIENTED_EDGE('',*,*,#802,.T.);
#1023=ORIENTED_EDGE('',*,*,#803,.T.);
#1024=ORIENTED_EDGE('',*,*,#804,.T.);
#1025=ORIENTED_EDGE('',*,*,#805,.T.);
#1026=ORIENTED_EDGE('',*,*,#806,.F.);
#1027=ORIENTED_EDGE('',*,*,#807,.T.);
#1028=ORIENTED_EDGE('',*,*,#808,.F.);
#1029=ORIENTED_EDGE('',*,*,#807,.F.);
#1030=ORIENTED_EDGE('',*,*,#809,.F.);
#1031=ORIENTED_EDGE('',*,*,#810,.T.);
#1032=ORIENTED_EDGE('',*,*,#811,.F.);
#1033=ORIENTED_EDGE('',*,*,#810,.F.);
#1034=ORIENTED_EDGE('',*,*,#812,.F.);
#1035=ORIENTED_EDGE('',*,*,#813,.T.);
#1036=ORIENTED_EDGE('',*,*,#814,.F.);
#1037=ORIENTED_EDGE('',*,*,#813,.F.);
#1038=ORIENTED_EDGE('',*,*,#815,.F.);
#1039=ORIENTED_EDGE('',*,*,#816,.T.);
#1040=ORIENTED_EDGE('',*,*,#817,.F.);
#1041=ORIENTED_EDGE('',*,*,#816,.F.);
#1042=ORIENTED_EDGE('',*,*,#818,.T.);
#1043=ORIENTED_EDGE('',*,*,#819,.T.);
#1044=ORIENTED_EDGE('',*,*,#820,.T.);
#1045=ORIENTED_EDGE('',*,*,#821,.T.);
#1046=ORIENTED_EDGE('',*,*,#822,.T.);
#1047=ORIENTED_EDGE('',*,*,#823,.T.);
#1048=ORIENTED_EDGE('',*,*,#824,.T.);
#1049=ORIENTED_EDGE('',*,*,#825,.T.);
#1050=ORIENTED_EDGE('',*,*,#826,.T.);
#1051=ORIENTED_EDGE('',*,*,#827,.T.);
#1052=ORIENTED_EDGE('',*,*,#828,.T.);
#1053=ORIENTED_EDGE('',*,*,#829,.T.);
#1054=ORIENTED_EDGE('',*,*,#830,.T.);
#1055=ORIENTED_EDGE('',*,*,#831,.T.);
#1056=ORIENTED_EDGE('',*,*,#832,.T.);
#1057=ORIENTED_EDGE('',*,*,#833,.F.);
#1058=ORIENTED_EDGE('',*,*,#834,.F.);
#1059=ORIENTED_EDGE('',*,*,#835,.F.);
#1060=ORIENTED_EDGE('',*,*,#836,.F.);
#1061=ORIENTED_EDGE('',*,*,#837,.T.);
#1062=ORIENTED_EDGE('',*,*,#838,.T.);
#1063=ORIENTED_EDGE('',*,*,#839,.T.);
#1064=ORIENTED_EDGE('',*,*,#808,.T.);
#1065=ORIENTED_EDGE('',*,*,#811,.T.);
#1066=ORIENTED_EDGE('',*,*,#840,.F.);
#1067=ORIENTED_EDGE('',*,*,#841,.T.);
#1068=ORIENTED_EDGE('',*,*,#842,.F.);
#1069=ORIENTED_EDGE('',*,*,#843,.F.);
#1070=ORIENTED_EDGE('',*,*,#838,.F.);
#1071=ORIENTED_EDGE('',*,*,#844,.T.);
#1072=ORIENTED_EDGE('',*,*,#845,.F.);
#1073=ORIENTED_EDGE('',*,*,#846,.F.);
#1074=ORIENTED_EDGE('',*,*,#847,.F.);
#1075=ORIENTED_EDGE('',*,*,#848,.T.);
#1076=ORIENTED_EDGE('',*,*,#840,.T.);
#1077=ORIENTED_EDGE('',*,*,#849,.T.);
#1078=ORIENTED_EDGE('',*,*,#850,.F.);
#1079=ORIENTED_EDGE('',*,*,#851,.F.);
#1080=ORIENTED_EDGE('',*,*,#852,.F.);
#1081=ORIENTED_EDGE('',*,*,#814,.T.);
#1082=ORIENTED_EDGE('',*,*,#817,.T.);
#1083=ORIENTED_EDGE('',*,*,#853,.T.);
#1084=ORIENTED_EDGE('',*,*,#845,.T.);
#1085=ORIENTED_EDGE('',*,*,#854,.T.);
#1086=ORIENTED_EDGE('',*,*,#842,.T.);
#1087=ORIENTED_EDGE('',*,*,#806,.T.);
#1088=ORIENTED_EDGE('',*,*,#809,.T.);
#1089=ORIENTED_EDGE('',*,*,#812,.T.);
#1090=ORIENTED_EDGE('',*,*,#815,.T.);
#1091=ORIENTED_EDGE('',*,*,#855,.T.);
#1092=ORIENTED_EDGE('',*,*,#856,.F.);
#1093=ORIENTED_EDGE('',*,*,#857,.T.);
#1094=ORIENTED_EDGE('',*,*,#858,.F.);
#1095=ORIENTED_EDGE('',*,*,#857,.F.);
#1096=ORIENTED_EDGE('',*,*,#859,.F.);
#1097=ORIENTED_EDGE('',*,*,#860,.F.);
#1098=ORIENTED_EDGE('',*,*,#861,.F.);
#1099=ORIENTED_EDGE('',*,*,#862,.F.);
#1100=ORIENTED_EDGE('',*,*,#863,.F.);
#1101=ORIENTED_EDGE('',*,*,#862,.T.);
#1102=ORIENTED_EDGE('',*,*,#864,.F.);
#1103=ORIENTED_EDGE('',*,*,#865,.F.);
#1104=ORIENTED_EDGE('',*,*,#866,.F.);
#1105=ORIENTED_EDGE('',*,*,#865,.T.);
#1106=ORIENTED_EDGE('',*,*,#867,.F.);
#1107=ORIENTED_EDGE('',*,*,#868,.F.);
#1108=ORIENTED_EDGE('',*,*,#869,.F.);
#1109=ORIENTED_EDGE('',*,*,#870,.F.);
#1110=ORIENTED_EDGE('',*,*,#871,.F.);
#1111=ORIENTED_EDGE('',*,*,#872,.F.);
#1112=ORIENTED_EDGE('',*,*,#873,.F.);
#1113=ORIENTED_EDGE('',*,*,#872,.T.);
#1114=ORIENTED_EDGE('',*,*,#874,.F.);
#1115=ORIENTED_EDGE('',*,*,#875,.F.);
#1116=ORIENTED_EDGE('',*,*,#876,.F.);
#1117=ORIENTED_EDGE('',*,*,#875,.T.);
#1118=ORIENTED_EDGE('',*,*,#877,.F.);
#1119=ORIENTED_EDGE('',*,*,#878,.F.);
#1120=ORIENTED_EDGE('',*,*,#879,.F.);
#1121=ORIENTED_EDGE('',*,*,#859,.T.);
#1122=ORIENTED_EDGE('',*,*,#863,.T.);
#1123=ORIENTED_EDGE('',*,*,#866,.T.);
#1124=ORIENTED_EDGE('',*,*,#880,.F.);
#1125=ORIENTED_EDGE('',*,*,#869,.T.);
#1126=ORIENTED_EDGE('',*,*,#873,.T.);
#1127=ORIENTED_EDGE('',*,*,#876,.T.);
#1128=ORIENTED_EDGE('',*,*,#858,.T.);
#1129=ORIENTED_EDGE('',*,*,#881,.F.);
#1130=ORIENTED_EDGE('',*,*,#877,.T.);
#1131=ORIENTED_EDGE('',*,*,#874,.T.);
#1132=ORIENTED_EDGE('',*,*,#871,.T.);
#1133=ORIENTED_EDGE('',*,*,#882,.F.);
#1134=ORIENTED_EDGE('',*,*,#867,.T.);
#1135=ORIENTED_EDGE('',*,*,#864,.T.);
#1136=ORIENTED_EDGE('',*,*,#861,.T.);
#1137=ORIENTED_EDGE('',*,*,#856,.T.);
#1138=ORIENTED_EDGE('',*,*,#883,.F.);
#1139=ORIENTED_EDGE('',*,*,#884,.T.);
#1140=ORIENTED_EDGE('',*,*,#885,.F.);
#1141=ORIENTED_EDGE('',*,*,#884,.F.);
#1142=ORIENTED_EDGE('',*,*,#886,.F.);
#1143=ORIENTED_EDGE('',*,*,#887,.F.);
#1144=ORIENTED_EDGE('',*,*,#888,.F.);
#1145=ORIENTED_EDGE('',*,*,#889,.F.);
#1146=ORIENTED_EDGE('',*,*,#890,.F.);
#1147=ORIENTED_EDGE('',*,*,#889,.T.);
#1148=ORIENTED_EDGE('',*,*,#891,.F.);
#1149=ORIENTED_EDGE('',*,*,#892,.F.);
#1150=ORIENTED_EDGE('',*,*,#893,.F.);
#1151=ORIENTED_EDGE('',*,*,#892,.T.);
#1152=ORIENTED_EDGE('',*,*,#894,.F.);
#1153=ORIENTED_EDGE('',*,*,#895,.F.);
#1154=ORIENTED_EDGE('',*,*,#896,.F.);
#1155=ORIENTED_EDGE('',*,*,#897,.F.);
#1156=ORIENTED_EDGE('',*,*,#898,.F.);
#1157=ORIENTED_EDGE('',*,*,#899,.F.);
#1158=ORIENTED_EDGE('',*,*,#900,.F.);
#1159=ORIENTED_EDGE('',*,*,#899,.T.);
#1160=ORIENTED_EDGE('',*,*,#901,.F.);
#1161=ORIENTED_EDGE('',*,*,#902,.F.);
#1162=ORIENTED_EDGE('',*,*,#903,.F.);
#1163=ORIENTED_EDGE('',*,*,#902,.T.);
#1164=ORIENTED_EDGE('',*,*,#904,.F.);
#1165=ORIENTED_EDGE('',*,*,#905,.F.);
#1166=ORIENTED_EDGE('',*,*,#906,.F.);
#1167=ORIENTED_EDGE('',*,*,#886,.T.);
#1168=ORIENTED_EDGE('',*,*,#890,.T.);
#1169=ORIENTED_EDGE('',*,*,#893,.T.);
#1170=ORIENTED_EDGE('',*,*,#907,.F.);
#1171=ORIENTED_EDGE('',*,*,#896,.T.);
#1172=ORIENTED_EDGE('',*,*,#900,.T.);
#1173=ORIENTED_EDGE('',*,*,#903,.T.);
#1174=ORIENTED_EDGE('',*,*,#885,.T.);
#1175=ORIENTED_EDGE('',*,*,#908,.F.);
#1176=ORIENTED_EDGE('',*,*,#904,.T.);
#1177=ORIENTED_EDGE('',*,*,#901,.T.);
#1178=ORIENTED_EDGE('',*,*,#898,.T.);
#1179=ORIENTED_EDGE('',*,*,#909,.F.);
#1180=ORIENTED_EDGE('',*,*,#894,.T.);
#1181=ORIENTED_EDGE('',*,*,#891,.T.);
#1182=ORIENTED_EDGE('',*,*,#888,.T.);
#1183=ORIENTED_EDGE('',*,*,#883,.T.);
#1184=ORIENTED_EDGE('',*,*,#910,.F.);
#1185=ORIENTED_EDGE('',*,*,#911,.F.);
#1186=ORIENTED_EDGE('',*,*,#912,.T.);
#1187=ORIENTED_EDGE('',*,*,#791,.F.);
#1188=ORIENTED_EDGE('',*,*,#913,.F.);
#1189=ORIENTED_EDGE('',*,*,#914,.F.);
#1190=ORIENTED_EDGE('',*,*,#915,.T.);
#1191=ORIENTED_EDGE('',*,*,#916,.T.);
#1192=ORIENTED_EDGE('',*,*,#917,.T.);
#1193=ORIENTED_EDGE('',*,*,#918,.F.);
#1194=ORIENTED_EDGE('',*,*,#919,.T.);
#1195=ORIENTED_EDGE('',*,*,#920,.T.);
#1196=ORIENTED_EDGE('',*,*,#911,.T.);
#1197=ORIENTED_EDGE('',*,*,#921,.T.);
#1198=ORIENTED_EDGE('',*,*,#922,.F.);
#1199=ORIENTED_EDGE('',*,*,#784,.F.);
#1200=ORIENTED_EDGE('',*,*,#923,.F.);
#1201=ORIENTED_EDGE('',*,*,#915,.F.);
#1202=ORIENTED_EDGE('',*,*,#805,.F.);
#1203=ORIENTED_EDGE('',*,*,#924,.T.);
#1204=ORIENTED_EDGE('',*,*,#921,.F.);
#1205=ORIENTED_EDGE('',*,*,#924,.F.);
#1206=ORIENTED_EDGE('',*,*,#916,.F.);
#1207=ORIENTED_EDGE('',*,*,#923,.T.);
#1208=ORIENTED_EDGE('',*,*,#783,.F.);
#1209=ORIENTED_EDGE('',*,*,#925,.F.);
#1210=ORIENTED_EDGE('',*,*,#917,.F.);
#1211=ORIENTED_EDGE('',*,*,#925,.T.);
#1212=ORIENTED_EDGE('',*,*,#782,.F.);
#1213=ORIENTED_EDGE('',*,*,#926,.T.);
#1214=ORIENTED_EDGE('',*,*,#919,.F.);
#1215=ORIENTED_EDGE('',*,*,#927,.T.);
#1216=ORIENTED_EDGE('',*,*,#793,.F.);
#1217=ORIENTED_EDGE('',*,*,#928,.F.);
#1218=ORIENTED_EDGE('',*,*,#920,.F.);
#1219=ORIENTED_EDGE('',*,*,#928,.T.);
#1220=ORIENTED_EDGE('',*,*,#792,.F.);
#1221=ORIENTED_EDGE('',*,*,#912,.F.);
#1222=ORIENTED_EDGE('',*,*,#929,.F.);
#1223=ORIENTED_EDGE('',*,*,#930,.F.);
#1224=ORIENTED_EDGE('',*,*,#931,.T.);
#1225=ORIENTED_EDGE('',*,*,#932,.T.);
#1226=ORIENTED_EDGE('',*,*,#933,.T.);
#1227=ORIENTED_EDGE('',*,*,#934,.F.);
#1228=ORIENTED_EDGE('',*,*,#935,.T.);
#1229=ORIENTED_EDGE('',*,*,#936,.T.);
#1230=ORIENTED_EDGE('',*,*,#937,.T.);
#1231=ORIENTED_EDGE('',*,*,#938,.T.);
#1232=ORIENTED_EDGE('',*,*,#939,.F.);
#1233=ORIENTED_EDGE('',*,*,#940,.F.);
#1234=ORIENTED_EDGE('',*,*,#941,.F.);
#1235=ORIENTED_EDGE('',*,*,#931,.F.);
#1236=ORIENTED_EDGE('',*,*,#942,.F.);
#1237=ORIENTED_EDGE('',*,*,#943,.T.);
#1238=ORIENTED_EDGE('',*,*,#938,.F.);
#1239=ORIENTED_EDGE('',*,*,#943,.F.);
#1240=ORIENTED_EDGE('',*,*,#932,.F.);
#1241=ORIENTED_EDGE('',*,*,#941,.T.);
#1242=ORIENTED_EDGE('',*,*,#944,.F.);
#1243=ORIENTED_EDGE('',*,*,#945,.F.);
#1244=ORIENTED_EDGE('',*,*,#933,.F.);
#1245=ORIENTED_EDGE('',*,*,#945,.T.);
#1246=ORIENTED_EDGE('',*,*,#946,.F.);
#1247=ORIENTED_EDGE('',*,*,#947,.T.);
#1248=ORIENTED_EDGE('',*,*,#935,.F.);
#1249=ORIENTED_EDGE('',*,*,#948,.T.);
#1250=ORIENTED_EDGE('',*,*,#949,.F.);
#1251=ORIENTED_EDGE('',*,*,#950,.F.);
#1252=ORIENTED_EDGE('',*,*,#936,.F.);
#1253=ORIENTED_EDGE('',*,*,#950,.T.);
#1254=ORIENTED_EDGE('',*,*,#951,.F.);
#1255=ORIENTED_EDGE('',*,*,#952,.F.);
#1256=ORIENTED_EDGE('',*,*,#953,.F.);
#1257=ORIENTED_EDGE('',*,*,#937,.F.);
#1258=ORIENTED_EDGE('',*,*,#952,.T.);
#1259=ORIENTED_EDGE('',*,*,#954,.F.);
#1260=ORIENTED_EDGE('',*,*,#955,.F.);
#1261=ORIENTED_EDGE('',*,*,#954,.T.);
#1262=ORIENTED_EDGE('',*,*,#951,.T.);
#1263=ORIENTED_EDGE('',*,*,#949,.T.);
#1264=ORIENTED_EDGE('',*,*,#956,.F.);
#1265=ORIENTED_EDGE('',*,*,#946,.T.);
#1266=ORIENTED_EDGE('',*,*,#944,.T.);
#1267=ORIENTED_EDGE('',*,*,#940,.T.);
#1268=ORIENTED_EDGE('',*,*,#957,.F.);
#1269=ORIENTED_EDGE('',*,*,#942,.T.);
#1270=ORIENTED_EDGE('',*,*,#934,.T.);
#1271=ORIENTED_EDGE('',*,*,#958,.T.);
#1272=ORIENTED_EDGE('',*,*,#959,.T.);
#1273=ORIENTED_EDGE('',*,*,#960,.T.);
#1274=ORIENTED_EDGE('',*,*,#961,.F.);
#1275=ORIENTED_EDGE('',*,*,#962,.F.);
#1276=ORIENTED_EDGE('',*,*,#963,.F.);
#1277=ORIENTED_EDGE('',*,*,#821,.F.);
#1278=ORIENTED_EDGE('',*,*,#964,.F.);
#1279=ORIENTED_EDGE('',*,*,#965,.T.);
#1280=ORIENTED_EDGE('',*,*,#855,.F.);
#1281=ORIENTED_EDGE('',*,*,#965,.F.);
#1282=ORIENTED_EDGE('',*,*,#822,.F.);
#1283=ORIENTED_EDGE('',*,*,#963,.T.);
#1284=ORIENTED_EDGE('',*,*,#966,.F.);
#1285=ORIENTED_EDGE('',*,*,#967,.F.);
#1286=ORIENTED_EDGE('',*,*,#823,.F.);
#1287=ORIENTED_EDGE('',*,*,#967,.T.);
#1288=ORIENTED_EDGE('',*,*,#968,.F.);
#1289=ORIENTED_EDGE('',*,*,#969,.T.);
#1290=ORIENTED_EDGE('',*,*,#827,.F.);
#1291=ORIENTED_EDGE('',*,*,#970,.T.);
#1292=ORIENTED_EDGE('',*,*,#971,.F.);
#1293=ORIENTED_EDGE('',*,*,#972,.F.);
#1294=ORIENTED_EDGE('',*,*,#828,.F.);
#1295=ORIENTED_EDGE('',*,*,#972,.T.);
#1296=ORIENTED_EDGE('',*,*,#973,.F.);
#1297=ORIENTED_EDGE('',*,*,#974,.F.);
#1298=ORIENTED_EDGE('',*,*,#975,.F.);
#1299=ORIENTED_EDGE('',*,*,#829,.F.);
#1300=ORIENTED_EDGE('',*,*,#974,.T.);
#1301=ORIENTED_EDGE('',*,*,#976,.F.);
#1302=ORIENTED_EDGE('',*,*,#977,.F.);
#1303=ORIENTED_EDGE('',*,*,#976,.T.);
#1304=ORIENTED_EDGE('',*,*,#973,.T.);
#1305=ORIENTED_EDGE('',*,*,#971,.T.);
#1306=ORIENTED_EDGE('',*,*,#959,.F.);
#1307=ORIENTED_EDGE('',*,*,#968,.T.);
#1308=ORIENTED_EDGE('',*,*,#966,.T.);
#1309=ORIENTED_EDGE('',*,*,#962,.T.);
#1310=ORIENTED_EDGE('',*,*,#978,.F.);
#1311=ORIENTED_EDGE('',*,*,#964,.T.);
#1312=ORIENTED_EDGE('',*,*,#918,.T.);
#1313=ORIENTED_EDGE('',*,*,#979,.T.);
#1314=ORIENTED_EDGE('',*,*,#956,.T.);
#1315=ORIENTED_EDGE('',*,*,#980,.T.);
#1316=ORIENTED_EDGE('',*,*,#910,.T.);
#1317=ORIENTED_EDGE('',*,*,#790,.F.);
#1318=ORIENTED_EDGE('',*,*,#981,.T.);
#1319=ORIENTED_EDGE('',*,*,#830,.F.);
#1320=ORIENTED_EDGE('',*,*,#975,.T.);
#1321=ORIENTED_EDGE('',*,*,#977,.T.);
#1322=ORIENTED_EDGE('',*,*,#982,.T.);
#1323=ORIENTED_EDGE('',*,*,#929,.T.);
#1324=ORIENTED_EDGE('',*,*,#953,.T.);
#1325=ORIENTED_EDGE('',*,*,#955,.T.);
#1326=ORIENTED_EDGE('',*,*,#983,.T.);
#1327=ORIENTED_EDGE('',*,*,#913,.T.);
#1328=ORIENTED_EDGE('',*,*,#914,.T.);
#1329=ORIENTED_EDGE('',*,*,#983,.F.);
#1330=ORIENTED_EDGE('',*,*,#957,.T.);
#1331=ORIENTED_EDGE('',*,*,#939,.T.);
#1332=ORIENTED_EDGE('',*,*,#930,.T.);
#1333=ORIENTED_EDGE('',*,*,#982,.F.);
#1334=ORIENTED_EDGE('',*,*,#978,.T.);
#1335=ORIENTED_EDGE('',*,*,#961,.T.);
#1336=ORIENTED_EDGE('',*,*,#820,.F.);
#1337=ORIENTED_EDGE('',*,*,#984,.T.);
#1338=ORIENTED_EDGE('',*,*,#785,.F.);
#1339=ORIENTED_EDGE('',*,*,#922,.T.);
#1340=ORIENTED_EDGE('',*,*,#825,.F.);
#1341=ORIENTED_EDGE('',*,*,#985,.F.);
#1342=ORIENTED_EDGE('',*,*,#787,.F.);
#1343=ORIENTED_EDGE('',*,*,#986,.F.);
#1344=ORIENTED_EDGE('',*,*,#870,.T.);
#1345=ORIENTED_EDGE('',*,*,#880,.T.);
#1346=ORIENTED_EDGE('',*,*,#868,.T.);
#1347=ORIENTED_EDGE('',*,*,#882,.T.);
#1348=ORIENTED_EDGE('',*,*,#897,.T.);
#1349=ORIENTED_EDGE('',*,*,#907,.T.);
#1350=ORIENTED_EDGE('',*,*,#895,.T.);
#1351=ORIENTED_EDGE('',*,*,#909,.T.);
#1352=ORIENTED_EDGE('',*,*,#985,.T.);
#1353=ORIENTED_EDGE('',*,*,#832,.F.);
#1354=ORIENTED_EDGE('',*,*,#987,.F.);
#1355=ORIENTED_EDGE('',*,*,#788,.F.);
#1356=ORIENTED_EDGE('',*,*,#987,.T.);
#1357=ORIENTED_EDGE('',*,*,#831,.F.);
#1358=ORIENTED_EDGE('',*,*,#981,.F.);
#1359=ORIENTED_EDGE('',*,*,#789,.F.);
#1360=ORIENTED_EDGE('',*,*,#780,.F.);
#1361=ORIENTED_EDGE('',*,*,#988,.F.);
#1362=ORIENTED_EDGE('',*,*,#818,.F.);
#1363=ORIENTED_EDGE('',*,*,#989,.F.);
#1364=ORIENTED_EDGE('',*,*,#878,.T.);
#1365=ORIENTED_EDGE('',*,*,#881,.T.);
#1366=ORIENTED_EDGE('',*,*,#860,.T.);
#1367=ORIENTED_EDGE('',*,*,#879,.T.);
#1368=ORIENTED_EDGE('',*,*,#905,.T.);
#1369=ORIENTED_EDGE('',*,*,#908,.T.);
#1370=ORIENTED_EDGE('',*,*,#887,.T.);
#1371=ORIENTED_EDGE('',*,*,#906,.T.);
#1372=ORIENTED_EDGE('',*,*,#988,.T.);
#1373=ORIENTED_EDGE('',*,*,#786,.F.);
#1374=ORIENTED_EDGE('',*,*,#984,.F.);
#1375=ORIENTED_EDGE('',*,*,#819,.F.);
#1376=ORIENTED_EDGE('',*,*,#986,.T.);
#1377=ORIENTED_EDGE('',*,*,#794,.F.);
#1378=ORIENTED_EDGE('',*,*,#927,.F.);
#1379=ORIENTED_EDGE('',*,*,#980,.F.);
#1380=ORIENTED_EDGE('',*,*,#948,.F.);
#1381=ORIENTED_EDGE('',*,*,#960,.F.);
#1382=ORIENTED_EDGE('',*,*,#970,.F.);
#1383=ORIENTED_EDGE('',*,*,#826,.F.);
#1384=ORIENTED_EDGE('',*,*,#989,.T.);
#1385=ORIENTED_EDGE('',*,*,#824,.F.);
#1386=ORIENTED_EDGE('',*,*,#969,.F.);
#1387=ORIENTED_EDGE('',*,*,#958,.F.);
#1388=ORIENTED_EDGE('',*,*,#947,.F.);
#1389=ORIENTED_EDGE('',*,*,#979,.F.);
#1390=ORIENTED_EDGE('',*,*,#926,.F.);
#1391=ORIENTED_EDGE('',*,*,#781,.F.);
#1392=ORIENTED_EDGE('',*,*,#851,.T.);
#1393=ORIENTED_EDGE('',*,*,#990,.T.);
#1394=ORIENTED_EDGE('',*,*,#798,.F.);
#1395=ORIENTED_EDGE('',*,*,#991,.F.);
#1396=ORIENTED_EDGE('',*,*,#991,.T.);
#1397=ORIENTED_EDGE('',*,*,#797,.F.);
#1398=ORIENTED_EDGE('',*,*,#992,.F.);
#1399=ORIENTED_EDGE('',*,*,#852,.T.);
#1400=ORIENTED_EDGE('',*,*,#992,.T.);
#1401=ORIENTED_EDGE('',*,*,#796,.F.);
#1402=ORIENTED_EDGE('',*,*,#993,.T.);
#1403=ORIENTED_EDGE('',*,*,#847,.T.);
#1404=ORIENTED_EDGE('',*,*,#994,.F.);
#1405=ORIENTED_EDGE('',*,*,#835,.T.);
#1406=ORIENTED_EDGE('',*,*,#995,.T.);
#1407=ORIENTED_EDGE('',*,*,#802,.F.);
#1408=ORIENTED_EDGE('',*,*,#995,.F.);
#1409=ORIENTED_EDGE('',*,*,#834,.T.);
#1410=ORIENTED_EDGE('',*,*,#996,.T.);
#1411=ORIENTED_EDGE('',*,*,#803,.F.);
#1412=ORIENTED_EDGE('',*,*,#990,.F.);
#1413=ORIENTED_EDGE('',*,*,#850,.T.);
#1414=ORIENTED_EDGE('',*,*,#997,.T.);
#1415=ORIENTED_EDGE('',*,*,#799,.F.);
#1416=ORIENTED_EDGE('',*,*,#997,.F.);
#1417=ORIENTED_EDGE('',*,*,#849,.F.);
#1418=ORIENTED_EDGE('',*,*,#843,.T.);
#1419=ORIENTED_EDGE('',*,*,#854,.F.);
#1420=ORIENTED_EDGE('',*,*,#844,.F.);
#1421=ORIENTED_EDGE('',*,*,#837,.F.);
#1422=ORIENTED_EDGE('',*,*,#998,.F.);
#1423=ORIENTED_EDGE('',*,*,#800,.F.);
#1424=ORIENTED_EDGE('',*,*,#994,.T.);
#1425=ORIENTED_EDGE('',*,*,#801,.F.);
#1426=ORIENTED_EDGE('',*,*,#998,.T.);
#1427=ORIENTED_EDGE('',*,*,#836,.T.);
#1428=ORIENTED_EDGE('',*,*,#999,.F.);
#1429=ORIENTED_EDGE('',*,*,#839,.F.);
#1430=ORIENTED_EDGE('',*,*,#846,.T.);
#1431=ORIENTED_EDGE('',*,*,#853,.F.);
#1432=ORIENTED_EDGE('',*,*,#841,.F.);
#1433=ORIENTED_EDGE('',*,*,#848,.F.);
#1434=ORIENTED_EDGE('',*,*,#993,.F.);
#1435=ORIENTED_EDGE('',*,*,#795,.F.);
#1436=ORIENTED_EDGE('',*,*,#996,.F.);
#1437=ORIENTED_EDGE('',*,*,#833,.T.);
#1438=ORIENTED_EDGE('',*,*,#999,.T.);
#1439=ORIENTED_EDGE('',*,*,#804,.F.);
#1440=PLANE('',#1600);
#1441=PLANE('',#1602);
#1442=PLANE('',#1604);
#1443=PLANE('',#1618);
#1444=PLANE('',#1620);
#1445=PLANE('',#1622);
#1446=PLANE('',#1623);
#1447=PLANE('',#1624);
#1448=PLANE('',#1625);
#1449=PLANE('',#1626);
#1450=PLANE('',#1631);
#1451=PLANE('',#1635);
#1452=PLANE('',#1636);
#1453=PLANE('',#1640);
#1454=PLANE('',#1641);
#1455=PLANE('',#1642);
#1456=PLANE('',#1646);
#1457=PLANE('',#1650);
#1458=PLANE('',#1651);
#1459=PLANE('',#1655);
#1460=PLANE('',#1656);
#1461=PLANE('',#1657);
#1462=PLANE('',#1658);
#1463=PLANE('',#1659);
#1464=PLANE('',#1663);
#1465=PLANE('',#1666);
#1466=PLANE('',#1667);
#1467=PLANE('',#1669);
#1468=PLANE('',#1673);
#1469=PLANE('',#1678);
#1470=PLANE('',#1679);
#1471=PLANE('',#1682);
#1472=PLANE('',#1683);
#1473=PLANE('',#1684);
#1474=PLANE('',#1685);
#1475=PLANE('',#1690);
#1476=PLANE('',#1691);
#1477=PLANE('',#1694);
#1478=PLANE('',#1695);
#1479=PLANE('',#1696);
#1480=PLANE('',#1697);
#1481=PLANE('',#1698);
#1482=PLANE('',#1699);
#1483=PLANE('',#1700);
#1484=PLANE('',#1701);
#1485=PLANE('',#1702);
#1486=PLANE('',#1703);
#1487=PLANE('',#1704);
#1488=PLANE('',#1705);
#1489=PLANE('',#1706);
#1490=PLANE('',#1707);
#1491=PLANE('',#1708);
#1492=PLANE('',#1709);
#1493=PLANE('',#1710);
#1494=PLANE('',#1711);
#1495=PLANE('',#1712);
#1496=PLANE('',#1713);
#1497=PLANE('',#1714);
#1498=PLANE('',#1715);
#1499=ADVANCED_FACE('',(#56),#1440,.F.);
#1500=ADVANCED_FACE('',(#57),#1441,.F.);
#1501=ADVANCED_FACE('',(#58,#34),#1442,.T.);
#1502=ADVANCED_FACE('',(#59),#15,.F.);
#1503=ADVANCED_FACE('',(#60),#16,.F.);
#1504=ADVANCED_FACE('',(#61),#17,.F.);
#1505=ADVANCED_FACE('',(#62),#18,.F.);
#1506=ADVANCED_FACE('',(#63),#1443,.T.);
#1507=ADVANCED_FACE('',(#64),#1444,.T.);
#1508=ADVANCED_FACE('',(#65,#35,#36),#1445,.T.);
#1509=ADVANCED_FACE('',(#66),#1446,.T.);
#1510=ADVANCED_FACE('',(#67),#1447,.T.);
#1511=ADVANCED_FACE('',(#68,#37,#38),#1448,.T.);
#1512=ADVANCED_FACE('',(#69,#39,#40,#41,#42,#43),#1449,.F.);
#1513=ADVANCED_FACE('',(#70),#19,.F.);
#1514=ADVANCED_FACE('',(#71),#1450,.T.);
#1515=ADVANCED_FACE('',(#72),#20,.T.);
#1516=ADVANCED_FACE('',(#73),#1451,.T.);
#1517=ADVANCED_FACE('',(#74),#1452,.T.);
#1518=ADVANCED_FACE('',(#75),#21,.T.);
#1519=ADVANCED_FACE('',(#76),#1453,.T.);
#1520=ADVANCED_FACE('',(#77,#44),#1454,.T.);
#1521=ADVANCED_FACE('',(#78,#45),#1455,.F.);
#1522=ADVANCED_FACE('',(#79),#22,.F.);
#1523=ADVANCED_FACE('',(#80),#1456,.T.);
#1524=ADVANCED_FACE('',(#81),#23,.T.);
#1525=ADVANCED_FACE('',(#82),#1457,.T.);
#1526=ADVANCED_FACE('',(#83),#1458,.T.);
#1527=ADVANCED_FACE('',(#84),#24,.T.);
#1528=ADVANCED_FACE('',(#85),#1459,.T.);
#1529=ADVANCED_FACE('',(#86,#46),#1460,.T.);
#1530=ADVANCED_FACE('',(#87,#47),#1461,.F.);
#1531=ADVANCED_FACE('',(#88),#1462,.T.);
#1532=ADVANCED_FACE('',(#89,#48),#1463,.T.);
#1533=ADVANCED_FACE('',(#90),#1464,.T.);
#1534=ADVANCED_FACE('',(#91),#25,.F.);
#1535=ADVANCED_FACE('',(#92),#26,.T.);
#1536=ADVANCED_FACE('',(#93),#1465,.T.);
#1537=ADVANCED_FACE('',(#94),#1466,.T.);
#1538=ADVANCED_FACE('',(#95),#27,.T.);
#1539=ADVANCED_FACE('',(#96,#49),#1467,.T.);
#1540=ADVANCED_FACE('',(#97),#1468,.T.);
#1541=ADVANCED_FACE('',(#98),#28,.F.);
#1542=ADVANCED_FACE('',(#99),#29,.T.);
#1543=ADVANCED_FACE('',(#100),#1469,.T.);
#1544=ADVANCED_FACE('',(#101),#1470,.T.);
#1545=ADVANCED_FACE('',(#102),#30,.T.);
#1546=ADVANCED_FACE('',(#103),#1471,.T.);
#1547=ADVANCED_FACE('',(#104,#50),#1472,.F.);
#1548=ADVANCED_FACE('',(#105),#1473,.F.);
#1549=ADVANCED_FACE('',(#106),#1474,.T.);
#1550=ADVANCED_FACE('',(#107),#31,.F.);
#1551=ADVANCED_FACE('',(#108),#32,.T.);
#1552=ADVANCED_FACE('',(#109),#1475,.T.);
#1553=ADVANCED_FACE('',(#110),#1476,.T.);
#1554=ADVANCED_FACE('',(#111),#33,.T.);
#1555=ADVANCED_FACE('',(#112),#1477,.T.);
#1556=ADVANCED_FACE('',(#113,#51),#1478,.F.);
#1557=ADVANCED_FACE('',(#114),#1479,.F.);
#1558=ADVANCED_FACE('',(#115),#1480,.F.);
#1559=ADVANCED_FACE('',(#116),#1481,.F.);
#1560=ADVANCED_FACE('',(#117,#52,#53),#1482,.F.);
#1561=ADVANCED_FACE('',(#118),#1483,.F.);
#1562=ADVANCED_FACE('',(#119),#1484,.F.);
#1563=ADVANCED_FACE('',(#120,#54,#55),#1485,.F.);
#1564=ADVANCED_FACE('',(#121),#1486,.F.);
#1565=ADVANCED_FACE('',(#122),#1487,.F.);
#1566=ADVANCED_FACE('',(#123),#1488,.F.);
#1567=ADVANCED_FACE('',(#124),#1489,.T.);
#1568=ADVANCED_FACE('',(#125),#1490,.T.);
#1569=ADVANCED_FACE('',(#126),#1491,.T.);
#1570=ADVANCED_FACE('',(#127),#1492,.T.);
#1571=ADVANCED_FACE('',(#128),#1493,.T.);
#1572=ADVANCED_FACE('',(#129),#1494,.T.);
#1573=ADVANCED_FACE('',(#130),#1495,.T.);
#1574=ADVANCED_FACE('',(#131),#1496,.T.);
#1575=ADVANCED_FACE('',(#132),#1497,.T.);
#1576=ADVANCED_FACE('',(#133),#1498,.T.);
#1577=CLOSED_SHELL('',(#1499,#1500,#1501,#1502,#1503,#1504,#1505,#1506,
#1507,#1508,#1509,#1510,#1511,#1512,#1513,#1514,#1515,#1516,#1517,#1518,
#1519,#1520,#1521,#1522,#1523,#1524,#1525,#1526,#1527,#1528,#1529,#1530,
#1531,#1532,#1533,#1534,#1535,#1536,#1537,#1538,#1539,#1540,#1541,#1542,
#1543,#1544,#1545,#1546,#1547,#1548,#1549,#1550,#1551,#1552,#1553,#1554,
#1555,#1556,#1557,#1558,#1559,#1560,#1561,#1562,#1563,#1564,#1565,#1566,
#1567,#1568,#1569,#1570,#1571,#1572,#1573,#1574,#1575,#1576));
#1578=DERIVED_UNIT_ELEMENT(#1581,1.);
#1579=DERIVED_UNIT_ELEMENT(#2580,-3.);
#1580=DIMENSIONAL_EXPONENTS(0.,1.,0.,0.,0.,0.,0.);
#1581=(
CONVERSION_BASED_UNIT('gram',#1583)
MASS_UNIT()
NAMED_UNIT(#1580)
);
#1582=(
MASS_UNIT()
NAMED_UNIT(*)
SI_UNIT(.KILO.,.GRAM.)
);
#1583=MASS_MEASURE_WITH_UNIT(MASS_MEASURE(0.001),#1582);
#1584=DERIVED_UNIT((#1578,#1579));
#1585=MEASURE_REPRESENTATION_ITEM('density measure',
POSITIVE_RATIO_MEASURE(1.),#1584);
#1586=PROPERTY_DEFINITION_REPRESENTATION(#1591,#1588);
#1587=PROPERTY_DEFINITION_REPRESENTATION(#1592,#1589);
#1588=REPRESENTATION('material name',(#1590),#2577);
#1589=REPRESENTATION('density',(#1585),#2577);
#1590=DESCRIPTIVE_REPRESENTATION_ITEM('Generisch','Generisch');
#1591=PROPERTY_DEFINITION('material property','material name',#2587);
#1592=PROPERTY_DEFINITION('material property','density of part',#2587);
#1593=DATE_TIME_ROLE('creation_date');
#1594=APPLIED_DATE_AND_TIME_ASSIGNMENT(#1595,#1593,(#2587));
#1595=DATE_AND_TIME(#1596,#1597);
#1596=CALENDAR_DATE(2026,19,1);
#1597=LOCAL_TIME(0,0,0.,#1598);
#1598=COORDINATED_UNIVERSAL_TIME_OFFSET(0,0,.BEHIND.);
#1599=AXIS2_PLACEMENT_3D('',#2132,#1716,#1717);
#1600=AXIS2_PLACEMENT_3D('',#2133,#1718,#1719);
#1601=AXIS2_PLACEMENT_3D('',#2142,#1723,#1724);
#1602=AXIS2_PLACEMENT_3D('',#2148,#1728,#1729);
#1603=AXIS2_PLACEMENT_3D('',#2161,#1735,#1736);
#1604=AXIS2_PLACEMENT_3D('',#2165,#1739,#1740);
#1605=AXIS2_PLACEMENT_3D('',#2187,#1751,#1752);
#1606=AXIS2_PLACEMENT_3D('',#2188,#1753,#1754);
#1607=AXIS2_PLACEMENT_3D('',#2190,#1755,#1756);
#1608=AXIS2_PLACEMENT_3D('',#2193,#1758,#1759);
#1609=AXIS2_PLACEMENT_3D('',#2194,#1760,#1761);
#1610=AXIS2_PLACEMENT_3D('',#2196,#1762,#1763);
#1611=AXIS2_PLACEMENT_3D('',#2199,#1765,#1766);
#1612=AXIS2_PLACEMENT_3D('',#2200,#1767,#1768);
#1613=AXIS2_PLACEMENT_3D('',#2202,#1769,#1770);
#1614=AXIS2_PLACEMENT_3D('',#2205,#1772,#1773);
#1615=AXIS2_PLACEMENT_3D('',#2206,#1774,#1775);
#1616=AXIS2_PLACEMENT_3D('',#2208,#1776,#1777);
#1617=AXIS2_PLACEMENT_3D('',#2211,#1779,#1780);
#1618=AXIS2_PLACEMENT_3D('',#2212,#1781,#1782);
#1619=AXIS2_PLACEMENT_3D('',#2223,#1787,#1788);
#1620=AXIS2_PLACEMENT_3D('',#2227,#1791,#1792);
#1621=AXIS2_PLACEMENT_3D('',#2236,#1796,#1797);
#1622=AXIS2_PLACEMENT_3D('',#2244,#1802,#1803);
#1623=AXIS2_PLACEMENT_3D('',#2259,#1811,#1812);
#1624=AXIS2_PLACEMENT_3D('',#2268,#1817,#1818);
#1625=AXIS2_PLACEMENT_3D('',#2274,#1822,#1823);
#1626=AXIS2_PLACEMENT_3D('',#2286,#1830,#1831);
#1627=AXIS2_PLACEMENT_3D('',#2290,#1834,#1835);
#1628=AXIS2_PLACEMENT_3D('',#2291,#1836,#1837);
#1629=AXIS2_PLACEMENT_3D('',#2293,#1838,#1839);
#1630=AXIS2_PLACEMENT_3D('',#2296,#1841,#1842);
#1631=AXIS2_PLACEMENT_3D('',#2297,#1843,#1844);
#1632=AXIS2_PLACEMENT_3D('',#2306,#1849,#1850);
#1633=AXIS2_PLACEMENT_3D('',#2308,#1851,#1852);
#1634=AXIS2_PLACEMENT_3D('',#2310,#1853,#1854);
#1635=AXIS2_PLACEMENT_3D('',#2312,#1856,#1857);
#1636=AXIS2_PLACEMENT_3D('',#2318,#1861,#1862);
#1637=AXIS2_PLACEMENT_3D('',#2327,#1867,#1868);
#1638=AXIS2_PLACEMENT_3D('',#2329,#1869,#1870);
#1639=AXIS2_PLACEMENT_3D('',#2331,#1871,#1872);
#1640=AXIS2_PLACEMENT_3D('',#2333,#1874,#1875);
#1641=AXIS2_PLACEMENT_3D('',#2339,#1879,#1880);
#1642=AXIS2_PLACEMENT_3D('',#2342,#1883,#1884);
#1643=AXIS2_PLACEMENT_3D('',#2345,#1887,#1888);
#1644=AXIS2_PLACEMENT_3D('',#2347,#1889,#1890);
#1645=AXIS2_PLACEMENT_3D('',#2350,#1892,#1893);
#1646=AXIS2_PLACEMENT_3D('',#2351,#1894,#1895);
#1647=AXIS2_PLACEMENT_3D('',#2360,#1900,#1901);
#1648=AXIS2_PLACEMENT_3D('',#2362,#1902,#1903);
#1649=AXIS2_PLACEMENT_3D('',#2364,#1904,#1905);
#1650=AXIS2_PLACEMENT_3D('',#2366,#1907,#1908);
#1651=AXIS2_PLACEMENT_3D('',#2372,#1912,#1913);
#1652=AXIS2_PLACEMENT_3D('',#2381,#1918,#1919);
#1653=AXIS2_PLACEMENT_3D('',#2383,#1920,#1921);
#1654=AXIS2_PLACEMENT_3D('',#2385,#1922,#1923);
#1655=AXIS2_PLACEMENT_3D('',#2387,#1925,#1926);
#1656=AXIS2_PLACEMENT_3D('',#2393,#1930,#1931);
#1657=AXIS2_PLACEMENT_3D('',#2396,#1934,#1935);
#1658=AXIS2_PLACEMENT_3D('',#2399,#1938,#1939);
#1659=AXIS2_PLACEMENT_3D('',#2405,#1943,#1944);
#1660=AXIS2_PLACEMENT_3D('',#2413,#1948,#1949);
#1661=AXIS2_PLACEMENT_3D('',#2420,#1953,#1954);
#1662=AXIS2_PLACEMENT_3D('',#2422,#1955,#1956);
#1663=AXIS2_PLACEMENT_3D('',#2423,#1957,#1958);
#1664=AXIS2_PLACEMENT_3D('',#2426,#1961,#1962);
#1665=AXIS2_PLACEMENT_3D('',#2428,#1964,#1965);
#1666=AXIS2_PLACEMENT_3D('',#2430,#1967,#1968);
#1667=AXIS2_PLACEMENT_3D('',#2432,#1970,#1971);
#1668=AXIS2_PLACEMENT_3D('',#2435,#1974,#1975);
#1669=AXIS2_PLACEMENT_3D('',#2436,#1976,#1977);
#1670=AXIS2_PLACEMENT_3D('',#2445,#1981,#1982);
#1671=AXIS2_PLACEMENT_3D('',#2453,#1986,#1987);
#1672=AXIS2_PLACEMENT_3D('',#2456,#1989,#1990);
#1673=AXIS2_PLACEMENT_3D('',#2457,#1991,#1992);
#1674=AXIS2_PLACEMENT_3D('',#2463,#1996,#1997);
#1675=AXIS2_PLACEMENT_3D('',#2465,#1998,#1999);
#1676=AXIS2_PLACEMENT_3D('',#2467,#2001,#2002);
#1677=AXIS2_PLACEMENT_3D('',#2469,#2003,#2004);
#1678=AXIS2_PLACEMENT_3D('',#2471,#2006,#2007);
#1679=AXIS2_PLACEMENT_3D('',#2475,#2010,#2011);
#1680=AXIS2_PLACEMENT_3D('',#2481,#2015,#2016);
#1681=AXIS2_PLACEMENT_3D('',#2483,#2017,#2018);
#1682=AXIS2_PLACEMENT_3D('',#2485,#2020,#2021);
#1683=AXIS2_PLACEMENT_3D('',#2489,#2024,#2025);
#1684=AXIS2_PLACEMENT_3D('',#2494,#2029,#2030);
#1685=AXIS2_PLACEMENT_3D('',#2500,#2034,#2035);
#1686=AXIS2_PLACEMENT_3D('',#2506,#2039,#2040);
#1687=AXIS2_PLACEMENT_3D('',#2508,#2041,#2042);
#1688=AXIS2_PLACEMENT_3D('',#2510,#2044,#2045);
#1689=AXIS2_PLACEMENT_3D('',#2512,#2046,#2047);
#1690=AXIS2_PLACEMENT_3D('',#2514,#2049,#2050);
#1691=AXIS2_PLACEMENT_3D('',#2517,#2053,#2054);
#1692=AXIS2_PLACEMENT_3D('',#2522,#2058,#2059);
#1693=AXIS2_PLACEMENT_3D('',#2524,#2060,#2061);
#1694=AXIS2_PLACEMENT_3D('',#2526,#2063,#2064);
#1695=AXIS2_PLACEMENT_3D('',#2530,#2067,#2068);
#1696=AXIS2_PLACEMENT_3D('',#2534,#2071,#2072);
#1697=AXIS2_PLACEMENT_3D('',#2537,#2075,#2076);
#1698=AXIS2_PLACEMENT_3D('',#2541,#2080,#2081);
#1699=AXIS2_PLACEMENT_3D('',#2543,#2083,#2084);
#1700=AXIS2_PLACEMENT_3D('',#2546,#2087,#2088);
#1701=AXIS2_PLACEMENT_3D('',#2548,#2090,#2091);
#1702=AXIS2_PLACEMENT_3D('',#2549,#2092,#2093);
#1703=AXIS2_PLACEMENT_3D('',#2552,#2096,#2097);
#1704=AXIS2_PLACEMENT_3D('',#2553,#2098,#2099);
#1705=AXIS2_PLACEMENT_3D('',#2554,#2100,#2101);
#1706=AXIS2_PLACEMENT_3D('',#2555,#2102,#2103);
#1707=AXIS2_PLACEMENT_3D('',#2558,#2106,#2107);
#1708=AXIS2_PLACEMENT_3D('',#2560,#2109,#2110);
#1709=AXIS2_PLACEMENT_3D('',#2562,#2112,#2113);
#1710=AXIS2_PLACEMENT_3D('',#2565,#2116,#2117);
#1711=AXIS2_PLACEMENT_3D('',#2567,#2119,#2120);
#1712=AXIS2_PLACEMENT_3D('',#2569,#2122,#2123);
#1713=AXIS2_PLACEMENT_3D('',#2571,#2125,#2126);
#1714=AXIS2_PLACEMENT_3D('',#2572,#2127,#2128);
#1715=AXIS2_PLACEMENT_3D('',#2574,#2130,#2131);
#1716=DIRECTION('axis',(0.,0.,1.));
#1717=DIRECTION('refdir',(1.,0.,0.));
#1718=DIRECTION('center_axis',(0.,1.,0.));
#1719=DIRECTION('ref_axis',(0.,0.,1.));
#1720=DIRECTION('',(-0.98078528040323,0.,-0.195090322016128));
#1721=DIRECTION('',(-0.707106781186548,0.,-0.707106781186548));
#1722=DIRECTION('',(1.,0.,0.));
#1723=DIRECTION('center_axis',(0.,1.,0.));
#1724=DIRECTION('ref_axis',(1.,0.,0.));
#1725=DIRECTION('',(1.,0.,0.));
#1726=DIRECTION('',(-0.707106781186547,0.,0.707106781186547));
#1727=DIRECTION('',(-0.923879532511287,0.,0.382683432365089));
#1728=DIRECTION('center_axis',(0.,1.,0.));
#1729=DIRECTION('ref_axis',(0.,0.,1.));
#1730=DIRECTION('',(0.98078528040323,0.,-0.195090322016128));
#1731=DIRECTION('',(0.923879532511287,0.,0.382683432365089));
#1732=DIRECTION('',(0.707106781186548,0.,0.707106781186548));
#1733=DIRECTION('',(0.,0.,1.));
#1734=DIRECTION('',(-1.,0.,0.));
#1735=DIRECTION('center_axis',(0.,1.,0.));
#1736=DIRECTION('ref_axis',(1.,0.,0.));
#1737=DIRECTION('',(-1.,0.,0.));
#1738=DIRECTION('',(0.707106781186548,0.,-0.707106781186548));
#1739=DIRECTION('center_axis',(0.,1.,0.));
#1740=DIRECTION('ref_axis',(0.,0.,1.));
#1741=DIRECTION('',(0.,0.,-1.));
#1742=DIRECTION('',(-0.707106781186548,0.,-0.707106781186548));
#1743=DIRECTION('',(-0.923879532511287,0.,-0.38268343236509));
#1744=DIRECTION('',(-0.98078528040323,0.,0.195090322016128));
#1745=DIRECTION('',(-0.707106781186548,0.,0.707106781186548));
#1746=DIRECTION('',(0.,0.,1.));
#1747=DIRECTION('',(0.707106781186547,0.,0.707106781186548));
#1748=DIRECTION('',(0.98078528040323,0.,0.195090322016128));
#1749=DIRECTION('',(0.923879532511287,0.,-0.38268343236509));
#1750=DIRECTION('',(0.707106781186548,0.,-0.707106781186548));
#1751=DIRECTION('center_axis',(0.,-1.,0.));
#1752=DIRECTION('ref_axis',(-1.,0.,0.));
#1753=DIRECTION('center_axis',(0.,-1.,0.));
#1754=DIRECTION('ref_axis',(1.,0.,0.));
#1755=DIRECTION('center_axis',(0.,1.,0.));
#1756=DIRECTION('ref_axis',(1.,0.,0.));
#1757=DIRECTION('',(0.,1.,0.));
#1758=DIRECTION('center_axis',(0.,-1.,0.));
#1759=DIRECTION('ref_axis',(1.,0.,0.));
#1760=DIRECTION('center_axis',(0.,-1.,0.));
#1761=DIRECTION('ref_axis',(1.,0.,0.));
#1762=DIRECTION('center_axis',(0.,1.,0.));
#1763=DIRECTION('ref_axis',(1.,0.,0.));
#1764=DIRECTION('',(0.,1.,0.));
#1765=DIRECTION('center_axis',(0.,-1.,0.));
#1766=DIRECTION('ref_axis',(1.,0.,0.));
#1767=DIRECTION('center_axis',(0.,-1.,0.));
#1768=DIRECTION('ref_axis',(1.,0.,0.));
#1769=DIRECTION('center_axis',(0.,1.,0.));
#1770=DIRECTION('ref_axis',(1.,0.,0.));
#1771=DIRECTION('',(0.,1.,0.));
#1772=DIRECTION('center_axis',(0.,-1.,0.));
#1773=DIRECTION('ref_axis',(1.,0.,0.));
#1774=DIRECTION('center_axis',(0.,-1.,0.));
#1775=DIRECTION('ref_axis',(1.,0.,0.));
#1776=DIRECTION('center_axis',(0.,1.,0.));
#1777=DIRECTION('ref_axis',(1.,0.,0.));
#1778=DIRECTION('',(0.,1.,0.));
#1779=DIRECTION('center_axis',(0.,-1.,0.));
#1780=DIRECTION('ref_axis',(1.,0.,0.));
#1781=DIRECTION('center_axis',(0.,1.,0.));
#1782=DIRECTION('ref_axis',(0.,0.,1.));
#1783=DIRECTION('',(0.98078528040323,0.,0.195090322016128));
#1784=DIRECTION('',(0.923879532511287,0.,-0.382683432365089));
#1785=DIRECTION('',(0.707106781186547,0.,-0.707106781186547));
#1786=DIRECTION('',(-1.,0.,0.));
#1787=DIRECTION('center_axis',(0.,-1.,0.));
#1788=DIRECTION('ref_axis',(1.,0.,0.));
#1789=DIRECTION('',(-1.,0.,0.));
#1790=DIRECTION('',(0.707106781186548,0.,0.707106781186548));
#1791=DIRECTION('center_axis',(0.,1.,0.));
#1792=DIRECTION('ref_axis',(0.,0.,1.));
#1793=DIRECTION('',(-0.98078528040323,0.,0.195090322016128));
#1794=DIRECTION('',(-0.707106781186548,0.,0.707106781186548));
#1795=DIRECTION('',(1.,0.,0.));
#1796=DIRECTION('center_axis',(0.,-1.,0.));
#1797=DIRECTION('ref_axis',(1.,0.,0.));
#1798=DIRECTION('',(1.,0.,0.));
#1799=DIRECTION('',(0.,0.,-1.));
#1800=DIRECTION('',(-0.707106781186548,0.,-0.707106781186548));
#1801=DIRECTION('',(-0.923879532511287,0.,-0.382683432365089));
#1802=DIRECTION('center_axis',(0.,1.,0.));
#1803=DIRECTION('ref_axis',(0.,0.,1.));
#1804=DIRECTION('',(0.707106781186548,0.,-0.707106781186548));
#1805=DIRECTION('',(0.923879532511287,0.,-0.382683432365089));
#1806=DIRECTION('',(0.98078528040323,0.,0.195090322016128));
#1807=DIRECTION('',(0.707106781186548,0.,0.707106781186548));
#1808=DIRECTION('',(0.,0.,1.));
#1809=DIRECTION('',(1.,0.,0.));
#1810=DIRECTION('',(0.,0.,-1.));
#1811=DIRECTION('center_axis',(0.,0.,-1.));
#1812=DIRECTION('ref_axis',(1.,0.,0.));
#1813=DIRECTION('',(-1.,0.,0.));
#1814=DIRECTION('',(0.,-1.,0.));
#1815=DIRECTION('',(1.,0.,0.));
#1816=DIRECTION('',(0.,-1.,0.));
#1817=DIRECTION('center_axis',(0.,0.,1.));
#1818=DIRECTION('ref_axis',(-1.,0.,0.));
#1819=DIRECTION('',(0.,-1.,0.));
#1820=DIRECTION('',(-1.,0.,0.));
#1821=DIRECTION('',(0.,-1.,0.));
#1822=DIRECTION('center_axis',(0.,1.,0.));
#1823=DIRECTION('ref_axis',(0.,0.,1.));
#1824=DIRECTION('',(-0.707106781186548,0.,-0.707106781186548));
#1825=DIRECTION('',(0.,0.,-1.));
#1826=DIRECTION('',(0.,0.,1.));
#1827=DIRECTION('',(-0.707106781186548,0.,0.707106781186548));
#1828=DIRECTION('',(-0.98078528040323,0.,0.195090322016128));
#1829=DIRECTION('',(-0.923879532511287,0.,-0.382683432365089));
#1830=DIRECTION('center_axis',(0.,1.,0.));
#1831=DIRECTION('ref_axis',(0.,0.,1.));
#1832=DIRECTION('',(0.,0.,1.));
#1833=DIRECTION('',(0.,0.,-1.));
#1834=DIRECTION('center_axis',(0.,1.,0.));
#1835=DIRECTION('ref_axis',(1.,0.,0.));
#1836=DIRECTION('center_axis',(0.,1.,0.));
#1837=DIRECTION('ref_axis',(-1.,0.,0.));
#1838=DIRECTION('center_axis',(0.,-1.,0.));
#1839=DIRECTION('ref_axis',(-1.,0.,0.));
#1840=DIRECTION('',(0.,-1.,0.));
#1841=DIRECTION('center_axis',(0.,1.,0.));
#1842=DIRECTION('ref_axis',(-1.,0.,0.));
#1843=DIRECTION('center_axis',(-1.,0.,0.));
#1844=DIRECTION('ref_axis',(0.,0.,1.));
#1845=DIRECTION('',(0.,0.,-1.));
#1846=DIRECTION('',(0.,-1.,0.));
#1847=DIRECTION('',(0.,0.,1.));
#1848=DIRECTION('',(0.,1.,0.));
#1849=DIRECTION('center_axis',(0.,1.,0.));
#1850=DIRECTION('ref_axis',(-1.,0.,-5.66553889764798E-16));
#1851=DIRECTION('center_axis',(0.,-1.,0.));
#1852=DIRECTION('ref_axis',(1.,0.,0.));
#1853=DIRECTION('center_axis',(0.,1.,0.));
#1854=DIRECTION('ref_axis',(1.,0.,0.));
#1855=DIRECTION('',(0.,1.,0.));
#1856=DIRECTION('center_axis',(-1.,0.,0.));
#1857=DIRECTION('ref_axis',(0.,0.,1.));
#1858=DIRECTION('',(0.,0.,-1.));
#1859=DIRECTION('',(0.,0.,1.));
#1860=DIRECTION('',(0.,1.,0.));
#1861=DIRECTION('center_axis',(1.,0.,0.));
#1862=DIRECTION('ref_axis',(0.,0.,-1.));
#1863=DIRECTION('',(0.,0.,1.));
#1864=DIRECTION('',(0.,-1.,0.));
#1865=DIRECTION('',(0.,0.,-1.));
#1866=DIRECTION('',(0.,1.,0.));
#1867=DIRECTION('center_axis',(0.,1.,0.));
#1868=DIRECTION('ref_axis',(1.,0.,0.));
#1869=DIRECTION('center_axis',(0.,-1.,0.));
#1870=DIRECTION('ref_axis',(1.,0.,0.));
#1871=DIRECTION('center_axis',(0.,1.,0.));
#1872=DIRECTION('ref_axis',(1.,0.,0.));
#1873=DIRECTION('',(0.,1.,0.));
#1874=DIRECTION('center_axis',(1.,0.,0.));
#1875=DIRECTION('ref_axis',(0.,0.,-1.));
#1876=DIRECTION('',(0.,0.,1.));
#1877=DIRECTION('',(0.,0.,-1.));
#1878=DIRECTION('',(0.,1.,0.));
#1879=DIRECTION('center_axis',(0.,-1.,0.));
#1880=DIRECTION('ref_axis',(0.,0.,-1.));
#1881=DIRECTION('',(0.98078528040323,0.,0.195090322016128));
#1882=DIRECTION('',(-0.98078528040323,0.,0.195090322016128));
#1883=DIRECTION('center_axis',(0.,-1.,0.));
#1884=DIRECTION('ref_axis',(0.,0.,-1.));
#1885=DIRECTION('',(-0.98078528040323,0.,-0.195090322016128));
#1886=DIRECTION('',(0.98078528040323,0.,-0.195090322016128));
#1887=DIRECTION('center_axis',(0.,1.,0.));
#1888=DIRECTION('ref_axis',(-1.,0.,0.));
#1889=DIRECTION('center_axis',(0.,-1.,0.));
#1890=DIRECTION('ref_axis',(-1.,0.,0.));
#1891=DIRECTION('',(0.,-1.,0.));
#1892=DIRECTION('center_axis',(0.,1.,0.));
#1893=DIRECTION('ref_axis',(-1.,0.,0.));
#1894=DIRECTION('center_axis',(-1.,0.,0.));
#1895=DIRECTION('ref_axis',(0.,0.,1.));
#1896=DIRECTION('',(0.,0.,-1.));
#1897=DIRECTION('',(0.,-1.,0.));
#1898=DIRECTION('',(0.,0.,1.));
#1899=DIRECTION('',(0.,1.,0.));
#1900=DIRECTION('center_axis',(0.,1.,0.));
#1901=DIRECTION('ref_axis',(-1.,0.,-5.66553889764798E-16));
#1902=DIRECTION('center_axis',(0.,-1.,0.));
#1903=DIRECTION('ref_axis',(1.,0.,0.));
#1904=DIRECTION('center_axis',(0.,1.,0.));
#1905=DIRECTION('ref_axis',(1.,0.,0.));
#1906=DIRECTION('',(0.,1.,0.));
#1907=DIRECTION('center_axis',(-1.,0.,0.));
#1908=DIRECTION('ref_axis',(0.,0.,1.));
#1909=DIRECTION('',(0.,0.,-1.));
#1910=DIRECTION('',(0.,0.,1.));
#1911=DIRECTION('',(0.,1.,0.));
#1912=DIRECTION('center_axis',(1.,0.,0.));
#1913=DIRECTION('ref_axis',(0.,0.,-1.));
#1914=DIRECTION('',(0.,0.,1.));
#1915=DIRECTION('',(0.,-1.,0.));
#1916=DIRECTION('',(0.,0.,-1.));
#1917=DIRECTION('',(0.,1.,0.));
#1918=DIRECTION('center_axis',(0.,1.,0.));
#1919=DIRECTION('ref_axis',(1.,0.,0.));
#1920=DIRECTION('center_axis',(0.,-1.,0.));
#1921=DIRECTION('ref_axis',(1.,0.,0.));
#1922=DIRECTION('center_axis',(0.,1.,0.));
#1923=DIRECTION('ref_axis',(1.,0.,0.));
#1924=DIRECTION('',(0.,1.,0.));
#1925=DIRECTION('center_axis',(1.,0.,0.));
#1926=DIRECTION('ref_axis',(0.,0.,-1.));
#1927=DIRECTION('',(0.,0.,1.));
#1928=DIRECTION('',(0.,0.,-1.));
#1929=DIRECTION('',(0.,1.,0.));
#1930=DIRECTION('center_axis',(0.,-1.,0.));
#1931=DIRECTION('ref_axis',(0.,0.,-1.));
#1932=DIRECTION('',(0.98078528040323,0.,0.195090322016128));
#1933=DIRECTION('',(-0.98078528040323,0.,0.195090322016128));
#1934=DIRECTION('center_axis',(0.,-1.,0.));
#1935=DIRECTION('ref_axis',(0.,0.,-1.));
#1936=DIRECTION('',(-0.98078528040323,0.,-0.195090322016128));
#1937=DIRECTION('',(0.98078528040323,0.,-0.195090322016128));
#1938=DIRECTION('center_axis',(0.,0.,-1.));
#1939=DIRECTION('ref_axis',(-1.,0.,0.));
#1940=DIRECTION('',(0.,1.,0.));
#1941=DIRECTION('',(1.,0.,0.));
#1942=DIRECTION('',(0.,1.,0.));
#1943=DIRECTION('center_axis',(0.,-1.,0.));
#1944=DIRECTION('ref_axis',(0.,0.,-1.));
#1945=DIRECTION('',(0.,0.,-1.));
#1946=DIRECTION('',(0.707106781186548,0.,-0.707106781186548));
#1947=DIRECTION('',(-1.,0.,0.));
#1948=DIRECTION('center_axis',(0.,-1.,0.));
#1949=DIRECTION('ref_axis',(1.,0.,0.));
#1950=DIRECTION('',(-1.,0.,0.));
#1951=DIRECTION('',(0.,0.,1.));
#1952=DIRECTION('',(1.,0.,0.));
#1953=DIRECTION('center_axis',(0.,-1.,0.));
#1954=DIRECTION('ref_axis',(1.,0.,0.));
#1955=DIRECTION('center_axis',(0.,1.,0.));
#1956=DIRECTION('ref_axis',(-1.,0.,0.));
#1957=DIRECTION('center_axis',(0.,0.,1.));
#1958=DIRECTION('ref_axis',(1.,0.,0.));
#1959=DIRECTION('',(0.,-1.,0.));
#1960=DIRECTION('',(0.,1.,0.));
#1961=DIRECTION('center_axis',(0.,1.,0.));
#1962=DIRECTION('ref_axis',(-1.,0.,0.));
#1963=DIRECTION('',(0.,-1.,0.));
#1964=DIRECTION('center_axis',(0.,1.,0.));
#1965=DIRECTION('ref_axis',(1.,0.,0.));
#1966=DIRECTION('',(0.,1.,0.));
#1967=DIRECTION('center_axis',(0.,0.,1.));
#1968=DIRECTION('ref_axis',(1.,0.,0.));
#1969=DIRECTION('',(0.,1.,0.));
#1970=DIRECTION('center_axis',(0.,0.,-1.));
#1971=DIRECTION('ref_axis',(-1.,0.,0.));
#1972=DIRECTION('',(0.,1.,0.));
#1973=DIRECTION('',(0.,1.,0.));
#1974=DIRECTION('center_axis',(0.,1.,0.));
#1975=DIRECTION('ref_axis',(1.,0.,0.));
#1976=DIRECTION('center_axis',(0.,-1.,0.));
#1977=DIRECTION('ref_axis',(0.,0.,-1.));
#1978=DIRECTION('',(0.,0.,-1.));
#1979=DIRECTION('',(0.707106781186548,0.,-0.707106781186548));
#1980=DIRECTION('',(-1.,0.,0.));
#1981=DIRECTION('center_axis',(0.,-1.,0.));
#1982=DIRECTION('ref_axis',(1.,0.,0.));
#1983=DIRECTION('',(-1.,0.,0.));
#1984=DIRECTION('',(0.,0.,1.));
#1985=DIRECTION('',(1.,0.,0.));
#1986=DIRECTION('center_axis',(0.,-1.,0.));
#1987=DIRECTION('ref_axis',(1.,0.,0.));
#1988=DIRECTION('',(1.,0.,0.));
#1989=DIRECTION('center_axis',(0.,1.,0.));
#1990=DIRECTION('ref_axis',(-1.,0.,0.));
#1991=DIRECTION('center_axis',(0.,0.,1.));
#1992=DIRECTION('ref_axis',(1.,0.,0.));
#1993=DIRECTION('',(0.,-1.,0.));
#1994=DIRECTION('',(1.,0.,0.));
#1995=DIRECTION('',(0.,1.,0.));
#1996=DIRECTION('center_axis',(0.,1.,0.));
#1997=DIRECTION('ref_axis',(-1.,0.,0.));
#1998=DIRECTION('center_axis',(0.,-1.,0.));
#1999=DIRECTION('ref_axis',(-1.,0.,0.));
#2000=DIRECTION('',(0.,-1.,0.));
#2001=DIRECTION('center_axis',(0.,1.,0.));
#2002=DIRECTION('ref_axis',(1.,0.,0.));
#2003=DIRECTION('center_axis',(0.,1.,0.));
#2004=DIRECTION('ref_axis',(1.,0.,0.));
#2005=DIRECTION('',(0.,1.,0.));
#2006=DIRECTION('center_axis',(0.,0.,1.));
#2007=DIRECTION('ref_axis',(1.,0.,0.));
#2008=DIRECTION('',(1.,0.,0.));
#2009=DIRECTION('',(0.,1.,0.));
#2010=DIRECTION('center_axis',(0.,0.,-1.));
#2011=DIRECTION('ref_axis',(-1.,0.,0.));
#2012=DIRECTION('',(0.,1.,0.));
#2013=DIRECTION('',(-1.,0.,0.));
#2014=DIRECTION('',(0.,1.,0.));
#2015=DIRECTION('center_axis',(0.,1.,0.));
#2016=DIRECTION('ref_axis',(1.,0.,0.));
#2017=DIRECTION('center_axis',(0.,1.,0.));
#2018=DIRECTION('ref_axis',(1.,0.,0.));
#2019=DIRECTION('',(0.,1.,0.));
#2020=DIRECTION('center_axis',(0.,0.,-1.));
#2021=DIRECTION('ref_axis',(-1.,0.,0.));
#2022=DIRECTION('',(0.,1.,0.));
#2023=DIRECTION('',(-1.,0.,0.));
#2024=DIRECTION('center_axis',(0.,-1.,0.));
#2025=DIRECTION('ref_axis',(0.,0.,-1.));
#2026=DIRECTION('',(0.,0.,1.));
#2027=DIRECTION('',(0.,0.,-1.));
#2028=DIRECTION('',(-0.707106781186548,0.,0.707106781186548));
#2029=DIRECTION('center_axis',(-1.,0.,0.));
#2030=DIRECTION('ref_axis',(0.,0.,1.));
#2031=DIRECTION('',(0.,1.,0.));
#2032=DIRECTION('',(0.,0.,-1.));
#2033=DIRECTION('',(0.,1.,0.));
#2034=DIRECTION('center_axis',(0.,0.,1.));
#2035=DIRECTION('ref_axis',(1.,0.,0.));
#2036=DIRECTION('',(0.,-1.,0.));
#2037=DIRECTION('',(1.,0.,0.));
#2038=DIRECTION('',(0.,1.,0.));
#2039=DIRECTION('center_axis',(0.,1.,0.));
#2040=DIRECTION('ref_axis',(-1.,0.,0.));
#2041=DIRECTION('center_axis',(0.,-1.,0.));
#2042=DIRECTION('ref_axis',(-1.,0.,0.));
#2043=DIRECTION('',(0.,-1.,0.));
#2044=DIRECTION('center_axis',(0.,1.,0.));
#2045=DIRECTION('ref_axis',(1.,0.,0.));
#2046=DIRECTION('center_axis',(0.,1.,0.));
#2047=DIRECTION('ref_axis',(1.,0.,0.));
#2048=DIRECTION('',(0.,1.,0.));
#2049=DIRECTION('center_axis',(0.,0.,1.));
#2050=DIRECTION('ref_axis',(1.,0.,0.));
#2051=DIRECTION('',(1.,0.,0.));
#2052=DIRECTION('',(0.,1.,0.));
#2053=DIRECTION('center_axis',(0.,0.,-1.));
#2054=DIRECTION('ref_axis',(-1.,0.,0.));
#2055=DIRECTION('',(0.,1.,0.));
#2056=DIRECTION('',(-1.,0.,0.));
#2057=DIRECTION('',(0.,1.,0.));
#2058=DIRECTION('center_axis',(0.,1.,0.));
#2059=DIRECTION('ref_axis',(1.,0.,0.));
#2060=DIRECTION('center_axis',(0.,1.,0.));
#2061=DIRECTION('ref_axis',(1.,0.,0.));
#2062=DIRECTION('',(0.,1.,0.));
#2063=DIRECTION('center_axis',(0.,0.,-1.));
#2064=DIRECTION('ref_axis',(-1.,0.,0.));
#2065=DIRECTION('',(0.,1.,0.));
#2066=DIRECTION('',(-1.,0.,0.));
#2067=DIRECTION('center_axis',(0.,-1.,0.));
#2068=DIRECTION('ref_axis',(0.,0.,-1.));
#2069=DIRECTION('',(0.,0.,1.));
#2070=DIRECTION('',(-0.707106781186548,0.,0.707106781186548));
#2071=DIRECTION('center_axis',(-1.,0.,0.));
#2072=DIRECTION('ref_axis',(0.,0.,1.));
#2073=DIRECTION('',(0.,1.,0.));
#2074=DIRECTION('',(0.,1.,0.));
#2075=DIRECTION('center_axis',(1.,0.,0.));
#2076=DIRECTION('ref_axis',(0.,0.,-1.));
#2077=DIRECTION('',(0.,-1.,0.));
#2078=DIRECTION('',(0.,-1.,0.));
#2079=DIRECTION('',(0.,-1.,0.));
#2080=DIRECTION('center_axis',(0.707106781186548,0.,0.707106781186548));
#2081=DIRECTION('ref_axis',(0.707106781186548,0.,-0.707106781186548));
#2082=DIRECTION('',(0.,1.,0.));
#2083=DIRECTION('center_axis',(-0.195090322016128,0.,-0.98078528040323));
#2084=DIRECTION('ref_axis',(-0.98078528040323,0.,0.195090322016128));
#2085=DIRECTION('',(0.,-1.,0.));
#2086=DIRECTION('',(0.,1.,0.));
#2087=DIRECTION('center_axis',(0.382683432365089,0.,-0.923879532511287));
#2088=DIRECTION('ref_axis',(-0.923879532511287,0.,-0.382683432365089));
#2089=DIRECTION('',(0.,-1.,0.));
#2090=DIRECTION('center_axis',(0.707106781186548,0.,-0.707106781186548));
#2091=DIRECTION('ref_axis',(-0.707106781186548,0.,-0.707106781186548));
#2092=DIRECTION('center_axis',(-0.195090322016128,0.,0.980785280403231));
#2093=DIRECTION('ref_axis',(0.98078528040323,0.,0.195090322016128));
#2094=DIRECTION('',(0.,1.,0.));
#2095=DIRECTION('',(0.,-1.,0.));
#2096=DIRECTION('center_axis',(0.382683432365089,0.,0.923879532511287));
#2097=DIRECTION('ref_axis',(0.923879532511287,0.,-0.382683432365089));
#2098=DIRECTION('center_axis',(-0.707106781186548,0.,-0.707106781186548));
#2099=DIRECTION('ref_axis',(-0.707106781186548,0.,0.707106781186548));
#2100=DIRECTION('center_axis',(-0.707106781186548,0.,0.707106781186548));
#2101=DIRECTION('ref_axis',(0.707106781186548,0.,0.707106781186548));
#2102=DIRECTION('center_axis',(-0.195090322016128,0.,-0.98078528040323));
#2103=DIRECTION('ref_axis',(-0.98078528040323,0.,0.195090322016128));
#2104=DIRECTION('',(0.,1.,0.));
#2105=DIRECTION('',(0.,1.,0.));
#2106=DIRECTION('center_axis',(0.382683432365089,0.,-0.923879532511287));
#2107=DIRECTION('ref_axis',(-0.923879532511287,0.,-0.382683432365089));
#2108=DIRECTION('',(0.,1.,0.));
#2109=DIRECTION('center_axis',(0.707106781186548,0.,-0.707106781186548));
#2110=DIRECTION('ref_axis',(-0.707106781186548,0.,-0.707106781186548));
#2111=DIRECTION('',(0.,-1.,0.));
#2112=DIRECTION('center_axis',(-0.195090322016128,0.,0.980785280403231));
#2113=DIRECTION('ref_axis',(0.98078528040323,0.,0.195090322016128));
#2114=DIRECTION('',(0.,1.,0.));
#2115=DIRECTION('',(0.,1.,0.));
#2116=DIRECTION('center_axis',(0.382683432365089,0.,0.923879532511287));
#2117=DIRECTION('ref_axis',(0.923879532511287,0.,-0.382683432365089));
#2118=DIRECTION('',(0.,1.,0.));
#2119=DIRECTION('center_axis',(-0.707106781186548,0.,-0.707106781186548));
#2120=DIRECTION('ref_axis',(-0.707106781186548,0.,0.707106781186548));
#2121=DIRECTION('',(0.,1.,0.));
#2122=DIRECTION('center_axis',(-1.,0.,0.));
#2123=DIRECTION('ref_axis',(0.,0.,1.));
#2124=DIRECTION('',(0.,-1.,0.));
#2125=DIRECTION('center_axis',(-0.707106781186548,0.,0.707106781186548));
#2126=DIRECTION('ref_axis',(0.707106781186548,0.,0.707106781186548));
#2127=DIRECTION('center_axis',(1.,0.,0.));
#2128=DIRECTION('ref_axis',(0.,0.,-1.));
#2129=DIRECTION('',(0.,1.,0.));
#2130=DIRECTION('center_axis',(0.707106781186548,0.,0.707106781186548));
#2131=DIRECTION('ref_axis',(0.707106781186548,0.,-0.707106781186548));
#2132=CARTESIAN_POINT('',(0.,0.,0.));
#2133=CARTESIAN_POINT('Origin',(0.,400.,0.));
#2134=CARTESIAN_POINT('',(25.3815581306147,400.,51.5190114167993));
#2135=CARTESIAN_POINT('',(-72.1801027291142,400.,32.1127904896993));
#2136=CARTESIAN_POINT('',(-16.1454901622605,400.,43.2587679305741));
#2137=CARTESIAN_POINT('',(-99.5,400.,4.79289321881346));
#2138=CARTESIAN_POINT('',(-58.3964466094067,400.,45.8964466094067));
#2139=CARTESIAN_POINT('',(-19.4172133580762,400.,4.79289321881346));
#2140=CARTESIAN_POINT('',(-19.4172133580762,400.,4.79289321881346));
#2141=CARTESIAN_POINT('',(19.3649167310371,400.,5.));
#2142=CARTESIAN_POINT('Origin',(0.,400.,0.));
#2143=CARTESIAN_POINT('',(99.2928932188134,400.,5.));
#2144=CARTESIAN_POINT('',(100.,400.,5.));
#2145=CARTESIAN_POINT('',(72.1431796225175,400.,32.1497135962959));
#2146=CARTESIAN_POINT('',(58.3964466094067,400.,45.8964466094067));
#2147=CARTESIAN_POINT('',(21.4768130077625,400.,53.1364098042948));
#2148=CARTESIAN_POINT('Origin',(0.,400.,0.));
#2149=CARTESIAN_POINT('',(-72.1801027291142,400.,-32.1127904896993));
#2150=CARTESIAN_POINT('',(25.3815581306147,400.,-51.5190114167993));
#2151=CARTESIAN_POINT('',(-16.1454901622605,400.,-43.2587679305741));
#2152=CARTESIAN_POINT('',(72.1431796225175,400.,-32.1497135962959));
#2153=CARTESIAN_POINT('',(21.4768130077625,400.,-53.1364098042948));
#2154=CARTESIAN_POINT('',(99.5,400.,-4.79289321881346));
#2155=CARTESIAN_POINT('',(58.3964466094067,400.,-45.8964466094067));
#2156=CARTESIAN_POINT('',(99.5,400.,-4.69848187388405));
#2157=CARTESIAN_POINT('',(99.5,400.,37.5));
#2158=CARTESIAN_POINT('',(19.4402743828574,400.,-4.69848187388405));
#2159=CARTESIAN_POINT('',(19.4402743828574,400.,-4.69848187388405));
#2160=CARTESIAN_POINT('',(-19.4172133580762,400.,-4.79289321881346));
#2161=CARTESIAN_POINT('Origin',(0.,400.,0.));
#2162=CARTESIAN_POINT('',(-99.5,400.,-4.79289321881346));
#2163=CARTESIAN_POINT('',(-99.5,400.,-4.79289321881346));
#2164=CARTESIAN_POINT('',(-58.3964466094067,400.,-45.8964466094067));
#2165=CARTESIAN_POINT('Origin',(0.,410.,0.));
#2166=CARTESIAN_POINT('',(100.,410.,5.));
#2167=CARTESIAN_POINT('',(100.,410.,-5.));
#2168=CARTESIAN_POINT('',(100.,410.,5.));
#2169=CARTESIAN_POINT('',(72.4264068711928,410.,-32.5735931288072));
#2170=CARTESIAN_POINT('',(100.,410.,-5.));
#2171=CARTESIAN_POINT('',(25.4327719506772,410.,-52.0389940580946));
#2172=CARTESIAN_POINT('',(72.4264068711928,410.,-32.5735931288072));
#2173=CARTESIAN_POINT('',(-72.4264068711928,410.,-32.5735931288071));
#2174=CARTESIAN_POINT('',(25.4327719506772,410.,-52.0389940580946));
#2175=CARTESIAN_POINT('',(-100.,410.,-5.));
#2176=CARTESIAN_POINT('',(-72.4264068711929,410.,-32.5735931288071));
#2177=CARTESIAN_POINT('',(-100.,410.,5.));
#2178=CARTESIAN_POINT('',(-100.,410.,-5.));
#2179=CARTESIAN_POINT('',(-72.4264068711928,410.,32.5735931288071));
#2180=CARTESIAN_POINT('',(-100.,410.,5.));
#2181=CARTESIAN_POINT('',(25.4327719506772,410.,52.0389940580946));
#2182=CARTESIAN_POINT('',(-72.4264068711929,410.,32.5735931288071));
#2183=CARTESIAN_POINT('',(72.4264068711928,410.,32.5735931288072));
#2184=CARTESIAN_POINT('',(25.4327719506772,410.,52.0389940580946));
#2185=CARTESIAN_POINT('',(72.4264068711928,410.,32.5735931288072));
#2186=CARTESIAN_POINT('',(12.5,410.,-1.11022302462516E-15));
#2187=CARTESIAN_POINT('Origin',(0.,410.,0.));
#2188=CARTESIAN_POINT('Origin',(-60.,3.,45.));
#2189=CARTESIAN_POINT('',(-65.0940505,-10.,45.));
#2190=CARTESIAN_POINT('Origin',(-60.,-10.,45.));
#2191=CARTESIAN_POINT('',(-65.0940505,0.,45.));
#2192=CARTESIAN_POINT('',(-65.0940505,3.,45.));
#2193=CARTESIAN_POINT('Origin',(-60.,0.,45.));
#2194=CARTESIAN_POINT('Origin',(60.,3.,45.));
#2195=CARTESIAN_POINT('',(54.9059495,-10.,45.));
#2196=CARTESIAN_POINT('Origin',(60.,-10.,45.));
#2197=CARTESIAN_POINT('',(54.9059495,0.,45.));
#2198=CARTESIAN_POINT('',(54.9059495,3.,45.));
#2199=CARTESIAN_POINT('Origin',(60.,0.,45.));
#2200=CARTESIAN_POINT('Origin',(60.,3.,-45.));
#2201=CARTESIAN_POINT('',(54.9059495,-10.,-45.));
#2202=CARTESIAN_POINT('Origin',(60.,-10.,-45.));
#2203=CARTESIAN_POINT('',(54.9059495,0.,-45.));
#2204=CARTESIAN_POINT('',(54.9059495,3.,-45.));
#2205=CARTESIAN_POINT('Origin',(60.,0.,-45.));
#2206=CARTESIAN_POINT('Origin',(-60.,3.,-45.));
#2207=CARTESIAN_POINT('',(-65.0940505,-10.,-45.));
#2208=CARTESIAN_POINT('Origin',(-60.,-10.,-45.));
#2209=CARTESIAN_POINT('',(-65.0940505,0.,-45.));
#2210=CARTESIAN_POINT('',(-65.0940505,3.,-45.));
#2211=CARTESIAN_POINT('Origin',(-60.,0.,-45.));
#2212=CARTESIAN_POINT('Origin',(0.,0.,0.));
#2213=CARTESIAN_POINT('',(-72.1801027291142,0.,32.1127904896993));
#2214=CARTESIAN_POINT('',(25.3815581306147,0.,51.5190114167993));
#2215=CARTESIAN_POINT('',(-16.1454901622605,0.,43.2587679305741));
#2216=CARTESIAN_POINT('',(72.1431796225175,0.,32.1497135962959));
#2217=CARTESIAN_POINT('',(21.4768130077625,0.,53.1364098042948));
#2218=CARTESIAN_POINT('',(99.2928932188134,0.,5.));
#2219=CARTESIAN_POINT('',(58.3964466094067,0.,45.8964466094067));
#2220=CARTESIAN_POINT('',(19.3649167310371,0.,5.));
#2221=CARTESIAN_POINT('',(100.,0.,5.));
#2222=CARTESIAN_POINT('',(-19.4172133580762,0.,4.79289321881346));
#2223=CARTESIAN_POINT('Origin',(0.,0.,0.));
#2224=CARTESIAN_POINT('',(-99.5,0.,4.79289321881346));
#2225=CARTESIAN_POINT('',(-19.4172133580762,0.,4.79289321881346));
#2226=CARTESIAN_POINT('',(-58.3964466094067,0.,45.8964466094067));
#2227=CARTESIAN_POINT('Origin',(0.,0.,0.));
#2228=CARTESIAN_POINT('',(25.3815581306147,0.,-51.5190114167993));
#2229=CARTESIAN_POINT('',(-72.1801027291142,0.,-32.1127904896993));
#2230=CARTESIAN_POINT('',(-16.1454901622605,0.,-43.2587679305741));
#2231=CARTESIAN_POINT('',(-99.5,0.,-4.79289321881346));
#2232=CARTESIAN_POINT('',(-58.3964466094067,0.,-45.8964466094067));
#2233=CARTESIAN_POINT('',(-19.4172133580762,0.,-4.79289321881346));
#2234=CARTESIAN_POINT('',(-99.5,0.,-4.79289321881346));
#2235=CARTESIAN_POINT('',(19.4402743828574,0.,-4.69848187388405));
#2236=CARTESIAN_POINT('Origin',(0.,0.,0.));
#2237=CARTESIAN_POINT('',(99.5,0.,-4.69848187388405));
#2238=CARTESIAN_POINT('',(19.4402743828574,0.,-4.69848187388405));
#2239=CARTESIAN_POINT('',(99.5,0.,-4.79289321881346));
#2240=CARTESIAN_POINT('',(99.5,0.,37.5));
#2241=CARTESIAN_POINT('',(72.1431796225175,0.,-32.1497135962959));
#2242=CARTESIAN_POINT('',(58.3964466094067,0.,-45.8964466094067));
#2243=CARTESIAN_POINT('',(21.4768130077625,0.,-53.1364098042948));
#2244=CARTESIAN_POINT('Origin',(0.,0.,0.));
#2245=CARTESIAN_POINT('',(72.4264068711928,0.,32.5735931288072));
#2246=CARTESIAN_POINT('',(100.,0.,5.));
#2247=CARTESIAN_POINT('',(58.75,0.,46.25));
#2248=CARTESIAN_POINT('',(25.4327719506772,0.,52.0389940580946));
#2249=CARTESIAN_POINT('',(21.6681547239451,0.,53.5983495705505));
#2250=CARTESIAN_POINT('',(-72.4264068711929,0.,32.5735931288071));
#2251=CARTESIAN_POINT('',(-16.2430353232686,0.,43.7491605707757));
#2252=CARTESIAN_POINT('',(-100.,0.,5.));
#2253=CARTESIAN_POINT('',(-58.75,0.,46.25));
#2254=CARTESIAN_POINT('',(-100.,0.,75.));
#2255=CARTESIAN_POINT('',(-100.,0.,-75.));
#2256=CARTESIAN_POINT('',(100.,0.,75.));
#2257=CARTESIAN_POINT('',(-100.,0.,75.));
#2258=CARTESIAN_POINT('',(100.,0.,75.));
#2259=CARTESIAN_POINT('Origin',(-100.,0.,-75.));
#2260=CARTESIAN_POINT('',(100.,0.,-75.));
#2261=CARTESIAN_POINT('',(-100.,0.,-75.));
#2262=CARTESIAN_POINT('',(100.,0.,-75.));
#2263=CARTESIAN_POINT('',(100.,-10.,-75.));
#2264=CARTESIAN_POINT('',(100.,0.,-75.));
#2265=CARTESIAN_POINT('',(-100.,-10.,-75.));
#2266=CARTESIAN_POINT('',(100.,-10.,-75.));
#2267=CARTESIAN_POINT('',(-100.,0.,-75.));
#2268=CARTESIAN_POINT('Origin',(100.,0.,75.));
#2269=CARTESIAN_POINT('',(-100.,-10.,75.));
#2270=CARTESIAN_POINT('',(-100.,0.,75.));
#2271=CARTESIAN_POINT('',(100.,-10.,75.));
#2272=CARTESIAN_POINT('',(-100.,-10.,75.));
#2273=CARTESIAN_POINT('',(100.,0.,75.));
#2274=CARTESIAN_POINT('Origin',(0.,0.,0.));
#2275=CARTESIAN_POINT('',(100.,0.,-5.));
#2276=CARTESIAN_POINT('',(72.4264068711928,0.,-32.5735931288072));
#2277=CARTESIAN_POINT('',(58.75,0.,-46.25));
#2278=CARTESIAN_POINT('',(100.,0.,75.));
#2279=CARTESIAN_POINT('',(-100.,0.,-5.));
#2280=CARTESIAN_POINT('',(-100.,0.,-75.));
#2281=CARTESIAN_POINT('',(-72.4264068711929,0.,-32.5735931288071));
#2282=CARTESIAN_POINT('',(-58.75,0.,-46.25));
#2283=CARTESIAN_POINT('',(25.4327719506772,0.,-52.0389940580946));
#2284=CARTESIAN_POINT('',(-16.2430353232686,0.,-43.7491605707757));
#2285=CARTESIAN_POINT('',(21.6681547239451,0.,-53.5983495705505));
#2286=CARTESIAN_POINT('Origin',(0.,-10.,0.));
#2287=CARTESIAN_POINT('',(100.,-10.,75.));
#2288=CARTESIAN_POINT('',(-100.,-10.,-75.));
#2289=CARTESIAN_POINT('',(12.5,-10.,-1.53080849893419E-15));
#2290=CARTESIAN_POINT('Origin',(0.,-10.,0.));
#2291=CARTESIAN_POINT('Origin',(0.,290.,0.));
#2292=CARTESIAN_POINT('',(12.5,310.,0.));
#2293=CARTESIAN_POINT('Origin',(0.,310.,0.));
#2294=CARTESIAN_POINT('',(12.5,290.,1.53080849893419E-15));
#2295=CARTESIAN_POINT('',(12.5,290.,-1.53080849893419E-15));
#2296=CARTESIAN_POINT('Origin',(0.,290.,0.));
#2297=CARTESIAN_POINT('Origin',(-4.852,290.,19.402528082701));
#2298=CARTESIAN_POINT('',(-4.852,290.,45.5051827947282));
#2299=CARTESIAN_POINT('',(-4.852,290.,19.402528082701));
#2300=CARTESIAN_POINT('',(-4.852,290.,45.5051827947282));
#2301=CARTESIAN_POINT('',(-4.852,310.,45.5051827947282));
#2302=CARTESIAN_POINT('',(-4.852,145.,45.5051827947282));
#2303=CARTESIAN_POINT('',(-4.852,310.,19.402528082701));
#2304=CARTESIAN_POINT('',(-4.852,310.,45.5051827947282));
#2305=CARTESIAN_POINT('',(-4.852,290.,19.402528082701));
#2306=CARTESIAN_POINT('Origin',(0.,290.,0.));
#2307=CARTESIAN_POINT('',(-4.852,290.,-19.402528082701));
#2308=CARTESIAN_POINT('Origin',(0.,290.,0.));
#2309=CARTESIAN_POINT('',(-4.852,310.,-19.402528082701));
#2310=CARTESIAN_POINT('Origin',(0.,310.,0.));
#2311=CARTESIAN_POINT('',(-4.852,290.,-19.402528082701));
#2312=CARTESIAN_POINT('Origin',(-4.852,290.,-45.5051827947282));
#2313=CARTESIAN_POINT('',(-4.852,290.,-45.5051827947282));
#2314=CARTESIAN_POINT('',(-4.852,290.,-16.8139256570261));
#2315=CARTESIAN_POINT('',(-4.852,310.,-45.5051827947282));
#2316=CARTESIAN_POINT('',(-4.852,310.,-16.8139256570261));
#2317=CARTESIAN_POINT('',(-4.852,145.,-45.5051827947282));
#2318=CARTESIAN_POINT('Origin',(4.852,290.,-19.402528082701));
#2319=CARTESIAN_POINT('',(4.852,290.,-47.4354284077804));
#2320=CARTESIAN_POINT('',(4.85200000000001,290.,-19.402528082701));
#2321=CARTESIAN_POINT('',(4.852,290.,-47.4354284077804));
#2322=CARTESIAN_POINT('',(4.852,310.,-47.4354284077804));
#2323=CARTESIAN_POINT('',(4.852,145.,-47.4354284077804));
#2324=CARTESIAN_POINT('',(4.85200000000001,310.,-19.402528082701));
#2325=CARTESIAN_POINT('',(4.852,310.,-47.4354284077804));
#2326=CARTESIAN_POINT('',(4.85200000000001,290.,-19.402528082701));
#2327=CARTESIAN_POINT('Origin',(0.,290.,0.));
#2328=CARTESIAN_POINT('',(4.852,290.,19.402528082701));
#2329=CARTESIAN_POINT('Origin',(0.,290.,0.));
#2330=CARTESIAN_POINT('',(4.852,310.,19.402528082701));
#2331=CARTESIAN_POINT('Origin',(0.,310.,0.));
#2332=CARTESIAN_POINT('',(4.852,290.,19.402528082701));
#2333=CARTESIAN_POINT('Origin',(4.852,290.,47.4354284077804));
#2334=CARTESIAN_POINT('',(4.852,290.,47.4354284077804));
#2335=CARTESIAN_POINT('',(4.852,290.,16.8139256570261));
#2336=CARTESIAN_POINT('',(4.852,310.,47.4354284077804));
#2337=CARTESIAN_POINT('',(4.852,310.,16.8139256570261));
#2338=CARTESIAN_POINT('',(4.852,145.,47.4354284077804));
#2339=CARTESIAN_POINT('Origin',(0.,290.,8.88178419700125E-15));
#2340=CARTESIAN_POINT('',(-16.1454901622605,290.,43.2587679305741));
#2341=CARTESIAN_POINT('',(-16.1454901622605,290.,-43.2587679305741));
#2342=CARTESIAN_POINT('Origin',(0.,310.,8.88178419700125E-15));
#2343=CARTESIAN_POINT('',(-16.1454901622605,310.,43.2587679305741));
#2344=CARTESIAN_POINT('',(-16.1454901622605,310.,-43.2587679305741));
#2345=CARTESIAN_POINT('Origin',(0.,80.,0.));
#2346=CARTESIAN_POINT('',(12.5,100.,0.));
#2347=CARTESIAN_POINT('Origin',(0.,100.,0.));
#2348=CARTESIAN_POINT('',(12.5,80.,1.53080849893419E-15));
#2349=CARTESIAN_POINT('',(12.5,80.,-1.53080849893419E-15));
#2350=CARTESIAN_POINT('Origin',(0.,80.,0.));
#2351=CARTESIAN_POINT('Origin',(-4.852,80.,19.402528082701));
#2352=CARTESIAN_POINT('',(-4.852,80.,45.5051827947282));
#2353=CARTESIAN_POINT('',(-4.852,80.,19.402528082701));
#2354=CARTESIAN_POINT('',(-4.852,80.,45.5051827947282));
#2355=CARTESIAN_POINT('',(-4.852,100.,45.5051827947282));
#2356=CARTESIAN_POINT('',(-4.852,40.,45.5051827947282));
#2357=CARTESIAN_POINT('',(-4.852,100.,19.402528082701));
#2358=CARTESIAN_POINT('',(-4.852,100.,45.5051827947282));
#2359=CARTESIAN_POINT('',(-4.852,80.,19.402528082701));
#2360=CARTESIAN_POINT('Origin',(0.,80.,0.));
#2361=CARTESIAN_POINT('',(-4.852,80.,-19.402528082701));
#2362=CARTESIAN_POINT('Origin',(0.,80.,0.));
#2363=CARTESIAN_POINT('',(-4.852,100.,-19.402528082701));
#2364=CARTESIAN_POINT('Origin',(0.,100.,0.));
#2365=CARTESIAN_POINT('',(-4.852,80.,-19.402528082701));
#2366=CARTESIAN_POINT('Origin',(-4.852,80.,-45.5051827947282));
#2367=CARTESIAN_POINT('',(-4.852,80.,-45.5051827947282));
#2368=CARTESIAN_POINT('',(-4.852,80.,-16.8139256570261));
#2369=CARTESIAN_POINT('',(-4.852,100.,-45.5051827947282));
#2370=CARTESIAN_POINT('',(-4.852,100.,-16.8139256570261));
#2371=CARTESIAN_POINT('',(-4.852,40.,-45.5051827947282));
#2372=CARTESIAN_POINT('Origin',(4.852,80.,-19.402528082701));
#2373=CARTESIAN_POINT('',(4.852,80.,-47.4354284077804));
#2374=CARTESIAN_POINT('',(4.85200000000001,80.,-19.402528082701));
#2375=CARTESIAN_POINT('',(4.852,80.,-47.4354284077804));
#2376=CARTESIAN_POINT('',(4.852,100.,-47.4354284077804));
#2377=CARTESIAN_POINT('',(4.852,40.,-47.4354284077804));
#2378=CARTESIAN_POINT('',(4.85200000000001,100.,-19.402528082701));
#2379=CARTESIAN_POINT('',(4.852,100.,-47.4354284077804));
#2380=CARTESIAN_POINT('',(4.85200000000001,80.,-19.402528082701));
#2381=CARTESIAN_POINT('Origin',(0.,80.,0.));
#2382=CARTESIAN_POINT('',(4.852,80.,19.402528082701));
#2383=CARTESIAN_POINT('Origin',(0.,80.,0.));
#2384=CARTESIAN_POINT('',(4.852,100.,19.402528082701));
#2385=CARTESIAN_POINT('Origin',(0.,100.,0.));
#2386=CARTESIAN_POINT('',(4.852,80.,19.402528082701));
#2387=CARTESIAN_POINT('Origin',(4.852,80.,47.4354284077804));
#2388=CARTESIAN_POINT('',(4.852,80.,47.4354284077804));
#2389=CARTESIAN_POINT('',(4.852,80.,16.8139256570261));
#2390=CARTESIAN_POINT('',(4.852,100.,47.4354284077804));
#2391=CARTESIAN_POINT('',(4.852,100.,16.8139256570261));
#2392=CARTESIAN_POINT('',(4.852,40.,47.4354284077804));
#2393=CARTESIAN_POINT('Origin',(0.,80.,8.88178419700125E-15));
#2394=CARTESIAN_POINT('',(-16.1454901622605,80.,43.2587679305741));
#2395=CARTESIAN_POINT('',(-16.1454901622605,80.,-43.2587679305741));
#2396=CARTESIAN_POINT('Origin',(0.,100.,8.88178419700125E-15));
#2397=CARTESIAN_POINT('',(-16.1454901622605,100.,43.2587679305741));
#2398=CARTESIAN_POINT('',(-16.1454901622605,100.,-43.2587679305741));
#2399=CARTESIAN_POINT('Origin',(100.,380.,-4.69848187388405));
#2400=CARTESIAN_POINT('',(99.5,380.,-4.69848187388405));
#2401=CARTESIAN_POINT('',(99.5,190.,-4.69848187388405));
#2402=CARTESIAN_POINT('',(19.4402743828574,380.,-4.69848187388405));
#2403=CARTESIAN_POINT('',(19.4402743828574,380.,-4.69848187388405));
#2404=CARTESIAN_POINT('',(19.4402743828574,380.,-4.69848187388405));
#2405=CARTESIAN_POINT('Origin',(0.250000000000004,380.,0.));
#2406=CARTESIAN_POINT('',(99.5,380.,4.79289321881346));
#2407=CARTESIAN_POINT('',(99.5,380.,37.5));
#2408=CARTESIAN_POINT('',(99.2928932188134,380.,5.));
#2409=CARTESIAN_POINT('',(58.4589466094067,380.,45.8339466094067));
#2410=CARTESIAN_POINT('',(19.3649167310371,380.,5.));
#2411=CARTESIAN_POINT('',(100.,380.,5.));
#2412=CARTESIAN_POINT('',(-19.4172133580762,380.,4.79289321881346));
#2413=CARTESIAN_POINT('Origin',(0.,380.,0.));
#2414=CARTESIAN_POINT('',(-99.5,380.,4.79289321881346));
#2415=CARTESIAN_POINT('',(-19.4172133580762,380.,4.79289321881346));
#2416=CARTESIAN_POINT('',(-99.5,380.,-4.79289321881346));
#2417=CARTESIAN_POINT('',(-99.5,380.,-37.5));
#2418=CARTESIAN_POINT('',(-19.4172133580762,380.,-4.79289321881346));
#2419=CARTESIAN_POINT('',(-99.5,380.,-4.79289321881346));
#2420=CARTESIAN_POINT('Origin',(0.,380.,0.));
#2421=CARTESIAN_POINT('',(12.5,380.,1.53080849893419E-15));
#2422=CARTESIAN_POINT('Origin',(0.,380.,0.));
#2423=CARTESIAN_POINT('Origin',(19.3649167310371,380.,5.));
#2424=CARTESIAN_POINT('',(99.2928932188134,190.,5.));
#2425=CARTESIAN_POINT('',(19.3649167310371,380.,5.));
#2426=CARTESIAN_POINT('Origin',(0.,380.,0.));
#2427=CARTESIAN_POINT('',(12.5,380.,-1.53080849893419E-15));
#2428=CARTESIAN_POINT('Origin',(0.,380.,0.));
#2429=CARTESIAN_POINT('',(-19.4172133580762,380.,4.79289321881346));
#2430=CARTESIAN_POINT('Origin',(-99.5,380.,4.79289321881346));
#2431=CARTESIAN_POINT('',(-99.5,0.,4.79289321881347));
#2432=CARTESIAN_POINT('Origin',(-19.4172133580762,380.,-4.79289321881346));
#2433=CARTESIAN_POINT('',(-99.5,0.,-4.79289321881347));
#2434=CARTESIAN_POINT('',(-19.4172133580762,380.,-4.79289321881346));
#2435=CARTESIAN_POINT('Origin',(0.,380.,0.));
#2436=CARTESIAN_POINT('Origin',(0.250000000000004,190.,0.));
#2437=CARTESIAN_POINT('',(99.5,190.,4.79289321881346));
#2438=CARTESIAN_POINT('',(99.5,190.,-4.69848187388405));
#2439=CARTESIAN_POINT('',(99.5,190.,37.5));
#2440=CARTESIAN_POINT('',(99.2928932188134,190.,5.));
#2441=CARTESIAN_POINT('',(58.4589466094067,190.,45.8339466094067));
#2442=CARTESIAN_POINT('',(19.3649167310371,190.,5.));
#2443=CARTESIAN_POINT('',(100.,190.,5.));
#2444=CARTESIAN_POINT('',(-19.4172133580762,190.,4.79289321881346));
#2445=CARTESIAN_POINT('Origin',(0.,190.,0.));
#2446=CARTESIAN_POINT('',(-99.5,190.,4.79289321881346));
#2447=CARTESIAN_POINT('',(-19.4172133580762,190.,4.79289321881346));
#2448=CARTESIAN_POINT('',(-99.5,190.,-4.79289321881346));
#2449=CARTESIAN_POINT('',(-99.5,190.,-37.5));
#2450=CARTESIAN_POINT('',(-19.4172133580762,190.,-4.79289321881346));
#2451=CARTESIAN_POINT('',(-99.5,190.,-4.79289321881346));
#2452=CARTESIAN_POINT('',(19.4402743828574,190.,-4.69848187388405));
#2453=CARTESIAN_POINT('Origin',(0.,190.,0.));
#2454=CARTESIAN_POINT('',(19.4402743828574,190.,-4.69848187388405));
#2455=CARTESIAN_POINT('',(12.5,190.,1.53080849893419E-15));
#2456=CARTESIAN_POINT('Origin',(0.,190.,0.));
#2457=CARTESIAN_POINT('Origin',(19.3649167310371,190.,5.));
#2458=CARTESIAN_POINT('',(99.2928932188134,210.,5.));
#2459=CARTESIAN_POINT('',(99.2928932188134,95.,5.));
#2460=CARTESIAN_POINT('',(19.3649167310371,210.,5.));
#2461=CARTESIAN_POINT('',(100.,210.,5.));
#2462=CARTESIAN_POINT('',(19.3649167310371,190.,5.));
#2463=CARTESIAN_POINT('Origin',(0.,190.,0.));
#2464=CARTESIAN_POINT('',(12.5,210.,1.66533453693773E-15));
#2465=CARTESIAN_POINT('Origin',(0.,210.,0.));
#2466=CARTESIAN_POINT('',(12.5,190.,-1.53080849893419E-15));
#2467=CARTESIAN_POINT('Origin',(0.,190.,0.));
#2468=CARTESIAN_POINT('',(-19.4172133580762,210.,4.79289321881346));
#2469=CARTESIAN_POINT('Origin',(0.,210.,0.));
#2470=CARTESIAN_POINT('',(-19.4172133580762,190.,4.79289321881346));
#2471=CARTESIAN_POINT('Origin',(-99.5,190.,4.79289321881346));
#2472=CARTESIAN_POINT('',(-99.5,210.,4.79289321881346));
#2473=CARTESIAN_POINT('',(-19.4172133580762,210.,4.79289321881346));
#2474=CARTESIAN_POINT('',(-99.5,0.,4.79289321881347));
#2475=CARTESIAN_POINT('Origin',(-19.4172133580762,190.,-4.79289321881346));
#2476=CARTESIAN_POINT('',(-99.5,210.,-4.79289321881346));
#2477=CARTESIAN_POINT('',(-99.5,0.,-4.79289321881347));
#2478=CARTESIAN_POINT('',(-19.4172133580762,210.,-4.79289321881346));
#2479=CARTESIAN_POINT('',(-99.5,210.,-4.79289321881346));
#2480=CARTESIAN_POINT('',(-19.4172133580762,190.,-4.79289321881346));
#2481=CARTESIAN_POINT('Origin',(0.,190.,0.));
#2482=CARTESIAN_POINT('',(19.4402743828574,210.,-4.69848187388405));
#2483=CARTESIAN_POINT('Origin',(0.,210.,0.));
#2484=CARTESIAN_POINT('',(19.4402743828574,190.,-4.69848187388405));
#2485=CARTESIAN_POINT('Origin',(100.,190.,-4.69848187388405));
#2486=CARTESIAN_POINT('',(99.5,210.,-4.69848187388405));
#2487=CARTESIAN_POINT('',(99.5,95.,-4.69848187388405));
#2488=CARTESIAN_POINT('',(19.4402743828574,210.,-4.69848187388405));
#2489=CARTESIAN_POINT('Origin',(0.250000000000004,210.,0.));
#2490=CARTESIAN_POINT('',(99.5,210.,4.79289321881346));
#2491=CARTESIAN_POINT('',(99.5,210.,37.5));
#2492=CARTESIAN_POINT('',(-99.5,210.,-37.5));
#2493=CARTESIAN_POINT('',(58.4589466094067,210.,45.8339466094067));
#2494=CARTESIAN_POINT('Origin',(-99.5,0.,-75.));
#2495=CARTESIAN_POINT('',(-99.5,20.,4.79289321881346));
#2496=CARTESIAN_POINT('',(-99.5,0.,4.79289321881347));
#2497=CARTESIAN_POINT('',(-99.5,20.,-4.79289321881346));
#2498=CARTESIAN_POINT('',(-99.5,20.,-37.5));
#2499=CARTESIAN_POINT('',(-99.5,0.,-4.79289321881347));
#2500=CARTESIAN_POINT('Origin',(19.3649167310371,0.,5.));
#2501=CARTESIAN_POINT('',(99.2928932188134,20.,5.));
#2502=CARTESIAN_POINT('',(99.2928932188134,0.,5.));
#2503=CARTESIAN_POINT('',(19.3649167310371,20.,5.));
#2504=CARTESIAN_POINT('',(100.,20.,5.));
#2505=CARTESIAN_POINT('',(19.3649167310371,0.,5.));
#2506=CARTESIAN_POINT('Origin',(0.,0.,0.));
#2507=CARTESIAN_POINT('',(12.5,20.,1.66533453693773E-15));
#2508=CARTESIAN_POINT('Origin',(0.,20.,0.));
#2509=CARTESIAN_POINT('',(12.5,0.,-1.53080849893419E-15));
#2510=CARTESIAN_POINT('Origin',(0.,0.,0.));
#2511=CARTESIAN_POINT('',(-19.4172133580762,20.,4.79289321881346));
#2512=CARTESIAN_POINT('Origin',(0.,20.,0.));
#2513=CARTESIAN_POINT('',(-19.4172133580762,0.,4.79289321881346));
#2514=CARTESIAN_POINT('Origin',(-99.5,0.,4.79289321881346));
#2515=CARTESIAN_POINT('',(-19.4172133580762,20.,4.79289321881346));
#2516=CARTESIAN_POINT('',(-99.5,0.,4.79289321881347));
#2517=CARTESIAN_POINT('Origin',(-19.4172133580762,0.,-4.79289321881346));
#2518=CARTESIAN_POINT('',(-99.5,0.,-4.79289321881347));
#2519=CARTESIAN_POINT('',(-19.4172133580762,20.,-4.79289321881346));
#2520=CARTESIAN_POINT('',(-99.5,20.,-4.79289321881346));
#2521=CARTESIAN_POINT('',(-19.4172133580762,0.,-4.79289321881346));
#2522=CARTESIAN_POINT('Origin',(0.,0.,0.));
#2523=CARTESIAN_POINT('',(19.4402743828574,20.,-4.69848187388405));
#2524=CARTESIAN_POINT('Origin',(0.,20.,0.));
#2525=CARTESIAN_POINT('',(19.4402743828574,0.,-4.69848187388405));
#2526=CARTESIAN_POINT('Origin',(100.,0.,-4.69848187388405));
#2527=CARTESIAN_POINT('',(99.5,20.,-4.69848187388405));
#2528=CARTESIAN_POINT('',(99.5,0.,-4.69848187388405));
#2529=CARTESIAN_POINT('',(19.4402743828574,20.,-4.69848187388405));
#2530=CARTESIAN_POINT('Origin',(0.250000000000004,20.,0.));
#2531=CARTESIAN_POINT('',(99.5,20.,4.79289321881346));
#2532=CARTESIAN_POINT('',(99.5,20.,37.5));
#2533=CARTESIAN_POINT('',(58.4589466094067,20.,45.8339466094067));
#2534=CARTESIAN_POINT('Origin',(-99.5,0.,-75.));
#2535=CARTESIAN_POINT('',(-99.5,0.,4.79289321881347));
#2536=CARTESIAN_POINT('',(-99.5,0.,-4.79289321881347));
#2537=CARTESIAN_POINT('Origin',(99.5,0.,75.));
#2538=CARTESIAN_POINT('',(99.5,0.,-4.79289321881348));
#2539=CARTESIAN_POINT('',(99.5,0.,4.79289321881346));
#2540=CARTESIAN_POINT('',(99.5,0.,4.79289321881346));
#2541=CARTESIAN_POINT('Origin',(64.6464466094067,0.,39.6464466094067));
#2542=CARTESIAN_POINT('',(72.1431796225175,0.,32.1497135962959));
#2543=CARTESIAN_POINT('Origin',(-23.3992722992498,0.,-41.8159009532493));
#2544=CARTESIAN_POINT('',(25.3815581306147,0.,-51.5190114167993));
#2545=CARTESIAN_POINT('',(-72.1801027291142,0.,-32.1127904896993));
#2546=CARTESIAN_POINT('Origin',(21.0218617194139,0.,-53.3248567981479));
#2547=CARTESIAN_POINT('',(72.1431796225176,0.,-32.1497135962959));
#2548=CARTESIAN_POINT('Origin',(64.6464466094067,0.,-39.6464466094067));
#2549=CARTESIAN_POINT('Origin',(-23.3992722992497,0.,41.8159009532493));
#2550=CARTESIAN_POINT('',(25.3815581306147,0.,51.5190114167993));
#2551=CARTESIAN_POINT('',(-72.1801027291142,0.,32.1127904896993));
#2552=CARTESIAN_POINT('Origin',(21.0218617194139,0.,53.3248567981479));
#2553=CARTESIAN_POINT('Origin',(-64.6464466094067,0.,-39.6464466094067));
#2554=CARTESIAN_POINT('Origin',(-64.6464466094067,0.,39.6464466094067));
#2555=CARTESIAN_POINT('Origin',(-23.4968174602578,0.,-42.3062935934509));
#2556=CARTESIAN_POINT('',(-72.4264068711929,400.,-32.5735931288071));
#2557=CARTESIAN_POINT('',(25.4327719506772,400.,-52.0389940580946));
#2558=CARTESIAN_POINT('Origin',(21.2132034355964,0.,-53.7867965644036));
#2559=CARTESIAN_POINT('',(72.4264068711928,400.,-32.5735931288072));
#2560=CARTESIAN_POINT('Origin',(65.,0.,-40.));
#2561=CARTESIAN_POINT('',(100.,0.,-5.));
#2562=CARTESIAN_POINT('Origin',(-23.4968174602578,0.,42.3062935934509));
#2563=CARTESIAN_POINT('',(-72.4264068711929,400.,32.5735931288071));
#2564=CARTESIAN_POINT('',(25.4327719506772,0.,52.0389940580946));
#2565=CARTESIAN_POINT('Origin',(21.2132034355964,0.,53.7867965644036));
#2566=CARTESIAN_POINT('',(72.4264068711928,400.,32.5735931288072));
#2567=CARTESIAN_POINT('Origin',(-65.,0.,-40.));
#2568=CARTESIAN_POINT('',(-100.,0.,-5.));
#2569=CARTESIAN_POINT('Origin',(-100.,0.,-75.));
#2570=CARTESIAN_POINT('',(-100.,0.,5.));
#2571=CARTESIAN_POINT('Origin',(-65.,0.,40.));
#2572=CARTESIAN_POINT('Origin',(100.,0.,75.));
#2573=CARTESIAN_POINT('',(100.,0.,5.));
#2574=CARTESIAN_POINT('Origin',(65.,0.,40.));
#2575=UNCERTAINTY_MEASURE_WITH_UNIT(LENGTH_MEASURE(0.01),#2579,
'DISTANCE_ACCURACY_VALUE',
'Maximum model space distance between geometric entities at asserted c
onnectivities');
#2576=UNCERTAINTY_MEASURE_WITH_UNIT(LENGTH_MEASURE(0.01),#2579,
'DISTANCE_ACCURACY_VALUE',
'Maximum model space distance between geometric entities at asserted c
onnectivities');
#2577=(
GEOMETRIC_REPRESENTATION_CONTEXT(3)
GLOBAL_UNCERTAINTY_ASSIGNED_CONTEXT((#2575))
GLOBAL_UNIT_ASSIGNED_CONTEXT((#2579,#2581,#2582))
REPRESENTATION_CONTEXT('','3D')
);
#2578=(
GEOMETRIC_REPRESENTATION_CONTEXT(3)
GLOBAL_UNCERTAINTY_ASSIGNED_CONTEXT((#2576))
GLOBAL_UNIT_ASSIGNED_CONTEXT((#2579,#2581,#2582))
REPRESENTATION_CONTEXT('','3D')
);
#2579=(
LENGTH_UNIT()
NAMED_UNIT(*)
SI_UNIT(.MILLI.,.METRE.)
);
#2580=(
LENGTH_UNIT()
NAMED_UNIT(*)
SI_UNIT(.CENTI.,.METRE.)
);
#2581=(
NAMED_UNIT(*)
PLANE_ANGLE_UNIT()
SI_UNIT($,.RADIAN.)
);
#2582=(
NAMED_UNIT(*)
SI_UNIT($,.STERADIAN.)
SOLID_ANGLE_UNIT()
);
#2583=SHAPE_DEFINITION_REPRESENTATION(#2584,#2585);
#2584=PRODUCT_DEFINITION_SHAPE('',$,#2587);
#2585=SHAPE_REPRESENTATION('',(#1599),#2577);
#2586=PRODUCT_DEFINITION_CONTEXT('part definition',#2591,'design');
#2587=PRODUCT_DEFINITION('Schrauben_Strang','Schrauben_Strang',#2588,#2586);
#2588=PRODUCT_DEFINITION_FORMATION('',$,#2593);
#2589=PRODUCT_RELATED_PRODUCT_CATEGORY('Schrauben_Strang',
'Schrauben_Strang',(#2593));
#2590=APPLICATION_PROTOCOL_DEFINITION('international standard',
'automotive_design',2009,#2591);
#2591=APPLICATION_CONTEXT(
'Core Data for Automotive Mechanical Design Process');
#2592=PRODUCT_CONTEXT('part definition',#2591,'mechanical');
#2593=PRODUCT('Schrauben_Strang','Schrauben_Strang',$,(#2592));
#2594=PRESENTATION_STYLE_ASSIGNMENT((#2595));
#2595=SURFACE_STYLE_USAGE(.BOTH.,#2598);
#2596=SURFACE_STYLE_RENDERING_WITH_PROPERTIES($,#2602,(#2597));
#2597=SURFACE_STYLE_TRANSPARENT(0.);
#2598=SURFACE_SIDE_STYLE('',(#2599,#2596));
#2599=SURFACE_STYLE_FILL_AREA(#2600);
#2600=FILL_AREA_STYLE('',(#2601));
#2601=FILL_AREA_STYLE_COLOUR('',#2602);
#2602=COLOUR_RGB('',0.749019607843137,0.749019607843137,0.749019607843137);
ENDSEC;
END-ISO-10303-21;
