ISO-10303-21;
HEADER;
/* Generated by software containing ST-Developer
 * from STEP Tools, Inc. (www.steptools.com) 
 */

FILE_DESCRIPTION(
/* description */ (''),
/* implementation_level */ '2;1');

FILE_NAME(
/* name */ 'Frontabdeckung.stp',
/* time_stamp */ '2026-09-02T21:16:49+02:00',
/* author */ ('bluhm'),
/* organization */ (''),
/* preprocessor_version */ 'ST-DEVELOPER v20.1',
/* originating_system */ 'Autodesk Inventor 2026',
/* authorisation */ '');

FILE_SCHEMA (('AUTOMOTIVE_DESIGN { 1 0 10303 214 3 1 1 }'));
ENDSEC;

DATA;
#10=MECHANICAL_DESIGN_GEOMETRIC_PRESENTATION_REPRESENTATION('',(#1004,#1005,
#1006,#1007,#1008,#1009,#1010,#1011,#1012,#1013,#1014,#1015,#1016,#1017,
#1018,#1019,#1020,#1021,#1022,#1023,#1024,#1025,#1026,#1027,#1028,#1029,
#1030,#1031,#1032,#1033,#1034,#1035,#1036,#1037,#1038,#1039,#1040,#1041,
#1042,#1043,#1044,#1045,#1046,#1047,#1048,#1049,#1050,#1051,#1052,#1053,
#1054,#1055,#1056,#1057,#1058,#1059,#1060,#1061),#2689);
#11=SHAPE_REPRESENTATION_RELATIONSHIP('SRR','None',#2696,#12);
#12=ADVANCED_BREP_SHAPE_REPRESENTATION('',(#13),#2688);
#13=MANIFOLD_SOLID_BREP('Volumenk\X\F6rper1',#1119);
#14=(
BOUNDED_SURFACE()
B_SPLINE_SURFACE(2,2,((#2075,#2076,#2077),(#2078,#2079,#2080),(#2081,#2082,
#2083)),.UNSPECIFIED.,.F.,.F.,.F.)
B_SPLINE_SURFACE_WITH_KNOTS((3,3),(3,3),(-0.770586086037733,0.170645823526966),
(-5.12666364911071E-16,1.5707963267949),.UNSPECIFIED.)
GEOMETRIC_REPRESENTATION_ITEM()
RATIONAL_B_SPLINE_SURFACE(((1.,0.707106781186547,1.),(0.891289161608999,
0.630236610171796,0.891289161608999),(1.,0.707106781186547,1.)))
REPRESENTATION_ITEM('')
SURFACE()
);
#15=(
BOUNDED_SURFACE()
B_SPLINE_SURFACE(2,2,((#2360,#2361,#2362),(#2363,#2364,#2365),(#2366,#2367,
#2368)),.UNSPECIFIED.,.F.,.F.,.F.)
B_SPLINE_SURFACE_WITH_KNOTS((3,3),(3,3),(-0.789200728678587,0.138501551183325),
(-4.18130500528049E-12,1.5707963267991),.UNSPECIFIED.)
GEOMETRIC_REPRESENTATION_ITEM()
RATIONAL_B_SPLINE_SURFACE(((1.,0.707106781183584,1.),(0.894336150675724,
0.632391156800428,0.894336150675724),(1.,0.707106781183584,1.)))
REPRESENTATION_ITEM('')
SURFACE()
);
#16=(
BOUNDED_SURFACE()
B_SPLINE_SURFACE(2,2,((#2374,#2375,#2376),(#2377,#2378,#2379),(#2380,#2381,
#2382)),.UNSPECIFIED.,.F.,.F.,.F.)
B_SPLINE_SURFACE_WITH_KNOTS((3,3),(3,3),(-0.770586087514498,0.170645823526966),
(6.12323399573677E-17,1.5707963267949),.UNSPECIFIED.)
GEOMETRIC_REPRESENTATION_ITEM()
RATIONAL_B_SPLINE_SURFACE(((1.,0.707106781186547,1.),(0.891289161274191,
0.63023660993505,0.891289161274191),(1.,0.707106781186547,1.)))
REPRESENTATION_ITEM('')
SURFACE()
);
#17=(
BOUNDED_SURFACE()
B_SPLINE_SURFACE(2,2,((#2388,#2389,#2390),(#2391,#2392,#2393),(#2394,#2395,
#2396)),.UNSPECIFIED.,.F.,.F.,.F.)
B_SPLINE_SURFACE_WITH_KNOTS((3,3),(3,3),(-0.789200728678586,0.138501551183325),
(-4.18751304576107E-12,1.5707963267991),.UNSPECIFIED.)
GEOMETRIC_REPRESENTATION_ITEM()
RATIONAL_B_SPLINE_SURFACE(((1.,0.707106781183581,1.),(0.894336150675725,
0.632391156800426,0.894336150675725),(1.,0.707106781183581,1.)))
REPRESENTATION_ITEM('')
SURFACE()
);
#18=(
BOUNDED_SURFACE()
B_SPLINE_SURFACE(2,2,((#2539,#2540,#2541),(#2542,#2543,#2544),(#2545,#2546,
#2547)),.UNSPECIFIED.,.F.,.F.,.F.)
B_SPLINE_SURFACE_WITH_KNOTS((3,3),(3,3),(-0.89447039658198,0.149605037585536),
(-1.09100982098196E-12,1.57079632680721),.UNSPECIFIED.)
GEOMETRIC_REPRESENTATION_ITEM()
RATIONAL_B_SPLINE_SURFACE(((1.,0.707106781181809,1.),(0.866804877514663,
0.612923606852086,0.866804877514663),(1.,0.707106781181809,1.)))
REPRESENTATION_ITEM('')
SURFACE()
);
#19=(
BOUNDED_SURFACE()
B_SPLINE_SURFACE(2,2,((#2562,#2563,#2564),(#2565,#2566,#2567),(#2568,#2569,
#2570)),.UNSPECIFIED.,.F.,.F.,.F.)
B_SPLINE_SURFACE_WITH_KNOTS((3,3),(3,3),(-0.771321597942817,0.179090748534316),
(6.12323399573677E-17,1.5707963267949),.UNSPECIFIED.)
GEOMETRIC_REPRESENTATION_ITEM()
RATIONAL_B_SPLINE_SURFACE(((1.,0.707106781186547,1.),(0.889198411774298,
0.628758226785914,0.889198411774298),(1.,0.707106781186547,1.)))
REPRESENTATION_ITEM('')
SURFACE()
);
#20=(
BOUNDED_SURFACE()
B_SPLINE_SURFACE(2,2,((#2661,#2662,#2663),(#2664,#2665,#2666),(#2667,#2668,
#2669)),.UNSPECIFIED.,.F.,.F.,.F.)
B_SPLINE_SURFACE_WITH_KNOTS((3,3),(3,3),(-0.771321600133745,0.179090748534316),
(-4.87033046665517E-16,1.5707963267949),.UNSPECIFIED.)
GEOMETRIC_REPRESENTATION_ITEM()
RATIONAL_B_SPLINE_SURFACE(((1.,0.707106781186547,1.),(0.889198411273101,
0.628758226431514,0.889198411273101),(1.,0.707106781186547,1.)))
REPRESENTATION_ITEM('')
SURFACE()
);
#21=(
BOUNDED_SURFACE()
B_SPLINE_SURFACE(2,2,((#2673,#2674,#2675),(#2676,#2677,#2678),(#2679,#2680,
#2681)),.UNSPECIFIED.,.F.,.F.,.F.)
B_SPLINE_SURFACE_WITH_KNOTS((3,3),(3,3),(-0.89447039658198,0.149605037585536),
(-2.71730941599227E-13,1.5707963267949),.UNSPECIFIED.)
GEOMETRIC_REPRESENTATION_ITEM()
RATIONAL_B_SPLINE_SURFACE(((1.,0.707106781186451,1.),(0.866804877514661,
0.612923606856108,0.866804877514661),(1.,0.707106781186451,1.)))
REPRESENTATION_ITEM('')
SURFACE()
);
#22=PLANE('',#1167);
#23=PLANE('',#1172);
#24=PLANE('',#1174);
#25=PLANE('',#1175);
#26=PLANE('',#1178);
#27=PLANE('',#1199);
#28=PLANE('',#1201);
#29=PLANE('',#1211);
#30=PLANE('',#1212);
#31=PLANE('',#1214);
#32=PLANE('',#1216);
#33=PLANE('',#1217);
#34=PLANE('',#1218);
#35=PLANE('',#1219);
#36=PLANE('',#1220);
#37=PLANE('',#1236);
#38=FACE_BOUND('',#257,.T.);
#39=FACE_BOUND('',#294,.T.);
#40=FACE_BOUND('',#296,.T.);
#41=FACE_BOUND('',#302,.T.);
#42=ELLIPSE('',#1156,732.34290921242,517.844637257986);
#43=ELLIPSE('',#1159,732.34290921242,517.844637257986);
#44=ELLIPSE('',#1193,635.206732343585,494.140287487938);
#45=ELLIPSE('',#1194,635.206732343585,494.140287487938);
#46=ELLIPSE('',#1195,635.206732343585,494.140287487938);
#47=ELLIPSE('',#1196,635.206732343585,494.140287487938);
#48=ELLIPSE('',#1221,639.104057012232,499.140287487938);
#49=ELLIPSE('',#1222,639.104057012232,499.140287487938);
#50=ELLIPSE('',#1227,639.104057012232,499.140287487938);
#51=ELLIPSE('',#1231,639.104057012232,499.140287487938);
#52=LINE('',#1705,#105);
#53=LINE('',#1706,#106);
#54=LINE('',#1925,#107);
#55=LINE('',#1937,#108);
#56=LINE('',#1939,#109);
#57=LINE('',#1941,#110);
#58=LINE('',#1950,#111);
#59=LINE('',#1954,#112);
#60=LINE('',#1958,#113);
#61=LINE('',#1978,#114);
#62=LINE('',#1981,#115);
#63=LINE('',#1984,#116);
#64=LINE('',#1987,#117);
#65=LINE('',#2022,#118);
#66=LINE('',#2035,#119);
#67=LINE('',#2038,#120);
#68=LINE('',#2053,#121);
#69=LINE('',#2055,#122);
#70=LINE('',#2057,#123);
#71=LINE('',#2058,#124);
#72=LINE('',#2065,#125);
#73=LINE('',#2066,#126);
#74=LINE('',#2071,#127);
#75=LINE('',#2073,#128);
#76=LINE('',#2107,#129);
#77=LINE('',#2122,#130);
#78=LINE('',#2136,#131);
#79=LINE('',#2137,#132);
#80=LINE('',#2141,#133);
#81=LINE('',#2152,#134);
#82=LINE('',#2168,#135);
#83=LINE('',#2183,#136);
#84=LINE('',#2338,#137);
#85=LINE('',#2353,#138);
#86=LINE('',#2357,#139);
#87=LINE('',#2359,#140);
#88=LINE('',#2372,#141);
#89=LINE('',#2387,#142);
#90=LINE('',#2401,#143);
#91=LINE('',#2403,#144);
#92=LINE('',#2407,#145);
#93=LINE('',#2430,#146);
#94=LINE('',#2433,#147);
#95=LINE('',#2434,#148);
#96=LINE('',#2435,#149);
#97=LINE('',#2438,#150);
#98=LINE('',#2439,#151);
#99=LINE('',#2442,#152);
#100=LINE('',#2443,#153);
#101=LINE('',#2445,#154);
#102=LINE('',#2553,#155);
#103=LINE('',#2575,#156);
#104=LINE('',#2684,#157);
#105=VECTOR('',#1255,10.);
#106=VECTOR('',#1256,10.);
#107=VECTOR('',#1273,10.);
#108=VECTOR('',#1280,10.);
#109=VECTOR('',#1281,10.);
#110=VECTOR('',#1282,10.);
#111=VECTOR('',#1285,10.);
#112=VECTOR('',#1288,10.);
#113=VECTOR('',#1293,10.);
#114=VECTOR('',#1298,50.);
#115=VECTOR('',#1301,10.);
#116=VECTOR('',#1304,10.);
#117=VECTOR('',#1307,10.);
#118=VECTOR('',#1312,50.);
#119=VECTOR('',#1315,10.);
#120=VECTOR('',#1318,10.);
#121=VECTOR('',#1321,10.);
#122=VECTOR('',#1322,10.);
#123=VECTOR('',#1323,10.);
#124=VECTOR('',#1324,10.);
#125=VECTOR('',#1331,10.);
#126=VECTOR('',#1332,10.);
#127=VECTOR('',#1337,10.);
#128=VECTOR('',#1338,10.);
#129=VECTOR('',#1349,10.);
#130=VECTOR('',#1352,10.);
#131=VECTOR('',#1355,10.);
#132=VECTOR('',#1356,10.);
#133=VECTOR('',#1359,10.);
#134=VECTOR('',#1362,10.);
#135=VECTOR('',#1367,10.);
#136=VECTOR('',#1370,10.);
#137=VECTOR('',#1383,10.);
#138=VECTOR('',#1386,10.);
#139=VECTOR('',#1391,10.);
#140=VECTOR('',#1394,10.);
#141=VECTOR('',#1399,10.);
#142=VECTOR('',#1408,10.);
#143=VECTOR('',#1415,10.);
#144=VECTOR('',#1418,10.);
#145=VECTOR('',#1423,10.);
#146=VECTOR('',#1426,10.);
#147=VECTOR('',#1431,10.);
#148=VECTOR('',#1432,10.);
#149=VECTOR('',#1433,10.);
#150=VECTOR('',#1436,10.);
#151=VECTOR('',#1437,10.);
#152=VECTOR('',#1440,10.);
#153=VECTOR('',#1441,10.);
#154=VECTOR('',#1444,10.);
#155=VECTOR('',#1457,10.);
#156=VECTOR('',#1468,10.);
#157=VECTOR('',#1479,10.);
#158=CYLINDRICAL_SURFACE('',#1148,5.);
#159=CYLINDRICAL_SURFACE('',#1155,517.844637257986);
#160=CYLINDRICAL_SURFACE('',#1158,517.844637257986);
#161=CYLINDRICAL_SURFACE('',#1164,517.844637257986);
#162=CYLINDRICAL_SURFACE('',#1166,50.);
#163=CYLINDRICAL_SURFACE('',#1169,150.);
#164=CYLINDRICAL_SURFACE('',#1170,50.);
#165=CYLINDRICAL_SURFACE('',#1171,50.);
#166=CYLINDRICAL_SURFACE('',#1173,50.);
#167=CYLINDRICAL_SURFACE('',#1184,522.844637257986);
#168=CYLINDRICAL_SURFACE('',#1187,522.844637257986);
#169=CYLINDRICAL_SURFACE('',#1190,522.844637257986);
#170=CYLINDRICAL_SURFACE('',#1197,145.);
#171=CYLINDRICAL_SURFACE('',#1198,145.);
#172=CYLINDRICAL_SURFACE('',#1203,494.140287487938);
#173=CYLINDRICAL_SURFACE('',#1207,494.140287487938);
#174=CYLINDRICAL_SURFACE('',#1209,494.140287487938);
#175=CYLINDRICAL_SURFACE('',#1213,150.);
#176=CYLINDRICAL_SURFACE('',#1224,499.140287487938);
#177=CYLINDRICAL_SURFACE('',#1230,499.140287487938);
#178=CYLINDRICAL_SURFACE('',#1235,499.140287487938);
#179=B_SPLINE_SURFACE_WITH_KNOTS('',3,3,((#1509,#1510,#1511,#1512,#1513,
#1514,#1515,#1516,#1517,#1518),(#1519,#1520,#1521,#1522,#1523,#1524,#1525,
#1526,#1527,#1528),(#1529,#1530,#1531,#1532,#1533,#1534,#1535,#1536,#1537,
#1538),(#1539,#1540,#1541,#1542,#1543,#1544,#1545,#1546,#1547,#1548),(#1549,
#1550,#1551,#1552,#1553,#1554,#1555,#1556,#1557,#1558),(#1559,#1560,#1561,
#1562,#1563,#1564,#1565,#1566,#1567,#1568)),.UNSPECIFIED.,.F.,.F.,.F.,(4,
1,1,4),(4,1,1,1,1,1,1,4),(0.,0.285714285714286,0.571428571428571,1.),(0.,
3.67750381217151,7.35500762434302,11.0325114365145,14.710015248686,18.3875190608575,
22.0650228730291,25.7425266852006),.UNSPECIFIED.);
#180=B_SPLINE_SURFACE_WITH_KNOTS('',3,3,((#1592,#1593,#1594,#1595,#1596,
#1597),(#1598,#1599,#1600,#1601,#1602,#1603),(#1604,#1605,#1606,#1607,#1608,
#1609),(#1610,#1611,#1612,#1613,#1614,#1615),(#1616,#1617,#1618,#1619,#1620,
#1621)),.UNSPECIFIED.,.F.,.F.,.F.,(4,1,4),(4,1,1,4),(0.,0.571428571428571,
1.),(1.0274811223557E-17,1.2205093111315,2.44101862226301,4.27178258896027),
 .UNSPECIFIED.);
#181=B_SPLINE_SURFACE_WITH_KNOTS('',3,3,((#1647,#1648,#1649,#1650,#1651,
#1652),(#1653,#1654,#1655,#1656,#1657,#1658),(#1659,#1660,#1661,#1662,#1663,
#1664),(#1665,#1666,#1667,#1668,#1669,#1670),(#1671,#1672,#1673,#1674,#1675,
#1676)),.UNSPECIFIED.,.F.,.F.,.F.,(4,1,4),(4,1,1,4),(0.,0.571428571428571,
1.),(0.,1.22051429463754,2.44102858927508,4.27180003123139),
 .UNSPECIFIED.);
#182=B_SPLINE_SURFACE_WITH_KNOTS('',3,3,((#1707,#1708,#1709,#1710,#1711),
(#1712,#1713,#1714,#1715,#1716),(#1717,#1718,#1719,#1720,#1721),(#1722,
#1723,#1724,#1725,#1726),(#1727,#1728,#1729,#1730,#1731)),.UNSPECIFIED.,
 .F.,.F.,.F.,(4,1,4),(4,1,4),(0.,0.571428571428571,1.),(0.,1.83080992244127,
4.27188981902963),.UNSPECIFIED.);
#183=B_SPLINE_SURFACE_WITH_KNOTS('',3,3,((#1755,#1756,#1757,#1758,#1759,
#1760),(#1761,#1762,#1763,#1764,#1765,#1766),(#1767,#1768,#1769,#1770,#1771,
#1772),(#1773,#1774,#1775,#1776,#1777,#1778),(#1779,#1780,#1781,#1782,#1783,
#1784)),.UNSPECIFIED.,.F.,.F.,.F.,(4,1,4),(4,1,1,4),(0.,0.571428571428571,
1.),(0.,1.22051429463754,2.44102858927508,4.27180003123139),
 .UNSPECIFIED.);
#184=B_SPLINE_SURFACE_WITH_KNOTS('',3,3,((#1809,#1810,#1811,#1812,#1813,
#1814,#1815,#1816,#1817,#1818),(#1819,#1820,#1821,#1822,#1823,#1824,#1825,
#1826,#1827,#1828),(#1829,#1830,#1831,#1832,#1833,#1834,#1835,#1836,#1837,
#1838),(#1839,#1840,#1841,#1842,#1843,#1844,#1845,#1846,#1847,#1848),(#1849,
#1850,#1851,#1852,#1853,#1854,#1855,#1856,#1857,#1858),(#1859,#1860,#1861,
#1862,#1863,#1864,#1865,#1866,#1867,#1868)),.UNSPECIFIED.,.F.,.F.,.F.,(4,
1,1,4),(4,1,1,1,1,1,1,4),(0.,0.285714285714286,0.571428571428571,1.),(0.,
3.67752823520859,7.35505647041717,11.0325847056258,14.7101129408343,18.3876411760429,
22.0651694112515,25.7426976464601),.UNSPECIFIED.);
#185=B_SPLINE_SURFACE_WITH_KNOTS('',3,3,((#2192,#2193,#2194,#2195),(#2196,
#2197,#2198,#2199),(#2200,#2201,#2202,#2203),(#2204,#2205,#2206,#2207),
(#2208,#2209,#2210,#2211),(#2212,#2213,#2214,#2215),(#2216,#2217,#2218,
#2219)),.UNSPECIFIED.,.F.,.F.,.F.,(4,1,1,1,4),(4,4),(2.31920987624104E-15,
0.142857142857145,0.428571428571429,0.714285714285714,0.999999999999998),
(0.738655423485121,0.898008093981571),.UNSPECIFIED.);
#186=B_SPLINE_SURFACE_WITH_KNOTS('',3,3,((#2272,#2273,#2274,#2275),(#2276,
#2277,#2278,#2279),(#2280,#2281,#2282,#2283),(#2284,#2285,#2286,#2287),
(#2288,#2289,#2290,#2291),(#2292,#2293,#2294,#2295),(#2296,#2297,#2298,
#2299)),.UNSPECIFIED.,.F.,.F.,.F.,(4,1,1,1,4),(4,4),(2.28782871332626E-18,
0.285714285714286,0.571428571428571,0.857142857142857,1.),(0.73865542471026,
0.898008093981573),.UNSPECIFIED.);
#187=B_SPLINE_SURFACE_WITH_KNOTS('',3,3,((#2447,#2448,#2449,#2450,#2451),
(#2452,#2453,#2454,#2455,#2456),(#2457,#2458,#2459,#2460,#2461),(#2462,
#2463,#2464,#2465,#2466),(#2467,#2468,#2469,#2470,#2471),(#2472,#2473,#2474,
#2475,#2476),(#2477,#2478,#2479,#2480,#2481)),.UNSPECIFIED.,.F.,.F.,.F.,
(4,1,1,1,4),(4,1,4),(0.,0.285714285714286,0.571428571428571,0.857142857142857,
1.),(0.738021667367094,0.927580672274533,1.18032601215112),
 .UNSPECIFIED.);
#188=B_SPLINE_SURFACE_WITH_KNOTS('',3,3,((#2576,#2577,#2578,#2579,#2580),
(#2581,#2582,#2583,#2584,#2585),(#2586,#2587,#2588,#2589,#2590),(#2591,
#2592,#2593,#2594,#2595),(#2596,#2597,#2598,#2599,#2600),(#2601,#2602,#2603,
#2604,#2605),(#2606,#2607,#2608,#2609,#2610)),.UNSPECIFIED.,.F.,.F.,.F.,
(4,1,1,1,4),(4,1,4),(0.,0.285714285714286,0.571428571428571,0.857142857142857,
1.),(0.738021665549366,0.927580671235832,1.18032601215112),
 .UNSPECIFIED.);
#189=FACE_OUTER_BOUND('',#246,.T.);
#190=FACE_OUTER_BOUND('',#247,.T.);
#191=FACE_OUTER_BOUND('',#248,.T.);
#192=FACE_OUTER_BOUND('',#249,.T.);
#193=FACE_OUTER_BOUND('',#250,.T.);
#194=FACE_OUTER_BOUND('',#251,.T.);
#195=FACE_OUTER_BOUND('',#252,.T.);
#196=FACE_OUTER_BOUND('',#253,.T.);
#197=FACE_OUTER_BOUND('',#254,.T.);
#198=FACE_OUTER_BOUND('',#255,.T.);
#199=FACE_OUTER_BOUND('',#256,.T.);
#200=FACE_OUTER_BOUND('',#258,.T.);
#201=FACE_OUTER_BOUND('',#259,.T.);
#202=FACE_OUTER_BOUND('',#260,.T.);
#203=FACE_OUTER_BOUND('',#261,.T.);
#204=FACE_OUTER_BOUND('',#262,.T.);
#205=FACE_OUTER_BOUND('',#263,.T.);
#206=FACE_OUTER_BOUND('',#264,.T.);
#207=FACE_OUTER_BOUND('',#265,.T.);
#208=FACE_OUTER_BOUND('',#266,.T.);
#209=FACE_OUTER_BOUND('',#267,.T.);
#210=FACE_OUTER_BOUND('',#268,.T.);
#211=FACE_OUTER_BOUND('',#269,.T.);
#212=FACE_OUTER_BOUND('',#270,.T.);
#213=FACE_OUTER_BOUND('',#271,.T.);
#214=FACE_OUTER_BOUND('',#272,.T.);
#215=FACE_OUTER_BOUND('',#273,.T.);
#216=FACE_OUTER_BOUND('',#274,.T.);
#217=FACE_OUTER_BOUND('',#275,.T.);
#218=FACE_OUTER_BOUND('',#276,.T.);
#219=FACE_OUTER_BOUND('',#277,.T.);
#220=FACE_OUTER_BOUND('',#278,.T.);
#221=FACE_OUTER_BOUND('',#279,.T.);
#222=FACE_OUTER_BOUND('',#280,.T.);
#223=FACE_OUTER_BOUND('',#281,.T.);
#224=FACE_OUTER_BOUND('',#282,.T.);
#225=FACE_OUTER_BOUND('',#283,.T.);
#226=FACE_OUTER_BOUND('',#284,.T.);
#227=FACE_OUTER_BOUND('',#285,.T.);
#228=FACE_OUTER_BOUND('',#286,.T.);
#229=FACE_OUTER_BOUND('',#287,.T.);
#230=FACE_OUTER_BOUND('',#288,.T.);
#231=FACE_OUTER_BOUND('',#289,.T.);
#232=FACE_OUTER_BOUND('',#290,.T.);
#233=FACE_OUTER_BOUND('',#291,.T.);
#234=FACE_OUTER_BOUND('',#292,.T.);
#235=FACE_OUTER_BOUND('',#293,.T.);
#236=FACE_OUTER_BOUND('',#295,.T.);
#237=FACE_OUTER_BOUND('',#297,.T.);
#238=FACE_OUTER_BOUND('',#298,.T.);
#239=FACE_OUTER_BOUND('',#299,.T.);
#240=FACE_OUTER_BOUND('',#300,.T.);
#241=FACE_OUTER_BOUND('',#301,.T.);
#242=FACE_OUTER_BOUND('',#303,.T.);
#243=FACE_OUTER_BOUND('',#304,.T.);
#244=FACE_OUTER_BOUND('',#305,.T.);
#245=FACE_OUTER_BOUND('',#306,.T.);
#246=EDGE_LOOP('',(#676,#677,#678,#679));
#247=EDGE_LOOP('',(#680,#681,#682,#683));
#248=EDGE_LOOP('',(#684,#685,#686,#687,#688));
#249=EDGE_LOOP('',(#689,#690,#691,#692,#693));
#250=EDGE_LOOP('',(#694,#695,#696,#697));
#251=EDGE_LOOP('',(#698,#699,#700,#701,#702));
#252=EDGE_LOOP('',(#703,#704,#705,#706,#707));
#253=EDGE_LOOP('',(#708,#709,#710,#711));
#254=EDGE_LOOP('',(#712,#713,#714,#715));
#255=EDGE_LOOP('',(#716,#717,#718,#719,#720,#721,#722));
#256=EDGE_LOOP('',(#723,#724,#725,#726,#727,#728,#729,#730,#731,#732,#733,
#734));
#257=EDGE_LOOP('',(#735,#736,#737,#738));
#258=EDGE_LOOP('',(#739,#740,#741,#742,#743,#744,#745));
#259=EDGE_LOOP('',(#746,#747,#748,#749));
#260=EDGE_LOOP('',(#750,#751,#752,#753));
#261=EDGE_LOOP('',(#754,#755,#756,#757));
#262=EDGE_LOOP('',(#758,#759,#760,#761));
#263=EDGE_LOOP('',(#762,#763,#764,#765));
#264=EDGE_LOOP('',(#766,#767,#768,#769));
#265=EDGE_LOOP('',(#770,#771,#772,#773));
#266=EDGE_LOOP('',(#774,#775,#776,#777));
#267=EDGE_LOOP('',(#778,#779,#780,#781,#782));
#268=EDGE_LOOP('',(#783,#784,#785,#786,#787));
#269=EDGE_LOOP('',(#788,#789,#790,#791));
#270=EDGE_LOOP('',(#792,#793,#794,#795,#796,#797,#798,#799,#800,#801));
#271=EDGE_LOOP('',(#802,#803,#804,#805,#806,#807));
#272=EDGE_LOOP('',(#808,#809,#810,#811,#812,#813));
#273=EDGE_LOOP('',(#814,#815,#816,#817,#818,#819));
#274=EDGE_LOOP('',(#820,#821,#822,#823,#824,#825));
#275=EDGE_LOOP('',(#826,#827,#828));
#276=EDGE_LOOP('',(#829,#830,#831));
#277=EDGE_LOOP('',(#832,#833,#834,#835));
#278=EDGE_LOOP('',(#836,#837,#838,#839));
#279=EDGE_LOOP('',(#840,#841,#842,#843));
#280=EDGE_LOOP('',(#844,#845,#846,#847,#848,#849,#850,#851,#852,#853));
#281=EDGE_LOOP('',(#854,#855,#856,#857));
#282=EDGE_LOOP('',(#858,#859,#860,#861,#862,#863));
#283=EDGE_LOOP('',(#864,#865,#866,#867));
#284=EDGE_LOOP('',(#868,#869,#870,#871,#872,#873));
#285=EDGE_LOOP('',(#874,#875,#876,#877,#878,#879,#880,#881,#882,#883,#884,
#885));
#286=EDGE_LOOP('',(#886,#887,#888,#889));
#287=EDGE_LOOP('',(#890,#891,#892,#893));
#288=EDGE_LOOP('',(#894,#895,#896,#897));
#289=EDGE_LOOP('',(#898,#899,#900,#901));
#290=EDGE_LOOP('',(#902,#903,#904,#905));
#291=EDGE_LOOP('',(#906,#907,#908,#909));
#292=EDGE_LOOP('',(#910,#911,#912,#913));
#293=EDGE_LOOP('',(#914,#915,#916,#917));
#294=EDGE_LOOP('',(#918,#919,#920,#921));
#295=EDGE_LOOP('',(#922,#923,#924,#925,#926,#927,#928,#929,#930));
#296=EDGE_LOOP('',(#931,#932,#933));
#297=EDGE_LOOP('',(#934,#935,#936,#937));
#298=EDGE_LOOP('',(#938,#939,#940,#941,#942,#943,#944,#945,#946,#947));
#299=EDGE_LOOP('',(#948,#949,#950,#951));
#300=EDGE_LOOP('',(#952,#953,#954,#955,#956,#957,#958));
#301=EDGE_LOOP('',(#959,#960,#961,#962,#963,#964,#965,#966,#967));
#302=EDGE_LOOP('',(#968,#969,#970));
#303=EDGE_LOOP('',(#971,#972,#973,#974));
#304=EDGE_LOOP('',(#975,#976,#977,#978));
#305=EDGE_LOOP('',(#979,#980,#981,#982,#983,#984,#985));
#306=EDGE_LOOP('',(#986,#987,#988,#989,#990,#991,#992,#993,#994,#995,#996,
#997,#998,#999,#1000,#1001));
#307=CIRCLE('',#1143,522.844637257986);
#308=CIRCLE('',#1144,5.);
#309=CIRCLE('',#1145,517.844637257986);
#310=CIRCLE('',#1146,5.);
#311=CIRCLE('',#1147,5.);
#312=CIRCLE('',#1149,5.);
#313=CIRCLE('',#1150,4.99999999999993);
#314=CIRCLE('',#1151,5.);
#315=CIRCLE('',#1153,517.844637257986);
#316=CIRCLE('',#1154,522.844637257986);
#317=CIRCLE('',#1157,517.844637257986);
#318=CIRCLE('',#1160,517.844637257986);
#319=CIRCLE('',#1161,517.844637257986);
#320=CIRCLE('',#1162,517.844637257986);
#321=CIRCLE('',#1163,517.844637257986);
#322=CIRCLE('',#1165,517.844637257986);
#323=CIRCLE('',#1168,499.140287487938);
#324=CIRCLE('',#1176,494.140287487938);
#325=CIRCLE('',#1177,522.844637257986);
#326=CIRCLE('',#1179,494.140287487938);
#327=CIRCLE('',#1180,522.844637257986);
#328=CIRCLE('',#1181,494.140287487938);
#329=CIRCLE('',#1182,195.805975617411);
#330=CIRCLE('',#1183,494.140287487938);
#331=CIRCLE('',#1185,522.844637257986);
#332=CIRCLE('',#1186,522.844637257986);
#333=CIRCLE('',#1188,522.844637257986);
#334=CIRCLE('',#1189,522.844637257986);
#335=CIRCLE('',#1191,522.844637257986);
#336=CIRCLE('',#1192,522.844637257986);
#337=CIRCLE('',#1200,494.140287487938);
#338=CIRCLE('',#1202,195.777543241181);
#339=CIRCLE('',#1204,494.140287487938);
#340=CIRCLE('',#1205,195.805975617411);
#341=CIRCLE('',#1206,494.140287487938);
#342=CIRCLE('',#1208,195.777543241181);
#343=CIRCLE('',#1210,494.140287487938);
#344=CIRCLE('',#1215,499.140287487938);
#345=CIRCLE('',#1223,190.);
#346=CIRCLE('',#1225,499.140287487938);
#347=CIRCLE('',#1226,499.140287487938);
#348=CIRCLE('',#1228,499.140287487938);
#349=CIRCLE('',#1229,200.);
#350=CIRCLE('',#1232,200.);
#351=CIRCLE('',#1233,499.140287487938);
#352=CIRCLE('',#1234,190.);
#353=B_SPLINE_CURVE_WITH_KNOTS('',3,(#1486,#1487,#1488,#1489,#1490,#1491,
#1492,#1493,#1494,#1495,#1496,#1497,#1498,#1499,#1500,#1501,#1502,#1503),
 .UNSPECIFIED.,.F.,.F.,(4,2,2,2,2,2,2,2,4),(1.48917711645711,1.58140730346214,
1.67363749046718,1.76639886978141,1.85916024909564,1.95256023033594,2.04596021157623,
2.13987991286234,2.23379961414846),.UNSPECIFIED.);
#354=B_SPLINE_CURVE_WITH_KNOTS('',3,(#1570,#1571,#1572,#1573,#1574,#1575,
#1576,#1577,#1578,#1579),.UNSPECIFIED.,.F.,.F.,(4,1,1,1,1,1,1,4),(-25.7425266852006,
-22.0650228730291,-18.3875190608575,-14.710015248686,-11.0325114365145,
-7.35500762434302,-3.67750381217151,0.),.UNSPECIFIED.);
#355=B_SPLINE_CURVE_WITH_KNOTS('',3,(#1582,#1583,#1584,#1585,#1586,#1587,
#1588,#1589,#1590,#1591),.UNSPECIFIED.,.F.,.F.,(4,1,1,1,1,1,1,4),(0.,3.67750381217151,
7.35500762434302,11.0325114365145,14.710015248686,18.3875190608575,22.0650228730291,
25.7425266852006),.UNSPECIFIED.);
#356=B_SPLINE_CURVE_WITH_KNOTS('',3,(#1624,#1625,#1626,#1627,#1628,#1629),
 .UNSPECIFIED.,.F.,.F.,(4,2,4),(0.,1.19899714248921,1.72377089704075),
 .UNSPECIFIED.);
#357=B_SPLINE_CURVE_WITH_KNOTS('',3,(#1631,#1632,#1633,#1634),
 .UNSPECIFIED.,.F.,.F.,(4,4),(0.476712203691152,0.657990169706874),
 .UNSPECIFIED.);
#358=B_SPLINE_CURVE_WITH_KNOTS('',3,(#1635,#1636,#1637,#1638,#1639,#1640),
 .UNSPECIFIED.,.F.,.F.,(4,1,1,4),(-4.25036793609939,-2.44101862226301,-1.2205093111315,
-1.0274811223557E-17),.UNSPECIFIED.);
#359=B_SPLINE_CURVE_WITH_KNOTS('',3,(#1641,#1642,#1643,#1644,#1645,#1646),
 .UNSPECIFIED.,.F.,.F.,(4,1,1,4),(1.0274811223557E-17,1.2205093111315,2.44101862226301,
2.9108876961338),.UNSPECIFIED.);
#360=B_SPLINE_CURVE_WITH_KNOTS('',3,(#1678,#1679,#1680,#1681,#1682,#1683,
#1684,#1685),.UNSPECIFIED.,.F.,.F.,(4,2,2,4),(0.209902989213285,0.24805158551359,
0.519684943229695,1.20836212798001),.UNSPECIFIED.);
#361=B_SPLINE_CURVE_WITH_KNOTS('',3,(#1687,#1688,#1689,#1690,#1691,#1692),
 .UNSPECIFIED.,.F.,.F.,(4,1,1,4),(-2.91089736334837,-2.44102858927508,-1.22051429463754,
0.),.UNSPECIFIED.);
#362=B_SPLINE_CURVE_WITH_KNOTS('',3,(#1695,#1696,#1697,#1698,#1699,#1700),
 .UNSPECIFIED.,.F.,.F.,(4,1,1,4),(0.,1.22051429463754,2.44102858927508,
4.2503856810534),.UNSPECIFIED.);
#363=B_SPLINE_CURVE_WITH_KNOTS('',3,(#1734,#1735,#1736,#1737,#1738,#1739),
 .UNSPECIFIED.,.F.,.F.,(4,2,4),(0.,1.19898076482005,1.72376672166641),
 .UNSPECIFIED.);
#364=B_SPLINE_CURVE_WITH_KNOTS('',3,(#1741,#1742,#1743,#1744),
 .UNSPECIFIED.,.F.,.F.,(4,4),(0.476712203684615,0.657990169698705),
 .UNSPECIFIED.);
#365=B_SPLINE_CURVE_WITH_KNOTS('',3,(#1745,#1746,#1747,#1748,#1749),
 .UNSPECIFIED.,.F.,.F.,(4,1,4),(-4.25047298306658,-1.83080992244127,0.),
 .UNSPECIFIED.);
#366=B_SPLINE_CURVE_WITH_KNOTS('',3,(#1750,#1751,#1752,#1753,#1754),
 .UNSPECIFIED.,.F.,.F.,(4,1,4),(0.,1.83080992244127,2.91138534127704),
 .UNSPECIFIED.);
#367=B_SPLINE_CURVE_WITH_KNOTS('',3,(#1786,#1787,#1788,#1789,#1790,#1791,
#1792,#1793),.UNSPECIFIED.,.F.,.F.,(4,2,2,4),(0.209902989214301,0.248051585514868,
0.51968494323371,1.20836212799483),.UNSPECIFIED.);
#368=B_SPLINE_CURVE_WITH_KNOTS('',3,(#1795,#1796,#1797,#1798,#1799,#1800),
 .UNSPECIFIED.,.F.,.F.,(4,1,1,4),(-2.91089796345707,-2.44102858927508,-1.22051429463754,
0.),.UNSPECIFIED.);
#369=B_SPLINE_CURVE_WITH_KNOTS('',3,(#1803,#1804,#1805,#1806,#1807,#1808),
 .UNSPECIFIED.,.F.,.F.,(4,1,1,4),(0.,1.22051429463754,2.44102858927508,
4.25038568127142),.UNSPECIFIED.);
#370=B_SPLINE_CURVE_WITH_KNOTS('',3,(#1870,#1871,#1872,#1873,#1874,#1875,
#1876,#1877,#1878,#1879),.UNSPECIFIED.,.F.,.F.,(4,1,1,1,1,1,1,4),(-25.7426976464601,
-22.0651694112515,-18.3876411760429,-14.7101129408343,-11.0325847056258,
-7.35505647041717,-3.67752823520859,0.),.UNSPECIFIED.);
#371=B_SPLINE_CURVE_WITH_KNOTS('',3,(#1882,#1883,#1884,#1885,#1886,#1887,
#1888,#1889,#1890,#1891),.UNSPECIFIED.,.F.,.F.,(4,1,1,1,1,1,1,4),(0.,3.67752823520859,
7.35505647041717,11.0325847056258,14.7101129408343,18.3876411760429,22.0651694112515,
25.7426976464601),.UNSPECIFIED.);
#372=B_SPLINE_CURVE_WITH_KNOTS('',3,(#1895,#1896,#1897,#1898,#1899,#1900,
#1901,#1902,#1903,#1904,#1905,#1906,#1907,#1908,#1909,#1910,#1911,#1912),
 .UNSPECIFIED.,.F.,.F.,(4,2,2,2,2,2,2,2,4),(0.744554482249396,0.838474183535517,
0.932393884821637,1.02579386606194,1.11919384730223,1.21195522661646,1.3047166059307,
1.39694679293573,1.48917697994076),.UNSPECIFIED.);
#373=B_SPLINE_CURVE_WITH_KNOTS('',3,(#1919,#1920,#1921,#1922),
 .UNSPECIFIED.,.F.,.F.,(4,4),(0.,4.36713869970107),.UNSPECIFIED.);
#374=B_SPLINE_CURVE_WITH_KNOTS('',3,(#1930,#1931,#1932,#1933),
 .UNSPECIFIED.,.F.,.F.,(4,4),(0.,4.36713869970111),.UNSPECIFIED.);
#375=B_SPLINE_CURVE_WITH_KNOTS('',3,(#1944,#1945,#1946,#1947),
 .UNSPECIFIED.,.F.,.F.,(4,4),(11.154247162413,15.5080864200734),
 .UNSPECIFIED.);
#376=B_SPLINE_CURVE_WITH_KNOTS('',3,(#1961,#1962,#1963,#1964),
 .UNSPECIFIED.,.F.,.F.,(4,4),(11.1542471624134,15.5080864200745),
 .UNSPECIFIED.);
#377=B_SPLINE_CURVE_WITH_KNOTS('',3,(#1967,#1968,#1969,#1970),
 .UNSPECIFIED.,.F.,.F.,(4,4),(-1.54494396217186,0.),.UNSPECIFIED.);
#378=B_SPLINE_CURVE_WITH_KNOTS('',3,(#1972,#1973,#1974,#1975,#1976,#1977),
 .UNSPECIFIED.,.F.,.F.,(4,2,4),(14.3478890856527,14.4494687006764,15.4061367315196),
 .UNSPECIFIED.);
#379=B_SPLINE_CURVE_WITH_KNOTS('',3,(#1988,#1989,#1990,#1991,#1992,#1993,
#1994,#1995,#1996,#1997,#1998,#1999,#2000,#2001,#2002,#2003,#2004,#2005,
#2006,#2007),.UNSPECIFIED.,.F.,.F.,(4,2,2,2,2,2,2,2,2,4),(60.0268144291593,
62.7989738405504,65.5711332519416,68.3432926633327,71.1154520747238,72.868632275482,
74.6218124762402,78.1281728777566,81.6345332792729,85.1408936807893),
 .UNSPECIFIED.);
#380=B_SPLINE_CURVE_WITH_KNOTS('',3,(#2010,#2011,#2012,#2013),
 .UNSPECIFIED.,.F.,.F.,(4,4),(-1.54494396217138,0.),.UNSPECIFIED.);
#381=B_SPLINE_CURVE_WITH_KNOTS('',3,(#2014,#2015,#2016,#2017,#2018,#2019),
 .UNSPECIFIED.,.F.,.F.,(4,2,4),(14.3485524576531,14.4639298391091,15.4059306875956),
 .UNSPECIFIED.);
#382=B_SPLINE_CURVE_WITH_KNOTS('',3,(#2024,#2025,#2026,#2027,#2028,#2029),
 .UNSPECIFIED.,.F.,.F.,(4,2,4),(15.4059306875956,16.347931536082,16.463308917528),
 .UNSPECIFIED.);
#383=B_SPLINE_CURVE_WITH_KNOTS('',3,(#2030,#2031,#2032,#2033),
 .UNSPECIFIED.,.F.,.F.,(4,4),(-5.70810836565058,-4.16341274084353),
 .UNSPECIFIED.);
#384=B_SPLINE_CURVE_WITH_KNOTS('',3,(#2040,#2041,#2042,#2043,#2044,#2045),
 .UNSPECIFIED.,.F.,.F.,(4,2,4),(15.4059306875956,16.347931536082,16.4633089175279),
 .UNSPECIFIED.);
#385=B_SPLINE_CURVE_WITH_KNOTS('',3,(#2046,#2047,#2048,#2049),
 .UNSPECIFIED.,.F.,.F.,(4,4),(-5.70810836565279,-4.16341274084536),
 .UNSPECIFIED.);
#386=B_SPLINE_CURVE_WITH_KNOTS('',3,(#2086,#2087,#2088,#2089,#2090,#2091,
#2092,#2093,#2094,#2095,#2096,#2097,#2098,#2099),.UNSPECIFIED.,.F.,.F.,
(4,2,2,2,2,2,4),(-0.00523024541665694,0.,1.87187572838299,3.74957513401021,
7.0187209295653,10.4897742864377,10.4949992792747),.UNSPECIFIED.);
#387=B_SPLINE_CURVE_WITH_KNOTS('',3,(#2109,#2110,#2111,#2112,#2113,#2114,
#2115,#2116,#2117,#2118),.UNSPECIFIED.,.F.,.F.,(4,2,2,2,4),(0.,0.19644369818486,
0.633741646918401,2.43720010482458,5.96121707285895),.UNSPECIFIED.);
#388=B_SPLINE_CURVE_WITH_KNOTS('',3,(#2126,#2127,#2128,#2129,#2130,#2131,
#2132,#2133,#2134,#2135),.UNSPECIFIED.,.F.,.F.,(4,2,2,2,4),(-11.8304342745528,
-11.4423945398037,-10.8767469179623,-8.54189635817356,-3.73545430543342),
 .UNSPECIFIED.);
#389=B_SPLINE_CURVE_WITH_KNOTS('',3,(#2143,#2144,#2145,#2146,#2147,#2148),
 .UNSPECIFIED.,.F.,.F.,(4,2,4),(80.5535298632845,81.4353926221042,84.9483599759228),
 .UNSPECIFIED.);
#390=B_SPLINE_CURVE_WITH_KNOTS('',3,(#2155,#2156,#2157,#2158,#2159,#2160,
#2161,#2162,#2163,#2164),.UNSPECIFIED.,.F.,.F.,(4,2,2,2,4),(-11.8304341891564,
-11.4423944518234,-10.8767468268306,-8.54189626887747,-3.73545418743897),
 .UNSPECIFIED.);
#391=B_SPLINE_CURVE_WITH_KNOTS('',3,(#2170,#2171,#2172,#2173,#2174,#2175,
#2176,#2177,#2178,#2179),.UNSPECIFIED.,.F.,.F.,(4,2,2,2,4),(-5.96121707192494,
-2.43720010443879,-0.633741647175517,-0.196443698220996,0.),
 .UNSPECIFIED.);
#392=B_SPLINE_CURVE_WITH_KNOTS('',3,(#2186,#2187,#2188,#2189,#2190,#2191),
 .UNSPECIFIED.,.F.,.F.,(4,2,4),(35.477076802953,38.9900441567715,39.8719069155883),
 .UNSPECIFIED.);
#393=B_SPLINE_CURVE_WITH_KNOTS('',3,(#2222,#2223,#2224,#2225,#2226,#2227,
#2228,#2229,#2230,#2231,#2232,#2233,#2234,#2235),.UNSPECIFIED.,.F.,.F.,
(4,2,2,2,2,2,4),(-0.00523009477459315,0.,1.87185510620584,3.74952984400358,
7.01863056370346,10.4896271765741,10.4948521649009),.UNSPECIFIED.);
#394=B_SPLINE_CURVE_WITH_KNOTS('',3,(#2237,#2238,#2239,#2240,#2241,#2242,
#2243,#2244,#2245,#2246,#2247,#2248,#2249,#2250,#2251,#2252,#2253,#2254,
#2255,#2256,#2257,#2258,#2259,#2260,#2261,#2262,#2263,#2264,#2265,#2266,
#2267,#2268,#2269,#2270),.UNSPECIFIED.,.F.,.F.,(4,3,3,3,3,3,3,3,3,3,3,4),
(12.1904684514644,13.1207513036995,13.7297245950065,14.5011076191668,15.2273648024237,
15.9388701807801,16.6195320872031,17.8756600671924,18.7617471705736,19.3872680761282,
20.1690984718249,20.7047946981051),.UNSPECIFIED.);
#395=B_SPLINE_CURVE_WITH_KNOTS('',3,(#2301,#2302,#2303,#2304,#2305,#2306,
#2307,#2308,#2309,#2310,#2311,#2312,#2313,#2314,#2315,#2316,#2317,#2318,
#2319,#2320,#2321,#2322,#2323,#2324,#2325,#2326,#2327,#2328,#2329,#2330,
#2331,#2332,#2333,#2334),.UNSPECIFIED.,.F.,.F.,(4,3,3,3,3,3,3,3,3,3,3,4),
(12.190468463552,13.1207513064108,13.7297245952271,14.5011076229093,15.2273648025191,
15.9388702822539,16.6195320999349,17.8756600692316,18.7617471476543,19.3872679487619,
20.1690984379669,20.704794715693),.UNSPECIFIED.);
#396=B_SPLINE_CURVE_WITH_KNOTS('',3,(#2339,#2340,#2341,#2342,#2343,#2344),
 .UNSPECIFIED.,.F.,.F.,(4,2,4),(78.4474051600865,79.305109344683,82.7246008695603),
 .UNSPECIFIED.);
#397=B_SPLINE_CURVE_WITH_KNOTS('',3,(#2347,#2348,#2349,#2350,#2351,#2352),
 .UNSPECIFIED.,.F.,.F.,(4,2,4),(33.9484112569086,37.3679027817859,38.2256069663855),
 .UNSPECIFIED.);
#398=B_SPLINE_CURVE_WITH_KNOTS('',3,(#2408,#2409,#2410,#2411,#2412,#2413,
#2414,#2415,#2416,#2417,#2418,#2419,#2420,#2421,#2422,#2423,#2424,#2425,
#2426,#2427),.UNSPECIFIED.,.F.,.F.,(4,2,2,2,2,2,2,2,2,4),(34.9127351775293,
38.4190955790457,41.9254559805621,45.4318163820784,47.1849965828366,48.9381767835948,
51.7103361949859,54.4824956063771,57.2546550177682,60.0268144291593),
 .UNSPECIFIED.);
#399=B_SPLINE_CURVE_WITH_KNOTS('',3,(#2483,#2484,#2485,#2486),
 .UNSPECIFIED.,.F.,.F.,(4,4),(1.17778418712372,1.18032601215112),
 .UNSPECIFIED.);
#400=B_SPLINE_CURVE_WITH_KNOTS('',3,(#2490,#2491,#2492,#2493,#2494,#2495,
#2496,#2497,#2498,#2499,#2500,#2501,#2502,#2503),.UNSPECIFIED.,.F.,.F.,
(4,2,2,2,2,2,4),(-0.00471287127054536,0.,1.97354813189134,3.94905009904726,
7.38822895324736,11.042932888569,11.0476411308264),.UNSPECIFIED.);
#401=B_SPLINE_CURVE_WITH_KNOTS('',3,(#2506,#2507,#2508,#2509),
 .UNSPECIFIED.,.F.,.F.,(4,4),(1.17778418712372,1.18032601215112),
 .UNSPECIFIED.);
#402=B_SPLINE_CURVE_WITH_KNOTS('',3,(#2510,#2511,#2512,#2513,#2514,#2515,
#2516,#2517,#2518,#2519,#2520,#2521,#2522,#2523,#2524,#2525,#2526,#2527,
#2528,#2529,#2530,#2531,#2532,#2533,#2534,#2535,#2536,#2537,#2538),
 .UNSPECIFIED.,.F.,.F.,(4,2,2,2,2,2,2,2,2,2,2,3,2,4),(0.737165782671541,
0.781660840351439,0.84773043748263,0.927869821712807,1.00331826125141,1.05817764087803,
1.1025921150857,1.14717108391453,1.20452629052943,1.28914580436071,1.36305876470472,
1.37409320875466,1.43623476212612,1.44947557121892),.UNSPECIFIED.);
#403=B_SPLINE_CURVE_WITH_KNOTS('',3,(#2558,#2559,#2560,#2561),
 .UNSPECIFIED.,.F.,.F.,(4,4),(1.17778418712372,1.18032601215112),
 .UNSPECIFIED.);
#404=B_SPLINE_CURVE_WITH_KNOTS('',3,(#2612,#2613,#2614,#2615,#2616,#2617,
#2618,#2619,#2620,#2621,#2622,#2623,#2624,#2625),.UNSPECIFIED.,.F.,.F.,
(4,2,2,2,2,2,4),(-0.00471310124296171,0.,3.65839314407342,7.10105640285953,
9.07856169821657,11.0541129521255,11.0588305681255),.UNSPECIFIED.);
#405=B_SPLINE_CURVE_WITH_KNOTS('',3,(#2628,#2629,#2630,#2631),
 .UNSPECIFIED.,.F.,.F.,(4,4),(1.17778418712372,1.18032601215112),
 .UNSPECIFIED.);
#406=B_SPLINE_CURVE_WITH_KNOTS('',3,(#2632,#2633,#2634,#2635,#2636,#2637,
#2638,#2639,#2640,#2641,#2642,#2643,#2644,#2645,#2646,#2647,#2648,#2649,
#2650,#2651,#2652,#2653,#2654,#2655,#2656,#2657,#2658,#2659,#2660),
 .UNSPECIFIED.,.F.,.F.,(4,2,2,2,2,2,2,2,2,2,2,3,2,4),(0.737165782178288,
0.781660843577126,0.84773044132478,0.927869826877435,1.00331826395591,1.05817764286999,
1.10259211700071,1.14717108613137,1.20452629374571,1.28914580980254,1.36305876929992,
1.37409321308071,1.43623476601507,1.44947557224012),.UNSPECIFIED.);
#407=VERTEX_POINT('',#1484);
#408=VERTEX_POINT('',#1485);
#409=VERTEX_POINT('',#1504);
#410=VERTEX_POINT('',#1506);
#411=VERTEX_POINT('',#1569);
#412=VERTEX_POINT('',#1580);
#413=VERTEX_POINT('',#1622);
#414=VERTEX_POINT('',#1623);
#415=VERTEX_POINT('',#1630);
#416=VERTEX_POINT('',#1677);
#417=VERTEX_POINT('',#1686);
#418=VERTEX_POINT('',#1693);
#419=VERTEX_POINT('',#1702);
#420=VERTEX_POINT('',#1703);
#421=VERTEX_POINT('',#1732);
#422=VERTEX_POINT('',#1733);
#423=VERTEX_POINT('',#1740);
#424=VERTEX_POINT('',#1785);
#425=VERTEX_POINT('',#1794);
#426=VERTEX_POINT('',#1801);
#427=VERTEX_POINT('',#1869);
#428=VERTEX_POINT('',#1880);
#429=VERTEX_POINT('',#1893);
#430=VERTEX_POINT('',#1894);
#431=VERTEX_POINT('',#1916);
#432=VERTEX_POINT('',#1918);
#433=VERTEX_POINT('',#1923);
#434=VERTEX_POINT('',#1927);
#435=VERTEX_POINT('',#1929);
#436=VERTEX_POINT('',#1934);
#437=VERTEX_POINT('',#1936);
#438=VERTEX_POINT('',#1938);
#439=VERTEX_POINT('',#1940);
#440=VERTEX_POINT('',#1942);
#441=VERTEX_POINT('',#1948);
#442=VERTEX_POINT('',#1949);
#443=VERTEX_POINT('',#1951);
#444=VERTEX_POINT('',#1953);
#445=VERTEX_POINT('',#1957);
#446=VERTEX_POINT('',#1959);
#447=VERTEX_POINT('',#1966);
#448=VERTEX_POINT('',#1971);
#449=VERTEX_POINT('',#1980);
#450=VERTEX_POINT('',#1982);
#451=VERTEX_POINT('',#1986);
#452=VERTEX_POINT('',#2009);
#453=VERTEX_POINT('',#2021);
#454=VERTEX_POINT('',#2023);
#455=VERTEX_POINT('',#2037);
#456=VERTEX_POINT('',#2039);
#457=VERTEX_POINT('',#2051);
#458=VERTEX_POINT('',#2052);
#459=VERTEX_POINT('',#2054);
#460=VERTEX_POINT('',#2056);
#461=VERTEX_POINT('',#2060);
#462=VERTEX_POINT('',#2062);
#463=VERTEX_POINT('',#2064);
#464=VERTEX_POINT('',#2068);
#465=VERTEX_POINT('',#2070);
#466=VERTEX_POINT('',#2072);
#467=VERTEX_POINT('',#2084);
#468=VERTEX_POINT('',#2085);
#469=VERTEX_POINT('',#2100);
#470=VERTEX_POINT('',#2102);
#471=VERTEX_POINT('',#2106);
#472=VERTEX_POINT('',#2108);
#473=VERTEX_POINT('',#2119);
#474=VERTEX_POINT('',#2121);
#475=VERTEX_POINT('',#2123);
#476=VERTEX_POINT('',#2125);
#477=VERTEX_POINT('',#2139);
#478=VERTEX_POINT('',#2140);
#479=VERTEX_POINT('',#2142);
#480=VERTEX_POINT('',#2149);
#481=VERTEX_POINT('',#2151);
#482=VERTEX_POINT('',#2153);
#483=VERTEX_POINT('',#2166);
#484=VERTEX_POINT('',#2167);
#485=VERTEX_POINT('',#2169);
#486=VERTEX_POINT('',#2180);
#487=VERTEX_POINT('',#2182);
#488=VERTEX_POINT('',#2184);
#489=VERTEX_POINT('',#2220);
#490=VERTEX_POINT('',#2221);
#491=VERTEX_POINT('',#2337);
#492=VERTEX_POINT('',#2346);
#493=VERTEX_POINT('',#2355);
#494=VERTEX_POINT('',#2371);
#495=VERTEX_POINT('',#2383);
#496=VERTEX_POINT('',#2399);
#497=VERTEX_POINT('',#2406);
#498=VERTEX_POINT('',#2429);
#499=VERTEX_POINT('',#2437);
#500=VERTEX_POINT('',#2441);
#501=VERTEX_POINT('',#2482);
#502=VERTEX_POINT('',#2487);
#503=VERTEX_POINT('',#2489);
#504=VERTEX_POINT('',#2504);
#505=VERTEX_POINT('',#2550);
#506=VERTEX_POINT('',#2552);
#507=VERTEX_POINT('',#2554);
#508=VERTEX_POINT('',#2556);
#509=VERTEX_POINT('',#2571);
#510=VERTEX_POINT('',#2611);
#511=VERTEX_POINT('',#2626);
#512=VERTEX_POINT('',#2670);
#513=EDGE_CURVE('',#407,#408,#353,.T.);
#514=EDGE_CURVE('',#408,#409,#307,.T.);
#515=EDGE_CURVE('',#409,#410,#308,.T.);
#516=EDGE_CURVE('',#410,#407,#309,.T.);
#517=EDGE_CURVE('',#409,#411,#354,.T.);
#518=EDGE_CURVE('',#411,#412,#310,.T.);
#519=EDGE_CURVE('',#412,#410,#355,.T.);
#520=EDGE_CURVE('',#413,#414,#356,.T.);
#521=EDGE_CURVE('',#414,#415,#357,.T.);
#522=EDGE_CURVE('',#415,#412,#358,.T.);
#523=EDGE_CURVE('',#411,#413,#359,.T.);
#524=EDGE_CURVE('',#414,#416,#360,.T.);
#525=EDGE_CURVE('',#416,#417,#361,.T.);
#526=EDGE_CURVE('',#417,#418,#311,.T.);
#527=EDGE_CURVE('',#418,#415,#362,.T.);
#528=EDGE_CURVE('',#419,#420,#312,.T.);
#529=EDGE_CURVE('',#420,#418,#52,.T.);
#530=EDGE_CURVE('',#417,#419,#53,.T.);
#531=EDGE_CURVE('',#421,#422,#363,.T.);
#532=EDGE_CURVE('',#422,#423,#364,.T.);
#533=EDGE_CURVE('',#423,#420,#365,.T.);
#534=EDGE_CURVE('',#419,#421,#366,.T.);
#535=EDGE_CURVE('',#422,#424,#367,.T.);
#536=EDGE_CURVE('',#424,#425,#368,.T.);
#537=EDGE_CURVE('',#425,#426,#313,.T.);
#538=EDGE_CURVE('',#426,#423,#369,.T.);
#539=EDGE_CURVE('',#425,#427,#370,.T.);
#540=EDGE_CURVE('',#427,#428,#314,.T.);
#541=EDGE_CURVE('',#428,#426,#371,.T.);
#542=EDGE_CURVE('',#429,#430,#372,.T.);
#543=EDGE_CURVE('',#430,#428,#315,.T.);
#544=EDGE_CURVE('',#427,#429,#316,.T.);
#545=EDGE_CURVE('',#431,#415,#42,.T.);
#546=EDGE_CURVE('',#432,#431,#373,.T.);
#547=EDGE_CURVE('',#432,#433,#317,.T.);
#548=EDGE_CURVE('',#433,#407,#54,.T.);
#549=EDGE_CURVE('',#434,#423,#43,.T.);
#550=EDGE_CURVE('',#435,#434,#374,.T.);
#551=EDGE_CURVE('',#435,#436,#318,.T.);
#552=EDGE_CURVE('',#436,#437,#55,.T.);
#553=EDGE_CURVE('',#437,#438,#56,.T.);
#554=EDGE_CURVE('',#438,#439,#57,.T.);
#555=EDGE_CURVE('',#440,#439,#319,.T.);
#556=EDGE_CURVE('',#431,#440,#375,.T.);
#557=EDGE_CURVE('',#441,#442,#58,.T.);
#558=EDGE_CURVE('',#442,#443,#320,.T.);
#559=EDGE_CURVE('',#443,#444,#59,.T.);
#560=EDGE_CURVE('',#444,#441,#321,.T.);
#561=EDGE_CURVE('',#430,#445,#60,.T.);
#562=EDGE_CURVE('',#446,#445,#322,.T.);
#563=EDGE_CURVE('',#434,#446,#376,.T.);
#564=EDGE_CURVE('',#416,#447,#377,.T.);
#565=EDGE_CURVE('',#448,#447,#378,.F.);
#566=EDGE_CURVE('',#448,#417,#61,.T.);
#567=EDGE_CURVE('',#449,#427,#62,.T.);
#568=EDGE_CURVE('',#450,#449,#323,.T.);
#569=EDGE_CURVE('',#429,#450,#63,.T.);
#570=EDGE_CURVE('',#425,#451,#64,.T.);
#571=EDGE_CURVE('',#451,#449,#379,.T.);
#572=EDGE_CURVE('',#424,#452,#380,.T.);
#573=EDGE_CURVE('',#451,#452,#381,.F.);
#574=EDGE_CURVE('',#419,#453,#65,.T.);
#575=EDGE_CURVE('',#453,#454,#382,.T.);
#576=EDGE_CURVE('',#454,#421,#383,.T.);
#577=EDGE_CURVE('',#453,#448,#66,.T.);
#578=EDGE_CURVE('',#455,#411,#67,.T.);
#579=EDGE_CURVE('',#455,#456,#384,.T.);
#580=EDGE_CURVE('',#456,#413,#385,.T.);
#581=EDGE_CURVE('',#457,#458,#68,.T.);
#582=EDGE_CURVE('',#459,#458,#69,.F.);
#583=EDGE_CURVE('',#460,#459,#70,.T.);
#584=EDGE_CURVE('',#460,#457,#71,.F.);
#585=EDGE_CURVE('',#458,#461,#324,.T.);
#586=EDGE_CURVE('',#461,#462,#325,.T.);
#587=EDGE_CURVE('',#463,#462,#72,.F.);
#588=EDGE_CURVE('',#459,#463,#73,.T.);
#589=EDGE_CURVE('',#464,#457,#326,.T.);
#590=EDGE_CURVE('',#465,#460,#74,.T.);
#591=EDGE_CURVE('',#465,#466,#75,.T.);
#592=EDGE_CURVE('',#466,#464,#327,.T.);
#593=EDGE_CURVE('',#467,#468,#386,.T.);
#594=EDGE_CURVE('',#469,#468,#328,.T.);
#595=EDGE_CURVE('',#469,#470,#329,.F.);
#596=EDGE_CURVE('',#470,#467,#330,.T.);
#597=EDGE_CURVE('',#471,#461,#76,.T.);
#598=EDGE_CURVE('',#471,#472,#387,.T.);
#599=EDGE_CURVE('',#472,#473,#331,.T.);
#600=EDGE_CURVE('',#474,#473,#77,.T.);
#601=EDGE_CURVE('',#475,#474,#332,.T.);
#602=EDGE_CURVE('',#475,#476,#388,.F.);
#603=EDGE_CURVE('',#464,#476,#78,.T.);
#604=EDGE_CURVE('',#462,#466,#79,.T.);
#605=EDGE_CURVE('',#477,#478,#80,.T.);
#606=EDGE_CURVE('',#478,#479,#389,.T.);
#607=EDGE_CURVE('',#479,#480,#333,.T.);
#608=EDGE_CURVE('',#481,#480,#81,.T.);
#609=EDGE_CURVE('',#482,#481,#334,.T.);
#610=EDGE_CURVE('',#482,#477,#390,.F.);
#611=EDGE_CURVE('',#483,#484,#82,.T.);
#612=EDGE_CURVE('',#484,#485,#391,.F.);
#613=EDGE_CURVE('',#485,#486,#335,.T.);
#614=EDGE_CURVE('',#487,#486,#83,.T.);
#615=EDGE_CURVE('',#488,#487,#336,.F.);
#616=EDGE_CURVE('',#488,#483,#392,.T.);
#617=EDGE_CURVE('',#489,#490,#393,.T.);
#618=EDGE_CURVE('',#477,#489,#44,.T.);
#619=EDGE_CURVE('',#472,#482,#394,.T.);
#620=EDGE_CURVE('',#490,#471,#45,.T.);
#621=EDGE_CURVE('',#476,#467,#46,.T.);
#622=EDGE_CURVE('',#485,#475,#395,.T.);
#623=EDGE_CURVE('',#468,#484,#47,.T.);
#624=EDGE_CURVE('',#491,#488,#84,.T.);
#625=EDGE_CURVE('',#483,#491,#396,.T.);
#626=EDGE_CURVE('',#492,#478,#397,.T.);
#627=EDGE_CURVE('',#479,#492,#85,.T.);
#628=EDGE_CURVE('',#493,#492,#337,.T.);
#629=EDGE_CURVE('',#480,#493,#86,.T.);
#630=EDGE_CURVE('',#463,#465,#87,.T.);
#631=EDGE_CURVE('',#473,#481,#338,.T.);
#632=EDGE_CURVE('',#470,#494,#88,.F.);
#633=EDGE_CURVE('',#494,#490,#339,.T.);
#634=EDGE_CURVE('',#494,#495,#340,.F.);
#635=EDGE_CURVE('',#495,#489,#341,.T.);
#636=EDGE_CURVE('',#495,#493,#89,.F.);
#637=EDGE_CURVE('',#486,#474,#342,.T.);
#638=EDGE_CURVE('',#496,#491,#343,.F.);
#639=EDGE_CURVE('',#496,#469,#90,.F.);
#640=EDGE_CURVE('',#487,#496,#91,.F.);
#641=EDGE_CURVE('',#409,#497,#92,.T.);
#642=EDGE_CURVE('',#497,#455,#398,.T.);
#643=EDGE_CURVE('',#408,#498,#93,.T.);
#644=EDGE_CURVE('',#498,#497,#344,.T.);
#645=EDGE_CURVE('',#438,#441,#94,.T.);
#646=EDGE_CURVE('',#437,#438,#95,.T.);
#647=EDGE_CURVE('',#437,#442,#96,.T.);
#648=EDGE_CURVE('',#499,#444,#97,.T.);
#649=EDGE_CURVE('',#438,#499,#98,.T.);
#650=EDGE_CURVE('',#500,#443,#99,.T.);
#651=EDGE_CURVE('',#499,#500,#100,.T.);
#652=EDGE_CURVE('',#500,#437,#101,.T.);
#653=EDGE_CURVE('',#501,#456,#399,.T.);
#654=EDGE_CURVE('',#501,#502,#48,.T.);
#655=EDGE_CURVE('',#502,#503,#400,.T.);
#656=EDGE_CURVE('',#503,#504,#49,.T.);
#657=EDGE_CURVE('',#447,#504,#401,.F.);
#658=EDGE_CURVE('',#440,#432,#402,.T.);
#659=EDGE_CURVE('',#439,#433,#345,.T.);
#660=EDGE_CURVE('',#505,#503,#346,.T.);
#661=EDGE_CURVE('',#506,#505,#102,.T.);
#662=EDGE_CURVE('',#506,#507,#347,.T.);
#663=EDGE_CURVE('',#508,#507,#50,.T.);
#664=EDGE_CURVE('',#508,#454,#403,.T.);
#665=EDGE_CURVE('',#509,#502,#348,.T.);
#666=EDGE_CURVE('',#505,#509,#349,.T.);
#667=EDGE_CURVE('',#509,#498,#103,.T.);
#668=EDGE_CURVE('',#507,#510,#404,.T.);
#669=EDGE_CURVE('',#510,#511,#51,.T.);
#670=EDGE_CURVE('',#452,#511,#405,.F.);
#671=EDGE_CURVE('',#446,#435,#406,.T.);
#672=EDGE_CURVE('',#512,#506,#350,.T.);
#673=EDGE_CURVE('',#512,#510,#351,.T.);
#674=EDGE_CURVE('',#445,#436,#352,.T.);
#675=EDGE_CURVE('',#450,#512,#104,.T.);
#676=ORIENTED_EDGE('',*,*,#513,.T.);
#677=ORIENTED_EDGE('',*,*,#514,.T.);
#678=ORIENTED_EDGE('',*,*,#515,.T.);
#679=ORIENTED_EDGE('',*,*,#516,.T.);
#680=ORIENTED_EDGE('',*,*,#515,.F.);
#681=ORIENTED_EDGE('',*,*,#517,.T.);
#682=ORIENTED_EDGE('',*,*,#518,.T.);
#683=ORIENTED_EDGE('',*,*,#519,.T.);
#684=ORIENTED_EDGE('',*,*,#520,.T.);
#685=ORIENTED_EDGE('',*,*,#521,.T.);
#686=ORIENTED_EDGE('',*,*,#522,.T.);
#687=ORIENTED_EDGE('',*,*,#518,.F.);
#688=ORIENTED_EDGE('',*,*,#523,.T.);
#689=ORIENTED_EDGE('',*,*,#524,.T.);
#690=ORIENTED_EDGE('',*,*,#525,.T.);
#691=ORIENTED_EDGE('',*,*,#526,.T.);
#692=ORIENTED_EDGE('',*,*,#527,.T.);
#693=ORIENTED_EDGE('',*,*,#521,.F.);
#694=ORIENTED_EDGE('',*,*,#528,.T.);
#695=ORIENTED_EDGE('',*,*,#529,.T.);
#696=ORIENTED_EDGE('',*,*,#526,.F.);
#697=ORIENTED_EDGE('',*,*,#530,.T.);
#698=ORIENTED_EDGE('',*,*,#531,.T.);
#699=ORIENTED_EDGE('',*,*,#532,.T.);
#700=ORIENTED_EDGE('',*,*,#533,.T.);
#701=ORIENTED_EDGE('',*,*,#528,.F.);
#702=ORIENTED_EDGE('',*,*,#534,.T.);
#703=ORIENTED_EDGE('',*,*,#535,.T.);
#704=ORIENTED_EDGE('',*,*,#536,.T.);
#705=ORIENTED_EDGE('',*,*,#537,.T.);
#706=ORIENTED_EDGE('',*,*,#538,.T.);
#707=ORIENTED_EDGE('',*,*,#532,.F.);
#708=ORIENTED_EDGE('',*,*,#537,.F.);
#709=ORIENTED_EDGE('',*,*,#539,.T.);
#710=ORIENTED_EDGE('',*,*,#540,.T.);
#711=ORIENTED_EDGE('',*,*,#541,.T.);
#712=ORIENTED_EDGE('',*,*,#542,.T.);
#713=ORIENTED_EDGE('',*,*,#543,.T.);
#714=ORIENTED_EDGE('',*,*,#540,.F.);
#715=ORIENTED_EDGE('',*,*,#544,.T.);
#716=ORIENTED_EDGE('',*,*,#516,.F.);
#717=ORIENTED_EDGE('',*,*,#519,.F.);
#718=ORIENTED_EDGE('',*,*,#522,.F.);
#719=ORIENTED_EDGE('',*,*,#545,.F.);
#720=ORIENTED_EDGE('',*,*,#546,.F.);
#721=ORIENTED_EDGE('',*,*,#547,.T.);
#722=ORIENTED_EDGE('',*,*,#548,.T.);
#723=ORIENTED_EDGE('',*,*,#527,.F.);
#724=ORIENTED_EDGE('',*,*,#529,.F.);
#725=ORIENTED_EDGE('',*,*,#533,.F.);
#726=ORIENTED_EDGE('',*,*,#549,.F.);
#727=ORIENTED_EDGE('',*,*,#550,.F.);
#728=ORIENTED_EDGE('',*,*,#551,.T.);
#729=ORIENTED_EDGE('',*,*,#552,.T.);
#730=ORIENTED_EDGE('',*,*,#553,.T.);
#731=ORIENTED_EDGE('',*,*,#554,.T.);
#732=ORIENTED_EDGE('',*,*,#555,.F.);
#733=ORIENTED_EDGE('',*,*,#556,.F.);
#734=ORIENTED_EDGE('',*,*,#545,.T.);
#735=ORIENTED_EDGE('',*,*,#557,.T.);
#736=ORIENTED_EDGE('',*,*,#558,.T.);
#737=ORIENTED_EDGE('',*,*,#559,.T.);
#738=ORIENTED_EDGE('',*,*,#560,.T.);
#739=ORIENTED_EDGE('',*,*,#538,.F.);
#740=ORIENTED_EDGE('',*,*,#541,.F.);
#741=ORIENTED_EDGE('',*,*,#543,.F.);
#742=ORIENTED_EDGE('',*,*,#561,.T.);
#743=ORIENTED_EDGE('',*,*,#562,.F.);
#744=ORIENTED_EDGE('',*,*,#563,.F.);
#745=ORIENTED_EDGE('',*,*,#549,.T.);
#746=ORIENTED_EDGE('',*,*,#525,.F.);
#747=ORIENTED_EDGE('',*,*,#564,.T.);
#748=ORIENTED_EDGE('',*,*,#565,.F.);
#749=ORIENTED_EDGE('',*,*,#566,.T.);
#750=ORIENTED_EDGE('',*,*,#544,.F.);
#751=ORIENTED_EDGE('',*,*,#567,.F.);
#752=ORIENTED_EDGE('',*,*,#568,.F.);
#753=ORIENTED_EDGE('',*,*,#569,.F.);
#754=ORIENTED_EDGE('',*,*,#539,.F.);
#755=ORIENTED_EDGE('',*,*,#570,.T.);
#756=ORIENTED_EDGE('',*,*,#571,.T.);
#757=ORIENTED_EDGE('',*,*,#567,.T.);
#758=ORIENTED_EDGE('',*,*,#536,.F.);
#759=ORIENTED_EDGE('',*,*,#572,.T.);
#760=ORIENTED_EDGE('',*,*,#573,.F.);
#761=ORIENTED_EDGE('',*,*,#570,.F.);
#762=ORIENTED_EDGE('',*,*,#534,.F.);
#763=ORIENTED_EDGE('',*,*,#574,.T.);
#764=ORIENTED_EDGE('',*,*,#575,.T.);
#765=ORIENTED_EDGE('',*,*,#576,.T.);
#766=ORIENTED_EDGE('',*,*,#530,.F.);
#767=ORIENTED_EDGE('',*,*,#566,.F.);
#768=ORIENTED_EDGE('',*,*,#577,.F.);
#769=ORIENTED_EDGE('',*,*,#574,.F.);
#770=ORIENTED_EDGE('',*,*,#523,.F.);
#771=ORIENTED_EDGE('',*,*,#578,.F.);
#772=ORIENTED_EDGE('',*,*,#579,.T.);
#773=ORIENTED_EDGE('',*,*,#580,.T.);
#774=ORIENTED_EDGE('',*,*,#581,.T.);
#775=ORIENTED_EDGE('',*,*,#582,.F.);
#776=ORIENTED_EDGE('',*,*,#583,.F.);
#777=ORIENTED_EDGE('',*,*,#584,.T.);
#778=ORIENTED_EDGE('',*,*,#585,.T.);
#779=ORIENTED_EDGE('',*,*,#586,.T.);
#780=ORIENTED_EDGE('',*,*,#587,.F.);
#781=ORIENTED_EDGE('',*,*,#588,.F.);
#782=ORIENTED_EDGE('',*,*,#582,.T.);
#783=ORIENTED_EDGE('',*,*,#589,.T.);
#784=ORIENTED_EDGE('',*,*,#584,.F.);
#785=ORIENTED_EDGE('',*,*,#590,.F.);
#786=ORIENTED_EDGE('',*,*,#591,.T.);
#787=ORIENTED_EDGE('',*,*,#592,.T.);
#788=ORIENTED_EDGE('',*,*,#593,.T.);
#789=ORIENTED_EDGE('',*,*,#594,.F.);
#790=ORIENTED_EDGE('',*,*,#595,.T.);
#791=ORIENTED_EDGE('',*,*,#596,.T.);
#792=ORIENTED_EDGE('',*,*,#597,.F.);
#793=ORIENTED_EDGE('',*,*,#598,.T.);
#794=ORIENTED_EDGE('',*,*,#599,.T.);
#795=ORIENTED_EDGE('',*,*,#600,.F.);
#796=ORIENTED_EDGE('',*,*,#601,.F.);
#797=ORIENTED_EDGE('',*,*,#602,.T.);
#798=ORIENTED_EDGE('',*,*,#603,.F.);
#799=ORIENTED_EDGE('',*,*,#592,.F.);
#800=ORIENTED_EDGE('',*,*,#604,.F.);
#801=ORIENTED_EDGE('',*,*,#586,.F.);
#802=ORIENTED_EDGE('',*,*,#605,.T.);
#803=ORIENTED_EDGE('',*,*,#606,.T.);
#804=ORIENTED_EDGE('',*,*,#607,.T.);
#805=ORIENTED_EDGE('',*,*,#608,.F.);
#806=ORIENTED_EDGE('',*,*,#609,.F.);
#807=ORIENTED_EDGE('',*,*,#610,.T.);
#808=ORIENTED_EDGE('',*,*,#611,.T.);
#809=ORIENTED_EDGE('',*,*,#612,.T.);
#810=ORIENTED_EDGE('',*,*,#613,.T.);
#811=ORIENTED_EDGE('',*,*,#614,.F.);
#812=ORIENTED_EDGE('',*,*,#615,.F.);
#813=ORIENTED_EDGE('',*,*,#616,.T.);
#814=ORIENTED_EDGE('',*,*,#617,.F.);
#815=ORIENTED_EDGE('',*,*,#618,.F.);
#816=ORIENTED_EDGE('',*,*,#610,.F.);
#817=ORIENTED_EDGE('',*,*,#619,.F.);
#818=ORIENTED_EDGE('',*,*,#598,.F.);
#819=ORIENTED_EDGE('',*,*,#620,.F.);
#820=ORIENTED_EDGE('',*,*,#593,.F.);
#821=ORIENTED_EDGE('',*,*,#621,.F.);
#822=ORIENTED_EDGE('',*,*,#602,.F.);
#823=ORIENTED_EDGE('',*,*,#622,.F.);
#824=ORIENTED_EDGE('',*,*,#612,.F.);
#825=ORIENTED_EDGE('',*,*,#623,.F.);
#826=ORIENTED_EDGE('',*,*,#616,.F.);
#827=ORIENTED_EDGE('',*,*,#624,.F.);
#828=ORIENTED_EDGE('',*,*,#625,.F.);
#829=ORIENTED_EDGE('',*,*,#626,.F.);
#830=ORIENTED_EDGE('',*,*,#627,.F.);
#831=ORIENTED_EDGE('',*,*,#606,.F.);
#832=ORIENTED_EDGE('',*,*,#627,.T.);
#833=ORIENTED_EDGE('',*,*,#628,.F.);
#834=ORIENTED_EDGE('',*,*,#629,.F.);
#835=ORIENTED_EDGE('',*,*,#607,.F.);
#836=ORIENTED_EDGE('',*,*,#604,.T.);
#837=ORIENTED_EDGE('',*,*,#591,.F.);
#838=ORIENTED_EDGE('',*,*,#630,.F.);
#839=ORIENTED_EDGE('',*,*,#587,.T.);
#840=ORIENTED_EDGE('',*,*,#619,.T.);
#841=ORIENTED_EDGE('',*,*,#609,.T.);
#842=ORIENTED_EDGE('',*,*,#631,.F.);
#843=ORIENTED_EDGE('',*,*,#599,.F.);
#844=ORIENTED_EDGE('',*,*,#581,.F.);
#845=ORIENTED_EDGE('',*,*,#589,.F.);
#846=ORIENTED_EDGE('',*,*,#603,.T.);
#847=ORIENTED_EDGE('',*,*,#621,.T.);
#848=ORIENTED_EDGE('',*,*,#596,.F.);
#849=ORIENTED_EDGE('',*,*,#632,.T.);
#850=ORIENTED_EDGE('',*,*,#633,.T.);
#851=ORIENTED_EDGE('',*,*,#620,.T.);
#852=ORIENTED_EDGE('',*,*,#597,.T.);
#853=ORIENTED_EDGE('',*,*,#585,.F.);
#854=ORIENTED_EDGE('',*,*,#617,.T.);
#855=ORIENTED_EDGE('',*,*,#633,.F.);
#856=ORIENTED_EDGE('',*,*,#634,.T.);
#857=ORIENTED_EDGE('',*,*,#635,.T.);
#858=ORIENTED_EDGE('',*,*,#605,.F.);
#859=ORIENTED_EDGE('',*,*,#618,.T.);
#860=ORIENTED_EDGE('',*,*,#635,.F.);
#861=ORIENTED_EDGE('',*,*,#636,.T.);
#862=ORIENTED_EDGE('',*,*,#628,.T.);
#863=ORIENTED_EDGE('',*,*,#626,.T.);
#864=ORIENTED_EDGE('',*,*,#622,.T.);
#865=ORIENTED_EDGE('',*,*,#601,.T.);
#866=ORIENTED_EDGE('',*,*,#637,.F.);
#867=ORIENTED_EDGE('',*,*,#613,.F.);
#868=ORIENTED_EDGE('',*,*,#611,.F.);
#869=ORIENTED_EDGE('',*,*,#625,.T.);
#870=ORIENTED_EDGE('',*,*,#638,.F.);
#871=ORIENTED_EDGE('',*,*,#639,.T.);
#872=ORIENTED_EDGE('',*,*,#594,.T.);
#873=ORIENTED_EDGE('',*,*,#623,.T.);
#874=ORIENTED_EDGE('',*,*,#640,.F.);
#875=ORIENTED_EDGE('',*,*,#614,.T.);
#876=ORIENTED_EDGE('',*,*,#637,.T.);
#877=ORIENTED_EDGE('',*,*,#600,.T.);
#878=ORIENTED_EDGE('',*,*,#631,.T.);
#879=ORIENTED_EDGE('',*,*,#608,.T.);
#880=ORIENTED_EDGE('',*,*,#629,.T.);
#881=ORIENTED_EDGE('',*,*,#636,.F.);
#882=ORIENTED_EDGE('',*,*,#634,.F.);
#883=ORIENTED_EDGE('',*,*,#632,.F.);
#884=ORIENTED_EDGE('',*,*,#595,.F.);
#885=ORIENTED_EDGE('',*,*,#639,.F.);
#886=ORIENTED_EDGE('',*,*,#624,.T.);
#887=ORIENTED_EDGE('',*,*,#615,.T.);
#888=ORIENTED_EDGE('',*,*,#640,.T.);
#889=ORIENTED_EDGE('',*,*,#638,.T.);
#890=ORIENTED_EDGE('',*,*,#517,.F.);
#891=ORIENTED_EDGE('',*,*,#641,.T.);
#892=ORIENTED_EDGE('',*,*,#642,.T.);
#893=ORIENTED_EDGE('',*,*,#578,.T.);
#894=ORIENTED_EDGE('',*,*,#514,.F.);
#895=ORIENTED_EDGE('',*,*,#643,.T.);
#896=ORIENTED_EDGE('',*,*,#644,.T.);
#897=ORIENTED_EDGE('',*,*,#641,.F.);
#898=ORIENTED_EDGE('',*,*,#557,.F.);
#899=ORIENTED_EDGE('',*,*,#645,.F.);
#900=ORIENTED_EDGE('',*,*,#646,.F.);
#901=ORIENTED_EDGE('',*,*,#647,.T.);
#902=ORIENTED_EDGE('',*,*,#560,.F.);
#903=ORIENTED_EDGE('',*,*,#648,.F.);
#904=ORIENTED_EDGE('',*,*,#649,.F.);
#905=ORIENTED_EDGE('',*,*,#645,.T.);
#906=ORIENTED_EDGE('',*,*,#559,.F.);
#907=ORIENTED_EDGE('',*,*,#650,.F.);
#908=ORIENTED_EDGE('',*,*,#651,.F.);
#909=ORIENTED_EDGE('',*,*,#648,.T.);
#910=ORIENTED_EDGE('',*,*,#558,.F.);
#911=ORIENTED_EDGE('',*,*,#647,.F.);
#912=ORIENTED_EDGE('',*,*,#652,.F.);
#913=ORIENTED_EDGE('',*,*,#650,.T.);
#914=ORIENTED_EDGE('',*,*,#646,.T.);
#915=ORIENTED_EDGE('',*,*,#649,.T.);
#916=ORIENTED_EDGE('',*,*,#651,.T.);
#917=ORIENTED_EDGE('',*,*,#652,.T.);
#918=ORIENTED_EDGE('',*,*,#583,.T.);
#919=ORIENTED_EDGE('',*,*,#588,.T.);
#920=ORIENTED_EDGE('',*,*,#630,.T.);
#921=ORIENTED_EDGE('',*,*,#590,.T.);
#922=ORIENTED_EDGE('',*,*,#520,.F.);
#923=ORIENTED_EDGE('',*,*,#580,.F.);
#924=ORIENTED_EDGE('',*,*,#653,.F.);
#925=ORIENTED_EDGE('',*,*,#654,.T.);
#926=ORIENTED_EDGE('',*,*,#655,.T.);
#927=ORIENTED_EDGE('',*,*,#656,.T.);
#928=ORIENTED_EDGE('',*,*,#657,.F.);
#929=ORIENTED_EDGE('',*,*,#564,.F.);
#930=ORIENTED_EDGE('',*,*,#524,.F.);
#931=ORIENTED_EDGE('',*,*,#556,.T.);
#932=ORIENTED_EDGE('',*,*,#658,.T.);
#933=ORIENTED_EDGE('',*,*,#546,.T.);
#934=ORIENTED_EDGE('',*,*,#658,.F.);
#935=ORIENTED_EDGE('',*,*,#555,.T.);
#936=ORIENTED_EDGE('',*,*,#659,.T.);
#937=ORIENTED_EDGE('',*,*,#547,.F.);
#938=ORIENTED_EDGE('',*,*,#656,.F.);
#939=ORIENTED_EDGE('',*,*,#660,.F.);
#940=ORIENTED_EDGE('',*,*,#661,.F.);
#941=ORIENTED_EDGE('',*,*,#662,.T.);
#942=ORIENTED_EDGE('',*,*,#663,.F.);
#943=ORIENTED_EDGE('',*,*,#664,.T.);
#944=ORIENTED_EDGE('',*,*,#575,.F.);
#945=ORIENTED_EDGE('',*,*,#577,.T.);
#946=ORIENTED_EDGE('',*,*,#565,.T.);
#947=ORIENTED_EDGE('',*,*,#657,.T.);
#948=ORIENTED_EDGE('',*,*,#655,.F.);
#949=ORIENTED_EDGE('',*,*,#665,.F.);
#950=ORIENTED_EDGE('',*,*,#666,.F.);
#951=ORIENTED_EDGE('',*,*,#660,.T.);
#952=ORIENTED_EDGE('',*,*,#642,.F.);
#953=ORIENTED_EDGE('',*,*,#644,.F.);
#954=ORIENTED_EDGE('',*,*,#667,.F.);
#955=ORIENTED_EDGE('',*,*,#665,.T.);
#956=ORIENTED_EDGE('',*,*,#654,.F.);
#957=ORIENTED_EDGE('',*,*,#653,.T.);
#958=ORIENTED_EDGE('',*,*,#579,.F.);
#959=ORIENTED_EDGE('',*,*,#531,.F.);
#960=ORIENTED_EDGE('',*,*,#576,.F.);
#961=ORIENTED_EDGE('',*,*,#664,.F.);
#962=ORIENTED_EDGE('',*,*,#663,.T.);
#963=ORIENTED_EDGE('',*,*,#668,.T.);
#964=ORIENTED_EDGE('',*,*,#669,.T.);
#965=ORIENTED_EDGE('',*,*,#670,.F.);
#966=ORIENTED_EDGE('',*,*,#572,.F.);
#967=ORIENTED_EDGE('',*,*,#535,.F.);
#968=ORIENTED_EDGE('',*,*,#550,.T.);
#969=ORIENTED_EDGE('',*,*,#563,.T.);
#970=ORIENTED_EDGE('',*,*,#671,.T.);
#971=ORIENTED_EDGE('',*,*,#668,.F.);
#972=ORIENTED_EDGE('',*,*,#662,.F.);
#973=ORIENTED_EDGE('',*,*,#672,.F.);
#974=ORIENTED_EDGE('',*,*,#673,.T.);
#975=ORIENTED_EDGE('',*,*,#671,.F.);
#976=ORIENTED_EDGE('',*,*,#562,.T.);
#977=ORIENTED_EDGE('',*,*,#674,.T.);
#978=ORIENTED_EDGE('',*,*,#551,.F.);
#979=ORIENTED_EDGE('',*,*,#571,.F.);
#980=ORIENTED_EDGE('',*,*,#573,.T.);
#981=ORIENTED_EDGE('',*,*,#670,.T.);
#982=ORIENTED_EDGE('',*,*,#669,.F.);
#983=ORIENTED_EDGE('',*,*,#673,.F.);
#984=ORIENTED_EDGE('',*,*,#675,.F.);
#985=ORIENTED_EDGE('',*,*,#568,.T.);
#986=ORIENTED_EDGE('',*,*,#513,.F.);
#987=ORIENTED_EDGE('',*,*,#548,.F.);
#988=ORIENTED_EDGE('',*,*,#659,.F.);
#989=ORIENTED_EDGE('',*,*,#554,.F.);
#990=ORIENTED_EDGE('',*,*,#553,.F.);
#991=ORIENTED_EDGE('',*,*,#552,.F.);
#992=ORIENTED_EDGE('',*,*,#674,.F.);
#993=ORIENTED_EDGE('',*,*,#561,.F.);
#994=ORIENTED_EDGE('',*,*,#542,.F.);
#995=ORIENTED_EDGE('',*,*,#569,.T.);
#996=ORIENTED_EDGE('',*,*,#675,.T.);
#997=ORIENTED_EDGE('',*,*,#672,.T.);
#998=ORIENTED_EDGE('',*,*,#661,.T.);
#999=ORIENTED_EDGE('',*,*,#666,.T.);
#1000=ORIENTED_EDGE('',*,*,#667,.T.);
#1001=ORIENTED_EDGE('',*,*,#643,.F.);
#1002=TOROIDAL_SURFACE('',#1142,522.844637257986,5.);
#1003=TOROIDAL_SURFACE('',#1152,522.844637257986,5.);
#1004=STYLED_ITEM('',(#2706),#1062);
#1005=STYLED_ITEM('',(#2706),#1063);
#1006=STYLED_ITEM('',(#2706),#1064);
#1007=STYLED_ITEM('',(#2706),#1065);
#1008=STYLED_ITEM('',(#2706),#1066);
#1009=STYLED_ITEM('',(#2706),#1067);
#1010=STYLED_ITEM('',(#2706),#1068);
#1011=STYLED_ITEM('',(#2706),#1069);
#1012=STYLED_ITEM('',(#2706),#1070);
#1013=STYLED_ITEM('',(#2706),#1071);
#1014=STYLED_ITEM('',(#2706),#1072);
#1015=STYLED_ITEM('',(#2706),#1073);
#1016=STYLED_ITEM('',(#2706),#1074);
#1017=STYLED_ITEM('',(#2706),#1075);
#1018=STYLED_ITEM('',(#2706),#1076);
#1019=STYLED_ITEM('',(#2706),#1077);
#1020=STYLED_ITEM('',(#2706),#1078);
#1021=STYLED_ITEM('',(#2706),#1079);
#1022=STYLED_ITEM('',(#2706),#1080);
#1023=STYLED_ITEM('',(#2706),#1081);
#1024=STYLED_ITEM('',(#2706),#1082);
#1025=STYLED_ITEM('',(#2706),#1083);
#1026=STYLED_ITEM('',(#2706),#1084);
#1027=STYLED_ITEM('',(#2706),#1085);
#1028=STYLED_ITEM('',(#2706),#1086);
#1029=STYLED_ITEM('',(#2706),#1087);
#1030=STYLED_ITEM('',(#2706),#1088);
#1031=STYLED_ITEM('',(#2706),#1089);
#1032=STYLED_ITEM('',(#2706),#1090);
#1033=STYLED_ITEM('',(#2706),#1091);
#1034=STYLED_ITEM('',(#2706),#1092);
#1035=STYLED_ITEM('',(#2706),#1093);
#1036=STYLED_ITEM('',(#2706),#1094);
#1037=STYLED_ITEM('',(#2706),#1095);
#1038=STYLED_ITEM('',(#2706),#1096);
#1039=STYLED_ITEM('',(#2706),#1097);
#1040=STYLED_ITEM('',(#2706),#1098);
#1041=STYLED_ITEM('',(#2706),#1099);
#1042=STYLED_ITEM('',(#2706),#1100);
#1043=STYLED_ITEM('',(#2706),#1101);
#1044=STYLED_ITEM('',(#2706),#1102);
#1045=STYLED_ITEM('',(#2706),#1103);
#1046=STYLED_ITEM('',(#2706),#1104);
#1047=STYLED_ITEM('',(#2706),#1105);
#1048=STYLED_ITEM('',(#2706),#1106);
#1049=STYLED_ITEM('',(#2706),#1107);
#1050=STYLED_ITEM('',(#2706),#1108);
#1051=STYLED_ITEM('',(#2706),#1109);
#1052=STYLED_ITEM('',(#2706),#1110);
#1053=STYLED_ITEM('',(#2706),#1111);
#1054=STYLED_ITEM('',(#2706),#1112);
#1055=STYLED_ITEM('',(#2706),#1113);
#1056=STYLED_ITEM('',(#2706),#1114);
#1057=STYLED_ITEM('',(#2706),#1115);
#1058=STYLED_ITEM('',(#2706),#1116);
#1059=STYLED_ITEM('',(#2706),#1117);
#1060=STYLED_ITEM('',(#2706),#1118);
#1061=STYLED_ITEM('',(#2705),#13);
#1062=ADVANCED_FACE('',(#189),#1002,.T.);
#1063=ADVANCED_FACE('',(#190),#179,.F.);
#1064=ADVANCED_FACE('',(#191),#180,.F.);
#1065=ADVANCED_FACE('',(#192),#181,.F.);
#1066=ADVANCED_FACE('',(#193),#158,.T.);
#1067=ADVANCED_FACE('',(#194),#182,.F.);
#1068=ADVANCED_FACE('',(#195),#183,.F.);
#1069=ADVANCED_FACE('',(#196),#184,.F.);
#1070=ADVANCED_FACE('',(#197),#1003,.T.);
#1071=ADVANCED_FACE('',(#198),#159,.F.);
#1072=ADVANCED_FACE('',(#199,#38),#160,.F.);
#1073=ADVANCED_FACE('',(#200),#161,.F.);
#1074=ADVANCED_FACE('',(#201),#162,.F.);
#1075=ADVANCED_FACE('',(#202),#22,.F.);
#1076=ADVANCED_FACE('',(#203),#163,.T.);
#1077=ADVANCED_FACE('',(#204),#164,.F.);
#1078=ADVANCED_FACE('',(#205),#165,.F.);
#1079=ADVANCED_FACE('',(#206),#23,.T.);
#1080=ADVANCED_FACE('',(#207),#166,.F.);
#1081=ADVANCED_FACE('',(#208),#24,.F.);
#1082=ADVANCED_FACE('',(#209),#25,.F.);
#1083=ADVANCED_FACE('',(#210),#26,.F.);
#1084=ADVANCED_FACE('',(#211),#14,.T.);
#1085=ADVANCED_FACE('',(#212),#167,.T.);
#1086=ADVANCED_FACE('',(#213),#168,.T.);
#1087=ADVANCED_FACE('',(#214),#169,.T.);
#1088=ADVANCED_FACE('',(#215),#185,.T.);
#1089=ADVANCED_FACE('',(#216),#186,.T.);
#1090=ADVANCED_FACE('',(#217),#170,.F.);
#1091=ADVANCED_FACE('',(#218),#171,.F.);
#1092=ADVANCED_FACE('',(#219),#27,.F.);
#1093=ADVANCED_FACE('',(#220),#28,.F.);
#1094=ADVANCED_FACE('',(#221),#15,.F.);
#1095=ADVANCED_FACE('',(#222),#172,.F.);
#1096=ADVANCED_FACE('',(#223),#16,.T.);
#1097=ADVANCED_FACE('',(#224),#173,.F.);
#1098=ADVANCED_FACE('',(#225),#17,.F.);
#1099=ADVANCED_FACE('',(#226),#174,.F.);
#1100=ADVANCED_FACE('',(#227),#29,.F.);
#1101=ADVANCED_FACE('',(#228),#30,.T.);
#1102=ADVANCED_FACE('',(#229),#175,.T.);
#1103=ADVANCED_FACE('',(#230),#31,.T.);
#1104=ADVANCED_FACE('',(#231),#32,.T.);
#1105=ADVANCED_FACE('',(#232),#33,.T.);
#1106=ADVANCED_FACE('',(#233),#34,.T.);
#1107=ADVANCED_FACE('',(#234),#35,.T.);
#1108=ADVANCED_FACE('',(#235,#39),#36,.T.);
#1109=ADVANCED_FACE('',(#236,#40),#187,.F.);
#1110=ADVANCED_FACE('',(#237),#18,.T.);
#1111=ADVANCED_FACE('',(#238),#176,.T.);
#1112=ADVANCED_FACE('',(#239),#19,.F.);
#1113=ADVANCED_FACE('',(#240),#177,.T.);
#1114=ADVANCED_FACE('',(#241,#41),#188,.F.);
#1115=ADVANCED_FACE('',(#242),#20,.F.);
#1116=ADVANCED_FACE('',(#243),#21,.T.);
#1117=ADVANCED_FACE('',(#244),#178,.T.);
#1118=ADVANCED_FACE('',(#245),#37,.T.);
#1119=CLOSED_SHELL('',(#1062,#1063,#1064,#1065,#1066,#1067,#1068,#1069,
#1070,#1071,#1072,#1073,#1074,#1075,#1076,#1077,#1078,#1079,#1080,#1081,
#1082,#1083,#1084,#1085,#1086,#1087,#1088,#1089,#1090,#1091,#1092,#1093,
#1094,#1095,#1096,#1097,#1098,#1099,#1100,#1101,#1102,#1103,#1104,#1105,
#1106,#1107,#1108,#1109,#1110,#1111,#1112,#1113,#1114,#1115,#1116,#1117,
#1118));
#1120=DERIVED_UNIT_ELEMENT(#1123,1.);
#1121=DERIVED_UNIT_ELEMENT(#2691,-3.);
#1122=DIMENSIONAL_EXPONENTS(0.,1.,0.,0.,0.,0.,0.);
#1123=(
CONVERSION_BASED_UNIT('gram',#1125)
MASS_UNIT()
NAMED_UNIT(#1122)
);
#1124=(
MASS_UNIT()
NAMED_UNIT(*)
SI_UNIT(.KILO.,.GRAM.)
);
#1125=MASS_MEASURE_WITH_UNIT(MASS_MEASURE(0.001),#1124);
#1126=DERIVED_UNIT((#1120,#1121));
#1127=MEASURE_REPRESENTATION_ITEM('density measure',
POSITIVE_RATIO_MEASURE(1.),#1126);
#1128=PROPERTY_DEFINITION_REPRESENTATION(#1133,#1130);
#1129=PROPERTY_DEFINITION_REPRESENTATION(#1134,#1131);
#1130=REPRESENTATION('material name',(#1132),#2688);
#1131=REPRESENTATION('density',(#1127),#2688);
#1132=DESCRIPTIVE_REPRESENTATION_ITEM('Generisch','Generisch');
#1133=PROPERTY_DEFINITION('material property','material name',#2698);
#1134=PROPERTY_DEFINITION('material property','density of part',#2698);
#1135=DATE_TIME_ROLE('creation_date');
#1136=APPLIED_DATE_AND_TIME_ASSIGNMENT(#1137,#1135,(#2698));
#1137=DATE_AND_TIME(#1138,#1139);
#1138=CALENDAR_DATE(2026,24,1);
#1139=LOCAL_TIME(0,0,0.,#1140);
#1140=COORDINATED_UNIVERSAL_TIME_OFFSET(0,0,.BEHIND.);
#1141=AXIS2_PLACEMENT_3D('',#1482,#1237,#1238);
#1142=AXIS2_PLACEMENT_3D('',#1483,#1239,#1240);
#1143=AXIS2_PLACEMENT_3D('',#1505,#1241,#1242);
#1144=AXIS2_PLACEMENT_3D('',#1507,#1243,#1244);
#1145=AXIS2_PLACEMENT_3D('',#1508,#1245,#1246);
#1146=AXIS2_PLACEMENT_3D('',#1581,#1247,#1248);
#1147=AXIS2_PLACEMENT_3D('',#1694,#1249,#1250);
#1148=AXIS2_PLACEMENT_3D('',#1701,#1251,#1252);
#1149=AXIS2_PLACEMENT_3D('',#1704,#1253,#1254);
#1150=AXIS2_PLACEMENT_3D('',#1802,#1257,#1258);
#1151=AXIS2_PLACEMENT_3D('',#1881,#1259,#1260);
#1152=AXIS2_PLACEMENT_3D('',#1892,#1261,#1262);
#1153=AXIS2_PLACEMENT_3D('',#1913,#1263,#1264);
#1154=AXIS2_PLACEMENT_3D('',#1914,#1265,#1266);
#1155=AXIS2_PLACEMENT_3D('',#1915,#1267,#1268);
#1156=AXIS2_PLACEMENT_3D('',#1917,#1269,#1270);
#1157=AXIS2_PLACEMENT_3D('',#1924,#1271,#1272);
#1158=AXIS2_PLACEMENT_3D('',#1926,#1274,#1275);
#1159=AXIS2_PLACEMENT_3D('',#1928,#1276,#1277);
#1160=AXIS2_PLACEMENT_3D('',#1935,#1278,#1279);
#1161=AXIS2_PLACEMENT_3D('',#1943,#1283,#1284);
#1162=AXIS2_PLACEMENT_3D('',#1952,#1286,#1287);
#1163=AXIS2_PLACEMENT_3D('',#1955,#1289,#1290);
#1164=AXIS2_PLACEMENT_3D('',#1956,#1291,#1292);
#1165=AXIS2_PLACEMENT_3D('',#1960,#1294,#1295);
#1166=AXIS2_PLACEMENT_3D('',#1965,#1296,#1297);
#1167=AXIS2_PLACEMENT_3D('',#1979,#1299,#1300);
#1168=AXIS2_PLACEMENT_3D('',#1983,#1302,#1303);
#1169=AXIS2_PLACEMENT_3D('',#1985,#1305,#1306);
#1170=AXIS2_PLACEMENT_3D('',#2008,#1308,#1309);
#1171=AXIS2_PLACEMENT_3D('',#2020,#1310,#1311);
#1172=AXIS2_PLACEMENT_3D('',#2034,#1313,#1314);
#1173=AXIS2_PLACEMENT_3D('',#2036,#1316,#1317);
#1174=AXIS2_PLACEMENT_3D('',#2050,#1319,#1320);
#1175=AXIS2_PLACEMENT_3D('',#2059,#1325,#1326);
#1176=AXIS2_PLACEMENT_3D('',#2061,#1327,#1328);
#1177=AXIS2_PLACEMENT_3D('',#2063,#1329,#1330);
#1178=AXIS2_PLACEMENT_3D('',#2067,#1333,#1334);
#1179=AXIS2_PLACEMENT_3D('',#2069,#1335,#1336);
#1180=AXIS2_PLACEMENT_3D('',#2074,#1339,#1340);
#1181=AXIS2_PLACEMENT_3D('',#2101,#1341,#1342);
#1182=AXIS2_PLACEMENT_3D('',#2103,#1343,#1344);
#1183=AXIS2_PLACEMENT_3D('',#2104,#1345,#1346);
#1184=AXIS2_PLACEMENT_3D('',#2105,#1347,#1348);
#1185=AXIS2_PLACEMENT_3D('',#2120,#1350,#1351);
#1186=AXIS2_PLACEMENT_3D('',#2124,#1353,#1354);
#1187=AXIS2_PLACEMENT_3D('',#2138,#1357,#1358);
#1188=AXIS2_PLACEMENT_3D('',#2150,#1360,#1361);
#1189=AXIS2_PLACEMENT_3D('',#2154,#1363,#1364);
#1190=AXIS2_PLACEMENT_3D('',#2165,#1365,#1366);
#1191=AXIS2_PLACEMENT_3D('',#2181,#1368,#1369);
#1192=AXIS2_PLACEMENT_3D('',#2185,#1371,#1372);
#1193=AXIS2_PLACEMENT_3D('',#2236,#1373,#1374);
#1194=AXIS2_PLACEMENT_3D('',#2271,#1375,#1376);
#1195=AXIS2_PLACEMENT_3D('',#2300,#1377,#1378);
#1196=AXIS2_PLACEMENT_3D('',#2335,#1379,#1380);
#1197=AXIS2_PLACEMENT_3D('',#2336,#1381,#1382);
#1198=AXIS2_PLACEMENT_3D('',#2345,#1384,#1385);
#1199=AXIS2_PLACEMENT_3D('',#2354,#1387,#1388);
#1200=AXIS2_PLACEMENT_3D('',#2356,#1389,#1390);
#1201=AXIS2_PLACEMENT_3D('',#2358,#1392,#1393);
#1202=AXIS2_PLACEMENT_3D('',#2369,#1395,#1396);
#1203=AXIS2_PLACEMENT_3D('',#2370,#1397,#1398);
#1204=AXIS2_PLACEMENT_3D('',#2373,#1400,#1401);
#1205=AXIS2_PLACEMENT_3D('',#2384,#1402,#1403);
#1206=AXIS2_PLACEMENT_3D('',#2385,#1404,#1405);
#1207=AXIS2_PLACEMENT_3D('',#2386,#1406,#1407);
#1208=AXIS2_PLACEMENT_3D('',#2397,#1409,#1410);
#1209=AXIS2_PLACEMENT_3D('',#2398,#1411,#1412);
#1210=AXIS2_PLACEMENT_3D('',#2400,#1413,#1414);
#1211=AXIS2_PLACEMENT_3D('',#2402,#1416,#1417);
#1212=AXIS2_PLACEMENT_3D('',#2404,#1419,#1420);
#1213=AXIS2_PLACEMENT_3D('',#2405,#1421,#1422);
#1214=AXIS2_PLACEMENT_3D('',#2428,#1424,#1425);
#1215=AXIS2_PLACEMENT_3D('',#2431,#1427,#1428);
#1216=AXIS2_PLACEMENT_3D('',#2432,#1429,#1430);
#1217=AXIS2_PLACEMENT_3D('',#2436,#1434,#1435);
#1218=AXIS2_PLACEMENT_3D('',#2440,#1438,#1439);
#1219=AXIS2_PLACEMENT_3D('',#2444,#1442,#1443);
#1220=AXIS2_PLACEMENT_3D('',#2446,#1445,#1446);
#1221=AXIS2_PLACEMENT_3D('',#2488,#1447,#1448);
#1222=AXIS2_PLACEMENT_3D('',#2505,#1449,#1450);
#1223=AXIS2_PLACEMENT_3D('',#2548,#1451,#1452);
#1224=AXIS2_PLACEMENT_3D('',#2549,#1453,#1454);
#1225=AXIS2_PLACEMENT_3D('',#2551,#1455,#1456);
#1226=AXIS2_PLACEMENT_3D('',#2555,#1458,#1459);
#1227=AXIS2_PLACEMENT_3D('',#2557,#1460,#1461);
#1228=AXIS2_PLACEMENT_3D('',#2572,#1462,#1463);
#1229=AXIS2_PLACEMENT_3D('',#2573,#1464,#1465);
#1230=AXIS2_PLACEMENT_3D('',#2574,#1466,#1467);
#1231=AXIS2_PLACEMENT_3D('',#2627,#1469,#1470);
#1232=AXIS2_PLACEMENT_3D('',#2671,#1471,#1472);
#1233=AXIS2_PLACEMENT_3D('',#2672,#1473,#1474);
#1234=AXIS2_PLACEMENT_3D('',#2682,#1475,#1476);
#1235=AXIS2_PLACEMENT_3D('',#2683,#1477,#1478);
#1236=AXIS2_PLACEMENT_3D('',#2685,#1480,#1481);
#1237=DIRECTION('axis',(0.,0.,1.));
#1238=DIRECTION('refdir',(1.,0.,0.));
#1239=DIRECTION('center_axis',(1.,0.,-6.12323399573677E-17));
#1240=DIRECTION('ref_axis',(1.07689677697768E-16,0.309534681509634,0.95088815375034));
#1241=DIRECTION('center_axis',(-1.,0.,6.12323399573677E-17));
#1242=DIRECTION('ref_axis',(5.83175465394302E-17,0.304858015397076,0.952397811026546));
#1243=DIRECTION('center_axis',(0.,-0.71160780505512,0.702576922325687));
#1244=DIRECTION('ref_axis',(-1.,0.,0.));
#1245=DIRECTION('center_axis',(1.,0.,-6.12323399573677E-17));
#1246=DIRECTION('ref_axis',(5.78861293680742E-17,0.304858015397076,0.952397811026546));
#1247=DIRECTION('center_axis',(-1.,0.,0.));
#1248=DIRECTION('ref_axis',(0.,-2.8421709430404E-14,-1.));
#1249=DIRECTION('center_axis',(1.4210854715202E-14,-6.85126509697837E-15,
1.));
#1250=DIRECTION('ref_axis',(-1.,0.,1.4210854715202E-14));
#1251=DIRECTION('center_axis',(8.32667268468868E-18,0.,1.));
#1252=DIRECTION('ref_axis',(-0.846840825533223,-0.531846421639001,0.));
#1253=DIRECTION('center_axis',(0.,0.,1.));
#1254=DIRECTION('ref_axis',(-1.,-1.4210854715202E-14,0.));
#1255=DIRECTION('',(8.32667268468868E-18,0.,1.));
#1256=DIRECTION('',(-8.32667268468868E-18,0.,-1.));
#1257=DIRECTION('center_axis',(1.,6.8512650969784E-15,1.42108547152023E-14));
#1258=DIRECTION('ref_axis',(-1.42108547152022E-14,-1.42108547152022E-14,
1.));
#1259=DIRECTION('center_axis',(9.85588200700579E-15,0.711607805055127,0.70257692232568));
#1260=DIRECTION('ref_axis',(-1.,-1.4210854715202E-14,2.8421709430404E-14));
#1261=DIRECTION('center_axis',(-1.,0.,-6.12323399573677E-17));
#1262=DIRECTION('ref_axis',(1.07689677697768E-16,0.309534681509634,-0.95088815375034));
#1263=DIRECTION('center_axis',(1.,0.,6.12323399573677E-17));
#1264=DIRECTION('ref_axis',(5.78861293680742E-17,0.304858015397076,-0.952397811026546));
#1265=DIRECTION('center_axis',(-1.,0.,-6.12323399573677E-17));
#1266=DIRECTION('ref_axis',(5.83175465394302E-17,0.304858015397076,-0.952397811026546));
#1267=DIRECTION('center_axis',(-1.,0.,0.));
#1268=DIRECTION('ref_axis',(0.,0.149047593415635,-0.988830023258299));
#1269=DIRECTION('center_axis',(-0.707106781186548,0.,0.707106781186548));
#1270=DIRECTION('ref_axis',(-0.707106781186547,0.,-0.707106781186547));
#1271=DIRECTION('center_axis',(1.,0.,-6.12323399573677E-17));
#1272=DIRECTION('ref_axis',(-6.05483761442039E-17,0.149047593415635,-0.988830023258299));
#1273=DIRECTION('',(-1.,0.,1.22464679914735E-16));
#1274=DIRECTION('center_axis',(8.32667268468868E-18,0.,1.));
#1275=DIRECTION('ref_axis',(-0.988830023258299,0.149047593415635,8.23366394446494E-18));
#1276=DIRECTION('center_axis',(0.707106781186548,0.,0.707106781186547));
#1277=DIRECTION('ref_axis',(-0.707106781186547,-2.42558071779597E-17,0.707106781186548));
#1278=DIRECTION('center_axis',(0.,0.,-1.));
#1279=DIRECTION('ref_axis',(-0.988830023258299,0.149047593415635,0.));
#1280=DIRECTION('',(6.12323399573677E-17,0.,1.));
#1281=DIRECTION('',(6.12323399573677E-17,0.,1.));
#1282=DIRECTION('',(6.12323399573677E-17,0.,1.));
#1283=DIRECTION('center_axis',(0.,0.,-1.));
#1284=DIRECTION('ref_axis',(-0.988830023258299,0.149047593415635,0.));
#1285=DIRECTION('',(-8.32667268468868E-18,0.,-1.));
#1286=DIRECTION('center_axis',(0.,0.,1.));
#1287=DIRECTION('ref_axis',(-0.988830023258299,0.149047593415635,8.23366394446494E-18));
#1288=DIRECTION('',(8.32667268468868E-18,0.,1.));
#1289=DIRECTION('center_axis',(0.,0.,-1.));
#1290=DIRECTION('ref_axis',(-0.988830023258299,0.149047593415635,8.23366394446494E-18));
#1291=DIRECTION('center_axis',(1.,0.,0.));
#1292=DIRECTION('ref_axis',(0.,0.149047593415635,0.988830023258299));
#1293=DIRECTION('',(1.,0.,0.));
#1294=DIRECTION('center_axis',(-1.,0.,-6.12323399573677E-17));
#1295=DIRECTION('ref_axis',(-6.05483761442039E-17,0.149047593415635,0.988830023258299));
#1296=DIRECTION('center_axis',(-2.1316282072803E-14,1.,-2.1316282072803E-14));
#1297=DIRECTION('ref_axis',(0.,2.1316282072803E-14,1.));
#1298=DIRECTION('',(2.1316282072803E-14,-1.,2.1316282072803E-14));
#1299=DIRECTION('center_axis',(1.,0.,6.12323399573677E-17));
#1300=DIRECTION('ref_axis',(6.12323399573677E-17,0.,-1.));
#1301=DIRECTION('',(1.30524583050902E-30,-1.,-2.1316282072803E-14));
#1302=DIRECTION('center_axis',(1.,0.,6.12323399573677E-17));
#1303=DIRECTION('ref_axis',(6.02529941357226E-17,-0.178134938224123,-0.984006068977162));
#1304=DIRECTION('',(6.12323399573677E-17,0.,-1.));
#1305=DIRECTION('center_axis',(1.30524583050902E-30,-1.,-2.1316282072803E-14));
#1306=DIRECTION('ref_axis',(-0.707106781186547,-1.54078406612168E-14,0.707106781186547));
#1307=DIRECTION('',(-1.30524583050902E-30,1.,2.1316282072803E-14));
#1308=DIRECTION('center_axis',(-2.1316282072803E-14,1.,2.1316282072803E-14));
#1309=DIRECTION('ref_axis',(1.,2.1316282072803E-14,0.));
#1310=DIRECTION('center_axis',(-2.1316282072803E-14,1.,2.1316282072803E-14));
#1311=DIRECTION('ref_axis',(1.,2.1316282072803E-14,0.));
#1312=DIRECTION('',(-2.1316282072803E-14,1.,2.1316282072803E-14));
#1313=DIRECTION('center_axis',(-1.,-2.1316282072803E-14,8.32667268468868E-18));
#1314=DIRECTION('ref_axis',(2.1316282072803E-14,-1.,0.));
#1315=DIRECTION('',(6.12323399573677E-17,0.,1.));
#1316=DIRECTION('center_axis',(-2.1316282072803E-14,1.,-2.1316282072803E-14));
#1317=DIRECTION('ref_axis',(0.,2.1316282072803E-14,1.));
#1318=DIRECTION('',(1.30524583050902E-30,-1.,2.1316282072803E-14));
#1319=DIRECTION('center_axis',(-1.,0.,0.));
#1320=DIRECTION('ref_axis',(0.,0.,1.));
#1321=DIRECTION('',(8.32667268468868E-18,0.,1.));
#1322=DIRECTION('',(0.,-1.,0.));
#1323=DIRECTION('',(0.,0.,1.));
#1324=DIRECTION('',(0.,-1.,0.));
#1325=DIRECTION('center_axis',(0.,0.,1.));
#1326=DIRECTION('ref_axis',(1.,0.,0.));
#1327=DIRECTION('center_axis',(0.,0.,-1.));
#1328=DIRECTION('ref_axis',(0.984006068977162,-0.178134938224123,-8.19349645612002E-18));
#1329=DIRECTION('center_axis',(0.,0.,-1.));
#1330=DIRECTION('ref_axis',(-0.988830023258299,0.149047593415635,8.23366394446494E-18));
#1331=DIRECTION('',(0.,-1.,0.));
#1332=DIRECTION('',(1.,0.,0.));
#1333=DIRECTION('center_axis',(0.,0.,-1.));
#1334=DIRECTION('ref_axis',(-1.,0.,0.));
#1335=DIRECTION('center_axis',(0.,0.,1.));
#1336=DIRECTION('ref_axis',(0.984006068977162,-0.178134938224123,-8.19349645612002E-18));
#1337=DIRECTION('',(-1.,0.,0.));
#1338=DIRECTION('',(0.,1.,0.));
#1339=DIRECTION('center_axis',(0.,0.,1.));
#1340=DIRECTION('ref_axis',(-0.988830023258299,0.149047593415635,8.23366394446494E-18));
#1341=DIRECTION('center_axis',(1.,0.,6.12323399573677E-17));
#1342=DIRECTION('ref_axis',(6.02529941357226E-17,-0.178134938224123,-0.984006068977162));
#1343=DIRECTION('center_axis',(0.,1.,0.));
#1344=DIRECTION('ref_axis',(0.,0.,-1.));
#1345=DIRECTION('center_axis',(0.,0.,1.));
#1346=DIRECTION('ref_axis',(0.984006068977162,-0.178134938224123,0.));
#1347=DIRECTION('center_axis',(8.32667268468868E-18,0.,1.));
#1348=DIRECTION('ref_axis',(-0.988830023258299,0.149047593415635,8.23366394446494E-18));
#1349=DIRECTION('',(-8.32667268468868E-18,0.,-1.));
#1350=DIRECTION('center_axis',(0.,0.,-1.));
#1351=DIRECTION('ref_axis',(-0.988830023258299,0.149047593415635,0.));
#1352=DIRECTION('',(8.32667268468868E-18,0.,1.));
#1353=DIRECTION('center_axis',(0.,0.,-1.));
#1354=DIRECTION('ref_axis',(-0.988830023258299,0.149047593415635,0.));
#1355=DIRECTION('',(-8.32667268468868E-18,0.,-1.));
#1356=DIRECTION('',(-8.32667268468868E-18,0.,-1.));
#1357=DIRECTION('center_axis',(-1.,0.,0.));
#1358=DIRECTION('ref_axis',(0.,0.149047593415635,-0.988830023258299));
#1359=DIRECTION('',(-1.,0.,0.));
#1360=DIRECTION('center_axis',(1.,0.,-6.12323399573677E-17));
#1361=DIRECTION('ref_axis',(0.,0.149047593415635,-0.988830023258299));
#1362=DIRECTION('',(-1.,0.,0.));
#1363=DIRECTION('center_axis',(1.,0.,-6.12323399573677E-17));
#1364=DIRECTION('ref_axis',(-6.05483761442039E-17,0.149047593415635,-0.988830023258299));
#1365=DIRECTION('center_axis',(1.,0.,0.));
#1366=DIRECTION('ref_axis',(0.,0.149047593415635,0.988830023258299));
#1367=DIRECTION('',(1.,0.,0.));
#1368=DIRECTION('center_axis',(-1.,0.,-6.12323399573677E-17));
#1369=DIRECTION('ref_axis',(-6.05483761442039E-17,0.149047593415635,0.988830023258299));
#1370=DIRECTION('',(1.,0.,0.));
#1371=DIRECTION('center_axis',(1.,0.,6.12323399573677E-17));
#1372=DIRECTION('ref_axis',(0.,0.149047593415635,0.988830023258299));
#1373=DIRECTION('center_axis',(0.777920419175683,-1.11176598265445E-16,
-0.62836281034887));
#1374=DIRECTION('ref_axis',(0.62836281034887,0.,0.777920419175683));
#1375=DIRECTION('center_axis',(-0.62836281034887,-5.55882991327226E-17,
0.777920419175683));
#1376=DIRECTION('ref_axis',(0.777920419175683,0.,0.62836281034887));
#1377=DIRECTION('center_axis',(-0.62836281034887,5.54516623771066E-17,-0.777920419175683));
#1378=DIRECTION('ref_axis',(0.777920419175683,2.76848872301302E-17,-0.62836281034887));
#1379=DIRECTION('center_axis',(0.777920419175683,-4.45881271541677E-17,
0.62836281034887));
#1380=DIRECTION('ref_axis',(0.62836281034887,2.76848872301302E-17,-0.777920419175683));
#1381=DIRECTION('center_axis',(1.30524583050902E-30,-1.,-2.1316282072803E-14));
#1382=DIRECTION('ref_axis',(-0.707106781186547,-1.54078406612168E-14,0.707106781186547));
#1383=DIRECTION('',(1.30524583050902E-30,-1.,-2.1316282072803E-14));
#1384=DIRECTION('center_axis',(1.30524583050902E-30,-1.,2.1316282072803E-14));
#1385=DIRECTION('ref_axis',(-0.707106781186547,-1.54078406612168E-14,-0.707106781186547));
#1386=DIRECTION('',(-1.30524583050902E-30,1.,-2.1316282072803E-14));
#1387=DIRECTION('center_axis',(-1.,0.,6.12323399573677E-17));
#1388=DIRECTION('ref_axis',(6.12323399573677E-17,0.,1.));
#1389=DIRECTION('center_axis',(-1.,0.,6.12323399573677E-17));
#1390=DIRECTION('ref_axis',(0.,-0.178134938224123,0.984006068977162));
#1391=DIRECTION('',(6.12323399573677E-17,0.,1.));
#1392=DIRECTION('center_axis',(1.,0.,0.));
#1393=DIRECTION('ref_axis',(0.,0.,-1.));
#1394=DIRECTION('',(0.,0.,-1.));
#1395=DIRECTION('center_axis',(0.,-1.,0.));
#1396=DIRECTION('ref_axis',(0.,0.,-1.));
#1397=DIRECTION('center_axis',(8.32667268468868E-18,0.,1.));
#1398=DIRECTION('ref_axis',(0.984006068977162,-0.178134938224123,-8.19349645612002E-18));
#1399=DIRECTION('',(-8.32667268468868E-18,0.,-1.));
#1400=DIRECTION('center_axis',(0.,0.,1.));
#1401=DIRECTION('ref_axis',(0.984006068977162,-0.178134938224123,0.));
#1402=DIRECTION('center_axis',(0.,1.,0.));
#1403=DIRECTION('ref_axis',(0.,0.,-1.));
#1404=DIRECTION('center_axis',(-1.,0.,6.12323399573677E-17));
#1405=DIRECTION('ref_axis',(6.02529941357226E-17,-0.178134938224123,0.984006068977162));
#1406=DIRECTION('center_axis',(-1.,0.,0.));
#1407=DIRECTION('ref_axis',(0.,-0.178134938224123,0.984006068977162));
#1408=DIRECTION('',(1.,0.,0.));
#1409=DIRECTION('center_axis',(0.,-1.,0.));
#1410=DIRECTION('ref_axis',(0.,0.,-1.));
#1411=DIRECTION('center_axis',(1.,0.,0.));
#1412=DIRECTION('ref_axis',(0.,-0.178134938224123,-0.984006068977162));
#1413=DIRECTION('center_axis',(-1.,0.,-6.12323399573677E-17));
#1414=DIRECTION('ref_axis',(0.,-0.178134938224123,-0.984006068977162));
#1415=DIRECTION('',(-1.,0.,0.));
#1416=DIRECTION('center_axis',(0.,-1.,0.));
#1417=DIRECTION('ref_axis',(6.12323399573677E-17,0.,-1.));
#1418=DIRECTION('',(-6.12323399573677E-17,0.,1.));
#1419=DIRECTION('center_axis',(1.,0.,6.12323399573677E-17));
#1420=DIRECTION('ref_axis',(6.12323399573677E-17,0.,-1.));
#1421=DIRECTION('center_axis',(1.30524583050902E-30,-1.,2.1316282072803E-14));
#1422=DIRECTION('ref_axis',(-0.707106781186547,-1.54078406612168E-14,-0.707106781186547));
#1423=DIRECTION('',(-1.30524583050902E-30,1.,-2.1316282072803E-14));
#1424=DIRECTION('center_axis',(-1.,0.,6.12323399573677E-17));
#1425=DIRECTION('ref_axis',(6.12323399573677E-17,0.,1.));
#1426=DIRECTION('',(6.12323399573677E-17,0.,1.));
#1427=DIRECTION('center_axis',(-1.,0.,6.12323399573677E-17));
#1428=DIRECTION('ref_axis',(6.02529941357226E-17,-0.178134938224123,0.984006068977162));
#1429=DIRECTION('center_axis',(1.,0.,0.));
#1430=DIRECTION('ref_axis',(0.,0.,-1.));
#1431=DIRECTION('',(0.,1.,0.));
#1432=DIRECTION('',(6.12323399573677E-17,0.,1.));
#1433=DIRECTION('',(0.,1.,0.));
#1434=DIRECTION('center_axis',(0.,0.,1.));
#1435=DIRECTION('ref_axis',(1.,0.,0.));
#1436=DIRECTION('',(0.,1.,0.));
#1437=DIRECTION('',(-1.,0.,0.));
#1438=DIRECTION('center_axis',(-1.,0.,0.));
#1439=DIRECTION('ref_axis',(0.,0.,1.));
#1440=DIRECTION('',(0.,1.,0.));
#1441=DIRECTION('',(0.,0.,-1.));
#1442=DIRECTION('center_axis',(0.,0.,-1.));
#1443=DIRECTION('ref_axis',(-1.,0.,0.));
#1444=DIRECTION('',(1.,0.,0.));
#1445=DIRECTION('center_axis',(0.,-1.,0.));
#1446=DIRECTION('ref_axis',(0.,0.,-1.));
#1447=DIRECTION('center_axis',(0.781000029668696,-1.11177941676953E-16,
-0.624530986947401));
#1448=DIRECTION('ref_axis',(0.624530986947401,0.,0.781000029668696));
#1449=DIRECTION('center_axis',(-0.624530986947402,-5.55889708384765E-17,
0.781000029668696));
#1450=DIRECTION('ref_axis',(0.781000029668696,0.,0.624530986947402));
#1451=DIRECTION('center_axis',(0.,-1.,0.));
#1452=DIRECTION('ref_axis',(1.,0.,3.12737520969001E-16));
#1453=DIRECTION('center_axis',(8.32667268468868E-18,0.,1.));
#1454=DIRECTION('ref_axis',(0.984006068977162,-0.178134938224123,-8.19349645612002E-18));
#1455=DIRECTION('center_axis',(0.,0.,1.));
#1456=DIRECTION('ref_axis',(0.984006068977162,-0.178134938224123,0.));
#1457=DIRECTION('',(6.12323399573677E-17,0.,1.));
#1458=DIRECTION('center_axis',(0.,0.,1.));
#1459=DIRECTION('ref_axis',(0.984006068977162,-0.178134938224123,0.));
#1460=DIRECTION('center_axis',(-0.624530986947401,5.55889708384765E-17,
-0.781000029668697));
#1461=DIRECTION('ref_axis',(0.781000029668697,2.77944854192383E-17,-0.624530986947401));
#1462=DIRECTION('center_axis',(-1.,0.,6.12323399573677E-17));
#1463=DIRECTION('ref_axis',(6.02529941357226E-17,-0.178134938224123,0.984006068977162));
#1464=DIRECTION('center_axis',(0.,-1.,0.));
#1465=DIRECTION('ref_axis',(1.,0.,-6.12323399573677E-17));
#1466=DIRECTION('center_axis',(-1.,0.,0.));
#1467=DIRECTION('ref_axis',(0.,-0.178134938224123,0.984006068977162));
#1468=DIRECTION('',(-1.,0.,1.22464679914735E-16));
#1469=DIRECTION('center_axis',(0.781000029668696,-4.44520275317674E-17,
0.624530986947401));
#1470=DIRECTION('ref_axis',(0.624530986947401,2.77944854192383E-17,-0.781000029668696));
#1471=DIRECTION('center_axis',(0.,-1.,0.));
#1472=DIRECTION('ref_axis',(0.,0.,-1.));
#1473=DIRECTION('center_axis',(1.,0.,6.12323399573677E-17));
#1474=DIRECTION('ref_axis',(6.02529941357226E-17,-0.178134938224123,-0.984006068977162));
#1475=DIRECTION('center_axis',(0.,-1.,0.));
#1476=DIRECTION('ref_axis',(3.73969860926368E-16,0.,-1.));
#1477=DIRECTION('center_axis',(1.,0.,0.));
#1478=DIRECTION('ref_axis',(0.,-0.178134938224123,-0.984006068977162));
#1479=DIRECTION('',(1.,0.,0.));
#1480=DIRECTION('center_axis',(0.,-1.,0.));
#1481=DIRECTION('ref_axis',(6.12323399573677E-17,0.,-1.));
#1482=CARTESIAN_POINT('',(0.,0.,0.));
#1483=CARTESIAN_POINT('Origin',(-490.675248220094,77.1834969464955,277.939675296));
#1484=CARTESIAN_POINT('',(-490.675248220094,0.,790.));
#1485=CARTESIAN_POINT('',(-495.675248220094,0.,795.055931575519));
#1486=CARTESIAN_POINT('Ctrl Pts',(-490.675248220094,1.02111175616173E-19,
790.));
#1487=CARTESIAN_POINT('Ctrl Pts',(-490.982682176777,9.83348183746143E-20,
790.));
#1488=CARTESIAN_POINT('Ctrl Pts',(-491.318400281785,0.,790.030571884269));
#1489=CARTESIAN_POINT('Ctrl Pts',(-491.975711795416,0.,790.162282313548));
#1490=CARTESIAN_POINT('Ctrl Pts',(-492.297306864392,0.,790.263412572298));
#1491=CARTESIAN_POINT('Ctrl Pts',(-492.866456799366,0.,790.500712926887));
#1492=CARTESIAN_POINT('Ctrl Pts',(-493.16625825075,0.,790.65904918133));
#1493=CARTESIAN_POINT('Ctrl Pts',(-493.725601907949,0.,791.035590136167));
#1494=CARTESIAN_POINT('Ctrl Pts',(-493.985155395336,0.,791.253778077753));
#1495=CARTESIAN_POINT('Ctrl Pts',(-494.422447368543,0.,791.694054100754));
#1496=CARTESIAN_POINT('Ctrl Pts',(-494.640173954597,2.01948391736579E-27,
791.957002894677));
#1497=CARTESIAN_POINT('Ctrl Pts',(-495.01546294211,2.01948391736579E-27,
792.52284575015));
#1498=CARTESIAN_POINT('Ctrl Pts',(-495.173041788407,0.,792.825728904672));
#1499=CARTESIAN_POINT('Ctrl Pts',(-495.410665496936,0.,793.403144709452));
#1500=CARTESIAN_POINT('Ctrl Pts',(-495.51230838171,0.,793.731057792365));
#1501=CARTESIAN_POINT('Ctrl Pts',(-495.64459594541,0.,794.400919139957));
#1502=CARTESIAN_POINT('Ctrl Pts',(-495.675248220094,-6.64011826502825E-19,
794.742865904565));
#1503=CARTESIAN_POINT('Ctrl Pts',(-495.675248220094,-3.09281714934756E-19,
795.055931575519));
#1504=CARTESIAN_POINT('',(-495.675248220094,444.522073045695,650.000000000002));
#1505=CARTESIAN_POINT('Origin',(-495.675248220094,77.1834969464955,277.939675296));
#1506=CARTESIAN_POINT('',(-490.675248220094,441.009188434067,646.441960974727));
#1507=CARTESIAN_POINT('Origin',(-490.675248220094,444.522073045695,650.000000000002));
#1508=CARTESIAN_POINT('Origin',(-490.675248220094,77.1834969464955,277.939675296));
#1509=CARTESIAN_POINT('Ctrl Pts',(-345.675248220094,543.646825741758,502.828606162102));
#1510=CARTESIAN_POINT('Ctrl Pts',(-357.933594260665,543.646825741758,502.828606162102));
#1511=CARTESIAN_POINT('Ctrl Pts',(-382.447528604681,542.165864293225,505.939223519731));
#1512=CARTESIAN_POINT('Ctrl Pts',(-416.342225167703,535.44025202926,519.365445125778));
#1513=CARTESIAN_POINT('Ctrl Pts',(-444.919557011112,524.150994197932,539.902504514456));
#1514=CARTESIAN_POINT('Ctrl Pts',(-466.658669489503,508.479205190817,565.147670553213));
#1515=CARTESIAN_POINT('Ctrl Pts',(-481.214437248036,488.967254881354,592.592484184752));
#1516=CARTESIAN_POINT('Ctrl Pts',(-489.145010978241,466.324845610328,620.240711823176));
#1517=CARTESIAN_POINT('Ctrl Pts',(-490.675248220094,449.648903203413,637.911891223807));
#1518=CARTESIAN_POINT('Ctrl Pts',(-490.675248220094,441.009188434067,646.441960974727));
#1519=CARTESIAN_POINT('Ctrl Pts',(-345.675248220094,543.878763460237,502.347522278523));
#1520=CARTESIAN_POINT('Ctrl Pts',(-357.983726942479,543.878763460237,502.347522278523));
#1521=CARTESIAN_POINT('Ctrl Pts',(-382.597868674422,542.395693419159,505.470996317042));
#1522=CARTESIAN_POINT('Ctrl Pts',(-416.633373193511,535.659392604189,518.951257425148));
#1523=CARTESIAN_POINT('Ctrl Pts',(-445.335232494422,524.349378164637,539.567093047746));
#1524=CARTESIAN_POINT('Ctrl Pts',(-467.180325936877,508.644658278237,564.902856576297));
#1525=CARTESIAN_POINT('Ctrl Pts',(-481.824789335879,489.087652592642,592.438732781659));
#1526=CARTESIAN_POINT('Ctrl Pts',(-489.830141023378,466.389527414406,620.170605355079));
#1527=CARTESIAN_POINT('Ctrl Pts',(-491.40307832606,449.671162796558,637.890013097262));
#1528=CARTESIAN_POINT('Ctrl Pts',(-491.423246470948,441.009188434067,646.441960974727));
#1529=CARTESIAN_POINT('Ctrl Pts',(-345.675248220094,544.498295750955,501.461188422209));
#1530=CARTESIAN_POINT('Ctrl Pts',(-358.083943749069,544.498295750955,501.461188422209));
#1531=CARTESIAN_POINT('Ctrl Pts',(-382.898323428213,543.011504046306,504.611859399784));
#1532=CARTESIAN_POINT('Ctrl Pts',(-417.215267767569,536.256909051879,518.207422320956));
#1533=CARTESIAN_POINT('Ctrl Pts',(-446.165885995531,524.912466870717,538.994135172576));
#1534=CARTESIAN_POINT('Ctrl Pts',(-468.222645368374,509.154390994645,564.532383801214));
#1535=CARTESIAN_POINT('Ctrl Pts',(-483.043904421998,489.524875218697,592.280854425627));
#1536=CARTESIAN_POINT('Ctrl Pts',(-491.198183317569,466.736750458299,620.221058610645));
#1537=CARTESIAN_POINT('Ctrl Pts',(-492.855638006056,449.948686253731,638.070918470078));
#1538=CARTESIAN_POINT('Ctrl Pts',(-492.915872401096,441.249785642283,646.685650805407));
#1539=CARTESIAN_POINT('Ctrl Pts',(-345.675248220094,546.015760736435,500.328103312742));
#1540=CARTESIAN_POINT('Ctrl Pts',(-358.241555601886,546.015760736435,500.328103312742));
#1541=CARTESIAN_POINT('Ctrl Pts',(-383.371229933966,544.524178619835,503.527854977558));
#1542=CARTESIAN_POINT('Ctrl Pts',(-418.127554389616,537.747855877056,517.334589255214));
#1543=CARTESIAN_POINT('Ctrl Pts',(-447.458108289786,526.366884309941,538.443436266596));
#1544=CARTESIAN_POINT('Ctrl Pts',(-469.821590035474,510.557856466307,564.378970792822));
#1545=CARTESIAN_POINT('Ctrl Pts',(-484.876043875118,490.864094370015,592.565494287075));
#1546=CARTESIAN_POINT('Ctrl Pts',(-493.197218879867,467.999967995976,620.959242596783));
#1547=CARTESIAN_POINT('Ctrl Pts',(-494.929095474781,451.154262722262,639.111349892441));
#1548=CARTESIAN_POINT('Ctrl Pts',(-495.018592443008,442.425000533723,647.87597184043));
#1549=CARTESIAN_POINT('Ctrl Pts',(-345.675248220094,547.34960488258,500.));
#1550=CARTESIAN_POINT('Ctrl Pts',(-358.323763224052,547.34960488258,500.));
#1551=CARTESIAN_POINT('Ctrl Pts',(-383.617403422163,545.85573006937,503.232323839602));
#1552=CARTESIAN_POINT('Ctrl Pts',(-418.596631879683,539.070469289671,517.181951721922));
#1553=CARTESIAN_POINT('Ctrl Pts',(-448.103265575542,527.678651467854,538.515275133439));
#1554=CARTESIAN_POINT('Ctrl Pts',(-470.578863802869,511.860645869779,564.735532851386));
#1555=CARTESIAN_POINT('Ctrl Pts',(-485.672085277999,492.162607327642,593.240866223864));
#1556=CARTESIAN_POINT('Ctrl Pts',(-493.961180883543,469.299961653264,621.964626283722));
#1557=CARTESIAN_POINT('Ctrl Pts',(-495.627129578893,452.459533208395,640.331958299785));
#1558=CARTESIAN_POINT('Ctrl Pts',(-495.675248220094,443.73378358221,649.201577909789));
#1559=CARTESIAN_POINT('Ctrl Pts',(-345.675248220094,548.150718369334,500.));
#1560=CARTESIAN_POINT('Ctrl Pts',(-358.356295848271,548.150718369334,500.));
#1561=CARTESIAN_POINT('Ctrl Pts',(-383.715538273115,546.655457637368,503.248949961883));
#1562=CARTESIAN_POINT('Ctrl Pts',(-418.779017476241,539.864906859223,517.272250535389));
#1563=CARTESIAN_POINT('Ctrl Pts',(-448.34177455563,528.46664666484,538.722615735207));
#1564=CARTESIAN_POINT('Ctrl Pts',(-470.830511602242,512.643540178701,565.090462310159));
#1565=CARTESIAN_POINT('Ctrl Pts',(-485.88820238693,492.943194075349,593.755777246241));
#1566=CARTESIAN_POINT('Ctrl Pts',(-494.092244176798,470.082163159509,622.633552235723));
#1567=CARTESIAN_POINT('Ctrl Pts',(-495.675248220094,453.245207765233,641.090588585532));
#1568=CARTESIAN_POINT('Ctrl Pts',(-495.675248220094,444.522073045695,650.000000000002));
#1569=CARTESIAN_POINT('',(-345.675248220094,548.150718369334,500.));
#1570=CARTESIAN_POINT('Ctrl Pts',(-495.675248220094,444.522073045695,650.000000000002));
#1571=CARTESIAN_POINT('Ctrl Pts',(-495.675248220094,453.245207765233,641.090588585532));
#1572=CARTESIAN_POINT('Ctrl Pts',(-494.092244176798,470.082163159509,622.633552235723));
#1573=CARTESIAN_POINT('Ctrl Pts',(-485.88820238693,492.943194075349,593.755777246241));
#1574=CARTESIAN_POINT('Ctrl Pts',(-470.830511602242,512.643540178701,565.090462310159));
#1575=CARTESIAN_POINT('Ctrl Pts',(-448.34177455563,528.46664666484,538.722615735207));
#1576=CARTESIAN_POINT('Ctrl Pts',(-418.779017476241,539.864906859223,517.272250535389));
#1577=CARTESIAN_POINT('Ctrl Pts',(-383.715538273115,546.655457637368,503.248949961883));
#1578=CARTESIAN_POINT('Ctrl Pts',(-358.356295848271,548.150718369334,500.));
#1579=CARTESIAN_POINT('Ctrl Pts',(-345.675248220094,548.150718369334,500.));
#1580=CARTESIAN_POINT('',(-345.675248220094,543.646825741758,502.828606162102));
#1581=CARTESIAN_POINT('Origin',(-345.675248220094,548.150718369334,505.));
#1582=CARTESIAN_POINT('Ctrl Pts',(-345.675248220094,543.646825741758,502.828606162102));
#1583=CARTESIAN_POINT('Ctrl Pts',(-357.933594260665,543.646825741758,502.828606162102));
#1584=CARTESIAN_POINT('Ctrl Pts',(-382.447528604681,542.165864293225,505.939223519731));
#1585=CARTESIAN_POINT('Ctrl Pts',(-416.342225167703,535.44025202926,519.365445125778));
#1586=CARTESIAN_POINT('Ctrl Pts',(-444.919557011112,524.150994197932,539.902504514456));
#1587=CARTESIAN_POINT('Ctrl Pts',(-466.658669489503,508.479205190817,565.147670553213));
#1588=CARTESIAN_POINT('Ctrl Pts',(-481.214437248036,488.967254881354,592.592484184752));
#1589=CARTESIAN_POINT('Ctrl Pts',(-489.145010978241,466.324845610328,620.240711823176));
#1590=CARTESIAN_POINT('Ctrl Pts',(-490.675248220094,449.648903203413,637.911891223807));
#1591=CARTESIAN_POINT('Ctrl Pts',(-490.675248220094,441.009188434067,646.441960974727));
#1592=CARTESIAN_POINT('Ctrl Pts',(-345.675248220094,548.150718369334,500.));
#1593=CARTESIAN_POINT('Ctrl Pts',(-341.976735156059,548.150718369334,500.));
#1594=CARTESIAN_POINT('Ctrl Pts',(-334.58110598,548.591318680748,499.172274975923));
#1595=CARTESIAN_POINT('Ctrl Pts',(-322.404720289595,550.797697983153,494.964782059528));
#1596=CARTESIAN_POINT('Ctrl Pts',(-314.952646864717,553.416186958924,489.802854181741));
#1597=CARTESIAN_POINT('Ctrl Pts',(-311.118429890469,555.203338128641,486.136218769169));
#1598=CARTESIAN_POINT('Ctrl Pts',(-345.675248220094,547.082567053663,500.));
#1599=CARTESIAN_POINT('Ctrl Pts',(-341.938920750783,547.082567053663,500.));
#1600=CARTESIAN_POINT('Ctrl Pts',(-334.466226827251,547.51812074898,499.155336977758));
#1601=CARTESIAN_POINT('Ctrl Pts',(-322.184451759786,549.696951600832,494.864005342004));
#1602=CARTESIAN_POINT('Ctrl Pts',(-314.696975569038,552.281487443512,489.611727147496));
#1603=CARTESIAN_POINT('Ctrl Pts',(-310.861724153748,554.04349768054,485.890732832617));
#1604=CARTESIAN_POINT('Ctrl Pts',(-345.675248220094,545.218748383773,500.621261188928));
#1605=CARTESIAN_POINT('Ctrl Pts',(-341.826200605357,545.218748383773,500.621261188928));
#1606=CARTESIAN_POINT('Ctrl Pts',(-334.129825842639,545.644885374507,499.747463449753));
#1607=CARTESIAN_POINT('Ctrl Pts',(-321.484796970587,547.777382793288,495.312105853181));
#1608=CARTESIAN_POINT('Ctrl Pts',(-313.791026708611,550.303346360743,489.886799903047));
#1609=CARTESIAN_POINT('Ctrl Pts',(-309.855406000782,552.023602600657,486.048030496514));
#1610=CARTESIAN_POINT('Ctrl Pts',(-345.675248220094,543.994732319477,502.106980336734));
#1611=CARTESIAN_POINT('Ctrl Pts',(-341.672616974362,543.994732319477,502.106980336734));
#1612=CARTESIAN_POINT('Ctrl Pts',(-333.66920840288,544.425881023418,501.212781299398));
#1613=CARTESIAN_POINT('Ctrl Pts',(-320.499639946196,546.583250373428,496.669259331399));
#1614=CARTESIAN_POINT('Ctrl Pts',(-312.45358085241,549.142046803447,491.100410072017));
#1615=CARTESIAN_POINT('Ctrl Pts',(-308.320330174065,550.886687556263,487.149500080126));
#1616=CARTESIAN_POINT('Ctrl Pts',(-345.675248220094,543.646825741758,502.828606162102));
#1617=CARTESIAN_POINT('Ctrl Pts',(-341.606883849655,543.646825741758,502.828606162102));
#1618=CARTESIAN_POINT('Ctrl Pts',(-333.471691755991,544.083212561438,501.926815787432));
#1619=CARTESIAN_POINT('Ctrl Pts',(-320.077667496545,546.268492103558,497.342833784804));
#1620=CARTESIAN_POINT('Ctrl Pts',(-311.88038672918,548.861940285285,491.719013386095));
#1621=CARTESIAN_POINT('Ctrl Pts',(-307.662748057506,550.632000802805,487.724285153532));
#1622=CARTESIAN_POINT('',(-320.646793952718,551.641090184485,493.284829640255));
#1623=CARTESIAN_POINT('',(-308.930141715832,551.413181660659,486.745106504262));
#1624=CARTESIAN_POINT('Ctrl Pts',(-320.646793952718,551.641090184485,493.284829640254));
#1625=CARTESIAN_POINT('Ctrl Pts',(-317.191966829565,551.857275493519,491.28715555046));
#1626=CARTESIAN_POINT('Ctrl Pts',(-314.288792048681,551.893531585144,489.262407135695));
#1627=CARTESIAN_POINT('Ctrl Pts',(-310.862005328854,551.674554603935,487.405937797795));
#1628=CARTESIAN_POINT('Ctrl Pts',(-309.826139324552,551.565546139064,486.930845557205));
#1629=CARTESIAN_POINT('Ctrl Pts',(-308.930141715832,551.413181660659,486.745106504262));
#1630=CARTESIAN_POINT('',(-307.811035509792,550.569974286361,487.864212710302));
#1631=CARTESIAN_POINT('Ctrl Pts',(-308.930141715832,551.413181660659,486.745106504262));
#1632=CARTESIAN_POINT('Ctrl Pts',(-308.596624645502,551.037253236591,487.078623574592));
#1633=CARTESIAN_POINT('Ctrl Pts',(-308.218139703037,550.750505762305,487.457108517057));
#1634=CARTESIAN_POINT('Ctrl Pts',(-307.811035509792,550.569974286361,487.864212710302));
#1635=CARTESIAN_POINT('Ctrl Pts',(-307.811037939483,550.569975098513,487.86421048582));
#1636=CARTESIAN_POINT('Ctrl Pts',(-311.995515626668,548.825588116374,491.797836611329));
#1637=CARTESIAN_POINT('Ctrl Pts',(-320.144812388391,546.257537191452,497.365813508435));
#1638=CARTESIAN_POINT('Ctrl Pts',(-333.471691755991,544.083212561438,501.926815787432));
#1639=CARTESIAN_POINT('Ctrl Pts',(-341.606883849655,543.646825741758,502.828606162102));
#1640=CARTESIAN_POINT('Ctrl Pts',(-345.675248220094,543.646825741758,502.828606162102));
#1641=CARTESIAN_POINT('Ctrl Pts',(-345.675248220094,548.150718369334,500.));
#1642=CARTESIAN_POINT('Ctrl Pts',(-341.976735156059,548.150718369334,500.));
#1643=CARTESIAN_POINT('Ctrl Pts',(-334.58110598,548.591318680748,499.172274975923));
#1644=CARTESIAN_POINT('Ctrl Pts',(-326.283845866347,550.094794625655,496.305195693013));
#1645=CARTESIAN_POINT('Ctrl Pts',(-321.847757161199,551.287827342886,493.978390779147));
#1646=CARTESIAN_POINT('Ctrl Pts',(-320.647393132646,551.641479882604,493.283974386057));
#1647=CARTESIAN_POINT('Ctrl Pts',(-292.846642057992,543.646825741758,450.));
#1648=CARTESIAN_POINT('Ctrl Pts',(-292.846642057992,543.646825741758,454.068380982125));
#1649=CARTESIAN_POINT('Ctrl Pts',(-293.748476965492,544.083232518197,462.203589098403));
#1650=CARTESIAN_POINT('Ctrl Pts',(-298.332493335397,546.268526338306,475.597666730139));
#1651=CARTESIAN_POINT('Ctrl Pts',(-303.956160104604,548.861907172757,483.794782591533));
#1652=CARTESIAN_POINT('Ctrl Pts',(-307.950963066562,550.632000802805,488.012500162588));
#1653=CARTESIAN_POINT('Ctrl Pts',(-293.80880982515,544.110701178716,450.));
#1654=CARTESIAN_POINT('Ctrl Pts',(-293.80880982515,544.110701178716,453.980564162511));
#1655=CARTESIAN_POINT('Ctrl Pts',(-294.700188915005,544.540584802384,461.940700069231));
#1656=CARTESIAN_POINT('Ctrl Pts',(-299.230639716812,546.688251323939,475.034833633221));
#1657=CARTESIAN_POINT('Ctrl Pts',(-304.780697383656,549.235897366937,483.031199026431));
#1658=CARTESIAN_POINT('Ctrl Pts',(-308.717343164437,550.971583140749,487.135724007176));
#1659=CARTESIAN_POINT('Ctrl Pts',(-295.217897998601,545.479736057008,450.));
#1660=CARTESIAN_POINT('Ctrl Pts',(-295.217897998601,545.479736057008,453.827631163905));
#1661=CARTESIAN_POINT('Ctrl Pts',(-296.088002327017,545.906987065453,461.481152032352));
#1662=CARTESIAN_POINT('Ctrl Pts',(-300.503962650726,548.045051964343,474.053572186307));
#1663=CARTESIAN_POINT('Ctrl Pts',(-305.904110163249,550.577730001685,481.699331302945));
#1664=CARTESIAN_POINT('Ctrl Pts',(-309.724206904907,552.30278651105,485.608792794527));
#1665=CARTESIAN_POINT('Ctrl Pts',(-295.675248220094,547.349604882581,450.));
#1666=CARTESIAN_POINT('Ctrl Pts',(-295.675248220094,547.349604882581,453.727024867121));
#1667=CARTESIAN_POINT('Ctrl Pts',(-296.51596790287,547.78610795518,461.179963340368));
#1668=CARTESIAN_POINT('Ctrl Pts',(-300.786083993336,549.972135629827,473.435965626088));
#1669=CARTESIAN_POINT('Ctrl Pts',(-306.01586697095,552.564760280344,480.913754550227));
#1670=CARTESIAN_POINT('Ctrl Pts',(-309.723143903339,554.333457792566,484.749347632165));
#1671=CARTESIAN_POINT('Ctrl Pts',(-295.675248220094,548.150718369334,450.));
#1672=CARTESIAN_POINT('Ctrl Pts',(-295.675248220094,548.150718369334,453.698528165568));
#1673=CARTESIAN_POINT('Ctrl Pts',(-296.503014119455,548.591338830197,461.094171907638));
#1674=CARTESIAN_POINT('Ctrl Pts',(-300.710538580492,550.797732548451,473.270606118308));
#1675=CARTESIAN_POINT('Ctrl Pts',(-305.872325446592,553.416153526681,480.722529628667));
#1676=CARTESIAN_POINT('Ctrl Pts',(-309.539029450924,555.203338128642,484.556818329625));
#1677=CARTESIAN_POINT('',(-302.390418579839,551.641090184485,475.028454267376));
#1678=CARTESIAN_POINT('Ctrl Pts',(-308.930141715832,551.413181660659,486.745106504262));
#1679=CARTESIAN_POINT('Ctrl Pts',(-308.904079294075,551.434561048752,486.619382445689));
#1680=CARTESIAN_POINT('Ctrl Pts',(-308.873175742122,551.454401962404,486.495085188824));
#1681=CARTESIAN_POINT('Ctrl Pts',(-308.597968583464,551.603247847444,485.511198920167));
#1682=CARTESIAN_POINT('Ctrl Pts',(-308.13543702087,551.694187962962,484.554257453747));
#1683=CARTESIAN_POINT('Ctrl Pts',(-306.331374370564,551.892244029054,481.269771838955));
#1684=CARTESIAN_POINT('Ctrl Pts',(-304.370044500809,551.85532234762,478.452068439679));
#1685=CARTESIAN_POINT('Ctrl Pts',(-302.390418579839,551.641090184485,475.028454267376));
#1686=CARTESIAN_POINT('',(-295.675248220094,548.150718369334,450.));
#1687=CARTESIAN_POINT('Ctrl Pts',(-302.39127788424,551.641481303004,475.027852441103));
#1688=CARTESIAN_POINT('Ctrl Pts',(-301.696875994428,551.287835859744,473.827504699744));
#1689=CARTESIAN_POINT('Ctrl Pts',(-299.370112712627,550.094823452609,469.391458760882));
#1690=CARTESIAN_POINT('Ctrl Pts',(-296.503014119455,548.591338830197,461.094171907638));
#1691=CARTESIAN_POINT('Ctrl Pts',(-295.675248220094,548.150718369334,453.698528165568));
#1692=CARTESIAN_POINT('Ctrl Pts',(-295.675248220094,548.150718369334,450.));
#1693=CARTESIAN_POINT('',(-292.846642057992,543.646825741758,450.));
#1694=CARTESIAN_POINT('Origin',(-290.675248220094,548.150718369334,450.));
#1695=CARTESIAN_POINT('Ctrl Pts',(-292.846642057992,543.646825741758,450.));
#1696=CARTESIAN_POINT('Ctrl Pts',(-292.846642057992,543.646825741758,454.068380982125));
#1697=CARTESIAN_POINT('Ctrl Pts',(-293.748476965492,544.083232518197,462.203589098403));
#1698=CARTESIAN_POINT('Ctrl Pts',(-298.309513858116,546.257571554196,475.530522793948));
#1699=CARTESIAN_POINT('Ctrl Pts',(-303.87734046083,548.825556606649,483.679658097295));
#1700=CARTESIAN_POINT('Ctrl Pts',(-307.811037724535,550.569975094926,487.864210291261));
#1701=CARTESIAN_POINT('Origin',(-290.675248220094,548.150718369334,-600.));
#1702=CARTESIAN_POINT('',(-295.675248220094,548.150718369334,-450.));
#1703=CARTESIAN_POINT('',(-292.846642057992,543.646825741758,-450.));
#1704=CARTESIAN_POINT('Origin',(-290.675248220094,548.150718369334,-450.));
#1705=CARTESIAN_POINT('',(-292.846642057992,543.646825741758,-600.));
#1706=CARTESIAN_POINT('',(-295.675248220094,548.150718369334,-600.));
#1707=CARTESIAN_POINT('Ctrl Pts',(-295.675248220094,548.150718369334,-450.));
#1708=CARTESIAN_POINT('Ctrl Pts',(-295.675248220094,548.150718369334,-455.547908855883));
#1709=CARTESIAN_POINT('Ctrl Pts',(-297.870832496383,549.325563262459,-468.488163845718));
#1710=CARTESIAN_POINT('Ctrl Pts',(-304.650616224177,552.820681432999,-479.444982855918));
#1711=CARTESIAN_POINT('Ctrl Pts',(-309.539029450924,555.203338128642,-484.556818329625));
#1712=CARTESIAN_POINT('Ctrl Pts',(-295.675248220094,547.082567053663,-450.));
#1713=CARTESIAN_POINT('Ctrl Pts',(-295.675248220094,547.082567053663,-455.60463188762));
#1714=CARTESIAN_POINT('Ctrl Pts',(-297.917240762479,548.243492045542,-468.67858341479));
#1715=CARTESIAN_POINT('Ctrl Pts',(-304.823630058344,551.694359252754,-479.700309460354));
#1716=CARTESIAN_POINT('Ctrl Pts',(-309.784515387477,554.043497680541,-484.813524066346));
#1717=CARTESIAN_POINT('Ctrl Pts',(-295.053988029606,545.218747928109,-450.));
#1718=CARTESIAN_POINT('Ctrl Pts',(-295.053988029606,545.218747928109,-455.773716350001));
#1719=CARTESIAN_POINT('Ctrl Pts',(-297.372580542765,546.355497550264,-469.240563219297));
#1720=CARTESIAN_POINT('Ctrl Pts',(-304.509314204271,549.730130421372,-480.572812843829));
#1721=CARTESIAN_POINT('Ctrl Pts',(-309.627219048857,552.023601795089,-485.819841293303));
#1722=CARTESIAN_POINT('Ctrl Pts',(-293.56826788336,543.994732319476,-450.));
#1723=CARTESIAN_POINT('Ctrl Pts',(-293.56826788336,543.994732319476,-456.004097579367));
#1724=CARTESIAN_POINT('Ctrl Pts',(-295.940513325168,545.144155255831,-470.008126195335));
#1725=CARTESIAN_POINT('Ctrl Pts',(-303.25833578808,548.560706384875,-481.844406361063));
#1726=CARTESIAN_POINT('Ctrl Pts',(-308.525748139968,550.886687556263,-487.354918046029));
#1727=CARTESIAN_POINT('Ctrl Pts',(-292.846642057992,543.646825741758,-450.));
#1728=CARTESIAN_POINT('Ctrl Pts',(-292.846642057992,543.646825741758,-456.102699741471));
#1729=CARTESIAN_POINT('Ctrl Pts',(-295.23868858255,544.810435510627,-470.33698023029));
#1730=CARTESIAN_POINT('Ctrl Pts',(-302.625131580189,548.272129620544,-482.389481141509));
#1731=CARTESIAN_POINT('Ctrl Pts',(-307.950963066562,550.632000802806,-488.012500162588));
#1732=CARTESIAN_POINT('',(-302.390418579839,551.641090184485,-475.028454267377));
#1733=CARTESIAN_POINT('',(-308.930141715832,551.413181660659,-486.745106504262));
#1734=CARTESIAN_POINT('Ctrl Pts',(-302.390418579839,551.641090184485,-475.028454267376));
#1735=CARTESIAN_POINT('Ctrl Pts',(-304.388065382458,551.857272540541,-478.483234199411));
#1736=CARTESIAN_POINT('Ctrl Pts',(-306.412790950754,551.893531042504,-481.386383903549));
#1737=CARTESIAN_POINT('Ctrl Pts',(-308.269286234477,551.674560282586,-484.813189371484));
#1738=CARTESIAN_POINT('Ctrl Pts',(-308.74439797878,551.565549981507,-485.849086299597));
#1739=CARTESIAN_POINT('Ctrl Pts',(-308.930141715832,551.413181660659,-486.745106504262));
#1740=CARTESIAN_POINT('',(-307.811035509792,550.569974286361,-487.864212710302));
#1741=CARTESIAN_POINT('Ctrl Pts',(-308.930141715832,551.413181660659,-486.745106504262));
#1742=CARTESIAN_POINT('Ctrl Pts',(-308.596624645502,551.037253236591,-487.078623574592));
#1743=CARTESIAN_POINT('Ctrl Pts',(-308.218139703037,550.750505762305,-487.457108517056));
#1744=CARTESIAN_POINT('Ctrl Pts',(-307.811035509792,550.569974286361,-487.864212710302));
#1745=CARTESIAN_POINT('Ctrl Pts',(-307.811039905289,550.569976157345,-487.864207798665));
#1746=CARTESIAN_POINT('Ctrl Pts',(-302.551194228882,548.237477434641,-482.26857747742));
#1747=CARTESIAN_POINT('Ctrl Pts',(-295.226696216126,544.804601830312,-470.265617610186));
#1748=CARTESIAN_POINT('Ctrl Pts',(-292.846642057992,543.646825741758,-456.102699741471));
#1749=CARTESIAN_POINT('Ctrl Pts',(-292.846642057992,543.646825741758,-450.));
#1750=CARTESIAN_POINT('Ctrl Pts',(-295.675248220094,548.150718369334,-450.));
#1751=CARTESIAN_POINT('Ctrl Pts',(-295.675248220094,548.150718369334,-455.547908855883));
#1752=CARTESIAN_POINT('Ctrl Pts',(-297.171586409588,548.951400583768,-464.366972615901));
#1753=CARTESIAN_POINT('Ctrl Pts',(-300.797155700759,550.829784167639,-472.264786412713));
#1754=CARTESIAN_POINT('Ctrl Pts',(-302.39425530448,551.64313157888,-475.025687674956));
#1755=CARTESIAN_POINT('Ctrl Pts',(-345.675248220094,543.646825741758,-502.828606162102));
#1756=CARTESIAN_POINT('Ctrl Pts',(-341.606867237969,543.646825741758,-502.828606162102));
#1757=CARTESIAN_POINT('Ctrl Pts',(-333.471666547324,544.083234464532,-501.926768401264));
#1758=CARTESIAN_POINT('Ctrl Pts',(-320.077595945311,546.268527244418,-497.34275345262));
#1759=CARTESIAN_POINT('Ctrl Pts',(-311.880465628561,548.861907172757,-491.71908811549));
#1760=CARTESIAN_POINT('Ctrl Pts',(-307.662748057506,550.632000802805,-487.724285153532));
#1761=CARTESIAN_POINT('Ctrl Pts',(-345.675248220094,544.110701178716,-501.866438394944));
#1762=CARTESIAN_POINT('Ctrl Pts',(-341.694684057583,544.110701178716,-501.866438394944));
#1763=CARTESIAN_POINT('Ctrl Pts',(-333.73455480008,544.540589555146,-500.975057782505));
#1764=CARTESIAN_POINT('Ctrl Pts',(-320.640427897549,546.688256096771,-496.444608653582));
#1765=CARTESIAN_POINT('Ctrl Pts',(-312.644049193663,549.235897366937,-490.894550836438));
#1766=CARTESIAN_POINT('Ctrl Pts',(-308.539524212918,550.971583140749,-486.957905055657));
#1767=CARTESIAN_POINT('Ctrl Pts',(-345.675248220094,545.479736759524,-500.457351066784));
#1768=CARTESIAN_POINT('Ctrl Pts',(-341.847617056188,545.479736759524,-500.457351066784));
#1769=CARTESIAN_POINT('Ctrl Pts',(-334.194103478943,545.906989660422,-499.587243777963));
#1770=CARTESIAN_POINT('Ctrl Pts',(-321.62169041653,548.04505344474,-495.171284788696));
#1771=CARTESIAN_POINT('Ctrl Pts',(-313.975916307291,550.577731228446,-489.771139238153));
#1772=CARTESIAN_POINT('Ctrl Pts',(-310.066454815709,552.302787737812,-485.951042496495));
#1773=CARTESIAN_POINT('Ctrl Pts',(-345.675248220094,547.349604882581,-500.));
#1774=CARTESIAN_POINT('Ctrl Pts',(-341.948223352972,547.349604882581,-500.));
#1775=CARTESIAN_POINT('Ctrl Pts',(-334.495291455474,547.786109384423,-499.159277515739));
#1776=CARTESIAN_POINT('Ctrl Pts',(-322.239295648316,549.972135814106,-494.889162616025));
#1777=CARTESIAN_POINT('Ctrl Pts',(-314.761493669867,552.564760280344,-489.659381249144));
#1778=CARTESIAN_POINT('Ctrl Pts',(-310.925900587928,554.333457792566,-485.952104316755));
#1779=CARTESIAN_POINT('Ctrl Pts',(-345.675248220094,548.150718369334,-500.));
#1780=CARTESIAN_POINT('Ctrl Pts',(-341.976720054525,548.150718369334,-500.));
#1781=CARTESIAN_POINT('Ctrl Pts',(-334.58108306303,548.591340795325,-499.172231481649));
#1782=CARTESIAN_POINT('Ctrl Pts',(-322.404655243018,550.797733463312,-494.964708325143));
#1783=CARTESIAN_POINT('Ctrl Pts',(-314.952718591427,553.416153526681,-489.802922773502));
#1784=CARTESIAN_POINT('Ctrl Pts',(-311.118429890469,555.203338128642,-486.13621876917));
#1785=CARTESIAN_POINT('',(-320.646793952718,551.641090184485,-493.284829640255));
#1786=CARTESIAN_POINT('Ctrl Pts',(-308.930141715832,551.413181660659,-486.745106504262));
#1787=CARTESIAN_POINT('Ctrl Pts',(-309.055865774405,551.434561048752,-486.771168926019));
#1788=CARTESIAN_POINT('Ctrl Pts',(-309.18016303127,551.454401962404,-486.802072477972));
#1789=CARTESIAN_POINT('Ctrl Pts',(-310.164049299929,551.603247847444,-487.07727963663));
#1790=CARTESIAN_POINT('Ctrl Pts',(-311.120990766352,551.694187962962,-487.539811199226));
#1791=CARTESIAN_POINT('Ctrl Pts',(-314.405476381139,551.892244029054,-489.34387384953));
#1792=CARTESIAN_POINT('Ctrl Pts',(-317.223179780415,551.85532234762,-491.305203719284));
#1793=CARTESIAN_POINT('Ctrl Pts',(-320.646793952717,551.641090184485,-493.284829640254));
#1794=CARTESIAN_POINT('',(-345.675248220094,548.150718369334,-500.));
#1795=CARTESIAN_POINT('Ctrl Pts',(-320.647398393505,551.641483318137,-493.28396674836));
#1796=CARTESIAN_POINT('Ctrl Pts',(-321.847748570711,551.287837490131,-493.978369477198));
#1797=CARTESIAN_POINT('Ctrl Pts',(-326.283798853957,550.094825012019,-496.305133186334));
#1798=CARTESIAN_POINT('Ctrl Pts',(-334.58108306303,548.591340795325,-499.172231481649));
#1799=CARTESIAN_POINT('Ctrl Pts',(-341.976720054525,548.150718369334,-500.));
#1800=CARTESIAN_POINT('Ctrl Pts',(-345.675248220094,548.150718369334,-500.));
#1801=CARTESIAN_POINT('',(-345.675248220094,543.646825741758,-502.828606162102));
#1802=CARTESIAN_POINT('Origin',(-345.675248220094,548.150718369334,-505.));
#1803=CARTESIAN_POINT('Ctrl Pts',(-345.675248220094,543.646825741758,-502.828606162102));
#1804=CARTESIAN_POINT('Ctrl Pts',(-341.606867237969,543.646825741758,-502.828606162102));
#1805=CARTESIAN_POINT('Ctrl Pts',(-333.471666547324,544.083234464532,-501.926768401264));
#1806=CARTESIAN_POINT('Ctrl Pts',(-320.144739845578,546.257572465634,-497.365732922543));
#1807=CARTESIAN_POINT('Ctrl Pts',(-311.995590323566,548.825556619729,-491.797907738382));
#1808=CARTESIAN_POINT('Ctrl Pts',(-307.811037930855,550.569975095779,-487.864210493786));
#1809=CARTESIAN_POINT('Ctrl Pts',(-490.675248220094,441.009188434067,-646.441960974727));
#1810=CARTESIAN_POINT('Ctrl Pts',(-490.675248220094,449.648960581484,-637.911834573911));
#1811=CARTESIAN_POINT('Ctrl Pts',(-489.144768768654,466.32576733456,-620.239651066793));
#1812=CARTESIAN_POINT('Ctrl Pts',(-481.214446380852,488.967274162299,-592.592441712978));
#1813=CARTESIAN_POINT('Ctrl Pts',(-466.658129535545,508.479747089086,-565.146879083872));
#1814=CARTESIAN_POINT('Ctrl Pts',(-444.91921725064,524.151167854996,-539.902178217981));
#1815=CARTESIAN_POINT('Ctrl Pts',(-416.342015797022,535.440257711852,-519.365430897276));
#1816=CARTESIAN_POINT('Ctrl Pts',(-382.448074929831,542.165803203128,-505.93935078824));
#1817=CARTESIAN_POINT('Ctrl Pts',(-357.933675670789,543.646825741758,-502.828606162102));
#1818=CARTESIAN_POINT('Ctrl Pts',(-345.675248220094,543.646825741758,-502.828606162102));
#1819=CARTESIAN_POINT('Ctrl Pts',(-491.423246470948,441.009188434067,-646.441960974727));
#1820=CARTESIAN_POINT('Ctrl Pts',(-491.403078192119,449.67122032246,-637.889956302069));
#1821=CARTESIAN_POINT('Ctrl Pts',(-489.829895971415,466.390451437552,-620.169541513026));
#1822=CARTESIAN_POINT('Ctrl Pts',(-481.82479850832,489.087671918194,-592.438690151335));
#1823=CARTESIAN_POINT('Ctrl Pts',(-467.179783022298,508.645201392575,-564.902062413113));
#1824=CARTESIAN_POINT('Ctrl Pts',(-445.334891247589,524.349552139933,-539.566765493835));
#1825=CARTESIAN_POINT('Ctrl Pts',(-416.633162971154,535.65939828564,-518.95124312649));
#1826=CARTESIAN_POINT('Ctrl Pts',(-382.598417241264,542.395632243576,-505.471124113113));
#1827=CARTESIAN_POINT('Ctrl Pts',(-357.983808685543,543.878763460237,-502.347522278523));
#1828=CARTESIAN_POINT('Ctrl Pts',(-345.675248220094,543.878763460237,-502.347522278523));
#1829=CARTESIAN_POINT('Ctrl Pts',(-492.915872401096,441.249785642283,-646.685650805406));
#1830=CARTESIAN_POINT('Ctrl Pts',(-492.855637606027,449.948744024867,-638.07086125792));
#1831=CARTESIAN_POINT('Ctrl Pts',(-491.197932611754,466.737678225469,-620.219986824742));
#1832=CARTESIAN_POINT('Ctrl Pts',(-483.043913675334,489.524894600999,-592.280811484864));
#1833=CARTESIAN_POINT('Ctrl Pts',(-468.222096545658,509.154936075082,-564.531583423739));
#1834=CARTESIAN_POINT('Ctrl Pts',(-446.165541779369,524.912641366544,-538.993804920049));
#1835=CARTESIAN_POINT('Ctrl Pts',(-417.215055843112,536.256914738958,-518.207407871721));
#1836=CARTESIAN_POINT('Ctrl Pts',(-382.898876475703,543.011442717553,-504.611988317499));
#1837=CARTESIAN_POINT('Ctrl Pts',(-358.084026157693,544.498295750956,-501.461188422209));
#1838=CARTESIAN_POINT('Ctrl Pts',(-345.675248220094,544.498295750956,-501.461188422209));
#1839=CARTESIAN_POINT('Ctrl Pts',(-495.018592443008,442.425000533723,-647.87597184043));
#1840=CARTESIAN_POINT('Ctrl Pts',(-494.929094880413,451.154320695035,-639.111291684836));
#1841=CARTESIAN_POINT('Ctrl Pts',(-493.19696226183,468.000898899258,-620.958153090968));
#1842=CARTESIAN_POINT('Ctrl Pts',(-484.876053223501,490.864113799717,-592.565450779027));
#1843=CARTESIAN_POINT('Ctrl Pts',(-469.821033091498,510.558403329622,-564.378157803101));
#1844=CARTESIAN_POINT('Ctrl Pts',(-447.457759537054,526.367059359782,-538.4431009602));
#1845=CARTESIAN_POINT('Ctrl Pts',(-418.127339783918,537.747861585825,-517.334574551126));
#1846=CARTESIAN_POINT('Ctrl Pts',(-383.371790016093,544.524117091612,-503.527985919776));
#1847=CARTESIAN_POINT('Ctrl Pts',(-358.241639057243,546.015760736435,-500.328103312742));
#1848=CARTESIAN_POINT('Ctrl Pts',(-345.675248220094,546.015760736435,-500.328103312742));
#1849=CARTESIAN_POINT('Ctrl Pts',(-495.675248220094,443.73378358221,-649.201577909789));
#1850=CARTESIAN_POINT('Ctrl Pts',(-495.627129259328,452.459591157841,-640.33189939487));
#1851=CARTESIAN_POINT('Ctrl Pts',(-493.960926413567,469.300892401201,-621.963524020818));
#1852=CARTESIAN_POINT('Ctrl Pts',(-485.672094680957,492.16262677802,-593.240822219939));
#1853=CARTESIAN_POINT('Ctrl Pts',(-470.578304742036,511.861192907067,-564.734710760819));
#1854=CARTESIAN_POINT('Ctrl Pts',(-448.102914734218,527.678826695205,-538.514936252743));
#1855=CARTESIAN_POINT('Ctrl Pts',(-418.596415866186,539.070475016359,-517.181936892725));
#1856=CARTESIAN_POINT('Ctrl Pts',(-383.617967148924,545.855668445808,-503.232456108196));
#1857=CARTESIAN_POINT('Ctrl Pts',(-358.323847225366,547.34960488258,-500.));
#1858=CARTESIAN_POINT('Ctrl Pts',(-345.675248220094,547.34960488258,-500.));
#1859=CARTESIAN_POINT('Ctrl Pts',(-495.675248220094,444.522073045695,-650.000000000002));
#1860=CARTESIAN_POINT('Ctrl Pts',(-495.675248220094,453.245265697312,-641.090529416352));
#1861=CARTESIAN_POINT('Ctrl Pts',(-494.091993615156,470.083093783363,-622.632444306327));
#1862=CARTESIAN_POINT('Ctrl Pts',(-485.888211834671,492.943213542459,-593.7557328857));
#1863=CARTESIAN_POINT('Ctrl Pts',(-470.829953029181,512.644087309218,-565.089635643299));
#1864=CARTESIAN_POINT('Ctrl Pts',(-448.341423079279,528.466821998633,-538.722274927966));
#1865=CARTESIAN_POINT('Ctrl Pts',(-418.778800885882,539.864912596682,-517.27223567413));
#1866=CARTESIAN_POINT('Ctrl Pts',(-383.716103437063,546.655395957421,-503.249082890164));
#1867=CARTESIAN_POINT('Ctrl Pts',(-358.35638006564,548.150718369334,-500.));
#1868=CARTESIAN_POINT('Ctrl Pts',(-345.675248220094,548.150718369334,-500.));
#1869=CARTESIAN_POINT('',(-495.675248220094,444.522073045695,-650.000000000002));
#1870=CARTESIAN_POINT('Ctrl Pts',(-345.675248220094,548.150718369334,-500.));
#1871=CARTESIAN_POINT('Ctrl Pts',(-358.35638006564,548.150718369334,-500.));
#1872=CARTESIAN_POINT('Ctrl Pts',(-383.716103437063,546.655395957421,-503.249082890164));
#1873=CARTESIAN_POINT('Ctrl Pts',(-418.778800885882,539.864912596682,-517.27223567413));
#1874=CARTESIAN_POINT('Ctrl Pts',(-448.341423079279,528.466821998633,-538.722274927966));
#1875=CARTESIAN_POINT('Ctrl Pts',(-470.829953029181,512.644087309218,-565.089635643299));
#1876=CARTESIAN_POINT('Ctrl Pts',(-485.888211834671,492.943213542459,-593.7557328857));
#1877=CARTESIAN_POINT('Ctrl Pts',(-494.091993615156,470.083093783363,-622.632444306327));
#1878=CARTESIAN_POINT('Ctrl Pts',(-495.675248220094,453.245265697312,-641.090529416352));
#1879=CARTESIAN_POINT('Ctrl Pts',(-495.675248220094,444.522073045695,-650.000000000002));
#1880=CARTESIAN_POINT('',(-490.675248220094,441.009188434067,-646.441960974727));
#1881=CARTESIAN_POINT('Origin',(-490.675248220094,444.522073045695,-650.000000000002));
#1882=CARTESIAN_POINT('Ctrl Pts',(-490.675248220094,441.009188434067,-646.441960974727));
#1883=CARTESIAN_POINT('Ctrl Pts',(-490.675248220094,449.648960581484,-637.911834573911));
#1884=CARTESIAN_POINT('Ctrl Pts',(-489.144768768654,466.32576733456,-620.239651066793));
#1885=CARTESIAN_POINT('Ctrl Pts',(-481.214446380852,488.967274162299,-592.592441712978));
#1886=CARTESIAN_POINT('Ctrl Pts',(-466.658129535545,508.479747089086,-565.146879083872));
#1887=CARTESIAN_POINT('Ctrl Pts',(-444.91921725064,524.151167854996,-539.902178217981));
#1888=CARTESIAN_POINT('Ctrl Pts',(-416.342015797022,535.440257711852,-519.365430897276));
#1889=CARTESIAN_POINT('Ctrl Pts',(-382.448074929831,542.165803203128,-505.93935078824));
#1890=CARTESIAN_POINT('Ctrl Pts',(-357.933675670789,543.646825741758,-502.828606162102));
#1891=CARTESIAN_POINT('Ctrl Pts',(-345.675248220094,543.646825741758,-502.828606162102));
#1892=CARTESIAN_POINT('Origin',(-490.675248220094,77.1834969464955,-277.939675296));
#1893=CARTESIAN_POINT('',(-495.675248220094,0.,-795.055931575519));
#1894=CARTESIAN_POINT('',(-490.675248220094,0.,-790.));
#1895=CARTESIAN_POINT('Ctrl Pts',(-495.675248220094,2.12856567316377E-18,
-795.055931575519));
#1896=CARTESIAN_POINT('Ctrl Pts',(-495.675248220094,2.62103716794827E-18,
-794.742865904566));
#1897=CARTESIAN_POINT('Ctrl Pts',(-495.64459594541,-1.26217744835362E-28,
-794.400919139958));
#1898=CARTESIAN_POINT('Ctrl Pts',(-495.51230838171,-1.26217744835362E-28,
-793.731057792366));
#1899=CARTESIAN_POINT('Ctrl Pts',(-495.410665496936,0.,-793.403144709452));
#1900=CARTESIAN_POINT('Ctrl Pts',(-495.173041788407,0.,-792.825728904672));
#1901=CARTESIAN_POINT('Ctrl Pts',(-495.01546294211,0.,-792.522845750149));
#1902=CARTESIAN_POINT('Ctrl Pts',(-494.640173954597,0.,-791.957002894677));
#1903=CARTESIAN_POINT('Ctrl Pts',(-494.422447368543,0.,-791.694054100754));
#1904=CARTESIAN_POINT('Ctrl Pts',(-493.985155395336,0.,-791.253778077753));
#1905=CARTESIAN_POINT('Ctrl Pts',(-493.725601907949,5.04870979341448E-28,
-791.035590136167));
#1906=CARTESIAN_POINT('Ctrl Pts',(-493.16625825075,5.04870979341448E-28,
-790.659049181331));
#1907=CARTESIAN_POINT('Ctrl Pts',(-492.866456799366,0.,-790.500712926887));
#1908=CARTESIAN_POINT('Ctrl Pts',(-492.297306864392,0.,-790.263412572298));
#1909=CARTESIAN_POINT('Ctrl Pts',(-491.975711795416,8.07793566946316E-27,
-790.162282313548));
#1910=CARTESIAN_POINT('Ctrl Pts',(-491.318400281785,8.07793566946316E-27,
-790.030571884269));
#1911=CARTESIAN_POINT('Ctrl Pts',(-490.982682176777,-7.86377800538154E-20,
-790.));
#1912=CARTESIAN_POINT('Ctrl Pts',(-490.675248220094,-6.62873207475771E-20,
-790.));
#1913=CARTESIAN_POINT('Origin',(-490.675248220094,77.1834969464955,-277.939675296));
#1914=CARTESIAN_POINT('Origin',(-495.675248220094,77.1834969464955,-277.939675296));
#1915=CARTESIAN_POINT('Origin',(-195.675248220094,77.1834969464955,277.939675296));
#1916=CARTESIAN_POINT('',(-221.691645362491,502.06119851573,573.983602857603));
#1917=CARTESIAN_POINT('Origin',(-517.735572924094,77.1834969464955,277.939675296));
#1918=CARTESIAN_POINT('',(-195.675248220094,481.038978950081,602.075168558474));
#1919=CARTESIAN_POINT('Ctrl Pts',(-195.675248220094,481.038978950081,602.075168558474));
#1920=CARTESIAN_POINT('Ctrl Pts',(-204.133300178024,488.454921605278,592.835300793976));
#1921=CARTESIAN_POINT('Ctrl Pts',(-212.813432113381,495.460702077415,583.456534050707));
#1922=CARTESIAN_POINT('Ctrl Pts',(-221.691645362491,502.06119851573,573.983602857603));
#1923=CARTESIAN_POINT('',(-195.675248220094,0.,790.));
#1924=CARTESIAN_POINT('Origin',(-195.675248220094,77.1834969464955,277.939675296));
#1925=CARTESIAN_POINT('',(-195.675248220094,0.,790.));
#1926=CARTESIAN_POINT('Origin',(-517.735572924094,77.1834969464955,-600.));
#1927=CARTESIAN_POINT('',(-221.691645362491,502.061198515731,-573.983602857603));
#1928=CARTESIAN_POINT('Origin',(-517.735572924094,77.1834969464955,-277.939675296));
#1929=CARTESIAN_POINT('',(-193.60007966162,481.038978950081,-600.));
#1930=CARTESIAN_POINT('Ctrl Pts',(-193.60007966162,481.038978950081,-600.));
#1931=CARTESIAN_POINT('Ctrl Pts',(-202.839947426118,488.454921605278,-591.541948042069));
#1932=CARTESIAN_POINT('Ctrl Pts',(-212.218714169387,495.460702077415,-582.861816106712));
#1933=CARTESIAN_POINT('Ctrl Pts',(-221.691645362491,502.061198515731,-573.983602857603));
#1934=CARTESIAN_POINT('',(-5.67524822009375,0.,-600.));
#1935=CARTESIAN_POINT('Origin',(-517.735572924094,77.1834969464955,-600.));
#1936=CARTESIAN_POINT('',(-5.67524822009375,0.,-100.));
#1937=CARTESIAN_POINT('',(-5.67524822009375,0.,-600.));
#1938=CARTESIAN_POINT('',(-5.67524822009375,0.,100.));
#1939=CARTESIAN_POINT('',(-5.67524822009375,0.,-600.));
#1940=CARTESIAN_POINT('',(-5.67524822009375,0.,600.));
#1941=CARTESIAN_POINT('',(-5.67524822009375,0.,-600.));
#1942=CARTESIAN_POINT('',(-193.600079661619,481.03897895008,600.));
#1943=CARTESIAN_POINT('Origin',(-517.735572924094,77.1834969464955,600.));
#1944=CARTESIAN_POINT('Ctrl Pts',(-221.691645362491,502.06119851573,573.983602857603));
#1945=CARTESIAN_POINT('Ctrl Pts',(-212.218711698213,495.460700355564,582.861818422744));
#1946=CARTESIAN_POINT('Ctrl Pts',(-202.839944587659,488.454919327123,591.541950640357));
#1947=CARTESIAN_POINT('Ctrl Pts',(-193.60007966162,481.038978950081,600.));
#1948=CARTESIAN_POINT('',(-5.67524822009374,154.36699389299,100.));
#1949=CARTESIAN_POINT('',(-5.67524822009374,154.36699389299,-100.));
#1950=CARTESIAN_POINT('',(-5.67524822009375,154.36699389299,-600.));
#1951=CARTESIAN_POINT('',(-189.736248220094,477.907231370319,-100.));
#1952=CARTESIAN_POINT('Origin',(-517.735572924094,77.1834969464955,-100.));
#1953=CARTESIAN_POINT('',(-189.736248220094,477.907231370319,100.));
#1954=CARTESIAN_POINT('',(-189.736248220094,477.907231370319,-600.));
#1955=CARTESIAN_POINT('Origin',(-517.735572924094,77.1834969464955,100.));
#1956=CARTESIAN_POINT('Origin',(-495.675248220094,77.1834969464955,-277.939675296));
#1957=CARTESIAN_POINT('',(-195.675248220094,0.,-790.));
#1958=CARTESIAN_POINT('',(-495.675248220094,0.,-790.));
#1959=CARTESIAN_POINT('',(-195.675248220094,481.038978950081,-602.075168558474));
#1960=CARTESIAN_POINT('Origin',(-195.675248220094,77.1834969464955,-277.939675296));
#1961=CARTESIAN_POINT('Ctrl Pts',(-221.691645362491,502.061198515731,-573.983602857603));
#1962=CARTESIAN_POINT('Ctrl Pts',(-212.81342979735,495.460700355564,-583.456536521881));
#1963=CARTESIAN_POINT('Ctrl Pts',(-204.133297579737,488.454919327123,-592.835303632435));
#1964=CARTESIAN_POINT('Ctrl Pts',(-195.675248220094,481.038978950081,-602.075168558474));
#1965=CARTESIAN_POINT('Origin',(-345.675248220094,549.999999999996,450.));
#1966=CARTESIAN_POINT('',(-296.847861386875,550.484396893034,460.765049699804));
#1967=CARTESIAN_POINT('Ctrl Pts',(-302.390418579839,551.641090184485,475.028454267376));
#1968=CARTESIAN_POINT('Ctrl Pts',(-299.821044508052,551.3630363565,470.58491501436));
#1969=CARTESIAN_POINT('Ctrl Pts',(-297.952293046363,550.938986269101,465.774456379057));
#1970=CARTESIAN_POINT('Ctrl Pts',(-296.847861386875,550.484396893034,460.765049699804));
#1971=CARTESIAN_POINT('',(-295.675248220094,550.,450.));
#1972=CARTESIAN_POINT('Ctrl Pts',(-296.847861386875,550.484396893034,460.765049699804));
#1973=CARTESIAN_POINT('Ctrl Pts',(-296.771851795018,550.453110979921,460.42029051632));
#1974=CARTESIAN_POINT('Ctrl Pts',(-296.699565043552,550.423335500282,460.075047586857));
#1975=CARTESIAN_POINT('Ctrl Pts',(-295.98534510877,550.128966629581,456.474811671374));
#1976=CARTESIAN_POINT('Ctrl Pts',(-295.675248220094,550.,453.188893436144));
#1977=CARTESIAN_POINT('Ctrl Pts',(-295.675248220094,550.,450.));
#1978=CARTESIAN_POINT('',(-295.675248220094,549.999999999997,450.));
#1979=CARTESIAN_POINT('Origin',(-495.675248220094,275.,-653.991607664401));
#1980=CARTESIAN_POINT('',(-495.675248220094,453.267008786426,-650.000000000002));
#1981=CARTESIAN_POINT('',(-495.675248220094,412.500000000001,-650.000000000003));
#1982=CARTESIAN_POINT('',(-495.675248220094,0.,-800.));
#1983=CARTESIAN_POINT('Origin',(-495.675248220094,88.9143242768347,-308.842927840864));
#1984=CARTESIAN_POINT('',(-495.675248220094,0.,-790.));
#1985=CARTESIAN_POINT('Origin',(-345.675248220094,412.500000000001,-650.000000000003));
#1986=CARTESIAN_POINT('',(-345.675248220094,550.,-500.));
#1987=CARTESIAN_POINT('',(-345.675248220094,412.499999999998,-500.000000000003));
#1988=CARTESIAN_POINT('Ctrl Pts',(-345.675248220094,550.,-500.));
#1989=CARTESIAN_POINT('Ctrl Pts',(-354.915779591398,550.,-500.));
#1990=CARTESIAN_POINT('Ctrl Pts',(-364.451532667478,549.643081625514,-500.868720728269));
#1991=CARTESIAN_POINT('Ctrl Pts',(-383.362271745622,548.115871828203,-504.49269582965));
#1992=CARTESIAN_POINT('Ctrl Pts',(-392.737343010177,546.945169431418,-507.247332052881));
#1993=CARTESIAN_POINT('Ctrl Pts',(-410.645030414042,543.75462469376,-514.456317738475));
#1994=CARTESIAN_POINT('Ctrl Pts',(-419.194102579723,541.729440566953,-518.91722878846));
#1995=CARTESIAN_POINT('Ctrl Pts',(-434.92849884162,536.874409753587,-529.080307255325));
#1996=CARTESIAN_POINT('Ctrl Pts',(-442.113426964324,534.041316350953,-534.781536433164));
#1997=CARTESIAN_POINT('Ctrl Pts',(-452.453269263804,528.93865187757,-544.507356301343));
#1998=CARTESIAN_POINT('Ctrl Pts',(-456.258017407608,526.780754965536,-548.50304428952));
#1999=CARTESIAN_POINT('Ctrl Pts',(-463.386389569116,522.09951175583,-556.864249281331));
#2000=CARTESIAN_POINT('Ctrl Pts',(-466.710043965103,519.576036729243,-561.229668312742));
#2001=CARTESIAN_POINT('Ctrl Pts',(-475.878610768068,511.471883417202,-574.730759114765));
#2002=CARTESIAN_POINT('Ctrl Pts',(-480.910128771267,505.347239559529,-584.275036473305));
#2003=CARTESIAN_POINT('Ctrl Pts',(-488.688857350973,491.918865671383,-603.574270306917));
#2004=CARTESIAN_POINT('Ctrl Pts',(-491.446185003853,484.601559843304,-613.344412050017));
#2005=CARTESIAN_POINT('Ctrl Pts',(-494.937492618065,469.269911496023,-632.291794835556));
#2006=CARTESIAN_POINT('Ctrl Pts',(-495.675248220094,461.255542127332,-641.468318245224));
#2007=CARTESIAN_POINT('Ctrl Pts',(-495.675248220094,453.267008786426,-650.000000000002));
#2008=CARTESIAN_POINT('Origin',(-345.675248220094,549.999999999996,-450.));
#2009=CARTESIAN_POINT('',(-334.91019852029,550.484396893034,-498.827386833219));
#2010=CARTESIAN_POINT('Ctrl Pts',(-320.646793952718,551.641090184485,-493.284829640255));
#2011=CARTESIAN_POINT('Ctrl Pts',(-325.090333205734,551.3630363565,-495.854203712042));
#2012=CARTESIAN_POINT('Ctrl Pts',(-329.900791841039,550.938986269101,-497.722955173731));
#2013=CARTESIAN_POINT('Ctrl Pts',(-334.91019852029,550.484396893034,-498.827386833219));
#2014=CARTESIAN_POINT('Ctrl Pts',(-334.91019852029,550.484396893034,-498.827386833219));
#2015=CARTESIAN_POINT('Ctrl Pts',(-335.30229840159,550.448814946546,-498.913833702143));
#2016=CARTESIAN_POINT('Ctrl Pts',(-335.695016442411,550.415187538892,-498.995463198289));
#2017=CARTESIAN_POINT('Ctrl Pts',(-339.29775354668,550.125039848254,-499.699320055063));
#2018=CARTESIAN_POINT('Ctrl Pts',(-342.535245391805,550.,-500.));
#2019=CARTESIAN_POINT('Ctrl Pts',(-345.675248220094,550.,-500.));
#2020=CARTESIAN_POINT('Origin',(-345.675248220094,549.999999999996,-450.));
#2021=CARTESIAN_POINT('',(-295.675248220094,550.,-450.));
#2022=CARTESIAN_POINT('',(-295.675248220094,549.999999999997,-450.));
#2023=CARTESIAN_POINT('',(-296.847861386853,550.484396893024,-460.765049699701));
#2024=CARTESIAN_POINT('Ctrl Pts',(-295.675248220094,550.,-450.));
#2025=CARTESIAN_POINT('Ctrl Pts',(-295.675248220094,550.,-453.140002828288));
#2026=CARTESIAN_POINT('Ctrl Pts',(-295.97592816503,550.125039848254,-456.377494673414));
#2027=CARTESIAN_POINT('Ctrl Pts',(-296.679785021798,550.415187538889,-459.980231777648));
#2028=CARTESIAN_POINT('Ctrl Pts',(-296.761414517937,550.44881494654,-460.372949818435));
#2029=CARTESIAN_POINT('Ctrl Pts',(-296.847861386853,550.484396893024,-460.765049699701));
#2030=CARTESIAN_POINT('Ctrl Pts',(-296.847861386875,550.484396893034,-460.765049699804));
#2031=CARTESIAN_POINT('Ctrl Pts',(-297.952164086406,550.938933188563,-465.773871451172));
#2032=CARTESIAN_POINT('Ctrl Pts',(-299.820745370488,551.36300398428,-470.584397678437));
#2033=CARTESIAN_POINT('Ctrl Pts',(-302.390418579839,551.641090184485,-475.028454267377));
#2034=CARTESIAN_POINT('Origin',(-295.675248220094,550.,-600.));
#2035=CARTESIAN_POINT('',(-295.675248220094,550.,-600.));
#2036=CARTESIAN_POINT('Origin',(-345.675248220094,549.999999999996,450.));
#2037=CARTESIAN_POINT('',(-345.675248220094,550.,500.));
#2038=CARTESIAN_POINT('',(-345.675248220094,412.499999999998,500.000000000003));
#2039=CARTESIAN_POINT('',(-334.910198520393,550.484396893024,498.827386833241));
#2040=CARTESIAN_POINT('Ctrl Pts',(-345.675248220094,550.,500.));
#2041=CARTESIAN_POINT('Ctrl Pts',(-342.535245391806,550.,500.));
#2042=CARTESIAN_POINT('Ctrl Pts',(-339.29775354668,550.125039848254,499.699320055063));
#2043=CARTESIAN_POINT('Ctrl Pts',(-335.695016442446,550.415187538889,498.995463198295));
#2044=CARTESIAN_POINT('Ctrl Pts',(-335.302298401659,550.44881494654,498.913833702157));
#2045=CARTESIAN_POINT('Ctrl Pts',(-334.910198520393,550.484396893024,498.827386833241));
#2046=CARTESIAN_POINT('Ctrl Pts',(-334.91019852029,550.484396893034,498.827386833218));
#2047=CARTESIAN_POINT('Ctrl Pts',(-329.901376768921,550.938933188563,497.723084133688));
#2048=CARTESIAN_POINT('Ctrl Pts',(-325.090850541656,551.36300398428,495.854502849605));
#2049=CARTESIAN_POINT('Ctrl Pts',(-320.646793952718,551.641090184485,493.284829640255));
#2050=CARTESIAN_POINT('Origin',(-184.736248220094,0.,-100.));
#2051=CARTESIAN_POINT('',(-184.736248220094,479.9547146519,-95.));
#2052=CARTESIAN_POINT('',(-184.736248220094,479.9547146519,95.));
#2053=CARTESIAN_POINT('',(-184.736248220094,479.9547146519,-600.));
#2054=CARTESIAN_POINT('',(-184.736248220094,0.,95.));
#2055=CARTESIAN_POINT('',(-184.736248220094,0.,95.));
#2056=CARTESIAN_POINT('',(-184.736248220094,0.,-95.));
#2057=CARTESIAN_POINT('',(-184.736248220094,0.,-50.));
#2058=CARTESIAN_POINT('',(-184.736248220094,0.,-95.));
#2059=CARTESIAN_POINT('Origin',(-189.736248220094,0.,95.));
#2060=CARTESIAN_POINT('',(-178.899388021235,475.375102219522,95.));
#2061=CARTESIAN_POINT('Origin',(-486.83232037923,88.9143242768347,95.0000000000001));
#2062=CARTESIAN_POINT('',(-10.6752482200937,204.683857026416,95.));
#2063=CARTESIAN_POINT('Origin',(-517.735572924094,77.1834969464955,95.0000000000001));
#2064=CARTESIAN_POINT('',(-10.6752482200937,0.,95.));
#2065=CARTESIAN_POINT('',(-10.6752482200937,0.,95.));
#2066=CARTESIAN_POINT('',(-143.720998220094,0.,95.));
#2067=CARTESIAN_POINT('Origin',(-5.67524822009375,0.,-95.));
#2068=CARTESIAN_POINT('',(-178.899388021235,475.375102219522,-95.0000000000001));
#2069=CARTESIAN_POINT('Origin',(-486.83232037923,88.9143242768347,-95.));
#2070=CARTESIAN_POINT('',(-10.6752482200937,0.,-95.));
#2071=CARTESIAN_POINT('',(-51.6904982200938,0.,-95.));
#2072=CARTESIAN_POINT('',(-10.6752482200937,204.683857026416,-95.));
#2073=CARTESIAN_POINT('',(-10.6752482200937,0.,-95.));
#2074=CARTESIAN_POINT('Origin',(-517.735572924094,77.1834969464955,-95.));
#2075=CARTESIAN_POINT('Ctrl Pts',(-195.675248220094,433.110645323645,-663.389844759489));
#2076=CARTESIAN_POINT('Ctrl Pts',(-132.285403460605,433.110645323645,-663.389844759489));
#2077=CARTESIAN_POINT('Ctrl Pts',(-132.285403460605,433.110645323645,-600.));
#2078=CARTESIAN_POINT('Ctrl Pts',(-195.675248220094,252.738081993959,-838.496635294943));
#2079=CARTESIAN_POINT('Ctrl Pts',(42.8213870748491,252.738081993959,-838.496635294943));
#2080=CARTESIAN_POINT('Ctrl Pts',(42.821387074849,252.738081993959,-600.));
#2081=CARTESIAN_POINT('Ctrl Pts',(-195.675248220094,4.99999999999996,-795.805975617411));
#2082=CARTESIAN_POINT('Ctrl Pts',(0.130727397317436,4.99999999999996,-795.805975617411));
#2083=CARTESIAN_POINT('Ctrl Pts',(0.130727397317401,4.99999999999996,-600.));
#2084=CARTESIAN_POINT('',(-126.376501082337,426.917617239592,-600.));
#2085=CARTESIAN_POINT('',(-195.675248220094,426.917617239592,-669.298747137756));
#2086=CARTESIAN_POINT('Ctrl Pts',(-126.376501082337,426.917617239592,-600.));
#2087=CARTESIAN_POINT('Ctrl Pts',(-126.380080486827,426.921434412989,-600.016630294207));
#2088=CARTESIAN_POINT('Ctrl Pts',(-126.383664314813,426.925249798525,-600.033259238956));
#2089=CARTESIAN_POINT('Ctrl Pts',(-127.67158191544,428.294049818311,-606.001337065805));
#2090=CARTESIAN_POINT('Ctrl Pts',(-129.538519608747,429.447007620905,-611.853154076539));
#2091=CARTESIAN_POINT('Ctrl Pts',(-134.477939141505,431.286760676592,-623.18240454082));
#2092=CARTESIAN_POINT('Ctrl Pts',(-137.532931260531,431.964168288847,-628.609261270236));
#2093=CARTESIAN_POINT('Ctrl Pts',(-147.452627982677,433.111368348977,-642.550732041944));
#2094=CARTESIAN_POINT('Ctrl Pts',(-155.302219289048,433.039328165538,-650.145151463065));
#2095=CARTESIAN_POINT('Ctrl Pts',(-173.952813923354,431.25000067334,-662.528993273444));
#2096=CARTESIAN_POINT('Ctrl Pts',(-184.57870380444,429.462653754878,-666.90411519655));
#2097=CARTESIAN_POINT('Ctrl Pts',(-195.641988502331,426.92524990903,-669.291583801308));
#2098=CARTESIAN_POINT('Ctrl Pts',(-195.658618404967,426.921434303025,-669.295167836381));
#2099=CARTESIAN_POINT('Ctrl Pts',(-195.675248220094,426.917617239592,-669.298747137756));
#2100=CARTESIAN_POINT('',(-195.675248220094,5.,-795.805975617411));
#2101=CARTESIAN_POINT('Origin',(-195.675248220094,88.9143242768347,-308.842927840864));
#2102=CARTESIAN_POINT('',(0.130727397317294,5.,-600.));
#2103=CARTESIAN_POINT('Origin',(-195.675248220094,5.,-600.));
#2104=CARTESIAN_POINT('Origin',(-486.83232037923,88.9143242768347,-600.));
#2105=CARTESIAN_POINT('Origin',(-517.735572924094,77.1834969464955,-600.));
#2106=CARTESIAN_POINT('',(-178.899388021231,475.37510221952,557.574800672374));
#2107=CARTESIAN_POINT('',(-178.899388021235,475.375102219522,-600.));
#2108=CARTESIAN_POINT('',(-149.437088869108,448.293644143013,599.99999999996));
#2109=CARTESIAN_POINT('Ctrl Pts',(-178.899388021233,475.375102219522,557.574800672374));
#2110=CARTESIAN_POINT('Ctrl Pts',(-178.899388021233,475.375102219522,558.229612999657));
#2111=CARTESIAN_POINT('Ctrl Pts',(-178.792189286841,475.283904462335,558.905462481663));
#2112=CARTESIAN_POINT('Ctrl Pts',(-178.319421849292,474.881089065663,560.921770114133));
#2113=CARTESIAN_POINT('Ctrl Pts',(-177.723206260175,474.371978146827,562.377950552208));
#2114=CARTESIAN_POINT('Ctrl Pts',(-174.751256268604,471.820307637269,568.696296212497));
#2115=CARTESIAN_POINT('Ctrl Pts',(-170.526885603335,468.110656508988,574.508769428287));
#2116=CARTESIAN_POINT('Ctrl Pts',(-163.111885167555,461.438737802803,584.365959725668));
#2117=CARTESIAN_POINT('Ctrl Pts',(-156.764783439279,455.5658214796,591.890756224203));
#2118=CARTESIAN_POINT('Ctrl Pts',(-149.437088869013,448.293644142938,599.999999999807));
#2119=CARTESIAN_POINT('',(0.10229502108718,5.00000000000001,600.));
#2120=CARTESIAN_POINT('Origin',(-517.735572924094,77.1834969464955,600.));
#2121=CARTESIAN_POINT('',(0.102295021087038,5.00000000000001,-600.));
#2122=CARTESIAN_POINT('',(0.102295021087002,5.,-600.));
#2123=CARTESIAN_POINT('',(-149.437088869109,448.293644143014,-599.99999999996));
#2124=CARTESIAN_POINT('Origin',(-517.735572924094,77.1834969464955,-600.));
#2125=CARTESIAN_POINT('',(-178.899388021233,475.375102219522,-557.574800672372));
#2126=CARTESIAN_POINT('Ctrl Pts',(-178.899388021234,475.375102219523,-557.574800672372));
#2127=CARTESIAN_POINT('Ctrl Pts',(-178.899388021234,475.375102219523,-558.425925843358));
#2128=CARTESIAN_POINT('Ctrl Pts',(-178.718801342321,475.22150322899,-559.341340757889));
#2129=CARTESIAN_POINT('Ctrl Pts',(-178.09535421542,474.689814792369,-561.494165378839));
#2130=CARTESIAN_POINT('Ctrl Pts',(-177.535611312517,474.211251492476,-562.803857979421));
#2131=CARTESIAN_POINT('Ctrl Pts',(-174.685513218768,471.762160434245,-568.699722193803));
#2132=CARTESIAN_POINT('Ctrl Pts',(-170.891906712973,468.433410448789,-573.991675492175));
#2133=CARTESIAN_POINT('Ctrl Pts',(-163.513416138609,461.810214433792,-583.889303546507));
#2134=CARTESIAN_POINT('Ctrl Pts',(-156.997977559901,455.797248838201,-591.632690340994));
#2135=CARTESIAN_POINT('Ctrl Pts',(-149.437088869014,448.293644142938,-599.999999999806));
#2136=CARTESIAN_POINT('',(-178.899388021235,475.375102219522,-600.));
#2137=CARTESIAN_POINT('',(-10.6752482200937,204.683857026416,-600.));
#2138=CARTESIAN_POINT('Origin',(-195.675248220094,77.1834969464955,277.939675296));
#2139=CARTESIAN_POINT('',(-238.100447547722,475.375102219522,616.775860198861));
#2140=CARTESIAN_POINT('',(-486.817575445034,475.375102219549,616.775860198829));
#2141=CARTESIAN_POINT('',(-195.675248220093,475.375102219522,616.77586019886));
#2142=CARTESIAN_POINT('',(-490.675248220094,444.522073045695,650.000000000002));
#2143=CARTESIAN_POINT('Ctrl Pts',(-486.817575445034,475.375102219549,616.775860198828));
#2144=CARTESIAN_POINT('Ctrl Pts',(-487.367200719236,473.388239289253,619.110770621395));
#2145=CARTESIAN_POINT('Ctrl Pts',(-487.852546825662,471.377068118448,621.432569414316));
#2146=CARTESIAN_POINT('Ctrl Pts',(-489.966174390617,461.258194989575,632.908276272894));
#2147=CARTESIAN_POINT('Ctrl Pts',(-490.675248220094,452.854923005299,641.772900694414));
#2148=CARTESIAN_POINT('Ctrl Pts',(-490.675248220094,444.522073045695,650.000000000002));
#2149=CARTESIAN_POINT('',(-490.675248220094,4.99999999999998,795.777543241181));
#2150=CARTESIAN_POINT('Origin',(-490.675248220094,77.1834969464955,277.939675296));
#2151=CARTESIAN_POINT('',(-195.675248220094,5.00000000000001,795.777543241181));
#2152=CARTESIAN_POINT('',(-195.675248220094,5.,795.777543241181));
#2153=CARTESIAN_POINT('',(-195.675248220134,448.293644143014,646.238159350984));
#2154=CARTESIAN_POINT('Origin',(-195.675248220094,77.1834969464955,277.939675296));
#2155=CARTESIAN_POINT('Ctrl Pts',(-238.100447547721,475.375102219523,616.775860198859));
#2156=CARTESIAN_POINT('Ctrl Pts',(-237.249322382806,475.375102219523,616.77586019886));
#2157=CARTESIAN_POINT('Ctrl Pts',(-236.333907475651,475.221503231173,616.956446875206));
#2158=CARTESIAN_POINT('Ctrl Pts',(-234.18108287365,474.689814802033,617.579893993353));
#2159=CARTESIAN_POINT('Ctrl Pts',(-232.871390285715,474.211251509105,618.13963688815));
#2160=CARTESIAN_POINT('Ctrl Pts',(-226.975526152626,471.762160495315,620.989734930568));
#2161=CARTESIAN_POINT('Ctrl Pts',(-221.683572935171,468.433410579094,624.783341360042));
#2162=CARTESIAN_POINT('Ctrl Pts',(-211.785944831647,461.810214556817,632.161831948371));
#2163=CARTESIAN_POINT('Ctrl Pts',(-204.042557963522,455.797248913909,638.677270583907));
#2164=CARTESIAN_POINT('Ctrl Pts',(-195.675248220288,448.293644142939,646.238159351079));
#2165=CARTESIAN_POINT('Origin',(-495.675248220094,77.1834969464955,-277.939675296));
#2166=CARTESIAN_POINT('',(-486.81757544504,475.375102219529,-616.775860198853));
#2167=CARTESIAN_POINT('',(-238.100447547722,475.375102219522,-616.77586019886));
#2168=CARTESIAN_POINT('',(-495.675248220093,475.375102219522,-616.77586019886));
#2169=CARTESIAN_POINT('',(-195.675248220134,448.293644143013,-646.238159350985));
#2170=CARTESIAN_POINT('Ctrl Pts',(-195.675248220287,448.293644142938,-646.23815935108));
#2171=CARTESIAN_POINT('Ctrl Pts',(-203.784491996904,455.565821480508,-638.9104647799));
#2172=CARTESIAN_POINT('Ctrl Pts',(-211.309288496423,461.43873780437,-632.563363050848));
#2173=CARTESIAN_POINT('Ctrl Pts',(-221.166478794176,468.11065651048,-625.148362615074));
#2174=CARTESIAN_POINT('Ctrl Pts',(-226.978952006863,471.820307636515,-620.923991952353));
#2175=CARTESIAN_POINT('Ctrl Pts',(-233.297297665876,474.371978146129,-617.952041960736));
#2176=CARTESIAN_POINT('Ctrl Pts',(-234.753478104821,474.881089065398,-617.355826371113));
#2177=CARTESIAN_POINT('Ctrl Pts',(-236.769785738191,475.283904462307,-616.883058933285));
#2178=CARTESIAN_POINT('Ctrl Pts',(-237.445635220317,475.375102219522,-616.775860198861));
#2179=CARTESIAN_POINT('Ctrl Pts',(-238.10044754772,475.375102219522,-616.775860198861));
#2180=CARTESIAN_POINT('',(-195.675248220094,5.00000000000001,-795.777543241181));
#2181=CARTESIAN_POINT('Origin',(-195.675248220094,77.1834969464955,-277.939675296));
#2182=CARTESIAN_POINT('',(-490.675248220094,4.99999999999998,-795.777543241181));
#2183=CARTESIAN_POINT('',(-495.675248220094,5.,-795.777543241181));
#2184=CARTESIAN_POINT('',(-490.675248220094,444.522073045695,-650.000000000002));
#2185=CARTESIAN_POINT('Origin',(-490.675248220094,77.1834969464955,-277.939675296));
#2186=CARTESIAN_POINT('Ctrl Pts',(-490.675248220094,444.522073045695,-650.000000000002));
#2187=CARTESIAN_POINT('Ctrl Pts',(-490.675248220094,452.854923005299,-641.772900694414));
#2188=CARTESIAN_POINT('Ctrl Pts',(-489.966174390617,461.258194989575,-632.908276272895));
#2189=CARTESIAN_POINT('Ctrl Pts',(-487.852546825664,471.377068118441,-621.432569414324));
#2190=CARTESIAN_POINT('Ctrl Pts',(-487.36720071924,473.388239289239,-619.110770621411));
#2191=CARTESIAN_POINT('Ctrl Pts',(-486.81757544504,475.375102219529,-616.775860198853));
#2192=CARTESIAN_POINT('Ctrl Pts',(-121.477581213856,421.616200268033,603.957087357978));
#2193=CARTESIAN_POINT('Ctrl Pts',(-139.149892019981,441.022951389545,589.682333013231));
#2194=CARTESIAN_POINT('Ctrl Pts',(-158.371535685466,459.018457184505,574.15610984767));
#2195=CARTESIAN_POINT('Ctrl Pts',(-178.899388021233,475.375102219522,557.574800672372));
#2196=CARTESIAN_POINT('Ctrl Pts',(-123.349321088855,423.671641139169,608.085998344821));
#2197=CARTESIAN_POINT('Ctrl Pts',(-141.104606588618,442.950874176581,593.513510521224));
#2198=CARTESIAN_POINT('Ctrl Pts',(-160.367150648171,460.780955749085,577.693665683717));
#2199=CARTESIAN_POINT('Ctrl Pts',(-180.88858028207,476.960095680344,560.8269197605));
#2200=CARTESIAN_POINT('Ctrl Pts',(-129.830600583575,429.04975446483,620.473223471633));
#2201=CARTESIAN_POINT('Ctrl Pts',(-147.701559242609,447.984082392702,605.00721209592));
#2202=CARTESIAN_POINT('Ctrl Pts',(-166.961045564447,465.375325034205,588.306653051948));
#2203=CARTESIAN_POINT('Ctrl Pts',(-187.35867747674,481.084625665974,570.583452954793));
#2204=CARTESIAN_POINT('Ctrl Pts',(-144.600633792721,433.699968759645,640.349863987046));
#2205=CARTESIAN_POINT('Ctrl Pts',(-162.013239325841,452.317940154444,623.533310532253));
#2206=CARTESIAN_POINT('Ctrl Pts',(-180.692109651506,469.314684986207,605.482715173545));
#2207=CARTESIAN_POINT('Ctrl Pts',(-200.394655066845,484.609922378131,586.428395945696));
#2208=CARTESIAN_POINT('Ctrl Pts',(-166.946267480187,431.82265104178,660.633931525846));
#2209=CARTESIAN_POINT('Ctrl Pts',(-183.007343214825,450.57004082554,642.8278036858));
#2210=CARTESIAN_POINT('Ctrl Pts',(-200.294451139892,467.72772194202,623.69737397417));
#2211=CARTESIAN_POINT('Ctrl Pts',(-218.588326589865,483.19081570007,603.49131965252));
#2212=CARTESIAN_POINT('Ctrl Pts',(-183.460338888429,425.727082010304,670.45418725624));
#2213=CARTESIAN_POINT('Ctrl Pts',(-198.330521484101,444.878028169004,652.614484829125));
#2214=CARTESIAN_POINT('Ctrl Pts',(-214.444047737453,462.544097736091,633.313241834883));
#2215=CARTESIAN_POINT('Ctrl Pts',(-231.596209371467,478.545089141166,612.797475677186));
#2216=CARTESIAN_POINT('Ctrl Pts',(-191.718160862115,421.616200268033,674.197667006238));
#2217=CARTESIAN_POINT('Ctrl Pts',(-205.992915206863,441.022951389545,656.525356200113));
#2218=CARTESIAN_POINT('Ctrl Pts',(-221.519138372424,459.018457184505,637.303712534628));
#2219=CARTESIAN_POINT('Ctrl Pts',(-238.100447547722,475.375102219522,616.775860198861));
#2220=CARTESIAN_POINT('',(-195.675248220094,426.917617239592,669.298747137756));
#2221=CARTESIAN_POINT('',(-126.376501082338,426.917617239593,600.));
#2222=CARTESIAN_POINT('Ctrl Pts',(-195.675248220094,426.917617239592,669.298747137756));
#2223=CARTESIAN_POINT('Ctrl Pts',(-195.658618404874,426.921434303046,669.295167836361));
#2224=CARTESIAN_POINT('Ctrl Pts',(-195.641988502269,426.925249909044,669.291583801295));
#2225=CARTESIAN_POINT('Ctrl Pts',(-189.673976696346,428.294034724943,668.00368050596));
#2226=CARTESIAN_POINT('Ctrl Pts',(-183.822097920372,429.447007291973,666.136731217387));
#2227=CARTESIAN_POINT('Ctrl Pts',(-172.492828104096,431.286762920572,661.197301325617));
#2228=CARTESIAN_POINT('Ctrl Pts',(-167.065968163521,431.964170481463,658.142305847985));
#2229=CARTESIAN_POINT('Ctrl Pts',(-153.124496160903,433.111368870119,648.222602067981));
#2230=CARTESIAN_POINT('Ctrl Pts',(-145.530078783124,433.03932732834,640.373007993632));
#2231=CARTESIAN_POINT('Ctrl Pts',(-133.146258582176,431.249999330112,621.722433261219));
#2232=CARTESIAN_POINT('Ctrl Pts',(-128.771154674914,429.46267676629,611.096644324786));
#2233=CARTESIAN_POINT('Ctrl Pts',(-126.383664330231,426.925249814912,600.033259309955));
#2234=CARTESIAN_POINT('Ctrl Pts',(-126.380080471522,426.921434396668,600.016630223102));
#2235=CARTESIAN_POINT('Ctrl Pts',(-126.376501082338,426.917617239592,600.));
#2236=CARTESIAN_POINT('Origin',(-486.83232037923,88.9143242768347,308.842927840864));
#2237=CARTESIAN_POINT('Ctrl Pts',(-149.437088869013,448.293644142937,599.999999999807));
#2238=CARTESIAN_POINT('Ctrl Pts',(-147.645342437012,446.515472622435,601.982848556265));
#2239=CARTESIAN_POINT('Ctrl Pts',(-146.134766452448,444.86536540687,604.395030793527));
#2240=CARTESIAN_POINT('Ctrl Pts',(-145.276841263093,443.600394320827,607.183164344886));
#2241=CARTESIAN_POINT('Ctrl Pts',(-144.715234086307,442.772330464953,609.008306946726));
#2242=CARTESIAN_POINT('Ctrl Pts',(-144.429300880244,442.095495344703,611.023277926899));
#2243=CARTESIAN_POINT('Ctrl Pts',(-144.437719398025,441.586690120561,613.058628397748));
#2244=CARTESIAN_POINT('Ctrl Pts',(-144.448383086889,440.942189420595,615.636795328617));
#2245=CARTESIAN_POINT('Ctrl Pts',(-144.915044452817,440.537698389207,618.301629005428));
#2246=CARTESIAN_POINT('Ctrl Pts',(-145.704193096882,440.265156607586,620.873285169901));
#2247=CARTESIAN_POINT('Ctrl Pts',(-146.4471766128,440.008558496867,623.294499668818));
#2248=CARTESIAN_POINT('Ctrl Pts',(-147.45193376973,439.863288405647,625.625885145066));
#2249=CARTESIAN_POINT('Ctrl Pts',(-148.748271651796,439.761970039786,627.989676059552));
#2250=CARTESIAN_POINT('Ctrl Pts',(-150.018278195651,439.662709662198,630.305453428423));
#2251=CARTESIAN_POINT('Ctrl Pts',(-151.559643980978,439.611115068441,632.610651389782));
#2252=CARTESIAN_POINT('Ctrl Pts',(-153.358493208559,439.583229868036,634.837860942148));
#2253=CARTESIAN_POINT('Ctrl Pts',(-155.07936304575,439.556553479852,636.968521856362));
#2254=CARTESIAN_POINT('Ctrl Pts',(-156.981411829655,439.552201307398,638.957177264572));
#2255=CARTESIAN_POINT('Ctrl Pts',(-158.986631182495,439.565540088463,640.745486297534));
#2256=CARTESIAN_POINT('Ctrl Pts',(-162.687164606432,439.590156151088,644.045722423537));
#2257=CARTESIAN_POINT('Ctrl Pts',(-166.757388348487,439.663506179246,646.686467375739));
#2258=CARTESIAN_POINT('Ctrl Pts',(-170.848001091485,439.93138229512,648.490927640192));
#2259=CARTESIAN_POINT('Ctrl Pts',(-173.733566299997,440.120345183744,649.763814634484));
#2260=CARTESIAN_POINT('Ctrl Pts',(-176.609071037289,440.407121403271,650.620722747983));
#2261=CARTESIAN_POINT('Ctrl Pts',(-179.441098289615,440.912254911886,651.008692112619));
#2262=CARTESIAN_POINT('Ctrl Pts',(-181.440328663999,441.268846908913,651.282573706616));
#2263=CARTESIAN_POINT('Ctrl Pts',(-183.436215354112,441.740360448461,651.320604110441));
#2264=CARTESIAN_POINT('Ctrl Pts',(-185.38164126556,442.386842414339,651.069026163327));
#2265=CARTESIAN_POINT('Ctrl Pts',(-187.813203658823,443.194871765085,650.75458217881));
#2266=CARTESIAN_POINT('Ctrl Pts',(-190.021845445146,444.237031575744,650.002361165286));
#2267=CARTESIAN_POINT('Ctrl Pts',(-192.000031967364,445.497844912323,648.896151183345));
#2268=CARTESIAN_POINT('Ctrl Pts',(-193.355450048655,446.361731696678,648.138195856894));
#2269=CARTESIAN_POINT('Ctrl Pts',(-194.572429201346,447.304662223284,647.234691353434));
#2270=CARTESIAN_POINT('Ctrl Pts',(-195.675248220288,448.293644142939,646.238159351079));
#2271=CARTESIAN_POINT('Origin',(-486.83232037923,88.9143242768347,308.842927840864));
#2272=CARTESIAN_POINT('Ctrl Pts',(-191.718161191358,421.616200715643,-674.197666598632));
#2273=CARTESIAN_POINT('Ctrl Pts',(-205.992915445563,441.022951666301,-656.525355904599));
#2274=CARTESIAN_POINT('Ctrl Pts',(-221.519138499905,459.018457310259,-637.303712376805));
#2275=CARTESIAN_POINT('Ctrl Pts',(-238.100447547722,475.375102219522,-616.77586019886));
#2276=CARTESIAN_POINT('Ctrl Pts',(-183.460339231408,425.727082452021,-670.454186844788));
#2277=CARTESIAN_POINT('Ctrl Pts',(-198.330521731843,444.878028440684,-652.614484532355));
#2278=CARTESIAN_POINT('Ctrl Pts',(-214.444047869323,462.54409785911,-633.313241677153));
#2279=CARTESIAN_POINT('Ctrl Pts',(-231.596209371467,478.545089141167,-612.797475677186));
#2280=CARTESIAN_POINT('Ctrl Pts',(-166.946267850627,431.822651474187,-660.633931115159));
#2281=CARTESIAN_POINT('Ctrl Pts',(-183.007343480642,450.570041089393,-642.827803391628));
#2282=CARTESIAN_POINT('Ctrl Pts',(-200.29445128054,467.727722060904,-623.697373818822));
#2283=CARTESIAN_POINT('Ctrl Pts',(-218.588326589866,483.19081570007,-603.49131965252));
#2284=CARTESIAN_POINT('Ctrl Pts',(-144.600634194342,433.699969189062,-640.349863599182));
#2285=CARTESIAN_POINT('Ctrl Pts',(-162.013239613071,452.317940415821,-623.533310254683));
#2286=CARTESIAN_POINT('Ctrl Pts',(-180.692109802984,469.314685103801,-605.482715027051));
#2287=CARTESIAN_POINT('Ctrl Pts',(-200.394655066845,484.609922378132,-586.428395945696));
#2288=CARTESIAN_POINT('Ctrl Pts',(-129.830600995757,429.049754901547,-620.473223114915));
#2289=CARTESIAN_POINT('Ctrl Pts',(-147.70155953875,447.984082660155,-605.007211839136));
#2290=CARTESIAN_POINT('Ctrl Pts',(-166.961045721269,465.375325154982,-588.306652915688));
#2291=CARTESIAN_POINT('Ctrl Pts',(-187.358677476741,481.084625665975,-570.583452954793));
#2292=CARTESIAN_POINT('Ctrl Pts',(-123.349321498384,423.671641583832,-608.085998008711));
#2293=CARTESIAN_POINT('Ctrl Pts',(-141.104606884768,442.950874450796,-593.513510278003));
#2294=CARTESIAN_POINT('Ctrl Pts',(-160.367150805945,460.780955873474,-577.693665554041));
#2295=CARTESIAN_POINT('Ctrl Pts',(-180.888580282071,476.960095680345,-560.826919760499));
#2296=CARTESIAN_POINT('Ctrl Pts',(-121.477581621461,421.616200715643,-603.957087028736));
#2297=CARTESIAN_POINT('Ctrl Pts',(-139.149892315494,441.022951666301,-589.682332774531));
#2298=CARTESIAN_POINT('Ctrl Pts',(-158.371535843289,459.018457310259,-574.156109720189));
#2299=CARTESIAN_POINT('Ctrl Pts',(-178.899388021234,475.375102219522,-557.574800672371));
#2300=CARTESIAN_POINT('Origin',(-486.83232037923,88.9143242768347,-308.842927840864));
#2301=CARTESIAN_POINT('Ctrl Pts',(-195.675248220287,448.293644142938,-646.23815935108));
#2302=CARTESIAN_POINT('Ctrl Pts',(-193.692399687081,446.515472643287,-648.029905762071));
#2303=CARTESIAN_POINT('Ctrl Pts',(-191.280217484915,444.865365445715,-649.540481732195));
#2304=CARTESIAN_POINT('Ctrl Pts',(-188.492083974368,443.600394365816,-650.398406926488));
#2305=CARTESIAN_POINT('Ctrl Pts',(-186.666941388314,442.772330509005,-650.960014109871));
#2306=CARTESIAN_POINT('Ctrl Pts',(-184.651970425481,442.095495385597,-651.245947326945));
#2307=CARTESIAN_POINT('Ctrl Pts',(-182.616619969631,441.58669015738,-651.237528822678));
#2308=CARTESIAN_POINT('Ctrl Pts',(-180.038453035446,440.942189446675,-651.22686515084));
#2309=CARTESIAN_POINT('Ctrl Pts',(-177.373619350189,440.537698407631,-650.760203797473));
#2310=CARTESIAN_POINT('Ctrl Pts',(-174.801963177915,440.265156621122,-649.971055162405));
#2311=CARTESIAN_POINT('Ctrl Pts',(-172.380748694867,440.008558508261,-649.228071662082));
#2312=CARTESIAN_POINT('Ctrl Pts',(-170.049363230092,439.863288414658,-648.22331452196));
#2313=CARTESIAN_POINT('Ctrl Pts',(-167.685572325433,439.761970046854,-646.926976658726));
#2314=CARTESIAN_POINT('Ctrl Pts',(-165.369794624597,439.662709652721,-645.656969945987));
#2315=CARTESIAN_POINT('Ctrl Pts',(-163.06459633272,439.61111505637,-644.115603913888));
#2316=CARTESIAN_POINT('Ctrl Pts',(-160.837386480024,439.583229858046,-642.316754367077));
#2317=CARTESIAN_POINT('Ctrl Pts',(-158.706725859872,439.556553479132,-640.595884694052));
#2318=CARTESIAN_POINT('Ctrl Pts',(-156.718070763311,439.552201309147,-638.693836170011));
#2319=CARTESIAN_POINT('Ctrl Pts',(-154.929761963011,439.565540088162,-636.688617082956));
#2320=CARTESIAN_POINT('Ctrl Pts',(-151.629525864195,439.590156150002,-632.988083698553));
#2321=CARTESIAN_POINT('Ctrl Pts',(-148.988780919264,439.663506176632,-628.917859992855));
#2322=CARTESIAN_POINT('Ctrl Pts',(-147.18432064861,439.93138228492,-624.827247284368));
#2323=CARTESIAN_POINT('Ctrl Pts',(-145.911433674962,440.120345164479,-621.941682156914));
#2324=CARTESIAN_POINT('Ctrl Pts',(-145.054525559589,440.407121368234,-619.066177500677));
#2325=CARTESIAN_POINT('Ctrl Pts',(-144.66655616168,440.912254841311,-616.234150326157));
#2326=CARTESIAN_POINT('Ctrl Pts',(-144.392674582212,441.268846763752,-614.234920284209));
#2327=CARTESIAN_POINT('Ctrl Pts',(-144.354644110284,441.740360186808,-612.23903392081));
#2328=CARTESIAN_POINT('Ctrl Pts',(-144.606221881739,442.386841964568,-610.293608308005));
#2329=CARTESIAN_POINT('Ctrl Pts',(-144.920665736815,443.194871311752,-607.862045591181));
#2330=CARTESIAN_POINT('Ctrl Pts',(-145.672886744745,444.23703119765,-605.653403441763));
#2331=CARTESIAN_POINT('Ctrl Pts',(-146.779096817883,445.497844662868,-603.675216644117));
#2332=CARTESIAN_POINT('Ctrl Pts',(-147.537052188958,446.361731515006,-602.319798406049));
#2333=CARTESIAN_POINT('Ctrl Pts',(-148.440556770587,447.304662127939,-601.102819125067));
#2334=CARTESIAN_POINT('Ctrl Pts',(-149.437088869014,448.293644142938,-599.999999999806));
#2335=CARTESIAN_POINT('Origin',(-486.83232037923,88.9143242768347,-308.842927840864));
#2336=CARTESIAN_POINT('Origin',(-345.675248220094,412.500000000001,-650.000000000003));
#2337=CARTESIAN_POINT('',(-490.675248220094,446.38666703144,-650.000000000002));
#2338=CARTESIAN_POINT('',(-490.675248220094,412.500000000001,-650.000000000003));
#2339=CARTESIAN_POINT('Ctrl Pts',(-486.81757544504,475.375102219528,-616.775860198853));
#2340=CARTESIAN_POINT('Ctrl Pts',(-487.365678990952,473.519790644447,-619.104306036527));
#2341=CARTESIAN_POINT('Ctrl Pts',(-487.850098685826,471.639589130097,-621.420741395507));
#2342=CARTESIAN_POINT('Ctrl Pts',(-489.962487407294,462.162743052192,-632.882447507178));
#2343=CARTESIAN_POINT('Ctrl Pts',(-490.675248220094,454.256117242504,-641.754206397261));
#2344=CARTESIAN_POINT('Ctrl Pts',(-490.675248220094,446.38666703144,-650.000000000002));
#2345=CARTESIAN_POINT('Origin',(-345.675248220094,412.500000000001,650.000000000003));
#2346=CARTESIAN_POINT('',(-490.675248220094,446.38666703144,650.000000000002));
#2347=CARTESIAN_POINT('Ctrl Pts',(-490.675248220094,446.38666703144,650.000000000002));
#2348=CARTESIAN_POINT('Ctrl Pts',(-490.675248220094,454.256117242504,641.754206397261));
#2349=CARTESIAN_POINT('Ctrl Pts',(-489.962487407294,462.162743052192,632.882447507179));
#2350=CARTESIAN_POINT('Ctrl Pts',(-487.850098685824,471.639589130103,621.420741395499));
#2351=CARTESIAN_POINT('Ctrl Pts',(-487.365678990948,473.519790644461,619.104306036511));
#2352=CARTESIAN_POINT('Ctrl Pts',(-486.817575445034,475.375102219548,616.775860198828));
#2353=CARTESIAN_POINT('',(-490.675248220094,412.500000000001,650.000000000003));
#2354=CARTESIAN_POINT('Origin',(-490.675248220094,275.,653.991607664401));
#2355=CARTESIAN_POINT('',(-490.675248220094,5.,795.805975617411));
#2356=CARTESIAN_POINT('Origin',(-490.675248220094,88.9143242768347,308.842927840864));
#2357=CARTESIAN_POINT('',(-490.675248220094,5.,-68.0041961677996));
#2358=CARTESIAN_POINT('Origin',(-10.6752482200937,0.,100.));
#2359=CARTESIAN_POINT('',(-10.6752482200937,0.,50.));
#2360=CARTESIAN_POINT('Ctrl Pts',(-149.4370888691,448.293644143024,600.));
#2361=CARTESIAN_POINT('Ctrl Pts',(-149.437088868906,448.293644143024,646.238159351188));
#2362=CARTESIAN_POINT('Ctrl Pts',(-195.675248220094,448.293644143024,646.238159350994));
#2363=CARTESIAN_POINT('Ctrl Pts',(36.2124098314911,264.050692411531,600.));
#2364=CARTESIAN_POINT('Ctrl Pts',(36.2124098324629,264.050692411531,831.887658052557));
#2365=CARTESIAN_POINT('Ctrl Pts',(-195.675248220094,264.050692411531,831.887658051585));
#2366=CARTESIAN_POINT('Ctrl Pts',(0.102295021087144,4.99999999999992,600.));
#2367=CARTESIAN_POINT('Ctrl Pts',(0.102295021907572,4.99999999999992,795.777543242001));
#2368=CARTESIAN_POINT('Ctrl Pts',(-195.675248220094,4.99999999999992,795.777543241181));
#2369=CARTESIAN_POINT('Origin',(-195.675248220094,5.,600.));
#2370=CARTESIAN_POINT('Origin',(-486.83232037923,88.9143242768347,-600.));
#2371=CARTESIAN_POINT('',(0.130727397317436,4.99999999999999,600.));
#2372=CARTESIAN_POINT('',(0.13072739731733,5.,-600.));
#2373=CARTESIAN_POINT('Origin',(-486.83232037923,88.9143242768347,600.));
#2374=CARTESIAN_POINT('Ctrl Pts',(-132.285403968902,433.110645847228,600.));
#2375=CARTESIAN_POINT('Ctrl Pts',(-132.285403968902,433.110645847228,663.389844251192));
#2376=CARTESIAN_POINT('Ctrl Pts',(-195.675248220094,433.110645847228,663.389844251192));
#2377=CARTESIAN_POINT('Ctrl Pts',(42.8213871528465,252.738082446586,600.));
#2378=CARTESIAN_POINT('Ctrl Pts',(42.8213871528467,252.738082446586,838.49663537294));
#2379=CARTESIAN_POINT('Ctrl Pts',(-195.675248220094,252.738082446586,838.49663537294));
#2380=CARTESIAN_POINT('Ctrl Pts',(0.130727397317401,4.99999999999998,600.));
#2381=CARTESIAN_POINT('Ctrl Pts',(0.130727397317543,4.99999999999998,795.805975617411));
#2382=CARTESIAN_POINT('Ctrl Pts',(-195.675248220094,4.99999999999998,795.805975617411));
#2383=CARTESIAN_POINT('',(-195.675248220094,5.,795.805975617411));
#2384=CARTESIAN_POINT('Origin',(-195.675248220094,5.,600.));
#2385=CARTESIAN_POINT('Origin',(-195.675248220094,88.9143242768347,308.842927840864));
#2386=CARTESIAN_POINT('Origin',(-195.675248220094,88.9143242768347,308.842927840864));
#2387=CARTESIAN_POINT('',(-195.675248220094,5.,795.805975617411));
#2388=CARTESIAN_POINT('Ctrl Pts',(-195.675248220094,448.293644143023,-646.238159350994));
#2389=CARTESIAN_POINT('Ctrl Pts',(-149.437088868906,448.293644143023,-646.238159351188));
#2390=CARTESIAN_POINT('Ctrl Pts',(-149.4370888691,448.293644143023,-600.));
#2391=CARTESIAN_POINT('Ctrl Pts',(-195.675248220094,264.050692411531,-831.887658051585));
#2392=CARTESIAN_POINT('Ctrl Pts',(36.2124098324639,264.050692411531,-831.887658052558));
#2393=CARTESIAN_POINT('Ctrl Pts',(36.2124098314911,264.050692411531,-600.));
#2394=CARTESIAN_POINT('Ctrl Pts',(-195.675248220094,4.99999999999992,-795.777543241181));
#2395=CARTESIAN_POINT('Ctrl Pts',(0.102295021908461,4.99999999999992,-795.777543242002));
#2396=CARTESIAN_POINT('Ctrl Pts',(0.102295021087144,4.99999999999992,-600.));
#2397=CARTESIAN_POINT('Origin',(-195.675248220094,5.,-600.));
#2398=CARTESIAN_POINT('Origin',(-495.675248220094,88.9143242768347,-308.842927840864));
#2399=CARTESIAN_POINT('',(-490.675248220094,5.,-795.805975617411));
#2400=CARTESIAN_POINT('Origin',(-490.675248220094,88.9143242768347,-308.842927840864));
#2401=CARTESIAN_POINT('',(-495.675248220094,5.,-795.805975617411));
#2402=CARTESIAN_POINT('Origin',(-495.675248220094,5.,-790.));
#2403=CARTESIAN_POINT('',(-490.675248220094,5.,-721.9958038322));
#2404=CARTESIAN_POINT('Origin',(-490.675248220094,275.,-653.991607664401));
#2405=CARTESIAN_POINT('Origin',(-345.675248220094,412.500000000001,650.000000000003));
#2406=CARTESIAN_POINT('',(-495.675248220094,453.267008786426,650.000000000002));
#2407=CARTESIAN_POINT('',(-495.675248220094,412.500000000001,650.000000000003));
#2408=CARTESIAN_POINT('Ctrl Pts',(-495.675248220094,453.267008786425,650.000000000002));
#2409=CARTESIAN_POINT('Ctrl Pts',(-495.675248220094,461.255542127332,641.468318245224));
#2410=CARTESIAN_POINT('Ctrl Pts',(-494.937492618064,469.269911496023,632.291794835556));
#2411=CARTESIAN_POINT('Ctrl Pts',(-491.446185003853,484.601559843304,613.344412050017));
#2412=CARTESIAN_POINT('Ctrl Pts',(-488.688857350973,491.918865671383,603.574270306917));
#2413=CARTESIAN_POINT('Ctrl Pts',(-480.910128771267,505.347239559529,584.275036473305));
#2414=CARTESIAN_POINT('Ctrl Pts',(-475.878610768068,511.471883417202,574.730759114765));
#2415=CARTESIAN_POINT('Ctrl Pts',(-466.710043965103,519.576036729243,561.229668312742));
#2416=CARTESIAN_POINT('Ctrl Pts',(-463.386389569116,522.09951175583,556.864249281331));
#2417=CARTESIAN_POINT('Ctrl Pts',(-456.258017407608,526.780754965536,548.50304428952));
#2418=CARTESIAN_POINT('Ctrl Pts',(-452.453269263804,528.93865187757,544.507356301343));
#2419=CARTESIAN_POINT('Ctrl Pts',(-442.113426964324,534.041316350953,534.781536433164));
#2420=CARTESIAN_POINT('Ctrl Pts',(-434.92849884162,536.874409753587,529.080307255325));
#2421=CARTESIAN_POINT('Ctrl Pts',(-419.194102579723,541.729440566953,518.91722878846));
#2422=CARTESIAN_POINT('Ctrl Pts',(-410.645030414042,543.75462469376,514.456317738475));
#2423=CARTESIAN_POINT('Ctrl Pts',(-392.737343010177,546.945169431417,507.247332052881));
#2424=CARTESIAN_POINT('Ctrl Pts',(-383.362271745622,548.115871828203,504.49269582965));
#2425=CARTESIAN_POINT('Ctrl Pts',(-364.451532667478,549.643081625514,500.86872072827));
#2426=CARTESIAN_POINT('Ctrl Pts',(-354.915779591397,550.,500.));
#2427=CARTESIAN_POINT('Ctrl Pts',(-345.675248220094,550.,500.));
#2428=CARTESIAN_POINT('Origin',(-495.675248220094,275.,653.991607664401));
#2429=CARTESIAN_POINT('',(-495.675248220094,0.,800.));
#2430=CARTESIAN_POINT('',(-495.675248220094,0.,790.));
#2431=CARTESIAN_POINT('Origin',(-495.675248220094,88.9143242768347,308.842927840864));
#2432=CARTESIAN_POINT('Origin',(-5.67524822009375,0.,100.));
#2433=CARTESIAN_POINT('',(-5.67524822009375,0.,100.));
#2434=CARTESIAN_POINT('',(-5.67524822009375,0.,-600.));
#2435=CARTESIAN_POINT('',(-5.67524822009375,0.,-100.));
#2436=CARTESIAN_POINT('Origin',(-189.736248220094,0.,100.));
#2437=CARTESIAN_POINT('',(-189.736248220094,0.,100.));
#2438=CARTESIAN_POINT('',(-189.736248220094,0.,100.));
#2439=CARTESIAN_POINT('',(-5.67524822009375,0.,100.));
#2440=CARTESIAN_POINT('Origin',(-189.736248220094,0.,-100.));
#2441=CARTESIAN_POINT('',(-189.736248220094,0.,-100.));
#2442=CARTESIAN_POINT('',(-189.736248220094,0.,-100.));
#2443=CARTESIAN_POINT('',(-189.736248220094,0.,100.));
#2444=CARTESIAN_POINT('Origin',(-5.67524822009375,0.,-100.));
#2445=CARTESIAN_POINT('',(-189.736248220094,0.,-100.));
#2446=CARTESIAN_POINT('Origin',(-97.7057482200938,0.,0.));
#2447=CARTESIAN_POINT('Ctrl Pts',(-117.567797357711,424.748715951111,604.127343009349));
#2448=CARTESIAN_POINT('Ctrl Pts',(-138.787941724202,448.081187794971,587.158537374357));
#2449=CARTESIAN_POINT('Ctrl Pts',(-193.474713570154,497.820545424828,543.42795824953));
#2450=CARTESIAN_POINT('Ctrl Pts',(-257.961299760158,534.478501339952,491.860903463122));
#2451=CARTESIAN_POINT('Ctrl Pts',(-296.847861386906,550.484396893047,460.765049699779));
#2452=CARTESIAN_POINT('Ctrl Pts',(-121.506203940279,429.079165316128,612.827267050773));
#2453=CARTESIAN_POINT('Ctrl Pts',(-142.936771733048,452.092038724712,595.112739506836));
#2454=CARTESIAN_POINT('Ctrl Pts',(-197.811592361446,500.825820682342,549.672400995002));
#2455=CARTESIAN_POINT('Ctrl Pts',(-261.73009063964,536.350990026053,496.5325867025));
#2456=CARTESIAN_POINT('Ctrl Pts',(-300.10662430188,551.825719361976,464.575907385866));
#2457=CARTESIAN_POINT('Ctrl Pts',(-131.843173745607,435.500974061032,630.225294930887));
#2458=CARTESIAN_POINT('Ctrl Pts',(-153.233123455787,458.00961910173,611.01954716797));
#2459=CARTESIAN_POINT('Ctrl Pts',(-207.530551240981,505.200870353197,562.160540925712));
#2460=CARTESIAN_POINT('Ctrl Pts',(-269.768881467218,539.057489235849,505.875882575491));
#2461=CARTESIAN_POINT('Ctrl Pts',(-306.932384275468,553.759385862815,472.197573779364));
#2462=CARTESIAN_POINT('Ctrl Pts',(-153.207928287055,437.478211172052,653.764107689128));
#2463=CARTESIAN_POINT('Ctrl Pts',(-173.359588668751,459.825107183677,632.866345342009));
#2464=CARTESIAN_POINT('Ctrl Pts',(-224.452985591476,506.530634928153,579.922851146471));
#2465=CARTESIAN_POINT('Ctrl Pts',(-282.934427856684,539.876143617899,519.43590221273));
#2466=CARTESIAN_POINT('Ctrl Pts',(-317.848037157463,554.343173707799,483.353516542518));
#2467=CARTESIAN_POINT('Ctrl Pts',(-174.147408090075,432.579518945881,669.317262287906));
#2468=CARTESIAN_POINT('Ctrl Pts',(-192.608035384756,455.321765071392,647.846830418432));
#2469=CARTESIAN_POINT('Ctrl Pts',(-239.758483368361,503.221525021516,593.136996704139));
#2470=CARTESIAN_POINT('Ctrl Pts',(-294.470933540593,537.835307744258,529.988922085162));
#2471=CARTESIAN_POINT('Ctrl Pts',(-327.288466687091,552.886920307617,492.194545177671));
#2472=CARTESIAN_POINT('Ctrl Pts',(-187.197943190033,426.91394063362,676.138247571099));
#2473=CARTESIAN_POINT('Ctrl Pts',(-204.539587025164,450.087111022228,654.813775704829));
#2474=CARTESIAN_POINT('Ctrl Pts',(-249.125042629579,499.323842569394,600.033165632571));
#2475=CARTESIAN_POINT('Ctrl Pts',(-301.478504685044,535.41457954512,535.829465964549));
#2476=CARTESIAN_POINT('Ctrl Pts',(-333.004769677271,551.155058127511,497.198005375701));
#2477=CARTESIAN_POINT('Ctrl Pts',(-191.547905210745,424.748715951111,678.107450862382));
#2478=CARTESIAN_POINT('Ctrl Pts',(-208.516710845736,448.081187794971,656.887306495892));
#2479=CARTESIAN_POINT('Ctrl Pts',(-252.247289970564,497.820545424828,602.20053464994));
#2480=CARTESIAN_POINT('Ctrl Pts',(-303.814344756972,534.478501339952,537.713948459936));
#2481=CARTESIAN_POINT('Ctrl Pts',(-334.910198520315,550.484396893047,498.827386833188));
#2482=CARTESIAN_POINT('',(-333.972511925492,550.,500.));
#2483=CARTESIAN_POINT('Ctrl Pts',(-333.972513590387,549.99999096254,499.999997917984));
#2484=CARTESIAN_POINT('Ctrl Pts',(-334.284909848813,550.161958938142,499.609334376546));
#2485=CARTESIAN_POINT('Ctrl Pts',(-334.597471807401,550.323427808819,499.218463620679));
#2486=CARTESIAN_POINT('Ctrl Pts',(-334.910198520315,550.484396893047,498.827386833188));
#2487=CARTESIAN_POINT('',(-195.675248220094,430.337731947109,672.94604961869));
#2488=CARTESIAN_POINT('Origin',(-486.83232037923,88.9143242768347,308.842927840864));
#2489=CARTESIAN_POINT('',(-122.729198601403,430.337731947109,600.));
#2490=CARTESIAN_POINT('Ctrl Pts',(-195.675248220094,430.337731947108,672.946049618691));
#2491=CARTESIAN_POINT('Ctrl Pts',(-195.660263992247,430.341173851694,672.942822107796));
#2492=CARTESIAN_POINT('Ctrl Pts',(-195.64527951064,430.344614670623,672.939590905926));
#2493=CARTESIAN_POINT('Ctrl Pts',(-189.355942218448,431.788326354657,671.581853545913));
#2494=CARTESIAN_POINT('Ctrl Pts',(-183.186541826937,433.004002130688,669.612212648941));
#2495=CARTESIAN_POINT('Ctrl Pts',(-171.256084439008,434.940387984109,664.405656309671));
#2496=CARTESIAN_POINT('Ctrl Pts',(-165.54730841692,435.652290927259,661.189824237154));
#2497=CARTESIAN_POINT('Ctrl Pts',(-150.882187687665,436.857534333652,650.750683543755));
#2498=CARTESIAN_POINT('Ctrl Pts',(-142.892971536425,436.781520883811,642.492055553405));
#2499=CARTESIAN_POINT('Ctrl Pts',(-129.857310649802,434.899335125486,622.863608255425));
#2500=CARTESIAN_POINT('Ctrl Pts',(-125.249719049465,433.017871228766,611.67565396345));
#2501=CARTESIAN_POINT('Ctrl Pts',(-122.735657271765,430.344614625534,600.029968514078));
#2502=CARTESIAN_POINT('Ctrl Pts',(-122.732426154321,430.341173896508,600.014984422945));
#2503=CARTESIAN_POINT('Ctrl Pts',(-122.729198601403,430.337731947108,600.));
#2504=CARTESIAN_POINT('',(-295.675248220094,550.,461.702736294602));
#2505=CARTESIAN_POINT('Origin',(-486.83232037923,88.9143242768347,308.842927840864));
#2506=CARTESIAN_POINT('Ctrl Pts',(-295.675250302108,549.999990962539,461.702734629708));
#2507=CARTESIAN_POINT('Ctrl Pts',(-296.065913843547,550.161958938141,461.390338371282));
#2508=CARTESIAN_POINT('Ctrl Pts',(-296.456784599415,550.323427808819,461.077776412693));
#2509=CARTESIAN_POINT('Ctrl Pts',(-296.847861386906,550.484396893047,460.765049699779));
#2510=CARTESIAN_POINT('Ctrl Pts',(-193.600079661619,481.03897895008,600.));
#2511=CARTESIAN_POINT('Ctrl Pts',(-193.506649866988,480.963991946269,600.085524390344));
#2512=CARTESIAN_POINT('Ctrl Pts',(-193.418220394201,480.888722079377,600.176902304363));
#2513=CARTESIAN_POINT('Ctrl Pts',(-193.213750302422,480.703194611008,600.416074644106));
#2514=CARTESIAN_POINT('Ctrl Pts',(-193.103325230637,480.592050563906,600.571828696736));
#2515=CARTESIAN_POINT('Ctrl Pts',(-192.897205563989,480.35335643651,600.938218350614));
#2516=CARTESIAN_POINT('Ctrl Pts',(-192.806339108517,480.223497833972,601.159429200663));
#2517=CARTESIAN_POINT('Ctrl Pts',(-192.708590193973,479.996141502913,601.608970138868));
#2518=CARTESIAN_POINT('Ctrl Pts',(-192.701016953255,479.906110584201,601.818540554704));
#2519=CARTESIAN_POINT('Ctrl Pts',(-192.756082955811,479.791253269039,602.150822802525));
#2520=CARTESIAN_POINT('Ctrl Pts',(-192.801488534934,479.752661088394,602.289459439335));
#2521=CARTESIAN_POINT('Ctrl Pts',(-192.935750998351,479.712293170232,602.521260678863));
#2522=CARTESIAN_POINT('Ctrl Pts',(-193.012318175648,479.705673004714,602.613830879005));
#2523=CARTESIAN_POINT('Ctrl Pts',(-193.197753865423,479.71750852472,602.770663572281));
#2524=CARTESIAN_POINT('Ctrl Pts',(-193.301896850275,479.735742092158,602.830738939949));
#2525=CARTESIAN_POINT('Ctrl Pts',(-193.555163526098,479.799698592252,602.92952351544));
#2526=CARTESIAN_POINT('Ctrl Pts',(-193.704441842781,479.850705561187,602.955649353138));
#2527=CARTESIAN_POINT('Ctrl Pts',(-194.066962187414,479.995827471072,602.968152671076));
#2528=CARTESIAN_POINT('Ctrl Pts',(-194.297935084919,480.107283894792,602.930573187168));
#2529=CARTESIAN_POINT('Ctrl Pts',(-194.737248608585,480.353532341867,602.777880346605));
#2530=CARTESIAN_POINT('Ctrl Pts',(-194.93166334427,480.476248353557,602.677750583854));
#2531=CARTESIAN_POINT('Ctrl Pts',(-195.136106718207,480.618013264946,602.542534679463));
#2532=CARTESIAN_POINT('Ctrl Pts',(-195.162353896795,480.636482885155,602.524541144679));
#2533=CARTESIAN_POINT('Ctrl Pts',(-195.188276395155,480.654989595242,602.506145410289));
#2534=CARTESIAN_POINT('Ctrl Pts',(-195.334261485846,480.75921194731,602.402548028742));
#2535=CARTESIAN_POINT('Ctrl Pts',(-195.47121434574,480.86551267265,602.285305474492));
#2536=CARTESIAN_POINT('Ctrl Pts',(-195.623237377162,480.993816304139,602.130953034602));
#2537=CARTESIAN_POINT('Ctrl Pts',(-195.649486218019,481.016391062111,602.103311858338));
#2538=CARTESIAN_POINT('Ctrl Pts',(-195.675248220094,481.038978950081,602.075168558474));
#2539=CARTESIAN_POINT('Ctrl Pts',(-193.60007966162,481.038978950081,600.));
#2540=CARTESIAN_POINT('Ctrl Pts',(-193.600079661619,481.038978950081,602.0751685585));
#2541=CARTESIAN_POINT('Ctrl Pts',(-195.675248220119,481.038978950081,602.075168558474));
#2542=CARTESIAN_POINT('Ctrl Pts',(38.7261584423197,294.57331699587,600.));
#2543=CARTESIAN_POINT('Ctrl Pts',(38.7261584424475,294.57331699587,834.401406665427));
#2544=CARTESIAN_POINT('Ctrl Pts',(-195.675248222979,294.57331699587,834.401406662413));
#2545=CARTESIAN_POINT('Ctrl Pts',(-5.67524822009389,8.88178419700125E-15,
600.));
#2546=CARTESIAN_POINT('Ctrl Pts',(-5.67524821999029,8.88178419700125E-15,
790.000000002442));
#2547=CARTESIAN_POINT('Ctrl Pts',(-195.675248222433,8.88178419700125E-15,
790.));
#2548=CARTESIAN_POINT('Origin',(-195.675248220094,0.,600.));
#2549=CARTESIAN_POINT('Origin',(-486.83232037923,88.9143242768347,-600.));
#2550=CARTESIAN_POINT('',(4.32475177990625,0.,600.));
#2551=CARTESIAN_POINT('Origin',(-486.83232037923,88.9143242768347,600.));
#2552=CARTESIAN_POINT('',(4.32475177990625,0.,-600.));
#2553=CARTESIAN_POINT('',(4.32475177990625,0.,-600.));
#2554=CARTESIAN_POINT('',(-122.729198601403,430.337731947108,-600.));
#2555=CARTESIAN_POINT('Origin',(-486.83232037923,88.9143242768347,-600.));
#2556=CARTESIAN_POINT('',(-295.675248220094,550.,-461.702736294602));
#2557=CARTESIAN_POINT('Origin',(-486.83232037923,88.9143242768347,-308.842927840864));
#2558=CARTESIAN_POINT('Ctrl Pts',(-295.675250302109,549.999990962539,-461.702734629707));
#2559=CARTESIAN_POINT('Ctrl Pts',(-296.065913843548,550.161958938142,-461.390338371281));
#2560=CARTESIAN_POINT('Ctrl Pts',(-296.456784599415,550.323427808819,-461.077776412693));
#2561=CARTESIAN_POINT('Ctrl Pts',(-296.847861386906,550.484396893047,-460.765049699779));
#2562=CARTESIAN_POINT('Ctrl Pts',(-128.953709670487,436.856742775529,600.));
#2563=CARTESIAN_POINT('Ctrl Pts',(-128.953709670487,436.856742775529,666.721538549607));
#2564=CARTESIAN_POINT('Ctrl Pts',(-195.675248220094,436.856742775529,666.721538549607));
#2565=CARTESIAN_POINT('Ctrl Pts',(50.0740917351618,252.716444154438,600.));
#2566=CARTESIAN_POINT('Ctrl Pts',(50.0740917351619,252.716444154438,845.749339955256));
#2567=CARTESIAN_POINT('Ctrl Pts',(-195.675248220094,252.716444154438,845.749339955255));
#2568=CARTESIAN_POINT('Ctrl Pts',(4.32475177990625,-3.5527136788005E-14,
600.));
#2569=CARTESIAN_POINT('Ctrl Pts',(4.32475177990639,-3.5527136788005E-14,
800.));
#2570=CARTESIAN_POINT('Ctrl Pts',(-195.675248220094,-3.5527136788005E-14,
800.));
#2571=CARTESIAN_POINT('',(-195.675248220094,0.,800.));
#2572=CARTESIAN_POINT('Origin',(-195.675248220094,88.9143242768347,308.842927840864));
#2573=CARTESIAN_POINT('Origin',(-195.675248220094,0.,600.));
#2574=CARTESIAN_POINT('Origin',(-195.675248220094,88.9143242768347,308.842927840864));
#2575=CARTESIAN_POINT('',(-195.675248220094,0.,800.));
#2576=CARTESIAN_POINT('Ctrl Pts',(-191.547904722591,424.748715279889,-678.107451472838));
#2577=CARTESIAN_POINT('Ctrl Pts',(-208.516710393403,448.08118725821,-656.887307061552));
#2578=CARTESIAN_POINT('Ctrl Pts',(-252.24728964274,497.820545172478,-602.200535059897));
#2579=CARTESIAN_POINT('Ctrl Pts',(-303.814344629178,534.478501274173,-537.713948619747));
#2580=CARTESIAN_POINT('Ctrl Pts',(-334.910198520315,550.484396893047,-498.827386833188));
#2581=CARTESIAN_POINT('Ctrl Pts',(-182.847980659712,429.079164654088,-674.169044896301));
#2582=CARTESIAN_POINT('Ctrl Pts',(-200.562508242749,452.09203819796,-652.738477055454));
#2583=CARTESIAN_POINT('Ctrl Pts',(-246.002846886959,500.825820437763,-597.863656265604));
#2584=CARTESIAN_POINT('Ctrl Pts',(-299.142661386262,536.350989962457,-533.945157738169));
#2585=CARTESIAN_POINT('Ctrl Pts',(-331.099340834228,551.825719361976,-495.568623918214));
#2586=CARTESIAN_POINT('Ctrl Pts',(-165.449952736706,435.500973413504,-663.832075089823));
#2587=CARTESIAN_POINT('Ctrl Pts',(-184.655700545278,458.009618590436,-642.442125327846));
#2588=CARTESIAN_POINT('Ctrl Pts',(-233.514706935638,505.200870120105,-588.144697376098));
#2589=CARTESIAN_POINT('Ctrl Pts',(-289.799365506196,539.057489175429,-525.906366905606));
#2590=CARTESIAN_POINT('Ctrl Pts',(-323.47767444073,553.759385862815,-488.742863944626));
#2591=CARTESIAN_POINT('Ctrl Pts',(-141.911139929778,437.478210529182,-642.467320512749));
#2592=CARTESIAN_POINT('Ctrl Pts',(-162.808902328345,459.825106677272,-622.315660081769));
#2593=CARTESIAN_POINT('Ctrl Pts',(-215.752396687693,506.530634698588,-571.222263001648));
#2594=CARTESIAN_POINT('Ctrl Pts',(-276.239345859076,539.876143558444,-512.740820506893));
#2595=CARTESIAN_POINT('Ctrl Pts',(-312.321731677576,554.343173707799,-477.827211062631));
#2596=CARTESIAN_POINT('Ctrl Pts',(-126.35798531454,432.579518291633,-621.527840661089));
#2597=CARTESIAN_POINT('Ctrl Pts',(-147.828417234333,455.321764552986,-603.067213324025));
#2598=CARTESIAN_POINT('Ctrl Pts',(-202.538251113476,503.221524783204,-555.916765200172));
#2599=CARTESIAN_POINT('Ctrl Pts',(-265.686325979609,537.835307682401,-501.20431481437));
#2600=CARTESIAN_POINT('Ctrl Pts',(-303.480703042423,552.886920307617,-468.386781533003));
#2601=CARTESIAN_POINT('Ctrl Pts',(-119.537000035524,426.913939966989,-608.477305528943));
#2602=CARTESIAN_POINT('Ctrl Pts',(-140.861471948222,450.087110490474,-591.135661656351));
#2603=CARTESIAN_POINT('Ctrl Pts',(-195.642082179057,499.323842320932,-546.550205923493));
#2604=CARTESIAN_POINT('Ctrl Pts',(-259.845782096782,535.414579480431,-494.196743664613));
#2605=CARTESIAN_POINT('Ctrl Pts',(-298.477242844393,551.155058127511,-462.670478542822));
#2606=CARTESIAN_POINT('Ctrl Pts',(-117.567796747256,424.748715279889,-604.127343497503));
#2607=CARTESIAN_POINT('Ctrl Pts',(-138.787941158542,448.08118725821,-587.15853782669));
#2608=CARTESIAN_POINT('Ctrl Pts',(-193.474713160197,497.820545172478,-543.427958577354));
#2609=CARTESIAN_POINT('Ctrl Pts',(-257.961299600347,534.478501274173,-491.860903590916));
#2610=CARTESIAN_POINT('Ctrl Pts',(-296.847861386906,550.484396893047,-460.765049699779));
#2611=CARTESIAN_POINT('',(-195.675248220094,430.337731947108,-672.946049618691));
#2612=CARTESIAN_POINT('Ctrl Pts',(-122.729198601403,430.337731947108,-600.));
#2613=CARTESIAN_POINT('Ctrl Pts',(-122.73242626979,430.341174019647,-600.014984959027));
#2614=CARTESIAN_POINT('Ctrl Pts',(-122.735657155531,430.344614501938,-600.029967978527));
#2615=CARTESIAN_POINT('Ctrl Pts',(-125.24975235867,433.017906647465,-611.675807703871));
#2616=CARTESIAN_POINT('Ctrl Pts',(-129.85731648701,434.899333160639,-622.863607262595));
#2617=CARTESIAN_POINT('Ctrl Pts',(-142.892944508427,436.781519623402,-642.492024061321));
#2618=CARTESIAN_POINT('Ctrl Pts',(-150.882157560567,436.857535113904,-650.750656185166));
#2619=CARTESIAN_POINT('Ctrl Pts',(-165.547280105525,435.652294228051,-661.189807480647));
#2620=CARTESIAN_POINT('Ctrl Pts',(-171.256060957481,434.940391364459,-664.405644610761));
#2621=CARTESIAN_POINT('Ctrl Pts',(-183.186534784543,433.004003704125,-669.612211025511));
#2622=CARTESIAN_POINT('Ctrl Pts',(-189.355967011889,431.788320639974,-671.581858920247));
#2623=CARTESIAN_POINT('Ctrl Pts',(-195.645279328657,430.344614712622,-672.939590866428));
#2624=CARTESIAN_POINT('Ctrl Pts',(-195.660264174604,430.341173809806,-672.942822147074));
#2625=CARTESIAN_POINT('Ctrl Pts',(-195.675248220094,430.337731947108,-672.946049618691));
#2626=CARTESIAN_POINT('',(-333.972511925492,550.,-500.));
#2627=CARTESIAN_POINT('Origin',(-486.83232037923,88.9143242768347,-308.842927840864));
#2628=CARTESIAN_POINT('Ctrl Pts',(-333.972513590386,549.999990962539,-499.999997917986));
#2629=CARTESIAN_POINT('Ctrl Pts',(-334.284909848812,550.161958938141,-499.609334376547));
#2630=CARTESIAN_POINT('Ctrl Pts',(-334.5974718074,550.323427808819,-499.218463620679));
#2631=CARTESIAN_POINT('Ctrl Pts',(-334.910198520315,550.484396893047,-498.827386833188));
#2632=CARTESIAN_POINT('Ctrl Pts',(-195.675248220094,481.038978950081,-602.075168558474));
#2633=CARTESIAN_POINT('Ctrl Pts',(-195.589723823051,480.963991940395,-602.168598360424));
#2634=CARTESIAN_POINT('Ctrl Pts',(-195.498345901362,480.888722067538,-602.257027839804));
#2635=CARTESIAN_POINT('Ctrl Pts',(-195.259173551292,480.70319459288,-602.461497936367));
#2636=CARTESIAN_POINT('Ctrl Pts',(-195.103419496641,480.592050545378,-602.571923007134));
#2637=CARTESIAN_POINT('Ctrl Pts',(-194.737029836731,480.353356416536,-602.778042671317));
#2638=CARTESIAN_POINT('Ctrl Pts',(-194.515818982022,480.223497812874,-602.868909124897));
#2639=CARTESIAN_POINT('Ctrl Pts',(-194.066278045847,479.996141487071,-602.966658028931));
#2640=CARTESIAN_POINT('Ctrl Pts',(-193.856707637071,479.906110573091,-602.974231265324));
#2641=CARTESIAN_POINT('Ctrl Pts',(-193.524425398091,479.791253263268,-602.919165258743));
#2642=CARTESIAN_POINT('Ctrl Pts',(-193.385788763928,479.752661084406,-602.873759677964));
#2643=CARTESIAN_POINT('Ctrl Pts',(-193.153987528328,479.712293168842,-602.739497212201));
#2644=CARTESIAN_POINT('Ctrl Pts',(-193.06141732965,479.705673004439,-602.662930033672));
#2645=CARTESIAN_POINT('Ctrl Pts',(-192.904584638957,479.717508526531,-602.477494341439));
#2646=CARTESIAN_POINT('Ctrl Pts',(-192.844509272581,479.735742095098,-602.373351355152));
#2647=CARTESIAN_POINT('Ctrl Pts',(-192.745724699752,479.799698597944,-602.12008467535));
#2648=CARTESIAN_POINT('Ctrl Pts',(-192.719598863971,479.850705568792,-601.97080635597));
#2649=CARTESIAN_POINT('Ctrl Pts',(-192.707095551343,479.995827483957,-601.608286003949));
#2650=CARTESIAN_POINT('Ctrl Pts',(-192.744675040055,480.107283911765,-601.377313101433));
#2651=CARTESIAN_POINT('Ctrl Pts',(-192.897367889191,480.353532362404,-600.937999577893));
#2652=CARTESIAN_POINT('Ctrl Pts',(-192.997497652987,480.476248372839,-600.743584846325));
#2653=CARTESIAN_POINT('Ctrl Pts',(-193.132713557603,480.618013282483,-600.53914147685));
#2654=CARTESIAN_POINT('Ctrl Pts',(-193.150707092189,480.636482902251,-600.512894299126));
#2655=CARTESIAN_POINT('Ctrl Pts',(-193.169102826375,480.654989611913,-600.486971801589));
#2656=CARTESIAN_POINT('Ctrl Pts',(-193.272700208568,480.759211963387,-600.340986713001));
#2657=CARTESIAN_POINT('Ctrl Pts',(-193.389942763125,480.865512688033,-600.20403385511));
#2658=CARTESIAN_POINT('Ctrl Pts',(-193.544295197478,480.993816313928,-600.052010831549));
#2659=CARTESIAN_POINT('Ctrl Pts',(-193.571936367855,481.016391067006,-600.025761996491));
#2660=CARTESIAN_POINT('Ctrl Pts',(-193.60007966162,481.038978950081,-600.));
#2661=CARTESIAN_POINT('Ctrl Pts',(-195.675248220094,436.856743559616,-666.72153778729));
#2662=CARTESIAN_POINT('Ctrl Pts',(-128.953710432803,436.856743559616,-666.72153778729));
#2663=CARTESIAN_POINT('Ctrl Pts',(-128.953710432803,436.856743559616,-600.));
#2664=CARTESIAN_POINT('Ctrl Pts',(-195.675248220094,252.716444834928,-845.749340078445));
#2665=CARTESIAN_POINT('Ctrl Pts',(50.0740918583509,252.716444834928,-845.749340078445));
#2666=CARTESIAN_POINT('Ctrl Pts',(50.0740918583509,252.716444834928,-600.));
#2667=CARTESIAN_POINT('Ctrl Pts',(-195.675248220094,-1.77635683940025E-14,
-800.));
#2668=CARTESIAN_POINT('Ctrl Pts',(4.32475177990629,-1.77635683940025E-14,
-800.));
#2669=CARTESIAN_POINT('Ctrl Pts',(4.32475177990625,-1.77635683940025E-14,
-600.));
#2670=CARTESIAN_POINT('',(-195.675248220094,0.,-800.));
#2671=CARTESIAN_POINT('Origin',(-195.675248220094,0.,-600.));
#2672=CARTESIAN_POINT('Origin',(-195.675248220094,88.9143242768347,-308.842927840864));
#2673=CARTESIAN_POINT('Ctrl Pts',(-195.675248220094,481.038978950081,-602.075168558474));
#2674=CARTESIAN_POINT('Ctrl Pts',(-193.60007966162,481.038978950081,-602.075168558474));
#2675=CARTESIAN_POINT('Ctrl Pts',(-193.60007966162,481.038978950081,-600.));
#2676=CARTESIAN_POINT('Ctrl Pts',(-195.675248220094,294.57331699587,-834.401406662413));
#2677=CARTESIAN_POINT('Ctrl Pts',(38.7261584423516,294.57331699587,-834.401406662445));
#2678=CARTESIAN_POINT('Ctrl Pts',(38.7261584423196,294.57331699587,-600.));
#2679=CARTESIAN_POINT('Ctrl Pts',(-195.675248220094,1.77635683940025E-14,
-790.));
#2680=CARTESIAN_POINT('Ctrl Pts',(-5.67524822006799,1.77635683940025E-14,
-790.000000000026));
#2681=CARTESIAN_POINT('Ctrl Pts',(-5.67524822009389,1.77635683940025E-14,
-600.));
#2682=CARTESIAN_POINT('Origin',(-195.675248220094,0.,-600.));
#2683=CARTESIAN_POINT('Origin',(-495.675248220094,88.9143242768347,-308.842927840864));
#2684=CARTESIAN_POINT('',(-495.675248220094,0.,-800.));
#2685=CARTESIAN_POINT('Origin',(-495.675248220094,0.,-790.));
#2686=UNCERTAINTY_MEASURE_WITH_UNIT(LENGTH_MEASURE(0.01),#2690,
'DISTANCE_ACCURACY_VALUE',
'Maximum model space distance between geometric entities at asserted c
onnectivities');
#2687=UNCERTAINTY_MEASURE_WITH_UNIT(LENGTH_MEASURE(0.01),#2690,
'DISTANCE_ACCURACY_VALUE',
'Maximum model space distance between geometric entities at asserted c
onnectivities');
#2688=(
GEOMETRIC_REPRESENTATION_CONTEXT(3)
GLOBAL_UNCERTAINTY_ASSIGNED_CONTEXT((#2686))
GLOBAL_UNIT_ASSIGNED_CONTEXT((#2690,#2692,#2693))
REPRESENTATION_CONTEXT('','3D')
);
#2689=(
GEOMETRIC_REPRESENTATION_CONTEXT(3)
GLOBAL_UNCERTAINTY_ASSIGNED_CONTEXT((#2687))
GLOBAL_UNIT_ASSIGNED_CONTEXT((#2690,#2692,#2693))
REPRESENTATION_CONTEXT('','3D')
);
#2690=(
LENGTH_UNIT()
NAMED_UNIT(*)
SI_UNIT(.MILLI.,.METRE.)
);
#2691=(
LENGTH_UNIT()
NAMED_UNIT(*)
SI_UNIT(.CENTI.,.METRE.)
);
#2692=(
NAMED_UNIT(*)
PLANE_ANGLE_UNIT()
SI_UNIT($,.RADIAN.)
);
#2693=(
NAMED_UNIT(*)
SI_UNIT($,.STERADIAN.)
SOLID_ANGLE_UNIT()
);
#2694=SHAPE_DEFINITION_REPRESENTATION(#2695,#2696);
#2695=PRODUCT_DEFINITION_SHAPE('',$,#2698);
#2696=SHAPE_REPRESENTATION('',(#1141),#2688);
#2697=PRODUCT_DEFINITION_CONTEXT('part definition',#2702,'design');
#2698=PRODUCT_DEFINITION('Frontabdeckung','Frontabdeckung',#2699,#2697);
#2699=PRODUCT_DEFINITION_FORMATION('',$,#2704);
#2700=PRODUCT_RELATED_PRODUCT_CATEGORY('Frontabdeckung',
'Frontabdeckung',(#2704));
#2701=APPLICATION_PROTOCOL_DEFINITION('international standard',
'automotive_design',2009,#2702);
#2702=APPLICATION_CONTEXT(
'Core Data for Automotive Mechanical Design Process');
#2703=PRODUCT_CONTEXT('part definition',#2702,'mechanical');
#2704=PRODUCT('Frontabdeckung','Frontabdeckung',$,(#2703));
#2705=PRESENTATION_STYLE_ASSIGNMENT((#2707));
#2706=PRESENTATION_STYLE_ASSIGNMENT((#2708));
#2707=SURFACE_STYLE_USAGE(.BOTH.,#2713);
#2708=SURFACE_STYLE_USAGE(.BOTH.,#2714);
#2709=SURFACE_STYLE_RENDERING_WITH_PROPERTIES($,#2721,(#2711));
#2710=SURFACE_STYLE_RENDERING_WITH_PROPERTIES($,#2722,(#2712));
#2711=SURFACE_STYLE_TRANSPARENT(0.);
#2712=SURFACE_STYLE_TRANSPARENT(0.53999999165535);
#2713=SURFACE_SIDE_STYLE('',(#2715,#2709));
#2714=SURFACE_SIDE_STYLE('',(#2716,#2710));
#2715=SURFACE_STYLE_FILL_AREA(#2717);
#2716=SURFACE_STYLE_FILL_AREA(#2718);
#2717=FILL_AREA_STYLE('',(#2719));
#2718=FILL_AREA_STYLE('',(#2720));
#2719=FILL_AREA_STYLE_COLOUR('',#2721);
#2720=FILL_AREA_STYLE_COLOUR('',#2722);
#2721=COLOUR_RGB('',0.749019607843137,0.749019607843137,0.749019607843137);
#2722=COLOUR_RGB('',0.8,0.8,0.8);
ENDSEC;
END-ISO-10303-21;
