ISO-10303-21;
HEADER;
/* Generated by software containing ST-Developer
 * from STEP Tools, Inc. (www.steptools.com) 
 */

FILE_DESCRIPTION(
/* description */ (''),
/* implementation_level */ '2;1');

FILE_NAME(
/* name */ 'Gelnder.stp',
/* time_stamp */ '2026-09-02T21:17:15+02:00',
/* author */ ('bluhm'),
/* organization */ (''),
/* preprocessor_version */ 'ST-DEVELOPER v20.1',
/* originating_system */ 'Autodesk Inventor 2026',
/* authorisation */ '');

FILE_SCHEMA (('AUTOMOTIVE_DESIGN { 1 0 10303 214 3 1 1 }'));
ENDSEC;

DATA;
#10=MECHANICAL_DESIGN_GEOMETRIC_PRESENTATION_REPRESENTATION('',(#3386,#3387,
#3388,#3389,#3390,#3391,#3392,#3393,#3394,#3395,#3396,#3397,#3398,#3399,
#3400,#3401,#3402,#3403,#3404,#3405,#3406,#3407,#3408,#3409,#3410,#3411,
#3412,#3413,#3414,#3415,#3416,#3417,#3418,#3419,#3420,#3421,#3422,#3423,
#3424,#3425,#3426,#3427,#3428,#3429,#3430,#3431,#3432,#3433,#3434,#3435,
#3436,#3437,#3438,#3439,#3440,#3441,#3442,#3443,#3444,#3445,#3446,#3447,
#3448,#3449,#3450,#3451,#3452,#3453,#3454,#3455,#3456,#3457,#3458,#3459,
#3460,#3461,#3462,#3463,#3464,#3465,#3466,#3467,#3468,#3469,#3470,#3471,
#3472,#3473,#3474,#3475,#3476,#3477,#3478,#3479,#3480,#3481,#3482,#3483,
#3484,#3485,#3486,#3487,#3488,#3489,#3490,#3491,#3492,#3493,#3494,#3495,
#3496,#3497,#3498,#3499,#3500,#3501,#3502,#3503,#3504,#3505,#3506,#3507,
#3508,#3509,#3510,#3511,#3512,#3513,#3514,#3515,#3516,#3517,#3518,#3519,
#3520,#3521,#3522,#3523,#3524,#3525,#3526,#3527,#3528,#3529,#3530,#3531,
#3532,#3533,#3534,#3535,#3536,#3537,#3538,#3539,#3540,#3541,#3542,#3543,
#3544,#3545,#3546,#3547,#3548,#3549,#3550,#3551,#3552,#3553,#3554,#3555,
#3556,#3557,#3558,#3559,#3560,#3561,#3562,#3563,#3564,#3565,#3566,#3567,
#3568,#3569,#3570,#3571,#3572,#3573,#3574,#3575,#3576,#3577,#3578,#3579,
#3580,#3581,#3582,#3583,#3584,#3585,#3586,#3587,#3588,#3589,#3590,#3591,
#3592,#3593,#3594,#3595,#3596,#3597,#3598,#3599,#3600,#3601,#3602,#3603,
#3604,#3605,#3606,#3607,#3608,#3609),#13362);
#11=SHAPE_REPRESENTATION_RELATIONSHIP('SRR','None',#13369,#12);
#12=ADVANCED_BREP_SHAPE_REPRESENTATION('',(#13),#13361);
#13=MANIFOLD_SOLID_BREP('Volumenk\X\F6rper1',#3833);
#14=PLANE('',#3996);
#15=PLANE('',#4014);
#16=PLANE('',#4029);
#17=PLANE('',#4042);
#18=PLANE('',#4071);
#19=PLANE('',#4083);
#20=PLANE('',#4096);
#21=PLANE('',#4107);
#22=PLANE('',#4119);
#23=PLANE('',#4131);
#24=PLANE('',#4144);
#25=PLANE('',#4155);
#26=PLANE('',#4171);
#27=PLANE('',#4186);
#28=PLANE('',#4199);
#29=PLANE('',#4218);
#30=PLANE('',#4236);
#31=PLANE('',#4248);
#32=PLANE('',#4260);
#33=PLANE('',#4277);
#34=PLANE('',#4278);
#35=PLANE('',#4280);
#36=PLANE('',#4282);
#37=PLANE('',#4284);
#38=PLANE('',#4285);
#39=PLANE('',#4287);
#40=PLANE('',#4288);
#41=PLANE('',#4291);
#42=PLANE('',#4294);
#43=PLANE('',#4296);
#44=PLANE('',#4297);
#45=PLANE('',#4300);
#46=PLANE('',#4301);
#47=PLANE('',#4304);
#48=PLANE('',#4307);
#49=PLANE('',#4308);
#50=TOROIDAL_SURFACE('',#3897,89.9999999999999,15.);
#51=TOROIDAL_SURFACE('',#3944,90.,15.);
#52=TOROIDAL_SURFACE('',#3976,20.,5.);
#53=TOROIDAL_SURFACE('',#3982,20.,5.);
#54=TOROIDAL_SURFACE('',#3992,75.,5.);
#55=TOROIDAL_SURFACE('',#4000,20.,5.);
#56=TOROIDAL_SURFACE('',#4006,20.,5.);
#57=TOROIDAL_SURFACE('',#4018,20.,5.);
#58=TOROIDAL_SURFACE('',#4024,20.,5.);
#59=TOROIDAL_SURFACE('',#4031,20.,5.);
#60=TOROIDAL_SURFACE('',#4037,20.,5.);
#61=TOROIDAL_SURFACE('',#4044,20.,5.);
#62=TOROIDAL_SURFACE('',#4050,20.,5.);
#63=TOROIDAL_SURFACE('',#4058,105.,5.);
#64=TOROIDAL_SURFACE('',#4061,20.,5.);
#65=TOROIDAL_SURFACE('',#4066,20.,5.);
#66=TOROIDAL_SURFACE('',#4074,20.,5.);
#67=TOROIDAL_SURFACE('',#4078,20.,5.);
#68=TOROIDAL_SURFACE('',#4086,20.,5.);
#69=TOROIDAL_SURFACE('',#4091,20.,5.);
#70=TOROIDAL_SURFACE('',#4098,20.,5.);
#71=TOROIDAL_SURFACE('',#4102,20.,5.);
#72=TOROIDAL_SURFACE('',#4109,20.,5.);
#73=TOROIDAL_SURFACE('',#4114,20.,5.);
#74=TOROIDAL_SURFACE('',#4121,20.,5.);
#75=TOROIDAL_SURFACE('',#4126,20.,5.);
#76=TOROIDAL_SURFACE('',#4134,20.,5.);
#77=TOROIDAL_SURFACE('',#4139,20.,5.);
#78=TOROIDAL_SURFACE('',#4146,20.,5.);
#79=TOROIDAL_SURFACE('',#4150,20.,5.);
#80=TOROIDAL_SURFACE('',#4157,20.,5.);
#81=TOROIDAL_SURFACE('',#4163,20.,5.);
#82=TOROIDAL_SURFACE('',#4175,20.,5.);
#83=TOROIDAL_SURFACE('',#4181,20.,5.);
#84=TOROIDAL_SURFACE('',#4188,20.,5.);
#85=TOROIDAL_SURFACE('',#4194,20.,5.);
#86=TOROIDAL_SURFACE('',#4201,20.,5.);
#87=TOROIDAL_SURFACE('',#4208,20.,5.);
#88=TOROIDAL_SURFACE('',#4214,75.,5.);
#89=TOROIDAL_SURFACE('',#4220,20.,5.);
#90=TOROIDAL_SURFACE('',#4226,20.,5.);
#91=TOROIDAL_SURFACE('',#4232,105.,5.);
#92=TOROIDAL_SURFACE('',#4239,20.,5.);
#93=TOROIDAL_SURFACE('',#4243,20.,5.);
#94=TOROIDAL_SURFACE('',#4251,20.,5.);
#95=TOROIDAL_SURFACE('',#4255,20.,5.);
#96=B_SPLINE_CURVE_WITH_KNOTS('',3,(#6090,#6091,#6092,#6093,#6094,#6095,
#6096,#6097,#6098,#6099),.UNSPECIFIED.,.F.,.F.,(4,1,1,1,1,1,1,4),(-7.38311475928325,
-7.11943208930885,-6.85574941933445,-6.32838407938564,-5.27365339948804,
-4.74628805953923,-4.21892271959043,-3.64883479039703),.UNSPECIFIED.);
#97=B_SPLINE_CURVE_WITH_KNOTS('',3,(#6100,#6101,#6102,#6103,#6104,#6105,
#6106,#6107,#6108,#6109),.UNSPECIFIED.,.F.,.F.,(4,1,1,1,1,1,1,4),(-3.64883479039703,
-3.51576893299203,-3.16419203969283,-2.10946135979522,-1.05473067989761,
-0.527365339948811,-0.263682669974409,-7.42604390865966E-15),
 .UNSPECIFIED.);
#98=B_SPLINE_CURVE_WITH_KNOTS('',3,(#6110,#6111,#6112,#6113,#6114,#6115,
#6116,#6117,#6118,#6119,#6120,#6121,#6122,#6123,#6124,#6125),
 .UNSPECIFIED.,.F.,.F.,(4,1,1,1,1,1,1,1,1,1,1,1,1,4),(7.42604390865966E-15,
0.263682669974409,0.527365339948811,1.05473067989761,2.10946135979522,3.16419203969283,
3.51576893299203,4.21892271959043,4.74628805953923,5.27365339948804,6.32838407938564,
6.85574941933445,7.11943208930885,7.38311475928325),.UNSPECIFIED.);
#99=B_SPLINE_CURVE_WITH_KNOTS('',3,(#6227,#6228,#6229,#6230,#6231,#6232,
#6233,#6234,#6235,#6236,#6237,#6238,#6239,#6240,#6241,#6242,#6243,#6244,
#6245,#6246,#6247,#6248,#6249,#6250,#6251,#6252,#6253,#6254,#6255,#6256),
 .UNSPECIFIED.,.F.,.F.,(4,2,1,1,1,1,1,1,1,1,1,1,1,1,1,1,1,1,1,1,1,1,1,1,
2,4),(-0.002585839642122,0.,0.380635891417258,0.761271782834516,1.14190767425177,
1.52254356566903,1.90317945708629,2.28381534850355,2.66445123992081,3.04508713133806,
3.23540507704669,3.42572302275532,3.61604096846395,3.80635891417258,4.18699480558984,
4.37731275129847,4.5676306970071,4.94826658842435,5.32890247984161,5.70953837125887,
6.09017426267613,6.47081015409339,6.85144604551064,7.2320819369279,7.61271782834516,
7.61564078728692),.UNSPECIFIED.);
#100=B_SPLINE_CURVE_WITH_KNOTS('',3,(#6517,#6518,#6519,#6520,#6521,#6522,
#6523,#6524,#6525,#6526,#6527,#6528,#6529,#6530,#6531,#6532,#6533,#6534,
#6535,#6536,#6537,#6538,#6539,#6540,#6541,#6542,#6543,#6544,#6545,#6546),
 .UNSPECIFIED.,.F.,.F.,(4,2,1,1,1,1,1,1,1,1,1,1,1,1,1,1,1,1,1,1,1,1,1,1,
2,4),(-7.61564078728692,-7.61271782834516,-7.2320819369279,-6.85144604551064,
-6.47081015409339,-6.09017426267613,-5.70953837125887,-5.32890247984161,
-4.94826658842435,-4.5676306970071,-4.37731275129847,-4.18699480558984,
-3.80635891417258,-3.61604096846395,-3.42572302275532,-3.23540507704669,
-3.04508713133806,-2.66445123992081,-2.28381534850355,-1.90317945708629,
-1.52254356566903,-1.14190767425177,-0.761271782834516,-0.380635891417258,
0.,0.002585839642122),.UNSPECIFIED.);
#101=B_SPLINE_CURVE_WITH_KNOTS('',3,(#8331,#8332,#8333,#8334,#8335,#8336,
#8337,#8338,#8339,#8340,#8341,#8342,#8343,#8344,#8345,#8346,#8347,#8348,
#8349,#8350,#8351,#8352,#8353,#8354,#8355,#8356,#8357),.UNSPECIFIED.,.F.,
 .F.,(4,2,1,1,1,1,1,1,1,1,1,1,1,1,1,1,1,1,1,1,1,2,4),(-0.0029229589417648,
0.,0.380635891417257,0.761271782834515,1.14190767425177,1.52254356566903,
1.90317945708629,2.28381534850354,2.6644512399208,3.04508713133806,3.42572302275532,
3.80635891417257,4.18699480558983,4.56763069700709,4.94826658842435,5.3289024798416,
5.70953837125886,6.09017426267612,6.47081015409337,6.85144604551063,7.23208193692789,
7.61271782834515,7.61530366798727),.UNSPECIFIED.);
#102=B_SPLINE_CURVE_WITH_KNOTS('',3,(#8358,#8359,#8360,#8361,#8362,#8363,
#8364,#8365,#8366,#8367,#8368,#8369,#8370,#8371,#8372,#8373,#8374,#8375,
#8376,#8377,#8378,#8379,#8380,#8381,#8382,#8383,#8384),.UNSPECIFIED.,.F.,
 .F.,(4,2,1,1,1,1,1,1,1,1,1,1,1,1,1,1,1,1,1,1,1,2,4),(-7.61530366798727,
-7.61271782834515,-7.23208193692789,-6.85144604551063,-6.47081015409337,
-6.09017426267612,-5.70953837125886,-5.3289024798416,-4.94826658842435,
-4.56763069700709,-4.18699480558983,-3.80635891417257,-3.42572302275532,
-3.04508713133806,-2.6644512399208,-2.28381534850354,-1.90317945708629,
-1.52254356566903,-1.14190767425177,-0.761271782834515,-0.380635891417257,
0.,0.0029229589417648),.UNSPECIFIED.);
#103=B_SPLINE_CURVE_WITH_KNOTS('',3,(#8470,#8471,#8472,#8473,#8474,#8475,
#8476,#8477,#8478,#8479,#8480,#8481,#8482,#8483,#8484,#8485,#8486),
 .UNSPECIFIED.,.F.,.F.,(4,1,1,1,1,1,1,1,1,1,1,1,1,1,4),(0.,0.263670529927808,
0.527341059855617,1.05468211971123,2.10936423942247,2.46092494599288,3.1640463591337,
3.51560706570411,4.21872847884493,4.48239900877274,5.27341059855617,6.3280927182674,
6.85543377812302,7.11910430805083,7.38277483797864),.UNSPECIFIED.);
#104=B_SPLINE_CURVE_WITH_KNOTS('',3,(#8692,#8693,#8694,#8695,#8696,#8697,
#8698,#8699,#8700,#8701),.UNSPECIFIED.,.F.,.F.,(4,1,1,1,1,1,1,4),(-7.38277483797864,
-7.11910430805083,-6.85543377812302,-6.3280927182674,-5.27341059855617,
-4.48239900877274,-4.21872847884493,-3.73425197340244),.UNSPECIFIED.);
#105=B_SPLINE_CURVE_WITH_KNOTS('',3,(#8702,#8703,#8704,#8705,#8706,#8707,
#8708,#8709,#8710,#8711,#8712),.UNSPECIFIED.,.F.,.F.,(4,1,1,1,1,1,1,1,4),
(-3.73425197340244,-3.51560706570411,-3.1640463591337,-2.46092494599288,
-2.10936423942247,-1.05468211971123,-0.527341059855617,-0.263670529927808,
0.),.UNSPECIFIED.);
#106=B_SPLINE_CURVE_WITH_KNOTS('',3,(#9373,#9374,#9375,#9376,#9377),
 .UNSPECIFIED.,.F.,.F.,(4,1,4),(-1.54694425107744,-0.883968143472816,2.1316282072803E-14),
 .UNSPECIFIED.);
#107=B_SPLINE_CURVE_WITH_KNOTS('',3,(#9378,#9379,#9380,#9381,#9382),
 .UNSPECIFIED.,.F.,.F.,(4,1,4),(-2.1316282072803E-14,0.883968143472816,
1.54694425107744),.UNSPECIFIED.);
#108=B_SPLINE_CURVE_WITH_KNOTS('',3,(#9424,#9425,#9426,#9427,#9428),
 .UNSPECIFIED.,.F.,.F.,(4,1,4),(-1.22626053563711,-0.700720306078351,0.),
 .UNSPECIFIED.);
#109=B_SPLINE_CURVE_WITH_KNOTS('',3,(#9429,#9430,#9431,#9432,#9433),
 .UNSPECIFIED.,.F.,.F.,(4,1,4),(0.,0.700720306078351,1.22626053563711),
 .UNSPECIFIED.);
#110=B_SPLINE_CURVE_WITH_KNOTS('',3,(#9467,#9468,#9469,#9470,#9471),
 .UNSPECIFIED.,.F.,.F.,(4,1,4),(-15.08685437961,-14.2412648338461,-13.6070726745232),
 .UNSPECIFIED.);
#111=B_SPLINE_CURVE_WITH_KNOTS('',3,(#9472,#9473,#9474,#9475,#9476),
 .UNSPECIFIED.,.F.,.F.,(4,1,4),(13.6070726745232,14.2412648338461,15.08685437961),
 .UNSPECIFIED.);
#112=B_SPLINE_CURVE_WITH_KNOTS('',3,(#9507,#9508,#9509,#9510,#9511),
 .UNSPECIFIED.,.F.,.F.,(4,1,4),(-1.54685515373403,-0.662937923028871,0.),
 .UNSPECIFIED.);
#113=B_SPLINE_CURVE_WITH_KNOTS('',3,(#9512,#9513,#9514,#9515,#9516),
 .UNSPECIFIED.,.F.,.F.,(4,1,4),(0.,0.662937923028871,1.54685515373403),
 .UNSPECIFIED.);
#114=B_SPLINE_CURVE_WITH_KNOTS('',3,(#9529,#9530,#9531,#9532,#9533,#9534,
#9535,#9536,#9537),.UNSPECIFIED.,.F.,.F.,(4,1,1,1,1,1,4),(-2.90591611838684,
-2.49078524433157,-2.07565437027631,-1.66052349622105,-1.24539262216579,
-0.415130874055262,0.),.UNSPECIFIED.);
#115=B_SPLINE_CURVE_WITH_KNOTS('',3,(#9541,#9542,#9543,#9544,#9545,#9546,
#9547,#9548,#9549),.UNSPECIFIED.,.F.,.F.,(4,1,1,1,1,1,4),(-2.90591610015627,
-2.49078522870538,-2.07565435725448,-1.66052348580358,-1.24539261435269,
-0.830261742901792,0.),.UNSPECIFIED.);
#116=B_SPLINE_CURVE_WITH_KNOTS('',3,(#9553,#9554,#9555,#9556,#9557,#9558,
#9559,#9560,#9561),.UNSPECIFIED.,.F.,.F.,(4,1,1,1,1,1,4),(-2.90591602501671,
-2.49078516430003,-2.07565430358336,-1.66052344286669,-1.24539258215002,
-0.415130860716672,0.),.UNSPECIFIED.);
#117=B_SPLINE_CURVE_WITH_KNOTS('',3,(#9567,#9568,#9569,#9570,#9571,#9572),
 .UNSPECIFIED.,.F.,.F.,(4,1,1,4),(-1.30007028659967,-0.928621633285478,
-0.557172979971284,6.65558171209425E-15),.UNSPECIFIED.);
#118=B_SPLINE_CURVE_WITH_KNOTS('',3,(#9654,#9655,#9656,#9657,#9658,#9659,
#9660,#9661,#9662),.UNSPECIFIED.,.F.,.F.,(4,1,1,1,1,1,4),(-2.90591611838684,
-2.49078524433158,-1.66052349622105,-1.24539262216579,-0.830261748110526,
-0.415130874055263,0.),.UNSPECIFIED.);
#119=B_SPLINE_CURVE_WITH_KNOTS('',3,(#9663,#9664,#9665,#9666,#9667,#9668,
#9669,#9670,#9671),.UNSPECIFIED.,.F.,.F.,(4,1,1,1,1,1,4),(0.,0.415130874055263,
0.830261748110526,1.24539262216579,1.66052349622105,2.49078524433158,2.90591611838684),
 .UNSPECIFIED.);
#120=B_SPLINE_CURVE_WITH_KNOTS('',3,(#9726,#9727,#9728,#9729,#9730,#9731,
#9732,#9733,#9734),.UNSPECIFIED.,.F.,.F.,(4,1,1,1,1,1,4),(0.,0.415130874055262,
1.24539262216579,1.66052349622105,2.07565437027631,2.49078524433157,2.90591611838684),
 .UNSPECIFIED.);
#121=B_SPLINE_CURVE_WITH_KNOTS('',3,(#9739,#9740,#9741,#9742,#9743,#9744,
#9745,#9746,#9747),.UNSPECIFIED.,.F.,.F.,(4,1,1,1,1,1,4),(-2.90591602501671,
-2.49078516430004,-2.07565430358337,-1.6605234428667,-1.24539258215003,
-0.83026172143336,-1.87816399878099E-14),.UNSPECIFIED.);
#122=B_SPLINE_CURVE_WITH_KNOTS('',3,(#9751,#9752,#9753,#9754,#9755,#9756,
#9757,#9758,#9759),.UNSPECIFIED.,.F.,.F.,(4,1,1,1,1,1,4),(-2.90591610015629,
-2.4907852287054,-2.0756543572545,-1.66052348580361,-1.24539261435271,-0.415130871450921,
-2.58337766402479E-14),.UNSPECIFIED.);
#123=B_SPLINE_CURVE_WITH_KNOTS('',3,(#9846,#9847,#9848,#9849,#9850,#9851,
#9852,#9853,#9854),.UNSPECIFIED.,.F.,.F.,(4,1,1,1,1,1,4),(2.58337766402479E-14,
0.415130871450921,1.24539261435271,1.66052348580361,2.0756543572545,2.4907852287054,
2.90591610015629),.UNSPECIFIED.);
#124=B_SPLINE_CURVE_WITH_KNOTS('',3,(#9909,#9910,#9911,#9912,#9913,#9914,
#9915,#9916,#9917),.UNSPECIFIED.,.F.,.F.,(4,1,1,1,1,1,4),(0.,0.830261742901792,
1.24539261435269,1.66052348580358,2.07565435725448,2.49078522870538,2.90591610015627),
 .UNSPECIFIED.);
#125=B_SPLINE_CURVE_WITH_KNOTS('',3,(#9991,#9992,#9993,#9994,#9995,#9996,
#9997,#9998,#9999),.UNSPECIFIED.,.F.,.F.,(4,1,1,1,1,1,4),(1.87816399878099E-14,
0.83026172143336,1.24539258215003,1.6605234428667,2.07565430358337,2.49078516430004,
2.90591602501671),.UNSPECIFIED.);
#126=B_SPLINE_CURVE_WITH_KNOTS('',3,(#10054,#10055,#10056,#10057,#10058,
#10059,#10060,#10061,#10062),.UNSPECIFIED.,.F.,.F.,(4,1,1,1,1,1,4),(0.,
0.415130860716672,1.24539258215002,1.66052344286669,2.07565430358336,2.49078516430003,
2.90591602501671),.UNSPECIFIED.);
#127=B_SPLINE_CURVE_WITH_KNOTS('',3,(#10114,#10115,#10116,#10117,#10118,
#10119),.UNSPECIFIED.,.F.,.F.,(4,1,1,4),(-14.2461588437331,-13.83101718435,
-13.415875524967,-12.7931630358923),.UNSPECIFIED.);
#128=B_SPLINE_CURVE_WITH_KNOTS('',3,(#10120,#10121,#10122,#10123,#10124,
#10125),.UNSPECIFIED.,.F.,.F.,(4,1,1,4),(12.7931630358923,13.415875524967,
13.83101718435,14.2461588437331),.UNSPECIFIED.);
#129=B_SPLINE_CURVE_WITH_KNOTS('',3,(#10162,#10163,#10164,#10165,#10166),
 .UNSPECIFIED.,.F.,.F.,(4,1,4),(-1.59376488223163,-0.683042092385,-2.78619838173838E-14),
 .UNSPECIFIED.);
#130=B_SPLINE_CURVE_WITH_KNOTS('',3,(#10167,#10168,#10169,#10170,#10171),
 .UNSPECIFIED.,.F.,.F.,(4,1,4),(2.78619838173838E-14,0.683042092385,1.59376488223163),
 .UNSPECIFIED.);
#131=B_SPLINE_CURVE_WITH_KNOTS('',3,(#10210,#10211,#10212,#10213,#10214,
#10215),.UNSPECIFIED.,.F.,.F.,(4,1,1,4),(-6.65558171209425E-15,0.557172979971284,
0.928621633285478,1.30007028659967),.UNSPECIFIED.);
#132=B_SPLINE_CURVE_WITH_KNOTS('',3,(#10246,#10247,#10248,#10249,#10250),
 .UNSPECIFIED.,.F.,.F.,(4,1,4),(-1.45298171972469,-0.622706451310584,-6.13991880799933E-16),
 .UNSPECIFIED.);
#133=B_SPLINE_CURVE_WITH_KNOTS('',3,(#10251,#10252,#10253,#10254,#10255),
 .UNSPECIFIED.,.F.,.F.,(4,1,4),(6.13991880799933E-16,0.622706451310584,
1.45298171972469),.UNSPECIFIED.);
#134=B_SPLINE_CURVE_WITH_KNOTS('',3,(#10264,#10265,#10266,#10267,#10268,
#10269),.UNSPECIFIED.,.F.,.F.,(4,1,1,4),(-1.45298172969644,-0.830275274112263,
-0.415137637056143,-2.34821243580573E-14),.UNSPECIFIED.);
#135=B_SPLINE_CURVE_WITH_KNOTS('',3,(#10273,#10274,#10275,#10276,#10277,
#10278,#10279,#10280,#10281),.UNSPECIFIED.,.F.,.F.,(4,1,1,1,1,1,4),(-2.90591610015629,
-2.49078522870539,-2.0756543572545,-1.6605234858036,-1.2453926143527,-0.830261742901798,
0.),.UNSPECIFIED.);
#136=B_SPLINE_CURVE_WITH_KNOTS('',3,(#10285,#10286,#10287,#10288,#10289,
#10290,#10291,#10292,#10293),.UNSPECIFIED.,.F.,.F.,(4,1,1,1,1,1,4),(-2.9059160250167,
-2.49078516430003,-2.07565430358336,-1.66052344286668,-1.24539258215001,
-0.830261721433342,-1.18850686953346E-16),.UNSPECIFIED.);
#137=B_SPLINE_CURVE_WITH_KNOTS('',3,(#10297,#10298,#10299,#10300,#10301,
#10302,#10303,#10304,#10305),.UNSPECIFIED.,.F.,.F.,(4,1,1,1,1,1,4),(-2.90597567483319,
-2.49083629271416,-2.07569691059513,-1.66055752847611,-1.24541814635708,
-0.415139382119027,0.),.UNSPECIFIED.);
#138=B_SPLINE_CURVE_WITH_KNOTS('',3,(#10309,#10310,#10311,#10312,#10313,
#10314,#10315,#10316,#10317),.UNSPECIFIED.,.F.,.F.,(4,1,1,1,1,1,4),(-2.90597567483319,
-2.49083629271416,-2.07569691059513,-1.66055752847611,-1.24541814635708,
-0.830278764238053,0.),.UNSPECIFIED.);
#139=B_SPLINE_CURVE_WITH_KNOTS('',3,(#10321,#10322,#10323,#10324,#10325,
#10326,#10327,#10328,#10329),.UNSPECIFIED.,.F.,.F.,(4,1,1,1,1,1,4),(-2.90597567483319,
-2.49083629271416,-2.07569691059513,-1.66055752847611,-1.24541814635708,
-0.415139382119026,0.),.UNSPECIFIED.);
#140=B_SPLINE_CURVE_WITH_KNOTS('',3,(#10333,#10334,#10335,#10336,#10337,
#10338,#10339,#10340,#10341),.UNSPECIFIED.,.F.,.F.,(4,1,1,1,1,1,4),(-2.90597567483319,
-2.49083629271416,-2.07569691059513,-1.66055752847611,-1.24541814635708,
-0.415139382119027,-5.69943626137923E-17),.UNSPECIFIED.);
#141=B_SPLINE_CURVE_WITH_KNOTS('',3,(#10345,#10346,#10347,#10348,#10349,
#10350,#10351,#10352,#10353),.UNSPECIFIED.,.F.,.F.,(4,1,1,1,1,1,4),(-2.90597567483319,
-2.49083629271416,-2.07569691059513,-1.66055752847611,-1.24541814635708,
-0.830278764238054,-5.70448470868108E-16),.UNSPECIFIED.);
#142=B_SPLINE_CURVE_WITH_KNOTS('',3,(#10357,#10358,#10359,#10360,#10361,
#10362,#10363,#10364,#10365),.UNSPECIFIED.,.F.,.F.,(4,1,1,1,1,1,4),(-2.90597567483319,
-2.07569691059514,-1.66055752847611,-1.24541814635708,-0.830278764238056,
-0.41513938211903,-3.87604792068936E-15),.UNSPECIFIED.);
#143=B_SPLINE_CURVE_WITH_KNOTS('',3,(#10369,#10370,#10371,#10372,#10373,
#10374,#10375,#10376,#10377),.UNSPECIFIED.,.F.,.F.,(4,1,1,1,1,1,4),(-2.90597567483318,
-2.49083629271415,-2.07569691059513,-1.66055752847611,-1.24541814635708,
-0.415139382119036,-1.24980836401645E-14),.UNSPECIFIED.);
#144=B_SPLINE_CURVE_WITH_KNOTS('',3,(#10381,#10382,#10383,#10384,#10385,
#10386,#10387,#10388,#10389),.UNSPECIFIED.,.F.,.F.,(4,1,1,1,1,1,4),(-2.90597567483318,
-2.49083629271415,-2.07569691059513,-1.6605575284761,-1.24541814635708,
-0.415139382119025,0.),.UNSPECIFIED.);
#145=B_SPLINE_CURVE_WITH_KNOTS('',3,(#10466,#10467,#10468,#10469,#10470,
#10471),.UNSPECIFIED.,.F.,.F.,(4,1,1,4),(5.70448470868108E-16,0.830278764238054,
1.24541814635708,1.45313947118486),.UNSPECIFIED.);
#146=B_SPLINE_CURVE_WITH_KNOTS('',3,(#10472,#10473,#10474,#10475,#10476,
#10477,#10478),.UNSPECIFIED.,.F.,.F.,(4,1,1,1,4),(1.4529956712991,1.66055752847611,
2.07569691059513,2.49083629271416,2.90597567483319),.UNSPECIFIED.);
#147=B_SPLINE_CURVE_WITH_KNOTS('',3,(#10533,#10534,#10535,#10536,#10537,
#10538,#10539,#10540,#10541),.UNSPECIFIED.,.F.,.F.,(4,1,1,1,1,1,4),(-2.90597567498941,
-2.49083629284807,-1.66055752856538,-1.24541814642403,-0.83027876428269,
-0.415139382141345,0.),.UNSPECIFIED.);
#148=B_SPLINE_CURVE_WITH_KNOTS('',3,(#10542,#10543,#10544,#10545,#10546,
#10547,#10548,#10549,#10550),.UNSPECIFIED.,.F.,.F.,(4,1,1,1,1,1,4),(0.,
0.415139382141345,0.83027876428269,1.24541814642403,1.66055752856538,2.49083629284807,
2.90597567498941),.UNSPECIFIED.);
#149=B_SPLINE_CURVE_WITH_KNOTS('',3,(#10626,#10627,#10628,#10629,#10630,
#10631,#10632),.UNSPECIFIED.,.F.,.F.,(4,1,1,1,4),(3.87604792068936E-15,
0.41513938211903,0.830278764238056,1.24541814635708,1.45282015377804),
 .UNSPECIFIED.);
#150=B_SPLINE_CURVE_WITH_KNOTS('',3,(#10633,#10634,#10635,#10636,#10637,
#10638),.UNSPECIFIED.,.F.,.F.,(4,1,1,4),(1.45282015377804,1.66055752847611,
2.07569691059514,2.90597567483319),.UNSPECIFIED.);
#151=B_SPLINE_CURVE_WITH_KNOTS('',3,(#10693,#10694,#10695,#10696,#10697,
#10698,#10699,#10700,#10701),.UNSPECIFIED.,.F.,.F.,(4,1,1,1,1,1,4),(-2.90597567498941,
-2.49083629284806,-2.07569691070672,-1.66055752856538,-1.24541814642403,
-0.830278764282688,0.),.UNSPECIFIED.);
#152=B_SPLINE_CURVE_WITH_KNOTS('',3,(#10702,#10703,#10704,#10705,#10706,
#10707,#10708,#10709,#10710),.UNSPECIFIED.,.F.,.F.,(4,1,1,1,1,1,4),(0.,
0.830278764282688,1.24541814642403,1.66055752856538,2.07569691070672,2.49083629284806,
2.90597567498941),.UNSPECIFIED.);
#153=B_SPLINE_CURVE_WITH_KNOTS('',3,(#10788,#10789,#10790,#10791,#10792,
#10793),.UNSPECIFIED.,.F.,.F.,(4,1,1,4),(0.,0.415139382119025,1.24541814635708,
1.45310348825358),.UNSPECIFIED.);
#154=B_SPLINE_CURVE_WITH_KNOTS('',3,(#10794,#10795,#10796,#10797,#10798,
#10799,#10800),.UNSPECIFIED.,.F.,.F.,(4,1,1,1,4),(1.45299567129909,1.6605575284761,
2.07569691059513,2.49083629271415,2.90597567483318),.UNSPECIFIED.);
#155=B_SPLINE_CURVE_WITH_KNOTS('',3,(#10855,#10856,#10857,#10858,#10859,
#10860,#10861,#10862,#10863),.UNSPECIFIED.,.F.,.F.,(4,1,1,1,1,1,4),(-2.9059756749894,
-2.49083629284806,-2.07569691070672,-1.66055752856537,-1.24541814642403,
-0.830278764282687,0.),.UNSPECIFIED.);
#156=B_SPLINE_CURVE_WITH_KNOTS('',3,(#10864,#10865,#10866,#10867,#10868,
#10869,#10870,#10871,#10872),.UNSPECIFIED.,.F.,.F.,(4,1,1,1,1,1,4),(0.,
0.830278764282687,1.24541814642403,1.66055752856537,2.07569691070672,2.49083629284806,
2.9059756749894),.UNSPECIFIED.);
#157=B_SPLINE_CURVE_WITH_KNOTS('',3,(#10946,#10947,#10948,#10949,#10950,
#10951),.UNSPECIFIED.,.F.,.F.,(4,1,1,4),(1.24980836401645E-14,0.415139382119036,
1.24541814635708,1.45310131984366),.UNSPECIFIED.);
#158=B_SPLINE_CURVE_WITH_KNOTS('',3,(#10952,#10953,#10954,#10955,#10956,
#10957,#10958),.UNSPECIFIED.,.F.,.F.,(4,1,1,1,4),(1.45299567129909,1.66055752847611,
2.07569691059513,2.49083629271415,2.90597567483318),.UNSPECIFIED.);
#159=B_SPLINE_CURVE_WITH_KNOTS('',3,(#11013,#11014,#11015,#11016,#11017,
#11018,#11019,#11020,#11021),.UNSPECIFIED.,.F.,.F.,(4,1,1,1,1,1,4),(-2.90597567498941,
-2.49083629284806,-2.07569691070672,-1.66055752856537,-1.24541814642403,
-0.830278764282687,0.),.UNSPECIFIED.);
#160=B_SPLINE_CURVE_WITH_KNOTS('',3,(#11022,#11023,#11024,#11025,#11026,
#11027,#11028,#11029,#11030),.UNSPECIFIED.,.F.,.F.,(4,1,1,1,1,1,4),(0.,
0.830278764282687,1.24541814642403,1.66055752856537,2.07569691070672,2.49083629284806,
2.90597567498941),.UNSPECIFIED.);
#161=B_SPLINE_CURVE_WITH_KNOTS('',3,(#11106,#11107,#11108,#11109,#11110,
#11111),.UNSPECIFIED.,.F.,.F.,(4,1,1,4),(5.69943626137923E-17,0.415139382119027,
1.24541814635708,1.45308464956024),.UNSPECIFIED.);
#162=B_SPLINE_CURVE_WITH_KNOTS('',3,(#11112,#11113,#11114,#11115,#11116,
#11117,#11118),.UNSPECIFIED.,.F.,.F.,(4,1,1,1,4),(1.45299567129911,1.66055752847611,
2.07569691059513,2.49083629271416,2.90597567483319),.UNSPECIFIED.);
#163=B_SPLINE_CURVE_WITH_KNOTS('',3,(#11173,#11174,#11175,#11176,#11177,
#11178,#11179,#11180,#11181),.UNSPECIFIED.,.F.,.F.,(4,1,1,1,1,1,4),(-2.90597567498941,
-2.49083629284807,-2.07569691070672,-1.66055752856538,-1.24541814642403,
-0.83027876428269,0.),.UNSPECIFIED.);
#164=B_SPLINE_CURVE_WITH_KNOTS('',3,(#11182,#11183,#11184,#11185,#11186,
#11187,#11188,#11189,#11190),.UNSPECIFIED.,.F.,.F.,(4,1,1,1,1,1,4),(0.,
0.83027876428269,1.24541814642403,1.66055752856538,2.07569691070672,2.49083629284807,
2.90597567498941),.UNSPECIFIED.);
#165=B_SPLINE_CURVE_WITH_KNOTS('',3,(#11266,#11267,#11268,#11269,#11270,
#11271),.UNSPECIFIED.,.F.,.F.,(4,1,1,4),(0.,0.415139382119027,1.24541814635708,
1.45309820398688),.UNSPECIFIED.);
#166=B_SPLINE_CURVE_WITH_KNOTS('',3,(#11272,#11273,#11274,#11275,#11276,
#11277,#11278),.UNSPECIFIED.,.F.,.F.,(4,1,1,1,4),(1.4529956712991,1.66055752847611,
2.07569691059513,2.49083629271416,2.90597567483319),.UNSPECIFIED.);
#167=B_SPLINE_CURVE_WITH_KNOTS('',3,(#11333,#11334,#11335,#11336,#11337,
#11338,#11339,#11340,#11341),.UNSPECIFIED.,.F.,.F.,(4,1,1,1,1,1,4),(-2.90597567498942,
-2.49083629284807,-2.07569691070673,-1.66055752856538,-1.24541814642404,
-0.415139382141348,-2.7518028673123E-15),.UNSPECIFIED.);
#168=B_SPLINE_CURVE_WITH_KNOTS('',3,(#11342,#11343,#11344,#11345,#11346,
#11347,#11348,#11349,#11350),.UNSPECIFIED.,.F.,.F.,(4,1,1,1,1,1,4),(2.7518028673123E-15,
0.415139382141348,1.24541814642404,1.66055752856538,2.07569691070673,2.49083629284807,
2.90597567498942),.UNSPECIFIED.);
#169=B_SPLINE_CURVE_WITH_KNOTS('',3,(#11428,#11429,#11430,#11431,#11432,
#11433),.UNSPECIFIED.,.F.,.F.,(4,1,1,4),(0.,0.415139382119026,1.24541814635708,
1.45308464956021),.UNSPECIFIED.);
#170=B_SPLINE_CURVE_WITH_KNOTS('',3,(#11434,#11435,#11436,#11437,#11438,
#11439,#11440),.UNSPECIFIED.,.F.,.F.,(4,1,1,1,4),(1.4529956712991,1.66055752847611,
2.07569691059513,2.49083629271416,2.90597567483319),.UNSPECIFIED.);
#171=B_SPLINE_CURVE_WITH_KNOTS('',3,(#11495,#11496,#11497,#11498,#11499,
#11500,#11501,#11502,#11503),.UNSPECIFIED.,.F.,.F.,(4,1,1,1,1,1,4),(-2.90597567498941,
-2.49083629284807,-2.07569691070672,-1.66055752856538,-1.24541814642403,
-0.83027876428269,0.),.UNSPECIFIED.);
#172=B_SPLINE_CURVE_WITH_KNOTS('',3,(#11504,#11505,#11506,#11507,#11508,
#11509,#11510,#11511,#11512),.UNSPECIFIED.,.F.,.F.,(4,1,1,1,1,1,4),(0.,
0.83027876428269,1.24541814642403,1.66055752856538,2.07569691070672,2.49083629284807,
2.90597567498941),.UNSPECIFIED.);
#173=B_SPLINE_CURVE_WITH_KNOTS('',3,(#11586,#11587,#11588,#11589,#11590,
#11591),.UNSPECIFIED.,.F.,.F.,(4,1,1,4),(0.,0.830278764238053,1.24541814635708,
1.45313947118485),.UNSPECIFIED.);
#174=B_SPLINE_CURVE_WITH_KNOTS('',3,(#11592,#11593,#11594,#11595,#11596,
#11597,#11598),.UNSPECIFIED.,.F.,.F.,(4,1,1,1,4),(1.45299567129911,1.66055752847611,
2.07569691059513,2.49083629271416,2.90597567483319),.UNSPECIFIED.);
#175=B_SPLINE_CURVE_WITH_KNOTS('',3,(#11653,#11654,#11655,#11656,#11657,
#11658,#11659,#11660,#11661),.UNSPECIFIED.,.F.,.F.,(4,1,1,1,1,1,4),(-2.90597567498941,
-2.49083629284807,-2.07569691070672,-1.66055752856538,-1.24541814642404,
-0.830278764282693,-5.04776739436727E-15),.UNSPECIFIED.);
#176=B_SPLINE_CURVE_WITH_KNOTS('',3,(#11662,#11663,#11664,#11665,#11666,
#11667,#11668,#11669,#11670),.UNSPECIFIED.,.F.,.F.,(4,1,1,1,1,1,4),(5.04776739436727E-15,
0.830278764282693,1.24541814642404,1.66055752856538,2.07569691070672,2.49083629284807,
2.90597567498941),.UNSPECIFIED.);
#177=B_SPLINE_CURVE_WITH_KNOTS('',3,(#11749,#11750,#11751,#11752,#11753,
#11754,#11755,#11756,#11757),.UNSPECIFIED.,.F.,.F.,(4,1,1,1,1,1,4),(-2.90591607368233,
-2.07565433834452,-1.66052347067561,-1.24539260300671,-0.830261735337807,
-0.415130867668904,0.),.UNSPECIFIED.);
#178=B_SPLINE_CURVE_WITH_KNOTS('',3,(#11758,#11759,#11760,#11761,#11762,
#11763,#11764,#11765,#11766),.UNSPECIFIED.,.F.,.F.,(4,1,1,1,1,1,4),(0.,
0.415130867668904,0.830261735337807,1.24539260300671,1.66052347067561,2.07565433834452,
2.90591607368233),.UNSPECIFIED.);
#179=B_SPLINE_CURVE_WITH_KNOTS('',3,(#11821,#11822,#11823,#11824,#11825,
#11826,#11827,#11828,#11829),.UNSPECIFIED.,.F.,.F.,(4,1,1,1,1,1,4),(-2.90591608165782,
-2.49078521284956,-2.07565434404131,-1.66052347523305,-1.24539260642479,
-0.41513086880827,-1.16495672776419E-14),.UNSPECIFIED.);
#180=B_SPLINE_CURVE_WITH_KNOTS('',3,(#11830,#11831,#11832,#11833,#11834,
#11835,#11836,#11837,#11838),.UNSPECIFIED.,.F.,.F.,(4,1,1,1,1,1,4),(1.16495672776419E-14,
0.41513086880827,1.24539260642479,1.66052347523305,2.07565434404131,2.49078521284956,
2.90591608165782),.UNSPECIFIED.);
#181=B_SPLINE_CURVE_WITH_KNOTS('',3,(#11851,#11852,#11853,#11854,#11855),
 .UNSPECIFIED.,.F.,.F.,(4,1,4),(-1.54685516846874,-0.662937929343746,0.),
 .UNSPECIFIED.);
#182=B_SPLINE_CURVE_WITH_KNOTS('',3,(#11859,#11860,#11861,#11862,#11863,
#11864,#11865,#11866,#11867),.UNSPECIFIED.,.F.,.F.,(4,1,1,1,1,1,4),(-2.90591607368237,
-2.49078520601346,-2.07565433834455,-1.66052347067564,-1.24539260300673,
-0.41513086766891,0.),.UNSPECIFIED.);
#183=B_SPLINE_CURVE_WITH_KNOTS('',3,(#11871,#11872,#11873,#11874,#11875,
#11876,#11877,#11878,#11879),.UNSPECIFIED.,.F.,.F.,(4,1,1,1,1,1,4),(-2.90591607368235,
-2.07565433834454,-1.66052347067563,-1.24539260300672,-0.830261735337818,
-0.415130867668912,-6.10178574331663E-15),.UNSPECIFIED.);
#184=B_SPLINE_CURVE_WITH_KNOTS('',3,(#11961,#11962,#11963,#11964,#11965,
#11966,#11967,#11968,#11969),.UNSPECIFIED.,.F.,.F.,(4,1,1,1,1,1,4),(6.10178574331663E-15,
0.415130867668912,0.830261735337818,1.24539260300672,1.66052347067563,2.07565433834454,
2.90591607368235),.UNSPECIFIED.);
#185=B_SPLINE_CURVE_WITH_KNOTS('',3,(#12024,#12025,#12026,#12027,#12028,
#12029,#12030,#12031,#12032),.UNSPECIFIED.,.F.,.F.,(4,1,1,1,1,1,4),(-2.90591608165783,
-2.49078521284957,-2.07565434404131,-1.66052347523305,-1.24539260642479,
-0.415130868808266,-4.88498130835472E-15),.UNSPECIFIED.);
#186=B_SPLINE_CURVE_WITH_KNOTS('',3,(#12033,#12034,#12035,#12036,#12037,
#12038,#12039,#12040,#12041),.UNSPECIFIED.,.F.,.F.,(4,1,1,1,1,1,4),(4.88498130835472E-15,
0.415130868808266,1.24539260642479,1.66052347523305,2.07565434404131,2.49078521284957,
2.90591608165783),.UNSPECIFIED.);
#187=B_SPLINE_CURVE_WITH_KNOTS('',3,(#12118,#12119,#12120,#12121,#12122,
#12123,#12124,#12125,#12126),.UNSPECIFIED.,.F.,.F.,(4,1,1,1,1,1,4),(0.,
0.41513086766891,1.24539260300673,1.66052347067564,2.07565433834455,2.49078520601346,
2.90591607368237),.UNSPECIFIED.);
#188=B_SPLINE_CURVE_WITH_KNOTS('',3,(#12181,#12182,#12183,#12184,#12185,
#12186,#12187,#12188,#12189),.UNSPECIFIED.,.F.,.F.,(4,1,1,1,1,1,4),(-2.90591612234402,
-2.49078524772345,-2.07565437310287,-1.6605234984823,-1.24539262386172,
-0.415130874620575,0.),.UNSPECIFIED.);
#189=B_SPLINE_CURVE_WITH_KNOTS('',3,(#12190,#12191,#12192,#12193,#12194,
#12195,#12196,#12197,#12198),.UNSPECIFIED.,.F.,.F.,(4,1,1,1,1,1,4),(0.,
0.415130874620575,1.24539262386172,1.6605234984823,2.07565437310287,2.49078524772345,
2.90591612234402),.UNSPECIFIED.);
#190=B_SPLINE_CURVE_WITH_KNOTS('',3,(#12246,#12247,#12248,#12249,#12250),
 .UNSPECIFIED.,.F.,.F.,(4,1,4),(-1.22629775291082,-0.525556179818926,-3.5527136788005E-15),
 .UNSPECIFIED.);
#191=B_SPLINE_CURVE_WITH_KNOTS('',3,(#12251,#12252,#12253,#12254,#12255),
 .UNSPECIFIED.,.F.,.F.,(4,1,4),(3.5527136788005E-15,0.525556179818926,1.22629775291082),
 .UNSPECIFIED.);
#192=B_SPLINE_CURVE_WITH_KNOTS('',3,(#12294,#12295,#12296,#12297,#12298),
 .UNSPECIFIED.,.F.,.F.,(4,1,4),(0.,0.662937929343746,1.54685516846874),
 .UNSPECIFIED.);
#193=B_SPLINE_CURVE_WITH_KNOTS('',3,(#12338,#12339,#12340,#12341,#12342,
#12343),.UNSPECIFIED.,.F.,.F.,(4,1,1,4),(-1.54694426467778,-1.10496018905556,
-0.662976113433333,1.77635683940025E-15),.UNSPECIFIED.);
#194=B_SPLINE_CURVE_WITH_KNOTS('',3,(#12344,#12345,#12346,#12347,#12348,
#12349),.UNSPECIFIED.,.F.,.F.,(4,1,1,4),(-1.77635683940025E-15,0.662976113433333,
1.10496018905556,1.54694426467778),.UNSPECIFIED.);
#195=B_SPLINE_CURVE_WITH_KNOTS('',3,(#12380,#12381,#12382,#12383,#12384),
 .UNSPECIFIED.,.F.,.F.,(4,1,4),(-1.47976102978232,-0.634183298478138,0.),
 .UNSPECIFIED.);
#196=B_SPLINE_CURVE_WITH_KNOTS('',3,(#12385,#12386,#12387,#12388,#12389),
 .UNSPECIFIED.,.F.,.F.,(4,1,4),(0.,0.634183298478138,1.47976102978232),
 .UNSPECIFIED.);
#197=B_SPLINE_CURVE_WITH_KNOTS('',3,(#12396,#12397,#12398,#12399,#12400,
#12401),.UNSPECIFIED.,.F.,.F.,(4,1,1,4),(-1.30003944237439,-0.742879681356808,
-0.371439840678417,-2.58903185154134E-14),.UNSPECIFIED.);
#198=B_SPLINE_CURVE_WITH_KNOTS('',3,(#12453,#12454,#12455,#12456,#12457,
#12458),.UNSPECIFIED.,.F.,.F.,(4,1,1,4),(-1.59377424752943,-1.13841017680673,
-0.683046106084037,7.3724404522093E-15),.UNSPECIFIED.);
#199=B_SPLINE_CURVE_WITH_KNOTS('',3,(#12459,#12460,#12461,#12462,#12463,
#12464),.UNSPECIFIED.,.F.,.F.,(4,1,1,4),(-7.3724404522093E-15,0.683046106084037,
1.13841017680673,1.59377424752943),.UNSPECIFIED.);
#200=B_SPLINE_CURVE_WITH_KNOTS('',3,(#12509,#12510,#12511,#12512,#12513,
#12514),.UNSPECIFIED.,.F.,.F.,(4,1,1,4),(2.34821243580573E-14,0.415137637056143,
0.830275274112263,1.45298172969644),.UNSPECIFIED.);
#201=B_SPLINE_CURVE_WITH_KNOTS('',3,(#12553,#12554,#12555,#12556,#12557,
#12558),.UNSPECIFIED.,.F.,.F.,(4,1,1,4),(-14.2461279638979,-13.8309860906334,
-13.4158442173688,-12.793131407472),.UNSPECIFIED.);
#202=B_SPLINE_CURVE_WITH_KNOTS('',3,(#12559,#12560,#12561,#12562,#12563,
#12564),.UNSPECIFIED.,.F.,.F.,(4,1,1,4),(12.793131407472,13.4158442173688,
13.8309860906334,14.2461279638979),.UNSPECIFIED.);
#203=B_SPLINE_CURVE_WITH_KNOTS('',3,(#12601,#12602,#12603,#12604,#12605,
#12606),.UNSPECIFIED.,.F.,.F.,(4,1,1,4),(2.58903185154134E-14,0.371439840678417,
0.742879681356808,1.30003944237439),.UNSPECIFIED.);
#204=B_SPLINE_CURVE_WITH_KNOTS('',3,(#12687,#12688,#12689,#12690,#12691,
#12692),.UNSPECIFIED.,.F.,.F.,(4,1,1,4),(0.,0.830261742901798,1.2453926143527,
1.45320679050096),.UNSPECIFIED.);
#205=B_SPLINE_CURVE_WITH_KNOTS('',3,(#12693,#12694,#12695,#12696,#12697,
#12698,#12699),.UNSPECIFIED.,.F.,.F.,(4,1,1,1,4),(1.45320679050096,1.6605234858036,
2.0756543572545,2.49078522870539,2.90591610015629),.UNSPECIFIED.);
#206=B_SPLINE_CURVE_WITH_KNOTS('',3,(#12754,#12755,#12756,#12757,#12758,
#12759,#12760,#12761,#12762),.UNSPECIFIED.,.F.,.F.,(4,1,1,1,1,1,4),(-2.9059161001563,
-2.0756543572545,-1.6605234858036,-1.2453926143527,-0.830261742901805,-0.415130871450906,
-6.53258724509623E-15),.UNSPECIFIED.);
#207=B_SPLINE_CURVE_WITH_KNOTS('',3,(#12763,#12764,#12765,#12766,#12767,
#12768,#12769,#12770,#12771),.UNSPECIFIED.,.F.,.F.,(4,1,1,1,1,1,4),(6.53258724509623E-15,
0.415130871450906,0.830261742901805,1.2453926143527,1.6605234858036,2.0756543572545,
2.9059161001563),.UNSPECIFIED.);
#208=B_SPLINE_CURVE_WITH_KNOTS('',3,(#12847,#12848,#12849,#12850,#12851,
#12852),.UNSPECIFIED.,.F.,.F.,(4,1,1,4),(1.18850686953346E-16,0.830261721433342,
1.24539258215001,1.45319434207314),.UNSPECIFIED.);
#209=B_SPLINE_CURVE_WITH_KNOTS('',3,(#12853,#12854,#12855,#12856,#12857,
#12858,#12859),.UNSPECIFIED.,.F.,.F.,(4,1,1,1,4),(1.45319434207314,1.66052344286668,
2.07565430358336,2.49078516430003,2.9059160250167),.UNSPECIFIED.);
#210=B_SPLINE_CURVE_WITH_KNOTS('',3,(#12914,#12915,#12916,#12917,#12918,
#12919,#12920,#12921,#12922),.UNSPECIFIED.,.F.,.F.,(4,1,1,1,1,1,4),(-2.9059160250167,
-2.49078516430003,-2.07565430358336,-1.66052344286669,-1.24539258215001,
-0.830261721433344,-2.60330208416908E-15),.UNSPECIFIED.);
#211=B_SPLINE_CURVE_WITH_KNOTS('',3,(#12923,#12924,#12925,#12926,#12927,
#12928,#12929,#12930,#12931),.UNSPECIFIED.,.F.,.F.,(4,1,1,1,1,1,4),(2.60330208416908E-15,
0.830261721433344,1.24539258215001,1.66052344286669,2.07565430358336,2.49078516430003,
2.9059160250167),.UNSPECIFIED.);
#212=B_SPLINE_CURVE_WITH_KNOTS('',3,(#13028,#13029,#13030,#13031,#13032,
#13033,#13034,#13035,#13036,#13037,#13038,#13039),.UNSPECIFIED.,.F.,.F.,
(4,2,1,1,1,1,1,1,4),(-0.00141421358849977,0.,0.247725595095079,0.495451190190158,
0.619313987737697,0.743176785285237,0.867039582832777,0.990902380380316,
1.2386279754754),.UNSPECIFIED.);
#213=B_SPLINE_CURVE_WITH_KNOTS('',3,(#13101,#13102,#13103,#13104,#13105,
#13106,#13107,#13108,#13109,#13110),.UNSPECIFIED.,.F.,.F.,(4,1,1,1,1,2,
4),(2.98931511120851,3.23704070630359,3.48476630139867,3.73249189649375,
3.98021749158883,4.22794308668391,4.22935730027241),.UNSPECIFIED.);
#214=B_SPLINE_CURVE_WITH_KNOTS('',3,(#13186,#13187,#13188,#13189,#13190,
#13191,#13192,#13193,#13194,#13195),.UNSPECIFIED.,.F.,.F.,(4,1,1,1,1,2,
4),(2.98931511120851,3.23704070630359,3.48476630139867,3.73249189649375,
3.98021749158883,4.22794308668391,4.22935730027241),.UNSPECIFIED.);
#215=B_SPLINE_CURVE_WITH_KNOTS('',3,(#13270,#13271,#13272,#13273,#13274,
#13275,#13276,#13277,#13278,#13279,#13280,#13281),.UNSPECIFIED.,.F.,.F.,
(4,2,1,1,1,1,1,1,4),(-0.00141421358849977,0.,0.247725595095079,0.495451190190158,
0.619313987737697,0.743176785285237,0.867039582832777,0.990902380380316,
1.2386279754754),.UNSPECIFIED.);
#216=B_SPLINE_SURFACE_WITH_KNOTS('',3,3,((#5367,#5368,#5369,#5370,#5371,
#5372,#5373,#5374,#5375,#5376,#5377,#5378,#5379,#5380),(#5381,#5382,#5383,
#5384,#5385,#5386,#5387,#5388,#5389,#5390,#5391,#5392,#5393,#5394),(#5395,
#5396,#5397,#5398,#5399,#5400,#5401,#5402,#5403,#5404,#5405,#5406,#5407,
#5408),(#5409,#5410,#5411,#5412,#5413,#5414,#5415,#5416,#5417,#5418,#5419,
#5420,#5421,#5422),(#5423,#5424,#5425,#5426,#5427,#5428,#5429,#5430,#5431,
#5432,#5433,#5434,#5435,#5436),(#5437,#5438,#5439,#5440,#5441,#5442,#5443,
#5444,#5445,#5446,#5447,#5448,#5449,#5450)),.UNSPECIFIED.,.F.,.F.,.F.,(4,
1,1,4),(4,1,1,1,1,1,1,1,1,1,1,4),(0.,0.285714285714286,0.571428571428571,
1.),(-1.5707963267949,-1.12199737628207,-0.673198425769241,-0.523598775598299,
-0.373999125427356,-0.224399475256414,0.224399475256414,0.448798950512828,
0.673198425769241,0.897597901025655,1.12199737628207,1.5707963267949),
 .UNSPECIFIED.);
#217=B_SPLINE_SURFACE_WITH_KNOTS('',3,3,((#5480,#5481,#5482,#5483,#5484,
#5485,#5486,#5487,#5488,#5489,#5490,#5491,#5492,#5493),(#5494,#5495,#5496,
#5497,#5498,#5499,#5500,#5501,#5502,#5503,#5504,#5505,#5506,#5507),(#5508,
#5509,#5510,#5511,#5512,#5513,#5514,#5515,#5516,#5517,#5518,#5519,#5520,
#5521),(#5522,#5523,#5524,#5525,#5526,#5527,#5528,#5529,#5530,#5531,#5532,
#5533,#5534,#5535),(#5536,#5537,#5538,#5539,#5540,#5541,#5542,#5543,#5544,
#5545,#5546,#5547,#5548,#5549),(#5550,#5551,#5552,#5553,#5554,#5555,#5556,
#5557,#5558,#5559,#5560,#5561,#5562,#5563)),.UNSPECIFIED.,.F.,.F.,.F.,(4,
1,1,4),(4,1,1,1,1,1,1,1,1,1,1,4),(0.,0.285714285714286,0.571428571428571,
1.),(-1.5707963267949,-1.12199737628207,-0.673198425769241,-0.523598775598299,
-0.373999125427356,-0.224399475256414,0.224399475256414,0.448798950512828,
0.673198425769241,0.897597901025655,1.12199737628207,1.5707963267949),
 .UNSPECIFIED.);
#218=B_SPLINE_SURFACE_WITH_KNOTS('',3,3,((#5567,#5568,#5569,#5570,#5571,
#5572,#5573,#5574,#5575,#5576,#5577,#5578,#5579,#5580),(#5581,#5582,#5583,
#5584,#5585,#5586,#5587,#5588,#5589,#5590,#5591,#5592,#5593,#5594),(#5595,
#5596,#5597,#5598,#5599,#5600,#5601,#5602,#5603,#5604,#5605,#5606,#5607,
#5608),(#5609,#5610,#5611,#5612,#5613,#5614,#5615,#5616,#5617,#5618,#5619,
#5620,#5621,#5622),(#5623,#5624,#5625,#5626,#5627,#5628,#5629,#5630,#5631,
#5632,#5633,#5634,#5635,#5636),(#5637,#5638,#5639,#5640,#5641,#5642,#5643,
#5644,#5645,#5646,#5647,#5648,#5649,#5650)),.UNSPECIFIED.,.F.,.F.,.F.,(4,
1,1,4),(4,1,1,1,1,1,1,1,1,1,1,4),(0.,0.285714285714286,0.571428571428571,
1.),(-1.5707963267949,-1.12199737628207,-0.673198425769241,-0.523598775598299,
-0.373999125427356,-0.224399475256414,0.224399475256414,0.448798950512828,
0.673198425769241,0.897597901025655,1.12199737628207,1.5707963267949),
 .UNSPECIFIED.);
#219=B_SPLINE_SURFACE_WITH_KNOTS('',3,3,((#5652,#5653,#5654,#5655,#5656,
#5657,#5658,#5659,#5660,#5661,#5662,#5663,#5664),(#5665,#5666,#5667,#5668,
#5669,#5670,#5671,#5672,#5673,#5674,#5675,#5676,#5677),(#5678,#5679,#5680,
#5681,#5682,#5683,#5684,#5685,#5686,#5687,#5688,#5689,#5690),(#5691,#5692,
#5693,#5694,#5695,#5696,#5697,#5698,#5699,#5700,#5701,#5702,#5703),(#5704,
#5705,#5706,#5707,#5708,#5709,#5710,#5711,#5712,#5713,#5714,#5715,#5716),
(#5717,#5718,#5719,#5720,#5721,#5722,#5723,#5724,#5725,#5726,#5727,#5728,
#5729)),.UNSPECIFIED.,.F.,.F.,.F.,(4,1,1,4),(4,1,1,1,1,1,1,1,1,1,4),(0.,
0.285714285714286,0.571428571428571,1.),(-1.5707963267949,-1.12199737628207,
-0.673198425769241,-0.523598775598299,-0.224399475256414,0.0747998250854713,
0.224399475256414,0.448798950512828,0.673198425769241,1.12199737628207,
1.5707963267949),.UNSPECIFIED.);
#220=B_SPLINE_SURFACE_WITH_KNOTS('',3,3,((#5733,#5734,#5735,#5736,#5737,
#5738,#5739,#5740,#5741,#5742,#5743,#5744,#5745),(#5746,#5747,#5748,#5749,
#5750,#5751,#5752,#5753,#5754,#5755,#5756,#5757,#5758),(#5759,#5760,#5761,
#5762,#5763,#5764,#5765,#5766,#5767,#5768,#5769,#5770,#5771),(#5772,#5773,
#5774,#5775,#5776,#5777,#5778,#5779,#5780,#5781,#5782,#5783,#5784),(#5785,
#5786,#5787,#5788,#5789,#5790,#5791,#5792,#5793,#5794,#5795,#5796,#5797),
(#5798,#5799,#5800,#5801,#5802,#5803,#5804,#5805,#5806,#5807,#5808,#5809,
#5810)),.UNSPECIFIED.,.F.,.F.,.F.,(4,1,1,4),(4,1,1,1,1,1,1,1,1,1,4),(0.,
0.285714285714286,0.571428571428571,1.),(-1.5707963267949,-1.12199737628207,
-0.673198425769241,-0.523598775598299,-0.224399475256414,0.0747998250854713,
0.224399475256414,0.448798950512828,0.673198425769241,1.12199737628207,
1.5707963267949),.UNSPECIFIED.);
#221=B_SPLINE_SURFACE_WITH_KNOTS('',3,3,((#5812,#5813,#5814,#5815,#5816,
#5817,#5818,#5819,#5820,#5821,#5822,#5823,#5824),(#5825,#5826,#5827,#5828,
#5829,#5830,#5831,#5832,#5833,#5834,#5835,#5836,#5837),(#5838,#5839,#5840,
#5841,#5842,#5843,#5844,#5845,#5846,#5847,#5848,#5849,#5850),(#5851,#5852,
#5853,#5854,#5855,#5856,#5857,#5858,#5859,#5860,#5861,#5862,#5863),(#5864,
#5865,#5866,#5867,#5868,#5869,#5870,#5871,#5872,#5873,#5874,#5875,#5876),
(#5877,#5878,#5879,#5880,#5881,#5882,#5883,#5884,#5885,#5886,#5887,#5888,
#5889)),.UNSPECIFIED.,.F.,.F.,.F.,(4,1,1,4),(4,1,1,1,1,1,1,1,1,1,4),(0.,
0.285714285714286,0.571428571428571,1.),(-1.5707963267949,-1.12199737628207,
-0.673198425769241,-0.523598775598299,-0.224399475256414,0.0747998250854713,
0.224399475256414,0.448798950512828,0.673198425769241,1.12199737628207,
1.5707963267949),.UNSPECIFIED.);
#222=B_SPLINE_SURFACE_WITH_KNOTS('',3,3,((#5893,#5894,#5895,#5896,#5897,
#5898,#5899,#5900,#5901,#5902,#5903,#5904,#5905),(#5906,#5907,#5908,#5909,
#5910,#5911,#5912,#5913,#5914,#5915,#5916,#5917,#5918),(#5919,#5920,#5921,
#5922,#5923,#5924,#5925,#5926,#5927,#5928,#5929,#5930,#5931),(#5932,#5933,
#5934,#5935,#5936,#5937,#5938,#5939,#5940,#5941,#5942,#5943,#5944),(#5945,
#5946,#5947,#5948,#5949,#5950,#5951,#5952,#5953,#5954,#5955,#5956,#5957),
(#5958,#5959,#5960,#5961,#5962,#5963,#5964,#5965,#5966,#5967,#5968,#5969,
#5970)),.UNSPECIFIED.,.F.,.F.,.F.,(4,1,1,4),(4,1,1,1,1,1,1,1,1,1,4),(0.,
0.285714285714286,0.571428571428571,1.),(-1.5707963267949,-1.12199737628207,
-0.673198425769241,-0.523598775598299,-0.224399475256414,0.0747998250854713,
0.224399475256414,0.448798950512828,0.673198425769241,1.12199737628207,
1.5707963267949),.UNSPECIFIED.);
#223=B_SPLINE_SURFACE_WITH_KNOTS('',3,3,((#5972,#5973,#5974,#5975),(#5976,
#5977,#5978,#5979),(#5980,#5981,#5982,#5983),(#5984,#5985,#5986,#5987)),
 .UNSPECIFIED.,.F.,.F.,.F.,(4,4),(4,4),(0.,1.),(-1.5707963267949,-1.52382906099577),
 .UNSPECIFIED.);
#224=B_SPLINE_SURFACE_WITH_KNOTS('',3,3,((#5991,#5992,#5993,#5994,#5995,
#5996,#5997,#5998,#5999,#6000,#6001,#6002,#6003,#6004,#6005,#6006),(#6007,
#6008,#6009,#6010,#6011,#6012,#6013,#6014,#6015,#6016,#6017,#6018,#6019,
#6020,#6021,#6022),(#6023,#6024,#6025,#6026,#6027,#6028,#6029,#6030,#6031,
#6032,#6033,#6034,#6035,#6036,#6037,#6038),(#6039,#6040,#6041,#6042,#6043,
#6044,#6045,#6046,#6047,#6048,#6049,#6050,#6051,#6052,#6053,#6054),(#6055,
#6056,#6057,#6058,#6059,#6060,#6061,#6062,#6063,#6064,#6065,#6066,#6067,
#6068,#6069,#6070),(#6071,#6072,#6073,#6074,#6075,#6076,#6077,#6078,#6079,
#6080,#6081,#6082,#6083,#6084,#6085,#6086)),.UNSPECIFIED.,.F.,.F.,.F.,(4,
1,1,4),(4,1,1,1,1,1,1,1,1,1,1,1,1,4),(0.,0.285714285714286,0.571428571428571,
1.),(7.42604390865966E-15,0.263682669974409,0.527365339948811,1.05473067989761,
2.10946135979522,3.16419203969283,3.51576893299203,4.21892271959043,4.74628805953923,
5.27365339948804,6.32838407938564,6.85574941933445,7.11943208930885,7.38311475928325),
 .UNSPECIFIED.);
#225=B_SPLINE_SURFACE_WITH_KNOTS('',3,3,((#6126,#6127,#6128,#6129),(#6130,
#6131,#6132,#6133),(#6134,#6135,#6136,#6137),(#6138,#6139,#6140,#6141)),
 .UNSPECIFIED.,.F.,.F.,.F.,(4,4),(4,4),(0.,1.),(1.52382906099551,1.5707963267949),
 .UNSPECIFIED.);
#226=B_SPLINE_SURFACE_WITH_KNOTS('',3,3,((#6143,#6144,#6145,#6146,#6147,
#6148,#6149,#6150,#6151,#6152,#6153,#6154,#6155),(#6156,#6157,#6158,#6159,
#6160,#6161,#6162,#6163,#6164,#6165,#6166,#6167,#6168),(#6169,#6170,#6171,
#6172,#6173,#6174,#6175,#6176,#6177,#6178,#6179,#6180,#6181),(#6182,#6183,
#6184,#6185,#6186,#6187,#6188,#6189,#6190,#6191,#6192,#6193,#6194),(#6195,
#6196,#6197,#6198,#6199,#6200,#6201,#6202,#6203,#6204,#6205,#6206,#6207),
(#6208,#6209,#6210,#6211,#6212,#6213,#6214,#6215,#6216,#6217,#6218,#6219,
#6220)),.UNSPECIFIED.,.F.,.F.,.F.,(4,1,1,4),(4,1,1,1,1,1,1,1,1,1,4),(0.,
0.285714285714286,0.571428571428571,1.),(-1.5707963267949,-1.12199737628207,
-0.673198425769241,-0.523598775598299,-0.224399475256414,0.0747998250854713,
0.224399475256414,0.448798950512828,0.673198425769241,1.12199737628207,
1.5707963267949),.UNSPECIFIED.);
#227=B_SPLINE_SURFACE_WITH_KNOTS('',3,3,((#6257,#6258,#6259,#6260,#6261,
#6262,#6263,#6264,#6265,#6266,#6267,#6268,#6269),(#6270,#6271,#6272,#6273,
#6274,#6275,#6276,#6277,#6278,#6279,#6280,#6281,#6282),(#6283,#6284,#6285,
#6286,#6287,#6288,#6289,#6290,#6291,#6292,#6293,#6294,#6295),(#6296,#6297,
#6298,#6299,#6300,#6301,#6302,#6303,#6304,#6305,#6306,#6307,#6308),(#6309,
#6310,#6311,#6312,#6313,#6314,#6315,#6316,#6317,#6318,#6319,#6320,#6321),
(#6322,#6323,#6324,#6325,#6326,#6327,#6328,#6329,#6330,#6331,#6332,#6333,
#6334)),.UNSPECIFIED.,.F.,.F.,.F.,(4,1,1,4),(4,1,1,1,1,1,1,1,1,1,4),(0.,
0.285714285714286,0.571428571428571,1.),(-1.5707963267949,-1.12199737628207,
-0.673198425769241,-0.523598775598299,-0.224399475256414,0.0747998250854713,
0.224399475256414,0.448798950512828,0.673198425769241,1.12199737628207,
1.5707963267949),.UNSPECIFIED.);
#228=B_SPLINE_SURFACE_WITH_KNOTS('',3,3,((#6337,#6338,#6339,#6340,#6341,
#6342,#6343,#6344,#6345,#6346,#6347,#6348,#6349,#6350,#6351,#6352,#6353,
#6354,#6355,#6356,#6357,#6358,#6359,#6360,#6361,#6362,#6363,#6364,#6365,
#6366),(#6367,#6368,#6369,#6370,#6371,#6372,#6373,#6374,#6375,#6376,#6377,
#6378,#6379,#6380,#6381,#6382,#6383,#6384,#6385,#6386,#6387,#6388,#6389,
#6390,#6391,#6392,#6393,#6394,#6395,#6396),(#6397,#6398,#6399,#6400,#6401,
#6402,#6403,#6404,#6405,#6406,#6407,#6408,#6409,#6410,#6411,#6412,#6413,
#6414,#6415,#6416,#6417,#6418,#6419,#6420,#6421,#6422,#6423,#6424,#6425,
#6426),(#6427,#6428,#6429,#6430,#6431,#6432,#6433,#6434,#6435,#6436,#6437,
#6438,#6439,#6440,#6441,#6442,#6443,#6444,#6445,#6446,#6447,#6448,#6449,
#6450,#6451,#6452,#6453,#6454,#6455,#6456),(#6457,#6458,#6459,#6460,#6461,
#6462,#6463,#6464,#6465,#6466,#6467,#6468,#6469,#6470,#6471,#6472,#6473,
#6474,#6475,#6476,#6477,#6478,#6479,#6480,#6481,#6482,#6483,#6484,#6485,
#6486),(#6487,#6488,#6489,#6490,#6491,#6492,#6493,#6494,#6495,#6496,#6497,
#6498,#6499,#6500,#6501,#6502,#6503,#6504,#6505,#6506,#6507,#6508,#6509,
#6510,#6511,#6512,#6513,#6514,#6515,#6516)),.UNSPECIFIED.,.F.,.F.,.F.,(4,
1,1,4),(4,2,1,1,1,1,1,1,1,1,1,1,1,1,1,1,1,1,1,1,1,1,1,1,2,4),(0.,0.285714285714286,
0.571428571428571,1.),(-0.002585839642122,0.,0.380635891417258,0.761271782834516,
1.14190767425177,1.52254356566903,1.90317945708629,2.28381534850355,2.66445123992081,
3.04508713133806,3.23540507704669,3.42572302275532,3.61604096846395,3.80635891417258,
4.18699480558984,4.37731275129847,4.5676306970071,4.94826658842435,5.32890247984161,
5.70953837125887,6.09017426267613,6.47081015409339,6.85144604551064,7.2320819369279,
7.61271782834516,7.61564078728692),.UNSPECIFIED.);
#229=B_SPLINE_SURFACE_WITH_KNOTS('',3,3,((#6547,#6548,#6549,#6550,#6551,
#6552,#6553,#6554,#6555,#6556,#6557,#6558,#6559),(#6560,#6561,#6562,#6563,
#6564,#6565,#6566,#6567,#6568,#6569,#6570,#6571,#6572),(#6573,#6574,#6575,
#6576,#6577,#6578,#6579,#6580,#6581,#6582,#6583,#6584,#6585),(#6586,#6587,
#6588,#6589,#6590,#6591,#6592,#6593,#6594,#6595,#6596,#6597,#6598),(#6599,
#6600,#6601,#6602,#6603,#6604,#6605,#6606,#6607,#6608,#6609,#6610,#6611),
(#6612,#6613,#6614,#6615,#6616,#6617,#6618,#6619,#6620,#6621,#6622,#6623,
#6624)),.UNSPECIFIED.,.F.,.F.,.F.,(4,1,1,4),(4,1,1,1,1,1,1,1,1,1,4),(0.,
0.285714285714286,0.571428571428571,1.),(-1.5707963267949,-1.12199737628207,
-0.673198425769241,-0.523598775598299,-0.224399475256414,0.224399475256414,
0.448798950512828,0.673198425769241,0.897597901025655,1.12199737628207,
1.5707963267949),.UNSPECIFIED.);
#230=B_SPLINE_SURFACE_WITH_KNOTS('',3,3,((#6629,#6630,#6631,#6632,#6633,
#6634,#6635,#6636,#6637,#6638,#6639,#6640,#6641),(#6642,#6643,#6644,#6645,
#6646,#6647,#6648,#6649,#6650,#6651,#6652,#6653,#6654),(#6655,#6656,#6657,
#6658,#6659,#6660,#6661,#6662,#6663,#6664,#6665,#6666,#6667),(#6668,#6669,
#6670,#6671,#6672,#6673,#6674,#6675,#6676,#6677,#6678,#6679,#6680),(#6681,
#6682,#6683,#6684,#6685,#6686,#6687,#6688,#6689,#6690,#6691,#6692,#6693),
(#6694,#6695,#6696,#6697,#6698,#6699,#6700,#6701,#6702,#6703,#6704,#6705,
#6706)),.UNSPECIFIED.,.F.,.F.,.F.,(4,1,1,4),(4,1,1,1,1,1,1,1,1,1,4),(0.,
0.285714285714286,0.571428571428571,1.),(-1.5707963267949,-1.12199737628207,
-0.673198425769241,-0.523598775598299,-0.224399475256414,0.224399475256414,
0.448798950512828,0.673198425769241,0.897597901025655,1.12199737628207,
1.5707963267949),.UNSPECIFIED.);
#231=B_SPLINE_SURFACE_WITH_KNOTS('',3,3,((#6709,#6710,#6711,#6712,#6713,
#6714,#6715,#6716,#6717,#6718,#6719,#6720,#6721),(#6722,#6723,#6724,#6725,
#6726,#6727,#6728,#6729,#6730,#6731,#6732,#6733,#6734),(#6735,#6736,#6737,
#6738,#6739,#6740,#6741,#6742,#6743,#6744,#6745,#6746,#6747),(#6748,#6749,
#6750,#6751,#6752,#6753,#6754,#6755,#6756,#6757,#6758,#6759,#6760),(#6761,
#6762,#6763,#6764,#6765,#6766,#6767,#6768,#6769,#6770,#6771,#6772,#6773),
(#6774,#6775,#6776,#6777,#6778,#6779,#6780,#6781,#6782,#6783,#6784,#6785,
#6786)),.UNSPECIFIED.,.F.,.F.,.F.,(4,1,1,4),(4,1,1,1,1,1,1,1,1,1,4),(0.,
0.285714285714286,0.571428571428571,1.),(-1.5707963267949,-1.12199737628207,
-0.673198425769241,-0.523598775598299,-0.224399475256414,0.224399475256414,
0.448798950512828,0.673198425769241,0.897597901025655,1.12199737628207,
1.5707963267949),.UNSPECIFIED.);
#232=B_SPLINE_SURFACE_WITH_KNOTS('',3,3,((#6791,#6792,#6793,#6794,#6795,
#6796,#6797,#6798,#6799,#6800,#6801,#6802,#6803),(#6804,#6805,#6806,#6807,
#6808,#6809,#6810,#6811,#6812,#6813,#6814,#6815,#6816),(#6817,#6818,#6819,
#6820,#6821,#6822,#6823,#6824,#6825,#6826,#6827,#6828,#6829),(#6830,#6831,
#6832,#6833,#6834,#6835,#6836,#6837,#6838,#6839,#6840,#6841,#6842),(#6843,
#6844,#6845,#6846,#6847,#6848,#6849,#6850,#6851,#6852,#6853,#6854,#6855),
(#6856,#6857,#6858,#6859,#6860,#6861,#6862,#6863,#6864,#6865,#6866,#6867,
#6868)),.UNSPECIFIED.,.F.,.F.,.F.,(4,1,1,4),(4,1,1,1,1,1,1,1,1,1,4),(0.,
0.285714285714286,0.571428571428571,1.),(-1.5707963267949,-1.12199737628207,
-0.673198425769241,-0.523598775598299,-0.224399475256414,0.224399475256414,
0.448798950512828,0.673198425769241,0.897597901025655,1.12199737628207,
1.5707963267949),.UNSPECIFIED.);
#233=B_SPLINE_SURFACE_WITH_KNOTS('',3,3,((#6871,#6872,#6873,#6874,#6875,
#6876,#6877,#6878,#6879,#6880,#6881,#6882,#6883),(#6884,#6885,#6886,#6887,
#6888,#6889,#6890,#6891,#6892,#6893,#6894,#6895,#6896),(#6897,#6898,#6899,
#6900,#6901,#6902,#6903,#6904,#6905,#6906,#6907,#6908,#6909),(#6910,#6911,
#6912,#6913,#6914,#6915,#6916,#6917,#6918,#6919,#6920,#6921,#6922),(#6923,
#6924,#6925,#6926,#6927,#6928,#6929,#6930,#6931,#6932,#6933,#6934,#6935),
(#6936,#6937,#6938,#6939,#6940,#6941,#6942,#6943,#6944,#6945,#6946,#6947,
#6948)),.UNSPECIFIED.,.F.,.F.,.F.,(4,1,1,4),(4,1,1,1,1,1,1,1,1,1,4),(0.,
0.285714285714286,0.571428571428571,1.),(-1.5707963267949,-1.12199737628207,
-0.673198425769241,-0.523598775598299,-0.224399475256414,0.224399475256414,
0.448798950512828,0.673198425769241,0.897597901025655,1.12199737628207,
1.5707963267949),.UNSPECIFIED.);
#234=B_SPLINE_SURFACE_WITH_KNOTS('',3,3,((#6953,#6954,#6955,#6956,#6957,
#6958,#6959,#6960,#6961,#6962,#6963,#6964,#6965),(#6966,#6967,#6968,#6969,
#6970,#6971,#6972,#6973,#6974,#6975,#6976,#6977,#6978),(#6979,#6980,#6981,
#6982,#6983,#6984,#6985,#6986,#6987,#6988,#6989,#6990,#6991),(#6992,#6993,
#6994,#6995,#6996,#6997,#6998,#6999,#7000,#7001,#7002,#7003,#7004),(#7005,
#7006,#7007,#7008,#7009,#7010,#7011,#7012,#7013,#7014,#7015,#7016,#7017),
(#7018,#7019,#7020,#7021,#7022,#7023,#7024,#7025,#7026,#7027,#7028,#7029,
#7030)),.UNSPECIFIED.,.F.,.F.,.F.,(4,1,1,4),(4,1,1,1,1,1,1,1,1,1,4),(0.,
0.285714285714286,0.571428571428571,1.),(-1.5707963267949,-1.12199737628207,
-0.673198425769241,-0.523598775598299,-0.224399475256414,0.224399475256414,
0.448798950512828,0.673198425769241,0.897597901025655,1.12199737628207,
1.5707963267949),.UNSPECIFIED.);
#235=B_SPLINE_SURFACE_WITH_KNOTS('',3,3,((#7033,#7034,#7035,#7036,#7037,
#7038,#7039,#7040,#7041,#7042,#7043,#7044,#7045),(#7046,#7047,#7048,#7049,
#7050,#7051,#7052,#7053,#7054,#7055,#7056,#7057,#7058),(#7059,#7060,#7061,
#7062,#7063,#7064,#7065,#7066,#7067,#7068,#7069,#7070,#7071),(#7072,#7073,
#7074,#7075,#7076,#7077,#7078,#7079,#7080,#7081,#7082,#7083,#7084),(#7085,
#7086,#7087,#7088,#7089,#7090,#7091,#7092,#7093,#7094,#7095,#7096,#7097),
(#7098,#7099,#7100,#7101,#7102,#7103,#7104,#7105,#7106,#7107,#7108,#7109,
#7110)),.UNSPECIFIED.,.F.,.F.,.F.,(4,1,1,4),(4,1,1,1,1,1,1,1,1,1,4),(0.,
0.285714285714286,0.571428571428571,1.),(-1.5707963267949,-1.12199737628207,
-0.673198425769241,-0.523598775598299,-0.224399475256414,0.224399475256414,
0.448798950512828,0.673198425769241,0.897597901025655,1.12199737628207,
1.5707963267949),.UNSPECIFIED.);
#236=B_SPLINE_SURFACE_WITH_KNOTS('',3,3,((#7115,#7116,#7117,#7118,#7119,
#7120,#7121,#7122,#7123,#7124,#7125,#7126,#7127),(#7128,#7129,#7130,#7131,
#7132,#7133,#7134,#7135,#7136,#7137,#7138,#7139,#7140),(#7141,#7142,#7143,
#7144,#7145,#7146,#7147,#7148,#7149,#7150,#7151,#7152,#7153),(#7154,#7155,
#7156,#7157,#7158,#7159,#7160,#7161,#7162,#7163,#7164,#7165,#7166),(#7167,
#7168,#7169,#7170,#7171,#7172,#7173,#7174,#7175,#7176,#7177,#7178,#7179),
(#7180,#7181,#7182,#7183,#7184,#7185,#7186,#7187,#7188,#7189,#7190,#7191,
#7192)),.UNSPECIFIED.,.F.,.F.,.F.,(4,1,1,4),(4,1,1,1,1,1,1,1,1,1,4),(0.,
0.285714285714286,0.571428571428571,1.),(-1.5707963267949,-1.12199737628207,
-0.673198425769241,-0.523598775598299,-0.224399475256414,0.224399475256414,
0.448798950512828,0.673198425769241,0.897597901025655,1.12199737628207,
1.5707963267949),.UNSPECIFIED.);
#237=B_SPLINE_SURFACE_WITH_KNOTS('',3,3,((#7195,#7196,#7197,#7198,#7199,
#7200,#7201,#7202,#7203,#7204,#7205,#7206,#7207),(#7208,#7209,#7210,#7211,
#7212,#7213,#7214,#7215,#7216,#7217,#7218,#7219,#7220),(#7221,#7222,#7223,
#7224,#7225,#7226,#7227,#7228,#7229,#7230,#7231,#7232,#7233),(#7234,#7235,
#7236,#7237,#7238,#7239,#7240,#7241,#7242,#7243,#7244,#7245,#7246),(#7247,
#7248,#7249,#7250,#7251,#7252,#7253,#7254,#7255,#7256,#7257,#7258,#7259),
(#7260,#7261,#7262,#7263,#7264,#7265,#7266,#7267,#7268,#7269,#7270,#7271,
#7272)),.UNSPECIFIED.,.F.,.F.,.F.,(4,1,1,4),(4,1,1,1,1,1,1,1,1,1,4),(0.,
0.285714285714286,0.571428571428571,1.),(-1.5707963267949,-1.12199737628207,
-0.673198425769241,-0.523598775598299,-0.224399475256414,0.224399475256414,
0.448798950512828,0.673198425769241,0.897597901025655,1.12199737628207,
1.5707963267949),.UNSPECIFIED.);
#238=B_SPLINE_SURFACE_WITH_KNOTS('',3,3,((#7277,#7278,#7279,#7280,#7281,
#7282,#7283,#7284,#7285,#7286,#7287,#7288,#7289),(#7290,#7291,#7292,#7293,
#7294,#7295,#7296,#7297,#7298,#7299,#7300,#7301,#7302),(#7303,#7304,#7305,
#7306,#7307,#7308,#7309,#7310,#7311,#7312,#7313,#7314,#7315),(#7316,#7317,
#7318,#7319,#7320,#7321,#7322,#7323,#7324,#7325,#7326,#7327,#7328),(#7329,
#7330,#7331,#7332,#7333,#7334,#7335,#7336,#7337,#7338,#7339,#7340,#7341),
(#7342,#7343,#7344,#7345,#7346,#7347,#7348,#7349,#7350,#7351,#7352,#7353,
#7354)),.UNSPECIFIED.,.F.,.F.,.F.,(4,1,1,4),(4,1,1,1,1,1,1,1,1,1,4),(0.,
0.285714285714286,0.571428571428571,1.),(-1.5707963267949,-1.12199737628207,
-0.673198425769241,-0.523598775598299,-0.224399475256414,0.224399475256414,
0.448798950512828,0.673198425769241,0.897597901025655,1.12199737628207,
1.5707963267949),.UNSPECIFIED.);
#239=B_SPLINE_SURFACE_WITH_KNOTS('',3,3,((#7357,#7358,#7359,#7360,#7361,
#7362,#7363,#7364,#7365,#7366,#7367,#7368,#7369),(#7370,#7371,#7372,#7373,
#7374,#7375,#7376,#7377,#7378,#7379,#7380,#7381,#7382),(#7383,#7384,#7385,
#7386,#7387,#7388,#7389,#7390,#7391,#7392,#7393,#7394,#7395),(#7396,#7397,
#7398,#7399,#7400,#7401,#7402,#7403,#7404,#7405,#7406,#7407,#7408),(#7409,
#7410,#7411,#7412,#7413,#7414,#7415,#7416,#7417,#7418,#7419,#7420,#7421),
(#7422,#7423,#7424,#7425,#7426,#7427,#7428,#7429,#7430,#7431,#7432,#7433,
#7434)),.UNSPECIFIED.,.F.,.F.,.F.,(4,1,1,4),(4,1,1,1,1,1,1,1,1,1,4),(0.,
0.285714285714286,0.571428571428571,1.),(-1.5707963267949,-1.12199737628207,
-0.673198425769241,-0.523598775598299,-0.224399475256414,0.224399475256414,
0.448798950512828,0.673198425769241,0.897597901025655,1.12199737628207,
1.5707963267949),.UNSPECIFIED.);
#240=B_SPLINE_SURFACE_WITH_KNOTS('',3,3,((#7439,#7440,#7441,#7442,#7443,
#7444,#7445,#7446,#7447,#7448,#7449,#7450,#7451),(#7452,#7453,#7454,#7455,
#7456,#7457,#7458,#7459,#7460,#7461,#7462,#7463,#7464),(#7465,#7466,#7467,
#7468,#7469,#7470,#7471,#7472,#7473,#7474,#7475,#7476,#7477),(#7478,#7479,
#7480,#7481,#7482,#7483,#7484,#7485,#7486,#7487,#7488,#7489,#7490),(#7491,
#7492,#7493,#7494,#7495,#7496,#7497,#7498,#7499,#7500,#7501,#7502,#7503),
(#7504,#7505,#7506,#7507,#7508,#7509,#7510,#7511,#7512,#7513,#7514,#7515,
#7516)),.UNSPECIFIED.,.F.,.F.,.F.,(4,1,1,4),(4,1,1,1,1,1,1,1,1,1,4),(0.,
0.285714285714286,0.571428571428571,1.),(-1.5707963267949,-1.12199737628207,
-0.673198425769241,-0.523598775598299,-0.224399475256414,0.224399475256414,
0.448798950512828,0.673198425769241,0.897597901025655,1.12199737628207,
1.5707963267949),.UNSPECIFIED.);
#241=B_SPLINE_SURFACE_WITH_KNOTS('',3,3,((#7519,#7520,#7521,#7522,#7523,
#7524,#7525,#7526,#7527,#7528,#7529,#7530,#7531),(#7532,#7533,#7534,#7535,
#7536,#7537,#7538,#7539,#7540,#7541,#7542,#7543,#7544),(#7545,#7546,#7547,
#7548,#7549,#7550,#7551,#7552,#7553,#7554,#7555,#7556,#7557),(#7558,#7559,
#7560,#7561,#7562,#7563,#7564,#7565,#7566,#7567,#7568,#7569,#7570),(#7571,
#7572,#7573,#7574,#7575,#7576,#7577,#7578,#7579,#7580,#7581,#7582,#7583),
(#7584,#7585,#7586,#7587,#7588,#7589,#7590,#7591,#7592,#7593,#7594,#7595,
#7596)),.UNSPECIFIED.,.F.,.F.,.F.,(4,1,1,4),(4,1,1,1,1,1,1,1,1,1,4),(0.,
0.285714285714286,0.571428571428571,1.),(-1.5707963267949,-1.12199737628207,
-0.673198425769241,-0.523598775598299,-0.224399475256414,0.224399475256414,
0.448798950512828,0.673198425769241,0.897597901025655,1.12199737628207,
1.5707963267949),.UNSPECIFIED.);
#242=B_SPLINE_SURFACE_WITH_KNOTS('',3,3,((#7601,#7602,#7603,#7604,#7605,
#7606,#7607,#7608,#7609,#7610,#7611,#7612,#7613),(#7614,#7615,#7616,#7617,
#7618,#7619,#7620,#7621,#7622,#7623,#7624,#7625,#7626),(#7627,#7628,#7629,
#7630,#7631,#7632,#7633,#7634,#7635,#7636,#7637,#7638,#7639),(#7640,#7641,
#7642,#7643,#7644,#7645,#7646,#7647,#7648,#7649,#7650,#7651,#7652),(#7653,
#7654,#7655,#7656,#7657,#7658,#7659,#7660,#7661,#7662,#7663,#7664,#7665),
(#7666,#7667,#7668,#7669,#7670,#7671,#7672,#7673,#7674,#7675,#7676,#7677,
#7678)),.UNSPECIFIED.,.F.,.F.,.F.,(4,1,1,4),(4,1,1,1,1,1,1,1,1,1,4),(0.,
0.285714285714286,0.571428571428571,1.),(-1.5707963267949,-1.12199737628207,
-0.673198425769241,-0.523598775598299,-0.224399475256414,0.224399475256414,
0.448798950512828,0.673198425769241,0.897597901025655,1.12199737628207,
1.5707963267949),.UNSPECIFIED.);
#243=B_SPLINE_SURFACE_WITH_KNOTS('',3,3,((#7681,#7682,#7683,#7684,#7685,
#7686,#7687,#7688,#7689,#7690,#7691,#7692,#7693),(#7694,#7695,#7696,#7697,
#7698,#7699,#7700,#7701,#7702,#7703,#7704,#7705,#7706),(#7707,#7708,#7709,
#7710,#7711,#7712,#7713,#7714,#7715,#7716,#7717,#7718,#7719),(#7720,#7721,
#7722,#7723,#7724,#7725,#7726,#7727,#7728,#7729,#7730,#7731,#7732),(#7733,
#7734,#7735,#7736,#7737,#7738,#7739,#7740,#7741,#7742,#7743,#7744,#7745),
(#7746,#7747,#7748,#7749,#7750,#7751,#7752,#7753,#7754,#7755,#7756,#7757,
#7758)),.UNSPECIFIED.,.F.,.F.,.F.,(4,1,1,4),(4,1,1,1,1,1,1,1,1,1,4),(0.,
0.285714285714286,0.571428571428571,1.),(-1.5707963267949,-1.12199737628207,
-0.673198425769241,-0.523598775598299,-0.224399475256414,0.224399475256414,
0.448798950512828,0.673198425769241,0.897597901025655,1.12199737628207,
1.5707963267949),.UNSPECIFIED.);
#244=B_SPLINE_SURFACE_WITH_KNOTS('',3,3,((#7763,#7764,#7765,#7766,#7767,
#7768,#7769,#7770,#7771,#7772,#7773,#7774,#7775),(#7776,#7777,#7778,#7779,
#7780,#7781,#7782,#7783,#7784,#7785,#7786,#7787,#7788),(#7789,#7790,#7791,
#7792,#7793,#7794,#7795,#7796,#7797,#7798,#7799,#7800,#7801),(#7802,#7803,
#7804,#7805,#7806,#7807,#7808,#7809,#7810,#7811,#7812,#7813,#7814),(#7815,
#7816,#7817,#7818,#7819,#7820,#7821,#7822,#7823,#7824,#7825,#7826,#7827),
(#7828,#7829,#7830,#7831,#7832,#7833,#7834,#7835,#7836,#7837,#7838,#7839,
#7840)),.UNSPECIFIED.,.F.,.F.,.F.,(4,1,1,4),(4,1,1,1,1,1,1,1,1,1,4),(0.,
0.285714285714286,0.571428571428571,1.),(-1.5707963267949,-1.12199737628207,
-0.673198425769241,-0.523598775598299,-0.224399475256414,0.224399475256414,
0.448798950512828,0.673198425769241,0.897597901025655,1.12199737628207,
1.5707963267949),.UNSPECIFIED.);
#245=B_SPLINE_SURFACE_WITH_KNOTS('',3,3,((#7843,#7844,#7845,#7846,#7847,
#7848,#7849,#7850,#7851,#7852,#7853,#7854,#7855),(#7856,#7857,#7858,#7859,
#7860,#7861,#7862,#7863,#7864,#7865,#7866,#7867,#7868),(#7869,#7870,#7871,
#7872,#7873,#7874,#7875,#7876,#7877,#7878,#7879,#7880,#7881),(#7882,#7883,
#7884,#7885,#7886,#7887,#7888,#7889,#7890,#7891,#7892,#7893,#7894),(#7895,
#7896,#7897,#7898,#7899,#7900,#7901,#7902,#7903,#7904,#7905,#7906,#7907),
(#7908,#7909,#7910,#7911,#7912,#7913,#7914,#7915,#7916,#7917,#7918,#7919,
#7920)),.UNSPECIFIED.,.F.,.F.,.F.,(4,1,1,4),(4,1,1,1,1,1,1,1,1,1,4),(0.,
0.285714285714286,0.571428571428571,1.),(-1.5707963267949,-1.12199737628207,
-0.673198425769241,-0.523598775598299,-0.224399475256414,0.224399475256414,
0.448798950512828,0.673198425769241,0.897597901025655,1.12199737628207,
1.5707963267949),.UNSPECIFIED.);
#246=B_SPLINE_SURFACE_WITH_KNOTS('',3,3,((#7925,#7926,#7927,#7928,#7929,
#7930,#7931,#7932,#7933,#7934,#7935,#7936,#7937),(#7938,#7939,#7940,#7941,
#7942,#7943,#7944,#7945,#7946,#7947,#7948,#7949,#7950),(#7951,#7952,#7953,
#7954,#7955,#7956,#7957,#7958,#7959,#7960,#7961,#7962,#7963),(#7964,#7965,
#7966,#7967,#7968,#7969,#7970,#7971,#7972,#7973,#7974,#7975,#7976),(#7977,
#7978,#7979,#7980,#7981,#7982,#7983,#7984,#7985,#7986,#7987,#7988,#7989),
(#7990,#7991,#7992,#7993,#7994,#7995,#7996,#7997,#7998,#7999,#8000,#8001,
#8002)),.UNSPECIFIED.,.F.,.F.,.F.,(4,1,1,4),(4,1,1,1,1,1,1,1,1,1,4),(0.,
0.285714285714286,0.571428571428571,1.),(-1.5707963267949,-1.12199737628207,
-0.673198425769241,-0.523598775598299,-0.224399475256414,0.224399475256414,
0.448798950512828,0.673198425769241,0.897597901025655,1.12199737628207,
1.5707963267949),.UNSPECIFIED.);
#247=B_SPLINE_SURFACE_WITH_KNOTS('',3,3,((#8005,#8006,#8007,#8008,#8009,
#8010,#8011,#8012,#8013,#8014,#8015,#8016,#8017),(#8018,#8019,#8020,#8021,
#8022,#8023,#8024,#8025,#8026,#8027,#8028,#8029,#8030),(#8031,#8032,#8033,
#8034,#8035,#8036,#8037,#8038,#8039,#8040,#8041,#8042,#8043),(#8044,#8045,
#8046,#8047,#8048,#8049,#8050,#8051,#8052,#8053,#8054,#8055,#8056),(#8057,
#8058,#8059,#8060,#8061,#8062,#8063,#8064,#8065,#8066,#8067,#8068,#8069),
(#8070,#8071,#8072,#8073,#8074,#8075,#8076,#8077,#8078,#8079,#8080,#8081,
#8082)),.UNSPECIFIED.,.F.,.F.,.F.,(4,1,1,4),(4,1,1,1,1,1,1,1,1,1,4),(0.,
0.285714285714286,0.571428571428571,1.),(-1.5707963267949,-1.12199737628207,
-0.673198425769241,-0.523598775598299,-0.224399475256414,0.224399475256414,
0.448798950512828,0.673198425769241,0.897597901025655,1.12199737628207,
1.5707963267949),.UNSPECIFIED.);
#248=B_SPLINE_SURFACE_WITH_KNOTS('',3,3,((#8087,#8088,#8089,#8090,#8091,
#8092,#8093,#8094,#8095,#8096,#8097,#8098,#8099),(#8100,#8101,#8102,#8103,
#8104,#8105,#8106,#8107,#8108,#8109,#8110,#8111,#8112),(#8113,#8114,#8115,
#8116,#8117,#8118,#8119,#8120,#8121,#8122,#8123,#8124,#8125),(#8126,#8127,
#8128,#8129,#8130,#8131,#8132,#8133,#8134,#8135,#8136,#8137,#8138),(#8139,
#8140,#8141,#8142,#8143,#8144,#8145,#8146,#8147,#8148,#8149,#8150,#8151),
(#8152,#8153,#8154,#8155,#8156,#8157,#8158,#8159,#8160,#8161,#8162,#8163,
#8164)),.UNSPECIFIED.,.F.,.F.,.F.,(4,1,1,4),(4,1,1,1,1,1,1,1,1,1,4),(0.,
0.285714285714286,0.571428571428571,1.),(-1.5707963267949,-1.12199737628207,
-0.673198425769241,-0.523598775598299,-0.224399475256414,0.224399475256414,
0.448798950512828,0.673198425769241,0.897597901025655,1.12199737628207,
1.5707963267949),.UNSPECIFIED.);
#249=B_SPLINE_SURFACE_WITH_KNOTS('',3,3,((#8167,#8168,#8169,#8170,#8171,
#8172,#8173,#8174,#8175,#8176,#8177,#8178,#8179,#8180,#8181,#8182,#8183,
#8184,#8185,#8186,#8187,#8188,#8189,#8190,#8191,#8192,#8193),(#8194,#8195,
#8196,#8197,#8198,#8199,#8200,#8201,#8202,#8203,#8204,#8205,#8206,#8207,
#8208,#8209,#8210,#8211,#8212,#8213,#8214,#8215,#8216,#8217,#8218,#8219,
#8220),(#8221,#8222,#8223,#8224,#8225,#8226,#8227,#8228,#8229,#8230,#8231,
#8232,#8233,#8234,#8235,#8236,#8237,#8238,#8239,#8240,#8241,#8242,#8243,
#8244,#8245,#8246,#8247),(#8248,#8249,#8250,#8251,#8252,#8253,#8254,#8255,
#8256,#8257,#8258,#8259,#8260,#8261,#8262,#8263,#8264,#8265,#8266,#8267,
#8268,#8269,#8270,#8271,#8272,#8273,#8274),(#8275,#8276,#8277,#8278,#8279,
#8280,#8281,#8282,#8283,#8284,#8285,#8286,#8287,#8288,#8289,#8290,#8291,
#8292,#8293,#8294,#8295,#8296,#8297,#8298,#8299,#8300,#8301),(#8302,#8303,
#8304,#8305,#8306,#8307,#8308,#8309,#8310,#8311,#8312,#8313,#8314,#8315,
#8316,#8317,#8318,#8319,#8320,#8321,#8322,#8323,#8324,#8325,#8326,#8327,
#8328)),.UNSPECIFIED.,.F.,.F.,.F.,(4,1,1,4),(4,2,1,1,1,1,1,1,1,1,1,1,1,
1,1,1,1,1,1,1,1,2,4),(0.,0.285714285714286,0.571428571428571,1.),(-0.0029229589417648,
0.,0.380635891417257,0.761271782834515,1.14190767425177,1.52254356566903,
1.90317945708629,2.28381534850354,2.6644512399208,3.04508713133806,3.42572302275532,
3.80635891417257,4.18699480558983,4.56763069700709,4.94826658842435,5.3289024798416,
5.70953837125886,6.09017426267612,6.47081015409337,6.85144604551063,7.23208193692789,
7.61271782834515,7.61530366798727),.UNSPECIFIED.);
#250=B_SPLINE_SURFACE_WITH_KNOTS('',3,3,((#8385,#8386,#8387,#8388,#8389,
#8390,#8391,#8392,#8393,#8394,#8395,#8396,#8397),(#8398,#8399,#8400,#8401,
#8402,#8403,#8404,#8405,#8406,#8407,#8408,#8409,#8410),(#8411,#8412,#8413,
#8414,#8415,#8416,#8417,#8418,#8419,#8420,#8421,#8422,#8423),(#8424,#8425,
#8426,#8427,#8428,#8429,#8430,#8431,#8432,#8433,#8434,#8435,#8436),(#8437,
#8438,#8439,#8440,#8441,#8442,#8443,#8444,#8445,#8446,#8447,#8448,#8449),
(#8450,#8451,#8452,#8453,#8454,#8455,#8456,#8457,#8458,#8459,#8460,#8461,
#8462)),.UNSPECIFIED.,.F.,.F.,.F.,(4,1,1,4),(4,1,1,1,1,1,1,1,1,1,4),(0.,
0.285714285714286,0.571428571428571,1.),(-1.5707963267949,-1.12199737628207,
-0.673198425769241,-0.523598775598299,-0.224399475256414,0.0747998250854713,
0.224399475256414,0.448798950512828,0.673198425769241,1.12199737628207,
1.5707963267949),.UNSPECIFIED.);
#251=B_SPLINE_SURFACE_WITH_KNOTS('',3,3,((#8487,#8488,#8489,#8490,#8491,
#8492,#8493,#8494,#8495,#8496,#8497,#8498,#8499),(#8500,#8501,#8502,#8503,
#8504,#8505,#8506,#8507,#8508,#8509,#8510,#8511,#8512),(#8513,#8514,#8515,
#8516,#8517,#8518,#8519,#8520,#8521,#8522,#8523,#8524,#8525),(#8526,#8527,
#8528,#8529,#8530,#8531,#8532,#8533,#8534,#8535,#8536,#8537,#8538),(#8539,
#8540,#8541,#8542,#8543,#8544,#8545,#8546,#8547,#8548,#8549,#8550,#8551),
(#8552,#8553,#8554,#8555,#8556,#8557,#8558,#8559,#8560,#8561,#8562,#8563,
#8564)),.UNSPECIFIED.,.F.,.F.,.F.,(4,1,1,4),(4,1,1,1,1,1,1,1,1,1,4),(0.,
0.285714285714286,0.571428571428571,1.),(-1.5707963267949,-1.12199737628207,
-0.673198425769241,-0.523598775598299,-0.224399475256414,0.0747998250854713,
0.224399475256414,0.448798950512828,0.673198425769241,1.12199737628207,
1.5707963267949),.UNSPECIFIED.);
#252=B_SPLINE_SURFACE_WITH_KNOTS('',3,3,((#8568,#8569,#8570,#8571),(#8572,
#8573,#8574,#8575),(#8576,#8577,#8578,#8579),(#8580,#8581,#8582,#8583)),
 .UNSPECIFIED.,.F.,.F.,.F.,(4,4),(4,4),(0.,1.),(-1.5707963267949,-1.52382906099577),
 .UNSPECIFIED.);
#253=B_SPLINE_SURFACE_WITH_KNOTS('',3,3,((#8587,#8588,#8589,#8590,#8591,
#8592,#8593,#8594,#8595,#8596,#8597,#8598,#8599,#8600,#8601,#8602,#8603),
(#8604,#8605,#8606,#8607,#8608,#8609,#8610,#8611,#8612,#8613,#8614,#8615,
#8616,#8617,#8618,#8619,#8620),(#8621,#8622,#8623,#8624,#8625,#8626,#8627,
#8628,#8629,#8630,#8631,#8632,#8633,#8634,#8635,#8636,#8637),(#8638,#8639,
#8640,#8641,#8642,#8643,#8644,#8645,#8646,#8647,#8648,#8649,#8650,#8651,
#8652,#8653,#8654),(#8655,#8656,#8657,#8658,#8659,#8660,#8661,#8662,#8663,
#8664,#8665,#8666,#8667,#8668,#8669,#8670,#8671),(#8672,#8673,#8674,#8675,
#8676,#8677,#8678,#8679,#8680,#8681,#8682,#8683,#8684,#8685,#8686,#8687,
#8688)),.UNSPECIFIED.,.F.,.F.,.F.,(4,1,1,4),(4,1,1,1,1,1,1,1,1,1,1,1,1,
1,4),(0.,0.285714285714286,0.571428571428571,1.),(0.,0.263670529927808,
0.527341059855617,1.05468211971123,2.10936423942247,2.46092494599288,3.1640463591337,
3.51560706570411,4.21872847884493,4.48239900877274,5.27341059855617,6.3280927182674,
6.85543377812302,7.11910430805083,7.38277483797864),.UNSPECIFIED.);
#254=B_SPLINE_SURFACE_WITH_KNOTS('',3,3,((#8713,#8714,#8715,#8716),(#8717,
#8718,#8719,#8720),(#8721,#8722,#8723,#8724),(#8725,#8726,#8727,#8728)),
 .UNSPECIFIED.,.F.,.F.,.F.,(4,4),(4,4),(0.,1.),(1.5238290609955,1.5707963267949),
 .UNSPECIFIED.);
#255=B_SPLINE_SURFACE_WITH_KNOTS('',3,3,((#8731,#8732,#8733,#8734,#8735,
#8736,#8737,#8738,#8739,#8740,#8741,#8742,#8743),(#8744,#8745,#8746,#8747,
#8748,#8749,#8750,#8751,#8752,#8753,#8754,#8755,#8756),(#8757,#8758,#8759,
#8760,#8761,#8762,#8763,#8764,#8765,#8766,#8767,#8768,#8769),(#8770,#8771,
#8772,#8773,#8774,#8775,#8776,#8777,#8778,#8779,#8780,#8781,#8782),(#8783,
#8784,#8785,#8786,#8787,#8788,#8789,#8790,#8791,#8792,#8793,#8794,#8795),
(#8796,#8797,#8798,#8799,#8800,#8801,#8802,#8803,#8804,#8805,#8806,#8807,
#8808)),.UNSPECIFIED.,.F.,.F.,.F.,(4,1,1,4),(4,1,1,1,1,1,1,1,1,1,4),(0.,
0.285714285714286,0.571428571428571,1.),(-1.5707963267949,-1.12199737628207,
-0.673198425769241,-0.523598775598299,-0.224399475256414,0.0747998250854713,
0.224399475256414,0.448798950512828,0.673198425769241,1.12199737628207,
1.5707963267949),.UNSPECIFIED.);
#256=B_SPLINE_SURFACE_WITH_KNOTS('',3,3,((#8813,#8814,#8815,#8816,#8817,
#8818,#8819,#8820,#8821,#8822,#8823,#8824,#8825),(#8826,#8827,#8828,#8829,
#8830,#8831,#8832,#8833,#8834,#8835,#8836,#8837,#8838),(#8839,#8840,#8841,
#8842,#8843,#8844,#8845,#8846,#8847,#8848,#8849,#8850,#8851),(#8852,#8853,
#8854,#8855,#8856,#8857,#8858,#8859,#8860,#8861,#8862,#8863,#8864),(#8865,
#8866,#8867,#8868,#8869,#8870,#8871,#8872,#8873,#8874,#8875,#8876,#8877),
(#8878,#8879,#8880,#8881,#8882,#8883,#8884,#8885,#8886,#8887,#8888,#8889,
#8890)),.UNSPECIFIED.,.F.,.F.,.F.,(4,1,1,4),(4,1,1,1,1,1,1,1,1,1,4),(0.,
0.285714285714286,0.571428571428571,1.),(-1.5707963267949,-1.12199737628207,
-0.673198425769241,-0.523598775598299,-0.224399475256414,0.0747998250854713,
0.224399475256414,0.448798950512828,0.673198425769241,1.12199737628207,
1.5707963267949),.UNSPECIFIED.);
#257=B_SPLINE_SURFACE_WITH_KNOTS('',3,3,((#8895,#8896,#8897,#8898,#8899,
#8900,#8901,#8902,#8903,#8904,#8905,#8906,#8907),(#8908,#8909,#8910,#8911,
#8912,#8913,#8914,#8915,#8916,#8917,#8918,#8919,#8920),(#8921,#8922,#8923,
#8924,#8925,#8926,#8927,#8928,#8929,#8930,#8931,#8932,#8933),(#8934,#8935,
#8936,#8937,#8938,#8939,#8940,#8941,#8942,#8943,#8944,#8945,#8946),(#8947,
#8948,#8949,#8950,#8951,#8952,#8953,#8954,#8955,#8956,#8957,#8958,#8959),
(#8960,#8961,#8962,#8963,#8964,#8965,#8966,#8967,#8968,#8969,#8970,#8971,
#8972)),.UNSPECIFIED.,.F.,.F.,.F.,(4,1,1,4),(4,1,1,1,1,1,1,1,1,1,4),(0.,
0.285714285714286,0.571428571428571,1.),(-1.5707963267949,-1.12199737628207,
-0.673198425769241,-0.523598775598299,-0.224399475256414,0.0747998250854713,
0.224399475256414,0.448798950512828,0.673198425769241,1.12199737628207,
1.5707963267949),.UNSPECIFIED.);
#258=B_SPLINE_SURFACE_WITH_KNOTS('',3,3,((#8977,#8978,#8979,#8980,#8981,
#8982,#8983,#8984,#8985,#8986,#8987,#8988,#8989),(#8990,#8991,#8992,#8993,
#8994,#8995,#8996,#8997,#8998,#8999,#9000,#9001,#9002),(#9003,#9004,#9005,
#9006,#9007,#9008,#9009,#9010,#9011,#9012,#9013,#9014,#9015),(#9016,#9017,
#9018,#9019,#9020,#9021,#9022,#9023,#9024,#9025,#9026,#9027,#9028),(#9029,
#9030,#9031,#9032,#9033,#9034,#9035,#9036,#9037,#9038,#9039,#9040,#9041),
(#9042,#9043,#9044,#9045,#9046,#9047,#9048,#9049,#9050,#9051,#9052,#9053,
#9054)),.UNSPECIFIED.,.F.,.F.,.F.,(4,1,1,4),(4,1,1,1,1,1,1,1,1,1,4),(0.,
0.285714285714286,0.571428571428571,1.),(-1.5707963267949,-1.12199737628207,
-0.673198425769241,-0.523598775598299,-0.224399475256414,0.0747998250854713,
0.224399475256414,0.448798950512828,0.673198425769241,1.12199737628207,
1.5707963267949),.UNSPECIFIED.);
#259=B_SPLINE_SURFACE_WITH_KNOTS('',3,3,((#9059,#9060,#9061,#9062,#9063,
#9064,#9065,#9066,#9067,#9068,#9069,#9070,#9071,#9072),(#9073,#9074,#9075,
#9076,#9077,#9078,#9079,#9080,#9081,#9082,#9083,#9084,#9085,#9086),(#9087,
#9088,#9089,#9090,#9091,#9092,#9093,#9094,#9095,#9096,#9097,#9098,#9099,
#9100),(#9101,#9102,#9103,#9104,#9105,#9106,#9107,#9108,#9109,#9110,#9111,
#9112,#9113,#9114),(#9115,#9116,#9117,#9118,#9119,#9120,#9121,#9122,#9123,
#9124,#9125,#9126,#9127,#9128),(#9129,#9130,#9131,#9132,#9133,#9134,#9135,
#9136,#9137,#9138,#9139,#9140,#9141,#9142)),.UNSPECIFIED.,.F.,.F.,.F.,(4,
1,1,4),(4,1,1,1,1,1,1,1,1,1,1,4),(0.,0.285714285714286,0.571428571428571,
1.),(-1.5707963267949,-1.12199737628207,-0.673198425769241,-0.523598775598299,
-0.373999125427356,-0.224399475256414,0.224399475256414,0.448798950512828,
0.673198425769241,0.897597901025655,1.12199737628207,1.5707963267949),
 .UNSPECIFIED.);
#260=B_SPLINE_SURFACE_WITH_KNOTS('',3,3,((#9147,#9148,#9149,#9150,#9151,
#9152,#9153,#9154,#9155,#9156,#9157,#9158,#9159,#9160),(#9161,#9162,#9163,
#9164,#9165,#9166,#9167,#9168,#9169,#9170,#9171,#9172,#9173,#9174),(#9175,
#9176,#9177,#9178,#9179,#9180,#9181,#9182,#9183,#9184,#9185,#9186,#9187,
#9188),(#9189,#9190,#9191,#9192,#9193,#9194,#9195,#9196,#9197,#9198,#9199,
#9200,#9201,#9202),(#9203,#9204,#9205,#9206,#9207,#9208,#9209,#9210,#9211,
#9212,#9213,#9214,#9215,#9216),(#9217,#9218,#9219,#9220,#9221,#9222,#9223,
#9224,#9225,#9226,#9227,#9228,#9229,#9230)),.UNSPECIFIED.,.F.,.F.,.F.,(4,
1,1,4),(4,1,1,1,1,1,1,1,1,1,1,4),(0.,0.285714285714286,0.571428571428571,
1.),(-1.5707963267949,-1.12199737628207,-0.673198425769241,-0.523598775598299,
-0.373999125427356,-0.224399475256414,0.224399475256414,0.448798950512828,
0.673198425769241,0.897597901025655,1.12199737628207,1.5707963267949),
 .UNSPECIFIED.);
#261=B_SPLINE_SURFACE_WITH_KNOTS('',3,3,((#9235,#9236,#9237,#9238,#9239,
#9240,#9241,#9242,#9243,#9244,#9245,#9246,#9247,#9248),(#9249,#9250,#9251,
#9252,#9253,#9254,#9255,#9256,#9257,#9258,#9259,#9260,#9261,#9262),(#9263,
#9264,#9265,#9266,#9267,#9268,#9269,#9270,#9271,#9272,#9273,#9274,#9275,
#9276),(#9277,#9278,#9279,#9280,#9281,#9282,#9283,#9284,#9285,#9286,#9287,
#9288,#9289,#9290),(#9291,#9292,#9293,#9294,#9295,#9296,#9297,#9298,#9299,
#9300,#9301,#9302,#9303,#9304),(#9305,#9306,#9307,#9308,#9309,#9310,#9311,
#9312,#9313,#9314,#9315,#9316,#9317,#9318)),.UNSPECIFIED.,.F.,.F.,.F.,(4,
1,1,4),(4,1,1,1,1,1,1,1,1,1,1,4),(0.,0.285714285714286,0.571428571428571,
1.),(-1.5707963267949,-1.12199737628207,-0.673198425769241,-0.523598775598299,
-0.373999125427356,-0.224399475256414,0.224399475256414,0.448798950512828,
0.673198425769241,0.897597901025655,1.12199737628207,1.5707963267949),
 .UNSPECIFIED.);
#262=B_SPLINE_SURFACE_WITH_KNOTS('',3,3,((#9340,#9341,#9342,#9343,#9344),
(#9345,#9346,#9347,#9348,#9349),(#9350,#9351,#9352,#9353,#9354),(#9355,
#9356,#9357,#9358,#9359),(#9360,#9361,#9362,#9363,#9364),(#9365,#9366,#9367,
#9368,#9369)),.UNSPECIFIED.,.F.,.F.,.F.,(4,1,1,4),(4,1,4),(0.,0.285714285714286,
0.571428571428571,1.),(-2.1316282072803E-14,0.883968143472816,1.54694425107744),
 .UNSPECIFIED.);
#263=B_SPLINE_SURFACE_WITH_KNOTS('',3,3,((#9394,#9395,#9396,#9397,#9398),
(#9399,#9400,#9401,#9402,#9403),(#9404,#9405,#9406,#9407,#9408),(#9409,
#9410,#9411,#9412,#9413),(#9414,#9415,#9416,#9417,#9418),(#9419,#9420,#9421,
#9422,#9423)),.UNSPECIFIED.,.F.,.F.,.F.,(4,1,1,4),(4,1,4),(0.,0.285714285714286,
0.571428571428571,1.),(0.,0.700720306078351,1.22626053563711),
 .UNSPECIFIED.);
#264=B_SPLINE_SURFACE_WITH_KNOTS('',3,3,((#9434,#9435,#9436,#9437,#9438),
(#9439,#9440,#9441,#9442,#9443),(#9444,#9445,#9446,#9447,#9448),(#9449,
#9450,#9451,#9452,#9453),(#9454,#9455,#9456,#9457,#9458),(#9459,#9460,#9461,
#9462,#9463)),.UNSPECIFIED.,.F.,.F.,.F.,(4,1,1,4),(4,1,4),(0.,0.285714285714286,
0.571428571428571,1.),(13.6070726745232,14.2412648338461,15.08685437961),
 .UNSPECIFIED.);
#265=B_SPLINE_SURFACE_WITH_KNOTS('',3,3,((#9477,#9478,#9479,#9480,#9481),
(#9482,#9483,#9484,#9485,#9486),(#9487,#9488,#9489,#9490,#9491),(#9492,
#9493,#9494,#9495,#9496),(#9497,#9498,#9499,#9500,#9501),(#9502,#9503,#9504,
#9505,#9506)),.UNSPECIFIED.,.F.,.F.,.F.,(4,1,1,4),(4,1,4),(0.,0.285714285714286,
0.571428571428571,1.),(0.,0.662937923028871,1.54685515373403),
 .UNSPECIFIED.);
#266=B_SPLINE_SURFACE_WITH_KNOTS('',3,3,((#9600,#9601,#9602,#9603,#9604,
#9605,#9606,#9607,#9608),(#9609,#9610,#9611,#9612,#9613,#9614,#9615,#9616,
#9617),(#9618,#9619,#9620,#9621,#9622,#9623,#9624,#9625,#9626),(#9627,#9628,
#9629,#9630,#9631,#9632,#9633,#9634,#9635),(#9636,#9637,#9638,#9639,#9640,
#9641,#9642,#9643,#9644),(#9645,#9646,#9647,#9648,#9649,#9650,#9651,#9652,
#9653)),.UNSPECIFIED.,.F.,.F.,.F.,(4,1,1,4),(4,1,1,1,1,1,4),(0.,0.285714285714286,
0.571428571428571,1.),(0.,0.415130874055263,0.830261748110526,1.24539262216579,
1.66052349622105,2.49078524433158,2.90591611838684),.UNSPECIFIED.);
#267=B_SPLINE_SURFACE_WITH_KNOTS('',3,3,((#9672,#9673,#9674,#9675,#9676,
#9677,#9678,#9679,#9680),(#9681,#9682,#9683,#9684,#9685,#9686,#9687,#9688,
#9689),(#9690,#9691,#9692,#9693,#9694,#9695,#9696,#9697,#9698),(#9699,#9700,
#9701,#9702,#9703,#9704,#9705,#9706,#9707),(#9708,#9709,#9710,#9711,#9712,
#9713,#9714,#9715,#9716),(#9717,#9718,#9719,#9720,#9721,#9722,#9723,#9724,
#9725)),.UNSPECIFIED.,.F.,.F.,.F.,(4,1,1,4),(4,1,1,1,1,1,4),(0.,0.285714285714286,
0.571428571428571,1.),(0.,0.415130874055262,1.24539262216579,1.66052349622105,
2.07565437027631,2.49078524433157,2.90591611838684),.UNSPECIFIED.);
#268=B_SPLINE_SURFACE_WITH_KNOTS('',3,3,((#9792,#9793,#9794,#9795,#9796,
#9797,#9798,#9799,#9800),(#9801,#9802,#9803,#9804,#9805,#9806,#9807,#9808,
#9809),(#9810,#9811,#9812,#9813,#9814,#9815,#9816,#9817,#9818),(#9819,#9820,
#9821,#9822,#9823,#9824,#9825,#9826,#9827),(#9828,#9829,#9830,#9831,#9832,
#9833,#9834,#9835,#9836),(#9837,#9838,#9839,#9840,#9841,#9842,#9843,#9844,
#9845)),.UNSPECIFIED.,.F.,.F.,.F.,(4,1,1,4),(4,1,1,1,1,1,4),(0.,0.285714285714286,
0.571428571428571,1.),(2.58337766402479E-14,0.415130871450921,1.24539261435271,
1.66052348580361,2.0756543572545,2.4907852287054,2.90591610015629),
 .UNSPECIFIED.);
#269=B_SPLINE_SURFACE_WITH_KNOTS('',3,3,((#9855,#9856,#9857,#9858,#9859,
#9860,#9861,#9862,#9863),(#9864,#9865,#9866,#9867,#9868,#9869,#9870,#9871,
#9872),(#9873,#9874,#9875,#9876,#9877,#9878,#9879,#9880,#9881),(#9882,#9883,
#9884,#9885,#9886,#9887,#9888,#9889,#9890),(#9891,#9892,#9893,#9894,#9895,
#9896,#9897,#9898,#9899),(#9900,#9901,#9902,#9903,#9904,#9905,#9906,#9907,
#9908)),.UNSPECIFIED.,.F.,.F.,.F.,(4,1,1,4),(4,1,1,1,1,1,4),(0.,0.285714285714286,
0.571428571428571,1.),(0.,0.830261742901792,1.24539261435269,1.66052348580358,
2.07565435725448,2.49078522870538,2.90591610015627),.UNSPECIFIED.);
#270=B_SPLINE_SURFACE_WITH_KNOTS('',3,3,((#9937,#9938,#9939,#9940,#9941,
#9942,#9943,#9944,#9945),(#9946,#9947,#9948,#9949,#9950,#9951,#9952,#9953,
#9954),(#9955,#9956,#9957,#9958,#9959,#9960,#9961,#9962,#9963),(#9964,#9965,
#9966,#9967,#9968,#9969,#9970,#9971,#9972),(#9973,#9974,#9975,#9976,#9977,
#9978,#9979,#9980,#9981),(#9982,#9983,#9984,#9985,#9986,#9987,#9988,#9989,
#9990)),.UNSPECIFIED.,.F.,.F.,.F.,(4,1,1,4),(4,1,1,1,1,1,4),(0.,0.285714285714286,
0.571428571428571,1.),(1.87816399878099E-14,0.83026172143336,1.24539258215003,
1.6605234428667,2.07565430358337,2.49078516430004,2.90591602501671),
 .UNSPECIFIED.);
#271=B_SPLINE_SURFACE_WITH_KNOTS('',3,3,((#10000,#10001,#10002,#10003,#10004,
#10005,#10006,#10007,#10008),(#10009,#10010,#10011,#10012,#10013,#10014,
#10015,#10016,#10017),(#10018,#10019,#10020,#10021,#10022,#10023,#10024,
#10025,#10026),(#10027,#10028,#10029,#10030,#10031,#10032,#10033,#10034,
#10035),(#10036,#10037,#10038,#10039,#10040,#10041,#10042,#10043,#10044),
(#10045,#10046,#10047,#10048,#10049,#10050,#10051,#10052,#10053)),
 .UNSPECIFIED.,.F.,.F.,.F.,(4,1,1,4),(4,1,1,1,1,1,4),(0.,0.285714285714286,
0.571428571428571,1.),(0.,0.415130860716672,1.24539258215002,1.66052344286669,
2.07565430358336,2.49078516430003,2.90591602501671),.UNSPECIFIED.);
#272=B_SPLINE_SURFACE_WITH_KNOTS('',3,3,((#10075,#10076,#10077,#10078,#10079,
#10080),(#10081,#10082,#10083,#10084,#10085,#10086),(#10087,#10088,#10089,
#10090,#10091,#10092),(#10093,#10094,#10095,#10096,#10097,#10098),(#10099,
#10100,#10101,#10102,#10103,#10104),(#10105,#10106,#10107,#10108,#10109,
#10110)),.UNSPECIFIED.,.F.,.F.,.F.,(4,1,1,4),(4,1,1,4),(0.,0.285714285714286,
0.571428571428571,1.),(12.7931630358923,13.415875524967,13.83101718435,
14.2461588437331),.UNSPECIFIED.);
#273=B_SPLINE_SURFACE_WITH_KNOTS('',3,3,((#10132,#10133,#10134,#10135,#10136),
(#10137,#10138,#10139,#10140,#10141),(#10142,#10143,#10144,#10145,#10146),
(#10147,#10148,#10149,#10150,#10151),(#10152,#10153,#10154,#10155,#10156),
(#10157,#10158,#10159,#10160,#10161)),.UNSPECIFIED.,.F.,.F.,.F.,(4,1,1,
4),(4,1,4),(0.,0.285714285714286,0.571428571428571,1.),(2.78619838173838E-14,
0.683042092385,1.59376488223163),.UNSPECIFIED.);
#274=B_SPLINE_SURFACE_WITH_KNOTS('',3,3,((#10172,#10173,#10174,#10175,#10176,
#10177),(#10178,#10179,#10180,#10181,#10182,#10183),(#10184,#10185,#10186,
#10187,#10188,#10189),(#10190,#10191,#10192,#10193,#10194,#10195),(#10196,
#10197,#10198,#10199,#10200,#10201),(#10202,#10203,#10204,#10205,#10206,
#10207)),.UNSPECIFIED.,.F.,.F.,.F.,(4,1,1,4),(4,1,1,4),(0.,0.285714285714286,
0.571428571428571,1.),(-6.65558171209425E-15,0.557172979971284,0.928621633285478,
1.30007028659967),.UNSPECIFIED.);
#275=B_SPLINE_SURFACE_WITH_KNOTS('',3,3,((#10216,#10217,#10218,#10219,#10220),
(#10221,#10222,#10223,#10224,#10225),(#10226,#10227,#10228,#10229,#10230),
(#10231,#10232,#10233,#10234,#10235),(#10236,#10237,#10238,#10239,#10240),
(#10241,#10242,#10243,#10244,#10245)),.UNSPECIFIED.,.F.,.F.,.F.,(4,1,1,
4),(4,1,4),(0.,0.285714285714286,0.571428571428571,1.),(6.13991880799933E-16,
0.622706451310584,1.45298171972469),.UNSPECIFIED.);
#276=B_SPLINE_SURFACE_WITH_KNOTS('',3,3,((#10411,#10412,#10413,#10414,#10415,
#10416,#10417,#10418,#10419),(#10420,#10421,#10422,#10423,#10424,#10425,
#10426,#10427,#10428),(#10429,#10430,#10431,#10432,#10433,#10434,#10435,
#10436,#10437),(#10438,#10439,#10440,#10441,#10442,#10443,#10444,#10445,
#10446),(#10447,#10448,#10449,#10450,#10451,#10452,#10453,#10454,#10455),
(#10456,#10457,#10458,#10459,#10460,#10461,#10462,#10463,#10464)),
 .UNSPECIFIED.,.F.,.F.,.F.,(4,1,1,4),(4,1,1,1,1,1,4),(0.,0.285714285714286,
0.571428571428571,1.),(5.70448470868108E-16,0.830278764238054,1.24541814635708,
1.66055752847611,2.07569691059513,2.49083629271416,2.90597567483319),
 .UNSPECIFIED.);
#277=B_SPLINE_SURFACE_WITH_KNOTS('',3,3,((#10479,#10480,#10481,#10482,#10483,
#10484,#10485,#10486,#10487),(#10488,#10489,#10490,#10491,#10492,#10493,
#10494,#10495,#10496),(#10497,#10498,#10499,#10500,#10501,#10502,#10503,
#10504,#10505),(#10506,#10507,#10508,#10509,#10510,#10511,#10512,#10513,
#10514),(#10515,#10516,#10517,#10518,#10519,#10520,#10521,#10522,#10523),
(#10524,#10525,#10526,#10527,#10528,#10529,#10530,#10531,#10532)),
 .UNSPECIFIED.,.F.,.F.,.F.,(4,1,1,4),(4,1,1,1,1,1,4),(0.,0.285714285714286,
0.571428571428571,1.),(0.,0.415139382141345,0.83027876428269,1.24541814642403,
1.66055752856538,2.49083629284807,2.90597567498941),.UNSPECIFIED.);
#278=B_SPLINE_SURFACE_WITH_KNOTS('',3,3,((#10571,#10572,#10573,#10574,#10575,
#10576,#10577,#10578,#10579),(#10580,#10581,#10582,#10583,#10584,#10585,
#10586,#10587,#10588),(#10589,#10590,#10591,#10592,#10593,#10594,#10595,
#10596,#10597),(#10598,#10599,#10600,#10601,#10602,#10603,#10604,#10605,
#10606),(#10607,#10608,#10609,#10610,#10611,#10612,#10613,#10614,#10615),
(#10616,#10617,#10618,#10619,#10620,#10621,#10622,#10623,#10624)),
 .UNSPECIFIED.,.F.,.F.,.F.,(4,1,1,4),(4,1,1,1,1,1,4),(0.,0.285714285714286,
0.571428571428571,1.),(3.87604792068936E-15,0.41513938211903,0.830278764238056,
1.24541814635708,1.66055752847611,2.07569691059514,2.90597567483319),
 .UNSPECIFIED.);
#279=B_SPLINE_SURFACE_WITH_KNOTS('',3,3,((#10639,#10640,#10641,#10642,#10643,
#10644,#10645,#10646,#10647),(#10648,#10649,#10650,#10651,#10652,#10653,
#10654,#10655,#10656),(#10657,#10658,#10659,#10660,#10661,#10662,#10663,
#10664,#10665),(#10666,#10667,#10668,#10669,#10670,#10671,#10672,#10673,
#10674),(#10675,#10676,#10677,#10678,#10679,#10680,#10681,#10682,#10683),
(#10684,#10685,#10686,#10687,#10688,#10689,#10690,#10691,#10692)),
 .UNSPECIFIED.,.F.,.F.,.F.,(4,1,1,4),(4,1,1,1,1,1,4),(0.,0.285714285714286,
0.571428571428571,1.),(0.,0.830278764282688,1.24541814642403,1.66055752856538,
2.07569691070672,2.49083629284806,2.90597567498941),.UNSPECIFIED.);
#280=B_SPLINE_SURFACE_WITH_KNOTS('',3,3,((#10733,#10734,#10735,#10736,#10737,
#10738,#10739,#10740,#10741),(#10742,#10743,#10744,#10745,#10746,#10747,
#10748,#10749,#10750),(#10751,#10752,#10753,#10754,#10755,#10756,#10757,
#10758,#10759),(#10760,#10761,#10762,#10763,#10764,#10765,#10766,#10767,
#10768),(#10769,#10770,#10771,#10772,#10773,#10774,#10775,#10776,#10777),
(#10778,#10779,#10780,#10781,#10782,#10783,#10784,#10785,#10786)),
 .UNSPECIFIED.,.F.,.F.,.F.,(4,1,1,4),(4,1,1,1,1,1,4),(0.,0.285714285714286,
0.571428571428571,1.),(0.,0.415139382119025,1.24541814635708,1.6605575284761,
2.07569691059513,2.49083629271415,2.90597567483318),.UNSPECIFIED.);
#281=B_SPLINE_SURFACE_WITH_KNOTS('',3,3,((#10801,#10802,#10803,#10804,#10805,
#10806,#10807,#10808,#10809),(#10810,#10811,#10812,#10813,#10814,#10815,
#10816,#10817,#10818),(#10819,#10820,#10821,#10822,#10823,#10824,#10825,
#10826,#10827),(#10828,#10829,#10830,#10831,#10832,#10833,#10834,#10835,
#10836),(#10837,#10838,#10839,#10840,#10841,#10842,#10843,#10844,#10845),
(#10846,#10847,#10848,#10849,#10850,#10851,#10852,#10853,#10854)),
 .UNSPECIFIED.,.F.,.F.,.F.,(4,1,1,4),(4,1,1,1,1,1,4),(0.,0.285714285714286,
0.571428571428571,1.),(0.,0.830278764282687,1.24541814642403,1.66055752856537,
2.07569691070672,2.49083629284806,2.9059756749894),.UNSPECIFIED.);
#282=B_SPLINE_SURFACE_WITH_KNOTS('',3,3,((#10891,#10892,#10893,#10894,#10895,
#10896,#10897,#10898,#10899),(#10900,#10901,#10902,#10903,#10904,#10905,
#10906,#10907,#10908),(#10909,#10910,#10911,#10912,#10913,#10914,#10915,
#10916,#10917),(#10918,#10919,#10920,#10921,#10922,#10923,#10924,#10925,
#10926),(#10927,#10928,#10929,#10930,#10931,#10932,#10933,#10934,#10935),
(#10936,#10937,#10938,#10939,#10940,#10941,#10942,#10943,#10944)),
 .UNSPECIFIED.,.F.,.F.,.F.,(4,1,1,4),(4,1,1,1,1,1,4),(0.,0.285714285714286,
0.571428571428571,1.),(1.24980836401645E-14,0.415139382119036,1.24541814635708,
1.66055752847611,2.07569691059513,2.49083629271415,2.90597567483318),
 .UNSPECIFIED.);
#283=B_SPLINE_SURFACE_WITH_KNOTS('',3,3,((#10959,#10960,#10961,#10962,#10963,
#10964,#10965,#10966,#10967),(#10968,#10969,#10970,#10971,#10972,#10973,
#10974,#10975,#10976),(#10977,#10978,#10979,#10980,#10981,#10982,#10983,
#10984,#10985),(#10986,#10987,#10988,#10989,#10990,#10991,#10992,#10993,
#10994),(#10995,#10996,#10997,#10998,#10999,#11000,#11001,#11002,#11003),
(#11004,#11005,#11006,#11007,#11008,#11009,#11010,#11011,#11012)),
 .UNSPECIFIED.,.F.,.F.,.F.,(4,1,1,4),(4,1,1,1,1,1,4),(0.,0.285714285714286,
0.571428571428571,1.),(0.,0.830278764282687,1.24541814642403,1.66055752856537,
2.07569691070672,2.49083629284806,2.90597567498941),.UNSPECIFIED.);
#284=B_SPLINE_SURFACE_WITH_KNOTS('',3,3,((#11051,#11052,#11053,#11054,#11055,
#11056,#11057,#11058,#11059),(#11060,#11061,#11062,#11063,#11064,#11065,
#11066,#11067,#11068),(#11069,#11070,#11071,#11072,#11073,#11074,#11075,
#11076,#11077),(#11078,#11079,#11080,#11081,#11082,#11083,#11084,#11085,
#11086),(#11087,#11088,#11089,#11090,#11091,#11092,#11093,#11094,#11095),
(#11096,#11097,#11098,#11099,#11100,#11101,#11102,#11103,#11104)),
 .UNSPECIFIED.,.F.,.F.,.F.,(4,1,1,4),(4,1,1,1,1,1,4),(0.,0.285714285714286,
0.571428571428571,1.),(5.69943626137923E-17,0.415139382119027,1.24541814635708,
1.66055752847611,2.07569691059513,2.49083629271416,2.90597567483319),
 .UNSPECIFIED.);
#285=B_SPLINE_SURFACE_WITH_KNOTS('',3,3,((#11119,#11120,#11121,#11122,#11123,
#11124,#11125,#11126,#11127),(#11128,#11129,#11130,#11131,#11132,#11133,
#11134,#11135,#11136),(#11137,#11138,#11139,#11140,#11141,#11142,#11143,
#11144,#11145),(#11146,#11147,#11148,#11149,#11150,#11151,#11152,#11153,
#11154),(#11155,#11156,#11157,#11158,#11159,#11160,#11161,#11162,#11163),
(#11164,#11165,#11166,#11167,#11168,#11169,#11170,#11171,#11172)),
 .UNSPECIFIED.,.F.,.F.,.F.,(4,1,1,4),(4,1,1,1,1,1,4),(0.,0.285714285714286,
0.571428571428571,1.),(0.,0.83027876428269,1.24541814642403,1.66055752856538,
2.07569691070672,2.49083629284807,2.90597567498941),.UNSPECIFIED.);
#286=B_SPLINE_SURFACE_WITH_KNOTS('',3,3,((#11211,#11212,#11213,#11214,#11215,
#11216,#11217,#11218,#11219),(#11220,#11221,#11222,#11223,#11224,#11225,
#11226,#11227,#11228),(#11229,#11230,#11231,#11232,#11233,#11234,#11235,
#11236,#11237),(#11238,#11239,#11240,#11241,#11242,#11243,#11244,#11245,
#11246),(#11247,#11248,#11249,#11250,#11251,#11252,#11253,#11254,#11255),
(#11256,#11257,#11258,#11259,#11260,#11261,#11262,#11263,#11264)),
 .UNSPECIFIED.,.F.,.F.,.F.,(4,1,1,4),(4,1,1,1,1,1,4),(0.,0.285714285714286,
0.571428571428571,1.),(0.,0.415139382119027,1.24541814635708,1.66055752847611,
2.07569691059513,2.49083629271416,2.90597567483319),.UNSPECIFIED.);
#287=B_SPLINE_SURFACE_WITH_KNOTS('',3,3,((#11279,#11280,#11281,#11282,#11283,
#11284,#11285,#11286,#11287),(#11288,#11289,#11290,#11291,#11292,#11293,
#11294,#11295,#11296),(#11297,#11298,#11299,#11300,#11301,#11302,#11303,
#11304,#11305),(#11306,#11307,#11308,#11309,#11310,#11311,#11312,#11313,
#11314),(#11315,#11316,#11317,#11318,#11319,#11320,#11321,#11322,#11323),
(#11324,#11325,#11326,#11327,#11328,#11329,#11330,#11331,#11332)),
 .UNSPECIFIED.,.F.,.F.,.F.,(4,1,1,4),(4,1,1,1,1,1,4),(0.,0.285714285714286,
0.571428571428571,1.),(2.7518028673123E-15,0.415139382141348,1.24541814642404,
1.66055752856538,2.07569691070673,2.49083629284807,2.90597567498942),
 .UNSPECIFIED.);
#288=B_SPLINE_SURFACE_WITH_KNOTS('',3,3,((#11373,#11374,#11375,#11376,#11377,
#11378,#11379,#11380,#11381),(#11382,#11383,#11384,#11385,#11386,#11387,
#11388,#11389,#11390),(#11391,#11392,#11393,#11394,#11395,#11396,#11397,
#11398,#11399),(#11400,#11401,#11402,#11403,#11404,#11405,#11406,#11407,
#11408),(#11409,#11410,#11411,#11412,#11413,#11414,#11415,#11416,#11417),
(#11418,#11419,#11420,#11421,#11422,#11423,#11424,#11425,#11426)),
 .UNSPECIFIED.,.F.,.F.,.F.,(4,1,1,4),(4,1,1,1,1,1,4),(0.,0.285714285714286,
0.571428571428571,1.),(0.,0.415139382119026,1.24541814635708,1.66055752847611,
2.07569691059513,2.49083629271416,2.90597567483319),.UNSPECIFIED.);
#289=B_SPLINE_SURFACE_WITH_KNOTS('',3,3,((#11441,#11442,#11443,#11444,#11445,
#11446,#11447,#11448,#11449),(#11450,#11451,#11452,#11453,#11454,#11455,
#11456,#11457,#11458),(#11459,#11460,#11461,#11462,#11463,#11464,#11465,
#11466,#11467),(#11468,#11469,#11470,#11471,#11472,#11473,#11474,#11475,
#11476),(#11477,#11478,#11479,#11480,#11481,#11482,#11483,#11484,#11485),
(#11486,#11487,#11488,#11489,#11490,#11491,#11492,#11493,#11494)),
 .UNSPECIFIED.,.F.,.F.,.F.,(4,1,1,4),(4,1,1,1,1,1,4),(0.,0.285714285714286,
0.571428571428571,1.),(0.,0.83027876428269,1.24541814642403,1.66055752856538,
2.07569691070672,2.49083629284807,2.90597567498941),.UNSPECIFIED.);
#290=B_SPLINE_SURFACE_WITH_KNOTS('',3,3,((#11531,#11532,#11533,#11534,#11535,
#11536,#11537,#11538,#11539),(#11540,#11541,#11542,#11543,#11544,#11545,
#11546,#11547,#11548),(#11549,#11550,#11551,#11552,#11553,#11554,#11555,
#11556,#11557),(#11558,#11559,#11560,#11561,#11562,#11563,#11564,#11565,
#11566),(#11567,#11568,#11569,#11570,#11571,#11572,#11573,#11574,#11575),
(#11576,#11577,#11578,#11579,#11580,#11581,#11582,#11583,#11584)),
 .UNSPECIFIED.,.F.,.F.,.F.,(4,1,1,4),(4,1,1,1,1,1,4),(0.,0.285714285714286,
0.571428571428571,1.),(0.,0.830278764238053,1.24541814635708,1.66055752847611,
2.07569691059513,2.49083629271416,2.90597567483319),.UNSPECIFIED.);
#291=B_SPLINE_SURFACE_WITH_KNOTS('',3,3,((#11599,#11600,#11601,#11602,#11603,
#11604,#11605,#11606,#11607),(#11608,#11609,#11610,#11611,#11612,#11613,
#11614,#11615,#11616),(#11617,#11618,#11619,#11620,#11621,#11622,#11623,
#11624,#11625),(#11626,#11627,#11628,#11629,#11630,#11631,#11632,#11633,
#11634),(#11635,#11636,#11637,#11638,#11639,#11640,#11641,#11642,#11643),
(#11644,#11645,#11646,#11647,#11648,#11649,#11650,#11651,#11652)),
 .UNSPECIFIED.,.F.,.F.,.F.,(4,1,1,4),(4,1,1,1,1,1,4),(0.,0.285714285714286,
0.571428571428571,1.),(5.04776739436727E-15,0.830278764282693,1.24541814642404,
1.66055752856538,2.07569691070672,2.49083629284807,2.90597567498941),
 .UNSPECIFIED.);
#292=B_SPLINE_SURFACE_WITH_KNOTS('',3,3,((#11695,#11696,#11697,#11698,#11699,
#11700,#11701,#11702,#11703),(#11704,#11705,#11706,#11707,#11708,#11709,
#11710,#11711,#11712),(#11713,#11714,#11715,#11716,#11717,#11718,#11719,
#11720,#11721),(#11722,#11723,#11724,#11725,#11726,#11727,#11728,#11729,
#11730),(#11731,#11732,#11733,#11734,#11735,#11736,#11737,#11738,#11739),
(#11740,#11741,#11742,#11743,#11744,#11745,#11746,#11747,#11748)),
 .UNSPECIFIED.,.F.,.F.,.F.,(4,1,1,4),(4,1,1,1,1,1,4),(0.,0.285714285714286,
0.571428571428571,1.),(0.,0.415130867668904,0.830261735337807,1.24539260300671,
1.66052347067561,2.07565433834452,2.90591607368233),.UNSPECIFIED.);
#293=B_SPLINE_SURFACE_WITH_KNOTS('',3,3,((#11767,#11768,#11769,#11770,#11771,
#11772,#11773,#11774,#11775),(#11776,#11777,#11778,#11779,#11780,#11781,
#11782,#11783,#11784),(#11785,#11786,#11787,#11788,#11789,#11790,#11791,
#11792,#11793),(#11794,#11795,#11796,#11797,#11798,#11799,#11800,#11801,
#11802),(#11803,#11804,#11805,#11806,#11807,#11808,#11809,#11810,#11811),
(#11812,#11813,#11814,#11815,#11816,#11817,#11818,#11819,#11820)),
 .UNSPECIFIED.,.F.,.F.,.F.,(4,1,1,4),(4,1,1,1,1,1,4),(0.,0.285714285714286,
0.571428571428571,1.),(1.16495672776419E-14,0.41513086880827,1.24539260642479,
1.66052347523305,2.07565434404131,2.49078521284956,2.90591608165782),
 .UNSPECIFIED.);
#294=B_SPLINE_SURFACE_WITH_KNOTS('',3,3,((#11907,#11908,#11909,#11910,#11911,
#11912,#11913,#11914,#11915),(#11916,#11917,#11918,#11919,#11920,#11921,
#11922,#11923,#11924),(#11925,#11926,#11927,#11928,#11929,#11930,#11931,
#11932,#11933),(#11934,#11935,#11936,#11937,#11938,#11939,#11940,#11941,
#11942),(#11943,#11944,#11945,#11946,#11947,#11948,#11949,#11950,#11951),
(#11952,#11953,#11954,#11955,#11956,#11957,#11958,#11959,#11960)),
 .UNSPECIFIED.,.F.,.F.,.F.,(4,1,1,4),(4,1,1,1,1,1,4),(0.,0.285714285714286,
0.571428571428571,1.),(6.10178574331663E-15,0.415130867668912,0.830261735337818,
1.24539260300672,1.66052347067563,2.07565433834454,2.90591607368235),
 .UNSPECIFIED.);
#295=B_SPLINE_SURFACE_WITH_KNOTS('',3,3,((#11970,#11971,#11972,#11973,#11974,
#11975,#11976,#11977,#11978),(#11979,#11980,#11981,#11982,#11983,#11984,
#11985,#11986,#11987),(#11988,#11989,#11990,#11991,#11992,#11993,#11994,
#11995,#11996),(#11997,#11998,#11999,#12000,#12001,#12002,#12003,#12004,
#12005),(#12006,#12007,#12008,#12009,#12010,#12011,#12012,#12013,#12014),
(#12015,#12016,#12017,#12018,#12019,#12020,#12021,#12022,#12023)),
 .UNSPECIFIED.,.F.,.F.,.F.,(4,1,1,4),(4,1,1,1,1,1,4),(0.,0.285714285714286,
0.571428571428571,1.),(4.88498130835472E-15,0.415130868808266,1.24539260642479,
1.66052347523305,2.07565434404131,2.49078521284957,2.90591608165783),
 .UNSPECIFIED.);
#296=B_SPLINE_SURFACE_WITH_KNOTS('',3,3,((#12064,#12065,#12066,#12067,#12068,
#12069,#12070,#12071,#12072),(#12073,#12074,#12075,#12076,#12077,#12078,
#12079,#12080,#12081),(#12082,#12083,#12084,#12085,#12086,#12087,#12088,
#12089,#12090),(#12091,#12092,#12093,#12094,#12095,#12096,#12097,#12098,
#12099),(#12100,#12101,#12102,#12103,#12104,#12105,#12106,#12107,#12108),
(#12109,#12110,#12111,#12112,#12113,#12114,#12115,#12116,#12117)),
 .UNSPECIFIED.,.F.,.F.,.F.,(4,1,1,4),(4,1,1,1,1,1,4),(0.,0.285714285714286,
0.571428571428571,1.),(0.,0.41513086766891,1.24539260300673,1.66052347067564,
2.07565433834455,2.49078520601346,2.90591607368237),.UNSPECIFIED.);
#297=B_SPLINE_SURFACE_WITH_KNOTS('',3,3,((#12127,#12128,#12129,#12130,#12131,
#12132,#12133,#12134,#12135),(#12136,#12137,#12138,#12139,#12140,#12141,
#12142,#12143,#12144),(#12145,#12146,#12147,#12148,#12149,#12150,#12151,
#12152,#12153),(#12154,#12155,#12156,#12157,#12158,#12159,#12160,#12161,
#12162),(#12163,#12164,#12165,#12166,#12167,#12168,#12169,#12170,#12171),
(#12172,#12173,#12174,#12175,#12176,#12177,#12178,#12179,#12180)),
 .UNSPECIFIED.,.F.,.F.,.F.,(4,1,1,4),(4,1,1,1,1,1,4),(0.,0.285714285714286,
0.571428571428571,1.),(0.,0.415130874620575,1.24539262386172,1.6605234984823,
2.07565437310287,2.49078524772345,2.90591612234402),.UNSPECIFIED.);
#298=B_SPLINE_SURFACE_WITH_KNOTS('',3,3,((#12214,#12215,#12216,#12217,#12218),
(#12219,#12220,#12221,#12222,#12223),(#12224,#12225,#12226,#12227,#12228),
(#12229,#12230,#12231,#12232,#12233),(#12234,#12235,#12236,#12237,#12238),
(#12239,#12240,#12241,#12242,#12243)),.UNSPECIFIED.,.F.,.F.,.F.,(4,1,1,
4),(4,1,4),(0.,0.285714285714286,0.571428571428571,1.),(3.5527136788005E-15,
0.525556179818926,1.22629775291082),.UNSPECIFIED.);
#299=B_SPLINE_SURFACE_WITH_KNOTS('',3,3,((#12264,#12265,#12266,#12267,#12268),
(#12269,#12270,#12271,#12272,#12273),(#12274,#12275,#12276,#12277,#12278),
(#12279,#12280,#12281,#12282,#12283),(#12284,#12285,#12286,#12287,#12288),
(#12289,#12290,#12291,#12292,#12293)),.UNSPECIFIED.,.F.,.F.,.F.,(4,1,1,
4),(4,1,4),(0.,0.285714285714286,0.571428571428571,1.),(0.,0.662937929343746,
1.54685516846874),.UNSPECIFIED.);
#300=B_SPLINE_SURFACE_WITH_KNOTS('',3,3,((#12299,#12300,#12301,#12302,#12303,
#12304),(#12305,#12306,#12307,#12308,#12309,#12310),(#12311,#12312,#12313,
#12314,#12315,#12316),(#12317,#12318,#12319,#12320,#12321,#12322),(#12323,
#12324,#12325,#12326,#12327,#12328),(#12329,#12330,#12331,#12332,#12333,
#12334)),.UNSPECIFIED.,.F.,.F.,.F.,(4,1,1,4),(4,1,1,4),(0.,0.285714285714286,
0.571428571428571,1.),(-1.77635683940025E-15,0.662976113433333,1.10496018905556,
1.54694426467778),.UNSPECIFIED.);
#301=B_SPLINE_SURFACE_WITH_KNOTS('',3,3,((#12350,#12351,#12352,#12353,#12354),
(#12355,#12356,#12357,#12358,#12359),(#12360,#12361,#12362,#12363,#12364),
(#12365,#12366,#12367,#12368,#12369),(#12370,#12371,#12372,#12373,#12374),
(#12375,#12376,#12377,#12378,#12379)),.UNSPECIFIED.,.F.,.F.,.F.,(4,1,1,
4),(4,1,4),(0.,0.285714285714286,0.571428571428571,1.),(0.,0.634183298478138,
1.47976102978232),.UNSPECIFIED.);
#302=B_SPLINE_SURFACE_WITH_KNOTS('',3,3,((#12415,#12416,#12417,#12418,#12419,
#12420),(#12421,#12422,#12423,#12424,#12425,#12426),(#12427,#12428,#12429,
#12430,#12431,#12432),(#12433,#12434,#12435,#12436,#12437,#12438),(#12439,
#12440,#12441,#12442,#12443,#12444),(#12445,#12446,#12447,#12448,#12449,
#12450)),.UNSPECIFIED.,.F.,.F.,.F.,(4,1,1,4),(4,1,1,4),(0.,0.285714285714286,
0.571428571428571,1.),(-7.3724404522093E-15,0.683046106084037,1.13841017680673,
1.59377424752943),.UNSPECIFIED.);
#303=B_SPLINE_SURFACE_WITH_KNOTS('',3,3,((#12473,#12474,#12475,#12476,#12477,
#12478),(#12479,#12480,#12481,#12482,#12483,#12484),(#12485,#12486,#12487,
#12488,#12489,#12490),(#12491,#12492,#12493,#12494,#12495,#12496),(#12497,
#12498,#12499,#12500,#12501,#12502),(#12503,#12504,#12505,#12506,#12507,
#12508)),.UNSPECIFIED.,.F.,.F.,.F.,(4,1,1,4),(4,1,1,4),(0.,0.285714285714286,
0.571428571428571,1.),(2.34821243580573E-14,0.415137637056143,0.830275274112263,
1.45298172969644),.UNSPECIFIED.);
#304=B_SPLINE_SURFACE_WITH_KNOTS('',3,3,((#12515,#12516,#12517,#12518,#12519,
#12520),(#12521,#12522,#12523,#12524,#12525,#12526),(#12527,#12528,#12529,
#12530,#12531,#12532),(#12533,#12534,#12535,#12536,#12537,#12538),(#12539,
#12540,#12541,#12542,#12543,#12544),(#12545,#12546,#12547,#12548,#12549,
#12550)),.UNSPECIFIED.,.F.,.F.,.F.,(4,1,1,4),(4,1,1,4),(0.,0.285714285714286,
0.571428571428571,1.),(12.793131407472,13.4158442173688,13.8309860906334,
14.2461279638979),.UNSPECIFIED.);
#305=B_SPLINE_SURFACE_WITH_KNOTS('',3,3,((#12565,#12566,#12567,#12568,#12569,
#12570),(#12571,#12572,#12573,#12574,#12575,#12576),(#12577,#12578,#12579,
#12580,#12581,#12582),(#12583,#12584,#12585,#12586,#12587,#12588),(#12589,
#12590,#12591,#12592,#12593,#12594),(#12595,#12596,#12597,#12598,#12599,
#12600)),.UNSPECIFIED.,.F.,.F.,.F.,(4,1,1,4),(4,1,1,4),(0.,0.285714285714286,
0.571428571428571,1.),(2.58903185154134E-14,0.371439840678417,0.742879681356808,
1.30003944237439),.UNSPECIFIED.);
#306=B_SPLINE_SURFACE_WITH_KNOTS('',3,3,((#12632,#12633,#12634,#12635,#12636,
#12637,#12638,#12639,#12640),(#12641,#12642,#12643,#12644,#12645,#12646,
#12647,#12648,#12649),(#12650,#12651,#12652,#12653,#12654,#12655,#12656,
#12657,#12658),(#12659,#12660,#12661,#12662,#12663,#12664,#12665,#12666,
#12667),(#12668,#12669,#12670,#12671,#12672,#12673,#12674,#12675,#12676),
(#12677,#12678,#12679,#12680,#12681,#12682,#12683,#12684,#12685)),
 .UNSPECIFIED.,.F.,.F.,.F.,(4,1,1,4),(4,1,1,1,1,1,4),(0.,0.285714285714286,
0.571428571428571,1.),(0.,0.830261742901798,1.2453926143527,1.6605234858036,
2.0756543572545,2.49078522870539,2.90591610015629),.UNSPECIFIED.);
#307=B_SPLINE_SURFACE_WITH_KNOTS('',3,3,((#12700,#12701,#12702,#12703,#12704,
#12705,#12706,#12707,#12708),(#12709,#12710,#12711,#12712,#12713,#12714,
#12715,#12716,#12717),(#12718,#12719,#12720,#12721,#12722,#12723,#12724,
#12725,#12726),(#12727,#12728,#12729,#12730,#12731,#12732,#12733,#12734,
#12735),(#12736,#12737,#12738,#12739,#12740,#12741,#12742,#12743,#12744),
(#12745,#12746,#12747,#12748,#12749,#12750,#12751,#12752,#12753)),
 .UNSPECIFIED.,.F.,.F.,.F.,(4,1,1,4),(4,1,1,1,1,1,4),(0.,0.285714285714286,
0.571428571428571,1.),(6.53258724509623E-15,0.415130871450906,0.830261742901805,
1.2453926143527,1.6605234858036,2.0756543572545,2.9059161001563),
 .UNSPECIFIED.);
#308=B_SPLINE_SURFACE_WITH_KNOTS('',3,3,((#12792,#12793,#12794,#12795,#12796,
#12797,#12798,#12799,#12800),(#12801,#12802,#12803,#12804,#12805,#12806,
#12807,#12808,#12809),(#12810,#12811,#12812,#12813,#12814,#12815,#12816,
#12817,#12818),(#12819,#12820,#12821,#12822,#12823,#12824,#12825,#12826,
#12827),(#12828,#12829,#12830,#12831,#12832,#12833,#12834,#12835,#12836),
(#12837,#12838,#12839,#12840,#12841,#12842,#12843,#12844,#12845)),
 .UNSPECIFIED.,.F.,.F.,.F.,(4,1,1,4),(4,1,1,1,1,1,4),(0.,0.285714285714286,
0.571428571428571,1.),(1.18850686953346E-16,0.830261721433342,1.24539258215001,
1.66052344286668,2.07565430358336,2.49078516430003,2.9059160250167),
 .UNSPECIFIED.);
#309=B_SPLINE_SURFACE_WITH_KNOTS('',3,3,((#12860,#12861,#12862,#12863,#12864,
#12865,#12866,#12867,#12868),(#12869,#12870,#12871,#12872,#12873,#12874,
#12875,#12876,#12877),(#12878,#12879,#12880,#12881,#12882,#12883,#12884,
#12885,#12886),(#12887,#12888,#12889,#12890,#12891,#12892,#12893,#12894,
#12895),(#12896,#12897,#12898,#12899,#12900,#12901,#12902,#12903,#12904),
(#12905,#12906,#12907,#12908,#12909,#12910,#12911,#12912,#12913)),
 .UNSPECIFIED.,.F.,.F.,.F.,(4,1,1,4),(4,1,1,1,1,1,4),(0.,0.285714285714286,
0.571428571428571,1.),(2.60330208416908E-15,0.830261721433344,1.24539258215001,
1.66052344286669,2.07565430358336,2.49078516430003,2.9059160250167),
 .UNSPECIFIED.);
#310=B_SPLINE_SURFACE_WITH_KNOTS('',3,3,((#12954,#12955,#12956,#12957,#12958,
#12959,#12960,#12961,#12962,#12963,#12964,#12965),(#12966,#12967,#12968,
#12969,#12970,#12971,#12972,#12973,#12974,#12975,#12976,#12977),(#12978,
#12979,#12980,#12981,#12982,#12983,#12984,#12985,#12986,#12987,#12988,#12989),
(#12990,#12991,#12992,#12993,#12994,#12995,#12996,#12997,#12998,#12999,
#13000,#13001),(#13002,#13003,#13004,#13005,#13006,#13007,#13008,#13009,
#13010,#13011,#13012,#13013),(#13014,#13015,#13016,#13017,#13018,#13019,
#13020,#13021,#13022,#13023,#13024,#13025)),.UNSPECIFIED.,.F.,.F.,.F.,(4,
1,1,4),(4,1,1,1,1,1,1,2,4),(0.,0.285714285714286,0.571428571428571,1.),
(-1.2386279754754,-0.990902380380316,-0.867039582832777,-0.743176785285237,
-0.619313987737697,-0.495451190190158,-0.247725595095079,0.,0.00141421358849977),
 .UNSPECIFIED.);
#311=B_SPLINE_SURFACE_WITH_KNOTS('',3,3,((#13040,#13041,#13042,#13043,#13044,
#13045,#13046,#13047,#13048,#13049),(#13050,#13051,#13052,#13053,#13054,
#13055,#13056,#13057,#13058,#13059),(#13060,#13061,#13062,#13063,#13064,
#13065,#13066,#13067,#13068,#13069),(#13070,#13071,#13072,#13073,#13074,
#13075,#13076,#13077,#13078,#13079),(#13080,#13081,#13082,#13083,#13084,
#13085,#13086,#13087,#13088,#13089),(#13090,#13091,#13092,#13093,#13094,
#13095,#13096,#13097,#13098,#13099)),.UNSPECIFIED.,.F.,.F.,.F.,(4,1,1,4),
(4,2,1,1,1,1,4),(0.,0.285714285714286,0.571428571428571,1.),(-4.22935730027241,
-4.22794308668391,-3.98021749158883,-3.73249189649375,-3.48476630139867,
-3.23704070630359,-2.98931511120851),.UNSPECIFIED.);
#312=B_SPLINE_SURFACE_WITH_KNOTS('',3,3,((#13126,#13127,#13128,#13129,#13130,
#13131,#13132,#13133,#13134,#13135),(#13136,#13137,#13138,#13139,#13140,
#13141,#13142,#13143,#13144,#13145),(#13146,#13147,#13148,#13149,#13150,
#13151,#13152,#13153,#13154,#13155),(#13156,#13157,#13158,#13159,#13160,
#13161,#13162,#13163,#13164,#13165),(#13166,#13167,#13168,#13169,#13170,
#13171,#13172,#13173,#13174,#13175),(#13176,#13177,#13178,#13179,#13180,
#13181,#13182,#13183,#13184,#13185)),.UNSPECIFIED.,.F.,.F.,.F.,(4,1,1,4),
(4,2,1,1,1,1,4),(0.,0.285714285714286,0.571428571428571,1.),(-4.22935730027241,
-4.22794308668391,-3.98021749158883,-3.73249189649375,-3.48476630139867,
-3.23704070630359,-2.98931511120851),.UNSPECIFIED.);
#313=B_SPLINE_SURFACE_WITH_KNOTS('',3,3,((#13197,#13198,#13199,#13200,#13201,
#13202,#13203,#13204,#13205,#13206,#13207,#13208),(#13209,#13210,#13211,
#13212,#13213,#13214,#13215,#13216,#13217,#13218,#13219,#13220),(#13221,
#13222,#13223,#13224,#13225,#13226,#13227,#13228,#13229,#13230,#13231,#13232),
(#13233,#13234,#13235,#13236,#13237,#13238,#13239,#13240,#13241,#13242,
#13243,#13244),(#13245,#13246,#13247,#13248,#13249,#13250,#13251,#13252,
#13253,#13254,#13255,#13256),(#13257,#13258,#13259,#13260,#13261,#13262,
#13263,#13264,#13265,#13266,#13267,#13268)),.UNSPECIFIED.,.F.,.F.,.F.,(4,
1,1,4),(4,1,1,1,1,1,1,2,4),(0.,0.285714285714286,0.571428571428571,1.),
(-1.2386279754754,-0.990902380380316,-0.867039582832777,-0.743176785285237,
-0.619313987737697,-0.495451190190158,-0.247725595095079,0.,0.00141421358849977),
 .UNSPECIFIED.);
#314=FACE_OUTER_BOUND('',#537,.T.);
#315=FACE_OUTER_BOUND('',#538,.T.);
#316=FACE_OUTER_BOUND('',#539,.T.);
#317=FACE_OUTER_BOUND('',#540,.T.);
#318=FACE_OUTER_BOUND('',#541,.T.);
#319=FACE_OUTER_BOUND('',#542,.T.);
#320=FACE_OUTER_BOUND('',#543,.T.);
#321=FACE_OUTER_BOUND('',#544,.T.);
#322=FACE_OUTER_BOUND('',#545,.T.);
#323=FACE_OUTER_BOUND('',#546,.T.);
#324=FACE_OUTER_BOUND('',#547,.T.);
#325=FACE_OUTER_BOUND('',#548,.T.);
#326=FACE_OUTER_BOUND('',#549,.T.);
#327=FACE_OUTER_BOUND('',#550,.T.);
#328=FACE_OUTER_BOUND('',#551,.T.);
#329=FACE_OUTER_BOUND('',#552,.T.);
#330=FACE_OUTER_BOUND('',#553,.T.);
#331=FACE_OUTER_BOUND('',#554,.T.);
#332=FACE_OUTER_BOUND('',#555,.T.);
#333=FACE_OUTER_BOUND('',#556,.T.);
#334=FACE_OUTER_BOUND('',#557,.T.);
#335=FACE_OUTER_BOUND('',#558,.T.);
#336=FACE_OUTER_BOUND('',#559,.T.);
#337=FACE_OUTER_BOUND('',#560,.T.);
#338=FACE_OUTER_BOUND('',#561,.T.);
#339=FACE_OUTER_BOUND('',#562,.T.);
#340=FACE_OUTER_BOUND('',#563,.T.);
#341=FACE_OUTER_BOUND('',#564,.T.);
#342=FACE_OUTER_BOUND('',#565,.T.);
#343=FACE_OUTER_BOUND('',#566,.T.);
#344=FACE_OUTER_BOUND('',#567,.T.);
#345=FACE_OUTER_BOUND('',#568,.T.);
#346=FACE_OUTER_BOUND('',#569,.T.);
#347=FACE_OUTER_BOUND('',#570,.T.);
#348=FACE_OUTER_BOUND('',#571,.T.);
#349=FACE_OUTER_BOUND('',#572,.T.);
#350=FACE_OUTER_BOUND('',#573,.T.);
#351=FACE_OUTER_BOUND('',#574,.T.);
#352=FACE_OUTER_BOUND('',#575,.T.);
#353=FACE_OUTER_BOUND('',#576,.T.);
#354=FACE_OUTER_BOUND('',#577,.T.);
#355=FACE_OUTER_BOUND('',#578,.T.);
#356=FACE_OUTER_BOUND('',#579,.T.);
#357=FACE_OUTER_BOUND('',#580,.T.);
#358=FACE_OUTER_BOUND('',#581,.T.);
#359=FACE_OUTER_BOUND('',#582,.T.);
#360=FACE_OUTER_BOUND('',#583,.T.);
#361=FACE_OUTER_BOUND('',#584,.T.);
#362=FACE_OUTER_BOUND('',#585,.T.);
#363=FACE_OUTER_BOUND('',#586,.T.);
#364=FACE_OUTER_BOUND('',#587,.T.);
#365=FACE_OUTER_BOUND('',#588,.T.);
#366=FACE_OUTER_BOUND('',#589,.T.);
#367=FACE_OUTER_BOUND('',#590,.T.);
#368=FACE_OUTER_BOUND('',#591,.T.);
#369=FACE_OUTER_BOUND('',#592,.T.);
#370=FACE_OUTER_BOUND('',#593,.T.);
#371=FACE_OUTER_BOUND('',#594,.T.);
#372=FACE_OUTER_BOUND('',#595,.T.);
#373=FACE_OUTER_BOUND('',#596,.T.);
#374=FACE_OUTER_BOUND('',#597,.T.);
#375=FACE_OUTER_BOUND('',#598,.T.);
#376=FACE_OUTER_BOUND('',#599,.T.);
#377=FACE_OUTER_BOUND('',#600,.T.);
#378=FACE_OUTER_BOUND('',#601,.T.);
#379=FACE_OUTER_BOUND('',#602,.T.);
#380=FACE_OUTER_BOUND('',#603,.T.);
#381=FACE_OUTER_BOUND('',#604,.T.);
#382=FACE_OUTER_BOUND('',#605,.T.);
#383=FACE_OUTER_BOUND('',#606,.T.);
#384=FACE_OUTER_BOUND('',#607,.T.);
#385=FACE_OUTER_BOUND('',#608,.T.);
#386=FACE_OUTER_BOUND('',#609,.T.);
#387=FACE_OUTER_BOUND('',#610,.T.);
#388=FACE_OUTER_BOUND('',#611,.T.);
#389=FACE_OUTER_BOUND('',#612,.T.);
#390=FACE_OUTER_BOUND('',#613,.T.);
#391=FACE_OUTER_BOUND('',#614,.T.);
#392=FACE_OUTER_BOUND('',#615,.T.);
#393=FACE_OUTER_BOUND('',#616,.T.);
#394=FACE_OUTER_BOUND('',#617,.T.);
#395=FACE_OUTER_BOUND('',#618,.T.);
#396=FACE_OUTER_BOUND('',#619,.T.);
#397=FACE_OUTER_BOUND('',#620,.T.);
#398=FACE_OUTER_BOUND('',#621,.T.);
#399=FACE_OUTER_BOUND('',#622,.T.);
#400=FACE_OUTER_BOUND('',#623,.T.);
#401=FACE_OUTER_BOUND('',#624,.T.);
#402=FACE_OUTER_BOUND('',#625,.T.);
#403=FACE_OUTER_BOUND('',#626,.T.);
#404=FACE_OUTER_BOUND('',#627,.T.);
#405=FACE_OUTER_BOUND('',#628,.T.);
#406=FACE_OUTER_BOUND('',#629,.T.);
#407=FACE_OUTER_BOUND('',#630,.T.);
#408=FACE_OUTER_BOUND('',#631,.T.);
#409=FACE_OUTER_BOUND('',#632,.T.);
#410=FACE_OUTER_BOUND('',#633,.T.);
#411=FACE_OUTER_BOUND('',#634,.T.);
#412=FACE_OUTER_BOUND('',#635,.T.);
#413=FACE_OUTER_BOUND('',#636,.T.);
#414=FACE_OUTER_BOUND('',#637,.T.);
#415=FACE_OUTER_BOUND('',#638,.T.);
#416=FACE_OUTER_BOUND('',#639,.T.);
#417=FACE_OUTER_BOUND('',#640,.T.);
#418=FACE_OUTER_BOUND('',#641,.T.);
#419=FACE_OUTER_BOUND('',#642,.T.);
#420=FACE_OUTER_BOUND('',#643,.T.);
#421=FACE_OUTER_BOUND('',#644,.T.);
#422=FACE_OUTER_BOUND('',#645,.T.);
#423=FACE_OUTER_BOUND('',#646,.T.);
#424=FACE_OUTER_BOUND('',#647,.T.);
#425=FACE_OUTER_BOUND('',#648,.T.);
#426=FACE_OUTER_BOUND('',#649,.T.);
#427=FACE_OUTER_BOUND('',#650,.T.);
#428=FACE_OUTER_BOUND('',#651,.T.);
#429=FACE_OUTER_BOUND('',#652,.T.);
#430=FACE_OUTER_BOUND('',#653,.T.);
#431=FACE_OUTER_BOUND('',#654,.T.);
#432=FACE_OUTER_BOUND('',#655,.T.);
#433=FACE_OUTER_BOUND('',#656,.T.);
#434=FACE_OUTER_BOUND('',#657,.T.);
#435=FACE_OUTER_BOUND('',#658,.T.);
#436=FACE_OUTER_BOUND('',#659,.T.);
#437=FACE_OUTER_BOUND('',#660,.T.);
#438=FACE_OUTER_BOUND('',#661,.T.);
#439=FACE_OUTER_BOUND('',#662,.T.);
#440=FACE_OUTER_BOUND('',#663,.T.);
#441=FACE_OUTER_BOUND('',#664,.T.);
#442=FACE_OUTER_BOUND('',#665,.T.);
#443=FACE_OUTER_BOUND('',#666,.T.);
#444=FACE_OUTER_BOUND('',#667,.T.);
#445=FACE_OUTER_BOUND('',#668,.T.);
#446=FACE_OUTER_BOUND('',#669,.T.);
#447=FACE_OUTER_BOUND('',#670,.T.);
#448=FACE_OUTER_BOUND('',#671,.T.);
#449=FACE_OUTER_BOUND('',#672,.T.);
#450=FACE_OUTER_BOUND('',#673,.T.);
#451=FACE_OUTER_BOUND('',#674,.T.);
#452=FACE_OUTER_BOUND('',#675,.T.);
#453=FACE_OUTER_BOUND('',#676,.T.);
#454=FACE_OUTER_BOUND('',#677,.T.);
#455=FACE_OUTER_BOUND('',#678,.T.);
#456=FACE_OUTER_BOUND('',#679,.T.);
#457=FACE_OUTER_BOUND('',#680,.T.);
#458=FACE_OUTER_BOUND('',#681,.T.);
#459=FACE_OUTER_BOUND('',#682,.T.);
#460=FACE_OUTER_BOUND('',#683,.T.);
#461=FACE_OUTER_BOUND('',#684,.T.);
#462=FACE_OUTER_BOUND('',#685,.T.);
#463=FACE_OUTER_BOUND('',#686,.T.);
#464=FACE_OUTER_BOUND('',#687,.T.);
#465=FACE_OUTER_BOUND('',#688,.T.);
#466=FACE_OUTER_BOUND('',#689,.T.);
#467=FACE_OUTER_BOUND('',#690,.T.);
#468=FACE_OUTER_BOUND('',#691,.T.);
#469=FACE_OUTER_BOUND('',#692,.T.);
#470=FACE_OUTER_BOUND('',#693,.T.);
#471=FACE_OUTER_BOUND('',#694,.T.);
#472=FACE_OUTER_BOUND('',#695,.T.);
#473=FACE_OUTER_BOUND('',#696,.T.);
#474=FACE_OUTER_BOUND('',#697,.T.);
#475=FACE_OUTER_BOUND('',#698,.T.);
#476=FACE_OUTER_BOUND('',#699,.T.);
#477=FACE_OUTER_BOUND('',#700,.T.);
#478=FACE_OUTER_BOUND('',#701,.T.);
#479=FACE_OUTER_BOUND('',#702,.T.);
#480=FACE_OUTER_BOUND('',#703,.T.);
#481=FACE_OUTER_BOUND('',#704,.T.);
#482=FACE_OUTER_BOUND('',#705,.T.);
#483=FACE_OUTER_BOUND('',#706,.T.);
#484=FACE_OUTER_BOUND('',#707,.T.);
#485=FACE_OUTER_BOUND('',#708,.T.);
#486=FACE_OUTER_BOUND('',#709,.T.);
#487=FACE_OUTER_BOUND('',#710,.T.);
#488=FACE_OUTER_BOUND('',#711,.T.);
#489=FACE_OUTER_BOUND('',#712,.T.);
#490=FACE_OUTER_BOUND('',#713,.T.);
#491=FACE_OUTER_BOUND('',#714,.T.);
#492=FACE_OUTER_BOUND('',#715,.T.);
#493=FACE_OUTER_BOUND('',#716,.T.);
#494=FACE_OUTER_BOUND('',#717,.T.);
#495=FACE_OUTER_BOUND('',#718,.T.);
#496=FACE_OUTER_BOUND('',#719,.T.);
#497=FACE_OUTER_BOUND('',#720,.T.);
#498=FACE_OUTER_BOUND('',#721,.T.);
#499=FACE_OUTER_BOUND('',#722,.T.);
#500=FACE_OUTER_BOUND('',#723,.T.);
#501=FACE_OUTER_BOUND('',#724,.T.);
#502=FACE_OUTER_BOUND('',#725,.T.);
#503=FACE_OUTER_BOUND('',#726,.T.);
#504=FACE_OUTER_BOUND('',#727,.T.);
#505=FACE_OUTER_BOUND('',#728,.T.);
#506=FACE_OUTER_BOUND('',#729,.T.);
#507=FACE_OUTER_BOUND('',#730,.T.);
#508=FACE_OUTER_BOUND('',#731,.T.);
#509=FACE_OUTER_BOUND('',#732,.T.);
#510=FACE_OUTER_BOUND('',#733,.T.);
#511=FACE_OUTER_BOUND('',#734,.T.);
#512=FACE_OUTER_BOUND('',#735,.T.);
#513=FACE_OUTER_BOUND('',#736,.T.);
#514=FACE_OUTER_BOUND('',#737,.T.);
#515=FACE_OUTER_BOUND('',#738,.T.);
#516=FACE_OUTER_BOUND('',#739,.T.);
#517=FACE_OUTER_BOUND('',#740,.T.);
#518=FACE_OUTER_BOUND('',#741,.T.);
#519=FACE_OUTER_BOUND('',#742,.T.);
#520=FACE_OUTER_BOUND('',#743,.T.);
#521=FACE_OUTER_BOUND('',#744,.T.);
#522=FACE_OUTER_BOUND('',#745,.T.);
#523=FACE_OUTER_BOUND('',#746,.T.);
#524=FACE_OUTER_BOUND('',#747,.T.);
#525=FACE_OUTER_BOUND('',#748,.T.);
#526=FACE_OUTER_BOUND('',#749,.T.);
#527=FACE_OUTER_BOUND('',#750,.T.);
#528=FACE_OUTER_BOUND('',#751,.T.);
#529=FACE_OUTER_BOUND('',#752,.T.);
#530=FACE_OUTER_BOUND('',#753,.T.);
#531=FACE_OUTER_BOUND('',#754,.T.);
#532=FACE_OUTER_BOUND('',#755,.T.);
#533=FACE_OUTER_BOUND('',#756,.T.);
#534=FACE_OUTER_BOUND('',#757,.T.);
#535=FACE_OUTER_BOUND('',#758,.T.);
#536=FACE_OUTER_BOUND('',#759,.T.);
#537=EDGE_LOOP('',(#2205,#2206,#2207));
#538=EDGE_LOOP('',(#2208,#2209,#2210));
#539=EDGE_LOOP('',(#2211,#2212,#2213));
#540=EDGE_LOOP('',(#2214,#2215,#2216));
#541=EDGE_LOOP('',(#2217,#2218,#2219));
#542=EDGE_LOOP('',(#2220,#2221,#2222,#2223,#2224,#2225,#2226,#2227,#2228,
#2229,#2230,#2231,#2232,#2233,#2234,#2235,#2236,#2237,#2238,#2239,#2240,
#2241));
#543=EDGE_LOOP('',(#2242,#2243,#2244));
#544=EDGE_LOOP('',(#2245,#2246));
#545=EDGE_LOOP('',(#2247,#2248,#2249));
#546=EDGE_LOOP('',(#2250,#2251));
#547=EDGE_LOOP('',(#2252,#2253,#2254));
#548=EDGE_LOOP('',(#2255,#2256));
#549=EDGE_LOOP('',(#2257,#2258,#2259));
#550=EDGE_LOOP('',(#2260,#2261,#2262,#2263,#2264));
#551=EDGE_LOOP('',(#2265,#2266,#2267));
#552=EDGE_LOOP('',(#2268,#2269));
#553=EDGE_LOOP('',(#2270,#2271,#2272,#2273,#2274,#2275,#2276));
#554=EDGE_LOOP('',(#2277,#2278));
#555=EDGE_LOOP('',(#2279,#2280));
#556=EDGE_LOOP('',(#2281,#2282));
#557=EDGE_LOOP('',(#2283,#2284));
#558=EDGE_LOOP('',(#2285,#2286));
#559=EDGE_LOOP('',(#2287,#2288));
#560=EDGE_LOOP('',(#2289,#2290));
#561=EDGE_LOOP('',(#2291,#2292));
#562=EDGE_LOOP('',(#2293,#2294));
#563=EDGE_LOOP('',(#2295,#2296));
#564=EDGE_LOOP('',(#2297,#2298));
#565=EDGE_LOOP('',(#2299,#2300));
#566=EDGE_LOOP('',(#2301,#2302));
#567=EDGE_LOOP('',(#2303,#2304));
#568=EDGE_LOOP('',(#2305,#2306));
#569=EDGE_LOOP('',(#2307,#2308));
#570=EDGE_LOOP('',(#2309,#2310));
#571=EDGE_LOOP('',(#2311,#2312));
#572=EDGE_LOOP('',(#2313,#2314));
#573=EDGE_LOOP('',(#2315,#2316));
#574=EDGE_LOOP('',(#2317,#2318));
#575=EDGE_LOOP('',(#2319,#2320));
#576=EDGE_LOOP('',(#2321,#2322));
#577=EDGE_LOOP('',(#2323,#2324));
#578=EDGE_LOOP('',(#2325,#2326,#2327,#2328,#2329,#2330,#2331));
#579=EDGE_LOOP('',(#2332,#2333));
#580=EDGE_LOOP('',(#2334,#2335,#2336));
#581=EDGE_LOOP('',(#2337,#2338,#2339,#2340,#2341));
#582=EDGE_LOOP('',(#2342,#2343,#2344));
#583=EDGE_LOOP('',(#2345,#2346));
#584=EDGE_LOOP('',(#2347,#2348,#2349));
#585=EDGE_LOOP('',(#2350,#2351));
#586=EDGE_LOOP('',(#2352,#2353,#2354));
#587=EDGE_LOOP('',(#2355,#2356));
#588=EDGE_LOOP('',(#2357,#2358,#2359));
#589=EDGE_LOOP('',(#2360,#2361,#2362));
#590=EDGE_LOOP('',(#2363,#2364,#2365,#2366,#2367,#2368,#2369,#2370,#2371,
#2372,#2373,#2374,#2375,#2376,#2377,#2378,#2379,#2380,#2381,#2382,#2383,
#2384));
#591=EDGE_LOOP('',(#2385,#2386,#2387,#2388));
#592=EDGE_LOOP('',(#2389,#2390,#2391,#2392));
#593=EDGE_LOOP('',(#2393,#2394,#2395,#2396,#2397));
#594=EDGE_LOOP('',(#2398,#2399,#2400,#2401));
#595=EDGE_LOOP('',(#2402,#2403,#2404,#2405));
#596=EDGE_LOOP('',(#2406,#2407,#2408,#2409));
#597=EDGE_LOOP('',(#2410,#2411,#2412,#2413,#2414,#2415,#2416,#2417,#2418,
#2419,#2420,#2421));
#598=EDGE_LOOP('',(#2422,#2423,#2424,#2425,#2426,#2427));
#599=EDGE_LOOP('',(#2428,#2429,#2430,#2431));
#600=EDGE_LOOP('',(#2432,#2433,#2434,#2435,#2436,#2437,#2438,#2439,#2440,
#2441,#2442,#2443,#2444,#2445));
#601=EDGE_LOOP('',(#2446,#2447,#2448,#2449,#2450));
#602=EDGE_LOOP('',(#2451,#2452,#2453,#2454));
#603=EDGE_LOOP('',(#2455,#2456,#2457,#2458));
#604=EDGE_LOOP('',(#2459,#2460,#2461,#2462));
#605=EDGE_LOOP('',(#2463,#2464,#2465,#2466,#2467,#2468,#2469,#2470,#2471,
#2472,#2473,#2474));
#606=EDGE_LOOP('',(#2475,#2476,#2477,#2478,#2479));
#607=EDGE_LOOP('',(#2480,#2481,#2482,#2483,#2484,#2485,#2486,#2487,#2488,
#2489));
#608=EDGE_LOOP('',(#2490,#2491,#2492,#2493,#2494));
#609=EDGE_LOOP('',(#2495,#2496,#2497,#2498));
#610=EDGE_LOOP('',(#2499,#2500,#2501,#2502));
#611=EDGE_LOOP('',(#2503,#2504,#2505,#2506));
#612=EDGE_LOOP('',(#2507,#2508,#2509,#2510));
#613=EDGE_LOOP('',(#2511,#2512,#2513,#2514,#2515,#2516,#2517,#2518,#2519,
#2520));
#614=EDGE_LOOP('',(#2521,#2522,#2523,#2524,#2525));
#615=EDGE_LOOP('',(#2526,#2527,#2528,#2529));
#616=EDGE_LOOP('',(#2530,#2531,#2532,#2533));
#617=EDGE_LOOP('',(#2534,#2535,#2536,#2537));
#618=EDGE_LOOP('',(#2538,#2539,#2540,#2541));
#619=EDGE_LOOP('',(#2542,#2543,#2544,#2545,#2546,#2547,#2548,#2549,#2550,
#2551));
#620=EDGE_LOOP('',(#2552,#2553,#2554,#2555));
#621=EDGE_LOOP('',(#2556,#2557,#2558,#2559));
#622=EDGE_LOOP('',(#2560,#2561,#2562,#2563));
#623=EDGE_LOOP('',(#2564,#2565,#2566,#2567));
#624=EDGE_LOOP('',(#2568,#2569,#2570,#2571));
#625=EDGE_LOOP('',(#2572,#2573,#2574,#2575));
#626=EDGE_LOOP('',(#2576,#2577,#2578,#2579,#2580,#2581,#2582,#2583,#2584,
#2585,#2586,#2587,#2588,#2589,#2590,#2591,#2592,#2593,#2594,#2595,#2596,
#2597,#2598,#2599,#2600,#2601));
#627=EDGE_LOOP('',(#2602,#2603,#2604,#2605,#2606,#2607));
#628=EDGE_LOOP('',(#2608,#2609,#2610,#2611,#2612,#2613,#2614,#2615,#2616,
#2617));
#629=EDGE_LOOP('',(#2618,#2619,#2620,#2621));
#630=EDGE_LOOP('',(#2622,#2623,#2624,#2625));
#631=EDGE_LOOP('',(#2626,#2627,#2628,#2629,#2630));
#632=EDGE_LOOP('',(#2631,#2632,#2633,#2634));
#633=EDGE_LOOP('',(#2635,#2636,#2637,#2638));
#634=EDGE_LOOP('',(#2639,#2640,#2641,#2642,#2643,#2644,#2645,#2646,#2647));
#635=EDGE_LOOP('',(#2648,#2649,#2650,#2651));
#636=EDGE_LOOP('',(#2652,#2653,#2654,#2655));
#637=EDGE_LOOP('',(#2656,#2657,#2658,#2659,#2660));
#638=EDGE_LOOP('',(#2661,#2662,#2663,#2664));
#639=EDGE_LOOP('',(#2665,#2666,#2667,#2668));
#640=EDGE_LOOP('',(#2669,#2670,#2671,#2672,#2673,#2674,#2675,#2676,#2677));
#641=EDGE_LOOP('',(#2678,#2679,#2680,#2681));
#642=EDGE_LOOP('',(#2682,#2683,#2684,#2685));
#643=EDGE_LOOP('',(#2686,#2687,#2688,#2689,#2690));
#644=EDGE_LOOP('',(#2691,#2692,#2693,#2694));
#645=EDGE_LOOP('',(#2695,#2696,#2697,#2698));
#646=EDGE_LOOP('',(#2699,#2700,#2701,#2702,#2703,#2704,#2705,#2706,#2707));
#647=EDGE_LOOP('',(#2708,#2709,#2710,#2711));
#648=EDGE_LOOP('',(#2712,#2713,#2714,#2715));
#649=EDGE_LOOP('',(#2716,#2717,#2718,#2719,#2720));
#650=EDGE_LOOP('',(#2721,#2722,#2723,#2724));
#651=EDGE_LOOP('',(#2725,#2726,#2727,#2728));
#652=EDGE_LOOP('',(#2729,#2730,#2731,#2732,#2733,#2734,#2735,#2736,#2737));
#653=EDGE_LOOP('',(#2738,#2739,#2740,#2741));
#654=EDGE_LOOP('',(#2742,#2743,#2744,#2745));
#655=EDGE_LOOP('',(#2746,#2747,#2748,#2749,#2750));
#656=EDGE_LOOP('',(#2751,#2752,#2753,#2754));
#657=EDGE_LOOP('',(#2755,#2756,#2757,#2758));
#658=EDGE_LOOP('',(#2759,#2760,#2761,#2762,#2763,#2764,#2765,#2766,#2767));
#659=EDGE_LOOP('',(#2768,#2769,#2770,#2771));
#660=EDGE_LOOP('',(#2772,#2773,#2774,#2775));
#661=EDGE_LOOP('',(#2776,#2777,#2778,#2779,#2780));
#662=EDGE_LOOP('',(#2781,#2782,#2783,#2784));
#663=EDGE_LOOP('',(#2785,#2786,#2787,#2788));
#664=EDGE_LOOP('',(#2789,#2790,#2791,#2792,#2793,#2794,#2795,#2796,#2797));
#665=EDGE_LOOP('',(#2798,#2799,#2800,#2801));
#666=EDGE_LOOP('',(#2802,#2803,#2804,#2805));
#667=EDGE_LOOP('',(#2806,#2807,#2808,#2809,#2810));
#668=EDGE_LOOP('',(#2811,#2812,#2813,#2814));
#669=EDGE_LOOP('',(#2815,#2816,#2817,#2818));
#670=EDGE_LOOP('',(#2819,#2820,#2821,#2822,#2823,#2824,#2825,#2826,#2827));
#671=EDGE_LOOP('',(#2828,#2829,#2830,#2831));
#672=EDGE_LOOP('',(#2832,#2833,#2834,#2835));
#673=EDGE_LOOP('',(#2836,#2837,#2838,#2839,#2840));
#674=EDGE_LOOP('',(#2841,#2842,#2843,#2844));
#675=EDGE_LOOP('',(#2845,#2846,#2847,#2848));
#676=EDGE_LOOP('',(#2849,#2850,#2851,#2852,#2853,#2854,#2855,#2856,#2857));
#677=EDGE_LOOP('',(#2858,#2859,#2860,#2861,#2862));
#678=EDGE_LOOP('',(#2863,#2864,#2865,#2866));
#679=EDGE_LOOP('',(#2867,#2868,#2869,#2870));
#680=EDGE_LOOP('',(#2871,#2872,#2873,#2874));
#681=EDGE_LOOP('',(#2875,#2876,#2877,#2878,#2879,#2880,#2881,#2882,#2883,
#2884,#2885,#2886));
#682=EDGE_LOOP('',(#2887,#2888,#2889,#2890,#2891));
#683=EDGE_LOOP('',(#2892,#2893,#2894,#2895,#2896,#2897,#2898,#2899,#2900,
#2901));
#684=EDGE_LOOP('',(#2902,#2903,#2904,#2905,#2906));
#685=EDGE_LOOP('',(#2907,#2908,#2909,#2910));
#686=EDGE_LOOP('',(#2911,#2912,#2913,#2914));
#687=EDGE_LOOP('',(#2915,#2916,#2917,#2918));
#688=EDGE_LOOP('',(#2919,#2920,#2921,#2922));
#689=EDGE_LOOP('',(#2923,#2924,#2925,#2926,#2927,#2928,#2929,#2930,#2931,
#2932));
#690=EDGE_LOOP('',(#2933,#2934,#2935,#2936,#2937));
#691=EDGE_LOOP('',(#2938,#2939,#2940,#2941));
#692=EDGE_LOOP('',(#2942,#2943,#2944,#2945));
#693=EDGE_LOOP('',(#2946,#2947,#2948,#2949));
#694=EDGE_LOOP('',(#2950,#2951,#2952,#2953));
#695=EDGE_LOOP('',(#2954,#2955,#2956,#2957,#2958,#2959,#2960,#2961,#2962,
#2963));
#696=EDGE_LOOP('',(#2964,#2965,#2966,#2967,#2968));
#697=EDGE_LOOP('',(#2969,#2970,#2971,#2972));
#698=EDGE_LOOP('',(#2973,#2974,#2975,#2976));
#699=EDGE_LOOP('',(#2977,#2978,#2979,#2980));
#700=EDGE_LOOP('',(#2981,#2982,#2983,#2984));
#701=EDGE_LOOP('',(#2985,#2986,#2987,#2988));
#702=EDGE_LOOP('',(#2989,#2990,#2991,#2992,#2993,#2994));
#703=EDGE_LOOP('',(#2995,#2996,#2997,#2998));
#704=EDGE_LOOP('',(#2999,#3000,#3001,#3002,#3003,#3004,#3005,#3006,#3007,
#3008,#3009,#3010,#3011,#3012));
#705=EDGE_LOOP('',(#3013,#3014,#3015,#3016));
#706=EDGE_LOOP('',(#3017,#3018,#3019,#3020));
#707=EDGE_LOOP('',(#3021,#3022,#3023,#3024));
#708=EDGE_LOOP('',(#3025,#3026,#3027,#3028));
#709=EDGE_LOOP('',(#3029,#3030,#3031,#3032));
#710=EDGE_LOOP('',(#3033,#3034,#3035,#3036));
#711=EDGE_LOOP('',(#3037,#3038,#3039,#3040,#3041,#3042));
#712=EDGE_LOOP('',(#3043,#3044,#3045,#3046));
#713=EDGE_LOOP('',(#3047,#3048,#3049,#3050,#3051,#3052,#3053,#3054,#3055,
#3056));
#714=EDGE_LOOP('',(#3057,#3058,#3059,#3060));
#715=EDGE_LOOP('',(#3061,#3062,#3063,#3064));
#716=EDGE_LOOP('',(#3065,#3066,#3067,#3068,#3069));
#717=EDGE_LOOP('',(#3070,#3071,#3072,#3073));
#718=EDGE_LOOP('',(#3074,#3075,#3076,#3077));
#719=EDGE_LOOP('',(#3078,#3079,#3080,#3081,#3082,#3083,#3084,#3085,#3086));
#720=EDGE_LOOP('',(#3087,#3088,#3089,#3090));
#721=EDGE_LOOP('',(#3091,#3092,#3093,#3094));
#722=EDGE_LOOP('',(#3095,#3096,#3097,#3098,#3099));
#723=EDGE_LOOP('',(#3100,#3101,#3102,#3103));
#724=EDGE_LOOP('',(#3104,#3105,#3106,#3107));
#725=EDGE_LOOP('',(#3108,#3109,#3110,#3111,#3112,#3113,#3114,#3115,#3116));
#726=EDGE_LOOP('',(#3117,#3118,#3119,#3120));
#727=EDGE_LOOP('',(#3121,#3122,#3123,#3124,#3125,#3126,#3127,#3128,#3129,
#3130,#3131,#3132));
#728=EDGE_LOOP('',(#3133,#3134,#3135,#3136));
#729=EDGE_LOOP('',(#3137,#3138,#3139));
#730=EDGE_LOOP('',(#3140,#3141,#3142));
#731=EDGE_LOOP('',(#3143,#3144,#3145,#3146));
#732=EDGE_LOOP('',(#3147,#3148,#3149,#3150));
#733=EDGE_LOOP('',(#3151,#3152,#3153,#3154,#3155,#3156,#3157,#3158,#3159,
#3160,#3161,#3162,#3163,#3164,#3165,#3166,#3167,#3168,#3169,#3170,#3171,
#3172,#3173,#3174,#3175,#3176));
#734=EDGE_LOOP('',(#3177,#3178,#3179));
#735=EDGE_LOOP('',(#3180,#3181,#3182));
#736=EDGE_LOOP('',(#3183,#3184,#3185,#3186,#3187,#3188,#3189));
#737=EDGE_LOOP('',(#3190,#3191,#3192));
#738=EDGE_LOOP('',(#3193,#3194,#3195));
#739=EDGE_LOOP('',(#3196,#3197,#3198));
#740=EDGE_LOOP('',(#3199,#3200,#3201,#3202));
#741=EDGE_LOOP('',(#3203,#3204,#3205));
#742=EDGE_LOOP('',(#3206,#3207,#3208,#3209));
#743=EDGE_LOOP('',(#3210,#3211,#3212,#3213));
#744=EDGE_LOOP('',(#3214,#3215,#3216,#3217));
#745=EDGE_LOOP('',(#3218,#3219,#3220,#3221));
#746=EDGE_LOOP('',(#3222,#3223,#3224,#3225));
#747=EDGE_LOOP('',(#3226,#3227,#3228,#3229));
#748=EDGE_LOOP('',(#3230,#3231,#3232,#3233,#3234,#3235,#3236,#3237,#3238,
#3239,#3240,#3241,#3242,#3243,#3244,#3245,#3246,#3247,#3248,#3249,#3250,
#3251,#3252,#3253,#3254,#3255,#3256,#3257,#3258,#3259,#3260,#3261,#3262,
#3263,#3264,#3265,#3266,#3267,#3268,#3269,#3270,#3271,#3272,#3273,#3274,
#3275));
#749=EDGE_LOOP('',(#3276,#3277));
#750=EDGE_LOOP('',(#3278,#3279));
#751=EDGE_LOOP('',(#3280,#3281,#3282,#3283,#3284,#3285,#3286,#3287,#3288,
#3289,#3290,#3291));
#752=EDGE_LOOP('',(#3292,#3293,#3294,#3295,#3296,#3297,#3298,#3299,#3300,
#3301,#3302,#3303));
#753=EDGE_LOOP('',(#3304,#3305,#3306,#3307,#3308,#3309,#3310));
#754=EDGE_LOOP('',(#3311,#3312,#3313,#3314));
#755=EDGE_LOOP('',(#3315,#3316,#3317,#3318));
#756=EDGE_LOOP('',(#3319,#3320,#3321,#3322));
#757=EDGE_LOOP('',(#3323,#3324,#3325,#3326));
#758=EDGE_LOOP('',(#3327,#3328,#3329,#3330));
#759=EDGE_LOOP('',(#3331,#3332,#3333,#3334,#3335,#3336,#3337,#3338,#3339,
#3340,#3341,#3342));
#760=ELLIPSE('',#3858,25.,15.);
#761=ELLIPSE('',#3860,21.2132034355964,15.);
#762=ELLIPSE('',#3864,21.2132034355964,15.);
#763=ELLIPSE('',#3866,25.,15.0000000000001);
#764=ELLIPSE('',#3868,25.,15.0000000000001);
#765=ELLIPSE('',#3869,25.,15.);
#766=ELLIPSE('',#3870,25.,15.);
#767=ELLIPSE('',#3873,25.,15.0000000000001);
#768=ELLIPSE('',#3874,25.,14.9999999999999);
#769=ELLIPSE('',#3875,25.,15.0000000000001);
#770=ELLIPSE('',#3876,25.,14.9999999999999);
#771=ELLIPSE('',#3877,25.,15.0000000000001);
#772=ELLIPSE('',#3878,25.,14.9999999999999);
#773=ELLIPSE('',#3879,25.,15.0000000000001);
#774=ELLIPSE('',#3880,25.,14.9999999999999);
#775=ELLIPSE('',#3881,21.2132034355964,15.);
#776=ELLIPSE('',#3883,25.,15.);
#777=ELLIPSE('',#3884,25.,15.);
#778=ELLIPSE('',#3885,25.,15.);
#779=ELLIPSE('',#3886,25.,15.);
#780=ELLIPSE('',#3887,25.,15.);
#781=ELLIPSE('',#3888,25.,15.);
#782=ELLIPSE('',#3889,25.,15.);
#783=ELLIPSE('',#3890,25.,15.);
#784=ELLIPSE('',#3891,25.,15.);
#785=ELLIPSE('',#3893,25.,15.);
#786=ELLIPSE('',#3895,25.,15.);
#787=ELLIPSE('',#3896,25.,15.);
#788=ELLIPSE('',#3900,25.,15.);
#789=ELLIPSE('',#3901,25.,15.);
#790=ELLIPSE('',#3902,25.,15.);
#791=ELLIPSE('',#3903,25.,15.);
#792=ELLIPSE('',#3904,25.,15.);
#793=ELLIPSE('',#3905,25.,15.);
#794=ELLIPSE('',#3906,25.,15.);
#795=ELLIPSE('',#3907,25.,15.);
#796=ELLIPSE('',#3908,25.,15.);
#797=ELLIPSE('',#3909,25.,15.);
#798=ELLIPSE('',#3910,25.,15.);
#799=ELLIPSE('',#3911,25.,15.);
#800=ELLIPSE('',#3912,25.,15.);
#801=ELLIPSE('',#3913,25.,15.);
#802=ELLIPSE('',#3914,25.,15.);
#803=ELLIPSE('',#3915,25.,15.);
#804=ELLIPSE('',#3916,25.,15.);
#805=ELLIPSE('',#3917,25.,15.);
#806=ELLIPSE('',#3918,25.,15.);
#807=ELLIPSE('',#3919,25.,15.);
#808=ELLIPSE('',#3920,25.,15.);
#809=ELLIPSE('',#3921,25.,15.);
#810=ELLIPSE('',#3922,25.,15.);
#811=ELLIPSE('',#3923,25.,15.);
#812=ELLIPSE('',#3924,25.,15.);
#813=ELLIPSE('',#3925,25.,15.);
#814=ELLIPSE('',#3926,25.,15.);
#815=ELLIPSE('',#3927,25.,15.);
#816=ELLIPSE('',#3928,25.,15.);
#817=ELLIPSE('',#3929,25.,15.);
#818=ELLIPSE('',#3930,25.,15.);
#819=ELLIPSE('',#3931,25.,15.);
#820=ELLIPSE('',#3932,25.,15.);
#821=ELLIPSE('',#3933,25.,15.);
#822=ELLIPSE('',#3934,25.,15.);
#823=ELLIPSE('',#3935,25.,15.);
#824=ELLIPSE('',#3936,25.,15.);
#825=ELLIPSE('',#3937,25.,15.);
#826=ELLIPSE('',#3938,25.,15.);
#827=ELLIPSE('',#3939,25.,15.);
#828=ELLIPSE('',#3940,25.,15.);
#829=ELLIPSE('',#3941,25.,15.);
#830=ELLIPSE('',#3942,25.,15.);
#831=ELLIPSE('',#3943,25.,15.);
#832=ELLIPSE('',#3948,25.,15.);
#833=ELLIPSE('',#3949,25.,15.);
#834=ELLIPSE('',#3951,25.,15.);
#835=ELLIPSE('',#3953,25.,15.);
#836=ELLIPSE('',#3954,25.,15.);
#837=ELLIPSE('',#3955,25.,15.);
#838=ELLIPSE('',#3956,25.,15.);
#839=ELLIPSE('',#3957,25.,15.);
#840=ELLIPSE('',#3958,25.,15.);
#841=ELLIPSE('',#3959,25.,15.);
#842=ELLIPSE('',#3960,25.,15.);
#843=ELLIPSE('',#3961,25.,15.);
#844=ELLIPSE('',#3962,25.,15.);
#845=ELLIPSE('',#3963,25.,15.);
#846=ELLIPSE('',#3964,25.,15.);
#847=ELLIPSE('',#3965,25.,15.);
#848=ELLIPSE('',#3966,25.,15.);
#849=ELLIPSE('',#3967,25.,15.);
#850=ELLIPSE('',#3968,25.,15.);
#851=ELLIPSE('',#3969,25.,15.);
#852=ELLIPSE('',#3970,25.,15.);
#853=ELLIPSE('',#3971,25.,15.);
#854=ELLIPSE('',#3972,25.,15.);
#855=ELLIPSE('',#3975,21.2132034355964,15.);
#856=ELLIPSE('',#3991,7.07106781186548,5.);
#857=ELLIPSE('',#4012,7.07106781186548,5.);
#858=ELLIPSE('',#4169,7.07106781186548,5.);
#859=ELLIPSE('',#4264,7.07106781186548,5.);
#860=CIRCLE('',#3857,15.);
#861=CIRCLE('',#3861,15.);
#862=CIRCLE('',#3863,15.);
#863=CIRCLE('',#3867,15.);
#864=CIRCLE('',#3872,15.);
#865=CIRCLE('',#3882,15.);
#866=CIRCLE('',#3892,5.00000000000021);
#867=CIRCLE('',#3894,5.00000000000002);
#868=CIRCLE('',#3898,74.9999999999999);
#869=CIRCLE('',#3899,15.);
#870=CIRCLE('',#3945,15.);
#871=CIRCLE('',#3946,75.);
#872=CIRCLE('',#3947,15.);
#873=CIRCLE('',#3950,4.99999999999992);
#874=CIRCLE('',#3952,4.99999999999999);
#875=CIRCLE('',#3974,15.);
#876=CIRCLE('',#3977,5.);
#877=CIRCLE('',#3978,15.);
#878=CIRCLE('',#3979,5.);
#879=CIRCLE('',#3980,20.);
#880=CIRCLE('',#3981,4.99999999999992);
#881=CIRCLE('',#3983,5.);
#882=CIRCLE('',#3984,15.);
#883=CIRCLE('',#3985,15.);
#884=CIRCLE('',#3986,4.99999999999997);
#885=CIRCLE('',#3987,20.);
#886=CIRCLE('',#3988,5.00000000000006);
#887=CIRCLE('',#3990,5.);
#888=CIRCLE('',#3993,75.);
#889=CIRCLE('',#3994,5.);
#890=CIRCLE('',#3995,70.);
#891=CIRCLE('',#3997,105.);
#892=CIRCLE('',#3998,20.);
#893=CIRCLE('',#4001,5.);
#894=CIRCLE('',#4002,15.);
#895=CIRCLE('',#4003,15.);
#896=CIRCLE('',#4004,5.00000000000001);
#897=CIRCLE('',#4005,20.);
#898=CIRCLE('',#4007,5.);
#899=CIRCLE('',#4008,15.);
#900=CIRCLE('',#4009,5.00000000000001);
#901=CIRCLE('',#4010,20.);
#902=CIRCLE('',#4013,5.);
#903=CIRCLE('',#4015,15.);
#904=CIRCLE('',#4016,15.);
#905=CIRCLE('',#4019,5.);
#906=CIRCLE('',#4020,15.);
#907=CIRCLE('',#4021,15.);
#908=CIRCLE('',#4022,5.00000000000001);
#909=CIRCLE('',#4023,20.);
#910=CIRCLE('',#4025,5.);
#911=CIRCLE('',#4026,15.);
#912=CIRCLE('',#4027,5.00000000000001);
#913=CIRCLE('',#4028,20.);
#914=CIRCLE('',#4032,5.);
#915=CIRCLE('',#4033,15.);
#916=CIRCLE('',#4034,15.);
#917=CIRCLE('',#4035,5.00000000000001);
#918=CIRCLE('',#4036,20.);
#919=CIRCLE('',#4038,5.);
#920=CIRCLE('',#4039,15.);
#921=CIRCLE('',#4040,5.00000000000001);
#922=CIRCLE('',#4041,20.);
#923=CIRCLE('',#4045,5.);
#924=CIRCLE('',#4046,15.);
#925=CIRCLE('',#4047,5.);
#926=CIRCLE('',#4048,20.);
#927=CIRCLE('',#4049,5.);
#928=CIRCLE('',#4051,5.);
#929=CIRCLE('',#4052,15.);
#930=CIRCLE('',#4053,5.00000000000001);
#931=CIRCLE('',#4054,5.);
#932=CIRCLE('',#4056,5.00000000000001);
#933=CIRCLE('',#4057,5.);
#934=CIRCLE('',#4059,110.);
#935=CIRCLE('',#4062,5.);
#936=CIRCLE('',#4063,15.);
#937=CIRCLE('',#4064,5.00000000000001);
#938=CIRCLE('',#4065,20.);
#939=CIRCLE('',#4067,5.);
#940=CIRCLE('',#4068,15.);
#941=CIRCLE('',#4069,5.00000000000001);
#942=CIRCLE('',#4070,20.);
#943=CIRCLE('',#4072,20.);
#944=CIRCLE('',#4075,5.);
#945=CIRCLE('',#4076,15.);
#946=CIRCLE('',#4077,4.99999999999998);
#947=CIRCLE('',#4079,5.);
#948=CIRCLE('',#4080,15.);
#949=CIRCLE('',#4081,5.00000000000002);
#950=CIRCLE('',#4082,20.);
#951=CIRCLE('',#4084,20.);
#952=CIRCLE('',#4087,5.);
#953=CIRCLE('',#4088,15.);
#954=CIRCLE('',#4089,5.00000000000001);
#955=CIRCLE('',#4090,20.);
#956=CIRCLE('',#4092,5.);
#957=CIRCLE('',#4093,15.);
#958=CIRCLE('',#4094,5.00000000000002);
#959=CIRCLE('',#4095,20.);
#960=CIRCLE('',#4099,5.);
#961=CIRCLE('',#4100,15.);
#962=CIRCLE('',#4101,5.00000000000001);
#963=CIRCLE('',#4103,5.);
#964=CIRCLE('',#4104,15.);
#965=CIRCLE('',#4105,5.00000000000002);
#966=CIRCLE('',#4106,20.);
#967=CIRCLE('',#4110,5.);
#968=CIRCLE('',#4111,15.);
#969=CIRCLE('',#4112,5.);
#970=CIRCLE('',#4113,20.);
#971=CIRCLE('',#4115,5.);
#972=CIRCLE('',#4116,15.);
#973=CIRCLE('',#4117,5.00000000000001);
#974=CIRCLE('',#4118,20.);
#975=CIRCLE('',#4122,5.);
#976=CIRCLE('',#4123,15.);
#977=CIRCLE('',#4124,5.00000000000001);
#978=CIRCLE('',#4125,20.);
#979=CIRCLE('',#4127,5.);
#980=CIRCLE('',#4128,15.);
#981=CIRCLE('',#4129,4.99999999999998);
#982=CIRCLE('',#4130,20.);
#983=CIRCLE('',#4132,20.);
#984=CIRCLE('',#4135,5.);
#985=CIRCLE('',#4136,15.);
#986=CIRCLE('',#4137,5.00000000000001);
#987=CIRCLE('',#4138,20.);
#988=CIRCLE('',#4140,5.);
#989=CIRCLE('',#4141,15.);
#990=CIRCLE('',#4142,5.);
#991=CIRCLE('',#4143,20.);
#992=CIRCLE('',#4147,5.);
#993=CIRCLE('',#4148,15.);
#994=CIRCLE('',#4149,5.00000000000001);
#995=CIRCLE('',#4151,5.);
#996=CIRCLE('',#4152,15.);
#997=CIRCLE('',#4153,5.00000000000001);
#998=CIRCLE('',#4154,20.);
#999=CIRCLE('',#4158,5.);
#1000=CIRCLE('',#4159,15.);
#1001=CIRCLE('',#4160,15.);
#1002=CIRCLE('',#4161,5.00000000000001);
#1003=CIRCLE('',#4162,20.);
#1004=CIRCLE('',#4164,5.);
#1005=CIRCLE('',#4165,15.);
#1006=CIRCLE('',#4166,5.00000000000001);
#1007=CIRCLE('',#4167,20.);
#1008=CIRCLE('',#4170,5.);
#1009=CIRCLE('',#4172,15.);
#1010=CIRCLE('',#4173,15.);
#1011=CIRCLE('',#4176,5.);
#1012=CIRCLE('',#4177,15.);
#1013=CIRCLE('',#4178,15.);
#1014=CIRCLE('',#4179,5.00000000000001);
#1015=CIRCLE('',#4180,20.);
#1016=CIRCLE('',#4182,5.);
#1017=CIRCLE('',#4183,15.);
#1018=CIRCLE('',#4184,5.00000000000001);
#1019=CIRCLE('',#4185,20.);
#1020=CIRCLE('',#4189,5.);
#1021=CIRCLE('',#4190,15.);
#1022=CIRCLE('',#4191,15.);
#1023=CIRCLE('',#4192,5.00000000000001);
#1024=CIRCLE('',#4193,20.);
#1025=CIRCLE('',#4195,5.);
#1026=CIRCLE('',#4196,15.);
#1027=CIRCLE('',#4197,5.00000000000001);
#1028=CIRCLE('',#4198,20.);
#1029=CIRCLE('',#4202,5.);
#1030=CIRCLE('',#4203,15.);
#1031=CIRCLE('',#4204,15.);
#1032=CIRCLE('',#4205,4.99999999999997);
#1033=CIRCLE('',#4206,20.);
#1034=CIRCLE('',#4207,4.99999999999993);
#1035=CIRCLE('',#4209,5.);
#1036=CIRCLE('',#4210,15.);
#1037=CIRCLE('',#4211,5.);
#1038=CIRCLE('',#4212,20.);
#1039=CIRCLE('',#4213,4.99999999999992);
#1040=CIRCLE('',#4215,70.);
#1041=CIRCLE('',#4216,4.99999999999999);
#1042=CIRCLE('',#4217,75.);
#1043=CIRCLE('',#4221,5.);
#1044=CIRCLE('',#4222,15.);
#1045=CIRCLE('',#4223,5.);
#1046=CIRCLE('',#4224,20.);
#1047=CIRCLE('',#4225,5.);
#1048=CIRCLE('',#4227,5.);
#1049=CIRCLE('',#4228,15.);
#1050=CIRCLE('',#4229,5.00000000000001);
#1051=CIRCLE('',#4230,20.);
#1052=CIRCLE('',#4231,5.);
#1053=CIRCLE('',#4233,105.);
#1054=CIRCLE('',#4234,110.);
#1055=CIRCLE('',#4235,5.);
#1056=CIRCLE('',#4237,20.);
#1057=CIRCLE('',#4240,5.);
#1058=CIRCLE('',#4241,15.);
#1059=CIRCLE('',#4242,5.00000000000001);
#1060=CIRCLE('',#4244,5.);
#1061=CIRCLE('',#4245,15.);
#1062=CIRCLE('',#4246,5.00000000000002);
#1063=CIRCLE('',#4247,20.);
#1064=CIRCLE('',#4249,20.);
#1065=CIRCLE('',#4252,5.);
#1066=CIRCLE('',#4253,15.);
#1067=CIRCLE('',#4254,5.00000000000001);
#1068=CIRCLE('',#4256,5.);
#1069=CIRCLE('',#4257,15.);
#1070=CIRCLE('',#4258,5.00000000000002);
#1071=CIRCLE('',#4259,20.);
#1072=CIRCLE('',#4263,5.);
#1073=CIRCLE('',#4267,5.);
#1074=CIRCLE('',#4268,15.);
#1075=CIRCLE('',#4269,15.);
#1076=CIRCLE('',#4271,5.);
#1077=CIRCLE('',#4273,5.);
#1078=CIRCLE('',#4275,15.);
#1079=CIRCLE('',#4276,15.);
#1080=CIRCLE('',#4279,15.);
#1081=CIRCLE('',#4281,15.);
#1082=CIRCLE('',#4283,15.);
#1083=CIRCLE('',#4286,15.);
#1084=CIRCLE('',#4290,70.);
#1085=CIRCLE('',#4293,70.);
#1086=CIRCLE('',#4303,110.);
#1087=CIRCLE('',#4306,110.);
#1088=LINE('',#5342,#1209);
#1089=LINE('',#5349,#1210);
#1090=LINE('',#5356,#1211);
#1091=LINE('',#5363,#1212);
#1092=LINE('',#5463,#1213);
#1093=LINE('',#5468,#1214);
#1094=LINE('',#5473,#1215);
#1095=LINE('',#5477,#1216);
#1096=LINE('',#9327,#1217);
#1097=LINE('',#9328,#1218);
#1098=LINE('',#9329,#1219);
#1099=LINE('',#9330,#1220);
#1100=LINE('',#9521,#1221);
#1101=LINE('',#9525,#1222);
#1102=LINE('',#9527,#1223);
#1103=LINE('',#9539,#1224);
#1104=LINE('',#9551,#1225);
#1105=LINE('',#9562,#1226);
#1106=LINE('',#9581,#1227);
#1107=LINE('',#9737,#1228);
#1108=LINE('',#9749,#1229);
#1109=LINE('',#9760,#1230);
#1110=LINE('',#9762,#1231);
#1111=LINE('',#9764,#1232);
#1112=LINE('',#9768,#1233);
#1113=LINE('',#9775,#1234);
#1114=LINE('',#9920,#1235);
#1115=LINE('',#10065,#1236);
#1116=LINE('',#10260,#1237);
#1117=LINE('',#10271,#1238);
#1118=LINE('',#10283,#1239);
#1119=LINE('',#10295,#1240);
#1120=LINE('',#10307,#1241);
#1121=LINE('',#10319,#1242);
#1122=LINE('',#10331,#1243);
#1123=LINE('',#10343,#1244);
#1124=LINE('',#10355,#1245);
#1125=LINE('',#10367,#1246);
#1126=LINE('',#10379,#1247);
#1127=LINE('',#10390,#1248);
#1128=LINE('',#10394,#1249);
#1129=LINE('',#10553,#1250);
#1130=LINE('',#10556,#1251);
#1131=LINE('',#10713,#1252);
#1132=LINE('',#10716,#1253);
#1133=LINE('',#10874,#1254);
#1134=LINE('',#10876,#1255);
#1135=LINE('',#11032,#1256);
#1136=LINE('',#11034,#1257);
#1137=LINE('',#11192,#1258);
#1138=LINE('',#11194,#1259);
#1139=LINE('',#11353,#1260);
#1140=LINE('',#11356,#1261);
#1141=LINE('',#11514,#1262);
#1142=LINE('',#11516,#1263);
#1143=LINE('',#11672,#1264);
#1144=LINE('',#11674,#1265);
#1145=LINE('',#11841,#1266);
#1146=LINE('',#11843,#1267);
#1147=LINE('',#11847,#1268);
#1148=LINE('',#11857,#1269);
#1149=LINE('',#11869,#1270);
#1150=LINE('',#11880,#1271);
#1151=LINE('',#11883,#1272);
#1152=LINE('',#11888,#1273);
#1153=LINE('',#12043,#1274);
#1154=LINE('',#12045,#1275);
#1155=LINE('',#12200,#1276);
#1156=LINE('',#12202,#1277);
#1157=LINE('',#12404,#1278);
#1158=LINE('',#12406,#1279);
#1159=LINE('',#12614,#1280);
#1160=LINE('',#12617,#1281);
#1161=LINE('',#12774,#1282);
#1162=LINE('',#12777,#1283);
#1163=LINE('',#12933,#1284);
#1164=LINE('',#12935,#1285);
#1165=LINE('',#12939,#1286);
#1166=LINE('',#12943,#1287);
#1167=LINE('',#12946,#1288);
#1168=LINE('',#12947,#1289);
#1169=LINE('',#12950,#1290);
#1170=LINE('',#12953,#1291);
#1171=LINE('',#13114,#1292);
#1172=LINE('',#13117,#1293);
#1173=LINE('',#13120,#1294);
#1174=LINE('',#13123,#1295);
#1175=LINE('',#13125,#1296);
#1176=LINE('',#13284,#1297);
#1177=LINE('',#13286,#1298);
#1178=LINE('',#13287,#1299);
#1179=LINE('',#13300,#1300);
#1180=LINE('',#13301,#1301);
#1181=LINE('',#13304,#1302);
#1182=LINE('',#13308,#1303);
#1183=LINE('',#13309,#1304);
#1184=LINE('',#13312,#1305);
#1185=LINE('',#13316,#1306);
#1186=LINE('',#13317,#1307);
#1187=LINE('',#13319,#1308);
#1188=LINE('',#13320,#1309);
#1189=LINE('',#13321,#1310);
#1190=LINE('',#13322,#1311);
#1191=LINE('',#13323,#1312);
#1192=LINE('',#13324,#1313);
#1193=LINE('',#13325,#1314);
#1194=LINE('',#13326,#1315);
#1195=LINE('',#13327,#1316);
#1196=LINE('',#13328,#1317);
#1197=LINE('',#13329,#1318);
#1198=LINE('',#13333,#1319);
#1199=LINE('',#13335,#1320);
#1200=LINE('',#13338,#1321);
#1201=LINE('',#13339,#1322);
#1202=LINE('',#13342,#1323);
#1203=LINE('',#13343,#1324);
#1204=LINE('',#13346,#1325);
#1205=LINE('',#13350,#1326);
#1206=LINE('',#13351,#1327);
#1207=LINE('',#13354,#1328);
#1208=LINE('',#13357,#1329);
#1209=VECTOR('',#4313,15.);
#1210=VECTOR('',#4320,15.);
#1211=VECTOR('',#4327,15.);
#1212=VECTOR('',#4334,15.);
#1213=VECTOR('',#4353,15.);
#1214=VECTOR('',#4358,15.);
#1215=VECTOR('',#4363,15.);
#1216=VECTOR('',#4368,15.);
#1217=VECTOR('',#4559,15.);
#1218=VECTOR('',#4560,15.);
#1219=VECTOR('',#4561,15.);
#1220=VECTOR('',#4562,15.);
#1221=VECTOR('',#4593,10.);
#1222=VECTOR('',#4596,10.);
#1223=VECTOR('',#4597,10.);
#1224=VECTOR('',#4598,10.);
#1225=VECTOR('',#4599,10.);
#1226=VECTOR('',#4600,10.);
#1227=VECTOR('',#4617,15.);
#1228=VECTOR('',#4642,10.);
#1229=VECTOR('',#4643,10.);
#1230=VECTOR('',#4644,10.);
#1231=VECTOR('',#4645,10.);
#1232=VECTOR('',#4646,10.);
#1233=VECTOR('',#4649,10.);
#1234=VECTOR('',#4660,15.);
#1235=VECTOR('',#4687,15.);
#1236=VECTOR('',#4714,15.);
#1237=VECTOR('',#4741,10.);
#1238=VECTOR('',#4744,10.);
#1239=VECTOR('',#4745,10.);
#1240=VECTOR('',#4746,10.);
#1241=VECTOR('',#4747,10.);
#1242=VECTOR('',#4748,10.);
#1243=VECTOR('',#4749,10.);
#1244=VECTOR('',#4750,10.);
#1245=VECTOR('',#4751,10.);
#1246=VECTOR('',#4752,10.);
#1247=VECTOR('',#4753,10.);
#1248=VECTOR('',#4754,10.);
#1249=VECTOR('',#4761,15.);
#1250=VECTOR('',#4784,10.);
#1251=VECTOR('',#4789,15.);
#1252=VECTOR('',#4810,10.);
#1253=VECTOR('',#4815,15.);
#1254=VECTOR('',#4838,10.);
#1255=VECTOR('',#4841,15.);
#1256=VECTOR('',#4862,10.);
#1257=VECTOR('',#4865,15.);
#1258=VECTOR('',#4888,10.);
#1259=VECTOR('',#4891,15.);
#1260=VECTOR('',#4914,10.);
#1261=VECTOR('',#4919,15.);
#1262=VECTOR('',#4942,10.);
#1263=VECTOR('',#4945,15.);
#1264=VECTOR('',#4966,10.);
#1265=VECTOR('',#4969,15.);
#1266=VECTOR('',#4994,10.);
#1267=VECTOR('',#4995,10.);
#1268=VECTOR('',#4998,10.);
#1269=VECTOR('',#5001,10.);
#1270=VECTOR('',#5002,10.);
#1271=VECTOR('',#5003,10.);
#1272=VECTOR('',#5006,10.);
#1273=VECTOR('',#5013,15.);
#1274=VECTOR('',#5038,10.);
#1275=VECTOR('',#5041,15.);
#1276=VECTOR('',#5066,10.);
#1277=VECTOR('',#5069,15.);
#1278=VECTOR('',#5106,10.);
#1279=VECTOR('',#5109,15.);
#1280=VECTOR('',#5144,10.);
#1281=VECTOR('',#5149,15.);
#1282=VECTOR('',#5170,10.);
#1283=VECTOR('',#5175,15.);
#1284=VECTOR('',#5196,10.);
#1285=VECTOR('',#5199,15.);
#1286=VECTOR('',#5202,10.);
#1287=VECTOR('',#5205,10.);
#1288=VECTOR('',#5210,10.);
#1289=VECTOR('',#5211,10.);
#1290=VECTOR('',#5214,10.);
#1291=VECTOR('',#5217,10.);
#1292=VECTOR('',#5224,10.);
#1293=VECTOR('',#5227,10.);
#1294=VECTOR('',#5230,10.);
#1295=VECTOR('',#5233,10.);
#1296=VECTOR('',#5236,10.);
#1297=VECTOR('',#5243,10.);
#1298=VECTOR('',#5244,10.);
#1299=VECTOR('',#5245,10.);
#1300=VECTOR('',#5268,10.);
#1301=VECTOR('',#5269,10.);
#1302=VECTOR('',#5272,10.);
#1303=VECTOR('',#5277,10.);
#1304=VECTOR('',#5278,10.);
#1305=VECTOR('',#5281,10.);
#1306=VECTOR('',#5286,10.);
#1307=VECTOR('',#5287,10.);
#1308=VECTOR('',#5290,15.);
#1309=VECTOR('',#5291,15.);
#1310=VECTOR('',#5292,15.);
#1311=VECTOR('',#5293,15.);
#1312=VECTOR('',#5294,15.);
#1313=VECTOR('',#5295,15.);
#1314=VECTOR('',#5296,15.);
#1315=VECTOR('',#5297,15.);
#1316=VECTOR('',#5298,15.);
#1317=VECTOR('',#5299,15.);
#1318=VECTOR('',#5300,15.);
#1319=VECTOR('',#5307,15.);
#1320=VECTOR('',#5310,15.);
#1321=VECTOR('',#5313,10.);
#1322=VECTOR('',#5314,10.);
#1323=VECTOR('',#5317,10.);
#1324=VECTOR('',#5318,10.);
#1325=VECTOR('',#5321,10.);
#1326=VECTOR('',#5326,10.);
#1327=VECTOR('',#5327,10.);
#1328=VECTOR('',#5330,10.);
#1329=VECTOR('',#5335,10.);
#1330=VERTEX_POINT('',#5340);
#1331=VERTEX_POINT('',#5341);
#1332=VERTEX_POINT('',#5343);
#1333=VERTEX_POINT('',#5347);
#1334=VERTEX_POINT('',#5348);
#1335=VERTEX_POINT('',#5350);
#1336=VERTEX_POINT('',#5354);
#1337=VERTEX_POINT('',#5355);
#1338=VERTEX_POINT('',#5357);
#1339=VERTEX_POINT('',#5361);
#1340=VERTEX_POINT('',#5362);
#1341=VERTEX_POINT('',#5364);
#1342=VERTEX_POINT('',#5451);
#1343=VERTEX_POINT('',#5453);
#1344=VERTEX_POINT('',#5457);
#1345=VERTEX_POINT('',#5459);
#1346=VERTEX_POINT('',#5462);
#1347=VERTEX_POINT('',#5464);
#1348=VERTEX_POINT('',#5467);
#1349=VERTEX_POINT('',#5469);
#1350=VERTEX_POINT('',#5472);
#1351=VERTEX_POINT('',#5474);
#1352=VERTEX_POINT('',#5564);
#1353=VERTEX_POINT('',#5730);
#1354=VERTEX_POINT('',#5890);
#1355=VERTEX_POINT('',#5988);
#1356=VERTEX_POINT('',#6087);
#1357=VERTEX_POINT('',#6089);
#1358=VERTEX_POINT('',#6223);
#1359=VERTEX_POINT('',#6225);
#1360=VERTEX_POINT('',#6625);
#1361=VERTEX_POINT('',#6626);
#1362=VERTEX_POINT('',#6787);
#1363=VERTEX_POINT('',#6788);
#1364=VERTEX_POINT('',#6949);
#1365=VERTEX_POINT('',#6950);
#1366=VERTEX_POINT('',#7111);
#1367=VERTEX_POINT('',#7112);
#1368=VERTEX_POINT('',#7273);
#1369=VERTEX_POINT('',#7274);
#1370=VERTEX_POINT('',#7435);
#1371=VERTEX_POINT('',#7436);
#1372=VERTEX_POINT('',#7597);
#1373=VERTEX_POINT('',#7598);
#1374=VERTEX_POINT('',#7759);
#1375=VERTEX_POINT('',#7760);
#1376=VERTEX_POINT('',#7921);
#1377=VERTEX_POINT('',#7922);
#1378=VERTEX_POINT('',#8083);
#1379=VERTEX_POINT('',#8084);
#1380=VERTEX_POINT('',#8329);
#1381=VERTEX_POINT('',#8330);
#1382=VERTEX_POINT('',#8468);
#1383=VERTEX_POINT('',#8565);
#1384=VERTEX_POINT('',#8584);
#1385=VERTEX_POINT('',#8689);
#1386=VERTEX_POINT('',#8691);
#1387=VERTEX_POINT('',#8809);
#1388=VERTEX_POINT('',#8810);
#1389=VERTEX_POINT('',#8892);
#1390=VERTEX_POINT('',#8973);
#1391=VERTEX_POINT('',#8974);
#1392=VERTEX_POINT('',#9056);
#1393=VERTEX_POINT('',#9143);
#1394=VERTEX_POINT('',#9144);
#1395=VERTEX_POINT('',#9232);
#1396=VERTEX_POINT('',#9319);
#1397=VERTEX_POINT('',#9321);
#1398=VERTEX_POINT('',#9332);
#1399=VERTEX_POINT('',#9333);
#1400=VERTEX_POINT('',#9335);
#1401=VERTEX_POINT('',#9337);
#1402=VERTEX_POINT('',#9370);
#1403=VERTEX_POINT('',#9371);
#1404=VERTEX_POINT('',#9384);
#1405=VERTEX_POINT('',#9385);
#1406=VERTEX_POINT('',#9387);
#1407=VERTEX_POINT('',#9389);
#1408=VERTEX_POINT('',#9391);
#1409=VERTEX_POINT('',#9464);
#1410=VERTEX_POINT('',#9465);
#1411=VERTEX_POINT('',#9518);
#1412=VERTEX_POINT('',#9520);
#1413=VERTEX_POINT('',#9522);
#1414=VERTEX_POINT('',#9524);
#1415=VERTEX_POINT('',#9526);
#1416=VERTEX_POINT('',#9528);
#1417=VERTEX_POINT('',#9538);
#1418=VERTEX_POINT('',#9540);
#1419=VERTEX_POINT('',#9550);
#1420=VERTEX_POINT('',#9552);
#1421=VERTEX_POINT('',#9564);
#1422=VERTEX_POINT('',#9566);
#1423=VERTEX_POINT('',#9573);
#1424=VERTEX_POINT('',#9577);
#1425=VERTEX_POINT('',#9583);
#1426=VERTEX_POINT('',#9585);
#1427=VERTEX_POINT('',#9587);
#1428=VERTEX_POINT('',#9589);
#1429=VERTEX_POINT('',#9593);
#1430=VERTEX_POINT('',#9594);
#1431=VERTEX_POINT('',#9596);
#1432=VERTEX_POINT('',#9736);
#1433=VERTEX_POINT('',#9738);
#1434=VERTEX_POINT('',#9748);
#1435=VERTEX_POINT('',#9750);
#1436=VERTEX_POINT('',#9761);
#1437=VERTEX_POINT('',#9763);
#1438=VERTEX_POINT('',#9765);
#1439=VERTEX_POINT('',#9767);
#1440=VERTEX_POINT('',#9771);
#1441=VERTEX_POINT('',#9777);
#1442=VERTEX_POINT('',#9779);
#1443=VERTEX_POINT('',#9781);
#1444=VERTEX_POINT('',#9786);
#1445=VERTEX_POINT('',#9788);
#1446=VERTEX_POINT('',#9922);
#1447=VERTEX_POINT('',#9924);
#1448=VERTEX_POINT('',#9926);
#1449=VERTEX_POINT('',#9931);
#1450=VERTEX_POINT('',#9933);
#1451=VERTEX_POINT('',#10067);
#1452=VERTEX_POINT('',#10068);
#1453=VERTEX_POINT('',#10070);
#1454=VERTEX_POINT('',#10072);
#1455=VERTEX_POINT('',#10111);
#1456=VERTEX_POINT('',#10112);
#1457=VERTEX_POINT('',#10127);
#1458=VERTEX_POINT('',#10129);
#1459=VERTEX_POINT('',#10208);
#1460=VERTEX_POINT('',#10257);
#1461=VERTEX_POINT('',#10259);
#1462=VERTEX_POINT('',#10261);
#1463=VERTEX_POINT('',#10263);
#1464=VERTEX_POINT('',#10270);
#1465=VERTEX_POINT('',#10272);
#1466=VERTEX_POINT('',#10282);
#1467=VERTEX_POINT('',#10284);
#1468=VERTEX_POINT('',#10294);
#1469=VERTEX_POINT('',#10296);
#1470=VERTEX_POINT('',#10306);
#1471=VERTEX_POINT('',#10308);
#1472=VERTEX_POINT('',#10318);
#1473=VERTEX_POINT('',#10320);
#1474=VERTEX_POINT('',#10330);
#1475=VERTEX_POINT('',#10332);
#1476=VERTEX_POINT('',#10342);
#1477=VERTEX_POINT('',#10344);
#1478=VERTEX_POINT('',#10354);
#1479=VERTEX_POINT('',#10356);
#1480=VERTEX_POINT('',#10366);
#1481=VERTEX_POINT('',#10368);
#1482=VERTEX_POINT('',#10378);
#1483=VERTEX_POINT('',#10380);
#1484=VERTEX_POINT('',#10396);
#1485=VERTEX_POINT('',#10397);
#1486=VERTEX_POINT('',#10399);
#1487=VERTEX_POINT('',#10404);
#1488=VERTEX_POINT('',#10406);
#1489=VERTEX_POINT('',#10408);
#1490=VERTEX_POINT('',#10465);
#1491=VERTEX_POINT('',#10552);
#1492=VERTEX_POINT('',#10558);
#1493=VERTEX_POINT('',#10560);
#1494=VERTEX_POINT('',#10564);
#1495=VERTEX_POINT('',#10566);
#1496=VERTEX_POINT('',#10568);
#1497=VERTEX_POINT('',#10625);
#1498=VERTEX_POINT('',#10712);
#1499=VERTEX_POINT('',#10718);
#1500=VERTEX_POINT('',#10719);
#1501=VERTEX_POINT('',#10721);
#1502=VERTEX_POINT('',#10726);
#1503=VERTEX_POINT('',#10728);
#1504=VERTEX_POINT('',#10730);
#1505=VERTEX_POINT('',#10787);
#1506=VERTEX_POINT('',#10878);
#1507=VERTEX_POINT('',#10880);
#1508=VERTEX_POINT('',#10884);
#1509=VERTEX_POINT('',#10886);
#1510=VERTEX_POINT('',#10888);
#1511=VERTEX_POINT('',#10945);
#1512=VERTEX_POINT('',#11036);
#1513=VERTEX_POINT('',#11037);
#1514=VERTEX_POINT('',#11039);
#1515=VERTEX_POINT('',#11044);
#1516=VERTEX_POINT('',#11046);
#1517=VERTEX_POINT('',#11048);
#1518=VERTEX_POINT('',#11105);
#1519=VERTEX_POINT('',#11196);
#1520=VERTEX_POINT('',#11197);
#1521=VERTEX_POINT('',#11199);
#1522=VERTEX_POINT('',#11204);
#1523=VERTEX_POINT('',#11206);
#1524=VERTEX_POINT('',#11208);
#1525=VERTEX_POINT('',#11265);
#1526=VERTEX_POINT('',#11352);
#1527=VERTEX_POINT('',#11358);
#1528=VERTEX_POINT('',#11359);
#1529=VERTEX_POINT('',#11361);
#1530=VERTEX_POINT('',#11366);
#1531=VERTEX_POINT('',#11368);
#1532=VERTEX_POINT('',#11370);
#1533=VERTEX_POINT('',#11427);
#1534=VERTEX_POINT('',#11518);
#1535=VERTEX_POINT('',#11520);
#1536=VERTEX_POINT('',#11524);
#1537=VERTEX_POINT('',#11526);
#1538=VERTEX_POINT('',#11528);
#1539=VERTEX_POINT('',#11585);
#1540=VERTEX_POINT('',#11676);
#1541=VERTEX_POINT('',#11677);
#1542=VERTEX_POINT('',#11679);
#1543=VERTEX_POINT('',#11681);
#1544=VERTEX_POINT('',#11683);
#1545=VERTEX_POINT('',#11687);
#1546=VERTEX_POINT('',#11688);
#1547=VERTEX_POINT('',#11690);
#1548=VERTEX_POINT('',#11692);
#1549=VERTEX_POINT('',#11840);
#1550=VERTEX_POINT('',#11842);
#1551=VERTEX_POINT('',#11844);
#1552=VERTEX_POINT('',#11846);
#1553=VERTEX_POINT('',#11848);
#1554=VERTEX_POINT('',#11850);
#1555=VERTEX_POINT('',#11856);
#1556=VERTEX_POINT('',#11858);
#1557=VERTEX_POINT('',#11868);
#1558=VERTEX_POINT('',#11870);
#1559=VERTEX_POINT('',#11882);
#1560=VERTEX_POINT('',#11884);
#1561=VERTEX_POINT('',#11890);
#1562=VERTEX_POINT('',#11891);
#1563=VERTEX_POINT('',#11893);
#1564=VERTEX_POINT('',#11895);
#1565=VERTEX_POINT('',#11900);
#1566=VERTEX_POINT('',#11902);
#1567=VERTEX_POINT('',#11904);
#1568=VERTEX_POINT('',#12047);
#1569=VERTEX_POINT('',#12048);
#1570=VERTEX_POINT('',#12050);
#1571=VERTEX_POINT('',#12052);
#1572=VERTEX_POINT('',#12057);
#1573=VERTEX_POINT('',#12059);
#1574=VERTEX_POINT('',#12061);
#1575=VERTEX_POINT('',#12204);
#1576=VERTEX_POINT('',#12205);
#1577=VERTEX_POINT('',#12207);
#1578=VERTEX_POINT('',#12209);
#1579=VERTEX_POINT('',#12211);
#1580=VERTEX_POINT('',#12244);
#1581=VERTEX_POINT('',#12257);
#1582=VERTEX_POINT('',#12259);
#1583=VERTEX_POINT('',#12261);
#1584=VERTEX_POINT('',#12335);
#1585=VERTEX_POINT('',#12336);
#1586=VERTEX_POINT('',#12391);
#1587=VERTEX_POINT('',#12393);
#1588=VERTEX_POINT('',#12395);
#1589=VERTEX_POINT('',#12408);
#1590=VERTEX_POINT('',#12410);
#1591=VERTEX_POINT('',#12412);
#1592=VERTEX_POINT('',#12451);
#1593=VERTEX_POINT('',#12466);
#1594=VERTEX_POINT('',#12468);
#1595=VERTEX_POINT('',#12470);
#1596=VERTEX_POINT('',#12551);
#1597=VERTEX_POINT('',#12609);
#1598=VERTEX_POINT('',#12613);
#1599=VERTEX_POINT('',#12619);
#1600=VERTEX_POINT('',#12621);
#1601=VERTEX_POINT('',#12625);
#1602=VERTEX_POINT('',#12627);
#1603=VERTEX_POINT('',#12629);
#1604=VERTEX_POINT('',#12686);
#1605=VERTEX_POINT('',#12773);
#1606=VERTEX_POINT('',#12779);
#1607=VERTEX_POINT('',#12781);
#1608=VERTEX_POINT('',#12785);
#1609=VERTEX_POINT('',#12787);
#1610=VERTEX_POINT('',#12789);
#1611=VERTEX_POINT('',#12846);
#1612=VERTEX_POINT('',#12937);
#1613=VERTEX_POINT('',#12938);
#1614=VERTEX_POINT('',#12940);
#1615=VERTEX_POINT('',#12942);
#1616=VERTEX_POINT('',#12949);
#1617=VERTEX_POINT('',#12951);
#1618=VERTEX_POINT('',#13026);
#1619=VERTEX_POINT('',#13100);
#1620=VERTEX_POINT('',#13113);
#1621=VERTEX_POINT('',#13115);
#1622=VERTEX_POINT('',#13119);
#1623=VERTEX_POINT('',#13121);
#1624=VERTEX_POINT('',#13283);
#1625=VERTEX_POINT('',#13285);
#1626=VERTEX_POINT('',#13299);
#1627=VERTEX_POINT('',#13303);
#1628=VERTEX_POINT('',#13307);
#1629=VERTEX_POINT('',#13311);
#1630=VERTEX_POINT('',#13315);
#1631=VERTEX_POINT('',#13337);
#1632=VERTEX_POINT('',#13341);
#1633=VERTEX_POINT('',#13345);
#1634=VERTEX_POINT('',#13349);
#1635=VERTEX_POINT('',#13353);
#1636=EDGE_CURVE('',#1330,#1331,#1088,.T.);
#1637=EDGE_CURVE('',#1332,#1330,#860,.T.);
#1638=EDGE_CURVE('',#1331,#1332,#760,.T.);
#1639=EDGE_CURVE('',#1333,#1334,#1089,.T.);
#1640=EDGE_CURVE('',#1335,#1333,#761,.T.);
#1641=EDGE_CURVE('',#1334,#1335,#861,.T.);
#1642=EDGE_CURVE('',#1336,#1337,#1090,.T.);
#1643=EDGE_CURVE('',#1338,#1336,#862,.T.);
#1644=EDGE_CURVE('',#1337,#1338,#762,.T.);
#1645=EDGE_CURVE('',#1339,#1340,#1091,.T.);
#1646=EDGE_CURVE('',#1341,#1339,#763,.T.);
#1647=EDGE_CURVE('',#1341,#1340,#863,.T.);
#1648=EDGE_CURVE('',#1342,#1337,#764,.T.);
#1649=EDGE_CURVE('',#1337,#1343,#765,.T.);
#1650=EDGE_CURVE('',#1343,#1342,#766,.T.);
#1651=EDGE_CURVE('',#1340,#1344,#864,.T.);
#1652=EDGE_CURVE('',#1345,#1344,#767,.T.);
#1653=EDGE_CURVE('',#1339,#1345,#768,.T.);
#1654=EDGE_CURVE('',#1346,#1339,#1092,.T.);
#1655=EDGE_CURVE('',#1347,#1346,#769,.T.);
#1656=EDGE_CURVE('',#1346,#1347,#770,.T.);
#1657=EDGE_CURVE('',#1348,#1346,#1093,.T.);
#1658=EDGE_CURVE('',#1349,#1348,#771,.T.);
#1659=EDGE_CURVE('',#1348,#1349,#772,.T.);
#1660=EDGE_CURVE('',#1350,#1348,#1094,.T.);
#1661=EDGE_CURVE('',#1351,#1350,#773,.T.);
#1662=EDGE_CURVE('',#1350,#1351,#774,.T.);
#1663=EDGE_CURVE('',#1337,#1350,#1095,.T.);
#1664=EDGE_CURVE('',#1338,#1342,#775,.T.);
#1665=EDGE_CURVE('',#1336,#1338,#865,.T.);
#1666=EDGE_CURVE('',#1350,#1352,#776,.T.);
#1667=EDGE_CURVE('',#1352,#1351,#777,.T.);
#1668=EDGE_CURVE('',#1351,#1350,#778,.T.);
#1669=EDGE_CURVE('',#1348,#1353,#779,.T.);
#1670=EDGE_CURVE('',#1353,#1349,#780,.T.);
#1671=EDGE_CURVE('',#1349,#1348,#781,.T.);
#1672=EDGE_CURVE('',#1346,#1354,#782,.T.);
#1673=EDGE_CURVE('',#1354,#1347,#783,.T.);
#1674=EDGE_CURVE('',#1347,#1346,#784,.T.);
#1675=EDGE_CURVE('',#1344,#1355,#866,.T.);
#1676=EDGE_CURVE('',#1355,#1345,#785,.T.);
#1677=EDGE_CURVE('',#1341,#1356,#867,.T.);
#1678=EDGE_CURVE('',#1356,#1357,#96,.T.);
#1679=EDGE_CURVE('',#1357,#1355,#97,.T.);
#1680=EDGE_CURVE('',#1344,#1341,#98,.T.);
#1681=EDGE_CURVE('',#1339,#1356,#786,.T.);
#1682=EDGE_CURVE('',#1345,#1339,#787,.T.);
#1683=EDGE_CURVE('',#1340,#1358,#868,.T.);
#1684=EDGE_CURVE('',#1358,#1359,#869,.T.);
#1685=EDGE_CURVE('',#1358,#1359,#99,.T.);
#1686=EDGE_CURVE('',#1359,#1358,#788,.T.);
#1687=EDGE_CURVE('',#1358,#1359,#789,.T.);
#1688=EDGE_CURVE('',#1359,#1358,#100,.T.);
#1689=EDGE_CURVE('',#1360,#1361,#790,.T.);
#1690=EDGE_CURVE('',#1361,#1360,#791,.T.);
#1691=EDGE_CURVE('',#1361,#1360,#792,.T.);
#1692=EDGE_CURVE('',#1360,#1361,#793,.T.);
#1693=EDGE_CURVE('',#1362,#1363,#794,.T.);
#1694=EDGE_CURVE('',#1363,#1362,#795,.T.);
#1695=EDGE_CURVE('',#1363,#1362,#796,.T.);
#1696=EDGE_CURVE('',#1362,#1363,#797,.T.);
#1697=EDGE_CURVE('',#1364,#1365,#798,.T.);
#1698=EDGE_CURVE('',#1365,#1364,#799,.T.);
#1699=EDGE_CURVE('',#1365,#1364,#800,.T.);
#1700=EDGE_CURVE('',#1364,#1365,#801,.T.);
#1701=EDGE_CURVE('',#1366,#1367,#802,.T.);
#1702=EDGE_CURVE('',#1367,#1366,#803,.T.);
#1703=EDGE_CURVE('',#1367,#1366,#804,.T.);
#1704=EDGE_CURVE('',#1366,#1367,#805,.T.);
#1705=EDGE_CURVE('',#1368,#1369,#806,.T.);
#1706=EDGE_CURVE('',#1369,#1368,#807,.T.);
#1707=EDGE_CURVE('',#1369,#1368,#808,.T.);
#1708=EDGE_CURVE('',#1368,#1369,#809,.T.);
#1709=EDGE_CURVE('',#1370,#1371,#810,.T.);
#1710=EDGE_CURVE('',#1371,#1370,#811,.T.);
#1711=EDGE_CURVE('',#1371,#1370,#812,.T.);
#1712=EDGE_CURVE('',#1370,#1371,#813,.T.);
#1713=EDGE_CURVE('',#1372,#1373,#814,.T.);
#1714=EDGE_CURVE('',#1373,#1372,#815,.T.);
#1715=EDGE_CURVE('',#1373,#1372,#816,.T.);
#1716=EDGE_CURVE('',#1372,#1373,#817,.T.);
#1717=EDGE_CURVE('',#1374,#1375,#818,.T.);
#1718=EDGE_CURVE('',#1375,#1374,#819,.T.);
#1719=EDGE_CURVE('',#1375,#1374,#820,.T.);
#1720=EDGE_CURVE('',#1374,#1375,#821,.T.);
#1721=EDGE_CURVE('',#1376,#1377,#822,.T.);
#1722=EDGE_CURVE('',#1377,#1376,#823,.T.);
#1723=EDGE_CURVE('',#1377,#1376,#824,.T.);
#1724=EDGE_CURVE('',#1376,#1377,#825,.T.);
#1725=EDGE_CURVE('',#1378,#1379,#826,.T.);
#1726=EDGE_CURVE('',#1379,#1378,#827,.T.);
#1727=EDGE_CURVE('',#1379,#1378,#828,.T.);
#1728=EDGE_CURVE('',#1378,#1379,#829,.T.);
#1729=EDGE_CURVE('',#1380,#1381,#101,.T.);
#1730=EDGE_CURVE('',#1381,#1380,#102,.T.);
#1731=EDGE_CURVE('',#1381,#1380,#830,.T.);
#1732=EDGE_CURVE('',#1380,#1381,#831,.T.);
#1733=EDGE_CURVE('',#1381,#1380,#870,.T.);
#1734=EDGE_CURVE('',#1381,#1330,#871,.T.);
#1735=EDGE_CURVE('',#1330,#1382,#872,.T.);
#1736=EDGE_CURVE('',#1332,#1382,#103,.T.);
#1737=EDGE_CURVE('',#1383,#1331,#832,.T.);
#1738=EDGE_CURVE('',#1331,#1383,#833,.T.);
#1739=EDGE_CURVE('',#1332,#1384,#873,.T.);
#1740=EDGE_CURVE('',#1384,#1331,#834,.T.);
#1741=EDGE_CURVE('',#1382,#1385,#874,.T.);
#1742=EDGE_CURVE('',#1385,#1386,#104,.T.);
#1743=EDGE_CURVE('',#1386,#1384,#105,.T.);
#1744=EDGE_CURVE('',#1382,#1383,#835,.T.);
#1745=EDGE_CURVE('',#1383,#1385,#836,.T.);
#1746=EDGE_CURVE('',#1387,#1388,#837,.T.);
#1747=EDGE_CURVE('',#1388,#1387,#838,.T.);
#1748=EDGE_CURVE('',#1388,#1387,#839,.T.);
#1749=EDGE_CURVE('',#1387,#1389,#840,.T.);
#1750=EDGE_CURVE('',#1389,#1388,#841,.T.);
#1751=EDGE_CURVE('',#1390,#1391,#842,.T.);
#1752=EDGE_CURVE('',#1391,#1390,#843,.T.);
#1753=EDGE_CURVE('',#1391,#1390,#844,.T.);
#1754=EDGE_CURVE('',#1390,#1392,#845,.T.);
#1755=EDGE_CURVE('',#1392,#1391,#846,.T.);
#1756=EDGE_CURVE('',#1393,#1394,#847,.T.);
#1757=EDGE_CURVE('',#1394,#1393,#848,.T.);
#1758=EDGE_CURVE('',#1394,#1393,#849,.T.);
#1759=EDGE_CURVE('',#1393,#1395,#850,.T.);
#1760=EDGE_CURVE('',#1395,#1394,#851,.T.);
#1761=EDGE_CURVE('',#1333,#1396,#852,.T.);
#1762=EDGE_CURVE('',#1396,#1397,#853,.T.);
#1763=EDGE_CURVE('',#1397,#1333,#854,.T.);
#1764=EDGE_CURVE('',#1335,#1334,#875,.T.);
#1765=EDGE_CURVE('',#1396,#1335,#855,.T.);
#1766=EDGE_CURVE('',#1394,#1333,#1096,.T.);
#1767=EDGE_CURVE('',#1391,#1394,#1097,.T.);
#1768=EDGE_CURVE('',#1388,#1391,#1098,.T.);
#1769=EDGE_CURVE('',#1331,#1388,#1099,.T.);
#1770=EDGE_CURVE('',#1398,#1399,#876,.T.);
#1771=EDGE_CURVE('',#1399,#1400,#877,.T.);
#1772=EDGE_CURVE('',#1400,#1401,#878,.T.);
#1773=EDGE_CURVE('',#1401,#1398,#879,.T.);
#1774=EDGE_CURVE('',#1402,#1403,#880,.T.);
#1775=EDGE_CURVE('',#1403,#1401,#106,.T.);
#1776=EDGE_CURVE('',#1400,#1402,#107,.T.);
#1777=EDGE_CURVE('',#1404,#1405,#881,.T.);
#1778=EDGE_CURVE('',#1405,#1406,#882,.T.);
#1779=EDGE_CURVE('',#1406,#1407,#883,.T.);
#1780=EDGE_CURVE('',#1407,#1408,#884,.T.);
#1781=EDGE_CURVE('',#1408,#1404,#885,.T.);
#1782=EDGE_CURVE('',#1404,#1403,#108,.T.);
#1783=EDGE_CURVE('',#1402,#1405,#109,.T.);
#1784=EDGE_CURVE('',#1409,#1410,#886,.T.);
#1785=EDGE_CURVE('',#1410,#1408,#110,.T.);
#1786=EDGE_CURVE('',#1407,#1409,#111,.T.);
#1787=EDGE_CURVE('',#1398,#1410,#112,.T.);
#1788=EDGE_CURVE('',#1409,#1399,#113,.T.);
#1789=EDGE_CURVE('',#1411,#1403,#887,.T.);
#1790=EDGE_CURVE('',#1411,#1412,#1100,.T.);
#1791=EDGE_CURVE('',#1413,#1412,#856,.T.);
#1792=EDGE_CURVE('',#1413,#1414,#1101,.T.);
#1793=EDGE_CURVE('',#1414,#1415,#1102,.T.);
#1794=EDGE_CURVE('',#1416,#1415,#114,.T.);
#1795=EDGE_CURVE('',#1416,#1417,#1103,.T.);
#1796=EDGE_CURVE('',#1418,#1417,#115,.T.);
#1797=EDGE_CURVE('',#1418,#1419,#1104,.T.);
#1798=EDGE_CURVE('',#1420,#1419,#116,.T.);
#1799=EDGE_CURVE('',#1420,#1401,#1105,.T.);
#1800=EDGE_CURVE('',#1404,#1421,#888,.T.);
#1801=EDGE_CURVE('',#1422,#1421,#117,.T.);
#1802=EDGE_CURVE('',#1423,#1422,#889,.T.);
#1803=EDGE_CURVE('',#1423,#1411,#890,.T.);
#1804=EDGE_CURVE('',#1424,#1408,#891,.T.);
#1805=EDGE_CURVE('',#1421,#1424,#892,.T.);
#1806=EDGE_CURVE('',#1386,#1406,#1106,.T.);
#1807=EDGE_CURVE('',#1416,#1425,#893,.T.);
#1808=EDGE_CURVE('',#1425,#1426,#894,.T.);
#1809=EDGE_CURVE('',#1426,#1427,#895,.T.);
#1810=EDGE_CURVE('',#1427,#1428,#896,.T.);
#1811=EDGE_CURVE('',#1428,#1416,#897,.T.);
#1812=EDGE_CURVE('',#1429,#1430,#898,.T.);
#1813=EDGE_CURVE('',#1430,#1431,#899,.T.);
#1814=EDGE_CURVE('',#1431,#1415,#900,.T.);
#1815=EDGE_CURVE('',#1415,#1429,#901,.T.);
#1816=EDGE_CURVE('',#1429,#1428,#118,.T.);
#1817=EDGE_CURVE('',#1427,#1430,#119,.T.);
#1818=EDGE_CURVE('',#1431,#1425,#120,.T.);
#1819=EDGE_CURVE('',#1398,#1432,#1107,.T.);
#1820=EDGE_CURVE('',#1433,#1432,#121,.T.);
#1821=EDGE_CURVE('',#1433,#1434,#1108,.T.);
#1822=EDGE_CURVE('',#1435,#1434,#122,.T.);
#1823=EDGE_CURVE('',#1435,#1428,#1109,.T.);
#1824=EDGE_CURVE('',#1429,#1436,#1110,.T.);
#1825=EDGE_CURVE('',#1436,#1437,#1111,.T.);
#1826=EDGE_CURVE('',#1437,#1438,#857,.T.);
#1827=EDGE_CURVE('',#1438,#1439,#1112,.T.);
#1828=EDGE_CURVE('',#1439,#1410,#902,.T.);
#1829=EDGE_CURVE('',#1414,#1440,#903,.T.);
#1830=EDGE_CURVE('',#1440,#1436,#904,.T.);
#1831=EDGE_CURVE('',#1395,#1426,#1113,.T.);
#1832=EDGE_CURVE('',#1418,#1441,#905,.T.);
#1833=EDGE_CURVE('',#1441,#1442,#906,.T.);
#1834=EDGE_CURVE('',#1442,#1443,#907,.T.);
#1835=EDGE_CURVE('',#1443,#1434,#908,.T.);
#1836=EDGE_CURVE('',#1434,#1418,#909,.T.);
#1837=EDGE_CURVE('',#1435,#1444,#910,.T.);
#1838=EDGE_CURVE('',#1444,#1445,#911,.T.);
#1839=EDGE_CURVE('',#1445,#1417,#912,.T.);
#1840=EDGE_CURVE('',#1417,#1435,#913,.T.);
#1841=EDGE_CURVE('',#1443,#1444,#123,.T.);
#1842=EDGE_CURVE('',#1445,#1441,#124,.T.);
#1843=EDGE_CURVE('',#1392,#1442,#1114,.T.);
#1844=EDGE_CURVE('',#1420,#1446,#914,.T.);
#1845=EDGE_CURVE('',#1446,#1447,#915,.T.);
#1846=EDGE_CURVE('',#1447,#1448,#916,.T.);
#1847=EDGE_CURVE('',#1448,#1432,#917,.T.);
#1848=EDGE_CURVE('',#1432,#1420,#918,.T.);
#1849=EDGE_CURVE('',#1433,#1449,#919,.T.);
#1850=EDGE_CURVE('',#1449,#1450,#920,.T.);
#1851=EDGE_CURVE('',#1450,#1419,#921,.T.);
#1852=EDGE_CURVE('',#1419,#1433,#922,.T.);
#1853=EDGE_CURVE('',#1448,#1449,#125,.T.);
#1854=EDGE_CURVE('',#1450,#1446,#126,.T.);
#1855=EDGE_CURVE('',#1389,#1447,#1115,.T.);
#1856=EDGE_CURVE('',#1451,#1452,#923,.T.);
#1857=EDGE_CURVE('',#1452,#1453,#924,.T.);
#1858=EDGE_CURVE('',#1453,#1454,#925,.T.);
#1859=EDGE_CURVE('',#1454,#1451,#926,.T.);
#1860=EDGE_CURVE('',#1455,#1456,#927,.T.);
#1861=EDGE_CURVE('',#1456,#1454,#127,.T.);
#1862=EDGE_CURVE('',#1453,#1455,#128,.T.);
#1863=EDGE_CURVE('',#1424,#1457,#928,.T.);
#1864=EDGE_CURVE('',#1457,#1458,#929,.T.);
#1865=EDGE_CURVE('',#1458,#1421,#930,.T.);
#1866=EDGE_CURVE('',#1424,#1456,#129,.T.);
#1867=EDGE_CURVE('',#1455,#1457,#130,.T.);
#1868=EDGE_CURVE('',#1459,#1422,#931,.T.);
#1869=EDGE_CURVE('',#1458,#1459,#131,.T.);
#1870=EDGE_CURVE('',#1451,#1422,#132,.T.);
#1871=EDGE_CURVE('',#1459,#1452,#133,.T.);
#1872=EDGE_CURVE('',#1460,#1456,#932,.T.);
#1873=EDGE_CURVE('',#1460,#1461,#1116,.T.);
#1874=EDGE_CURVE('',#1461,#1462,#933,.T.);
#1875=EDGE_CURVE('',#1463,#1462,#134,.T.);
#1876=EDGE_CURVE('',#1463,#1464,#1117,.T.);
#1877=EDGE_CURVE('',#1465,#1464,#135,.T.);
#1878=EDGE_CURVE('',#1465,#1466,#1118,.T.);
#1879=EDGE_CURVE('',#1467,#1466,#136,.T.);
#1880=EDGE_CURVE('',#1467,#1468,#1119,.T.);
#1881=EDGE_CURVE('',#1469,#1468,#137,.T.);
#1882=EDGE_CURVE('',#1469,#1470,#1120,.T.);
#1883=EDGE_CURVE('',#1471,#1470,#138,.T.);
#1884=EDGE_CURVE('',#1471,#1472,#1121,.T.);
#1885=EDGE_CURVE('',#1473,#1472,#139,.T.);
#1886=EDGE_CURVE('',#1473,#1474,#1122,.T.);
#1887=EDGE_CURVE('',#1475,#1474,#140,.T.);
#1888=EDGE_CURVE('',#1475,#1476,#1123,.T.);
#1889=EDGE_CURVE('',#1477,#1476,#141,.T.);
#1890=EDGE_CURVE('',#1477,#1478,#1124,.T.);
#1891=EDGE_CURVE('',#1479,#1478,#142,.T.);
#1892=EDGE_CURVE('',#1479,#1480,#1125,.T.);
#1893=EDGE_CURVE('',#1481,#1480,#143,.T.);
#1894=EDGE_CURVE('',#1481,#1482,#1126,.T.);
#1895=EDGE_CURVE('',#1483,#1482,#144,.T.);
#1896=EDGE_CURVE('',#1483,#1454,#1127,.T.);
#1897=EDGE_CURVE('',#1439,#1460,#934,.T.);
#1898=EDGE_CURVE('',#1380,#1455,#1128,.T.);
#1899=EDGE_CURVE('',#1484,#1485,#935,.T.);
#1900=EDGE_CURVE('',#1485,#1486,#936,.T.);
#1901=EDGE_CURVE('',#1486,#1476,#937,.T.);
#1902=EDGE_CURVE('',#1476,#1484,#938,.T.);
#1903=EDGE_CURVE('',#1477,#1487,#939,.T.);
#1904=EDGE_CURVE('',#1487,#1488,#940,.T.);
#1905=EDGE_CURVE('',#1488,#1489,#941,.T.);
#1906=EDGE_CURVE('',#1489,#1477,#942,.T.);
#1907=EDGE_CURVE('',#1486,#1490,#145,.T.);
#1908=EDGE_CURVE('',#1490,#1487,#146,.T.);
#1909=EDGE_CURVE('',#1484,#1489,#147,.T.);
#1910=EDGE_CURVE('',#1488,#1485,#148,.T.);
#1911=EDGE_CURVE('',#1491,#1489,#1129,.T.);
#1912=EDGE_CURVE('',#1478,#1491,#943,.T.);
#1913=EDGE_CURVE('',#1372,#1490,#1130,.T.);
#1914=EDGE_CURVE('',#1491,#1492,#944,.T.);
#1915=EDGE_CURVE('',#1492,#1493,#945,.T.);
#1916=EDGE_CURVE('',#1493,#1478,#946,.T.);
#1917=EDGE_CURVE('',#1479,#1494,#947,.T.);
#1918=EDGE_CURVE('',#1494,#1495,#948,.T.);
#1919=EDGE_CURVE('',#1495,#1496,#949,.T.);
#1920=EDGE_CURVE('',#1496,#1479,#950,.T.);
#1921=EDGE_CURVE('',#1493,#1497,#149,.T.);
#1922=EDGE_CURVE('',#1497,#1494,#150,.T.);
#1923=EDGE_CURVE('',#1491,#1496,#151,.T.);
#1924=EDGE_CURVE('',#1495,#1492,#152,.T.);
#1925=EDGE_CURVE('',#1498,#1496,#1131,.T.);
#1926=EDGE_CURVE('',#1480,#1498,#951,.T.);
#1927=EDGE_CURVE('',#1375,#1497,#1132,.T.);
#1928=EDGE_CURVE('',#1499,#1500,#952,.T.);
#1929=EDGE_CURVE('',#1500,#1501,#953,.T.);
#1930=EDGE_CURVE('',#1501,#1482,#954,.T.);
#1931=EDGE_CURVE('',#1482,#1499,#955,.T.);
#1932=EDGE_CURVE('',#1483,#1502,#956,.T.);
#1933=EDGE_CURVE('',#1502,#1503,#957,.T.);
#1934=EDGE_CURVE('',#1503,#1504,#958,.T.);
#1935=EDGE_CURVE('',#1504,#1483,#959,.T.);
#1936=EDGE_CURVE('',#1501,#1505,#153,.T.);
#1937=EDGE_CURVE('',#1505,#1502,#154,.T.);
#1938=EDGE_CURVE('',#1499,#1504,#155,.T.);
#1939=EDGE_CURVE('',#1503,#1500,#156,.T.);
#1940=EDGE_CURVE('',#1451,#1504,#1133,.T.);
#1941=EDGE_CURVE('',#1379,#1505,#1134,.T.);
#1942=EDGE_CURVE('',#1498,#1506,#960,.T.);
#1943=EDGE_CURVE('',#1506,#1507,#961,.T.);
#1944=EDGE_CURVE('',#1507,#1480,#962,.T.);
#1945=EDGE_CURVE('',#1481,#1508,#963,.T.);
#1946=EDGE_CURVE('',#1508,#1509,#964,.T.);
#1947=EDGE_CURVE('',#1509,#1510,#965,.T.);
#1948=EDGE_CURVE('',#1510,#1481,#966,.T.);
#1949=EDGE_CURVE('',#1507,#1511,#157,.T.);
#1950=EDGE_CURVE('',#1511,#1508,#158,.T.);
#1951=EDGE_CURVE('',#1498,#1510,#159,.T.);
#1952=EDGE_CURVE('',#1509,#1506,#160,.T.);
#1953=EDGE_CURVE('',#1499,#1510,#1135,.T.);
#1954=EDGE_CURVE('',#1377,#1511,#1136,.T.);
#1955=EDGE_CURVE('',#1512,#1513,#967,.T.);
#1956=EDGE_CURVE('',#1513,#1514,#968,.T.);
#1957=EDGE_CURVE('',#1514,#1474,#969,.T.);
#1958=EDGE_CURVE('',#1474,#1512,#970,.T.);
#1959=EDGE_CURVE('',#1475,#1515,#971,.T.);
#1960=EDGE_CURVE('',#1515,#1516,#972,.T.);
#1961=EDGE_CURVE('',#1516,#1517,#973,.T.);
#1962=EDGE_CURVE('',#1517,#1475,#974,.T.);
#1963=EDGE_CURVE('',#1514,#1518,#161,.T.);
#1964=EDGE_CURVE('',#1518,#1515,#162,.T.);
#1965=EDGE_CURVE('',#1512,#1517,#163,.T.);
#1966=EDGE_CURVE('',#1516,#1513,#164,.T.);
#1967=EDGE_CURVE('',#1484,#1517,#1137,.T.);
#1968=EDGE_CURVE('',#1371,#1518,#1138,.T.);
#1969=EDGE_CURVE('',#1519,#1520,#975,.T.);
#1970=EDGE_CURVE('',#1520,#1521,#976,.T.);
#1971=EDGE_CURVE('',#1521,#1468,#977,.T.);
#1972=EDGE_CURVE('',#1468,#1519,#978,.T.);
#1973=EDGE_CURVE('',#1469,#1522,#979,.T.);
#1974=EDGE_CURVE('',#1522,#1523,#980,.T.);
#1975=EDGE_CURVE('',#1523,#1524,#981,.T.);
#1976=EDGE_CURVE('',#1524,#1469,#982,.T.);
#1977=EDGE_CURVE('',#1521,#1525,#165,.T.);
#1978=EDGE_CURVE('',#1525,#1522,#166,.T.);
#1979=EDGE_CURVE('',#1519,#1524,#167,.T.);
#1980=EDGE_CURVE('',#1523,#1520,#168,.T.);
#1981=EDGE_CURVE('',#1526,#1524,#1139,.T.);
#1982=EDGE_CURVE('',#1470,#1526,#983,.T.);
#1983=EDGE_CURVE('',#1364,#1525,#1140,.T.);
#1984=EDGE_CURVE('',#1527,#1528,#984,.T.);
#1985=EDGE_CURVE('',#1528,#1529,#985,.T.);
#1986=EDGE_CURVE('',#1529,#1472,#986,.T.);
#1987=EDGE_CURVE('',#1472,#1527,#987,.T.);
#1988=EDGE_CURVE('',#1473,#1530,#988,.T.);
#1989=EDGE_CURVE('',#1530,#1531,#989,.T.);
#1990=EDGE_CURVE('',#1531,#1532,#990,.T.);
#1991=EDGE_CURVE('',#1532,#1473,#991,.T.);
#1992=EDGE_CURVE('',#1529,#1533,#169,.T.);
#1993=EDGE_CURVE('',#1533,#1530,#170,.T.);
#1994=EDGE_CURVE('',#1527,#1532,#171,.T.);
#1995=EDGE_CURVE('',#1531,#1528,#172,.T.);
#1996=EDGE_CURVE('',#1512,#1532,#1141,.T.);
#1997=EDGE_CURVE('',#1369,#1533,#1142,.T.);
#1998=EDGE_CURVE('',#1526,#1534,#992,.T.);
#1999=EDGE_CURVE('',#1534,#1535,#993,.T.);
#2000=EDGE_CURVE('',#1535,#1470,#994,.T.);
#2001=EDGE_CURVE('',#1471,#1536,#995,.T.);
#2002=EDGE_CURVE('',#1536,#1537,#996,.T.);
#2003=EDGE_CURVE('',#1537,#1538,#997,.T.);
#2004=EDGE_CURVE('',#1538,#1471,#998,.T.);
#2005=EDGE_CURVE('',#1535,#1539,#173,.T.);
#2006=EDGE_CURVE('',#1539,#1536,#174,.T.);
#2007=EDGE_CURVE('',#1526,#1538,#175,.T.);
#2008=EDGE_CURVE('',#1537,#1534,#176,.T.);
#2009=EDGE_CURVE('',#1527,#1538,#1143,.T.);
#2010=EDGE_CURVE('',#1366,#1539,#1144,.T.);
#2011=EDGE_CURVE('',#1540,#1541,#999,.T.);
#2012=EDGE_CURVE('',#1541,#1542,#1000,.T.);
#2013=EDGE_CURVE('',#1542,#1543,#1001,.T.);
#2014=EDGE_CURVE('',#1543,#1544,#1002,.T.);
#2015=EDGE_CURVE('',#1544,#1540,#1003,.T.);
#2016=EDGE_CURVE('',#1545,#1546,#1004,.T.);
#2017=EDGE_CURVE('',#1546,#1547,#1005,.T.);
#2018=EDGE_CURVE('',#1547,#1548,#1006,.T.);
#2019=EDGE_CURVE('',#1548,#1545,#1007,.T.);
#2020=EDGE_CURVE('',#1545,#1544,#177,.T.);
#2021=EDGE_CURVE('',#1543,#1546,#178,.T.);
#2022=EDGE_CURVE('',#1540,#1548,#179,.T.);
#2023=EDGE_CURVE('',#1547,#1541,#180,.T.);
#2024=EDGE_CURVE('',#1545,#1549,#1145,.T.);
#2025=EDGE_CURVE('',#1549,#1550,#1146,.T.);
#2026=EDGE_CURVE('',#1550,#1551,#858,.T.);
#2027=EDGE_CURVE('',#1551,#1552,#1147,.T.);
#2028=EDGE_CURVE('',#1552,#1553,#1008,.T.);
#2029=EDGE_CURVE('',#1554,#1553,#181,.T.);
#2030=EDGE_CURVE('',#1554,#1555,#1148,.T.);
#2031=EDGE_CURVE('',#1556,#1555,#182,.T.);
#2032=EDGE_CURVE('',#1556,#1557,#1149,.T.);
#2033=EDGE_CURVE('',#1558,#1557,#183,.T.);
#2034=EDGE_CURVE('',#1558,#1544,#1150,.T.);
#2035=EDGE_CURVE('',#1559,#1548,#1151,.T.);
#2036=EDGE_CURVE('',#1559,#1560,#1009,.T.);
#2037=EDGE_CURVE('',#1560,#1549,#1010,.T.);
#2038=EDGE_CURVE('',#1352,#1542,#1152,.T.);
#2039=EDGE_CURVE('',#1561,#1562,#1011,.T.);
#2040=EDGE_CURVE('',#1562,#1563,#1012,.T.);
#2041=EDGE_CURVE('',#1563,#1564,#1013,.T.);
#2042=EDGE_CURVE('',#1564,#1557,#1014,.T.);
#2043=EDGE_CURVE('',#1557,#1561,#1015,.T.);
#2044=EDGE_CURVE('',#1558,#1565,#1016,.T.);
#2045=EDGE_CURVE('',#1565,#1566,#1017,.T.);
#2046=EDGE_CURVE('',#1566,#1567,#1018,.T.);
#2047=EDGE_CURVE('',#1567,#1558,#1019,.T.);
#2048=EDGE_CURVE('',#1564,#1565,#184,.T.);
#2049=EDGE_CURVE('',#1561,#1567,#185,.T.);
#2050=EDGE_CURVE('',#1566,#1562,#186,.T.);
#2051=EDGE_CURVE('',#1540,#1567,#1153,.T.);
#2052=EDGE_CURVE('',#1353,#1563,#1154,.T.);
#2053=EDGE_CURVE('',#1568,#1569,#1020,.T.);
#2054=EDGE_CURVE('',#1569,#1570,#1021,.T.);
#2055=EDGE_CURVE('',#1570,#1571,#1022,.T.);
#2056=EDGE_CURVE('',#1571,#1555,#1023,.T.);
#2057=EDGE_CURVE('',#1555,#1568,#1024,.T.);
#2058=EDGE_CURVE('',#1556,#1572,#1025,.T.);
#2059=EDGE_CURVE('',#1572,#1573,#1026,.T.);
#2060=EDGE_CURVE('',#1573,#1574,#1027,.T.);
#2061=EDGE_CURVE('',#1574,#1556,#1028,.T.);
#2062=EDGE_CURVE('',#1571,#1572,#187,.T.);
#2063=EDGE_CURVE('',#1568,#1574,#188,.T.);
#2064=EDGE_CURVE('',#1573,#1569,#189,.T.);
#2065=EDGE_CURVE('',#1561,#1574,#1155,.T.);
#2066=EDGE_CURVE('',#1354,#1570,#1156,.T.);
#2067=EDGE_CURVE('',#1575,#1576,#1029,.T.);
#2068=EDGE_CURVE('',#1576,#1577,#1030,.T.);
#2069=EDGE_CURVE('',#1577,#1578,#1031,.T.);
#2070=EDGE_CURVE('',#1578,#1579,#1032,.T.);
#2071=EDGE_CURVE('',#1579,#1575,#1033,.T.);
#2072=EDGE_CURVE('',#1580,#1553,#1034,.T.);
#2073=EDGE_CURVE('',#1553,#1579,#190,.T.);
#2074=EDGE_CURVE('',#1578,#1580,#191,.T.);
#2075=EDGE_CURVE('',#1554,#1581,#1035,.T.);
#2076=EDGE_CURVE('',#1581,#1582,#1036,.T.);
#2077=EDGE_CURVE('',#1582,#1583,#1037,.T.);
#2078=EDGE_CURVE('',#1583,#1554,#1038,.T.);
#2079=EDGE_CURVE('',#1580,#1581,#192,.T.);
#2080=EDGE_CURVE('',#1584,#1585,#1039,.T.);
#2081=EDGE_CURVE('',#1585,#1583,#193,.T.);
#2082=EDGE_CURVE('',#1582,#1584,#194,.T.);
#2083=EDGE_CURVE('',#1575,#1585,#195,.T.);
#2084=EDGE_CURVE('',#1584,#1576,#196,.T.);
#2085=EDGE_CURVE('',#1552,#1586,#1040,.T.);
#2086=EDGE_CURVE('',#1586,#1587,#1041,.T.);
#2087=EDGE_CURVE('',#1588,#1587,#197,.T.);
#2088=EDGE_CURVE('',#1588,#1579,#1042,.T.);
#2089=EDGE_CURVE('',#1568,#1583,#1157,.T.);
#2090=EDGE_CURVE('',#1357,#1577,#1158,.T.);
#2091=EDGE_CURVE('',#1588,#1589,#1043,.T.);
#2092=EDGE_CURVE('',#1589,#1590,#1044,.T.);
#2093=EDGE_CURVE('',#1590,#1591,#1045,.T.);
#2094=EDGE_CURVE('',#1591,#1588,#1046,.T.);
#2095=EDGE_CURVE('',#1592,#1462,#1047,.T.);
#2096=EDGE_CURVE('',#1462,#1591,#198,.T.);
#2097=EDGE_CURVE('',#1590,#1592,#199,.T.);
#2098=EDGE_CURVE('',#1463,#1593,#1048,.T.);
#2099=EDGE_CURVE('',#1593,#1594,#1049,.T.);
#2100=EDGE_CURVE('',#1594,#1595,#1050,.T.);
#2101=EDGE_CURVE('',#1595,#1463,#1051,.T.);
#2102=EDGE_CURVE('',#1592,#1593,#200,.T.);
#2103=EDGE_CURVE('',#1596,#1587,#1052,.T.);
#2104=EDGE_CURVE('',#1587,#1595,#201,.T.);
#2105=EDGE_CURVE('',#1594,#1596,#202,.T.);
#2106=EDGE_CURVE('',#1596,#1589,#203,.T.);
#2107=EDGE_CURVE('',#1575,#1591,#1053,.T.);
#2108=EDGE_CURVE('',#1461,#1597,#1054,.T.);
#2109=EDGE_CURVE('',#1597,#1585,#1055,.T.);
#2110=EDGE_CURVE('',#1598,#1595,#1159,.T.);
#2111=EDGE_CURVE('',#1464,#1598,#1056,.T.);
#2112=EDGE_CURVE('',#1359,#1592,#1160,.T.);
#2113=EDGE_CURVE('',#1598,#1599,#1057,.T.);
#2114=EDGE_CURVE('',#1599,#1600,#1058,.T.);
#2115=EDGE_CURVE('',#1600,#1464,#1059,.T.);
#2116=EDGE_CURVE('',#1465,#1601,#1060,.T.);
#2117=EDGE_CURVE('',#1601,#1602,#1061,.T.);
#2118=EDGE_CURVE('',#1602,#1603,#1062,.T.);
#2119=EDGE_CURVE('',#1603,#1465,#1063,.T.);
#2120=EDGE_CURVE('',#1600,#1604,#204,.T.);
#2121=EDGE_CURVE('',#1604,#1601,#205,.T.);
#2122=EDGE_CURVE('',#1598,#1603,#206,.T.);
#2123=EDGE_CURVE('',#1602,#1599,#207,.T.);
#2124=EDGE_CURVE('',#1605,#1603,#1161,.T.);
#2125=EDGE_CURVE('',#1466,#1605,#1064,.T.);
#2126=EDGE_CURVE('',#1360,#1604,#1162,.T.);
#2127=EDGE_CURVE('',#1605,#1606,#1065,.T.);
#2128=EDGE_CURVE('',#1606,#1607,#1066,.T.);
#2129=EDGE_CURVE('',#1607,#1466,#1067,.T.);
#2130=EDGE_CURVE('',#1467,#1608,#1068,.T.);
#2131=EDGE_CURVE('',#1608,#1609,#1069,.T.);
#2132=EDGE_CURVE('',#1609,#1610,#1070,.T.);
#2133=EDGE_CURVE('',#1610,#1467,#1071,.T.);
#2134=EDGE_CURVE('',#1607,#1611,#208,.T.);
#2135=EDGE_CURVE('',#1611,#1608,#209,.T.);
#2136=EDGE_CURVE('',#1605,#1610,#210,.T.);
#2137=EDGE_CURVE('',#1609,#1606,#211,.T.);
#2138=EDGE_CURVE('',#1519,#1610,#1163,.T.);
#2139=EDGE_CURVE('',#1362,#1611,#1164,.T.);
#2140=EDGE_CURVE('',#1612,#1613,#1165,.T.);
#2141=EDGE_CURVE('',#1613,#1614,#1072,.T.);
#2142=EDGE_CURVE('',#1614,#1615,#1166,.T.);
#2143=EDGE_CURVE('',#1615,#1612,#859,.T.);
#2144=EDGE_CURVE('',#1597,#1612,#1167,.T.);
#2145=EDGE_CURVE('',#1615,#1559,#1168,.T.);
#2146=EDGE_CURVE('',#1437,#1616,#1169,.T.);
#2147=EDGE_CURVE('',#1616,#1617,#1073,.T.);
#2148=EDGE_CURVE('',#1617,#1438,#1170,.T.);
#2149=EDGE_CURVE('',#1616,#1618,#1074,.T.);
#2150=EDGE_CURVE('',#1618,#1617,#212,.T.);
#2151=EDGE_CURVE('',#1613,#1619,#213,.T.);
#2152=EDGE_CURVE('',#1619,#1614,#1075,.T.);
#2153=EDGE_CURVE('',#1412,#1620,#1171,.T.);
#2154=EDGE_CURVE('',#1620,#1621,#1076,.T.);
#2155=EDGE_CURVE('',#1621,#1413,#1172,.T.);
#2156=EDGE_CURVE('',#1550,#1622,#1173,.T.);
#2157=EDGE_CURVE('',#1622,#1623,#1077,.T.);
#2158=EDGE_CURVE('',#1623,#1551,#1174,.T.);
#2159=EDGE_CURVE('',#1586,#1423,#1175,.T.);
#2160=EDGE_CURVE('',#1620,#1618,#214,.T.);
#2161=EDGE_CURVE('',#1618,#1621,#1078,.T.);
#2162=EDGE_CURVE('',#1622,#1619,#1079,.T.);
#2163=EDGE_CURVE('',#1619,#1623,#215,.T.);
#2164=EDGE_CURVE('',#1624,#1412,#1176,.T.);
#2165=EDGE_CURVE('',#1624,#1625,#1177,.T.);
#2166=EDGE_CURVE('',#1625,#1438,#1178,.T.);
#2167=EDGE_CURVE('',#1614,#1559,#1080,.T.);
#2168=EDGE_CURVE('',#1549,#1622,#1081,.T.);
#2169=EDGE_CURVE('',#1621,#1414,#1082,.T.);
#2170=EDGE_CURVE('',#1436,#1616,#1083,.T.);
#2171=EDGE_CURVE('',#1626,#1411,#1179,.T.);
#2172=EDGE_CURVE('',#1626,#1624,#1180,.T.);
#2173=EDGE_CURVE('',#1627,#1423,#1181,.T.);
#2174=EDGE_CURVE('',#1627,#1626,#1084,.T.);
#2175=EDGE_CURVE('',#1628,#1586,#1182,.T.);
#2176=EDGE_CURVE('',#1628,#1627,#1183,.T.);
#2177=EDGE_CURVE('',#1629,#1552,#1184,.T.);
#2178=EDGE_CURVE('',#1629,#1628,#1085,.T.);
#2179=EDGE_CURVE('',#1630,#1551,#1185,.T.);
#2180=EDGE_CURVE('',#1630,#1629,#1186,.T.);
#2181=EDGE_CURVE('',#1358,#1361,#1187,.T.);
#2182=EDGE_CURVE('',#1361,#1363,#1188,.T.);
#2183=EDGE_CURVE('',#1363,#1365,#1189,.T.);
#2184=EDGE_CURVE('',#1365,#1367,#1190,.T.);
#2185=EDGE_CURVE('',#1367,#1368,#1191,.T.);
#2186=EDGE_CURVE('',#1368,#1370,#1192,.T.);
#2187=EDGE_CURVE('',#1370,#1373,#1193,.T.);
#2188=EDGE_CURVE('',#1373,#1374,#1194,.T.);
#2189=EDGE_CURVE('',#1374,#1376,#1195,.T.);
#2190=EDGE_CURVE('',#1376,#1378,#1196,.T.);
#2191=EDGE_CURVE('',#1378,#1381,#1197,.T.);
#2192=EDGE_CURVE('',#1397,#1440,#1198,.T.);
#2193=EDGE_CURVE('',#1343,#1560,#1199,.T.);
#2194=EDGE_CURVE('',#1631,#1612,#1200,.T.);
#2195=EDGE_CURVE('',#1631,#1630,#1201,.T.);
#2196=EDGE_CURVE('',#1632,#1597,#1202,.T.);
#2197=EDGE_CURVE('',#1632,#1631,#1203,.T.);
#2198=EDGE_CURVE('',#1633,#1461,#1204,.T.);
#2199=EDGE_CURVE('',#1633,#1632,#1086,.T.);
#2200=EDGE_CURVE('',#1634,#1460,#1205,.T.);
#2201=EDGE_CURVE('',#1634,#1633,#1206,.T.);
#2202=EDGE_CURVE('',#1635,#1439,#1207,.T.);
#2203=EDGE_CURVE('',#1635,#1634,#1087,.T.);
#2204=EDGE_CURVE('',#1625,#1635,#1208,.T.);
#2205=ORIENTED_EDGE('',*,*,#1636,.F.);
#2206=ORIENTED_EDGE('',*,*,#1637,.F.);
#2207=ORIENTED_EDGE('',*,*,#1638,.F.);
#2208=ORIENTED_EDGE('',*,*,#1639,.F.);
#2209=ORIENTED_EDGE('',*,*,#1640,.F.);
#2210=ORIENTED_EDGE('',*,*,#1641,.F.);
#2211=ORIENTED_EDGE('',*,*,#1642,.F.);
#2212=ORIENTED_EDGE('',*,*,#1643,.F.);
#2213=ORIENTED_EDGE('',*,*,#1644,.F.);
#2214=ORIENTED_EDGE('',*,*,#1645,.F.);
#2215=ORIENTED_EDGE('',*,*,#1646,.F.);
#2216=ORIENTED_EDGE('',*,*,#1647,.T.);
#2217=ORIENTED_EDGE('',*,*,#1648,.T.);
#2218=ORIENTED_EDGE('',*,*,#1649,.T.);
#2219=ORIENTED_EDGE('',*,*,#1650,.T.);
#2220=ORIENTED_EDGE('',*,*,#1645,.T.);
#2221=ORIENTED_EDGE('',*,*,#1651,.T.);
#2222=ORIENTED_EDGE('',*,*,#1652,.F.);
#2223=ORIENTED_EDGE('',*,*,#1653,.F.);
#2224=ORIENTED_EDGE('',*,*,#1654,.F.);
#2225=ORIENTED_EDGE('',*,*,#1655,.F.);
#2226=ORIENTED_EDGE('',*,*,#1656,.F.);
#2227=ORIENTED_EDGE('',*,*,#1657,.F.);
#2228=ORIENTED_EDGE('',*,*,#1658,.F.);
#2229=ORIENTED_EDGE('',*,*,#1659,.F.);
#2230=ORIENTED_EDGE('',*,*,#1660,.F.);
#2231=ORIENTED_EDGE('',*,*,#1661,.F.);
#2232=ORIENTED_EDGE('',*,*,#1662,.F.);
#2233=ORIENTED_EDGE('',*,*,#1663,.F.);
#2234=ORIENTED_EDGE('',*,*,#1648,.F.);
#2235=ORIENTED_EDGE('',*,*,#1664,.F.);
#2236=ORIENTED_EDGE('',*,*,#1665,.F.);
#2237=ORIENTED_EDGE('',*,*,#1642,.T.);
#2238=ORIENTED_EDGE('',*,*,#1663,.T.);
#2239=ORIENTED_EDGE('',*,*,#1660,.T.);
#2240=ORIENTED_EDGE('',*,*,#1657,.T.);
#2241=ORIENTED_EDGE('',*,*,#1654,.T.);
#2242=ORIENTED_EDGE('',*,*,#1661,.T.);
#2243=ORIENTED_EDGE('',*,*,#1666,.T.);
#2244=ORIENTED_EDGE('',*,*,#1667,.T.);
#2245=ORIENTED_EDGE('',*,*,#1662,.T.);
#2246=ORIENTED_EDGE('',*,*,#1668,.T.);
#2247=ORIENTED_EDGE('',*,*,#1658,.T.);
#2248=ORIENTED_EDGE('',*,*,#1669,.T.);
#2249=ORIENTED_EDGE('',*,*,#1670,.T.);
#2250=ORIENTED_EDGE('',*,*,#1659,.T.);
#2251=ORIENTED_EDGE('',*,*,#1671,.T.);
#2252=ORIENTED_EDGE('',*,*,#1655,.T.);
#2253=ORIENTED_EDGE('',*,*,#1672,.T.);
#2254=ORIENTED_EDGE('',*,*,#1673,.T.);
#2255=ORIENTED_EDGE('',*,*,#1656,.T.);
#2256=ORIENTED_EDGE('',*,*,#1674,.T.);
#2257=ORIENTED_EDGE('',*,*,#1675,.T.);
#2258=ORIENTED_EDGE('',*,*,#1676,.T.);
#2259=ORIENTED_EDGE('',*,*,#1652,.T.);
#2260=ORIENTED_EDGE('',*,*,#1677,.T.);
#2261=ORIENTED_EDGE('',*,*,#1678,.T.);
#2262=ORIENTED_EDGE('',*,*,#1679,.T.);
#2263=ORIENTED_EDGE('',*,*,#1675,.F.);
#2264=ORIENTED_EDGE('',*,*,#1680,.T.);
#2265=ORIENTED_EDGE('',*,*,#1646,.T.);
#2266=ORIENTED_EDGE('',*,*,#1681,.T.);
#2267=ORIENTED_EDGE('',*,*,#1677,.F.);
#2268=ORIENTED_EDGE('',*,*,#1653,.T.);
#2269=ORIENTED_EDGE('',*,*,#1682,.T.);
#2270=ORIENTED_EDGE('',*,*,#1680,.F.);
#2271=ORIENTED_EDGE('',*,*,#1651,.F.);
#2272=ORIENTED_EDGE('',*,*,#1683,.T.);
#2273=ORIENTED_EDGE('',*,*,#1684,.T.);
#2274=ORIENTED_EDGE('',*,*,#1685,.F.);
#2275=ORIENTED_EDGE('',*,*,#1683,.F.);
#2276=ORIENTED_EDGE('',*,*,#1647,.F.);
#2277=ORIENTED_EDGE('',*,*,#1686,.T.);
#2278=ORIENTED_EDGE('',*,*,#1687,.T.);
#2279=ORIENTED_EDGE('',*,*,#1685,.T.);
#2280=ORIENTED_EDGE('',*,*,#1688,.T.);
#2281=ORIENTED_EDGE('',*,*,#1689,.T.);
#2282=ORIENTED_EDGE('',*,*,#1690,.T.);
#2283=ORIENTED_EDGE('',*,*,#1691,.T.);
#2284=ORIENTED_EDGE('',*,*,#1692,.T.);
#2285=ORIENTED_EDGE('',*,*,#1693,.T.);
#2286=ORIENTED_EDGE('',*,*,#1694,.T.);
#2287=ORIENTED_EDGE('',*,*,#1695,.T.);
#2288=ORIENTED_EDGE('',*,*,#1696,.T.);
#2289=ORIENTED_EDGE('',*,*,#1697,.T.);
#2290=ORIENTED_EDGE('',*,*,#1698,.T.);
#2291=ORIENTED_EDGE('',*,*,#1699,.T.);
#2292=ORIENTED_EDGE('',*,*,#1700,.T.);
#2293=ORIENTED_EDGE('',*,*,#1701,.T.);
#2294=ORIENTED_EDGE('',*,*,#1702,.T.);
#2295=ORIENTED_EDGE('',*,*,#1703,.T.);
#2296=ORIENTED_EDGE('',*,*,#1704,.T.);
#2297=ORIENTED_EDGE('',*,*,#1705,.T.);
#2298=ORIENTED_EDGE('',*,*,#1706,.T.);
#2299=ORIENTED_EDGE('',*,*,#1707,.T.);
#2300=ORIENTED_EDGE('',*,*,#1708,.T.);
#2301=ORIENTED_EDGE('',*,*,#1709,.T.);
#2302=ORIENTED_EDGE('',*,*,#1710,.T.);
#2303=ORIENTED_EDGE('',*,*,#1711,.T.);
#2304=ORIENTED_EDGE('',*,*,#1712,.T.);
#2305=ORIENTED_EDGE('',*,*,#1713,.T.);
#2306=ORIENTED_EDGE('',*,*,#1714,.T.);
#2307=ORIENTED_EDGE('',*,*,#1715,.T.);
#2308=ORIENTED_EDGE('',*,*,#1716,.T.);
#2309=ORIENTED_EDGE('',*,*,#1717,.T.);
#2310=ORIENTED_EDGE('',*,*,#1718,.T.);
#2311=ORIENTED_EDGE('',*,*,#1719,.T.);
#2312=ORIENTED_EDGE('',*,*,#1720,.T.);
#2313=ORIENTED_EDGE('',*,*,#1721,.T.);
#2314=ORIENTED_EDGE('',*,*,#1722,.T.);
#2315=ORIENTED_EDGE('',*,*,#1723,.T.);
#2316=ORIENTED_EDGE('',*,*,#1724,.T.);
#2317=ORIENTED_EDGE('',*,*,#1725,.T.);
#2318=ORIENTED_EDGE('',*,*,#1726,.T.);
#2319=ORIENTED_EDGE('',*,*,#1727,.T.);
#2320=ORIENTED_EDGE('',*,*,#1728,.T.);
#2321=ORIENTED_EDGE('',*,*,#1729,.T.);
#2322=ORIENTED_EDGE('',*,*,#1730,.T.);
#2323=ORIENTED_EDGE('',*,*,#1731,.T.);
#2324=ORIENTED_EDGE('',*,*,#1732,.T.);
#2325=ORIENTED_EDGE('',*,*,#1729,.F.);
#2326=ORIENTED_EDGE('',*,*,#1733,.F.);
#2327=ORIENTED_EDGE('',*,*,#1734,.T.);
#2328=ORIENTED_EDGE('',*,*,#1735,.T.);
#2329=ORIENTED_EDGE('',*,*,#1736,.F.);
#2330=ORIENTED_EDGE('',*,*,#1637,.T.);
#2331=ORIENTED_EDGE('',*,*,#1734,.F.);
#2332=ORIENTED_EDGE('',*,*,#1737,.T.);
#2333=ORIENTED_EDGE('',*,*,#1738,.T.);
#2334=ORIENTED_EDGE('',*,*,#1739,.T.);
#2335=ORIENTED_EDGE('',*,*,#1740,.T.);
#2336=ORIENTED_EDGE('',*,*,#1638,.T.);
#2337=ORIENTED_EDGE('',*,*,#1741,.T.);
#2338=ORIENTED_EDGE('',*,*,#1742,.T.);
#2339=ORIENTED_EDGE('',*,*,#1743,.T.);
#2340=ORIENTED_EDGE('',*,*,#1739,.F.);
#2341=ORIENTED_EDGE('',*,*,#1736,.T.);
#2342=ORIENTED_EDGE('',*,*,#1744,.T.);
#2343=ORIENTED_EDGE('',*,*,#1745,.T.);
#2344=ORIENTED_EDGE('',*,*,#1741,.F.);
#2345=ORIENTED_EDGE('',*,*,#1746,.T.);
#2346=ORIENTED_EDGE('',*,*,#1747,.T.);
#2347=ORIENTED_EDGE('',*,*,#1748,.T.);
#2348=ORIENTED_EDGE('',*,*,#1749,.T.);
#2349=ORIENTED_EDGE('',*,*,#1750,.T.);
#2350=ORIENTED_EDGE('',*,*,#1751,.T.);
#2351=ORIENTED_EDGE('',*,*,#1752,.T.);
#2352=ORIENTED_EDGE('',*,*,#1753,.T.);
#2353=ORIENTED_EDGE('',*,*,#1754,.T.);
#2354=ORIENTED_EDGE('',*,*,#1755,.T.);
#2355=ORIENTED_EDGE('',*,*,#1756,.T.);
#2356=ORIENTED_EDGE('',*,*,#1757,.T.);
#2357=ORIENTED_EDGE('',*,*,#1758,.T.);
#2358=ORIENTED_EDGE('',*,*,#1759,.T.);
#2359=ORIENTED_EDGE('',*,*,#1760,.T.);
#2360=ORIENTED_EDGE('',*,*,#1761,.T.);
#2361=ORIENTED_EDGE('',*,*,#1762,.T.);
#2362=ORIENTED_EDGE('',*,*,#1763,.T.);
#2363=ORIENTED_EDGE('',*,*,#1639,.T.);
#2364=ORIENTED_EDGE('',*,*,#1764,.F.);
#2365=ORIENTED_EDGE('',*,*,#1765,.F.);
#2366=ORIENTED_EDGE('',*,*,#1761,.F.);
#2367=ORIENTED_EDGE('',*,*,#1766,.F.);
#2368=ORIENTED_EDGE('',*,*,#1756,.F.);
#2369=ORIENTED_EDGE('',*,*,#1758,.F.);
#2370=ORIENTED_EDGE('',*,*,#1767,.F.);
#2371=ORIENTED_EDGE('',*,*,#1751,.F.);
#2372=ORIENTED_EDGE('',*,*,#1753,.F.);
#2373=ORIENTED_EDGE('',*,*,#1768,.F.);
#2374=ORIENTED_EDGE('',*,*,#1746,.F.);
#2375=ORIENTED_EDGE('',*,*,#1748,.F.);
#2376=ORIENTED_EDGE('',*,*,#1769,.F.);
#2377=ORIENTED_EDGE('',*,*,#1737,.F.);
#2378=ORIENTED_EDGE('',*,*,#1744,.F.);
#2379=ORIENTED_EDGE('',*,*,#1735,.F.);
#2380=ORIENTED_EDGE('',*,*,#1636,.T.);
#2381=ORIENTED_EDGE('',*,*,#1769,.T.);
#2382=ORIENTED_EDGE('',*,*,#1768,.T.);
#2383=ORIENTED_EDGE('',*,*,#1767,.T.);
#2384=ORIENTED_EDGE('',*,*,#1766,.T.);
#2385=ORIENTED_EDGE('',*,*,#1770,.T.);
#2386=ORIENTED_EDGE('',*,*,#1771,.T.);
#2387=ORIENTED_EDGE('',*,*,#1772,.T.);
#2388=ORIENTED_EDGE('',*,*,#1773,.T.);
#2389=ORIENTED_EDGE('',*,*,#1774,.T.);
#2390=ORIENTED_EDGE('',*,*,#1775,.T.);
#2391=ORIENTED_EDGE('',*,*,#1772,.F.);
#2392=ORIENTED_EDGE('',*,*,#1776,.T.);
#2393=ORIENTED_EDGE('',*,*,#1777,.T.);
#2394=ORIENTED_EDGE('',*,*,#1778,.T.);
#2395=ORIENTED_EDGE('',*,*,#1779,.T.);
#2396=ORIENTED_EDGE('',*,*,#1780,.T.);
#2397=ORIENTED_EDGE('',*,*,#1781,.T.);
#2398=ORIENTED_EDGE('',*,*,#1777,.F.);
#2399=ORIENTED_EDGE('',*,*,#1782,.T.);
#2400=ORIENTED_EDGE('',*,*,#1774,.F.);
#2401=ORIENTED_EDGE('',*,*,#1783,.T.);
#2402=ORIENTED_EDGE('',*,*,#1784,.T.);
#2403=ORIENTED_EDGE('',*,*,#1785,.T.);
#2404=ORIENTED_EDGE('',*,*,#1780,.F.);
#2405=ORIENTED_EDGE('',*,*,#1786,.T.);
#2406=ORIENTED_EDGE('',*,*,#1770,.F.);
#2407=ORIENTED_EDGE('',*,*,#1787,.T.);
#2408=ORIENTED_EDGE('',*,*,#1784,.F.);
#2409=ORIENTED_EDGE('',*,*,#1788,.T.);
#2410=ORIENTED_EDGE('',*,*,#1775,.F.);
#2411=ORIENTED_EDGE('',*,*,#1789,.F.);
#2412=ORIENTED_EDGE('',*,*,#1790,.T.);
#2413=ORIENTED_EDGE('',*,*,#1791,.F.);
#2414=ORIENTED_EDGE('',*,*,#1792,.T.);
#2415=ORIENTED_EDGE('',*,*,#1793,.T.);
#2416=ORIENTED_EDGE('',*,*,#1794,.F.);
#2417=ORIENTED_EDGE('',*,*,#1795,.T.);
#2418=ORIENTED_EDGE('',*,*,#1796,.F.);
#2419=ORIENTED_EDGE('',*,*,#1797,.T.);
#2420=ORIENTED_EDGE('',*,*,#1798,.F.);
#2421=ORIENTED_EDGE('',*,*,#1799,.T.);
#2422=ORIENTED_EDGE('',*,*,#1782,.F.);
#2423=ORIENTED_EDGE('',*,*,#1800,.T.);
#2424=ORIENTED_EDGE('',*,*,#1801,.F.);
#2425=ORIENTED_EDGE('',*,*,#1802,.F.);
#2426=ORIENTED_EDGE('',*,*,#1803,.T.);
#2427=ORIENTED_EDGE('',*,*,#1789,.T.);
#2428=ORIENTED_EDGE('',*,*,#1781,.F.);
#2429=ORIENTED_EDGE('',*,*,#1804,.F.);
#2430=ORIENTED_EDGE('',*,*,#1805,.F.);
#2431=ORIENTED_EDGE('',*,*,#1800,.F.);
#2432=ORIENTED_EDGE('',*,*,#1738,.F.);
#2433=ORIENTED_EDGE('',*,*,#1740,.F.);
#2434=ORIENTED_EDGE('',*,*,#1743,.F.);
#2435=ORIENTED_EDGE('',*,*,#1806,.T.);
#2436=ORIENTED_EDGE('',*,*,#1778,.F.);
#2437=ORIENTED_EDGE('',*,*,#1783,.F.);
#2438=ORIENTED_EDGE('',*,*,#1776,.F.);
#2439=ORIENTED_EDGE('',*,*,#1771,.F.);
#2440=ORIENTED_EDGE('',*,*,#1788,.F.);
#2441=ORIENTED_EDGE('',*,*,#1786,.F.);
#2442=ORIENTED_EDGE('',*,*,#1779,.F.);
#2443=ORIENTED_EDGE('',*,*,#1806,.F.);
#2444=ORIENTED_EDGE('',*,*,#1742,.F.);
#2445=ORIENTED_EDGE('',*,*,#1745,.F.);
#2446=ORIENTED_EDGE('',*,*,#1807,.T.);
#2447=ORIENTED_EDGE('',*,*,#1808,.T.);
#2448=ORIENTED_EDGE('',*,*,#1809,.T.);
#2449=ORIENTED_EDGE('',*,*,#1810,.T.);
#2450=ORIENTED_EDGE('',*,*,#1811,.T.);
#2451=ORIENTED_EDGE('',*,*,#1812,.T.);
#2452=ORIENTED_EDGE('',*,*,#1813,.T.);
#2453=ORIENTED_EDGE('',*,*,#1814,.T.);
#2454=ORIENTED_EDGE('',*,*,#1815,.T.);
#2455=ORIENTED_EDGE('',*,*,#1812,.F.);
#2456=ORIENTED_EDGE('',*,*,#1816,.T.);
#2457=ORIENTED_EDGE('',*,*,#1810,.F.);
#2458=ORIENTED_EDGE('',*,*,#1817,.T.);
#2459=ORIENTED_EDGE('',*,*,#1807,.F.);
#2460=ORIENTED_EDGE('',*,*,#1794,.T.);
#2461=ORIENTED_EDGE('',*,*,#1814,.F.);
#2462=ORIENTED_EDGE('',*,*,#1818,.T.);
#2463=ORIENTED_EDGE('',*,*,#1787,.F.);
#2464=ORIENTED_EDGE('',*,*,#1819,.T.);
#2465=ORIENTED_EDGE('',*,*,#1820,.F.);
#2466=ORIENTED_EDGE('',*,*,#1821,.T.);
#2467=ORIENTED_EDGE('',*,*,#1822,.F.);
#2468=ORIENTED_EDGE('',*,*,#1823,.T.);
#2469=ORIENTED_EDGE('',*,*,#1816,.F.);
#2470=ORIENTED_EDGE('',*,*,#1824,.T.);
#2471=ORIENTED_EDGE('',*,*,#1825,.T.);
#2472=ORIENTED_EDGE('',*,*,#1826,.T.);
#2473=ORIENTED_EDGE('',*,*,#1827,.T.);
#2474=ORIENTED_EDGE('',*,*,#1828,.T.);
#2475=ORIENTED_EDGE('',*,*,#1815,.F.);
#2476=ORIENTED_EDGE('',*,*,#1793,.F.);
#2477=ORIENTED_EDGE('',*,*,#1829,.T.);
#2478=ORIENTED_EDGE('',*,*,#1830,.T.);
#2479=ORIENTED_EDGE('',*,*,#1824,.F.);
#2480=ORIENTED_EDGE('',*,*,#1757,.F.);
#2481=ORIENTED_EDGE('',*,*,#1760,.F.);
#2482=ORIENTED_EDGE('',*,*,#1831,.T.);
#2483=ORIENTED_EDGE('',*,*,#1808,.F.);
#2484=ORIENTED_EDGE('',*,*,#1818,.F.);
#2485=ORIENTED_EDGE('',*,*,#1813,.F.);
#2486=ORIENTED_EDGE('',*,*,#1817,.F.);
#2487=ORIENTED_EDGE('',*,*,#1809,.F.);
#2488=ORIENTED_EDGE('',*,*,#1831,.F.);
#2489=ORIENTED_EDGE('',*,*,#1759,.F.);
#2490=ORIENTED_EDGE('',*,*,#1832,.T.);
#2491=ORIENTED_EDGE('',*,*,#1833,.T.);
#2492=ORIENTED_EDGE('',*,*,#1834,.T.);
#2493=ORIENTED_EDGE('',*,*,#1835,.T.);
#2494=ORIENTED_EDGE('',*,*,#1836,.T.);
#2495=ORIENTED_EDGE('',*,*,#1837,.T.);
#2496=ORIENTED_EDGE('',*,*,#1838,.T.);
#2497=ORIENTED_EDGE('',*,*,#1839,.T.);
#2498=ORIENTED_EDGE('',*,*,#1840,.T.);
#2499=ORIENTED_EDGE('',*,*,#1837,.F.);
#2500=ORIENTED_EDGE('',*,*,#1822,.T.);
#2501=ORIENTED_EDGE('',*,*,#1835,.F.);
#2502=ORIENTED_EDGE('',*,*,#1841,.T.);
#2503=ORIENTED_EDGE('',*,*,#1832,.F.);
#2504=ORIENTED_EDGE('',*,*,#1796,.T.);
#2505=ORIENTED_EDGE('',*,*,#1839,.F.);
#2506=ORIENTED_EDGE('',*,*,#1842,.T.);
#2507=ORIENTED_EDGE('',*,*,#1811,.F.);
#2508=ORIENTED_EDGE('',*,*,#1823,.F.);
#2509=ORIENTED_EDGE('',*,*,#1840,.F.);
#2510=ORIENTED_EDGE('',*,*,#1795,.F.);
#2511=ORIENTED_EDGE('',*,*,#1752,.F.);
#2512=ORIENTED_EDGE('',*,*,#1755,.F.);
#2513=ORIENTED_EDGE('',*,*,#1843,.T.);
#2514=ORIENTED_EDGE('',*,*,#1833,.F.);
#2515=ORIENTED_EDGE('',*,*,#1842,.F.);
#2516=ORIENTED_EDGE('',*,*,#1838,.F.);
#2517=ORIENTED_EDGE('',*,*,#1841,.F.);
#2518=ORIENTED_EDGE('',*,*,#1834,.F.);
#2519=ORIENTED_EDGE('',*,*,#1843,.F.);
#2520=ORIENTED_EDGE('',*,*,#1754,.F.);
#2521=ORIENTED_EDGE('',*,*,#1844,.T.);
#2522=ORIENTED_EDGE('',*,*,#1845,.T.);
#2523=ORIENTED_EDGE('',*,*,#1846,.T.);
#2524=ORIENTED_EDGE('',*,*,#1847,.T.);
#2525=ORIENTED_EDGE('',*,*,#1848,.T.);
#2526=ORIENTED_EDGE('',*,*,#1849,.T.);
#2527=ORIENTED_EDGE('',*,*,#1850,.T.);
#2528=ORIENTED_EDGE('',*,*,#1851,.T.);
#2529=ORIENTED_EDGE('',*,*,#1852,.T.);
#2530=ORIENTED_EDGE('',*,*,#1849,.F.);
#2531=ORIENTED_EDGE('',*,*,#1820,.T.);
#2532=ORIENTED_EDGE('',*,*,#1847,.F.);
#2533=ORIENTED_EDGE('',*,*,#1853,.T.);
#2534=ORIENTED_EDGE('',*,*,#1844,.F.);
#2535=ORIENTED_EDGE('',*,*,#1798,.T.);
#2536=ORIENTED_EDGE('',*,*,#1851,.F.);
#2537=ORIENTED_EDGE('',*,*,#1854,.T.);
#2538=ORIENTED_EDGE('',*,*,#1836,.F.);
#2539=ORIENTED_EDGE('',*,*,#1821,.F.);
#2540=ORIENTED_EDGE('',*,*,#1852,.F.);
#2541=ORIENTED_EDGE('',*,*,#1797,.F.);
#2542=ORIENTED_EDGE('',*,*,#1747,.F.);
#2543=ORIENTED_EDGE('',*,*,#1750,.F.);
#2544=ORIENTED_EDGE('',*,*,#1855,.T.);
#2545=ORIENTED_EDGE('',*,*,#1845,.F.);
#2546=ORIENTED_EDGE('',*,*,#1854,.F.);
#2547=ORIENTED_EDGE('',*,*,#1850,.F.);
#2548=ORIENTED_EDGE('',*,*,#1853,.F.);
#2549=ORIENTED_EDGE('',*,*,#1846,.F.);
#2550=ORIENTED_EDGE('',*,*,#1855,.F.);
#2551=ORIENTED_EDGE('',*,*,#1749,.F.);
#2552=ORIENTED_EDGE('',*,*,#1856,.T.);
#2553=ORIENTED_EDGE('',*,*,#1857,.T.);
#2554=ORIENTED_EDGE('',*,*,#1858,.T.);
#2555=ORIENTED_EDGE('',*,*,#1859,.T.);
#2556=ORIENTED_EDGE('',*,*,#1860,.T.);
#2557=ORIENTED_EDGE('',*,*,#1861,.T.);
#2558=ORIENTED_EDGE('',*,*,#1858,.F.);
#2559=ORIENTED_EDGE('',*,*,#1862,.T.);
#2560=ORIENTED_EDGE('',*,*,#1863,.T.);
#2561=ORIENTED_EDGE('',*,*,#1864,.T.);
#2562=ORIENTED_EDGE('',*,*,#1865,.T.);
#2563=ORIENTED_EDGE('',*,*,#1805,.T.);
#2564=ORIENTED_EDGE('',*,*,#1863,.F.);
#2565=ORIENTED_EDGE('',*,*,#1866,.T.);
#2566=ORIENTED_EDGE('',*,*,#1860,.F.);
#2567=ORIENTED_EDGE('',*,*,#1867,.T.);
#2568=ORIENTED_EDGE('',*,*,#1868,.T.);
#2569=ORIENTED_EDGE('',*,*,#1801,.T.);
#2570=ORIENTED_EDGE('',*,*,#1865,.F.);
#2571=ORIENTED_EDGE('',*,*,#1869,.T.);
#2572=ORIENTED_EDGE('',*,*,#1856,.F.);
#2573=ORIENTED_EDGE('',*,*,#1870,.T.);
#2574=ORIENTED_EDGE('',*,*,#1868,.F.);
#2575=ORIENTED_EDGE('',*,*,#1871,.T.);
#2576=ORIENTED_EDGE('',*,*,#1861,.F.);
#2577=ORIENTED_EDGE('',*,*,#1872,.F.);
#2578=ORIENTED_EDGE('',*,*,#1873,.T.);
#2579=ORIENTED_EDGE('',*,*,#1874,.T.);
#2580=ORIENTED_EDGE('',*,*,#1875,.F.);
#2581=ORIENTED_EDGE('',*,*,#1876,.T.);
#2582=ORIENTED_EDGE('',*,*,#1877,.F.);
#2583=ORIENTED_EDGE('',*,*,#1878,.T.);
#2584=ORIENTED_EDGE('',*,*,#1879,.F.);
#2585=ORIENTED_EDGE('',*,*,#1880,.T.);
#2586=ORIENTED_EDGE('',*,*,#1881,.F.);
#2587=ORIENTED_EDGE('',*,*,#1882,.T.);
#2588=ORIENTED_EDGE('',*,*,#1883,.F.);
#2589=ORIENTED_EDGE('',*,*,#1884,.T.);
#2590=ORIENTED_EDGE('',*,*,#1885,.F.);
#2591=ORIENTED_EDGE('',*,*,#1886,.T.);
#2592=ORIENTED_EDGE('',*,*,#1887,.F.);
#2593=ORIENTED_EDGE('',*,*,#1888,.T.);
#2594=ORIENTED_EDGE('',*,*,#1889,.F.);
#2595=ORIENTED_EDGE('',*,*,#1890,.T.);
#2596=ORIENTED_EDGE('',*,*,#1891,.F.);
#2597=ORIENTED_EDGE('',*,*,#1892,.T.);
#2598=ORIENTED_EDGE('',*,*,#1893,.F.);
#2599=ORIENTED_EDGE('',*,*,#1894,.T.);
#2600=ORIENTED_EDGE('',*,*,#1895,.F.);
#2601=ORIENTED_EDGE('',*,*,#1896,.T.);
#2602=ORIENTED_EDGE('',*,*,#1785,.F.);
#2603=ORIENTED_EDGE('',*,*,#1828,.F.);
#2604=ORIENTED_EDGE('',*,*,#1897,.T.);
#2605=ORIENTED_EDGE('',*,*,#1872,.T.);
#2606=ORIENTED_EDGE('',*,*,#1866,.F.);
#2607=ORIENTED_EDGE('',*,*,#1804,.T.);
#2608=ORIENTED_EDGE('',*,*,#1730,.F.);
#2609=ORIENTED_EDGE('',*,*,#1732,.F.);
#2610=ORIENTED_EDGE('',*,*,#1898,.T.);
#2611=ORIENTED_EDGE('',*,*,#1862,.F.);
#2612=ORIENTED_EDGE('',*,*,#1857,.F.);
#2613=ORIENTED_EDGE('',*,*,#1871,.F.);
#2614=ORIENTED_EDGE('',*,*,#1869,.F.);
#2615=ORIENTED_EDGE('',*,*,#1864,.F.);
#2616=ORIENTED_EDGE('',*,*,#1867,.F.);
#2617=ORIENTED_EDGE('',*,*,#1898,.F.);
#2618=ORIENTED_EDGE('',*,*,#1899,.T.);
#2619=ORIENTED_EDGE('',*,*,#1900,.T.);
#2620=ORIENTED_EDGE('',*,*,#1901,.T.);
#2621=ORIENTED_EDGE('',*,*,#1902,.T.);
#2622=ORIENTED_EDGE('',*,*,#1903,.T.);
#2623=ORIENTED_EDGE('',*,*,#1904,.T.);
#2624=ORIENTED_EDGE('',*,*,#1905,.T.);
#2625=ORIENTED_EDGE('',*,*,#1906,.T.);
#2626=ORIENTED_EDGE('',*,*,#1903,.F.);
#2627=ORIENTED_EDGE('',*,*,#1889,.T.);
#2628=ORIENTED_EDGE('',*,*,#1901,.F.);
#2629=ORIENTED_EDGE('',*,*,#1907,.T.);
#2630=ORIENTED_EDGE('',*,*,#1908,.T.);
#2631=ORIENTED_EDGE('',*,*,#1899,.F.);
#2632=ORIENTED_EDGE('',*,*,#1909,.T.);
#2633=ORIENTED_EDGE('',*,*,#1905,.F.);
#2634=ORIENTED_EDGE('',*,*,#1910,.T.);
#2635=ORIENTED_EDGE('',*,*,#1906,.F.);
#2636=ORIENTED_EDGE('',*,*,#1911,.F.);
#2637=ORIENTED_EDGE('',*,*,#1912,.F.);
#2638=ORIENTED_EDGE('',*,*,#1890,.F.);
#2639=ORIENTED_EDGE('',*,*,#1716,.F.);
#2640=ORIENTED_EDGE('',*,*,#1913,.T.);
#2641=ORIENTED_EDGE('',*,*,#1907,.F.);
#2642=ORIENTED_EDGE('',*,*,#1900,.F.);
#2643=ORIENTED_EDGE('',*,*,#1910,.F.);
#2644=ORIENTED_EDGE('',*,*,#1904,.F.);
#2645=ORIENTED_EDGE('',*,*,#1908,.F.);
#2646=ORIENTED_EDGE('',*,*,#1913,.F.);
#2647=ORIENTED_EDGE('',*,*,#1714,.F.);
#2648=ORIENTED_EDGE('',*,*,#1914,.T.);
#2649=ORIENTED_EDGE('',*,*,#1915,.T.);
#2650=ORIENTED_EDGE('',*,*,#1916,.T.);
#2651=ORIENTED_EDGE('',*,*,#1912,.T.);
#2652=ORIENTED_EDGE('',*,*,#1917,.T.);
#2653=ORIENTED_EDGE('',*,*,#1918,.T.);
#2654=ORIENTED_EDGE('',*,*,#1919,.T.);
#2655=ORIENTED_EDGE('',*,*,#1920,.T.);
#2656=ORIENTED_EDGE('',*,*,#1917,.F.);
#2657=ORIENTED_EDGE('',*,*,#1891,.T.);
#2658=ORIENTED_EDGE('',*,*,#1916,.F.);
#2659=ORIENTED_EDGE('',*,*,#1921,.T.);
#2660=ORIENTED_EDGE('',*,*,#1922,.T.);
#2661=ORIENTED_EDGE('',*,*,#1914,.F.);
#2662=ORIENTED_EDGE('',*,*,#1923,.T.);
#2663=ORIENTED_EDGE('',*,*,#1919,.F.);
#2664=ORIENTED_EDGE('',*,*,#1924,.T.);
#2665=ORIENTED_EDGE('',*,*,#1920,.F.);
#2666=ORIENTED_EDGE('',*,*,#1925,.F.);
#2667=ORIENTED_EDGE('',*,*,#1926,.F.);
#2668=ORIENTED_EDGE('',*,*,#1892,.F.);
#2669=ORIENTED_EDGE('',*,*,#1720,.F.);
#2670=ORIENTED_EDGE('',*,*,#1718,.F.);
#2671=ORIENTED_EDGE('',*,*,#1927,.T.);
#2672=ORIENTED_EDGE('',*,*,#1921,.F.);
#2673=ORIENTED_EDGE('',*,*,#1915,.F.);
#2674=ORIENTED_EDGE('',*,*,#1924,.F.);
#2675=ORIENTED_EDGE('',*,*,#1918,.F.);
#2676=ORIENTED_EDGE('',*,*,#1922,.F.);
#2677=ORIENTED_EDGE('',*,*,#1927,.F.);
#2678=ORIENTED_EDGE('',*,*,#1928,.T.);
#2679=ORIENTED_EDGE('',*,*,#1929,.T.);
#2680=ORIENTED_EDGE('',*,*,#1930,.T.);
#2681=ORIENTED_EDGE('',*,*,#1931,.T.);
#2682=ORIENTED_EDGE('',*,*,#1932,.T.);
#2683=ORIENTED_EDGE('',*,*,#1933,.T.);
#2684=ORIENTED_EDGE('',*,*,#1934,.T.);
#2685=ORIENTED_EDGE('',*,*,#1935,.T.);
#2686=ORIENTED_EDGE('',*,*,#1932,.F.);
#2687=ORIENTED_EDGE('',*,*,#1895,.T.);
#2688=ORIENTED_EDGE('',*,*,#1930,.F.);
#2689=ORIENTED_EDGE('',*,*,#1936,.T.);
#2690=ORIENTED_EDGE('',*,*,#1937,.T.);
#2691=ORIENTED_EDGE('',*,*,#1928,.F.);
#2692=ORIENTED_EDGE('',*,*,#1938,.T.);
#2693=ORIENTED_EDGE('',*,*,#1934,.F.);
#2694=ORIENTED_EDGE('',*,*,#1939,.T.);
#2695=ORIENTED_EDGE('',*,*,#1859,.F.);
#2696=ORIENTED_EDGE('',*,*,#1896,.F.);
#2697=ORIENTED_EDGE('',*,*,#1935,.F.);
#2698=ORIENTED_EDGE('',*,*,#1940,.F.);
#2699=ORIENTED_EDGE('',*,*,#1728,.F.);
#2700=ORIENTED_EDGE('',*,*,#1726,.F.);
#2701=ORIENTED_EDGE('',*,*,#1941,.T.);
#2702=ORIENTED_EDGE('',*,*,#1936,.F.);
#2703=ORIENTED_EDGE('',*,*,#1929,.F.);
#2704=ORIENTED_EDGE('',*,*,#1939,.F.);
#2705=ORIENTED_EDGE('',*,*,#1933,.F.);
#2706=ORIENTED_EDGE('',*,*,#1937,.F.);
#2707=ORIENTED_EDGE('',*,*,#1941,.F.);
#2708=ORIENTED_EDGE('',*,*,#1942,.T.);
#2709=ORIENTED_EDGE('',*,*,#1943,.T.);
#2710=ORIENTED_EDGE('',*,*,#1944,.T.);
#2711=ORIENTED_EDGE('',*,*,#1926,.T.);
#2712=ORIENTED_EDGE('',*,*,#1945,.T.);
#2713=ORIENTED_EDGE('',*,*,#1946,.T.);
#2714=ORIENTED_EDGE('',*,*,#1947,.T.);
#2715=ORIENTED_EDGE('',*,*,#1948,.T.);
#2716=ORIENTED_EDGE('',*,*,#1945,.F.);
#2717=ORIENTED_EDGE('',*,*,#1893,.T.);
#2718=ORIENTED_EDGE('',*,*,#1944,.F.);
#2719=ORIENTED_EDGE('',*,*,#1949,.T.);
#2720=ORIENTED_EDGE('',*,*,#1950,.T.);
#2721=ORIENTED_EDGE('',*,*,#1942,.F.);
#2722=ORIENTED_EDGE('',*,*,#1951,.T.);
#2723=ORIENTED_EDGE('',*,*,#1947,.F.);
#2724=ORIENTED_EDGE('',*,*,#1952,.T.);
#2725=ORIENTED_EDGE('',*,*,#1931,.F.);
#2726=ORIENTED_EDGE('',*,*,#1894,.F.);
#2727=ORIENTED_EDGE('',*,*,#1948,.F.);
#2728=ORIENTED_EDGE('',*,*,#1953,.F.);
#2729=ORIENTED_EDGE('',*,*,#1724,.F.);
#2730=ORIENTED_EDGE('',*,*,#1722,.F.);
#2731=ORIENTED_EDGE('',*,*,#1954,.T.);
#2732=ORIENTED_EDGE('',*,*,#1949,.F.);
#2733=ORIENTED_EDGE('',*,*,#1943,.F.);
#2734=ORIENTED_EDGE('',*,*,#1952,.F.);
#2735=ORIENTED_EDGE('',*,*,#1946,.F.);
#2736=ORIENTED_EDGE('',*,*,#1950,.F.);
#2737=ORIENTED_EDGE('',*,*,#1954,.F.);
#2738=ORIENTED_EDGE('',*,*,#1955,.T.);
#2739=ORIENTED_EDGE('',*,*,#1956,.T.);
#2740=ORIENTED_EDGE('',*,*,#1957,.T.);
#2741=ORIENTED_EDGE('',*,*,#1958,.T.);
#2742=ORIENTED_EDGE('',*,*,#1959,.T.);
#2743=ORIENTED_EDGE('',*,*,#1960,.T.);
#2744=ORIENTED_EDGE('',*,*,#1961,.T.);
#2745=ORIENTED_EDGE('',*,*,#1962,.T.);
#2746=ORIENTED_EDGE('',*,*,#1959,.F.);
#2747=ORIENTED_EDGE('',*,*,#1887,.T.);
#2748=ORIENTED_EDGE('',*,*,#1957,.F.);
#2749=ORIENTED_EDGE('',*,*,#1963,.T.);
#2750=ORIENTED_EDGE('',*,*,#1964,.T.);
#2751=ORIENTED_EDGE('',*,*,#1955,.F.);
#2752=ORIENTED_EDGE('',*,*,#1965,.T.);
#2753=ORIENTED_EDGE('',*,*,#1961,.F.);
#2754=ORIENTED_EDGE('',*,*,#1966,.T.);
#2755=ORIENTED_EDGE('',*,*,#1902,.F.);
#2756=ORIENTED_EDGE('',*,*,#1888,.F.);
#2757=ORIENTED_EDGE('',*,*,#1962,.F.);
#2758=ORIENTED_EDGE('',*,*,#1967,.F.);
#2759=ORIENTED_EDGE('',*,*,#1712,.F.);
#2760=ORIENTED_EDGE('',*,*,#1710,.F.);
#2761=ORIENTED_EDGE('',*,*,#1968,.T.);
#2762=ORIENTED_EDGE('',*,*,#1963,.F.);
#2763=ORIENTED_EDGE('',*,*,#1956,.F.);
#2764=ORIENTED_EDGE('',*,*,#1966,.F.);
#2765=ORIENTED_EDGE('',*,*,#1960,.F.);
#2766=ORIENTED_EDGE('',*,*,#1964,.F.);
#2767=ORIENTED_EDGE('',*,*,#1968,.F.);
#2768=ORIENTED_EDGE('',*,*,#1969,.T.);
#2769=ORIENTED_EDGE('',*,*,#1970,.T.);
#2770=ORIENTED_EDGE('',*,*,#1971,.T.);
#2771=ORIENTED_EDGE('',*,*,#1972,.T.);
#2772=ORIENTED_EDGE('',*,*,#1973,.T.);
#2773=ORIENTED_EDGE('',*,*,#1974,.T.);
#2774=ORIENTED_EDGE('',*,*,#1975,.T.);
#2775=ORIENTED_EDGE('',*,*,#1976,.T.);
#2776=ORIENTED_EDGE('',*,*,#1973,.F.);
#2777=ORIENTED_EDGE('',*,*,#1881,.T.);
#2778=ORIENTED_EDGE('',*,*,#1971,.F.);
#2779=ORIENTED_EDGE('',*,*,#1977,.T.);
#2780=ORIENTED_EDGE('',*,*,#1978,.T.);
#2781=ORIENTED_EDGE('',*,*,#1969,.F.);
#2782=ORIENTED_EDGE('',*,*,#1979,.T.);
#2783=ORIENTED_EDGE('',*,*,#1975,.F.);
#2784=ORIENTED_EDGE('',*,*,#1980,.T.);
#2785=ORIENTED_EDGE('',*,*,#1976,.F.);
#2786=ORIENTED_EDGE('',*,*,#1981,.F.);
#2787=ORIENTED_EDGE('',*,*,#1982,.F.);
#2788=ORIENTED_EDGE('',*,*,#1882,.F.);
#2789=ORIENTED_EDGE('',*,*,#1700,.F.);
#2790=ORIENTED_EDGE('',*,*,#1983,.T.);
#2791=ORIENTED_EDGE('',*,*,#1977,.F.);
#2792=ORIENTED_EDGE('',*,*,#1970,.F.);
#2793=ORIENTED_EDGE('',*,*,#1980,.F.);
#2794=ORIENTED_EDGE('',*,*,#1974,.F.);
#2795=ORIENTED_EDGE('',*,*,#1978,.F.);
#2796=ORIENTED_EDGE('',*,*,#1983,.F.);
#2797=ORIENTED_EDGE('',*,*,#1698,.F.);
#2798=ORIENTED_EDGE('',*,*,#1984,.T.);
#2799=ORIENTED_EDGE('',*,*,#1985,.T.);
#2800=ORIENTED_EDGE('',*,*,#1986,.T.);
#2801=ORIENTED_EDGE('',*,*,#1987,.T.);
#2802=ORIENTED_EDGE('',*,*,#1988,.T.);
#2803=ORIENTED_EDGE('',*,*,#1989,.T.);
#2804=ORIENTED_EDGE('',*,*,#1990,.T.);
#2805=ORIENTED_EDGE('',*,*,#1991,.T.);
#2806=ORIENTED_EDGE('',*,*,#1988,.F.);
#2807=ORIENTED_EDGE('',*,*,#1885,.T.);
#2808=ORIENTED_EDGE('',*,*,#1986,.F.);
#2809=ORIENTED_EDGE('',*,*,#1992,.T.);
#2810=ORIENTED_EDGE('',*,*,#1993,.T.);
#2811=ORIENTED_EDGE('',*,*,#1984,.F.);
#2812=ORIENTED_EDGE('',*,*,#1994,.T.);
#2813=ORIENTED_EDGE('',*,*,#1990,.F.);
#2814=ORIENTED_EDGE('',*,*,#1995,.T.);
#2815=ORIENTED_EDGE('',*,*,#1958,.F.);
#2816=ORIENTED_EDGE('',*,*,#1886,.F.);
#2817=ORIENTED_EDGE('',*,*,#1991,.F.);
#2818=ORIENTED_EDGE('',*,*,#1996,.F.);
#2819=ORIENTED_EDGE('',*,*,#1708,.F.);
#2820=ORIENTED_EDGE('',*,*,#1706,.F.);
#2821=ORIENTED_EDGE('',*,*,#1997,.T.);
#2822=ORIENTED_EDGE('',*,*,#1992,.F.);
#2823=ORIENTED_EDGE('',*,*,#1985,.F.);
#2824=ORIENTED_EDGE('',*,*,#1995,.F.);
#2825=ORIENTED_EDGE('',*,*,#1989,.F.);
#2826=ORIENTED_EDGE('',*,*,#1993,.F.);
#2827=ORIENTED_EDGE('',*,*,#1997,.F.);
#2828=ORIENTED_EDGE('',*,*,#1998,.T.);
#2829=ORIENTED_EDGE('',*,*,#1999,.T.);
#2830=ORIENTED_EDGE('',*,*,#2000,.T.);
#2831=ORIENTED_EDGE('',*,*,#1982,.T.);
#2832=ORIENTED_EDGE('',*,*,#2001,.T.);
#2833=ORIENTED_EDGE('',*,*,#2002,.T.);
#2834=ORIENTED_EDGE('',*,*,#2003,.T.);
#2835=ORIENTED_EDGE('',*,*,#2004,.T.);
#2836=ORIENTED_EDGE('',*,*,#2001,.F.);
#2837=ORIENTED_EDGE('',*,*,#1883,.T.);
#2838=ORIENTED_EDGE('',*,*,#2000,.F.);
#2839=ORIENTED_EDGE('',*,*,#2005,.T.);
#2840=ORIENTED_EDGE('',*,*,#2006,.T.);
#2841=ORIENTED_EDGE('',*,*,#1998,.F.);
#2842=ORIENTED_EDGE('',*,*,#2007,.T.);
#2843=ORIENTED_EDGE('',*,*,#2003,.F.);
#2844=ORIENTED_EDGE('',*,*,#2008,.T.);
#2845=ORIENTED_EDGE('',*,*,#1987,.F.);
#2846=ORIENTED_EDGE('',*,*,#1884,.F.);
#2847=ORIENTED_EDGE('',*,*,#2004,.F.);
#2848=ORIENTED_EDGE('',*,*,#2009,.F.);
#2849=ORIENTED_EDGE('',*,*,#1704,.F.);
#2850=ORIENTED_EDGE('',*,*,#2010,.T.);
#2851=ORIENTED_EDGE('',*,*,#2005,.F.);
#2852=ORIENTED_EDGE('',*,*,#1999,.F.);
#2853=ORIENTED_EDGE('',*,*,#2008,.F.);
#2854=ORIENTED_EDGE('',*,*,#2002,.F.);
#2855=ORIENTED_EDGE('',*,*,#2006,.F.);
#2856=ORIENTED_EDGE('',*,*,#2010,.F.);
#2857=ORIENTED_EDGE('',*,*,#1702,.F.);
#2858=ORIENTED_EDGE('',*,*,#2011,.T.);
#2859=ORIENTED_EDGE('',*,*,#2012,.T.);
#2860=ORIENTED_EDGE('',*,*,#2013,.T.);
#2861=ORIENTED_EDGE('',*,*,#2014,.T.);
#2862=ORIENTED_EDGE('',*,*,#2015,.T.);
#2863=ORIENTED_EDGE('',*,*,#2016,.T.);
#2864=ORIENTED_EDGE('',*,*,#2017,.T.);
#2865=ORIENTED_EDGE('',*,*,#2018,.T.);
#2866=ORIENTED_EDGE('',*,*,#2019,.T.);
#2867=ORIENTED_EDGE('',*,*,#2016,.F.);
#2868=ORIENTED_EDGE('',*,*,#2020,.T.);
#2869=ORIENTED_EDGE('',*,*,#2014,.F.);
#2870=ORIENTED_EDGE('',*,*,#2021,.T.);
#2871=ORIENTED_EDGE('',*,*,#2011,.F.);
#2872=ORIENTED_EDGE('',*,*,#2022,.T.);
#2873=ORIENTED_EDGE('',*,*,#2018,.F.);
#2874=ORIENTED_EDGE('',*,*,#2023,.T.);
#2875=ORIENTED_EDGE('',*,*,#2020,.F.);
#2876=ORIENTED_EDGE('',*,*,#2024,.T.);
#2877=ORIENTED_EDGE('',*,*,#2025,.T.);
#2878=ORIENTED_EDGE('',*,*,#2026,.T.);
#2879=ORIENTED_EDGE('',*,*,#2027,.T.);
#2880=ORIENTED_EDGE('',*,*,#2028,.T.);
#2881=ORIENTED_EDGE('',*,*,#2029,.F.);
#2882=ORIENTED_EDGE('',*,*,#2030,.T.);
#2883=ORIENTED_EDGE('',*,*,#2031,.F.);
#2884=ORIENTED_EDGE('',*,*,#2032,.T.);
#2885=ORIENTED_EDGE('',*,*,#2033,.F.);
#2886=ORIENTED_EDGE('',*,*,#2034,.T.);
#2887=ORIENTED_EDGE('',*,*,#2019,.F.);
#2888=ORIENTED_EDGE('',*,*,#2035,.F.);
#2889=ORIENTED_EDGE('',*,*,#2036,.T.);
#2890=ORIENTED_EDGE('',*,*,#2037,.T.);
#2891=ORIENTED_EDGE('',*,*,#2024,.F.);
#2892=ORIENTED_EDGE('',*,*,#1668,.F.);
#2893=ORIENTED_EDGE('',*,*,#1667,.F.);
#2894=ORIENTED_EDGE('',*,*,#2038,.T.);
#2895=ORIENTED_EDGE('',*,*,#2012,.F.);
#2896=ORIENTED_EDGE('',*,*,#2023,.F.);
#2897=ORIENTED_EDGE('',*,*,#2017,.F.);
#2898=ORIENTED_EDGE('',*,*,#2021,.F.);
#2899=ORIENTED_EDGE('',*,*,#2013,.F.);
#2900=ORIENTED_EDGE('',*,*,#2038,.F.);
#2901=ORIENTED_EDGE('',*,*,#1666,.F.);
#2902=ORIENTED_EDGE('',*,*,#2039,.T.);
#2903=ORIENTED_EDGE('',*,*,#2040,.T.);
#2904=ORIENTED_EDGE('',*,*,#2041,.T.);
#2905=ORIENTED_EDGE('',*,*,#2042,.T.);
#2906=ORIENTED_EDGE('',*,*,#2043,.T.);
#2907=ORIENTED_EDGE('',*,*,#2044,.T.);
#2908=ORIENTED_EDGE('',*,*,#2045,.T.);
#2909=ORIENTED_EDGE('',*,*,#2046,.T.);
#2910=ORIENTED_EDGE('',*,*,#2047,.T.);
#2911=ORIENTED_EDGE('',*,*,#2044,.F.);
#2912=ORIENTED_EDGE('',*,*,#2033,.T.);
#2913=ORIENTED_EDGE('',*,*,#2042,.F.);
#2914=ORIENTED_EDGE('',*,*,#2048,.T.);
#2915=ORIENTED_EDGE('',*,*,#2039,.F.);
#2916=ORIENTED_EDGE('',*,*,#2049,.T.);
#2917=ORIENTED_EDGE('',*,*,#2046,.F.);
#2918=ORIENTED_EDGE('',*,*,#2050,.T.);
#2919=ORIENTED_EDGE('',*,*,#2015,.F.);
#2920=ORIENTED_EDGE('',*,*,#2034,.F.);
#2921=ORIENTED_EDGE('',*,*,#2047,.F.);
#2922=ORIENTED_EDGE('',*,*,#2051,.F.);
#2923=ORIENTED_EDGE('',*,*,#1671,.F.);
#2924=ORIENTED_EDGE('',*,*,#1670,.F.);
#2925=ORIENTED_EDGE('',*,*,#2052,.T.);
#2926=ORIENTED_EDGE('',*,*,#2040,.F.);
#2927=ORIENTED_EDGE('',*,*,#2050,.F.);
#2928=ORIENTED_EDGE('',*,*,#2045,.F.);
#2929=ORIENTED_EDGE('',*,*,#2048,.F.);
#2930=ORIENTED_EDGE('',*,*,#2041,.F.);
#2931=ORIENTED_EDGE('',*,*,#2052,.F.);
#2932=ORIENTED_EDGE('',*,*,#1669,.F.);
#2933=ORIENTED_EDGE('',*,*,#2053,.T.);
#2934=ORIENTED_EDGE('',*,*,#2054,.T.);
#2935=ORIENTED_EDGE('',*,*,#2055,.T.);
#2936=ORIENTED_EDGE('',*,*,#2056,.T.);
#2937=ORIENTED_EDGE('',*,*,#2057,.T.);
#2938=ORIENTED_EDGE('',*,*,#2058,.T.);
#2939=ORIENTED_EDGE('',*,*,#2059,.T.);
#2940=ORIENTED_EDGE('',*,*,#2060,.T.);
#2941=ORIENTED_EDGE('',*,*,#2061,.T.);
#2942=ORIENTED_EDGE('',*,*,#2058,.F.);
#2943=ORIENTED_EDGE('',*,*,#2031,.T.);
#2944=ORIENTED_EDGE('',*,*,#2056,.F.);
#2945=ORIENTED_EDGE('',*,*,#2062,.T.);
#2946=ORIENTED_EDGE('',*,*,#2053,.F.);
#2947=ORIENTED_EDGE('',*,*,#2063,.T.);
#2948=ORIENTED_EDGE('',*,*,#2060,.F.);
#2949=ORIENTED_EDGE('',*,*,#2064,.T.);
#2950=ORIENTED_EDGE('',*,*,#2043,.F.);
#2951=ORIENTED_EDGE('',*,*,#2032,.F.);
#2952=ORIENTED_EDGE('',*,*,#2061,.F.);
#2953=ORIENTED_EDGE('',*,*,#2065,.F.);
#2954=ORIENTED_EDGE('',*,*,#1674,.F.);
#2955=ORIENTED_EDGE('',*,*,#1673,.F.);
#2956=ORIENTED_EDGE('',*,*,#2066,.T.);
#2957=ORIENTED_EDGE('',*,*,#2054,.F.);
#2958=ORIENTED_EDGE('',*,*,#2064,.F.);
#2959=ORIENTED_EDGE('',*,*,#2059,.F.);
#2960=ORIENTED_EDGE('',*,*,#2062,.F.);
#2961=ORIENTED_EDGE('',*,*,#2055,.F.);
#2962=ORIENTED_EDGE('',*,*,#2066,.F.);
#2963=ORIENTED_EDGE('',*,*,#1672,.F.);
#2964=ORIENTED_EDGE('',*,*,#2067,.T.);
#2965=ORIENTED_EDGE('',*,*,#2068,.T.);
#2966=ORIENTED_EDGE('',*,*,#2069,.T.);
#2967=ORIENTED_EDGE('',*,*,#2070,.T.);
#2968=ORIENTED_EDGE('',*,*,#2071,.T.);
#2969=ORIENTED_EDGE('',*,*,#2072,.T.);
#2970=ORIENTED_EDGE('',*,*,#2073,.T.);
#2971=ORIENTED_EDGE('',*,*,#2070,.F.);
#2972=ORIENTED_EDGE('',*,*,#2074,.T.);
#2973=ORIENTED_EDGE('',*,*,#2075,.T.);
#2974=ORIENTED_EDGE('',*,*,#2076,.T.);
#2975=ORIENTED_EDGE('',*,*,#2077,.T.);
#2976=ORIENTED_EDGE('',*,*,#2078,.T.);
#2977=ORIENTED_EDGE('',*,*,#2075,.F.);
#2978=ORIENTED_EDGE('',*,*,#2029,.T.);
#2979=ORIENTED_EDGE('',*,*,#2072,.F.);
#2980=ORIENTED_EDGE('',*,*,#2079,.T.);
#2981=ORIENTED_EDGE('',*,*,#2080,.T.);
#2982=ORIENTED_EDGE('',*,*,#2081,.T.);
#2983=ORIENTED_EDGE('',*,*,#2077,.F.);
#2984=ORIENTED_EDGE('',*,*,#2082,.T.);
#2985=ORIENTED_EDGE('',*,*,#2067,.F.);
#2986=ORIENTED_EDGE('',*,*,#2083,.T.);
#2987=ORIENTED_EDGE('',*,*,#2080,.F.);
#2988=ORIENTED_EDGE('',*,*,#2084,.T.);
#2989=ORIENTED_EDGE('',*,*,#2073,.F.);
#2990=ORIENTED_EDGE('',*,*,#2028,.F.);
#2991=ORIENTED_EDGE('',*,*,#2085,.T.);
#2992=ORIENTED_EDGE('',*,*,#2086,.T.);
#2993=ORIENTED_EDGE('',*,*,#2087,.F.);
#2994=ORIENTED_EDGE('',*,*,#2088,.T.);
#2995=ORIENTED_EDGE('',*,*,#2057,.F.);
#2996=ORIENTED_EDGE('',*,*,#2030,.F.);
#2997=ORIENTED_EDGE('',*,*,#2078,.F.);
#2998=ORIENTED_EDGE('',*,*,#2089,.F.);
#2999=ORIENTED_EDGE('',*,*,#1676,.F.);
#3000=ORIENTED_EDGE('',*,*,#1679,.F.);
#3001=ORIENTED_EDGE('',*,*,#2090,.T.);
#3002=ORIENTED_EDGE('',*,*,#2068,.F.);
#3003=ORIENTED_EDGE('',*,*,#2084,.F.);
#3004=ORIENTED_EDGE('',*,*,#2082,.F.);
#3005=ORIENTED_EDGE('',*,*,#2076,.F.);
#3006=ORIENTED_EDGE('',*,*,#2079,.F.);
#3007=ORIENTED_EDGE('',*,*,#2074,.F.);
#3008=ORIENTED_EDGE('',*,*,#2069,.F.);
#3009=ORIENTED_EDGE('',*,*,#2090,.F.);
#3010=ORIENTED_EDGE('',*,*,#1678,.F.);
#3011=ORIENTED_EDGE('',*,*,#1681,.F.);
#3012=ORIENTED_EDGE('',*,*,#1682,.F.);
#3013=ORIENTED_EDGE('',*,*,#2091,.T.);
#3014=ORIENTED_EDGE('',*,*,#2092,.T.);
#3015=ORIENTED_EDGE('',*,*,#2093,.T.);
#3016=ORIENTED_EDGE('',*,*,#2094,.T.);
#3017=ORIENTED_EDGE('',*,*,#2095,.T.);
#3018=ORIENTED_EDGE('',*,*,#2096,.T.);
#3019=ORIENTED_EDGE('',*,*,#2093,.F.);
#3020=ORIENTED_EDGE('',*,*,#2097,.T.);
#3021=ORIENTED_EDGE('',*,*,#2098,.T.);
#3022=ORIENTED_EDGE('',*,*,#2099,.T.);
#3023=ORIENTED_EDGE('',*,*,#2100,.T.);
#3024=ORIENTED_EDGE('',*,*,#2101,.T.);
#3025=ORIENTED_EDGE('',*,*,#2098,.F.);
#3026=ORIENTED_EDGE('',*,*,#1875,.T.);
#3027=ORIENTED_EDGE('',*,*,#2095,.F.);
#3028=ORIENTED_EDGE('',*,*,#2102,.T.);
#3029=ORIENTED_EDGE('',*,*,#2103,.T.);
#3030=ORIENTED_EDGE('',*,*,#2104,.T.);
#3031=ORIENTED_EDGE('',*,*,#2100,.F.);
#3032=ORIENTED_EDGE('',*,*,#2105,.T.);
#3033=ORIENTED_EDGE('',*,*,#2091,.F.);
#3034=ORIENTED_EDGE('',*,*,#2087,.T.);
#3035=ORIENTED_EDGE('',*,*,#2103,.F.);
#3036=ORIENTED_EDGE('',*,*,#2106,.T.);
#3037=ORIENTED_EDGE('',*,*,#2083,.F.);
#3038=ORIENTED_EDGE('',*,*,#2107,.T.);
#3039=ORIENTED_EDGE('',*,*,#2096,.F.);
#3040=ORIENTED_EDGE('',*,*,#1874,.F.);
#3041=ORIENTED_EDGE('',*,*,#2108,.T.);
#3042=ORIENTED_EDGE('',*,*,#2109,.T.);
#3043=ORIENTED_EDGE('',*,*,#2101,.F.);
#3044=ORIENTED_EDGE('',*,*,#2110,.F.);
#3045=ORIENTED_EDGE('',*,*,#2111,.F.);
#3046=ORIENTED_EDGE('',*,*,#1876,.F.);
#3047=ORIENTED_EDGE('',*,*,#1688,.F.);
#3048=ORIENTED_EDGE('',*,*,#2112,.T.);
#3049=ORIENTED_EDGE('',*,*,#2097,.F.);
#3050=ORIENTED_EDGE('',*,*,#2092,.F.);
#3051=ORIENTED_EDGE('',*,*,#2106,.F.);
#3052=ORIENTED_EDGE('',*,*,#2105,.F.);
#3053=ORIENTED_EDGE('',*,*,#2099,.F.);
#3054=ORIENTED_EDGE('',*,*,#2102,.F.);
#3055=ORIENTED_EDGE('',*,*,#2112,.F.);
#3056=ORIENTED_EDGE('',*,*,#1687,.F.);
#3057=ORIENTED_EDGE('',*,*,#2113,.T.);
#3058=ORIENTED_EDGE('',*,*,#2114,.T.);
#3059=ORIENTED_EDGE('',*,*,#2115,.T.);
#3060=ORIENTED_EDGE('',*,*,#2111,.T.);
#3061=ORIENTED_EDGE('',*,*,#2116,.T.);
#3062=ORIENTED_EDGE('',*,*,#2117,.T.);
#3063=ORIENTED_EDGE('',*,*,#2118,.T.);
#3064=ORIENTED_EDGE('',*,*,#2119,.T.);
#3065=ORIENTED_EDGE('',*,*,#2116,.F.);
#3066=ORIENTED_EDGE('',*,*,#1877,.T.);
#3067=ORIENTED_EDGE('',*,*,#2115,.F.);
#3068=ORIENTED_EDGE('',*,*,#2120,.T.);
#3069=ORIENTED_EDGE('',*,*,#2121,.T.);
#3070=ORIENTED_EDGE('',*,*,#2113,.F.);
#3071=ORIENTED_EDGE('',*,*,#2122,.T.);
#3072=ORIENTED_EDGE('',*,*,#2118,.F.);
#3073=ORIENTED_EDGE('',*,*,#2123,.T.);
#3074=ORIENTED_EDGE('',*,*,#2119,.F.);
#3075=ORIENTED_EDGE('',*,*,#2124,.F.);
#3076=ORIENTED_EDGE('',*,*,#2125,.F.);
#3077=ORIENTED_EDGE('',*,*,#1878,.F.);
#3078=ORIENTED_EDGE('',*,*,#1692,.F.);
#3079=ORIENTED_EDGE('',*,*,#2126,.T.);
#3080=ORIENTED_EDGE('',*,*,#2120,.F.);
#3081=ORIENTED_EDGE('',*,*,#2114,.F.);
#3082=ORIENTED_EDGE('',*,*,#2123,.F.);
#3083=ORIENTED_EDGE('',*,*,#2117,.F.);
#3084=ORIENTED_EDGE('',*,*,#2121,.F.);
#3085=ORIENTED_EDGE('',*,*,#2126,.F.);
#3086=ORIENTED_EDGE('',*,*,#1690,.F.);
#3087=ORIENTED_EDGE('',*,*,#2127,.T.);
#3088=ORIENTED_EDGE('',*,*,#2128,.T.);
#3089=ORIENTED_EDGE('',*,*,#2129,.T.);
#3090=ORIENTED_EDGE('',*,*,#2125,.T.);
#3091=ORIENTED_EDGE('',*,*,#2130,.T.);
#3092=ORIENTED_EDGE('',*,*,#2131,.T.);
#3093=ORIENTED_EDGE('',*,*,#2132,.T.);
#3094=ORIENTED_EDGE('',*,*,#2133,.T.);
#3095=ORIENTED_EDGE('',*,*,#2130,.F.);
#3096=ORIENTED_EDGE('',*,*,#1879,.T.);
#3097=ORIENTED_EDGE('',*,*,#2129,.F.);
#3098=ORIENTED_EDGE('',*,*,#2134,.T.);
#3099=ORIENTED_EDGE('',*,*,#2135,.T.);
#3100=ORIENTED_EDGE('',*,*,#2127,.F.);
#3101=ORIENTED_EDGE('',*,*,#2136,.T.);
#3102=ORIENTED_EDGE('',*,*,#2132,.F.);
#3103=ORIENTED_EDGE('',*,*,#2137,.T.);
#3104=ORIENTED_EDGE('',*,*,#1972,.F.);
#3105=ORIENTED_EDGE('',*,*,#1880,.F.);
#3106=ORIENTED_EDGE('',*,*,#2133,.F.);
#3107=ORIENTED_EDGE('',*,*,#2138,.F.);
#3108=ORIENTED_EDGE('',*,*,#1696,.F.);
#3109=ORIENTED_EDGE('',*,*,#2139,.T.);
#3110=ORIENTED_EDGE('',*,*,#2134,.F.);
#3111=ORIENTED_EDGE('',*,*,#2128,.F.);
#3112=ORIENTED_EDGE('',*,*,#2137,.F.);
#3113=ORIENTED_EDGE('',*,*,#2131,.F.);
#3114=ORIENTED_EDGE('',*,*,#2135,.F.);
#3115=ORIENTED_EDGE('',*,*,#2139,.F.);
#3116=ORIENTED_EDGE('',*,*,#1694,.F.);
#3117=ORIENTED_EDGE('',*,*,#2140,.T.);
#3118=ORIENTED_EDGE('',*,*,#2141,.T.);
#3119=ORIENTED_EDGE('',*,*,#2142,.T.);
#3120=ORIENTED_EDGE('',*,*,#2143,.T.);
#3121=ORIENTED_EDGE('',*,*,#2022,.F.);
#3122=ORIENTED_EDGE('',*,*,#2051,.T.);
#3123=ORIENTED_EDGE('',*,*,#2049,.F.);
#3124=ORIENTED_EDGE('',*,*,#2065,.T.);
#3125=ORIENTED_EDGE('',*,*,#2063,.F.);
#3126=ORIENTED_EDGE('',*,*,#2089,.T.);
#3127=ORIENTED_EDGE('',*,*,#2081,.F.);
#3128=ORIENTED_EDGE('',*,*,#2109,.F.);
#3129=ORIENTED_EDGE('',*,*,#2144,.T.);
#3130=ORIENTED_EDGE('',*,*,#2143,.F.);
#3131=ORIENTED_EDGE('',*,*,#2145,.T.);
#3132=ORIENTED_EDGE('',*,*,#2035,.T.);
#3133=ORIENTED_EDGE('',*,*,#2146,.T.);
#3134=ORIENTED_EDGE('',*,*,#2147,.T.);
#3135=ORIENTED_EDGE('',*,*,#2148,.T.);
#3136=ORIENTED_EDGE('',*,*,#1826,.F.);
#3137=ORIENTED_EDGE('',*,*,#2147,.F.);
#3138=ORIENTED_EDGE('',*,*,#2149,.T.);
#3139=ORIENTED_EDGE('',*,*,#2150,.T.);
#3140=ORIENTED_EDGE('',*,*,#2141,.F.);
#3141=ORIENTED_EDGE('',*,*,#2151,.T.);
#3142=ORIENTED_EDGE('',*,*,#2152,.T.);
#3143=ORIENTED_EDGE('',*,*,#2153,.T.);
#3144=ORIENTED_EDGE('',*,*,#2154,.T.);
#3145=ORIENTED_EDGE('',*,*,#2155,.T.);
#3146=ORIENTED_EDGE('',*,*,#1791,.T.);
#3147=ORIENTED_EDGE('',*,*,#2156,.T.);
#3148=ORIENTED_EDGE('',*,*,#2157,.T.);
#3149=ORIENTED_EDGE('',*,*,#2158,.T.);
#3150=ORIENTED_EDGE('',*,*,#2026,.F.);
#3151=ORIENTED_EDGE('',*,*,#1870,.F.);
#3152=ORIENTED_EDGE('',*,*,#1940,.T.);
#3153=ORIENTED_EDGE('',*,*,#1938,.F.);
#3154=ORIENTED_EDGE('',*,*,#1953,.T.);
#3155=ORIENTED_EDGE('',*,*,#1951,.F.);
#3156=ORIENTED_EDGE('',*,*,#1925,.T.);
#3157=ORIENTED_EDGE('',*,*,#1923,.F.);
#3158=ORIENTED_EDGE('',*,*,#1911,.T.);
#3159=ORIENTED_EDGE('',*,*,#1909,.F.);
#3160=ORIENTED_EDGE('',*,*,#1967,.T.);
#3161=ORIENTED_EDGE('',*,*,#1965,.F.);
#3162=ORIENTED_EDGE('',*,*,#1996,.T.);
#3163=ORIENTED_EDGE('',*,*,#1994,.F.);
#3164=ORIENTED_EDGE('',*,*,#2009,.T.);
#3165=ORIENTED_EDGE('',*,*,#2007,.F.);
#3166=ORIENTED_EDGE('',*,*,#1981,.T.);
#3167=ORIENTED_EDGE('',*,*,#1979,.F.);
#3168=ORIENTED_EDGE('',*,*,#2138,.T.);
#3169=ORIENTED_EDGE('',*,*,#2136,.F.);
#3170=ORIENTED_EDGE('',*,*,#2124,.T.);
#3171=ORIENTED_EDGE('',*,*,#2122,.F.);
#3172=ORIENTED_EDGE('',*,*,#2110,.T.);
#3173=ORIENTED_EDGE('',*,*,#2104,.F.);
#3174=ORIENTED_EDGE('',*,*,#2086,.F.);
#3175=ORIENTED_EDGE('',*,*,#2159,.T.);
#3176=ORIENTED_EDGE('',*,*,#1802,.T.);
#3177=ORIENTED_EDGE('',*,*,#2154,.F.);
#3178=ORIENTED_EDGE('',*,*,#2160,.T.);
#3179=ORIENTED_EDGE('',*,*,#2161,.T.);
#3180=ORIENTED_EDGE('',*,*,#2157,.F.);
#3181=ORIENTED_EDGE('',*,*,#2162,.T.);
#3182=ORIENTED_EDGE('',*,*,#2163,.T.);
#3183=ORIENTED_EDGE('',*,*,#2148,.F.);
#3184=ORIENTED_EDGE('',*,*,#2150,.F.);
#3185=ORIENTED_EDGE('',*,*,#2160,.F.);
#3186=ORIENTED_EDGE('',*,*,#2153,.F.);
#3187=ORIENTED_EDGE('',*,*,#2164,.F.);
#3188=ORIENTED_EDGE('',*,*,#2165,.T.);
#3189=ORIENTED_EDGE('',*,*,#2166,.T.);
#3190=ORIENTED_EDGE('',*,*,#2145,.F.);
#3191=ORIENTED_EDGE('',*,*,#2142,.F.);
#3192=ORIENTED_EDGE('',*,*,#2167,.T.);
#3193=ORIENTED_EDGE('',*,*,#2025,.F.);
#3194=ORIENTED_EDGE('',*,*,#2168,.T.);
#3195=ORIENTED_EDGE('',*,*,#2156,.F.);
#3196=ORIENTED_EDGE('',*,*,#1792,.F.);
#3197=ORIENTED_EDGE('',*,*,#2155,.F.);
#3198=ORIENTED_EDGE('',*,*,#2169,.T.);
#3199=ORIENTED_EDGE('',*,*,#2071,.F.);
#3200=ORIENTED_EDGE('',*,*,#2088,.F.);
#3201=ORIENTED_EDGE('',*,*,#2094,.F.);
#3202=ORIENTED_EDGE('',*,*,#2107,.F.);
#3203=ORIENTED_EDGE('',*,*,#1825,.F.);
#3204=ORIENTED_EDGE('',*,*,#2170,.T.);
#3205=ORIENTED_EDGE('',*,*,#2146,.F.);
#3206=ORIENTED_EDGE('',*,*,#1773,.F.);
#3207=ORIENTED_EDGE('',*,*,#1799,.F.);
#3208=ORIENTED_EDGE('',*,*,#1848,.F.);
#3209=ORIENTED_EDGE('',*,*,#1819,.F.);
#3210=ORIENTED_EDGE('',*,*,#1790,.F.);
#3211=ORIENTED_EDGE('',*,*,#2171,.F.);
#3212=ORIENTED_EDGE('',*,*,#2172,.T.);
#3213=ORIENTED_EDGE('',*,*,#2164,.T.);
#3214=ORIENTED_EDGE('',*,*,#1803,.F.);
#3215=ORIENTED_EDGE('',*,*,#2173,.F.);
#3216=ORIENTED_EDGE('',*,*,#2174,.T.);
#3217=ORIENTED_EDGE('',*,*,#2171,.T.);
#3218=ORIENTED_EDGE('',*,*,#2159,.F.);
#3219=ORIENTED_EDGE('',*,*,#2175,.F.);
#3220=ORIENTED_EDGE('',*,*,#2176,.T.);
#3221=ORIENTED_EDGE('',*,*,#2173,.T.);
#3222=ORIENTED_EDGE('',*,*,#2085,.F.);
#3223=ORIENTED_EDGE('',*,*,#2177,.F.);
#3224=ORIENTED_EDGE('',*,*,#2178,.T.);
#3225=ORIENTED_EDGE('',*,*,#2175,.T.);
#3226=ORIENTED_EDGE('',*,*,#2027,.F.);
#3227=ORIENTED_EDGE('',*,*,#2179,.F.);
#3228=ORIENTED_EDGE('',*,*,#2180,.T.);
#3229=ORIENTED_EDGE('',*,*,#2177,.T.);
#3230=ORIENTED_EDGE('',*,*,#1686,.F.);
#3231=ORIENTED_EDGE('',*,*,#1684,.F.);
#3232=ORIENTED_EDGE('',*,*,#2181,.T.);
#3233=ORIENTED_EDGE('',*,*,#2182,.T.);
#3234=ORIENTED_EDGE('',*,*,#2183,.T.);
#3235=ORIENTED_EDGE('',*,*,#2184,.T.);
#3236=ORIENTED_EDGE('',*,*,#2185,.T.);
#3237=ORIENTED_EDGE('',*,*,#2186,.T.);
#3238=ORIENTED_EDGE('',*,*,#2187,.T.);
#3239=ORIENTED_EDGE('',*,*,#2188,.T.);
#3240=ORIENTED_EDGE('',*,*,#2189,.T.);
#3241=ORIENTED_EDGE('',*,*,#2190,.T.);
#3242=ORIENTED_EDGE('',*,*,#2191,.T.);
#3243=ORIENTED_EDGE('',*,*,#1733,.T.);
#3244=ORIENTED_EDGE('',*,*,#1731,.F.);
#3245=ORIENTED_EDGE('',*,*,#2191,.F.);
#3246=ORIENTED_EDGE('',*,*,#1727,.F.);
#3247=ORIENTED_EDGE('',*,*,#1725,.F.);
#3248=ORIENTED_EDGE('',*,*,#2190,.F.);
#3249=ORIENTED_EDGE('',*,*,#1723,.F.);
#3250=ORIENTED_EDGE('',*,*,#1721,.F.);
#3251=ORIENTED_EDGE('',*,*,#2189,.F.);
#3252=ORIENTED_EDGE('',*,*,#1719,.F.);
#3253=ORIENTED_EDGE('',*,*,#1717,.F.);
#3254=ORIENTED_EDGE('',*,*,#2188,.F.);
#3255=ORIENTED_EDGE('',*,*,#1713,.F.);
#3256=ORIENTED_EDGE('',*,*,#1715,.F.);
#3257=ORIENTED_EDGE('',*,*,#2187,.F.);
#3258=ORIENTED_EDGE('',*,*,#1711,.F.);
#3259=ORIENTED_EDGE('',*,*,#1709,.F.);
#3260=ORIENTED_EDGE('',*,*,#2186,.F.);
#3261=ORIENTED_EDGE('',*,*,#1707,.F.);
#3262=ORIENTED_EDGE('',*,*,#1705,.F.);
#3263=ORIENTED_EDGE('',*,*,#2185,.F.);
#3264=ORIENTED_EDGE('',*,*,#1701,.F.);
#3265=ORIENTED_EDGE('',*,*,#1703,.F.);
#3266=ORIENTED_EDGE('',*,*,#2184,.F.);
#3267=ORIENTED_EDGE('',*,*,#1697,.F.);
#3268=ORIENTED_EDGE('',*,*,#1699,.F.);
#3269=ORIENTED_EDGE('',*,*,#2183,.F.);
#3270=ORIENTED_EDGE('',*,*,#1693,.F.);
#3271=ORIENTED_EDGE('',*,*,#1695,.F.);
#3272=ORIENTED_EDGE('',*,*,#2182,.F.);
#3273=ORIENTED_EDGE('',*,*,#1689,.F.);
#3274=ORIENTED_EDGE('',*,*,#1691,.F.);
#3275=ORIENTED_EDGE('',*,*,#2181,.F.);
#3276=ORIENTED_EDGE('',*,*,#1643,.T.);
#3277=ORIENTED_EDGE('',*,*,#1665,.T.);
#3278=ORIENTED_EDGE('',*,*,#1764,.T.);
#3279=ORIENTED_EDGE('',*,*,#1641,.T.);
#3280=ORIENTED_EDGE('',*,*,#1762,.F.);
#3281=ORIENTED_EDGE('',*,*,#1765,.T.);
#3282=ORIENTED_EDGE('',*,*,#1640,.T.);
#3283=ORIENTED_EDGE('',*,*,#1763,.F.);
#3284=ORIENTED_EDGE('',*,*,#2192,.T.);
#3285=ORIENTED_EDGE('',*,*,#1829,.F.);
#3286=ORIENTED_EDGE('',*,*,#2169,.F.);
#3287=ORIENTED_EDGE('',*,*,#2161,.F.);
#3288=ORIENTED_EDGE('',*,*,#2149,.F.);
#3289=ORIENTED_EDGE('',*,*,#2170,.F.);
#3290=ORIENTED_EDGE('',*,*,#1830,.F.);
#3291=ORIENTED_EDGE('',*,*,#2192,.F.);
#3292=ORIENTED_EDGE('',*,*,#1649,.F.);
#3293=ORIENTED_EDGE('',*,*,#1644,.T.);
#3294=ORIENTED_EDGE('',*,*,#1664,.T.);
#3295=ORIENTED_EDGE('',*,*,#1650,.F.);
#3296=ORIENTED_EDGE('',*,*,#2193,.T.);
#3297=ORIENTED_EDGE('',*,*,#2036,.F.);
#3298=ORIENTED_EDGE('',*,*,#2167,.F.);
#3299=ORIENTED_EDGE('',*,*,#2152,.F.);
#3300=ORIENTED_EDGE('',*,*,#2162,.F.);
#3301=ORIENTED_EDGE('',*,*,#2168,.F.);
#3302=ORIENTED_EDGE('',*,*,#2037,.F.);
#3303=ORIENTED_EDGE('',*,*,#2193,.F.);
#3304=ORIENTED_EDGE('',*,*,#2140,.F.);
#3305=ORIENTED_EDGE('',*,*,#2194,.F.);
#3306=ORIENTED_EDGE('',*,*,#2195,.T.);
#3307=ORIENTED_EDGE('',*,*,#2179,.T.);
#3308=ORIENTED_EDGE('',*,*,#2158,.F.);
#3309=ORIENTED_EDGE('',*,*,#2163,.F.);
#3310=ORIENTED_EDGE('',*,*,#2151,.F.);
#3311=ORIENTED_EDGE('',*,*,#2144,.F.);
#3312=ORIENTED_EDGE('',*,*,#2196,.F.);
#3313=ORIENTED_EDGE('',*,*,#2197,.T.);
#3314=ORIENTED_EDGE('',*,*,#2194,.T.);
#3315=ORIENTED_EDGE('',*,*,#2108,.F.);
#3316=ORIENTED_EDGE('',*,*,#2198,.F.);
#3317=ORIENTED_EDGE('',*,*,#2199,.T.);
#3318=ORIENTED_EDGE('',*,*,#2196,.T.);
#3319=ORIENTED_EDGE('',*,*,#1873,.F.);
#3320=ORIENTED_EDGE('',*,*,#2200,.F.);
#3321=ORIENTED_EDGE('',*,*,#2201,.T.);
#3322=ORIENTED_EDGE('',*,*,#2198,.T.);
#3323=ORIENTED_EDGE('',*,*,#1897,.F.);
#3324=ORIENTED_EDGE('',*,*,#2202,.F.);
#3325=ORIENTED_EDGE('',*,*,#2203,.T.);
#3326=ORIENTED_EDGE('',*,*,#2200,.T.);
#3327=ORIENTED_EDGE('',*,*,#1827,.F.);
#3328=ORIENTED_EDGE('',*,*,#2166,.F.);
#3329=ORIENTED_EDGE('',*,*,#2204,.T.);
#3330=ORIENTED_EDGE('',*,*,#2202,.T.);
#3331=ORIENTED_EDGE('',*,*,#2174,.F.);
#3332=ORIENTED_EDGE('',*,*,#2176,.F.);
#3333=ORIENTED_EDGE('',*,*,#2178,.F.);
#3334=ORIENTED_EDGE('',*,*,#2180,.F.);
#3335=ORIENTED_EDGE('',*,*,#2195,.F.);
#3336=ORIENTED_EDGE('',*,*,#2197,.F.);
#3337=ORIENTED_EDGE('',*,*,#2199,.F.);
#3338=ORIENTED_EDGE('',*,*,#2201,.F.);
#3339=ORIENTED_EDGE('',*,*,#2203,.F.);
#3340=ORIENTED_EDGE('',*,*,#2204,.F.);
#3341=ORIENTED_EDGE('',*,*,#2165,.F.);
#3342=ORIENTED_EDGE('',*,*,#2172,.F.);
#3343=CYLINDRICAL_SURFACE('',#3856,15.);
#3344=CYLINDRICAL_SURFACE('',#3859,15.);
#3345=CYLINDRICAL_SURFACE('',#3862,15.);
#3346=CYLINDRICAL_SURFACE('',#3865,15.);
#3347=CYLINDRICAL_SURFACE('',#3871,15.);
#3348=CYLINDRICAL_SURFACE('',#3973,15.);
#3349=CYLINDRICAL_SURFACE('',#3989,5.);
#3350=CYLINDRICAL_SURFACE('',#3999,15.);
#3351=CYLINDRICAL_SURFACE('',#4011,5.);
#3352=CYLINDRICAL_SURFACE('',#4017,15.);
#3353=CYLINDRICAL_SURFACE('',#4030,15.);
#3354=CYLINDRICAL_SURFACE('',#4043,15.);
#3355=CYLINDRICAL_SURFACE('',#4055,5.);
#3356=CYLINDRICAL_SURFACE('',#4060,15.);
#3357=CYLINDRICAL_SURFACE('',#4073,15.);
#3358=CYLINDRICAL_SURFACE('',#4085,15.);
#3359=CYLINDRICAL_SURFACE('',#4097,15.);
#3360=CYLINDRICAL_SURFACE('',#4108,15.);
#3361=CYLINDRICAL_SURFACE('',#4120,15.);
#3362=CYLINDRICAL_SURFACE('',#4133,15.);
#3363=CYLINDRICAL_SURFACE('',#4145,15.);
#3364=CYLINDRICAL_SURFACE('',#4156,15.);
#3365=CYLINDRICAL_SURFACE('',#4168,5.);
#3366=CYLINDRICAL_SURFACE('',#4174,15.);
#3367=CYLINDRICAL_SURFACE('',#4187,15.);
#3368=CYLINDRICAL_SURFACE('',#4200,15.);
#3369=CYLINDRICAL_SURFACE('',#4219,15.);
#3370=CYLINDRICAL_SURFACE('',#4238,15.);
#3371=CYLINDRICAL_SURFACE('',#4250,15.);
#3372=CYLINDRICAL_SURFACE('',#4261,15.);
#3373=CYLINDRICAL_SURFACE('',#4262,5.);
#3374=CYLINDRICAL_SURFACE('',#4265,5.);
#3375=CYLINDRICAL_SURFACE('',#4266,5.);
#3376=CYLINDRICAL_SURFACE('',#4270,5.);
#3377=CYLINDRICAL_SURFACE('',#4272,5.);
#3378=CYLINDRICAL_SURFACE('',#4274,5.);
#3379=CYLINDRICAL_SURFACE('',#4289,70.);
#3380=CYLINDRICAL_SURFACE('',#4292,70.);
#3381=CYLINDRICAL_SURFACE('',#4295,15.);
#3382=CYLINDRICAL_SURFACE('',#4298,15.);
#3383=CYLINDRICAL_SURFACE('',#4299,15.);
#3384=CYLINDRICAL_SURFACE('',#4302,110.);
#3385=CYLINDRICAL_SURFACE('',#4305,110.);
#3386=STYLED_ITEM('',(#13379),#3610);
#3387=STYLED_ITEM('',(#13379),#3611);
#3388=STYLED_ITEM('',(#13379),#3612);
#3389=STYLED_ITEM('',(#13379),#3613);
#3390=STYLED_ITEM('',(#13379),#3614);
#3391=STYLED_ITEM('',(#13379),#3615);
#3392=STYLED_ITEM('',(#13379),#3616);
#3393=STYLED_ITEM('',(#13379),#3617);
#3394=STYLED_ITEM('',(#13379),#3618);
#3395=STYLED_ITEM('',(#13379),#3619);
#3396=STYLED_ITEM('',(#13379),#3620);
#3397=STYLED_ITEM('',(#13379),#3621);
#3398=STYLED_ITEM('',(#13379),#3622);
#3399=STYLED_ITEM('',(#13379),#3623);
#3400=STYLED_ITEM('',(#13379),#3624);
#3401=STYLED_ITEM('',(#13379),#3625);
#3402=STYLED_ITEM('',(#13379),#3626);
#3403=STYLED_ITEM('',(#13379),#3627);
#3404=STYLED_ITEM('',(#13379),#3628);
#3405=STYLED_ITEM('',(#13379),#3629);
#3406=STYLED_ITEM('',(#13379),#3630);
#3407=STYLED_ITEM('',(#13379),#3631);
#3408=STYLED_ITEM('',(#13379),#3632);
#3409=STYLED_ITEM('',(#13379),#3633);
#3410=STYLED_ITEM('',(#13379),#3634);
#3411=STYLED_ITEM('',(#13379),#3635);
#3412=STYLED_ITEM('',(#13379),#3636);
#3413=STYLED_ITEM('',(#13379),#3637);
#3414=STYLED_ITEM('',(#13379),#3638);
#3415=STYLED_ITEM('',(#13379),#3639);
#3416=STYLED_ITEM('',(#13379),#3640);
#3417=STYLED_ITEM('',(#13379),#3641);
#3418=STYLED_ITEM('',(#13379),#3642);
#3419=STYLED_ITEM('',(#13379),#3643);
#3420=STYLED_ITEM('',(#13379),#3644);
#3421=STYLED_ITEM('',(#13379),#3645);
#3422=STYLED_ITEM('',(#13379),#3646);
#3423=STYLED_ITEM('',(#13379),#3647);
#3424=STYLED_ITEM('',(#13379),#3648);
#3425=STYLED_ITEM('',(#13379),#3649);
#3426=STYLED_ITEM('',(#13379),#3650);
#3427=STYLED_ITEM('',(#13379),#3651);
#3428=STYLED_ITEM('',(#13379),#3652);
#3429=STYLED_ITEM('',(#13379),#3653);
#3430=STYLED_ITEM('',(#13379),#3654);
#3431=STYLED_ITEM('',(#13379),#3655);
#3432=STYLED_ITEM('',(#13379),#3656);
#3433=STYLED_ITEM('',(#13379),#3657);
#3434=STYLED_ITEM('',(#13379),#3658);
#3435=STYLED_ITEM('',(#13379),#3659);
#3436=STYLED_ITEM('',(#13379),#3660);
#3437=STYLED_ITEM('',(#13379),#3661);
#3438=STYLED_ITEM('',(#13379),#3662);
#3439=STYLED_ITEM('',(#13379),#3663);
#3440=STYLED_ITEM('',(#13379),#3664);
#3441=STYLED_ITEM('',(#13379),#3665);
#3442=STYLED_ITEM('',(#13379),#3666);
#3443=STYLED_ITEM('',(#13379),#3667);
#3444=STYLED_ITEM('',(#13379),#3668);
#3445=STYLED_ITEM('',(#13379),#3669);
#3446=STYLED_ITEM('',(#13379),#3670);
#3447=STYLED_ITEM('',(#13379),#3671);
#3448=STYLED_ITEM('',(#13379),#3672);
#3449=STYLED_ITEM('',(#13379),#3673);
#3450=STYLED_ITEM('',(#13379),#3674);
#3451=STYLED_ITEM('',(#13379),#3675);
#3452=STYLED_ITEM('',(#13379),#3676);
#3453=STYLED_ITEM('',(#13379),#3677);
#3454=STYLED_ITEM('',(#13379),#3678);
#3455=STYLED_ITEM('',(#13379),#3679);
#3456=STYLED_ITEM('',(#13379),#3680);
#3457=STYLED_ITEM('',(#13379),#3681);
#3458=STYLED_ITEM('',(#13379),#3682);
#3459=STYLED_ITEM('',(#13379),#3683);
#3460=STYLED_ITEM('',(#13379),#3684);
#3461=STYLED_ITEM('',(#13379),#3685);
#3462=STYLED_ITEM('',(#13379),#3686);
#3463=STYLED_ITEM('',(#13379),#3687);
#3464=STYLED_ITEM('',(#13379),#3688);
#3465=STYLED_ITEM('',(#13379),#3689);
#3466=STYLED_ITEM('',(#13379),#3690);
#3467=STYLED_ITEM('',(#13379),#3691);
#3468=STYLED_ITEM('',(#13379),#3692);
#3469=STYLED_ITEM('',(#13379),#3693);
#3470=STYLED_ITEM('',(#13379),#3694);
#3471=STYLED_ITEM('',(#13379),#3695);
#3472=STYLED_ITEM('',(#13379),#3696);
#3473=STYLED_ITEM('',(#13379),#3697);
#3474=STYLED_ITEM('',(#13379),#3698);
#3475=STYLED_ITEM('',(#13379),#3699);
#3476=STYLED_ITEM('',(#13379),#3700);
#3477=STYLED_ITEM('',(#13379),#3701);
#3478=STYLED_ITEM('',(#13379),#3702);
#3479=STYLED_ITEM('',(#13379),#3703);
#3480=STYLED_ITEM('',(#13379),#3704);
#3481=STYLED_ITEM('',(#13379),#3705);
#3482=STYLED_ITEM('',(#13379),#3706);
#3483=STYLED_ITEM('',(#13379),#3707);
#3484=STYLED_ITEM('',(#13379),#3708);
#3485=STYLED_ITEM('',(#13379),#3709);
#3486=STYLED_ITEM('',(#13379),#3710);
#3487=STYLED_ITEM('',(#13379),#3711);
#3488=STYLED_ITEM('',(#13379),#3712);
#3489=STYLED_ITEM('',(#13379),#3713);
#3490=STYLED_ITEM('',(#13379),#3714);
#3491=STYLED_ITEM('',(#13379),#3715);
#3492=STYLED_ITEM('',(#13379),#3716);
#3493=STYLED_ITEM('',(#13379),#3717);
#3494=STYLED_ITEM('',(#13379),#3718);
#3495=STYLED_ITEM('',(#13379),#3719);
#3496=STYLED_ITEM('',(#13379),#3720);
#3497=STYLED_ITEM('',(#13379),#3721);
#3498=STYLED_ITEM('',(#13379),#3722);
#3499=STYLED_ITEM('',(#13379),#3723);
#3500=STYLED_ITEM('',(#13379),#3724);
#3501=STYLED_ITEM('',(#13379),#3725);
#3502=STYLED_ITEM('',(#13379),#3726);
#3503=STYLED_ITEM('',(#13379),#3727);
#3504=STYLED_ITEM('',(#13379),#3728);
#3505=STYLED_ITEM('',(#13379),#3729);
#3506=STYLED_ITEM('',(#13379),#3730);
#3507=STYLED_ITEM('',(#13379),#3731);
#3508=STYLED_ITEM('',(#13379),#3732);
#3509=STYLED_ITEM('',(#13379),#3733);
#3510=STYLED_ITEM('',(#13379),#3734);
#3511=STYLED_ITEM('',(#13379),#3735);
#3512=STYLED_ITEM('',(#13379),#3736);
#3513=STYLED_ITEM('',(#13379),#3737);
#3514=STYLED_ITEM('',(#13379),#3738);
#3515=STYLED_ITEM('',(#13379),#3739);
#3516=STYLED_ITEM('',(#13379),#3740);
#3517=STYLED_ITEM('',(#13379),#3741);
#3518=STYLED_ITEM('',(#13379),#3742);
#3519=STYLED_ITEM('',(#13379),#3743);
#3520=STYLED_ITEM('',(#13379),#3744);
#3521=STYLED_ITEM('',(#13379),#3745);
#3522=STYLED_ITEM('',(#13379),#3746);
#3523=STYLED_ITEM('',(#13379),#3747);
#3524=STYLED_ITEM('',(#13379),#3748);
#3525=STYLED_ITEM('',(#13379),#3749);
#3526=STYLED_ITEM('',(#13379),#3750);
#3527=STYLED_ITEM('',(#13379),#3751);
#3528=STYLED_ITEM('',(#13379),#3752);
#3529=STYLED_ITEM('',(#13379),#3753);
#3530=STYLED_ITEM('',(#13379),#3754);
#3531=STYLED_ITEM('',(#13379),#3755);
#3532=STYLED_ITEM('',(#13379),#3756);
#3533=STYLED_ITEM('',(#13379),#3757);
#3534=STYLED_ITEM('',(#13379),#3758);
#3535=STYLED_ITEM('',(#13379),#3759);
#3536=STYLED_ITEM('',(#13379),#3760);
#3537=STYLED_ITEM('',(#13379),#3761);
#3538=STYLED_ITEM('',(#13379),#3762);
#3539=STYLED_ITEM('',(#13379),#3763);
#3540=STYLED_ITEM('',(#13379),#3764);
#3541=STYLED_ITEM('',(#13379),#3765);
#3542=STYLED_ITEM('',(#13379),#3766);
#3543=STYLED_ITEM('',(#13379),#3767);
#3544=STYLED_ITEM('',(#13379),#3768);
#3545=STYLED_ITEM('',(#13379),#3769);
#3546=STYLED_ITEM('',(#13379),#3770);
#3547=STYLED_ITEM('',(#13379),#3771);
#3548=STYLED_ITEM('',(#13379),#3772);
#3549=STYLED_ITEM('',(#13379),#3773);
#3550=STYLED_ITEM('',(#13379),#3774);
#3551=STYLED_ITEM('',(#13379),#3775);
#3552=STYLED_ITEM('',(#13379),#3776);
#3553=STYLED_ITEM('',(#13379),#3777);
#3554=STYLED_ITEM('',(#13379),#3778);
#3555=STYLED_ITEM('',(#13379),#3779);
#3556=STYLED_ITEM('',(#13379),#3780);
#3557=STYLED_ITEM('',(#13379),#3781);
#3558=STYLED_ITEM('',(#13379),#3782);
#3559=STYLED_ITEM('',(#13379),#3783);
#3560=STYLED_ITEM('',(#13379),#3784);
#3561=STYLED_ITEM('',(#13379),#3785);
#3562=STYLED_ITEM('',(#13379),#3786);
#3563=STYLED_ITEM('',(#13379),#3787);
#3564=STYLED_ITEM('',(#13379),#3788);
#3565=STYLED_ITEM('',(#13379),#3789);
#3566=STYLED_ITEM('',(#13379),#3790);
#3567=STYLED_ITEM('',(#13379),#3791);
#3568=STYLED_ITEM('',(#13379),#3792);
#3569=STYLED_ITEM('',(#13379),#3793);
#3570=STYLED_ITEM('',(#13379),#3794);
#3571=STYLED_ITEM('',(#13379),#3795);
#3572=STYLED_ITEM('',(#13379),#3796);
#3573=STYLED_ITEM('',(#13379),#3797);
#3574=STYLED_ITEM('',(#13379),#3798);
#3575=STYLED_ITEM('',(#13379),#3799);
#3576=STYLED_ITEM('',(#13379),#3800);
#3577=STYLED_ITEM('',(#13379),#3801);
#3578=STYLED_ITEM('',(#13379),#3802);
#3579=STYLED_ITEM('',(#13379),#3803);
#3580=STYLED_ITEM('',(#13379),#3804);
#3581=STYLED_ITEM('',(#13379),#3805);
#3582=STYLED_ITEM('',(#13379),#3806);
#3583=STYLED_ITEM('',(#13379),#3807);
#3584=STYLED_ITEM('',(#13379),#3808);
#3585=STYLED_ITEM('',(#13379),#3809);
#3586=STYLED_ITEM('',(#13379),#3810);
#3587=STYLED_ITEM('',(#13379),#3811);
#3588=STYLED_ITEM('',(#13379),#3812);
#3589=STYLED_ITEM('',(#13379),#3813);
#3590=STYLED_ITEM('',(#13379),#3814);
#3591=STYLED_ITEM('',(#13379),#3815);
#3592=STYLED_ITEM('',(#13379),#3816);
#3593=STYLED_ITEM('',(#13379),#3817);
#3594=STYLED_ITEM('',(#13379),#3818);
#3595=STYLED_ITEM('',(#13379),#3819);
#3596=STYLED_ITEM('',(#13379),#3820);
#3597=STYLED_ITEM('',(#13379),#3821);
#3598=STYLED_ITEM('',(#13379),#3822);
#3599=STYLED_ITEM('',(#13379),#3823);
#3600=STYLED_ITEM('',(#13379),#3824);
#3601=STYLED_ITEM('',(#13379),#3825);
#3602=STYLED_ITEM('',(#13379),#3826);
#3603=STYLED_ITEM('',(#13379),#3827);
#3604=STYLED_ITEM('',(#13379),#3828);
#3605=STYLED_ITEM('',(#13379),#3829);
#3606=STYLED_ITEM('',(#13379),#3830);
#3607=STYLED_ITEM('',(#13379),#3831);
#3608=STYLED_ITEM('',(#13379),#3832);
#3609=STYLED_ITEM('',(#13378),#13);
#3610=ADVANCED_FACE('',(#314),#3343,.T.);
#3611=ADVANCED_FACE('',(#315),#3344,.T.);
#3612=ADVANCED_FACE('',(#316),#3345,.T.);
#3613=ADVANCED_FACE('',(#317),#3346,.T.);
#3614=ADVANCED_FACE('',(#318),#216,.T.);
#3615=ADVANCED_FACE('',(#319),#3347,.T.);
#3616=ADVANCED_FACE('',(#320),#217,.T.);
#3617=ADVANCED_FACE('',(#321),#218,.T.);
#3618=ADVANCED_FACE('',(#322),#219,.T.);
#3619=ADVANCED_FACE('',(#323),#220,.T.);
#3620=ADVANCED_FACE('',(#324),#221,.T.);
#3621=ADVANCED_FACE('',(#325),#222,.T.);
#3622=ADVANCED_FACE('',(#326),#223,.T.);
#3623=ADVANCED_FACE('',(#327),#224,.T.);
#3624=ADVANCED_FACE('',(#328),#225,.T.);
#3625=ADVANCED_FACE('',(#329),#226,.T.);
#3626=ADVANCED_FACE('',(#330),#50,.T.);
#3627=ADVANCED_FACE('',(#331),#227,.T.);
#3628=ADVANCED_FACE('',(#332),#228,.T.);
#3629=ADVANCED_FACE('',(#333),#229,.T.);
#3630=ADVANCED_FACE('',(#334),#230,.T.);
#3631=ADVANCED_FACE('',(#335),#231,.T.);
#3632=ADVANCED_FACE('',(#336),#232,.T.);
#3633=ADVANCED_FACE('',(#337),#233,.T.);
#3634=ADVANCED_FACE('',(#338),#234,.T.);
#3635=ADVANCED_FACE('',(#339),#235,.T.);
#3636=ADVANCED_FACE('',(#340),#236,.T.);
#3637=ADVANCED_FACE('',(#341),#237,.T.);
#3638=ADVANCED_FACE('',(#342),#238,.T.);
#3639=ADVANCED_FACE('',(#343),#239,.T.);
#3640=ADVANCED_FACE('',(#344),#240,.T.);
#3641=ADVANCED_FACE('',(#345),#241,.T.);
#3642=ADVANCED_FACE('',(#346),#242,.T.);
#3643=ADVANCED_FACE('',(#347),#243,.T.);
#3644=ADVANCED_FACE('',(#348),#244,.T.);
#3645=ADVANCED_FACE('',(#349),#245,.T.);
#3646=ADVANCED_FACE('',(#350),#246,.T.);
#3647=ADVANCED_FACE('',(#351),#247,.T.);
#3648=ADVANCED_FACE('',(#352),#248,.T.);
#3649=ADVANCED_FACE('',(#353),#249,.T.);
#3650=ADVANCED_FACE('',(#354),#250,.T.);
#3651=ADVANCED_FACE('',(#355),#51,.T.);
#3652=ADVANCED_FACE('',(#356),#251,.T.);
#3653=ADVANCED_FACE('',(#357),#252,.T.);
#3654=ADVANCED_FACE('',(#358),#253,.T.);
#3655=ADVANCED_FACE('',(#359),#254,.T.);
#3656=ADVANCED_FACE('',(#360),#255,.T.);
#3657=ADVANCED_FACE('',(#361),#256,.T.);
#3658=ADVANCED_FACE('',(#362),#257,.T.);
#3659=ADVANCED_FACE('',(#363),#258,.T.);
#3660=ADVANCED_FACE('',(#364),#259,.T.);
#3661=ADVANCED_FACE('',(#365),#260,.T.);
#3662=ADVANCED_FACE('',(#366),#261,.T.);
#3663=ADVANCED_FACE('',(#367),#3348,.T.);
#3664=ADVANCED_FACE('',(#368),#52,.F.);
#3665=ADVANCED_FACE('',(#369),#262,.T.);
#3666=ADVANCED_FACE('',(#370),#53,.F.);
#3667=ADVANCED_FACE('',(#371),#263,.T.);
#3668=ADVANCED_FACE('',(#372),#264,.T.);
#3669=ADVANCED_FACE('',(#373),#265,.T.);
#3670=ADVANCED_FACE('',(#374),#3349,.T.);
#3671=ADVANCED_FACE('',(#375),#54,.T.);
#3672=ADVANCED_FACE('',(#376),#14,.T.);
#3673=ADVANCED_FACE('',(#377),#3350,.T.);
#3674=ADVANCED_FACE('',(#378),#55,.F.);
#3675=ADVANCED_FACE('',(#379),#56,.F.);
#3676=ADVANCED_FACE('',(#380),#266,.T.);
#3677=ADVANCED_FACE('',(#381),#267,.T.);
#3678=ADVANCED_FACE('',(#382),#3351,.T.);
#3679=ADVANCED_FACE('',(#383),#15,.T.);
#3680=ADVANCED_FACE('',(#384),#3352,.T.);
#3681=ADVANCED_FACE('',(#385),#57,.F.);
#3682=ADVANCED_FACE('',(#386),#58,.F.);
#3683=ADVANCED_FACE('',(#387),#268,.T.);
#3684=ADVANCED_FACE('',(#388),#269,.T.);
#3685=ADVANCED_FACE('',(#389),#16,.T.);
#3686=ADVANCED_FACE('',(#390),#3353,.T.);
#3687=ADVANCED_FACE('',(#391),#59,.F.);
#3688=ADVANCED_FACE('',(#392),#60,.F.);
#3689=ADVANCED_FACE('',(#393),#270,.T.);
#3690=ADVANCED_FACE('',(#394),#271,.T.);
#3691=ADVANCED_FACE('',(#395),#17,.T.);
#3692=ADVANCED_FACE('',(#396),#3354,.T.);
#3693=ADVANCED_FACE('',(#397),#61,.F.);
#3694=ADVANCED_FACE('',(#398),#272,.T.);
#3695=ADVANCED_FACE('',(#399),#62,.F.);
#3696=ADVANCED_FACE('',(#400),#273,.T.);
#3697=ADVANCED_FACE('',(#401),#274,.T.);
#3698=ADVANCED_FACE('',(#402),#275,.T.);
#3699=ADVANCED_FACE('',(#403),#3355,.T.);
#3700=ADVANCED_FACE('',(#404),#63,.T.);
#3701=ADVANCED_FACE('',(#405),#3356,.T.);
#3702=ADVANCED_FACE('',(#406),#64,.F.);
#3703=ADVANCED_FACE('',(#407),#65,.F.);
#3704=ADVANCED_FACE('',(#408),#276,.T.);
#3705=ADVANCED_FACE('',(#409),#277,.T.);
#3706=ADVANCED_FACE('',(#410),#18,.T.);
#3707=ADVANCED_FACE('',(#411),#3357,.T.);
#3708=ADVANCED_FACE('',(#412),#66,.F.);
#3709=ADVANCED_FACE('',(#413),#67,.F.);
#3710=ADVANCED_FACE('',(#414),#278,.T.);
#3711=ADVANCED_FACE('',(#415),#279,.T.);
#3712=ADVANCED_FACE('',(#416),#19,.T.);
#3713=ADVANCED_FACE('',(#417),#3358,.T.);
#3714=ADVANCED_FACE('',(#418),#68,.F.);
#3715=ADVANCED_FACE('',(#419),#69,.F.);
#3716=ADVANCED_FACE('',(#420),#280,.T.);
#3717=ADVANCED_FACE('',(#421),#281,.T.);
#3718=ADVANCED_FACE('',(#422),#20,.T.);
#3719=ADVANCED_FACE('',(#423),#3359,.T.);
#3720=ADVANCED_FACE('',(#424),#70,.F.);
#3721=ADVANCED_FACE('',(#425),#71,.F.);
#3722=ADVANCED_FACE('',(#426),#282,.T.);
#3723=ADVANCED_FACE('',(#427),#283,.T.);
#3724=ADVANCED_FACE('',(#428),#21,.T.);
#3725=ADVANCED_FACE('',(#429),#3360,.T.);
#3726=ADVANCED_FACE('',(#430),#72,.F.);
#3727=ADVANCED_FACE('',(#431),#73,.F.);
#3728=ADVANCED_FACE('',(#432),#284,.T.);
#3729=ADVANCED_FACE('',(#433),#285,.T.);
#3730=ADVANCED_FACE('',(#434),#22,.T.);
#3731=ADVANCED_FACE('',(#435),#3361,.T.);
#3732=ADVANCED_FACE('',(#436),#74,.F.);
#3733=ADVANCED_FACE('',(#437),#75,.F.);
#3734=ADVANCED_FACE('',(#438),#286,.T.);
#3735=ADVANCED_FACE('',(#439),#287,.T.);
#3736=ADVANCED_FACE('',(#440),#23,.T.);
#3737=ADVANCED_FACE('',(#441),#3362,.T.);
#3738=ADVANCED_FACE('',(#442),#76,.F.);
#3739=ADVANCED_FACE('',(#443),#77,.F.);
#3740=ADVANCED_FACE('',(#444),#288,.T.);
#3741=ADVANCED_FACE('',(#445),#289,.T.);
#3742=ADVANCED_FACE('',(#446),#24,.T.);
#3743=ADVANCED_FACE('',(#447),#3363,.T.);
#3744=ADVANCED_FACE('',(#448),#78,.F.);
#3745=ADVANCED_FACE('',(#449),#79,.F.);
#3746=ADVANCED_FACE('',(#450),#290,.T.);
#3747=ADVANCED_FACE('',(#451),#291,.T.);
#3748=ADVANCED_FACE('',(#452),#25,.T.);
#3749=ADVANCED_FACE('',(#453),#3364,.T.);
#3750=ADVANCED_FACE('',(#454),#80,.F.);
#3751=ADVANCED_FACE('',(#455),#81,.F.);
#3752=ADVANCED_FACE('',(#456),#292,.T.);
#3753=ADVANCED_FACE('',(#457),#293,.T.);
#3754=ADVANCED_FACE('',(#458),#3365,.T.);
#3755=ADVANCED_FACE('',(#459),#26,.T.);
#3756=ADVANCED_FACE('',(#460),#3366,.T.);
#3757=ADVANCED_FACE('',(#461),#82,.F.);
#3758=ADVANCED_FACE('',(#462),#83,.F.);
#3759=ADVANCED_FACE('',(#463),#294,.T.);
#3760=ADVANCED_FACE('',(#464),#295,.T.);
#3761=ADVANCED_FACE('',(#465),#27,.T.);
#3762=ADVANCED_FACE('',(#466),#3367,.T.);
#3763=ADVANCED_FACE('',(#467),#84,.F.);
#3764=ADVANCED_FACE('',(#468),#85,.F.);
#3765=ADVANCED_FACE('',(#469),#296,.T.);
#3766=ADVANCED_FACE('',(#470),#297,.T.);
#3767=ADVANCED_FACE('',(#471),#28,.T.);
#3768=ADVANCED_FACE('',(#472),#3368,.T.);
#3769=ADVANCED_FACE('',(#473),#86,.F.);
#3770=ADVANCED_FACE('',(#474),#298,.T.);
#3771=ADVANCED_FACE('',(#475),#87,.F.);
#3772=ADVANCED_FACE('',(#476),#299,.T.);
#3773=ADVANCED_FACE('',(#477),#300,.T.);
#3774=ADVANCED_FACE('',(#478),#301,.T.);
#3775=ADVANCED_FACE('',(#479),#88,.T.);
#3776=ADVANCED_FACE('',(#480),#29,.T.);
#3777=ADVANCED_FACE('',(#481),#3369,.T.);
#3778=ADVANCED_FACE('',(#482),#89,.F.);
#3779=ADVANCED_FACE('',(#483),#302,.T.);
#3780=ADVANCED_FACE('',(#484),#90,.F.);
#3781=ADVANCED_FACE('',(#485),#303,.T.);
#3782=ADVANCED_FACE('',(#486),#304,.T.);
#3783=ADVANCED_FACE('',(#487),#305,.T.);
#3784=ADVANCED_FACE('',(#488),#91,.T.);
#3785=ADVANCED_FACE('',(#489),#30,.T.);
#3786=ADVANCED_FACE('',(#490),#3370,.T.);
#3787=ADVANCED_FACE('',(#491),#92,.F.);
#3788=ADVANCED_FACE('',(#492),#93,.F.);
#3789=ADVANCED_FACE('',(#493),#306,.T.);
#3790=ADVANCED_FACE('',(#494),#307,.T.);
#3791=ADVANCED_FACE('',(#495),#31,.T.);
#3792=ADVANCED_FACE('',(#496),#3371,.T.);
#3793=ADVANCED_FACE('',(#497),#94,.F.);
#3794=ADVANCED_FACE('',(#498),#95,.F.);
#3795=ADVANCED_FACE('',(#499),#308,.T.);
#3796=ADVANCED_FACE('',(#500),#309,.T.);
#3797=ADVANCED_FACE('',(#501),#32,.T.);
#3798=ADVANCED_FACE('',(#502),#3372,.T.);
#3799=ADVANCED_FACE('',(#503),#3373,.T.);
#3800=ADVANCED_FACE('',(#504),#3374,.T.);
#3801=ADVANCED_FACE('',(#505),#3375,.T.);
#3802=ADVANCED_FACE('',(#506),#310,.F.);
#3803=ADVANCED_FACE('',(#507),#311,.F.);
#3804=ADVANCED_FACE('',(#508),#3376,.T.);
#3805=ADVANCED_FACE('',(#509),#3377,.T.);
#3806=ADVANCED_FACE('',(#510),#3378,.T.);
#3807=ADVANCED_FACE('',(#511),#312,.F.);
#3808=ADVANCED_FACE('',(#512),#313,.F.);
#3809=ADVANCED_FACE('',(#513),#33,.T.);
#3810=ADVANCED_FACE('',(#514),#34,.T.);
#3811=ADVANCED_FACE('',(#515),#35,.T.);
#3812=ADVANCED_FACE('',(#516),#36,.T.);
#3813=ADVANCED_FACE('',(#517),#37,.T.);
#3814=ADVANCED_FACE('',(#518),#38,.T.);
#3815=ADVANCED_FACE('',(#519),#39,.T.);
#3816=ADVANCED_FACE('',(#520),#40,.T.);
#3817=ADVANCED_FACE('',(#521),#3379,.F.);
#3818=ADVANCED_FACE('',(#522),#41,.T.);
#3819=ADVANCED_FACE('',(#523),#3380,.F.);
#3820=ADVANCED_FACE('',(#524),#42,.T.);
#3821=ADVANCED_FACE('',(#525),#3381,.T.);
#3822=ADVANCED_FACE('',(#526),#43,.F.);
#3823=ADVANCED_FACE('',(#527),#44,.T.);
#3824=ADVANCED_FACE('',(#528),#3382,.T.);
#3825=ADVANCED_FACE('',(#529),#3383,.T.);
#3826=ADVANCED_FACE('',(#530),#45,.T.);
#3827=ADVANCED_FACE('',(#531),#46,.T.);
#3828=ADVANCED_FACE('',(#532),#3384,.T.);
#3829=ADVANCED_FACE('',(#533),#47,.T.);
#3830=ADVANCED_FACE('',(#534),#3385,.T.);
#3831=ADVANCED_FACE('',(#535),#48,.T.);
#3832=ADVANCED_FACE('',(#536),#49,.F.);
#3833=CLOSED_SHELL('',(#3610,#3611,#3612,#3613,#3614,#3615,#3616,#3617,
#3618,#3619,#3620,#3621,#3622,#3623,#3624,#3625,#3626,#3627,#3628,#3629,
#3630,#3631,#3632,#3633,#3634,#3635,#3636,#3637,#3638,#3639,#3640,#3641,
#3642,#3643,#3644,#3645,#3646,#3647,#3648,#3649,#3650,#3651,#3652,#3653,
#3654,#3655,#3656,#3657,#3658,#3659,#3660,#3661,#3662,#3663,#3664,#3665,
#3666,#3667,#3668,#3669,#3670,#3671,#3672,#3673,#3674,#3675,#3676,#3677,
#3678,#3679,#3680,#3681,#3682,#3683,#3684,#3685,#3686,#3687,#3688,#3689,
#3690,#3691,#3692,#3693,#3694,#3695,#3696,#3697,#3698,#3699,#3700,#3701,
#3702,#3703,#3704,#3705,#3706,#3707,#3708,#3709,#3710,#3711,#3712,#3713,
#3714,#3715,#3716,#3717,#3718,#3719,#3720,#3721,#3722,#3723,#3724,#3725,
#3726,#3727,#3728,#3729,#3730,#3731,#3732,#3733,#3734,#3735,#3736,#3737,
#3738,#3739,#3740,#3741,#3742,#3743,#3744,#3745,#3746,#3747,#3748,#3749,
#3750,#3751,#3752,#3753,#3754,#3755,#3756,#3757,#3758,#3759,#3760,#3761,
#3762,#3763,#3764,#3765,#3766,#3767,#3768,#3769,#3770,#3771,#3772,#3773,
#3774,#3775,#3776,#3777,#3778,#3779,#3780,#3781,#3782,#3783,#3784,#3785,
#3786,#3787,#3788,#3789,#3790,#3791,#3792,#3793,#3794,#3795,#3796,#3797,
#3798,#3799,#3800,#3801,#3802,#3803,#3804,#3805,#3806,#3807,#3808,#3809,
#3810,#3811,#3812,#3813,#3814,#3815,#3816,#3817,#3818,#3819,#3820,#3821,
#3822,#3823,#3824,#3825,#3826,#3827,#3828,#3829,#3830,#3831,#3832));
#3834=DERIVED_UNIT_ELEMENT(#3837,1.);
#3835=DERIVED_UNIT_ELEMENT(#13364,-3.);
#3836=DIMENSIONAL_EXPONENTS(0.,1.,0.,0.,0.,0.,0.);
#3837=(
CONVERSION_BASED_UNIT('gram',#3839)
MASS_UNIT()
NAMED_UNIT(#3836)
);
#3838=(
MASS_UNIT()
NAMED_UNIT(*)
SI_UNIT(.KILO.,.GRAM.)
);
#3839=MASS_MEASURE_WITH_UNIT(MASS_MEASURE(0.001),#3838);
#3840=DERIVED_UNIT((#3834,#3835));
#3841=MEASURE_REPRESENTATION_ITEM('density measure',
POSITIVE_RATIO_MEASURE(1.),#3840);
#3842=PROPERTY_DEFINITION_REPRESENTATION(#3847,#3844);
#3843=PROPERTY_DEFINITION_REPRESENTATION(#3848,#3845);
#3844=REPRESENTATION('material name',(#3846),#13361);
#3845=REPRESENTATION('density',(#3841),#13361);
#3846=DESCRIPTIVE_REPRESENTATION_ITEM('Generisch','Generisch');
#3847=PROPERTY_DEFINITION('material property','material name',#13371);
#3848=PROPERTY_DEFINITION('material property','density of part',#13371);
#3849=DATE_TIME_ROLE('creation_date');
#3850=APPLIED_DATE_AND_TIME_ASSIGNMENT(#3851,#3849,(#13371));
#3851=DATE_AND_TIME(#3852,#3853);
#3852=CALENDAR_DATE(2026,24,1);
#3853=LOCAL_TIME(0,0,0.,#3854);
#3854=COORDINATED_UNIVERSAL_TIME_OFFSET(0,0,.BEHIND.);
#3855=AXIS2_PLACEMENT_3D('',#5338,#4309,#4310);
#3856=AXIS2_PLACEMENT_3D('',#5339,#4311,#4312);
#3857=AXIS2_PLACEMENT_3D('',#5344,#4314,#4315);
#3858=AXIS2_PLACEMENT_3D('',#5345,#4316,#4317);
#3859=AXIS2_PLACEMENT_3D('',#5346,#4318,#4319);
#3860=AXIS2_PLACEMENT_3D('',#5351,#4321,#4322);
#3861=AXIS2_PLACEMENT_3D('',#5352,#4323,#4324);
#3862=AXIS2_PLACEMENT_3D('',#5353,#4325,#4326);
#3863=AXIS2_PLACEMENT_3D('',#5358,#4328,#4329);
#3864=AXIS2_PLACEMENT_3D('',#5359,#4330,#4331);
#3865=AXIS2_PLACEMENT_3D('',#5360,#4332,#4333);
#3866=AXIS2_PLACEMENT_3D('',#5365,#4335,#4336);
#3867=AXIS2_PLACEMENT_3D('',#5366,#4337,#4338);
#3868=AXIS2_PLACEMENT_3D('',#5452,#4339,#4340);
#3869=AXIS2_PLACEMENT_3D('',#5454,#4341,#4342);
#3870=AXIS2_PLACEMENT_3D('',#5455,#4343,#4344);
#3871=AXIS2_PLACEMENT_3D('',#5456,#4345,#4346);
#3872=AXIS2_PLACEMENT_3D('',#5458,#4347,#4348);
#3873=AXIS2_PLACEMENT_3D('',#5460,#4349,#4350);
#3874=AXIS2_PLACEMENT_3D('',#5461,#4351,#4352);
#3875=AXIS2_PLACEMENT_3D('',#5465,#4354,#4355);
#3876=AXIS2_PLACEMENT_3D('',#5466,#4356,#4357);
#3877=AXIS2_PLACEMENT_3D('',#5470,#4359,#4360);
#3878=AXIS2_PLACEMENT_3D('',#5471,#4361,#4362);
#3879=AXIS2_PLACEMENT_3D('',#5475,#4364,#4365);
#3880=AXIS2_PLACEMENT_3D('',#5476,#4366,#4367);
#3881=AXIS2_PLACEMENT_3D('',#5478,#4369,#4370);
#3882=AXIS2_PLACEMENT_3D('',#5479,#4371,#4372);
#3883=AXIS2_PLACEMENT_3D('',#5565,#4373,#4374);
#3884=AXIS2_PLACEMENT_3D('',#5566,#4375,#4376);
#3885=AXIS2_PLACEMENT_3D('',#5651,#4377,#4378);
#3886=AXIS2_PLACEMENT_3D('',#5731,#4379,#4380);
#3887=AXIS2_PLACEMENT_3D('',#5732,#4381,#4382);
#3888=AXIS2_PLACEMENT_3D('',#5811,#4383,#4384);
#3889=AXIS2_PLACEMENT_3D('',#5891,#4385,#4386);
#3890=AXIS2_PLACEMENT_3D('',#5892,#4387,#4388);
#3891=AXIS2_PLACEMENT_3D('',#5971,#4389,#4390);
#3892=AXIS2_PLACEMENT_3D('',#5989,#4391,#4392);
#3893=AXIS2_PLACEMENT_3D('',#5990,#4393,#4394);
#3894=AXIS2_PLACEMENT_3D('',#6088,#4395,#4396);
#3895=AXIS2_PLACEMENT_3D('',#6142,#4397,#4398);
#3896=AXIS2_PLACEMENT_3D('',#6221,#4399,#4400);
#3897=AXIS2_PLACEMENT_3D('',#6222,#4401,#4402);
#3898=AXIS2_PLACEMENT_3D('',#6224,#4403,#4404);
#3899=AXIS2_PLACEMENT_3D('',#6226,#4405,#4406);
#3900=AXIS2_PLACEMENT_3D('',#6335,#4407,#4408);
#3901=AXIS2_PLACEMENT_3D('',#6336,#4409,#4410);
#3902=AXIS2_PLACEMENT_3D('',#6627,#4411,#4412);
#3903=AXIS2_PLACEMENT_3D('',#6628,#4413,#4414);
#3904=AXIS2_PLACEMENT_3D('',#6707,#4415,#4416);
#3905=AXIS2_PLACEMENT_3D('',#6708,#4417,#4418);
#3906=AXIS2_PLACEMENT_3D('',#6789,#4419,#4420);
#3907=AXIS2_PLACEMENT_3D('',#6790,#4421,#4422);
#3908=AXIS2_PLACEMENT_3D('',#6869,#4423,#4424);
#3909=AXIS2_PLACEMENT_3D('',#6870,#4425,#4426);
#3910=AXIS2_PLACEMENT_3D('',#6951,#4427,#4428);
#3911=AXIS2_PLACEMENT_3D('',#6952,#4429,#4430);
#3912=AXIS2_PLACEMENT_3D('',#7031,#4431,#4432);
#3913=AXIS2_PLACEMENT_3D('',#7032,#4433,#4434);
#3914=AXIS2_PLACEMENT_3D('',#7113,#4435,#4436);
#3915=AXIS2_PLACEMENT_3D('',#7114,#4437,#4438);
#3916=AXIS2_PLACEMENT_3D('',#7193,#4439,#4440);
#3917=AXIS2_PLACEMENT_3D('',#7194,#4441,#4442);
#3918=AXIS2_PLACEMENT_3D('',#7275,#4443,#4444);
#3919=AXIS2_PLACEMENT_3D('',#7276,#4445,#4446);
#3920=AXIS2_PLACEMENT_3D('',#7355,#4447,#4448);
#3921=AXIS2_PLACEMENT_3D('',#7356,#4449,#4450);
#3922=AXIS2_PLACEMENT_3D('',#7437,#4451,#4452);
#3923=AXIS2_PLACEMENT_3D('',#7438,#4453,#4454);
#3924=AXIS2_PLACEMENT_3D('',#7517,#4455,#4456);
#3925=AXIS2_PLACEMENT_3D('',#7518,#4457,#4458);
#3926=AXIS2_PLACEMENT_3D('',#7599,#4459,#4460);
#3927=AXIS2_PLACEMENT_3D('',#7600,#4461,#4462);
#3928=AXIS2_PLACEMENT_3D('',#7679,#4463,#4464);
#3929=AXIS2_PLACEMENT_3D('',#7680,#4465,#4466);
#3930=AXIS2_PLACEMENT_3D('',#7761,#4467,#4468);
#3931=AXIS2_PLACEMENT_3D('',#7762,#4469,#4470);
#3932=AXIS2_PLACEMENT_3D('',#7841,#4471,#4472);
#3933=AXIS2_PLACEMENT_3D('',#7842,#4473,#4474);
#3934=AXIS2_PLACEMENT_3D('',#7923,#4475,#4476);
#3935=AXIS2_PLACEMENT_3D('',#7924,#4477,#4478);
#3936=AXIS2_PLACEMENT_3D('',#8003,#4479,#4480);
#3937=AXIS2_PLACEMENT_3D('',#8004,#4481,#4482);
#3938=AXIS2_PLACEMENT_3D('',#8085,#4483,#4484);
#3939=AXIS2_PLACEMENT_3D('',#8086,#4485,#4486);
#3940=AXIS2_PLACEMENT_3D('',#8165,#4487,#4488);
#3941=AXIS2_PLACEMENT_3D('',#8166,#4489,#4490);
#3942=AXIS2_PLACEMENT_3D('',#8463,#4491,#4492);
#3943=AXIS2_PLACEMENT_3D('',#8464,#4493,#4494);
#3944=AXIS2_PLACEMENT_3D('',#8465,#4495,#4496);
#3945=AXIS2_PLACEMENT_3D('',#8466,#4497,#4498);
#3946=AXIS2_PLACEMENT_3D('',#8467,#4499,#4500);
#3947=AXIS2_PLACEMENT_3D('',#8469,#4501,#4502);
#3948=AXIS2_PLACEMENT_3D('',#8566,#4503,#4504);
#3949=AXIS2_PLACEMENT_3D('',#8567,#4505,#4506);
#3950=AXIS2_PLACEMENT_3D('',#8585,#4507,#4508);
#3951=AXIS2_PLACEMENT_3D('',#8586,#4509,#4510);
#3952=AXIS2_PLACEMENT_3D('',#8690,#4511,#4512);
#3953=AXIS2_PLACEMENT_3D('',#8729,#4513,#4514);
#3954=AXIS2_PLACEMENT_3D('',#8730,#4515,#4516);
#3955=AXIS2_PLACEMENT_3D('',#8811,#4517,#4518);
#3956=AXIS2_PLACEMENT_3D('',#8812,#4519,#4520);
#3957=AXIS2_PLACEMENT_3D('',#8891,#4521,#4522);
#3958=AXIS2_PLACEMENT_3D('',#8893,#4523,#4524);
#3959=AXIS2_PLACEMENT_3D('',#8894,#4525,#4526);
#3960=AXIS2_PLACEMENT_3D('',#8975,#4527,#4528);
#3961=AXIS2_PLACEMENT_3D('',#8976,#4529,#4530);
#3962=AXIS2_PLACEMENT_3D('',#9055,#4531,#4532);
#3963=AXIS2_PLACEMENT_3D('',#9057,#4533,#4534);
#3964=AXIS2_PLACEMENT_3D('',#9058,#4535,#4536);
#3965=AXIS2_PLACEMENT_3D('',#9145,#4537,#4538);
#3966=AXIS2_PLACEMENT_3D('',#9146,#4539,#4540);
#3967=AXIS2_PLACEMENT_3D('',#9231,#4541,#4542);
#3968=AXIS2_PLACEMENT_3D('',#9233,#4543,#4544);
#3969=AXIS2_PLACEMENT_3D('',#9234,#4545,#4546);
#3970=AXIS2_PLACEMENT_3D('',#9320,#4547,#4548);
#3971=AXIS2_PLACEMENT_3D('',#9322,#4549,#4550);
#3972=AXIS2_PLACEMENT_3D('',#9323,#4551,#4552);
#3973=AXIS2_PLACEMENT_3D('',#9324,#4553,#4554);
#3974=AXIS2_PLACEMENT_3D('',#9325,#4555,#4556);
#3975=AXIS2_PLACEMENT_3D('',#9326,#4557,#4558);
#3976=AXIS2_PLACEMENT_3D('',#9331,#4563,#4564);
#3977=AXIS2_PLACEMENT_3D('',#9334,#4565,#4566);
#3978=AXIS2_PLACEMENT_3D('',#9336,#4567,#4568);
#3979=AXIS2_PLACEMENT_3D('',#9338,#4569,#4570);
#3980=AXIS2_PLACEMENT_3D('',#9339,#4571,#4572);
#3981=AXIS2_PLACEMENT_3D('',#9372,#4573,#4574);
#3982=AXIS2_PLACEMENT_3D('',#9383,#4575,#4576);
#3983=AXIS2_PLACEMENT_3D('',#9386,#4577,#4578);
#3984=AXIS2_PLACEMENT_3D('',#9388,#4579,#4580);
#3985=AXIS2_PLACEMENT_3D('',#9390,#4581,#4582);
#3986=AXIS2_PLACEMENT_3D('',#9392,#4583,#4584);
#3987=AXIS2_PLACEMENT_3D('',#9393,#4585,#4586);
#3988=AXIS2_PLACEMENT_3D('',#9466,#4587,#4588);
#3989=AXIS2_PLACEMENT_3D('',#9517,#4589,#4590);
#3990=AXIS2_PLACEMENT_3D('',#9519,#4591,#4592);
#3991=AXIS2_PLACEMENT_3D('',#9523,#4594,#4595);
#3992=AXIS2_PLACEMENT_3D('',#9563,#4601,#4602);
#3993=AXIS2_PLACEMENT_3D('',#9565,#4603,#4604);
#3994=AXIS2_PLACEMENT_3D('',#9574,#4605,#4606);
#3995=AXIS2_PLACEMENT_3D('',#9575,#4607,#4608);
#3996=AXIS2_PLACEMENT_3D('',#9576,#4609,#4610);
#3997=AXIS2_PLACEMENT_3D('',#9578,#4611,#4612);
#3998=AXIS2_PLACEMENT_3D('',#9579,#4613,#4614);
#3999=AXIS2_PLACEMENT_3D('',#9580,#4615,#4616);
#4000=AXIS2_PLACEMENT_3D('',#9582,#4618,#4619);
#4001=AXIS2_PLACEMENT_3D('',#9584,#4620,#4621);
#4002=AXIS2_PLACEMENT_3D('',#9586,#4622,#4623);
#4003=AXIS2_PLACEMENT_3D('',#9588,#4624,#4625);
#4004=AXIS2_PLACEMENT_3D('',#9590,#4626,#4627);
#4005=AXIS2_PLACEMENT_3D('',#9591,#4628,#4629);
#4006=AXIS2_PLACEMENT_3D('',#9592,#4630,#4631);
#4007=AXIS2_PLACEMENT_3D('',#9595,#4632,#4633);
#4008=AXIS2_PLACEMENT_3D('',#9597,#4634,#4635);
#4009=AXIS2_PLACEMENT_3D('',#9598,#4636,#4637);
#4010=AXIS2_PLACEMENT_3D('',#9599,#4638,#4639);
#4011=AXIS2_PLACEMENT_3D('',#9735,#4640,#4641);
#4012=AXIS2_PLACEMENT_3D('',#9766,#4647,#4648);
#4013=AXIS2_PLACEMENT_3D('',#9769,#4650,#4651);
#4014=AXIS2_PLACEMENT_3D('',#9770,#4652,#4653);
#4015=AXIS2_PLACEMENT_3D('',#9772,#4654,#4655);
#4016=AXIS2_PLACEMENT_3D('',#9773,#4656,#4657);
#4017=AXIS2_PLACEMENT_3D('',#9774,#4658,#4659);
#4018=AXIS2_PLACEMENT_3D('',#9776,#4661,#4662);
#4019=AXIS2_PLACEMENT_3D('',#9778,#4663,#4664);
#4020=AXIS2_PLACEMENT_3D('',#9780,#4665,#4666);
#4021=AXIS2_PLACEMENT_3D('',#9782,#4667,#4668);
#4022=AXIS2_PLACEMENT_3D('',#9783,#4669,#4670);
#4023=AXIS2_PLACEMENT_3D('',#9784,#4671,#4672);
#4024=AXIS2_PLACEMENT_3D('',#9785,#4673,#4674);
#4025=AXIS2_PLACEMENT_3D('',#9787,#4675,#4676);
#4026=AXIS2_PLACEMENT_3D('',#9789,#4677,#4678);
#4027=AXIS2_PLACEMENT_3D('',#9790,#4679,#4680);
#4028=AXIS2_PLACEMENT_3D('',#9791,#4681,#4682);
#4029=AXIS2_PLACEMENT_3D('',#9918,#4683,#4684);
#4030=AXIS2_PLACEMENT_3D('',#9919,#4685,#4686);
#4031=AXIS2_PLACEMENT_3D('',#9921,#4688,#4689);
#4032=AXIS2_PLACEMENT_3D('',#9923,#4690,#4691);
#4033=AXIS2_PLACEMENT_3D('',#9925,#4692,#4693);
#4034=AXIS2_PLACEMENT_3D('',#9927,#4694,#4695);
#4035=AXIS2_PLACEMENT_3D('',#9928,#4696,#4697);
#4036=AXIS2_PLACEMENT_3D('',#9929,#4698,#4699);
#4037=AXIS2_PLACEMENT_3D('',#9930,#4700,#4701);
#4038=AXIS2_PLACEMENT_3D('',#9932,#4702,#4703);
#4039=AXIS2_PLACEMENT_3D('',#9934,#4704,#4705);
#4040=AXIS2_PLACEMENT_3D('',#9935,#4706,#4707);
#4041=AXIS2_PLACEMENT_3D('',#9936,#4708,#4709);
#4042=AXIS2_PLACEMENT_3D('',#10063,#4710,#4711);
#4043=AXIS2_PLACEMENT_3D('',#10064,#4712,#4713);
#4044=AXIS2_PLACEMENT_3D('',#10066,#4715,#4716);
#4045=AXIS2_PLACEMENT_3D('',#10069,#4717,#4718);
#4046=AXIS2_PLACEMENT_3D('',#10071,#4719,#4720);
#4047=AXIS2_PLACEMENT_3D('',#10073,#4721,#4722);
#4048=AXIS2_PLACEMENT_3D('',#10074,#4723,#4724);
#4049=AXIS2_PLACEMENT_3D('',#10113,#4725,#4726);
#4050=AXIS2_PLACEMENT_3D('',#10126,#4727,#4728);
#4051=AXIS2_PLACEMENT_3D('',#10128,#4729,#4730);
#4052=AXIS2_PLACEMENT_3D('',#10130,#4731,#4732);
#4053=AXIS2_PLACEMENT_3D('',#10131,#4733,#4734);
#4054=AXIS2_PLACEMENT_3D('',#10209,#4735,#4736);
#4055=AXIS2_PLACEMENT_3D('',#10256,#4737,#4738);
#4056=AXIS2_PLACEMENT_3D('',#10258,#4739,#4740);
#4057=AXIS2_PLACEMENT_3D('',#10262,#4742,#4743);
#4058=AXIS2_PLACEMENT_3D('',#10391,#4755,#4756);
#4059=AXIS2_PLACEMENT_3D('',#10392,#4757,#4758);
#4060=AXIS2_PLACEMENT_3D('',#10393,#4759,#4760);
#4061=AXIS2_PLACEMENT_3D('',#10395,#4762,#4763);
#4062=AXIS2_PLACEMENT_3D('',#10398,#4764,#4765);
#4063=AXIS2_PLACEMENT_3D('',#10400,#4766,#4767);
#4064=AXIS2_PLACEMENT_3D('',#10401,#4768,#4769);
#4065=AXIS2_PLACEMENT_3D('',#10402,#4770,#4771);
#4066=AXIS2_PLACEMENT_3D('',#10403,#4772,#4773);
#4067=AXIS2_PLACEMENT_3D('',#10405,#4774,#4775);
#4068=AXIS2_PLACEMENT_3D('',#10407,#4776,#4777);
#4069=AXIS2_PLACEMENT_3D('',#10409,#4778,#4779);
#4070=AXIS2_PLACEMENT_3D('',#10410,#4780,#4781);
#4071=AXIS2_PLACEMENT_3D('',#10551,#4782,#4783);
#4072=AXIS2_PLACEMENT_3D('',#10554,#4785,#4786);
#4073=AXIS2_PLACEMENT_3D('',#10555,#4787,#4788);
#4074=AXIS2_PLACEMENT_3D('',#10557,#4790,#4791);
#4075=AXIS2_PLACEMENT_3D('',#10559,#4792,#4793);
#4076=AXIS2_PLACEMENT_3D('',#10561,#4794,#4795);
#4077=AXIS2_PLACEMENT_3D('',#10562,#4796,#4797);
#4078=AXIS2_PLACEMENT_3D('',#10563,#4798,#4799);
#4079=AXIS2_PLACEMENT_3D('',#10565,#4800,#4801);
#4080=AXIS2_PLACEMENT_3D('',#10567,#4802,#4803);
#4081=AXIS2_PLACEMENT_3D('',#10569,#4804,#4805);
#4082=AXIS2_PLACEMENT_3D('',#10570,#4806,#4807);
#4083=AXIS2_PLACEMENT_3D('',#10711,#4808,#4809);
#4084=AXIS2_PLACEMENT_3D('',#10714,#4811,#4812);
#4085=AXIS2_PLACEMENT_3D('',#10715,#4813,#4814);
#4086=AXIS2_PLACEMENT_3D('',#10717,#4816,#4817);
#4087=AXIS2_PLACEMENT_3D('',#10720,#4818,#4819);
#4088=AXIS2_PLACEMENT_3D('',#10722,#4820,#4821);
#4089=AXIS2_PLACEMENT_3D('',#10723,#4822,#4823);
#4090=AXIS2_PLACEMENT_3D('',#10724,#4824,#4825);
#4091=AXIS2_PLACEMENT_3D('',#10725,#4826,#4827);
#4092=AXIS2_PLACEMENT_3D('',#10727,#4828,#4829);
#4093=AXIS2_PLACEMENT_3D('',#10729,#4830,#4831);
#4094=AXIS2_PLACEMENT_3D('',#10731,#4832,#4833);
#4095=AXIS2_PLACEMENT_3D('',#10732,#4834,#4835);
#4096=AXIS2_PLACEMENT_3D('',#10873,#4836,#4837);
#4097=AXIS2_PLACEMENT_3D('',#10875,#4839,#4840);
#4098=AXIS2_PLACEMENT_3D('',#10877,#4842,#4843);
#4099=AXIS2_PLACEMENT_3D('',#10879,#4844,#4845);
#4100=AXIS2_PLACEMENT_3D('',#10881,#4846,#4847);
#4101=AXIS2_PLACEMENT_3D('',#10882,#4848,#4849);
#4102=AXIS2_PLACEMENT_3D('',#10883,#4850,#4851);
#4103=AXIS2_PLACEMENT_3D('',#10885,#4852,#4853);
#4104=AXIS2_PLACEMENT_3D('',#10887,#4854,#4855);
#4105=AXIS2_PLACEMENT_3D('',#10889,#4856,#4857);
#4106=AXIS2_PLACEMENT_3D('',#10890,#4858,#4859);
#4107=AXIS2_PLACEMENT_3D('',#11031,#4860,#4861);
#4108=AXIS2_PLACEMENT_3D('',#11033,#4863,#4864);
#4109=AXIS2_PLACEMENT_3D('',#11035,#4866,#4867);
#4110=AXIS2_PLACEMENT_3D('',#11038,#4868,#4869);
#4111=AXIS2_PLACEMENT_3D('',#11040,#4870,#4871);
#4112=AXIS2_PLACEMENT_3D('',#11041,#4872,#4873);
#4113=AXIS2_PLACEMENT_3D('',#11042,#4874,#4875);
#4114=AXIS2_PLACEMENT_3D('',#11043,#4876,#4877);
#4115=AXIS2_PLACEMENT_3D('',#11045,#4878,#4879);
#4116=AXIS2_PLACEMENT_3D('',#11047,#4880,#4881);
#4117=AXIS2_PLACEMENT_3D('',#11049,#4882,#4883);
#4118=AXIS2_PLACEMENT_3D('',#11050,#4884,#4885);
#4119=AXIS2_PLACEMENT_3D('',#11191,#4886,#4887);
#4120=AXIS2_PLACEMENT_3D('',#11193,#4889,#4890);
#4121=AXIS2_PLACEMENT_3D('',#11195,#4892,#4893);
#4122=AXIS2_PLACEMENT_3D('',#11198,#4894,#4895);
#4123=AXIS2_PLACEMENT_3D('',#11200,#4896,#4897);
#4124=AXIS2_PLACEMENT_3D('',#11201,#4898,#4899);
#4125=AXIS2_PLACEMENT_3D('',#11202,#4900,#4901);
#4126=AXIS2_PLACEMENT_3D('',#11203,#4902,#4903);
#4127=AXIS2_PLACEMENT_3D('',#11205,#4904,#4905);
#4128=AXIS2_PLACEMENT_3D('',#11207,#4906,#4907);
#4129=AXIS2_PLACEMENT_3D('',#11209,#4908,#4909);
#4130=AXIS2_PLACEMENT_3D('',#11210,#4910,#4911);
#4131=AXIS2_PLACEMENT_3D('',#11351,#4912,#4913);
#4132=AXIS2_PLACEMENT_3D('',#11354,#4915,#4916);
#4133=AXIS2_PLACEMENT_3D('',#11355,#4917,#4918);
#4134=AXIS2_PLACEMENT_3D('',#11357,#4920,#4921);
#4135=AXIS2_PLACEMENT_3D('',#11360,#4922,#4923);
#4136=AXIS2_PLACEMENT_3D('',#11362,#4924,#4925);
#4137=AXIS2_PLACEMENT_3D('',#11363,#4926,#4927);
#4138=AXIS2_PLACEMENT_3D('',#11364,#4928,#4929);
#4139=AXIS2_PLACEMENT_3D('',#11365,#4930,#4931);
#4140=AXIS2_PLACEMENT_3D('',#11367,#4932,#4933);
#4141=AXIS2_PLACEMENT_3D('',#11369,#4934,#4935);
#4142=AXIS2_PLACEMENT_3D('',#11371,#4936,#4937);
#4143=AXIS2_PLACEMENT_3D('',#11372,#4938,#4939);
#4144=AXIS2_PLACEMENT_3D('',#11513,#4940,#4941);
#4145=AXIS2_PLACEMENT_3D('',#11515,#4943,#4944);
#4146=AXIS2_PLACEMENT_3D('',#11517,#4946,#4947);
#4147=AXIS2_PLACEMENT_3D('',#11519,#4948,#4949);
#4148=AXIS2_PLACEMENT_3D('',#11521,#4950,#4951);
#4149=AXIS2_PLACEMENT_3D('',#11522,#4952,#4953);
#4150=AXIS2_PLACEMENT_3D('',#11523,#4954,#4955);
#4151=AXIS2_PLACEMENT_3D('',#11525,#4956,#4957);
#4152=AXIS2_PLACEMENT_3D('',#11527,#4958,#4959);
#4153=AXIS2_PLACEMENT_3D('',#11529,#4960,#4961);
#4154=AXIS2_PLACEMENT_3D('',#11530,#4962,#4963);
#4155=AXIS2_PLACEMENT_3D('',#11671,#4964,#4965);
#4156=AXIS2_PLACEMENT_3D('',#11673,#4967,#4968);
#4157=AXIS2_PLACEMENT_3D('',#11675,#4970,#4971);
#4158=AXIS2_PLACEMENT_3D('',#11678,#4972,#4973);
#4159=AXIS2_PLACEMENT_3D('',#11680,#4974,#4975);
#4160=AXIS2_PLACEMENT_3D('',#11682,#4976,#4977);
#4161=AXIS2_PLACEMENT_3D('',#11684,#4978,#4979);
#4162=AXIS2_PLACEMENT_3D('',#11685,#4980,#4981);
#4163=AXIS2_PLACEMENT_3D('',#11686,#4982,#4983);
#4164=AXIS2_PLACEMENT_3D('',#11689,#4984,#4985);
#4165=AXIS2_PLACEMENT_3D('',#11691,#4986,#4987);
#4166=AXIS2_PLACEMENT_3D('',#11693,#4988,#4989);
#4167=AXIS2_PLACEMENT_3D('',#11694,#4990,#4991);
#4168=AXIS2_PLACEMENT_3D('',#11839,#4992,#4993);
#4169=AXIS2_PLACEMENT_3D('',#11845,#4996,#4997);
#4170=AXIS2_PLACEMENT_3D('',#11849,#4999,#5000);
#4171=AXIS2_PLACEMENT_3D('',#11881,#5004,#5005);
#4172=AXIS2_PLACEMENT_3D('',#11885,#5007,#5008);
#4173=AXIS2_PLACEMENT_3D('',#11886,#5009,#5010);
#4174=AXIS2_PLACEMENT_3D('',#11887,#5011,#5012);
#4175=AXIS2_PLACEMENT_3D('',#11889,#5014,#5015);
#4176=AXIS2_PLACEMENT_3D('',#11892,#5016,#5017);
#4177=AXIS2_PLACEMENT_3D('',#11894,#5018,#5019);
#4178=AXIS2_PLACEMENT_3D('',#11896,#5020,#5021);
#4179=AXIS2_PLACEMENT_3D('',#11897,#5022,#5023);
#4180=AXIS2_PLACEMENT_3D('',#11898,#5024,#5025);
#4181=AXIS2_PLACEMENT_3D('',#11899,#5026,#5027);
#4182=AXIS2_PLACEMENT_3D('',#11901,#5028,#5029);
#4183=AXIS2_PLACEMENT_3D('',#11903,#5030,#5031);
#4184=AXIS2_PLACEMENT_3D('',#11905,#5032,#5033);
#4185=AXIS2_PLACEMENT_3D('',#11906,#5034,#5035);
#4186=AXIS2_PLACEMENT_3D('',#12042,#5036,#5037);
#4187=AXIS2_PLACEMENT_3D('',#12044,#5039,#5040);
#4188=AXIS2_PLACEMENT_3D('',#12046,#5042,#5043);
#4189=AXIS2_PLACEMENT_3D('',#12049,#5044,#5045);
#4190=AXIS2_PLACEMENT_3D('',#12051,#5046,#5047);
#4191=AXIS2_PLACEMENT_3D('',#12053,#5048,#5049);
#4192=AXIS2_PLACEMENT_3D('',#12054,#5050,#5051);
#4193=AXIS2_PLACEMENT_3D('',#12055,#5052,#5053);
#4194=AXIS2_PLACEMENT_3D('',#12056,#5054,#5055);
#4195=AXIS2_PLACEMENT_3D('',#12058,#5056,#5057);
#4196=AXIS2_PLACEMENT_3D('',#12060,#5058,#5059);
#4197=AXIS2_PLACEMENT_3D('',#12062,#5060,#5061);
#4198=AXIS2_PLACEMENT_3D('',#12063,#5062,#5063);
#4199=AXIS2_PLACEMENT_3D('',#12199,#5064,#5065);
#4200=AXIS2_PLACEMENT_3D('',#12201,#5067,#5068);
#4201=AXIS2_PLACEMENT_3D('',#12203,#5070,#5071);
#4202=AXIS2_PLACEMENT_3D('',#12206,#5072,#5073);
#4203=AXIS2_PLACEMENT_3D('',#12208,#5074,#5075);
#4204=AXIS2_PLACEMENT_3D('',#12210,#5076,#5077);
#4205=AXIS2_PLACEMENT_3D('',#12212,#5078,#5079);
#4206=AXIS2_PLACEMENT_3D('',#12213,#5080,#5081);
#4207=AXIS2_PLACEMENT_3D('',#12245,#5082,#5083);
#4208=AXIS2_PLACEMENT_3D('',#12256,#5084,#5085);
#4209=AXIS2_PLACEMENT_3D('',#12258,#5086,#5087);
#4210=AXIS2_PLACEMENT_3D('',#12260,#5088,#5089);
#4211=AXIS2_PLACEMENT_3D('',#12262,#5090,#5091);
#4212=AXIS2_PLACEMENT_3D('',#12263,#5092,#5093);
#4213=AXIS2_PLACEMENT_3D('',#12337,#5094,#5095);
#4214=AXIS2_PLACEMENT_3D('',#12390,#5096,#5097);
#4215=AXIS2_PLACEMENT_3D('',#12392,#5098,#5099);
#4216=AXIS2_PLACEMENT_3D('',#12394,#5100,#5101);
#4217=AXIS2_PLACEMENT_3D('',#12402,#5102,#5103);
#4218=AXIS2_PLACEMENT_3D('',#12403,#5104,#5105);
#4219=AXIS2_PLACEMENT_3D('',#12405,#5107,#5108);
#4220=AXIS2_PLACEMENT_3D('',#12407,#5110,#5111);
#4221=AXIS2_PLACEMENT_3D('',#12409,#5112,#5113);
#4222=AXIS2_PLACEMENT_3D('',#12411,#5114,#5115);
#4223=AXIS2_PLACEMENT_3D('',#12413,#5116,#5117);
#4224=AXIS2_PLACEMENT_3D('',#12414,#5118,#5119);
#4225=AXIS2_PLACEMENT_3D('',#12452,#5120,#5121);
#4226=AXIS2_PLACEMENT_3D('',#12465,#5122,#5123);
#4227=AXIS2_PLACEMENT_3D('',#12467,#5124,#5125);
#4228=AXIS2_PLACEMENT_3D('',#12469,#5126,#5127);
#4229=AXIS2_PLACEMENT_3D('',#12471,#5128,#5129);
#4230=AXIS2_PLACEMENT_3D('',#12472,#5130,#5131);
#4231=AXIS2_PLACEMENT_3D('',#12552,#5132,#5133);
#4232=AXIS2_PLACEMENT_3D('',#12607,#5134,#5135);
#4233=AXIS2_PLACEMENT_3D('',#12608,#5136,#5137);
#4234=AXIS2_PLACEMENT_3D('',#12610,#5138,#5139);
#4235=AXIS2_PLACEMENT_3D('',#12611,#5140,#5141);
#4236=AXIS2_PLACEMENT_3D('',#12612,#5142,#5143);
#4237=AXIS2_PLACEMENT_3D('',#12615,#5145,#5146);
#4238=AXIS2_PLACEMENT_3D('',#12616,#5147,#5148);
#4239=AXIS2_PLACEMENT_3D('',#12618,#5150,#5151);
#4240=AXIS2_PLACEMENT_3D('',#12620,#5152,#5153);
#4241=AXIS2_PLACEMENT_3D('',#12622,#5154,#5155);
#4242=AXIS2_PLACEMENT_3D('',#12623,#5156,#5157);
#4243=AXIS2_PLACEMENT_3D('',#12624,#5158,#5159);
#4244=AXIS2_PLACEMENT_3D('',#12626,#5160,#5161);
#4245=AXIS2_PLACEMENT_3D('',#12628,#5162,#5163);
#4246=AXIS2_PLACEMENT_3D('',#12630,#5164,#5165);
#4247=AXIS2_PLACEMENT_3D('',#12631,#5166,#5167);
#4248=AXIS2_PLACEMENT_3D('',#12772,#5168,#5169);
#4249=AXIS2_PLACEMENT_3D('',#12775,#5171,#5172);
#4250=AXIS2_PLACEMENT_3D('',#12776,#5173,#5174);
#4251=AXIS2_PLACEMENT_3D('',#12778,#5176,#5177);
#4252=AXIS2_PLACEMENT_3D('',#12780,#5178,#5179);
#4253=AXIS2_PLACEMENT_3D('',#12782,#5180,#5181);
#4254=AXIS2_PLACEMENT_3D('',#12783,#5182,#5183);
#4255=AXIS2_PLACEMENT_3D('',#12784,#5184,#5185);
#4256=AXIS2_PLACEMENT_3D('',#12786,#5186,#5187);
#4257=AXIS2_PLACEMENT_3D('',#12788,#5188,#5189);
#4258=AXIS2_PLACEMENT_3D('',#12790,#5190,#5191);
#4259=AXIS2_PLACEMENT_3D('',#12791,#5192,#5193);
#4260=AXIS2_PLACEMENT_3D('',#12932,#5194,#5195);
#4261=AXIS2_PLACEMENT_3D('',#12934,#5197,#5198);
#4262=AXIS2_PLACEMENT_3D('',#12936,#5200,#5201);
#4263=AXIS2_PLACEMENT_3D('',#12941,#5203,#5204);
#4264=AXIS2_PLACEMENT_3D('',#12944,#5206,#5207);
#4265=AXIS2_PLACEMENT_3D('',#12945,#5208,#5209);
#4266=AXIS2_PLACEMENT_3D('',#12948,#5212,#5213);
#4267=AXIS2_PLACEMENT_3D('',#12952,#5215,#5216);
#4268=AXIS2_PLACEMENT_3D('',#13027,#5218,#5219);
#4269=AXIS2_PLACEMENT_3D('',#13111,#5220,#5221);
#4270=AXIS2_PLACEMENT_3D('',#13112,#5222,#5223);
#4271=AXIS2_PLACEMENT_3D('',#13116,#5225,#5226);
#4272=AXIS2_PLACEMENT_3D('',#13118,#5228,#5229);
#4273=AXIS2_PLACEMENT_3D('',#13122,#5231,#5232);
#4274=AXIS2_PLACEMENT_3D('',#13124,#5234,#5235);
#4275=AXIS2_PLACEMENT_3D('',#13196,#5237,#5238);
#4276=AXIS2_PLACEMENT_3D('',#13269,#5239,#5240);
#4277=AXIS2_PLACEMENT_3D('',#13282,#5241,#5242);
#4278=AXIS2_PLACEMENT_3D('',#13288,#5246,#5247);
#4279=AXIS2_PLACEMENT_3D('',#13289,#5248,#5249);
#4280=AXIS2_PLACEMENT_3D('',#13290,#5250,#5251);
#4281=AXIS2_PLACEMENT_3D('',#13291,#5252,#5253);
#4282=AXIS2_PLACEMENT_3D('',#13292,#5254,#5255);
#4283=AXIS2_PLACEMENT_3D('',#13293,#5256,#5257);
#4284=AXIS2_PLACEMENT_3D('',#13294,#5258,#5259);
#4285=AXIS2_PLACEMENT_3D('',#13295,#5260,#5261);
#4286=AXIS2_PLACEMENT_3D('',#13296,#5262,#5263);
#4287=AXIS2_PLACEMENT_3D('',#13297,#5264,#5265);
#4288=AXIS2_PLACEMENT_3D('',#13298,#5266,#5267);
#4289=AXIS2_PLACEMENT_3D('',#13302,#5270,#5271);
#4290=AXIS2_PLACEMENT_3D('',#13305,#5273,#5274);
#4291=AXIS2_PLACEMENT_3D('',#13306,#5275,#5276);
#4292=AXIS2_PLACEMENT_3D('',#13310,#5279,#5280);
#4293=AXIS2_PLACEMENT_3D('',#13313,#5282,#5283);
#4294=AXIS2_PLACEMENT_3D('',#13314,#5284,#5285);
#4295=AXIS2_PLACEMENT_3D('',#13318,#5288,#5289);
#4296=AXIS2_PLACEMENT_3D('',#13330,#5301,#5302);
#4297=AXIS2_PLACEMENT_3D('',#13331,#5303,#5304);
#4298=AXIS2_PLACEMENT_3D('',#13332,#5305,#5306);
#4299=AXIS2_PLACEMENT_3D('',#13334,#5308,#5309);
#4300=AXIS2_PLACEMENT_3D('',#13336,#5311,#5312);
#4301=AXIS2_PLACEMENT_3D('',#13340,#5315,#5316);
#4302=AXIS2_PLACEMENT_3D('',#13344,#5319,#5320);
#4303=AXIS2_PLACEMENT_3D('',#13347,#5322,#5323);
#4304=AXIS2_PLACEMENT_3D('',#13348,#5324,#5325);
#4305=AXIS2_PLACEMENT_3D('',#13352,#5328,#5329);
#4306=AXIS2_PLACEMENT_3D('',#13355,#5331,#5332);
#4307=AXIS2_PLACEMENT_3D('',#13356,#5333,#5334);
#4308=AXIS2_PLACEMENT_3D('',#13358,#5336,#5337);
#4309=DIRECTION('axis',(0.,0.,1.));
#4310=DIRECTION('refdir',(1.,0.,0.));
#4311=DIRECTION('center_axis',(-1.,0.,0.));
#4312=DIRECTION('ref_axis',(0.,0.,-1.));
#4313=DIRECTION('',(1.,0.,0.));
#4314=DIRECTION('center_axis',(-1.,0.,0.));
#4315=DIRECTION('ref_axis',(0.,0.,-1.));
#4316=DIRECTION('center_axis',(0.6,-0.8,0.));
#4317=DIRECTION('ref_axis',(-0.8,-0.6,0.));
#4318=DIRECTION('center_axis',(-1.,0.,0.));
#4319=DIRECTION('ref_axis',(0.,0.,-1.));
#4320=DIRECTION('',(1.,0.,0.));
#4321=DIRECTION('center_axis',(-0.707106781186548,-0.707106781186548,0.));
#4322=DIRECTION('ref_axis',(0.707106781186547,-0.707106781186547,0.));
#4323=DIRECTION('center_axis',(1.,0.,0.));
#4324=DIRECTION('ref_axis',(0.,0.,-1.));
#4325=DIRECTION('center_axis',(1.,0.,0.));
#4326=DIRECTION('ref_axis',(0.,0.,1.));
#4327=DIRECTION('',(-1.,0.,0.));
#4328=DIRECTION('center_axis',(1.,0.,1.22464679914735E-16));
#4329=DIRECTION('ref_axis',(-1.22464679914735E-16,0.,1.));
#4330=DIRECTION('center_axis',(-0.707106781186548,-0.707106781186548,0.));
#4331=DIRECTION('ref_axis',(0.707106781186547,-0.707106781186547,0.));
#4332=DIRECTION('center_axis',(1.,0.,0.));
#4333=DIRECTION('ref_axis',(0.,0.,1.));
#4334=DIRECTION('',(-1.,0.,0.));
#4335=DIRECTION('center_axis',(0.6,-0.8,0.));
#4336=DIRECTION('ref_axis',(-0.8,-0.6,0.));
#4337=DIRECTION('center_axis',(1.,0.,1.22464679914735E-16));
#4338=DIRECTION('ref_axis',(-1.22464679914735E-16,0.,1.));
#4339=DIRECTION('center_axis',(0.6,-0.8,0.));
#4340=DIRECTION('ref_axis',(-0.8,-0.6,0.));
#4341=DIRECTION('center_axis',(-0.8,0.6,0.));
#4342=DIRECTION('ref_axis',(-0.6,-0.8,0.));
#4343=DIRECTION('center_axis',(-0.8,0.6,0.));
#4344=DIRECTION('ref_axis',(-0.6,-0.8,0.));
#4345=DIRECTION('center_axis',(1.,0.,0.));
#4346=DIRECTION('ref_axis',(0.,0.,1.));
#4347=DIRECTION('center_axis',(1.,0.,1.22464679914735E-16));
#4348=DIRECTION('ref_axis',(-1.22464679914735E-16,0.,1.));
#4349=DIRECTION('center_axis',(0.6,-0.8,0.));
#4350=DIRECTION('ref_axis',(-0.8,-0.6,0.));
#4351=DIRECTION('center_axis',(-0.6,-0.8,0.));
#4352=DIRECTION('ref_axis',(0.8,-0.6,0.));
#4353=DIRECTION('',(-1.,0.,0.));
#4354=DIRECTION('center_axis',(0.6,-0.8,0.));
#4355=DIRECTION('ref_axis',(-0.8,-0.6,0.));
#4356=DIRECTION('center_axis',(-0.6,-0.8,0.));
#4357=DIRECTION('ref_axis',(0.8,-0.6,0.));
#4358=DIRECTION('',(-1.,0.,0.));
#4359=DIRECTION('center_axis',(0.6,-0.8,0.));
#4360=DIRECTION('ref_axis',(-0.8,-0.6,0.));
#4361=DIRECTION('center_axis',(-0.6,-0.8,0.));
#4362=DIRECTION('ref_axis',(0.8,-0.6,0.));
#4363=DIRECTION('',(-1.,0.,0.));
#4364=DIRECTION('center_axis',(0.6,-0.8,0.));
#4365=DIRECTION('ref_axis',(-0.8,-0.6,0.));
#4366=DIRECTION('center_axis',(-0.6,-0.8,0.));
#4367=DIRECTION('ref_axis',(0.8,-0.6,0.));
#4368=DIRECTION('',(-1.,0.,0.));
#4369=DIRECTION('center_axis',(-0.707106781186548,-0.707106781186548,0.));
#4370=DIRECTION('ref_axis',(0.707106781186547,-0.707106781186547,0.));
#4371=DIRECTION('center_axis',(1.,0.,1.22464679914735E-16));
#4372=DIRECTION('ref_axis',(-1.22464679914735E-16,0.,1.));
#4373=DIRECTION('center_axis',(-0.8,0.6,0.));
#4374=DIRECTION('ref_axis',(-0.6,-0.8,0.));
#4375=DIRECTION('center_axis',(-0.8,0.6,0.));
#4376=DIRECTION('ref_axis',(-0.6,-0.8,0.));
#4377=DIRECTION('center_axis',(0.8,0.6,0.));
#4378=DIRECTION('ref_axis',(0.6,-0.8,0.));
#4379=DIRECTION('center_axis',(-0.8,0.6,0.));
#4380=DIRECTION('ref_axis',(-0.6,-0.8,0.));
#4381=DIRECTION('center_axis',(-0.8,0.6,0.));
#4382=DIRECTION('ref_axis',(-0.6,-0.8,0.));
#4383=DIRECTION('center_axis',(0.8,0.6,0.));
#4384=DIRECTION('ref_axis',(0.6,-0.8,0.));
#4385=DIRECTION('center_axis',(-0.8,0.6,0.));
#4386=DIRECTION('ref_axis',(-0.6,-0.8,0.));
#4387=DIRECTION('center_axis',(-0.8,0.6,0.));
#4388=DIRECTION('ref_axis',(-0.6,-0.8,0.));
#4389=DIRECTION('center_axis',(0.8,0.6,0.));
#4390=DIRECTION('ref_axis',(0.6,-0.8,0.));
#4391=DIRECTION('center_axis',(-0.706716574261657,-0.706716574261697,-0.0332169734876539));
#4392=DIRECTION('ref_axis',(0.,0.0469500000000005,-0.998897240710975));
#4393=DIRECTION('center_axis',(-0.8,0.6,0.));
#4394=DIRECTION('ref_axis',(-0.6,-0.8,0.));
#4395=DIRECTION('center_axis',(0.706716574265691,0.706716574257649,-0.0332169734879506));
#4396=DIRECTION('ref_axis',(2.80664380625238E-13,0.0469500000004073,0.998897240710956));
#4397=DIRECTION('center_axis',(-0.8,0.6,0.));
#4398=DIRECTION('ref_axis',(-0.6,-0.8,0.));
#4399=DIRECTION('center_axis',(0.8,0.6,0.));
#4400=DIRECTION('ref_axis',(0.6,-0.8,0.));
#4401=DIRECTION('center_axis',(0.,1.,0.));
#4402=DIRECTION('ref_axis',(0.,0.,1.));
#4403=DIRECTION('center_axis',(0.,-1.,0.));
#4404=DIRECTION('ref_axis',(0.,0.,1.));
#4405=DIRECTION('center_axis',(-6.12323399573677E-17,0.,1.));
#4406=DIRECTION('ref_axis',(-1.,0.,-6.12323399573677E-17));
#4407=DIRECTION('center_axis',(0.,-0.8,0.6));
#4408=DIRECTION('ref_axis',(0.,-0.6,-0.8));
#4409=DIRECTION('center_axis',(0.,0.6,-0.8));
#4410=DIRECTION('ref_axis',(0.,-0.8,-0.6));
#4411=DIRECTION('center_axis',(0.,-0.8,0.6));
#4412=DIRECTION('ref_axis',(0.,-0.6,-0.8));
#4413=DIRECTION('center_axis',(0.,0.6,-0.8));
#4414=DIRECTION('ref_axis',(0.,-0.8,-0.6));
#4415=DIRECTION('center_axis',(0.,-0.8,-0.6));
#4416=DIRECTION('ref_axis',(0.,-0.6,0.8));
#4417=DIRECTION('center_axis',(0.,0.6,0.8));
#4418=DIRECTION('ref_axis',(0.,-0.8,0.6));
#4419=DIRECTION('center_axis',(0.,-0.8,0.6));
#4420=DIRECTION('ref_axis',(0.,-0.6,-0.8));
#4421=DIRECTION('center_axis',(0.,0.6,-0.8));
#4422=DIRECTION('ref_axis',(0.,-0.8,-0.6));
#4423=DIRECTION('center_axis',(0.,-0.8,-0.6));
#4424=DIRECTION('ref_axis',(0.,-0.6,0.8));
#4425=DIRECTION('center_axis',(0.,0.6,0.8));
#4426=DIRECTION('ref_axis',(0.,-0.8,0.6));
#4427=DIRECTION('center_axis',(0.,-0.8,0.6));
#4428=DIRECTION('ref_axis',(0.,-0.6,-0.8));
#4429=DIRECTION('center_axis',(0.,0.6,-0.8));
#4430=DIRECTION('ref_axis',(0.,-0.8,-0.6));
#4431=DIRECTION('center_axis',(0.,-0.8,-0.6));
#4432=DIRECTION('ref_axis',(0.,-0.6,0.8));
#4433=DIRECTION('center_axis',(0.,0.6,0.8));
#4434=DIRECTION('ref_axis',(0.,-0.8,0.6));
#4435=DIRECTION('center_axis',(0.,-0.8,0.6));
#4436=DIRECTION('ref_axis',(0.,-0.6,-0.8));
#4437=DIRECTION('center_axis',(0.,0.6,-0.8));
#4438=DIRECTION('ref_axis',(0.,-0.8,-0.6));
#4439=DIRECTION('center_axis',(0.,-0.8,-0.6));
#4440=DIRECTION('ref_axis',(0.,-0.6,0.8));
#4441=DIRECTION('center_axis',(0.,0.6,0.8));
#4442=DIRECTION('ref_axis',(0.,-0.8,0.6));
#4443=DIRECTION('center_axis',(0.,-0.8,-0.6));
#4444=DIRECTION('ref_axis',(0.,-0.6,0.8));
#4445=DIRECTION('center_axis',(0.,0.6,0.8));
#4446=DIRECTION('ref_axis',(0.,-0.8,0.6));
#4447=DIRECTION('center_axis',(0.,-0.8,0.6));
#4448=DIRECTION('ref_axis',(0.,-0.6,-0.8));
#4449=DIRECTION('center_axis',(0.,0.6,-0.8));
#4450=DIRECTION('ref_axis',(0.,-0.8,-0.6));
#4451=DIRECTION('center_axis',(0.,-0.8,-0.6));
#4452=DIRECTION('ref_axis',(0.,-0.6,0.8));
#4453=DIRECTION('center_axis',(0.,0.6,0.8));
#4454=DIRECTION('ref_axis',(0.,-0.8,0.6));
#4455=DIRECTION('center_axis',(0.,-0.8,0.6));
#4456=DIRECTION('ref_axis',(0.,-0.6,-0.8));
#4457=DIRECTION('center_axis',(0.,0.6,-0.8));
#4458=DIRECTION('ref_axis',(0.,-0.8,-0.6));
#4459=DIRECTION('center_axis',(0.,-0.8,0.6));
#4460=DIRECTION('ref_axis',(0.,-0.6,-0.8));
#4461=DIRECTION('center_axis',(0.,0.6,-0.8));
#4462=DIRECTION('ref_axis',(0.,-0.8,-0.6));
#4463=DIRECTION('center_axis',(0.,-0.8,-0.6));
#4464=DIRECTION('ref_axis',(0.,-0.6,0.8));
#4465=DIRECTION('center_axis',(0.,0.6,0.8));
#4466=DIRECTION('ref_axis',(0.,-0.8,0.6));
#4467=DIRECTION('center_axis',(0.,-0.8,-0.6));
#4468=DIRECTION('ref_axis',(0.,-0.6,0.8));
#4469=DIRECTION('center_axis',(0.,0.6,0.8));
#4470=DIRECTION('ref_axis',(0.,-0.8,0.6));
#4471=DIRECTION('center_axis',(0.,-0.8,0.6));
#4472=DIRECTION('ref_axis',(0.,-0.6,-0.8));
#4473=DIRECTION('center_axis',(0.,0.6,-0.8));
#4474=DIRECTION('ref_axis',(0.,-0.8,-0.6));
#4475=DIRECTION('center_axis',(0.,-0.8,-0.6));
#4476=DIRECTION('ref_axis',(0.,-0.6,0.8));
#4477=DIRECTION('center_axis',(0.,0.6,0.8));
#4478=DIRECTION('ref_axis',(0.,-0.8,0.6));
#4479=DIRECTION('center_axis',(0.,-0.8,0.6));
#4480=DIRECTION('ref_axis',(0.,-0.6,-0.8));
#4481=DIRECTION('center_axis',(0.,0.6,-0.8));
#4482=DIRECTION('ref_axis',(0.,-0.8,-0.6));
#4483=DIRECTION('center_axis',(0.,-0.8,-0.6));
#4484=DIRECTION('ref_axis',(0.,-0.6,0.8));
#4485=DIRECTION('center_axis',(0.,0.6,0.8));
#4486=DIRECTION('ref_axis',(0.,-0.8,0.6));
#4487=DIRECTION('center_axis',(0.,-0.8,0.6));
#4488=DIRECTION('ref_axis',(0.,-0.6,-0.8));
#4489=DIRECTION('center_axis',(0.,0.6,-0.8));
#4490=DIRECTION('ref_axis',(0.,-0.8,-0.6));
#4491=DIRECTION('center_axis',(0.,-0.8,-0.6));
#4492=DIRECTION('ref_axis',(0.,-0.6,0.8));
#4493=DIRECTION('center_axis',(0.,0.6,0.8));
#4494=DIRECTION('ref_axis',(0.,-0.8,0.6));
#4495=DIRECTION('center_axis',(0.,1.,0.));
#4496=DIRECTION('ref_axis',(0.,0.,1.));
#4497=DIRECTION('center_axis',(-6.12323399573677E-17,0.,1.));
#4498=DIRECTION('ref_axis',(-1.,0.,-6.12323399573677E-17));
#4499=DIRECTION('center_axis',(0.,-1.,0.));
#4500=DIRECTION('ref_axis',(0.,0.,1.));
#4501=DIRECTION('center_axis',(-1.,0.,0.));
#4502=DIRECTION('ref_axis',(0.,0.,-1.));
#4503=DIRECTION('center_axis',(-0.6,-0.8,0.));
#4504=DIRECTION('ref_axis',(0.8,-0.6,0.));
#4505=DIRECTION('center_axis',(0.8,0.6,0.));
#4506=DIRECTION('ref_axis',(0.6,-0.8,0.));
#4507=DIRECTION('center_axis',(-0.706716574261677,-0.706716574261677,-0.0332169734876548));
#4508=DIRECTION('ref_axis',(0.,0.0469500000000032,-0.998897240710975));
#4509=DIRECTION('center_axis',(-0.8,0.6,0.));
#4510=DIRECTION('ref_axis',(-0.6,-0.8,0.));
#4511=DIRECTION('center_axis',(0.706716574266905,0.706716574256424,-0.0332169734881795));
#4512=DIRECTION('ref_axis',(8.20676859802918E-13,0.0469500000002726,0.998897240710962));
#4513=DIRECTION('center_axis',(0.6,-0.8,0.));
#4514=DIRECTION('ref_axis',(-0.8,-0.6,0.));
#4515=DIRECTION('center_axis',(-0.8,0.6,0.));
#4516=DIRECTION('ref_axis',(-0.6,-0.8,0.));
#4517=DIRECTION('center_axis',(-0.6,-0.8,0.));
#4518=DIRECTION('ref_axis',(0.8,-0.6,0.));
#4519=DIRECTION('center_axis',(0.8,0.6,0.));
#4520=DIRECTION('ref_axis',(0.6,-0.8,0.));
#4521=DIRECTION('center_axis',(0.6,-0.8,0.));
#4522=DIRECTION('ref_axis',(-0.8,-0.6,0.));
#4523=DIRECTION('center_axis',(-0.8,0.6,0.));
#4524=DIRECTION('ref_axis',(-0.6,-0.8,0.));
#4525=DIRECTION('center_axis',(-0.8,0.6,0.));
#4526=DIRECTION('ref_axis',(-0.6,-0.8,0.));
#4527=DIRECTION('center_axis',(-0.6,-0.8,0.));
#4528=DIRECTION('ref_axis',(0.8,-0.6,0.));
#4529=DIRECTION('center_axis',(0.8,0.6,0.));
#4530=DIRECTION('ref_axis',(0.6,-0.8,0.));
#4531=DIRECTION('center_axis',(0.6,-0.8,0.));
#4532=DIRECTION('ref_axis',(-0.8,-0.6,0.));
#4533=DIRECTION('center_axis',(-0.8,0.6,0.));
#4534=DIRECTION('ref_axis',(-0.6,-0.8,0.));
#4535=DIRECTION('center_axis',(-0.8,0.6,0.));
#4536=DIRECTION('ref_axis',(-0.6,-0.8,0.));
#4537=DIRECTION('center_axis',(-0.6,-0.8,0.));
#4538=DIRECTION('ref_axis',(0.8,-0.6,0.));
#4539=DIRECTION('center_axis',(0.8,0.6,0.));
#4540=DIRECTION('ref_axis',(0.6,-0.8,0.));
#4541=DIRECTION('center_axis',(0.6,-0.8,0.));
#4542=DIRECTION('ref_axis',(-0.8,-0.6,0.));
#4543=DIRECTION('center_axis',(-0.8,0.6,0.));
#4544=DIRECTION('ref_axis',(-0.6,-0.8,0.));
#4545=DIRECTION('center_axis',(-0.8,0.6,0.));
#4546=DIRECTION('ref_axis',(-0.6,-0.8,0.));
#4547=DIRECTION('center_axis',(0.6,-0.8,0.));
#4548=DIRECTION('ref_axis',(-0.8,-0.6,0.));
#4549=DIRECTION('center_axis',(-0.8,0.6,0.));
#4550=DIRECTION('ref_axis',(-0.6,-0.8,0.));
#4551=DIRECTION('center_axis',(-0.8,0.6,0.));
#4552=DIRECTION('ref_axis',(-0.6,-0.8,0.));
#4553=DIRECTION('center_axis',(-1.,0.,0.));
#4554=DIRECTION('ref_axis',(0.,0.,-1.));
#4555=DIRECTION('center_axis',(1.,0.,0.));
#4556=DIRECTION('ref_axis',(0.,0.,-1.));
#4557=DIRECTION('center_axis',(-0.707106781186548,-0.707106781186548,0.));
#4558=DIRECTION('ref_axis',(0.707106781186547,-0.707106781186547,0.));
#4559=DIRECTION('',(1.,0.,0.));
#4560=DIRECTION('',(1.,0.,0.));
#4561=DIRECTION('',(1.,0.,0.));
#4562=DIRECTION('',(1.,0.,0.));
#4563=DIRECTION('center_axis',(0.,-1.,0.));
#4564=DIRECTION('ref_axis',(0.,0.,-1.));
#4565=DIRECTION('center_axis',(-0.750000000000001,0.,-0.661437827766147));
#4566=DIRECTION('ref_axis',(0.,-1.,0.));
#4567=DIRECTION('center_axis',(0.,-1.,0.));
#4568=DIRECTION('ref_axis',(1.,0.,0.));
#4569=DIRECTION('center_axis',(-0.750000000000001,0.,0.661437827766147));
#4570=DIRECTION('ref_axis',(-0.661437827766147,0.,-0.750000000000001));
#4571=DIRECTION('center_axis',(0.,1.,0.));
#4572=DIRECTION('ref_axis',(1.,0.,0.));
#4573=DIRECTION('center_axis',(-0.99853475406659,0.026937742213312,-0.0469329624637444));
#4574=DIRECTION('ref_axis',(0.0469499999999997,0.,-0.998897240710975));
#4575=DIRECTION('center_axis',(0.,-1.,0.));
#4576=DIRECTION('ref_axis',(0.,0.,-1.));
#4577=DIRECTION('center_axis',(0.792492940951609,8.44650153501486E-15,0.609881085574778));
#4578=DIRECTION('ref_axis',(1.06581410364015E-14,-1.,0.));
#4579=DIRECTION('center_axis',(0.,-1.,0.));
#4580=DIRECTION('ref_axis',(-1.,0.,0.));
#4581=DIRECTION('center_axis',(0.,-1.,0.));
#4582=DIRECTION('ref_axis',(-1.,0.,0.));
#4583=DIRECTION('center_axis',(0.708506811181257,0.,-0.705703973709775));
#4584=DIRECTION('ref_axis',(0.705703973709775,0.,0.708506811181257));
#4585=DIRECTION('center_axis',(0.,1.,0.));
#4586=DIRECTION('ref_axis',(-1.,0.,0.));
#4587=DIRECTION('center_axis',(0.998534754066587,-0.0269377422135193,-0.0469329624637039));
#4588=DIRECTION('ref_axis',(0.0469499999999593,-4.44089209850058E-16,0.998897240710977));
#4589=DIRECTION('center_axis',(1.,0.,0.));
#4590=DIRECTION('ref_axis',(0.,0.707106781186547,0.707106781186547));
#4591=DIRECTION('center_axis',(-1.,0.,0.));
#4592=DIRECTION('ref_axis',(0.,0.,1.));
#4593=DIRECTION('',(1.,0.,0.));
#4594=DIRECTION('center_axis',(0.707106781186548,0.,-0.707106781186548));
#4595=DIRECTION('ref_axis',(0.707106781186547,0.,0.707106781186547));
#4596=DIRECTION('',(-1.,0.,0.));
#4597=DIRECTION('',(-1.,0.,0.));
#4598=DIRECTION('',(-1.,0.,0.));
#4599=DIRECTION('',(-1.,0.,0.));
#4600=DIRECTION('',(-1.,0.,0.));
#4601=DIRECTION('center_axis',(0.,-1.,0.));
#4602=DIRECTION('ref_axis',(0.,0.,-1.));
#4603=DIRECTION('center_axis',(0.,1.,0.));
#4604=DIRECTION('ref_axis',(-0.707106781186548,0.,-0.707106781186547));
#4605=DIRECTION('center_axis',(2.8421709430404E-14,2.8421709430404E-14,
1.));
#4606=DIRECTION('ref_axis',(1.,0.,-2.8421709430404E-14));
#4607=DIRECTION('center_axis',(0.,-1.,0.));
#4608=DIRECTION('ref_axis',(-0.707106781186548,0.,-0.707106781186547));
#4609=DIRECTION('center_axis',(0.,1.,0.));
#4610=DIRECTION('ref_axis',(0.,0.,1.));
#4611=DIRECTION('center_axis',(0.,-1.,0.));
#4612=DIRECTION('ref_axis',(-0.707106781186547,0.,-0.707106781186548));
#4613=DIRECTION('center_axis',(0.,1.,0.));
#4614=DIRECTION('ref_axis',(-1.48029736616688E-16,0.,-1.));
#4615=DIRECTION('center_axis',(0.,1.,0.));
#4616=DIRECTION('ref_axis',(1.,0.,0.));
#4617=DIRECTION('',(0.,-1.,0.));
#4618=DIRECTION('center_axis',(0.,-1.,0.));
#4619=DIRECTION('ref_axis',(0.,0.,-1.));
#4620=DIRECTION('center_axis',(0.749999999999999,0.,0.661437827766149));
#4621=DIRECTION('ref_axis',(0.,-1.,0.));
#4622=DIRECTION('center_axis',(0.,-1.,0.));
#4623=DIRECTION('ref_axis',(-1.,0.,0.));
#4624=DIRECTION('center_axis',(0.,-1.,0.));
#4625=DIRECTION('ref_axis',(-1.,0.,0.));
#4626=DIRECTION('center_axis',(0.749999999999999,0.,-0.661437827766149));
#4627=DIRECTION('ref_axis',(0.661437827766149,0.,0.749999999999999));
#4628=DIRECTION('center_axis',(0.,1.,0.));
#4629=DIRECTION('ref_axis',(-1.,0.,0.));
#4630=DIRECTION('center_axis',(0.,-1.,0.));
#4631=DIRECTION('ref_axis',(0.,0.,-1.));
#4632=DIRECTION('center_axis',(-0.749999999999999,0.,-0.661437827766149));
#4633=DIRECTION('ref_axis',(0.,-1.,0.));
#4634=DIRECTION('center_axis',(0.,-1.,0.));
#4635=DIRECTION('ref_axis',(1.,0.,0.));
#4636=DIRECTION('center_axis',(-0.749999999999999,0.,0.661437827766149));
#4637=DIRECTION('ref_axis',(-0.661437827766149,0.,-0.749999999999999));
#4638=DIRECTION('center_axis',(0.,1.,0.));
#4639=DIRECTION('ref_axis',(1.,0.,0.));
#4640=DIRECTION('center_axis',(-1.,0.,0.));
#4641=DIRECTION('ref_axis',(0.,0.707106781186547,-0.707106781186547));
#4642=DIRECTION('',(1.,0.,0.));
#4643=DIRECTION('',(1.,0.,0.));
#4644=DIRECTION('',(1.,0.,0.));
#4645=DIRECTION('',(1.,0.,0.));
#4646=DIRECTION('',(1.,0.,0.));
#4647=DIRECTION('center_axis',(-0.707106781186548,0.,-0.707106781186548));
#4648=DIRECTION('ref_axis',(0.707106781186547,0.,-0.707106781186547));
#4649=DIRECTION('',(-1.,0.,0.));
#4650=DIRECTION('center_axis',(1.,0.,0.));
#4651=DIRECTION('ref_axis',(0.,0.,-1.));
#4652=DIRECTION('center_axis',(0.,1.,0.));
#4653=DIRECTION('ref_axis',(0.,0.,1.));
#4654=DIRECTION('center_axis',(0.,-1.,0.));
#4655=DIRECTION('ref_axis',(1.,0.,0.));
#4656=DIRECTION('center_axis',(0.,-1.,0.));
#4657=DIRECTION('ref_axis',(1.,0.,0.));
#4658=DIRECTION('center_axis',(0.,1.,0.));
#4659=DIRECTION('ref_axis',(1.,0.,0.));
#4660=DIRECTION('',(0.,-1.,0.));
#4661=DIRECTION('center_axis',(0.,-1.,0.));
#4662=DIRECTION('ref_axis',(0.,0.,-1.));
#4663=DIRECTION('center_axis',(0.749999999999999,0.,0.661437827766149));
#4664=DIRECTION('ref_axis',(0.,-1.,0.));
#4665=DIRECTION('center_axis',(0.,-1.,0.));
#4666=DIRECTION('ref_axis',(-1.,0.,0.));
#4667=DIRECTION('center_axis',(0.,-1.,0.));
#4668=DIRECTION('ref_axis',(-1.,0.,0.));
#4669=DIRECTION('center_axis',(0.749999999999999,0.,-0.661437827766149));
#4670=DIRECTION('ref_axis',(0.661437827766149,0.,0.749999999999999));
#4671=DIRECTION('center_axis',(0.,1.,0.));
#4672=DIRECTION('ref_axis',(-1.,0.,0.));
#4673=DIRECTION('center_axis',(0.,-1.,0.));
#4674=DIRECTION('ref_axis',(0.,0.,-1.));
#4675=DIRECTION('center_axis',(-0.749999999999999,0.,-0.661437827766149));
#4676=DIRECTION('ref_axis',(0.,-1.,0.));
#4677=DIRECTION('center_axis',(0.,-1.,0.));
#4678=DIRECTION('ref_axis',(1.,0.,0.));
#4679=DIRECTION('center_axis',(-0.749999999999999,0.,0.661437827766149));
#4680=DIRECTION('ref_axis',(-0.661437827766149,0.,-0.749999999999999));
#4681=DIRECTION('center_axis',(0.,1.,0.));
#4682=DIRECTION('ref_axis',(1.,0.,0.));
#4683=DIRECTION('center_axis',(0.,1.,0.));
#4684=DIRECTION('ref_axis',(0.,0.,1.));
#4685=DIRECTION('center_axis',(0.,1.,0.));
#4686=DIRECTION('ref_axis',(1.,0.,0.));
#4687=DIRECTION('',(0.,-1.,0.));
#4688=DIRECTION('center_axis',(0.,-1.,0.));
#4689=DIRECTION('ref_axis',(0.,0.,-1.));
#4690=DIRECTION('center_axis',(0.749999999999999,0.,0.661437827766149));
#4691=DIRECTION('ref_axis',(0.,-1.,0.));
#4692=DIRECTION('center_axis',(0.,-1.,0.));
#4693=DIRECTION('ref_axis',(-1.,0.,0.));
#4694=DIRECTION('center_axis',(0.,-1.,0.));
#4695=DIRECTION('ref_axis',(-1.,0.,0.));
#4696=DIRECTION('center_axis',(0.749999999999999,0.,-0.661437827766149));
#4697=DIRECTION('ref_axis',(0.661437827766149,0.,0.749999999999999));
#4698=DIRECTION('center_axis',(0.,1.,0.));
#4699=DIRECTION('ref_axis',(-1.,0.,0.));
#4700=DIRECTION('center_axis',(0.,-1.,0.));
#4701=DIRECTION('ref_axis',(0.,0.,-1.));
#4702=DIRECTION('center_axis',(-0.749999999999999,0.,-0.661437827766149));
#4703=DIRECTION('ref_axis',(0.,-1.,0.));
#4704=DIRECTION('center_axis',(0.,-1.,0.));
#4705=DIRECTION('ref_axis',(1.,0.,0.));
#4706=DIRECTION('center_axis',(-0.749999999999999,0.,0.661437827766149));
#4707=DIRECTION('ref_axis',(-0.661437827766149,0.,-0.749999999999999));
#4708=DIRECTION('center_axis',(0.,1.,0.));
#4709=DIRECTION('ref_axis',(1.,0.,0.));
#4710=DIRECTION('center_axis',(0.,1.,0.));
#4711=DIRECTION('ref_axis',(0.,0.,1.));
#4712=DIRECTION('center_axis',(0.,1.,0.));
#4713=DIRECTION('ref_axis',(1.,0.,0.));
#4714=DIRECTION('',(0.,-1.,0.));
#4715=DIRECTION('center_axis',(0.,-1.,0.));
#4716=DIRECTION('ref_axis',(7.105427357601E-17,0.,1.));
#4717=DIRECTION('center_axis',(0.66143782776615,2.93737402297611E-15,-0.749999999999998));
#4718=DIRECTION('ref_axis',(4.44089209850063E-15,-1.,0.));
#4719=DIRECTION('center_axis',(0.,-1.,0.));
#4720=DIRECTION('ref_axis',(0.,0.,1.));
#4721=DIRECTION('center_axis',(-0.66143782776615,2.93737402297611E-15,-0.749999999999998));
#4722=DIRECTION('ref_axis',(0.749999999999998,0.,-0.66143782776615));
#4723=DIRECTION('center_axis',(0.,1.,0.));
#4724=DIRECTION('ref_axis',(0.,0.,1.));
#4725=DIRECTION('center_axis',(2.8421709430404E-14,1.64092815904731E-14,
-1.));
#4726=DIRECTION('ref_axis',(1.,0.,2.8421709430404E-14));
#4727=DIRECTION('center_axis',(0.,-1.,0.));
#4728=DIRECTION('ref_axis',(0.,0.,-1.));
#4729=DIRECTION('center_axis',(-0.712778806182667,-8.22997179772382E-15,
0.701388888888904));
#4730=DIRECTION('ref_axis',(1.15463194561016E-14,-1.,0.));
#4731=DIRECTION('center_axis',(0.,-1.,0.));
#4732=DIRECTION('ref_axis',(-1.48029736616688E-16,0.,-1.));
#4733=DIRECTION('center_axis',(0.601847400268439,3.20728723722631E-15,0.79861111111111));
#4734=DIRECTION('ref_axis',(-0.79861111111111,0.,0.601847400268439));
#4735=DIRECTION('center_axis',(0.,3.28185631809461E-14,1.));
#4736=DIRECTION('ref_axis',(-1.,0.,0.));
#4737=DIRECTION('center_axis',(0.,0.,1.));
#4738=DIRECTION('ref_axis',(-0.707106781186547,0.707106781186547,0.));
#4739=DIRECTION('center_axis',(0.,0.,-1.));
#4740=DIRECTION('ref_axis',(-1.,0.,0.));
#4741=DIRECTION('',(0.,0.,1.));
#4742=DIRECTION('center_axis',(-2.8421709430404E-14,2.8421709430404E-14,
-1.));
#4743=DIRECTION('ref_axis',(-1.,0.,2.8421709430404E-14));
#4744=DIRECTION('',(0.,0.,-1.));
#4745=DIRECTION('',(0.,0.,-1.));
#4746=DIRECTION('',(0.,0.,-1.));
#4747=DIRECTION('',(0.,0.,-1.));
#4748=DIRECTION('',(0.,0.,-1.));
#4749=DIRECTION('',(0.,0.,-1.));
#4750=DIRECTION('',(0.,0.,-1.));
#4751=DIRECTION('',(0.,0.,-1.));
#4752=DIRECTION('',(0.,0.,-1.));
#4753=DIRECTION('',(0.,0.,-1.));
#4754=DIRECTION('',(0.,0.,-1.));
#4755=DIRECTION('center_axis',(0.,1.,0.));
#4756=DIRECTION('ref_axis',(0.,0.,1.));
#4757=DIRECTION('center_axis',(0.,1.,0.));
#4758=DIRECTION('ref_axis',(-0.707106781186547,0.,-0.707106781186548));
#4759=DIRECTION('center_axis',(0.,1.,0.));
#4760=DIRECTION('ref_axis',(1.,0.,0.));
#4761=DIRECTION('',(0.,-1.,0.));
#4762=DIRECTION('center_axis',(0.,-1.,0.));
#4763=DIRECTION('ref_axis',(7.105427357601E-17,0.,1.));
#4764=DIRECTION('center_axis',(0.66143782776615,5.87474804595222E-16,-0.749999999999998));
#4765=DIRECTION('ref_axis',(8.88178419700125E-16,-1.,0.));
#4766=DIRECTION('center_axis',(0.,-1.,0.));
#4767=DIRECTION('ref_axis',(0.,0.,1.));
#4768=DIRECTION('center_axis',(-0.661437827766149,5.87474804595222E-16,
-0.749999999999999));
#4769=DIRECTION('ref_axis',(0.749999999999999,0.,-0.661437827766149));
#4770=DIRECTION('center_axis',(0.,1.,0.));
#4771=DIRECTION('ref_axis',(0.,0.,1.));
#4772=DIRECTION('center_axis',(0.,-1.,0.));
#4773=DIRECTION('ref_axis',(0.,0.,-1.));
#4774=DIRECTION('center_axis',(-0.661437827766149,5.87474804595222E-16,
0.749999999999999));
#4775=DIRECTION('ref_axis',(-8.88178419700125E-16,-1.,0.));
#4776=DIRECTION('center_axis',(0.,-1.,0.));
#4777=DIRECTION('ref_axis',(-1.48029736616688E-16,0.,-1.));
#4778=DIRECTION('center_axis',(0.66143782776615,5.87474804595222E-16,0.749999999999998));
#4779=DIRECTION('ref_axis',(-0.749999999999998,0.,0.661437827766149));
#4780=DIRECTION('center_axis',(0.,1.,0.));
#4781=DIRECTION('ref_axis',(-1.48029736616688E-16,0.,-1.));
#4782=DIRECTION('center_axis',(0.,1.,0.));
#4783=DIRECTION('ref_axis',(0.,0.,1.));
#4784=DIRECTION('',(0.,0.,1.));
#4785=DIRECTION('center_axis',(0.,1.,0.));
#4786=DIRECTION('ref_axis',(0.,0.,1.));
#4787=DIRECTION('center_axis',(0.,1.,0.));
#4788=DIRECTION('ref_axis',(1.,0.,0.));
#4789=DIRECTION('',(0.,-1.,0.));
#4790=DIRECTION('center_axis',(0.,-1.,0.));
#4791=DIRECTION('ref_axis',(7.105427357601E-17,0.,1.));
#4792=DIRECTION('center_axis',(0.661437827766145,5.87474804595219E-16,-0.750000000000002));
#4793=DIRECTION('ref_axis',(8.88178419700125E-16,-1.,0.));
#4794=DIRECTION('center_axis',(0.,-1.,0.));
#4795=DIRECTION('ref_axis',(0.,0.,1.));
#4796=DIRECTION('center_axis',(-0.661437827766145,5.87474804595219E-16,
-0.750000000000002));
#4797=DIRECTION('ref_axis',(0.750000000000002,0.,-0.661437827766145));
#4798=DIRECTION('center_axis',(0.,-1.,0.));
#4799=DIRECTION('ref_axis',(0.,0.,-1.));
#4800=DIRECTION('center_axis',(-0.661437827766149,-2.05616181608328E-15,
0.749999999999999));
#4801=DIRECTION('ref_axis',(3.10862446895044E-15,-1.,0.));
#4802=DIRECTION('center_axis',(0.,-1.,0.));
#4803=DIRECTION('ref_axis',(-1.48029736616688E-16,0.,-1.));
#4804=DIRECTION('center_axis',(0.661437827766148,-2.34989921838088E-15,
0.75));
#4805=DIRECTION('ref_axis',(-0.75,0.,0.661437827766148));
#4806=DIRECTION('center_axis',(0.,1.,0.));
#4807=DIRECTION('ref_axis',(-1.48029736616688E-16,0.,-1.));
#4808=DIRECTION('center_axis',(0.,1.,0.));
#4809=DIRECTION('ref_axis',(0.,0.,1.));
#4810=DIRECTION('',(0.,0.,1.));
#4811=DIRECTION('center_axis',(0.,1.,0.));
#4812=DIRECTION('ref_axis',(0.,0.,1.));
#4813=DIRECTION('center_axis',(0.,1.,0.));
#4814=DIRECTION('ref_axis',(1.,0.,0.));
#4815=DIRECTION('',(0.,-1.,0.));
#4816=DIRECTION('center_axis',(0.,-1.,0.));
#4817=DIRECTION('ref_axis',(7.105427357601E-17,0.,1.));
#4818=DIRECTION('center_axis',(0.661437827766148,-2.34989921838088E-15,
-0.75));
#4819=DIRECTION('ref_axis',(-3.5527136788005E-15,-1.,0.));
#4820=DIRECTION('center_axis',(0.,-1.,0.));
#4821=DIRECTION('ref_axis',(0.,0.,1.));
#4822=DIRECTION('center_axis',(-0.661437827766149,-2.05616181608328E-15,
-0.749999999999999));
#4823=DIRECTION('ref_axis',(0.749999999999999,0.,-0.661437827766149));
#4824=DIRECTION('center_axis',(0.,1.,0.));
#4825=DIRECTION('ref_axis',(0.,0.,1.));
#4826=DIRECTION('center_axis',(0.,-1.,0.));
#4827=DIRECTION('ref_axis',(0.,0.,-1.));
#4828=DIRECTION('center_axis',(-0.661437827766149,-2.05616181608328E-15,
0.749999999999999));
#4829=DIRECTION('ref_axis',(3.10862446895044E-15,-1.,0.));
#4830=DIRECTION('center_axis',(0.,-1.,0.));
#4831=DIRECTION('ref_axis',(-1.48029736616688E-16,0.,-1.));
#4832=DIRECTION('center_axis',(0.661437827766148,-2.34989921838088E-15,
0.75));
#4833=DIRECTION('ref_axis',(-0.75,0.,0.661437827766148));
#4834=DIRECTION('center_axis',(0.,1.,0.));
#4835=DIRECTION('ref_axis',(-1.48029736616688E-16,0.,-1.));
#4836=DIRECTION('center_axis',(0.,1.,0.));
#4837=DIRECTION('ref_axis',(0.,0.,1.));
#4838=DIRECTION('',(0.,0.,1.));
#4839=DIRECTION('center_axis',(0.,1.,0.));
#4840=DIRECTION('ref_axis',(1.,0.,0.));
#4841=DIRECTION('',(0.,-1.,0.));
#4842=DIRECTION('center_axis',(0.,-1.,0.));
#4843=DIRECTION('ref_axis',(7.105427357601E-17,0.,1.));
#4844=DIRECTION('center_axis',(0.661437827766148,-2.34989921838088E-15,
-0.75));
#4845=DIRECTION('ref_axis',(-3.5527136788005E-15,-1.,0.));
#4846=DIRECTION('center_axis',(0.,-1.,0.));
#4847=DIRECTION('ref_axis',(0.,0.,1.));
#4848=DIRECTION('center_axis',(-0.661437827766149,-2.05616181608328E-15,
-0.749999999999999));
#4849=DIRECTION('ref_axis',(0.749999999999999,0.,-0.661437827766149));
#4850=DIRECTION('center_axis',(0.,-1.,0.));
#4851=DIRECTION('ref_axis',(0.,0.,-1.));
#4852=DIRECTION('center_axis',(-0.661437827766149,-2.05616181608328E-15,
0.749999999999999));
#4853=DIRECTION('ref_axis',(3.10862446895044E-15,-1.,0.));
#4854=DIRECTION('center_axis',(0.,-1.,0.));
#4855=DIRECTION('ref_axis',(-1.48029736616688E-16,0.,-1.));
#4856=DIRECTION('center_axis',(0.661437827766148,-2.34989921838088E-15,
0.75));
#4857=DIRECTION('ref_axis',(-0.75,0.,0.661437827766148));
#4858=DIRECTION('center_axis',(0.,1.,0.));
#4859=DIRECTION('ref_axis',(-1.48029736616688E-16,0.,-1.));
#4860=DIRECTION('center_axis',(0.,1.,0.));
#4861=DIRECTION('ref_axis',(0.,0.,1.));
#4862=DIRECTION('',(0.,0.,1.));
#4863=DIRECTION('center_axis',(0.,1.,0.));
#4864=DIRECTION('ref_axis',(1.,0.,0.));
#4865=DIRECTION('',(0.,-1.,0.));
#4866=DIRECTION('center_axis',(0.,-1.,0.));
#4867=DIRECTION('ref_axis',(7.105427357601E-17,0.,1.));
#4868=DIRECTION('center_axis',(0.661437827766148,0.,-0.75));
#4869=DIRECTION('ref_axis',(0.,-1.,0.));
#4870=DIRECTION('center_axis',(0.,-1.,0.));
#4871=DIRECTION('ref_axis',(0.,0.,1.));
#4872=DIRECTION('center_axis',(-0.661437827766148,0.,-0.75));
#4873=DIRECTION('ref_axis',(0.749999999999999,0.,-0.661437827766148));
#4874=DIRECTION('center_axis',(0.,1.,0.));
#4875=DIRECTION('ref_axis',(0.,0.,1.));
#4876=DIRECTION('center_axis',(0.,-1.,0.));
#4877=DIRECTION('ref_axis',(0.,0.,-1.));
#4878=DIRECTION('center_axis',(-0.661437827766149,5.87474804595222E-16,
0.749999999999999));
#4879=DIRECTION('ref_axis',(-8.88178419700125E-16,-1.,0.));
#4880=DIRECTION('center_axis',(0.,-1.,0.));
#4881=DIRECTION('ref_axis',(-1.48029736616688E-16,0.,-1.));
#4882=DIRECTION('center_axis',(0.66143782776615,5.87474804595222E-16,0.749999999999998));
#4883=DIRECTION('ref_axis',(-0.749999999999998,0.,0.661437827766149));
#4884=DIRECTION('center_axis',(0.,1.,0.));
#4885=DIRECTION('ref_axis',(-1.48029736616688E-16,0.,-1.));
#4886=DIRECTION('center_axis',(0.,1.,0.));
#4887=DIRECTION('ref_axis',(0.,0.,1.));
#4888=DIRECTION('',(0.,0.,1.));
#4889=DIRECTION('center_axis',(0.,1.,0.));
#4890=DIRECTION('ref_axis',(1.,0.,0.));
#4891=DIRECTION('',(0.,-1.,0.));
#4892=DIRECTION('center_axis',(0.,-1.,0.));
#4893=DIRECTION('ref_axis',(7.105427357601E-17,0.,1.));
#4894=DIRECTION('center_axis',(0.661437827766148,-2.34989921838088E-15,
-0.75));
#4895=DIRECTION('ref_axis',(-3.5527136788005E-15,-1.,0.));
#4896=DIRECTION('center_axis',(0.,-1.,0.));
#4897=DIRECTION('ref_axis',(0.,0.,1.));
#4898=DIRECTION('center_axis',(-0.661437827766149,-2.05616181608328E-15,
-0.749999999999999));
#4899=DIRECTION('ref_axis',(0.749999999999999,0.,-0.661437827766149));
#4900=DIRECTION('center_axis',(0.,1.,0.));
#4901=DIRECTION('ref_axis',(0.,0.,1.));
#4902=DIRECTION('center_axis',(0.,-1.,0.));
#4903=DIRECTION('ref_axis',(0.,0.,-1.));
#4904=DIRECTION('center_axis',(-0.661437827766145,5.87474804595219E-16,
0.750000000000002));
#4905=DIRECTION('ref_axis',(-8.88178419700125E-16,-1.,0.));
#4906=DIRECTION('center_axis',(0.,-1.,0.));
#4907=DIRECTION('ref_axis',(-1.48029736616688E-16,0.,-1.));
#4908=DIRECTION('center_axis',(0.661437827766145,5.87474804595219E-16,0.750000000000002));
#4909=DIRECTION('ref_axis',(-0.750000000000002,0.,0.661437827766145));
#4910=DIRECTION('center_axis',(0.,1.,0.));
#4911=DIRECTION('ref_axis',(-1.48029736616688E-16,0.,-1.));
#4912=DIRECTION('center_axis',(0.,1.,0.));
#4913=DIRECTION('ref_axis',(0.,0.,1.));
#4914=DIRECTION('',(0.,0.,1.));
#4915=DIRECTION('center_axis',(0.,1.,0.));
#4916=DIRECTION('ref_axis',(0.,0.,1.));
#4917=DIRECTION('center_axis',(0.,1.,0.));
#4918=DIRECTION('ref_axis',(1.,0.,0.));
#4919=DIRECTION('',(0.,-1.,0.));
#4920=DIRECTION('center_axis',(0.,-1.,0.));
#4921=DIRECTION('ref_axis',(7.105427357601E-17,0.,1.));
#4922=DIRECTION('center_axis',(0.66143782776615,5.87474804595222E-16,-0.749999999999998));
#4923=DIRECTION('ref_axis',(8.88178419700125E-16,-1.,0.));
#4924=DIRECTION('center_axis',(0.,-1.,0.));
#4925=DIRECTION('ref_axis',(0.,0.,1.));
#4926=DIRECTION('center_axis',(-0.661437827766149,5.87474804595222E-16,
-0.749999999999999));
#4927=DIRECTION('ref_axis',(0.749999999999999,0.,-0.661437827766149));
#4928=DIRECTION('center_axis',(0.,1.,0.));
#4929=DIRECTION('ref_axis',(0.,0.,1.));
#4930=DIRECTION('center_axis',(0.,-1.,0.));
#4931=DIRECTION('ref_axis',(0.,0.,-1.));
#4932=DIRECTION('center_axis',(-0.661437827766148,0.,0.75));
#4933=DIRECTION('ref_axis',(0.,-1.,0.));
#4934=DIRECTION('center_axis',(0.,-1.,0.));
#4935=DIRECTION('ref_axis',(-1.48029736616688E-16,0.,-1.));
#4936=DIRECTION('center_axis',(0.661437827766148,0.,0.75));
#4937=DIRECTION('ref_axis',(-0.75,0.,0.661437827766148));
#4938=DIRECTION('center_axis',(0.,1.,0.));
#4939=DIRECTION('ref_axis',(-1.48029736616688E-16,0.,-1.));
#4940=DIRECTION('center_axis',(0.,1.,0.));
#4941=DIRECTION('ref_axis',(0.,0.,1.));
#4942=DIRECTION('',(0.,0.,1.));
#4943=DIRECTION('center_axis',(0.,1.,0.));
#4944=DIRECTION('ref_axis',(1.,0.,0.));
#4945=DIRECTION('',(0.,-1.,0.));
#4946=DIRECTION('center_axis',(0.,-1.,0.));
#4947=DIRECTION('ref_axis',(7.105427357601E-17,0.,1.));
#4948=DIRECTION('center_axis',(0.66143782776615,5.87474804595222E-16,-0.749999999999998));
#4949=DIRECTION('ref_axis',(8.88178419700125E-16,-1.,0.));
#4950=DIRECTION('center_axis',(0.,-1.,0.));
#4951=DIRECTION('ref_axis',(0.,0.,1.));
#4952=DIRECTION('center_axis',(-0.661437827766149,5.87474804595222E-16,
-0.749999999999999));
#4953=DIRECTION('ref_axis',(0.749999999999999,0.,-0.661437827766149));
#4954=DIRECTION('center_axis',(0.,-1.,0.));
#4955=DIRECTION('ref_axis',(0.,0.,-1.));
#4956=DIRECTION('center_axis',(-0.661437827766149,5.87474804595222E-16,
0.749999999999999));
#4957=DIRECTION('ref_axis',(-8.88178419700125E-16,-1.,0.));
#4958=DIRECTION('center_axis',(0.,-1.,0.));
#4959=DIRECTION('ref_axis',(-1.48029736616688E-16,0.,-1.));
#4960=DIRECTION('center_axis',(0.66143782776615,5.87474804595222E-16,0.749999999999998));
#4961=DIRECTION('ref_axis',(-0.749999999999998,0.,0.661437827766149));
#4962=DIRECTION('center_axis',(0.,1.,0.));
#4963=DIRECTION('ref_axis',(-1.48029736616688E-16,0.,-1.));
#4964=DIRECTION('center_axis',(0.,1.,0.));
#4965=DIRECTION('ref_axis',(0.,0.,1.));
#4966=DIRECTION('',(0.,0.,1.));
#4967=DIRECTION('center_axis',(0.,1.,0.));
#4968=DIRECTION('ref_axis',(1.,0.,0.));
#4969=DIRECTION('',(0.,-1.,0.));
#4970=DIRECTION('center_axis',(0.,-1.,0.));
#4971=DIRECTION('ref_axis',(0.,0.,-1.));
#4972=DIRECTION('center_axis',(0.749999999999999,0.,0.661437827766149));
#4973=DIRECTION('ref_axis',(0.,-1.,0.));
#4974=DIRECTION('center_axis',(0.,-1.,0.));
#4975=DIRECTION('ref_axis',(-1.,0.,0.));
#4976=DIRECTION('center_axis',(0.,-1.,0.));
#4977=DIRECTION('ref_axis',(-1.,0.,0.));
#4978=DIRECTION('center_axis',(0.749999999999999,0.,-0.661437827766149));
#4979=DIRECTION('ref_axis',(0.661437827766149,0.,0.749999999999999));
#4980=DIRECTION('center_axis',(0.,1.,0.));
#4981=DIRECTION('ref_axis',(-1.,0.,0.));
#4982=DIRECTION('center_axis',(0.,-1.,0.));
#4983=DIRECTION('ref_axis',(0.,0.,-1.));
#4984=DIRECTION('center_axis',(-0.749999999999999,0.,-0.661437827766149));
#4985=DIRECTION('ref_axis',(0.,-1.,0.));
#4986=DIRECTION('center_axis',(0.,-1.,0.));
#4987=DIRECTION('ref_axis',(1.,0.,0.));
#4988=DIRECTION('center_axis',(-0.749999999999999,0.,0.661437827766149));
#4989=DIRECTION('ref_axis',(-0.661437827766149,0.,-0.749999999999999));
#4990=DIRECTION('center_axis',(0.,1.,0.));
#4991=DIRECTION('ref_axis',(1.,0.,0.));
#4992=DIRECTION('center_axis',(-1.,0.,0.));
#4993=DIRECTION('ref_axis',(0.,0.707106781186547,-0.707106781186547));
#4994=DIRECTION('',(1.,0.,0.));
#4995=DIRECTION('',(1.,0.,0.));
#4996=DIRECTION('center_axis',(-0.707106781186548,0.,-0.707106781186548));
#4997=DIRECTION('ref_axis',(0.707106781186547,0.,-0.707106781186547));
#4998=DIRECTION('',(-1.,0.,0.));
#4999=DIRECTION('center_axis',(1.,0.,3.5527136788005E-15));
#5000=DIRECTION('ref_axis',(3.5527136788005E-15,0.,-1.));
#5001=DIRECTION('',(1.,0.,0.));
#5002=DIRECTION('',(1.,0.,0.));
#5003=DIRECTION('',(1.,0.,0.));
#5004=DIRECTION('center_axis',(0.,1.,0.));
#5005=DIRECTION('ref_axis',(0.,0.,1.));
#5006=DIRECTION('',(-1.,0.,0.));
#5007=DIRECTION('center_axis',(0.,-1.,0.));
#5008=DIRECTION('ref_axis',(1.,0.,0.));
#5009=DIRECTION('center_axis',(0.,-1.,0.));
#5010=DIRECTION('ref_axis',(1.,0.,0.));
#5011=DIRECTION('center_axis',(0.,1.,0.));
#5012=DIRECTION('ref_axis',(1.,0.,0.));
#5013=DIRECTION('',(0.,-1.,0.));
#5014=DIRECTION('center_axis',(0.,-1.,0.));
#5015=DIRECTION('ref_axis',(0.,0.,-1.));
#5016=DIRECTION('center_axis',(0.749999999999999,0.,0.661437827766149));
#5017=DIRECTION('ref_axis',(0.,-1.,0.));
#5018=DIRECTION('center_axis',(0.,-1.,0.));
#5019=DIRECTION('ref_axis',(-1.,0.,0.));
#5020=DIRECTION('center_axis',(0.,-1.,0.));
#5021=DIRECTION('ref_axis',(-1.,0.,0.));
#5022=DIRECTION('center_axis',(0.749999999999999,0.,-0.661437827766149));
#5023=DIRECTION('ref_axis',(0.661437827766149,0.,0.749999999999999));
#5024=DIRECTION('center_axis',(0.,1.,0.));
#5025=DIRECTION('ref_axis',(-1.,0.,0.));
#5026=DIRECTION('center_axis',(0.,-1.,0.));
#5027=DIRECTION('ref_axis',(0.,0.,-1.));
#5028=DIRECTION('center_axis',(-0.749999999999999,0.,-0.661437827766149));
#5029=DIRECTION('ref_axis',(0.,-1.,0.));
#5030=DIRECTION('center_axis',(0.,-1.,0.));
#5031=DIRECTION('ref_axis',(1.,0.,0.));
#5032=DIRECTION('center_axis',(-0.749999999999999,0.,0.661437827766149));
#5033=DIRECTION('ref_axis',(-0.661437827766149,0.,-0.749999999999999));
#5034=DIRECTION('center_axis',(0.,1.,0.));
#5035=DIRECTION('ref_axis',(1.,0.,0.));
#5036=DIRECTION('center_axis',(0.,1.,0.));
#5037=DIRECTION('ref_axis',(0.,0.,1.));
#5038=DIRECTION('',(-1.,0.,0.));
#5039=DIRECTION('center_axis',(0.,1.,0.));
#5040=DIRECTION('ref_axis',(1.,0.,0.));
#5041=DIRECTION('',(0.,-1.,0.));
#5042=DIRECTION('center_axis',(0.,-1.,0.));
#5043=DIRECTION('ref_axis',(0.,0.,-1.));
#5044=DIRECTION('center_axis',(0.749999999999999,0.,0.661437827766149));
#5045=DIRECTION('ref_axis',(0.,-1.,0.));
#5046=DIRECTION('center_axis',(0.,-1.,0.));
#5047=DIRECTION('ref_axis',(-1.,0.,0.));
#5048=DIRECTION('center_axis',(0.,-1.,0.));
#5049=DIRECTION('ref_axis',(-1.,0.,0.));
#5050=DIRECTION('center_axis',(0.749999999999999,0.,-0.661437827766149));
#5051=DIRECTION('ref_axis',(0.661437827766149,0.,0.749999999999999));
#5052=DIRECTION('center_axis',(0.,1.,0.));
#5053=DIRECTION('ref_axis',(-1.,0.,0.));
#5054=DIRECTION('center_axis',(0.,-1.,0.));
#5055=DIRECTION('ref_axis',(0.,0.,-1.));
#5056=DIRECTION('center_axis',(-0.749999999999999,0.,-0.661437827766149));
#5057=DIRECTION('ref_axis',(0.,-1.,0.));
#5058=DIRECTION('center_axis',(0.,-1.,0.));
#5059=DIRECTION('ref_axis',(1.,0.,0.));
#5060=DIRECTION('center_axis',(-0.749999999999999,0.,0.661437827766149));
#5061=DIRECTION('ref_axis',(-0.661437827766149,0.,-0.749999999999999));
#5062=DIRECTION('center_axis',(0.,1.,0.));
#5063=DIRECTION('ref_axis',(1.,0.,0.));
#5064=DIRECTION('center_axis',(0.,1.,0.));
#5065=DIRECTION('ref_axis',(0.,0.,1.));
#5066=DIRECTION('',(-1.,0.,0.));
#5067=DIRECTION('center_axis',(0.,1.,0.));
#5068=DIRECTION('ref_axis',(1.,0.,0.));
#5069=DIRECTION('',(0.,-1.,0.));
#5070=DIRECTION('center_axis',(0.,-1.,0.));
#5071=DIRECTION('ref_axis',(0.,0.,-1.));
#5072=DIRECTION('center_axis',(0.708506811181255,-5.03424367921394E-15,
0.705703973709777));
#5073=DIRECTION('ref_axis',(-7.105427357601E-15,-1.,0.));
#5074=DIRECTION('center_axis',(0.,-1.,0.));
#5075=DIRECTION('ref_axis',(-1.,0.,0.));
#5076=DIRECTION('center_axis',(0.,-1.,0.));
#5077=DIRECTION('ref_axis',(-1.,0.,0.));
#5078=DIRECTION('center_axis',(0.792492940951609,8.44650153501486E-15,-0.609881085574778));
#5079=DIRECTION('ref_axis',(0.609881085574778,0.,0.792492940951609));
#5080=DIRECTION('center_axis',(0.,1.,0.));
#5081=DIRECTION('ref_axis',(-1.,0.,0.));
#5082=DIRECTION('center_axis',(0.99853475406659,-0.0269377422133162,-0.0469329624637515));
#5083=DIRECTION('ref_axis',(0.0469500000000067,0.,0.998897240710975));
#5084=DIRECTION('center_axis',(0.,-1.,0.));
#5085=DIRECTION('ref_axis',(0.,0.,-1.));
#5086=DIRECTION('center_axis',(-0.750000000000001,0.,-0.661437827766147));
#5087=DIRECTION('ref_axis',(0.,-1.,0.));
#5088=DIRECTION('center_axis',(0.,-1.,0.));
#5089=DIRECTION('ref_axis',(1.,0.,0.));
#5090=DIRECTION('center_axis',(-0.750000000000001,0.,0.661437827766147));
#5091=DIRECTION('ref_axis',(-0.661437827766147,0.,-0.750000000000001));
#5092=DIRECTION('center_axis',(0.,1.,0.));
#5093=DIRECTION('ref_axis',(1.,0.,0.));
#5094=DIRECTION('center_axis',(-0.99853475406659,0.026937742213314,-0.046932962463748));
#5095=DIRECTION('ref_axis',(0.0469500000000032,0.,-0.998897240710975));
#5096=DIRECTION('center_axis',(0.,-1.,0.));
#5097=DIRECTION('ref_axis',(0.,0.,-1.));
#5098=DIRECTION('center_axis',(0.,-1.,0.));
#5099=DIRECTION('ref_axis',(-0.707106781186548,0.,0.707106781186547));
#5100=DIRECTION('center_axis',(0.,0.,1.));
#5101=DIRECTION('ref_axis',(1.,0.,0.));
#5102=DIRECTION('center_axis',(0.,1.,0.));
#5103=DIRECTION('ref_axis',(-0.707106781186548,0.,0.707106781186547));
#5104=DIRECTION('center_axis',(0.,1.,0.));
#5105=DIRECTION('ref_axis',(0.,0.,1.));
#5106=DIRECTION('',(-1.,0.,0.));
#5107=DIRECTION('center_axis',(0.,1.,0.));
#5108=DIRECTION('ref_axis',(1.,0.,0.));
#5109=DIRECTION('',(0.,-1.,0.));
#5110=DIRECTION('center_axis',(0.,-1.,0.));
#5111=DIRECTION('ref_axis',(0.0737528597952968,0.,0.997276549243997));
#5112=DIRECTION('center_axis',(0.601847400268439,3.20728723722631E-15,-0.79861111111111));
#5113=DIRECTION('ref_axis',(5.32907051820075E-15,-1.,0.));
#5114=DIRECTION('center_axis',(0.,-1.,0.));
#5115=DIRECTION('ref_axis',(0.,0.,1.));
#5116=DIRECTION('center_axis',(-0.712778806182684,-9.49612130506617E-16,
-0.701388888888888));
#5117=DIRECTION('ref_axis',(0.701388888888888,0.,-0.712778806182684));
#5118=DIRECTION('center_axis',(0.,1.,0.));
#5119=DIRECTION('ref_axis',(0.,0.,1.));
#5120=DIRECTION('center_axis',(0.,0.,-1.));
#5121=DIRECTION('ref_axis',(1.,0.,0.));
#5122=DIRECTION('center_axis',(0.,-1.,0.));
#5123=DIRECTION('ref_axis',(0.,0.,-1.));
#5124=DIRECTION('center_axis',(-0.66143782776615,2.93737402297611E-15,0.749999999999998));
#5125=DIRECTION('ref_axis',(-4.44089209850063E-15,-1.,0.));
#5126=DIRECTION('center_axis',(0.,-1.,0.));
#5127=DIRECTION('ref_axis',(-1.48029736616688E-16,0.,-1.));
#5128=DIRECTION('center_axis',(0.66143782776615,2.93737402297611E-15,0.749999999999998));
#5129=DIRECTION('ref_axis',(-0.749999999999998,0.,0.661437827766149));
#5130=DIRECTION('center_axis',(0.,1.,0.));
#5131=DIRECTION('ref_axis',(-1.48029736616688E-16,0.,-1.));
#5132=DIRECTION('center_axis',(0.,0.,1.));
#5133=DIRECTION('ref_axis',(-1.,0.,0.));
#5134=DIRECTION('center_axis',(0.,1.,0.));
#5135=DIRECTION('ref_axis',(0.,0.,1.));
#5136=DIRECTION('center_axis',(0.,-1.,0.));
#5137=DIRECTION('ref_axis',(-0.707106781186547,0.,0.707106781186548));
#5138=DIRECTION('center_axis',(0.,1.,0.));
#5139=DIRECTION('ref_axis',(-0.707106781186547,0.,0.707106781186548));
#5140=DIRECTION('center_axis',(-1.,0.,0.));
#5141=DIRECTION('ref_axis',(0.,0.,1.));
#5142=DIRECTION('center_axis',(0.,1.,0.));
#5143=DIRECTION('ref_axis',(0.,0.,1.));
#5144=DIRECTION('',(0.,0.,1.));
#5145=DIRECTION('center_axis',(0.,1.,0.));
#5146=DIRECTION('ref_axis',(0.,0.,1.));
#5147=DIRECTION('center_axis',(0.,1.,0.));
#5148=DIRECTION('ref_axis',(1.,0.,0.));
#5149=DIRECTION('',(0.,-1.,0.));
#5150=DIRECTION('center_axis',(0.,-1.,0.));
#5151=DIRECTION('ref_axis',(7.105427357601E-17,0.,1.));
#5152=DIRECTION('center_axis',(0.661437827766148,-2.34989921838088E-15,
-0.75));
#5153=DIRECTION('ref_axis',(-3.5527136788005E-15,-1.,0.));
#5154=DIRECTION('center_axis',(0.,-1.,0.));
#5155=DIRECTION('ref_axis',(0.,0.,1.));
#5156=DIRECTION('center_axis',(-0.661437827766149,-2.05616181608328E-15,
-0.749999999999999));
#5157=DIRECTION('ref_axis',(0.749999999999999,0.,-0.661437827766149));
#5158=DIRECTION('center_axis',(0.,-1.,0.));
#5159=DIRECTION('ref_axis',(0.,0.,-1.));
#5160=DIRECTION('center_axis',(-0.661437827766149,-2.05616181608328E-15,
0.749999999999999));
#5161=DIRECTION('ref_axis',(3.10862446895044E-15,-1.,0.));
#5162=DIRECTION('center_axis',(0.,-1.,0.));
#5163=DIRECTION('ref_axis',(-1.48029736616688E-16,0.,-1.));
#5164=DIRECTION('center_axis',(0.661437827766148,-2.34989921838088E-15,
0.75));
#5165=DIRECTION('ref_axis',(-0.75,0.,0.661437827766148));
#5166=DIRECTION('center_axis',(0.,1.,0.));
#5167=DIRECTION('ref_axis',(-1.48029736616688E-16,0.,-1.));
#5168=DIRECTION('center_axis',(0.,1.,0.));
#5169=DIRECTION('ref_axis',(0.,0.,1.));
#5170=DIRECTION('',(0.,0.,1.));
#5171=DIRECTION('center_axis',(0.,1.,0.));
#5172=DIRECTION('ref_axis',(0.,0.,1.));
#5173=DIRECTION('center_axis',(0.,1.,0.));
#5174=DIRECTION('ref_axis',(1.,0.,0.));
#5175=DIRECTION('',(0.,-1.,0.));
#5176=DIRECTION('center_axis',(0.,-1.,0.));
#5177=DIRECTION('ref_axis',(7.105427357601E-17,0.,1.));
#5178=DIRECTION('center_axis',(0.661437827766148,-2.34989921838088E-15,
-0.75));
#5179=DIRECTION('ref_axis',(-3.5527136788005E-15,-1.,0.));
#5180=DIRECTION('center_axis',(0.,-1.,0.));
#5181=DIRECTION('ref_axis',(0.,0.,1.));
#5182=DIRECTION('center_axis',(-0.661437827766149,-2.05616181608328E-15,
-0.749999999999999));
#5183=DIRECTION('ref_axis',(0.749999999999999,0.,-0.661437827766149));
#5184=DIRECTION('center_axis',(0.,-1.,0.));
#5185=DIRECTION('ref_axis',(0.,0.,-1.));
#5186=DIRECTION('center_axis',(-0.661437827766149,-2.05616181608328E-15,
0.749999999999999));
#5187=DIRECTION('ref_axis',(3.10862446895044E-15,-1.,0.));
#5188=DIRECTION('center_axis',(0.,-1.,0.));
#5189=DIRECTION('ref_axis',(-1.48029736616688E-16,0.,-1.));
#5190=DIRECTION('center_axis',(0.661437827766148,-2.34989921838088E-15,
0.75));
#5191=DIRECTION('ref_axis',(-0.75,0.,0.661437827766148));
#5192=DIRECTION('center_axis',(0.,1.,0.));
#5193=DIRECTION('ref_axis',(-1.48029736616688E-16,0.,-1.));
#5194=DIRECTION('center_axis',(0.,1.,0.));
#5195=DIRECTION('ref_axis',(0.,0.,1.));
#5196=DIRECTION('',(0.,0.,1.));
#5197=DIRECTION('center_axis',(0.,1.,0.));
#5198=DIRECTION('ref_axis',(1.,0.,0.));
#5199=DIRECTION('',(0.,-1.,0.));
#5200=DIRECTION('center_axis',(0.,0.,-1.));
#5201=DIRECTION('ref_axis',(0.707106781186547,0.707106781186547,0.));
#5202=DIRECTION('',(0.,0.,-1.));
#5203=DIRECTION('center_axis',(0.,0.,1.));
#5204=DIRECTION('ref_axis',(1.,0.,0.));
#5205=DIRECTION('',(0.,0.,1.));
#5206=DIRECTION('center_axis',(0.707106781186548,0.,-0.707106781186548));
#5207=DIRECTION('ref_axis',(0.707106781186547,0.,0.707106781186547));
#5208=DIRECTION('center_axis',(1.,0.,0.));
#5209=DIRECTION('ref_axis',(0.,0.707106781186547,0.707106781186547));
#5210=DIRECTION('',(1.,0.,0.));
#5211=DIRECTION('',(-1.,0.,0.));
#5212=DIRECTION('center_axis',(0.,0.,-1.));
#5213=DIRECTION('ref_axis',(0.707106781186547,0.707106781186547,0.));
#5214=DIRECTION('',(0.,0.,1.));
#5215=DIRECTION('center_axis',(0.,0.,-1.));
#5216=DIRECTION('ref_axis',(0.,1.,0.));
#5217=DIRECTION('',(0.,0.,-1.));
#5218=DIRECTION('center_axis',(0.,-1.,0.));
#5219=DIRECTION('ref_axis',(1.,0.,0.));
#5220=DIRECTION('center_axis',(0.,-1.,0.));
#5221=DIRECTION('ref_axis',(1.,0.,0.));
#5222=DIRECTION('center_axis',(0.,0.,-1.));
#5223=DIRECTION('ref_axis',(0.707106781186547,0.707106781186547,0.));
#5224=DIRECTION('',(0.,0.,-1.));
#5225=DIRECTION('center_axis',(0.,0.,1.));
#5226=DIRECTION('ref_axis',(1.,0.,0.));
#5227=DIRECTION('',(0.,0.,1.));
#5228=DIRECTION('center_axis',(0.,0.,-1.));
#5229=DIRECTION('ref_axis',(0.707106781186547,0.707106781186547,0.));
#5230=DIRECTION('',(0.,0.,1.));
#5231=DIRECTION('center_axis',(0.,0.,-1.));
#5232=DIRECTION('ref_axis',(0.,1.,0.));
#5233=DIRECTION('',(0.,0.,-1.));
#5234=DIRECTION('center_axis',(0.,0.,-1.));
#5235=DIRECTION('ref_axis',(0.707106781186547,0.707106781186547,0.));
#5236=DIRECTION('',(0.,0.,-1.));
#5237=DIRECTION('center_axis',(0.,-1.,0.));
#5238=DIRECTION('ref_axis',(1.,0.,0.));
#5239=DIRECTION('center_axis',(0.,-1.,0.));
#5240=DIRECTION('ref_axis',(1.,0.,0.));
#5241=DIRECTION('center_axis',(1.,0.,0.));
#5242=DIRECTION('ref_axis',(0.,0.,-1.));
#5243=DIRECTION('',(0.,1.,0.));
#5244=DIRECTION('',(0.,0.,-1.));
#5245=DIRECTION('',(0.,1.,0.));
#5246=DIRECTION('center_axis',(0.,1.,0.));
#5247=DIRECTION('ref_axis',(0.,0.,1.));
#5248=DIRECTION('center_axis',(0.,-1.,0.));
#5249=DIRECTION('ref_axis',(1.,0.,0.));
#5250=DIRECTION('center_axis',(0.,1.,0.));
#5251=DIRECTION('ref_axis',(0.,0.,1.));
#5252=DIRECTION('center_axis',(0.,-1.,0.));
#5253=DIRECTION('ref_axis',(1.,0.,0.));
#5254=DIRECTION('center_axis',(0.,1.,0.));
#5255=DIRECTION('ref_axis',(0.,0.,1.));
#5256=DIRECTION('center_axis',(0.,-1.,0.));
#5257=DIRECTION('ref_axis',(1.,0.,0.));
#5258=DIRECTION('center_axis',(0.,1.,0.));
#5259=DIRECTION('ref_axis',(0.,0.,1.));
#5260=DIRECTION('center_axis',(0.,1.,0.));
#5261=DIRECTION('ref_axis',(0.,0.,1.));
#5262=DIRECTION('center_axis',(0.,-1.,0.));
#5263=DIRECTION('ref_axis',(1.,0.,0.));
#5264=DIRECTION('center_axis',(0.,1.,0.));
#5265=DIRECTION('ref_axis',(0.,0.,1.));
#5266=DIRECTION('center_axis',(0.,0.,1.));
#5267=DIRECTION('ref_axis',(1.,0.,0.));
#5268=DIRECTION('',(0.,1.,0.));
#5269=DIRECTION('',(1.,0.,0.));
#5270=DIRECTION('center_axis',(0.,1.,0.));
#5271=DIRECTION('ref_axis',(0.,0.,1.));
#5272=DIRECTION('',(0.,1.,0.));
#5273=DIRECTION('center_axis',(0.,-1.,0.));
#5274=DIRECTION('ref_axis',(0.,0.,1.));
#5275=DIRECTION('center_axis',(1.,0.,0.));
#5276=DIRECTION('ref_axis',(0.,0.,-1.));
#5277=DIRECTION('',(0.,1.,0.));
#5278=DIRECTION('',(0.,0.,-1.));
#5279=DIRECTION('center_axis',(0.,1.,0.));
#5280=DIRECTION('ref_axis',(1.,0.,0.));
#5281=DIRECTION('',(0.,1.,0.));
#5282=DIRECTION('center_axis',(0.,-1.,0.));
#5283=DIRECTION('ref_axis',(1.,0.,0.));
#5284=DIRECTION('center_axis',(0.,0.,-1.));
#5285=DIRECTION('ref_axis',(-1.,0.,0.));
#5286=DIRECTION('',(0.,1.,0.));
#5287=DIRECTION('',(-1.,0.,0.));
#5288=DIRECTION('center_axis',(0.,0.,1.));
#5289=DIRECTION('ref_axis',(-1.,0.,0.));
#5290=DIRECTION('',(0.,0.,-1.));
#5291=DIRECTION('',(0.,0.,-1.));
#5292=DIRECTION('',(0.,0.,-1.));
#5293=DIRECTION('',(0.,0.,-1.));
#5294=DIRECTION('',(0.,0.,-1.));
#5295=DIRECTION('',(0.,0.,-1.));
#5296=DIRECTION('',(0.,0.,-1.));
#5297=DIRECTION('',(0.,0.,-1.));
#5298=DIRECTION('',(0.,0.,-1.));
#5299=DIRECTION('',(0.,0.,-1.));
#5300=DIRECTION('',(0.,0.,-1.));
#5301=DIRECTION('center_axis',(-1.,0.,-1.22464679914735E-16));
#5302=DIRECTION('ref_axis',(-1.22464679914735E-16,0.,1.));
#5303=DIRECTION('center_axis',(1.,0.,0.));
#5304=DIRECTION('ref_axis',(0.,0.,-1.));
#5305=DIRECTION('center_axis',(0.,1.,0.));
#5306=DIRECTION('ref_axis',(1.,0.,0.));
#5307=DIRECTION('',(0.,-1.,0.));
#5308=DIRECTION('center_axis',(0.,1.,0.));
#5309=DIRECTION('ref_axis',(1.,0.,0.));
#5310=DIRECTION('',(0.,-1.,0.));
#5311=DIRECTION('center_axis',(1.,0.,0.));
#5312=DIRECTION('ref_axis',(0.,0.,-1.));
#5313=DIRECTION('',(0.,1.,0.));
#5314=DIRECTION('',(0.,0.,-1.));
#5315=DIRECTION('center_axis',(0.,0.,1.));
#5316=DIRECTION('ref_axis',(1.,0.,0.));
#5317=DIRECTION('',(0.,1.,0.));
#5318=DIRECTION('',(1.,0.,0.));
#5319=DIRECTION('center_axis',(0.,1.,0.));
#5320=DIRECTION('ref_axis',(-1.,0.,0.));
#5321=DIRECTION('',(0.,1.,0.));
#5322=DIRECTION('center_axis',(0.,1.,0.));
#5323=DIRECTION('ref_axis',(-1.,0.,0.));
#5324=DIRECTION('center_axis',(-1.,0.,0.));
#5325=DIRECTION('ref_axis',(0.,0.,1.));
#5326=DIRECTION('',(0.,1.,0.));
#5327=DIRECTION('',(0.,0.,1.));
#5328=DIRECTION('center_axis',(0.,1.,0.));
#5329=DIRECTION('ref_axis',(-1.61486985400023E-16,0.,-1.));
#5330=DIRECTION('',(0.,1.,0.));
#5331=DIRECTION('center_axis',(0.,1.,0.));
#5332=DIRECTION('ref_axis',(-1.61486985400023E-16,0.,-1.));
#5333=DIRECTION('center_axis',(0.,0.,-1.));
#5334=DIRECTION('ref_axis',(-1.,0.,0.));
#5335=DIRECTION('',(-1.,0.,0.));
#5336=DIRECTION('center_axis',(0.,1.,0.));
#5337=DIRECTION('ref_axis',(0.,0.,1.));
#5338=CARTESIAN_POINT('',(0.,0.,0.));
#5339=CARTESIAN_POINT('Origin',(599.992596695462,110.,-780.));
#5340=CARTESIAN_POINT('',(104.053596695461,110.,-765.));
#5341=CARTESIAN_POINT('',(104.992596695461,110.,-765.));
#5342=CARTESIAN_POINT('',(599.992596695462,110.,-765.));
#5343=CARTESIAN_POINT('',(104.053596695461,109.29575,-765.016541389335));
#5344=CARTESIAN_POINT('Origin',(104.053596695461,110.,-780.));
#5345=CARTESIAN_POINT('Origin',(104.992596695461,110.,-780.));
#5346=CARTESIAN_POINT('Origin',(599.992596695462,110.,-780.));
#5347=CARTESIAN_POINT('',(584.992596695462,110.,-765.));
#5348=CARTESIAN_POINT('',(599.992596695462,110.,-765.));
#5349=CARTESIAN_POINT('',(599.992596695462,110.,-765.));
#5350=CARTESIAN_POINT('',(599.992596695462,95.,-780.));
#5351=CARTESIAN_POINT('Origin',(584.992596695462,110.,-780.));
#5352=CARTESIAN_POINT('Origin',(599.992596695462,110.,-780.));
#5353=CARTESIAN_POINT('Origin',(104.053596695461,110.,780.));
#5354=CARTESIAN_POINT('',(599.992596695462,110.,765.));
#5355=CARTESIAN_POINT('',(584.992596695462,110.,765.));
#5356=CARTESIAN_POINT('',(104.053596695461,110.,765.));
#5357=CARTESIAN_POINT('',(599.992596695462,95.,780.));
#5358=CARTESIAN_POINT('Origin',(599.992596695462,110.,780.));
#5359=CARTESIAN_POINT('Origin',(584.992596695462,110.,780.));
#5360=CARTESIAN_POINT('Origin',(104.053596695461,110.,780.));
#5361=CARTESIAN_POINT('',(104.992596695461,110.,765.));
#5362=CARTESIAN_POINT('',(104.053596695456,110.,765.));
#5363=CARTESIAN_POINT('',(104.053596695461,110.,765.));
#5364=CARTESIAN_POINT('',(104.05359669546,109.295749999994,765.016541389335));
#5365=CARTESIAN_POINT('Origin',(104.992596695461,110.,780.));
#5366=CARTESIAN_POINT('Origin',(104.053596695461,110.,780.));
#5367=CARTESIAN_POINT('Ctrl Pts',(584.992596695462,110.,795.));
#5368=CARTESIAN_POINT('Ctrl Pts',(582.748601942897,107.008006996581,795.));
#5369=CARTESIAN_POINT('Ctrl Pts',(578.259502365443,101.022540893309,793.977671966051));
#5370=CARTESIAN_POINT('Ctrl Pts',(574.06507400208,95.4299697421567,790.627476833774));
#5371=CARTESIAN_POINT('Ctrl Pts',(571.953152015301,92.6140737597843,787.527584924994));
#5372=CARTESIAN_POINT('Ctrl Pts',(570.977343602018,91.3129958754075,785.500434021872));
#5373=CARTESIAN_POINT('Ctrl Pts',(569.868433289327,89.8344487918196,781.916554708153));
#5374=CARTESIAN_POINT('Ctrl Pts',(569.870640122248,89.8373912357143,777.699631308838));
#5375=CARTESIAN_POINT('Ctrl Pts',(571.365582777198,91.8306481089812,773.436934899338));
#5376=CARTESIAN_POINT('Ctrl Pts',(573.166112335313,94.2313541864689,770.568620662572));
#5377=CARTESIAN_POINT('Ctrl Pts',(575.5619769117,97.4258402883177,768.174318681761));
#5378=CARTESIAN_POINT('Ctrl Pts',(579.385198205465,102.523468680005,765.769502982603));
#5379=CARTESIAN_POINT('Ctrl Pts',(582.748601942897,107.008006996581,765.));
#5380=CARTESIAN_POINT('Ctrl Pts',(584.992596695462,110.,765.));
#5381=CARTESIAN_POINT('Ctrl Pts',(584.992596695462,110.,795.));
#5382=CARTESIAN_POINT('Ctrl Pts',(582.677364014245,107.079244925234,795.));
#5383=CARTESIAN_POINT('Ctrl Pts',(578.044919317642,101.235513071275,793.907305785462));
#5384=CARTESIAN_POINT('Ctrl Pts',(573.846362435825,95.8434541020111,790.401762666937));
#5385=CARTESIAN_POINT('Ctrl Pts',(571.812342066105,93.1775067589966,787.277727297555));
#5386=CARTESIAN_POINT('Ctrl Pts',(570.892045268009,91.9583339297965,785.274553285364));
#5387=CARTESIAN_POINT('Ctrl Pts',(569.879267449824,90.5952970477124,781.800841982759));
#5388=CARTESIAN_POINT('Ctrl Pts',(569.876620856423,90.5947278908449,777.839064683894));
#5389=CARTESIAN_POINT('Ctrl Pts',(571.247919580197,92.4364709567716,773.689141580182));
#5390=CARTESIAN_POINT('Ctrl Pts',(572.973970497637,94.7045642929952,770.809430701254));
#5391=CARTESIAN_POINT('Ctrl Pts',(575.342086711068,97.7661663320684,768.344131430493));
#5392=CARTESIAN_POINT('Ctrl Pts',(579.208296728947,102.701736011958,765.822860159424));
#5393=CARTESIAN_POINT('Ctrl Pts',(582.677364014245,107.079244925234,765.));
#5394=CARTESIAN_POINT('Ctrl Pts',(584.992596695462,110.,765.));
#5395=CARTESIAN_POINT('Ctrl Pts',(584.992596695462,110.,795.));
#5396=CARTESIAN_POINT('Ctrl Pts',(582.534888156939,107.22172078254,795.));
#5397=CARTESIAN_POINT('Ctrl Pts',(577.615856282228,101.661332609601,793.808663671596));
#5398=CARTESIAN_POINT('Ctrl Pts',(573.304218843647,96.6699468957741,790.069480937613));
#5399=CARTESIAN_POINT('Ctrl Pts',(571.321987868848,94.3031158298664,786.901871039392));
#5400=CARTESIAN_POINT('Ctrl Pts',(570.453376595378,93.2472114747033,784.931205284437));
#5401=CARTESIAN_POINT('Ctrl Pts',(569.548250245171,92.1142191566906,781.621396523526));
#5402=CARTESIAN_POINT('Ctrl Pts',(569.538282119874,92.1066799235625,778.055390834369));
#5403=CARTESIAN_POINT('Ctrl Pts',(570.773554761122,93.6466467769583,774.070891044252));
#5404=CARTESIAN_POINT('Ctrl Pts',(572.444765830591,95.6502635621288,771.167136216007));
#5405=CARTESIAN_POINT('Ctrl Pts',(574.83669139737,98.4465401979359,768.591864284196));
#5406=CARTESIAN_POINT('Ctrl Pts',(578.853089895695,103.058125973258,765.898452781403));
#5407=CARTESIAN_POINT('Ctrl Pts',(582.534888156939,107.22172078254,765.));
#5408=CARTESIAN_POINT('Ctrl Pts',(584.992596695462,110.,765.));
#5409=CARTESIAN_POINT('Ctrl Pts',(584.992596695462,110.,795.));
#5410=CARTESIAN_POINT('Ctrl Pts',(582.285555406654,107.471053532825,795.));
#5411=CARTESIAN_POINT('Ctrl Pts',(576.867287705051,102.408906488855,793.774630999201));
#5412=CARTESIAN_POINT('Ctrl Pts',(572.076198851244,98.0000028654799,789.950084233385));
#5413=CARTESIAN_POINT('Ctrl Pts',(569.857605790481,96.0001399295279,786.76445786124));
#5414=CARTESIAN_POINT('Ctrl Pts',(568.882294672073,95.1318693220928,784.804635717118));
#5415=CARTESIAN_POINT('Ctrl Pts',(567.862235378096,94.2428376419795,781.554209704894));
#5416=CARTESIAN_POINT('Ctrl Pts',(567.851374237963,94.2304765451628,778.136361548322));
#5417=CARTESIAN_POINT('Ctrl Pts',(569.243055502417,95.4470873112462,774.211074416762));
#5418=CARTESIAN_POINT('Ctrl Pts',(571.115584523127,97.1303675491918,771.296551005797));
#5419=CARTESIAN_POINT('Ctrl Pts',(573.779647838022,99.5661596665583,768.680182459391));
#5420=CARTESIAN_POINT('Ctrl Pts',(578.229389921362,103.682441322669,765.924772822173));
#5421=CARTESIAN_POINT('Ctrl Pts',(582.285555406654,107.471053532825,765.));
#5422=CARTESIAN_POINT('Ctrl Pts',(584.992596695462,110.,765.));
#5423=CARTESIAN_POINT('Ctrl Pts',(584.992596695462,110.,795.));
#5424=CARTESIAN_POINT('Ctrl Pts',(582.107460585022,107.649148354457,795.));
#5425=CARTESIAN_POINT('Ctrl Pts',(576.334445904674,102.944176133325,793.8724322943));
#5426=CARTESIAN_POINT('Ctrl Pts',(571.042596692718,98.7435517703179,790.288488899259));
#5427=CARTESIAN_POINT('Ctrl Pts',(568.451885520934,96.7498372170531,787.151751760141));
#5428=CARTESIAN_POINT('Ctrl Pts',(567.273884789276,95.8583113183398,785.160443825344));
#5429=CARTESIAN_POINT('Ctrl Pts',(565.96906263352,94.8954534231383,781.74217761242));
#5430=CARTESIAN_POINT('Ctrl Pts',(565.966695840431,94.8902559702613,777.909878281285));
#5431=CARTESIAN_POINT('Ctrl Pts',(567.732115329186,96.1974032484035,773.816616054796));
#5432=CARTESIAN_POINT('Ctrl Pts',(569.933685825107,97.8850746874154,770.930640926679));
#5433=CARTESIAN_POINT('Ctrl Pts',(572.92878649111,100.238896147455,768.429272846603));
#5434=CARTESIAN_POINT('Ctrl Pts',(577.783305259745,104.126395367932,765.84937076465));
#5435=CARTESIAN_POINT('Ctrl Pts',(582.107460585022,107.649148354457,765.));
#5436=CARTESIAN_POINT('Ctrl Pts',(584.992596695462,110.,765.));
#5437=CARTESIAN_POINT('Ctrl Pts',(584.992596695462,110.,795.));
#5438=CARTESIAN_POINT('Ctrl Pts',(582.000603692043,107.756005247436,795.));
#5439=CARTESIAN_POINT('Ctrl Pts',(576.01513758877,103.266905669982,793.977671966051));
#5440=CARTESIAN_POINT('Ctrl Pts',(570.422566437619,99.0724773066176,790.627476833774));
#5441=CARTESIAN_POINT('Ctrl Pts',(567.606670455246,96.9605553198384,787.527584924994));
#5442=CARTESIAN_POINT('Ctrl Pts',(566.30559257087,95.9847469065558,785.500434021872));
#5443=CARTESIAN_POINT('Ctrl Pts',(564.827045487282,94.8758365938648,781.916554708153));
#5444=CARTESIAN_POINT('Ctrl Pts',(564.829987931176,94.8780434267858,777.699631308838));
#5445=CARTESIAN_POINT('Ctrl Pts',(566.823244804443,96.3729860817359,773.436934899338));
#5446=CARTESIAN_POINT('Ctrl Pts',(569.22395088193,98.1735156398517,770.568620662572));
#5447=CARTESIAN_POINT('Ctrl Pts',(572.418436983779,100.569380216238,768.174318681761));
#5448=CARTESIAN_POINT('Ctrl Pts',(577.516065375467,104.392601510004,765.769502982603));
#5449=CARTESIAN_POINT('Ctrl Pts',(582.000603692043,107.756005247436,765.));
#5450=CARTESIAN_POINT('Ctrl Pts',(584.992596695462,110.,765.));
#5451=CARTESIAN_POINT('',(584.992596695462,110.,795.));
#5452=CARTESIAN_POINT('Origin',(584.992596695462,110.,780.));
#5453=CARTESIAN_POINT('',(569.992596695462,90.,780.));
#5454=CARTESIAN_POINT('Origin',(584.992596695462,110.,780.));
#5455=CARTESIAN_POINT('Origin',(584.992596695462,110.,780.));
#5456=CARTESIAN_POINT('Origin',(104.053596695461,110.,780.));
#5457=CARTESIAN_POINT('',(104.053596695461,109.29575,794.983458610664));
#5458=CARTESIAN_POINT('Origin',(104.053596695461,110.,780.));
#5459=CARTESIAN_POINT('',(104.992596695461,110.,795.));
#5460=CARTESIAN_POINT('Origin',(104.992596695461,110.,780.));
#5461=CARTESIAN_POINT('Origin',(104.992596695461,110.,780.));
#5462=CARTESIAN_POINT('',(224.992596695461,110.,765.));
#5463=CARTESIAN_POINT('',(104.053596695461,110.,765.));
#5464=CARTESIAN_POINT('',(224.992596695461,110.,795.));
#5465=CARTESIAN_POINT('Origin',(224.992596695461,110.,780.));
#5466=CARTESIAN_POINT('Origin',(224.992596695461,110.,780.));
#5467=CARTESIAN_POINT('',(344.992596695461,110.,765.));
#5468=CARTESIAN_POINT('',(104.053596695461,110.,765.));
#5469=CARTESIAN_POINT('',(344.992596695461,110.,795.));
#5470=CARTESIAN_POINT('Origin',(344.992596695461,110.,780.));
#5471=CARTESIAN_POINT('Origin',(344.992596695461,110.,780.));
#5472=CARTESIAN_POINT('',(464.992596695461,110.,765.));
#5473=CARTESIAN_POINT('',(104.053596695461,110.,765.));
#5474=CARTESIAN_POINT('',(464.992596695461,110.,795.));
#5475=CARTESIAN_POINT('Origin',(464.992596695461,110.,780.));
#5476=CARTESIAN_POINT('Origin',(464.992596695461,110.,780.));
#5477=CARTESIAN_POINT('',(104.053596695461,110.,765.));
#5478=CARTESIAN_POINT('Origin',(584.992596695462,110.,780.));
#5479=CARTESIAN_POINT('Origin',(599.992596695462,110.,780.));
#5480=CARTESIAN_POINT('Ctrl Pts',(464.992596695461,110.,795.));
#5481=CARTESIAN_POINT('Ctrl Pts',(462.748601942897,107.008006996581,795.));
#5482=CARTESIAN_POINT('Ctrl Pts',(458.259511284987,101.022552786034,793.977680067089));
#5483=CARTESIAN_POINT('Ctrl Pts',(454.065079846811,95.4299775351319,790.627487932046));
#5484=CARTESIAN_POINT('Ctrl Pts',(451.953158259926,92.6140820859528,787.527595138907));
#5485=CARTESIAN_POINT('Ctrl Pts',(450.977349325414,91.3130035066037,785.500444168962));
#5486=CARTESIAN_POINT('Ctrl Pts',(449.86843417536,89.8344499731971,781.916563415155));
#5487=CARTESIAN_POINT('Ctrl Pts',(449.870629737027,89.8373773887535,777.699636148034));
#5488=CARTESIAN_POINT('Ctrl Pts',(451.365573064941,91.8306351593061,773.436938562101));
#5489=CARTESIAN_POINT('Ctrl Pts',(453.166101435997,94.2313396540471,770.568621611472));
#5490=CARTESIAN_POINT('Ctrl Pts',(455.561967763798,97.4258280911149,768.174318139331));
#5491=CARTESIAN_POINT('Ctrl Pts',(459.385188648259,102.523455937063,765.76950039903));
#5492=CARTESIAN_POINT('Ctrl Pts',(462.748601942897,107.008006996581,765.));
#5493=CARTESIAN_POINT('Ctrl Pts',(464.992596695461,110.,765.));
#5494=CARTESIAN_POINT('Ctrl Pts',(464.992596695461,110.,795.));
#5495=CARTESIAN_POINT('Ctrl Pts',(462.677364014245,107.079244925234,795.));
#5496=CARTESIAN_POINT('Ctrl Pts',(458.044916227237,101.235517124527,793.907318771691));
#5497=CARTESIAN_POINT('Ctrl Pts',(453.846346571111,95.8434489554359,790.401780199724));
#5498=CARTESIAN_POINT('Ctrl Pts',(451.812327555835,93.1775029419135,787.277743590061));
#5499=CARTESIAN_POINT('Ctrl Pts',(450.892029797871,91.9583292945208,785.274569299793));
#5500=CARTESIAN_POINT('Ctrl Pts',(449.879254152086,90.5952913272294,781.800854084932));
#5501=CARTESIAN_POINT('Ctrl Pts',(449.876614018056,90.5947200470294,777.83906737818));
#5502=CARTESIAN_POINT('Ctrl Pts',(451.24791356248,92.4364636027298,773.689143089894));
#5503=CARTESIAN_POINT('Ctrl Pts',(452.973966930294,94.704557365538,770.809428720425));
#5504=CARTESIAN_POINT('Ctrl Pts',(455.342084937467,97.7661609953095,768.344128514153));
#5505=CARTESIAN_POINT('Ctrl Pts',(459.208294801907,102.701730335407,765.822854540388));
#5506=CARTESIAN_POINT('Ctrl Pts',(462.677364014245,107.079244925234,765.));
#5507=CARTESIAN_POINT('Ctrl Pts',(464.992596695461,110.,765.));
#5508=CARTESIAN_POINT('Ctrl Pts',(464.992596695461,110.,795.));
#5509=CARTESIAN_POINT('Ctrl Pts',(462.534888156939,107.22172078254,795.));
#5510=CARTESIAN_POINT('Ctrl Pts',(457.615840960961,101.661317075127,793.80868136584));
#5511=CARTESIAN_POINT('Ctrl Pts',(453.304182374381,96.6699080486755,790.069506528016));
#5512=CARTESIAN_POINT('Ctrl Pts',(451.321955702582,94.3030784015532,786.901894564928));
#5513=CARTESIAN_POINT('Ctrl Pts',(450.453343598714,93.2471723055448,784.931228362678));
#5514=CARTESIAN_POINT('Ctrl Pts',(449.548231498583,92.1141878304682,781.621412204449));
#5515=CARTESIAN_POINT('Ctrl Pts',(449.538296545631,92.1066716563101,778.055389609069));
#5516=CARTESIAN_POINT('Ctrl Pts',(450.773567799466,93.6466404365413,774.070888976188));
#5517=CARTESIAN_POINT('Ctrl Pts',(452.444783446894,95.6502643988794,771.167130014981));
#5518=CARTESIAN_POINT('Ctrl Pts',(454.836707104084,98.4465440997688,768.591858220489));
#5519=CARTESIAN_POINT('Ctrl Pts',(458.853105569824,103.058130217966,765.89844316608));
#5520=CARTESIAN_POINT('Ctrl Pts',(462.534888156939,107.22172078254,765.));
#5521=CARTESIAN_POINT('Ctrl Pts',(464.992596695461,110.,765.));
#5522=CARTESIAN_POINT('Ctrl Pts',(464.992596695461,110.,795.));
#5523=CARTESIAN_POINT('Ctrl Pts',(462.285555406654,107.471053532825,795.));
#5524=CARTESIAN_POINT('Ctrl Pts',(456.867273418972,102.408888542418,793.774645471623));
#5525=CARTESIAN_POINT('Ctrl Pts',(452.076164717217,97.9999625200938,789.950105113474));
#5526=CARTESIAN_POINT('Ctrl Pts',(449.857576883533,96.0001052067214,786.764476234837));
#5527=CARTESIAN_POINT('Ctrl Pts',(448.882265257782,95.131834027918,784.804653721398));
#5528=CARTESIAN_POINT('Ctrl Pts',(447.86222221453,94.2428210328852,781.554222179845));
#5529=CARTESIAN_POINT('Ctrl Pts',(447.851397135383,94.2305018663856,778.136363061888));
#5530=CARTESIAN_POINT('Ctrl Pts',(449.243075577418,95.4471097520595,774.211076261177));
#5531=CARTESIAN_POINT('Ctrl Pts',(451.115608052549,97.1303944301847,771.296549070442));
#5532=CARTESIAN_POINT('Ctrl Pts',(453.779667627868,99.5661825428515,768.680179757284));
#5533=CARTESIAN_POINT('Ctrl Pts',(458.229409639683,103.682464177273,765.92476609964));
#5534=CARTESIAN_POINT('Ctrl Pts',(462.285555406654,107.471053532824,765.));
#5535=CARTESIAN_POINT('Ctrl Pts',(464.992596695461,110.,765.));
#5536=CARTESIAN_POINT('Ctrl Pts',(464.992596695461,110.,795.));
#5537=CARTESIAN_POINT('Ctrl Pts',(462.107460585022,107.649148354457,795.));
#5538=CARTESIAN_POINT('Ctrl Pts',(456.334442179352,102.944146697942,793.87245704563));
#5539=CARTESIAN_POINT('Ctrl Pts',(451.042577490116,98.7434851460265,790.2885257633));
#5540=CARTESIAN_POINT('Ctrl Pts',(448.451866612485,96.7497653890163,787.151787249768));
#5541=CARTESIAN_POINT('Ctrl Pts',(447.273864337295,95.8582351490571,785.160478683235));
#5542=CARTESIAN_POINT('Ctrl Pts',(445.969042078583,94.8953753275986,781.742200418664));
#5543=CARTESIAN_POINT('Ctrl Pts',(445.966679273611,94.8901918176637,777.909870147571));
#5544=CARTESIAN_POINT('Ctrl Pts',(447.732101308535,96.1973502246158,773.816604563541));
#5545=CARTESIAN_POINT('Ctrl Pts',(449.933675896052,97.8850390941171,770.930624478737));
#5546=CARTESIAN_POINT('Ctrl Pts',(452.92878055907,100.238876514329,768.429258762588));
#5547=CARTESIAN_POINT('Ctrl Pts',(457.783299338689,104.126377108825,765.849354120058));
#5548=CARTESIAN_POINT('Ctrl Pts',(462.107460585022,107.649148354457,765.));
#5549=CARTESIAN_POINT('Ctrl Pts',(464.992596695461,110.,765.));
#5550=CARTESIAN_POINT('Ctrl Pts',(464.992596695461,110.,795.));
#5551=CARTESIAN_POINT('Ctrl Pts',(462.000603692043,107.756005247436,795.));
#5552=CARTESIAN_POINT('Ctrl Pts',(456.015149481495,103.266914589526,793.977680067089));
#5553=CARTESIAN_POINT('Ctrl Pts',(450.422574230594,99.0724831513491,790.627487932046));
#5554=CARTESIAN_POINT('Ctrl Pts',(447.606678781414,96.9605615644647,787.527595138907));
#5555=CARTESIAN_POINT('Ctrl Pts',(446.305600202065,95.9847526299529,785.500444168962));
#5556=CARTESIAN_POINT('Ctrl Pts',(444.827046668659,94.8758374798979,781.916563415155));
#5557=CARTESIAN_POINT('Ctrl Pts',(444.829974084215,94.8780330415651,777.699636148034));
#5558=CARTESIAN_POINT('Ctrl Pts',(446.823231854768,96.3729763694795,773.436938562101));
#5559=CARTESIAN_POINT('Ctrl Pts',(449.223936349509,98.1735047405353,770.568621611472));
#5560=CARTESIAN_POINT('Ctrl Pts',(452.418424786576,100.569371068336,768.17431813933));
#5561=CARTESIAN_POINT('Ctrl Pts',(457.516052632524,104.392591952797,765.76950039903));
#5562=CARTESIAN_POINT('Ctrl Pts',(462.000603692043,107.756005247436,765.));
#5563=CARTESIAN_POINT('Ctrl Pts',(464.992596695461,110.,765.));
#5564=CARTESIAN_POINT('',(449.992596695461,90.,780.));
#5565=CARTESIAN_POINT('Origin',(464.992596695461,110.,780.));
#5566=CARTESIAN_POINT('Origin',(464.992596695461,110.,780.));
#5567=CARTESIAN_POINT('Ctrl Pts',(464.992596695461,110.,765.));
#5568=CARTESIAN_POINT('Ctrl Pts',(467.236591448026,107.008006996581,765.));
#5569=CARTESIAN_POINT('Ctrl Pts',(471.72568216494,101.022552707363,766.02231998505));
#5570=CARTESIAN_POINT('Ctrl Pts',(475.920113582707,95.4299774836727,769.372512139429));
#5571=CARTESIAN_POINT('Ctrl Pts',(478.032035172381,92.6140820307748,772.472404926596));
#5572=CARTESIAN_POINT('Ctrl Pts',(479.007844103484,91.3130034559702,774.499555896091));
#5573=CARTESIAN_POINT('Ctrl Pts',(480.11675922174,89.8344499649623,778.083436640457));
#5574=CARTESIAN_POINT('Ctrl Pts',(480.114563585985,89.8373774793014,782.300363882333));
#5575=CARTESIAN_POINT('Ctrl Pts',(478.619620262671,91.8306352437208,786.563061460622));
#5576=CARTESIAN_POINT('Ctrl Pts',(476.819091883908,94.2313397487383,789.431378393539));
#5577=CARTESIAN_POINT('Ctrl Pts',(474.423225567658,97.4258281704048,791.825681856129));
#5578=CARTESIAN_POINT('Ctrl Pts',(470.600004680474,102.523456019984,794.230499582869));
#5579=CARTESIAN_POINT('Ctrl Pts',(467.236591448026,107.008006996581,795.));
#5580=CARTESIAN_POINT('Ctrl Pts',(464.992596695461,110.,795.));
#5581=CARTESIAN_POINT('Ctrl Pts',(464.992596695461,110.,765.));
#5582=CARTESIAN_POINT('Ctrl Pts',(467.307829376678,107.079244925234,765.));
#5583=CARTESIAN_POINT('Ctrl Pts',(471.940277145633,101.235517096546,766.092681312168));
#5584=CARTESIAN_POINT('Ctrl Pts',(476.138846717689,95.8434489882181,769.598219913568));
#5585=CARTESIAN_POINT('Ctrl Pts',(478.172865742145,93.1775029657029,772.722256514896));
#5586=CARTESIAN_POINT('Ctrl Pts',(479.093163493735,91.9583293237214,774.725430803325));
#5587=CARTESIAN_POINT('Ctrl Pts',(480.105939153834,90.5952913635333,778.199145992476));
#5588=CARTESIAN_POINT('Ctrl Pts',(480.108579330273,90.5947200972979,782.160932637602));
#5589=CARTESIAN_POINT('Ctrl Pts',(478.737279791065,92.4364636497953,786.310856918291));
#5590=CARTESIAN_POINT('Ctrl Pts',(477.011226439117,94.7045574098753,789.190571265056));
#5591=CARTESIAN_POINT('Ctrl Pts',(474.643108443358,97.7661610293504,791.655871465571));
#5592=CARTESIAN_POINT('Ctrl Pts',(470.776898577834,102.701730371738,794.177145421381));
#5593=CARTESIAN_POINT('Ctrl Pts',(467.307829376678,107.079244925234,795.));
#5594=CARTESIAN_POINT('Ctrl Pts',(464.992596695461,110.,795.));
#5595=CARTESIAN_POINT('Ctrl Pts',(464.992596695461,110.,765.));
#5596=CARTESIAN_POINT('Ctrl Pts',(467.450305233984,107.22172078254,765.));
#5597=CARTESIAN_POINT('Ctrl Pts',(472.369352332138,101.661317172469,766.19131874843));
#5598=CARTESIAN_POINT('Ctrl Pts',(476.681010779108,96.6699082989878,769.930493637738));
#5599=CARTESIAN_POINT('Ctrl Pts',(478.663237479548,94.3030786421382,773.09810558702));
#5600=CARTESIAN_POINT('Ctrl Pts',(479.531849577776,93.2471725577178,775.068771786333));
#5601=CARTESIAN_POINT('Ctrl Pts',(480.43696177173,92.1141880310534,778.378587895921));
#5602=CARTESIAN_POINT('Ctrl Pts',(480.446896942733,92.1066717054437,781.944610380459));
#5603=CARTESIAN_POINT('Ctrl Pts',(479.211625679082,93.6466404735345,785.929111008145));
#5604=CARTESIAN_POINT('Ctrl Pts',(477.540410061143,95.6502643893108,788.832869942581));
#5605=CARTESIAN_POINT('Ctrl Pts',(475.148486390781,98.446544070967,791.408141738529));
#5606=CARTESIAN_POINT('Ctrl Pts',(471.132087924734,103.058130187027,794.101556769341));
#5607=CARTESIAN_POINT('Ctrl Pts',(467.450305233984,107.22172078254,795.));
#5608=CARTESIAN_POINT('Ctrl Pts',(464.992596695461,110.,795.));
#5609=CARTESIAN_POINT('Ctrl Pts',(464.992596695461,110.,765.));
#5610=CARTESIAN_POINT('Ctrl Pts',(467.699637984269,107.471053532824,765.));
#5611=CARTESIAN_POINT('Ctrl Pts',(473.117919880165,102.408888657662,766.225354621724));
#5612=CARTESIAN_POINT('Ctrl Pts',(477.909028450543,97.9999627833909,770.049895021581));
#5613=CARTESIAN_POINT('Ctrl Pts',(480.127616318918,96.000105432675,773.235523883445));
#5614=CARTESIAN_POINT('Ctrl Pts',(481.102927941144,95.131834257833,775.195346394446));
#5615=CARTESIAN_POINT('Ctrl Pts',(482.12297109142,94.2428211397373,778.445777899617));
#5616=CARTESIAN_POINT('Ctrl Pts',(482.133796407668,94.2305016975687,781.863636945859));
#5617=CARTESIAN_POINT('Ctrl Pts',(480.742117946315,95.4471096030867,785.788923749107));
#5618=CARTESIAN_POINT('Ctrl Pts',(478.869585493304,97.1303942527605,788.703450915272));
#5619=CARTESIAN_POINT('Ctrl Pts',(476.205525892903,99.5661823924216,791.319820223828));
#5620=CARTESIAN_POINT('Ctrl Pts',(471.755783880546,103.682464027076,794.075233854738));
#5621=CARTESIAN_POINT('Ctrl Pts',(467.699637984269,107.471053532825,795.));
#5622=CARTESIAN_POINT('Ctrl Pts',(464.992596695461,110.,795.));
#5623=CARTESIAN_POINT('Ctrl Pts',(464.992596695461,110.,765.));
#5624=CARTESIAN_POINT('Ctrl Pts',(467.877732805901,107.649148354457,765.));
#5625=CARTESIAN_POINT('Ctrl Pts',(473.650751190388,102.944146880248,766.127543114386));
#5626=CARTESIAN_POINT('Ctrl Pts',(478.9426157781,98.7434855702101,769.711474475959));
#5627=CARTESIAN_POINT('Ctrl Pts',(481.53332665798,96.7497658468262,772.848212980345));
#5628=CARTESIAN_POINT('Ctrl Pts',(482.711328922954,95.8582356355345,774.83952154276));
#5629=CARTESIAN_POINT('Ctrl Pts',(484.016151180953,94.8953758270235,778.25779972815));
#5630=CARTESIAN_POINT('Ctrl Pts',(484.018514012038,94.8901922259647,782.090129796104));
#5631=CARTESIAN_POINT('Ctrl Pts',(482.253091993734,96.1973505600995,786.183395358389));
#5632=CARTESIAN_POINT('Ctrl Pts',(480.051517432842,97.8850393159369,789.06937541129));
#5633=CARTESIAN_POINT('Ctrl Pts',(477.056412795559,100.238876633229,791.570741143794));
#5634=CARTESIAN_POINT('Ctrl Pts',(472.20189401592,104.126377218923,794.150645769357));
#5635=CARTESIAN_POINT('Ctrl Pts',(467.877732805901,107.649148354457,795.));
#5636=CARTESIAN_POINT('Ctrl Pts',(464.992596695461,110.,795.));
#5637=CARTESIAN_POINT('Ctrl Pts',(464.992596695461,110.,765.));
#5638=CARTESIAN_POINT('Ctrl Pts',(467.98458969888,107.756005247436,765.));
#5639=CARTESIAN_POINT('Ctrl Pts',(473.970043988099,103.266914530522,766.02231998505));
#5640=CARTESIAN_POINT('Ctrl Pts',(479.562619211789,99.0724831127546,769.372512139429));
#5641=CARTESIAN_POINT('Ctrl Pts',(482.378514664687,96.9605615230811,772.472404926596));
#5642=CARTESIAN_POINT('Ctrl Pts',(483.679593239491,95.9847525919776,774.499555896091));
#5643=CARTESIAN_POINT('Ctrl Pts',(485.158146730499,94.8758374737217,778.083436640457));
#5644=CARTESIAN_POINT('Ctrl Pts',(485.15521921616,94.8780331094761,782.300363882333));
#5645=CARTESIAN_POINT('Ctrl Pts',(483.16196145174,96.3729764327908,786.563061460622));
#5646=CARTESIAN_POINT('Ctrl Pts',(480.761256946723,98.1735048115539,789.431378393539));
#5647=CARTESIAN_POINT('Ctrl Pts',(477.566768525057,100.569371127804,791.825681856129));
#5648=CARTESIAN_POINT('Ctrl Pts',(472.469140675478,104.392592014988,794.230499582869));
#5649=CARTESIAN_POINT('Ctrl Pts',(467.98458969888,107.756005247436,795.));
#5650=CARTESIAN_POINT('Ctrl Pts',(464.992596695461,110.,795.));
#5651=CARTESIAN_POINT('Origin',(464.992596695461,110.,780.));
#5652=CARTESIAN_POINT('Ctrl Pts',(344.992596695461,110.,795.));
#5653=CARTESIAN_POINT('Ctrl Pts',(342.748601942897,107.008006996581,795.));
#5654=CARTESIAN_POINT('Ctrl Pts',(338.259658425088,101.022748972835,793.977673061532));
#5655=CARTESIAN_POINT('Ctrl Pts',(334.065300498026,95.4302717367531,790.626940424752));
#5656=CARTESIAN_POINT('Ctrl Pts',(331.531048799238,92.0512694717016,786.907540754247));
#5657=CARTESIAN_POINT('Ctrl Pts',(330.147086675805,90.2059866404575,783.387919603975));
#5658=CARTESIAN_POINT('Ctrl Pts',(329.86621291362,89.8314882908776,779.616159234563));
#5659=CARTESIAN_POINT('Ctrl Pts',(330.369142069529,90.5020604987564,776.278305284886));
#5660=CARTESIAN_POINT('Ctrl Pts',(331.364195285919,91.8287981206095,773.437069465468));
#5661=CARTESIAN_POINT('Ctrl Pts',(333.764213831482,95.0288228480272,769.610323758817));
#5662=CARTESIAN_POINT('Ctrl Pts',(338.262060182562,101.025951316134,766.024414740834));
#5663=CARTESIAN_POINT('Ctrl Pts',(342.748601942897,107.008006996581,765.));
#5664=CARTESIAN_POINT('Ctrl Pts',(344.992596695461,110.,765.));
#5665=CARTESIAN_POINT('Ctrl Pts',(344.992596695461,110.,795.));
#5666=CARTESIAN_POINT('Ctrl Pts',(342.677364014245,107.079244925234,795.));
#5667=CARTESIAN_POINT('Ctrl Pts',(338.043888818958,101.234892143906,793.907014330217));
#5668=CARTESIAN_POINT('Ctrl Pts',(333.846863821933,95.8439946467422,790.401726923115));
#5669=CARTESIAN_POINT('Ctrl Pts',(331.403859104864,92.6433290055638,786.652415736352));
#5670=CARTESIAN_POINT('Ctrl Pts',(330.127228931428,90.9332564851839,783.208072748375));
#5671=CARTESIAN_POINT('Ctrl Pts',(329.879448227062,90.5941908534895,779.639759201016));
#5672=CARTESIAN_POINT('Ctrl Pts',(330.331357865361,91.2071952621009,776.454936355855));
#5673=CARTESIAN_POINT('Ctrl Pts',(331.248729260577,92.4362316811277,773.689192116981));
#5674=CARTESIAN_POINT('Ctrl Pts',(333.543316694371,95.4555723456815,769.846674027958));
#5675=CARTESIAN_POINT('Ctrl Pts',(338.048400725754,101.239181098394,766.095125157242));
#5676=CARTESIAN_POINT('Ctrl Pts',(342.677364014245,107.079244925234,765.));
#5677=CARTESIAN_POINT('Ctrl Pts',(344.992596695461,110.,765.));
#5678=CARTESIAN_POINT('Ctrl Pts',(344.992596695461,110.,795.));
#5679=CARTESIAN_POINT('Ctrl Pts',(342.534888156939,107.22172078254,795.));
#5680=CARTESIAN_POINT('Ctrl Pts',(337.613046148623,101.659064860967,793.807887104261));
#5681=CARTESIAN_POINT('Ctrl Pts',(333.305258503536,96.6709418964272,790.070118730097));
#5682=CARTESIAN_POINT('Ctrl Pts',(330.920940366284,93.8260483730088,786.267102986778));
#5683=CARTESIAN_POINT('Ctrl Pts',(329.759309904192,92.3852996964885,782.930732489736));
#5684=CARTESIAN_POINT('Ctrl Pts',(329.55219140721,92.1167152476657,779.676341105801));
#5685=CARTESIAN_POINT('Ctrl Pts',(329.944031023338,92.6151237598538,776.725623041648));
#5686=CARTESIAN_POINT('Ctrl Pts',(330.777725889426,93.6495328326481,774.070842370086));
#5687=CARTESIAN_POINT('Ctrl Pts',(332.990542807276,96.308600557055,770.194597064989));
#5688=CARTESIAN_POINT('Ctrl Pts',(337.620332042584,101.665504354093,766.194766621772));
#5689=CARTESIAN_POINT('Ctrl Pts',(342.534888156939,107.22172078254,765.));
#5690=CARTESIAN_POINT('Ctrl Pts',(344.992596695461,110.,765.));
#5691=CARTESIAN_POINT('Ctrl Pts',(344.992596695461,110.,795.));
#5692=CARTESIAN_POINT('Ctrl Pts',(342.285555406654,107.471053532825,795.));
#5693=CARTESIAN_POINT('Ctrl Pts',(336.864238215551,102.405517955183,793.773676054967));
#5694=CARTESIAN_POINT('Ctrl Pts',(332.077444084906,98.0012659026713,789.950978313631));
#5695=CARTESIAN_POINT('Ctrl Pts',(329.408908766615,95.5946223942914,786.125816208191));
#5696=CARTESIAN_POINT('Ctrl Pts',(328.100710140294,94.4466202345869,782.827413456682));
#5697=CARTESIAN_POINT('Ctrl Pts',(327.866630659129,94.2480483379693,779.690062071199));
#5698=CARTESIAN_POINT('Ctrl Pts',(328.308892794535,94.6288778631476,776.82600313601));
#5699=CARTESIAN_POINT('Ctrl Pts',(329.247609474772,95.452365951911,774.211031586167));
#5700=CARTESIAN_POINT('Ctrl Pts',(331.728090653837,97.6786558744021,770.319551740653));
#5701=CARTESIAN_POINT('Ctrl Pts',(336.871760433935,102.413577333293,766.229286212101));
#5702=CARTESIAN_POINT('Ctrl Pts',(342.285555406654,107.471053532824,765.));
#5703=CARTESIAN_POINT('Ctrl Pts',(344.992596695461,110.,765.));
#5704=CARTESIAN_POINT('Ctrl Pts',(344.992596695461,110.,795.));
#5705=CARTESIAN_POINT('Ctrl Pts',(342.107460585022,107.649148354457,795.));
#5706=CARTESIAN_POINT('Ctrl Pts',(336.333398687136,102.942514190835,793.871965064791));
#5707=CARTESIAN_POINT('Ctrl Pts',(331.043243052492,98.7441231828902,790.28862824683));
#5708=CARTESIAN_POINT('Ctrl Pts',(327.932049522413,96.348351046484,786.523621183568));
#5709=CARTESIAN_POINT('Ctrl Pts',(326.290025189489,95.1272581774186,783.116821720055));
#5710=CARTESIAN_POINT('Ctrl Pts',(325.968828474114,94.896551393381,779.651662206041));
#5711=CARTESIAN_POINT('Ctrl Pts',(326.552795975974,95.321994062636,776.544402052602));
#5712=CARTESIAN_POINT('Ctrl Pts',(327.732628587458,96.1990369046205,773.816552001546));
#5713=CARTESIAN_POINT('Ctrl Pts',(330.661350964989,98.4394736006421,769.965415133329));
#5714=CARTESIAN_POINT('Ctrl Pts',(336.338222621111,102.948063592583,766.130245163035));
#5715=CARTESIAN_POINT('Ctrl Pts',(342.107460585022,107.649148354457,765.));
#5716=CARTESIAN_POINT('Ctrl Pts',(344.992596695461,110.,765.));
#5717=CARTESIAN_POINT('Ctrl Pts',(344.992596695461,110.,795.));
#5718=CARTESIAN_POINT('Ctrl Pts',(342.000603692043,107.756005247436,795.));
#5719=CARTESIAN_POINT('Ctrl Pts',(336.015345668296,103.267061729626,793.977673061532));
#5720=CARTESIAN_POINT('Ctrl Pts',(330.422868432215,99.0727038025649,790.626940424752));
#5721=CARTESIAN_POINT('Ctrl Pts',(327.043866167163,96.5384521037763,786.907540754247));
#5722=CARTESIAN_POINT('Ctrl Pts',(325.198583335919,95.1544899803431,783.387919603975));
#5723=CARTESIAN_POINT('Ctrl Pts',(324.824084986339,94.8736162181582,779.616159234563));
#5724=CARTESIAN_POINT('Ctrl Pts',(325.494657194218,95.3765453740673,776.278305284886));
#5725=CARTESIAN_POINT('Ctrl Pts',(326.821394816071,96.3715985904572,773.437069465468));
#5726=CARTESIAN_POINT('Ctrl Pts',(330.021419543489,98.7716171360203,769.610323758817));
#5727=CARTESIAN_POINT('Ctrl Pts',(336.018548011595,103.2694634871,766.024414740834));
#5728=CARTESIAN_POINT('Ctrl Pts',(342.000603692043,107.756005247436,765.));
#5729=CARTESIAN_POINT('Ctrl Pts',(344.992596695461,110.,765.));
#5730=CARTESIAN_POINT('',(329.992596695461,90.,780.));
#5731=CARTESIAN_POINT('Origin',(344.992596695461,110.,780.));
#5732=CARTESIAN_POINT('Origin',(344.992596695461,110.,780.));
#5733=CARTESIAN_POINT('Ctrl Pts',(344.992596695461,110.,765.));
#5734=CARTESIAN_POINT('Ctrl Pts',(347.236591448026,107.008006996581,765.));
#5735=CARTESIAN_POINT('Ctrl Pts',(351.725535061578,101.022748845179,766.022327070295));
#5736=CARTESIAN_POINT('Ctrl Pts',(355.919892998428,95.4302715960454,769.373059755484));
#5737=CARTESIAN_POINT('Ctrl Pts',(358.454144713412,92.0512693093995,773.092459427654));
#5738=CARTESIAN_POINT('Ctrl Pts',(359.838106854404,90.2059864547443,776.612080565126));
#5739=CARTESIAN_POINT('Ctrl Pts',(360.118980633961,89.8314880820008,780.383840919609));
#5740=CARTESIAN_POINT('Ctrl Pts',(359.616051470285,90.5020603002352,783.721694860149));
#5741=CARTESIAN_POINT('Ctrl Pts',(358.620998254426,91.8287979213808,786.56293066942));
#5742=CARTESIAN_POINT('Ctrl Pts',(356.220979664764,95.0288227075969,790.389676330775));
#5743=CARTESIAN_POINT('Ctrl Pts',(351.723133254192,101.025951255026,793.975585254044));
#5744=CARTESIAN_POINT('Ctrl Pts',(347.236591448026,107.008006996581,795.));
#5745=CARTESIAN_POINT('Ctrl Pts',(344.992596695461,110.,795.));
#5746=CARTESIAN_POINT('Ctrl Pts',(344.992596695461,110.,765.));
#5747=CARTESIAN_POINT('Ctrl Pts',(347.307829376678,107.079244925234,765.));
#5748=CARTESIAN_POINT('Ctrl Pts',(351.941304701492,101.234892002254,766.092985840394));
#5749=CARTESIAN_POINT('Ctrl Pts',(356.138329685531,95.8439945025456,769.598273309296));
#5750=CARTESIAN_POINT('Ctrl Pts',(358.581334424398,92.6433288370602,773.347584500138));
#5751=CARTESIAN_POINT('Ctrl Pts',(359.857964633563,90.9332562786678,776.791927472689));
#5752=CARTESIAN_POINT('Ctrl Pts',(360.105745389144,90.5941906003647,780.360240990495));
#5753=CARTESIAN_POINT('Ctrl Pts',(359.653835744086,91.2071950194767,783.545063822775));
#5754=CARTESIAN_POINT('Ctrl Pts',(358.736464368259,92.4362314268746,786.310808047783));
#5755=CARTESIAN_POINT('Ctrl Pts',(356.441876874768,95.4555721607081,790.153326084029));
#5756=CARTESIAN_POINT('Ctrl Pts',(351.93679276367,101.239181002218,793.904874839784));
#5757=CARTESIAN_POINT('Ctrl Pts',(347.307829376678,107.079244925234,795.));
#5758=CARTESIAN_POINT('Ctrl Pts',(344.992596695461,110.,795.));
#5759=CARTESIAN_POINT('Ctrl Pts',(344.992596695461,110.,765.));
#5760=CARTESIAN_POINT('Ctrl Pts',(347.450305233984,107.22172078254,765.));
#5761=CARTESIAN_POINT('Ctrl Pts',(352.372147440402,101.65906471387,766.192113127078));
#5762=CARTESIAN_POINT('Ctrl Pts',(356.679935076655,96.6709417984774,769.929881601685));
#5763=CARTESIAN_POINT('Ctrl Pts',(359.064253250573,93.8260482528635,773.732897351788));
#5764=CARTESIAN_POINT('Ctrl Pts',(360.225883798186,92.3852995331153,777.069267837744));
#5765=CARTESIAN_POINT('Ctrl Pts',(360.433002411305,92.1167150083899,780.32365917516));
#5766=CARTESIAN_POINT('Ctrl Pts',(360.041162780677,92.6151235217461,783.274377220934));
#5767=CARTESIAN_POINT('Ctrl Pts',(359.207467953419,93.6495325532754,785.929157876651));
#5768=CARTESIAN_POINT('Ctrl Pts',(356.994650920695,96.3086003354985,789.805403109423));
#5769=CARTESIAN_POINT('Ctrl Pts',(352.364861552505,101.665504211936,793.805233399471));
#5770=CARTESIAN_POINT('Ctrl Pts',(347.450305233984,107.22172078254,795.));
#5771=CARTESIAN_POINT('Ctrl Pts',(344.992596695461,110.,795.));
#5772=CARTESIAN_POINT('Ctrl Pts',(344.992596695461,110.,765.));
#5773=CARTESIAN_POINT('Ctrl Pts',(347.699637984269,107.471053532824,765.));
#5774=CARTESIAN_POINT('Ctrl Pts',(353.120955387306,102.405517732269,766.226324169868));
#5775=CARTESIAN_POINT('Ctrl Pts',(357.907749523831,98.001265678208,770.049022017983));
#5776=CARTESIAN_POINT('Ctrl Pts',(360.576284882891,95.5946221271382,773.874184125553));
#5777=CARTESIAN_POINT('Ctrl Pts',(361.884483612942,94.4466198583105,777.172586897558));
#5778=CARTESIAN_POINT('Ctrl Pts',(362.118563226157,94.2480478196273,780.309938273031));
#5779=CARTESIAN_POINT('Ctrl Pts',(361.676301070528,94.6288773648887,783.17399719497));
#5780=CARTESIAN_POINT('Ctrl Pts',(360.737584426862,95.4523654117063,785.788968745597));
#5781=CARTESIAN_POINT('Ctrl Pts',(358.257103112869,97.6786554748563,789.680448498249));
#5782=CARTESIAN_POINT('Ctrl Pts',(353.113433184867,102.413577088371,793.770713849933));
#5783=CARTESIAN_POINT('Ctrl Pts',(347.699637984269,107.471053532825,795.));
#5784=CARTESIAN_POINT('Ctrl Pts',(344.992596695461,110.,795.));
#5785=CARTESIAN_POINT('Ctrl Pts',(344.992596695461,110.,765.));
#5786=CARTESIAN_POINT('Ctrl Pts',(347.877732805901,107.649148354457,765.));
#5787=CARTESIAN_POINT('Ctrl Pts',(353.651794830924,102.942514160276,766.128035192506));
#5788=CARTESIAN_POINT('Ctrl Pts',(358.941950433445,98.7441233277327,769.711372109737));
#5789=CARTESIAN_POINT('Ctrl Pts',(362.053143982032,96.3483512032115,773.476379189941));
#5790=CARTESIAN_POINT('Ctrl Pts',(363.695168336196,95.1272583979953,776.883178574887));
#5791=CARTESIAN_POINT('Ctrl Pts',(364.016365092383,94.8965516241109,780.34833796058));
#5792=CARTESIAN_POINT('Ctrl Pts',(363.432397589793,95.3219942553671,783.455598083346));
#5793=CARTESIAN_POINT('Ctrl Pts',(362.252565003747,96.1990370324919,786.183448082139));
#5794=CARTESIAN_POINT('Ctrl Pts',(359.323842583171,98.4394736412549,790.034584916782));
#5795=CARTESIAN_POINT('Ctrl Pts',(353.646970860666,102.948063586947,793.869754777492));
#5796=CARTESIAN_POINT('Ctrl Pts',(347.877732805901,107.649148354457,795.));
#5797=CARTESIAN_POINT('Ctrl Pts',(344.992596695461,110.,795.));
#5798=CARTESIAN_POINT('Ctrl Pts',(344.992596695461,110.,765.));
#5799=CARTESIAN_POINT('Ctrl Pts',(347.98458969888,107.756005247436,765.));
#5800=CARTESIAN_POINT('Ctrl Pts',(353.969847850283,103.267061633884,766.022327070295));
#5801=CARTESIAN_POINT('Ctrl Pts',(359.562325099417,99.0727036970341,769.373059755484));
#5802=CARTESIAN_POINT('Ctrl Pts',(362.941327386062,96.5384519820496,773.092459427654));
#5803=CARTESIAN_POINT('Ctrl Pts',(364.786610240718,95.1544898410583,776.612080565126));
#5804=CARTESIAN_POINT('Ctrl Pts',(365.161108613461,94.8736160615007,780.383840919609));
#5805=CARTESIAN_POINT('Ctrl Pts',(364.490536395227,95.3765452251765,783.72169486015));
#5806=CARTESIAN_POINT('Ctrl Pts',(363.163798774081,96.3715984410357,786.56293066942));
#5807=CARTESIAN_POINT('Ctrl Pts',(359.963773987865,98.7716170306978,790.389676330776));
#5808=CARTESIAN_POINT('Ctrl Pts',(353.966645440435,103.26946344127,793.975585254044));
#5809=CARTESIAN_POINT('Ctrl Pts',(347.98458969888,107.756005247436,795.));
#5810=CARTESIAN_POINT('Ctrl Pts',(344.992596695461,110.,795.));
#5811=CARTESIAN_POINT('Origin',(344.992596695461,110.,780.));
#5812=CARTESIAN_POINT('Ctrl Pts',(224.992596695461,110.,795.));
#5813=CARTESIAN_POINT('Ctrl Pts',(222.748601942897,107.008006996581,795.));
#5814=CARTESIAN_POINT('Ctrl Pts',(218.25967475958,101.022770752159,793.977695609395));
#5815=CARTESIAN_POINT('Ctrl Pts',(214.065318198351,95.430295337186,790.626971242469));
#5816=CARTESIAN_POINT('Ctrl Pts',(211.531069344828,92.0512968658224,786.907571786381));
#5817=CARTESIAN_POINT('Ctrl Pts',(210.147110288962,90.206018124668,783.387948335263));
#5818=CARTESIAN_POINT('Ctrl Pts',(209.866239572014,89.8315238354042,779.61618529876));
#5819=CARTESIAN_POINT('Ctrl Pts',(210.369167385427,90.502094253288,776.278329780671));
#5820=CARTESIAN_POINT('Ctrl Pts',(211.364220703325,91.8288320104848,773.437092183131));
#5821=CARTESIAN_POINT('Ctrl Pts',(213.764231676023,95.0288466407488,769.610338738822));
#5822=CARTESIAN_POINT('Ctrl Pts',(218.262067521225,101.025961101017,766.024412959214));
#5823=CARTESIAN_POINT('Ctrl Pts',(222.748601942897,107.008006996581,765.));
#5824=CARTESIAN_POINT('Ctrl Pts',(224.992596695461,110.,765.));
#5825=CARTESIAN_POINT('Ctrl Pts',(224.992596695461,110.,795.));
#5826=CARTESIAN_POINT('Ctrl Pts',(222.677364014245,107.079244925234,795.));
#5827=CARTESIAN_POINT('Ctrl Pts',(218.043910973927,101.234916299326,793.907043526155));
#5828=CARTESIAN_POINT('Ctrl Pts',(213.846883097071,95.8440186423214,790.401766679779));
#5829=CARTESIAN_POINT('Ctrl Pts',(211.403882210725,92.643357269236,786.652456118637));
#5830=CARTESIAN_POINT('Ctrl Pts',(210.127258275241,90.9332913984352,783.208110370604));
#5831=CARTESIAN_POINT('Ctrl Pts',(209.879486605989,90.5942339773469,779.639791542732));
#5832=CARTESIAN_POINT('Ctrl Pts',(210.331395091569,91.2072365745155,776.454966476091));
#5833=CARTESIAN_POINT('Ctrl Pts',(211.248769952874,92.436275074404,773.68921980716));
#5834=CARTESIAN_POINT('Ctrl Pts',(213.543347142745,95.4556038380088,769.84669274109));
#5835=CARTESIAN_POINT('Ctrl Pts',(218.048417062261,101.239196895924,766.095123537089));
#5836=CARTESIAN_POINT('Ctrl Pts',(222.677364014245,107.079244925234,765.));
#5837=CARTESIAN_POINT('Ctrl Pts',(224.992596695461,110.,765.));
#5838=CARTESIAN_POINT('Ctrl Pts',(224.992596695461,110.,795.));
#5839=CARTESIAN_POINT('Ctrl Pts',(222.534888156939,107.22172078254,795.));
#5840=CARTESIAN_POINT('Ctrl Pts',(217.613079803827,101.659090213192,793.807926554864));
#5841=CARTESIAN_POINT('Ctrl Pts',(213.30528958256,96.6709578653317,790.070175425884));
#5842=CARTESIAN_POINT('Ctrl Pts',(210.920977878744,93.8260682487476,786.267160743079));
#5843=CARTESIAN_POINT('Ctrl Pts',(209.759362403989,92.3853271088256,782.930788263821));
#5844=CARTESIAN_POINT('Ctrl Pts',(209.552264419449,92.1167560791216,779.676388553154));
#5845=CARTESIAN_POINT('Ctrl Pts',(209.944101533786,92.6151644300579,776.725667320966));
#5846=CARTESIAN_POINT('Ctrl Pts',(210.777803323789,93.6495808716842,774.070883888234));
#5847=CARTESIAN_POINT('Ctrl Pts',(212.990600470251,96.3086386866763,770.19462632124));
#5848=CARTESIAN_POINT('Ctrl Pts',(217.620366189286,101.665528375795,766.194768804869));
#5849=CARTESIAN_POINT('Ctrl Pts',(222.534888156939,107.22172078254,765.));
#5850=CARTESIAN_POINT('Ctrl Pts',(224.992596695461,110.,765.));
#5851=CARTESIAN_POINT('Ctrl Pts',(224.992596695461,110.,795.));
#5852=CARTESIAN_POINT('Ctrl Pts',(222.285555406654,107.471053532825,795.));
#5853=CARTESIAN_POINT('Ctrl Pts',(216.864274085625,102.405555746074,793.773714177597));
#5854=CARTESIAN_POINT('Ctrl Pts',(212.077479882954,98.0013028189349,789.951034694661));
#5855=CARTESIAN_POINT('Ctrl Pts',(209.408951711868,95.5946668012733,786.125872791055));
#5856=CARTESIAN_POINT('Ctrl Pts',(208.100771294101,94.4466838041829,782.827473633006));
#5857=CARTESIAN_POINT('Ctrl Pts',(207.866715136211,94.2481370135135,779.690120381122));
#5858=CARTESIAN_POINT('Ctrl Pts',(208.308973757862,94.6289630476989,776.826059207825));
#5859=CARTESIAN_POINT('Ctrl Pts',(209.247696950867,95.452458604468,774.211087857983));
#5860=CARTESIAN_POINT('Ctrl Pts',(211.728154879183,97.6787242649667,770.319592169151));
#5861=CARTESIAN_POINT('Ctrl Pts',(216.871798505748,102.413618354976,766.229295331706));
#5862=CARTESIAN_POINT('Ctrl Pts',(222.285555406654,107.471053532824,765.));
#5863=CARTESIAN_POINT('Ctrl Pts',(224.992596695461,110.,765.));
#5864=CARTESIAN_POINT('Ctrl Pts',(224.992596695461,110.,795.));
#5865=CARTESIAN_POINT('Ctrl Pts',(222.107460585022,107.649148354457,795.));
#5866=CARTESIAN_POINT('Ctrl Pts',(216.333420610365,102.942520712387,793.872009359494));
#5867=CARTESIAN_POINT('Ctrl Pts',(211.043258760087,98.7440986709599,790.288689780843));
#5868=CARTESIAN_POINT('Ctrl Pts',(207.932068487608,96.3483244944116,786.523685638081));
#5869=CARTESIAN_POINT('Ctrl Pts',(206.290047823877,95.1272202365016,783.116872283914));
#5870=CARTESIAN_POINT('Ctrl Pts',(205.968858306104,94.8965116994207,779.65168996723));
#5871=CARTESIAN_POINT('Ctrl Pts',(206.552825724657,95.3219611111037,776.544424429381));
#5872=CARTESIAN_POINT('Ctrl Pts',(207.732662889234,96.1990155713215,773.816565139443));
#5873=CARTESIAN_POINT('Ctrl Pts',(210.661377920597,98.4394674980687,769.96542279183));
#5874=CARTESIAN_POINT('Ctrl Pts',(216.338237803668,102.948065461564,766.130233561129));
#5875=CARTESIAN_POINT('Ctrl Pts',(222.107460585022,107.649148354457,765.));
#5876=CARTESIAN_POINT('Ctrl Pts',(224.992596695461,110.,765.));
#5877=CARTESIAN_POINT('Ctrl Pts',(224.992596695461,110.,795.));
#5878=CARTESIAN_POINT('Ctrl Pts',(222.000603692043,107.756005247436,795.));
#5879=CARTESIAN_POINT('Ctrl Pts',(216.01536744762,103.267078064119,793.977695609395));
#5880=CARTESIAN_POINT('Ctrl Pts',(210.422892032647,99.0727215028895,790.626971242469));
#5881=CARTESIAN_POINT('Ctrl Pts',(207.043893561284,96.5384726493669,786.907571786381));
#5882=CARTESIAN_POINT('Ctrl Pts',(205.198614820129,95.154513593501,783.387948335263));
#5883=CARTESIAN_POINT('Ctrl Pts',(204.824120530866,94.8736428765531,779.61618529876));
#5884=CARTESIAN_POINT('Ctrl Pts',(205.494690948749,95.3765706899659,776.278329780671));
#5885=CARTESIAN_POINT('Ctrl Pts',(206.821428705946,96.3716240078635,773.437092183131));
#5886=CARTESIAN_POINT('Ctrl Pts',(210.02144333621,98.7716349805615,769.610338738822));
#5887=CARTESIAN_POINT('Ctrl Pts',(216.018557796479,103.269470825763,766.024412959214));
#5888=CARTESIAN_POINT('Ctrl Pts',(222.000603692043,107.756005247436,765.));
#5889=CARTESIAN_POINT('Ctrl Pts',(224.992596695461,110.,765.));
#5890=CARTESIAN_POINT('',(209.992596695461,90.,780.));
#5891=CARTESIAN_POINT('Origin',(224.992596695461,110.,780.));
#5892=CARTESIAN_POINT('Origin',(224.992596695461,110.,780.));
#5893=CARTESIAN_POINT('Ctrl Pts',(224.992596695461,110.,765.));
#5894=CARTESIAN_POINT('Ctrl Pts',(227.236591448026,107.008006996581,765.));
#5895=CARTESIAN_POINT('Ctrl Pts',(231.725518736315,101.022770612196,766.022304535839));
#5896=CARTESIAN_POINT('Ctrl Pts',(235.9198753043,95.4302951882159,769.373028955981));
#5897=CARTESIAN_POINT('Ctrl Pts',(238.454124176652,92.051296691746,773.092428412984));
#5898=CARTESIAN_POINT('Ctrl Pts',(239.8380832527,90.2060179236821,776.61205184856));
#5899=CARTESIAN_POINT('Ctrl Pts',(240.118953989748,89.8315236076174,780.383814867148));
#5900=CARTESIAN_POINT('Ctrl Pts',(239.616026167594,90.5020940371568,783.721670375099));
#5901=CARTESIAN_POINT('Ctrl Pts',(238.620972850422,91.8288317933865,786.562907960913));
#5902=CARTESIAN_POINT('Ctrl Pts',(236.220961828741,95.0288464889603,790.389661355443));
#5903=CARTESIAN_POINT('Ctrl Pts',(231.723125913681,101.025961042374,793.975587023373));
#5904=CARTESIAN_POINT('Ctrl Pts',(227.236591448026,107.008006996581,795.));
#5905=CARTESIAN_POINT('Ctrl Pts',(224.992596695461,110.,795.));
#5906=CARTESIAN_POINT('Ctrl Pts',(224.992596695461,110.,765.));
#5907=CARTESIAN_POINT('Ctrl Pts',(227.307829376678,107.079244925234,765.));
#5908=CARTESIAN_POINT('Ctrl Pts',(231.94128255977,101.234916144153,766.092956661996));
#5909=CARTESIAN_POINT('Ctrl Pts',(236.13831041371,95.8440184921215,769.598233576347));
#5910=CARTESIAN_POINT('Ctrl Pts',(238.581311325417,92.6433570908033,773.347544141042));
#5911=CARTESIAN_POINT('Ctrl Pts',(239.857935301903,90.9332911762063,776.791889870518));
#5912=CARTESIAN_POINT('Ctrl Pts',(240.10570703116,90.594233700664,780.360208662902));
#5913=CARTESIAN_POINT('Ctrl Pts',(239.653798538174,91.2072363096063,783.545033715116));
#5914=CARTESIAN_POINT('Ctrl Pts',(238.736423700184,92.4362747954855,786.310780368019));
#5915=CARTESIAN_POINT('Ctrl Pts',(236.441846444101,95.4556036360938,790.153307376594));
#5916=CARTESIAN_POINT('Ctrl Pts',(231.936776430514,101.239196798468,793.904876445191));
#5917=CARTESIAN_POINT('Ctrl Pts',(227.307829376678,107.079244925234,795.));
#5918=CARTESIAN_POINT('Ctrl Pts',(224.992596695461,110.,795.));
#5919=CARTESIAN_POINT('Ctrl Pts',(224.992596695462,110.,765.));
#5920=CARTESIAN_POINT('Ctrl Pts',(227.450305233984,107.22172078254,765.));
#5921=CARTESIAN_POINT('Ctrl Pts',(232.372113802498,101.659090048531,766.192073698463));
#5922=CARTESIAN_POINT('Ctrl Pts',(236.67990400011,96.6709577675911,769.92982493898));
#5923=CARTESIAN_POINT('Ctrl Pts',(239.064215746453,93.8260681250992,773.732839627954));
#5924=CARTESIAN_POINT('Ctrl Pts',(240.225831320085,92.3853269357151,777.069212093912));
#5925=CARTESIAN_POINT('Ctrl Pts',(240.432929441006,92.1167558167065,780.323611748523));
#5926=CARTESIAN_POINT('Ctrl Pts',(240.041092310401,92.615164168434,783.274332960146));
#5927=CARTESIAN_POINT('Ctrl Pts',(239.207390566856,93.6495805605442,785.929116374771));
#5928=CARTESIAN_POINT('Ctrl Pts',(236.994593292213,96.3086384395119,789.805373863497));
#5929=CARTESIAN_POINT('Ctrl Pts',(232.364827416459,101.665528223024,793.805231199694));
#5930=CARTESIAN_POINT('Ctrl Pts',(227.450305233984,107.22172078254,795.));
#5931=CARTESIAN_POINT('Ctrl Pts',(224.992596695462,110.,795.));
#5932=CARTESIAN_POINT('Ctrl Pts',(224.992596695462,110.,765.));
#5933=CARTESIAN_POINT('Ctrl Pts',(227.699637984269,107.471053532824,765.));
#5934=CARTESIAN_POINT('Ctrl Pts',(233.120919533981,102.405555504729,766.226286065781));
#5935=CARTESIAN_POINT('Ctrl Pts',(237.907713729048,98.0013025907732,770.048965666314));
#5936=CARTESIAN_POINT('Ctrl Pts',(240.576241947339,95.5946665235926,773.874127570142));
#5937=CARTESIAN_POINT('Ctrl Pts',(241.884422485433,94.4466833998209,777.17252675194));
#5938=CARTESIAN_POINT('Ctrl Pts',(242.118478798395,94.2481364421372,780.309879990795));
#5939=CARTESIAN_POINT('Ctrl Pts',(241.676220153737,94.6289624991936,783.173941149864));
#5940=CARTESIAN_POINT('Ctrl Pts',(240.737497004375,95.4524580059304,785.788912501443));
#5941=CARTESIAN_POINT('Ctrl Pts',(238.257038925139,97.6787238240737,789.68040808848));
#5942=CARTESIAN_POINT('Ctrl Pts',(233.113395124418,102.41361809651,793.77070471725));
#5943=CARTESIAN_POINT('Ctrl Pts',(227.699637984269,107.471053532825,795.));
#5944=CARTESIAN_POINT('Ctrl Pts',(224.992596695462,110.,795.));
#5945=CARTESIAN_POINT('Ctrl Pts',(224.992596695461,110.,765.));
#5946=CARTESIAN_POINT('Ctrl Pts',(227.877732805901,107.649148354457,765.));
#5947=CARTESIAN_POINT('Ctrl Pts',(233.651772923002,102.942520661817,766.127990927643));
#5948=CARTESIAN_POINT('Ctrl Pts',(238.941934728461,98.744098827146,769.711310619085));
#5949=CARTESIAN_POINT('Ctrl Pts',(242.05312502254,96.3483246637847,773.476314780809));
#5950=CARTESIAN_POINT('Ctrl Pts',(243.695145710131,95.1272204823407,776.883128042583));
#5951=CARTESIAN_POINT('Ctrl Pts',(244.016335275691,94.8965119566579,780.348310206795));
#5952=CARTESIAN_POINT('Ctrl Pts',(243.432367856871,95.3219613233026,783.455575709053));
#5953=CARTESIAN_POINT('Ctrl Pts',(242.25253072296,96.199015705207,786.183434937524));
#5954=CARTESIAN_POINT('Ctrl Pts',(239.323815644381,98.4394675318242,790.034577251581));
#5955=CARTESIAN_POINT('Ctrl Pts',(233.646955682685,102.94806544361,793.869766354823));
#5956=CARTESIAN_POINT('Ctrl Pts',(227.877732805901,107.649148354457,795.));
#5957=CARTESIAN_POINT('Ctrl Pts',(224.992596695461,110.,795.));
#5958=CARTESIAN_POINT('Ctrl Pts',(224.992596695461,110.,765.));
#5959=CARTESIAN_POINT('Ctrl Pts',(227.98458969888,107.756005247436,765.));
#5960=CARTESIAN_POINT('Ctrl Pts',(233.969826083266,103.267077959147,766.022304535839));
#5961=CARTESIAN_POINT('Ctrl Pts',(239.562301507246,99.072721391162,769.373028955982));
#5962=CARTESIAN_POINT('Ctrl Pts',(242.941300003715,96.5384725188095,773.092428412984));
#5963=CARTESIAN_POINT('Ctrl Pts',(244.786578771779,95.1545134427616,776.612051848561));
#5964=CARTESIAN_POINT('Ctrl Pts',(245.161073087844,94.8736427057131,780.383814867148));
#5965=CARTESIAN_POINT('Ctrl Pts',(244.490502658305,95.3765705278677,783.721670375099));
#5966=CARTESIAN_POINT('Ctrl Pts',(243.163764902075,96.37162384504,786.562907960913));
#5967=CARTESIAN_POINT('Ctrl Pts',(239.963750206501,98.7716348667204,790.389661355443));
#5968=CARTESIAN_POINT('Ctrl Pts',(233.966635653087,103.269470781781,793.975587023373));
#5969=CARTESIAN_POINT('Ctrl Pts',(227.98458969888,107.756005247436,795.));
#5970=CARTESIAN_POINT('Ctrl Pts',(224.992596695461,110.,795.));
#5971=CARTESIAN_POINT('Origin',(224.992596695461,110.,780.));
#5972=CARTESIAN_POINT('Ctrl Pts',(104.992596695461,110.,795.));
#5973=CARTESIAN_POINT('Ctrl Pts',(104.757760366466,109.686884894673,795.));
#5974=CARTESIAN_POINT('Ctrl Pts',(104.522924056514,109.373769814737,794.994484176311));
#5975=CARTESIAN_POINT('Ctrl Pts',(104.288346695461,109.061,794.983458610665));
#5976=CARTESIAN_POINT('Ctrl Pts',(104.992596695461,110.,795.));
#5977=CARTESIAN_POINT('Ctrl Pts',(104.731667441022,109.712977820116,795.));
#5978=CARTESIAN_POINT('Ctrl Pts',(104.47073822849,109.42595566244,794.993257697135));
#5979=CARTESIAN_POINT('Ctrl Pts',(104.210211762682,109.1393075463,794.979786125704));
#5980=CARTESIAN_POINT('Ctrl Pts',(104.992596695461,110.,795.));
#5981=CARTESIAN_POINT('Ctrl Pts',(104.705574515578,109.73907074556,795.));
#5982=CARTESIAN_POINT('Ctrl Pts',(104.418552357902,109.478141533029,794.993257697135));
#5983=CARTESIAN_POINT('Ctrl Pts',(104.131904241761,109.21761506722,794.979786125704));
#5984=CARTESIAN_POINT('Ctrl Pts',(104.992596695461,110.,795.));
#5985=CARTESIAN_POINT('Ctrl Pts',(104.679481590134,109.765163671004,795.));
#5986=CARTESIAN_POINT('Ctrl Pts',(104.366366510198,109.530327361052,794.994484176311));
#5987=CARTESIAN_POINT('Ctrl Pts',(104.053596695461,109.29575,794.983458610665));
#5988=CARTESIAN_POINT('',(104.288346695461,109.061,794.983458610665));
#5989=CARTESIAN_POINT('Origin',(104.053596695461,109.061,799.977944814219));
#5990=CARTESIAN_POINT('Origin',(104.992596695461,110.,780.));
#5991=CARTESIAN_POINT('Ctrl Pts',(104.288346695459,109.061000000003,794.983458610664));
#5992=CARTESIAN_POINT('Ctrl Pts',(103.822474412419,108.439836955946,794.96156176002));
#5993=CARTESIAN_POINT('Ctrl Pts',(102.850078819865,107.258211503176,794.869835076966));
#5994=CARTESIAN_POINT('Ctrl Pts',(100.922351635473,104.905791272076,794.495890316244));
#5995=CARTESIAN_POINT('Ctrl Pts',(97.6203079474428,100.8772480746,793.326122553345));
#5996=CARTESIAN_POINT('Ctrl Pts',(93.3290338763418,95.4677335674258,790.192219661562));
#5997=CARTESIAN_POINT('Ctrl Pts',(90.6188322643572,91.5748323499896,785.264143773084));
#5998=CARTESIAN_POINT('Ctrl Pts',(89.8116296197214,89.8949613071278,780.154557321511));
#5999=CARTESIAN_POINT('Ctrl Pts',(90.26121875356,89.921368402163,776.107524352191));
#6000=CARTESIAN_POINT('Ctrl Pts',(91.9933294098965,91.7551250799042,772.228375549553));
#6001=CARTESIAN_POINT('Ctrl Pts',(94.8290796501882,95.3017362315786,768.593533957793));
#6002=CARTESIAN_POINT('Ctrl Pts',(98.1960627591456,100.043872626053,766.411501425886));
#6003=CARTESIAN_POINT('Ctrl Pts',(101.20583794494,104.522601233126,765.436989938282));
#6004=CARTESIAN_POINT('Ctrl Pts',(102.953175167361,107.12505341643,765.119718098681));
#6005=CARTESIAN_POINT('Ctrl Pts',(103.822474412417,108.439836955938,765.03843823998));
#6006=CARTESIAN_POINT('Ctrl Pts',(104.288346695459,109.060999999992,765.016541389335));
#6007=CARTESIAN_POINT('Ctrl Pts',(104.26602242895,109.08337358466,794.982409329247));
#6008=CARTESIAN_POINT('Ctrl Pts',(103.788110436767,108.477030808273,794.959250931758));
#6009=CARTESIAN_POINT('Ctrl Pts',(102.790885080585,107.323780313074,794.862618745535));
#6010=CARTESIAN_POINT('Ctrl Pts',(100.816251703339,105.028805538102,794.468756865673));
#6011=CARTESIAN_POINT('Ctrl Pts',(97.4466169310818,101.105464613119,793.243196232422));
#6012=CARTESIAN_POINT('Ctrl Pts',(93.1239305978037,95.8633690913803,789.974605011352));
#6013=CARTESIAN_POINT('Ctrl Pts',(90.5376308453754,92.1797192862289,785.001313199422));
#6014=CARTESIAN_POINT('Ctrl Pts',(89.8281470865382,90.6442050355802,780.059823624304));
#6015=CARTESIAN_POINT('Ctrl Pts',(90.2514071392992,90.6839634505673,776.240167041567));
#6016=CARTESIAN_POINT('Ctrl Pts',(91.8451595858586,92.3813706268994,772.49036260096));
#6017=CARTESIAN_POINT('Ctrl Pts',(94.5625340904477,95.7252345468141,768.828288031647));
#6018=CARTESIAN_POINT('Ctrl Pts',(97.9560237799938,100.296581754729,766.51511249651));
#6019=CARTESIAN_POINT('Ctrl Pts',(101.063430080819,104.655948335461,765.470582598538));
#6020=CARTESIAN_POINT('Ctrl Pts',(102.876830649622,107.193743707717,765.128522386844));
#6021=CARTESIAN_POINT('Ctrl Pts',(103.78120931977,108.477035891713,765.041073435726));
#6022=CARTESIAN_POINT('Ctrl Pts',(104.266022428951,109.083373584649,765.017590670753));
#6023=CARTESIAN_POINT('Ctrl Pts',(104.221345723578,109.128120753559,794.980910163701));
#6024=CARTESIAN_POINT('Ctrl Pts',(103.71930177473,108.551418511548,794.955949097563));
#6025=CARTESIAN_POINT('Ctrl Pts',(102.672086938833,107.454904572538,794.85217361294));
#6026=CARTESIAN_POINT('Ctrl Pts',(100.600798555058,105.274807959181,794.429016506097));
#6027=CARTESIAN_POINT('Ctrl Pts',(97.0806083186563,101.561781222022,793.120255132994));
#6028=CARTESIAN_POINT('Ctrl Pts',(92.6252214304693,96.6543145993419,789.645607502666));
#6029=CARTESIAN_POINT('Ctrl Pts',(90.1313010700739,93.3879979522522,784.579188577561));
#6030=CARTESIAN_POINT('Ctrl Pts',(89.5156728120942,92.1398300812199,779.879114268099));
#6031=CARTESIAN_POINT('Ctrl Pts',(89.8847192211107,92.206114075352,776.409137884799));
#6032=CARTESIAN_POINT('Ctrl Pts',(91.303599910428,93.6319810898656,772.858521046325));
#6033=CARTESIAN_POINT('Ctrl Pts',(93.9242245561341,96.5716702362283,769.155967118918));
#6034=CARTESIAN_POINT('Ctrl Pts',(97.4521805639348,100.801887925811,766.65723358413));
#6035=CARTESIAN_POINT('Ctrl Pts',(100.774065277153,104.922600008973,765.516984853754));
#6036=CARTESIAN_POINT('Ctrl Pts',(102.723745541848,107.331110129142,765.140821655037));
#6037=CARTESIAN_POINT('Ctrl Pts',(103.698589717655,108.55143376169,765.044838769953));
#6038=CARTESIAN_POINT('Ctrl Pts',(104.221345723578,109.128120753549,765.019089836299));
#6039=CARTESIAN_POINT('Ctrl Pts',(104.143091033386,109.20640010897,794.980385392255));
#6040=CARTESIAN_POINT('Ctrl Pts',(103.598681352589,108.681516208255,794.954793253525));
#6041=CARTESIAN_POINT('Ctrl Pts',(102.462957091161,107.683897965293,794.847895565077));
#6042=CARTESIAN_POINT('Ctrl Pts',(100.21521777193,105.702513799237,794.41073545318));
#6043=CARTESIAN_POINT('Ctrl Pts',(96.3879691267181,102.341322099539,793.05926697829));
#6044=CARTESIAN_POINT('Ctrl Pts',(91.5094501501418,97.9534017424042,789.472895784965));
#6045=CARTESIAN_POINT('Ctrl Pts',(88.6824132075217,95.2002749890008,784.311633619381));
#6046=CARTESIAN_POINT('Ctrl Pts',(87.8756096385795,94.2489954354481,779.658629764709));
#6047=CARTESIAN_POINT('Ctrl Pts',(88.1691123590704,94.3330990436998,776.308269477692));
#6048=CARTESIAN_POINT('Ctrl Pts',(89.6631162613152,95.4674075947948,772.855215519079));
#6049=CARTESIAN_POINT('Ctrl Pts',(92.5509432718558,97.9244175518356,769.186387485424));
#6050=CARTESIAN_POINT('Ctrl Pts',(96.5150006409442,101.659441920988,766.673413093933));
#6051=CARTESIAN_POINT('Ctrl Pts',(100.257120296818,105.384357399655,765.524453197838));
#6052=CARTESIAN_POINT('Ctrl Pts',(102.454847500513,107.57114785899,765.143828505257));
#6053=CARTESIAN_POINT('Ctrl Pts',(103.553787078143,108.681540532752,765.046156874609));
#6054=CARTESIAN_POINT('Ctrl Pts',(104.143091033386,109.20640010896,765.019614607744));
#6055=CARTESIAN_POINT('Ctrl Pts',(104.087157072444,109.26226360024,794.981884688538));
#6056=CARTESIAN_POINT('Ctrl Pts',(103.512409673658,108.774298905337,794.958095485114));
#6057=CARTESIAN_POINT('Ctrl Pts',(102.312803050698,107.846487634336,794.857385557636));
#6058=CARTESIAN_POINT('Ctrl Pts',(99.9346296668102,106.002530072028,794.443627156418));
#6059=CARTESIAN_POINT('Ctrl Pts',(95.8607008818579,102.863681961178,793.154799925502));
#6060=CARTESIAN_POINT('Ctrl Pts',(90.5614516741009,98.7272111014915,789.719502649682));
#6061=CARTESIAN_POINT('Ctrl Pts',(87.1766651713523,95.9797402847708,784.580501014335));
#6062=CARTESIAN_POINT('Ctrl Pts',(86.0109545265122,94.9174620765319,779.627491278293));
#6063=CARTESIAN_POINT('Ctrl Pts',(86.2937649503634,94.9712456657904,775.896358110246));
#6064=CARTESIAN_POINT('Ctrl Pts',(88.1138762219856,96.1837399279719,772.26912908305));
#6065=CARTESIAN_POINT('Ctrl Pts',(91.4558260716766,98.662360232685,768.717579889983));
#6066=CARTESIAN_POINT('Ctrl Pts',(95.8221719998604,102.22326156169,766.476464359616));
#6067=CARTESIAN_POINT('Ctrl Pts',(99.8834437339986,105.704889556566,765.463688302705));
#6068=CARTESIAN_POINT('Ctrl Pts',(102.262279717848,107.741762793418,765.129399359507));
#6069=CARTESIAN_POINT('Ctrl Pts',(103.450246261018,108.774314149312,765.042391074466));
#6070=CARTESIAN_POINT('Ctrl Pts',(104.087157072444,109.262263600231,765.018115311461));
#6071=CARTESIAN_POINT('Ctrl Pts',(104.053596695458,109.295750000002,794.983458610664));
#6072=CARTESIAN_POINT('Ctrl Pts',(103.460642855159,108.82987771696,794.96156176002));
#6073=CARTESIAN_POINT('Ctrl Pts',(102.222707668202,107.943658627382,794.867559409373));
#6074=CARTESIAN_POINT('Ctrl Pts',(99.7657767086034,106.179343454056,794.479679260255));
#6075=CARTESIAN_POINT('Ctrl Pts',(95.541523691529,103.157936055949,793.261028282331));
#6076=CARTESIAN_POINT('Ctrl Pts',(89.9774764151254,99.1008001755691,789.991707650975));
#6077=CARTESIAN_POINT('Ctrl Pts',(86.2444327767504,96.1811242624921,784.883844517511));
#6078=CARTESIAN_POINT('Ctrl Pts',(84.8756926727818,94.9212209803457,779.658771136761));
#6079=CARTESIAN_POINT('Ctrl Pts',(85.1781296516547,94.9410263016221,775.578970768806));
#6080=CARTESIAN_POINT('Ctrl Pts',(87.2132221704736,96.3163438099284,771.76591928688));
#6081=CARTESIAN_POINT('Ctrl Pts',(90.8237481540549,98.9763021736837,768.284317448178));
#6082=CARTESIAN_POINT('Ctrl Pts',(95.4127880087768,102.53290446954,766.28601515037));
#6083=CARTESIAN_POINT('Ctrl Pts',(99.6604409427845,105.891950924844,765.404036957251));
#6084=CARTESIAN_POINT('Ctrl Pts',(102.146817892212,107.843790062323,765.114799093387));
#6085=CARTESIAN_POINT('Ctrl Pts',(103.388127750276,108.829877716954,765.03843823998));
#6086=CARTESIAN_POINT('Ctrl Pts',(104.053596695458,109.295749999994,765.016541389335));
#6087=CARTESIAN_POINT('',(104.288346695459,109.060999999992,765.016541389335));
#6088=CARTESIAN_POINT('Origin',(104.053596695458,109.060999999992,760.02205518578));
#6089=CARTESIAN_POINT('',(89.9936617267552,90.101668458874,779.99977412731));
#6090=CARTESIAN_POINT('Ctrl Pts',(104.288346695459,109.060999999992,765.016541389335));
#6091=CARTESIAN_POINT('Ctrl Pts',(103.822474412417,108.439836955938,765.03843823998));
#6092=CARTESIAN_POINT('Ctrl Pts',(102.953175167361,107.12505341643,765.119718098681));
#6093=CARTESIAN_POINT('Ctrl Pts',(101.20583794494,104.522601233126,765.436989938282));
#6094=CARTESIAN_POINT('Ctrl Pts',(98.1960627591456,100.043872626053,766.411501425886));
#6095=CARTESIAN_POINT('Ctrl Pts',(94.8290796501882,95.3017362315786,768.593533957793));
#6096=CARTESIAN_POINT('Ctrl Pts',(91.9933294098965,91.7551250799042,772.228375549553));
#6097=CARTESIAN_POINT('Ctrl Pts',(90.3923336214587,90.0601775271348,775.813886020854));
#6098=CARTESIAN_POINT('Ctrl Pts',(89.997255187236,89.9200419716972,778.579501562876));
#6099=CARTESIAN_POINT('Ctrl Pts',(89.9936617267552,90.101668458874,779.99977412731));
#6100=CARTESIAN_POINT('Ctrl Pts',(89.9936617267552,90.101668458874,779.99977412731));
#6101=CARTESIAN_POINT('Ctrl Pts',(89.9928229668456,90.1440624177811,780.331284017026));
#6102=CARTESIAN_POINT('Ctrl Pts',(90.0297784291239,90.3489512319444,781.535437585417));
#6103=CARTESIAN_POINT('Ctrl Pts',(90.6188322643572,91.5748323499896,785.264143773084));
#6104=CARTESIAN_POINT('Ctrl Pts',(93.3290338763418,95.4677335674258,790.192219661562));
#6105=CARTESIAN_POINT('Ctrl Pts',(97.6203079474428,100.8772480746,793.326122553345));
#6106=CARTESIAN_POINT('Ctrl Pts',(100.922351635473,104.905791272076,794.495890316244));
#6107=CARTESIAN_POINT('Ctrl Pts',(102.850078819865,107.258211503176,794.869835076966));
#6108=CARTESIAN_POINT('Ctrl Pts',(103.822474412419,108.439836955946,794.96156176002));
#6109=CARTESIAN_POINT('Ctrl Pts',(104.288346695459,109.061000000003,794.983458610664));
#6110=CARTESIAN_POINT('Ctrl Pts',(104.053596695458,109.295750000002,794.983458610664));
#6111=CARTESIAN_POINT('Ctrl Pts',(103.460642855159,108.82987771696,794.96156176002));
#6112=CARTESIAN_POINT('Ctrl Pts',(102.222707668202,107.943658627382,794.867559409373));
#6113=CARTESIAN_POINT('Ctrl Pts',(99.7657767086034,106.179343454056,794.479679260255));
#6114=CARTESIAN_POINT('Ctrl Pts',(95.541523691529,103.157936055949,793.261028282331));
#6115=CARTESIAN_POINT('Ctrl Pts',(89.9774764151254,99.1008001755691,789.991707650975));
#6116=CARTESIAN_POINT('Ctrl Pts',(86.2444327767504,96.1811242624921,784.883844517511));
#6117=CARTESIAN_POINT('Ctrl Pts',(84.8756926727818,94.9212209803457,779.658771136761));
#6118=CARTESIAN_POINT('Ctrl Pts',(85.1781296516547,94.9410263016221,775.578970768806));
#6119=CARTESIAN_POINT('Ctrl Pts',(87.2132221704736,96.3163438099284,771.76591928688));
#6120=CARTESIAN_POINT('Ctrl Pts',(90.8237481540549,98.9763021736837,768.284317448178));
#6121=CARTESIAN_POINT('Ctrl Pts',(95.4127880087768,102.53290446954,766.28601515037));
#6122=CARTESIAN_POINT('Ctrl Pts',(99.6604409427845,105.891950924844,765.404036957251));
#6123=CARTESIAN_POINT('Ctrl Pts',(102.146817892212,107.843790062323,765.114799093387));
#6124=CARTESIAN_POINT('Ctrl Pts',(103.388127750276,108.829877716954,765.03843823998));
#6125=CARTESIAN_POINT('Ctrl Pts',(104.053596695458,109.295749999994,765.016541389335));
#6126=CARTESIAN_POINT('Ctrl Pts',(104.288346695458,109.060999999995,765.016541389335));
#6127=CARTESIAN_POINT('Ctrl Pts',(104.522924056511,109.373769814733,765.005515823689));
#6128=CARTESIAN_POINT('Ctrl Pts',(104.757760366465,109.686884894671,765.));
#6129=CARTESIAN_POINT('Ctrl Pts',(104.992596695461,110.,765.));
#6130=CARTESIAN_POINT('Ctrl Pts',(104.210211762677,109.139307546295,765.020213874296));
#6131=CARTESIAN_POINT('Ctrl Pts',(104.470738228487,109.425955662437,765.006742302865));
#6132=CARTESIAN_POINT('Ctrl Pts',(104.73166744102,109.712977820115,765.));
#6133=CARTESIAN_POINT('Ctrl Pts',(104.992596695461,110.,765.));
#6134=CARTESIAN_POINT('Ctrl Pts',(104.131904241757,109.217615067216,765.020213874296));
#6135=CARTESIAN_POINT('Ctrl Pts',(104.418552357898,109.478141533026,765.006742302865));
#6136=CARTESIAN_POINT('Ctrl Pts',(104.705574515576,109.739070745559,765.));
#6137=CARTESIAN_POINT('Ctrl Pts',(104.992596695461,110.,765.));
#6138=CARTESIAN_POINT('Ctrl Pts',(104.053596695456,109.295749999996,765.016541389335));
#6139=CARTESIAN_POINT('Ctrl Pts',(104.366366510195,109.53032736105,765.005515823689));
#6140=CARTESIAN_POINT('Ctrl Pts',(104.679481590132,109.765163671003,765.));
#6141=CARTESIAN_POINT('Ctrl Pts',(104.992596695461,110.,765.));
#6142=CARTESIAN_POINT('Origin',(104.992596695461,110.,780.));
#6143=CARTESIAN_POINT('Ctrl Pts',(104.992596695461,110.,765.));
#6144=CARTESIAN_POINT('Ctrl Pts',(107.236591448026,107.008006996581,765.));
#6145=CARTESIAN_POINT('Ctrl Pts',(111.725500767643,101.022794570425,766.02227962538));
#6146=CARTESIAN_POINT('Ctrl Pts',(115.919856598825,95.4303201288485,769.372994922921));
#6147=CARTESIAN_POINT('Ctrl Pts',(118.454102135317,92.0513260801921,773.092394319858));
#6148=CARTESIAN_POINT('Ctrl Pts',(119.838057663871,90.2060520421211,776.612020562855));
#6149=CARTESIAN_POINT('Ctrl Pts',(120.118924854395,89.8315624547557,780.383786798264));
#6150=CARTESIAN_POINT('Ctrl Pts',(119.615998551571,90.5021308585203,783.721644051723));
#6151=CARTESIAN_POINT('Ctrl Pts',(118.620945095133,91.8288688004384,786.562883701398));
#6152=CARTESIAN_POINT('Ctrl Pts',(116.220942518514,95.0288722359299,790.38964562279));
#6153=CARTESIAN_POINT('Ctrl Pts',(111.723119037892,101.025970210092,793.975591209736));
#6154=CARTESIAN_POINT('Ctrl Pts',(107.236591448026,107.008006996581,795.));
#6155=CARTESIAN_POINT('Ctrl Pts',(104.992596695461,110.,795.));
#6156=CARTESIAN_POINT('Ctrl Pts',(104.992596695461,110.,765.));
#6157=CARTESIAN_POINT('Ctrl Pts',(107.307829376678,107.079244925234,765.));
#6158=CARTESIAN_POINT('Ctrl Pts',(111.941258027946,101.234942701192,766.092924372712));
#6159=CARTESIAN_POINT('Ctrl Pts',(116.138290716562,95.844043380718,769.598189630244));
#6160=CARTESIAN_POINT('Ctrl Pts',(118.581287132539,92.6433869788457,773.347499684828));
#6161=CARTESIAN_POINT('Ctrl Pts',(119.857903915166,90.9333287686722,776.791848747001));
#6162=CARTESIAN_POINT('Ctrl Pts',(120.105664986043,90.5942809509633,780.360173920591));
#6163=CARTESIAN_POINT('Ctrl Pts',(119.653757761455,91.2072815170158,783.545001470473));
#6164=CARTESIAN_POINT('Ctrl Pts',(118.736378721562,92.4363225298976,786.310750944876));
#6165=CARTESIAN_POINT('Ctrl Pts',(116.441812872048,95.455638088539,790.153287749105));
#6166=CARTESIAN_POINT('Ctrl Pts',(111.936759654223,101.239212635775,793.904880954761));
#6167=CARTESIAN_POINT('Ctrl Pts',(107.307829376678,107.079244925234,795.));
#6168=CARTESIAN_POINT('Ctrl Pts',(104.992596695461,110.,795.));
#6169=CARTESIAN_POINT('Ctrl Pts',(104.992596695462,110.,765.));
#6170=CARTESIAN_POINT('Ctrl Pts',(107.450305233984,107.22172078254,765.));
#6171=CARTESIAN_POINT('Ctrl Pts',(112.372077083312,101.659118610083,766.192030410625));
#6172=CARTESIAN_POINT('Ctrl Pts',(116.679872799538,96.6709735085157,769.929762415005));
#6173=CARTESIAN_POINT('Ctrl Pts',(119.064177020494,93.8260884681239,773.732776183658));
#6174=CARTESIAN_POINT('Ctrl Pts',(120.225775170878,92.3853559389356,777.069151024194));
#6175=CARTESIAN_POINT('Ctrl Pts',(120.43284903738,92.1168007196068,780.323560780279));
#6176=CARTESIAN_POINT('Ctrl Pts',(120.041014733333,92.6152089831362,783.274285550831));
#6177=CARTESIAN_POINT('Ctrl Pts',(119.207304641795,93.6496342889279,785.929072130246));
#6178=CARTESIAN_POINT('Ctrl Pts',(116.994529530038,96.3086811599344,789.805342899195));
#6179=CARTESIAN_POINT('Ctrl Pts',(112.364791628861,101.665554012874,793.805232332273));
#6180=CARTESIAN_POINT('Ctrl Pts',(107.450305233984,107.22172078254,795.));
#6181=CARTESIAN_POINT('Ctrl Pts',(104.992596695462,110.,795.));
#6182=CARTESIAN_POINT('Ctrl Pts',(104.992596695461,110.,765.));
#6183=CARTESIAN_POINT('Ctrl Pts',(107.699637984269,107.471053532824,765.));
#6184=CARTESIAN_POINT('Ctrl Pts',(113.120880733144,102.40559653997,766.226244759082));
#6185=CARTESIAN_POINT('Ctrl Pts',(117.907677709873,98.0013398034792,770.048904180042));
#6186=CARTESIAN_POINT('Ctrl Pts',(120.576197583143,95.5947124999265,773.874066270042));
#6187=CARTESIAN_POINT('Ctrl Pts',(121.884356875805,94.446751754044,777.172461243869));
#6188=CARTESIAN_POINT('Ctrl Pts',(122.118385609699,94.2482345181011,780.309816919574));
#6189=CARTESIAN_POINT('Ctrl Pts',(121.676130993853,94.6290565666387,783.173880478676));
#6190=CARTESIAN_POINT('Ctrl Pts',(120.737400014878,95.452561046606,785.788851434425));
#6191=CARTESIAN_POINT('Ctrl Pts',(118.256968066654,97.6787995352725,789.680364432642));
#6192=CARTESIAN_POINT('Ctrl Pts',(113.113355323711,102.413661236239,793.770698302591));
#6193=CARTESIAN_POINT('Ctrl Pts',(107.699637984269,107.471053532825,795.));
#6194=CARTESIAN_POINT('Ctrl Pts',(104.992596695461,110.,795.));
#6195=CARTESIAN_POINT('Ctrl Pts',(104.992596695461,110.,765.));
#6196=CARTESIAN_POINT('Ctrl Pts',(107.877732805901,107.649148354457,765.));
#6197=CARTESIAN_POINT('Ctrl Pts',(113.651748211925,102.942531099181,766.127941333177));
#6198=CARTESIAN_POINT('Ctrl Pts',(118.941918695472,98.7440723746489,769.711241305813));
#6199=CARTESIAN_POINT('Ctrl Pts',(122.053105153481,96.3482959411439,773.47624218383));
#6200=CARTESIAN_POINT('Ctrl Pts',(123.695121709763,95.1271779989599,776.883071863244));
#6201=CARTESIAN_POINT('Ctrl Pts',(124.016302789643,94.8964674976179,780.348281305027));
#6202=CARTESIAN_POINT('Ctrl Pts',(123.432335362311,95.3219249209046,783.455553097026));
#6203=CARTESIAN_POINT('Ctrl Pts',(122.252492693142,96.1989934548562,786.183423260126));
#6204=CARTESIAN_POINT('Ctrl Pts',(119.323785694679,98.4394628734237,790.034570972581));
#6205=CARTESIAN_POINT('Ctrl Pts',(113.64693980269,102.948069709553,793.869782628055));
#6206=CARTESIAN_POINT('Ctrl Pts',(107.877732805901,107.649148354457,795.));
#6207=CARTESIAN_POINT('Ctrl Pts',(104.992596695461,110.,795.));
#6208=CARTESIAN_POINT('Ctrl Pts',(104.992596695461,110.,765.));
#6209=CARTESIAN_POINT('Ctrl Pts',(107.98458969888,107.756005247436,765.));
#6210=CARTESIAN_POINT('Ctrl Pts',(113.969802125037,103.267095927819,766.02227962538));
#6211=CARTESIAN_POINT('Ctrl Pts',(119.562276566613,99.0727400966364,769.372994922921));
#6212=CARTESIAN_POINT('Ctrl Pts',(122.941270615269,96.5384945601441,773.092394319858));
#6213=CARTESIAN_POINT('Ctrl Pts',(124.78654465334,95.1545390315909,776.612020562855));
#6214=CARTESIAN_POINT('Ctrl Pts',(125.161034240706,94.8736718410668,780.383786798264));
#6215=CARTESIAN_POINT('Ctrl Pts',(124.490465836941,95.3765981438903,783.721644051723));
#6216=CARTESIAN_POINT('Ctrl Pts',(123.163727895023,96.3716516003289,786.562883701398));
#6217=CARTESIAN_POINT('Ctrl Pts',(119.963724459532,98.7716541769476,790.38964562279));
#6218=CARTESIAN_POINT('Ctrl Pts',(113.966626485369,103.269477657569,793.975591209736));
#6219=CARTESIAN_POINT('Ctrl Pts',(107.98458969888,107.756005247436,795.));
#6220=CARTESIAN_POINT('Ctrl Pts',(104.992596695461,110.,795.));
#6221=CARTESIAN_POINT('Origin',(104.992596695461,110.,780.));
#6222=CARTESIAN_POINT('Origin',(104.053596695461,110.,690.));
#6223=CARTESIAN_POINT('',(29.0535966954615,110.,690.));
#6224=CARTESIAN_POINT('Origin',(104.053596695461,110.,690.));
#6225=CARTESIAN_POINT('',(-0.946403304538563,110.,690.));
#6226=CARTESIAN_POINT('Origin',(14.0535966954614,110.,690.));
#6227=CARTESIAN_POINT('Ctrl Pts',(29.0535966954615,110.,690.));
#6228=CARTESIAN_POINT('Ctrl Pts',(29.0535966954615,109.995151551296,690.006108471242));
#6229=CARTESIAN_POINT('Ctrl Pts',(29.0535952221224,109.990303251866,690.012216743809));
#6230=CARTESIAN_POINT('Ctrl Pts',(29.0530916382307,109.271730602895,690.917535493622));
#6231=CARTESIAN_POINT('Ctrl Pts',(28.9831394950959,107.84085007276,692.720260774256));
#6232=CARTESIAN_POINT('Ctrl Pts',(28.6615293202413,105.714048874602,695.406833355684));
#6233=CARTESIAN_POINT('Ctrl Pts',(28.1132895360766,103.645680723017,698.033766434776));
#6234=CARTESIAN_POINT('Ctrl Pts',(27.2956974146435,101.6380047554,700.607136872482));
#6235=CARTESIAN_POINT('Ctrl Pts',(26.1878298048976,99.7693361198539,703.03573808968));
#6236=CARTESIAN_POINT('Ctrl Pts',(24.7140258639132,98.0641419036121,705.299300362876));
#6237=CARTESIAN_POINT('Ctrl Pts',(22.8485193960728,96.6315917830767,707.264435021834));
#6238=CARTESIAN_POINT('Ctrl Pts',(20.9234954901836,95.7415428475023,708.557288288858));
#6239=CARTESIAN_POINT('Ctrl Pts',(19.2046861946256,95.2771634434716,709.291629796684));
#6240=CARTESIAN_POINT('Ctrl Pts',(17.8383725778432,95.0584831448924,709.681487722048));
#6241=CARTESIAN_POINT('Ctrl Pts',(16.4046052074693,94.9778971255368,709.895893939654));
#6242=CARTESIAN_POINT('Ctrl Pts',(14.483449127161,95.0517788506272,709.941556415628));
#6243=CARTESIAN_POINT('Ctrl Pts',(12.5399468084863,95.3885512154899,709.633309223429));
#6244=CARTESIAN_POINT('Ctrl Pts',(10.7018596085245,95.9360204669449,709.022257928406));
#6245=CARTESIAN_POINT('Ctrl Pts',(8.94042788006132,96.6039556859053,708.234336298216));
#6246=CARTESIAN_POINT('Ctrl Pts',(6.89570125641885,97.6454984335612,706.93951821686));
#6247=CARTESIAN_POINT('Ctrl Pts',(4.7897973898187,99.1029406554344,705.049607143168));
#6248=CARTESIAN_POINT('Ctrl Pts',(2.99340559204259,100.740545160192,702.865614421133));
#6249=CARTESIAN_POINT('Ctrl Pts',(1.5501007638152,102.475555619717,700.505004571111));
#6250=CARTESIAN_POINT('Ctrl Pts',(0.430548221692731,104.293740493679,697.995954236353));
#6251=CARTESIAN_POINT('Ctrl Pts',(-0.363119967115259,106.162648881178,695.39100253881));
#6252=CARTESIAN_POINT('Ctrl Pts',(-0.839013940371121,108.065264619407,692.722258431478));
#6253=CARTESIAN_POINT('Ctrl Pts',(-0.945609689216892,109.34700675723,690.918795952122));
#6254=CARTESIAN_POINT('Ctrl Pts',(-0.9464001237033,109.990195787535,690.013795046153));
#6255=CARTESIAN_POINT('Ctrl Pts',(-0.94640330453855,109.99509804945,690.006897303943));
#6256=CARTESIAN_POINT('Ctrl Pts',(-0.94640330453855,110.,690.));
#6257=CARTESIAN_POINT('Ctrl Pts',(-0.94640330453855,110.,690.));
#6258=CARTESIAN_POINT('Ctrl Pts',(-0.94640330453855,107.008006996581,687.756005247436));
#6259=CARTESIAN_POINT('Ctrl Pts',(0.0758330233774607,101.022836112527,683.267127084395));
#6260=CARTESIAN_POINT('Ctrl Pts',(3.42653243876953,95.4303603092096,679.072770231907));
#6261=CARTESIAN_POINT('Ctrl Pts',(7.14593226434518,92.0513747917161,676.538531093787));
#6262=CARTESIAN_POINT('Ctrl Pts',(10.6655640974691,90.2061095815975,675.154582186198));
#6263=CARTESIAN_POINT('Ctrl Pts',(14.437336646617,89.8316289156366,674.873721686727));
#6264=CARTESIAN_POINT('Ctrl Pts',(17.7751969616318,90.5021936477092,675.376645235782));
#6265=CARTESIAN_POINT('Ctrl Pts',(20.6164404546839,91.8289320223925,676.371699016794));
#6266=CARTESIAN_POINT('Ctrl Pts',(24.4432171449932,95.0289155513317,678.771686663499));
#6267=CARTESIAN_POINT('Ctrl Pts',(28.0292014977144,101.025981418005,683.269486063504));
#6268=CARTESIAN_POINT('Ctrl Pts',(29.0535966954615,107.008006996581,687.756005247436));
#6269=CARTESIAN_POINT('Ctrl Pts',(29.0535966954615,110.,690.));
#6270=CARTESIAN_POINT('Ctrl Pts',(-0.94640330453855,110.,690.));
#6271=CARTESIAN_POINT('Ctrl Pts',(-0.94640330453855,107.079244925234,687.684767318783));
#6272=CARTESIAN_POINT('Ctrl Pts',(0.146464858771672,101.234988790445,683.051381792492));
#6273=CARTESIAN_POINT('Ctrl Pts',(3.6517098031037,95.8440821103279,678.854335749582));
#6274=CARTESIAN_POINT('Ctrl Pts',(7.4010195161804,92.643435289126,676.411347976968));
#6275=CARTESIAN_POINT('Ctrl Pts',(10.8453750934409,90.9333914625808,675.134744506211));
#6276=CARTESIAN_POINT('Ctrl Pts',(14.4137128821073,90.5943621163981,674.887003902351));
#6277=CARTESIAN_POINT('Ctrl Pts',(17.5985448906903,91.20735898958,675.33890891636));
#6278=CARTESIAN_POINT('Ctrl Pts',(20.3642996213536,92.4364050637996,676.256296355914));
#6279=CARTESIAN_POINT('Ctrl Pts',(24.2068531041144,95.4556971074332,678.550842084083));
#6280=CARTESIAN_POINT('Ctrl Pts',(27.9584932130593,101.239235463166,683.05586245886));
#6281=CARTESIAN_POINT('Ctrl Pts',(29.0535966954615,107.079244925234,687.684767318783));
#6282=CARTESIAN_POINT('Ctrl Pts',(29.0535966954615,110.,690.));
#6283=CARTESIAN_POINT('Ctrl Pts',(-0.94640330453855,110.,690.));
#6284=CARTESIAN_POINT('Ctrl Pts',(-0.94640330453855,107.22172078254,687.542291461477));
#6285=CARTESIAN_POINT('Ctrl Pts',(0.245552758823396,101.659170317615,682.620582702647));
#6286=CARTESIAN_POINT('Ctrl Pts',(3.98325066013143,96.6709955747216,678.312769396285));
#6287=CARTESIAN_POINT('Ctrl Pts',(7.78626358853225,93.8261194423958,675.928479576148));
#6288=CARTESIAN_POINT('Ctrl Pts',(11.1226429232903,92.3854028182732,674.766914075067));
#6289=CARTESIAN_POINT('Ctrl Pts',(14.3770727838682,92.116878324359,674.559886930725));
#6290=CARTESIAN_POINT('Ctrl Pts',(17.3278039007336,92.6152866624877,674.951716083725));
#6291=CARTESIAN_POINT('Ctrl Pts',(19.9825962396951,93.6497297308685,675.785442717431));
#6292=CARTESIAN_POINT('Ctrl Pts',(23.8588893301692,96.3087572379715,677.998178293031));
#6293=CARTESIAN_POINT('Ctrl Pts',(27.8588410420819,101.665596514267,682.62786150927));
#6294=CARTESIAN_POINT('Ctrl Pts',(29.0535966954615,107.22172078254,687.542291461477));
#6295=CARTESIAN_POINT('Ctrl Pts',(29.0535966954615,110.,690.));
#6296=CARTESIAN_POINT('Ctrl Pts',(-0.94640330453855,110.,690.));
#6297=CARTESIAN_POINT('Ctrl Pts',(-0.94640330453855,107.471053532825,687.292958711192));
#6298=CARTESIAN_POINT('Ctrl Pts',(0.279771928883714,102.405666486946,681.871781661226));
#6299=CARTESIAN_POINT('Ctrl Pts',(4.1023961311002,98.0013945746353,677.084971770171));
#6300=CARTESIAN_POINT('Ctrl Pts',(7.92755978160352,95.5947840486571,674.416467820786));
#6301=CARTESIAN_POINT('Ctrl Pts',(11.2259466231649,94.4468655574961,673.108348584663));
#6302=CARTESIAN_POINT('Ctrl Pts',(14.3633075840438,94.2484056865473,672.874372980117));
#6303=CARTESIAN_POINT('Ctrl Pts',(17.2273750867042,94.6292202454023,673.316620096782));
#6304=CARTESIAN_POINT('Ctrl Pts',(19.8423447718487,95.4527424029091,674.255366514569));
#6305=CARTESIAN_POINT('Ctrl Pts',(23.7338878019377,97.6789317363399,676.735751652333));
#6306=CARTESIAN_POINT('Ctrl Pts',(27.8242943235728,102.413729717297,681.879303851896));
#6307=CARTESIAN_POINT('Ctrl Pts',(29.0535966954615,107.471053532825,687.292958711192));
#6308=CARTESIAN_POINT('Ctrl Pts',(29.0535966954615,110.,690.));
#6309=CARTESIAN_POINT('Ctrl Pts',(-0.94640330453855,110.,690.));
#6310=CARTESIAN_POINT('Ctrl Pts',(-0.94640330453855,107.649148354457,687.11486388956));
#6311=CARTESIAN_POINT('Ctrl Pts',(0.181450211024151,102.942558812923,681.34089316891));
#6312=CARTESIAN_POINT('Ctrl Pts',(3.76471377645061,98.744028098857,676.050702171817));
#6313=CARTESIAN_POINT('Ctrl Pts',(7.52970877554246,96.3482476855646,672.939523129428));
#6314=CARTESIAN_POINT('Ctrl Pts',(10.9365698208771,95.1271022764926,671.297513905718));
#6315=CARTESIAN_POINT('Ctrl Pts',(14.4018325677261,94.8963882416396,670.976349107735));
#6316=CARTESIAN_POINT('Ctrl Pts',(17.5091162829845,95.3218614715434,671.560316831123));
#6317=CARTESIAN_POINT('Ctrl Pts',(20.237007484255,96.1989585425806,672.740170618743));
#6318=CARTESIAN_POINT('Ctrl Pts',(24.0881626457713,98.4394608101978,675.668863649486));
#6319=CARTESIAN_POINT('Ctrl Pts',(27.9234171719712,102.948083285139,681.345681837919));
#6320=CARTESIAN_POINT('Ctrl Pts',(29.0535966954615,107.649148354457,687.11486388956));
#6321=CARTESIAN_POINT('Ctrl Pts',(29.0535966954615,110.,690.));
#6322=CARTESIAN_POINT('Ctrl Pts',(-0.94640330453855,110.,690.));
#6323=CARTESIAN_POINT('Ctrl Pts',(-0.94640330453855,107.756005247436,687.008006996581));
#6324=CARTESIAN_POINT('Ctrl Pts',(0.0758330233774495,103.267127084395,681.022836112526));
#6325=CARTESIAN_POINT('Ctrl Pts',(3.42653243876956,99.0727702319072,675.430360309209));
#6326=CARTESIAN_POINT('Ctrl Pts',(7.1459322643452,96.538531093787,672.051374791716));
#6327=CARTESIAN_POINT('Ctrl Pts',(10.6655640974691,95.1545821861981,670.206109581598));
#6328=CARTESIAN_POINT('Ctrl Pts',(14.437336646617,94.8737216867274,669.831628915637));
#6329=CARTESIAN_POINT('Ctrl Pts',(17.7751969616318,95.3766452357819,670.502193647709));
#6330=CARTESIAN_POINT('Ctrl Pts',(20.6164404546839,96.3716990167944,671.828932022393));
#6331=CARTESIAN_POINT('Ctrl Pts',(24.4432171449932,98.7716866634988,675.028915551332));
#6332=CARTESIAN_POINT('Ctrl Pts',(28.0292014977144,103.269486063504,681.025981418005));
#6333=CARTESIAN_POINT('Ctrl Pts',(29.0535966954615,107.756005247436,687.008006996581));
#6334=CARTESIAN_POINT('Ctrl Pts',(29.0535966954615,110.,690.));
#6335=CARTESIAN_POINT('Origin',(14.0535966954615,110.,690.));
#6336=CARTESIAN_POINT('Origin',(14.0535966954615,110.,690.));
#6337=CARTESIAN_POINT('Ctrl Pts',(29.0535966954615,110.,690.));
#6338=CARTESIAN_POINT('Ctrl Pts',(29.0535966954615,109.993535401712,690.004275929876));
#6339=CARTESIAN_POINT('Ctrl Pts',(29.0535950058106,109.987071002488,690.008551707679));
#6340=CARTESIAN_POINT('Ctrl Pts',(29.0530234537979,109.028974137191,690.642277683464));
#6341=CARTESIAN_POINT('Ctrl Pts',(28.9731854751548,107.121133430346,691.904174435459));
#6342=CARTESIAN_POINT('Ctrl Pts',(28.60823045125,104.285398499469,693.794925375));
#6343=CARTESIAN_POINT('Ctrl Pts',(27.992182710837,101.527574297356,695.663161445051));
#6344=CARTESIAN_POINT('Ctrl Pts',(27.0868024390697,98.8506730071992,697.522930445273));
#6345=CARTESIAN_POINT('Ctrl Pts',(25.880934674716,96.3591148264717,699.316019137991));
#6346=CARTESIAN_POINT('Ctrl Pts',(24.3080056812322,94.0855225381493,701.034555706788));
#6347=CARTESIAN_POINT('Ctrl Pts',(22.3567703811851,92.1754557107688,702.581854062284));
#6348=CARTESIAN_POINT('Ctrl Pts',(20.3828718921726,90.9887237966697,703.65417075416));
#6349=CARTESIAN_POINT('Ctrl Pts',(18.6447043681214,90.3695512579622,704.303023624201));
#6350=CARTESIAN_POINT('Ctrl Pts',(17.2740661802835,90.0779775265233,704.673971342194));
#6351=CARTESIAN_POINT('Ctrl Pts',(15.8464847185813,89.9705295007157,704.915459814633));
#6352=CARTESIAN_POINT('Ctrl Pts',(13.9460843338412,90.0690384675031,705.05297404534));
#6353=CARTESIAN_POINT('Ctrl Pts',(12.0401956321298,90.5180682873198,704.915232890108));
#6354=CARTESIAN_POINT('Ctrl Pts',(10.2492041818079,91.2480272892599,704.530475221404));
#6355=CARTESIAN_POINT('Ctrl Pts',(8.5391092757363,92.1386075812071,703.999734664738));
#6356=CARTESIAN_POINT('Ctrl Pts',(6.56354409239353,93.5273312447483,703.077763133708));
#6357=CARTESIAN_POINT('Ctrl Pts',(4.53798615937798,95.4705875405793,701.679350396685));
#6358=CARTESIAN_POINT('Ctrl Pts',(2.81575057621685,97.6540602135893,700.026221222118));
#6359=CARTESIAN_POINT('Ctrl Pts',(1.43534335013663,99.9674074929562,698.212711671897));
#6360=CARTESIAN_POINT('Ctrl Pts',(0.366360709379143,102.391653991572,696.266111156916));
#6361=CARTESIAN_POINT('Ctrl Pts',(-0.390561833036209,104.883531841572,694.231658822407));
#6362=CARTESIAN_POINT('Ctrl Pts',(-0.844097077024633,107.420352825876,692.138910014232));
#6363=CARTESIAN_POINT('Ctrl Pts',(-0.945647123171586,109.129342342975,690.721911048128));
#6364=CARTESIAN_POINT('Ctrl Pts',(-0.946400274295974,109.986927716713,690.010838964928));
#6365=CARTESIAN_POINT('Ctrl Pts',(-0.94640330453855,109.993464065932,690.005419310241));
#6366=CARTESIAN_POINT('Ctrl Pts',(-0.94640330453855,110.,690.));
#6367=CARTESIAN_POINT('Ctrl Pts',(29.0535966954615,110.,690.));
#6368=CARTESIAN_POINT('Ctrl Pts',(29.0535965654159,109.993689645422,690.004450248356));
#6369=CARTESIAN_POINT('Ctrl Pts',(29.0535949763692,109.98737849658,690.008900984042));
#6370=CARTESIAN_POINT('Ctrl Pts',(29.0529789362805,109.052114801261,690.668477959607));
#6371=CARTESIAN_POINT('Ctrl Pts',(28.9665466548075,107.189652711361,691.981925317583));
#6372=CARTESIAN_POINT('Ctrl Pts',(28.5727086541017,104.4247281466,693.943473211029));
#6373=CARTESIAN_POINT('Ctrl Pts',(27.9115595172397,101.742279327247,695.869227488198));
#6374=CARTESIAN_POINT('Ctrl Pts',(26.9492043287356,99.1492113212732,697.766112926767));
#6375=CARTESIAN_POINT('Ctrl Pts',(25.6842091008164,96.7502460156316,699.568044275879));
#6376=CARTESIAN_POINT('Ctrl Pts',(24.0647801981936,94.5803137258953,701.26023844322));
#6377=CARTESIAN_POINT('Ctrl Pts',(22.1028921950167,92.7781124265091,702.745451668426));
#6378=CARTESIAN_POINT('Ctrl Pts',(20.1726845191439,91.672158985343,703.747052525321));
#6379=CARTESIAN_POINT('Ctrl Pts',(18.5032785575966,91.096954955843,704.346260849671));
#6380=CARTESIAN_POINT('Ctrl Pts',(17.1967056102507,90.8249303264371,704.688565352248));
#6381=CARTESIAN_POINT('Ctrl Pts',(15.8405511427245,90.7214292493058,704.91388960757));
#6382=CARTESIAN_POINT('Ctrl Pts',(14.03296077351,90.804995788732,705.048508859687));
#6383=CARTESIAN_POINT('Ctrl Pts',(12.2040675370449,91.2122730788208,704.934076323283));
#6384=CARTESIAN_POINT('Ctrl Pts',(10.4591026369883,91.8876882160844,704.584418930163));
#6385=CARTESIAN_POINT('Ctrl Pts',(8.77667827468214,92.7189619527958,704.091536265841));
#6386=CARTESIAN_POINT('Ctrl Pts',(6.80309166102681,94.0296882021983,703.214505809924));
#6387=CARTESIAN_POINT('Ctrl Pts',(4.74702002604149,95.8849901168192,701.850820446828));
#6388=CARTESIAN_POINT('Ctrl Pts',(2.97754385707362,97.9862671550804,700.21012368456));
#6389=CARTESIAN_POINT('Ctrl Pts',(1.54639698399918,100.22515648486,698.387238837382));
#6390=CARTESIAN_POINT('Ctrl Pts',(0.431119810874455,102.580229957899,696.413278326259));
#6391=CARTESIAN_POINT('Ctrl Pts',(-0.362152933040535,105.007199712478,694.337623054251));
#6392=CARTESIAN_POINT('Ctrl Pts',(-0.83872955663314,107.481790511582,692.19447453378));
#6393=CARTESIAN_POINT('Ctrl Pts',(-0.945628790193804,109.150050419505,690.740639885367));
#6394=CARTESIAN_POINT('Ctrl Pts',(-0.946399856325696,109.987239348775,690.011120876163));
#6395=CARTESIAN_POINT('Ctrl Pts',(-0.946403537650618,109.993619311843,690.005559709202));
#6396=CARTESIAN_POINT('Ctrl Pts',(-0.94640330453855,110.,690.));
#6397=CARTESIAN_POINT('Ctrl Pts',(29.0535966954615,110.,690.));
#6398=CARTESIAN_POINT('Ctrl Pts',(29.053596259176,109.993997615164,690.004798744406));
#6399=CARTESIAN_POINT('Ctrl Pts',(29.0535950667421,109.98799401535,690.009599672044));
#6400=CARTESIAN_POINT('Ctrl Pts',(29.0529136428598,109.098364615303,690.720871155952));
#6401=CARTESIAN_POINT('Ctrl Pts',(28.9576215112559,107.326715562262,692.137419463979));
#6402=CARTESIAN_POINT('Ctrl Pts',(28.5247294097815,104.703409258589,694.245514180111));
#6403=CARTESIAN_POINT('Ctrl Pts',(27.8020258034191,102.17165675954,696.300459378487));
#6404=CARTESIAN_POINT('Ctrl Pts',(26.7608291555489,99.7461712122396,698.299861897203));
#6405=CARTESIAN_POINT('Ctrl Pts',(25.4126222171453,97.5322686050525,700.164045716888));
#6406=CARTESIAN_POINT('Ctrl Pts',(23.7266631679108,95.5690130396755,701.865505921348));
#6407=CARTESIAN_POINT('Ctrl Pts',(21.7501203077704,93.9818621149857,703.29988689988));
#6408=CARTESIAN_POINT('Ctrl Pts',(19.8873517905057,93.0367134719844,704.218988329315));
#6409=CARTESIAN_POINT('Ctrl Pts',(18.3241104180909,92.5489506395552,704.75282035343));
#6410=CARTESIAN_POINT('Ctrl Pts',(17.1162984848581,92.3158545428595,705.054271055331));
#6411=CARTESIAN_POINT('Ctrl Pts',(15.8696992605317,92.220251598097,705.252845053767));
#6412=CARTESIAN_POINT('Ctrl Pts',(14.2031361659557,92.2741041033383,705.374368050999));
#6413=CARTESIAN_POINT('Ctrl Pts',(12.4880516002478,92.5983949615892,705.278888838403));
#6414=CARTESIAN_POINT('Ctrl Pts',(10.8072250574114,93.1652801847645,704.96089375276));
#6415=CARTESIAN_POINT('Ctrl Pts',(9.16012666676282,93.8784277203089,704.501215935765));
#6416=CARTESIAN_POINT('Ctrl Pts',(7.18065023479013,95.0337286199195,703.65840172817));
#6417=CARTESIAN_POINT('Ctrl Pts',(5.07004820250801,96.7133923840024,702.305873092387));
#6418=CARTESIAN_POINT('Ctrl Pts',(3.2238602228154,98.6505897697955,700.643881074042));
#6419=CARTESIAN_POINT('Ctrl Pts',(1.71358342387216,100.740601084675,698.770053210557));
#6420=CARTESIAN_POINT('Ctrl Pts',(0.527798084015633,102.957362459864,696.721298187326));
#6421=CARTESIAN_POINT('Ctrl Pts',(-0.319980791308848,105.254555292354,694.553053025983));
#6422=CARTESIAN_POINT('Ctrl Pts',(-0.830796396204073,107.604602365511,692.30555376363));
#6423=CARTESIAN_POINT('Ctrl Pts',(-0.945594376273155,109.191555824876,690.778178418323));
#6424=CARTESIAN_POINT('Ctrl Pts',(-0.946399324910838,109.987861052687,690.01168328762));
#6425=CARTESIAN_POINT('Ctrl Pts',(-0.946403804942024,109.993931297063,690.005841857436));
#6426=CARTESIAN_POINT('Ctrl Pts',(-0.94640330453855,110.,690.));
#6427=CARTESIAN_POINT('Ctrl Pts',(29.0535966954615,110.,690.));
#6428=CARTESIAN_POINT('Ctrl Pts',(29.0535963007628,109.994537044614,690.005409972185));
#6429=CARTESIAN_POINT('Ctrl Pts',(29.053595010543,109.989070690985,690.010820960804));
#6430=CARTESIAN_POINT('Ctrl Pts',(29.0529139309869,109.179328688556,690.812646819836));
#6431=CARTESIAN_POINT('Ctrl Pts',(28.9571414878213,107.566573678258,692.409437839427));
#6432=CARTESIAN_POINT('Ctrl Pts',(28.5221917389985,105.185433157387,694.785024940247));
#6433=CARTESIAN_POINT('Ctrl Pts',(27.7962704574924,102.900609300858,697.098955625678));
#6434=CARTESIAN_POINT('Ctrl Pts',(26.7516154626019,100.732905008183,699.346631305044));
#6435=CARTESIAN_POINT('Ctrl Pts',(25.4018674357231,98.7827081054311,701.43571476485));
#6436=CARTESIAN_POINT('Ctrl Pts',(23.7217570225275,97.0900186368529,703.330644283049));
#6437=CARTESIAN_POINT('Ctrl Pts',(21.7671897804583,95.7607288677751,704.907693603067));
#6438=CARTESIAN_POINT('Ctrl Pts',(19.946236152339,94.9949178779121,705.891468968366));
#6439=CARTESIAN_POINT('Ctrl Pts',(18.4297558052491,94.6029091981525,706.441606272491));
#6440=CARTESIAN_POINT('Ctrl Pts',(17.2607291068287,94.4131082797266,706.739343042214));
#6441=CARTESIAN_POINT('Ctrl Pts',(16.0531604512067,94.3286802448276,706.919421880611));
#6442=CARTESIAN_POINT('Ctrl Pts',(14.4320682533727,94.3557449252648,707.000520293286));
#6443=CARTESIAN_POINT('Ctrl Pts',(12.7456957321509,94.595964993103,706.843364721092));
#6444=CARTESIAN_POINT('Ctrl Pts',(11.0717017927761,95.0449206077229,706.448951267821));
#6445=CARTESIAN_POINT('Ctrl Pts',(9.41945790130704,95.6244989922797,705.904064424219));
#6446=CARTESIAN_POINT('Ctrl Pts',(7.41409125568848,96.592360576187,704.939157248825));
#6447=CARTESIAN_POINT('Ctrl Pts',(5.25764953883422,98.0416144925209,703.425431831374));
#6448=CARTESIAN_POINT('Ctrl Pts',(3.36106408142914,99.7459283729032,701.588262588715));
#6449=CARTESIAN_POINT('Ctrl Pts',(1.80417075429355,101.60982944909,699.533218714608));
#6450=CARTESIAN_POINT('Ctrl Pts',(0.579173686769478,103.604556310448,697.297575653625));
#6451=CARTESIAN_POINT('Ctrl Pts',(-0.297845561154035,105.68421220096,694.939405323758));
#6452=CARTESIAN_POINT('Ctrl Pts',(-0.826666229838993,107.819626371748,692.500048389771));
#6453=CARTESIAN_POINT('Ctrl Pts',(-0.945575928771124,109.264042210232,690.84374348579));
#6454=CARTESIAN_POINT('Ctrl Pts',(-0.946399037712128,109.988951612701,690.012669753973));
#6455=CARTESIAN_POINT('Ctrl Pts',(-0.94640395683734,109.994474805437,690.006333463341));
#6456=CARTESIAN_POINT('Ctrl Pts',(-0.94640330453855,110.,690.));
#6457=CARTESIAN_POINT('Ctrl Pts',(29.0535966954615,110.,690.));
#6458=CARTESIAN_POINT('Ctrl Pts',(29.0535964124163,109.994921011447,690.005846307073));
#6459=CARTESIAN_POINT('Ctrl Pts',(29.0535951949871,109.989841137908,690.011693557118));
#6460=CARTESIAN_POINT('Ctrl Pts',(29.0530057805236,109.237074746989,690.878188176085));
#6461=CARTESIAN_POINT('Ctrl Pts',(28.9703275261123,107.737994323022,692.603712797221));
#6462=CARTESIAN_POINT('Ctrl Pts',(28.5931616954922,105.519742407151,695.174635387459));
#6463=CARTESIAN_POINT('Ctrl Pts',(27.9587460689687,103.381433675226,697.686708886138));
#6464=CARTESIAN_POINT('Ctrl Pts',(27.0329681120078,101.33589662598,700.142230106897));
#6465=CARTESIAN_POINT('Ctrl Pts',(25.8129504931061,99.4711280888147,702.448747547166));
#6466=CARTESIAN_POINT('Ctrl Pts',(24.2481326502753,97.8176453969713,704.578349122947));
#6467=CARTESIAN_POINT('Ctrl Pts',(22.3509031763101,96.4780324189684,706.398899728943));
#6468=CARTESIAN_POINT('Ctrl Pts',(20.4841635777672,95.6761907151342,707.571765781235));
#6469=CARTESIAN_POINT('Ctrl Pts',(18.8662253448649,95.2611722199736,708.23116794739));
#6470=CARTESIAN_POINT('Ctrl Pts',(17.5958841120765,95.0628983525281,708.581321369397));
#6471=CARTESIAN_POINT('Ctrl Pts',(16.2706372568739,94.9821448639144,708.777470127798));
#6472=CARTESIAN_POINT('Ctrl Pts',(14.4922773069954,95.0294905822648,708.829827638125));
#6473=CARTESIAN_POINT('Ctrl Pts',(12.6704557517729,95.3068491673329,708.573577489173));
#6474=CARTESIAN_POINT('Ctrl Pts',(10.9097082712665,95.7877214555663,708.041691768107));
#6475=CARTESIAN_POINT('Ctrl Pts',(9.19929930215052,96.390833740798,707.344261308713));
#6476=CARTESIAN_POINT('Ctrl Pts',(7.17146183318274,97.3648743734852,706.174715461729));
#6477=CARTESIAN_POINT('Ctrl Pts',(5.03767216376059,98.7789854932114,704.429385299019));
#6478=CARTESIAN_POINT('Ctrl Pts',(3.18833305938056,100.410551464797,702.379426246596));
#6479=CARTESIAN_POINT('Ctrl Pts',(1.68507910604317,102.172699261864,700.136629101701));
#6480=CARTESIAN_POINT('Ctrl Pts',(0.509682580488062,104.044059341834,697.732375108371));
#6481=CARTESIAN_POINT('Ctrl Pts',(-0.328300297883747,105.985467368653,695.221223700739));
#6482=CARTESIAN_POINT('Ctrl Pts',(-0.832421798444872,107.973115993138,692.638893668498));
#6483=CARTESIAN_POINT('Ctrl Pts',(-0.945588337159883,109.315949116763,690.890699636929));
#6484=CARTESIAN_POINT('Ctrl Pts',(-0.946399599364419,109.989728280515,690.013372215866));
#6485=CARTESIAN_POINT('Ctrl Pts',(-0.946403600087,109.994865233507,690.00668667324));
#6486=CARTESIAN_POINT('Ctrl Pts',(-0.94640330453855,110.,690.));
#6487=CARTESIAN_POINT('Ctrl Pts',(29.0535966954615,110.,690.));
#6488=CARTESIAN_POINT('Ctrl Pts',(29.0535966954615,109.995151551296,690.006108471242));
#6489=CARTESIAN_POINT('Ctrl Pts',(29.0535952221224,109.990303251866,690.012216743809));
#6490=CARTESIAN_POINT('Ctrl Pts',(29.0530916382307,109.271730602895,690.917535493622));
#6491=CARTESIAN_POINT('Ctrl Pts',(28.9831394950959,107.84085007276,692.720260774256));
#6492=CARTESIAN_POINT('Ctrl Pts',(28.6615293202413,105.714048874602,695.406833355684));
#6493=CARTESIAN_POINT('Ctrl Pts',(28.1132895360766,103.645680723017,698.033766434776));
#6494=CARTESIAN_POINT('Ctrl Pts',(27.2956974146435,101.6380047554,700.607136872482));
#6495=CARTESIAN_POINT('Ctrl Pts',(26.1878298048976,99.7693361198539,703.03573808968));
#6496=CARTESIAN_POINT('Ctrl Pts',(24.7140258639132,98.0641419036121,705.299300362876));
#6497=CARTESIAN_POINT('Ctrl Pts',(22.8485193960728,96.6315917830767,707.264435021834));
#6498=CARTESIAN_POINT('Ctrl Pts',(20.9234954901836,95.7415428475023,708.557288288858));
#6499=CARTESIAN_POINT('Ctrl Pts',(19.2046861946256,95.2771634434716,709.291629796684));
#6500=CARTESIAN_POINT('Ctrl Pts',(17.8383725778432,95.0584831448924,709.681487722048));
#6501=CARTESIAN_POINT('Ctrl Pts',(16.4046052074693,94.9778971255368,709.895893939654));
#6502=CARTESIAN_POINT('Ctrl Pts',(14.483449127161,95.0517788506272,709.941556415628));
#6503=CARTESIAN_POINT('Ctrl Pts',(12.5399468084863,95.3885512154899,709.633309223429));
#6504=CARTESIAN_POINT('Ctrl Pts',(10.7018596085245,95.9360204669449,709.022257928406));
#6505=CARTESIAN_POINT('Ctrl Pts',(8.94042788006132,96.6039556859053,708.234336298216));
#6506=CARTESIAN_POINT('Ctrl Pts',(6.89570125641885,97.6454984335612,706.93951821686));
#6507=CARTESIAN_POINT('Ctrl Pts',(4.7897973898187,99.1029406554344,705.049607143168));
#6508=CARTESIAN_POINT('Ctrl Pts',(2.99340559204259,100.740545160192,702.865614421133));
#6509=CARTESIAN_POINT('Ctrl Pts',(1.5501007638152,102.475555619717,700.505004571111));
#6510=CARTESIAN_POINT('Ctrl Pts',(0.430548221692731,104.293740493679,697.995954236353));
#6511=CARTESIAN_POINT('Ctrl Pts',(-0.363119967115259,106.162648881178,695.39100253881));
#6512=CARTESIAN_POINT('Ctrl Pts',(-0.839013940371121,108.065264619407,692.722258431478));
#6513=CARTESIAN_POINT('Ctrl Pts',(-0.945609689216892,109.34700675723,690.918795952122));
#6514=CARTESIAN_POINT('Ctrl Pts',(-0.9464001237033,109.990195787535,690.013795046153));
#6515=CARTESIAN_POINT('Ctrl Pts',(-0.94640330453855,109.99509804945,690.006897303943));
#6516=CARTESIAN_POINT('Ctrl Pts',(-0.94640330453855,110.,690.));
#6517=CARTESIAN_POINT('Ctrl Pts',(-0.94640330453855,110.,690.));
#6518=CARTESIAN_POINT('Ctrl Pts',(-0.94640330453855,109.993464065932,690.005419310241));
#6519=CARTESIAN_POINT('Ctrl Pts',(-0.946400274295974,109.986927716713,690.010838964928));
#6520=CARTESIAN_POINT('Ctrl Pts',(-0.945647123171586,109.129342342975,690.721911048128));
#6521=CARTESIAN_POINT('Ctrl Pts',(-0.844097077024633,107.420352825876,692.138910014232));
#6522=CARTESIAN_POINT('Ctrl Pts',(-0.390561833036209,104.883531841572,694.231658822407));
#6523=CARTESIAN_POINT('Ctrl Pts',(0.366360709379143,102.391653991572,696.266111156916));
#6524=CARTESIAN_POINT('Ctrl Pts',(1.43534335013663,99.9674074929562,698.212711671897));
#6525=CARTESIAN_POINT('Ctrl Pts',(2.81575057621685,97.6540602135893,700.026221222118));
#6526=CARTESIAN_POINT('Ctrl Pts',(4.53798615937798,95.4705875405793,701.679350396685));
#6527=CARTESIAN_POINT('Ctrl Pts',(6.56354409239353,93.5273312447483,703.077763133708));
#6528=CARTESIAN_POINT('Ctrl Pts',(8.5391092757363,92.1386075812071,703.999734664738));
#6529=CARTESIAN_POINT('Ctrl Pts',(10.2492041818079,91.2480272892599,704.530475221404));
#6530=CARTESIAN_POINT('Ctrl Pts',(12.0401956321298,90.5180682873198,704.915232890108));
#6531=CARTESIAN_POINT('Ctrl Pts',(13.9460843338412,90.0690384675031,705.05297404534));
#6532=CARTESIAN_POINT('Ctrl Pts',(15.8464847185813,89.9705295007157,704.915459814633));
#6533=CARTESIAN_POINT('Ctrl Pts',(17.2740661802835,90.0779775265233,704.673971342194));
#6534=CARTESIAN_POINT('Ctrl Pts',(18.6447043681214,90.3695512579622,704.303023624201));
#6535=CARTESIAN_POINT('Ctrl Pts',(20.3828718921726,90.9887237966697,703.65417075416));
#6536=CARTESIAN_POINT('Ctrl Pts',(22.3567703811851,92.1754557107688,702.581854062284));
#6537=CARTESIAN_POINT('Ctrl Pts',(24.3080056812322,94.0855225381493,701.034555706788));
#6538=CARTESIAN_POINT('Ctrl Pts',(25.880934674716,96.3591148264717,699.316019137991));
#6539=CARTESIAN_POINT('Ctrl Pts',(27.0868024390697,98.8506730071992,697.522930445273));
#6540=CARTESIAN_POINT('Ctrl Pts',(27.992182710837,101.527574297356,695.663161445051));
#6541=CARTESIAN_POINT('Ctrl Pts',(28.60823045125,104.285398499469,693.794925375));
#6542=CARTESIAN_POINT('Ctrl Pts',(28.9731854751548,107.121133430346,691.904174435459));
#6543=CARTESIAN_POINT('Ctrl Pts',(29.0530234537979,109.028974137191,690.642277683464));
#6544=CARTESIAN_POINT('Ctrl Pts',(29.0535950058106,109.987071002488,690.008551707679));
#6545=CARTESIAN_POINT('Ctrl Pts',(29.0535966954615,109.993535401712,690.004275929876));
#6546=CARTESIAN_POINT('Ctrl Pts',(29.0535966954615,110.,690.));
#6547=CARTESIAN_POINT('Ctrl Pts',(-0.94640330453855,110.,570.));
#6548=CARTESIAN_POINT('Ctrl Pts',(-0.94640330453855,107.008006996581,567.756005247436));
#6549=CARTESIAN_POINT('Ctrl Pts',(0.0757179134524417,101.023297832009,563.267473374006));
#6550=CARTESIAN_POINT('Ctrl Pts',(3.42638194009619,95.429811718251,559.072358788688));
#6551=CARTESIAN_POINT('Ctrl Pts',(7.14572747648164,92.0520498694535,556.53903740209));
#6552=CARTESIAN_POINT('Ctrl Pts',(11.3693571707273,89.8337025124177,554.875276884313));
#6553=CARTESIAN_POINT('Ctrl Pts',(16.3541119604646,89.8367749123181,554.877581184238));
#6554=CARTESIAN_POINT('Ctrl Pts',(20.6164706207217,91.8303089561211,556.372731717091));
#6555=CARTESIAN_POINT('Ctrl Pts',(23.4849902236548,94.2309842077316,558.173238155799));
#6556=CARTESIAN_POINT('Ctrl Pts',(25.8792443696586,97.4256000401185,560.569200030089));
#6557=CARTESIAN_POINT('Ctrl Pts',(28.2841215776291,102.523208146572,564.392406109929));
#6558=CARTESIAN_POINT('Ctrl Pts',(29.0535966954615,107.008006996581,567.756005247436));
#6559=CARTESIAN_POINT('Ctrl Pts',(29.0535966954615,110.,570.));
#6560=CARTESIAN_POINT('Ctrl Pts',(-0.94640330453855,110.,570.));
#6561=CARTESIAN_POINT('Ctrl Pts',(-0.94640330453855,107.079244925234,567.684767318783));
#6562=CARTESIAN_POINT('Ctrl Pts',(0.146396633329847,101.235054325383,563.051210106341));
#6563=CARTESIAN_POINT('Ctrl Pts',(3.65136169596907,95.844473285455,558.855274896759));
#6564=CARTESIAN_POINT('Ctrl Pts',(7.40086619596857,92.6435857616909,556.411182650484));
#6565=CARTESIAN_POINT('Ctrl Pts',(11.533277839587,90.5925884524128,554.883304708107));
#6566=CARTESIAN_POINT('Ctrl Pts',(16.2143616265639,90.5952225936879,554.885072135663));
#6567=CARTESIAN_POINT('Ctrl Pts',(20.3646445635671,92.4358925043637,556.254696371113));
#6568=CARTESIAN_POINT('Ctrl Pts',(23.2441984822671,94.7045476320854,557.981562891401));
#6569=CARTESIAN_POINT('Ctrl Pts',(25.7095595562988,97.7659785893023,560.349365842671));
#6570=CARTESIAN_POINT('Ctrl Pts',(28.2308185757696,102.701667569489,564.215755636784));
#6571=CARTESIAN_POINT('Ctrl Pts',(29.0535966954615,107.079244925234,567.684767318783));
#6572=CARTESIAN_POINT('Ctrl Pts',(29.0535966954615,110.,570.));
#6573=CARTESIAN_POINT('Ctrl Pts',(-0.94640330453855,110.,570.));
#6574=CARTESIAN_POINT('Ctrl Pts',(-0.946403304538551,107.22172078254,567.542291461477));
#6575=CARTESIAN_POINT('Ctrl Pts',(0.245539256483894,101.658466774144,562.619593605898));
#6576=CARTESIAN_POINT('Ctrl Pts',(3.98252752992497,96.6732740628463,558.315690267406));
#6577=CARTESIAN_POINT('Ctrl Pts',(7.78614033557907,93.8252540126596,555.927241344501));
#6578=CARTESIAN_POINT('Ctrl Pts',(11.7874909206341,92.1075418190155,554.548039044117));
#6579=CARTESIAN_POINT('Ctrl Pts',(15.9975561079287,92.10929059027,554.549150312236));
#6580=CARTESIAN_POINT('Ctrl Pts',(19.9834807987119,93.6455263581234,555.779841142181));
#6581=CARTESIAN_POINT('Ctrl Pts',(22.8865176655041,95.6509038739453,557.453128427671));
#6582=CARTESIAN_POINT('Ctrl Pts',(25.4620173376132,98.4464362801301,559.844082940836));
#6583=CARTESIAN_POINT('Ctrl Pts',(28.1553018215882,103.058420326895,563.860958830343));
#6584=CARTESIAN_POINT('Ctrl Pts',(29.0535966954615,107.22172078254,567.542291461477));
#6585=CARTESIAN_POINT('Ctrl Pts',(29.0535966954615,110.,570.));
#6586=CARTESIAN_POINT('Ctrl Pts',(-0.94640330453855,110.,570.));
#6587=CARTESIAN_POINT('Ctrl Pts',(-0.94640330453855,107.471053532825,567.292958711192));
#6588=CARTESIAN_POINT('Ctrl Pts',(0.279790890369732,102.404398736393,561.870674268317));
#6589=CARTESIAN_POINT('Ctrl Pts',(4.10154397068064,98.0049449305026,557.088104421273));
#6590=CARTESIAN_POINT('Ctrl Pts',(7.92746725909926,95.5931753218291,554.415066134137));
#6591=CARTESIAN_POINT('Ctrl Pts',(11.8826386861843,94.2338141615342,552.861280720241));
#6592=CARTESIAN_POINT('Ctrl Pts',(15.9163353778309,94.2347758235301,552.86262576151));
#6593=CARTESIAN_POINT('Ctrl Pts',(19.8434316407096,95.4458267153035,554.249261254519));
#6594=CARTESIAN_POINT('Ctrl Pts',(22.7570360397841,97.1315974922713,556.124061146426));
#6595=CARTESIAN_POINT('Ctrl Pts',(25.3737132487736,99.5661919424135,558.787046061396));
#6596=CARTESIAN_POINT('Ctrl Pts',(28.1289566226374,103.683050383007,563.237313163201));
#6597=CARTESIAN_POINT('Ctrl Pts',(29.0535966954615,107.471053532825,567.292958711192));
#6598=CARTESIAN_POINT('Ctrl Pts',(29.0535966954615,110.,570.));
#6599=CARTESIAN_POINT('Ctrl Pts',(-0.94640330453855,110.,570.));
#6600=CARTESIAN_POINT('Ctrl Pts',(-0.94640330453855,107.649148354457,567.11486388956));
#6601=CARTESIAN_POINT('Ctrl Pts',(0.181366607424081,102.942185718666,561.340772149708));
#6602=CARTESIAN_POINT('Ctrl Pts',(3.76419275520972,98.7457645467519,556.051594513053));
#6603=CARTESIAN_POINT('Ctrl Pts',(7.52950417505367,96.3478286120645,552.939428845483));
#6604=CARTESIAN_POINT('Ctrl Pts',(11.6164614699577,94.8902207825319,550.972673629518));
#6605=CARTESIAN_POINT('Ctrl Pts',(16.1435517601925,94.8916588191075,550.975073137786));
#6606=CARTESIAN_POINT('Ctrl Pts',(20.2375491326615,96.196237144586,552.738749936255));
#6607=CARTESIAN_POINT('Ctrl Pts',(23.1231656853141,97.8852789869841,554.941208875962));
#6608=CARTESIAN_POINT('Ctrl Pts',(25.6246069547046,100.23868799501,557.936007700303));
#6609=CARTESIAN_POINT('Ctrl Pts',(28.2044506410041,104.126480787853,562.790719148093));
#6610=CARTESIAN_POINT('Ctrl Pts',(29.0535966954615,107.649148354457,567.11486388956));
#6611=CARTESIAN_POINT('Ctrl Pts',(29.0535966954615,110.,570.));
#6612=CARTESIAN_POINT('Ctrl Pts',(-0.94640330453855,110.,570.));
#6613=CARTESIAN_POINT('Ctrl Pts',(-0.94640330453855,107.756005247436,567.008006996581));
#6614=CARTESIAN_POINT('Ctrl Pts',(0.0757179134524297,103.267473374007,561.023297832009));
#6615=CARTESIAN_POINT('Ctrl Pts',(3.42638194009618,99.0723587886882,555.429811718251));
#6616=CARTESIAN_POINT('Ctrl Pts',(7.14572747648163,96.5390374020901,552.052049869453));
#6617=CARTESIAN_POINT('Ctrl Pts',(11.3693571707273,94.8752768843132,549.833702512417));
#6618=CARTESIAN_POINT('Ctrl Pts',(16.3541119604646,94.8775811842385,549.836774912318));
#6619=CARTESIAN_POINT('Ctrl Pts',(20.6164706207217,96.3727317170908,551.830308956121));
#6620=CARTESIAN_POINT('Ctrl Pts',(23.4849902236548,98.1732381557987,554.230984207732));
#6621=CARTESIAN_POINT('Ctrl Pts',(25.8792443696586,100.569200030089,557.425600040118));
#6622=CARTESIAN_POINT('Ctrl Pts',(28.2841215776291,104.392406109929,562.523208146572));
#6623=CARTESIAN_POINT('Ctrl Pts',(29.0535966954615,107.756005247436,567.008006996581));
#6624=CARTESIAN_POINT('Ctrl Pts',(29.0535966954615,110.,570.));
#6625=CARTESIAN_POINT('',(-0.946403304538563,110.,570.));
#6626=CARTESIAN_POINT('',(29.0535966954615,110.,570.));
#6627=CARTESIAN_POINT('Origin',(14.0535966954615,110.,570.));
#6628=CARTESIAN_POINT('Origin',(14.0535966954615,110.,570.));
#6629=CARTESIAN_POINT('Ctrl Pts',(29.0535966954615,110.,570.));
#6630=CARTESIAN_POINT('Ctrl Pts',(29.0535966954615,107.008006996581,572.243994752564));
#6631=CARTESIAN_POINT('Ctrl Pts',(28.0314753400553,101.023297683779,576.732526737166));
#6632=CARTESIAN_POINT('Ctrl Pts',(24.680811276243,95.4298116752404,580.92764124357));
#6633=CARTESIAN_POINT('Ctrl Pts',(20.9614657554452,92.0520497798163,583.460962665138));
#6634=CARTESIAN_POINT('Ctrl Pts',(16.7378361267396,89.8337024870102,585.124723134742));
#6635=CARTESIAN_POINT('Ctrl Pts',(11.7530814279364,89.8367750406421,585.122418719518));
#6636=CARTESIAN_POINT('Ctrl Pts',(7.49072278023521,91.830309065754,583.627268200685));
#6637=CARTESIAN_POINT('Ctrl Pts',(4.62220321972781,94.2309843248097,581.826761756393));
#6638=CARTESIAN_POINT('Ctrl Pts',(2.22794908409156,97.425600129933,579.43079990255));
#6639=CARTESIAN_POINT('Ctrl Pts',(-0.176928079453967,102.523208247134,575.607593814649));
#6640=CARTESIAN_POINT('Ctrl Pts',(-0.94640330453855,107.008006996581,572.243994752564));
#6641=CARTESIAN_POINT('Ctrl Pts',(-0.94640330453855,110.,570.));
#6642=CARTESIAN_POINT('Ctrl Pts',(29.0535966954615,110.,570.));
#6643=CARTESIAN_POINT('Ctrl Pts',(29.0535966954615,107.079244925234,572.315232681217));
#6644=CARTESIAN_POINT('Ctrl Pts',(27.9607965834571,101.23505426411,576.948789888266));
#6645=CARTESIAN_POINT('Ctrl Pts',(24.4558314700483,95.8444734075896,581.144724866168));
#6646=CARTESIAN_POINT('Ctrl Pts',(20.7063269853545,92.6435858464236,583.588817137153));
#6647=CARTESIAN_POINT('Ctrl Pts',(16.5739153984741,90.5925884963272,585.116695158905));
#6648=CARTESIAN_POINT('Ctrl Pts',(11.8928317463815,90.5952225827609,585.114927906735));
#6649=CARTESIAN_POINT('Ctrl Pts',(7.7425488274588,92.4358925049226,583.745303655364));
#6650=CARTESIAN_POINT('Ctrl Pts',(4.86299495773989,94.7045476243298,582.018437165748));
#6651=CARTESIAN_POINT('Ctrl Pts',(2.39763389183057,97.7659785788622,579.650634215644));
#6652=CARTESIAN_POINT('Ctrl Pts',(-0.123625069226061,102.701667566974,575.784244415958));
#6653=CARTESIAN_POINT('Ctrl Pts',(-0.94640330453855,107.079244925234,572.315232681217));
#6654=CARTESIAN_POINT('Ctrl Pts',(-0.94640330453855,110.,570.));
#6655=CARTESIAN_POINT('Ctrl Pts',(29.0535966954615,110.,570.));
#6656=CARTESIAN_POINT('Ctrl Pts',(29.0535966954615,107.22172078254,572.457708538522));
#6657=CARTESIAN_POINT('Ctrl Pts',(27.8616539558626,101.65846689056,577.380406232259));
#6658=CARTESIAN_POINT('Ctrl Pts',(24.1246655866334,96.6732745728194,581.68430920459));
#6659=CARTESIAN_POINT('Ctrl Pts',(20.3210528039672,93.8252545176586,584.072758150905));
#6660=CARTESIAN_POINT('Ctrl Pts',(16.3197022448146,92.107542138987,585.451960794441));
#6661=CARTESIAN_POINT('Ctrl Pts',(12.1096372422368,92.1092904497872,585.450850144254));
#6662=CARTESIAN_POINT('Ctrl Pts',(8.12371256999359,93.6455262480302,584.220159208202));
#6663=CARTESIAN_POINT('Ctrl Pts',(5.22067575431184,95.65090367835,582.546871950253));
#6664=CARTESIAN_POINT('Ctrl Pts',(2.64517608527537,98.4464360888562,580.155917351841));
#6665=CARTESIAN_POINT('Ctrl Pts',(-0.0481083219102333,103.058420134131,
576.139041457279));
#6666=CARTESIAN_POINT('Ctrl Pts',(-0.94640330453855,107.22172078254,572.457708538522));
#6667=CARTESIAN_POINT('Ctrl Pts',(-0.94640330453855,110.,570.));
#6668=CARTESIAN_POINT('Ctrl Pts',(29.0535966954615,110.,570.));
#6669=CARTESIAN_POINT('Ctrl Pts',(29.0535966954615,107.471053532825,572.707041288807));
#6670=CARTESIAN_POINT('Ctrl Pts',(27.8274023964327,102.404398941317,578.129325556978));
#6671=CARTESIAN_POINT('Ctrl Pts',(24.0056492412525,98.0049455175743,582.91189505628));
#6672=CARTESIAN_POINT('Ctrl Pts',(20.1797259968754,95.5931758826908,585.584933371282));
#6673=CARTESIAN_POINT('Ctrl Pts',(16.2245545155768,94.2338142664268,587.13871919802));
#6674=CARTESIAN_POINT('Ctrl Pts',(12.1908578785031,94.234775163492,587.137374831056));
#6675=CARTESIAN_POINT('Ctrl Pts',(8.26376161471833,95.4458262080523,585.750739197541));
#6676=CARTESIAN_POINT('Ctrl Pts',(5.35015727102729,97.1315969758484,583.875939309211));
#6677=CARTESIAN_POINT('Ctrl Pts',(2.7334800937703,99.5661915562788,581.21295427607));
#6678=CARTESIAN_POINT('Ctrl Pts',(-0.0217631915013873,103.68305000208,576.762687169167));
#6679=CARTESIAN_POINT('Ctrl Pts',(-0.94640330453855,107.471053532825,572.707041288807));
#6680=CARTESIAN_POINT('Ctrl Pts',(-0.94640330453855,110.,570.));
#6681=CARTESIAN_POINT('Ctrl Pts',(29.0535966954615,110.,570.));
#6682=CARTESIAN_POINT('Ctrl Pts',(29.0535966954615,107.649148354457,572.885136110439));
#6683=CARTESIAN_POINT('Ctrl Pts',(27.9258264549911,102.942185841018,578.659227859197));
#6684=CARTESIAN_POINT('Ctrl Pts',(24.3430001487573,98.7457652630388,583.948405218577));
#6685=CARTESIAN_POINT('Ctrl Pts',(20.5776887102513,96.3478293816903,587.060570904947));
#6686=CARTESIAN_POINT('Ctrl Pts',(16.4907316106008,94.8902217085269,589.027326147698));
#6687=CARTESIAN_POINT('Ctrl Pts',(11.9636417935674,94.8916594556044,589.02492679159));
#6688=CARTESIAN_POINT('Ctrl Pts',(7.8696444816417,96.1962376203335,587.261250009742));
#6689=CARTESIAN_POINT('Ctrl Pts',(4.98402797072294,97.885279186693,585.058791132553));
#6690=CARTESIAN_POINT('Ctrl Pts',(2.48258664013417,100.238687992147,582.063992340137));
#6691=CARTESIAN_POINT('Ctrl Pts',(-0.0972569943344415,104.126480768078,
577.209280889412));
#6692=CARTESIAN_POINT('Ctrl Pts',(-0.94640330453855,107.649148354457,572.885136110439));
#6693=CARTESIAN_POINT('Ctrl Pts',(-0.94640330453855,110.,570.));
#6694=CARTESIAN_POINT('Ctrl Pts',(29.0535966954615,110.,570.));
#6695=CARTESIAN_POINT('Ctrl Pts',(29.0535966954615,107.756005247436,572.991993003419));
#6696=CARTESIAN_POINT('Ctrl Pts',(28.0314753400553,103.267473262834,578.976702316221));
#6697=CARTESIAN_POINT('Ctrl Pts',(24.680811276243,99.0723587564303,584.57018832476));
#6698=CARTESIAN_POINT('Ctrl Pts',(20.9614657554452,96.5390373348622,587.947950220184));
#6699=CARTESIAN_POINT('Ctrl Pts',(16.7378361267395,94.8752768652576,590.16629751299));
#6700=CARTESIAN_POINT('Ctrl Pts',(11.7530814279364,94.8775812804816,590.163224959358));
#6701=CARTESIAN_POINT('Ctrl Pts',(7.49072278023522,96.3727317993154,588.169690934246));
#6702=CARTESIAN_POINT('Ctrl Pts',(4.62220321972783,98.1732382436073,585.76901567519));
#6703=CARTESIAN_POINT('Ctrl Pts',(2.22794908409156,100.56920009745,582.574399870067));
#6704=CARTESIAN_POINT('Ctrl Pts',(-0.176928079453964,104.392406185351,577.476791752866));
#6705=CARTESIAN_POINT('Ctrl Pts',(-0.94640330453855,107.756005247436,572.991993003419));
#6706=CARTESIAN_POINT('Ctrl Pts',(-0.94640330453855,110.,570.));
#6707=CARTESIAN_POINT('Origin',(14.0535966954615,110.,570.));
#6708=CARTESIAN_POINT('Origin',(14.0535966954615,110.,570.));
#6709=CARTESIAN_POINT('Ctrl Pts',(-0.94640330453855,110.,450.));
#6710=CARTESIAN_POINT('Ctrl Pts',(-0.94640330453855,107.008006996581,447.756005247436));
#6711=CARTESIAN_POINT('Ctrl Pts',(0.0756932305993072,101.023326000804,443.267494500603));
#6712=CARTESIAN_POINT('Ctrl Pts',(3.426350388728,95.4298195584311,439.072364668823));
#6713=CARTESIAN_POINT('Ctrl Pts',(7.145699065399,92.0520668386605,436.539050128995));
#6714=CARTESIAN_POINT('Ctrl Pts',(11.3693408193803,89.8337077907762,434.875280843082));
#6715=CARTESIAN_POINT('Ctrl Pts',(16.3541121762667,89.8367513462881,434.877563509716));
#6716=CARTESIAN_POINT('Ctrl Pts',(20.6164730045622,91.830289175994,436.372716881995));
#6717=CARTESIAN_POINT('Ctrl Pts',(23.4850004134538,94.230963122054,438.173222341541));
#6718=CARTESIAN_POINT('Ctrl Pts',(25.8792562852753,97.4255841091456,440.569188081859));
#6719=CARTESIAN_POINT('Ctrl Pts',(28.2841421367339,102.523190109071,444.392392581803));
#6720=CARTESIAN_POINT('Ctrl Pts',(29.0535966954615,107.008006996581,447.756005247436));
#6721=CARTESIAN_POINT('Ctrl Pts',(29.0535966954615,110.,450.));
#6722=CARTESIAN_POINT('Ctrl Pts',(-0.94640330453855,110.,450.));
#6723=CARTESIAN_POINT('Ctrl Pts',(-0.94640330453855,107.079244925234,447.684767318783));
#6724=CARTESIAN_POINT('Ctrl Pts',(0.146365508528931,101.235067213534,443.051211408171));
#6725=CARTESIAN_POINT('Ctrl Pts',(3.65132127254379,95.8444507396179,438.855231672114));
#6726=CARTESIAN_POINT('Ctrl Pts',(7.40082890424091,92.6435706058082,436.411144411401));
#6727=CARTESIAN_POINT('Ctrl Pts',(11.5332507658462,90.5925809106961,434.883281019159));
#6728=CARTESIAN_POINT('Ctrl Pts',(16.2143594392754,90.5952252199195,434.885081188966));
#6729=CARTESIAN_POINT('Ctrl Pts',(20.3646455327095,92.435892786464,436.25470201039));
#6730=CARTESIAN_POINT('Ctrl Pts',(23.2442084076843,94.7045493772444,437.981574062811));
#6731=CARTESIAN_POINT('Ctrl Pts',(25.7095706424853,97.7659807560847,440.349377006087));
#6732=CARTESIAN_POINT('Ctrl Pts',(28.2308410284576,102.701668169634,444.215765669865));
#6733=CARTESIAN_POINT('Ctrl Pts',(29.0535966954615,107.079244925234,447.684767318783));
#6734=CARTESIAN_POINT('Ctrl Pts',(29.0535966954615,110.,450.));
#6735=CARTESIAN_POINT('Ctrl Pts',(-0.94640330453855,110.,450.));
#6736=CARTESIAN_POINT('Ctrl Pts',(-0.946403304538551,107.22172078254,447.542291461477));
#6737=CARTESIAN_POINT('Ctrl Pts',(0.245507991235849,101.658449696302,442.619566879126));
#6738=CARTESIAN_POINT('Ctrl Pts',(3.98247850532149,96.6731817239826,438.315592543378));
#6739=CARTESIAN_POINT('Ctrl Pts',(7.78609601499415,93.8251630042043,435.927148400751));
#6740=CARTESIAN_POINT('Ctrl Pts',(11.787450697638,92.1074846161238,434.548009431319));
#6741=CARTESIAN_POINT('Ctrl Pts',(15.9975502239833,92.1093194543679,434.549236212573));
#6742=CARTESIAN_POINT('Ctrl Pts',(19.9834780647293,93.6455484448432,435.779905649209));
#6743=CARTESIAN_POINT('Ctrl Pts',(22.8865242031323,95.6509414245154,437.453197464986));
#6744=CARTESIAN_POINT('Ctrl Pts',(25.4620239345387,98.4464723974884,439.844135620222));
#6745=CARTESIAN_POINT('Ctrl Pts',(28.1553233722373,103.058456632431,443.861010493817));
#6746=CARTESIAN_POINT('Ctrl Pts',(29.0535966954615,107.22172078254,447.542291461477));
#6747=CARTESIAN_POINT('Ctrl Pts',(29.0535966954615,110.,450.));
#6748=CARTESIAN_POINT('Ctrl Pts',(-0.94640330453855,110.,450.));
#6749=CARTESIAN_POINT('Ctrl Pts',(-0.94640330453855,107.471053532825,447.292958711192));
#6750=CARTESIAN_POINT('Ctrl Pts',(0.279773202198764,102.404364045692,441.870644620739));
#6751=CARTESIAN_POINT('Ctrl Pts',(4.10151261937477,98.0048359192863,437.088006937302));
#6752=CARTESIAN_POINT('Ctrl Pts',(7.92744471241786,95.5930716418442,434.414974240127));
#6753=CARTESIAN_POINT('Ctrl Pts',(11.8826053987476,94.2337949616672,432.861265273045));
#6754=CARTESIAN_POINT('Ctrl Pts',(15.9163121569222,94.2348996366651,432.862736348785));
#6755=CARTESIAN_POINT('Ctrl Pts',(19.8434079196252,95.4459198925087,434.24934378943));
#6756=CARTESIAN_POINT('Ctrl Pts',(22.7570226172361,97.131691515915,436.124143674985));
#6757=CARTESIAN_POINT('Ctrl Pts',(25.3737053819528,99.5662610683658,438.7871061449));
#6758=CARTESIAN_POINT('Ctrl Pts',(28.128966020666,103.683118475964,443.237372252044));
#6759=CARTESIAN_POINT('Ctrl Pts',(29.0535966954615,107.471053532825,447.292958711192));
#6760=CARTESIAN_POINT('Ctrl Pts',(29.0535966954615,110.,450.));
#6761=CARTESIAN_POINT('Ctrl Pts',(-0.94640330453855,110.,450.));
#6762=CARTESIAN_POINT('Ctrl Pts',(-0.94640330453855,107.649148354457,447.11486388956));
#6763=CARTESIAN_POINT('Ctrl Pts',(0.181308241903276,102.942172173364,441.340776898933));
#6764=CARTESIAN_POINT('Ctrl Pts',(3.76410443368771,98.7456398663364,436.051546332062));
#6765=CARTESIAN_POINT('Ctrl Pts',(7.5294124662651,96.3476943646131,432.939384573012));
#6766=CARTESIAN_POINT('Ctrl Pts',(11.6164051092907,94.8900558143497,430.972633953733));
#6767=CARTESIAN_POINT('Ctrl Pts',(16.1435834521101,94.8915480132513,430.975061854356));
#6768=CARTESIAN_POINT('Ctrl Pts',(20.2375918350206,96.1961561830816,432.738741469066));
#6769=CARTESIAN_POINT('Ctrl Pts',(23.1232154062781,97.8852493014544,434.941211924101));
#6770=CARTESIAN_POINT('Ctrl Pts',(25.6246444217709,100.238694921806,437.936016388005));
#6771=CARTESIAN_POINT('Ctrl Pts',(28.2044981789826,104.126490694155,442.790727185916));
#6772=CARTESIAN_POINT('Ctrl Pts',(29.0535966954615,107.649148354457,447.11486388956));
#6773=CARTESIAN_POINT('Ctrl Pts',(29.0535966954615,110.,450.));
#6774=CARTESIAN_POINT('Ctrl Pts',(-0.94640330453855,110.,450.));
#6775=CARTESIAN_POINT('Ctrl Pts',(-0.94640330453855,107.756005247436,447.008006996581));
#6776=CARTESIAN_POINT('Ctrl Pts',(0.0756932305992949,103.267494500603,441.023326000804));
#6777=CARTESIAN_POINT('Ctrl Pts',(3.42635038872799,99.0723646688233,435.429819558431));
#6778=CARTESIAN_POINT('Ctrl Pts',(7.14569906539898,96.5390501289954,432.05206683866));
#6779=CARTESIAN_POINT('Ctrl Pts',(11.3693408193803,94.8752808430821,429.833707790776));
#6780=CARTESIAN_POINT('Ctrl Pts',(16.3541121762667,94.8775635097161,429.836751346288));
#6781=CARTESIAN_POINT('Ctrl Pts',(20.6164730045622,96.3727168819955,431.830289175994));
#6782=CARTESIAN_POINT('Ctrl Pts',(23.4850004134538,98.1732223415405,434.230963122054));
#6783=CARTESIAN_POINT('Ctrl Pts',(25.8792562852753,100.569188081859,437.425584109145));
#6784=CARTESIAN_POINT('Ctrl Pts',(28.2841421367339,104.392392581804,442.523190109071));
#6785=CARTESIAN_POINT('Ctrl Pts',(29.0535966954615,107.756005247436,447.008006996581));
#6786=CARTESIAN_POINT('Ctrl Pts',(29.0535966954615,110.,450.));
#6787=CARTESIAN_POINT('',(-0.946403304538563,110.,450.));
#6788=CARTESIAN_POINT('',(29.0535966954615,110.,450.));
#6789=CARTESIAN_POINT('Origin',(14.0535966954615,110.,450.));
#6790=CARTESIAN_POINT('Origin',(14.0535966954615,110.,450.));
#6791=CARTESIAN_POINT('Ctrl Pts',(29.0535966954615,110.,450.));
#6792=CARTESIAN_POINT('Ctrl Pts',(29.0535966954615,107.008006996581,452.243994752564));
#6793=CARTESIAN_POINT('Ctrl Pts',(28.031499993419,101.023325799582,456.732505650313));
#6794=CARTESIAN_POINT('Ctrl Pts',(24.6808427873558,95.4298195050105,460.927635371242));
#6795=CARTESIAN_POINT('Ctrl Pts',(20.9614941343643,92.0520667180786,463.460949961441));
#6796=CARTESIAN_POINT('Ctrl Pts',(16.7378524638366,89.833707750208,465.124719187344));
#6797=CARTESIAN_POINT('Ctrl Pts',(11.7530812204589,89.8367515094173,465.122436367937));
#6798=CARTESIAN_POINT('Ctrl Pts',(7.49072040617269,91.8302893104017,463.627283017199));
#6799=CARTESIAN_POINT('Ctrl Pts',(4.62219305136073,94.2309632650387,461.826777551221));
#6800=CARTESIAN_POINT('Ctrl Pts',(2.22793719025408,97.4255842154172,459.430811838437));
#6801=CARTESIAN_POINT('Ctrl Pts',(-0.176948597963514,102.523190230859,455.607607326856));
#6802=CARTESIAN_POINT('Ctrl Pts',(-0.94640330453855,107.008006996581,452.243994752564));
#6803=CARTESIAN_POINT('Ctrl Pts',(-0.94640330453855,110.,450.));
#6804=CARTESIAN_POINT('Ctrl Pts',(29.0535966954615,110.,450.));
#6805=CARTESIAN_POINT('Ctrl Pts',(29.0535966954615,107.079244925234,452.315232681217));
#6806=CARTESIAN_POINT('Ctrl Pts',(27.9608276729473,101.235067112936,456.948788616871));
#6807=CARTESIAN_POINT('Ctrl Pts',(24.4558718446132,95.8444508965563,461.144768030857));
#6808=CARTESIAN_POINT('Ctrl Pts',(20.7063642368355,92.6435707079196,463.588855329241));
#6809=CARTESIAN_POINT('Ctrl Pts',(16.5739424443133,90.5925809593928,465.116718821743));
#6810=CARTESIAN_POINT('Ctrl Pts',(11.8928339436608,90.5952251976832,465.11491888198));
#6811=CARTESIAN_POINT('Ctrl Pts',(7.74254787088578,92.4358927820977,463.74529803346));
#6812=CARTESIAN_POINT('Ctrl Pts',(4.86298505757928,94.7045493631892,462.018426018616));
#6813=CARTESIAN_POINT('Ctrl Pts',(2.39762282853679,97.7659807395619,459.650623073817));
#6814=CARTESIAN_POINT('Ctrl Pts',(-0.123647474259671,102.701668164736,455.784234401465));
#6815=CARTESIAN_POINT('Ctrl Pts',(-0.94640330453855,107.079244925234,452.315232681217));
#6816=CARTESIAN_POINT('Ctrl Pts',(-0.94640330453855,110.,450.));
#6817=CARTESIAN_POINT('Ctrl Pts',(29.0535966954615,110.,450.));
#6818=CARTESIAN_POINT('Ctrl Pts',(29.0535966954615,107.22172078254,452.457708538523));
#6819=CARTESIAN_POINT('Ctrl Pts',(27.8616851938708,101.658449784336,457.38043295782));
#6820=CARTESIAN_POINT('Ctrl Pts',(24.1247145555345,96.6731823538427,461.684406776031));
#6821=CARTESIAN_POINT('Ctrl Pts',(20.321097081805,93.8251636218877,464.072850955202));
#6822=CARTESIAN_POINT('Ctrl Pts',(16.3197424226282,92.1074850016175,465.451990364293));
#6823=CARTESIAN_POINT('Ctrl Pts',(12.1096431365235,92.1093192343931,465.45076439571));
#6824=CARTESIAN_POINT('Ctrl Pts',(8.12371531574455,93.64554828029,464.22009479752));
#6825=CARTESIAN_POINT('Ctrl Pts',(5.2206692406846,95.6509411546865,462.546803009373));
#6826=CARTESIAN_POINT('Ctrl Pts',(2.64516950624067,98.4464721419085,460.155864736162));
#6827=CARTESIAN_POINT('Ctrl Pts',(-0.0481298219468125,103.058456376143,
456.13898985493));
#6828=CARTESIAN_POINT('Ctrl Pts',(-0.94640330453855,107.22172078254,452.457708538523));
#6829=CARTESIAN_POINT('Ctrl Pts',(-0.94640330453855,110.,450.));
#6830=CARTESIAN_POINT('Ctrl Pts',(29.0535966954615,110.,450.));
#6831=CARTESIAN_POINT('Ctrl Pts',(29.0535966954615,107.471053532825,452.707041288807));
#6832=CARTESIAN_POINT('Ctrl Pts',(27.8274200759325,102.404364263842,458.129355192437));
#6833=CARTESIAN_POINT('Ctrl Pts',(24.0056805646023,98.0048366805845,462.911992378732));
#6834=CARTESIAN_POINT('Ctrl Pts',(20.1797485375244,95.5930723624893,465.585025118016));
#6835=CARTESIAN_POINT('Ctrl Pts',(16.2245877712513,94.2337950934162,467.138734617665));
#6836=CARTESIAN_POINT('Ctrl Pts',(12.1908810829441,94.2348987621276,467.137264428493));
#6837=CARTESIAN_POINT('Ctrl Pts',(8.26378531441365,95.4459192482508,465.750656777801));
#6838=CARTESIAN_POINT('Ctrl Pts',(5.35017068897887,97.1316908717283,463.875856887537));
#6839=CARTESIAN_POINT('Ctrl Pts',(2.73348796087914,99.566260603137,461.212894257226));
#6840=CARTESIAN_POINT('Ctrl Pts',(-0.021772551315983,103.683118018413,456.762628142796));
#6841=CARTESIAN_POINT('Ctrl Pts',(-0.94640330453855,107.471053532825,452.707041288807));
#6842=CARTESIAN_POINT('Ctrl Pts',(-0.94640330453855,110.,450.));
#6843=CARTESIAN_POINT('Ctrl Pts',(29.0535966954615,110.,450.));
#6844=CARTESIAN_POINT('Ctrl Pts',(29.0535966954615,107.649148354457,452.885136110439));
#6845=CARTESIAN_POINT('Ctrl Pts',(27.9258847592581,102.942172206729,458.659223155405));
#6846=CARTESIAN_POINT('Ctrl Pts',(24.3430883540823,98.7456406837879,463.948453341776));
#6847=CARTESIAN_POINT('Ctrl Pts',(20.5777802983578,96.3476952467468,467.060615131091));
#6848=CARTESIAN_POINT('Ctrl Pts',(16.4907878957589,94.8900569233422,469.027365779732));
#6849=CARTESIAN_POINT('Ctrl Pts',(11.9636101695418,94.8915487408066,469.024938078502));
#6850=CARTESIAN_POINT('Ctrl Pts',(7.86960186197602,96.1961567019607,467.261258481585));
#6851=CARTESIAN_POINT('Ctrl Pts',(4.98397833469519,97.8852494615579,465.058788106451));
#6852=CARTESIAN_POINT('Ctrl Pts',(2.48254922743093,100.238694832411,462.063983680102));
#6853=CARTESIAN_POINT('Ctrl Pts',(-0.0973044561678857,104.126490585021,
457.209272876916));
#6854=CARTESIAN_POINT('Ctrl Pts',(-0.94640330453855,107.649148354457,452.885136110439));
#6855=CARTESIAN_POINT('Ctrl Pts',(-0.94640330453855,110.,450.));
#6856=CARTESIAN_POINT('Ctrl Pts',(29.0535966954615,110.,450.));
#6857=CARTESIAN_POINT('Ctrl Pts',(29.0535966954615,107.756005247436,452.991993003419));
#6858=CARTESIAN_POINT('Ctrl Pts',(28.031499993419,103.267494349687,458.976674200418));
#6859=CARTESIAN_POINT('Ctrl Pts',(24.6808427873558,99.0723646287579,464.570180494989));
#6860=CARTESIAN_POINT('Ctrl Pts',(20.9614941343643,96.539050038559,467.947933281921));
#6861=CARTESIAN_POINT('Ctrl Pts',(16.7378524638366,94.875280812656,470.166292249792));
#6862=CARTESIAN_POINT('Ctrl Pts',(11.753081220459,94.8775636320629,470.163248490583));
#6863=CARTESIAN_POINT('Ctrl Pts',(7.49072040617269,96.3727169828013,468.169710689598));
#6864=CARTESIAN_POINT('Ctrl Pts',(4.62219305136074,98.173222448779,465.769036734961));
#6865=CARTESIAN_POINT('Ctrl Pts',(2.22793719025408,100.569188161563,462.574415784582));
#6866=CARTESIAN_POINT('Ctrl Pts',(-0.176948597963512,104.392392673144,457.476809769141));
#6867=CARTESIAN_POINT('Ctrl Pts',(-0.94640330453855,107.756005247436,452.991993003419));
#6868=CARTESIAN_POINT('Ctrl Pts',(-0.94640330453855,110.,450.));
#6869=CARTESIAN_POINT('Origin',(14.0535966954615,110.,450.));
#6870=CARTESIAN_POINT('Origin',(14.0535966954615,110.,450.));
#6871=CARTESIAN_POINT('Ctrl Pts',(-0.94640330453855,110.,330.));
#6872=CARTESIAN_POINT('Ctrl Pts',(-0.94640330453855,107.008006996581,327.756005247436));
#6873=CARTESIAN_POINT('Ctrl Pts',(0.0756628849169071,101.023365299932,323.267523974949));
#6874=CARTESIAN_POINT('Ctrl Pts',(3.4263108653859,95.4298291558297,319.072371866872));
#6875=CARTESIAN_POINT('Ctrl Pts',(7.14566450732629,92.0520901227145,316.539067592036));
#6876=CARTESIAN_POINT('Ctrl Pts',(11.3693218642742,89.8337163466616,314.875287259996));
#6877=CARTESIAN_POINT('Ctrl Pts',(16.3541141574522,89.8367206344796,314.87754047586));
#6878=CARTESIAN_POINT('Ctrl Pts',(20.6164773446821,91.8302645505075,316.37269841288));
#6879=CARTESIAN_POINT('Ctrl Pts',(23.4850149166616,94.2309370123659,318.173202759274));
#6880=CARTESIAN_POINT('Ctrl Pts',(25.8792724899622,97.4255651760811,320.569173882061));
#6881=CARTESIAN_POINT('Ctrl Pts',(28.2841711483735,102.523168007401,324.392376005551));
#6882=CARTESIAN_POINT('Ctrl Pts',(29.0535966954615,107.008006996581,327.756005247436));
#6883=CARTESIAN_POINT('Ctrl Pts',(29.0535966954615,110.,330.));
#6884=CARTESIAN_POINT('Ctrl Pts',(-0.94640330453855,110.,330.));
#6885=CARTESIAN_POINT('Ctrl Pts',(-0.94640330453855,107.079244925234,327.684767318783));
#6886=CARTESIAN_POINT('Ctrl Pts',(0.146327654660313,101.235089086445,323.051220292845));
#6887=CARTESIAN_POINT('Ctrl Pts',(3.65127125109969,95.8444209317529,318.855176311264));
#6888=CARTESIAN_POINT('Ctrl Pts',(7.40078397029657,92.6435520962628,316.411096986679));
#6889=CARTESIAN_POINT('Ctrl Pts',(11.5332182817749,90.592572575832,314.883252201791));
#6890=CARTESIAN_POINT('Ctrl Pts',(16.2143594594751,90.5952303138322,314.885096387825));
#6891=CARTESIAN_POINT('Ctrl Pts',(20.3646491083895,92.4358940874592,316.254711187179));
#6892=CARTESIAN_POINT('Ctrl Pts',(23.244223478279,94.7045523945258,317.981590123621));
#6893=CARTESIAN_POINT('Ctrl Pts',(25.7095862212966,97.7659841481799,320.349392445978));
#6894=CARTESIAN_POINT('Ctrl Pts',(28.2308734562839,102.701669168367,324.215779300231));
#6895=CARTESIAN_POINT('Ctrl Pts',(29.0535966954615,107.079244925234,327.684767318783));
#6896=CARTESIAN_POINT('Ctrl Pts',(29.0535966954615,110.,330.));
#6897=CARTESIAN_POINT('Ctrl Pts',(-0.94640330453855,110.,330.));
#6898=CARTESIAN_POINT('Ctrl Pts',(-0.946403304538551,107.22172078254,327.542291461477));
#6899=CARTESIAN_POINT('Ctrl Pts',(0.245471952877953,101.658441017428,322.619542431767));
#6900=CARTESIAN_POINT('Ctrl Pts',(3.98241865681078,96.6730656308144,318.315463959404));
#6901=CARTESIAN_POINT('Ctrl Pts',(7.78604382270855,93.8250500125357,315.92702765433));
#6902=CARTESIAN_POINT('Ctrl Pts',(11.7874014926767,92.1074145406537,314.547971282384));
#6903=CARTESIAN_POINT('Ctrl Pts',(15.9975467125209,92.1093654509264,314.549353856744));
#6904=CARTESIAN_POINT('Ctrl Pts',(19.9834778018798,93.6455817103424,315.779989300863));
#6905=CARTESIAN_POINT('Ctrl Pts',(22.8865356315493,95.6509940017656,317.453285346113));
#6906=CARTESIAN_POINT('Ctrl Pts',(25.4620339358256,98.4465212459558,319.844200162988));
#6907=CARTESIAN_POINT('Ctrl Pts',(28.1553555833526,103.058505460906,323.861073446568));
#6908=CARTESIAN_POINT('Ctrl Pts',(29.0535966954615,107.22172078254,327.542291461477));
#6909=CARTESIAN_POINT('Ctrl Pts',(29.0535966954615,110.,330.));
#6910=CARTESIAN_POINT('Ctrl Pts',(-0.946403304538549,110.,330.));
#6911=CARTESIAN_POINT('Ctrl Pts',(-0.94640330453855,107.471053532824,327.292958711192));
#6912=CARTESIAN_POINT('Ctrl Pts',(0.279754277278561,102.40432944258,321.870614964896));
#6913=CARTESIAN_POINT('Ctrl Pts',(4.10147598245826,98.0046917384649,317.087876633837));
#6914=CARTESIAN_POINT('Ctrl Pts',(7.92742181130194,95.5929361706965,314.414852821105));
#6915=CARTESIAN_POINT('Ctrl Pts',(11.8825659318833,94.2337708325691,312.861244437275));
#6916=CARTESIAN_POINT('Ctrl Pts',(15.9162858263126,94.2350684548341,312.862885433396));
#6917=CARTESIAN_POINT('Ctrl Pts',(19.8433798551066,95.4460405074164,314.249449125107));
#6918=CARTESIAN_POINT('Ctrl Pts',(22.7570083697676,97.1318105596525,316.124246919514));
#6919=CARTESIAN_POINT('Ctrl Pts',(25.3736975765909,99.5663448112332,318.787177993548));
#6920=CARTESIAN_POINT('Ctrl Pts',(28.1289838926768,103.68320064222,323.237442631307));
#6921=CARTESIAN_POINT('Ctrl Pts',(29.0535966954615,107.471053532825,327.292958711192));
#6922=CARTESIAN_POINT('Ctrl Pts',(29.0535966954615,110.,330.));
#6923=CARTESIAN_POINT('Ctrl Pts',(-0.94640330453855,110.,330.));
#6924=CARTESIAN_POINT('Ctrl Pts',(-0.94640330453855,107.649148354457,327.11486388956));
#6925=CARTESIAN_POINT('Ctrl Pts',(0.181238845734299,102.942180500075,321.340792540269));
#6926=CARTESIAN_POINT('Ctrl Pts',(3.76399328019986,98.7454965533915,316.051486642527));
#6927=CARTESIAN_POINT('Ctrl Pts',(7.52929704668676,96.3475392537049,312.939331432958));
#6928=CARTESIAN_POINT('Ctrl Pts',(11.6163334670576,94.8898542164845,310.972585594952));
#6929=CARTESIAN_POINT('Ctrl Pts',(16.1436292273295,94.8914196943859,310.975051628758));
#6930=CARTESIAN_POINT('Ctrl Pts',(20.2376515080136,96.1960675870467,312.73873412173));
#6931=CARTESIAN_POINT('Ctrl Pts',(23.1232821189535,97.8852291008296,314.941219642191));
#6932=CARTESIAN_POINT('Ctrl Pts',(25.6246921337978,100.238720745772,317.936030830759));
#6933=CARTESIAN_POINT('Ctrl Pts',(28.2045607922127,104.126519999636,322.79074043199));
#6934=CARTESIAN_POINT('Ctrl Pts',(29.0535966954615,107.649148354457,327.11486388956));
#6935=CARTESIAN_POINT('Ctrl Pts',(29.0535966954615,110.,330.));
#6936=CARTESIAN_POINT('Ctrl Pts',(-0.94640330453855,110.,330.));
#6937=CARTESIAN_POINT('Ctrl Pts',(-0.94640330453855,107.756005247436,327.008006996581));
#6938=CARTESIAN_POINT('Ctrl Pts',(0.0756628849168961,103.267523974949,321.023365299932));
#6939=CARTESIAN_POINT('Ctrl Pts',(3.4263108653859,99.0723718668723,315.42982915583));
#6940=CARTESIAN_POINT('Ctrl Pts',(7.14566450732629,96.5390675920359,312.052090122714));
#6941=CARTESIAN_POINT('Ctrl Pts',(11.3693218642743,94.8752872599962,309.833716346661));
#6942=CARTESIAN_POINT('Ctrl Pts',(16.3541141574522,94.8775404758597,309.836720634479));
#6943=CARTESIAN_POINT('Ctrl Pts',(20.6164773446821,96.3726984128806,311.830264550507));
#6944=CARTESIAN_POINT('Ctrl Pts',(23.4850149166616,98.1732027592744,314.230937012366));
#6945=CARTESIAN_POINT('Ctrl Pts',(25.8792724899622,100.569173882061,317.425565176081));
#6946=CARTESIAN_POINT('Ctrl Pts',(28.2841711483735,104.392376005551,322.523168007401));
#6947=CARTESIAN_POINT('Ctrl Pts',(29.0535966954615,107.756005247436,327.008006996581));
#6948=CARTESIAN_POINT('Ctrl Pts',(29.0535966954615,110.,330.));
#6949=CARTESIAN_POINT('',(-0.946403304538563,110.,330.));
#6950=CARTESIAN_POINT('',(29.0535966954615,110.,330.));
#6951=CARTESIAN_POINT('Origin',(14.0535966954615,110.,330.));
#6952=CARTESIAN_POINT('Origin',(14.0535966954615,110.,330.));
#6953=CARTESIAN_POINT('Ctrl Pts',(29.0535966954615,110.,330.));
#6954=CARTESIAN_POINT('Ctrl Pts',(29.0535966954615,107.008006996581,332.243994752564));
#6955=CARTESIAN_POINT('Ctrl Pts',(28.0315302983745,101.023365011365,336.732476241476));
#6956=CARTESIAN_POINT('Ctrl Pts',(24.6808822514196,95.4298290918297,340.927628181128));
#6957=CARTESIAN_POINT('Ctrl Pts',(20.9615286484028,92.0520899539612,343.460932534529));
#6958=CARTESIAN_POINT('Ctrl Pts',(16.7378714011356,89.8337162797489,345.124712790188));
#6959=CARTESIAN_POINT('Ctrl Pts',(11.7530792531001,89.8367208526119,345.122459360541));
#6960=CARTESIAN_POINT('Ctrl Pts',(7.49071608055785,91.8302647204412,343.627301459669));
#6961=CARTESIAN_POINT('Ctrl Pts',(4.62217858052605,94.2309371918845,341.826797106087));
#6962=CARTESIAN_POINT('Ctrl Pts',(2.22792101704792,97.4255653027466,339.43082602294));
#6963=CARTESIAN_POINT('Ctrl Pts',(-0.176977543864161,102.523168158373,335.60762388122));
#6964=CARTESIAN_POINT('Ctrl Pts',(-0.94640330453855,107.008006996581,332.243994752564));
#6965=CARTESIAN_POINT('Ctrl Pts',(-0.94640330453855,110.,330.));
#6966=CARTESIAN_POINT('Ctrl Pts',(29.0535966954615,110.,330.));
#6967=CARTESIAN_POINT('Ctrl Pts',(29.0535966954615,107.079244925234,332.315232681217));
#6968=CARTESIAN_POINT('Ctrl Pts',(27.9608654787804,101.235088910127,336.948779800181));
#6969=CARTESIAN_POINT('Ctrl Pts',(24.4559217952338,95.8444211454867,341.144823299499));
#6970=CARTESIAN_POINT('Ctrl Pts',(20.7064091163815,92.6435522226389,343.588902686617));
#6971=CARTESIAN_POINT('Ctrl Pts',(16.5739748888793,90.5925726293385,345.116747601188));
#6972=CARTESIAN_POINT('Ctrl Pts',(11.8928339413364,90.5952302716697,345.114903732239));
#6973=CARTESIAN_POINT('Ctrl Pts',(7.74254431518782,92.435894075317,343.745288883423));
#6974=CARTESIAN_POINT('Ctrl Pts',(4.86297002601348,94.7045523709364,342.018409994513));
#6975=CARTESIAN_POINT('Ctrl Pts',(2.39760728251442,97.7659841224663,339.650607665527));
#6976=CARTESIAN_POINT('Ctrl Pts',(-0.123679824159069,102.701669161133,335.784220797015));
#6977=CARTESIAN_POINT('Ctrl Pts',(-0.94640330453855,107.079244925234,332.315232681217));
#6978=CARTESIAN_POINT('Ctrl Pts',(-0.94640330453855,110.,330.));
#6979=CARTESIAN_POINT('Ctrl Pts',(29.0535966954615,110.,330.));
#6980=CARTESIAN_POINT('Ctrl Pts',(29.0535966954615,107.22172078254,332.457708538523));
#6981=CARTESIAN_POINT('Ctrl Pts',(27.8617212013388,101.6584410223,337.380457441366));
#6982=CARTESIAN_POINT('Ctrl Pts',(24.1247743250203,96.6730664373309,341.684535126267));
#6983=CARTESIAN_POINT('Ctrl Pts',(20.3211492199444,93.8250507910424,344.072971494134));
#6984=CARTESIAN_POINT('Ctrl Pts',(16.3197915603495,92.1074150212329,345.452028449607));
#6985=CARTESIAN_POINT('Ctrl Pts',(12.1096466676963,92.1093650936749,345.450646999713));
#6986=CARTESIAN_POINT('Ctrl Pts',(8.12371559761879,93.6455814603413,344.220011288192));
#6987=CARTESIAN_POINT('Ctrl Pts',(5.2206578492602,95.6509936183909,342.546715266082));
#6988=CARTESIAN_POINT('Ctrl Pts',(2.64515952884593,98.4465208962791,340.155800275782));
#6989=CARTESIAN_POINT('Ctrl Pts',(-0.0481619493468214,103.058505112465,
336.138926979841));
#6990=CARTESIAN_POINT('Ctrl Pts',(-0.94640330453855,107.22172078254,332.457708538523));
#6991=CARTESIAN_POINT('Ctrl Pts',(-0.94640330453855,110.,330.));
#6992=CARTESIAN_POINT('Ctrl Pts',(29.0535966954615,110.,330.));
#6993=CARTESIAN_POINT('Ctrl Pts',(29.0535966954615,107.471053532825,332.707041288807));
#6994=CARTESIAN_POINT('Ctrl Pts',(27.827438995085,102.404329639281,338.129384866675));
#6995=CARTESIAN_POINT('Ctrl Pts',(24.0057171638551,98.0046927655062,342.912122432649));
#6996=CARTESIAN_POINT('Ctrl Pts',(20.1797714420976,95.5929371279512,345.585146315641));
#6997=CARTESIAN_POINT('Ctrl Pts',(16.2246271927545,94.2337709977993,347.138755414075));
#6998=CARTESIAN_POINT('Ctrl Pts',(12.1909073912748,94.2350672271701,347.13711564408));
#6999=CARTESIAN_POINT('Ctrl Pts',(8.26381334549563,95.4460396573753,345.75055161116));
#7000=CARTESIAN_POINT('Ctrl Pts',(5.35018493060838,97.131809731907,343.87575379339));
#7001=CARTESIAN_POINT('Ctrl Pts',(2.73349576637537,99.5663442453043,341.212822488218));
#7002=CARTESIAN_POINT('Ctrl Pts',(-0.0217903538244016,103.683200088399,
336.762557839354));
#7003=CARTESIAN_POINT('Ctrl Pts',(-0.94640330453855,107.471053532825,332.707041288807));
#7004=CARTESIAN_POINT('Ctrl Pts',(-0.94640330453855,110.,330.));
#7005=CARTESIAN_POINT('Ctrl Pts',(29.0535966954615,110.,330.));
#7006=CARTESIAN_POINT('Ctrl Pts',(29.0535966954615,107.649148354457,332.885136110439));
#7007=CARTESIAN_POINT('Ctrl Pts',(27.9259540818307,102.942180340173,338.659207609024));
#7008=CARTESIAN_POINT('Ctrl Pts',(24.3431993393805,98.7454974999291,343.948512945102));
#7009=CARTESIAN_POINT('Ctrl Pts',(20.5778955433114,96.3475402813606,347.060668207392));
#7010=CARTESIAN_POINT('Ctrl Pts',(16.4908594218238,94.8898556016433,349.027414073614));
#7011=CARTESIAN_POINT('Ctrl Pts',(11.9635645032765,94.8914205492807,349.024948314407));
#7012=CARTESIAN_POINT('Ctrl Pts',(7.86954231903298,96.1960681571172,347.261265838375));
#7013=CARTESIAN_POINT('Ctrl Pts',(4.98391174908552,97.8852291796134,345.058780424984));
#7014=CARTESIAN_POINT('Ctrl Pts',(2.48250158723432,100.23872050427,342.063969281837));
#7015=CARTESIAN_POINT('Ctrl Pts',(-0.0973669577272369,104.126519735118,
337.209259670634));
#7016=CARTESIAN_POINT('Ctrl Pts',(-0.94640330453855,107.649148354457,332.885136110439));
#7017=CARTESIAN_POINT('Ctrl Pts',(-0.94640330453855,110.,330.));
#7018=CARTESIAN_POINT('Ctrl Pts',(29.0535966954615,110.,330.));
#7019=CARTESIAN_POINT('Ctrl Pts',(29.0535966954615,107.756005247436,332.991993003419));
#7020=CARTESIAN_POINT('Ctrl Pts',(28.0315302983745,103.267523758524,338.976634988635));
#7021=CARTESIAN_POINT('Ctrl Pts',(24.6808822514196,99.0723718188722,344.57017090817));
#7022=CARTESIAN_POINT('Ctrl Pts',(20.9615286484028,96.5390674654709,347.947910046039));
#7023=CARTESIAN_POINT('Ctrl Pts',(16.7378714011356,94.8752872098116,350.166283720251));
#7024=CARTESIAN_POINT('Ctrl Pts',(11.7530792531001,94.8775406394589,350.163279147388));
#7025=CARTESIAN_POINT('Ctrl Pts',(7.49071608055785,96.3726985403308,348.169735279559));
#7026=CARTESIAN_POINT('Ctrl Pts',(4.62217858052606,98.1732028939133,345.769062808115));
#7027=CARTESIAN_POINT('Ctrl Pts',(2.22792101704791,100.56917397706,342.574434697253));
#7028=CARTESIAN_POINT('Ctrl Pts',(-0.17697754386416,104.39237611878,337.476831841627));
#7029=CARTESIAN_POINT('Ctrl Pts',(-0.94640330453855,107.756005247436,332.991993003419));
#7030=CARTESIAN_POINT('Ctrl Pts',(-0.94640330453855,110.,330.));
#7031=CARTESIAN_POINT('Origin',(14.0535966954615,110.,330.));
#7032=CARTESIAN_POINT('Origin',(14.0535966954615,110.,330.));
#7033=CARTESIAN_POINT('Ctrl Pts',(-0.94640330453855,110.,210.));
#7034=CARTESIAN_POINT('Ctrl Pts',(-0.94640330453855,107.008006996581,207.756005247436));
#7035=CARTESIAN_POINT('Ctrl Pts',(0.0756246145191687,101.023424108905,203.267568081679));
#7036=CARTESIAN_POINT('Ctrl Pts',(3.42625907002629,95.4298399657891,199.072379974342));
#7037=CARTESIAN_POINT('Ctrl Pts',(7.14562140569789,92.0521236748217,196.539092756116));
#7038=CARTESIAN_POINT('Ctrl Pts',(11.3692996966328,89.8337309732153,194.875298229911));
#7039=CARTESIAN_POINT('Ctrl Pts',(16.3541191303085,89.8366779310861,194.877508448314));
#7040=CARTESIAN_POINT('Ctrl Pts',(20.6164845572212,91.8302327795879,196.372674584691));
#7041=CARTESIAN_POINT('Ctrl Pts',(23.4850360878796,94.2309036332985,198.173177724974));
#7042=CARTESIAN_POINT('Ctrl Pts',(25.8792949215509,97.4255426674843,200.569157000613));
#7043=CARTESIAN_POINT('Ctrl Pts',(28.2842146152428,102.523140198236,204.392355148677));
#7044=CARTESIAN_POINT('Ctrl Pts',(29.0535966954615,107.008006996581,207.756005247436));
#7045=CARTESIAN_POINT('Ctrl Pts',(29.0535966954615,110.,210.));
#7046=CARTESIAN_POINT('Ctrl Pts',(-0.94640330453855,110.,210.));
#7047=CARTESIAN_POINT('Ctrl Pts',(-0.94640330453855,107.079244925234,207.684767318783));
#7048=CARTESIAN_POINT('Ctrl Pts',(0.14630151764297,101.235158707728,203.051262648007));
#7049=CARTESIAN_POINT('Ctrl Pts',(3.65119515912066,95.8444144692532,198.855119167455));
#7050=CARTESIAN_POINT('Ctrl Pts',(7.40069100867149,92.6435148952218,196.411027809087));
#7051=CARTESIAN_POINT('Ctrl Pts',(11.5331368261793,90.592488874176,194.883179214037));
#7052=CARTESIAN_POINT('Ctrl Pts',(16.2143916234215,90.5951677533564,194.885087560805));
#7053=CARTESIAN_POINT('Ctrl Pts',(20.364700454534,92.4358867525772,196.254719336757));
#7054=CARTESIAN_POINT('Ctrl Pts',(23.2442711622087,94.7045749988645,197.981621825709));
#7055=CARTESIAN_POINT('Ctrl Pts',(25.7096110101655,97.7660138892737,200.349426544618));
#7056=CARTESIAN_POINT('Ctrl Pts',(28.2309060277181,102.701701892689,204.215814438739));
#7057=CARTESIAN_POINT('Ctrl Pts',(29.0535966954615,107.079244925234,207.684767318783));
#7058=CARTESIAN_POINT('Ctrl Pts',(29.0535966954615,110.,210.));
#7059=CARTESIAN_POINT('Ctrl Pts',(-0.94640330453855,110.,210.));
#7060=CARTESIAN_POINT('Ctrl Pts',(-0.94640330453855,107.22172078254,207.542291461477));
#7061=CARTESIAN_POINT('Ctrl Pts',(0.245510967030506,101.658587330437,202.619618904649));
#7062=CARTESIAN_POINT('Ctrl Pts',(3.98249412302051,96.6732205154924,198.315464514468));
#7063=CARTESIAN_POINT('Ctrl Pts',(7.78616193203545,93.8253091736587,195.927042543282));
#7064=CARTESIAN_POINT('Ctrl Pts',(11.7874282165816,92.1079386270271,194.548135435922));
#7065=CARTESIAN_POINT('Ctrl Pts',(15.997427017358,92.1100720688628,194.549752546897));
#7066=CARTESIAN_POINT('Ctrl Pts',(19.9833263781136,93.646102451927,195.780316428872));
#7067=CARTESIAN_POINT('Ctrl Pts',(22.8864080150937,95.6513912641719,197.453570054675));
#7068=CARTESIAN_POINT('Ctrl Pts',(25.4619486269919,98.4467738851285,199.844389558654));
#7069=CARTESIAN_POINT('Ctrl Pts',(28.155324808827,103.058737029411,203.86125589593));
#7070=CARTESIAN_POINT('Ctrl Pts',(29.0535966954615,107.22172078254,207.542291461477));
#7071=CARTESIAN_POINT('Ctrl Pts',(29.0535966954615,110.,210.));
#7072=CARTESIAN_POINT('Ctrl Pts',(-0.94640330453855,110.,210.));
#7073=CARTESIAN_POINT('Ctrl Pts',(-0.94640330453855,107.471053532825,207.292958711192));
#7074=CARTESIAN_POINT('Ctrl Pts',(0.279759817393062,102.404399447348,201.870566808889));
#7075=CARTESIAN_POINT('Ctrl Pts',(4.1014589794307,98.0046582364556,197.087650670262));
#7076=CARTESIAN_POINT('Ctrl Pts',(7.92743213914069,95.5928775793794,194.414685962293));
#7077=CARTESIAN_POINT('Ctrl Pts',(11.882533514941,94.2338560408245,192.861284058863));
#7078=CARTESIAN_POINT('Ctrl Pts',(15.9162288277703,94.2354407081353,192.863166942603));
#7079=CARTESIAN_POINT('Ctrl Pts',(19.8433202863624,95.4463585790886,194.249585530528));
#7080=CARTESIAN_POINT('Ctrl Pts',(22.7569695421852,97.1321095906657,196.124353540195));
#7081=CARTESIAN_POINT('Ctrl Pts',(25.3736701188034,99.5665511224716,198.787235680806));
#7082=CARTESIAN_POINT('Ctrl Pts',(28.1289943704275,103.683408425773,203.237494105698));
#7083=CARTESIAN_POINT('Ctrl Pts',(29.0535966954615,107.471053532825,207.292958711192));
#7084=CARTESIAN_POINT('Ctrl Pts',(29.0535966954615,110.,210.));
#7085=CARTESIAN_POINT('Ctrl Pts',(-0.94640330453855,110.,210.));
#7086=CARTESIAN_POINT('Ctrl Pts',(-0.94640330453855,107.649148354457,207.11486388956));
#7087=CARTESIAN_POINT('Ctrl Pts',(0.18119578069302,102.942284614569,201.340872148445));
#7088=CARTESIAN_POINT('Ctrl Pts',(3.76383514470954,98.7453935280782,196.051465414517));
#7089=CARTESIAN_POINT('Ctrl Pts',(7.52907131201568,96.3473394645843,192.939251810517));
#7090=CARTESIAN_POINT('Ctrl Pts',(11.6161367460238,94.8894536668506,190.97239975313));
#7091=CARTESIAN_POINT('Ctrl Pts',(16.1437692448237,94.8911303939675,190.974924791477));
#7092=CARTESIAN_POINT('Ctrl Pts',(20.2378260906749,96.1959603129841,192.738722074599));
#7093=CARTESIAN_POINT('Ctrl Pts',(23.1234149464506,97.8852642486744,194.941267430192));
#7094=CARTESIAN_POINT('Ctrl Pts',(25.6247531151402,100.238824096076,197.936092651486));
#7095=CARTESIAN_POINT('Ctrl Pts',(28.2046145916149,104.126635753447,202.790806613563));
#7096=CARTESIAN_POINT('Ctrl Pts',(29.0535966954615,107.649148354457,207.11486388956));
#7097=CARTESIAN_POINT('Ctrl Pts',(29.0535966954615,110.,210.));
#7098=CARTESIAN_POINT('Ctrl Pts',(-0.94640330453855,110.,210.));
#7099=CARTESIAN_POINT('Ctrl Pts',(-0.94640330453855,107.756005247436,207.008006996581));
#7100=CARTESIAN_POINT('Ctrl Pts',(0.075624614519153,103.267568081679,201.023424108905));
#7101=CARTESIAN_POINT('Ctrl Pts',(3.42625907002629,99.0723799743418,195.429839965789));
#7102=CARTESIAN_POINT('Ctrl Pts',(7.14562140569789,96.5390927561163,192.052123674822));
#7103=CARTESIAN_POINT('Ctrl Pts',(11.3692996966328,94.8752982299115,189.833730973215));
#7104=CARTESIAN_POINT('Ctrl Pts',(16.3541191303085,94.8775084483146,189.836677931086));
#7105=CARTESIAN_POINT('Ctrl Pts',(20.6164845572212,96.372674584691,191.830232779588));
#7106=CARTESIAN_POINT('Ctrl Pts',(23.4850360878796,98.1731777249739,194.230903633298));
#7107=CARTESIAN_POINT('Ctrl Pts',(25.8792949215509,100.569157000613,197.425542667484));
#7108=CARTESIAN_POINT('Ctrl Pts',(28.2842146152428,104.392355148677,202.523140198236));
#7109=CARTESIAN_POINT('Ctrl Pts',(29.0535966954615,107.756005247436,207.008006996581));
#7110=CARTESIAN_POINT('Ctrl Pts',(29.0535966954615,110.,210.));
#7111=CARTESIAN_POINT('',(-0.946403304538563,110.,210.));
#7112=CARTESIAN_POINT('',(29.0535966954615,110.,210.));
#7113=CARTESIAN_POINT('Origin',(14.0535966954615,110.,210.));
#7114=CARTESIAN_POINT('Origin',(14.0535966954615,110.,210.));
#7115=CARTESIAN_POINT('Ctrl Pts',(29.0535966954615,110.,210.));
#7116=CARTESIAN_POINT('Ctrl Pts',(29.0535966954615,107.008006996581,212.243994752564));
#7117=CARTESIAN_POINT('Ctrl Pts',(28.0315685112977,101.023423657834,216.732432256624));
#7118=CARTESIAN_POINT('Ctrl Pts',(24.6809339513432,95.4298399005575,220.927620074582));
#7119=CARTESIAN_POINT('Ctrl Pts',(20.9615716881308,92.0521234242901,223.460907431782));
#7120=CARTESIAN_POINT('Ctrl Pts',(16.7378935473415,89.8337308543916,225.124701859206));
#7121=CARTESIAN_POINT('Ctrl Pts',(11.7530743041687,89.8366782470971,225.122491314677));
#7122=CARTESIAN_POINT('Ctrl Pts',(7.49070888894247,91.8302330032633,223.627325247552));
#7123=CARTESIAN_POINT('Ctrl Pts',(4.62215746043917,94.2309038669879,221.826822099759));
#7124=CARTESIAN_POINT('Ctrl Pts',(2.2278986310526,97.4255428169252,219.430842887306));
#7125=CARTESIAN_POINT('Ctrl Pts',(-0.177020892110454,102.523140391067,215.607644706699));
#7126=CARTESIAN_POINT('Ctrl Pts',(-0.94640330453855,107.008006996581,212.243994752564));
#7127=CARTESIAN_POINT('Ctrl Pts',(-0.94640330453855,110.,210.));
#7128=CARTESIAN_POINT('Ctrl Pts',(29.0535966954615,110.,210.));
#7129=CARTESIAN_POINT('Ctrl Pts',(29.0535966954615,107.079244925234,212.315232681217));
#7130=CARTESIAN_POINT('Ctrl Pts',(27.9608915583508,101.23515837596,216.948737608264));
#7131=CARTESIAN_POINT('Ctrl Pts',(24.4559977998885,95.8444147799489,221.144880289819));
#7132=CARTESIAN_POINT('Ctrl Pts',(20.7065020319002,92.6435150399568,223.588971770744));
#7133=CARTESIAN_POINT('Ctrl Pts',(16.5740562979951,90.5924888846778,225.116820550832));
#7134=CARTESIAN_POINT('Ctrl Pts',(11.8928017905523,90.5951676245371,225.114912677223));
#7135=CARTESIAN_POINT('Ctrl Pts',(7.74249297551355,92.4358866989465,223.745280791037));
#7136=CARTESIAN_POINT('Ctrl Pts',(4.86292238284478,94.704574951601,222.018378355306));
#7137=CARTESIAN_POINT('Ctrl Pts',(2.39758252659082,97.7660138561764,219.650573611102));
#7138=CARTESIAN_POINT('Ctrl Pts',(-0.123712263697514,102.701701894723,215.784185689179));
#7139=CARTESIAN_POINT('Ctrl Pts',(-0.94640330453855,107.079244925234,212.315232681217));
#7140=CARTESIAN_POINT('Ctrl Pts',(-0.94640330453855,110.,210.));
#7141=CARTESIAN_POINT('Ctrl Pts',(29.0535966954615,110.,210.));
#7142=CARTESIAN_POINT('Ctrl Pts',(29.0535966954615,107.22172078254,212.457708538523));
#7143=CARTESIAN_POINT('Ctrl Pts',(27.8616822080591,101.658587172361,217.380381083444));
#7144=CARTESIAN_POINT('Ctrl Pts',(24.1246988708013,96.6732215667801,221.684534206606));
#7145=CARTESIAN_POINT('Ctrl Pts',(20.3210312089732,93.8253101173795,224.072956327973));
#7146=CARTESIAN_POINT('Ctrl Pts',(16.3197648124336,92.107939006199,225.451864362224));
#7147=CARTESIAN_POINT('Ctrl Pts',(12.1097662797151,92.110071175904,225.450248945551));
#7148=CARTESIAN_POINT('Ctrl Pts',(8.12386690323104,93.6461019037686,224.21968448575));
#7149=CARTESIAN_POINT('Ctrl Pts',(5.22078540063168,95.6513906540286,222.546430791938));
#7150=CARTESIAN_POINT('Ctrl Pts',(2.64524479887588,98.4467734404992,220.155610951632));
#7151=CARTESIAN_POINT('Ctrl Pts',(-0.048131072242461,103.05873659969,216.138744586958));
#7152=CARTESIAN_POINT('Ctrl Pts',(-0.94640330453855,107.22172078254,212.457708538523));
#7153=CARTESIAN_POINT('Ctrl Pts',(-0.94640330453855,110.,210.));
#7154=CARTESIAN_POINT('Ctrl Pts',(29.0535966954615,110.,210.));
#7155=CARTESIAN_POINT('Ctrl Pts',(29.0535966954615,107.471053532824,212.707041288807));
#7156=CARTESIAN_POINT('Ctrl Pts',(27.8274334695957,102.404399554298,218.129433166361));
#7157=CARTESIAN_POINT('Ctrl Pts',(24.0057341408182,98.0046597014824,222.91234796039));
#7158=CARTESIAN_POINT('Ctrl Pts',(20.1797611858817,95.5928788824239,225.585312797187));
#7159=CARTESIAN_POINT('Ctrl Pts',(16.2246595574636,94.2338561188606,227.138715682486));
#7160=CARTESIAN_POINT('Ctrl Pts',(12.1909643279766,94.2354386913591,227.136834631056));
#7161=CARTESIAN_POINT('Ctrl Pts',(8.26387281724803,95.4463573284672,225.750415433271));
#7162=CARTESIAN_POINT('Ctrl Pts',(5.35022371944898,97.1321084811032,223.875647378985));
#7163=CARTESIAN_POINT('Ctrl Pts',(2.73352320533396,99.5665504811066,221.212764893128));
#7164=CARTESIAN_POINT('Ctrl Pts',(-0.0218006983608928,103.683407810266,
216.762506451906));
#7165=CARTESIAN_POINT('Ctrl Pts',(-0.94640330453855,107.471053532824,212.707041288807));
#7166=CARTESIAN_POINT('Ctrl Pts',(-0.94640330453855,110.,210.));
#7167=CARTESIAN_POINT('Ctrl Pts',(29.0535966954615,110.,210.));
#7168=CARTESIAN_POINT('Ctrl Pts',(29.0535966954615,107.649148354457,212.885136110439));
#7169=CARTESIAN_POINT('Ctrl Pts',(27.9259970901897,102.942284021283,218.659128204401));
#7170=CARTESIAN_POINT('Ctrl Pts',(24.3433572612423,98.7453946306822,223.948534041318));
#7171=CARTESIAN_POINT('Ctrl Pts',(20.5781210655021,96.3473406610644,227.060747760321));
#7172=CARTESIAN_POINT('Ctrl Pts',(16.4910559724331,94.8894554444582,229.027599877973));
#7173=CARTESIAN_POINT('Ctrl Pts',(11.9634246339702,94.8911313638242,229.02507525181));
#7174=CARTESIAN_POINT('Ctrl Pts',(7.86936790745972,96.1959608999939,227.261277945388));
#7175=CARTESIAN_POINT('Ctrl Pts',(4.98377908096201,97.885264143853,225.058732713152));
#7176=CARTESIAN_POINT('Ctrl Pts',(2.48244067155093,100.238823582683,222.063907525099));
#7177=CARTESIAN_POINT('Ctrl Pts',(-0.0974206011911,104.126635217178,217.209193539845));
#7178=CARTESIAN_POINT('Ctrl Pts',(-0.94640330453855,107.649148354457,212.885136110439));
#7179=CARTESIAN_POINT('Ctrl Pts',(-0.94640330453855,110.,210.));
#7180=CARTESIAN_POINT('Ctrl Pts',(29.0535966954615,110.,210.));
#7181=CARTESIAN_POINT('Ctrl Pts',(29.0535966954615,107.756005247436,212.991993003419));
#7182=CARTESIAN_POINT('Ctrl Pts',(28.0315685112977,103.267567743376,218.976576342166));
#7183=CARTESIAN_POINT('Ctrl Pts',(24.6809339513432,99.0723799254181,224.570160099442));
#7184=CARTESIAN_POINT('Ctrl Pts',(20.9615716881308,96.5390925682176,227.94787657571));
#7185=CARTESIAN_POINT('Ctrl Pts',(16.7378935473415,94.8752981407936,230.166269145608));
#7186=CARTESIAN_POINT('Ctrl Pts',(11.7530743041688,94.8775086853228,230.163321752903));
#7187=CARTESIAN_POINT('Ctrl Pts',(7.49070888894248,96.3726747524475,228.169766996736));
#7188=CARTESIAN_POINT('Ctrl Pts',(4.62215746043917,98.1731779002409,225.769096133012));
#7189=CARTESIAN_POINT('Ctrl Pts',(2.2278986310526,100.569157112694,222.574457183075));
#7190=CARTESIAN_POINT('Ctrl Pts',(-0.177020892110464,104.3923552933,217.476859608933));
#7191=CARTESIAN_POINT('Ctrl Pts',(-0.94640330453855,107.756005247436,212.991993003419));
#7192=CARTESIAN_POINT('Ctrl Pts',(-0.94640330453855,110.,210.));
#7193=CARTESIAN_POINT('Origin',(14.0535966954615,110.,210.));
#7194=CARTESIAN_POINT('Origin',(14.0535966954615,110.,210.));
#7195=CARTESIAN_POINT('Ctrl Pts',(29.0535966954615,110.,89.9999999999999));
#7196=CARTESIAN_POINT('Ctrl Pts',(29.0535966954615,107.008006996581,92.243994752564));
#7197=CARTESIAN_POINT('Ctrl Pts',(28.0316177184909,101.023522658992,96.7323580057558));
#7198=CARTESIAN_POINT('Ctrl Pts',(24.681006991462,95.4298472298288,100.927614577628));
#7199=CARTESIAN_POINT('Ctrl Pts',(20.9616266767741,92.0521756774355,103.460868241923));
#7200=CARTESIAN_POINT('Ctrl Pts',(16.7379191849818,89.8337588666762,105.124680849993));
#7201=CARTESIAN_POINT('Ctrl Pts',(11.7530639797978,89.8366120274048,105.122540979446));
#7202=CARTESIAN_POINT('Ctrl Pts',(7.49069785637655,91.8301902081791,103.627357343866));
#7203=CARTESIAN_POINT('Ctrl Pts',(4.62212551857061,94.230859417012,101.826855437241));
#7204=CARTESIAN_POINT('Ctrl Pts',(2.22786764064886,97.4255171964332,99.4308621026751));
#7205=CARTESIAN_POINT('Ctrl Pts',(-0.17709297519909,102.523104145094,95.6076718911795));
#7206=CARTESIAN_POINT('Ctrl Pts',(-0.94640330453855,107.008006996581,92.243994752564));
#7207=CARTESIAN_POINT('Ctrl Pts',(-0.94640330453855,110.,89.9999999999999));
#7208=CARTESIAN_POINT('Ctrl Pts',(29.0535966954615,110.,89.9999999999999));
#7209=CARTESIAN_POINT('Ctrl Pts',(29.0535966954615,107.079244925234,92.3152326812168));
#7210=CARTESIAN_POINT('Ctrl Pts',(27.9609498492229,101.235241885564,96.948663005128));
#7211=CARTESIAN_POINT('Ctrl Pts',(24.4560820188475,95.84434644754,101.144992192804));
#7212=CARTESIAN_POINT('Ctrl Pts',(20.7065657505135,92.6434876222699,103.589052566771));
#7213=CARTESIAN_POINT('Ctrl Pts',(16.5741071159222,90.5924892522342,105.116866495958));
#7214=CARTESIAN_POINT('Ctrl Pts',(11.8927939211161,90.5951964367218,105.114858286076));
#7215=CARTESIAN_POINT('Ctrl Pts',(7.74248394325987,92.4358972477734,103.745254883006));
#7216=CARTESIAN_POINT('Ctrl Pts',(4.86288999775567,94.704583818524,102.018341992849));
#7217=CARTESIAN_POINT('Ctrl Pts',(2.3975548001045,97.7660199881878,99.6505432716987));
#7218=CARTESIAN_POINT('Ctrl Pts',(-0.12379481754102,102.70169948715,95.7841622591964));
#7219=CARTESIAN_POINT('Ctrl Pts',(-0.94640330453855,107.079244925234,92.3152326812168));
#7220=CARTESIAN_POINT('Ctrl Pts',(-0.94640330453855,110.,89.9999999999999));
#7221=CARTESIAN_POINT('Ctrl Pts',(29.0535966954615,110.,89.9999999999999));
#7222=CARTESIAN_POINT('Ctrl Pts',(29.0535966954615,107.22172078254,92.4577085385225));
#7223=CARTESIAN_POINT('Ctrl Pts',(27.8617182923579,101.6586559938,97.3803463171192));
#7224=CARTESIAN_POINT('Ctrl Pts',(24.124774898928,96.6730087493889,101.684799106361));
#7225=CARTESIAN_POINT('Ctrl Pts',(20.3210704497561,93.825126086866,104.073182485322));
#7226=CARTESIAN_POINT('Ctrl Pts',(16.3198356070569,92.1078657497781,105.451904989316));
#7227=CARTESIAN_POINT('Ctrl Pts',(12.1097808995922,92.1102688830892,105.449928846569));
#7228=CARTESIAN_POINT('Ctrl Pts',(8.12388822284388,93.6462118332142,104.219506841196));
#7229=CARTESIAN_POINT('Ctrl Pts',(5.22077848914056,95.6515107676066,102.546270844664));
#7230=CARTESIAN_POINT('Ctrl Pts',(2.64523899322448,98.4468558336313,100.155524082977));
#7231=CARTESIAN_POINT('Ctrl Pts',(-0.048212000450427,103.058815228473,96.1386639842709));
#7232=CARTESIAN_POINT('Ctrl Pts',(-0.94640330453855,107.22172078254,92.4577085385225));
#7233=CARTESIAN_POINT('Ctrl Pts',(-0.94640330453855,110.,89.9999999999999));
#7234=CARTESIAN_POINT('Ctrl Pts',(29.0535966954615,110.,89.9999999999999));
#7235=CARTESIAN_POINT('Ctrl Pts',(29.0535966954615,107.471053532825,92.7070412888074));
#7236=CARTESIAN_POINT('Ctrl Pts',(27.8274478925129,102.404418452028,98.1293979473797));
#7237=CARTESIAN_POINT('Ctrl Pts',(24.0057850991355,98.0043567348586,102.912629691396));
#7238=CARTESIAN_POINT('Ctrl Pts',(20.1797614387596,95.5926179489574,105.585560619264));
#7239=CARTESIAN_POINT('Ctrl Pts',(16.2247208523794,94.2338439426412,107.13876694425));
#7240=CARTESIAN_POINT('Ctrl Pts',(12.1910079280441,94.2358726255808,107.136495748885));
#7241=CARTESIAN_POINT('Ctrl Pts',(8.26393131709963,95.4466026159799,105.750227572021));
#7242=CARTESIAN_POINT('Ctrl Pts',(5.35024759542974,97.132318683063,103.87547262181));
#7243=CARTESIAN_POINT('Ctrl Pts',(2.73353640725728,99.5666584926589,101.212665631281));
#7244=CARTESIAN_POINT('Ctrl Pts',(-0.0218716407117345,103.683510122736,
96.7624108401175));
#7245=CARTESIAN_POINT('Ctrl Pts',(-0.94640330453855,107.471053532825,92.7070412888074));
#7246=CARTESIAN_POINT('Ctrl Pts',(-0.94640330453855,110.,89.9999999999999));
#7247=CARTESIAN_POINT('Ctrl Pts',(29.0535966954615,110.,89.9999999999999));
#7248=CARTESIAN_POINT('Ctrl Pts',(29.0535966954615,107.649148354457,92.8851361104395));
#7249=CARTESIAN_POINT('Ctrl Pts',(27.926083281113,102.942462401649,98.6590307248067));
#7250=CARTESIAN_POINT('Ctrl Pts',(24.3435483874928,98.7451959794255,103.948644193746));
#7251=CARTESIAN_POINT('Ctrl Pts',(20.5783169750187,96.3471248743796,107.060828290683));
#7252=CARTESIAN_POINT('Ctrl Pts',(16.4911937623583,94.8890992792182,109.027672733848));
#7253=CARTESIAN_POINT('Ctrl Pts',(11.9633198503189,94.8909499045565,109.025060706809));
#7254=CARTESIAN_POINT('Ctrl Pts',(7.869240437831,96.1958585166435,107.261271940833));
#7255=CARTESIAN_POINT('Ctrl Pts',(4.98365131234738,97.8853073716418,105.058701229148));
#7256=CARTESIAN_POINT('Ctrl Pts',(2.48237039185272,100.238947358096,102.063870147846));
#7257=CARTESIAN_POINT('Ctrl Pts',(-0.0975403023079784,104.126762312166,
97.2091621733317));
#7258=CARTESIAN_POINT('Ctrl Pts',(-0.94640330453855,107.649148354457,92.8851361104395));
#7259=CARTESIAN_POINT('Ctrl Pts',(-0.94640330453855,110.,89.9999999999999));
#7260=CARTESIAN_POINT('Ctrl Pts',(29.0535966954615,110.,89.9999999999999));
#7261=CARTESIAN_POINT('Ctrl Pts',(29.0535966954615,107.756005247436,92.9919930034187));
#7262=CARTESIAN_POINT('Ctrl Pts',(28.0316177184909,103.267641994244,98.9764773410079));
#7263=CARTESIAN_POINT('Ctrl Pts',(24.681006991462,99.0723854223716,104.570152770171));
#7264=CARTESIAN_POINT('Ctrl Pts',(20.9616266767741,96.5391317580767,107.947824322564));
#7265=CARTESIAN_POINT('Ctrl Pts',(16.7379191849818,94.8753191500071,110.166241133324));
#7266=CARTESIAN_POINT('Ctrl Pts',(11.7530639797978,94.8774590205536,110.163387972595));
#7267=CARTESIAN_POINT('Ctrl Pts',(7.49069785637655,96.3726426561343,108.169809791821));
#7268=CARTESIAN_POINT('Ctrl Pts',(4.62212551857061,98.173144562759,105.769140582988));
#7269=CARTESIAN_POINT('Ctrl Pts',(2.22786764064886,100.569137897325,102.574482803567));
#7270=CARTESIAN_POINT('Ctrl Pts',(-0.177092975199099,104.39232810882,97.476895854906));
#7271=CARTESIAN_POINT('Ctrl Pts',(-0.94640330453855,107.756005247436,92.9919930034187));
#7272=CARTESIAN_POINT('Ctrl Pts',(-0.94640330453855,110.,89.9999999999999));
#7273=CARTESIAN_POINT('',(29.0535966954615,110.,89.9999999999999));
#7274=CARTESIAN_POINT('',(-0.946403304538563,110.,89.9999999999999));
#7275=CARTESIAN_POINT('Origin',(14.0535966954615,110.,89.9999999999999));
#7276=CARTESIAN_POINT('Origin',(14.0535966954615,110.,89.9999999999999));
#7277=CARTESIAN_POINT('Ctrl Pts',(-0.94640330453855,110.,89.9999999999999));
#7278=CARTESIAN_POINT('Ctrl Pts',(-0.94640330453855,107.008006996581,87.7560052474357));
#7279=CARTESIAN_POINT('Ctrl Pts',(0.0755753308515194,101.023523486611,83.2676426149578));
#7280=CARTESIAN_POINT('Ctrl Pts',(3.42618584841842,95.4298472310093,79.0723854232568));
#7281=CARTESIAN_POINT('Ctrl Pts',(7.14556633216465,92.0521760909948,76.5391320682459));
#7282=CARTESIAN_POINT('Ctrl Pts',(11.3692740400269,89.8337591155095,74.8753193366319));
#7283=CARTESIAN_POINT('Ctrl Pts',(16.3541294998172,89.8366114964012,74.8774586223007));
#7284=CARTESIAN_POINT('Ctrl Pts',(20.6164956143167,91.8301898995313,76.3726424246483));
#7285=CARTESIAN_POINT('Ctrl Pts',(23.4850681153991,94.2308590973549,78.173144323016));
#7286=CARTESIAN_POINT('Ctrl Pts',(25.8793259694624,97.4255170367849,80.5691377775885));
#7287=CARTESIAN_POINT('Ctrl Pts',(28.2842869608109,102.523103886906,84.3923279151795));
#7288=CARTESIAN_POINT('Ctrl Pts',(29.0535966954615,107.008006996581,87.7560052474357));
#7289=CARTESIAN_POINT('Ctrl Pts',(29.0535966954615,110.,89.9999999999999));
#7290=CARTESIAN_POINT('Ctrl Pts',(-0.94640330453855,110.,89.9999999999999));
#7291=CARTESIAN_POINT('Ctrl Pts',(-0.94640330453855,107.079244925234,87.6847673187829));
#7292=CARTESIAN_POINT('Ctrl Pts',(0.146243137278049,101.235242669941,83.051337762941));
#7293=CARTESIAN_POINT('Ctrl Pts',(3.65111074535761,95.8443458719086,78.8550069232743));
#7294=CARTESIAN_POINT('Ctrl Pts',(7.40062720702901,92.6434874279585,76.4109468462416));
#7295=CARTESIAN_POINT('Ctrl Pts',(11.5330859046544,90.592489274902,74.8831331595883));
#7296=CARTESIAN_POINT('Ctrl Pts',(16.2143995524199,90.595196679866,74.8851421812615));
#7297=CARTESIAN_POINT('Ctrl Pts',(20.3647095207596,92.4358973240752,76.2547453108934));
#7298=CARTESIAN_POINT('Ctrl Pts',(23.2443036471894,94.7045838796373,77.9816582807612));
#7299=CARTESIAN_POINT('Ctrl Pts',(25.7096387823113,97.7660200306622,80.3494569496033));
#7300=CARTESIAN_POINT('Ctrl Pts',(28.230988901512,102.701699451104,84.2158378975694));
#7301=CARTESIAN_POINT('Ctrl Pts',(29.0535966954615,107.079244925234,87.6847673187829));
#7302=CARTESIAN_POINT('Ctrl Pts',(29.0535966954615,110.,89.9999999999999));
#7303=CARTESIAN_POINT('Ctrl Pts',(-0.94640330453855,110.,89.9999999999999));
#7304=CARTESIAN_POINT('Ctrl Pts',(-0.946403304538551,107.22172078254,87.5422914614772));
#7305=CARTESIAN_POINT('Ctrl Pts',(0.245474881182504,101.658656838934,82.6196542777321));
#7306=CARTESIAN_POINT('Ctrl Pts',(3.98241793523613,96.67300710748,78.3151988075282));
#7307=CARTESIAN_POINT('Ctrl Pts',(7.7861227303541,93.8251247317111,75.9268158043052));
#7308=CARTESIAN_POINT('Ctrl Pts',(11.7873572510764,92.107865211157,74.548094699718));
#7309=CARTESIAN_POINT('Ctrl Pts',(15.9974124088182,92.1102705468149,74.5500737723248));
#7310=CARTESIAN_POINT('Ctrl Pts',(19.9833050022494,93.6462126623121,75.7804944575613));
#7311=CARTESIAN_POINT('Ctrl Pts',(22.8864149630977,95.6515116594237,77.4537302923266));
#7312=CARTESIAN_POINT('Ctrl Pts',(25.4619544222578,98.4468564021356,79.8444764538808));
#7313=CARTESIAN_POINT('Ctrl Pts',(28.1554061044565,103.058815761777,83.8613364986326));
#7314=CARTESIAN_POINT('Ctrl Pts',(29.0535966954615,107.22172078254,87.5422914614772));
#7315=CARTESIAN_POINT('Ctrl Pts',(29.0535966954615,110.,89.9999999999999));
#7316=CARTESIAN_POINT('Ctrl Pts',(-0.94640330453855,110.,89.9999999999999));
#7317=CARTESIAN_POINT('Ctrl Pts',(-0.94640330453855,107.471053532825,87.2929587111923));
#7318=CARTESIAN_POINT('Ctrl Pts',(0.279745438539392,102.40441895663,81.8706026761704));
#7319=CARTESIAN_POINT('Ctrl Pts',(4.10140792227123,98.0043543564861,77.0873681050877));
#7320=CARTESIAN_POINT('Ctrl Pts',(7.92743205608887,95.5926159806413,74.4144375113942));
#7321=CARTESIAN_POINT('Ctrl Pts',(11.8824720847941,94.2338438845441,72.8612326699692));
#7322=CARTESIAN_POINT('Ctrl Pts',(15.9161851537855,94.2358761915409,72.8635070345837));
#7323=CARTESIAN_POINT('Ctrl Pts',(19.8432616105319,95.4466044345099,74.2497738066573));
#7324=CARTESIAN_POINT('Ctrl Pts',(22.756945622264,97.1323201849041,76.1245286294261));
#7325=CARTESIAN_POINT('Ctrl Pts',(25.373656874182,99.5666591501269,78.7873349959838));
#7326=CARTESIAN_POINT('Ctrl Pts',(28.1290656934568,103.68351073309,83.2375897567372));
#7327=CARTESIAN_POINT('Ctrl Pts',(29.0535966954615,107.471053532825,87.2929587111923));
#7328=CARTESIAN_POINT('Ctrl Pts',(29.0535966954615,110.,89.9999999999999));
#7329=CARTESIAN_POINT('Ctrl Pts',(-0.94640330453855,110.,89.9999999999999));
#7330=CARTESIAN_POINT('Ctrl Pts',(-0.94640330453855,107.649148354457,87.1148638895603));
#7331=CARTESIAN_POINT('Ctrl Pts',(0.181109606438523,102.942464240664,81.3409702445202));
#7332=CARTESIAN_POINT('Ctrl Pts',(3.76364359846981,98.7451946235522,76.0513549499265));
#7333=CARTESIAN_POINT('Ctrl Pts',(7.5288749835841,96.3471234045207,72.9391711388953));
#7334=CARTESIAN_POINT('Ctrl Pts',(11.615998544833,94.8890965352621,70.9723267137009));
#7335=CARTESIAN_POINT('Ctrl Pts',(16.1438743895397,94.8909486065975,70.9749394481871));
#7336=CARTESIAN_POINT('Ctrl Pts',(20.2379539639737,96.1958578365857,72.7387281143057));
#7337=CARTESIAN_POINT('Ctrl Pts',(23.1235430462129,97.8853078570205,74.9412990274092));
#7338=CARTESIAN_POINT('Ctrl Pts',(25.6248234504678,100.23894844412,77.9361301480301));
#7339=CARTESIAN_POINT('Ctrl Pts',(28.2047345996133,104.126763411923,82.7908380645221));
#7340=CARTESIAN_POINT('Ctrl Pts',(29.0535966954615,107.649148354457,87.1148638895603));
#7341=CARTESIAN_POINT('Ctrl Pts',(29.0535966954615,110.,89.9999999999999));
#7342=CARTESIAN_POINT('Ctrl Pts',(-0.94640330453855,110.,89.9999999999999));
#7343=CARTESIAN_POINT('Ctrl Pts',(-0.94640330453855,107.756005247436,87.008006996581));
#7344=CARTESIAN_POINT('Ctrl Pts',(0.0755753308515064,103.267642614958,81.0235234866104));
#7345=CARTESIAN_POINT('Ctrl Pts',(3.42618584841843,99.072385423257,75.4298472310092));
#7346=CARTESIAN_POINT('Ctrl Pts',(7.14556633216465,96.5391320682461,72.0521760909947));
#7347=CARTESIAN_POINT('Ctrl Pts',(11.3692740400269,94.8753193366321,69.8337591155093));
#7348=CARTESIAN_POINT('Ctrl Pts',(16.3541294998172,94.8774586223009,69.836611496401));
#7349=CARTESIAN_POINT('Ctrl Pts',(20.6164956143167,96.3726424246485,71.8301898995311));
#7350=CARTESIAN_POINT('Ctrl Pts',(23.4850681153991,98.1731443230162,74.2308590973547));
#7351=CARTESIAN_POINT('Ctrl Pts',(25.8793259694624,100.569137777589,77.4255170367848));
#7352=CARTESIAN_POINT('Ctrl Pts',(28.2842869608109,104.39232791518,82.523103886906));
#7353=CARTESIAN_POINT('Ctrl Pts',(29.0535966954615,107.756005247436,87.008006996581));
#7354=CARTESIAN_POINT('Ctrl Pts',(29.0535966954615,110.,89.9999999999999));
#7355=CARTESIAN_POINT('Origin',(14.0535966954615,110.,89.9999999999999));
#7356=CARTESIAN_POINT('Origin',(14.0535966954615,110.,89.9999999999999));
#7357=CARTESIAN_POINT('Ctrl Pts',(29.0535966954615,110.,-89.9999999999999));
#7358=CARTESIAN_POINT('Ctrl Pts',(29.0535966954615,107.008006996581,-87.7560052474357));
#7359=CARTESIAN_POINT('Ctrl Pts',(28.0316180600714,101.023523486611,-83.2676426149578));
#7360=CARTESIAN_POINT('Ctrl Pts',(24.6810075425045,95.4298472310093,-79.0723854232568));
#7361=CARTESIAN_POINT('Ctrl Pts',(20.9616270587583,92.0521760909948,-76.5391320682459));
#7362=CARTESIAN_POINT('Ctrl Pts',(16.737919350896,89.8337591155095,-74.8753193366319));
#7363=CARTESIAN_POINT('Ctrl Pts',(11.7530638911057,89.8366114964012,-74.8774586223007));
#7364=CARTESIAN_POINT('Ctrl Pts',(7.49069777660618,91.8301898995313,-76.3726424246483));
#7365=CARTESIAN_POINT('Ctrl Pts',(4.62212527552378,94.2308590973549,-78.173144323016));
#7366=CARTESIAN_POINT('Ctrl Pts',(2.22786742146051,97.4255170367849,-80.5691377775885));
#7367=CARTESIAN_POINT('Ctrl Pts',(-0.17709356988798,102.523103886906,-84.3923279151795));
#7368=CARTESIAN_POINT('Ctrl Pts',(-0.94640330453855,107.008006996581,-87.7560052474357));
#7369=CARTESIAN_POINT('Ctrl Pts',(-0.94640330453855,110.,-89.9999999999999));
#7370=CARTESIAN_POINT('Ctrl Pts',(29.0535966954615,110.,-89.9999999999999));
#7371=CARTESIAN_POINT('Ctrl Pts',(29.0535966954615,107.079244925234,-87.6847673187829));
#7372=CARTESIAN_POINT('Ctrl Pts',(27.9609502536449,101.235242669941,-83.051337762941));
#7373=CARTESIAN_POINT('Ctrl Pts',(24.4560826455653,95.8443458719086,-78.8550069232743));
#7374=CARTESIAN_POINT('Ctrl Pts',(20.7065661838939,92.6434874279585,-76.4109468462416));
#7375=CARTESIAN_POINT('Ctrl Pts',(16.5741074862685,90.592489274902,-74.8831331595883));
#7376=CARTESIAN_POINT('Ctrl Pts',(11.892793838503,90.595196679866,-74.8851421812615));
#7377=CARTESIAN_POINT('Ctrl Pts',(7.74248387016328,92.4358973240752,-76.2547453108934));
#7378=CARTESIAN_POINT('Ctrl Pts',(4.86288974373351,94.7045838796373,-77.9816582807612));
#7379=CARTESIAN_POINT('Ctrl Pts',(2.39755460861165,97.7660200306622,-80.3494569496033));
#7380=CARTESIAN_POINT('Ctrl Pts',(-0.123795510589095,102.701699451104,-84.2158378975694));
#7381=CARTESIAN_POINT('Ctrl Pts',(-0.94640330453855,107.079244925234,-87.6847673187829));
#7382=CARTESIAN_POINT('Ctrl Pts',(-0.94640330453855,110.,-89.9999999999999));
#7383=CARTESIAN_POINT('Ctrl Pts',(29.0535966954615,110.,-89.9999999999999));
#7384=CARTESIAN_POINT('Ctrl Pts',(29.0535966954615,107.22172078254,-87.5422914614772));
#7385=CARTESIAN_POINT('Ctrl Pts',(27.8617185097404,101.658656838933,-82.6196542777322));
#7386=CARTESIAN_POINT('Ctrl Pts',(24.1247754556868,96.67300710748,-78.3151988075282));
#7387=CARTESIAN_POINT('Ctrl Pts',(20.3210706605688,93.8251247317111,-75.9268158043052));
#7388=CARTESIAN_POINT('Ctrl Pts',(16.3198361398465,92.107865211157,-74.548094699718));
#7389=CARTESIAN_POINT('Ctrl Pts',(12.1097809821047,92.1102705468149,-74.5500737723248));
#7390=CARTESIAN_POINT('Ctrl Pts',(8.12388838867357,93.6462126623121,-75.7804944575613));
#7391=CARTESIAN_POINT('Ctrl Pts',(5.22077842782524,95.6515116594237,-77.4537302923266));
#7392=CARTESIAN_POINT('Ctrl Pts',(2.64523896866507,98.4468564021356,-79.8444764538808));
#7393=CARTESIAN_POINT('Ctrl Pts',(-0.0482127135335759,103.058815761777,
-83.8613364986326));
#7394=CARTESIAN_POINT('Ctrl Pts',(-0.94640330453855,107.22172078254,-87.5422914614772));
#7395=CARTESIAN_POINT('Ctrl Pts',(-0.94640330453855,110.,-89.9999999999999));
#7396=CARTESIAN_POINT('Ctrl Pts',(29.0535966954615,110.,-89.9999999999999));
#7397=CARTESIAN_POINT('Ctrl Pts',(29.0535966954615,107.471053532825,-87.2929587111923));
#7398=CARTESIAN_POINT('Ctrl Pts',(27.8274479523835,102.40441895663,-81.8706026761704));
#7399=CARTESIAN_POINT('Ctrl Pts',(24.0057854686517,98.0043543564861,-77.0873681050877));
#7400=CARTESIAN_POINT('Ctrl Pts',(20.179761334834,95.5926159806413,-74.4144375113942));
#7401=CARTESIAN_POINT('Ctrl Pts',(16.2247213061289,94.2338438845441,-72.8612326699692));
#7402=CARTESIAN_POINT('Ctrl Pts',(12.1910082371374,94.2358761915409,-72.8635070345837));
#7403=CARTESIAN_POINT('Ctrl Pts',(8.26393178039098,95.4466044345099,-74.2497738066573));
#7404=CARTESIAN_POINT('Ctrl Pts',(5.35024776865894,97.1323201849042,-76.1245286294261));
#7405=CARTESIAN_POINT('Ctrl Pts',(2.73353651674094,99.5666591501269,-78.7873349959838));
#7406=CARTESIAN_POINT('Ctrl Pts',(-0.021872302533878,103.68351073309,-83.2375897567372));
#7407=CARTESIAN_POINT('Ctrl Pts',(-0.94640330453855,107.471053532825,-87.2929587111923));
#7408=CARTESIAN_POINT('Ctrl Pts',(-0.94640330453855,110.,-89.9999999999999));
#7409=CARTESIAN_POINT('Ctrl Pts',(29.0535966954615,110.,-89.9999999999999));
#7410=CARTESIAN_POINT('Ctrl Pts',(29.0535966954615,107.649148354457,-87.1148638895603));
#7411=CARTESIAN_POINT('Ctrl Pts',(27.9260837844844,102.942464240664,-81.3409702445202));
#7412=CARTESIAN_POINT('Ctrl Pts',(24.3435497924531,98.7451946235522,-76.0513549499266));
#7413=CARTESIAN_POINT('Ctrl Pts',(20.5783184073388,96.3471234045207,-72.9391711388953));
#7414=CARTESIAN_POINT('Ctrl Pts',(16.4911948460899,94.8890965352621,-70.9723267137009));
#7415=CARTESIAN_POINT('Ctrl Pts',(11.9633190013832,94.8909486065975,-70.9749394481871));
#7416=CARTESIAN_POINT('Ctrl Pts',(7.86923942694926,96.1958578365857,-72.7387281143057));
#7417=CARTESIAN_POINT('Ctrl Pts',(4.98365034471004,97.8853078570205,-74.9412990274093));
#7418=CARTESIAN_POINT('Ctrl Pts',(2.48236994045515,100.23894844412,-77.9361301480301));
#7419=CARTESIAN_POINT('Ctrl Pts',(-0.097541208690375,104.126763411923,-82.7908380645221));
#7420=CARTESIAN_POINT('Ctrl Pts',(-0.94640330453855,107.649148354457,-87.1148638895603));
#7421=CARTESIAN_POINT('Ctrl Pts',(-0.94640330453855,110.,-89.9999999999999));
#7422=CARTESIAN_POINT('Ctrl Pts',(29.0535966954615,110.,-89.9999999999999));
#7423=CARTESIAN_POINT('Ctrl Pts',(29.0535966954615,107.756005247436,-87.008006996581));
#7424=CARTESIAN_POINT('Ctrl Pts',(28.0316180600714,103.267642614958,-81.0235234866105));
#7425=CARTESIAN_POINT('Ctrl Pts',(24.6810075425045,99.072385423257,-75.4298472310092));
#7426=CARTESIAN_POINT('Ctrl Pts',(20.9616270587582,96.5391320682461,-72.0521760909947));
#7427=CARTESIAN_POINT('Ctrl Pts',(16.737919350896,94.8753193366321,-69.8337591155093));
#7428=CARTESIAN_POINT('Ctrl Pts',(11.7530638911057,94.8774586223009,-69.8366114964011));
#7429=CARTESIAN_POINT('Ctrl Pts',(7.49069777660619,96.3726424246485,-71.8301898995311));
#7430=CARTESIAN_POINT('Ctrl Pts',(4.62212527552378,98.1731443230161,-74.2308590973547));
#7431=CARTESIAN_POINT('Ctrl Pts',(2.22786742146051,100.569137777589,-77.4255170367848));
#7432=CARTESIAN_POINT('Ctrl Pts',(-0.177093569887974,104.39232791518,-82.523103886906));
#7433=CARTESIAN_POINT('Ctrl Pts',(-0.94640330453855,107.756005247436,-87.008006996581));
#7434=CARTESIAN_POINT('Ctrl Pts',(-0.94640330453855,110.,-89.9999999999999));
#7435=CARTESIAN_POINT('',(29.0535966954615,110.,-89.9999999999999));
#7436=CARTESIAN_POINT('',(-0.946403304538563,110.,-89.9999999999999));
#7437=CARTESIAN_POINT('Origin',(14.0535966954615,110.,-89.9999999999999));
#7438=CARTESIAN_POINT('Origin',(14.0535966954615,110.,-89.9999999999999));
#7439=CARTESIAN_POINT('Ctrl Pts',(-0.94640330453855,110.,-89.9999999999999));
#7440=CARTESIAN_POINT('Ctrl Pts',(-0.94640330453855,107.008006996581,-92.243994752564));
#7441=CARTESIAN_POINT('Ctrl Pts',(0.0755756724320621,101.023522658992,-96.7323580057558));
#7442=CARTESIAN_POINT('Ctrl Pts',(3.4261863994609,95.4298472298289,-100.927614577628));
#7443=CARTESIAN_POINT('Ctrl Pts',(7.14556671414886,92.0521756774355,-103.460868241923));
#7444=CARTESIAN_POINT('Ctrl Pts',(11.3692742059411,89.8337588666762,-105.124680849993));
#7445=CARTESIAN_POINT('Ctrl Pts',(16.3541294111251,89.8366120274048,-105.122540979446));
#7446=CARTESIAN_POINT('Ctrl Pts',(20.6164955345464,91.8301902081791,-103.627357343866));
#7447=CARTESIAN_POINT('Ctrl Pts',(23.4850678723523,94.230859417012,-101.826855437241));
#7448=CARTESIAN_POINT('Ctrl Pts',(25.8793257502741,97.4255171964332,-99.4308621026751));
#7449=CARTESIAN_POINT('Ctrl Pts',(28.284286366122,102.523104145094,-95.6076718911795));
#7450=CARTESIAN_POINT('Ctrl Pts',(29.0535966954615,107.008006996581,-92.243994752564));
#7451=CARTESIAN_POINT('Ctrl Pts',(29.0535966954615,110.,-89.9999999999999));
#7452=CARTESIAN_POINT('Ctrl Pts',(-0.94640330453855,110.,-89.9999999999999));
#7453=CARTESIAN_POINT('Ctrl Pts',(-0.94640330453855,107.079244925234,-92.3152326812168));
#7454=CARTESIAN_POINT('Ctrl Pts',(0.146243541700041,101.235241885564,-96.9486630051279));
#7455=CARTESIAN_POINT('Ctrl Pts',(3.65111137207538,95.84434644754,-101.144992192804));
#7456=CARTESIAN_POINT('Ctrl Pts',(7.40062764040937,92.6434876222699,-103.589052566771));
#7457=CARTESIAN_POINT('Ctrl Pts',(11.5330862750007,90.5924892522342,-105.116866495958));
#7458=CARTESIAN_POINT('Ctrl Pts',(16.2143994698068,90.5951964367218,-105.114858286075));
#7459=CARTESIAN_POINT('Ctrl Pts',(20.364709447663,92.4358972477733,-103.745254883006));
#7460=CARTESIAN_POINT('Ctrl Pts',(23.2443033931672,94.704583818524,-102.018341992849));
#7461=CARTESIAN_POINT('Ctrl Pts',(25.7096385908184,97.7660199881878,-99.6505432716987));
#7462=CARTESIAN_POINT('Ctrl Pts',(28.2309882084639,102.70169948715,-95.7841622591964));
#7463=CARTESIAN_POINT('Ctrl Pts',(29.0535966954615,107.079244925234,-92.3152326812168));
#7464=CARTESIAN_POINT('Ctrl Pts',(29.0535966954615,110.,-89.9999999999999));
#7465=CARTESIAN_POINT('Ctrl Pts',(-0.94640330453855,110.,-89.9999999999999));
#7466=CARTESIAN_POINT('Ctrl Pts',(-0.94640330453855,107.22172078254,-92.4577085385225));
#7467=CARTESIAN_POINT('Ctrl Pts',(0.245475098565007,101.6586559938,-97.3803463171192));
#7468=CARTESIAN_POINT('Ctrl Pts',(3.98241849199493,96.6730087493889,-101.684799106361));
#7469=CARTESIAN_POINT('Ctrl Pts',(7.78612294116683,93.8251260868661,-104.073182485322));
#7470=CARTESIAN_POINT('Ctrl Pts',(11.787357783866,92.1078657497781,-105.451904989317));
#7471=CARTESIAN_POINT('Ctrl Pts',(15.9974124913307,92.1102688830892,-105.449928846569));
#7472=CARTESIAN_POINT('Ctrl Pts',(19.983305168079,93.6462118332142,-104.219506841196));
#7473=CARTESIAN_POINT('Ctrl Pts',(22.8864149017824,95.6515107676066,-102.546270844664));
#7474=CARTESIAN_POINT('Ctrl Pts',(25.4619543976984,98.4468558336314,-100.155524082977));
#7475=CARTESIAN_POINT('Ctrl Pts',(28.1554053913733,103.058815228473,-96.1386639842709));
#7476=CARTESIAN_POINT('Ctrl Pts',(29.0535966954615,107.22172078254,-92.4577085385225));
#7477=CARTESIAN_POINT('Ctrl Pts',(29.0535966954615,110.,-89.9999999999999));
#7478=CARTESIAN_POINT('Ctrl Pts',(-0.94640330453855,110.,-89.9999999999999));
#7479=CARTESIAN_POINT('Ctrl Pts',(-0.94640330453855,107.471053532825,-92.7070412888074));
#7480=CARTESIAN_POINT('Ctrl Pts',(0.279745498410013,102.404418452028,-98.1293979473797));
#7481=CARTESIAN_POINT('Ctrl Pts',(4.1014082917874,98.0043567348587,-102.912629691396));
#7482=CARTESIAN_POINT('Ctrl Pts',(7.92743195216332,95.5926179489574,-105.585560619264));
#7483=CARTESIAN_POINT('Ctrl Pts',(11.8824725385435,94.2338439426413,-107.138766944251));
#7484=CARTESIAN_POINT('Ctrl Pts',(15.9161854628788,94.2358726255808,-107.136495748885));
#7485=CARTESIAN_POINT('Ctrl Pts',(19.8432620738233,95.4466026159799,-105.750227572021));
#7486=CARTESIAN_POINT('Ctrl Pts',(22.7569457954932,97.132318683063,-103.87547262181));
#7487=CARTESIAN_POINT('Ctrl Pts',(25.3736569836656,99.566658492659,-101.212665631281));
#7488=CARTESIAN_POINT('Ctrl Pts',(28.1290650316347,103.683510122736,-96.7624108401175));
#7489=CARTESIAN_POINT('Ctrl Pts',(29.0535966954615,107.471053532825,-92.7070412888074));
#7490=CARTESIAN_POINT('Ctrl Pts',(29.0535966954615,110.,-89.9999999999999));
#7491=CARTESIAN_POINT('Ctrl Pts',(-0.94640330453855,110.,-89.9999999999999));
#7492=CARTESIAN_POINT('Ctrl Pts',(-0.94640330453855,107.649148354457,-92.8851361104395));
#7493=CARTESIAN_POINT('Ctrl Pts',(0.181110109809957,102.942462401649,-98.6590307248066));
#7494=CARTESIAN_POINT('Ctrl Pts',(3.7636450034301,98.7451959794255,-103.948644193746));
#7495=CARTESIAN_POINT('Ctrl Pts',(7.52887641590424,96.3471248743796,-107.060828290683));
#7496=CARTESIAN_POINT('Ctrl Pts',(11.6159996285646,94.8890992792182,-109.027672733848));
#7497=CARTESIAN_POINT('Ctrl Pts',(16.143873540604,94.8909499045566,-109.025060706809));
#7498=CARTESIAN_POINT('Ctrl Pts',(20.2379529530919,96.1958585166435,-107.261271940833));
#7499=CARTESIAN_POINT('Ctrl Pts',(23.1235420785755,97.8853073716418,-105.058701229148));
#7500=CARTESIAN_POINT('Ctrl Pts',(25.6248229990702,100.238947358096,-102.063870147846));
#7501=CARTESIAN_POINT('Ctrl Pts',(28.2047336932309,104.126762312166,-97.2091621733317));
#7502=CARTESIAN_POINT('Ctrl Pts',(29.0535966954615,107.649148354457,-92.8851361104395));
#7503=CARTESIAN_POINT('Ctrl Pts',(29.0535966954615,110.,-89.9999999999999));
#7504=CARTESIAN_POINT('Ctrl Pts',(-0.94640330453855,110.,-89.9999999999999));
#7505=CARTESIAN_POINT('Ctrl Pts',(-0.94640330453855,107.756005247436,-92.9919930034187));
#7506=CARTESIAN_POINT('Ctrl Pts',(0.0755756724320695,103.267641994244,-98.9764773410078));
#7507=CARTESIAN_POINT('Ctrl Pts',(3.42618639946091,99.0723854223716,-104.570152770171));
#7508=CARTESIAN_POINT('Ctrl Pts',(7.14556671414886,96.5391317580766,-107.947824322564));
#7509=CARTESIAN_POINT('Ctrl Pts',(11.3692742059411,94.8753191500071,-110.166241133324));
#7510=CARTESIAN_POINT('Ctrl Pts',(16.3541294111251,94.8774590205536,-110.163387972595));
#7511=CARTESIAN_POINT('Ctrl Pts',(20.6164955345464,96.3726426561343,-108.169809791821));
#7512=CARTESIAN_POINT('Ctrl Pts',(23.4850678723523,98.173144562759,-105.769140582988));
#7513=CARTESIAN_POINT('Ctrl Pts',(25.8793257502741,100.569137897325,-102.574482803567));
#7514=CARTESIAN_POINT('Ctrl Pts',(28.284286366122,104.39232810882,-97.476895854906));
#7515=CARTESIAN_POINT('Ctrl Pts',(29.0535966954615,107.756005247436,-92.9919930034187));
#7516=CARTESIAN_POINT('Ctrl Pts',(29.0535966954615,110.,-89.9999999999999));
#7517=CARTESIAN_POINT('Origin',(14.0535966954615,110.,-89.9999999999999));
#7518=CARTESIAN_POINT('Origin',(14.0535966954615,110.,-89.9999999999999));
#7519=CARTESIAN_POINT('Ctrl Pts',(-0.94640330453855,110.,-210.));
#7520=CARTESIAN_POINT('Ctrl Pts',(-0.94640330453855,107.008006996581,-212.243994752564));
#7521=CARTESIAN_POINT('Ctrl Pts',(0.0756248796251797,101.023423657834,-216.732432256624));
#7522=CARTESIAN_POINT('Ctrl Pts',(3.42625943957971,95.4298399005575,-220.927620074582));
#7523=CARTESIAN_POINT('Ctrl Pts',(7.14562170279215,92.0521234242901,-223.460907431782));
#7524=CARTESIAN_POINT('Ctrl Pts',(11.3692998435814,89.8337308543916,-225.124701859206));
#7525=CARTESIAN_POINT('Ctrl Pts',(16.3541190867542,89.8366782470971,-225.122491314677));
#7526=CARTESIAN_POINT('Ctrl Pts',(20.6164845019804,91.8302330032633,-223.627325247552));
#7527=CARTESIAN_POINT('Ctrl Pts',(23.4850359304837,94.2309038669879,-221.826822099759));
#7528=CARTESIAN_POINT('Ctrl Pts',(25.8792947598703,97.4255428169252,-219.430842887306));
#7529=CARTESIAN_POINT('Ctrl Pts',(28.2842142830334,102.523140391067,-215.607644706699));
#7530=CARTESIAN_POINT('Ctrl Pts',(29.0535966954615,107.008006996581,-212.243994752564));
#7531=CARTESIAN_POINT('Ctrl Pts',(29.0535966954615,110.,-210.));
#7532=CARTESIAN_POINT('Ctrl Pts',(-0.94640330453855,110.,-210.));
#7533=CARTESIAN_POINT('Ctrl Pts',(-0.94640330453855,107.079244925234,-212.315232681217));
#7534=CARTESIAN_POINT('Ctrl Pts',(0.146301832572135,101.23515837596,-216.948737608264));
#7535=CARTESIAN_POINT('Ctrl Pts',(3.65119559103439,95.8444147799489,-221.144880289819));
#7536=CARTESIAN_POINT('Ctrl Pts',(7.40069135902269,92.6435150399568,-223.588971770744));
#7537=CARTESIAN_POINT('Ctrl Pts',(11.5331370929278,90.5924888846778,-225.116820550832));
#7538=CARTESIAN_POINT('Ctrl Pts',(16.2143916003706,90.5951676245371,-225.114912677223));
#7539=CARTESIAN_POINT('Ctrl Pts',(20.3647004154094,92.4358866989465,-223.745280791037));
#7540=CARTESIAN_POINT('Ctrl Pts',(23.2442710080781,94.704574951601,-222.018378355306));
#7541=CARTESIAN_POINT('Ctrl Pts',(25.7096108643321,97.7660138561764,-219.650573611102));
#7542=CARTESIAN_POINT('Ctrl Pts',(28.2309056546204,102.701701894723,-215.784185689179));
#7543=CARTESIAN_POINT('Ctrl Pts',(29.0535966954615,107.079244925234,-212.315232681217));
#7544=CARTESIAN_POINT('Ctrl Pts',(29.0535966954615,110.,-210.));
#7545=CARTESIAN_POINT('Ctrl Pts',(-0.94640330453855,110.,-210.));
#7546=CARTESIAN_POINT('Ctrl Pts',(-0.94640330453855,107.22172078254,-212.457708538523));
#7547=CARTESIAN_POINT('Ctrl Pts',(0.245511182863872,101.658587172361,-217.380381083444));
#7548=CARTESIAN_POINT('Ctrl Pts',(3.98249452012165,96.6732215667801,-221.684534206606));
#7549=CARTESIAN_POINT('Ctrl Pts',(7.78616218194973,93.8253101173795,-224.072956327973));
#7550=CARTESIAN_POINT('Ctrl Pts',(11.7874285784893,92.107939006199,-225.451864362224));
#7551=CARTESIAN_POINT('Ctrl Pts',(15.9974271112078,92.110071175904,-225.450248945551));
#7552=CARTESIAN_POINT('Ctrl Pts',(19.9833264876919,93.6461019037686,-224.21968448575));
#7553=CARTESIAN_POINT('Ctrl Pts',(22.8864079902912,95.6513906540286,-222.546430791938));
#7554=CARTESIAN_POINT('Ctrl Pts',(25.461948592047,98.4467734404992,-220.155610951632));
#7555=CARTESIAN_POINT('Ctrl Pts',(28.1553244631654,103.05873659969,-216.138744586958));
#7556=CARTESIAN_POINT('Ctrl Pts',(29.0535966954615,107.22172078254,-212.457708538523));
#7557=CARTESIAN_POINT('Ctrl Pts',(29.0535966954615,110.,-210.));
#7558=CARTESIAN_POINT('Ctrl Pts',(-0.94640330453855,110.,-210.));
#7559=CARTESIAN_POINT('Ctrl Pts',(-0.94640330453855,107.471053532824,-212.707041288807));
#7560=CARTESIAN_POINT('Ctrl Pts',(0.279759921327155,102.404399554298,-218.129433166361));
#7561=CARTESIAN_POINT('Ctrl Pts',(4.10145925010467,98.0046597014824,-222.91234796039));
#7562=CARTESIAN_POINT('Ctrl Pts',(7.9274322050412,95.5928788824239,-225.585312797187));
#7563=CARTESIAN_POINT('Ctrl Pts',(11.8825338334593,94.2338561188606,-227.138715682486));
#7564=CARTESIAN_POINT('Ctrl Pts',(15.9162290629463,94.2354386913591,-227.136834631056));
#7565=CARTESIAN_POINT('Ctrl Pts',(19.8433205736749,95.4463573284672,-225.750415433271));
#7566=CARTESIAN_POINT('Ctrl Pts',(22.7569696714739,97.1321084811032,-223.875647378985));
#7567=CARTESIAN_POINT('Ctrl Pts',(25.373670185589,99.5665504811066,-221.212764893128));
#7568=CARTESIAN_POINT('Ctrl Pts',(28.1289940892838,103.683407810266,-216.762506451906));
#7569=CARTESIAN_POINT('Ctrl Pts',(29.0535966954615,107.471053532824,-212.707041288807));
#7570=CARTESIAN_POINT('Ctrl Pts',(29.0535966954615,110.,-210.));
#7571=CARTESIAN_POINT('Ctrl Pts',(-0.94640330453855,110.,-210.));
#7572=CARTESIAN_POINT('Ctrl Pts',(-0.94640330453855,107.649148354457,-212.885136110439));
#7573=CARTESIAN_POINT('Ctrl Pts',(0.181196300733272,102.942284021283,-218.659128204401));
#7574=CARTESIAN_POINT('Ctrl Pts',(3.76383612968058,98.7453946306822,-223.948534041318));
#7575=CARTESIAN_POINT('Ctrl Pts',(7.52907232542076,96.3473406610644,-227.060747760321));
#7576=CARTESIAN_POINT('Ctrl Pts',(11.6161374184898,94.8894554444582,-229.027599877973));
#7577=CARTESIAN_POINT('Ctrl Pts',(16.1437687569527,94.8911313638242,-229.02507525181));
#7578=CARTESIAN_POINT('Ctrl Pts',(20.2378254834632,96.1959608999939,-227.261277945388));
#7579=CARTESIAN_POINT('Ctrl Pts',(23.1234143099609,97.885264143853,-225.058732713152));
#7580=CARTESIAN_POINT('Ctrl Pts',(25.624752719372,100.238823582683,-222.063907525099));
#7581=CARTESIAN_POINT('Ctrl Pts',(28.204613992114,104.126635217178,-217.209193539845));
#7582=CARTESIAN_POINT('Ctrl Pts',(29.0535966954615,107.649148354457,-212.885136110439));
#7583=CARTESIAN_POINT('Ctrl Pts',(29.0535966954615,110.,-210.));
#7584=CARTESIAN_POINT('Ctrl Pts',(-0.94640330453855,110.,-210.));
#7585=CARTESIAN_POINT('Ctrl Pts',(-0.94640330453855,107.756005247436,-212.991993003419));
#7586=CARTESIAN_POINT('Ctrl Pts',(0.0756248796251747,103.267567743376,-218.976576342166));
#7587=CARTESIAN_POINT('Ctrl Pts',(3.42625943957971,99.0723799254181,-224.570160099442));
#7588=CARTESIAN_POINT('Ctrl Pts',(7.14562170279215,96.5390925682176,-227.94787657571));
#7589=CARTESIAN_POINT('Ctrl Pts',(11.3692998435814,94.8752981407936,-230.166269145608));
#7590=CARTESIAN_POINT('Ctrl Pts',(16.3541190867541,94.8775086853228,-230.163321752903));
#7591=CARTESIAN_POINT('Ctrl Pts',(20.6164845019804,96.3726747524475,-228.169766996736));
#7592=CARTESIAN_POINT('Ctrl Pts',(23.4850359304837,98.1731779002409,-225.769096133012));
#7593=CARTESIAN_POINT('Ctrl Pts',(25.8792947598703,100.569157112694,-222.574457183075));
#7594=CARTESIAN_POINT('Ctrl Pts',(28.2842142830334,104.3923552933,-217.476859608933));
#7595=CARTESIAN_POINT('Ctrl Pts',(29.0535966954615,107.756005247436,-212.991993003419));
#7596=CARTESIAN_POINT('Ctrl Pts',(29.0535966954615,110.,-210.));
#7597=CARTESIAN_POINT('',(-0.946403304538563,110.,-210.));
#7598=CARTESIAN_POINT('',(29.0535966954615,110.,-210.));
#7599=CARTESIAN_POINT('Origin',(14.0535966954615,110.,-210.));
#7600=CARTESIAN_POINT('Origin',(14.0535966954615,110.,-210.));
#7601=CARTESIAN_POINT('Ctrl Pts',(29.0535966954615,110.,-210.));
#7602=CARTESIAN_POINT('Ctrl Pts',(29.0535966954615,107.008006996581,-207.756005247436));
#7603=CARTESIAN_POINT('Ctrl Pts',(28.0315687764037,101.023424108905,-203.267568081679));
#7604=CARTESIAN_POINT('Ctrl Pts',(24.6809343208966,95.4298399657891,-199.072379974342));
#7605=CARTESIAN_POINT('Ctrl Pts',(20.961571985225,92.0521236748217,-196.539092756116));
#7606=CARTESIAN_POINT('Ctrl Pts',(16.7378936942901,89.8337309732153,-194.875298229911));
#7607=CARTESIAN_POINT('Ctrl Pts',(11.7530742606144,89.8366779310861,-194.877508448314));
#7608=CARTESIAN_POINT('Ctrl Pts',(7.49070883370173,91.8302327795879,-196.372674584691));
#7609=CARTESIAN_POINT('Ctrl Pts',(4.62215730304326,94.2309036332985,-198.173177724974));
#7610=CARTESIAN_POINT('Ctrl Pts',(2.22789846937199,97.4255426674843,-200.569157000613));
#7611=CARTESIAN_POINT('Ctrl Pts',(-0.177021224319886,102.523140198236,-204.392355148677));
#7612=CARTESIAN_POINT('Ctrl Pts',(-0.94640330453855,107.008006996581,-207.756005247436));
#7613=CARTESIAN_POINT('Ctrl Pts',(-0.94640330453855,110.,-210.));
#7614=CARTESIAN_POINT('Ctrl Pts',(29.0535966954615,110.,-210.));
#7615=CARTESIAN_POINT('Ctrl Pts',(29.0535966954615,107.079244925234,-207.684767318783));
#7616=CARTESIAN_POINT('Ctrl Pts',(27.9608918732799,101.235158707728,-203.051262648007));
#7617=CARTESIAN_POINT('Ctrl Pts',(24.4559982318022,95.8444144692532,-198.855119167455));
#7618=CARTESIAN_POINT('Ctrl Pts',(20.7065023822514,92.6435148952218,-196.411027809087));
#7619=CARTESIAN_POINT('Ctrl Pts',(16.5740565647436,90.592488874176,-194.883179214037));
#7620=CARTESIAN_POINT('Ctrl Pts',(11.8928017675014,90.5951677533564,-194.885087560805));
#7621=CARTESIAN_POINT('Ctrl Pts',(7.74249293638892,92.4358867525772,-196.254719336757));
#7622=CARTESIAN_POINT('Ctrl Pts',(4.86292222871417,94.7045749988644,-197.981621825709));
#7623=CARTESIAN_POINT('Ctrl Pts',(2.39758238075744,97.7660138892737,-200.349426544618));
#7624=CARTESIAN_POINT('Ctrl Pts',(-0.123712636795223,102.701701892689,-204.215814438739));
#7625=CARTESIAN_POINT('Ctrl Pts',(-0.94640330453855,107.079244925234,-207.684767318783));
#7626=CARTESIAN_POINT('Ctrl Pts',(-0.94640330453855,110.,-210.));
#7627=CARTESIAN_POINT('Ctrl Pts',(29.0535966954615,110.,-210.));
#7628=CARTESIAN_POINT('Ctrl Pts',(29.0535966954615,107.22172078254,-207.542291461477));
#7629=CARTESIAN_POINT('Ctrl Pts',(27.8616824238924,101.658587330437,-202.619618904649));
#7630=CARTESIAN_POINT('Ctrl Pts',(24.1246992679024,96.6732205154924,-198.315464514468));
#7631=CARTESIAN_POINT('Ctrl Pts',(20.3210314588875,93.8253091736587,-195.927042543282));
#7632=CARTESIAN_POINT('Ctrl Pts',(16.3197651743413,92.1079386270272,-194.548135435922));
#7633=CARTESIAN_POINT('Ctrl Pts',(12.1097663735649,92.1100720688627,-194.549752546897));
#7634=CARTESIAN_POINT('Ctrl Pts',(8.12386701280928,93.646102451927,-195.780316428872));
#7635=CARTESIAN_POINT('Ctrl Pts',(5.22078537582921,95.6513912641719,-197.453570054675));
#7636=CARTESIAN_POINT('Ctrl Pts',(2.64524476393104,98.4467738851285,-199.844389558654));
#7637=CARTESIAN_POINT('Ctrl Pts',(-0.0481314179040991,103.058737029411,
-203.86125589593));
#7638=CARTESIAN_POINT('Ctrl Pts',(-0.94640330453855,107.22172078254,-207.542291461477));
#7639=CARTESIAN_POINT('Ctrl Pts',(-0.94640330453855,110.,-210.));
#7640=CARTESIAN_POINT('Ctrl Pts',(29.0535966954615,110.,-210.));
#7641=CARTESIAN_POINT('Ctrl Pts',(29.0535966954615,107.471053532825,-207.292958711192));
#7642=CARTESIAN_POINT('Ctrl Pts',(27.8274335735298,102.404399447348,-201.870566808889));
#7643=CARTESIAN_POINT('Ctrl Pts',(24.0057344114922,98.0046582364556,-197.087650670262));
#7644=CARTESIAN_POINT('Ctrl Pts',(20.1797612517822,95.5928775793794,-194.414685962293));
#7645=CARTESIAN_POINT('Ctrl Pts',(16.2246598759819,94.2338560408245,-192.861284058863));
#7646=CARTESIAN_POINT('Ctrl Pts',(12.1909645631526,94.2354407081352,-192.863166942603));
#7647=CARTESIAN_POINT('Ctrl Pts',(8.26387310456052,95.4463585790885,-194.249585530528));
#7648=CARTESIAN_POINT('Ctrl Pts',(5.35022384873769,97.1321095906657,-196.124353540195));
#7649=CARTESIAN_POINT('Ctrl Pts',(2.73352327211952,99.5665511224716,-198.787235680806));
#7650=CARTESIAN_POINT('Ctrl Pts',(-0.0218009795045524,103.683408425772,
-203.237494105698));
#7651=CARTESIAN_POINT('Ctrl Pts',(-0.94640330453855,107.471053532825,-207.292958711192));
#7652=CARTESIAN_POINT('Ctrl Pts',(-0.94640330453855,110.,-210.));
#7653=CARTESIAN_POINT('Ctrl Pts',(29.0535966954615,110.,-210.));
#7654=CARTESIAN_POINT('Ctrl Pts',(29.0535966954615,107.649148354457,-207.11486388956));
#7655=CARTESIAN_POINT('Ctrl Pts',(27.9259976102299,102.942284614569,-201.340872148445));
#7656=CARTESIAN_POINT('Ctrl Pts',(24.3433582462134,98.7453935280782,-196.051465414517));
#7657=CARTESIAN_POINT('Ctrl Pts',(20.5781220789072,96.3473394645843,-192.939251810517));
#7658=CARTESIAN_POINT('Ctrl Pts',(16.4910566448991,94.8894536668506,-190.97239975313));
#7659=CARTESIAN_POINT('Ctrl Pts',(11.9634241460993,94.8911303939675,-190.974924791477));
#7660=CARTESIAN_POINT('Ctrl Pts',(7.86936730024801,96.1959603129841,-192.738722074599));
#7661=CARTESIAN_POINT('Ctrl Pts',(4.98377844447229,97.8852642486744,-194.941267430192));
#7662=CARTESIAN_POINT('Ctrl Pts',(2.48244027578277,100.238824096076,-197.936092651486));
#7663=CARTESIAN_POINT('Ctrl Pts',(-0.0974212006919907,104.126635753447,
-202.790806613563));
#7664=CARTESIAN_POINT('Ctrl Pts',(-0.94640330453855,107.649148354457,-207.11486388956));
#7665=CARTESIAN_POINT('Ctrl Pts',(-0.94640330453855,110.,-210.));
#7666=CARTESIAN_POINT('Ctrl Pts',(29.0535966954615,110.,-210.));
#7667=CARTESIAN_POINT('Ctrl Pts',(29.0535966954615,107.756005247436,-207.008006996581));
#7668=CARTESIAN_POINT('Ctrl Pts',(28.0315687764037,103.267568081679,-201.023424108905));
#7669=CARTESIAN_POINT('Ctrl Pts',(24.6809343208966,99.0723799743418,-195.429839965789));
#7670=CARTESIAN_POINT('Ctrl Pts',(20.961571985225,96.5390927561163,-192.052123674822));
#7671=CARTESIAN_POINT('Ctrl Pts',(16.7378936942901,94.8752982299115,-189.833730973215));
#7672=CARTESIAN_POINT('Ctrl Pts',(11.7530742606144,94.8775084483145,-189.836677931086));
#7673=CARTESIAN_POINT('Ctrl Pts',(7.49070883370173,96.3726745846909,-191.830232779588));
#7674=CARTESIAN_POINT('Ctrl Pts',(4.62215730304326,98.1731777249739,-194.230903633298));
#7675=CARTESIAN_POINT('Ctrl Pts',(2.227898469372,100.569157000613,-197.425542667484));
#7676=CARTESIAN_POINT('Ctrl Pts',(-0.177021224319882,104.392355148677,-202.523140198236));
#7677=CARTESIAN_POINT('Ctrl Pts',(-0.94640330453855,107.756005247436,-207.008006996581));
#7678=CARTESIAN_POINT('Ctrl Pts',(-0.94640330453855,110.,-210.));
#7679=CARTESIAN_POINT('Origin',(14.0535966954615,110.,-210.));
#7680=CARTESIAN_POINT('Origin',(14.0535966954615,110.,-210.));
#7681=CARTESIAN_POINT('Ctrl Pts',(29.0535966954615,110.,-330.));
#7682=CARTESIAN_POINT('Ctrl Pts',(29.0535966954615,107.008006996581,-327.756005247436));
#7683=CARTESIAN_POINT('Ctrl Pts',(28.031530506006,101.023365299932,-323.267523974949));
#7684=CARTESIAN_POINT('Ctrl Pts',(24.680882525537,95.4298291558297,-319.072371866872));
#7685=CARTESIAN_POINT('Ctrl Pts',(20.9615288835966,92.0520901227145,-316.539067592036));
#7686=CARTESIAN_POINT('Ctrl Pts',(16.7378715266487,89.8337163466616,-314.875287259996));
#7687=CARTESIAN_POINT('Ctrl Pts',(11.7530792334707,89.8367206344796,-314.87754047586));
#7688=CARTESIAN_POINT('Ctrl Pts',(7.49071604624083,91.8302645505075,-316.37269841288));
#7689=CARTESIAN_POINT('Ctrl Pts',(4.6221784742613,94.2309370123659,-318.173202759274));
#7690=CARTESIAN_POINT('Ctrl Pts',(2.22792090096067,97.4255651760811,-320.569173882061));
#7691=CARTESIAN_POINT('Ctrl Pts',(-0.17697775745055,102.523168007401,-324.392376005551));
#7692=CARTESIAN_POINT('Ctrl Pts',(-0.94640330453855,107.008006996581,-327.756005247436));
#7693=CARTESIAN_POINT('Ctrl Pts',(-0.94640330453855,110.,-330.));
#7694=CARTESIAN_POINT('Ctrl Pts',(29.0535966954615,110.,-330.));
#7695=CARTESIAN_POINT('Ctrl Pts',(29.0535966954615,107.079244925234,-327.684767318783));
#7696=CARTESIAN_POINT('Ctrl Pts',(27.9608657362626,101.235089086445,-323.051220292845));
#7697=CARTESIAN_POINT('Ctrl Pts',(24.4559221398232,95.8444209317529,-318.855176311264));
#7698=CARTESIAN_POINT('Ctrl Pts',(20.7064094206263,92.6435520962628,-316.411096986679));
#7699=CARTESIAN_POINT('Ctrl Pts',(16.573975109148,90.592572575832,-314.883252201791));
#7700=CARTESIAN_POINT('Ctrl Pts',(11.8928339314478,90.5952303138322,-314.885096387825));
#7701=CARTESIAN_POINT('Ctrl Pts',(7.74254428253339,92.4358940874592,-316.254711187179));
#7702=CARTESIAN_POINT('Ctrl Pts',(4.86296991264396,94.7045523945258,-317.981590123621));
#7703=CARTESIAN_POINT('Ctrl Pts',(2.39760716962634,97.7659841481799,-320.349392445978));
#7704=CARTESIAN_POINT('Ctrl Pts',(-0.123680065361035,102.701669168367,-324.215779300231));
#7705=CARTESIAN_POINT('Ctrl Pts',(-0.94640330453855,107.079244925234,-327.684767318783));
#7706=CARTESIAN_POINT('Ctrl Pts',(-0.94640330453855,110.,-330.));
#7707=CARTESIAN_POINT('Ctrl Pts',(29.0535966954615,110.,-330.));
#7708=CARTESIAN_POINT('Ctrl Pts',(29.0535966954615,107.22172078254,-327.542291461477));
#7709=CARTESIAN_POINT('Ctrl Pts',(27.861721438045,101.658441017428,-322.619542431767));
#7710=CARTESIAN_POINT('Ctrl Pts',(24.1247747341121,96.6730656308144,-318.315463959404));
#7711=CARTESIAN_POINT('Ctrl Pts',(20.3211495682144,93.8250500125357,-315.927027654331));
#7712=CARTESIAN_POINT('Ctrl Pts',(16.3197918982463,92.1074145406537,-314.547971282384));
#7713=CARTESIAN_POINT('Ctrl Pts',(12.109646678402,92.1093654509264,-314.549353856744));
#7714=CARTESIAN_POINT('Ctrl Pts',(8.1237155890431,93.6455817103424,-315.779989300863));
#7715=CARTESIAN_POINT('Ctrl Pts',(5.22065775937361,95.6509940017656,-317.453285346113));
#7716=CARTESIAN_POINT('Ctrl Pts',(2.6451594550973,98.4465212459558,-319.844200162988));
#7717=CARTESIAN_POINT('Ctrl Pts',(-0.0481621924297194,103.058505460906,
-323.861073446568));
#7718=CARTESIAN_POINT('Ctrl Pts',(-0.94640330453855,107.22172078254,-327.542291461477));
#7719=CARTESIAN_POINT('Ctrl Pts',(-0.94640330453855,110.,-330.));
#7720=CARTESIAN_POINT('Ctrl Pts',(29.0535966954615,110.,-330.));
#7721=CARTESIAN_POINT('Ctrl Pts',(29.0535966954615,107.471053532825,-327.292958711192));
#7722=CARTESIAN_POINT('Ctrl Pts',(27.8274391136443,102.40432944258,-321.870614964896));
#7723=CARTESIAN_POINT('Ctrl Pts',(24.0057174084646,98.0046917384649,-317.087876633837));
#7724=CARTESIAN_POINT('Ctrl Pts',(20.1797715796209,95.5929361706965,-314.414852821105));
#7725=CARTESIAN_POINT('Ctrl Pts',(16.2246274590396,94.2337708325691,-312.861244437275));
#7726=CARTESIAN_POINT('Ctrl Pts',(12.1909075646103,94.2350684548341,-312.862885433396));
#7727=CARTESIAN_POINT('Ctrl Pts',(8.26381353581626,95.4460405074164,-314.249449125107));
#7728=CARTESIAN_POINT('Ctrl Pts',(5.35018502115534,97.1318105596525,-316.124246919515));
#7729=CARTESIAN_POINT('Ctrl Pts',(2.73349581433195,99.5663448112332,-318.787177993548));
#7730=CARTESIAN_POINT('Ctrl Pts',(-0.0217905017538706,103.68320064222,-323.237442631307));
#7731=CARTESIAN_POINT('Ctrl Pts',(-0.946403304538549,107.471053532824,-327.292958711192));
#7732=CARTESIAN_POINT('Ctrl Pts',(-0.946403304538549,110.,-330.));
#7733=CARTESIAN_POINT('Ctrl Pts',(29.0535966954615,110.,-330.));
#7734=CARTESIAN_POINT('Ctrl Pts',(29.0535966954615,107.649148354457,-327.11486388956));
#7735=CARTESIAN_POINT('Ctrl Pts',(27.9259545451886,102.942180500075,-321.340792540269));
#7736=CARTESIAN_POINT('Ctrl Pts',(24.343200110723,98.7454965533915,-316.051486642527));
#7737=CARTESIAN_POINT('Ctrl Pts',(20.5778963442361,96.3475392537049,-312.939331432958));
#7738=CARTESIAN_POINT('Ctrl Pts',(16.4908599238653,94.8898542164845,-310.972585594952));
#7739=CARTESIAN_POINT('Ctrl Pts',(11.9635641635934,94.8914196943859,-310.975051628758));
#7740=CARTESIAN_POINT('Ctrl Pts',(7.86954188290934,96.1960675870467,-312.73873412173));
#7741=CARTESIAN_POINT('Ctrl Pts',(4.98391127196941,97.8852291008296,-314.941219642191));
#7742=CARTESIAN_POINT('Ctrl Pts',(2.48250125712511,100.238720745772,-317.936030830759));
#7743=CARTESIAN_POINT('Ctrl Pts',(-0.0973674012897655,104.126519999636,
-322.79074043199));
#7744=CARTESIAN_POINT('Ctrl Pts',(-0.94640330453855,107.649148354457,-327.11486388956));
#7745=CARTESIAN_POINT('Ctrl Pts',(-0.94640330453855,110.,-330.));
#7746=CARTESIAN_POINT('Ctrl Pts',(29.0535966954615,110.,-330.));
#7747=CARTESIAN_POINT('Ctrl Pts',(29.0535966954615,107.756005247436,-327.008006996581));
#7748=CARTESIAN_POINT('Ctrl Pts',(28.031530506006,103.267523974949,-321.023365299932));
#7749=CARTESIAN_POINT('Ctrl Pts',(24.680882525537,99.0723718668723,-315.42982915583));
#7750=CARTESIAN_POINT('Ctrl Pts',(20.9615288835966,96.5390675920359,-312.052090122714));
#7751=CARTESIAN_POINT('Ctrl Pts',(16.7378715266486,94.8752872599962,-309.833716346661));
#7752=CARTESIAN_POINT('Ctrl Pts',(11.7530792334707,94.8775404758597,-309.836720634479));
#7753=CARTESIAN_POINT('Ctrl Pts',(7.49071604624083,96.3726984128806,-311.830264550507));
#7754=CARTESIAN_POINT('Ctrl Pts',(4.62217847426131,98.1732027592744,-314.230937012366));
#7755=CARTESIAN_POINT('Ctrl Pts',(2.22792090096068,100.569173882061,-317.425565176081));
#7756=CARTESIAN_POINT('Ctrl Pts',(-0.176977757450552,104.392376005551,-322.523168007401));
#7757=CARTESIAN_POINT('Ctrl Pts',(-0.94640330453855,107.756005247436,-327.008006996581));
#7758=CARTESIAN_POINT('Ctrl Pts',(-0.94640330453855,110.,-330.));
#7759=CARTESIAN_POINT('',(29.0535966954615,110.,-330.));
#7760=CARTESIAN_POINT('',(-0.946403304538563,110.,-330.));
#7761=CARTESIAN_POINT('Origin',(14.0535966954615,110.,-330.));
#7762=CARTESIAN_POINT('Origin',(14.0535966954615,110.,-330.));
#7763=CARTESIAN_POINT('Ctrl Pts',(-0.94640330453855,110.,-330.));
#7764=CARTESIAN_POINT('Ctrl Pts',(-0.94640330453855,107.008006996581,-332.243994752564));
#7765=CARTESIAN_POINT('Ctrl Pts',(0.0756630925484419,101.023365011365,-336.732476241476));
#7766=CARTESIAN_POINT('Ctrl Pts',(3.42631113950332,95.4298290918297,-340.927628181128));
#7767=CARTESIAN_POINT('Ctrl Pts',(7.1456647425201,92.0520899539612,-343.460932534529));
#7768=CARTESIAN_POINT('Ctrl Pts',(11.3693219897873,89.8337162797489,-345.124712790188));
#7769=CARTESIAN_POINT('Ctrl Pts',(16.3541141378228,89.8367208526119,-345.122459360541));
#7770=CARTESIAN_POINT('Ctrl Pts',(20.6164773103651,91.8302647204412,-343.627301459669));
#7771=CARTESIAN_POINT('Ctrl Pts',(23.4850148103969,94.2309371918845,-341.826797106087));
#7772=CARTESIAN_POINT('Ctrl Pts',(25.879272373875,97.4255653027466,-339.43082602294));
#7773=CARTESIAN_POINT('Ctrl Pts',(28.2841709347871,102.523168158373,-335.60762388122));
#7774=CARTESIAN_POINT('Ctrl Pts',(29.0535966954615,107.008006996581,-332.243994752564));
#7775=CARTESIAN_POINT('Ctrl Pts',(29.0535966954615,110.,-330.));
#7776=CARTESIAN_POINT('Ctrl Pts',(-0.94640330453855,110.,-330.));
#7777=CARTESIAN_POINT('Ctrl Pts',(-0.94640330453855,107.079244925234,-332.315232681217));
#7778=CARTESIAN_POINT('Ctrl Pts',(0.146327912142507,101.235088910127,-336.948779800181));
#7779=CARTESIAN_POINT('Ctrl Pts',(3.65127159568911,95.8444211454867,-341.144823299499));
#7780=CARTESIAN_POINT('Ctrl Pts',(7.4007842745414,92.643552222639,-343.588902686617));
#7781=CARTESIAN_POINT('Ctrl Pts',(11.5332185020436,90.5925726293386,-345.116747601188));
#7782=CARTESIAN_POINT('Ctrl Pts',(16.2143594495865,90.5952302716697,-345.114903732239));
#7783=CARTESIAN_POINT('Ctrl Pts',(20.3646490757351,92.4358940753171,-343.745288883423));
#7784=CARTESIAN_POINT('Ctrl Pts',(23.2442233649094,94.7045523709364,-342.018409994513));
#7785=CARTESIAN_POINT('Ctrl Pts',(25.7095861084085,97.7659841224663,-339.650607665527));
#7786=CARTESIAN_POINT('Ctrl Pts',(28.230873215082,102.701669161133,-335.784220797015));
#7787=CARTESIAN_POINT('Ctrl Pts',(29.0535966954615,107.079244925234,-332.315232681217));
#7788=CARTESIAN_POINT('Ctrl Pts',(29.0535966954615,110.,-330.));
#7789=CARTESIAN_POINT('Ctrl Pts',(-0.94640330453855,110.,-330.));
#7790=CARTESIAN_POINT('Ctrl Pts',(-0.94640330453855,107.22172078254,-332.457708538523));
#7791=CARTESIAN_POINT('Ctrl Pts',(0.245472189584135,101.6584410223,-337.380457441366));
#7792=CARTESIAN_POINT('Ctrl Pts',(3.98241906590264,96.6730664373309,-341.684535126267));
#7793=CARTESIAN_POINT('Ctrl Pts',(7.78604417097847,93.8250507910424,-344.072971494134));
#7794=CARTESIAN_POINT('Ctrl Pts',(11.7874018305734,92.1074150212329,-345.452028449607));
#7795=CARTESIAN_POINT('Ctrl Pts',(15.9975467232266,92.1093650936749,-345.450646999713));
#7796=CARTESIAN_POINT('Ctrl Pts',(19.9834777933041,93.6455814603413,-344.220011288192));
#7797=CARTESIAN_POINT('Ctrl Pts',(22.8865355416627,95.6509936183909,-342.546715266082));
#7798=CARTESIAN_POINT('Ctrl Pts',(25.462033862077,98.4465208962791,-340.155800275782));
#7799=CARTESIAN_POINT('Ctrl Pts',(28.1553553402697,103.058505112465,-336.13892697984));
#7800=CARTESIAN_POINT('Ctrl Pts',(29.0535966954615,107.22172078254,-332.457708538523));
#7801=CARTESIAN_POINT('Ctrl Pts',(29.0535966954615,110.,-330.));
#7802=CARTESIAN_POINT('Ctrl Pts',(-0.94640330453855,110.,-330.));
#7803=CARTESIAN_POINT('Ctrl Pts',(-0.94640330453855,107.471053532825,-332.707041288807));
#7804=CARTESIAN_POINT('Ctrl Pts',(0.279754395837934,102.404329639281,-338.129384866675));
#7805=CARTESIAN_POINT('Ctrl Pts',(4.10147622706785,98.0046927655062,-342.912122432649));
#7806=CARTESIAN_POINT('Ctrl Pts',(7.92742194882534,95.5929371279512,-345.585146315641));
#7807=CARTESIAN_POINT('Ctrl Pts',(11.8825661981684,94.2337709977993,-347.138755414075));
#7808=CARTESIAN_POINT('Ctrl Pts',(15.9162859996481,94.2350672271701,-347.13711564408));
#7809=CARTESIAN_POINT('Ctrl Pts',(19.8433800454273,95.4460396573753,-345.75055161116));
#7810=CARTESIAN_POINT('Ctrl Pts',(22.7570084603145,97.131809731907,-343.87575379339));
#7811=CARTESIAN_POINT('Ctrl Pts',(25.3736976245475,99.5663442453044,-341.212822488218));
#7812=CARTESIAN_POINT('Ctrl Pts',(28.1289837447473,103.683200088399,-336.762557839354));
#7813=CARTESIAN_POINT('Ctrl Pts',(29.0535966954615,107.471053532825,-332.707041288807));
#7814=CARTESIAN_POINT('Ctrl Pts',(29.0535966954615,110.,-330.));
#7815=CARTESIAN_POINT('Ctrl Pts',(-0.94640330453855,110.,-330.));
#7816=CARTESIAN_POINT('Ctrl Pts',(-0.94640330453855,107.649148354457,-332.885136110439));
#7817=CARTESIAN_POINT('Ctrl Pts',(0.181239309092212,102.942180340173,-338.659207609024));
#7818=CARTESIAN_POINT('Ctrl Pts',(3.76399405154235,98.7454974999291,-343.948512945102));
#7819=CARTESIAN_POINT('Ctrl Pts',(7.52929784761148,96.3475402813606,-347.060668207392));
#7820=CARTESIAN_POINT('Ctrl Pts',(11.6163339690991,94.8898556016433,-349.027414073614));
#7821=CARTESIAN_POINT('Ctrl Pts',(16.1436288876464,94.8914205492807,-349.024948314407));
#7822=CARTESIAN_POINT('Ctrl Pts',(20.23765107189,96.1960681571172,-347.261265838375));
#7823=CARTESIAN_POINT('Ctrl Pts',(23.1232816418374,97.8852291796134,-345.058780424984));
#7824=CARTESIAN_POINT('Ctrl Pts',(25.6246918036886,100.23872050427,-342.063969281837));
#7825=CARTESIAN_POINT('Ctrl Pts',(28.2045603486501,104.126519735118,-337.209259670634));
#7826=CARTESIAN_POINT('Ctrl Pts',(29.0535966954615,107.649148354457,-332.885136110439));
#7827=CARTESIAN_POINT('Ctrl Pts',(29.0535966954615,110.,-330.));
#7828=CARTESIAN_POINT('Ctrl Pts',(-0.94640330453855,110.,-330.));
#7829=CARTESIAN_POINT('Ctrl Pts',(-0.94640330453855,107.756005247436,-332.991993003419));
#7830=CARTESIAN_POINT('Ctrl Pts',(0.0756630925484417,103.267523758524,-338.976634988635));
#7831=CARTESIAN_POINT('Ctrl Pts',(3.42631113950332,99.0723718188723,-344.57017090817));
#7832=CARTESIAN_POINT('Ctrl Pts',(7.1456647425201,96.5390674654709,-347.947910046039));
#7833=CARTESIAN_POINT('Ctrl Pts',(11.3693219897873,94.8752872098116,-350.166283720251));
#7834=CARTESIAN_POINT('Ctrl Pts',(16.3541141378228,94.8775406394589,-350.163279147388));
#7835=CARTESIAN_POINT('Ctrl Pts',(20.6164773103651,96.3726985403309,-348.169735279559));
#7836=CARTESIAN_POINT('Ctrl Pts',(23.4850148103969,98.1732028939133,-345.769062808115));
#7837=CARTESIAN_POINT('Ctrl Pts',(25.879272373875,100.56917397706,-342.574434697253));
#7838=CARTESIAN_POINT('Ctrl Pts',(28.2841709347871,104.39237611878,-337.476831841627));
#7839=CARTESIAN_POINT('Ctrl Pts',(29.0535966954615,107.756005247436,-332.991993003419));
#7840=CARTESIAN_POINT('Ctrl Pts',(29.0535966954615,110.,-330.));
#7841=CARTESIAN_POINT('Origin',(14.0535966954615,110.,-330.));
#7842=CARTESIAN_POINT('Origin',(14.0535966954615,110.,-330.));
#7843=CARTESIAN_POINT('Ctrl Pts',(29.0535966954615,110.,-450.));
#7844=CARTESIAN_POINT('Ctrl Pts',(29.0535966954615,107.008006996581,-447.756005247436));
#7845=CARTESIAN_POINT('Ctrl Pts',(28.0315001603236,101.023326000804,-443.267494500603));
#7846=CARTESIAN_POINT('Ctrl Pts',(24.6808430021949,95.4298195584311,-439.072364668823));
#7847=CARTESIAN_POINT('Ctrl Pts',(20.9614943255239,92.0520668386605,-436.539050128995));
#7848=CARTESIAN_POINT('Ctrl Pts',(16.7378525715426,89.8337077907762,-434.875280843082));
#7849=CARTESIAN_POINT('Ctrl Pts',(11.7530812146562,89.8367513462881,-434.877563509716));
#7850=CARTESIAN_POINT('Ctrl Pts',(7.49072038636076,91.830289175994,-436.372716881995));
#7851=CARTESIAN_POINT('Ctrl Pts',(4.62219297746911,94.230963122054,-438.173222341541));
#7852=CARTESIAN_POINT('Ctrl Pts',(2.22793710564763,97.4255841091456,-440.569188081859));
#7853=CARTESIAN_POINT('Ctrl Pts',(-0.176948745810985,102.523190109071,-444.392392581803));
#7854=CARTESIAN_POINT('Ctrl Pts',(-0.94640330453855,107.008006996581,-447.756005247436));
#7855=CARTESIAN_POINT('Ctrl Pts',(-0.94640330453855,110.,-450.));
#7856=CARTESIAN_POINT('Ctrl Pts',(29.0535966954615,110.,-450.));
#7857=CARTESIAN_POINT('Ctrl Pts',(29.0535966954615,107.079244925234,-447.684767318783));
#7858=CARTESIAN_POINT('Ctrl Pts',(27.960827882394,101.235067213534,-443.051211408171));
#7859=CARTESIAN_POINT('Ctrl Pts',(24.4558721183791,95.8444507396179,-438.855231672114));
#7860=CARTESIAN_POINT('Ctrl Pts',(20.706364486682,92.6435706058082,-436.411144411401));
#7861=CARTESIAN_POINT('Ctrl Pts',(16.5739426250767,90.5925809106961,-434.883281019159));
#7862=CARTESIAN_POINT('Ctrl Pts',(11.8928339516476,90.5952252199195,-434.885081188966));
#7863=CARTESIAN_POINT('Ctrl Pts',(7.74254785821347,92.435892786464,-436.25470201039));
#7864=CARTESIAN_POINT('Ctrl Pts',(4.86298498323866,94.7045493772444,-437.981574062811));
#7865=CARTESIAN_POINT('Ctrl Pts',(2.39762274843762,97.7659807560847,-440.349377006087));
#7866=CARTESIAN_POINT('Ctrl Pts',(-0.123647637534723,102.701668169634,-444.215765669865));
#7867=CARTESIAN_POINT('Ctrl Pts',(-0.94640330453855,107.079244925234,-447.684767318783));
#7868=CARTESIAN_POINT('Ctrl Pts',(-0.94640330453855,110.,-450.));
#7869=CARTESIAN_POINT('Ctrl Pts',(29.0535966954615,110.,-450.));
#7870=CARTESIAN_POINT('Ctrl Pts',(29.0535966954615,107.22172078254,-447.542291461477));
#7871=CARTESIAN_POINT('Ctrl Pts',(27.8616853996871,101.658449696302,-442.619566879126));
#7872=CARTESIAN_POINT('Ctrl Pts',(24.1247148856014,96.6731817239826,-438.315592543378));
#7873=CARTESIAN_POINT('Ctrl Pts',(20.3210973759288,93.8251630042043,-435.927148400751));
#7874=CARTESIAN_POINT('Ctrl Pts',(16.3197426932849,92.1074846161237,-434.548009431319));
#7875=CARTESIAN_POINT('Ctrl Pts',(12.1096431669396,92.1093194543679,-434.549236212573));
#7876=CARTESIAN_POINT('Ctrl Pts',(8.12371532619362,93.6455484448432,-435.779905649209));
#7877=CARTESIAN_POINT('Ctrl Pts',(5.22066918779058,95.6509414245154,-437.453197464986));
#7878=CARTESIAN_POINT('Ctrl Pts',(2.64516945638419,98.4464723974884,-439.844135620222));
#7879=CARTESIAN_POINT('Ctrl Pts',(-0.048129981314438,103.058456632431,-443.861010493817));
#7880=CARTESIAN_POINT('Ctrl Pts',(-0.94640330453855,107.22172078254,-447.542291461477));
#7881=CARTESIAN_POINT('Ctrl Pts',(-0.94640330453855,110.,-450.));
#7882=CARTESIAN_POINT('Ctrl Pts',(29.0535966954615,110.,-450.));
#7883=CARTESIAN_POINT('Ctrl Pts',(29.0535966954615,107.471053532825,-447.292958711192));
#7884=CARTESIAN_POINT('Ctrl Pts',(27.8274201887241,102.404364045692,-441.870644620739));
#7885=CARTESIAN_POINT('Ctrl Pts',(24.0056807715481,98.0048359192863,-437.088006937302));
#7886=CARTESIAN_POINT('Ctrl Pts',(20.1797486785051,95.5930716418442,-434.414974240127));
#7887=CARTESIAN_POINT('Ctrl Pts',(16.2245879921753,94.2337949616673,-432.861265273045));
#7888=CARTESIAN_POINT('Ctrl Pts',(12.1908812340008,94.2348996366651,-432.862736348785));
#7889=CARTESIAN_POINT('Ctrl Pts',(8.26378547129769,95.4459198925087,-434.24934378943));
#7890=CARTESIAN_POINT('Ctrl Pts',(5.35017077368686,97.131691515915,-436.124143674985));
#7891=CARTESIAN_POINT('Ctrl Pts',(2.73348800897006,99.5662610683658,-438.7871061449));
#7892=CARTESIAN_POINT('Ctrl Pts',(-0.0217726297430559,103.683118475964,
-443.237372252044));
#7893=CARTESIAN_POINT('Ctrl Pts',(-0.94640330453855,107.471053532825,-447.292958711192));
#7894=CARTESIAN_POINT('Ctrl Pts',(-0.94640330453855,110.,-450.));
#7895=CARTESIAN_POINT('Ctrl Pts',(29.0535966954615,110.,-450.));
#7896=CARTESIAN_POINT('Ctrl Pts',(29.0535966954615,107.649148354457,-447.11486388956));
#7897=CARTESIAN_POINT('Ctrl Pts',(27.9258851490196,102.942172173364,-441.340776898933));
#7898=CARTESIAN_POINT('Ctrl Pts',(24.3430889572352,98.7456398663364,-436.051546332062));
#7899=CARTESIAN_POINT('Ctrl Pts',(20.5777809246578,96.3476943646131,-432.939384573012));
#7900=CARTESIAN_POINT('Ctrl Pts',(16.4907882816322,94.8900558143497,-430.972633953733));
#7901=CARTESIAN_POINT('Ctrl Pts',(11.9636099388128,94.8915480132513,-430.975061854356));
#7902=CARTESIAN_POINT('Ctrl Pts',(7.86960155590232,96.1961561830816,-432.738741469066));
#7903=CARTESIAN_POINT('Ctrl Pts',(4.98397798464484,97.8852493014544,-434.941211924101));
#7904=CARTESIAN_POINT('Ctrl Pts',(2.48254896915202,100.238694921806,-437.936016388005));
#7905=CARTESIAN_POINT('Ctrl Pts',(-0.0973047880597023,104.126490694155,
-442.790727185916));
#7906=CARTESIAN_POINT('Ctrl Pts',(-0.94640330453855,107.649148354457,-447.11486388956));
#7907=CARTESIAN_POINT('Ctrl Pts',(-0.94640330453855,110.,-450.));
#7908=CARTESIAN_POINT('Ctrl Pts',(29.0535966954615,110.,-450.));
#7909=CARTESIAN_POINT('Ctrl Pts',(29.0535966954615,107.756005247436,-447.008006996581));
#7910=CARTESIAN_POINT('Ctrl Pts',(28.0315001603236,103.267494500603,-441.023326000804));
#7911=CARTESIAN_POINT('Ctrl Pts',(24.6808430021949,99.0723646688233,-435.429819558431));
#7912=CARTESIAN_POINT('Ctrl Pts',(20.9614943255239,96.5390501289954,-432.05206683866));
#7913=CARTESIAN_POINT('Ctrl Pts',(16.7378525715426,94.8752808430821,-429.833707790776));
#7914=CARTESIAN_POINT('Ctrl Pts',(11.7530812146562,94.8775635097161,-429.836751346288));
#7915=CARTESIAN_POINT('Ctrl Pts',(7.49072038636076,96.3727168819955,-431.830289175994));
#7916=CARTESIAN_POINT('Ctrl Pts',(4.62219297746911,98.1732223415405,-434.230963122054));
#7917=CARTESIAN_POINT('Ctrl Pts',(2.22793710564763,100.569188081859,-437.425584109145));
#7918=CARTESIAN_POINT('Ctrl Pts',(-0.176948745810989,104.392392581804,-442.523190109071));
#7919=CARTESIAN_POINT('Ctrl Pts',(-0.94640330453855,107.756005247436,-447.008006996581));
#7920=CARTESIAN_POINT('Ctrl Pts',(-0.94640330453855,110.,-450.));
#7921=CARTESIAN_POINT('',(29.0535966954615,110.,-450.));
#7922=CARTESIAN_POINT('',(-0.946403304538563,110.,-450.));
#7923=CARTESIAN_POINT('Origin',(14.0535966954615,110.,-450.));
#7924=CARTESIAN_POINT('Origin',(14.0535966954615,110.,-450.));
#7925=CARTESIAN_POINT('Ctrl Pts',(-0.94640330453855,110.,-450.));
#7926=CARTESIAN_POINT('Ctrl Pts',(-0.94640330453855,107.008006996581,-452.243994752564));
#7927=CARTESIAN_POINT('Ctrl Pts',(0.0756933975038705,101.023325799582,-456.732505650313));
#7928=CARTESIAN_POINT('Ctrl Pts',(3.42635060356708,95.4298195050105,-460.927635371242));
#7929=CARTESIAN_POINT('Ctrl Pts',(7.14569925655858,92.0520667180786,-463.460949961441));
#7930=CARTESIAN_POINT('Ctrl Pts',(11.3693409270863,89.833707750208,-465.124719187344));
#7931=CARTESIAN_POINT('Ctrl Pts',(16.354112170464,89.8367515094173,-465.122436367937));
#7932=CARTESIAN_POINT('Ctrl Pts',(20.6164729847502,91.8302893104017,-463.627283017199));
#7933=CARTESIAN_POINT('Ctrl Pts',(23.4850003395622,94.2309632650387,-461.826777551221));
#7934=CARTESIAN_POINT('Ctrl Pts',(25.8792562006688,97.4255842154172,-459.430811838437));
#7935=CARTESIAN_POINT('Ctrl Pts',(28.2841419888864,102.523190230859,-455.607607326856));
#7936=CARTESIAN_POINT('Ctrl Pts',(29.0535966954615,107.008006996581,-452.243994752564));
#7937=CARTESIAN_POINT('Ctrl Pts',(29.0535966954615,110.,-450.));
#7938=CARTESIAN_POINT('Ctrl Pts',(-0.94640330453855,110.,-450.));
#7939=CARTESIAN_POINT('Ctrl Pts',(-0.94640330453855,107.079244925234,-452.315232681217));
#7940=CARTESIAN_POINT('Ctrl Pts',(0.146365717975564,101.235067112936,-456.948788616871));
#7941=CARTESIAN_POINT('Ctrl Pts',(3.65132154630968,95.8444508965563,-461.144768030857));
#7942=CARTESIAN_POINT('Ctrl Pts',(7.40082915408742,92.6435707079196,-463.588855329241));
#7943=CARTESIAN_POINT('Ctrl Pts',(11.5332509466097,90.5925809593928,-465.116718821743));
#7944=CARTESIAN_POINT('Ctrl Pts',(16.2143594472621,90.5952251976832,-465.11491888198));
#7945=CARTESIAN_POINT('Ctrl Pts',(20.3646455200371,92.4358927820977,-463.74529803346));
#7946=CARTESIAN_POINT('Ctrl Pts',(23.2442083333436,94.7045493631892,-462.018426018616));
#7947=CARTESIAN_POINT('Ctrl Pts',(25.7095705623861,97.7659807395619,-459.650623073817));
#7948=CARTESIAN_POINT('Ctrl Pts',(28.2308408651826,102.701668164736,-455.784234401465));
#7949=CARTESIAN_POINT('Ctrl Pts',(29.0535966954615,107.079244925234,-452.315232681217));
#7950=CARTESIAN_POINT('Ctrl Pts',(29.0535966954615,110.,-450.));
#7951=CARTESIAN_POINT('Ctrl Pts',(-0.94640330453855,110.,-450.));
#7952=CARTESIAN_POINT('Ctrl Pts',(-0.94640330453855,107.22172078254,-452.457708538522));
#7953=CARTESIAN_POINT('Ctrl Pts',(0.245508197052124,101.658449784336,-457.38043295782));
#7954=CARTESIAN_POINT('Ctrl Pts',(3.98247883538845,96.6731823538427,-461.684406776031));
#7955=CARTESIAN_POINT('Ctrl Pts',(7.78609630911791,93.8251636218877,-464.072850955202));
#7956=CARTESIAN_POINT('Ctrl Pts',(11.7874509682947,92.1074850016175,-465.451990364293));
#7957=CARTESIAN_POINT('Ctrl Pts',(15.9975502543994,92.1093192343932,-465.45076439571));
#7958=CARTESIAN_POINT('Ctrl Pts',(19.9834780751784,93.64554828029,-464.22009479752));
#7959=CARTESIAN_POINT('Ctrl Pts',(22.8865241502383,95.6509411546865,-462.546803009373));
#7960=CARTESIAN_POINT('Ctrl Pts',(25.4620238846822,98.4464721419084,-460.155864736162));
#7961=CARTESIAN_POINT('Ctrl Pts',(28.1553232128697,103.058456376143,-456.13898985493));
#7962=CARTESIAN_POINT('Ctrl Pts',(29.0535966954615,107.22172078254,-452.457708538522));
#7963=CARTESIAN_POINT('Ctrl Pts',(29.0535966954615,110.,-450.));
#7964=CARTESIAN_POINT('Ctrl Pts',(-0.94640330453855,110.,-450.));
#7965=CARTESIAN_POINT('Ctrl Pts',(-0.946403304538551,107.471053532825,-452.707041288807));
#7966=CARTESIAN_POINT('Ctrl Pts',(0.279773314990409,102.404364263842,-458.129355192437));
#7967=CARTESIAN_POINT('Ctrl Pts',(4.10151282632062,98.0048366805845,-462.911992378732));
#7968=CARTESIAN_POINT('Ctrl Pts',(7.92744485339848,95.5930723624894,-465.585025118016));
#7969=CARTESIAN_POINT('Ctrl Pts',(11.8826056196716,94.2337950934163,-467.138734617665));
#7970=CARTESIAN_POINT('Ctrl Pts',(15.9163123079789,94.2348987621276,-467.137264428493));
#7971=CARTESIAN_POINT('Ctrl Pts',(19.8434080765093,95.4459192482508,-465.750656777801));
#7972=CARTESIAN_POINT('Ctrl Pts',(22.757022701944,97.1316908717284,-463.875856887537));
#7973=CARTESIAN_POINT('Ctrl Pts',(25.3737054300438,99.566260603137,-461.212894257226));
#7974=CARTESIAN_POINT('Ctrl Pts',(28.1289659422389,103.683118018413,-456.762628142796));
#7975=CARTESIAN_POINT('Ctrl Pts',(29.0535966954615,107.471053532825,-452.707041288807));
#7976=CARTESIAN_POINT('Ctrl Pts',(29.0535966954615,110.,-450.));
#7977=CARTESIAN_POINT('Ctrl Pts',(-0.94640330453855,110.,-450.));
#7978=CARTESIAN_POINT('Ctrl Pts',(-0.94640330453855,107.649148354457,-452.885136110439));
#7979=CARTESIAN_POINT('Ctrl Pts',(0.181308631664813,102.942172206729,-458.659223155405));
#7980=CARTESIAN_POINT('Ctrl Pts',(3.76410503684064,98.7456406837879,-463.948453341776));
#7981=CARTESIAN_POINT('Ctrl Pts',(7.52941309256513,96.3476952467468,-467.060615131091));
#7982=CARTESIAN_POINT('Ctrl Pts',(11.616405495164,94.8900569233422,-469.027365779732));
#7983=CARTESIAN_POINT('Ctrl Pts',(16.1435832213811,94.8915487408066,-469.024938078502));
#7984=CARTESIAN_POINT('Ctrl Pts',(20.2375915289469,96.1961567019607,-467.261258481585));
#7985=CARTESIAN_POINT('Ctrl Pts',(23.1232150562277,97.8852494615579,-465.058788106451));
#7986=CARTESIAN_POINT('Ctrl Pts',(25.624644163492,100.238694832411,-462.063983680102));
#7987=CARTESIAN_POINT('Ctrl Pts',(28.2044978470908,104.126490585021,-457.209272876916));
#7988=CARTESIAN_POINT('Ctrl Pts',(29.0535966954615,107.649148354457,-452.885136110439));
#7989=CARTESIAN_POINT('Ctrl Pts',(29.0535966954615,110.,-450.));
#7990=CARTESIAN_POINT('Ctrl Pts',(-0.94640330453855,110.,-450.));
#7991=CARTESIAN_POINT('Ctrl Pts',(-0.94640330453855,107.756005247436,-452.991993003419));
#7992=CARTESIAN_POINT('Ctrl Pts',(0.075693397503868,103.267494349687,-458.976674200418));
#7993=CARTESIAN_POINT('Ctrl Pts',(3.42635060356708,99.0723646287579,-464.570180494989));
#7994=CARTESIAN_POINT('Ctrl Pts',(7.14569925655858,96.539050038559,-467.947933281921));
#7995=CARTESIAN_POINT('Ctrl Pts',(11.3693409270863,94.875280812656,-470.166292249792));
#7996=CARTESIAN_POINT('Ctrl Pts',(16.354112170464,94.8775636320629,-470.163248490583));
#7997=CARTESIAN_POINT('Ctrl Pts',(20.6164729847502,96.3727169828013,-468.169710689598));
#7998=CARTESIAN_POINT('Ctrl Pts',(23.4850003395622,98.173222448779,-465.769036734961));
#7999=CARTESIAN_POINT('Ctrl Pts',(25.8792562006688,100.569188161563,-462.574415784582));
#8000=CARTESIAN_POINT('Ctrl Pts',(28.2841419888864,104.392392673144,-457.476809769141));
#8001=CARTESIAN_POINT('Ctrl Pts',(29.0535966954615,107.756005247436,-452.991993003419));
#8002=CARTESIAN_POINT('Ctrl Pts',(29.0535966954615,110.,-450.));
#8003=CARTESIAN_POINT('Origin',(14.0535966954615,110.,-450.));
#8004=CARTESIAN_POINT('Origin',(14.0535966954615,110.,-450.));
#8005=CARTESIAN_POINT('Ctrl Pts',(29.0535966954615,110.,-570.));
#8006=CARTESIAN_POINT('Ctrl Pts',(29.0535966954615,107.008006996581,-567.756005247436));
#8007=CARTESIAN_POINT('Ctrl Pts',(28.0314754774705,101.023297832009,-563.267473374006));
#8008=CARTESIAN_POINT('Ctrl Pts',(24.6808114508267,95.429811718251,-559.072358788688));
#8009=CARTESIAN_POINT('Ctrl Pts',(20.9614659144412,92.0520498694535,-556.53903740209));
#8010=CARTESIAN_POINT('Ctrl Pts',(16.7378362201956,89.8337025124177,-554.875276884313));
#8011=CARTESIAN_POINT('Ctrl Pts',(11.7530814304583,89.836774912318,-554.877581184238));
#8012=CARTESIAN_POINT('Ctrl Pts',(7.49072277020126,91.830308956121,-556.372731717091));
#8013=CARTESIAN_POINT('Ctrl Pts',(4.62220316726811,94.2309842077316,-558.173238155799));
#8014=CARTESIAN_POINT('Ctrl Pts',(2.2279490212643,97.4256000401185,-560.569200030089));
#8015=CARTESIAN_POINT('Ctrl Pts',(-0.176928186706141,102.523208146572,-564.392406109929));
#8016=CARTESIAN_POINT('Ctrl Pts',(-0.94640330453855,107.008006996581,-567.756005247436));
#8017=CARTESIAN_POINT('Ctrl Pts',(-0.94640330453855,110.,-570.));
#8018=CARTESIAN_POINT('Ctrl Pts',(29.0535966954615,110.,-570.));
#8019=CARTESIAN_POINT('Ctrl Pts',(29.0535966954615,107.079244925234,-567.684767318783));
#8020=CARTESIAN_POINT('Ctrl Pts',(27.9607967575931,101.235054325383,-563.051210106341));
#8021=CARTESIAN_POINT('Ctrl Pts',(24.4558316949538,95.844473285455,-558.855274896759));
#8022=CARTESIAN_POINT('Ctrl Pts',(20.7063271949543,92.6435857616909,-556.411182650484));
#8023=CARTESIAN_POINT('Ctrl Pts',(16.5739155513359,90.5925884524128,-554.883304708107));
#8024=CARTESIAN_POINT('Ctrl Pts',(11.892831764359,90.5952225936879,-554.885072135663));
#8025=CARTESIAN_POINT('Ctrl Pts',(7.74254882735583,92.4358925043637,-556.254696371113));
#8026=CARTESIAN_POINT('Ctrl Pts',(4.86299490865586,94.7045476320854,-557.981562891401));
#8027=CARTESIAN_POINT('Ctrl Pts',(2.39763383462414,97.7659785893023,-560.349365842671));
#8028=CARTESIAN_POINT('Ctrl Pts',(-0.123625184846647,102.701667569489,-564.215755636784));
#8029=CARTESIAN_POINT('Ctrl Pts',(-0.94640330453855,107.079244925234,-567.684767318783));
#8030=CARTESIAN_POINT('Ctrl Pts',(-0.94640330453855,110.,-570.));
#8031=CARTESIAN_POINT('Ctrl Pts',(29.0535966954615,110.,-570.));
#8032=CARTESIAN_POINT('Ctrl Pts',(29.0535966954615,107.22172078254,-567.542291461477));
#8033=CARTESIAN_POINT('Ctrl Pts',(27.861654134439,101.658466774144,-562.619593605898));
#8034=CARTESIAN_POINT('Ctrl Pts',(24.1246658609979,96.6732740628463,-558.315690267406));
#8035=CARTESIAN_POINT('Ctrl Pts',(20.3210530553438,93.8252540126596,-555.927241344501));
#8036=CARTESIAN_POINT('Ctrl Pts',(16.3197024702888,92.1075418190154,-554.548039044117));
#8037=CARTESIAN_POINT('Ctrl Pts',(12.1096372829942,92.10929059027,-554.549150312236));
#8038=CARTESIAN_POINT('Ctrl Pts',(8.123712592211,93.6455263581234,-555.779841142181));
#8039=CARTESIAN_POINT('Ctrl Pts',(5.22067572541881,95.6509038739453,-557.453128427671));
#8040=CARTESIAN_POINT('Ctrl Pts',(2.64517605330972,98.4464362801301,-559.844082940836));
#8041=CARTESIAN_POINT('Ctrl Pts',(-0.0481084306652237,103.058420326895,
-563.860958830343));
#8042=CARTESIAN_POINT('Ctrl Pts',(-0.94640330453855,107.22172078254,-567.542291461477));
#8043=CARTESIAN_POINT('Ctrl Pts',(-0.94640330453855,110.,-570.));
#8044=CARTESIAN_POINT('Ctrl Pts',(29.0535966954615,110.,-570.));
#8045=CARTESIAN_POINT('Ctrl Pts',(29.0535966954615,107.471053532825,-567.292958711192));
#8046=CARTESIAN_POINT('Ctrl Pts',(27.8274025005532,102.404398736393,-561.870674268317));
#8047=CARTESIAN_POINT('Ctrl Pts',(24.0056494202422,98.0049449305026,-557.088104421273));
#8048=CARTESIAN_POINT('Ctrl Pts',(20.1797261318236,95.5931753218291,-554.415066134137));
#8049=CARTESIAN_POINT('Ctrl Pts',(16.2245547047386,94.2338141615342,-552.861280720241));
#8050=CARTESIAN_POINT('Ctrl Pts',(12.190858013092,94.2347758235301,-552.86262576151));
#8051=CARTESIAN_POINT('Ctrl Pts',(8.26376175021329,95.4458267153034,-554.249261254519));
#8052=CARTESIAN_POINT('Ctrl Pts',(5.35015735113881,97.1315974922712,-556.124061146426));
#8053=CARTESIAN_POINT('Ctrl Pts',(2.73348014214927,99.5661919424135,-558.787046061396));
#8054=CARTESIAN_POINT('Ctrl Pts',(-0.0217632317144357,103.683050383007,
-563.237313163201));
#8055=CARTESIAN_POINT('Ctrl Pts',(-0.94640330453855,107.471053532825,-567.292958711192));
#8056=CARTESIAN_POINT('Ctrl Pts',(-0.94640330453855,110.,-570.));
#8057=CARTESIAN_POINT('Ctrl Pts',(29.0535966954615,110.,-570.));
#8058=CARTESIAN_POINT('Ctrl Pts',(29.0535966954615,107.649148354457,-567.11486388956));
#8059=CARTESIAN_POINT('Ctrl Pts',(27.9258267834988,102.942185718666,-561.340772149708));
#8060=CARTESIAN_POINT('Ctrl Pts',(24.3430006357132,98.7457645467519,-556.051594513053));
#8061=CARTESIAN_POINT('Ctrl Pts',(20.5776892158692,96.3478286120645,-552.939428845483));
#8062=CARTESIAN_POINT('Ctrl Pts',(16.4907319209652,94.8902207825319,-550.972673629518));
#8063=CARTESIAN_POINT('Ctrl Pts',(11.9636416307304,94.8916588191075,-550.975073137786));
#8064=CARTESIAN_POINT('Ctrl Pts',(7.8696442582614,96.196237144586,-552.738749936255));
#8065=CARTESIAN_POINT('Ctrl Pts',(4.98402770560883,97.8852789869841,-554.941208875962));
#8066=CARTESIAN_POINT('Ctrl Pts',(2.48258643621832,100.23868799501,-557.936007700303));
#8067=CARTESIAN_POINT('Ctrl Pts',(-0.0972572500812121,104.126480787853,
-562.790719148093));
#8068=CARTESIAN_POINT('Ctrl Pts',(-0.94640330453855,107.649148354457,-567.11486388956));
#8069=CARTESIAN_POINT('Ctrl Pts',(-0.94640330453855,110.,-570.));
#8070=CARTESIAN_POINT('Ctrl Pts',(29.0535966954615,110.,-570.));
#8071=CARTESIAN_POINT('Ctrl Pts',(29.0535966954615,107.756005247436,-567.008006996581));
#8072=CARTESIAN_POINT('Ctrl Pts',(28.0314754774705,103.267473374007,-561.023297832009));
#8073=CARTESIAN_POINT('Ctrl Pts',(24.6808114508267,99.0723587886882,-555.429811718251));
#8074=CARTESIAN_POINT('Ctrl Pts',(20.9614659144413,96.5390374020901,-552.052049869453));
#8075=CARTESIAN_POINT('Ctrl Pts',(16.7378362201956,94.8752768843132,-549.833702512417));
#8076=CARTESIAN_POINT('Ctrl Pts',(11.7530814304583,94.8775811842385,-549.836774912318));
#8077=CARTESIAN_POINT('Ctrl Pts',(7.49072277020126,96.3727317170908,-551.830308956121));
#8078=CARTESIAN_POINT('Ctrl Pts',(4.62220316726811,98.1732381557987,-554.230984207732));
#8079=CARTESIAN_POINT('Ctrl Pts',(2.2279490212643,100.569200030089,-557.425600040118));
#8080=CARTESIAN_POINT('Ctrl Pts',(-0.176928186706145,104.392406109929,-562.523208146572));
#8081=CARTESIAN_POINT('Ctrl Pts',(-0.94640330453855,107.756005247436,-567.008006996581));
#8082=CARTESIAN_POINT('Ctrl Pts',(-0.94640330453855,110.,-570.));
#8083=CARTESIAN_POINT('',(29.0535966954615,110.,-570.));
#8084=CARTESIAN_POINT('',(-0.946403304538563,110.,-570.));
#8085=CARTESIAN_POINT('Origin',(14.0535966954615,110.,-570.));
#8086=CARTESIAN_POINT('Origin',(14.0535966954615,110.,-570.));
#8087=CARTESIAN_POINT('Ctrl Pts',(-0.94640330453855,110.,-570.));
#8088=CARTESIAN_POINT('Ctrl Pts',(-0.94640330453855,107.008006996581,-572.243994752564));
#8089=CARTESIAN_POINT('Ctrl Pts',(0.0757180508676569,101.023297683779,-576.732526737166));
#8090=CARTESIAN_POINT('Ctrl Pts',(3.42638211467988,95.4298116752404,-580.92764124357));
#8091=CARTESIAN_POINT('Ctrl Pts',(7.14572763547777,92.0520497798163,-583.460962665138));
#8092=CARTESIAN_POINT('Ctrl Pts',(11.3693572641833,89.8337024870102,-585.124723134742));
#8093=CARTESIAN_POINT('Ctrl Pts',(16.3541119629865,89.8367750406421,-585.122418719518));
#8094=CARTESIAN_POINT('Ctrl Pts',(20.6164706106877,91.830309065754,-583.627268200685));
#8095=CARTESIAN_POINT('Ctrl Pts',(23.4849901711951,94.2309843248097,-581.826761756393));
#8096=CARTESIAN_POINT('Ctrl Pts',(25.8792443068314,97.425600129933,-579.43079990255));
#8097=CARTESIAN_POINT('Ctrl Pts',(28.2841214703769,102.523208247134,-575.607593814649));
#8098=CARTESIAN_POINT('Ctrl Pts',(29.0535966954615,107.008006996581,-572.243994752564));
#8099=CARTESIAN_POINT('Ctrl Pts',(29.0535966954615,110.,-570.));
#8100=CARTESIAN_POINT('Ctrl Pts',(-0.94640330453855,110.,-570.));
#8101=CARTESIAN_POINT('Ctrl Pts',(-0.94640330453855,107.079244925234,-572.315232681217));
#8102=CARTESIAN_POINT('Ctrl Pts',(0.146396807465769,101.23505426411,-576.948789888266));
#8103=CARTESIAN_POINT('Ctrl Pts',(3.65136192087463,95.8444734075896,-581.144724866168));
#8104=CARTESIAN_POINT('Ctrl Pts',(7.40086640556841,92.6435858464236,-583.588817137153));
#8105=CARTESIAN_POINT('Ctrl Pts',(11.5332779924488,90.5925884963272,-585.116695158905));
#8106=CARTESIAN_POINT('Ctrl Pts',(16.2143616445414,90.595222582761,-585.114927906735));
#8107=CARTESIAN_POINT('Ctrl Pts',(20.3646445634641,92.4358925049226,-583.745303655364));
#8108=CARTESIAN_POINT('Ctrl Pts',(23.244198433183,94.7045476243298,-582.018437165748));
#8109=CARTESIAN_POINT('Ctrl Pts',(25.7095594990924,97.7659785788622,-579.650634215644));
#8110=CARTESIAN_POINT('Ctrl Pts',(28.230818460149,102.701667566974,-575.784244415958));
#8111=CARTESIAN_POINT('Ctrl Pts',(29.0535966954615,107.079244925234,-572.315232681217));
#8112=CARTESIAN_POINT('Ctrl Pts',(29.0535966954615,110.,-570.));
#8113=CARTESIAN_POINT('Ctrl Pts',(-0.94640330453855,110.,-570.));
#8114=CARTESIAN_POINT('Ctrl Pts',(-0.94640330453855,107.22172078254,-572.457708538523));
#8115=CARTESIAN_POINT('Ctrl Pts',(0.245539435060267,101.65846689056,-577.380406232259));
#8116=CARTESIAN_POINT('Ctrl Pts',(3.98252780428955,96.6732745728194,-581.68430920459));
#8117=CARTESIAN_POINT('Ctrl Pts',(7.78614058695566,93.8252545176586,-584.072758150905));
#8118=CARTESIAN_POINT('Ctrl Pts',(11.7874911461083,92.107542138987,-585.451960794441));
#8119=CARTESIAN_POINT('Ctrl Pts',(15.9975561486861,92.1092904497872,-585.450850144254));
#8120=CARTESIAN_POINT('Ctrl Pts',(19.9834808209293,93.6455262480303,-584.220159208203));
#8121=CARTESIAN_POINT('Ctrl Pts',(22.8865176366111,95.65090367835,-582.546871950253));
#8122=CARTESIAN_POINT('Ctrl Pts',(25.4620173056476,98.4464360888563,-580.155917351841));
#8123=CARTESIAN_POINT('Ctrl Pts',(28.1553017128331,103.058420134131,-576.139041457279));
#8124=CARTESIAN_POINT('Ctrl Pts',(29.0535966954615,107.22172078254,-572.457708538523));
#8125=CARTESIAN_POINT('Ctrl Pts',(29.0535966954615,110.,-570.));
#8126=CARTESIAN_POINT('Ctrl Pts',(-0.94640330453855,110.,-570.));
#8127=CARTESIAN_POINT('Ctrl Pts',(-0.94640330453855,107.471053532825,-572.707041288807));
#8128=CARTESIAN_POINT('Ctrl Pts',(0.279790994490196,102.404398941317,-578.129325556978));
#8129=CARTESIAN_POINT('Ctrl Pts',(4.10154414967037,98.0049455175743,-582.91189505628));
#8130=CARTESIAN_POINT('Ctrl Pts',(7.92746739404747,95.5931758826909,-585.584933371282));
#8131=CARTESIAN_POINT('Ctrl Pts',(11.8826388753461,94.2338142664268,-587.13871919802));
#8132=CARTESIAN_POINT('Ctrl Pts',(15.9163355124198,94.234775163492,-587.137374831056));
#8133=CARTESIAN_POINT('Ctrl Pts',(19.8434317762046,95.4458262080524,-585.750739197541));
#8134=CARTESIAN_POINT('Ctrl Pts',(22.7570361198956,97.1315969758484,-583.875939309211));
#8135=CARTESIAN_POINT('Ctrl Pts',(25.3737132971526,99.5661915562789,-581.21295427607));
#8136=CARTESIAN_POINT('Ctrl Pts',(28.1289565824243,103.68305000208,-576.762687169167));
#8137=CARTESIAN_POINT('Ctrl Pts',(29.0535966954615,107.471053532825,-572.707041288807));
#8138=CARTESIAN_POINT('Ctrl Pts',(29.0535966954615,110.,-570.));
#8139=CARTESIAN_POINT('Ctrl Pts',(-0.94640330453855,110.,-570.));
#8140=CARTESIAN_POINT('Ctrl Pts',(-0.94640330453855,107.649148354457,-572.885136110439));
#8141=CARTESIAN_POINT('Ctrl Pts',(0.181366935931868,102.942185841018,-578.659227859197));
#8142=CARTESIAN_POINT('Ctrl Pts',(3.76419324216561,98.7457652630388,-583.948405218577));
#8143=CARTESIAN_POINT('Ctrl Pts',(7.52950468067166,96.3478293816903,-587.060570904947));
#8144=CARTESIAN_POINT('Ctrl Pts',(11.6164617803221,94.8902217085269,-589.027326147698));
#8145=CARTESIAN_POINT('Ctrl Pts',(16.1435515973555,94.8916594556044,-589.02492679159));
#8146=CARTESIAN_POINT('Ctrl Pts',(20.2375489092812,96.1962376203335,-587.261250009742));
#8147=CARTESIAN_POINT('Ctrl Pts',(23.1231654202,97.885279186693,-585.058791132553));
#8148=CARTESIAN_POINT('Ctrl Pts',(25.6246067507888,100.238687992147,-582.063992340137));
#8149=CARTESIAN_POINT('Ctrl Pts',(28.2044503852573,104.126480768078,-577.209280889412));
#8150=CARTESIAN_POINT('Ctrl Pts',(29.0535966954615,107.649148354457,-572.885136110439));
#8151=CARTESIAN_POINT('Ctrl Pts',(29.0535966954615,110.,-570.));
#8152=CARTESIAN_POINT('Ctrl Pts',(-0.94640330453855,110.,-570.));
#8153=CARTESIAN_POINT('Ctrl Pts',(-0.94640330453855,107.756005247436,-572.991993003419));
#8154=CARTESIAN_POINT('Ctrl Pts',(0.075718050867656,103.267473262834,-578.976702316221));
#8155=CARTESIAN_POINT('Ctrl Pts',(3.42638211467988,99.0723587564303,-584.57018832476));
#8156=CARTESIAN_POINT('Ctrl Pts',(7.14572763547777,96.5390373348622,-587.947950220184));
#8157=CARTESIAN_POINT('Ctrl Pts',(11.3693572641834,94.8752768652576,-590.16629751299));
#8158=CARTESIAN_POINT('Ctrl Pts',(16.3541119629866,94.8775812804815,-590.163224959358));
#8159=CARTESIAN_POINT('Ctrl Pts',(20.6164706106877,96.3727317993154,-588.169690934246));
#8160=CARTESIAN_POINT('Ctrl Pts',(23.4849901711951,98.1732382436073,-585.76901567519));
#8161=CARTESIAN_POINT('Ctrl Pts',(25.8792443068314,100.56920009745,-582.574399870067));
#8162=CARTESIAN_POINT('Ctrl Pts',(28.2841214703769,104.392406185351,-577.476791752866));
#8163=CARTESIAN_POINT('Ctrl Pts',(29.0535966954615,107.756005247436,-572.991993003419));
#8164=CARTESIAN_POINT('Ctrl Pts',(29.0535966954615,110.,-570.));
#8165=CARTESIAN_POINT('Origin',(14.0535966954615,110.,-570.));
#8166=CARTESIAN_POINT('Origin',(14.0535966954615,110.,-570.));
#8167=CARTESIAN_POINT('Ctrl Pts',(-0.94640330453855,110.,-690.));
#8168=CARTESIAN_POINT('Ctrl Pts',(-0.94640330453855,109.993464065932,-690.005419310241));
#8169=CARTESIAN_POINT('Ctrl Pts',(-0.946400280842655,109.986927716786,-690.010838965334));
#8170=CARTESIAN_POINT('Ctrl Pts',(-0.945645849277126,109.129342322228,-690.721910973872));
#8171=CARTESIAN_POINT('Ctrl Pts',(-0.844071681113355,107.420346135069,-692.138913085621));
#8172=CARTESIAN_POINT('Ctrl Pts',(-0.390546820600711,104.883539179286,-694.231651943784));
#8173=CARTESIAN_POINT('Ctrl Pts',(0.366451765694032,102.391627424219,-696.266124247252));
#8174=CARTESIAN_POINT('Ctrl Pts',(1.43534828764651,99.967446983931,-698.212681009596));
#8175=CARTESIAN_POINT('Ctrl Pts',(2.81605256396815,97.6539422978752,-700.026287895034));
#8176=CARTESIAN_POINT('Ctrl Pts',(4.53788284956529,95.4707292591087,-701.679250232557));
#8177=CARTESIAN_POINT('Ctrl Pts',(6.56483490163907,93.5266923287672,-703.078151425019));
#8178=CARTESIAN_POINT('Ctrl Pts',(8.93277380965372,91.8619371549507,-704.183421714283));
#8179=CARTESIAN_POINT('Ctrl Pts',(11.5688419219334,90.6322655093515,-704.878674792085));
#8180=CARTESIAN_POINT('Ctrl Pts',(14.4124903251197,89.9555708047825,-705.089484483409));
#8181=CARTESIAN_POINT('Ctrl Pts',(17.2920725646114,89.985964476429,-704.739816247453));
#8182=CARTESIAN_POINT('Ctrl Pts',(19.9920393113811,90.7520164049359,-703.867697626736));
#8183=CARTESIAN_POINT('Ctrl Pts',(22.3551320535835,92.1752429659164,-702.582196852413));
#8184=CARTESIAN_POINT('Ctrl Pts',(24.3086602242574,94.0856365671127,-701.034393685161));
#8185=CARTESIAN_POINT('Ctrl Pts',(25.8807225129949,96.3590946734376,-699.316057050169));
#8186=CARTESIAN_POINT('Ctrl Pts',(27.0870264658431,98.8507138446198,-697.522873598083));
#8187=CARTESIAN_POINT('Ctrl Pts',(27.9921594276999,101.527576077721,-695.663162503505));
#8188=CARTESIAN_POINT('Ctrl Pts',(28.608286500949,104.285408106642,-693.794911498318));
#8189=CARTESIAN_POINT('Ctrl Pts',(28.9731802748608,107.121133102616,-691.904175132597));
#8190=CARTESIAN_POINT('Ctrl Pts',(29.0530257614878,109.028974584163,-690.642277074043));
#8191=CARTESIAN_POINT('Ctrl Pts',(29.0535949950409,109.987071000404,-690.00855171052));
#8192=CARTESIAN_POINT('Ctrl Pts',(29.0535966954615,109.993535401712,-690.004275929876));
#8193=CARTESIAN_POINT('Ctrl Pts',(29.0535966954615,110.,-690.));
#8194=CARTESIAN_POINT('Ctrl Pts',(-0.94640330453855,110.,-690.));
#8195=CARTESIAN_POINT('Ctrl Pts',(-0.946403538854703,109.99361929489,-690.005559720575));
#8196=CARTESIAN_POINT('Ctrl Pts',(-0.946399861591564,109.987239366881,-690.011120864471));
#8197=CARTESIAN_POINT('Ctrl Pts',(-0.945627590648598,109.150049352069,-690.740640513286));
#8198=CARTESIAN_POINT('Ctrl Pts',(-0.838704024178808,107.481785742878,-692.194476315716));
#8199=CARTESIAN_POINT('Ctrl Pts',(-0.362138099406913,105.007204533757,-694.337617863808));
#8200=CARTESIAN_POINT('Ctrl Pts',(0.431211166642838,102.580207600986,-696.413288591854));
#8201=CARTESIAN_POINT('Ctrl Pts',(1.54640137358757,100.225188303814,-698.387213323087));
#8202=CARTESIAN_POINT('Ctrl Pts',(2.97784688831875,97.9861635981655,-700.210180715206));
#8203=CARTESIAN_POINT('Ctrl Pts',(4.74691464913171,95.8851048240761,-701.850738463943));
#8204=CARTESIAN_POINT('Ctrl Pts',(6.80438770162576,94.0291017258309,-703.214858308194));
#8205=CARTESIAN_POINT('Ctrl Pts',(9.16992629770054,92.4577801044942,-704.266314581349));
#8206=CARTESIAN_POINT('Ctrl Pts',(11.7515921836357,91.3159039867529,-704.903543404236));
#8207=CARTESIAN_POINT('Ctrl Pts',(14.4806600957273,90.7021221923829,-705.078892935455));
#8208=CARTESIAN_POINT('Ctrl Pts',(17.2114272127533,90.7410213621714,-704.747657748241));
#8209=CARTESIAN_POINT('Ctrl Pts',(19.7902128559538,91.4516345927772,-703.946454626138));
#8210=CARTESIAN_POINT('Ctrl Pts',(22.1014453626516,92.7778891282241,-702.745779968492));
#8211=CARTESIAN_POINT('Ctrl Pts',(24.0653342794872,94.5804329046691,-701.260084639372));
#8212=CARTESIAN_POINT('Ctrl Pts',(25.684050504188,96.7502231500312,-699.568077753348));
#8213=CARTESIAN_POINT('Ctrl Pts',(26.9493997072191,99.1492536036976,-697.766058460597));
#8214=CARTESIAN_POINT('Ctrl Pts',(27.9115519600702,101.742280315149,-695.869227238442));
#8215=CARTESIAN_POINT('Ctrl Pts',(28.5727553043972,104.424738227325,-693.943460116427));
#8216=CARTESIAN_POINT('Ctrl Pts',(28.9665486341352,107.189652021932,-691.981925417311));
#8217=CARTESIAN_POINT('Ctrl Pts',(29.052977334062,109.052115445205,-690.668477675531));
#8218=CARTESIAN_POINT('Ctrl Pts',(29.0535950302048,109.987378491242,-690.008900981507));
#8219=CARTESIAN_POINT('Ctrl Pts',(29.0535965039299,109.993689648519,-690.004450253472));
#8220=CARTESIAN_POINT('Ctrl Pts',(29.0535966954615,110.,-690.));
#8221=CARTESIAN_POINT('Ctrl Pts',(-0.94640330453855,110.,-690.));
#8222=CARTESIAN_POINT('Ctrl Pts',(-0.946403806450864,109.993931272325,-690.005841907054));
#8223=CARTESIAN_POINT('Ctrl Pts',(-0.946399329808787,109.98786107908,-690.011683235145));
#8224=CARTESIAN_POINT('Ctrl Pts',(-0.945593203829631,109.191554276366,-690.778181427908));
#8225=CARTESIAN_POINT('Ctrl Pts',(-0.830770773981703,107.604599092653,-692.305552079721));
#8226=CARTESIAN_POINT('Ctrl Pts',(-0.319966251306157,105.254558230472,-694.553053168107));
#8227=CARTESIAN_POINT('Ctrl Pts',(0.527889754849795,102.957344478639,-696.721302274137));
#8228=CARTESIAN_POINT('Ctrl Pts',(1.71358664116408,100.740625554338,-698.770042073827));
#8229=CARTESIAN_POINT('Ctrl Pts',(3.22416504929241,98.6505037783437,-700.643918984113));
#8230=CARTESIAN_POINT('Ctrl Pts',(5.06993896371101,96.7134810665746,-702.305839816074));
#8231=CARTESIAN_POINT('Ctrl Pts',(7.18195946822811,95.0332266760285,-703.658702764301));
#8232=CARTESIAN_POINT('Ctrl Pts',(9.5545101481599,93.6481736898835,-704.669299982766));
#8233=CARTESIAN_POINT('Ctrl Pts',(12.0634309890251,92.6809516994363,-705.253333500412));
#8234=CARTESIAN_POINT('Ctrl Pts',(14.6232406469808,92.1923346042646,-705.399561386606));
#8235=CARTESIAN_POINT('Ctrl Pts',(17.1262015106015,92.2480541000633,-705.10549942877));
#8236=CARTESIAN_POINT('Ctrl Pts',(19.5177510169605,92.8483954879313,-704.40192412684));
#8237=CARTESIAN_POINT('Ctrl Pts',(21.7489836892836,93.9816115878551,-703.30019050341));
#8238=CARTESIAN_POINT('Ctrl Pts',(23.7270544203668,95.5691444065542,-701.865364650054));
#8239=CARTESIAN_POINT('Ctrl Pts',(25.412549606514,97.5322350236884,-700.164071956022));
#8240=CARTESIAN_POINT('Ctrl Pts',(26.7609779646429,99.7462160717372,-698.299810964054));
#8241=CARTESIAN_POINT('Ctrl Pts',(27.802043376506,102.171653881201,-696.300456866265));
#8242=CARTESIAN_POINT('Ctrl Pts',(28.5247608509066,104.703420520147,-694.245502361278));
#8243=CARTESIAN_POINT('Ctrl Pts',(28.957634979921,107.326713239977,-692.137418674395));
#8244=CARTESIAN_POINT('Ctrl Pts',(29.0529057830425,109.098366097306,-690.720871375834));
#8245=CARTESIAN_POINT('Ctrl Pts',(29.0535952238875,109.987993995635,-690.00959966118));
#8246=CARTESIAN_POINT('Ctrl Pts',(29.0535960994008,109.993997632142,-690.00479875745));
#8247=CARTESIAN_POINT('Ctrl Pts',(29.0535966954615,110.,-690.));
#8248=CARTESIAN_POINT('Ctrl Pts',(-0.94640330453855,110.,-690.));
#8249=CARTESIAN_POINT('Ctrl Pts',(-0.946403964823429,109.99447474507,-690.006333492849));
#8250=CARTESIAN_POINT('Ctrl Pts',(-0.946399035705565,109.988951676999,-690.012669722872));
#8251=CARTESIAN_POINT('Ctrl Pts',(-0.945575159038873,109.264038460815,-690.843745257328));
#8252=CARTESIAN_POINT('Ctrl Pts',(-0.826639885074827,107.819627212842,-692.500049097461));
#8253=CARTESIAN_POINT('Ctrl Pts',(-0.297832045693834,105.684209737415,-694.93940246142));
#8254=CARTESIAN_POINT('Ctrl Pts',(0.579266932125476,103.604547477351,-697.297585156375));
#8255=CARTESIAN_POINT('Ctrl Pts',(1.80417082907181,101.609837239162,-699.533198195697));
#8256=CARTESIAN_POINT('Ctrl Pts',(3.36137443242976,99.7458739528869,-701.588319141031));
#8257=CARTESIAN_POINT('Ctrl Pts',(5.25752937744481,98.0416445341411,-703.425365318299));
#8258=CARTESIAN_POINT('Ctrl Pts',(7.41542202899501,96.5919763829151,-704.93952728212));
#8259=CARTESIAN_POINT('Ctrl Pts',(9.81896840949165,95.431488571438,-706.096433789962));
#8260=CARTESIAN_POINT('Ctrl Pts',(12.3280305556381,94.6572663945406,-706.802472233033));
#8261=CARTESIAN_POINT('Ctrl Pts',(14.8453075764458,94.2952356291049,-707.040913676515));
#8262=CARTESIAN_POINT('Ctrl Pts',(17.270717859986,94.3617562160766,-706.797618962732));
#8263=CARTESIAN_POINT('Ctrl Pts',(19.5847671422979,94.8424700515093,-706.087385247299));
#8264=CARTESIAN_POINT('Ctrl Pts',(21.766169222796,95.7604787074404,-704.907970985865));
#8265=CARTESIAN_POINT('Ctrl Pts',(23.7220877494092,97.0901488455648,-703.33051728144));
#8266=CARTESIAN_POINT('Ctrl Pts',(25.4018267987541,98.7826744198557,-701.435733510976));
#8267=CARTESIAN_POINT('Ctrl Pts',(26.7517469409632,100.732949376836,-699.34658449511));
#8268=CARTESIAN_POINT('Ctrl Pts',(27.796297343427,102.90060629818,-697.098950914179));
#8269=CARTESIAN_POINT('Ctrl Pts',(28.5222175259452,105.185444293779,-694.78501448755));
#8270=CARTESIAN_POINT('Ctrl Pts',(28.9571592014006,107.566571326737,-692.409436056909));
#8271=CARTESIAN_POINT('Ctrl Pts',(29.0529037590581,109.179330169376,-690.812647591135));
#8272=CARTESIAN_POINT('Ctrl Pts',(29.053595205841,109.989070671208,-690.010820940851));
#8273=CARTESIAN_POINT('Ctrl Pts',(29.0535961046964,109.994537061681,-690.005409993872));
#8274=CARTESIAN_POINT('Ctrl Pts',(29.0535966954615,110.,-690.));
#8275=CARTESIAN_POINT('Ctrl Pts',(-0.94640330453855,110.,-690.));
#8276=CARTESIAN_POINT('Ctrl Pts',(-0.946403599497321,109.994865217345,-690.006686701646));
#8277=CARTESIAN_POINT('Ctrl Pts',(-0.946399606491579,109.989728297762,-690.013372185833));
#8278=CARTESIAN_POINT('Ctrl Pts',(-0.94558703546539,109.315948103343,-690.890701361444));
#8279=CARTESIAN_POINT('Ctrl Pts',(-0.832396170210435,107.973112807468,-692.638895848712));
#8280=CARTESIAN_POINT('Ctrl Pts',(-0.328285619949307,105.985470472888,-695.221219878198));
#8281=CARTESIAN_POINT('Ctrl Pts',(0.50977465093801,104.044043430427,-697.732390064371));
#8282=CARTESIAN_POINT('Ctrl Pts',(1.6850821456832,102.172721565238,-700.13660256366));
#8283=CARTESIAN_POINT('Ctrl Pts',(3.18863993885865,100.410476722946,-702.379505086083));
#8284=CARTESIAN_POINT('Ctrl Pts',(5.0375621166625,98.7790659931246,-704.429295149609));
#8285=CARTESIAN_POINT('Ctrl Pts',(7.17278349829931,97.3644455613515,-706.1752008797));
#8286=CARTESIAN_POINT('Ctrl Pts',(9.60334795174497,96.1967225984658,-707.577362156987));
#8287=CARTESIAN_POINT('Ctrl Pts',(12.2195100316465,95.3774798213147,-708.507416298545));
#8288=CARTESIAN_POINT('Ctrl Pts',(14.9384934933604,94.9594956561702,-708.895518790672));
#8289=CARTESIAN_POINT('Ctrl Pts',(17.6134740437659,95.0047890530442,-708.658514949296));
#8290=CARTESIAN_POINT('Ctrl Pts',(20.1142130977711,95.5164034108448,-707.805453598342));
#8291=CARTESIAN_POINT('Ctrl Pts',(22.3495423893027,96.4778287096476,-706.399202756654));
#8292=CARTESIAN_POINT('Ctrl Pts',(24.248638441837,97.8177531817558,-704.578203078185));
#8293=CARTESIAN_POINT('Ctrl Pts',(25.8128168994353,99.4711011810906,-702.448773574403));
#8294=CARTESIAN_POINT('Ctrl Pts',(27.0331497909097,101.335933547857,-700.142177290376));
#8295=CARTESIAN_POINT('Ctrl Pts',(27.9587460241916,103.381431557362,-697.686705930477));
#8296=CARTESIAN_POINT('Ctrl Pts',(28.5932038523745,105.519751676228,-695.174623151951));
#8297=CARTESIAN_POINT('Ctrl Pts',(28.9703330524626,107.737992500932,-692.603712119131));
#8298=CARTESIAN_POINT('Ctrl Pts',(29.0530022451743,109.237075940629,-690.878188290194));
#8299=CARTESIAN_POINT('Ctrl Pts',(29.0535952808522,109.989841122162,-690.011693547807));
#8300=CARTESIAN_POINT('Ctrl Pts',(29.0535963204145,109.994921024946,-690.005846318713));
#8301=CARTESIAN_POINT('Ctrl Pts',(29.0535966954615,110.,-690.));
#8302=CARTESIAN_POINT('Ctrl Pts',(-0.94640330453855,110.,-690.));
#8303=CARTESIAN_POINT('Ctrl Pts',(-0.94640330453855,109.99509804945,-690.006897303943));
#8304=CARTESIAN_POINT('Ctrl Pts',(-0.946400130203242,109.990195787589,-690.013795046335));
#8305=CARTESIAN_POINT('Ctrl Pts',(-0.945608423917594,109.347006741669,-690.918795922849));
#8306=CARTESIAN_POINT('Ctrl Pts',(-0.838988245318915,108.065259601302,-692.722263832287));
#8307=CARTESIAN_POINT('Ctrl Pts',(-0.363105376598304,106.162654384463,-695.390994499833));
#8308=CARTESIAN_POINT('Ctrl Pts',(0.430640437953829,104.293720568164,-697.995976247241));
#8309=CARTESIAN_POINT('Ctrl Pts',(1.55010354137154,102.475585237948,-700.504965177711));
#8310=CARTESIAN_POINT('Ctrl Pts',(2.99371293348017,100.740456723406,-702.865717323205));
#8311=CARTESIAN_POINT('Ctrl Pts',(4.78968663869964,99.1030469443314,-705.049471712124));
#8312=CARTESIAN_POINT('Ctrl Pts',(6.89702235763154,97.6450192465753,-706.940091730519));
#8313=CARTESIAN_POINT('Ctrl Pts',(9.34787096710038,96.396452866213,-708.492303835945));
#8314=CARTESIAN_POINT('Ctrl Pts',(12.0591466259037,95.4741991320136,-709.553884081127));
#8315=CARTESIAN_POINT('Ctrl Pts',(14.9592496009913,94.9666781035868,-710.02058428041));
#8316=CARTESIAN_POINT('Ctrl Pts',(17.8616000095337,94.9894733573217,-709.769900514795));
#8317=CARTESIAN_POINT('Ctrl Pts',(20.5424512259467,95.5640123037019,-708.814912488662));
#8318=CARTESIAN_POINT('Ctrl Pts',(22.8468722363221,96.6314322244372,-707.264773180988));
#8319=CARTESIAN_POINT('Ctrl Pts',(24.7146819606928,98.0642274253343,-705.299135410069));
#8320=CARTESIAN_POINT('Ctrl Pts',(26.1876160641531,99.769321005078,-703.035774239494));
#8321=CARTESIAN_POINT('Ctrl Pts',(27.2959219597484,101.638035383464,-700.607078634984));
#8322=CARTESIAN_POINT('Ctrl Pts',(28.1132659605276,103.64568205829,-698.033766455783));
#8323=CARTESIAN_POINT('Ctrl Pts',(28.6615855414733,105.71405607998,-695.406819340896));
#8324=CARTESIAN_POINT('Ctrl Pts',(28.9831342785581,107.840849826962,-692.72026145527));
#8325=CARTESIAN_POINT('Ctrl Pts',(29.053093953289,109.271730938119,-690.917534867581));
#8326=CARTESIAN_POINT('Ctrl Pts',(29.0535952113183,109.990303250303,-690.012216746727));
#8327=CARTESIAN_POINT('Ctrl Pts',(29.0535966954615,109.995151551296,-690.006108471242));
#8328=CARTESIAN_POINT('Ctrl Pts',(29.0535966954615,110.,-690.));
#8329=CARTESIAN_POINT('',(-0.946403304538563,110.,-690.));
#8330=CARTESIAN_POINT('',(29.0535966954615,110.,-690.));
#8331=CARTESIAN_POINT('Ctrl Pts',(-0.94640330453855,110.,-690.));
#8332=CARTESIAN_POINT('Ctrl Pts',(-0.94640330453855,109.99509804945,-690.006897303943));
#8333=CARTESIAN_POINT('Ctrl Pts',(-0.946400130203242,109.990195787589,-690.013795046335));
#8334=CARTESIAN_POINT('Ctrl Pts',(-0.945608423917594,109.347006741669,-690.918795922849));
#8335=CARTESIAN_POINT('Ctrl Pts',(-0.838988245318915,108.065259601302,-692.722263832287));
#8336=CARTESIAN_POINT('Ctrl Pts',(-0.363105376598304,106.162654384463,-695.390994499833));
#8337=CARTESIAN_POINT('Ctrl Pts',(0.430640437953829,104.293720568164,-697.995976247241));
#8338=CARTESIAN_POINT('Ctrl Pts',(1.55010354137154,102.475585237948,-700.504965177711));
#8339=CARTESIAN_POINT('Ctrl Pts',(2.99371293348017,100.740456723406,-702.865717323205));
#8340=CARTESIAN_POINT('Ctrl Pts',(4.78968663869964,99.1030469443314,-705.049471712124));
#8341=CARTESIAN_POINT('Ctrl Pts',(6.89702235763154,97.6450192465753,-706.940091730519));
#8342=CARTESIAN_POINT('Ctrl Pts',(9.34787096710038,96.396452866213,-708.492303835945));
#8343=CARTESIAN_POINT('Ctrl Pts',(12.0591466259037,95.4741991320136,-709.553884081127));
#8344=CARTESIAN_POINT('Ctrl Pts',(14.9592496009913,94.9666781035868,-710.02058428041));
#8345=CARTESIAN_POINT('Ctrl Pts',(17.8616000095337,94.9894733573217,-709.769900514795));
#8346=CARTESIAN_POINT('Ctrl Pts',(20.5424512259467,95.5640123037019,-708.814912488662));
#8347=CARTESIAN_POINT('Ctrl Pts',(22.8468722363221,96.6314322244372,-707.264773180988));
#8348=CARTESIAN_POINT('Ctrl Pts',(24.7146819606928,98.0642274253343,-705.299135410069));
#8349=CARTESIAN_POINT('Ctrl Pts',(26.1876160641531,99.769321005078,-703.035774239494));
#8350=CARTESIAN_POINT('Ctrl Pts',(27.2959219597484,101.638035383464,-700.607078634984));
#8351=CARTESIAN_POINT('Ctrl Pts',(28.1132659605276,103.64568205829,-698.033766455783));
#8352=CARTESIAN_POINT('Ctrl Pts',(28.6615855414733,105.71405607998,-695.406819340896));
#8353=CARTESIAN_POINT('Ctrl Pts',(28.9831342785581,107.840849826962,-692.72026145527));
#8354=CARTESIAN_POINT('Ctrl Pts',(29.053093953289,109.271730938119,-690.917534867581));
#8355=CARTESIAN_POINT('Ctrl Pts',(29.0535952113183,109.990303250303,-690.012216746727));
#8356=CARTESIAN_POINT('Ctrl Pts',(29.0535966954615,109.995151551296,-690.006108471242));
#8357=CARTESIAN_POINT('Ctrl Pts',(29.0535966954615,110.,-690.));
#8358=CARTESIAN_POINT('Ctrl Pts',(29.0535966954615,110.,-690.));
#8359=CARTESIAN_POINT('Ctrl Pts',(29.0535966954615,109.993535401712,-690.004275929876));
#8360=CARTESIAN_POINT('Ctrl Pts',(29.0535949950409,109.987071000404,-690.00855171052));
#8361=CARTESIAN_POINT('Ctrl Pts',(29.0530257614878,109.028974584163,-690.642277074043));
#8362=CARTESIAN_POINT('Ctrl Pts',(28.9731802748608,107.121133102616,-691.904175132597));
#8363=CARTESIAN_POINT('Ctrl Pts',(28.608286500949,104.285408106642,-693.794911498318));
#8364=CARTESIAN_POINT('Ctrl Pts',(27.9921594276999,101.527576077721,-695.663162503505));
#8365=CARTESIAN_POINT('Ctrl Pts',(27.0870264658431,98.8507138446198,-697.522873598083));
#8366=CARTESIAN_POINT('Ctrl Pts',(25.8807225129949,96.3590946734376,-699.316057050169));
#8367=CARTESIAN_POINT('Ctrl Pts',(24.3086602242574,94.0856365671127,-701.034393685161));
#8368=CARTESIAN_POINT('Ctrl Pts',(22.3551320535835,92.1752429659164,-702.582196852413));
#8369=CARTESIAN_POINT('Ctrl Pts',(19.9920393113811,90.7520164049359,-703.867697626736));
#8370=CARTESIAN_POINT('Ctrl Pts',(17.2920725646114,89.985964476429,-704.739816247453));
#8371=CARTESIAN_POINT('Ctrl Pts',(14.4124903251197,89.9555708047825,-705.089484483409));
#8372=CARTESIAN_POINT('Ctrl Pts',(11.5688419219334,90.6322655093515,-704.878674792085));
#8373=CARTESIAN_POINT('Ctrl Pts',(8.93277380965372,91.8619371549507,-704.183421714283));
#8374=CARTESIAN_POINT('Ctrl Pts',(6.56483490163907,93.5266923287672,-703.078151425019));
#8375=CARTESIAN_POINT('Ctrl Pts',(4.53788284956529,95.4707292591087,-701.679250232557));
#8376=CARTESIAN_POINT('Ctrl Pts',(2.81605256396815,97.6539422978752,-700.026287895034));
#8377=CARTESIAN_POINT('Ctrl Pts',(1.43534828764651,99.967446983931,-698.212681009596));
#8378=CARTESIAN_POINT('Ctrl Pts',(0.366451765694032,102.391627424219,-696.266124247252));
#8379=CARTESIAN_POINT('Ctrl Pts',(-0.390546820600711,104.883539179286,-694.231651943784));
#8380=CARTESIAN_POINT('Ctrl Pts',(-0.844071681113355,107.420346135069,-692.138913085621));
#8381=CARTESIAN_POINT('Ctrl Pts',(-0.945645849277126,109.129342322228,-690.721910973872));
#8382=CARTESIAN_POINT('Ctrl Pts',(-0.946400280842655,109.986927716786,-690.010838965334));
#8383=CARTESIAN_POINT('Ctrl Pts',(-0.94640330453855,109.993464065932,-690.005419310241));
#8384=CARTESIAN_POINT('Ctrl Pts',(-0.94640330453855,110.,-690.));
#8385=CARTESIAN_POINT('Ctrl Pts',(29.0535966954615,110.,-690.));
#8386=CARTESIAN_POINT('Ctrl Pts',(29.0535966954615,107.008006996581,-687.756005247436));
#8387=CARTESIAN_POINT('Ctrl Pts',(28.0313603675454,101.022836112527,-683.267127084395));
#8388=CARTESIAN_POINT('Ctrl Pts',(24.6806609521534,95.4303603092096,-679.072770231907));
#8389=CARTESIAN_POINT('Ctrl Pts',(20.9612611265777,92.0513747917161,-676.538531093787));
#8390=CARTESIAN_POINT('Ctrl Pts',(17.4416292934538,90.2061095815975,-675.154582186198));
#8391=CARTESIAN_POINT('Ctrl Pts',(13.6698567443059,89.8316289156366,-674.873721686727));
#8392=CARTESIAN_POINT('Ctrl Pts',(10.3319964292911,90.5021936477092,-675.376645235782));
#8393=CARTESIAN_POINT('Ctrl Pts',(7.49075293623898,91.8289320223925,-676.371699016794));
#8394=CARTESIAN_POINT('Ctrl Pts',(3.66397624592976,95.0289155513317,-678.771686663499));
#8395=CARTESIAN_POINT('Ctrl Pts',(0.077991893208516,101.025981418005,-683.269486063504));
#8396=CARTESIAN_POINT('Ctrl Pts',(-0.94640330453855,107.008006996581,-687.756005247436));
#8397=CARTESIAN_POINT('Ctrl Pts',(-0.94640330453855,110.,-690.));
#8398=CARTESIAN_POINT('Ctrl Pts',(29.0535966954615,110.,-690.));
#8399=CARTESIAN_POINT('Ctrl Pts',(29.0535966954615,107.079244925234,-687.684767318783));
#8400=CARTESIAN_POINT('Ctrl Pts',(27.9607285321512,101.234988790445,-683.051381792492));
#8401=CARTESIAN_POINT('Ctrl Pts',(24.4554835878192,95.8440821103279,-678.854335749582));
#8402=CARTESIAN_POINT('Ctrl Pts',(20.7061738747425,92.643435289126,-676.411347976968));
#8403=CARTESIAN_POINT('Ctrl Pts',(17.261818297482,90.9333914625808,-675.134744506211));
#8404=CARTESIAN_POINT('Ctrl Pts',(13.6934805088156,90.5943621163981,-674.887003902351));
#8405=CARTESIAN_POINT('Ctrl Pts',(10.5086485002326,91.20735898958,-675.33890891636));
#8406=CARTESIAN_POINT('Ctrl Pts',(7.74289376956926,92.4364050637996,-676.256296355914));
#8407=CARTESIAN_POINT('Ctrl Pts',(3.90034028680852,95.4556971074332,-678.550842084083));
#8408=CARTESIAN_POINT('Ctrl Pts',(0.148700177863564,101.239235463166,-683.05586245886));
#8409=CARTESIAN_POINT('Ctrl Pts',(-0.94640330453855,107.079244925234,-687.684767318783));
#8410=CARTESIAN_POINT('Ctrl Pts',(-0.94640330453855,110.,-690.));
#8411=CARTESIAN_POINT('Ctrl Pts',(29.0535966954615,110.,-690.));
#8412=CARTESIAN_POINT('Ctrl Pts',(29.0535966954615,107.22172078254,-687.542291461477));
#8413=CARTESIAN_POINT('Ctrl Pts',(27.8616406320995,101.659170317615,-682.620582702647));
#8414=CARTESIAN_POINT('Ctrl Pts',(24.1239427307915,96.6709955747217,-678.312769396285));
#8415=CARTESIAN_POINT('Ctrl Pts',(20.3209298023906,93.8261194423958,-675.928479576148));
#8416=CARTESIAN_POINT('Ctrl Pts',(16.9845504676326,92.3854028182732,-674.766914075067));
#8417=CARTESIAN_POINT('Ctrl Pts',(13.7301206070547,92.116878324359,-674.559886930725));
#8418=CARTESIAN_POINT('Ctrl Pts',(10.7793894901893,92.6152866624877,-674.951716083725));
#8419=CARTESIAN_POINT('Ctrl Pts',(8.12459715122777,93.6497297308685,-675.785442717431));
#8420=CARTESIAN_POINT('Ctrl Pts',(4.24830406075367,96.3087572379715,-677.998178293031));
#8421=CARTESIAN_POINT('Ctrl Pts',(0.248352348841,101.665596514267,-682.62786150927));
#8422=CARTESIAN_POINT('Ctrl Pts',(-0.94640330453855,107.22172078254,-687.542291461477));
#8423=CARTESIAN_POINT('Ctrl Pts',(-0.94640330453855,110.,-690.));
#8424=CARTESIAN_POINT('Ctrl Pts',(29.0535966954615,110.,-690.));
#8425=CARTESIAN_POINT('Ctrl Pts',(29.0535966954615,107.471053532825,-687.292958711192));
#8426=CARTESIAN_POINT('Ctrl Pts',(27.8274214620392,102.405666486946,-681.871781661226));
#8427=CARTESIAN_POINT('Ctrl Pts',(24.0047972598227,98.0013945746353,-677.084971770171));
#8428=CARTESIAN_POINT('Ctrl Pts',(20.1796336093194,95.5947840486571,-674.416467820786));
#8429=CARTESIAN_POINT('Ctrl Pts',(16.881246767758,94.4468655574961,-673.108348584663));
#8430=CARTESIAN_POINT('Ctrl Pts',(13.7438858068791,94.2484056865473,-672.874372980117));
#8431=CARTESIAN_POINT('Ctrl Pts',(10.8798183042187,94.6292202454023,-673.316620096782));
#8432=CARTESIAN_POINT('Ctrl Pts',(8.26484861907416,95.4527424029091,-674.255366514569));
#8433=CARTESIAN_POINT('Ctrl Pts',(4.37330558898518,97.6789317363399,-676.735751652333));
#8434=CARTESIAN_POINT('Ctrl Pts',(0.282899067350059,102.413729717297,-681.879303851896));
#8435=CARTESIAN_POINT('Ctrl Pts',(-0.94640330453855,107.471053532825,-687.292958711192));
#8436=CARTESIAN_POINT('Ctrl Pts',(-0.94640330453855,110.,-690.));
#8437=CARTESIAN_POINT('Ctrl Pts',(29.0535966954615,110.,-690.));
#8438=CARTESIAN_POINT('Ctrl Pts',(29.0535966954615,107.649148354457,-687.11486388956));
#8439=CARTESIAN_POINT('Ctrl Pts',(27.9257431798988,102.942558812923,-681.34089316891));
#8440=CARTESIAN_POINT('Ctrl Pts',(24.3424796144723,98.744028098857,-676.050702171817));
#8441=CARTESIAN_POINT('Ctrl Pts',(20.5774846153805,96.3482476855646,-672.939523129428));
#8442=CARTESIAN_POINT('Ctrl Pts',(17.1706235700458,95.1271022764926,-671.297513905718));
#8443=CARTESIAN_POINT('Ctrl Pts',(13.7053608231969,94.8963882416396,-670.976349107735));
#8444=CARTESIAN_POINT('Ctrl Pts',(10.5980771079385,95.3218614715434,-671.560316831123));
#8445=CARTESIAN_POINT('Ctrl Pts',(7.8701859066679,96.1989585425806,-672.740170618743));
#8446=CARTESIAN_POINT('Ctrl Pts',(4.0190307451516,98.4394608101978,-675.668863649486));
#8447=CARTESIAN_POINT('Ctrl Pts',(0.1837762189517,102.948083285139,-681.345681837919));
#8448=CARTESIAN_POINT('Ctrl Pts',(-0.94640330453855,107.649148354457,-687.11486388956));
#8449=CARTESIAN_POINT('Ctrl Pts',(-0.94640330453855,110.,-690.));
#8450=CARTESIAN_POINT('Ctrl Pts',(29.0535966954615,110.,-690.));
#8451=CARTESIAN_POINT('Ctrl Pts',(29.0535966954615,107.756005247436,-687.008006996581));
#8452=CARTESIAN_POINT('Ctrl Pts',(28.0313603675455,103.267127084395,-681.022836112526));
#8453=CARTESIAN_POINT('Ctrl Pts',(24.6806609521534,99.0727702319072,-675.430360309209));
#8454=CARTESIAN_POINT('Ctrl Pts',(20.9612611265777,96.5385310937871,-672.051374791716));
#8455=CARTESIAN_POINT('Ctrl Pts',(17.4416292934538,95.1545821861981,-670.206109581598));
#8456=CARTESIAN_POINT('Ctrl Pts',(13.6698567443059,94.8737216867274,-669.831628915637));
#8457=CARTESIAN_POINT('Ctrl Pts',(10.3319964292911,95.3766452357819,-670.502193647709));
#8458=CARTESIAN_POINT('Ctrl Pts',(7.49075293623898,96.3716990167944,-671.828932022393));
#8459=CARTESIAN_POINT('Ctrl Pts',(3.66397624592976,98.7716866634988,-675.028915551332));
#8460=CARTESIAN_POINT('Ctrl Pts',(0.0779918932085129,103.269486063504,-681.025981418005));
#8461=CARTESIAN_POINT('Ctrl Pts',(-0.94640330453855,107.756005247436,-687.008006996581));
#8462=CARTESIAN_POINT('Ctrl Pts',(-0.94640330453855,110.,-690.));
#8463=CARTESIAN_POINT('Origin',(14.0535966954615,110.,-690.));
#8464=CARTESIAN_POINT('Origin',(14.0535966954615,110.,-690.));
#8465=CARTESIAN_POINT('Origin',(104.053596695461,110.,-690.));
#8466=CARTESIAN_POINT('Origin',(14.0535966954614,110.,-690.));
#8467=CARTESIAN_POINT('Origin',(104.053596695461,110.,-690.));
#8468=CARTESIAN_POINT('',(104.053596695458,109.295749999996,-794.983458610664));
#8469=CARTESIAN_POINT('Origin',(104.053596695461,110.,-780.));
#8470=CARTESIAN_POINT('Ctrl Pts',(104.053596695461,109.29575,-765.016541389335));
#8471=CARTESIAN_POINT('Ctrl Pts',(103.388158388714,108.829899165889,-765.03843723184));
#8472=CARTESIAN_POINT('Ctrl Pts',(102.144796534245,107.842160932583,-765.114854483177));
#8473=CARTESIAN_POINT('Ctrl Pts',(99.6582819368064,105.890126554085,-765.404485964464));
#8474=CARTESIAN_POINT('Ctrl Pts',(95.4102216976977,102.530674147248,-766.285458065489));
#8475=CARTESIAN_POINT('Ctrl Pts',(91.2050630462011,99.2712174402041,-768.120161616873));
#8476=CARTESIAN_POINT('Ctrl Pts',(87.4833112581754,96.5098032092345,-771.431411037882));
#8477=CARTESIAN_POINT('Ctrl Pts',(85.6750038907016,95.2611012244222,-774.374628425802));
#8478=CARTESIAN_POINT('Ctrl Pts',(84.8297491235085,94.8372987013148,-778.718864187496));
#8479=CARTESIAN_POINT('Ctrl Pts',(85.3614554402693,95.3998782820262,-782.105022416736));
#8480=CARTESIAN_POINT('Ctrl Pts',(87.1804946621997,96.9148785161483,-786.169053983877));
#8481=CARTESIAN_POINT('Ctrl Pts',(90.5353172210347,99.5069669516167,-790.318014233834));
#8482=CARTESIAN_POINT('Ctrl Pts',(95.5426129504305,103.159498492312,-793.265337321263));
#8483=CARTESIAN_POINT('Ctrl Pts',(99.7666782088048,106.179983175135,-794.47983709231));
#8484=CARTESIAN_POINT('Ctrl Pts',(102.222410572902,107.943529087821,-794.867879112282));
#8485=CARTESIAN_POINT('Ctrl Pts',(103.460670154965,108.829899165885,-794.961562768159));
#8486=CARTESIAN_POINT('Ctrl Pts',(104.053596695454,109.295749999996,-794.983458610664));
#8487=CARTESIAN_POINT('Ctrl Pts',(104.992596695461,110.,-795.));
#8488=CARTESIAN_POINT('Ctrl Pts',(107.236591448026,107.008006996581,-795.));
#8489=CARTESIAN_POINT('Ctrl Pts',(111.725500767643,101.022794570425,-793.97772037462));
#8490=CARTESIAN_POINT('Ctrl Pts',(115.919856598825,95.4303201288485,-790.62700507708));
#8491=CARTESIAN_POINT('Ctrl Pts',(118.454102135317,92.0513260801921,-786.907605680142));
#8492=CARTESIAN_POINT('Ctrl Pts',(119.838057663871,90.2060520421211,-783.387979437145));
#8493=CARTESIAN_POINT('Ctrl Pts',(120.118924854395,89.8315624547557,-779.616213201735));
#8494=CARTESIAN_POINT('Ctrl Pts',(119.615998551571,90.5021308585203,-776.278355948277));
#8495=CARTESIAN_POINT('Ctrl Pts',(118.620945095133,91.8288688004384,-773.437116298602));
#8496=CARTESIAN_POINT('Ctrl Pts',(116.220942518514,95.0288722359299,-769.61035437721));
#8497=CARTESIAN_POINT('Ctrl Pts',(111.723119037892,101.025970210092,-766.024408790263));
#8498=CARTESIAN_POINT('Ctrl Pts',(107.236591448026,107.008006996581,-765.));
#8499=CARTESIAN_POINT('Ctrl Pts',(104.992596695461,110.,-765.));
#8500=CARTESIAN_POINT('Ctrl Pts',(104.992596695461,110.,-795.));
#8501=CARTESIAN_POINT('Ctrl Pts',(107.307829376678,107.079244925234,-795.));
#8502=CARTESIAN_POINT('Ctrl Pts',(111.941258027946,101.234942701192,-793.907075627289));
#8503=CARTESIAN_POINT('Ctrl Pts',(116.138290716562,95.844043380718,-790.401810369757));
#8504=CARTESIAN_POINT('Ctrl Pts',(118.581287132539,92.6433869788457,-786.652500315173));
#8505=CARTESIAN_POINT('Ctrl Pts',(119.857903915166,90.9333287686722,-783.208151252999));
#8506=CARTESIAN_POINT('Ctrl Pts',(120.105664986043,90.5942809509633,-779.639826079409));
#8507=CARTESIAN_POINT('Ctrl Pts',(119.653757761455,91.2072815170158,-776.454998529526));
#8508=CARTESIAN_POINT('Ctrl Pts',(118.736378721562,92.4363225298976,-773.689249055124));
#8509=CARTESIAN_POINT('Ctrl Pts',(116.441812872048,95.455638088539,-769.846712250895));
#8510=CARTESIAN_POINT('Ctrl Pts',(111.936759654223,101.239212635776,-766.095119045238));
#8511=CARTESIAN_POINT('Ctrl Pts',(107.307829376678,107.079244925234,-765.));
#8512=CARTESIAN_POINT('Ctrl Pts',(104.992596695461,110.,-765.));
#8513=CARTESIAN_POINT('Ctrl Pts',(104.992596695462,110.,-795.));
#8514=CARTESIAN_POINT('Ctrl Pts',(107.450305233984,107.22172078254,-795.));
#8515=CARTESIAN_POINT('Ctrl Pts',(112.372077083312,101.659118610083,-793.807969589376));
#8516=CARTESIAN_POINT('Ctrl Pts',(116.679872799538,96.6709735085157,-790.070237584996));
#8517=CARTESIAN_POINT('Ctrl Pts',(119.064177020494,93.8260884681239,-786.267223816342));
#8518=CARTESIAN_POINT('Ctrl Pts',(120.225775170878,92.3853559389356,-782.930848975807));
#8519=CARTESIAN_POINT('Ctrl Pts',(120.43284903738,92.1168007196068,-779.676439219721));
#8520=CARTESIAN_POINT('Ctrl Pts',(120.041014733333,92.6152089831362,-776.725714449169));
#8521=CARTESIAN_POINT('Ctrl Pts',(119.207304641795,93.6496342889279,-774.070927869754));
#8522=CARTESIAN_POINT('Ctrl Pts',(116.994529530038,96.3086811599344,-770.194657100805));
#8523=CARTESIAN_POINT('Ctrl Pts',(112.364791628861,101.665554012874,-766.194767667727));
#8524=CARTESIAN_POINT('Ctrl Pts',(107.450305233984,107.22172078254,-765.));
#8525=CARTESIAN_POINT('Ctrl Pts',(104.992596695462,110.,-765.));
#8526=CARTESIAN_POINT('Ctrl Pts',(104.992596695461,110.,-795.));
#8527=CARTESIAN_POINT('Ctrl Pts',(107.699637984269,107.471053532825,-795.));
#8528=CARTESIAN_POINT('Ctrl Pts',(113.120880733144,102.40559653997,-793.773755240918));
#8529=CARTESIAN_POINT('Ctrl Pts',(117.907677709873,98.0013398034792,-789.951095819958));
#8530=CARTESIAN_POINT('Ctrl Pts',(120.576197583143,95.5947124999266,-786.125933729958));
#8531=CARTESIAN_POINT('Ctrl Pts',(121.884356875805,94.446751754044,-782.827538756131));
#8532=CARTESIAN_POINT('Ctrl Pts',(122.118385609699,94.2482345181011,-779.690183080425));
#8533=CARTESIAN_POINT('Ctrl Pts',(121.676130993853,94.6290565666387,-776.826119521323));
#8534=CARTESIAN_POINT('Ctrl Pts',(120.737400014878,95.4525610466059,-774.211148565575));
#8535=CARTESIAN_POINT('Ctrl Pts',(118.256968066654,97.6787995352725,-770.319635567358));
#8536=CARTESIAN_POINT('Ctrl Pts',(113.113355323711,102.413661236239,-766.229301697409));
#8537=CARTESIAN_POINT('Ctrl Pts',(107.699637984269,107.471053532825,-765.));
#8538=CARTESIAN_POINT('Ctrl Pts',(104.992596695461,110.,-765.));
#8539=CARTESIAN_POINT('Ctrl Pts',(104.992596695461,110.,-795.));
#8540=CARTESIAN_POINT('Ctrl Pts',(107.877732805901,107.649148354457,-795.));
#8541=CARTESIAN_POINT('Ctrl Pts',(113.651748211925,102.942531099181,-793.872058666823));
#8542=CARTESIAN_POINT('Ctrl Pts',(118.941918695472,98.744072374649,-790.288758694187));
#8543=CARTESIAN_POINT('Ctrl Pts',(122.053105153481,96.348295941144,-786.52375781617));
#8544=CARTESIAN_POINT('Ctrl Pts',(123.695121709763,95.1271779989599,-783.116928136757));
#8545=CARTESIAN_POINT('Ctrl Pts',(124.016302789643,94.8964674976179,-779.651718694973));
#8546=CARTESIAN_POINT('Ctrl Pts',(123.432335362311,95.3219249209046,-776.544446902974));
#8547=CARTESIAN_POINT('Ctrl Pts',(122.252492693142,96.1989934548562,-773.816576739874));
#8548=CARTESIAN_POINT('Ctrl Pts',(119.323785694679,98.4394628734236,-769.965429027419));
#8549=CARTESIAN_POINT('Ctrl Pts',(113.64693980269,102.948069709553,-766.130217371945));
#8550=CARTESIAN_POINT('Ctrl Pts',(107.877732805901,107.649148354457,-765.));
#8551=CARTESIAN_POINT('Ctrl Pts',(104.992596695461,110.,-765.));
#8552=CARTESIAN_POINT('Ctrl Pts',(104.992596695461,110.,-795.));
#8553=CARTESIAN_POINT('Ctrl Pts',(107.98458969888,107.756005247436,-795.));
#8554=CARTESIAN_POINT('Ctrl Pts',(113.969802125036,103.267095927819,-793.97772037462));
#8555=CARTESIAN_POINT('Ctrl Pts',(119.562276566613,99.0727400966365,-790.627005077079));
#8556=CARTESIAN_POINT('Ctrl Pts',(122.941270615269,96.5384945601441,-786.907605680142));
#8557=CARTESIAN_POINT('Ctrl Pts',(124.78654465334,95.1545390315909,-783.387979437145));
#8558=CARTESIAN_POINT('Ctrl Pts',(125.161034240706,94.8736718410668,-779.616213201735));
#8559=CARTESIAN_POINT('Ctrl Pts',(124.490465836941,95.3765981438902,-776.278355948277));
#8560=CARTESIAN_POINT('Ctrl Pts',(123.163727895023,96.3716516003288,-773.437116298602));
#8561=CARTESIAN_POINT('Ctrl Pts',(119.963724459532,98.7716541769474,-769.61035437721));
#8562=CARTESIAN_POINT('Ctrl Pts',(113.966626485369,103.269477657569,-766.024408790263));
#8563=CARTESIAN_POINT('Ctrl Pts',(107.98458969888,107.756005247436,-765.));
#8564=CARTESIAN_POINT('Ctrl Pts',(104.992596695461,110.,-765.));
#8565=CARTESIAN_POINT('',(104.992596695461,110.,-795.));
#8566=CARTESIAN_POINT('Origin',(104.992596695461,110.,-780.));
#8567=CARTESIAN_POINT('Origin',(104.992596695461,110.,-780.));
#8568=CARTESIAN_POINT('Ctrl Pts',(104.992596695461,110.,-765.));
#8569=CARTESIAN_POINT('Ctrl Pts',(104.757760366466,109.686884894673,-765.));
#8570=CARTESIAN_POINT('Ctrl Pts',(104.522924056514,109.373769814737,-765.005515823689));
#8571=CARTESIAN_POINT('Ctrl Pts',(104.288346695461,109.061,-765.016541389335));
#8572=CARTESIAN_POINT('Ctrl Pts',(104.992596695461,110.,-765.));
#8573=CARTESIAN_POINT('Ctrl Pts',(104.731667441022,109.712977820116,-765.));
#8574=CARTESIAN_POINT('Ctrl Pts',(104.47073822849,109.42595566244,-765.006742302865));
#8575=CARTESIAN_POINT('Ctrl Pts',(104.210211762682,109.1393075463,-765.020213874296));
#8576=CARTESIAN_POINT('Ctrl Pts',(104.992596695461,110.,-765.));
#8577=CARTESIAN_POINT('Ctrl Pts',(104.705574515578,109.73907074556,-765.));
#8578=CARTESIAN_POINT('Ctrl Pts',(104.418552357902,109.478141533029,-765.006742302865));
#8579=CARTESIAN_POINT('Ctrl Pts',(104.131904241761,109.21761506722,-765.020213874296));
#8580=CARTESIAN_POINT('Ctrl Pts',(104.992596695461,110.,-765.));
#8581=CARTESIAN_POINT('Ctrl Pts',(104.679481590134,109.765163671004,-765.));
#8582=CARTESIAN_POINT('Ctrl Pts',(104.366366510198,109.530327361052,-765.005515823689));
#8583=CARTESIAN_POINT('Ctrl Pts',(104.053596695461,109.29575,-765.016541389335));
#8584=CARTESIAN_POINT('',(104.288346695461,109.061,-765.016541389335));
#8585=CARTESIAN_POINT('Origin',(104.053596695461,109.061,-760.02205518578));
#8586=CARTESIAN_POINT('Origin',(104.992596695461,110.,-780.));
#8587=CARTESIAN_POINT('Ctrl Pts',(104.288346695461,109.061,-765.016541389335));
#8588=CARTESIAN_POINT('Ctrl Pts',(103.822495861351,108.439865554519,-765.03843723184));
#8589=CARTESIAN_POINT('Ctrl Pts',(102.951754135383,107.122881243444,-765.119795031699));
#8590=CARTESIAN_POINT('Ctrl Pts',(101.204296138228,104.52016873878,-765.437464195397));
#8591=CARTESIAN_POINT('Ctrl Pts',(98.1942120844577,100.040898862997,-766.411136226424));
#8592=CARTESIAN_POINT('Ctrl Pts',(95.1086000619884,95.6949565869386,-768.414037396233));
#8593=CARTESIAN_POINT('Ctrl Pts',(92.2124972170818,92.0130709456461,-771.882425057428));
#8594=CARTESIAN_POINT('Ctrl Pts',(90.7004817923162,90.3481349658963,-774.890623150421));
#8595=CARTESIAN_POINT('Ctrl Pts',(89.8272123977982,89.7830649350862,-779.228599399358));
#8596=CARTESIAN_POINT('Ctrl Pts',(90.0661071572806,90.5331710427015,-782.551782614527));
#8597=CARTESIAN_POINT('Ctrl Pts',(91.2976151849141,92.5531713548646,-786.5038836306));
#8598=CARTESIAN_POINT('Ctrl Pts',(93.7594706639908,96.009289268822,-790.50502254651));
#8599=CARTESIAN_POINT('Ctrl Pts',(97.6205830434106,100.879331323084,-793.330139980516));
#8600=CARTESIAN_POINT('Ctrl Pts',(100.923060466745,104.906644233513,-794.496039966908));
#8601=CARTESIAN_POINT('Ctrl Pts',(102.849793133525,107.258038783761,-794.870130537111));
#8602=CARTESIAN_POINT('Ctrl Pts',(103.822495861345,108.439865554513,-794.961562768159));
#8603=CARTESIAN_POINT('Ctrl Pts',(104.288346695456,109.060999999995,-794.983458610664));
#8604=CARTESIAN_POINT('Ctrl Pts',(104.266022428953,109.083373584657,-765.017590670752));
#8605=CARTESIAN_POINT('Ctrl Pts',(103.781231640746,108.477063807729,-765.041072354571));
#8606=CARTESIAN_POINT('Ctrl Pts',(102.87536854422,107.191633288543,-765.128627075836));
#8607=CARTESIAN_POINT('Ctrl Pts',(101.061874463624,104.653607507106,-765.471101912257));
#8608=CARTESIAN_POINT('Ctrl Pts',(97.9542302925698,100.293749365101,-766.514941942278));
#8609=CARTESIAN_POINT('Ctrl Pts',(94.8446405392594,96.1045570439936,-768.6379953953));
#8610=CARTESIAN_POINT('Ctrl Pts',(92.0504440995453,92.6216945977064,-772.145778438668));
#8611=CARTESIAN_POINT('Ctrl Pts',(90.6537864457278,91.0788371220522,-775.075072397776));
#8612=CARTESIAN_POINT('Ctrl Pts',(89.8494187601032,90.5472651916677,-779.186754836619));
#8613=CARTESIAN_POINT('Ctrl Pts',(90.0424952988567,91.2216079302178,-782.364728422269));
#8614=CARTESIAN_POINT('Ctrl Pts',(91.1834208497547,93.1042900612459,-786.251920442977));
#8615=CARTESIAN_POINT('Ctrl Pts',(93.5577727591111,96.3882988805058,-790.300844195731));
#8616=CARTESIAN_POINT('Ctrl Pts',(97.4459134388506,101.10685222743,-793.246919333128));
#8617=CARTESIAN_POINT('Ctrl Pts',(100.816968769903,105.029629521582,-794.46889938651));
#8618=CARTESIAN_POINT('Ctrl Pts',(102.790501388611,107.323551906636,-794.862881592019));
#8619=CARTESIAN_POINT('Ctrl Pts',(103.788132440005,108.477058724509,-794.959251997979));
#8620=CARTESIAN_POINT('Ctrl Pts',(104.266022428947,109.083373584652,-794.982409329247));
#8621=CARTESIAN_POINT('Ctrl Pts',(104.221345723581,109.128120753556,-765.019089836298));
#8622=CARTESIAN_POINT('Ctrl Pts',(103.698613785536,108.551460312576,-765.044837584463));
#8623=CARTESIAN_POINT('Ctrl Pts',(102.722185792348,107.329123849401,-765.140964816246));
#8624=CARTESIAN_POINT('Ctrl Pts',(100.772458749641,104.920437279093,-765.517577197225));
#8625=CARTESIAN_POINT('Ctrl Pts',(97.4503513436209,100.799352476156,-766.657317431459));
#8626=CARTESIAN_POINT('Ctrl Pts',(94.218119003633,96.9231825495496,-768.95049182554));
#8627=CARTESIAN_POINT('Ctrl Pts',(91.4940793532502,93.8372594007192,-772.515610356827));
#8628=CARTESIAN_POINT('Ctrl Pts',(90.2378206752352,92.537490748986,-775.324071552786));
#8629=CARTESIAN_POINT('Ctrl Pts',(89.5394193244127,92.0726316756568,-779.086692843913));
#8630=CARTESIAN_POINT('Ctrl Pts',(89.6916630326891,92.5962442133623,-782.048746417224));
#8631=CARTESIAN_POINT('Ctrl Pts',(90.7512094408383,94.2052646510933,-785.852890718164));
#8632=CARTESIAN_POINT('Ctrl Pts',(93.0727587645976,97.1460077344668,-789.992227051962));
#8633=CARTESIAN_POINT('Ctrl Pts',(97.0785197425294,101.561804434571,-793.12376650487));
#8634=CARTESIAN_POINT('Ctrl Pts',(100.601541176407,105.275573693238,-794.429138128071));
#8635=CARTESIAN_POINT('Ctrl Pts',(102.671559899889,107.454567269706,-794.852407313468));
#8636=CARTESIAN_POINT('Ctrl Pts',(103.719324889012,108.551445063124,-794.955950246779));
#8637=CARTESIAN_POINT('Ctrl Pts',(104.221345723574,109.128120753551,-794.980910163701));
#8638=CARTESIAN_POINT('Ctrl Pts',(104.143091033389,109.206400108967,-765.019614607744));
#8639=CARTESIAN_POINT('Ctrl Pts',(103.553814209917,108.681564697484,-765.046155652592));
#8640=CARTESIAN_POINT('Ctrl Pts',(102.453080596741,107.569359670404,-765.143979370857));
#8641=CARTESIAN_POINT('Ctrl Pts',(100.255309183001,105.382457200136,-765.525067746041));
#8642=CARTESIAN_POINT('Ctrl Pts',(96.5128470631105,101.6572724884,-766.673529721783));
#8643=CARTESIAN_POINT('Ctrl Pts',(92.8812077377392,98.235338151281,-768.979857961515));
#8644=CARTESIAN_POINT('Ctrl Pts',(89.8704299086117,95.6332825952804,-772.516687051938));
#8645=CARTESIAN_POINT('Ctrl Pts',(88.5320674724207,94.5965973124863,-775.25764196114));
#8646=CARTESIAN_POINT('Ctrl Pts',(87.8745179169059,94.2089412885206,-778.891246440215));
#8647=CARTESIAN_POINT('Ctrl Pts',(88.132106893831,94.5843712770126,-781.796048241509));
#8648=CARTESIAN_POINT('Ctrl Pts',(89.3858209854135,95.8870557620862,-785.609303058886));
#8649=CARTESIAN_POINT('Ctrl Pts',(91.9994086889471,98.3932914839373,-789.830540702812));
#8650=CARTESIAN_POINT('Ctrl Pts',(96.3859976717813,102.340186384769,-793.062891420849));
#8651=CARTESIAN_POINT('Ctrl Pts',(100.216025978403,105.703197052329,-794.410849520768));
#8652=CARTESIAN_POINT('Ctrl Pts',(102.462412289609,107.683484078555,-794.848135227553));
#8653=CARTESIAN_POINT('Ctrl Pts',(103.598706417404,108.681540374096,-794.954794431796));
#8654=CARTESIAN_POINT('Ctrl Pts',(104.143091033382,109.206400108963,-794.980385392255));
#8655=CARTESIAN_POINT('Ctrl Pts',(104.087157072447,109.262263600237,-765.018115311461));
#8656=CARTESIAN_POINT('Ctrl Pts',(103.450275584629,108.774336614689,-765.042389956801));
#8657=CARTESIAN_POINT('Ctrl Pts',(102.260352494897,107.740089133801,-765.129497497759));
#8658=CARTESIAN_POINT('Ctrl Pts',(99.8814099234795,105.70303434793,-765.464198036692));
#8659=CARTESIAN_POINT('Ctrl Pts',(95.8197507635037,102.221233120969,-766.476217590317));
#8660=CARTESIAN_POINT('Ctrl Pts',(91.8189267581952,98.9579878610781,-768.533266304736));
#8661=CARTESIAN_POINT('Ctrl Pts',(88.3603537018275,96.3574363231971,-771.934728047326));
#8662=CARTESIAN_POINT('Ctrl Pts',(86.73589903546,95.2534834956826,-774.768689760927));
#8663=CARTESIAN_POINT('Ctrl Pts',(85.9783981447207,94.8587745866037,-778.769547478034));
#8664=CARTESIAN_POINT('Ctrl Pts',(86.4154726934624,95.3076160889372,-781.927058713759));
#8665=CARTESIAN_POINT('Ctrl Pts',(88.0232050731393,96.6670569257108,-785.87304579954));
#8666=CARTESIAN_POINT('Ctrl Pts',(91.0930560571218,99.1416417937882,-790.062290590469));
#8667=CARTESIAN_POINT('Ctrl Pts',(95.8606544000962,102.863845485637,-793.158719616544));
#8668=CARTESIAN_POINT('Ctrl Pts',(99.9354948122501,106.003178921871,-794.443769106531));
#8669=CARTESIAN_POINT('Ctrl Pts',(102.312414156842,107.846215951945,-794.857661361734));
#8670=CARTESIAN_POINT('Ctrl Pts',(103.512436135233,108.774321371404,-794.958096580377));
#8671=CARTESIAN_POINT('Ctrl Pts',(104.08715707244,109.262263600233,-794.981884688538));
#8672=CARTESIAN_POINT('Ctrl Pts',(104.053596695461,109.29575,-765.016541389335));
#8673=CARTESIAN_POINT('Ctrl Pts',(103.388158388714,108.829899165889,-765.03843723184));
#8674=CARTESIAN_POINT('Ctrl Pts',(102.144796534245,107.842160932583,-765.114854483177));
#8675=CARTESIAN_POINT('Ctrl Pts',(99.6582819368064,105.890126554085,-765.404485964464));
#8676=CARTESIAN_POINT('Ctrl Pts',(95.4102216976977,102.530674147248,-766.285458065489));
#8677=CARTESIAN_POINT('Ctrl Pts',(91.2050630462011,99.2712174402041,-768.120161616873));
#8678=CARTESIAN_POINT('Ctrl Pts',(87.4833112581754,96.5098032092345,-771.431411037882));
#8679=CARTESIAN_POINT('Ctrl Pts',(85.6750038907016,95.2611012244222,-774.374628425802));
#8680=CARTESIAN_POINT('Ctrl Pts',(84.8297491235085,94.8372987013148,-778.718864187496));
#8681=CARTESIAN_POINT('Ctrl Pts',(85.3614554402693,95.3998782820262,-782.105022416736));
#8682=CARTESIAN_POINT('Ctrl Pts',(87.1804946621997,96.9148785161483,-786.169053983877));
#8683=CARTESIAN_POINT('Ctrl Pts',(90.5353172210347,99.5069669516167,-790.318014233834));
#8684=CARTESIAN_POINT('Ctrl Pts',(95.5426129504305,103.159498492312,-793.265337321263));
#8685=CARTESIAN_POINT('Ctrl Pts',(99.7666782088048,106.179983175135,-794.47983709231));
#8686=CARTESIAN_POINT('Ctrl Pts',(102.222410572902,107.943529087821,-794.867879112282));
#8687=CARTESIAN_POINT('Ctrl Pts',(103.460670154965,108.829899165885,-794.961562768159));
#8688=CARTESIAN_POINT('Ctrl Pts',(104.053596695454,109.295749999996,-794.983458610664));
#8689=CARTESIAN_POINT('',(104.288346695456,109.060999999995,-794.983458610664));
#8690=CARTESIAN_POINT('Origin',(104.053596695454,109.060999999995,-799.977944814219));
#8691=CARTESIAN_POINT('',(89.994320959129,90.1017093839465,-779.999756542776));
#8692=CARTESIAN_POINT('Ctrl Pts',(104.288346695456,109.060999999995,-794.983458610664));
#8693=CARTESIAN_POINT('Ctrl Pts',(103.822495861345,108.439865554513,-794.961562768159));
#8694=CARTESIAN_POINT('Ctrl Pts',(102.849793133525,107.258038783761,-794.870130537111));
#8695=CARTESIAN_POINT('Ctrl Pts',(100.923060466745,104.906644233513,-794.496039966908));
#8696=CARTESIAN_POINT('Ctrl Pts',(97.6205830434106,100.879331323084,-793.330139980516));
#8697=CARTESIAN_POINT('Ctrl Pts',(93.7594706639908,96.009289268822,-790.50502254651));
#8698=CARTESIAN_POINT('Ctrl Pts',(91.2976151849141,92.5531713548646,-786.5038836306));
#8699=CARTESIAN_POINT('Ctrl Pts',(90.2192886442894,90.7844293736521,-783.04336585789));
#8700=CARTESIAN_POINT('Ctrl Pts',(89.9958401614234,90.2605880140041,-781.203592806998));
#8701=CARTESIAN_POINT('Ctrl Pts',(89.994320959129,90.1017093839466,-779.999756542776));
#8702=CARTESIAN_POINT('Ctrl Pts',(89.994320959129,90.1017093839466,-779.999756542776));
#8703=CARTESIAN_POINT('Ctrl Pts',(89.9936353410614,90.0300072415022,-779.456463594785));
#8704=CARTESIAN_POINT('Ctrl Pts',(90.067898285987,89.9388065459891,-778.032989347097));
#8705=CARTESIAN_POINT('Ctrl Pts',(90.7004817923162,90.3481349658963,-774.890623150421));
#8706=CARTESIAN_POINT('Ctrl Pts',(92.2124972170818,92.0130709456461,-771.882425057428));
#8707=CARTESIAN_POINT('Ctrl Pts',(95.1086000619884,95.6949565869386,-768.414037396233));
#8708=CARTESIAN_POINT('Ctrl Pts',(98.1942120844577,100.040898862997,-766.411136226424));
#8709=CARTESIAN_POINT('Ctrl Pts',(101.204296138228,104.52016873878,-765.437464195397));
#8710=CARTESIAN_POINT('Ctrl Pts',(102.951754135383,107.122881243444,-765.119795031699));
#8711=CARTESIAN_POINT('Ctrl Pts',(103.822495861351,108.439865554519,-765.03843723184));
#8712=CARTESIAN_POINT('Ctrl Pts',(104.288346695461,109.061,-765.016541389335));
#8713=CARTESIAN_POINT('Ctrl Pts',(104.288346695457,109.060999999994,-794.983458610664));
#8714=CARTESIAN_POINT('Ctrl Pts',(104.522924056511,109.373769814733,-794.994484176311));
#8715=CARTESIAN_POINT('Ctrl Pts',(104.757760366464,109.686884894671,-795.));
#8716=CARTESIAN_POINT('Ctrl Pts',(104.992596695461,110.,-795.));
#8717=CARTESIAN_POINT('Ctrl Pts',(104.210211762677,109.139307546295,-794.979786125703));
#8718=CARTESIAN_POINT('Ctrl Pts',(104.470738228487,109.425955662437,-794.993257697135));
#8719=CARTESIAN_POINT('Ctrl Pts',(104.73166744102,109.712977820115,-795.));
#8720=CARTESIAN_POINT('Ctrl Pts',(104.992596695461,110.,-795.));
#8721=CARTESIAN_POINT('Ctrl Pts',(104.131904241756,109.217615067216,-794.979786125703));
#8722=CARTESIAN_POINT('Ctrl Pts',(104.418552357898,109.478141533026,-794.993257697135));
#8723=CARTESIAN_POINT('Ctrl Pts',(104.705574515576,109.739070745559,-795.));
#8724=CARTESIAN_POINT('Ctrl Pts',(104.992596695461,110.,-795.));
#8725=CARTESIAN_POINT('Ctrl Pts',(104.053596695456,109.295749999996,-794.983458610664));
#8726=CARTESIAN_POINT('Ctrl Pts',(104.366366510194,109.53032736105,-794.994484176311));
#8727=CARTESIAN_POINT('Ctrl Pts',(104.679481590132,109.765163671003,-795.));
#8728=CARTESIAN_POINT('Ctrl Pts',(104.992596695461,110.,-795.));
#8729=CARTESIAN_POINT('Origin',(104.992596695461,110.,-780.));
#8730=CARTESIAN_POINT('Origin',(104.992596695461,110.,-780.));
#8731=CARTESIAN_POINT('Ctrl Pts',(224.992596695461,110.,-795.));
#8732=CARTESIAN_POINT('Ctrl Pts',(227.236591448026,107.008006996581,-795.));
#8733=CARTESIAN_POINT('Ctrl Pts',(231.725518736315,101.022770612196,-793.977695464161));
#8734=CARTESIAN_POINT('Ctrl Pts',(235.9198753043,95.4302951882159,-790.626971044018));
#8735=CARTESIAN_POINT('Ctrl Pts',(238.454124176652,92.051296691746,-786.907571587016));
#8736=CARTESIAN_POINT('Ctrl Pts',(239.8380832527,90.2060179236821,-783.38794815144));
#8737=CARTESIAN_POINT('Ctrl Pts',(240.118953989748,89.8315236076174,-779.616185132851));
#8738=CARTESIAN_POINT('Ctrl Pts',(239.616026167594,90.5020940371568,-776.278329624901));
#8739=CARTESIAN_POINT('Ctrl Pts',(238.620972850422,91.8288317933865,-773.437092039087));
#8740=CARTESIAN_POINT('Ctrl Pts',(236.220961828741,95.0288464889603,-769.610338644558));
#8741=CARTESIAN_POINT('Ctrl Pts',(231.723125913681,101.025961042374,-766.024412976627));
#8742=CARTESIAN_POINT('Ctrl Pts',(227.236591448026,107.008006996581,-765.));
#8743=CARTESIAN_POINT('Ctrl Pts',(224.992596695461,110.,-765.));
#8744=CARTESIAN_POINT('Ctrl Pts',(224.992596695461,110.,-795.));
#8745=CARTESIAN_POINT('Ctrl Pts',(227.307829376678,107.079244925234,-795.));
#8746=CARTESIAN_POINT('Ctrl Pts',(231.94128255977,101.234916144153,-793.907043338004));
#8747=CARTESIAN_POINT('Ctrl Pts',(236.13831041371,95.8440184921215,-790.401766423652));
#8748=CARTESIAN_POINT('Ctrl Pts',(238.581311325418,92.6433570908033,-786.652455858958));
#8749=CARTESIAN_POINT('Ctrl Pts',(239.857935301903,90.9332911762063,-783.208110129482));
#8750=CARTESIAN_POINT('Ctrl Pts',(240.10570703116,90.594233700664,-779.639791337097));
#8751=CARTESIAN_POINT('Ctrl Pts',(239.653798538174,91.2072363096063,-776.454966284883));
#8752=CARTESIAN_POINT('Ctrl Pts',(238.736423700184,92.4362747954855,-773.68921963198));
#8753=CARTESIAN_POINT('Ctrl Pts',(236.441846444101,95.4556036360938,-769.846692623406));
#8754=CARTESIAN_POINT('Ctrl Pts',(231.936776430514,101.239196798468,-766.095123554809));
#8755=CARTESIAN_POINT('Ctrl Pts',(227.307829376678,107.079244925234,-765.));
#8756=CARTESIAN_POINT('Ctrl Pts',(224.992596695461,110.,-765.));
#8757=CARTESIAN_POINT('Ctrl Pts',(224.992596695462,110.,-795.));
#8758=CARTESIAN_POINT('Ctrl Pts',(227.450305233984,107.22172078254,-795.));
#8759=CARTESIAN_POINT('Ctrl Pts',(232.372113802498,101.659090048531,-793.807926301537));
#8760=CARTESIAN_POINT('Ctrl Pts',(236.67990400011,96.6709577675911,-790.07017506102));
#8761=CARTESIAN_POINT('Ctrl Pts',(239.064215746453,93.8260681250992,-786.267160372046));
#8762=CARTESIAN_POINT('Ctrl Pts',(240.225831320085,92.385326935715,-782.930787906088));
#8763=CARTESIAN_POINT('Ctrl Pts',(240.432929441006,92.1167558167064,-779.676388251477));
#8764=CARTESIAN_POINT('Ctrl Pts',(240.041092310401,92.615164168434,-776.725667039854));
#8765=CARTESIAN_POINT('Ctrl Pts',(239.207390566856,93.6495805605442,-774.070883625229));
#8766=CARTESIAN_POINT('Ctrl Pts',(236.994593292213,96.3086384395118,-770.194626136504));
#8767=CARTESIAN_POINT('Ctrl Pts',(232.364827416459,101.665528223024,-766.194768800306));
#8768=CARTESIAN_POINT('Ctrl Pts',(227.450305233984,107.22172078254,-765.));
#8769=CARTESIAN_POINT('Ctrl Pts',(224.992596695462,110.,-765.));
#8770=CARTESIAN_POINT('Ctrl Pts',(224.992596695462,110.,-795.));
#8771=CARTESIAN_POINT('Ctrl Pts',(227.699637984269,107.471053532825,-795.));
#8772=CARTESIAN_POINT('Ctrl Pts',(233.120919533981,102.405555504729,-793.773713934219));
#8773=CARTESIAN_POINT('Ctrl Pts',(237.907713729048,98.0013025907732,-789.951034333686));
#8774=CARTESIAN_POINT('Ctrl Pts',(240.576241947339,95.5946665235926,-786.125872429858));
#8775=CARTESIAN_POINT('Ctrl Pts',(241.884422485433,94.4466833998209,-782.82747324806));
#8776=CARTESIAN_POINT('Ctrl Pts',(242.118478798395,94.2481364421372,-779.690120009205));
#8777=CARTESIAN_POINT('Ctrl Pts',(241.676220153737,94.6289624991936,-776.826058850136));
#8778=CARTESIAN_POINT('Ctrl Pts',(240.737497004375,95.4524580059304,-774.211087498557));
#8779=CARTESIAN_POINT('Ctrl Pts',(238.257038925139,97.6787238240736,-770.319591911521));
#8780=CARTESIAN_POINT('Ctrl Pts',(233.113395124418,102.41361809651,-766.22929528275));
#8781=CARTESIAN_POINT('Ctrl Pts',(227.699637984269,107.471053532825,-765.));
#8782=CARTESIAN_POINT('Ctrl Pts',(224.992596695462,110.,-765.));
#8783=CARTESIAN_POINT('Ctrl Pts',(224.992596695461,110.,-795.));
#8784=CARTESIAN_POINT('Ctrl Pts',(227.877732805901,107.649148354457,-795.));
#8785=CARTESIAN_POINT('Ctrl Pts',(233.651772923002,102.942520661817,-793.872009072357));
#8786=CARTESIAN_POINT('Ctrl Pts',(238.941934728461,98.744098827146,-790.288689380915));
#8787=CARTESIAN_POINT('Ctrl Pts',(242.05312502254,96.3483246637847,-786.523685219191));
#8788=CARTESIAN_POINT('Ctrl Pts',(243.695145710131,95.1272204823407,-783.116871957417));
#8789=CARTESIAN_POINT('Ctrl Pts',(244.016335275691,94.8965119566579,-779.651689793204));
#8790=CARTESIAN_POINT('Ctrl Pts',(243.432367856871,95.3219613233026,-776.544424290946));
#8791=CARTESIAN_POINT('Ctrl Pts',(242.25253072296,96.1990157052069,-773.816565062476));
#8792=CARTESIAN_POINT('Ctrl Pts',(239.323815644381,98.4394675318242,-769.96542274842));
#8793=CARTESIAN_POINT('Ctrl Pts',(233.646955682685,102.94806544361,-766.130233645176));
#8794=CARTESIAN_POINT('Ctrl Pts',(227.877732805901,107.649148354457,-765.));
#8795=CARTESIAN_POINT('Ctrl Pts',(224.992596695461,110.,-765.));
#8796=CARTESIAN_POINT('Ctrl Pts',(224.992596695461,110.,-795.));
#8797=CARTESIAN_POINT('Ctrl Pts',(227.98458969888,107.756005247436,-795.));
#8798=CARTESIAN_POINT('Ctrl Pts',(233.969826083266,103.267077959147,-793.977695464161));
#8799=CARTESIAN_POINT('Ctrl Pts',(239.562301507246,99.072721391162,-790.626971044018));
#8800=CARTESIAN_POINT('Ctrl Pts',(242.941300003716,96.5384725188096,-786.907571587016));
#8801=CARTESIAN_POINT('Ctrl Pts',(244.786578771779,95.1545134427617,-783.38794815144));
#8802=CARTESIAN_POINT('Ctrl Pts',(245.161073087844,94.8736427057131,-779.616185132851));
#8803=CARTESIAN_POINT('Ctrl Pts',(244.490502658305,95.3765705278676,-776.278329624901));
#8804=CARTESIAN_POINT('Ctrl Pts',(243.163764902075,96.3716238450399,-773.437092039087));
#8805=CARTESIAN_POINT('Ctrl Pts',(239.963750206501,98.7716348667203,-769.610338644558));
#8806=CARTESIAN_POINT('Ctrl Pts',(233.966635653087,103.269470781781,-766.024412976627));
#8807=CARTESIAN_POINT('Ctrl Pts',(227.98458969888,107.756005247436,-765.));
#8808=CARTESIAN_POINT('Ctrl Pts',(224.992596695461,110.,-765.));
#8809=CARTESIAN_POINT('',(224.992596695461,110.,-795.));
#8810=CARTESIAN_POINT('',(224.992596695461,110.,-765.));
#8811=CARTESIAN_POINT('Origin',(224.992596695461,110.,-780.));
#8812=CARTESIAN_POINT('Origin',(224.992596695461,110.,-780.));
#8813=CARTESIAN_POINT('Ctrl Pts',(224.992596695461,110.,-765.));
#8814=CARTESIAN_POINT('Ctrl Pts',(222.748601942897,107.008006996581,-765.));
#8815=CARTESIAN_POINT('Ctrl Pts',(218.259674759581,101.022770752159,-766.022304390603));
#8816=CARTESIAN_POINT('Ctrl Pts',(214.065318198351,95.4302953371861,-769.37302875753));
#8817=CARTESIAN_POINT('Ctrl Pts',(211.531069344828,92.0512968658225,-773.092428213617));
#8818=CARTESIAN_POINT('Ctrl Pts',(210.147110288962,90.2060181246681,-776.612051664736));
#8819=CARTESIAN_POINT('Ctrl Pts',(209.866239572015,89.8315238354043,-780.383814701237));
#8820=CARTESIAN_POINT('Ctrl Pts',(210.369167385427,90.502094253288,-783.721670219327));
#8821=CARTESIAN_POINT('Ctrl Pts',(211.364220703325,91.8288320104848,-786.562907816866));
#8822=CARTESIAN_POINT('Ctrl Pts',(213.764231676023,95.0288466407488,-790.389661261176));
#8823=CARTESIAN_POINT('Ctrl Pts',(218.262067521225,101.025961101017,-793.975587040785));
#8824=CARTESIAN_POINT('Ctrl Pts',(222.748601942897,107.008006996581,-795.));
#8825=CARTESIAN_POINT('Ctrl Pts',(224.992596695461,110.,-795.));
#8826=CARTESIAN_POINT('Ctrl Pts',(224.992596695461,110.,-765.));
#8827=CARTESIAN_POINT('Ctrl Pts',(222.677364014245,107.079244925234,-765.));
#8828=CARTESIAN_POINT('Ctrl Pts',(218.043910973928,101.234916299326,-766.092956473844));
#8829=CARTESIAN_POINT('Ctrl Pts',(213.846883097071,95.8440186423215,-769.598233320219));
#8830=CARTESIAN_POINT('Ctrl Pts',(211.403882210726,92.6433572692361,-773.347543881362));
#8831=CARTESIAN_POINT('Ctrl Pts',(210.127258275241,90.9332913984353,-776.791889629395));
#8832=CARTESIAN_POINT('Ctrl Pts',(209.879486605989,90.5942339773469,-780.360208457265));
#8833=CARTESIAN_POINT('Ctrl Pts',(210.331395091569,91.2072365745155,-783.545033523906));
#8834=CARTESIAN_POINT('Ctrl Pts',(211.248769952874,92.436275074404,-786.310780192837));
#8835=CARTESIAN_POINT('Ctrl Pts',(213.543347142745,95.4556038380089,-790.153307258909));
#8836=CARTESIAN_POINT('Ctrl Pts',(218.048417062261,101.239196895924,-793.904876462911));
#8837=CARTESIAN_POINT('Ctrl Pts',(222.677364014245,107.079244925234,-795.));
#8838=CARTESIAN_POINT('Ctrl Pts',(224.992596695461,110.,-795.));
#8839=CARTESIAN_POINT('Ctrl Pts',(224.992596695461,110.,-765.));
#8840=CARTESIAN_POINT('Ctrl Pts',(222.534888156939,107.22172078254,-765.));
#8841=CARTESIAN_POINT('Ctrl Pts',(217.613079803827,101.659090213192,-766.192073445134));
#8842=CARTESIAN_POINT('Ctrl Pts',(213.305289582561,96.6709578653318,-769.929824574114));
#8843=CARTESIAN_POINT('Ctrl Pts',(210.920977878744,93.8260682487476,-773.732839256919));
#8844=CARTESIAN_POINT('Ctrl Pts',(209.759362403989,92.3853271088257,-777.069211736177));
#8845=CARTESIAN_POINT('Ctrl Pts',(209.552264419449,92.1167560791216,-780.323611446843));
#8846=CARTESIAN_POINT('Ctrl Pts',(209.944101533786,92.6151644300579,-783.274332679031));
#8847=CARTESIAN_POINT('Ctrl Pts',(210.777803323789,93.6495808716842,-785.929116111764));
#8848=CARTESIAN_POINT('Ctrl Pts',(212.990600470251,96.3086386866763,-789.805373678758));
#8849=CARTESIAN_POINT('Ctrl Pts',(217.620366189286,101.665528375795,-793.80523119513));
#8850=CARTESIAN_POINT('Ctrl Pts',(222.534888156939,107.22172078254,-795.));
#8851=CARTESIAN_POINT('Ctrl Pts',(224.992596695461,110.,-795.));
#8852=CARTESIAN_POINT('Ctrl Pts',(224.992596695461,110.,-765.));
#8853=CARTESIAN_POINT('Ctrl Pts',(222.285555406654,107.471053532825,-765.));
#8854=CARTESIAN_POINT('Ctrl Pts',(216.864274085626,102.405555746074,-766.226285822402));
#8855=CARTESIAN_POINT('Ctrl Pts',(212.077479882954,98.001302818935,-770.048965305337));
#8856=CARTESIAN_POINT('Ctrl Pts',(209.408951711868,95.5946668012734,-773.874127208943));
#8857=CARTESIAN_POINT('Ctrl Pts',(208.100771294101,94.4466838041829,-777.172526366992));
#8858=CARTESIAN_POINT('Ctrl Pts',(207.866715136211,94.2481370135136,-780.309879618876));
#8859=CARTESIAN_POINT('Ctrl Pts',(208.308973757862,94.628963047699,-783.173940792172));
#8860=CARTESIAN_POINT('Ctrl Pts',(209.247696950867,95.452458604468,-785.788912142015));
#8861=CARTESIAN_POINT('Ctrl Pts',(211.728154879183,97.6787242649669,-789.680407830847));
#8862=CARTESIAN_POINT('Ctrl Pts',(216.871798505749,102.413618354976,-793.770704668293));
#8863=CARTESIAN_POINT('Ctrl Pts',(222.285555406654,107.471053532825,-795.));
#8864=CARTESIAN_POINT('Ctrl Pts',(224.992596695461,110.,-795.));
#8865=CARTESIAN_POINT('Ctrl Pts',(224.992596695461,110.,-765.));
#8866=CARTESIAN_POINT('Ctrl Pts',(222.107460585022,107.649148354457,-765.));
#8867=CARTESIAN_POINT('Ctrl Pts',(216.333420610365,102.942520712387,-766.127990640505));
#8868=CARTESIAN_POINT('Ctrl Pts',(211.043258760087,98.7440986709599,-769.711310219156));
#8869=CARTESIAN_POINT('Ctrl Pts',(207.932068487609,96.3483244944116,-773.476314361917));
#8870=CARTESIAN_POINT('Ctrl Pts',(206.290047823877,95.1272202365016,-776.883127716085));
#8871=CARTESIAN_POINT('Ctrl Pts',(205.968858306104,94.8965116994207,-780.348310032768));
#8872=CARTESIAN_POINT('Ctrl Pts',(206.552825724657,95.3219611111037,-783.455575570617));
#8873=CARTESIAN_POINT('Ctrl Pts',(207.732662889234,96.1990155713215,-786.183434860554));
#8874=CARTESIAN_POINT('Ctrl Pts',(210.661377920597,98.4394674980688,-790.034577208168));
#8875=CARTESIAN_POINT('Ctrl Pts',(216.338237803668,102.948065461564,-793.869766438871));
#8876=CARTESIAN_POINT('Ctrl Pts',(222.107460585022,107.649148354457,-795.));
#8877=CARTESIAN_POINT('Ctrl Pts',(224.992596695461,110.,-795.));
#8878=CARTESIAN_POINT('Ctrl Pts',(224.992596695461,110.,-765.));
#8879=CARTESIAN_POINT('Ctrl Pts',(222.000603692043,107.756005247436,-765.));
#8880=CARTESIAN_POINT('Ctrl Pts',(216.01536744762,103.267078064119,-766.022304390603));
#8881=CARTESIAN_POINT('Ctrl Pts',(210.422892032647,99.0727215028896,-769.37302875753));
#8882=CARTESIAN_POINT('Ctrl Pts',(207.043893561284,96.5384726493669,-773.092428213617));
#8883=CARTESIAN_POINT('Ctrl Pts',(205.198614820129,95.1545135935011,-776.612051664736));
#8884=CARTESIAN_POINT('Ctrl Pts',(204.824120530866,94.8736428765532,-780.383814701237));
#8885=CARTESIAN_POINT('Ctrl Pts',(205.494690948749,95.376570689966,-783.721670219327));
#8886=CARTESIAN_POINT('Ctrl Pts',(206.821428705946,96.3716240078636,-786.562907816866));
#8887=CARTESIAN_POINT('Ctrl Pts',(210.02144333621,98.7716349805616,-790.389661261176));
#8888=CARTESIAN_POINT('Ctrl Pts',(216.018557796479,103.269470825763,-793.975587040785));
#8889=CARTESIAN_POINT('Ctrl Pts',(222.000603692043,107.756005247436,-795.));
#8890=CARTESIAN_POINT('Ctrl Pts',(224.992596695461,110.,-795.));
#8891=CARTESIAN_POINT('Origin',(224.992596695461,110.,-780.));
#8892=CARTESIAN_POINT('',(209.992596695461,90.,-780.));
#8893=CARTESIAN_POINT('Origin',(224.992596695461,110.,-780.));
#8894=CARTESIAN_POINT('Origin',(224.992596695461,110.,-780.));
#8895=CARTESIAN_POINT('Ctrl Pts',(344.992596695461,110.,-795.));
#8896=CARTESIAN_POINT('Ctrl Pts',(347.236591448026,107.008006996581,-795.));
#8897=CARTESIAN_POINT('Ctrl Pts',(351.725535061577,101.022748845179,-793.977672929705));
#8898=CARTESIAN_POINT('Ctrl Pts',(355.919892998427,95.4302715960453,-790.626940244516));
#8899=CARTESIAN_POINT('Ctrl Pts',(358.454144713412,92.0512693093994,-786.907540572346));
#8900=CARTESIAN_POINT('Ctrl Pts',(359.838106854403,90.2059864547443,-783.387919434874));
#8901=CARTESIAN_POINT('Ctrl Pts',(360.118980633961,89.8314880820007,-779.616159080391));
#8902=CARTESIAN_POINT('Ctrl Pts',(359.616051470285,90.5020603002351,-776.278305139851));
#8903=CARTESIAN_POINT('Ctrl Pts',(358.620998254426,91.8287979213807,-773.43706933058));
#8904=CARTESIAN_POINT('Ctrl Pts',(356.220979664764,95.0288227075968,-769.610323669225));
#8905=CARTESIAN_POINT('Ctrl Pts',(351.723133254192,101.025951255026,-766.024414745956));
#8906=CARTESIAN_POINT('Ctrl Pts',(347.236591448026,107.008006996581,-765.));
#8907=CARTESIAN_POINT('Ctrl Pts',(344.992596695461,110.,-765.));
#8908=CARTESIAN_POINT('Ctrl Pts',(344.992596695461,110.,-795.));
#8909=CARTESIAN_POINT('Ctrl Pts',(347.307829376678,107.079244925234,-795.));
#8910=CARTESIAN_POINT('Ctrl Pts',(351.941304701492,101.234892002254,-793.907014159607));
#8911=CARTESIAN_POINT('Ctrl Pts',(356.138329685531,95.8439945025456,-790.401726690704));
#8912=CARTESIAN_POINT('Ctrl Pts',(358.581334424397,92.6433288370602,-786.652415499862));
#8913=CARTESIAN_POINT('Ctrl Pts',(359.857964633562,90.9332562786678,-783.208072527312));
#8914=CARTESIAN_POINT('Ctrl Pts',(360.105745389143,90.5941906003646,-779.639759009504));
#8915=CARTESIAN_POINT('Ctrl Pts',(359.653835744085,91.2071950194767,-776.454936177226));
#8916=CARTESIAN_POINT('Ctrl Pts',(358.736464368258,92.4362314268746,-773.689191952217));
#8917=CARTESIAN_POINT('Ctrl Pts',(356.441876874768,95.455572160708,-769.846673915971));
#8918=CARTESIAN_POINT('Ctrl Pts',(351.93679276367,101.239181002218,-766.095125160216));
#8919=CARTESIAN_POINT('Ctrl Pts',(347.307829376678,107.079244925234,-765.));
#8920=CARTESIAN_POINT('Ctrl Pts',(344.992596695461,110.,-765.));
#8921=CARTESIAN_POINT('Ctrl Pts',(344.992596695461,110.,-795.));
#8922=CARTESIAN_POINT('Ctrl Pts',(347.450305233984,107.22172078254,-795.));
#8923=CARTESIAN_POINT('Ctrl Pts',(352.372147440402,101.65906471387,-793.807886872922));
#8924=CARTESIAN_POINT('Ctrl Pts',(356.679935076654,96.6709417984773,-790.070118398315));
#8925=CARTESIAN_POINT('Ctrl Pts',(359.064253250573,93.8260482528634,-786.267102648212));
#8926=CARTESIAN_POINT('Ctrl Pts',(360.225883798186,92.3852995331153,-782.930732162256));
#8927=CARTESIAN_POINT('Ctrl Pts',(360.433002411305,92.1167150083898,-779.67634082484));
#8928=CARTESIAN_POINT('Ctrl Pts',(360.041162780677,92.615123521746,-776.725622779066));
#8929=CARTESIAN_POINT('Ctrl Pts',(359.207467953419,93.6495325532754,-774.070842123348));
#8930=CARTESIAN_POINT('Ctrl Pts',(356.994650920695,96.3086003354984,-770.194596890577));
#8931=CARTESIAN_POINT('Ctrl Pts',(352.364861552505,101.665504211936,-766.194766600529));
#8932=CARTESIAN_POINT('Ctrl Pts',(347.450305233984,107.22172078254,-765.));
#8933=CARTESIAN_POINT('Ctrl Pts',(344.992596695461,110.,-765.));
#8934=CARTESIAN_POINT('Ctrl Pts',(344.992596695461,110.,-795.));
#8935=CARTESIAN_POINT('Ctrl Pts',(347.699637984269,107.471053532825,-795.));
#8936=CARTESIAN_POINT('Ctrl Pts',(353.120955387306,102.405517732269,-793.773675830132));
#8937=CARTESIAN_POINT('Ctrl Pts',(357.90774952383,98.001265678208,-789.950977982018));
#8938=CARTESIAN_POINT('Ctrl Pts',(360.576284882891,95.5946221271382,-786.125815874448));
#8939=CARTESIAN_POINT('Ctrl Pts',(361.884483612942,94.4466198583105,-782.827413102443));
#8940=CARTESIAN_POINT('Ctrl Pts',(362.118563226157,94.2480478196272,-779.690061726969));
#8941=CARTESIAN_POINT('Ctrl Pts',(361.676301070528,94.6288773648887,-776.82600280503));
#8942=CARTESIAN_POINT('Ctrl Pts',(360.737584426861,95.4523654117062,-774.211031254403));
#8943=CARTESIAN_POINT('Ctrl Pts',(358.257103112868,97.6786554748562,-770.319551501752));
#8944=CARTESIAN_POINT('Ctrl Pts',(353.113433184867,102.413577088371,-766.229286150067));
#8945=CARTESIAN_POINT('Ctrl Pts',(347.699637984269,107.471053532825,-765.));
#8946=CARTESIAN_POINT('Ctrl Pts',(344.992596695461,110.,-765.));
#8947=CARTESIAN_POINT('Ctrl Pts',(344.992596695461,110.,-795.));
#8948=CARTESIAN_POINT('Ctrl Pts',(347.877732805901,107.649148354457,-795.));
#8949=CARTESIAN_POINT('Ctrl Pts',(353.651794830924,102.942514160276,-793.871964807494));
#8950=CARTESIAN_POINT('Ctrl Pts',(358.941950433445,98.7441233277326,-790.288627890263));
#8951=CARTESIAN_POINT('Ctrl Pts',(362.053143982031,96.3483512032115,-786.523620810059));
#8952=CARTESIAN_POINT('Ctrl Pts',(363.695168336195,95.1272583979952,-783.116821425113));
#8953=CARTESIAN_POINT('Ctrl Pts',(364.016365092382,94.8965516241108,-779.65166203942));
#8954=CARTESIAN_POINT('Ctrl Pts',(363.432397589793,95.321994255367,-776.544401916654));
#8955=CARTESIAN_POINT('Ctrl Pts',(362.252565003747,96.1990370324918,-773.816551917862));
#8956=CARTESIAN_POINT('Ctrl Pts',(359.32384258317,98.4394736412548,-769.965415083218));
#8957=CARTESIAN_POINT('Ctrl Pts',(353.646970860666,102.948063586947,-766.130245222508));
#8958=CARTESIAN_POINT('Ctrl Pts',(347.877732805901,107.649148354457,-765.));
#8959=CARTESIAN_POINT('Ctrl Pts',(344.992596695461,110.,-765.));
#8960=CARTESIAN_POINT('Ctrl Pts',(344.992596695461,110.,-795.));
#8961=CARTESIAN_POINT('Ctrl Pts',(347.98458969888,107.756005247436,-795.));
#8962=CARTESIAN_POINT('Ctrl Pts',(353.969847850283,103.267061633884,-793.977672929705));
#8963=CARTESIAN_POINT('Ctrl Pts',(359.562325099416,99.0727036970341,-790.626940244516));
#8964=CARTESIAN_POINT('Ctrl Pts',(362.941327386062,96.5384519820496,-786.907540572346));
#8965=CARTESIAN_POINT('Ctrl Pts',(364.786610240717,95.1544898410583,-783.387919434874));
#8966=CARTESIAN_POINT('Ctrl Pts',(365.161108613461,94.8736160615006,-779.616159080391));
#8967=CARTESIAN_POINT('Ctrl Pts',(364.490536395226,95.3765452251764,-776.278305139851));
#8968=CARTESIAN_POINT('Ctrl Pts',(363.163798774081,96.3715984410356,-773.43706933058));
#8969=CARTESIAN_POINT('Ctrl Pts',(359.963773987865,98.7716170306976,-769.610323669225));
#8970=CARTESIAN_POINT('Ctrl Pts',(353.966645440435,103.26946344127,-766.024414745956));
#8971=CARTESIAN_POINT('Ctrl Pts',(347.98458969888,107.756005247436,-765.));
#8972=CARTESIAN_POINT('Ctrl Pts',(344.992596695461,110.,-765.));
#8973=CARTESIAN_POINT('',(344.992596695461,110.,-795.));
#8974=CARTESIAN_POINT('',(344.992596695461,110.,-765.));
#8975=CARTESIAN_POINT('Origin',(344.992596695461,110.,-780.));
#8976=CARTESIAN_POINT('Origin',(344.992596695461,110.,-780.));
#8977=CARTESIAN_POINT('Ctrl Pts',(344.992596695461,110.,-765.));
#8978=CARTESIAN_POINT('Ctrl Pts',(342.748601942897,107.008006996581,-765.));
#8979=CARTESIAN_POINT('Ctrl Pts',(338.259658425088,101.022748972835,-766.022326938467));
#8980=CARTESIAN_POINT('Ctrl Pts',(334.065300498026,95.4302717367531,-769.373059575247));
#8981=CARTESIAN_POINT('Ctrl Pts',(331.531048799238,92.0512694717016,-773.092459245753));
#8982=CARTESIAN_POINT('Ctrl Pts',(330.147086675805,90.2059866404575,-776.612080396025));
#8983=CARTESIAN_POINT('Ctrl Pts',(329.86621291362,89.8314882908776,-780.383840765438));
#8984=CARTESIAN_POINT('Ctrl Pts',(330.369142069529,90.5020604987564,-783.721694715114));
#8985=CARTESIAN_POINT('Ctrl Pts',(331.364195285919,91.8287981206095,-786.562930534533));
#8986=CARTESIAN_POINT('Ctrl Pts',(333.764213831482,95.0288228480272,-790.389676241183));
#8987=CARTESIAN_POINT('Ctrl Pts',(338.262060182562,101.025951316134,-793.975585259167));
#8988=CARTESIAN_POINT('Ctrl Pts',(342.748601942897,107.008006996581,-795.));
#8989=CARTESIAN_POINT('Ctrl Pts',(344.992596695461,110.,-795.));
#8990=CARTESIAN_POINT('Ctrl Pts',(344.992596695461,110.,-765.));
#8991=CARTESIAN_POINT('Ctrl Pts',(342.677364014245,107.079244925234,-765.));
#8992=CARTESIAN_POINT('Ctrl Pts',(338.043888818958,101.234892143906,-766.092985669783));
#8993=CARTESIAN_POINT('Ctrl Pts',(333.846863821933,95.8439946467422,-769.598273076884));
#8994=CARTESIAN_POINT('Ctrl Pts',(331.403859104864,92.6433290055638,-773.347584263647));
#8995=CARTESIAN_POINT('Ctrl Pts',(330.127228931428,90.9332564851839,-776.791927251625));
#8996=CARTESIAN_POINT('Ctrl Pts',(329.879448227062,90.5941908534895,-780.360240798984));
#8997=CARTESIAN_POINT('Ctrl Pts',(330.331357865361,91.2071952621009,-783.545063644145));
#8998=CARTESIAN_POINT('Ctrl Pts',(331.248729260577,92.4362316811277,-786.310807883019));
#8999=CARTESIAN_POINT('Ctrl Pts',(333.543316694371,95.4555723456815,-790.153325972042));
#9000=CARTESIAN_POINT('Ctrl Pts',(338.048400725754,101.239181098394,-793.904874842758));
#9001=CARTESIAN_POINT('Ctrl Pts',(342.677364014245,107.079244925234,-795.));
#9002=CARTESIAN_POINT('Ctrl Pts',(344.992596695461,110.,-795.));
#9003=CARTESIAN_POINT('Ctrl Pts',(344.992596695461,110.,-765.));
#9004=CARTESIAN_POINT('Ctrl Pts',(342.534888156939,107.22172078254,-765.));
#9005=CARTESIAN_POINT('Ctrl Pts',(337.613046148623,101.659064860967,-766.192112895739));
#9006=CARTESIAN_POINT('Ctrl Pts',(333.305258503536,96.6709418964272,-769.929881269902));
#9007=CARTESIAN_POINT('Ctrl Pts',(330.920940366284,93.8260483730088,-773.732897013222));
#9008=CARTESIAN_POINT('Ctrl Pts',(329.759309904192,92.3852996964885,-777.069267510264));
#9009=CARTESIAN_POINT('Ctrl Pts',(329.55219140721,92.1167152476657,-780.3236588942));
#9010=CARTESIAN_POINT('Ctrl Pts',(329.944031023338,92.6151237598538,-783.274376958353));
#9011=CARTESIAN_POINT('Ctrl Pts',(330.777725889425,93.6495328326481,-785.929157629914));
#9012=CARTESIAN_POINT('Ctrl Pts',(332.990542807276,96.3086005570551,-789.805402935012));
#9013=CARTESIAN_POINT('Ctrl Pts',(337.620332042584,101.665504354093,-793.805233378229));
#9014=CARTESIAN_POINT('Ctrl Pts',(342.534888156939,107.22172078254,-795.));
#9015=CARTESIAN_POINT('Ctrl Pts',(344.992596695461,110.,-795.));
#9016=CARTESIAN_POINT('Ctrl Pts',(344.992596695461,110.,-765.));
#9017=CARTESIAN_POINT('Ctrl Pts',(342.285555406654,107.471053532825,-765.));
#9018=CARTESIAN_POINT('Ctrl Pts',(336.864238215551,102.405517955183,-766.226323945032));
#9019=CARTESIAN_POINT('Ctrl Pts',(332.077444084906,98.0012659026713,-770.049021686368));
#9020=CARTESIAN_POINT('Ctrl Pts',(329.408908766615,95.5946223942914,-773.874183791809));
#9021=CARTESIAN_POINT('Ctrl Pts',(328.100710140294,94.4466202345869,-777.172586543317));
#9022=CARTESIAN_POINT('Ctrl Pts',(327.866630659129,94.2480483379694,-780.309937928801));
#9023=CARTESIAN_POINT('Ctrl Pts',(328.308892794535,94.6288778631477,-783.17399686399));
#9024=CARTESIAN_POINT('Ctrl Pts',(329.247609474772,95.452365951911,-785.788968413833));
#9025=CARTESIAN_POINT('Ctrl Pts',(331.728090653837,97.6786558744021,-789.680448259347));
#9026=CARTESIAN_POINT('Ctrl Pts',(336.871760433935,102.413577333293,-793.770713787899));
#9027=CARTESIAN_POINT('Ctrl Pts',(342.285555406654,107.471053532825,-795.));
#9028=CARTESIAN_POINT('Ctrl Pts',(344.992596695461,110.,-795.));
#9029=CARTESIAN_POINT('Ctrl Pts',(344.992596695461,110.,-765.));
#9030=CARTESIAN_POINT('Ctrl Pts',(342.107460585022,107.649148354457,-765.));
#9031=CARTESIAN_POINT('Ctrl Pts',(336.333398687136,102.942514190835,-766.128034935208));
#9032=CARTESIAN_POINT('Ctrl Pts',(331.043243052492,98.7441231828901,-769.711371753169));
#9033=CARTESIAN_POINT('Ctrl Pts',(327.932049522413,96.3483510464839,-773.476378816431));
#9034=CARTESIAN_POINT('Ctrl Pts',(326.290025189489,95.1272581774186,-776.883178279945));
#9035=CARTESIAN_POINT('Ctrl Pts',(325.968828474114,94.896551393381,-780.348337793959));
#9036=CARTESIAN_POINT('Ctrl Pts',(326.552795975974,95.321994062636,-783.455597947399));
#9037=CARTESIAN_POINT('Ctrl Pts',(327.732628587458,96.1990369046205,-786.183447998454));
#9038=CARTESIAN_POINT('Ctrl Pts',(330.661350964988,98.4394736006422,-790.034584866671));
#9039=CARTESIAN_POINT('Ctrl Pts',(336.338222621111,102.948063592583,-793.869754836965));
#9040=CARTESIAN_POINT('Ctrl Pts',(342.107460585022,107.649148354457,-795.));
#9041=CARTESIAN_POINT('Ctrl Pts',(344.992596695461,110.,-795.));
#9042=CARTESIAN_POINT('Ctrl Pts',(344.992596695461,110.,-765.));
#9043=CARTESIAN_POINT('Ctrl Pts',(342.000603692043,107.756005247436,-765.));
#9044=CARTESIAN_POINT('Ctrl Pts',(336.015345668296,103.267061729626,-766.022326938467));
#9045=CARTESIAN_POINT('Ctrl Pts',(330.422868432214,99.0727038025649,-769.373059575247));
#9046=CARTESIAN_POINT('Ctrl Pts',(327.043866167163,96.5384521037763,-773.092459245752));
#9047=CARTESIAN_POINT('Ctrl Pts',(325.198583335919,95.1544899803431,-776.612080396025));
#9048=CARTESIAN_POINT('Ctrl Pts',(324.824084986339,94.8736162181582,-780.383840765437));
#9049=CARTESIAN_POINT('Ctrl Pts',(325.494657194218,95.3765453740673,-783.721694715114));
#9050=CARTESIAN_POINT('Ctrl Pts',(326.821394816071,96.3715985904572,-786.562930534533));
#9051=CARTESIAN_POINT('Ctrl Pts',(330.021419543489,98.7716171360204,-790.389676241183));
#9052=CARTESIAN_POINT('Ctrl Pts',(336.018548011595,103.269463487101,-793.975585259167));
#9053=CARTESIAN_POINT('Ctrl Pts',(342.000603692043,107.756005247436,-795.));
#9054=CARTESIAN_POINT('Ctrl Pts',(344.992596695461,110.,-795.));
#9055=CARTESIAN_POINT('Origin',(344.992596695461,110.,-780.));
#9056=CARTESIAN_POINT('',(329.992596695461,90.,-780.));
#9057=CARTESIAN_POINT('Origin',(344.992596695461,110.,-780.));
#9058=CARTESIAN_POINT('Origin',(344.992596695461,110.,-780.));
#9059=CARTESIAN_POINT('Ctrl Pts',(464.992596695461,110.,-795.));
#9060=CARTESIAN_POINT('Ctrl Pts',(467.236591448026,107.008006996581,-795.));
#9061=CARTESIAN_POINT('Ctrl Pts',(471.72568216494,101.022552707363,-793.97768001495));
#9062=CARTESIAN_POINT('Ctrl Pts',(475.920113582707,95.4299774836727,-790.62748786057));
#9063=CARTESIAN_POINT('Ctrl Pts',(478.032035172381,92.6140820307748,-787.527595073404));
#9064=CARTESIAN_POINT('Ctrl Pts',(479.007844103484,91.3130034559702,-785.500444103909));
#9065=CARTESIAN_POINT('Ctrl Pts',(480.11675922174,89.8344499649623,-781.916563359543));
#9066=CARTESIAN_POINT('Ctrl Pts',(480.114563585985,89.8373774793014,-777.699636117667));
#9067=CARTESIAN_POINT('Ctrl Pts',(478.619620262671,91.8306352437208,-773.436938539377));
#9068=CARTESIAN_POINT('Ctrl Pts',(476.819091883908,94.2313397487383,-770.568621606461));
#9069=CARTESIAN_POINT('Ctrl Pts',(474.423225567658,97.4258281704048,-768.174318143871));
#9070=CARTESIAN_POINT('Ctrl Pts',(470.600004680474,102.523456019984,-765.769500417131));
#9071=CARTESIAN_POINT('Ctrl Pts',(467.236591448026,107.008006996581,-765.));
#9072=CARTESIAN_POINT('Ctrl Pts',(464.992596695461,110.,-765.));
#9073=CARTESIAN_POINT('Ctrl Pts',(464.992596695461,110.,-795.));
#9074=CARTESIAN_POINT('Ctrl Pts',(467.307829376678,107.079244925234,-795.));
#9075=CARTESIAN_POINT('Ctrl Pts',(471.940277145633,101.235517096546,-793.907318687832));
#9076=CARTESIAN_POINT('Ctrl Pts',(476.138846717689,95.8434489882181,-790.401780086432));
#9077=CARTESIAN_POINT('Ctrl Pts',(478.172865742145,93.1775029657029,-787.277743485104));
#9078=CARTESIAN_POINT('Ctrl Pts',(479.093163493735,91.9583293237214,-785.274569196675));
#9079=CARTESIAN_POINT('Ctrl Pts',(480.105939153834,90.5952913635333,-781.800854007524));
#9080=CARTESIAN_POINT('Ctrl Pts',(480.108579330273,90.5947200972979,-777.839067362397));
#9081=CARTESIAN_POINT('Ctrl Pts',(478.737279791065,92.4364636497953,-773.689143081708));
#9082=CARTESIAN_POINT('Ctrl Pts',(477.011226439117,94.7045574098753,-770.809428734944));
#9083=CARTESIAN_POINT('Ctrl Pts',(474.643108443358,97.7661610293504,-768.344128534429));
#9084=CARTESIAN_POINT('Ctrl Pts',(470.776898577834,102.701730371738,-765.822854578618));
#9085=CARTESIAN_POINT('Ctrl Pts',(467.307829376678,107.079244925234,-765.));
#9086=CARTESIAN_POINT('Ctrl Pts',(464.992596695461,110.,-765.));
#9087=CARTESIAN_POINT('Ctrl Pts',(464.992596695461,110.,-795.));
#9088=CARTESIAN_POINT('Ctrl Pts',(467.450305233984,107.22172078254,-795.));
#9089=CARTESIAN_POINT('Ctrl Pts',(472.369352332138,101.661317172469,-793.80868125157));
#9090=CARTESIAN_POINT('Ctrl Pts',(476.681010779108,96.6699082989878,-790.069506362261));
#9091=CARTESIAN_POINT('Ctrl Pts',(478.663237479548,94.3030786421383,-786.90189441298));
#9092=CARTESIAN_POINT('Ctrl Pts',(479.531849577776,93.2471725577178,-784.931228213667));
#9093=CARTESIAN_POINT('Ctrl Pts',(480.43696177173,92.1141880310535,-781.621412104079));
#9094=CARTESIAN_POINT('Ctrl Pts',(480.446896942733,92.1066717054437,-778.05538961954));
#9095=CARTESIAN_POINT('Ctrl Pts',(479.211625679082,93.6466404735345,-774.070888991855));
#9096=CARTESIAN_POINT('Ctrl Pts',(477.540410061143,95.6502643893108,-771.167130057419));
#9097=CARTESIAN_POINT('Ctrl Pts',(475.148486390781,98.446544070967,-768.59185826147));
#9098=CARTESIAN_POINT('Ctrl Pts',(471.132087924734,103.058130187027,-765.898443230659));
#9099=CARTESIAN_POINT('Ctrl Pts',(467.450305233984,107.22172078254,-765.));
#9100=CARTESIAN_POINT('Ctrl Pts',(464.992596695461,110.,-765.));
#9101=CARTESIAN_POINT('Ctrl Pts',(464.992596695461,110.,-795.));
#9102=CARTESIAN_POINT('Ctrl Pts',(467.699637984269,107.471053532825,-795.));
#9103=CARTESIAN_POINT('Ctrl Pts',(473.117919880165,102.408888657662,-793.774645378276));
#9104=CARTESIAN_POINT('Ctrl Pts',(477.909028450543,97.9999627833909,-789.950104978419));
#9105=CARTESIAN_POINT('Ctrl Pts',(480.127616318918,96.000105432675,-786.764476116555));
#9106=CARTESIAN_POINT('Ctrl Pts',(481.102927941144,95.1318342578331,-784.804653605553));
#9107=CARTESIAN_POINT('Ctrl Pts',(482.12297109142,94.2428211397374,-781.554222100383));
#9108=CARTESIAN_POINT('Ctrl Pts',(482.133796407668,94.2305016975687,-778.136363054141));
#9109=CARTESIAN_POINT('Ctrl Pts',(480.742117946315,95.4471096030867,-774.211076250892));
#9110=CARTESIAN_POINT('Ctrl Pts',(478.869585493304,97.1303942527605,-771.296549084728));
#9111=CARTESIAN_POINT('Ctrl Pts',(476.205525892903,99.5661823924216,-768.680179776172));
#9112=CARTESIAN_POINT('Ctrl Pts',(471.755783880546,103.682464027077,-765.924766145261));
#9113=CARTESIAN_POINT('Ctrl Pts',(467.699637984269,107.471053532825,-765.));
#9114=CARTESIAN_POINT('Ctrl Pts',(464.992596695461,110.,-765.));
#9115=CARTESIAN_POINT('Ctrl Pts',(464.992596695461,110.,-795.));
#9116=CARTESIAN_POINT('Ctrl Pts',(467.877732805901,107.649148354457,-795.));
#9117=CARTESIAN_POINT('Ctrl Pts',(473.650751190388,102.944146880249,-793.872456885614));
#9118=CARTESIAN_POINT('Ctrl Pts',(478.9426157781,98.7434855702102,-790.288525524041));
#9119=CARTESIAN_POINT('Ctrl Pts',(481.533326657981,96.7497658468263,-787.151787019655));
#9120=CARTESIAN_POINT('Ctrl Pts',(482.711328922954,95.8582356355346,-785.16047845724));
#9121=CARTESIAN_POINT('Ctrl Pts',(484.016151180953,94.8953758270236,-781.74220027185));
#9122=CARTESIAN_POINT('Ctrl Pts',(484.018514012038,94.8901922259647,-777.909870203896));
#9123=CARTESIAN_POINT('Ctrl Pts',(482.253091993734,96.1973505600995,-773.816604641611));
#9124=CARTESIAN_POINT('Ctrl Pts',(480.051517432842,97.8850393159369,-770.93062458871));
#9125=CARTESIAN_POINT('Ctrl Pts',(477.056412795559,100.238876633229,-768.429258856205));
#9126=CARTESIAN_POINT('Ctrl Pts',(472.20189401592,104.126377218923,-765.849354230643));
#9127=CARTESIAN_POINT('Ctrl Pts',(467.877732805901,107.649148354457,-765.));
#9128=CARTESIAN_POINT('Ctrl Pts',(464.992596695461,110.,-765.));
#9129=CARTESIAN_POINT('Ctrl Pts',(464.992596695461,110.,-795.));
#9130=CARTESIAN_POINT('Ctrl Pts',(467.98458969888,107.756005247436,-795.));
#9131=CARTESIAN_POINT('Ctrl Pts',(473.970043988099,103.266914530522,-793.97768001495));
#9132=CARTESIAN_POINT('Ctrl Pts',(479.562619211789,99.0724831127546,-790.62748786057));
#9133=CARTESIAN_POINT('Ctrl Pts',(482.378514664687,96.9605615230812,-787.527595073404));
#9134=CARTESIAN_POINT('Ctrl Pts',(483.679593239492,95.9847525919777,-785.500444103909));
#9135=CARTESIAN_POINT('Ctrl Pts',(485.158146730499,94.8758374737218,-781.916563359543));
#9136=CARTESIAN_POINT('Ctrl Pts',(485.15521921616,94.8780331094761,-777.699636117667));
#9137=CARTESIAN_POINT('Ctrl Pts',(483.161961451741,96.3729764327907,-773.436938539377));
#9138=CARTESIAN_POINT('Ctrl Pts',(480.761256946723,98.1735048115538,-770.568621606461));
#9139=CARTESIAN_POINT('Ctrl Pts',(477.566768525057,100.569371127804,-768.174318143871));
#9140=CARTESIAN_POINT('Ctrl Pts',(472.469140675478,104.392592014988,-765.769500417131));
#9141=CARTESIAN_POINT('Ctrl Pts',(467.98458969888,107.756005247436,-765.));
#9142=CARTESIAN_POINT('Ctrl Pts',(464.992596695461,110.,-765.));
#9143=CARTESIAN_POINT('',(464.992596695461,110.,-795.));
#9144=CARTESIAN_POINT('',(464.992596695461,110.,-765.));
#9145=CARTESIAN_POINT('Origin',(464.992596695461,110.,-780.));
#9146=CARTESIAN_POINT('Origin',(464.992596695461,110.,-780.));
#9147=CARTESIAN_POINT('Ctrl Pts',(464.992596695461,110.,-765.));
#9148=CARTESIAN_POINT('Ctrl Pts',(462.748601942897,107.008006996581,-765.));
#9149=CARTESIAN_POINT('Ctrl Pts',(458.259511284987,101.022552786034,-766.022319932911));
#9150=CARTESIAN_POINT('Ctrl Pts',(454.065079846811,95.4299775351319,-769.372512067954));
#9151=CARTESIAN_POINT('Ctrl Pts',(451.953158259926,92.6140820859528,-772.472404861094));
#9152=CARTESIAN_POINT('Ctrl Pts',(450.977349325414,91.3130035066037,-774.499555831038));
#9153=CARTESIAN_POINT('Ctrl Pts',(449.86843417536,89.8344499731971,-778.083436584846));
#9154=CARTESIAN_POINT('Ctrl Pts',(449.870629737027,89.8373773887535,-782.300363851965));
#9155=CARTESIAN_POINT('Ctrl Pts',(451.365573064941,91.8306351593061,-786.563061437899));
#9156=CARTESIAN_POINT('Ctrl Pts',(453.166101435997,94.2313396540471,-789.431378388528));
#9157=CARTESIAN_POINT('Ctrl Pts',(455.561967763798,97.4258280911149,-791.825681860669));
#9158=CARTESIAN_POINT('Ctrl Pts',(459.385188648259,102.523455937063,-794.23049960097));
#9159=CARTESIAN_POINT('Ctrl Pts',(462.748601942897,107.008006996581,-795.));
#9160=CARTESIAN_POINT('Ctrl Pts',(464.992596695461,110.,-795.));
#9161=CARTESIAN_POINT('Ctrl Pts',(464.992596695461,110.,-765.));
#9162=CARTESIAN_POINT('Ctrl Pts',(462.677364014245,107.079244925234,-765.));
#9163=CARTESIAN_POINT('Ctrl Pts',(458.044916227237,101.235517124527,-766.092681228309));
#9164=CARTESIAN_POINT('Ctrl Pts',(453.846346571111,95.8434489554359,-769.598219800277));
#9165=CARTESIAN_POINT('Ctrl Pts',(451.812327555835,93.1775029419135,-772.72225640994));
#9166=CARTESIAN_POINT('Ctrl Pts',(450.892029797871,91.9583292945208,-774.725430700208));
#9167=CARTESIAN_POINT('Ctrl Pts',(449.879254152086,90.5952913272294,-778.199145915068));
#9168=CARTESIAN_POINT('Ctrl Pts',(449.876614018056,90.5947200470294,-782.160932621819));
#9169=CARTESIAN_POINT('Ctrl Pts',(451.24791356248,92.4364636027298,-786.310856910106));
#9170=CARTESIAN_POINT('Ctrl Pts',(452.973966930294,94.704557365538,-789.190571279574));
#9171=CARTESIAN_POINT('Ctrl Pts',(455.342084937467,97.7661609953095,-791.655871485847));
#9172=CARTESIAN_POINT('Ctrl Pts',(459.208294801908,102.701730335407,-794.177145459611));
#9173=CARTESIAN_POINT('Ctrl Pts',(462.677364014245,107.079244925234,-795.));
#9174=CARTESIAN_POINT('Ctrl Pts',(464.992596695461,110.,-795.));
#9175=CARTESIAN_POINT('Ctrl Pts',(464.992596695461,110.,-765.));
#9176=CARTESIAN_POINT('Ctrl Pts',(462.534888156939,107.22172078254,-765.));
#9177=CARTESIAN_POINT('Ctrl Pts',(457.615840960961,101.661317075127,-766.19131863416));
#9178=CARTESIAN_POINT('Ctrl Pts',(453.304182374381,96.6699080486754,-769.930493471984));
#9179=CARTESIAN_POINT('Ctrl Pts',(451.321955702582,94.3030784015531,-773.098105435072));
#9180=CARTESIAN_POINT('Ctrl Pts',(450.453343598714,93.2471723055447,-775.068771637322));
#9181=CARTESIAN_POINT('Ctrl Pts',(449.548231498583,92.1141878304681,-778.378587795551));
#9182=CARTESIAN_POINT('Ctrl Pts',(449.53829654563,92.1066716563101,-781.94461039093));
#9183=CARTESIAN_POINT('Ctrl Pts',(450.773567799465,93.6466404365413,-785.929111023811));
#9184=CARTESIAN_POINT('Ctrl Pts',(452.444783446894,95.6502643988794,-788.832869985018));
#9185=CARTESIAN_POINT('Ctrl Pts',(454.836707104083,98.4465440997688,-791.40814177951));
#9186=CARTESIAN_POINT('Ctrl Pts',(458.853105569824,103.058130217966,-794.101556833919));
#9187=CARTESIAN_POINT('Ctrl Pts',(462.534888156939,107.22172078254,-795.));
#9188=CARTESIAN_POINT('Ctrl Pts',(464.992596695461,110.,-795.));
#9189=CARTESIAN_POINT('Ctrl Pts',(464.992596695461,110.,-765.));
#9190=CARTESIAN_POINT('Ctrl Pts',(462.285555406654,107.471053532825,-765.));
#9191=CARTESIAN_POINT('Ctrl Pts',(456.867273418972,102.408888542418,-766.225354528378));
#9192=CARTESIAN_POINT('Ctrl Pts',(452.076164717217,97.9999625200938,-770.049894886527));
#9193=CARTESIAN_POINT('Ctrl Pts',(449.857576883533,96.0001052067214,-773.235523765164));
#9194=CARTESIAN_POINT('Ctrl Pts',(448.882265257782,95.131834027918,-775.195346278602));
#9195=CARTESIAN_POINT('Ctrl Pts',(447.86222221453,94.2428210328852,-778.445777820155));
#9196=CARTESIAN_POINT('Ctrl Pts',(447.851397135383,94.2305018663856,-781.863636938111));
#9197=CARTESIAN_POINT('Ctrl Pts',(449.243075577418,95.4471097520595,-785.788923738822));
#9198=CARTESIAN_POINT('Ctrl Pts',(451.115608052549,97.1303944301847,-788.703450929557));
#9199=CARTESIAN_POINT('Ctrl Pts',(453.779667627868,99.5661825428515,-791.319820242716));
#9200=CARTESIAN_POINT('Ctrl Pts',(458.229409639683,103.682464177273,-794.07523390036));
#9201=CARTESIAN_POINT('Ctrl Pts',(462.285555406654,107.471053532825,-795.));
#9202=CARTESIAN_POINT('Ctrl Pts',(464.992596695461,110.,-795.));
#9203=CARTESIAN_POINT('Ctrl Pts',(464.992596695461,110.,-765.));
#9204=CARTESIAN_POINT('Ctrl Pts',(462.107460585022,107.649148354457,-765.));
#9205=CARTESIAN_POINT('Ctrl Pts',(456.334442179352,102.944146697942,-766.12754295437));
#9206=CARTESIAN_POINT('Ctrl Pts',(451.042577490116,98.7434851460265,-769.7114742367));
#9207=CARTESIAN_POINT('Ctrl Pts',(448.451866612485,96.7497653890162,-772.848212750233));
#9208=CARTESIAN_POINT('Ctrl Pts',(447.273864337295,95.858235149057,-774.839521316766));
#9209=CARTESIAN_POINT('Ctrl Pts',(445.969042078583,94.8953753275986,-778.257799581336));
#9210=CARTESIAN_POINT('Ctrl Pts',(445.96667927361,94.8901918176638,-782.090129852429));
#9211=CARTESIAN_POINT('Ctrl Pts',(447.732101308535,96.1973502246158,-786.183395436459));
#9212=CARTESIAN_POINT('Ctrl Pts',(449.933675896052,97.8850390941172,-789.069375521263));
#9213=CARTESIAN_POINT('Ctrl Pts',(452.92878055907,100.238876514329,-791.570741237412));
#9214=CARTESIAN_POINT('Ctrl Pts',(457.783299338689,104.126377108825,-794.150645879942));
#9215=CARTESIAN_POINT('Ctrl Pts',(462.107460585022,107.649148354457,-795.));
#9216=CARTESIAN_POINT('Ctrl Pts',(464.992596695461,110.,-795.));
#9217=CARTESIAN_POINT('Ctrl Pts',(464.992596695461,110.,-765.));
#9218=CARTESIAN_POINT('Ctrl Pts',(462.000603692043,107.756005247436,-765.));
#9219=CARTESIAN_POINT('Ctrl Pts',(456.015149481495,103.266914589526,-766.022319932911));
#9220=CARTESIAN_POINT('Ctrl Pts',(450.422574230593,99.072483151349,-769.372512067954));
#9221=CARTESIAN_POINT('Ctrl Pts',(447.606678781414,96.9605615644647,-772.472404861094));
#9222=CARTESIAN_POINT('Ctrl Pts',(446.305600202065,95.9847526299529,-774.499555831038));
#9223=CARTESIAN_POINT('Ctrl Pts',(444.827046668659,94.8758374798979,-778.083436584846));
#9224=CARTESIAN_POINT('Ctrl Pts',(444.829974084215,94.8780330415652,-782.300363851965));
#9225=CARTESIAN_POINT('Ctrl Pts',(446.823231854768,96.3729763694796,-786.563061437899));
#9226=CARTESIAN_POINT('Ctrl Pts',(449.223936349508,98.1735047405353,-789.431378388528));
#9227=CARTESIAN_POINT('Ctrl Pts',(452.418424786576,100.569371068336,-791.825681860669));
#9228=CARTESIAN_POINT('Ctrl Pts',(457.516052632524,104.392591952797,-794.23049960097));
#9229=CARTESIAN_POINT('Ctrl Pts',(462.000603692043,107.756005247436,-795.));
#9230=CARTESIAN_POINT('Ctrl Pts',(464.992596695461,110.,-795.));
#9231=CARTESIAN_POINT('Origin',(464.992596695461,110.,-780.));
#9232=CARTESIAN_POINT('',(449.992596695461,90.,-780.));
#9233=CARTESIAN_POINT('Origin',(464.992596695461,110.,-780.));
#9234=CARTESIAN_POINT('Origin',(464.992596695461,110.,-780.));
#9235=CARTESIAN_POINT('Ctrl Pts',(584.992596695462,110.,-765.));
#9236=CARTESIAN_POINT('Ctrl Pts',(582.748601942897,107.008006996581,-765.));
#9237=CARTESIAN_POINT('Ctrl Pts',(578.259502365443,101.022540893309,-766.02232803395));
#9238=CARTESIAN_POINT('Ctrl Pts',(574.06507400208,95.4299697421567,-769.372523166228));
#9239=CARTESIAN_POINT('Ctrl Pts',(571.953152015301,92.6140737597843,-772.472415075008));
#9240=CARTESIAN_POINT('Ctrl Pts',(570.977343602018,91.3129958754075,-774.49956597813));
#9241=CARTESIAN_POINT('Ctrl Pts',(569.868433289327,89.8344487918196,-778.083445291849));
#9242=CARTESIAN_POINT('Ctrl Pts',(569.870640122248,89.8373912357143,-782.300368691163));
#9243=CARTESIAN_POINT('Ctrl Pts',(571.365582777198,91.8306481089812,-786.563065100662));
#9244=CARTESIAN_POINT('Ctrl Pts',(573.166112335313,94.2313541864689,-789.431379337428));
#9245=CARTESIAN_POINT('Ctrl Pts',(575.5619769117,97.4258402883177,-791.82568131824));
#9246=CARTESIAN_POINT('Ctrl Pts',(579.385198205465,102.523468680005,-794.230497017396));
#9247=CARTESIAN_POINT('Ctrl Pts',(582.748601942897,107.008006996581,-795.));
#9248=CARTESIAN_POINT('Ctrl Pts',(584.992596695462,110.,-795.));
#9249=CARTESIAN_POINT('Ctrl Pts',(584.992596695462,110.,-765.));
#9250=CARTESIAN_POINT('Ctrl Pts',(582.677364014245,107.079244925234,-765.));
#9251=CARTESIAN_POINT('Ctrl Pts',(578.044919317642,101.235513071275,-766.092694214539));
#9252=CARTESIAN_POINT('Ctrl Pts',(573.846362435825,95.8434541020111,-769.598237333065));
#9253=CARTESIAN_POINT('Ctrl Pts',(571.812342066105,93.1775067589966,-772.722272702448));
#9254=CARTESIAN_POINT('Ctrl Pts',(570.892045268009,91.9583339297965,-774.725446714639));
#9255=CARTESIAN_POINT('Ctrl Pts',(569.879267449824,90.5952970477124,-778.199158017243));
#9256=CARTESIAN_POINT('Ctrl Pts',(569.876620856423,90.5947278908449,-782.160935316107));
#9257=CARTESIAN_POINT('Ctrl Pts',(571.247919580197,92.4364709567716,-786.310858419819));
#9258=CARTESIAN_POINT('Ctrl Pts',(572.973970497637,94.7045642929952,-789.190569298745));
#9259=CARTESIAN_POINT('Ctrl Pts',(575.342086711068,97.7661663320684,-791.655868569507));
#9260=CARTESIAN_POINT('Ctrl Pts',(579.208296728947,102.701736011958,-794.177139840575));
#9261=CARTESIAN_POINT('Ctrl Pts',(582.677364014245,107.079244925234,-795.));
#9262=CARTESIAN_POINT('Ctrl Pts',(584.992596695462,110.,-795.));
#9263=CARTESIAN_POINT('Ctrl Pts',(584.992596695462,110.,-765.));
#9264=CARTESIAN_POINT('Ctrl Pts',(582.534888156939,107.22172078254,-765.));
#9265=CARTESIAN_POINT('Ctrl Pts',(577.615856282228,101.661332609601,-766.191336328405));
#9266=CARTESIAN_POINT('Ctrl Pts',(573.304218843647,96.6699468957741,-769.930519062389));
#9267=CARTESIAN_POINT('Ctrl Pts',(571.321987868848,94.3031158298664,-773.09812896061));
#9268=CARTESIAN_POINT('Ctrl Pts',(570.453376595378,93.2472114747033,-775.068794715566));
#9269=CARTESIAN_POINT('Ctrl Pts',(569.548250245172,92.1142191566905,-778.378603476476));
#9270=CARTESIAN_POINT('Ctrl Pts',(569.538282119874,92.1066799235625,-781.944609165632));
#9271=CARTESIAN_POINT('Ctrl Pts',(570.773554761122,93.6466467769583,-785.929108955749));
#9272=CARTESIAN_POINT('Ctrl Pts',(572.444765830591,95.6502635621288,-788.832863783993));
#9273=CARTESIAN_POINT('Ctrl Pts',(574.83669139737,98.4465401979359,-791.408135715804));
#9274=CARTESIAN_POINT('Ctrl Pts',(578.853089895695,103.058125973258,-794.101547218597));
#9275=CARTESIAN_POINT('Ctrl Pts',(582.534888156939,107.22172078254,-795.));
#9276=CARTESIAN_POINT('Ctrl Pts',(584.992596695462,110.,-795.));
#9277=CARTESIAN_POINT('Ctrl Pts',(584.992596695462,110.,-765.));
#9278=CARTESIAN_POINT('Ctrl Pts',(582.285555406654,107.471053532825,-765.));
#9279=CARTESIAN_POINT('Ctrl Pts',(576.867287705051,102.408906488855,-766.2253690008));
#9280=CARTESIAN_POINT('Ctrl Pts',(572.076198851244,98.0000028654799,-770.049915766617));
#9281=CARTESIAN_POINT('Ctrl Pts',(569.857605790481,96.0001399295279,-773.235542138763));
#9282=CARTESIAN_POINT('Ctrl Pts',(568.882294672073,95.1318693220928,-775.195364282885));
#9283=CARTESIAN_POINT('Ctrl Pts',(567.862235378096,94.2428376419795,-778.445790295109));
#9284=CARTESIAN_POINT('Ctrl Pts',(567.851374237963,94.2304765451629,-781.863638451679));
#9285=CARTESIAN_POINT('Ctrl Pts',(569.243055502417,95.4470873112462,-785.788925583239));
#9286=CARTESIAN_POINT('Ctrl Pts',(571.115584523127,97.1303675491919,-788.703448994203));
#9287=CARTESIAN_POINT('Ctrl Pts',(573.779647838022,99.5661596665583,-791.319817540609));
#9288=CARTESIAN_POINT('Ctrl Pts',(578.229389921362,103.682441322669,-794.075227177826));
#9289=CARTESIAN_POINT('Ctrl Pts',(582.285555406654,107.471053532825,-795.));
#9290=CARTESIAN_POINT('Ctrl Pts',(584.992596695462,110.,-795.));
#9291=CARTESIAN_POINT('Ctrl Pts',(584.992596695462,110.,-765.));
#9292=CARTESIAN_POINT('Ctrl Pts',(582.107460585022,107.649148354457,-765.));
#9293=CARTESIAN_POINT('Ctrl Pts',(576.334445904674,102.944176133325,-766.127567705701));
#9294=CARTESIAN_POINT('Ctrl Pts',(571.042596692718,98.7435517703179,-769.711511100743));
#9295=CARTESIAN_POINT('Ctrl Pts',(568.451885520934,96.749837217053,-772.848248239862));
#9296=CARTESIAN_POINT('Ctrl Pts',(567.273884789276,95.8583113183397,-774.839556174659));
#9297=CARTESIAN_POINT('Ctrl Pts',(565.96906263352,94.8954534231383,-778.257822387582));
#9298=CARTESIAN_POINT('Ctrl Pts',(565.966695840431,94.8902559702613,-782.090121718716));
#9299=CARTESIAN_POINT('Ctrl Pts',(567.732115329186,96.1974032484035,-786.183383945205));
#9300=CARTESIAN_POINT('Ctrl Pts',(569.933685825107,97.8850746874154,-789.069359073321));
#9301=CARTESIAN_POINT('Ctrl Pts',(572.92878649111,100.238896147455,-791.570727153397));
#9302=CARTESIAN_POINT('Ctrl Pts',(577.783305259745,104.126395367932,-794.15062923535));
#9303=CARTESIAN_POINT('Ctrl Pts',(582.107460585022,107.649148354457,-795.));
#9304=CARTESIAN_POINT('Ctrl Pts',(584.992596695462,110.,-795.));
#9305=CARTESIAN_POINT('Ctrl Pts',(584.992596695462,110.,-765.));
#9306=CARTESIAN_POINT('Ctrl Pts',(582.000603692043,107.756005247436,-765.));
#9307=CARTESIAN_POINT('Ctrl Pts',(576.015137588771,103.266905669982,-766.02232803395));
#9308=CARTESIAN_POINT('Ctrl Pts',(570.422566437619,99.0724773066175,-769.372523166228));
#9309=CARTESIAN_POINT('Ctrl Pts',(567.606670455247,96.9605553198383,-772.472415075008));
#9310=CARTESIAN_POINT('Ctrl Pts',(566.30559257087,95.9847469065557,-774.49956597813));
#9311=CARTESIAN_POINT('Ctrl Pts',(564.827045487282,94.8758365938647,-778.083445291849));
#9312=CARTESIAN_POINT('Ctrl Pts',(564.829987931176,94.8780434267858,-782.300368691163));
#9313=CARTESIAN_POINT('Ctrl Pts',(566.823244804443,96.3729860817359,-786.563065100662));
#9314=CARTESIAN_POINT('Ctrl Pts',(569.22395088193,98.1735156398517,-789.431379337428));
#9315=CARTESIAN_POINT('Ctrl Pts',(572.418436983779,100.569380216238,-791.82568131824));
#9316=CARTESIAN_POINT('Ctrl Pts',(577.516065375467,104.392601510004,-794.230497017396));
#9317=CARTESIAN_POINT('Ctrl Pts',(582.000603692043,107.756005247436,-795.));
#9318=CARTESIAN_POINT('Ctrl Pts',(584.992596695462,110.,-795.));
#9319=CARTESIAN_POINT('',(584.992596695462,110.,-795.));
#9320=CARTESIAN_POINT('Origin',(584.992596695462,110.,-780.));
#9321=CARTESIAN_POINT('',(569.992596695462,90.,-780.));
#9322=CARTESIAN_POINT('Origin',(584.992596695462,110.,-780.));
#9323=CARTESIAN_POINT('Origin',(584.992596695462,110.,-780.));
#9324=CARTESIAN_POINT('Origin',(599.992596695462,110.,-780.));
#9325=CARTESIAN_POINT('Origin',(599.992596695462,110.,-780.));
#9326=CARTESIAN_POINT('Origin',(584.992596695462,110.,-780.));
#9327=CARTESIAN_POINT('',(599.992596695462,110.,-765.));
#9328=CARTESIAN_POINT('',(599.992596695462,110.,-765.));
#9329=CARTESIAN_POINT('',(599.992596695462,110.,-765.));
#9330=CARTESIAN_POINT('',(599.992596695462,110.,-765.));
#9331=CARTESIAN_POINT('Origin',(104.992596695461,15.,-780.));
#9332=CARTESIAN_POINT('',(118.221353250784,10.,-795.));
#9333=CARTESIAN_POINT('',(114.914164111954,15.,-791.25));
#9334=CARTESIAN_POINT('Origin',(118.221353250784,15.,-795.));
#9335=CARTESIAN_POINT('',(114.914164111954,15.,-768.75));
#9336=CARTESIAN_POINT('Origin',(104.992596695461,15.,-780.));
#9337=CARTESIAN_POINT('',(118.221353250784,10.,-765.));
#9338=CARTESIAN_POINT('Origin',(118.221353250784,15.,-765.));
#9339=CARTESIAN_POINT('Origin',(104.992596695461,10.,-780.));
#9340=CARTESIAN_POINT('Ctrl Pts',(118.221353250784,10.,-765.));
#9341=CARTESIAN_POINT('Ctrl Pts',(116.011432892102,10.,-764.025516718945));
#9342=CARTESIAN_POINT('Ctrl Pts',(111.436360538043,9.52070922285389,-762.770975290511));
#9343=CARTESIAN_POINT('Ctrl Pts',(106.260223765928,9.30671071960705,-762.459169835788));
#9344=CARTESIAN_POINT('Ctrl Pts',(104.053596695461,9.33647510734771,-762.51102759289));
#9345=CARTESIAN_POINT('Ctrl Pts',(117.726598912566,10.,-765.560998688141));
#9346=CARTESIAN_POINT('Ctrl Pts',(115.645505675845,10.1096361419399,-764.60729026012));
#9347=CARTESIAN_POINT('Ctrl Pts',(111.254854340401,9.7624771634779,-763.238955581474));
#9348=CARTESIAN_POINT('Ctrl Pts',(106.223522742742,9.55870008176769,-762.886184061204));
#9349=CARTESIAN_POINT('Ctrl Pts',(104.08066345656,9.58509646728507,-762.944194443372));
#9350=CARTESIAN_POINT('Ctrl Pts',(116.739310573609,10.3424422950587,-766.680478438367));
#9351=CARTESIAN_POINT('Ctrl Pts',(114.914994299933,10.6057304104935,-765.701760326028));
#9352=CARTESIAN_POINT('Ctrl Pts',(110.892152475734,10.3968409901207,-764.091035536847));
#9353=CARTESIAN_POINT('Ctrl Pts',(106.150142246356,10.1892855306872,-763.664879595293));
#9354=CARTESIAN_POINT('Ctrl Pts',(104.134768924555,10.213626336311,-763.734577420402));
#9355=CARTESIAN_POINT('Ctrl Pts',(115.348481975988,12.0151595365785,-768.257529832205));
#9356=CARTESIAN_POINT('Ctrl Pts',(113.823285262952,12.2904915758606,-767.08158618122));
#9357=CARTESIAN_POINT('Ctrl Pts',(110.306504992802,11.9208788972423,-765.153850952469));
#9358=CARTESIAN_POINT('Ctrl Pts',(106.033426886218,11.6393713624106,-764.649545672309));
#9359=CARTESIAN_POINT('Ctrl Pts',(104.221062492059,11.6739302063472,-764.732380127543));
#9360=CARTESIAN_POINT('Ctrl Pts',(114.914164111954,13.8780026237179,-768.75));
#9361=CARTESIAN_POINT('Ctrl Pts',(113.367446644018,13.9831463480481,-767.38302164608));
#9362=CARTESIAN_POINT('Ctrl Pts',(109.975995592884,13.2461776908241,-765.432428518931));
#9363=CARTESIAN_POINT('Ctrl Pts',(105.9700377539,12.8728268964035,-764.93519583633));
#9364=CARTESIAN_POINT('Ctrl Pts',(104.26815845635,12.9229544591661,-765.017490273552));
#9365=CARTESIAN_POINT('Ctrl Pts',(114.914164111954,15.,-768.75));
#9366=CARTESIAN_POINT('Ctrl Pts',(113.256723842943,15.,-767.288275078417));
#9367=CARTESIAN_POINT('Ctrl Pts',(109.825419577398,14.0414184457078,-765.406462935767));
#9368=CARTESIAN_POINT('Ctrl Pts',(105.943316998311,13.6134214392141,-764.938754753682));
#9369=CARTESIAN_POINT('Ctrl Pts',(104.288346695461,13.6729502146954,-765.016541389335));
#9370=CARTESIAN_POINT('',(104.288346695461,13.6729502146954,-765.016541389335));
#9371=CARTESIAN_POINT('',(104.053596695461,9.33647510734771,-762.51102759289));
#9372=CARTESIAN_POINT('Origin',(104.053596695461,13.6729502146954,-760.02205518578));
#9373=CARTESIAN_POINT('Ctrl Pts',(104.053596695461,9.33647510734771,-762.51102759289));
#9374=CARTESIAN_POINT('Ctrl Pts',(106.260223765928,9.30671071960705,-762.459169835788));
#9375=CARTESIAN_POINT('Ctrl Pts',(111.436360538043,9.52070922285389,-762.770975290511));
#9376=CARTESIAN_POINT('Ctrl Pts',(116.011432892102,10.,-764.025516718945));
#9377=CARTESIAN_POINT('Ctrl Pts',(118.221353250784,10.,-765.));
#9378=CARTESIAN_POINT('Ctrl Pts',(114.914164111954,15.,-768.75));
#9379=CARTESIAN_POINT('Ctrl Pts',(113.256723842943,15.,-767.288275078417));
#9380=CARTESIAN_POINT('Ctrl Pts',(109.825419577398,14.0414184457078,-765.406462935767));
#9381=CARTESIAN_POINT('Ctrl Pts',(105.943316998311,13.6134214392141,-764.938754753682));
#9382=CARTESIAN_POINT('Ctrl Pts',(104.288346695461,13.6729502146954,-765.016541389335));
#9383=CARTESIAN_POINT('Origin',(104.992596695461,15.,-780.));
#9384=CARTESIAN_POINT('',(92.7949749839661,10.,-764.150141180968));
#9385=CARTESIAN_POINT('',(95.8443804118399,15.,-768.112605885726));
#9386=CARTESIAN_POINT('Origin',(92.7949749839661,15.,-764.150141180968));
#9387=CARTESIAN_POINT('',(89.9925966954615,15.,-780.));
#9388=CARTESIAN_POINT('Origin',(104.992596695461,15.,-780.));
#9389=CARTESIAN_POINT('',(94.4070370898149,15.,-790.627602167719));
#9390=CARTESIAN_POINT('Origin',(104.992596695461,15.,-780.));
#9391=CARTESIAN_POINT('',(90.878517221266,10.,-794.170136223625));
#9392=CARTESIAN_POINT('Origin',(90.878517221266,15.,-794.170136223625));
#9393=CARTESIAN_POINT('Origin',(104.992596695461,10.,-780.));
#9394=CARTESIAN_POINT('Ctrl Pts',(104.053596695461,9.3364751073477,-762.51102759289));
#9395=CARTESIAN_POINT('Ctrl Pts',(101.638381458751,9.36793481229565,-762.565839059261));
#9396=CARTESIAN_POINT('Ctrl Pts',(97.5164301709057,9.71875932401431,-762.90243170683));
#9397=CARTESIAN_POINT('Ctrl Pts',(94.0883405229242,10.,-763.706929058062));
#9398=CARTESIAN_POINT('Ctrl Pts',(92.7949749839661,10.,-764.150141180968));
#9399=CARTESIAN_POINT('Ctrl Pts',(104.08066345656,9.58509646728506,-762.944194443372));
#9400=CARTESIAN_POINT('Ctrl Pts',(101.737607668887,9.61269115372293,-763.00588018425));
#9401=CARTESIAN_POINT('Ctrl Pts',(97.7394890005605,9.92663521427772,-763.428434295997));
#9402=CARTESIAN_POINT('Ctrl Pts',(94.4670997857631,10.065637559819,-764.306699295564));
#9403=CARTESIAN_POINT('Ctrl Pts',(93.2511649692054,10.,-764.742924514614));
#9404=CARTESIAN_POINT('Ctrl Pts',(104.134768928158,10.2136263024093,-763.734577516516));
#9405=CARTESIAN_POINT('Ctrl Pts',(101.938494993559,10.2386651767399,-763.809226863421));
#9406=CARTESIAN_POINT('Ctrl Pts',(98.1935218477144,10.5329083000547,-764.390035920769));
#9407=CARTESIAN_POINT('Ctrl Pts',(95.2296048161975,10.5000688249077,-765.460893888247));
#9408=CARTESIAN_POINT('Ctrl Pts',(94.1614979278237,10.3424420686145,-765.925831249524));
#9409=CARTESIAN_POINT('Ctrl Pts',(104.221062499672,11.6739301594852,-764.732380316427));
#9410=CARTESIAN_POINT('Ctrl Pts',(102.267294074173,11.7097807731802,-764.821227500656));
#9411=CARTESIAN_POINT('Ctrl Pts',(98.940405695846,12.1255882255376,-765.573274530024));
#9412=CARTESIAN_POINT('Ctrl Pts',(96.3609785014575,12.1799964842369,-766.982328135783));
#9413=CARTESIAN_POINT('Ctrl Pts',(95.4439166354531,12.015159206322,-767.592234417582));
#9414=CARTESIAN_POINT('Ctrl Pts',(104.26815845635,12.9229544591661,-765.017490273552));
#9415=CARTESIAN_POINT('Ctrl Pts',(102.455026469996,12.9756814147553,-765.105149030601));
#9416=CARTESIAN_POINT('Ctrl Pts',(99.3585744911032,13.5705781647951,-765.843011379312));
#9417=CARTESIAN_POINT('Ctrl Pts',(96.8030961140474,13.940950638608,-767.373160174656));
#9418=CARTESIAN_POINT('Ctrl Pts',(95.8443804118399,13.878002623718,-768.112605885726));
#9419=CARTESIAN_POINT('Ctrl Pts',(104.288346695461,13.6729502146954,-765.016541389335));
#9420=CARTESIAN_POINT('Ctrl Pts',(102.539112749214,13.7358696245913,-765.098758588892));
#9421=CARTESIAN_POINT('Ctrl Pts',(99.5406843579217,14.4375186480286,-765.777587680756));
#9422=CARTESIAN_POINT('Ctrl Pts',(96.8855977171178,15.,-767.311313271435));
#9423=CARTESIAN_POINT('Ctrl Pts',(95.8443804118399,15.,-768.112605885726));
#9424=CARTESIAN_POINT('Ctrl Pts',(92.7949749839661,10.,-764.150141180968));
#9425=CARTESIAN_POINT('Ctrl Pts',(94.0883405229242,10.,-763.706929058062));
#9426=CARTESIAN_POINT('Ctrl Pts',(97.5164301709057,9.71875932401431,-762.90243170683));
#9427=CARTESIAN_POINT('Ctrl Pts',(101.638381458751,9.36793481229565,-762.565839059261));
#9428=CARTESIAN_POINT('Ctrl Pts',(104.053596695461,9.3364751073477,-762.51102759289));
#9429=CARTESIAN_POINT('Ctrl Pts',(104.288346695461,13.6729502146954,-765.016541389335));
#9430=CARTESIAN_POINT('Ctrl Pts',(102.539112749214,13.7358696245913,-765.098758588892));
#9431=CARTESIAN_POINT('Ctrl Pts',(99.5406843579217,14.4375186480286,-765.777587680756));
#9432=CARTESIAN_POINT('Ctrl Pts',(96.8855977171178,15.,-767.311313271435));
#9433=CARTESIAN_POINT('Ctrl Pts',(95.8443804118399,15.,-768.112605885726));
#9434=CARTESIAN_POINT('Ctrl Pts',(90.8785172212658,10.,-794.170136223625));
#9435=CARTESIAN_POINT('Ctrl Pts',(92.4573473686065,10.,-795.021025024697));
#9436=CARTESIAN_POINT('Ctrl Pts',(96.5666558825624,9.71328906057486,-796.689816888123));
#9437=CARTESIAN_POINT('Ctrl Pts',(101.302711690353,9.37443999651398,-797.422827119057));
#9438=CARTESIAN_POINT('Ctrl Pts',(104.053596695461,9.3364751073477,-797.48897240711));
#9439=CARTESIAN_POINT('Ctrl Pts',(91.4063825592219,9.99999999999998,-793.640174368143));
#9440=CARTESIAN_POINT('Ctrl Pts',(92.8947445288811,10.0767036680541,-794.469709530881));
#9441=CARTESIAN_POINT('Ctrl Pts',(96.8111735909003,9.92842567621665,-796.184532053539));
#9442=CARTESIAN_POINT('Ctrl Pts',(101.407458136724,9.61899990819539,-796.982097726752));
#9443=CARTESIAN_POINT('Ctrl Pts',(104.08066345656,9.58509646728507,-797.055805556628));
#9444=CARTESIAN_POINT('Ctrl Pts',(92.459743987053,10.3424425349324,-792.582629315178));
#9445=CARTESIAN_POINT('Ctrl Pts',(93.7622304470731,10.52664423933,-793.413258018268));
#9446=CARTESIAN_POINT('Ctrl Pts',(97.2932085239138,10.5433080658289,-795.261235333555));
#9447=CARTESIAN_POINT('Ctrl Pts',(101.614927015372,10.2452022847207,-796.177276408763));
#9448=CARTESIAN_POINT('Ctrl Pts',(104.134768920738,10.2136263722228,-796.26542268142));
#9449=CARTESIAN_POINT('Ctrl Pts',(93.9436522168392,12.0151598864125,-791.092827461797));
#9450=CARTESIAN_POINT('Ctrl Pts',(95.0116864055639,12.2077877641549,-792.031362688665));
#9451=CARTESIAN_POINT('Ctrl Pts',(98.0365085432246,12.1337282555626,-794.124491832555));
#9452=CARTESIAN_POINT('Ctrl Pts',(101.9386986008,11.7185304260601,-795.162958316971));
#9453=CARTESIAN_POINT('Ctrl Pts',(104.221062483994,11.6739302559874,-795.26762007253));
#9454=CARTESIAN_POINT('Ctrl Pts',(94.4070370898147,13.8780026237179,-790.627602167719));
#9455=CARTESIAN_POINT('Ctrl Pts',(95.4659738618275,13.951563305317,-791.684498835467));
#9456=CARTESIAN_POINT('Ctrl Pts',(98.40807694881,13.5668217621175,-793.862886297485));
#9457=CARTESIAN_POINT('Ctrl Pts',(102.108388387024,12.9870893787826,-794.87806220187));
#9458=CARTESIAN_POINT('Ctrl Pts',(104.26815845635,12.9229544591661,-794.982509726447));
#9459=CARTESIAN_POINT('Ctrl Pts',(94.4070370898147,15.,-790.627602167719));
#9460=CARTESIAN_POINT('Ctrl Pts',(95.5303607510096,15.,-791.746481985043));
#9461=CARTESIAN_POINT('Ctrl Pts',(98.5513647404923,14.4265781211497,-793.923810780298));
#9462=CARTESIAN_POINT('Ctrl Pts',(102.17740913247,13.748879993028,-794.884240678586));
#9463=CARTESIAN_POINT('Ctrl Pts',(104.288346695462,13.6729502146954,-794.983458610665));
#9464=CARTESIAN_POINT('',(104.288346695462,13.6729502146954,-794.983458610665));
#9465=CARTESIAN_POINT('',(104.053596695461,9.3364751073477,-797.48897240711));
#9466=CARTESIAN_POINT('Origin',(104.053596695462,13.6729502146954,-799.977944814219));
#9467=CARTESIAN_POINT('Ctrl Pts',(104.053596695461,9.3364751073477,-797.48897240711));
#9468=CARTESIAN_POINT('Ctrl Pts',(101.302711690353,9.37443999651398,-797.422827119057));
#9469=CARTESIAN_POINT('Ctrl Pts',(96.5666558825624,9.71328906057486,-796.689816888123));
#9470=CARTESIAN_POINT('Ctrl Pts',(92.4573473686065,10.,-795.021025024697));
#9471=CARTESIAN_POINT('Ctrl Pts',(90.8785172212658,10.,-794.170136223625));
#9472=CARTESIAN_POINT('Ctrl Pts',(94.4070370898147,15.,-790.627602167719));
#9473=CARTESIAN_POINT('Ctrl Pts',(95.5303607510096,15.,-791.746481985043));
#9474=CARTESIAN_POINT('Ctrl Pts',(98.5513647404923,14.4265781211497,-793.923810780298));
#9475=CARTESIAN_POINT('Ctrl Pts',(102.17740913247,13.748879993028,-794.884240678586));
#9476=CARTESIAN_POINT('Ctrl Pts',(104.288346695462,13.6729502146954,-794.983458610665));
#9477=CARTESIAN_POINT('Ctrl Pts',(104.053596695462,9.33647510734768,-797.48897240711));
#9478=CARTESIAN_POINT('Ctrl Pts',(106.260151881906,9.30671168922441,-797.540828474872));
#9479=CARTESIAN_POINT('Ctrl Pts',(111.436575075043,9.52076362703168,-797.228900260683));
#9480=CARTESIAN_POINT('Ctrl Pts',(116.011560174021,10.,-795.974427155004));
#9481=CARTESIAN_POINT('Ctrl Pts',(118.221353250784,10.,-795.));
#9482=CARTESIAN_POINT('Ctrl Pts',(104.080663456561,9.58509646728504,-797.055805556628));
#9483=CARTESIAN_POINT('Ctrl Pts',(106.223452936047,9.55870094166757,-797.113814049025));
#9484=CARTESIAN_POINT('Ctrl Pts',(111.255058237927,9.76252041756319,-796.760908077804));
#9485=CARTESIAN_POINT('Ctrl Pts',(115.645625537875,10.1096298273691,-795.392654810372));
#9486=CARTESIAN_POINT('Ctrl Pts',(117.726598912566,10.,-794.439001311859));
#9487=CARTESIAN_POINT('Ctrl Pts',(104.134768917456,10.2136264031059,-796.265422768993));
#9488=CARTESIAN_POINT('Ctrl Pts',(106.150076585598,10.1892863904186,-796.335118323596));
#9489=CARTESIAN_POINT('Ctrl Pts',(110.89233569835,10.3968734946219,-795.908804395062));
#9490=CARTESIAN_POINT('Ctrl Pts',(114.915099924435,10.6057156923899,-794.298183929608));
#9491=CARTESIAN_POINT('Ctrl Pts',(116.739311125332,10.3424427412195,-793.319522187228));
#9492=CARTESIAN_POINT('Ctrl Pts',(104.22106247706,11.6739302986763,-795.26762024458));
#9493=CARTESIAN_POINT('Ctrl Pts',(106.033367830865,11.6393725805434,-795.350452001365));
#9494=CARTESIAN_POINT('Ctrl Pts',(110.306660837237,11.9209295808352,-794.845957779907));
#9495=CARTESIAN_POINT('Ctrl Pts',(113.823374270799,12.2904763685955,-792.918347408276));
#9496=CARTESIAN_POINT('Ctrl Pts',(115.348483139058,12.0151601872561,-791.742471486592));
#9497=CARTESIAN_POINT('Ctrl Pts',(104.268158456351,12.9229544591661,-794.982509726447));
#9498=CARTESIAN_POINT('Ctrl Pts',(105.969982312756,12.8728285293803,-795.064801482811));
#9499=CARTESIAN_POINT('Ctrl Pts',(109.976151053693,13.2462651694574,-794.567378690496));
#9500=CARTESIAN_POINT('Ctrl Pts',(113.367535728297,13.9831402922213,-792.616899621841));
#9501=CARTESIAN_POINT('Ctrl Pts',(114.914164111954,13.8780026237179,-791.25));
#9502=CARTESIAN_POINT('Ctrl Pts',(104.288346695462,13.6729502146954,-794.983458610665));
#9503=CARTESIAN_POINT('Ctrl Pts',(105.943263085294,13.6134233784489,-795.061242712308));
#9504=CARTESIAN_POINT('Ctrl Pts',(109.825580480148,14.0415272540633,-794.593350391023));
#9505=CARTESIAN_POINT('Ctrl Pts',(113.25681930438,15.,-792.711640732508));
#9506=CARTESIAN_POINT('Ctrl Pts',(114.914164111954,15.,-791.25));
#9507=CARTESIAN_POINT('Ctrl Pts',(118.221353250784,10.,-795.));
#9508=CARTESIAN_POINT('Ctrl Pts',(116.011560174021,10.,-795.974427155004));
#9509=CARTESIAN_POINT('Ctrl Pts',(111.436575075043,9.52076362703168,-797.228900260683));
#9510=CARTESIAN_POINT('Ctrl Pts',(106.260151881906,9.30671168922441,-797.540828474872));
#9511=CARTESIAN_POINT('Ctrl Pts',(104.053596695462,9.33647510734768,-797.48897240711));
#9512=CARTESIAN_POINT('Ctrl Pts',(104.288346695462,13.6729502146954,-794.983458610665));
#9513=CARTESIAN_POINT('Ctrl Pts',(105.943263085294,13.6134233784489,-795.061242712308));
#9514=CARTESIAN_POINT('Ctrl Pts',(109.825580480148,14.0415272540633,-794.593350391023));
#9515=CARTESIAN_POINT('Ctrl Pts',(113.25681930438,15.,-792.711640732508));
#9516=CARTESIAN_POINT('Ctrl Pts',(114.914164111954,15.,-791.25));
#9517=CARTESIAN_POINT('Origin',(200.538346695461,5.,-765.));
#9518=CARTESIAN_POINT('',(104.053596695461,5.,-760.));
#9519=CARTESIAN_POINT('Origin',(104.053596695461,5.,-765.));
#9520=CARTESIAN_POINT('',(599.992596695462,5.,-760.));
#9521=CARTESIAN_POINT('',(200.538346695461,5.,-760.));
#9522=CARTESIAN_POINT('',(594.992596695462,10.,-765.));
#9523=CARTESIAN_POINT('Origin',(594.992596695462,5.,-765.));
#9524=CARTESIAN_POINT('',(584.992596695462,10.,-765.));
#9525=CARTESIAN_POINT('',(200.538346695461,10.,-765.));
#9526=CARTESIAN_POINT('',(478.221353250784,10.,-765.));
#9527=CARTESIAN_POINT('',(200.538346695461,10.,-765.));
#9528=CARTESIAN_POINT('',(451.763840140139,10.,-765.));
#9529=CARTESIAN_POINT('Ctrl Pts',(451.763840140139,10.,-765.));
#9530=CARTESIAN_POINT('Ctrl Pts',(452.801667325277,9.99999999999998,-764.542361227377));
#9531=CARTESIAN_POINT('Ctrl Pts',(455.063796394605,9.8760116407204,-763.7379842374));
#9532=CARTESIAN_POINT('Ctrl Pts',(458.841474811147,9.55913701873151,-762.911225830312));
#9533=CARTESIAN_POINT('Ctrl Pts',(462.901387141907,9.32184516449332,-762.482354729188));
#9534=CARTESIAN_POINT('Ctrl Pts',(468.482691266059,9.3169643877201,-762.483180122016));
#9535=CARTESIAN_POINT('Ctrl Pts',(473.797568728127,9.80900594978065,-763.337208716591));
#9536=CARTESIAN_POINT('Ctrl Pts',(477.183526065646,10.,-764.542361227377));
#9537=CARTESIAN_POINT('Ctrl Pts',(478.221353250784,10.,-765.));
#9538=CARTESIAN_POINT('',(358.221353250784,10.,-765.));
#9539=CARTESIAN_POINT('',(200.538346695461,10.,-765.));
#9540=CARTESIAN_POINT('',(331.763840140139,10.,-765.));
#9541=CARTESIAN_POINT('Ctrl Pts',(331.763840140138,10.,-765.));
#9542=CARTESIAN_POINT('Ctrl Pts',(332.801667318766,10.,-764.542361230248));
#9543=CARTESIAN_POINT('Ctrl Pts',(335.064491395474,9.8761798556152,-763.738230604813));
#9544=CARTESIAN_POINT('Ctrl Pts',(338.841912205683,9.56025278304491,-762.911543276718));
#9545=CARTESIAN_POINT('Ctrl Pts',(342.903539912805,9.32173064651676,-762.483018900262));
#9546=CARTESIAN_POINT('Ctrl Pts',(347.087393639747,9.32160216205549,-762.483531256814));
#9547=CARTESIAN_POINT('Ctrl Pts',(352.497448554353,9.63933516102604,-763.053834376613));
#9548=CARTESIAN_POINT('Ctrl Pts',(356.14569889353,10.,-764.084722460496));
#9549=CARTESIAN_POINT('Ctrl Pts',(358.221353250784,10.,-765.));
#9550=CARTESIAN_POINT('',(238.221353250784,10.,-765.));
#9551=CARTESIAN_POINT('',(200.538346695461,10.,-765.));
#9552=CARTESIAN_POINT('',(211.763840140139,10.,-765.));
#9553=CARTESIAN_POINT('Ctrl Pts',(211.763840140139,10.,-765.));
#9554=CARTESIAN_POINT('Ctrl Pts',(212.80166729193,10.,-764.542361242081));
#9555=CARTESIAN_POINT('Ctrl Pts',(215.063788976697,9.87601108539638,-763.737977489578));
#9556=CARTESIAN_POINT('Ctrl Pts',(218.841464731588,9.55913606912556,-762.911218575892));
#9557=CARTESIAN_POINT('Ctrl Pts',(222.901370623434,9.32184408019834,-762.482343759261));
#9558=CARTESIAN_POINT('Ctrl Pts',(228.482679836355,9.3169632416044,-762.483172317332));
#9559=CARTESIAN_POINT('Ctrl Pts',(233.797556930417,9.80900625321287,-763.337201693915));
#9560=CARTESIAN_POINT('Ctrl Pts',(237.183526098993,10.,-764.542361242081));
#9561=CARTESIAN_POINT('Ctrl Pts',(238.221353250784,10.,-765.));
#9562=CARTESIAN_POINT('',(200.538346695461,10.,-765.));
#9563=CARTESIAN_POINT('Origin',(104.053596695461,5.,-690.));
#9564=CARTESIAN_POINT('',(30.0258189176837,10.,-702.036948005369));
#9565=CARTESIAN_POINT('Origin',(104.053596695461,10.,-690.));
#9566=CARTESIAN_POINT('',(31.5535966954615,9.33012701892219,-690.));
#9567=CARTESIAN_POINT('Ctrl Pts',(31.5535966954615,9.33012701892219,-690.));
#9568=CARTESIAN_POINT('Ctrl Pts',(31.5535966954615,9.33012701892218,-691.28247863448));
#9569=CARTESIAN_POINT('Ctrl Pts',(31.4731810762296,9.42236574090723,-693.845186858164));
#9570=CARTESIAN_POINT('Ctrl Pts',(31.0545643070527,9.77796336953294,-698.035902017141));
#9571=CARTESIAN_POINT('Ctrl Pts',(30.4816235517017,10.,-700.661369888742));
#9572=CARTESIAN_POINT('Ctrl Pts',(30.0258189176837,10.,-702.036948005369));
#9573=CARTESIAN_POINT('',(34.0535966954615,5.,-690.));
#9574=CARTESIAN_POINT('Origin',(29.0535966954615,5.,-690.));
#9575=CARTESIAN_POINT('Origin',(104.053596695461,5.,-690.));
#9576=CARTESIAN_POINT('Origin',(297.023096695461,10.,0.));
#9577=CARTESIAN_POINT('',(0.0258189176836643,10.,-704.255576123653));
#9578=CARTESIAN_POINT('Origin',(104.053596695461,10.,-690.));
#9579=CARTESIAN_POINT('Origin',(14.0535966954615,10.,-690.));
#9580=CARTESIAN_POINT('Origin',(104.992596695461,10.,-780.));
#9581=CARTESIAN_POINT('',(89.9925966954615,10.,-780.));
#9582=CARTESIAN_POINT('Origin',(464.992596695461,15.,-780.));
#9583=CARTESIAN_POINT('',(455.071029278969,15.,-768.75));
#9584=CARTESIAN_POINT('Origin',(451.763840140139,15.,-765.));
#9585=CARTESIAN_POINT('',(449.992596695461,15.,-780.));
#9586=CARTESIAN_POINT('Origin',(464.992596695461,15.,-780.));
#9587=CARTESIAN_POINT('',(455.071029278969,15.,-791.25));
#9588=CARTESIAN_POINT('Origin',(464.992596695461,15.,-780.));
#9589=CARTESIAN_POINT('',(451.763840140139,10.,-795.));
#9590=CARTESIAN_POINT('Origin',(451.763840140139,15.,-795.));
#9591=CARTESIAN_POINT('Origin',(464.992596695461,10.,-780.));
#9592=CARTESIAN_POINT('Origin',(464.992596695461,15.,-780.));
#9593=CARTESIAN_POINT('',(478.221353250784,10.,-795.));
#9594=CARTESIAN_POINT('',(474.914164111954,15.,-791.25));
#9595=CARTESIAN_POINT('Origin',(478.221353250784,15.,-795.));
#9596=CARTESIAN_POINT('',(474.914164111954,15.,-768.75));
#9597=CARTESIAN_POINT('Origin',(464.992596695461,15.,-780.));
#9598=CARTESIAN_POINT('Origin',(478.221353250784,15.,-765.));
#9599=CARTESIAN_POINT('Origin',(464.992596695461,10.,-780.));
#9600=CARTESIAN_POINT('Ctrl Pts',(451.763840140139,9.99999999999999,-795.));
#9601=CARTESIAN_POINT('Ctrl Pts',(452.801667325277,9.99999999999999,-795.457638772623));
#9602=CARTESIAN_POINT('Ctrl Pts',(455.063510828334,9.87601824294165,-796.26198279161));
#9603=CARTESIAN_POINT('Ctrl Pts',(458.841254386405,9.55916553228581,-797.08867297724));
#9604=CARTESIAN_POINT('Ctrl Pts',(462.900165290126,9.32188782167601,-797.517561077922));
#9605=CARTESIAN_POINT('Ctrl Pts',(468.481872074611,9.31694032010122,-797.516848709418));
#9606=CARTESIAN_POINT('Ctrl Pts',(473.797390689633,9.80900854649583,-796.662837804274));
#9607=CARTESIAN_POINT('Ctrl Pts',(477.183526065646,10.,-795.457638772623));
#9608=CARTESIAN_POINT('Ctrl Pts',(478.221353250784,10.,-795.));
#9609=CARTESIAN_POINT('Ctrl Pts',(452.258594478357,9.99999999999999,-794.439001311859));
#9610=CARTESIAN_POINT('Ctrl Pts',(453.235921614781,10.0514875425858,-794.886883756766));
#9611=CARTESIAN_POINT('Ctrl Pts',(455.385442754812,10.0208597971375,-795.712425372815));
#9612=CARTESIAN_POINT('Ctrl Pts',(459.023607150772,9.78134938242349,-796.609600134226));
#9613=CARTESIAN_POINT('Ctrl Pts',(462.959303594135,9.57290837522495,-797.087347518545));
#9614=CARTESIAN_POINT('Ctrl Pts',(468.383229815235,9.56823788862278,-797.089268171187));
#9615=CARTESIAN_POINT('Ctrl Pts',(473.531478845159,10.0011109079021,-796.12714348333));
#9616=CARTESIAN_POINT('Ctrl Pts',(476.749271776142,10.0514875425858,-794.886883756766));
#9617=CARTESIAN_POINT('Ctrl Pts',(477.726598912566,10.,-794.439001311859));
#9618=CARTESIAN_POINT('Ctrl Pts',(453.245876563638,10.3424473471053,-793.319528652636));
#9619=CARTESIAN_POINT('Ctrl Pts',(454.102615593021,10.4660932344552,-793.779156195132));
#9620=CARTESIAN_POINT('Ctrl Pts',(456.02832419532,10.5539261500063,-794.684271637288));
#9621=CARTESIAN_POINT('Ctrl Pts',(459.387820701104,10.3920865113513,-795.731905363206));
#9622=CARTESIAN_POINT('Ctrl Pts',(463.077400143353,10.2028410102294,-796.303444183229));
#9623=CARTESIAN_POINT('Ctrl Pts',(468.186058377024,10.1977344249048,-796.309374818309));
#9624=CARTESIAN_POINT('Ctrl Pts',(473.000296960377,10.5932356920954,-795.143796264926));
#9625=CARTESIAN_POINT('Ctrl Pts',(475.882577797903,10.4660932344553,-793.779156195131));
#9626=CARTESIAN_POINT('Ctrl Pts',(476.739316827286,10.3424473471053,-793.319528652636));
#9627=CARTESIAN_POINT('Ctrl Pts',(454.636698253551,12.0151669026053,-791.742485091402));
#9628=CARTESIAN_POINT('Ctrl Pts',(455.352964161168,12.1444688813775,-792.294734082815));
#9629=CARTESIAN_POINT('Ctrl Pts',(456.998597821235,12.1969531838645,-793.381534088077));
#9630=CARTESIAN_POINT('Ctrl Pts',(459.961915116802,11.9283361441659,-794.632372790294));
#9631=CARTESIAN_POINT('Ctrl Pts',(463.267944400582,11.6578595504846,-795.311941600055));
#9632=CARTESIAN_POINT('Ctrl Pts',(467.868822207873,11.6506296100464,-795.318921757184));
#9633=CARTESIAN_POINT('Ctrl Pts',(472.169850834433,12.2163084590213,-793.933173990783));
#9634=CARTESIAN_POINT('Ctrl Pts',(474.632229229756,12.1444688813775,-792.294734082814));
#9635=CARTESIAN_POINT('Ctrl Pts',(475.348495137372,12.0151669026054,-791.742485091402));
#9636=CARTESIAN_POINT('Ctrl Pts',(455.071029278969,13.8780026237179,-791.25));
#9637=CARTESIAN_POINT('Ctrl Pts',(455.797401806218,13.9273804282292,-791.891963087775));
#9638=CARTESIAN_POINT('Ctrl Pts',(457.425122781009,13.7933777971236,-793.073879042328));
#9639=CARTESIAN_POINT('Ctrl Pts',(460.259278339087,13.2974790215838,-794.352004187083));
#9640=CARTESIAN_POINT('Ctrl Pts',(463.374381853121,12.8997274058607,-795.029866740886));
#9641=CARTESIAN_POINT('Ctrl Pts',(467.690373782774,12.8908351058117,-795.032553181277));
#9642=CARTESIAN_POINT('Ctrl Pts',(471.752539093442,13.7175341872197,-793.667610617196));
#9643=CARTESIAN_POINT('Ctrl Pts',(474.187791584706,13.9273804282293,-791.891963087773));
#9644=CARTESIAN_POINT('Ctrl Pts',(474.914164111954,13.8780026237179,-791.25));
#9645=CARTESIAN_POINT('Ctrl Pts',(455.071029278969,15.,-791.25));
#9646=CARTESIAN_POINT('Ctrl Pts',(455.849399667824,15.,-791.936458158935));
#9647=CARTESIAN_POINT('Ctrl Pts',(457.545782295116,14.7520364858834,-793.142974187414));
#9648=CARTESIAN_POINT('Ctrl Pts',(460.37908996367,14.1183310645716,-794.38300946586));
#9649=CARTESIAN_POINT('Ctrl Pts',(463.42327314146,13.6437756433521,-795.026341616883));
#9650=CARTESIAN_POINT('Ctrl Pts',(467.609553229825,13.6338806402025,-795.025273064127));
#9651=CARTESIAN_POINT('Ctrl Pts',(471.59619219109,14.6180170929917,-793.744256706411));
#9652=CARTESIAN_POINT('Ctrl Pts',(474.135793723101,15.,-791.936458158934));
#9653=CARTESIAN_POINT('Ctrl Pts',(474.914164111954,15.,-791.25));
#9654=CARTESIAN_POINT('Ctrl Pts',(478.221353250784,10.,-795.));
#9655=CARTESIAN_POINT('Ctrl Pts',(477.183526065646,10.,-795.457638772623));
#9656=CARTESIAN_POINT('Ctrl Pts',(473.797390689633,9.80900854649583,-796.662837804274));
#9657=CARTESIAN_POINT('Ctrl Pts',(468.481872074611,9.31694032010122,-797.516848709418));
#9658=CARTESIAN_POINT('Ctrl Pts',(462.900165290126,9.32188782167601,-797.517561077922));
#9659=CARTESIAN_POINT('Ctrl Pts',(458.841254386405,9.55916553228581,-797.08867297724));
#9660=CARTESIAN_POINT('Ctrl Pts',(455.063510828334,9.87601824294165,-796.26198279161));
#9661=CARTESIAN_POINT('Ctrl Pts',(452.801667325277,9.99999999999999,-795.457638772623));
#9662=CARTESIAN_POINT('Ctrl Pts',(451.763840140139,9.99999999999999,-795.));
#9663=CARTESIAN_POINT('Ctrl Pts',(455.071029278969,15.,-791.25));
#9664=CARTESIAN_POINT('Ctrl Pts',(455.849399667824,15.,-791.936458158935));
#9665=CARTESIAN_POINT('Ctrl Pts',(457.545782295116,14.7520364858834,-793.142974187414));
#9666=CARTESIAN_POINT('Ctrl Pts',(460.37908996367,14.1183310645716,-794.38300946586));
#9667=CARTESIAN_POINT('Ctrl Pts',(463.42327314146,13.6437756433521,-795.026341616883));
#9668=CARTESIAN_POINT('Ctrl Pts',(467.609553229825,13.6338806402025,-795.025273064127));
#9669=CARTESIAN_POINT('Ctrl Pts',(471.59619219109,14.6180170929917,-793.744256706411));
#9670=CARTESIAN_POINT('Ctrl Pts',(474.135793723101,15.,-791.936458158934));
#9671=CARTESIAN_POINT('Ctrl Pts',(474.914164111954,15.,-791.25));
#9672=CARTESIAN_POINT('Ctrl Pts',(478.221353250784,10.,-765.));
#9673=CARTESIAN_POINT('Ctrl Pts',(477.183526065646,10.,-764.542361227377));
#9674=CARTESIAN_POINT('Ctrl Pts',(473.797568728127,9.80900594978065,-763.337208716591));
#9675=CARTESIAN_POINT('Ctrl Pts',(468.482691266059,9.3169643877201,-762.483180122016));
#9676=CARTESIAN_POINT('Ctrl Pts',(462.901387141907,9.32184516449332,-762.482354729188));
#9677=CARTESIAN_POINT('Ctrl Pts',(458.841474811147,9.55913701873151,-762.911225830312));
#9678=CARTESIAN_POINT('Ctrl Pts',(455.063796394605,9.8760116407204,-763.7379842374));
#9679=CARTESIAN_POINT('Ctrl Pts',(452.801667325277,9.99999999999998,-764.542361227377));
#9680=CARTESIAN_POINT('Ctrl Pts',(451.763840140139,10.,-765.));
#9681=CARTESIAN_POINT('Ctrl Pts',(477.726598912566,10.,-765.560998688141));
#9682=CARTESIAN_POINT('Ctrl Pts',(476.749271776142,10.0514875425858,-765.113116243234));
#9683=CARTESIAN_POINT('Ctrl Pts',(473.531646369357,10.0011013132304,-763.872902364792));
#9684=CARTESIAN_POINT('Ctrl Pts',(468.384021433441,9.5682599572282,-762.910765998539));
#9685=CARTESIAN_POINT('Ctrl Pts',(462.960486985967,9.57287038946358,-762.912560168615));
#9686=CARTESIAN_POINT('Ctrl Pts',(459.023815057071,9.78133029810208,-763.390293080346));
#9687=CARTESIAN_POINT('Ctrl Pts',(455.385717854238,10.0208554645847,-764.287541151058));
#9688=CARTESIAN_POINT('Ctrl Pts',(453.235921614781,10.0514875425858,-765.113116243234));
#9689=CARTESIAN_POINT('Ctrl Pts',(452.258594478357,10.,-765.560998688141));
#9690=CARTESIAN_POINT('Ctrl Pts',(476.739316540346,10.3424471155447,-766.680471672723));
#9691=CARTESIAN_POINT('Ctrl Pts',(475.882577510964,10.4660930028947,-766.220844130228));
#9692=CARTESIAN_POINT('Ctrl Pts',(473.000443254819,10.5932172664383,-764.856253126537));
#9693=CARTESIAN_POINT('Ctrl Pts',(468.186795028217,10.1977573418529,-763.690670557087));
#9694=CARTESIAN_POINT('Ctrl Pts',(463.078507047747,10.20280767231,-763.696449615887));
#9695=CARTESIAN_POINT('Ctrl Pts',(459.388004043147,10.3920790950503,-764.267975545673));
#9696=CARTESIAN_POINT('Ctrl Pts',(456.028578895513,10.5539254270406,-765.315693936051));
#9697=CARTESIAN_POINT('Ctrl Pts',(454.10261587996,10.4660930028946,-766.220844130228));
#9698=CARTESIAN_POINT('Ctrl Pts',(453.245876850577,10.3424471155447,-766.680471672723));
#9699=CARTESIAN_POINT('Ctrl Pts',(475.348494534526,12.0151665650714,-768.257515592161));
#9700=CARTESIAN_POINT('Ctrl Pts',(474.63222862691,12.1444685438435,-767.705266600749));
#9701=CARTESIAN_POINT('Ctrl Pts',(472.169972545887,12.2162892030333,-766.066884231153));
#9702=CARTESIAN_POINT('Ctrl Pts',(467.869477223396,11.6506617766688,-764.681129954489));
#9703=CARTESIAN_POINT('Ctrl Pts',(463.26893353625,11.6578127516149,-764.687929624146));
#9704=CARTESIAN_POINT('Ctrl Pts',(459.962068280162,11.9283201617776,-765.367483169073));
#9705=CARTESIAN_POINT('Ctrl Pts',(456.998822570886,12.1969510566831,-766.61842353806));
#9706=CARTESIAN_POINT('Ctrl Pts',(455.352964764013,12.1444685438435,-767.705266600749));
#9707=CARTESIAN_POINT('Ctrl Pts',(454.636698856397,12.0151665650714,-768.257515592161));
#9708=CARTESIAN_POINT('Ctrl Pts',(474.914164111954,13.8780026237179,-768.75));
#9709=CARTESIAN_POINT('Ctrl Pts',(474.187791584706,13.9273804282292,-768.108036912226));
#9710=CARTESIAN_POINT('Ctrl Pts',(471.752662432228,13.7175218001834,-766.332459796769));
#9711=CARTESIAN_POINT('Ctrl Pts',(467.690996386426,12.890874749495,-764.967501382317));
#9712=CARTESIAN_POINT('Ctrl Pts',(463.375317734473,12.8996535940941,-764.97000972075));
#9713=CARTESIAN_POINT('Ctrl Pts',(460.259433852618,13.2974354911055,-765.647848520297));
#9714=CARTESIAN_POINT('Ctrl Pts',(457.425339063508,13.7933670870938,-766.926077419457));
#9715=CARTESIAN_POINT('Ctrl Pts',(455.797401806217,13.9273804282292,-768.108036912226));
#9716=CARTESIAN_POINT('Ctrl Pts',(455.071029278969,13.8780026237179,-768.75));
#9717=CARTESIAN_POINT('Ctrl Pts',(474.914164111954,15.,-768.75));
#9718=CARTESIAN_POINT('Ctrl Pts',(474.1357937231,15.,-768.063541841066));
#9719=CARTESIAN_POINT('Ctrl Pts',(471.596325719961,14.6180118995613,-766.255813074886));
#9720=CARTESIAN_POINT('Ctrl Pts',(467.61016762341,13.6339287754402,-764.974770183024));
#9721=CARTESIAN_POINT('Ctrl Pts',(463.424189530296,13.6436903289867,-764.973532093782));
#9722=CARTESIAN_POINT('Ctrl Pts',(460.379255282225,14.1182740374631,-765.616838745468));
#9723=CARTESIAN_POINT('Ctrl Pts',(457.54599646982,14.7520232814408,-766.856976356101));
#9724=CARTESIAN_POINT('Ctrl Pts',(455.849399667823,15.,-768.063541841065));
#9725=CARTESIAN_POINT('Ctrl Pts',(455.071029278969,15.,-768.75));
#9726=CARTESIAN_POINT('Ctrl Pts',(474.914164111954,15.,-768.75));
#9727=CARTESIAN_POINT('Ctrl Pts',(474.1357937231,15.,-768.063541841066));
#9728=CARTESIAN_POINT('Ctrl Pts',(471.596325719961,14.6180118995613,-766.255813074886));
#9729=CARTESIAN_POINT('Ctrl Pts',(467.61016762341,13.6339287754402,-764.974770183024));
#9730=CARTESIAN_POINT('Ctrl Pts',(463.424189530296,13.6436903289867,-764.973532093782));
#9731=CARTESIAN_POINT('Ctrl Pts',(460.379255282225,14.1182740374631,-765.616838745468));
#9732=CARTESIAN_POINT('Ctrl Pts',(457.54599646982,14.7520232814408,-766.856976356101));
#9733=CARTESIAN_POINT('Ctrl Pts',(455.849399667823,15.,-768.063541841065));
#9734=CARTESIAN_POINT('Ctrl Pts',(455.071029278969,15.,-768.75));
#9735=CARTESIAN_POINT('Origin',(448.507846695461,5.,-795.));
#9736=CARTESIAN_POINT('',(211.763840140139,10.,-795.));
#9737=CARTESIAN_POINT('',(448.507846695461,10.,-795.));
#9738=CARTESIAN_POINT('',(238.221353250784,10.,-795.));
#9739=CARTESIAN_POINT('Ctrl Pts',(238.221353250784,10.,-795.));
#9740=CARTESIAN_POINT('Ctrl Pts',(237.183526098993,10.,-795.457638757918));
#9741=CARTESIAN_POINT('Ctrl Pts',(234.920718374996,9.87617141267284,-796.261777923181));
#9742=CARTESIAN_POINT('Ctrl Pts',(231.143303014625,9.56024240551957,-797.088467077646));
#9743=CARTESIAN_POINT('Ctrl Pts',(227.081688436956,9.32171357854249,-797.516997730577));
#9744=CARTESIAN_POINT('Ctrl Pts',(222.897830682315,9.32158808316908,-797.51648290334));
#9745=CARTESIAN_POINT('Ctrl Pts',(217.487789672571,9.63931517918049,-796.946185450282));
#9746=CARTESIAN_POINT('Ctrl Pts',(213.839494443722,10.,-795.915277515837));
#9747=CARTESIAN_POINT('Ctrl Pts',(211.763840140139,10.,-795.));
#9748=CARTESIAN_POINT('',(331.763840140139,10.,-795.));
#9749=CARTESIAN_POINT('',(448.507846695461,10.,-795.));
#9750=CARTESIAN_POINT('',(358.221353250784,10.,-795.));
#9751=CARTESIAN_POINT('Ctrl Pts',(358.221353250784,10.,-795.));
#9752=CARTESIAN_POINT('Ctrl Pts',(357.183526072156,10.,-795.457638769752));
#9753=CARTESIAN_POINT('Ctrl Pts',(354.92139966023,9.87601144177241,-796.262018150756));
#9754=CARTESIAN_POINT('Ctrl Pts',(351.143722098863,9.559136680042,-797.088776747994));
#9755=CARTESIAN_POINT('Ctrl Pts',(347.083812264278,9.32184478447548,-797.517649152101));
#9756=CARTESIAN_POINT('Ctrl Pts',(341.502506209313,9.31696397749112,-797.516822658587));
#9757=CARTESIAN_POINT('Ctrl Pts',(336.18762880325,9.80900605479505,-796.662793762115));
#9758=CARTESIAN_POINT('Ctrl Pts',(332.801667318766,10.,-795.457638769752));
#9759=CARTESIAN_POINT('Ctrl Pts',(331.763840140139,10.,-795.));
#9760=CARTESIAN_POINT('',(448.507846695461,10.,-795.));
#9761=CARTESIAN_POINT('',(584.992596695462,10.,-795.));
#9762=CARTESIAN_POINT('',(448.507846695461,10.,-795.));
#9763=CARTESIAN_POINT('',(594.992596695462,10.,-795.));
#9764=CARTESIAN_POINT('',(448.507846695461,10.,-795.));
#9765=CARTESIAN_POINT('',(599.992596695462,5.,-800.));
#9766=CARTESIAN_POINT('Origin',(594.992596695462,5.,-795.));
#9767=CARTESIAN_POINT('',(104.053596695461,5.,-800.));
#9768=CARTESIAN_POINT('',(448.507846695461,5.,-800.));
#9769=CARTESIAN_POINT('Origin',(104.053596695461,5.,-795.));
#9770=CARTESIAN_POINT('Origin',(297.023096695461,10.,0.));
#9771=CARTESIAN_POINT('',(569.992596695462,10.,-780.));
#9772=CARTESIAN_POINT('Origin',(584.992596695462,10.,-780.));
#9773=CARTESIAN_POINT('Origin',(584.992596695462,10.,-780.));
#9774=CARTESIAN_POINT('Origin',(464.992596695461,10.,-780.));
#9775=CARTESIAN_POINT('',(449.992596695461,10.,-780.));
#9776=CARTESIAN_POINT('Origin',(344.992596695461,15.,-780.));
#9777=CARTESIAN_POINT('',(335.071029278969,15.,-768.75));
#9778=CARTESIAN_POINT('Origin',(331.763840140139,15.,-765.));
#9779=CARTESIAN_POINT('',(329.992596695461,15.,-780.));
#9780=CARTESIAN_POINT('Origin',(344.992596695461,15.,-780.));
#9781=CARTESIAN_POINT('',(335.071029278969,15.,-791.25));
#9782=CARTESIAN_POINT('Origin',(344.992596695461,15.,-780.));
#9783=CARTESIAN_POINT('Origin',(331.763840140139,15.,-795.));
#9784=CARTESIAN_POINT('Origin',(344.992596695461,10.,-780.));
#9785=CARTESIAN_POINT('Origin',(344.992596695461,15.,-780.));
#9786=CARTESIAN_POINT('',(354.914164111954,15.,-791.25));
#9787=CARTESIAN_POINT('Origin',(358.221353250784,15.,-795.));
#9788=CARTESIAN_POINT('',(354.914164111954,15.,-768.75));
#9789=CARTESIAN_POINT('Origin',(344.992596695461,15.,-780.));
#9790=CARTESIAN_POINT('Origin',(358.221353250784,15.,-765.));
#9791=CARTESIAN_POINT('Origin',(344.992596695461,10.,-780.));
#9792=CARTESIAN_POINT('Ctrl Pts',(331.763840140139,10.,-795.));
#9793=CARTESIAN_POINT('Ctrl Pts',(332.801667318766,10.,-795.457638769752));
#9794=CARTESIAN_POINT('Ctrl Pts',(336.18762880325,9.80900605479505,-796.662793762115));
#9795=CARTESIAN_POINT('Ctrl Pts',(341.502506209313,9.31696397749112,-797.516822658587));
#9796=CARTESIAN_POINT('Ctrl Pts',(347.083812264278,9.32184478447548,-797.517649152101));
#9797=CARTESIAN_POINT('Ctrl Pts',(351.143722098863,9.559136680042,-797.088776747994));
#9798=CARTESIAN_POINT('Ctrl Pts',(354.92139966023,9.87601144177241,-796.262018150756));
#9799=CARTESIAN_POINT('Ctrl Pts',(357.183526072156,10.,-795.457638769752));
#9800=CARTESIAN_POINT('Ctrl Pts',(358.221353250784,10.,-795.));
#9801=CARTESIAN_POINT('Ctrl Pts',(332.258594478357,10.,-794.439001311859));
#9802=CARTESIAN_POINT('Ctrl Pts',(333.23592160865,10.0514875422628,-794.886883753956));
#9803=CARTESIAN_POINT('Ctrl Pts',(336.453551017641,10.0010982222359,-796.12709859497));
#9804=CARTESIAN_POINT('Ctrl Pts',(341.601175750171,9.56825491968697,-797.089234865317));
#9805=CARTESIAN_POINT('Ctrl Pts',(347.024711946029,9.57286420387847,-797.087440823689));
#9806=CARTESIAN_POINT('Ctrl Pts',(350.961381505244,9.78132603845378,-796.609707696089));
#9807=CARTESIAN_POINT('Ctrl Pts',(354.599477886144,10.0208520738347,-795.71245974495));
#9808=CARTESIAN_POINT('Ctrl Pts',(356.749271782273,10.0514875422628,-794.886883753956));
#9809=CARTESIAN_POINT('Ctrl Pts',(357.726598912566,10.,-794.439001311859));
#9810=CARTESIAN_POINT('Ctrl Pts',(333.245878078858,10.3424461240549,-793.319526934537));
#9811=CARTESIAN_POINT('Ctrl Pts',(334.102617102866,10.4660920106292,-793.779154474149));
#9812=CARTESIAN_POINT('Ctrl Pts',(336.984754989349,10.5932142967916,-795.143738782833));
#9813=CARTESIAN_POINT('Ctrl Pts',(341.798401085347,10.1977524439366,-796.309318806492));
#9814=CARTESIAN_POINT('Ctrl Pts',(346.906689378484,10.202801612926,-796.303536956311));
#9815=CARTESIAN_POINT('Ctrl Pts',(350.597190119492,10.392074627926,-795.732015140944));
#9816=CARTESIAN_POINT('Ctrl Pts',(353.956614090018,10.5539218188694,-794.684298222036));
#9817=CARTESIAN_POINT('Ctrl Pts',(355.882576288056,10.4660920106293,-793.779154474149));
#9818=CARTESIAN_POINT('Ctrl Pts',(356.739315312065,10.3424461240549,-793.319526934536));
#9819=CARTESIAN_POINT('Ctrl Pts',(334.636701438086,12.0151651197325,-791.742481480479));
#9820=CARTESIAN_POINT('Ctrl Pts',(335.352967341209,12.1444670976934,-792.294730468427));
#9821=CARTESIAN_POINT('Ctrl Pts',(337.815225329528,12.2162889942332,-793.933111714458));
#9822=CARTESIAN_POINT('Ctrl Pts',(342.115719447355,11.6506604324434,-795.318865702947));
#9823=CARTESIAN_POINT('Ctrl Pts',(346.716264207286,11.6578111886944,-795.312064551037));
#9824=CARTESIAN_POINT('Ctrl Pts',(350.023126724554,11.9283186009958,-794.632512227293));
#9825=CARTESIAN_POINT('Ctrl Pts',(352.986371474937,12.196949925695,-793.381572224762));
#9826=CARTESIAN_POINT('Ctrl Pts',(354.632226049714,12.1444670976936,-792.294730468427));
#9827=CARTESIAN_POINT('Ctrl Pts',(355.348491952838,12.0151651197325,-791.742481480479));
#9828=CARTESIAN_POINT('Ctrl Pts',(335.071029278969,13.8780026237179,-791.25));
#9829=CARTESIAN_POINT('Ctrl Pts',(335.797401801661,13.9273804279195,-791.891963083747));
#9830=CARTESIAN_POINT('Ctrl Pts',(338.232536133506,13.7175141446343,-793.667522471928));
#9831=CARTESIAN_POINT('Ctrl Pts',(342.294196921724,12.8908631700169,-795.032473050149));
#9832=CARTESIAN_POINT('Ctrl Pts',(346.60987342617,12.8996397987008,-795.029959647094));
#9833=CARTESIAN_POINT('Ctrl Pts',(349.725756337141,13.2974258892431,-794.352130802937));
#9834=CARTESIAN_POINT('Ctrl Pts',(352.559849645251,13.7933591917799,-793.073905936573));
#9835=CARTESIAN_POINT('Ctrl Pts',(354.187791589262,13.9273804279195,-791.891963083747));
#9836=CARTESIAN_POINT('Ctrl Pts',(354.914164111954,13.8780026237179,-791.25));
#9837=CARTESIAN_POINT('Ctrl Pts',(335.071029278969,15.,-791.25));
#9838=CARTESIAN_POINT('Ctrl Pts',(335.849399662941,15.,-791.936458154628));
#9839=CARTESIAN_POINT('Ctrl Pts',(338.388870776303,14.61801210959,-793.744190643172));
#9840=CARTESIAN_POINT('Ctrl Pts',(342.375028830851,13.6339279549822,-795.025233987881));
#9841=CARTESIAN_POINT('Ctrl Pts',(346.561008372074,13.643689568951,-795.026473728151));
#9842=CARTESIAN_POINT('Ctrl Pts',(349.605940748013,14.118273360084,-794.38316512199));
#9843=CARTESIAN_POINT('Ctrl Pts',(352.439198919038,14.7520228835448,-793.143027226135));
#9844=CARTESIAN_POINT('Ctrl Pts',(354.135793727983,15.,-791.936458154628));
#9845=CARTESIAN_POINT('Ctrl Pts',(354.914164111954,15.,-791.25));
#9846=CARTESIAN_POINT('Ctrl Pts',(335.071029278969,15.,-791.25));
#9847=CARTESIAN_POINT('Ctrl Pts',(335.849399662941,15.,-791.936458154628));
#9848=CARTESIAN_POINT('Ctrl Pts',(338.388870776303,14.61801210959,-793.744190643172));
#9849=CARTESIAN_POINT('Ctrl Pts',(342.375028830851,13.6339279549822,-795.025233987881));
#9850=CARTESIAN_POINT('Ctrl Pts',(346.561008372074,13.643689568951,-795.026473728151));
#9851=CARTESIAN_POINT('Ctrl Pts',(349.605940748013,14.118273360084,-794.38316512199));
#9852=CARTESIAN_POINT('Ctrl Pts',(352.439198919038,14.7520228835448,-793.143027226135));
#9853=CARTESIAN_POINT('Ctrl Pts',(354.135793727983,15.,-791.936458154628));
#9854=CARTESIAN_POINT('Ctrl Pts',(354.914164111954,15.,-791.25));
#9855=CARTESIAN_POINT('Ctrl Pts',(358.221353250784,10.,-765.));
#9856=CARTESIAN_POINT('Ctrl Pts',(356.14569889353,10.,-764.084722460496));
#9857=CARTESIAN_POINT('Ctrl Pts',(352.497448554353,9.63933516102604,-763.053834376613));
#9858=CARTESIAN_POINT('Ctrl Pts',(347.087393639747,9.32160216205549,-762.483531256814));
#9859=CARTESIAN_POINT('Ctrl Pts',(342.903539912805,9.32173064651676,-762.483018900262));
#9860=CARTESIAN_POINT('Ctrl Pts',(338.841912205683,9.56025278304491,-762.911543276718));
#9861=CARTESIAN_POINT('Ctrl Pts',(335.064491395474,9.8761798556152,-763.738230604813));
#9862=CARTESIAN_POINT('Ctrl Pts',(332.801667318766,10.,-764.542361230248));
#9863=CARTESIAN_POINT('Ctrl Pts',(331.763840140138,10.,-765.));
#9864=CARTESIAN_POINT('Ctrl Pts',(357.726598912566,9.99999999999999,-765.560998688141));
#9865=CARTESIAN_POINT('Ctrl Pts',(355.771944651981,10.1029750845256,-764.665233803947));
#9866=CARTESIAN_POINT('Ctrl Pts',(352.274052020728,9.85222763438392,-763.54967965815));
#9867=CARTESIAN_POINT('Ctrl Pts',(347.027639759096,9.57075285059812,-762.914068360251));
#9868=CARTESIAN_POINT('Ctrl Pts',(342.962374860515,9.57212025343533,-762.913128477258));
#9869=CARTESIAN_POINT('Ctrl Pts',(339.024024093473,9.78162538573751,-763.391357183869));
#9870=CARTESIAN_POINT('Ctrl Pts',(335.386296005295,10.02069272433,-764.287895041532));
#9871=CARTESIAN_POINT('Ctrl Pts',(333.23592160865,10.0514875422628,-765.113116246044));
#9872=CARTESIAN_POINT('Ctrl Pts',(332.258594478357,10.,-765.560998688141));
#9873=CARTESIAN_POINT('Ctrl Pts',(356.739314963308,10.3424458424542,-766.680473460916));
#9874=CARTESIAN_POINT('Ctrl Pts',(355.025836915293,10.5897376156027,-765.761218381694));
#9875=CARTESIAN_POINT('Ctrl Pts',(351.827616223882,10.4572617336434,-764.459307438098));
#9876=CARTESIAN_POINT('Ctrl Pts',(346.908217159318,10.1980183638846,-763.699040582218));
#9877=CARTESIAN_POINT('Ctrl Pts',(343.079871266658,10.2011158578445,-763.69710742829));
#9878=CARTESIAN_POINT('Ctrl Pts',(339.387773435895,10.3914054217019,-764.270418328768));
#9879=CARTESIAN_POINT('Ctrl Pts',(336.028929976103,10.5533181676612,-765.316325451847));
#9880=CARTESIAN_POINT('Ctrl Pts',(334.102617451623,10.4660917290285,-766.220845921304));
#9881=CARTESIAN_POINT('Ctrl Pts',(333.245878427615,10.3424458424542,-766.680473460916));
#9882=CARTESIAN_POINT('Ctrl Pts',(355.348491219462,12.0151647092023,-768.257519351091));
#9883=CARTESIAN_POINT('Ctrl Pts',(353.915959413219,12.2737686651243,-767.153021375199));
#9884=CARTESIAN_POINT('Ctrl Pts',(351.126271342129,12.0211262947377,-765.59475679667));
#9885=CARTESIAN_POINT('Ctrl Pts',(346.716638280104,11.652730625095,-764.691543670507));
#9886=CARTESIAN_POINT('Ctrl Pts',(343.269817810978,11.6559659102162,-764.688875016826));
#9887=CARTESIAN_POINT('Ctrl Pts',(339.961343506373,11.9280439592546,-765.370577880506));
#9888=CARTESIAN_POINT('Ctrl Pts',(336.998946425509,12.1963718689163,-766.61925415567));
#9889=CARTESIAN_POINT('Ctrl Pts',(335.352968074584,12.1444666871634,-767.705270363144));
#9890=CARTESIAN_POINT('Ctrl Pts',(334.636702171461,12.0151647092024,-768.257519351091));
#9891=CARTESIAN_POINT('Ctrl Pts',(354.914164111954,13.8780026237179,-768.75));
#9892=CARTESIAN_POINT('Ctrl Pts',(353.461419066576,13.976758232121,-767.466073832511));
#9893=CARTESIAN_POINT('Ctrl Pts',(350.763826281939,13.432298717993,-765.87412954754));
#9894=CARTESIAN_POINT('Ctrl Pts',(346.610484650321,12.8974195469089,-764.972581853536));
#9895=CARTESIAN_POINT('Ctrl Pts',(343.376536465218,12.8987703644746,-764.971066547986));
#9896=CARTESIAN_POINT('Ctrl Pts',(340.259145437651,13.2987047548116,-765.649551385035));
#9897=CARTESIAN_POINT('Ctrl Pts',(337.4256408135,13.7933400303716,-766.926692191086));
#9898=CARTESIAN_POINT('Ctrl Pts',(335.79740180166,13.9273804279195,-768.108036916254));
#9899=CARTESIAN_POINT('Ctrl Pts',(335.071029278969,13.8780026237179,-768.75));
#9900=CARTESIAN_POINT('Ctrl Pts',(354.914164111954,15.,-768.75));
#9901=CARTESIAN_POINT('Ctrl Pts',(353.357423344017,15.,-767.377083690748));
#9902=CARTESIAN_POINT('Ctrl Pts',(350.621235589632,14.2786703220522,-765.830751564921));
#9903=CARTESIAN_POINT('Ctrl Pts',(346.563694403677,13.643204324111,-764.975296885223));
#9904=CARTESIAN_POINT('Ctrl Pts',(343.42580410847,13.6434612930336,-764.974528350395));
#9905=CARTESIAN_POINT('Ctrl Pts',(340.379583328128,14.1205055660899,-765.617314915078));
#9906=CARTESIAN_POINT('Ctrl Pts',(337.54651772047,14.7523597112305,-766.85734590722));
#9907=CARTESIAN_POINT('Ctrl Pts',(335.849399662939,15.,-768.063541845372));
#9908=CARTESIAN_POINT('Ctrl Pts',(335.071029278969,15.,-768.75));
#9909=CARTESIAN_POINT('Ctrl Pts',(354.914164111954,15.,-768.75));
#9910=CARTESIAN_POINT('Ctrl Pts',(353.357423344017,15.,-767.377083690748));
#9911=CARTESIAN_POINT('Ctrl Pts',(350.621235589632,14.2786703220522,-765.830751564921));
#9912=CARTESIAN_POINT('Ctrl Pts',(346.563694403677,13.643204324111,-764.975296885223));
#9913=CARTESIAN_POINT('Ctrl Pts',(343.42580410847,13.6434612930336,-764.974528350395));
#9914=CARTESIAN_POINT('Ctrl Pts',(340.379583328128,14.1205055660899,-765.617314915078));
#9915=CARTESIAN_POINT('Ctrl Pts',(337.54651772047,14.7523597112305,-766.85734590722));
#9916=CARTESIAN_POINT('Ctrl Pts',(335.849399662939,15.,-768.063541845372));
#9917=CARTESIAN_POINT('Ctrl Pts',(335.071029278969,15.,-768.75));
#9918=CARTESIAN_POINT('Origin',(297.023096695461,10.,0.));
#9919=CARTESIAN_POINT('Origin',(344.992596695461,10.,-780.));
#9920=CARTESIAN_POINT('',(329.992596695461,10.,-780.));
#9921=CARTESIAN_POINT('Origin',(224.992596695461,15.,-780.));
#9922=CARTESIAN_POINT('',(215.071029278969,15.,-768.75));
#9923=CARTESIAN_POINT('Origin',(211.763840140139,15.,-765.));
#9924=CARTESIAN_POINT('',(209.992596695461,15.,-780.));
#9925=CARTESIAN_POINT('Origin',(224.992596695461,15.,-780.));
#9926=CARTESIAN_POINT('',(215.071029278969,15.,-791.25));
#9927=CARTESIAN_POINT('Origin',(224.992596695461,15.,-780.));
#9928=CARTESIAN_POINT('Origin',(211.763840140139,15.,-795.));
#9929=CARTESIAN_POINT('Origin',(224.992596695461,10.,-780.));
#9930=CARTESIAN_POINT('Origin',(224.992596695461,15.,-780.));
#9931=CARTESIAN_POINT('',(234.914164111954,15.,-791.25));
#9932=CARTESIAN_POINT('Origin',(238.221353250784,15.,-795.));
#9933=CARTESIAN_POINT('',(234.914164111954,15.,-768.75));
#9934=CARTESIAN_POINT('Origin',(224.992596695461,15.,-780.));
#9935=CARTESIAN_POINT('Origin',(238.221353250784,15.,-765.));
#9936=CARTESIAN_POINT('Origin',(224.992596695461,10.,-780.));
#9937=CARTESIAN_POINT('Ctrl Pts',(211.763840140139,10.,-795.));
#9938=CARTESIAN_POINT('Ctrl Pts',(213.839494443722,10.,-795.915277515837));
#9939=CARTESIAN_POINT('Ctrl Pts',(217.487789672571,9.63931517918049,-796.946185450282));
#9940=CARTESIAN_POINT('Ctrl Pts',(222.897830682315,9.32158808316908,-797.51648290334));
#9941=CARTESIAN_POINT('Ctrl Pts',(227.081688436956,9.32171357854249,-797.516997730577));
#9942=CARTESIAN_POINT('Ctrl Pts',(231.143303014625,9.56024240551957,-797.088467077646));
#9943=CARTESIAN_POINT('Ctrl Pts',(234.920718374996,9.87617141267284,-796.261777923181));
#9944=CARTESIAN_POINT('Ctrl Pts',(237.183526098993,10.,-795.457638757918));
#9945=CARTESIAN_POINT('Ctrl Pts',(238.221353250784,10.,-795.));
#9946=CARTESIAN_POINT('Ctrl Pts',(212.258594478357,10.,-794.439001311859));
#9947=CARTESIAN_POINT('Ctrl Pts',(214.213248688401,10.1029750818629,-795.334766172891));
#9948=CARTESIAN_POINT('Ctrl Pts',(217.711177641872,9.85222547026199,-796.450350401577));
#9949=CARTESIAN_POINT('Ctrl Pts',(222.957578571888,9.57074969207241,-797.085952220933));
#9950=CARTESIAN_POINT('Ctrl Pts',(227.022846610524,9.57211498664121,-797.086895436753));
#9951=CARTESIAN_POINT('Ctrl Pts',(230.961186825302,9.78162198614574,-796.608657550804));
#9952=CARTESIAN_POINT('Ctrl Pts',(234.598910360738,10.0206895934557,-795.712117048047));
#9953=CARTESIAN_POINT('Ctrl Pts',(236.749271807545,10.0514875409315,-794.886883742374));
#9954=CARTESIAN_POINT('Ctrl Pts',(237.726598912566,10.,-794.439001311859));
#9955=CARTESIAN_POINT('Ctrl Pts',(213.245879936022,10.3424446241056,-793.319524828711));
#9956=CARTESIAN_POINT('Ctrl Pts',(214.959357939733,10.5897363908598,-794.238779884167));
#9957=CARTESIAN_POINT('Ctrl Pts',(218.157596740982,10.4572923176033,-795.54073317689));
#9958=CARTESIAN_POINT('Ctrl Pts',(223.076988623331,10.1980372943745,-796.300984147497));
#9959=CARTESIAN_POINT('Ctrl Pts',(226.90533475572,10.2011356740226,-796.302920689295));
#9960=CARTESIAN_POINT('Ctrl Pts',(230.597426995705,10.3914170343672,-795.729597680587));
#9961=CARTESIAN_POINT('Ctrl Pts',(233.956267109658,10.5533267483372,-794.683686874906));
#9962=CARTESIAN_POINT('Ctrl Pts',(235.882574453048,10.4660905074827,-793.779152356438));
#9963=CARTESIAN_POINT('Ctrl Pts',(236.739313454902,10.3424446241056,-793.319524828711));
#9964=CARTESIAN_POINT('Ctrl Pts',(214.636705345085,12.0151629328954,-791.742477050358));
#9965=CARTESIAN_POINT('Ctrl Pts',(216.069237114292,12.2737668821305,-792.846974997695));
#9966=CARTESIAN_POINT('Ctrl Pts',(218.858925362732,12.0211573077055,-794.405310569324));
#9967=CARTESIAN_POINT('Ctrl Pts',(223.268557432962,11.6527504889543,-795.308500664569));
#9968=CARTESIAN_POINT('Ctrl Pts',(226.715377372808,11.6559868832131,-795.311176504525));
#9969=CARTESIAN_POINT('Ctrl Pts',(230.023850252439,11.9280563917678,-794.629452159226));
#9970=CARTESIAN_POINT('Ctrl Pts',(232.986245934071,12.1963812158815,-793.380769276632));
#9971=CARTESIAN_POINT('Ctrl Pts',(234.632222161238,12.1444649075129,-792.294726024023));
#9972=CARTESIAN_POINT('Ctrl Pts',(235.348488045838,12.0151629328953,-791.742477050358));
#9973=CARTESIAN_POINT('Ctrl Pts',(215.071029278969,13.8780026237179,-791.25));
#9974=CARTESIAN_POINT('Ctrl Pts',(216.52377428679,13.9767582295675,-792.533926134296));
#9975=CARTESIAN_POINT('Ctrl Pts',(219.221381039744,13.4322697812468,-794.125879192749));
#9976=CARTESIAN_POINT('Ctrl Pts',(223.374714683541,12.8973963729928,-795.027417509853));
#9977=CARTESIAN_POINT('Ctrl Pts',(226.608660375681,12.8987409129158,-795.0289307982));
#9978=CARTESIAN_POINT('Ctrl Pts',(229.726048511547,13.298686144754,-794.350445601403));
#9979=CARTESIAN_POINT('Ctrl Pts',(232.559549781443,13.7933241607437,-793.073304810307));
#9980=CARTESIAN_POINT('Ctrl Pts',(234.187791608047,13.9273804266427,-791.891963067145));
#9981=CARTESIAN_POINT('Ctrl Pts',(234.914164111954,13.8780026237179,-791.25));
#9982=CARTESIAN_POINT('Ctrl Pts',(215.071029278969,15.,-791.25));
#9983=CARTESIAN_POINT('Ctrl Pts',(216.62777000666,15.,-792.622916273758));
#9984=CARTESIAN_POINT('Ctrl Pts',(219.363991428295,14.2786303583609,-794.169278175424));
#9985=CARTESIAN_POINT('Ctrl Pts',(223.421522185603,13.6431761663381,-795.02472435501));
#9986=CARTESIAN_POINT('Ctrl Pts',(226.559415501583,13.6434271570849,-795.025496595866));
#9987=CARTESIAN_POINT('Ctrl Pts',(229.605626434836,14.1204848110391,-794.382700616468));
#9988=CARTESIAN_POINT('Ctrl Pts',(232.438687955113,14.7523428253455,-793.142666884772));
#9989=CARTESIAN_POINT('Ctrl Pts',(234.135793748112,15.,-791.936458136876));
#9990=CARTESIAN_POINT('Ctrl Pts',(234.914164111954,15.,-791.25));
#9991=CARTESIAN_POINT('Ctrl Pts',(215.071029278969,15.,-791.25));
#9992=CARTESIAN_POINT('Ctrl Pts',(216.62777000666,15.,-792.622916273758));
#9993=CARTESIAN_POINT('Ctrl Pts',(219.363991428295,14.2786303583609,-794.169278175424));
#9994=CARTESIAN_POINT('Ctrl Pts',(223.421522185603,13.6431761663381,-795.02472435501));
#9995=CARTESIAN_POINT('Ctrl Pts',(226.559415501583,13.6434271570849,-795.025496595866));
#9996=CARTESIAN_POINT('Ctrl Pts',(229.605626434836,14.1204848110391,-794.382700616468));
#9997=CARTESIAN_POINT('Ctrl Pts',(232.438687955113,14.7523428253455,-793.142666884772));
#9998=CARTESIAN_POINT('Ctrl Pts',(234.135793748112,15.,-791.936458136876));
#9999=CARTESIAN_POINT('Ctrl Pts',(234.914164111954,15.,-791.25));
#10000=CARTESIAN_POINT('Ctrl Pts',(238.221353250784,10.,-765.));
#10001=CARTESIAN_POINT('Ctrl Pts',(237.183526098993,10.,-764.542361242081));
#10002=CARTESIAN_POINT('Ctrl Pts',(233.797556930417,9.80900625321287,-763.337201693915));
#10003=CARTESIAN_POINT('Ctrl Pts',(228.482679836355,9.3169632416044,-762.483172317332));
#10004=CARTESIAN_POINT('Ctrl Pts',(222.901370623434,9.32184408019834,-762.482343759261));
#10005=CARTESIAN_POINT('Ctrl Pts',(218.841464731588,9.55913606912556,-762.911218575892));
#10006=CARTESIAN_POINT('Ctrl Pts',(215.063788976697,9.87601108539638,-763.737977489578));
#10007=CARTESIAN_POINT('Ctrl Pts',(212.80166729193,10.,-764.542361242081));
#10008=CARTESIAN_POINT('Ctrl Pts',(211.763840140139,10.,-765.));
#10009=CARTESIAN_POINT('Ctrl Pts',(237.726598912566,10.,-765.560998688141));
#10010=CARTESIAN_POINT('Ctrl Pts',(236.749271807545,10.0514875409315,-765.113116257625));
#10011=CARTESIAN_POINT('Ctrl Pts',(233.531634976726,10.0010926258197,-763.872899617755));
#10012=CARTESIAN_POINT('Ctrl Pts',(228.384010821942,9.56824579825671,-762.910763574465));
#10013=CARTESIAN_POINT('Ctrl Pts',(222.960471790228,9.57285297211973,-762.912557334436));
#10014=CARTESIAN_POINT('Ctrl Pts',(219.023805963775,9.78131831575069,-763.390290896028));
#10015=CARTESIAN_POINT('Ctrl Pts',(215.385711321546,10.0208459316645,-764.287538602137));
#10016=CARTESIAN_POINT('Ctrl Pts',(213.235921583378,10.0514875409315,-765.113116257625));
#10017=CARTESIAN_POINT('Ctrl Pts',(212.258594478357,10.,-765.560998688141));
#10018=CARTESIAN_POINT('Ctrl Pts',(236.739313021965,10.3424442743004,-766.680475662192));
#10019=CARTESIAN_POINT('Ctrl Pts',(235.88257402011,10.4660901576775,-766.220848134465));
#10020=CARTESIAN_POINT('Ctrl Pts',(233.000429368296,10.5932089243968,-764.856275903954));
#10021=CARTESIAN_POINT('Ctrl Pts',(228.18678739731,10.1977435776793,-763.690700489253));
#10022=CARTESIAN_POINT('Ctrl Pts',(223.078498886799,10.2027906107934,-763.696487365166));
#10023=CARTESIAN_POINT('Ctrl Pts',(219.388001752104,10.3920665137842,-764.268001781261));
#10024=CARTESIAN_POINT('Ctrl Pts',(216.028580173671,10.5539152700656,-765.315716019147));
#10025=CARTESIAN_POINT('Ctrl Pts',(214.102619370812,10.4660901576775,-766.220848134466));
#10026=CARTESIAN_POINT('Ctrl Pts',(213.245880368958,10.3424442743004,-766.680475662192));
#10027=CARTESIAN_POINT('Ctrl Pts',(235.348487134446,12.0151624228491,-768.257523983064));
#10028=CARTESIAN_POINT('Ctrl Pts',(234.632221249844,12.1444643974666,-767.705275009396));
#10029=CARTESIAN_POINT('Ctrl Pts',(232.169959752579,12.2162886401152,-766.066895668769));
#10030=CARTESIAN_POINT('Ctrl Pts',(227.869468039091,11.6506580076065,-764.681142194168));
#10031=CARTESIAN_POINT('Ctrl Pts',(223.268921619483,11.6578083353979,-764.68794599152));
#10032=CARTESIAN_POINT('Ctrl Pts',(219.962063635863,11.928315752964,-765.367496190432));
#10033=CARTESIAN_POINT('Ctrl Pts',(216.99882084118,12.1969478693582,-766.618435521264));
#10034=CARTESIAN_POINT('Ctrl Pts',(215.352972141077,12.1444643974666,-767.705275009398));
#10035=CARTESIAN_POINT('Ctrl Pts',(214.636706256477,12.0151624228491,-768.257523983064));
#10036=CARTESIAN_POINT('Ctrl Pts',(234.914164111954,13.8780026237179,-768.75));
#10037=CARTESIAN_POINT('Ctrl Pts',(234.187791608045,13.9273804266427,-768.108036932853));
#10038=CARTESIAN_POINT('Ctrl Pts',(231.752647518569,13.7175002533993,-766.332509672235));
#10039=CARTESIAN_POINT('Ctrl Pts',(227.690996598513,12.8908421887644,-764.967573336286));
#10040=CARTESIAN_POINT('Ctrl Pts',(223.375324352585,12.8996147641635,-764.970095829798));
#10041=CARTESIAN_POINT('Ctrl Pts',(220.259442801798,13.2974084805366,-765.647906692661));
#10042=CARTESIAN_POINT('Ctrl Pts',(217.425352441086,13.793344875151,-766.9261242049));
#10043=CARTESIAN_POINT('Ctrl Pts',(215.797401782876,13.9273804266427,-768.108036932855));
#10044=CARTESIAN_POINT('Ctrl Pts',(215.071029278969,13.8780026237179,-768.75));
#10045=CARTESIAN_POINT('Ctrl Pts',(234.914164111954,15.,-768.75));
#10046=CARTESIAN_POINT('Ctrl Pts',(234.13579374811,15.,-768.063541863122));
#10047=CARTESIAN_POINT('Ctrl Pts',(231.596316871678,14.6180125064257,-766.255802540873));
#10048=CARTESIAN_POINT('Ctrl Pts',(227.610159051131,13.6339264832087,-764.974758475998));
#10049=CARTESIAN_POINT('Ctrl Pts',(223.42417714144,13.6436881603967,-764.973515638893));
#10050=CARTESIAN_POINT('Ctrl Pts',(220.379247722556,14.1182721382511,-765.616827863839));
#10051=CARTESIAN_POINT('Ctrl Pts',(217.545990906388,14.7520221707927,-766.856966234369));
#10052=CARTESIAN_POINT('Ctrl Pts',(215.849399642811,15.,-768.063541863124));
#10053=CARTESIAN_POINT('Ctrl Pts',(215.071029278969,15.,-768.75));
#10054=CARTESIAN_POINT('Ctrl Pts',(234.914164111954,15.,-768.75));
#10055=CARTESIAN_POINT('Ctrl Pts',(234.13579374811,15.,-768.063541863122));
#10056=CARTESIAN_POINT('Ctrl Pts',(231.596316871678,14.6180125064257,-766.255802540873));
#10057=CARTESIAN_POINT('Ctrl Pts',(227.610159051131,13.6339264832087,-764.974758475998));
#10058=CARTESIAN_POINT('Ctrl Pts',(223.42417714144,13.6436881603967,-764.973515638893));
#10059=CARTESIAN_POINT('Ctrl Pts',(220.379247722556,14.1182721382511,-765.616827863839));
#10060=CARTESIAN_POINT('Ctrl Pts',(217.545990906388,14.7520221707927,-766.856966234369));
#10061=CARTESIAN_POINT('Ctrl Pts',(215.849399642811,15.,-768.063541863124));
#10062=CARTESIAN_POINT('Ctrl Pts',(215.071029278969,15.,-768.75));
#10063=CARTESIAN_POINT('Origin',(297.023096695461,10.,0.));
#10064=CARTESIAN_POINT('Origin',(224.992596695461,10.,-780.));
#10065=CARTESIAN_POINT('',(209.992596695461,10.,-780.));
#10066=CARTESIAN_POINT('Origin',(14.0535966954615,15.,-690.));
#10067=CARTESIAN_POINT('',(29.0535966954615,10.,-676.771243444677));
#10068=CARTESIAN_POINT('',(25.3035966954614,15.,-680.078432583508));
#10069=CARTESIAN_POINT('Origin',(29.0535966954614,15.,-676.771243444677));
#10070=CARTESIAN_POINT('',(2.80359669546147,15.,-680.078432583508));
#10071=CARTESIAN_POINT('Origin',(14.0535966954615,15.,-690.));
#10072=CARTESIAN_POINT('',(-0.946403304538546,10.,-676.771243444677));
#10073=CARTESIAN_POINT('Origin',(-0.946403304538523,15.,-676.771243444677));
#10074=CARTESIAN_POINT('Origin',(14.0535966954615,10.,-690.));
#10075=CARTESIAN_POINT('Ctrl Pts',(-0.946403304538531,10.,-676.771243444677));
#10076=CARTESIAN_POINT('Ctrl Pts',(-1.63287929803241,10.,-678.328024667363));
#10077=CARTESIAN_POINT('Ctrl Pts',(-2.56544872491818,9.77089621000763,-681.263185224112));
#10078=CARTESIAN_POINT('Ctrl Pts',(-3.30074919882234,9.4195486240054,-685.849675366998));
#10079=CARTESIAN_POINT('Ctrl Pts',(-3.44640330453855,9.33012701892219,-688.616166692323));
#10080=CARTESIAN_POINT('Ctrl Pts',(-3.44640330453855,9.33012701892219,-690.));
#10081=CARTESIAN_POINT('Ctrl Pts',(-0.385404616397497,10.,-677.265997782895));
#10082=CARTESIAN_POINT('Ctrl Pts',(-1.05724573810497,10.0772333203906,-678.732026574774));
#10083=CARTESIAN_POINT('Ctrl Pts',(-2.03969237583307,9.95363857779135,-681.533954446155));
#10084=CARTESIAN_POINT('Ctrl Pts',(-2.85064920970783,9.65970791116256,-685.969425939802));
#10085=CARTESIAN_POINT('Ctrl Pts',(-3.01454631305421,9.57945976920709,-688.656013083587));
#10086=CARTESIAN_POINT('Ctrl Pts',(-3.01454631305421,9.57945976920709,-690.));
#10087=CARTESIAN_POINT('Ctrl Pts',(0.734081568257641,10.3424377010357,-678.253291796485));
#10088=CARTESIAN_POINT('Ctrl Pts',(0.0446223424507076,10.5279113506426,
-679.538433728384));
#10089=CARTESIAN_POINT('Ctrl Pts',(-1.0673369821359,10.5296236936197,-682.07488248135));
#10090=CARTESIAN_POINT('Ctrl Pts',(-2.02872491574151,10.2833699568142,-686.208597523924));
#10091=CARTESIAN_POINT('Ctrl Pts',(-2.22664691227255,10.20842067243,-688.735675885024));
#10092=CARTESIAN_POINT('Ctrl Pts',(-2.22664691227255,10.20842067243,-690.));
#10093=CARTESIAN_POINT('Ctrl Pts',(2.31114011671526,12.0151528348453,-679.644126703888));
#10094=CARTESIAN_POINT('Ctrl Pts',(1.48274510799968,12.209110842008,-680.718553478784));
#10095=CARTESIAN_POINT('Ctrl Pts',(0.148793687229687,12.1383377690709,-682.908807351801));
#10096=CARTESIAN_POINT('Ctrl Pts',(-0.995987279426104,11.7719747248091,
-686.590615087716));
#10097=CARTESIAN_POINT('Ctrl Pts',(-1.23163971414319,11.6665456181733,-688.862753153505));
#10098=CARTESIAN_POINT('Ctrl Pts',(-1.23163971414319,11.6665456181733,-690.));
#10099=CARTESIAN_POINT('Ctrl Pts',(2.80359669546147,13.8780026237179,-680.078432583508));
#10100=CARTESIAN_POINT('Ctrl Pts',(1.84062704597106,13.9520712547786,-681.168019681714));
#10101=CARTESIAN_POINT('Ctrl Pts',(0.437395834060381,13.6398643626186,-683.30942193294));
#10102=CARTESIAN_POINT('Ctrl Pts',(-0.714966502978242,13.063886584125,-686.797359433485));
#10103=CARTESIAN_POINT('Ctrl Pts',(-0.946403304538555,12.9122557869897,
-688.932317555986));
#10104=CARTESIAN_POINT('Ctrl Pts',(-0.946403304538553,12.9122557869897,
-690.));
#10105=CARTESIAN_POINT('Ctrl Pts',(2.80359669546147,15.,-680.078432583508));
#10106=CARTESIAN_POINT('Ctrl Pts',(1.77388270522066,15.,-681.246018500522));
#10107=CARTESIAN_POINT('Ctrl Pts',(0.375028564891991,14.5417924200153,-683.447388918084));
#10108=CARTESIAN_POINT('Ctrl Pts',(-0.727922145964241,13.8390972480108,
-686.887256525248));
#10109=CARTESIAN_POINT('Ctrl Pts',(-0.946403304538553,13.6602540378444,
-688.962125019242));
#10110=CARTESIAN_POINT('Ctrl Pts',(-0.946403304538553,13.6602540378444,
-690.));
#10111=CARTESIAN_POINT('',(-0.94640330453855,13.6602540378444,-690.));
#10112=CARTESIAN_POINT('',(-3.44640330453855,9.33012701892219,-690.));
#10113=CARTESIAN_POINT('Origin',(-5.94640330453855,13.6602540378444,-690.));
#10114=CARTESIAN_POINT('Ctrl Pts',(-3.44640330453855,9.33012701892219,-690.));
#10115=CARTESIAN_POINT('Ctrl Pts',(-3.44640330453855,9.33012701892219,-688.616166692323));
#10116=CARTESIAN_POINT('Ctrl Pts',(-3.30074919882234,9.4195486240054,-685.849675366998));
#10117=CARTESIAN_POINT('Ctrl Pts',(-2.56544872491818,9.77089621000763,-681.263185224112));
#10118=CARTESIAN_POINT('Ctrl Pts',(-1.63287929803241,10.,-678.328024667363));
#10119=CARTESIAN_POINT('Ctrl Pts',(-0.946403304538531,10.,-676.771243444677));
#10120=CARTESIAN_POINT('Ctrl Pts',(2.80359669546147,15.,-680.078432583508));
#10121=CARTESIAN_POINT('Ctrl Pts',(1.77388270522066,15.,-681.246018500522));
#10122=CARTESIAN_POINT('Ctrl Pts',(0.375028564891991,14.5417924200153,-683.447388918084));
#10123=CARTESIAN_POINT('Ctrl Pts',(-0.727922145964241,13.8390972480108,
-686.887256525248));
#10124=CARTESIAN_POINT('Ctrl Pts',(-0.946403304538553,13.6602540378444,
-688.962125019242));
#10125=CARTESIAN_POINT('Ctrl Pts',(-0.946403304538553,13.6602540378444,
-690.));
#10126=CARTESIAN_POINT('Origin',(14.0535966954615,15.,-690.));
#10127=CARTESIAN_POINT('',(3.53276336212807,15.,-700.69168209274));
#10128=CARTESIAN_POINT('Origin',(0.0258189176836066,15.,-704.255576123653));
#10129=CARTESIAN_POINT('',(26.0327633621281,15.,-699.027711004027));
#10130=CARTESIAN_POINT('Origin',(14.0535966954615,15.,-690.));
#10131=CARTESIAN_POINT('Origin',(30.0258189176837,15.,-702.036948005369));
#10132=CARTESIAN_POINT('Ctrl Pts',(-3.44640330453854,9.3301270189222,-690.));
#10133=CARTESIAN_POINT('Ctrl Pts',(-3.44640330453853,9.33012701892219,-692.225061361556));
#10134=CARTESIAN_POINT('Ctrl Pts',(-2.90830614001948,9.57062710877264,-697.395196525751));
#10135=CARTESIAN_POINT('Ctrl Pts',(-1.2192322188505,9.99999999999996,-702.0004362936));
#10136=CARTESIAN_POINT('Ctrl Pts',(0.0258189176835795,10.,-704.255576123653));
#10137=CARTESIAN_POINT('Ctrl Pts',(-3.01454631305421,9.5794597692071,-690.));
#10138=CARTESIAN_POINT('Ctrl Pts',(-3.01454631305419,9.57945976920709,-692.16248039749));
#10139=CARTESIAN_POINT('Ctrl Pts',(-2.43546735268354,9.80456132984895,-697.187993413009));
#10140=CARTESIAN_POINT('Ctrl Pts',(-0.662618949422865,10.1101294296808,
-701.596871251476));
#10141=CARTESIAN_POINT('Ctrl Pts',(0.550456579741404,10.,-703.722418823382));
#10142=CARTESIAN_POINT('Ctrl Pts',(-2.22664708108226,10.2084207318714,-690.));
#10143=CARTESIAN_POINT('Ctrl Pts',(-2.22664708108224,10.2084207318714,-692.038928278192));
#10144=CARTESIAN_POINT('Ctrl Pts',(-1.57285610200355,10.4323290608668,-696.779211480194));
#10145=CARTESIAN_POINT('Ctrl Pts',(0.38546441461889,10.6069108357614,-700.799869943112));
#10146=CARTESIAN_POINT('Ctrl Pts',(1.59738294775717,10.3424381036721,-702.65849132385));
#10147=CARTESIAN_POINT('Ctrl Pts',(-1.23164004667027,11.6665457003269,-690.));
#10148=CARTESIAN_POINT('Ctrl Pts',(-1.23164004667024,11.6665457003269,-691.847274731774));
#10149=CARTESIAN_POINT('Ctrl Pts',(-0.498923557932527,11.9731914669513,
-696.142908574446));
#10150=CARTESIAN_POINT('Ctrl Pts',(1.70889873274559,12.2917242677099,-699.639372614053));
#10151=CARTESIAN_POINT('Ctrl Pts',(3.07222415087785,12.0151534223439,-701.159700041691));
#10152=CARTESIAN_POINT('Ctrl Pts',(-0.946403304538542,12.9122557869897,
-690.));
#10153=CARTESIAN_POINT('Ctrl Pts',(-0.946403304538504,12.9122557869897,
-691.747706031837));
#10154=CARTESIAN_POINT('Ctrl Pts',(-0.225082371283366,13.3280793055044,
-695.811614238537));
#10155=CARTESIAN_POINT('Ctrl Pts',(1.99975655455039,13.9836194229788,-699.186239146247));
#10156=CARTESIAN_POINT('Ctrl Pts',(3.53276336212806,13.8780026237179,-700.69168209274));
#10157=CARTESIAN_POINT('Ctrl Pts',(-0.946403304538542,13.6602540378444,
-690.));
#10158=CARTESIAN_POINT('Ctrl Pts',(-0.946403304538503,13.6602540378444,
-691.707605230965));
#10159=CARTESIAN_POINT('Ctrl Pts',(-0.259392496581739,14.1412542175451,
-695.675318395866));
#10160=CARTESIAN_POINT('Ctrl Pts',(1.90990360485072,14.9999999999999,-699.094754978597));
#10161=CARTESIAN_POINT('Ctrl Pts',(3.53276336212806,15.,-700.69168209274));
#10162=CARTESIAN_POINT('Ctrl Pts',(0.0258189176835795,10.,-704.255576123653));
#10163=CARTESIAN_POINT('Ctrl Pts',(-1.2192322188505,9.99999999999996,-702.0004362936));
#10164=CARTESIAN_POINT('Ctrl Pts',(-2.90830614001948,9.57062710877264,-697.395196525751));
#10165=CARTESIAN_POINT('Ctrl Pts',(-3.44640330453853,9.33012701892219,-692.225061361556));
#10166=CARTESIAN_POINT('Ctrl Pts',(-3.44640330453854,9.3301270189222,-690.));
#10167=CARTESIAN_POINT('Ctrl Pts',(-0.946403304538542,13.6602540378444,
-690.));
#10168=CARTESIAN_POINT('Ctrl Pts',(-0.946403304538503,13.6602540378444,
-691.707605230965));
#10169=CARTESIAN_POINT('Ctrl Pts',(-0.259392496581739,14.1412542175451,
-695.675318395866));
#10170=CARTESIAN_POINT('Ctrl Pts',(1.90990360485072,14.9999999999999,-699.094754978597));
#10171=CARTESIAN_POINT('Ctrl Pts',(3.53276336212806,15.,-700.69168209274));
#10172=CARTESIAN_POINT('Ctrl Pts',(30.0258189176837,10.,-702.036948005369));
#10173=CARTESIAN_POINT('Ctrl Pts',(30.4816235517017,10.,-700.661369888742));
#10174=CARTESIAN_POINT('Ctrl Pts',(31.0545643070527,9.77796336953294,-698.035902017141));
#10175=CARTESIAN_POINT('Ctrl Pts',(31.4731810762296,9.42236574090723,-693.845186858164));
#10176=CARTESIAN_POINT('Ctrl Pts',(31.5535966954615,9.33012701892218,-691.28247863448));
#10177=CARTESIAN_POINT('Ctrl Pts',(31.5535966954615,9.33012701892219,-690.));
#10178=CARTESIAN_POINT('Ctrl Pts',(29.4284592034594,10.,-701.586767202686));
#10179=CARTESIAN_POINT('Ctrl Pts',(29.8776844538977,10.0695859189213,-700.293350171312));
#10180=CARTESIAN_POINT('Ctrl Pts',(30.5101857522275,9.95441148292184,-697.784447224803));
#10181=CARTESIAN_POINT('Ctrl Pts',(31.0195330872136,9.66138323550368,-693.730420512886));
#10182=CARTESIAN_POINT('Ctrl Pts',(31.1217397039771,9.57945976920709,-691.244279042758));
#10183=CARTESIAN_POINT('Ctrl Pts',(31.1217397039771,9.5794597692071,-690.));
#10184=CARTESIAN_POINT('Ctrl Pts',(28.2364154747377,10.3424388724325,-700.688422051766));
#10185=CARTESIAN_POINT('Ctrl Pts',(28.7176743692896,10.5095475022091,-699.551392311638));
#10186=CARTESIAN_POINT('Ctrl Pts',(29.50140293465,10.5227919032262,-697.273226823787));
#10187=CARTESIAN_POINT('Ctrl Pts',(30.190845526384,10.2837778693117,-693.497186470779));
#10188=CARTESIAN_POINT('Ctrl Pts',(30.333840794382,10.2084208453604,-691.166573050885));
#10189=CARTESIAN_POINT('Ctrl Pts',(30.333840794382,10.2084208453605,-690.));
#10190=CARTESIAN_POINT('Ctrl Pts',(26.5571421141731,12.0151545439924,-699.422892068106));
#10191=CARTESIAN_POINT('Ctrl Pts',(27.1937749070329,12.189907436815,-698.444333193239));
#10192=CARTESIAN_POINT('Ctrl Pts',(28.2360585108419,12.1339358994275,-696.45679272088));
#10193=CARTESIAN_POINT('Ctrl Pts',(29.1489547500029,11.7733357594403,-693.110897044917));
#10194=CARTESIAN_POINT('Ctrl Pts',(29.3388340723977,11.6665458571769,-691.037971915334));
#10195=CARTESIAN_POINT('Ctrl Pts',(29.3388340723976,11.6665458571769,-690.));
#10196=CARTESIAN_POINT('Ctrl Pts',(26.0327633621281,13.8780026237179,-699.027711004027));
#10197=CARTESIAN_POINT('Ctrl Pts',(26.8063620892558,13.944737210934,-698.003492524141));
#10198=CARTESIAN_POINT('Ctrl Pts',(27.9337294352533,13.6469942636416,-696.037791259769));
#10199=CARTESIAN_POINT('Ctrl Pts',(28.8653170193858,13.0679088818959,-692.888182756297));
#10200=CARTESIAN_POINT('Ctrl Pts',(29.0535966954615,12.9122557869897,-690.963004524316));
#10201=CARTESIAN_POINT('Ctrl Pts',(29.0535966954615,12.9122557869897,-690.));
#10202=CARTESIAN_POINT('Ctrl Pts',(26.0327633621281,15.,-699.027711004027));
#10203=CARTESIAN_POINT('Ctrl Pts',(26.8710961358656,15.,-697.915299672488));
#10204=CARTESIAN_POINT('Ctrl Pts',(27.9972161407557,14.555926739066,-695.880048245216));
#10205=CARTESIAN_POINT('Ctrl Pts',(28.8783394504969,13.8447314818145,-692.785126286861));
#10206=CARTESIAN_POINT('Ctrl Pts',(29.0535966954615,13.6602540378444,-690.928691424969));
#10207=CARTESIAN_POINT('Ctrl Pts',(29.0535966954615,13.6602540378444,-690.));
#10208=CARTESIAN_POINT('',(29.0535966954615,13.6602540378444,-690.));
#10209=CARTESIAN_POINT('Origin',(34.0535966954615,13.6602540378444,-690.));
#10210=CARTESIAN_POINT('Ctrl Pts',(26.0327633621281,15.,-699.027711004027));
#10211=CARTESIAN_POINT('Ctrl Pts',(26.8710961358656,15.,-697.915299672488));
#10212=CARTESIAN_POINT('Ctrl Pts',(27.9972161407557,14.555926739066,-695.880048245216));
#10213=CARTESIAN_POINT('Ctrl Pts',(28.8783394504969,13.8447314818145,-692.785126286861));
#10214=CARTESIAN_POINT('Ctrl Pts',(29.0535966954615,13.6602540378444,-690.928691424969));
#10215=CARTESIAN_POINT('Ctrl Pts',(29.0535966954615,13.6602540378444,-690.));
#10216=CARTESIAN_POINT('Ctrl Pts',(31.5535966954615,9.33012701892219,-690.));
#10217=CARTESIAN_POINT('Ctrl Pts',(31.5535966954615,9.33012701892217,-687.924311828965));
#10218=CARTESIAN_POINT('Ctrl Pts',(31.1734142614878,9.57587627382358,-683.106005324345));
#10219=CARTESIAN_POINT('Ctrl Pts',(29.9688891454415,9.99999999999999,-678.846931615713));
#10220=CARTESIAN_POINT('Ctrl Pts',(29.0535966954615,10.,-676.771243444677));
#10221=CARTESIAN_POINT('Ctrl Pts',(31.1217397039771,9.5794597692071,-690.));
#10222=CARTESIAN_POINT('Ctrl Pts',(31.1217397039772,9.57945976920707,-687.984079636652));
#10223=CARTESIAN_POINT('Ctrl Pts',(30.6927772389364,9.80845628760381,-683.303643041588));
#10224=CARTESIAN_POINT('Ctrl Pts',(29.3883774841165,10.1029767620578,-679.220683886091));
#10225=CARTESIAN_POINT('Ctrl Pts',(28.4925980073205,10.,-677.265997782895));
#10226=CARTESIAN_POINT('Ctrl Pts',(30.3338406439576,10.2084207924096,-690.));
#10227=CARTESIAN_POINT('Ctrl Pts',(30.3338406439576,10.2084207924096,-688.10357028173));
#10228=CARTESIAN_POINT('Ctrl Pts',(29.8160238768861,10.4352170911326,-683.698573083579));
#10229=CARTESIAN_POINT('Ctrl Pts',(28.2923830144955,10.5897343154414,-679.966796755158));
#10230=CARTESIAN_POINT('Ctrl Pts',(27.3731129599984,10.3424385137465,-678.253290793452));
#10231=CARTESIAN_POINT('Ctrl Pts',(29.3388337762279,11.6665457839955,-690.));
#10232=CARTESIAN_POINT('Ctrl Pts',(29.3388337762279,11.6665457839954,-688.294180510237));
#10233=CARTESIAN_POINT('Ctrl Pts',(28.7251274540684,11.9782322013609,-684.330863555398));
#10234=CARTESIAN_POINT('Ctrl Pts',(26.9005716483775,12.2737621894199,-681.076679725772));
#10235=CARTESIAN_POINT('Ctrl Pts',(25.7960556794808,12.0151540206686,-679.644124582636));
#10236=CARTESIAN_POINT('Ctrl Pts',(29.0535966954615,12.9122557869897,-690.));
#10237=CARTESIAN_POINT('Ctrl Pts',(29.0535966954615,12.9122557869896,-688.39852400779));
#10238=CARTESIAN_POINT('Ctrl Pts',(28.447899023901,13.3365508212163,-684.677977199903));
#10239=CARTESIAN_POINT('Ctrl Pts',(26.5875437789595,13.9767598409152,-681.531201295066));
#10240=CARTESIAN_POINT('Ctrl Pts',(25.3035966954615,13.8780026237179,-680.078432583508));
#10241=CARTESIAN_POINT('Ctrl Pts',(29.0535966954615,13.6602540378444,-690.));
#10242=CARTESIAN_POINT('Ctrl Pts',(29.0535966954615,13.6602540378443,-688.443233871722));
#10243=CARTESIAN_POINT('Ctrl Pts',(28.4833230445011,14.1517525476472,-684.829503993259));
#10244=CARTESIAN_POINT('Ctrl Pts',(26.6765353704304,15.,-681.635198711783));
#10245=CARTESIAN_POINT('Ctrl Pts',(25.3035966954615,15.,-680.078432583508));
#10246=CARTESIAN_POINT('Ctrl Pts',(29.0535966954615,10.,-676.771243444677));
#10247=CARTESIAN_POINT('Ctrl Pts',(29.9688891454415,9.99999999999999,-678.846931615713));
#10248=CARTESIAN_POINT('Ctrl Pts',(31.1734142614878,9.57587627382358,-683.106005324345));
#10249=CARTESIAN_POINT('Ctrl Pts',(31.5535966954615,9.33012701892217,-687.924311828965));
#10250=CARTESIAN_POINT('Ctrl Pts',(31.5535966954615,9.33012701892219,-690.));
#10251=CARTESIAN_POINT('Ctrl Pts',(29.0535966954615,13.6602540378444,-690.));
#10252=CARTESIAN_POINT('Ctrl Pts',(29.0535966954615,13.6602540378443,-688.443233871722));
#10253=CARTESIAN_POINT('Ctrl Pts',(28.4833230445011,14.1517525476472,-684.829503993259));
#10254=CARTESIAN_POINT('Ctrl Pts',(26.6765353704304,15.,-681.635198711783));
#10255=CARTESIAN_POINT('Ctrl Pts',(25.3035966954615,15.,-680.078432583508));
#10256=CARTESIAN_POINT('Origin',(-0.946403304538546,5.,-345.));
#10257=CARTESIAN_POINT('',(-5.94640330453855,5.,-690.));
#10258=CARTESIAN_POINT('Origin',(-0.946403304538537,5.,-690.));
#10259=CARTESIAN_POINT('',(-5.94640330453855,5.,690.));
#10260=CARTESIAN_POINT('',(-5.94640330453855,5.,-345.));
#10261=CARTESIAN_POINT('',(-3.44640330453854,9.33012701892219,690.));
#10262=CARTESIAN_POINT('Origin',(-0.946403304538546,5.,690.));
#10263=CARTESIAN_POINT('',(-0.946403304538546,10.,676.771243444677));
#10264=CARTESIAN_POINT('Ctrl Pts',(-0.946403304538546,10.,676.771243444677));
#10265=CARTESIAN_POINT('Ctrl Pts',(-1.63287264673448,10.,678.328009583637));
#10266=CARTESIAN_POINT('Ctrl Pts',(-2.56554300845122,9.77084513180122,681.263997889948));
#10267=CARTESIAN_POINT('Ctrl Pts',(-3.30064798606158,9.41959044124948,685.849137730028));
#10268=CARTESIAN_POINT('Ctrl Pts',(-3.44640330453855,9.33012701892219,688.61620787648));
#10269=CARTESIAN_POINT('Ctrl Pts',(-3.44640330453855,9.33012701892219,689.999999999999));
#10270=CARTESIAN_POINT('',(-0.946403304538546,10.,583.228756555323));
#10271=CARTESIAN_POINT('',(-0.946403304538546,10.,-345.));
#10272=CARTESIAN_POINT('',(-0.946403304538546,10.,556.771243444677));
#10273=CARTESIAN_POINT('Ctrl Pts',(-0.946403304538586,10.,556.771243444677));
#10274=CARTESIAN_POINT('Ctrl Pts',(-1.40404207429052,10.,557.809070623304));
#10275=CARTESIAN_POINT('Ctrl Pts',(-2.2082462984424,9.87610648683469,560.071753521903));
#10276=CARTESIAN_POINT('Ctrl Pts',(-3.03494984475507,9.56016262364072,563.849127709764));
#10277=CARTESIAN_POINT('Ctrl Pts',(-3.46352825520862,9.32158188749057,567.910632198209));
#10278=CARTESIAN_POINT('Ctrl Pts',(-3.46299597095629,9.32147916965757,572.094523752908));
#10279=CARTESIAN_POINT('Ctrl Pts',(-2.89274357854213,9.63915806746727,577.504458378672));
#10280=CARTESIAN_POINT('Ctrl Pts',(-1.86168084404242,10.,581.153102198068));
#10281=CARTESIAN_POINT('Ctrl Pts',(-0.94640330453857,10.,583.228756555323));
#10282=CARTESIAN_POINT('',(-0.946403304538546,10.,463.228756555323));
#10283=CARTESIAN_POINT('',(-0.946403304538546,10.,-345.));
#10284=CARTESIAN_POINT('',(-0.946403304538546,10.,436.771243444677));
#10285=CARTESIAN_POINT('Ctrl Pts',(-0.946403304538559,10.,436.771243444677));
#10286=CARTESIAN_POINT('Ctrl Pts',(-1.40404206245709,10.,437.809070596469));
#10287=CARTESIAN_POINT('Ctrl Pts',(-2.20827775296309,9.87607529541721,440.071694842609));
#10288=CARTESIAN_POINT('Ctrl Pts',(-3.03498812512742,9.56012429718218,443.849048094927));
#10289=CARTESIAN_POINT('Ctrl Pts',(-3.46358998893317,9.32151783902306,447.910499764996));
#10290=CARTESIAN_POINT('Ctrl Pts',(-3.4630492237798,9.32142654367588,452.09440631563));
#10291=CARTESIAN_POINT('Ctrl Pts',(-2.89282112350135,9.63907948432942,457.504282619202));
#10292=CARTESIAN_POINT('Ctrl Pts',(-1.86168082037563,9.99999999999999,461.153102251739));
#10293=CARTESIAN_POINT('Ctrl Pts',(-0.946403304538558,10.,463.228756555323));
#10294=CARTESIAN_POINT('',(-0.946403304538546,10.,343.228756555323));
#10295=CARTESIAN_POINT('',(-0.946403304538546,10.,-345.));
#10296=CARTESIAN_POINT('',(-0.946403304538546,10.,316.771243444677));
#10297=CARTESIAN_POINT('Ctrl Pts',(-0.946403304538532,10.,316.771243444677));
#10298=CARTESIAN_POINT('Ctrl Pts',(-1.40405145642019,10.,317.809091899974));
#10299=CARTESIAN_POINT('Ctrl Pts',(-2.20845589643997,9.87600217252498,320.071061318935));
#10300=CARTESIAN_POINT('Ctrl Pts',(-3.03522545743445,9.5591261541068,323.848874404981));
#10301=CARTESIAN_POINT('Ctrl Pts',(-3.46408580244521,9.32185892943989,327.90801001527));
#10302=CARTESIAN_POINT('Ctrl Pts',(-3.46333419585639,9.31692205583577,333.48994293593));
#10303=CARTESIAN_POINT('Ctrl Pts',(-2.60927222302548,9.80900770461295,338.804687549281));
#10304=CARTESIAN_POINT('Ctrl Pts',(-1.40405145642021,10.,342.190908100025));
#10305=CARTESIAN_POINT('Ctrl Pts',(-0.946403304538568,10.,343.228756555323));
#10306=CARTESIAN_POINT('',(-0.946403304538546,10.,223.228756555323));
#10307=CARTESIAN_POINT('',(-0.946403304538546,10.,-345.));
#10308=CARTESIAN_POINT('',(-0.946403304538546,10.,196.771243444677));
#10309=CARTESIAN_POINT('Ctrl Pts',(-0.946403304538545,10.,196.771243444677));
#10310=CARTESIAN_POINT('Ctrl Pts',(-1.40405145642019,10.,197.809091899974));
#10311=CARTESIAN_POINT('Ctrl Pts',(-2.2083707203617,9.87596219115093,200.071422162513));
#10312=CARTESIAN_POINT('Ctrl Pts',(-3.03511291173814,9.5599888786035,203.848858910494));
#10313=CARTESIAN_POINT('Ctrl Pts',(-3.46375487564275,9.32131398933727,207.90937455379));
#10314=CARTESIAN_POINT('Ctrl Pts',(-3.46326620965423,9.32122293844306,212.093802537567));
#10315=CARTESIAN_POINT('Ctrl Pts',(-2.89314054770456,9.63877133968213,217.503421246347));
#10316=CARTESIAN_POINT('Ctrl Pts',(-1.86169960830188,10.,221.153059644728));
#10317=CARTESIAN_POINT('Ctrl Pts',(-0.946403304538549,10.,223.228756555323));
#10318=CARTESIAN_POINT('',(-0.946403304538546,10.,103.228756555323));
#10319=CARTESIAN_POINT('',(-0.946403304538546,10.,-345.));
#10320=CARTESIAN_POINT('',(-0.946403304538546,10.,76.7712434446769));
#10321=CARTESIAN_POINT('Ctrl Pts',(-0.946403304538551,10.,76.7712434446769));
#10322=CARTESIAN_POINT('Ctrl Pts',(-1.4040514564202,10.,77.8090918999745));
#10323=CARTESIAN_POINT('Ctrl Pts',(-2.20854356138609,9.87599747320433,80.0710340385776));
#10324=CARTESIAN_POINT('Ctrl Pts',(-3.0353030685532,9.55911292913987,83.8488105000902));
#10325=CARTESIAN_POINT('Ctrl Pts',(-3.46420519076754,9.32185013104044,87.9078310465585));
#10326=CARTESIAN_POINT('Ctrl Pts',(-3.46340055784887,9.31690411097079,93.4898741087167));
#10327=CARTESIAN_POINT('Ctrl Pts',(-2.60936216334185,9.80902472370157,98.8045265887123));
#10328=CARTESIAN_POINT('Ctrl Pts',(-1.4040514564202,10.,102.190908100025));
#10329=CARTESIAN_POINT('Ctrl Pts',(-0.94640330453855,10.,103.228756555323));
#10330=CARTESIAN_POINT('',(-0.946403304538546,10.,-76.7712434446769));
#10331=CARTESIAN_POINT('',(-0.946403304538546,10.,-345.));
#10332=CARTESIAN_POINT('',(-0.946403304538546,10.,-103.228756555323));
#10333=CARTESIAN_POINT('Ctrl Pts',(-0.946403304538551,10.,-103.228756555323));
#10334=CARTESIAN_POINT('Ctrl Pts',(-1.4040514564202,10.,-102.190908100025));
#10335=CARTESIAN_POINT('Ctrl Pts',(-2.20854356138608,9.87599747320434,-99.9289659614222));
#10336=CARTESIAN_POINT('Ctrl Pts',(-3.03530306855321,9.55911292913987,-96.1511894999094));
#10337=CARTESIAN_POINT('Ctrl Pts',(-3.46420519076754,9.32185013104044,-92.0921689534411));
#10338=CARTESIAN_POINT('Ctrl Pts',(-3.46340055784887,9.31690411097079,-86.5101258912831));
#10339=CARTESIAN_POINT('Ctrl Pts',(-2.60936216334184,9.80902472370157,-81.1954734112873));
#10340=CARTESIAN_POINT('Ctrl Pts',(-1.4040514564202,10.,-77.8090918999745));
#10341=CARTESIAN_POINT('Ctrl Pts',(-0.946403304538548,10.,-76.7712434446769));
#10342=CARTESIAN_POINT('',(-0.946403304538546,10.,-196.771243444677));
#10343=CARTESIAN_POINT('',(-0.946403304538546,10.,-345.));
#10344=CARTESIAN_POINT('',(-0.946403304538546,10.,-223.228756555323));
#10345=CARTESIAN_POINT('Ctrl Pts',(-0.946403304538544,10.,-223.228756555323));
#10346=CARTESIAN_POINT('Ctrl Pts',(-1.40405145642019,10.,-222.190908100025));
#10347=CARTESIAN_POINT('Ctrl Pts',(-2.20837072036166,9.87596219115094,-219.928577837487));
#10348=CARTESIAN_POINT('Ctrl Pts',(-3.03511291173814,9.55998887860349,-216.151141089506));
#10349=CARTESIAN_POINT('Ctrl Pts',(-3.46375487564273,9.32131398933727,-212.09062544621));
#10350=CARTESIAN_POINT('Ctrl Pts',(-3.46326620965421,9.32122293844306,-207.906197462433));
#10351=CARTESIAN_POINT('Ctrl Pts',(-2.89314054770453,9.63877133968214,-202.496578753652));
#10352=CARTESIAN_POINT('Ctrl Pts',(-1.86169960830184,10.,-198.846940355272));
#10353=CARTESIAN_POINT('Ctrl Pts',(-0.94640330453855,10.,-196.771243444677));
#10354=CARTESIAN_POINT('',(-0.946403304538546,10.,-316.771243444677));
#10355=CARTESIAN_POINT('',(-0.946403304538546,10.,-345.));
#10356=CARTESIAN_POINT('',(-0.946403304538546,10.,-343.228756555323));
#10357=CARTESIAN_POINT('Ctrl Pts',(-0.946403304538559,10.,-343.228756555323));
#10358=CARTESIAN_POINT('Ctrl Pts',(-1.86169960830185,10.,-341.153059644728));
#10359=CARTESIAN_POINT('Ctrl Pts',(-2.89302953608541,9.63893337445173,-337.503385290203));
#10360=CARTESIAN_POINT('Ctrl Pts',(-3.46308458598005,9.32136633213344,-332.094021449166));
#10361=CARTESIAN_POINT('Ctrl Pts',(-3.46363091704436,9.32145236197464,-327.909483155456));
#10362=CARTESIAN_POINT('Ctrl Pts',(-3.03497512336244,9.56008522967167,-323.849056614136));
#10363=CARTESIAN_POINT('Ctrl Pts',(-2.20831742357069,9.87603276256186,-320.071449778123));
#10364=CARTESIAN_POINT('Ctrl Pts',(-1.40405145642021,10.,-317.809091899975));
#10365=CARTESIAN_POINT('Ctrl Pts',(-0.946403304538547,10.,-316.771243444677));
#10366=CARTESIAN_POINT('',(-0.946403304538546,10.,-436.771243444677));
#10367=CARTESIAN_POINT('',(-0.946403304538546,10.,-345.));
#10368=CARTESIAN_POINT('',(-0.946403304538546,10.,-463.228756555323));
#10369=CARTESIAN_POINT('Ctrl Pts',(-0.946403304538566,10.,-463.228756555323));
#10370=CARTESIAN_POINT('Ctrl Pts',(-1.40405145642023,10.,-462.190908100025));
#10371=CARTESIAN_POINT('Ctrl Pts',(-2.20843756058921,9.87600348196844,-459.928928042463));
#10372=CARTESIAN_POINT('Ctrl Pts',(-3.03520717227013,9.55912865779091,-456.151107789909));
#10373=CARTESIAN_POINT('Ctrl Pts',(-3.46405841562295,9.32186125372393,-452.091952241311));
#10374=CARTESIAN_POINT('Ctrl Pts',(-3.46331588489103,9.31692521626179,-446.510035711922));
#10375=CARTESIAN_POINT('Ctrl Pts',(-2.60925392828749,9.80900586001325,-441.195282620591));
#10376=CARTESIAN_POINT('Ctrl Pts',(-1.40405145642023,9.99999999999999,-437.809091899975));
#10377=CARTESIAN_POINT('Ctrl Pts',(-0.946403304538608,10.,-436.771243444677));
#10378=CARTESIAN_POINT('',(-0.946403304538546,10.,-556.771243444677));
#10379=CARTESIAN_POINT('',(-0.946403304538546,10.,-345.));
#10380=CARTESIAN_POINT('',(-0.946403304538546,10.,-583.228756555323));
#10381=CARTESIAN_POINT('Ctrl Pts',(-0.946403304538559,10.,-583.228756555323));
#10382=CARTESIAN_POINT('Ctrl Pts',(-1.40405145642024,10.,-582.190908100025));
#10383=CARTESIAN_POINT('Ctrl Pts',(-2.20842503495496,9.87600441488635,-579.928920028409));
#10384=CARTESIAN_POINT('Ctrl Pts',(-3.03519439806008,9.55913033431908,-576.151094994677));
#10385=CARTESIAN_POINT('Ctrl Pts',(-3.46403934558362,9.32186290163603,-572.091926363584));
#10386=CARTESIAN_POINT('Ctrl Pts',(-3.4633027597675,9.31692730732099,-566.510020219179));
#10387=CARTESIAN_POINT('Ctrl Pts',(-2.6092414757753,9.80900484309754,-561.195262773751));
#10388=CARTESIAN_POINT('Ctrl Pts',(-1.40405145642021,10.,-557.809091899975));
#10389=CARTESIAN_POINT('Ctrl Pts',(-0.946403304538566,10.,-556.771243444677));
#10390=CARTESIAN_POINT('',(-0.946403304538546,10.,-345.));
#10391=CARTESIAN_POINT('Origin',(104.053596695461,5.,-690.));
#10392=CARTESIAN_POINT('Origin',(104.053596695461,5.,-690.));
#10393=CARTESIAN_POINT('Origin',(14.0535966954615,10.,-690.));
#10394=CARTESIAN_POINT('',(-0.94640330453855,10.,-690.));
#10395=CARTESIAN_POINT('Origin',(14.0535966954615,15.,-210.));
#10396=CARTESIAN_POINT('',(29.0535966954615,10.,-196.771243444677));
#10397=CARTESIAN_POINT('',(25.3035966954615,15.,-200.078432583508));
#10398=CARTESIAN_POINT('Origin',(29.0535966954615,15.,-196.771243444677));
#10399=CARTESIAN_POINT('',(2.80359669546146,15.,-200.078432583508));
#10400=CARTESIAN_POINT('Origin',(14.0535966954615,15.,-210.));
#10401=CARTESIAN_POINT('Origin',(-0.946403304538541,15.,-196.771243444677));
#10402=CARTESIAN_POINT('Origin',(14.0535966954615,10.,-210.));
#10403=CARTESIAN_POINT('Origin',(14.0535966954615,15.,-210.));
#10404=CARTESIAN_POINT('',(2.80359669546146,15.,-219.921567416492));
#10405=CARTESIAN_POINT('Origin',(-0.946403304538541,15.,-223.228756555323));
#10406=CARTESIAN_POINT('',(25.3035966954615,15.,-219.921567416492));
#10407=CARTESIAN_POINT('Origin',(14.0535966954615,15.,-210.));
#10408=CARTESIAN_POINT('',(29.0535966954615,10.,-223.228756555323));
#10409=CARTESIAN_POINT('Origin',(29.0535966954615,15.,-223.228756555323));
#10410=CARTESIAN_POINT('Origin',(14.0535966954615,10.,-210.));
#10411=CARTESIAN_POINT('Ctrl Pts',(-0.94640330453855,10.,-196.771243444677));
#10412=CARTESIAN_POINT('Ctrl Pts',(-1.86169960830184,10.,-198.846940355272));
#10413=CARTESIAN_POINT('Ctrl Pts',(-2.89314054770453,9.63877133968214,-202.496578753652));
#10414=CARTESIAN_POINT('Ctrl Pts',(-3.46326620965421,9.32122293844306,-207.906197462433));
#10415=CARTESIAN_POINT('Ctrl Pts',(-3.46375487564273,9.32131398933727,-212.09062544621));
#10416=CARTESIAN_POINT('Ctrl Pts',(-3.03511291173814,9.55998887860349,-216.151141089506));
#10417=CARTESIAN_POINT('Ctrl Pts',(-2.20837072036166,9.87596219115094,-219.928577837487));
#10418=CARTESIAN_POINT('Ctrl Pts',(-1.40405145642019,10.,-222.190908100025));
#10419=CARTESIAN_POINT('Ctrl Pts',(-0.946403304538544,10.,-223.228756555323));
#10420=CARTESIAN_POINT('Ctrl Pts',(-0.385404616397517,10.,-197.265997782895));
#10421=CARTESIAN_POINT('Ctrl Pts',(-1.28118786481856,10.1029771956352,-199.220692116178));
#10422=CARTESIAN_POINT('Ctrl Pts',(-2.39759179909816,9.85218329573541,-202.719729898897));
#10423=CARTESIAN_POINT('Ctrl Pts',(-3.03289679744274,9.57065581408481,-207.965791170085));
#10424=CARTESIAN_POINT('Ctrl Pts',(-3.03382382704879,9.5719929114148,-212.031594543152));
#10425=CARTESIAN_POINT('Ctrl Pts',(-2.55540640422284,9.78152639632711,-215.968922520771));
#10426=CARTESIAN_POINT('Ctrl Pts',(-1.6587958771742,10.020596309095,-219.606684865071));
#10427=CARTESIAN_POINT('Ctrl Pts',(-0.83329624060799,10.0514885978176,-221.756655050463));
#10428=CARTESIAN_POINT('Ctrl Pts',(-0.38540461639751,10.,-222.734002217105));
#10429=CARTESIAN_POINT('Ctrl Pts',(0.734136668426165,10.3423979554529,-198.253340390266));
#10430=CARTESIAN_POINT('Ctrl Pts',(-0.185137256601679,10.5896947983719,
-199.966853566585));
#10431=CARTESIAN_POINT('Ctrl Pts',(-1.48829634064806,10.4581420595751,-203.165701123664));
#10432=CARTESIAN_POINT('Ctrl Pts',(-2.24802786266023,10.198489422691,-208.084883487485));
#10433=CARTESIAN_POINT('Ctrl Pts',(-2.24992817289389,10.2016199522401,-211.913658791398));
#10434=CARTESIAN_POINT('Ctrl Pts',(-1.67635161474794,10.3916710027406,-215.604899910395));
#10435=CARTESIAN_POINT('Ctrl Pts',(-0.630344332454513,10.5534991954949,
-218.963791749231));
#10436=CARTESIAN_POINT('Ctrl Pts',(0.274499705912382,10.4660463769124,-220.889903021574));
#10437=CARTESIAN_POINT('Ctrl Pts',(0.734136668426172,10.3423979554529,-221.746659609734));
#10438=CARTESIAN_POINT('Ctrl Pts',(2.31125844767988,12.0150947083734,-199.644231061989));
#10439=CARTESIAN_POINT('Ctrl Pts',(1.20673782828558,12.2737039659787,-201.076792236812));
#10440=CARTESIAN_POINT('Ctrl Pts',(-0.353578480637866,12.0220068010414,
-203.866555056138));
#10441=CARTESIAN_POINT('Ctrl Pts',(-1.25603074884232,11.6532196432507,-208.276184236997));
#10442=CARTESIAN_POINT('Ctrl Pts',(-1.25874440328858,11.6565085176813,-211.723377610828));
#10443=CARTESIAN_POINT('Ctrl Pts',(-0.576534955454394,11.928330592796,-215.031172821821));
#10444=CARTESIAN_POINT('Ctrl Pts',(0.672320059736849,12.1965721033881,-217.993658111866));
#10445=CARTESIAN_POINT('Ctrl Pts',(1.75899813798299,12.1443993371761,-219.639488350599));
#10446=CARTESIAN_POINT('Ctrl Pts',(2.31125844767988,12.0150947083734,-220.35576893801));
#10447=CARTESIAN_POINT('Ctrl Pts',(2.80359669546146,13.8780026237179,-200.078432583508));
#10448=CARTESIAN_POINT('Ctrl Pts',(1.51964420598159,13.9767602567264,-201.531207411861));
#10449=CARTESIAN_POINT('Ctrl Pts',(-0.0726387525329476,13.4315184858531,
-204.229348186376));
#10450=CARTESIAN_POINT('Ctrl Pts',(-0.973842628573454,12.8967930483238,
-208.382426612018));
#10451=CARTESIAN_POINT('Ctrl Pts',(-0.975159281076988,12.8980375522722,
-211.616651589826));
#10452=CARTESIAN_POINT('Ctrl Pts',(-0.296733037989601,13.2982144946685,
-214.733361986956));
#10453=CARTESIAN_POINT('Ctrl Pts',(0.980414943962395,13.7929099430138,-217.566880624055));
#10454=CARTESIAN_POINT('Ctrl Pts',(2.16162045072182,13.9273814402222,-219.195180002316));
#10455=CARTESIAN_POINT('Ctrl Pts',(2.80359669546146,13.8780026237179,-219.921567416492));
#10456=CARTESIAN_POINT('Ctrl Pts',(2.80359669546146,15.,-200.078432583508));
#10457=CARTESIAN_POINT('Ctrl Pts',(1.43065223981679,15.,-201.635205266454));
#10458=CARTESIAN_POINT('Ctrl Pts',(-0.116509169287535,14.2775426793643,
-204.372434065239));
#10459=CARTESIAN_POINT('Ctrl Pts',(-0.971697662211924,13.6424458768861,
-208.429648096825));
#10460=CARTESIAN_POINT('Ctrl Pts',(-0.972430661194762,13.6426279786745,
-211.567969084658));
#10461=CARTESIAN_POINT('Ctrl Pts',(-0.329467715337745,14.119977757207,-214.613355817129));
#10462=CARTESIAN_POINT('Ctrl Pts',(0.910645571726963,14.7519243823019,-217.446433378116));
#10463=CARTESIAN_POINT('Ctrl Pts',(2.11712446763942,15.,-219.143181075019));
#10464=CARTESIAN_POINT('Ctrl Pts',(2.80359669546146,15.,-219.921567416492));
#10465=CARTESIAN_POINT('',(-0.945582234778737,13.6618648230502,-209.999459656958));
#10466=CARTESIAN_POINT('Ctrl Pts',(2.80359669546146,15.,-200.078432583508));
#10467=CARTESIAN_POINT('Ctrl Pts',(1.43065223981679,15.,-201.635205266454));
#10468=CARTESIAN_POINT('Ctrl Pts',(-0.116509169287535,14.2775426793643,
-204.372434065239));
#10469=CARTESIAN_POINT('Ctrl Pts',(-0.864877192111744,13.7217749833476,
-207.922866827272));
#10470=CARTESIAN_POINT('Ctrl Pts',(-0.945287061806302,13.6623319870628,
-209.480488924496));
#10471=CARTESIAN_POINT('Ctrl Pts',(-0.945306866338519,13.6624052309645,
-209.999997881962));
#10472=CARTESIAN_POINT('Ctrl Pts',(-0.945306786682025,13.6624051074569,
-209.998918955802));
#10473=CARTESIAN_POINT('Ctrl Pts',(-0.945363648539275,13.6624507676597,
-210.51802901688));
#10474=CARTESIAN_POINT('Ctrl Pts',(-0.86526612587719,13.7221892777043,-212.075552696047));
#10475=CARTESIAN_POINT('Ctrl Pts',(-0.329467715337745,14.119977757207,-214.613355817129));
#10476=CARTESIAN_POINT('Ctrl Pts',(0.910645571726963,14.7519243823019,-217.446433378116));
#10477=CARTESIAN_POINT('Ctrl Pts',(2.11712446763942,15.,-219.143181075019));
#10478=CARTESIAN_POINT('Ctrl Pts',(2.80359669546146,15.,-219.921567416492));
#10479=CARTESIAN_POINT('Ctrl Pts',(29.0535966954615,10.,-223.228756555323));
#10480=CARTESIAN_POINT('Ctrl Pts',(29.5112448473677,10.,-222.190908099969));
#10481=CARTESIAN_POINT('Ctrl Pts',(30.3156837613485,9.8760059912211,-219.929036661761));
#10482=CARTESIAN_POINT('Ctrl Pts',(31.1423864651388,9.55913716691128,-216.151140402774));
#10483=CARTESIAN_POINT('Ctrl Pts',(31.5713080018625,9.32185799896264,-212.092210295336));
#10484=CARTESIAN_POINT('Ctrl Pts',(31.5704759148817,9.31695007625173,-206.510234554409));
#10485=CARTESIAN_POINT('Ctrl Pts',(30.7165181099213,9.80899216119276,-201.195513286977));
#10486=CARTESIAN_POINT('Ctrl Pts',(29.5112448473677,10.,-197.80909190003));
#10487=CARTESIAN_POINT('Ctrl Pts',(29.0535966954615,10.,-196.771243444677));
#10488=CARTESIAN_POINT('Ctrl Pts',(28.4925980073204,10.,-222.734002217105));
#10489=CARTESIAN_POINT('Ctrl Pts',(28.9404896315551,10.0514885978204,-221.756655050411));
#10490=CARTESIAN_POINT('Ctrl Pts',(29.7660814047581,10.0207512958431,-219.607100101765));
#10491=CARTESIAN_POINT('Ctrl Pts',(30.6632615599994,9.78120150635863,-215.968787777925));
#10492=CARTESIAN_POINT('Ctrl Pts',(31.1410057842137,9.57269884410785,-212.033070827448));
#10493=CARTESIAN_POINT('Ctrl Pts',(31.1428346835687,9.56810072866811,-206.60888892087));
#10494=CARTESIAN_POINT('Ctrl Pts',(30.1807816491241,10.0009931606128,-201.461419939326));
#10495=CARTESIAN_POINT('Ctrl Pts',(28.940489631555,10.0514885978204,-198.243344949589));
#10496=CARTESIAN_POINT('Ctrl Pts',(28.4925980073204,10.,-197.265997782895));
#10497=CARTESIAN_POINT('Ctrl Pts',(27.3730641507685,10.3424033582817,-221.746666160853));
#10498=CARTESIAN_POINT('Ctrl Pts',(27.8327011133073,10.4660517797478,-220.889909572648));
#10499=CARTESIAN_POINT('Ctrl Pts',(28.7376473905417,10.5538105752924,-218.964129215342));
#10500=CARTESIAN_POINT('Ctrl Pts',(29.7852526410649,10.3919305628463,-215.604513141792));
#10501=CARTESIAN_POINT('Ctrl Pts',(30.3566558599592,10.2026353688057,-211.914921763932));
#10502=CARTESIAN_POINT('Ctrl Pts',(30.3625745865449,10.1975977155729,-206.80607503972));
#10503=CARTESIAN_POINT('Ctrl Pts',(29.1971453665722,10.5931177913729,-201.992645856159));
#10504=CARTESIAN_POINT('Ctrl Pts',(27.8327011133072,10.4660517797478,-199.110090427352));
#10505=CARTESIAN_POINT('Ctrl Pts',(27.3730641507685,10.3424033582817,-198.253333839146));
#10506=CARTESIAN_POINT('Ctrl Pts',(25.7959511117489,12.0151026256847,-220.355783197292));
#10507=CARTESIAN_POINT('Ctrl Pts',(26.348211421476,12.1444072544943,-219.639502609842));
#10508=CARTESIAN_POINT('Ctrl Pts',(27.4350167743953,12.1969123959557,-217.99390791432));
#10509=CARTESIAN_POINT('Ctrl Pts',(28.6858665143012,11.9282630939146,-215.030477659953));
#10510=CARTESIAN_POINT('Ctrl Pts',(29.3653922746268,11.6577875157667,-211.724461883523));
#10511=CARTESIAN_POINT('Ctrl Pts',(29.3723010002137,11.6506095039212,-207.123385474095));
#10512=CARTESIAN_POINT('Ctrl Pts',(27.9866453599394,12.2162714243101,-202.823058313767));
#10513=CARTESIAN_POINT('Ctrl Pts',(26.3482114214758,12.1444072544943,-200.360497390157));
#10514=CARTESIAN_POINT('Ctrl Pts',(25.7959511117489,12.0151026256847,-199.644216802707));
#10515=CARTESIAN_POINT('Ctrl Pts',(25.3035966954615,13.8780026237179,-219.921567416492));
#10516=CARTESIAN_POINT('Ctrl Pts',(25.9455729402362,13.9273814402248,-219.195180002276));
#10517=CARTESIAN_POINT('Ctrl Pts',(27.127002935022,13.793121816733,-217.567196664696));
#10518=CARTESIAN_POINT('Ctrl Pts',(28.4050151901365,13.2971503684708,-214.732966044575));
#10519=CARTESIAN_POINT('Ctrl Pts',(29.0825568471704,12.8992690463284,-211.617828015023));
#10520=CARTESIAN_POINT('Ctrl Pts',(29.0852702404452,12.8905118164476,-207.301768186169));
#10521=CARTESIAN_POINT('Ctrl Pts',(27.7206578280515,13.7172530335262,-203.24042156953));
#10522=CARTESIAN_POINT('Ctrl Pts',(25.945572940236,13.9273814402248,-200.804819997723));
#10523=CARTESIAN_POINT('Ctrl Pts',(25.3035966954615,13.8780026237179,-200.078432583508));
#10524=CARTESIAN_POINT('Ctrl Pts',(25.3035966954615,15.,-219.921567416492));
#10525=CARTESIAN_POINT('Ctrl Pts',(25.990068923321,15.,-219.143181074977));
#10526=CARTESIAN_POINT('Ctrl Pts',(27.1967272942922,14.7520119824422,-217.446777496321));
#10527=CARTESIAN_POINT('Ctrl Pts',(28.4367813499776,14.1182743338225,-214.613355302081));
#10528=CARTESIAN_POINT('Ctrl Pts',(29.0801636550632,13.6437159979252,-211.569157721502));
#10529=CARTESIAN_POINT('Ctrl Pts',(29.078915524592,13.6339001525034,-207.382675915807));
#10530=CARTESIAN_POINT('Ctrl Pts',(27.7979788171512,14.6179843223855,-203.396634965233));
#10531=CARTESIAN_POINT('Ctrl Pts',(25.9900689233208,15.,-200.856818925023));
#10532=CARTESIAN_POINT('Ctrl Pts',(25.3035966954615,15.,-200.078432583508));
#10533=CARTESIAN_POINT('Ctrl Pts',(29.0535966954615,10.,-196.771243444677));
#10534=CARTESIAN_POINT('Ctrl Pts',(29.5112448473677,10.,-197.80909190003));
#10535=CARTESIAN_POINT('Ctrl Pts',(30.7165181099213,9.80899216119276,-201.195513286977));
#10536=CARTESIAN_POINT('Ctrl Pts',(31.5704759148817,9.31695007625173,-206.510234554409));
#10537=CARTESIAN_POINT('Ctrl Pts',(31.5713080018625,9.32185799896264,-212.092210295336));
#10538=CARTESIAN_POINT('Ctrl Pts',(31.1423864651388,9.55913716691128,-216.151140402774));
#10539=CARTESIAN_POINT('Ctrl Pts',(30.3156837613485,9.8760059912211,-219.929036661761));
#10540=CARTESIAN_POINT('Ctrl Pts',(29.5112448473677,10.,-222.190908099969));
#10541=CARTESIAN_POINT('Ctrl Pts',(29.0535966954615,10.,-223.228756555323));
#10542=CARTESIAN_POINT('Ctrl Pts',(25.3035966954615,15.,-219.921567416492));
#10543=CARTESIAN_POINT('Ctrl Pts',(25.990068923321,15.,-219.143181074977));
#10544=CARTESIAN_POINT('Ctrl Pts',(27.1967272942922,14.7520119824422,-217.446777496321));
#10545=CARTESIAN_POINT('Ctrl Pts',(28.4367813499776,14.1182743338225,-214.613355302081));
#10546=CARTESIAN_POINT('Ctrl Pts',(29.0801636550632,13.6437159979252,-211.569157721502));
#10547=CARTESIAN_POINT('Ctrl Pts',(29.078915524592,13.6339001525034,-207.382675915807));
#10548=CARTESIAN_POINT('Ctrl Pts',(27.7979788171512,14.6179843223855,-203.396634965233));
#10549=CARTESIAN_POINT('Ctrl Pts',(25.9900689233208,15.,-200.856818925023));
#10550=CARTESIAN_POINT('Ctrl Pts',(25.3035966954615,15.,-200.078432583508));
#10551=CARTESIAN_POINT('Origin',(297.023096695461,10.,0.));
#10552=CARTESIAN_POINT('',(29.0535966954615,10.,-316.771243444677));
#10553=CARTESIAN_POINT('',(29.0535966954615,10.,345.));
#10554=CARTESIAN_POINT('Origin',(14.0535966954615,10.,-330.));
#10555=CARTESIAN_POINT('Origin',(14.0535966954615,10.,-210.));
#10556=CARTESIAN_POINT('',(-0.94640330453855,10.,-210.));
#10557=CARTESIAN_POINT('Origin',(14.0535966954615,15.,-330.));
#10558=CARTESIAN_POINT('',(25.3035966954615,15.,-320.078432583508));
#10559=CARTESIAN_POINT('Origin',(29.0535966954615,15.,-316.771243444677));
#10560=CARTESIAN_POINT('',(2.80359669546146,15.,-320.078432583508));
#10561=CARTESIAN_POINT('Origin',(14.0535966954615,15.,-330.));
#10562=CARTESIAN_POINT('Origin',(-0.946403304538541,15.,-316.771243444677));
#10563=CARTESIAN_POINT('Origin',(14.0535966954615,15.,-330.));
#10564=CARTESIAN_POINT('',(2.80359669546144,15.,-339.921567416492));
#10565=CARTESIAN_POINT('Origin',(-0.946403304538561,15.,-343.228756555323));
#10566=CARTESIAN_POINT('',(25.3035966954615,15.,-339.921567416492));
#10567=CARTESIAN_POINT('Origin',(14.0535966954615,15.,-330.));
#10568=CARTESIAN_POINT('',(29.0535966954615,10.,-343.228756555323));
#10569=CARTESIAN_POINT('Origin',(29.0535966954615,15.,-343.228756555323));
#10570=CARTESIAN_POINT('Origin',(14.0535966954615,10.,-330.));
#10571=CARTESIAN_POINT('Ctrl Pts',(-0.946403304538547,10.,-316.771243444677));
#10572=CARTESIAN_POINT('Ctrl Pts',(-1.40405145642021,10.,-317.809091899975));
#10573=CARTESIAN_POINT('Ctrl Pts',(-2.20831742357069,9.87603276256186,-320.071449778123));
#10574=CARTESIAN_POINT('Ctrl Pts',(-3.03497512336244,9.56008522967167,-323.849056614136));
#10575=CARTESIAN_POINT('Ctrl Pts',(-3.46363091704436,9.32145236197464,-327.909483155456));
#10576=CARTESIAN_POINT('Ctrl Pts',(-3.46308458598005,9.32136633213344,-332.094021449166));
#10577=CARTESIAN_POINT('Ctrl Pts',(-2.89302953608541,9.63893337445173,-337.503385290203));
#10578=CARTESIAN_POINT('Ctrl Pts',(-1.86169960830185,10.,-341.153059644728));
#10579=CARTESIAN_POINT('Ctrl Pts',(-0.946403304538559,10.,-343.228756555323));
#10580=CARTESIAN_POINT('Ctrl Pts',(-0.385404616397516,10.,-317.265997782895));
#10581=CARTESIAN_POINT('Ctrl Pts',(-0.833296240608054,10.0514885978176,
-318.243344949537));
#10582=CARTESIAN_POINT('Ctrl Pts',(-1.65871481285593,10.0206343802666,-320.393318864251));
#10583=CARTESIAN_POINT('Ctrl Pts',(-2.55523354155713,9.78156888776954,-324.031244260848));
#10584=CARTESIAN_POINT('Ctrl Pts',(-3.03364379669149,9.5720441308693,-327.968466152163));
#10585=CARTESIAN_POINT('Ctrl Pts',(-3.03265804862088,9.57070713322339,-332.034381982695));
#10586=CARTESIAN_POINT('Ctrl Pts',(-2.39738510066378,9.85217531841764,-337.280172038535));
#10587=CARTESIAN_POINT('Ctrl Pts',(-1.28118786481871,10.1029771956352,-340.779307883822));
#10588=CARTESIAN_POINT('Ctrl Pts',(-0.385404616397523,10.,-342.734002217105));
#10589=CARTESIAN_POINT('Ctrl Pts',(0.734109522419806,10.3424176304732,-318.253316449739));
#10590=CARTESIAN_POINT('Ctrl Pts',(0.27447255990586,10.4660660519327,-319.110073037899));
#10591=CARTESIAN_POINT('Ctrl Pts',(-0.630276975639992,10.5534593239191,
-321.036133426739));
#10592=CARTESIAN_POINT('Ctrl Pts',(-1.67617571364181,10.3915986179575,-324.395183241577));
#10593=CARTESIAN_POINT('Ctrl Pts',(-2.2497232664114,10.2014787142782,-328.086290315171));
#10594=CARTESIAN_POINT('Ctrl Pts',(-2.24774877258586,10.198360814736,-331.915196335071));
#10595=CARTESIAN_POINT('Ctrl Pts',(-1.48798256082039,10.457833319779,-336.834088760933));
#10596=CARTESIAN_POINT('Ctrl Pts',(-0.185164402608486,10.5897144733922,
-340.033170373941));
#10597=CARTESIAN_POINT('Ctrl Pts',(0.734109522419803,10.3424176304732,-341.746683550261));
#10598=CARTESIAN_POINT('Ctrl Pts',(2.31119969619263,12.0151235157426,-319.644179248048));
#10599=CARTESIAN_POINT('Ctrl Pts',(1.75893938649545,12.1444281445452,-320.360459835459));
#10600=CARTESIAN_POINT('Ctrl Pts',(0.672462738185685,12.1965275429357,-322.00624394755));
#10601=CARTESIAN_POINT('Ctrl Pts',(-0.57624322944526,11.9282566628483,-324.968863238357));
#10602=CARTESIAN_POINT('Ctrl Pts',(-1.25835736512531,11.6563582847705,-328.276506932856));
#10603=CARTESIAN_POINT('Ctrl Pts',(-1.25558213626369,11.6530943559016,-331.723819525108));
#10604=CARTESIAN_POINT('Ctrl Pts',(-0.353045902299812,12.0216922744216,
-336.133121076139));
#10605=CARTESIAN_POINT('Ctrl Pts',(1.20667907679747,12.2737327733479,-338.923259577128));
#10606=CARTESIAN_POINT('Ctrl Pts',(2.31119969619263,12.0151235157426,-340.355820751952));
#10607=CARTESIAN_POINT('Ctrl Pts',(2.80359669546146,13.8780026237179,-320.078432583508));
#10608=CARTESIAN_POINT('Ctrl Pts',(2.16162045072149,13.9273814402222,-320.804819997684));
#10609=CARTESIAN_POINT('Ctrl Pts',(0.980359970348012,13.7930553898464,-322.432992087566));
#10610=CARTESIAN_POINT('Ctrl Pts',(-0.296686377323267,13.2983908642222,
-325.266656300495));
#10611=CARTESIAN_POINT('Ctrl Pts',(-0.975204365997424,12.8982840383726,
-328.383241460692));
#10612=CARTESIAN_POINT('Ctrl Pts',(-0.973746352461736,12.897029457623,-331.617607821968));
#10613=CARTESIAN_POINT('Ctrl Pts',(-0.0726130395284655,13.4317301614088,
-335.770475222457));
#10614=CARTESIAN_POINT('Ctrl Pts',(1.51964420598059,13.9767602567264,-338.468792588138));
#10615=CARTESIAN_POINT('Ctrl Pts',(2.80359669546144,13.8780026237179,-339.921567416492));
#10616=CARTESIAN_POINT('Ctrl Pts',(2.80359669546147,15.,-320.078432583508));
#10617=CARTESIAN_POINT('Ctrl Pts',(2.11712446763909,15.,-320.856818924981));
#10618=CARTESIAN_POINT('Ctrl Pts',(0.910725516913131,14.7520655251237,-322.553587333592));
#10619=CARTESIAN_POINT('Ctrl Pts',(-0.329261032774443,14.1201704593433,
-325.386792460602));
#10620=CARTESIAN_POINT('Ctrl Pts',(-0.972244723297436,13.6429047239492,
-328.432112366592));
#10621=CARTESIAN_POINT('Ctrl Pts',(-0.971425226701033,13.6427326642669,
-331.570516086874));
#10622=CARTESIAN_POINT('Ctrl Pts',(-0.116342651858965,14.2778667489035,
-335.627538967652));
#10623=CARTESIAN_POINT('Ctrl Pts',(1.43065223981579,15.,-338.364794733545));
#10624=CARTESIAN_POINT('Ctrl Pts',(2.80359669546144,15.,-339.921567416492));
#10625=CARTESIAN_POINT('',(-0.945423869483552,13.6620524609133,-330.000002148264));
#10626=CARTESIAN_POINT('Ctrl Pts',(2.80359669546147,15.,-320.078432583508));
#10627=CARTESIAN_POINT('Ctrl Pts',(2.11712446763909,15.,-320.856818924981));
#10628=CARTESIAN_POINT('Ctrl Pts',(0.910725516913131,14.7520655251237,-322.553587333592));
#10629=CARTESIAN_POINT('Ctrl Pts',(-0.329261032774443,14.1201704593433,
-325.386792460602));
#10630=CARTESIAN_POINT('Ctrl Pts',(-0.864994203274401,13.7225132724469,
-327.924149025736));
#10631=CARTESIAN_POINT('Ctrl Pts',(-0.945103287167116,13.6627584512315,
-329.481286589163));
#10632=CARTESIAN_POINT('Ctrl Pts',(-0.94507892768244,13.6626858375619,-330.000002904849));
#10633=CARTESIAN_POINT('Ctrl Pts',(-0.94507892768244,13.6626858375619,-330.000002904849));
#10634=CARTESIAN_POINT('Ctrl Pts',(-0.945054528808684,13.6626131064765,
-330.519557980394));
#10635=CARTESIAN_POINT('Ctrl Pts',(-0.864626251361902,13.7220602888003,
-332.077234267483));
#10636=CARTESIAN_POINT('Ctrl Pts',(-0.116342651858965,14.2778667489035,
-335.627538967652));
#10637=CARTESIAN_POINT('Ctrl Pts',(1.43065223981579,15.,-338.364794733545));
#10638=CARTESIAN_POINT('Ctrl Pts',(2.80359669546144,15.,-339.921567416492));
#10639=CARTESIAN_POINT('Ctrl Pts',(29.0535966954615,10.,-343.228756555323));
#10640=CARTESIAN_POINT('Ctrl Pts',(29.968892999274,10.,-341.153059644616));
#10641=CARTESIAN_POINT('Ctrl Pts',(31.0001274936669,9.63897989259391,-337.503883195147));
#10642=CARTESIAN_POINT('Ctrl Pts',(31.5703270039188,9.32135062254022,-332.094085142197));
#10643=CARTESIAN_POINT('Ctrl Pts',(31.5707951084327,9.32147219316591,-327.909686173758));
#10644=CARTESIAN_POINT('Ctrl Pts',(31.1422118328741,9.56008063359022,-323.849036589968));
#10645=CARTESIAN_POINT('Ctrl Pts',(30.3154845146586,9.87603731606011,-320.071542564437));
#10646=CARTESIAN_POINT('Ctrl Pts',(29.5112448473677,10.,-317.80909190003));
#10647=CARTESIAN_POINT('Ctrl Pts',(29.0535966954615,10.,-316.771243444677));
#10648=CARTESIAN_POINT('Ctrl Pts',(28.4925980073204,10.,-342.734002217105));
#10649=CARTESIAN_POINT('Ctrl Pts',(29.3883812557894,10.1029771956408,-340.779307883717));
#10650=CARTESIAN_POINT('Ctrl Pts',(30.5044645426466,9.85218897049628,-337.280641824421));
#10651=CARTESIAN_POINT('Ctrl Pts',(31.1398996849235,9.57068303354438,-332.034436454587));
#10652=CARTESIAN_POINT('Ctrl Pts',(31.1407996877448,9.57204866965103,-327.968655185011));
#10653=CARTESIAN_POINT('Ctrl Pts',(30.6624689753963,9.78156221261502,-324.031217676155));
#10654=CARTESIAN_POINT('Ctrl Pts',(29.7658793868417,10.0206307070644,-320.393406665414));
#10655=CARTESIAN_POINT('Ctrl Pts',(28.9404896315552,10.0514885978204,-318.243344949589));
#10656=CARTESIAN_POINT('Ctrl Pts',(28.4925980073204,10.,-317.265997782895));
#10657=CARTESIAN_POINT('Ctrl Pts',(27.3730874310466,10.3424201987291,-341.746686692129));
#10658=CARTESIAN_POINT('Ctrl Pts',(28.2923613561232,10.5897170416613,-340.033173515718));
#10659=CARTESIAN_POINT('Ctrl Pts',(29.5950357950635,10.4577931764085,-336.83450386504));
#10660=CARTESIAN_POINT('Ctrl Pts',(30.3549999933251,10.1983134275319,-331.915231965253));
#10661=CARTESIAN_POINT('Ctrl Pts',(30.3568751060631,10.2014507618814,-328.086449022884));
#10662=CARTESIAN_POINT('Ctrl Pts',(29.7834201462188,10.3915808510369,-324.395140479708));
#10663=CARTESIAN_POINT('Ctrl Pts',(28.7374445458062,10.5534383953152,-321.036206951761));
#10664=CARTESIAN_POINT('Ctrl Pts',(27.8327243935857,10.4660686201952,-319.110069896077));
#10665=CARTESIAN_POINT('Ctrl Pts',(27.3730874310466,10.3424201987291,-318.253313307871));
#10666=CARTESIAN_POINT('Ctrl Pts',(25.7960013381232,12.0151272711804,-340.355827492791));
#10667=CARTESIAN_POINT('Ctrl Pts',(26.9005219575756,12.2737365287997,-338.923266317892));
#10668=CARTESIAN_POINT('Ctrl Pts',(28.4600473613092,12.0216582129337,-336.133466668084));
#10669=CARTESIAN_POINT('Ctrl Pts',(29.3628260454009,11.6530344342427,-331.723838680689));
#10670=CARTESIAN_POINT('Ctrl Pts',(29.3654786527772,11.6563281575539,-328.276636505102));
#10671=CARTESIAN_POINT('Ctrl Pts',(28.6834846640939,11.9282321452549,-324.96881273362));
#10672=CARTESIAN_POINT('Ctrl Pts',(27.4346893415735,12.1965032648083,-322.006307393519));
#10673=CARTESIAN_POINT('Ctrl Pts',(26.3482616478509,12.14443189999,-320.36045309466));
#10674=CARTESIAN_POINT('Ctrl Pts',(25.7960013381231,12.0151272711804,-319.644172507209));
#10675=CARTESIAN_POINT('Ctrl Pts',(25.3035966954615,13.8780026237179,-339.921567416492));
#10676=CARTESIAN_POINT('Ctrl Pts',(26.5875491850089,13.9767602567317,-338.468792588062));
#10677=CARTESIAN_POINT('Ctrl Pts',(28.1796861103345,13.4317951924263,-335.77082465642));
#10678=CARTESIAN_POINT('Ctrl Pts',(29.081046143916,12.8970037185813,-331.61763257913));
#10679=CARTESIAN_POINT('Ctrl Pts',(29.0823909950005,12.8983177308632,-328.383365643946));
#10680=CARTESIAN_POINT('Ctrl Pts',(28.4039707078972,13.2983890391424,-325.266612348006));
#10681=CARTESIAN_POINT('Ctrl Pts',(27.1268182543109,13.7930633317225,-322.433044770523));
#10682=CARTESIAN_POINT('Ctrl Pts',(25.9455729402369,13.9273814402248,-320.804819997724));
#10683=CARTESIAN_POINT('Ctrl Pts',(25.3035966954615,13.8780026237179,-320.078432583508));
#10684=CARTESIAN_POINT('Ctrl Pts',(25.3035966954615,15.,-339.921567416492));
#10685=CARTESIAN_POINT('Ctrl Pts',(26.6765411511785,15.,-338.364794733464));
#10686=CARTESIAN_POINT('Ctrl Pts',(28.2233928927695,14.2779597851878,-335.627912396361));
#10687=CARTESIAN_POINT('Ctrl Pts',(29.0786921581471,13.6427012450805,-331.570563856648));
#10688=CARTESIAN_POINT('Ctrl Pts',(29.0793943149182,13.6429443863318,-328.43226463032));
#10689=CARTESIAN_POINT('Ctrl Pts',(28.4365194015806,14.1201612671804,-325.386777442477));
#10690=CARTESIAN_POINT('Ctrl Pts',(27.1964284242574,14.7520746321202,-322.553656923328));
#10691=CARTESIAN_POINT('Ctrl Pts',(25.9900689233217,15.,-320.856818925024));
#10692=CARTESIAN_POINT('Ctrl Pts',(25.3035966954615,15.,-320.078432583508));
#10693=CARTESIAN_POINT('Ctrl Pts',(29.0535966954615,10.,-316.771243444677));
#10694=CARTESIAN_POINT('Ctrl Pts',(29.5112448473677,10.,-317.80909190003));
#10695=CARTESIAN_POINT('Ctrl Pts',(30.3154845146586,9.87603731606011,-320.071542564437));
#10696=CARTESIAN_POINT('Ctrl Pts',(31.1422118328741,9.56008063359022,-323.849036589968));
#10697=CARTESIAN_POINT('Ctrl Pts',(31.5707951084327,9.32147219316591,-327.909686173758));
#10698=CARTESIAN_POINT('Ctrl Pts',(31.5703270039188,9.32135062254022,-332.094085142197));
#10699=CARTESIAN_POINT('Ctrl Pts',(31.0001274936669,9.63897989259391,-337.503883195147));
#10700=CARTESIAN_POINT('Ctrl Pts',(29.968892999274,10.,-341.153059644616));
#10701=CARTESIAN_POINT('Ctrl Pts',(29.0535966954615,10.,-343.228756555323));
#10702=CARTESIAN_POINT('Ctrl Pts',(25.3035966954615,15.,-339.921567416492));
#10703=CARTESIAN_POINT('Ctrl Pts',(26.6765411511785,15.,-338.364794733464));
#10704=CARTESIAN_POINT('Ctrl Pts',(28.2233928927695,14.2779597851878,-335.627912396361));
#10705=CARTESIAN_POINT('Ctrl Pts',(29.0786921581471,13.6427012450805,-331.570563856648));
#10706=CARTESIAN_POINT('Ctrl Pts',(29.0793943149182,13.6429443863318,-328.43226463032));
#10707=CARTESIAN_POINT('Ctrl Pts',(28.4365194015806,14.1201612671804,-325.386777442477));
#10708=CARTESIAN_POINT('Ctrl Pts',(27.1964284242574,14.7520746321202,-322.553656923328));
#10709=CARTESIAN_POINT('Ctrl Pts',(25.9900689233217,15.,-320.856818925024));
#10710=CARTESIAN_POINT('Ctrl Pts',(25.3035966954615,15.,-320.078432583508));
#10711=CARTESIAN_POINT('Origin',(297.023096695461,10.,0.));
#10712=CARTESIAN_POINT('',(29.0535966954615,10.,-436.771243444677));
#10713=CARTESIAN_POINT('',(29.0535966954615,10.,345.));
#10714=CARTESIAN_POINT('Origin',(14.0535966954615,10.,-450.));
#10715=CARTESIAN_POINT('Origin',(14.0535966954615,10.,-330.));
#10716=CARTESIAN_POINT('',(-0.94640330453855,10.,-330.));
#10717=CARTESIAN_POINT('Origin',(14.0535966954615,15.,-570.));
#10718=CARTESIAN_POINT('',(29.0535966954615,10.,-556.771243444677));
#10719=CARTESIAN_POINT('',(25.3035966954615,15.,-560.078432583508));
#10720=CARTESIAN_POINT('Origin',(29.0535966954615,15.,-556.771243444677));
#10721=CARTESIAN_POINT('',(2.80359669546144,15.,-560.078432583508));
#10722=CARTESIAN_POINT('Origin',(14.0535966954615,15.,-570.));
#10723=CARTESIAN_POINT('Origin',(-0.946403304538561,15.,-556.771243444677));
#10724=CARTESIAN_POINT('Origin',(14.0535966954615,10.,-570.));
#10725=CARTESIAN_POINT('Origin',(14.0535966954615,15.,-570.));
#10726=CARTESIAN_POINT('',(2.80359669546144,15.,-579.921567416492));
#10727=CARTESIAN_POINT('Origin',(-0.946403304538561,15.,-583.228756555323));
#10728=CARTESIAN_POINT('',(25.3035966954615,15.,-579.921567416492));
#10729=CARTESIAN_POINT('Origin',(14.0535966954615,15.,-570.));
#10730=CARTESIAN_POINT('',(29.0535966954615,10.,-583.228756555323));
#10731=CARTESIAN_POINT('Origin',(29.0535966954615,15.,-583.228756555323));
#10732=CARTESIAN_POINT('Origin',(14.0535966954615,10.,-570.));
#10733=CARTESIAN_POINT('Ctrl Pts',(-0.946403304538566,10.,-556.771243444677));
#10734=CARTESIAN_POINT('Ctrl Pts',(-1.40405145642021,10.,-557.809091899975));
#10735=CARTESIAN_POINT('Ctrl Pts',(-2.6092414757753,9.80900484309754,-561.195262773751));
#10736=CARTESIAN_POINT('Ctrl Pts',(-3.4633027597675,9.31692730732099,-566.510020219179));
#10737=CARTESIAN_POINT('Ctrl Pts',(-3.46403934558362,9.32186290163603,-572.091926363584));
#10738=CARTESIAN_POINT('Ctrl Pts',(-3.03519439806008,9.55913033431908,-576.151094994677));
#10739=CARTESIAN_POINT('Ctrl Pts',(-2.20842503495496,9.87600441488635,-579.928920028409));
#10740=CARTESIAN_POINT('Ctrl Pts',(-1.40405145642024,10.,-582.190908100025));
#10741=CARTESIAN_POINT('Ctrl Pts',(-0.946403304538559,10.,-583.228756555323));
#10742=CARTESIAN_POINT('Ctrl Pts',(-0.385404616397531,10.,-557.265997782895));
#10743=CARTESIAN_POINT('Ctrl Pts',(-0.833296240608049,10.0514885978176,
-558.243344949537));
#10744=CARTESIAN_POINT('Ctrl Pts',(-2.07353055067561,10.0010645317266,-561.461176037318));
#10745=CARTESIAN_POINT('Ctrl Pts',(-3.03570146572867,9.56817077214725,-566.608684363863));
#10746=CARTESIAN_POINT('Ctrl Pts',(-3.03379511799245,9.57281479994431,-572.032800790432));
#10747=CARTESIAN_POINT('Ctrl Pts',(-2.55610666981602,9.78127517253231,-575.968751150539));
#10748=CARTESIAN_POINT('Ctrl Pts',(-1.65885248635355,10.0208078191132,-579.606990376247));
#10749=CARTESIAN_POINT('Ctrl Pts',(-0.833296240608096,10.0514885978176,
-581.756655050463));
#10750=CARTESIAN_POINT('Ctrl Pts',(-0.385404616397524,10.,-582.734002217105));
#10751=CARTESIAN_POINT('Ctrl Pts',(0.734086837632272,10.342433931799,-558.253296443637));
#10752=CARTESIAN_POINT('Ctrl Pts',(0.274449875118349,10.4660823532585,-559.110053031796));
#10753=CARTESIAN_POINT('Ctrl Pts',(-1.09007305403378,10.5931847465651,-561.99237674527));
#10754=CARTESIAN_POINT('Ctrl Pts',(-2.25567317548498,10.1976705376994,-566.80589430199));
#10755=CARTESIAN_POINT('Ctrl Pts',(-2.24972504513561,10.2027492550371,-571.914710642957));
#10756=CARTESIAN_POINT('Ctrl Pts',(-1.6783041865538,10.3920181308739,-575.60453383802));
#10757=CARTESIAN_POINT('Ctrl Pts',(-0.630596596574659,10.5538706101259,
-578.964086173701));
#10758=CARTESIAN_POINT('Ctrl Pts',(0.274449875118263,10.4660823532585,-580.889946968203));
#10759=CARTESIAN_POINT('Ctrl Pts',(0.734086837632278,10.342433931799,-581.746703556363));
#10760=CARTESIAN_POINT('Ctrl Pts',(2.31115127931598,12.0151473337749,-559.644136548376));
#10761=CARTESIAN_POINT('Ctrl Pts',(1.75889096961883,12.1444519625776,-560.360417135787));
#10762=CARTESIAN_POINT('Ctrl Pts',(0.120506780408613,12.2162889334837,-562.82282146129));
#10763=CARTESIAN_POINT('Ctrl Pts',(-1.26530036048092,11.6506057205287,-567.123211602872));
#10764=CARTESIAN_POINT('Ctrl Pts',(-1.25832139367335,11.6578150344214,-571.724238554127));
#10765=CARTESIAN_POINT('Ctrl Pts',(-0.578848752816016,11.92829233004,-575.030483833535));
#10766=CARTESIAN_POINT('Ctrl Pts',(0.67209543015785,12.1969234489875,-577.993844823809));
#10767=CARTESIAN_POINT('Ctrl Pts',(1.75889096961868,12.1444519625776,-579.639582864212));
#10768=CARTESIAN_POINT('Ctrl Pts',(2.31115127931599,12.0151473337749,-580.355863451624));
#10769=CARTESIAN_POINT('Ctrl Pts',(2.80359669546143,13.8780026237179,-560.078432583508));
#10770=CARTESIAN_POINT('Ctrl Pts',(2.1616204507215,13.9273814402222,-560.804819997684));
#10771=CARTESIAN_POINT('Ctrl Pts',(0.386242009893247,13.71742823661,-563.240139842998));
#10772=CARTESIAN_POINT('Ctrl Pts',(-0.978674961578264,12.8906823088838,
-567.301651646446));
#10773=CARTESIAN_POINT('Ctrl Pts',(-0.975945892451913,12.8995259007172,
-571.617746009458));
#10774=CARTESIAN_POINT('Ctrl Pts',(-0.298291387515111,13.2973150084599,
-574.733066396197));
#10775=CARTESIAN_POINT('Ctrl Pts',(0.979900485978203,13.7932619905239,-577.567261883488));
#10776=CARTESIAN_POINT('Ctrl Pts',(2.16162045072133,13.9273814402222,-579.195180002315));
#10777=CARTESIAN_POINT('Ctrl Pts',(2.80359669546144,13.8780026237179,-579.921567416492));
#10778=CARTESIAN_POINT('Ctrl Pts',(2.80359669546143,15.,-560.078432583508));
#10779=CARTESIAN_POINT('Ctrl Pts',(2.1171244676391,15.,-560.856818924981));
#10780=CARTESIAN_POINT('Ctrl Pts',(0.309339438606146,14.618009686195,-563.396447080313));
#10781=CARTESIAN_POINT('Ctrl Pts',(-0.971752487381998,13.633854614642,-567.382515164385));
#10782=CARTESIAN_POINT('Ctrl Pts',(-0.972857366106247,13.643725803272,-571.568944772688));
#10783=CARTESIAN_POINT('Ctrl Pts',(-0.329589944820872,14.1182606686382,
-574.613321246008));
#10784=CARTESIAN_POINT('Ctrl Pts',(0.910564099836811,14.7520088297727,-577.446690021306));
#10785=CARTESIAN_POINT('Ctrl Pts',(2.11712446763892,15.,-579.143181075019));
#10786=CARTESIAN_POINT('Ctrl Pts',(2.80359669546143,15.,-579.921567416492));
#10787=CARTESIAN_POINT('',(-0.945523602874049,13.6600774586929,-569.999596583335));
#10788=CARTESIAN_POINT('Ctrl Pts',(2.80359669546143,15.,-560.078432583508));
#10789=CARTESIAN_POINT('Ctrl Pts',(2.1171244676391,15.,-560.856818924981));
#10790=CARTESIAN_POINT('Ctrl Pts',(0.309339438606146,14.618009686195,-563.396447080313));
#10791=CARTESIAN_POINT('Ctrl Pts',(-0.811705219289704,13.756805456331,-566.884534266727));
#10792=CARTESIAN_POINT('Ctrl Pts',(-0.945668390783617,13.659477394199,-569.480482651183));
#10793=CARTESIAN_POINT('Ctrl Pts',(-0.945691232908922,13.6601114940529,
-570.000000205389));
#10794=CARTESIAN_POINT('Ctrl Pts',(-0.945691175681207,13.6601105227584,
-569.999191104546));
#10795=CARTESIAN_POINT('Ctrl Pts',(-0.945741794396903,13.660723379858,-570.518399664868));
#10796=CARTESIAN_POINT('Ctrl Pts',(-0.865642082968753,13.7228179324011,
-572.076360001197));
#10797=CARTESIAN_POINT('Ctrl Pts',(-0.329589944820872,14.1182606686382,
-574.613321246008));
#10798=CARTESIAN_POINT('Ctrl Pts',(0.910564099836811,14.7520088297727,-577.446690021306));
#10799=CARTESIAN_POINT('Ctrl Pts',(2.11712446763892,15.,-579.143181075019));
#10800=CARTESIAN_POINT('Ctrl Pts',(2.80359669546143,15.,-579.921567416492));
#10801=CARTESIAN_POINT('Ctrl Pts',(29.0535966954615,10.,-583.228756555323));
#10802=CARTESIAN_POINT('Ctrl Pts',(29.968892999274,10.,-581.153059644616));
#10803=CARTESIAN_POINT('Ctrl Pts',(30.9999506326373,9.6391579236892,-577.504273759977));
#10804=CARTESIAN_POINT('Ctrl Pts',(31.5702058133103,9.3214685342361,-572.094341668071));
#10805=CARTESIAN_POINT('Ctrl Pts',(31.5706545412421,9.32161589441594,-567.90997279696));
#10806=CARTESIAN_POINT('Ctrl Pts',(31.1421242097348,9.56016637559588,-563.849205157738));
#10807=CARTESIAN_POINT('Ctrl Pts',(30.3154114999188,9.87610720784653,-560.071662818816));
#10808=CARTESIAN_POINT('Ctrl Pts',(29.5112448473677,10.,-557.80909190003));
#10809=CARTESIAN_POINT('Ctrl Pts',(29.0535966954615,10.,-556.771243444677));
#10810=CARTESIAN_POINT('Ctrl Pts',(28.4925980073205,10.,-582.734002217104));
#10811=CARTESIAN_POINT('Ctrl Pts',(29.3883812557892,10.1029771956408,-580.779307883717));
#10812=CARTESIAN_POINT('Ctrl Pts',(30.5041933276548,9.85220079485525,-577.280955901124));
#10813=CARTESIAN_POINT('Ctrl Pts',(31.1397248525633,9.57070877684877,-572.034642758146));
#10814=CARTESIAN_POINT('Ctrl Pts',(31.1405990989315,9.57209567881187,-567.968884760944));
#10815=CARTESIAN_POINT('Ctrl Pts',(30.6623461956198,9.78159267484788,-564.031351189862));
#10816=CARTESIAN_POINT('Ctrl Pts',(29.7657775665231,10.0206594260534,-560.393499571682));
#10817=CARTESIAN_POINT('Ctrl Pts',(28.9404896315551,10.0514885978204,-558.243344949589));
#10818=CARTESIAN_POINT('Ctrl Pts',(28.4925980073204,10.,-557.265997782895));
#10819=CARTESIAN_POINT('Ctrl Pts',(27.3731079190715,10.3424349093696,-581.746704760868));
#10820=CARTESIAN_POINT('Ctrl Pts',(28.2923818441474,10.5897317523019,-580.033191584459));
#10821=CARTESIAN_POINT('Ctrl Pts',(29.5946607241736,10.4575071882571,-576.834672858581));
#10822=CARTESIAN_POINT('Ctrl Pts',(30.3547930196327,10.1981529285411,-571.915334346147));
#10823=CARTESIAN_POINT('Ctrl Pts',(30.3566434221116,10.2012891931739,-568.08654913929));
#10824=CARTESIAN_POINT('Ctrl Pts',(29.7832939949306,10.3914900268107,-564.395184844137));
#10825=CARTESIAN_POINT('Ctrl Pts',(28.7373487019552,10.5533739554922,-561.036219108334));
#10826=CARTESIAN_POINT('Ctrl Pts',(27.8327448816102,10.4660833308357,-559.110051827337));
#10827=CARTESIAN_POINT('Ctrl Pts',(27.3731079190714,10.3424349093696,-558.253295239131));
#10828=CARTESIAN_POINT('Ctrl Pts',(25.7960450078387,12.0151487607257,-580.35586600586));
#10829=CARTESIAN_POINT('Ctrl Pts',(26.9005656272898,12.273758018345,-578.923304830963));
#10830=CARTESIAN_POINT('Ctrl Pts',(28.4594370027984,12.0213702748521,-576.133485672178));
#10831=CARTESIAN_POINT('Ctrl Pts',(29.3624551778269,11.6528658682402,-571.723856646367));
#10832=CARTESIAN_POINT('Ctrl Pts',(29.365051118096,11.6561565033532,-568.276648507621));
#10833=CARTESIAN_POINT('Ctrl Pts',(28.6832444919019,11.9281340877088,-564.968804417691));
#10834=CARTESIAN_POINT('Ctrl Pts',(27.4345045875336,12.1964319424824,-562.006284812738));
#10835=CARTESIAN_POINT('Ctrl Pts',(26.3483053175658,12.1444533895354,-560.36041458159));
#10836=CARTESIAN_POINT('Ctrl Pts',(25.7960450078386,12.0151487607257,-559.64413399414));
#10837=CARTESIAN_POINT('Ctrl Pts',(25.3035966954615,13.8780026237179,-579.921567416492));
#10838=CARTESIAN_POINT('Ctrl Pts',(26.5875491850074,13.9767602567317,-578.468792588064));
#10839=CARTESIAN_POINT('Ctrl Pts',(28.1795851851352,13.4320422150461,-575.770955504993));
#10840=CARTESIAN_POINT('Ctrl Pts',(29.0810514687604,12.8971977611268,-571.617682430428));
#10841=CARTESIAN_POINT('Ctrl Pts',(29.0824184797659,12.8985686939856,-568.383386295892));
#10842=CARTESIAN_POINT('Ctrl Pts',(28.4040018083207,13.298546944767,-565.266600163211));
#10843=CARTESIAN_POINT('Ctrl Pts',(27.1268476536814,13.7931998828894,-562.432997218085));
#10844=CARTESIAN_POINT('Ctrl Pts',(25.9455729402362,13.9273814402248,-560.804819997724));
#10845=CARTESIAN_POINT('Ctrl Pts',(25.3035966954615,13.8780026237179,-560.078432583508));
#10846=CARTESIAN_POINT('Ctrl Pts',(25.3035966954615,15.,-579.921567416492));
#10847=CARTESIAN_POINT('Ctrl Pts',(26.676541151177,15.,-578.364794733466));
#10848=CARTESIAN_POINT('Ctrl Pts',(28.2231276012248,14.2783158473783,-575.628205319983));
#10849=CARTESIAN_POINT('Ctrl Pts',(29.0785103722337,13.6429370684722,-571.570756251055));
#10850=CARTESIAN_POINT('Ctrl Pts',(29.0791834641319,13.6432317888318,-568.432479597722));
#10851=CARTESIAN_POINT('Ctrl Pts',(28.4363879668711,14.1203327511918,-565.386903868304));
#10852=CARTESIAN_POINT('Ctrl Pts',(27.1963189021473,14.7522144156931,-562.553747114112));
#10853=CARTESIAN_POINT('Ctrl Pts',(25.990068923321,15.,-560.856818925023));
#10854=CARTESIAN_POINT('Ctrl Pts',(25.3035966954615,15.,-560.078432583508));
#10855=CARTESIAN_POINT('Ctrl Pts',(29.0535966954615,10.,-556.771243444677));
#10856=CARTESIAN_POINT('Ctrl Pts',(29.5112448473677,10.,-557.80909190003));
#10857=CARTESIAN_POINT('Ctrl Pts',(30.3154114999188,9.87610720784653,-560.071662818816));
#10858=CARTESIAN_POINT('Ctrl Pts',(31.1421242097348,9.56016637559588,-563.849205157738));
#10859=CARTESIAN_POINT('Ctrl Pts',(31.5706545412421,9.32161589441594,-567.90997279696));
#10860=CARTESIAN_POINT('Ctrl Pts',(31.5702058133103,9.3214685342361,-572.094341668071));
#10861=CARTESIAN_POINT('Ctrl Pts',(30.9999506326373,9.6391579236892,-577.504273759977));
#10862=CARTESIAN_POINT('Ctrl Pts',(29.968892999274,10.,-581.153059644616));
#10863=CARTESIAN_POINT('Ctrl Pts',(29.0535966954615,10.,-583.228756555323));
#10864=CARTESIAN_POINT('Ctrl Pts',(25.3035966954615,15.,-579.921567416492));
#10865=CARTESIAN_POINT('Ctrl Pts',(26.676541151177,15.,-578.364794733466));
#10866=CARTESIAN_POINT('Ctrl Pts',(28.2231276012248,14.2783158473783,-575.628205319983));
#10867=CARTESIAN_POINT('Ctrl Pts',(29.0785103722337,13.6429370684722,-571.570756251055));
#10868=CARTESIAN_POINT('Ctrl Pts',(29.0791834641319,13.6432317888318,-568.432479597722));
#10869=CARTESIAN_POINT('Ctrl Pts',(28.4363879668711,14.1203327511918,-565.386903868304));
#10870=CARTESIAN_POINT('Ctrl Pts',(27.1963189021473,14.7522144156931,-562.553747114112));
#10871=CARTESIAN_POINT('Ctrl Pts',(25.990068923321,15.,-560.856818925023));
#10872=CARTESIAN_POINT('Ctrl Pts',(25.3035966954615,15.,-560.078432583508));
#10873=CARTESIAN_POINT('Origin',(297.023096695461,10.,0.));
#10874=CARTESIAN_POINT('',(29.0535966954615,10.,345.));
#10875=CARTESIAN_POINT('Origin',(14.0535966954615,10.,-570.));
#10876=CARTESIAN_POINT('',(-0.94640330453855,10.,-570.));
#10877=CARTESIAN_POINT('Origin',(14.0535966954615,15.,-450.));
#10878=CARTESIAN_POINT('',(25.3035966954615,15.,-440.078432583508));
#10879=CARTESIAN_POINT('Origin',(29.0535966954615,15.,-436.771243444677));
#10880=CARTESIAN_POINT('',(2.80359669546144,15.,-440.078432583508));
#10881=CARTESIAN_POINT('Origin',(14.0535966954615,15.,-450.));
#10882=CARTESIAN_POINT('Origin',(-0.946403304538561,15.,-436.771243444677));
#10883=CARTESIAN_POINT('Origin',(14.0535966954615,15.,-450.));
#10884=CARTESIAN_POINT('',(2.80359669546144,15.,-459.921567416492));
#10885=CARTESIAN_POINT('Origin',(-0.946403304538561,15.,-463.228756555323));
#10886=CARTESIAN_POINT('',(25.3035966954615,15.,-459.921567416492));
#10887=CARTESIAN_POINT('Origin',(14.0535966954615,15.,-450.));
#10888=CARTESIAN_POINT('',(29.0535966954615,10.,-463.228756555323));
#10889=CARTESIAN_POINT('Origin',(29.0535966954615,15.,-463.228756555323));
#10890=CARTESIAN_POINT('Origin',(14.0535966954615,10.,-450.));
#10891=CARTESIAN_POINT('Ctrl Pts',(-0.946403304538608,10.,-436.771243444677));
#10892=CARTESIAN_POINT('Ctrl Pts',(-1.40405145642023,9.99999999999999,-437.809091899975));
#10893=CARTESIAN_POINT('Ctrl Pts',(-2.60925392828749,9.80900586001325,-441.195282620591));
#10894=CARTESIAN_POINT('Ctrl Pts',(-3.46331588489103,9.31692521626179,-446.510035711922));
#10895=CARTESIAN_POINT('Ctrl Pts',(-3.46405841562295,9.32186125372393,-452.091952241311));
#10896=CARTESIAN_POINT('Ctrl Pts',(-3.03520717227013,9.55912865779091,-456.151107789909));
#10897=CARTESIAN_POINT('Ctrl Pts',(-2.20843756058921,9.87600348196844,-459.928928042463));
#10898=CARTESIAN_POINT('Ctrl Pts',(-1.40405145642023,10.,-462.190908100025));
#10899=CARTESIAN_POINT('Ctrl Pts',(-0.946403304538566,10.,-463.228756555323));
#10900=CARTESIAN_POINT('Ctrl Pts',(-0.385404616397572,10.,-437.265997782895));
#10901=CARTESIAN_POINT('Ctrl Pts',(-0.83329624060826,10.0514885978176,-438.243344949537));
#10902=CARTESIAN_POINT('Ctrl Pts',(-2.07353583016506,10.0010507259953,-441.461195400352));
#10903=CARTESIAN_POINT('Ctrl Pts',(-3.03570615055238,9.56814744248355,-446.608698734986));
#10904=CARTESIAN_POINT('Ctrl Pts',(-3.03380042152405,9.57278624195011,-452.032824585051));
#10905=CARTESIAN_POINT('Ctrl Pts',(-2.55611110441503,9.7812553447978,-455.968762420606));
#10906=CARTESIAN_POINT('Ctrl Pts',(-1.65885810081731,10.0207922201015,-459.60699702659));
#10907=CARTESIAN_POINT('Ctrl Pts',(-0.833296240608135,10.0514885978176,
-461.756655050463));
#10908=CARTESIAN_POINT('Ctrl Pts',(-0.385404616397531,10.,-462.734002217105));
#10909=CARTESIAN_POINT('Ctrl Pts',(0.734095448236648,10.342427758659,-438.253304037476));
#10910=CARTESIAN_POINT('Ctrl Pts',(0.274458485722177,10.4660761801185,-439.110060625636));
#10911=CARTESIAN_POINT('Ctrl Pts',(-1.09003438782096,10.5931716163927,-441.992402789088));
#10912=CARTESIAN_POINT('Ctrl Pts',(-2.2556246681878,10.1976479358699,-446.805904881455));
#10913=CARTESIAN_POINT('Ctrl Pts',(-2.24966284856508,10.2027213512479,-451.91472283076));
#10914=CARTESIAN_POINT('Ctrl Pts',(-1.67826092903691,10.3919969659402,-455.604533128914));
#10915=CARTESIAN_POINT('Ctrl Pts',(-0.630560300018552,10.5538537098139,
-458.964078503194));
#10916=CARTESIAN_POINT('Ctrl Pts',(0.274458485722551,10.4660761801185,-460.889939374364));
#10917=CARTESIAN_POINT('Ctrl Pts',(0.734095448236685,10.342427758659,-461.746695962524));
#10918=CARTESIAN_POINT('Ctrl Pts',(2.31116958720752,12.0151383193041,-439.644152694419));
#10919=CARTESIAN_POINT('Ctrl Pts',(1.75890927750928,12.1444429481067,-440.360433281831));
#10920=CARTESIAN_POINT('Ctrl Pts',(0.120527357252385,12.2162890632123,-442.822844541753));
#10921=CARTESIAN_POINT('Ctrl Pts',(-1.2652807712676,11.6505993577592,-447.123224660777));
#10922=CARTESIAN_POINT('Ctrl Pts',(-1.25829404600878,11.6578080299696,-451.724257504223));
#10923=CARTESIAN_POINT('Ctrl Pts',(-0.578826404796303,11.9282844453935,
-455.030487463481));
#10924=CARTESIAN_POINT('Ctrl Pts',(0.672116155131135,12.1969179998435,-457.993843061267));
#10925=CARTESIAN_POINT('Ctrl Pts',(1.75890927750999,12.1444429481067,-459.639566718169));
#10926=CARTESIAN_POINT('Ctrl Pts',(2.31116958720755,12.0151383193041,-460.355847305581));
#10927=CARTESIAN_POINT('Ctrl Pts',(2.80359669546142,13.8780026237179,-440.078432583508));
#10928=CARTESIAN_POINT('Ctrl Pts',(2.16162045072024,13.9273814402222,-440.804819997686));
#10929=CARTESIAN_POINT('Ctrl Pts',(0.386324732159212,13.7173929757049,-443.240171538914));
#10930=CARTESIAN_POINT('Ctrl Pts',(-0.978556990745558,12.8906284087924,
-447.301650843312));
#10931=CARTESIAN_POINT('Ctrl Pts',(-0.975805207878831,12.8994624168403,
-451.617733375215));
#10932=CARTESIAN_POINT('Ctrl Pts',(-0.298196693918075,13.2972702910273,
-454.733046621432));
#10933=CARTESIAN_POINT('Ctrl Pts',(0.979975564938957,13.7932252074732,-457.567232669087));
#10934=CARTESIAN_POINT('Ctrl Pts',(2.16162045072103,13.9273814402222,-459.195180002315));
#10935=CARTESIAN_POINT('Ctrl Pts',(2.80359669546143,13.8780026237179,-459.921567416492));
#10936=CARTESIAN_POINT('Ctrl Pts',(2.80359669546143,15.,-440.078432583508));
#10937=CARTESIAN_POINT('Ctrl Pts',(2.11712446763784,15.,-440.856818924982));
#10938=CARTESIAN_POINT('Ctrl Pts',(0.309320759838041,14.6180117200265,-443.396461965443));
#10939=CARTESIAN_POINT('Ctrl Pts',(-0.97177217506783,13.6338504325235,-447.382526783942));
#10940=CARTESIAN_POINT('Ctrl Pts',(-0.972885971165269,13.6437225074479,
-451.568964180984));
#10941=CARTESIAN_POINT('Ctrl Pts',(-0.329609106136186,14.1182573155818,
-454.613330842432));
#10942=CARTESIAN_POINT('Ctrl Pts',(0.910545311385539,14.7520069639369,-457.446696031848));
#10943=CARTESIAN_POINT('Ctrl Pts',(2.11712446763862,15.,-459.143181075019));
#10944=CARTESIAN_POINT('Ctrl Pts',(2.80359669546143,15.,-459.921567416492));
#10945=CARTESIAN_POINT('',(-0.945551946201606,13.6600724924463,-449.999604823547));
#10946=CARTESIAN_POINT('Ctrl Pts',(2.80359669546143,15.,-440.078432583508));
#10947=CARTESIAN_POINT('Ctrl Pts',(2.11712446763784,15.,-440.856818924982));
#10948=CARTESIAN_POINT('Ctrl Pts',(0.309320759838041,14.6180117200265,-443.396461965443));
#10949=CARTESIAN_POINT('Ctrl Pts',(-0.811723108038344,13.7568033359231,
-446.884541089121));
#10950=CARTESIAN_POINT('Ctrl Pts',(-0.945692143226649,13.6594742098088,
-449.480487549834));
#10951=CARTESIAN_POINT('Ctrl Pts',(-0.945716240671567,13.6601079049901,
-450.000000210214));
#10952=CARTESIAN_POINT('Ctrl Pts',(-0.945716183105236,13.6601069535174,
-449.999207381161));
#10953=CARTESIAN_POINT('Ctrl Pts',(-0.945767497988796,13.660719832385,-450.518416473777));
#10954=CARTESIAN_POINT('Ctrl Pts',(-0.865669114011091,13.7228146270379,
-452.076377774119));
#10955=CARTESIAN_POINT('Ctrl Pts',(-0.329609106136186,14.1182573155818,
-454.613330842432));
#10956=CARTESIAN_POINT('Ctrl Pts',(0.910545311385539,14.7520069639369,-457.446696031848));
#10957=CARTESIAN_POINT('Ctrl Pts',(2.11712446763862,15.,-459.143181075019));
#10958=CARTESIAN_POINT('Ctrl Pts',(2.80359669546143,15.,-459.921567416492));
#10959=CARTESIAN_POINT('Ctrl Pts',(29.0535966954615,10.,-463.228756555323));
#10960=CARTESIAN_POINT('Ctrl Pts',(29.968892999274,10.,-461.153059644616));
#10961=CARTESIAN_POINT('Ctrl Pts',(31.0000235066908,9.63908462481248,-457.504113354376));
#10962=CARTESIAN_POINT('Ctrl Pts',(31.5702564708356,9.3214191438096,-452.094234606687));
#10963=CARTESIAN_POINT('Ctrl Pts',(31.570713376193,9.32155587800948,-447.909852763363));
#10964=CARTESIAN_POINT('Ctrl Pts',(31.142160966805,9.56013035276821,-443.849134097783));
#10965=CARTESIAN_POINT('Ctrl Pts',(30.3154420673571,9.87607785900526,-440.071611574298));
#10966=CARTESIAN_POINT('Ctrl Pts',(29.5112448473677,10.,-437.80909190003));
#10967=CARTESIAN_POINT('Ctrl Pts',(29.0535966954615,10.,-436.771243444677));
#10968=CARTESIAN_POINT('Ctrl Pts',(28.4925980073204,10.,-462.734002217105));
#10969=CARTESIAN_POINT('Ctrl Pts',(29.3883812557893,10.1029771956408,-460.779307883717));
#10970=CARTESIAN_POINT('Ctrl Pts',(30.5043047412191,9.85219523537277,-457.280826932115));
#10971=CARTESIAN_POINT('Ctrl Pts',(31.1397979899741,9.57069793192487,-452.034556685807));
#10972=CARTESIAN_POINT('Ctrl Pts',(31.1406831460622,9.57207638377742,-447.968788627698));
#10973=CARTESIAN_POINT('Ctrl Pts',(30.6623978312839,9.78158015192273,-444.031294862081));
#10974=CARTESIAN_POINT('Ctrl Pts',(29.7658202936818,10.0206476767729,-440.393459855974));
#10975=CARTESIAN_POINT('Ctrl Pts',(28.940489631555,10.0514885978204,-438.243344949589));
#10976=CARTESIAN_POINT('Ctrl Pts',(28.4925980073204,9.99999999999999,-437.265997782895));
#10977=CARTESIAN_POINT('Ctrl Pts',(27.3731000265119,10.3424292541993,-461.746697800285));
#10978=CARTESIAN_POINT('Ctrl Pts',(28.2923739515882,10.5897260971315,-460.033184623875));
#10979=CARTESIAN_POINT('Ctrl Pts',(29.5948139163064,10.4576237555554,-456.834603908107));
#10980=CARTESIAN_POINT('Ctrl Pts',(30.3548799301516,10.1982199677168,-451.915291842737));
#10981=CARTESIAN_POINT('Ctrl Pts',(30.3567409098509,10.2013573972479,-448.086507114029));
#10982=CARTESIAN_POINT('Ctrl Pts',(29.7833478433627,10.391528784047,-444.395165601771));
#10983=CARTESIAN_POINT('Ctrl Pts',(28.7373897924477,10.5534017475702,-441.036212783202));
#10984=CARTESIAN_POINT('Ctrl Pts',(27.8327369890504,10.4660776756654,-439.11005878792));
#10985=CARTESIAN_POINT('Ctrl Pts',(27.3731000265119,10.3424292541992,-438.253302199715));
#10986=CARTESIAN_POINT('Ctrl Pts',(25.7960282420891,12.0151405037738,-460.355851219858));
#10987=CARTESIAN_POINT('Ctrl Pts',(26.9005488615409,12.2737497613931,-458.923290044961));
#10988=CARTESIAN_POINT('Ctrl Pts',(28.4596874710797,12.0214878600637,-456.133477839656));
#10989=CARTESIAN_POINT('Ctrl Pts',(29.362610793712,11.6529362519243,-451.723849403717));
#10990=CARTESIAN_POINT('Ctrl Pts',(29.3652306318309,11.6562289089551,-448.276643562032));
#10991=CARTESIAN_POINT('Ctrl Pts',(28.6833464965807,11.9281758357904,-444.96880744839));
#10992=CARTESIAN_POINT('Ctrl Pts',(27.4345833867715,12.1964625661832,-442.006293434042));
#10993=CARTESIAN_POINT('Ctrl Pts',(26.3482885518157,12.1444451325834,-440.360429367591));
#10994=CARTESIAN_POINT('Ctrl Pts',(25.7960282420891,12.0151405037738,-439.644148780141));
#10995=CARTESIAN_POINT('Ctrl Pts',(25.3035966954615,13.8780026237179,-459.921567416492));
#10996=CARTESIAN_POINT('Ctrl Pts',(26.5875491850082,13.9767602567317,-458.468792588063));
#10997=CARTESIAN_POINT('Ctrl Pts',(28.1796244168579,13.4319394459772,-455.770903311909));
#10998=CARTESIAN_POINT('Ctrl Pts',(29.0810495531261,12.8971165087172,-451.617661995644));
#10999=CARTESIAN_POINT('Ctrl Pts',(29.0824077014331,12.8984642169545,-448.383377187311));
#11000=CARTESIAN_POINT('Ctrl Pts',(28.4039896683879,13.298481074929,-445.266604211789));
#11001=CARTESIAN_POINT('Ctrl Pts',(27.1268360435286,13.7931431171744,-442.43301518881));
#11002=CARTESIAN_POINT('Ctrl Pts',(25.9455729402357,13.9273814402248,-440.804819997723));
#11003=CARTESIAN_POINT('Ctrl Pts',(25.3035966954615,13.8780026237179,-440.078432583508));
#11004=CARTESIAN_POINT('Ctrl Pts',(25.3035966954615,15.,-459.921567416492));
#11005=CARTESIAN_POINT('Ctrl Pts',(26.6765411511778,15.,-458.364794733465));
#11006=CARTESIAN_POINT('Ctrl Pts',(28.2232369123049,14.278169249625,-455.628085015782));
#11007=CARTESIAN_POINT('Ctrl Pts',(29.0785863585216,13.6428382876193,-451.570675955016));
#11008=CARTESIAN_POINT('Ctrl Pts',(29.0792717165581,13.643111756019,-448.432389572523));
#11009=CARTESIAN_POINT('Ctrl Pts',(28.4364431024762,14.1202607055365,-445.386850573337));
#11010=CARTESIAN_POINT('Ctrl Pts',(27.1963647533046,14.7521557180106,-442.553708680724));
#11011=CARTESIAN_POINT('Ctrl Pts',(25.9900689233205,15.,-440.856818925022));
#11012=CARTESIAN_POINT('Ctrl Pts',(25.3035966954615,15.,-440.078432583508));
#11013=CARTESIAN_POINT('Ctrl Pts',(29.0535966954615,10.,-436.771243444677));
#11014=CARTESIAN_POINT('Ctrl Pts',(29.5112448473677,10.,-437.80909190003));
#11015=CARTESIAN_POINT('Ctrl Pts',(30.3154420673571,9.87607785900526,-440.071611574298));
#11016=CARTESIAN_POINT('Ctrl Pts',(31.142160966805,9.56013035276821,-443.849134097783));
#11017=CARTESIAN_POINT('Ctrl Pts',(31.570713376193,9.32155587800948,-447.909852763363));
#11018=CARTESIAN_POINT('Ctrl Pts',(31.5702564708356,9.3214191438096,-452.094234606687));
#11019=CARTESIAN_POINT('Ctrl Pts',(31.0000235066908,9.63908462481248,-457.504113354376));
#11020=CARTESIAN_POINT('Ctrl Pts',(29.968892999274,10.,-461.153059644616));
#11021=CARTESIAN_POINT('Ctrl Pts',(29.0535966954615,10.,-463.228756555323));
#11022=CARTESIAN_POINT('Ctrl Pts',(25.3035966954615,15.,-459.921567416492));
#11023=CARTESIAN_POINT('Ctrl Pts',(26.6765411511778,15.,-458.364794733465));
#11024=CARTESIAN_POINT('Ctrl Pts',(28.2232369123049,14.278169249625,-455.628085015782));
#11025=CARTESIAN_POINT('Ctrl Pts',(29.0785863585216,13.6428382876193,-451.570675955016));
#11026=CARTESIAN_POINT('Ctrl Pts',(29.0792717165581,13.643111756019,-448.432389572523));
#11027=CARTESIAN_POINT('Ctrl Pts',(28.4364431024762,14.1202607055365,-445.386850573337));
#11028=CARTESIAN_POINT('Ctrl Pts',(27.1963647533046,14.7521557180106,-442.553708680724));
#11029=CARTESIAN_POINT('Ctrl Pts',(25.9900689233205,15.,-440.856818925022));
#11030=CARTESIAN_POINT('Ctrl Pts',(25.3035966954615,15.,-440.078432583508));
#11031=CARTESIAN_POINT('Origin',(297.023096695461,10.,0.));
#11032=CARTESIAN_POINT('',(29.0535966954615,10.,345.));
#11033=CARTESIAN_POINT('Origin',(14.0535966954615,10.,-450.));
#11034=CARTESIAN_POINT('',(-0.94640330453855,10.,-450.));
#11035=CARTESIAN_POINT('Origin',(14.0535966954615,15.,-89.9999999999999));
#11036=CARTESIAN_POINT('',(29.0535966954615,10.,-76.7712434446769));
#11037=CARTESIAN_POINT('',(25.3035966954615,15.,-80.0784325835076));
#11038=CARTESIAN_POINT('Origin',(29.0535966954615,15.,-76.7712434446769));
#11039=CARTESIAN_POINT('',(2.80359669546145,15.,-80.0784325835076));
#11040=CARTESIAN_POINT('Origin',(14.0535966954615,15.,-89.9999999999999));
#11041=CARTESIAN_POINT('Origin',(-0.946403304538546,15.,-76.7712434446769));
#11042=CARTESIAN_POINT('Origin',(14.0535966954615,10.,-89.9999999999999));
#11043=CARTESIAN_POINT('Origin',(14.0535966954615,15.,-89.9999999999999));
#11044=CARTESIAN_POINT('',(2.80359669546146,15.,-99.9215674164921));
#11045=CARTESIAN_POINT('Origin',(-0.946403304538541,15.,-103.228756555323));
#11046=CARTESIAN_POINT('',(25.3035966954615,15.,-99.9215674164921));
#11047=CARTESIAN_POINT('Origin',(14.0535966954615,15.,-89.9999999999999));
#11048=CARTESIAN_POINT('',(29.0535966954615,10.,-103.228756555323));
#11049=CARTESIAN_POINT('Origin',(29.0535966954615,15.,-103.228756555323));
#11050=CARTESIAN_POINT('Origin',(14.0535966954615,10.,-89.9999999999999));
#11051=CARTESIAN_POINT('Ctrl Pts',(-0.946403304538548,10.,-76.7712434446769));
#11052=CARTESIAN_POINT('Ctrl Pts',(-1.4040514564202,10.,-77.8090918999745));
#11053=CARTESIAN_POINT('Ctrl Pts',(-2.60936216334184,9.80902472370157,-81.1954734112873));
#11054=CARTESIAN_POINT('Ctrl Pts',(-3.46340055784887,9.31690411097079,-86.5101258912831));
#11055=CARTESIAN_POINT('Ctrl Pts',(-3.46420519076754,9.32185013104044,-92.0921689534411));
#11056=CARTESIAN_POINT('Ctrl Pts',(-3.03530306855321,9.55911292913987,-96.1511894999094));
#11057=CARTESIAN_POINT('Ctrl Pts',(-2.20854356138608,9.87599747320434,-99.9289659614222));
#11058=CARTESIAN_POINT('Ctrl Pts',(-1.4040514564202,10.,-102.190908100025));
#11059=CARTESIAN_POINT('Ctrl Pts',(-0.946403304538551,10.,-103.228756555323));
#11060=CARTESIAN_POINT('Ctrl Pts',(-0.385404616397514,10.,-77.2659977828951));
#11061=CARTESIAN_POINT('Ctrl Pts',(-0.833296240608062,10.0514885978176,
-78.2433449495365));
#11062=CARTESIAN_POINT('Ctrl Pts',(-2.0735862212693,10.0009561159519,-81.4613848188386));
#11063=CARTESIAN_POINT('Ctrl Pts',(-3.03573877402148,9.56796915715243,-86.6087825969365));
#11064=CARTESIAN_POINT('Ctrl Pts',(-3.03383523179792,9.57256946538069,-92.0330244837093));
#11065=CARTESIAN_POINT('Ctrl Pts',(-2.55614538638842,9.78110108926478,-95.9688313495875));
#11066=CARTESIAN_POINT('Ctrl Pts',(-1.65891248605147,10.0206763380316,-99.6070233986485));
#11067=CARTESIAN_POINT('Ctrl Pts',(-0.833296240608097,10.0514885978176,
-101.756655050463));
#11068=CARTESIAN_POINT('Ctrl Pts',(-0.385404616397516,10.,-102.734002217105));
#11069=CARTESIAN_POINT('Ctrl Pts',(0.734210741904471,10.3423432133621,-78.2534057169336));
#11070=CARTESIAN_POINT('Ctrl Pts',(0.274573779390473,10.4659916348216,-79.1101623050933));
#11071=CARTESIAN_POINT('Ctrl Pts',(-1.0897064118725,10.5930834198829,-81.9926927774118));
#11072=CARTESIAN_POINT('Ctrl Pts',(-2.25526050390408,10.1974732963068,-86.8059773842474));
#11073=CARTESIAN_POINT('Ctrl Pts',(-2.24917244730137,10.2025067442378,-91.9148294510624));
#11074=CARTESIAN_POINT('Ctrl Pts',(-1.67791412048,10.3918204490083,-95.6044882035275));
#11075=CARTESIAN_POINT('Ctrl Pts',(-0.630264352402921,10.5537183196536,
-98.9639596538052));
#11076=CARTESIAN_POINT('Ctrl Pts',(0.274573779390377,10.4659916348216,-100.889837694906));
#11077=CARTESIAN_POINT('Ctrl Pts',(0.734210741904468,10.3423432133621,-101.746594283066));
#11078=CARTESIAN_POINT('Ctrl Pts',(2.31142387110471,12.0150141834323,-79.6443769517369));
#11079=CARTESIAN_POINT('Ctrl Pts',(1.75916356140742,12.144318812235,-80.3606575391484));
#11080=CARTESIAN_POINT('Ctrl Pts',(0.120737827067486,12.2163116712743,-82.8230806483331));
#11081=CARTESIAN_POINT('Ctrl Pts',(-1.26512322981999,11.6505405052444,-87.1233081319215));
#11082=CARTESIAN_POINT('Ctrl Pts',(-1.25805153940378,11.6577515284835,-91.7244207729706));
#11083=CARTESIAN_POINT('Ctrl Pts',(-0.578609921779656,11.928202866737,-95.030475396655));
#11084=CARTESIAN_POINT('Ctrl Pts',(0.672328486394672,12.1968684890899,-97.9937802470375));
#11085=CARTESIAN_POINT('Ctrl Pts',(1.75916356140724,12.144318812235,-99.6393424608511));
#11086=CARTESIAN_POINT('Ctrl Pts',(2.31142387110471,12.0150141834323,-100.355623048263));
#11087=CARTESIAN_POINT('Ctrl Pts',(2.80359669546145,13.8780026237179,-80.0784325835076));
#11088=CARTESIAN_POINT('Ctrl Pts',(2.16162045072136,13.9273814402222,-80.8048199976844));
#11089=CARTESIAN_POINT('Ctrl Pts',(0.38697082637085,13.7171296192808,-83.24059227558));
#11090=CARTESIAN_POINT('Ctrl Pts',(-0.977655155749315,12.8902136335047,
-87.3016630238011));
#11091=CARTESIAN_POINT('Ctrl Pts',(-0.974743680896258,12.8989893258418,
-91.6176369178709));
#11092=CARTESIAN_POINT('Ctrl Pts',(-0.297481889065057,13.2969248143946,
-94.7328365102939));
#11093=CARTESIAN_POINT('Ctrl Pts',(0.980525902001934,13.7929434195547,-97.5669062010478));
#11094=CARTESIAN_POINT('Ctrl Pts',(2.16162045072114,13.9273814402222,-99.1951800023151));
#11095=CARTESIAN_POINT('Ctrl Pts',(2.80359669546145,13.8780026237179,-99.9215674164921));
#11096=CARTESIAN_POINT('Ctrl Pts',(2.80359669546145,15.,-80.0784325835076));
#11097=CARTESIAN_POINT('Ctrl Pts',(2.11712446763895,15.,-80.8568189249808));
#11098=CARTESIAN_POINT('Ctrl Pts',(0.309158407256526,14.6180494474031,-83.3966050584655));
#11099=CARTESIAN_POINT('Ctrl Pts',(-0.971899184504064,13.6338082219416,
-87.3825944184622));
#11100=CARTESIAN_POINT('Ctrl Pts',(-0.973106133882048,13.6437002620809,
-91.5691267150807));
#11101=CARTESIAN_POINT('Ctrl Pts',(-0.32975295056061,14.1182258582797,-94.613392124932));
#11102=CARTESIAN_POINT('Ctrl Pts',(0.910386310190161,14.7519949464087,-97.4467244710666));
#11103=CARTESIAN_POINT('Ctrl Pts',(2.11712446763874,15.,-99.1431810750186));
#11104=CARTESIAN_POINT('Ctrl Pts',(2.80359669546144,15.,-99.9215674164921));
#11105=CARTESIAN_POINT('',(-0.945767991896226,13.6600322483214,-89.9996685513387));
#11106=CARTESIAN_POINT('Ctrl Pts',(2.80359669546145,15.,-80.0784325835076));
#11107=CARTESIAN_POINT('Ctrl Pts',(2.11712446763895,15.,-80.8568189249808));
#11108=CARTESIAN_POINT('Ctrl Pts',(0.309158407256526,14.6180494474031,-83.3966050584655));
#11109=CARTESIAN_POINT('Ctrl Pts',(-0.811841672456586,13.7567809928889,
-86.8845781355784));
#11110=CARTESIAN_POINT('Ctrl Pts',(-0.945864111261226,13.6594471899977,
-89.4805228061768));
#11111=CARTESIAN_POINT('Ctrl Pts',(-0.945899767765231,13.6600785585775,
-90.0000002479036));
#11112=CARTESIAN_POINT('Ctrl Pts',(-0.945899707183824,13.6600777580887,
-89.9993325110017));
#11113=CARTESIAN_POINT('Ctrl Pts',(-0.945958281835725,13.660691588083,-90.5185480989048));
#11114=CARTESIAN_POINT('Ctrl Pts',(-0.865876556532411,13.7227908462905,
-92.0765234323134));
#11115=CARTESIAN_POINT('Ctrl Pts',(-0.32975295056061,14.1182258582797,-94.613392124932));
#11116=CARTESIAN_POINT('Ctrl Pts',(0.910386310190161,14.7519949464087,-97.4467244710666));
#11117=CARTESIAN_POINT('Ctrl Pts',(2.11712446763874,15.,-99.1431810750186));
#11118=CARTESIAN_POINT('Ctrl Pts',(2.80359669546144,15.,-99.9215674164921));
#11119=CARTESIAN_POINT('Ctrl Pts',(29.0535966954615,10.,-103.228756555323));
#11120=CARTESIAN_POINT('Ctrl Pts',(29.968892999274,10.,-101.153059644616));
#11121=CARTESIAN_POINT('Ctrl Pts',(31.0005809433203,9.63852018585384,-97.5028583667531));
#11122=CARTESIAN_POINT('Ctrl Pts',(31.5706009588704,9.32108983104399,-92.0934977270561));
#11123=CARTESIAN_POINT('Ctrl Pts',(31.5711117270663,9.32114161835888,-87.9090427500521));
#11124=CARTESIAN_POINT('Ctrl Pts',(31.1424050325911,9.55989449087267,-83.848680789322));
#11125=CARTESIAN_POINT('Ctrl Pts',(30.315649674427,9.87588352211374,-80.0713131811087));
#11126=CARTESIAN_POINT('Ctrl Pts',(29.5112448473677,10.,-77.8090919000303));
#11127=CARTESIAN_POINT('Ctrl Pts',(29.0535966954615,10.,-76.7712434446769));
#11128=CARTESIAN_POINT('Ctrl Pts',(28.4925980073204,10.,-102.734002217105));
#11129=CARTESIAN_POINT('Ctrl Pts',(29.3883812557897,10.1029771956408,-100.779307883717));
#11130=CARTESIAN_POINT('Ctrl Pts',(30.5051763469357,9.85219089021195,-97.2798168463041));
#11131=CARTESIAN_POINT('Ctrl Pts',(31.140291302323,9.57062836593899,-92.03396262249));
#11132=CARTESIAN_POINT('Ctrl Pts',(31.1412476210391,9.57192463185104,-87.9681392348074));
#11133=CARTESIAN_POINT('Ctrl Pts',(30.6627334800012,9.78148347388624,-84.0309379947821));
#11134=CARTESIAN_POINT('Ctrl Pts',(29.7661055846678,10.0205541453664,-80.3932353999974));
#11135=CARTESIAN_POINT('Ctrl Pts',(28.940489631555,10.0514885978204,-78.2433449495891));
#11136=CARTESIAN_POINT('Ctrl Pts',(28.4925980073204,10.,-77.2659977828951));
#11137=CARTESIAN_POINT('Ctrl Pts',(27.3730066453857,10.3423611302717,-101.746615445873));
#11138=CARTESIAN_POINT('Ctrl Pts',(28.2922805704631,10.5896579732039,-100.033102269461));
#11139=CARTESIAN_POINT('Ctrl Pts',(29.5960620769625,10.4585862331062,-96.8340413893075));
#11140=CARTESIAN_POINT('Ctrl Pts',(30.3554448322131,10.1986768867127,-91.9149869643551));
#11141=CARTESIAN_POINT('Ctrl Pts',(30.3573738616708,10.2017874999321,-88.0862278031823));
#11142=CARTESIAN_POINT('Ctrl Pts',(29.7836533018518,10.3917502956185,-84.3950720285078));
#11143=CARTESIAN_POINT('Ctrl Pts',(28.7376170167421,10.5535474906214,-81.0362368725856));
#11144=CARTESIAN_POINT('Ctrl Pts',(27.8326436079243,10.4660095517378,-79.1101411423325));
#11145=CARTESIAN_POINT('Ctrl Pts',(27.3730066453857,10.3423611302717,-78.2533845541269));
#11146=CARTESIAN_POINT('Ctrl Pts',(25.7958239956237,12.0150406025935,-100.355671091407));
#11147=CARTESIAN_POINT('Ctrl Pts',(26.9003446150777,12.2736498602128,-98.9231099165074));
#11148=CARTESIAN_POINT('Ctrl Pts',(28.4616598008159,12.0224458952315,-96.1334217148123));
#11149=CARTESIAN_POINT('Ctrl Pts',(29.3636308185419,11.6534179708879,-91.7237846226733));
#11150=CARTESIAN_POINT('Ctrl Pts',(29.3664152542359,11.656688068536,-88.2766048405051));
#11151=CARTESIAN_POINT('Ctrl Pts',(28.6839516988609,11.9284194438962,-84.9688531141265));
#11152=CARTESIAN_POINT('Ctrl Pts',(27.435036963831,12.1966298126153,-82.0063978213009));
#11153=CARTESIAN_POINT('Ctrl Pts',(26.3480843053505,12.1443452314032,-80.360609496042));
#11154=CARTESIAN_POINT('Ctrl Pts',(25.7958239956237,12.0150406025935,-79.6443289085923));
#11155=CARTESIAN_POINT('Ctrl Pts',(25.3035966954615,13.8780026237179,-99.9215674164921));
#11156=CARTESIAN_POINT('Ctrl Pts',(26.5875491850107,13.9767602567317,-98.4687925880605));
#11157=CARTESIAN_POINT('Ctrl Pts',(28.1800587757154,13.4312079449716,-95.7704104870855));
#11158=CARTESIAN_POINT('Ctrl Pts',(29.0810140165694,12.8965713164494,-91.6175020189011));
#11159=CARTESIAN_POINT('Ctrl Pts',(29.0822969138309,12.8977254704423,-88.3833389583096));
#11160=CARTESIAN_POINT('Ctrl Pts',(28.4038592775799,13.2980241546181,-85.2666887551128));
#11161=CARTESIAN_POINT('Ctrl Pts',(27.1267232213684,13.7927374442351,-82.4332420163398));
#11162=CARTESIAN_POINT('Ctrl Pts',(25.9455729402358,13.9273814402248,-80.8048199977231));
#11163=CARTESIAN_POINT('Ctrl Pts',(25.3035966954615,13.8780026237179,-80.0784325835076));
#11164=CARTESIAN_POINT('Ctrl Pts',(25.3035966954615,15.,-99.9215674164921));
#11165=CARTESIAN_POINT('Ctrl Pts',(26.6765411511803,15.,-98.364794733462));
#11166=CARTESIAN_POINT('Ctrl Pts',(28.2240730672498,14.2770403717077,-95.6271437750647));
#11167=CARTESIAN_POINT('Ctrl Pts',(29.0791030905749,13.642179662088,-91.5701232952919));
#11168=CARTESIAN_POINT('Ctrl Pts',(29.0798692428687,13.6422832367178,-88.4317820625391));
#11169=CARTESIAN_POINT('Ctrl Pts',(28.4368092011558,14.1197889817453,-85.3865105919914));
#11170=CARTESIAN_POINT('Ctrl Pts',(27.1966761639097,14.7517670442275,-82.5534848858315));
#11171=CARTESIAN_POINT('Ctrl Pts',(25.9900689233206,15.,-80.8568189250224));
#11172=CARTESIAN_POINT('Ctrl Pts',(25.3035966954615,15.,-80.0784325835076));
#11173=CARTESIAN_POINT('Ctrl Pts',(29.0535966954615,10.,-76.7712434446769));
#11174=CARTESIAN_POINT('Ctrl Pts',(29.5112448473677,10.,-77.8090919000303));
#11175=CARTESIAN_POINT('Ctrl Pts',(30.315649674427,9.87588352211374,-80.0713131811087));
#11176=CARTESIAN_POINT('Ctrl Pts',(31.1424050325911,9.55989449087267,-83.848680789322));
#11177=CARTESIAN_POINT('Ctrl Pts',(31.5711117270663,9.32114161835888,-87.9090427500521));
#11178=CARTESIAN_POINT('Ctrl Pts',(31.5706009588704,9.32108983104399,-92.0934977270561));
#11179=CARTESIAN_POINT('Ctrl Pts',(31.0005809433203,9.63852018585384,-97.5028583667531));
#11180=CARTESIAN_POINT('Ctrl Pts',(29.968892999274,10.,-101.153059644616));
#11181=CARTESIAN_POINT('Ctrl Pts',(29.0535966954615,10.,-103.228756555323));
#11182=CARTESIAN_POINT('Ctrl Pts',(25.3035966954615,15.,-99.9215674164921));
#11183=CARTESIAN_POINT('Ctrl Pts',(26.6765411511803,15.,-98.364794733462));
#11184=CARTESIAN_POINT('Ctrl Pts',(28.2240730672498,14.2770403717077,-95.6271437750647));
#11185=CARTESIAN_POINT('Ctrl Pts',(29.0791030905749,13.642179662088,-91.5701232952919));
#11186=CARTESIAN_POINT('Ctrl Pts',(29.0798692428687,13.6422832367178,-88.4317820625391));
#11187=CARTESIAN_POINT('Ctrl Pts',(28.4368092011558,14.1197889817453,-85.3865105919914));
#11188=CARTESIAN_POINT('Ctrl Pts',(27.1966761639097,14.7517670442275,-82.5534848858315));
#11189=CARTESIAN_POINT('Ctrl Pts',(25.9900689233206,15.,-80.8568189250224));
#11190=CARTESIAN_POINT('Ctrl Pts',(25.3035966954615,15.,-80.0784325835076));
#11191=CARTESIAN_POINT('Origin',(297.023096695461,10.,0.));
#11192=CARTESIAN_POINT('',(29.0535966954615,10.,345.));
#11193=CARTESIAN_POINT('Origin',(14.0535966954615,10.,-89.9999999999999));
#11194=CARTESIAN_POINT('',(-0.94640330453855,10.,-89.9999999999999));
#11195=CARTESIAN_POINT('Origin',(14.0535966954615,15.,330.));
#11196=CARTESIAN_POINT('',(29.0535966954615,10.,343.228756555323));
#11197=CARTESIAN_POINT('',(25.3035966954615,15.,339.921567416492));
#11198=CARTESIAN_POINT('Origin',(29.0535966954615,15.,343.228756555323));
#11199=CARTESIAN_POINT('',(2.80359669546144,15.,339.921567416492));
#11200=CARTESIAN_POINT('Origin',(14.0535966954615,15.,330.));
#11201=CARTESIAN_POINT('Origin',(-0.946403304538561,15.,343.228756555323));
#11202=CARTESIAN_POINT('Origin',(14.0535966954615,10.,330.));
#11203=CARTESIAN_POINT('Origin',(14.0535966954615,15.,330.));
#11204=CARTESIAN_POINT('',(2.80359669546146,15.,320.078432583508));
#11205=CARTESIAN_POINT('Origin',(-0.946403304538541,15.,316.771243444677));
#11206=CARTESIAN_POINT('',(25.3035966954615,15.,320.078432583508));
#11207=CARTESIAN_POINT('Origin',(14.0535966954615,15.,330.));
#11208=CARTESIAN_POINT('',(29.0535966954615,10.,316.771243444677));
#11209=CARTESIAN_POINT('Origin',(29.0535966954615,15.,316.771243444677));
#11210=CARTESIAN_POINT('Origin',(14.0535966954615,10.,330.));
#11211=CARTESIAN_POINT('Ctrl Pts',(-0.946403304538568,10.,343.228756555323));
#11212=CARTESIAN_POINT('Ctrl Pts',(-1.40405145642021,10.,342.190908100025));
#11213=CARTESIAN_POINT('Ctrl Pts',(-2.60927222302548,9.80900770461295,338.804687549281));
#11214=CARTESIAN_POINT('Ctrl Pts',(-3.46333419585639,9.31692205583577,333.48994293593));
#11215=CARTESIAN_POINT('Ctrl Pts',(-3.46408580244521,9.32185892943989,327.90801001527));
#11216=CARTESIAN_POINT('Ctrl Pts',(-3.03522545743445,9.5591261541068,323.848874404981));
#11217=CARTESIAN_POINT('Ctrl Pts',(-2.20845589643997,9.87600217252498,320.071061318935));
#11218=CARTESIAN_POINT('Ctrl Pts',(-1.40405145642019,10.,317.809091899974));
#11219=CARTESIAN_POINT('Ctrl Pts',(-0.946403304538532,10.,316.771243444677));
#11220=CARTESIAN_POINT('Ctrl Pts',(-0.385404616397534,10.,342.734002217105));
#11221=CARTESIAN_POINT('Ctrl Pts',(-0.833296240608155,10.0514885978176,
341.756655050463));
#11222=CARTESIAN_POINT('Ctrl Pts',(-2.0735437540651,10.0010313025262,338.538775373105));
#11223=CARTESIAN_POINT('Ctrl Pts',(-3.03571276457769,9.56811397892554,333.391281441847));
#11224=CARTESIAN_POINT('Ctrl Pts',(-3.0338078286698,9.57274530381049,327.967140692988));
#11225=CARTESIAN_POINT('Ctrl Pts',(-2.55611748619649,9.78122680211529,324.031222004176));
#11226=CARTESIAN_POINT('Ctrl Pts',(-1.65886655897944,10.020769938007,320.392994337155));
#11227=CARTESIAN_POINT('Ctrl Pts',(-0.833296240608036,10.0514885978176,
318.243344949536));
#11228=CARTESIAN_POINT('Ctrl Pts',(-0.385404616397496,9.99999999999999,
317.265997782895));
#11229=CARTESIAN_POINT('Ctrl Pts',(0.734109522419791,10.3424176304732,341.746683550261));
#11230=CARTESIAN_POINT('Ctrl Pts',(0.274472559905564,10.4660660519327,340.889926962101));
#11231=CARTESIAN_POINT('Ctrl Pts',(-1.08997779228046,10.5931531944662,338.007556459776));
#11232=CARTESIAN_POINT('Ctrl Pts',(-2.25555524600892,10.1976154642512,333.194080041228));
#11233=CARTESIAN_POINT('Ctrl Pts',(-2.24957309652751,10.202681260203,328.085259299018));
#11234=CARTESIAN_POINT('Ctrl Pts',(-1.67819829002679,10.3919660915949,324.395469331965));
#11235=CARTESIAN_POINT('Ctrl Pts',(-0.630507588153983,10.5538292143437,
321.035934795787));
#11236=CARTESIAN_POINT('Ctrl Pts',(0.274472559905866,10.4660660519327,319.110073037898));
#11237=CARTESIAN_POINT('Ctrl Pts',(0.734109522419833,10.3424176304732,318.253316449739));
#11238=CARTESIAN_POINT('Ctrl Pts',(2.31119969619261,12.0151235157426,340.355820751952));
#11239=CARTESIAN_POINT('Ctrl Pts',(1.75893938649487,12.1444281445452,339.63954016454));
#11240=CARTESIAN_POINT('Ctrl Pts',(0.120558655117202,12.2162899827323,337.177120071573));
#11241=CARTESIAN_POINT('Ctrl Pts',(-1.26525238217177,11.6505899200945,332.876757033281));
#11242=CARTESIAN_POINT('Ctrl Pts',(-1.25825368782822,11.6577978674555,328.275714733563));
#11243=CARTESIAN_POINT('Ctrl Pts',(-0.578792793193778,11.9282724066142,
324.96950874336));
#11244=CARTESIAN_POINT('Ctrl Pts',(0.672147688573125,12.1969098732555,322.006161328696));
#11245=CARTESIAN_POINT('Ctrl Pts',(1.75893938649543,12.1444281445452,320.360459835459));
#11246=CARTESIAN_POINT('Ctrl Pts',(2.31119969619266,12.0151235157425,319.644179248048));
#11247=CARTESIAN_POINT('Ctrl Pts',(2.80359669546142,13.8780026237179,339.921567416492));
#11248=CARTESIAN_POINT('Ctrl Pts',(2.16162045072081,13.9273814402222,339.195180002315));
#11249=CARTESIAN_POINT('Ctrl Pts',(0.386443974261665,13.717342581454,336.759776432978));
#11250=CARTESIAN_POINT('Ctrl Pts',(-0.978387670712901,12.8905509854327,
332.698349374641));
#11251=CARTESIAN_POINT('Ctrl Pts',(-0.975603809893616,12.8993717258934,
328.38228488416));
#11252=CARTESIAN_POINT('Ctrl Pts',(-0.298061152738593,13.2972060061832,
325.266983927827));
#11253=CARTESIAN_POINT('Ctrl Pts',(0.980082456266027,13.7931723855008,322.432813144895));
#11254=CARTESIAN_POINT('Ctrl Pts',(2.16162045072145,13.9273814402222,320.804819997684));
#11255=CARTESIAN_POINT('Ctrl Pts',(2.80359669546148,13.8780026237179,320.078432583508));
#11256=CARTESIAN_POINT('Ctrl Pts',(2.80359669546142,15.,339.921567416492));
#11257=CARTESIAN_POINT('Ctrl Pts',(2.11712446763841,15.,339.143181075018));
#11258=CARTESIAN_POINT('Ctrl Pts',(0.309293317730763,14.6180154092259,336.603515661961));
#11259=CARTESIAN_POINT('Ctrl Pts',(-0.971799641515594,13.6338441116715,
332.617457201947));
#11260=CARTESIAN_POINT('Ctrl Pts',(-0.972927051398667,13.6437178588798,
328.431007511453));
#11261=CARTESIAN_POINT('Ctrl Pts',(-0.329636533882572,14.1182523082136,
325.386655803736));
#11262=CARTESIAN_POINT('Ctrl Pts',(0.910517807609262,14.75200434505,322.553295989201));
#11263=CARTESIAN_POINT('Ctrl Pts',(2.11712446763905,15.,320.856818924981));
#11264=CARTESIAN_POINT('Ctrl Pts',(2.80359669546147,15.,320.078432583508));
#11265=CARTESIAN_POINT('',(-0.945592629277348,13.660065241553,330.000383322025));
#11266=CARTESIAN_POINT('Ctrl Pts',(2.80359669546142,15.,339.921567416492));
#11267=CARTESIAN_POINT('Ctrl Pts',(2.11712446763841,15.,339.143181075018));
#11268=CARTESIAN_POINT('Ctrl Pts',(0.309293317730763,14.6180154092259,336.603515661961));
#11269=CARTESIAN_POINT('Ctrl Pts',(-0.8117481676127,13.7568001123345,333.1154495818));
#11270=CARTESIAN_POINT('Ctrl Pts',(-0.945725896860323,13.6594695527933,
330.519505485062));
#11271=CARTESIAN_POINT('Ctrl Pts',(-0.945751860742533,13.6601026889796,
329.999999782901));
#11272=CARTESIAN_POINT('Ctrl Pts',(-0.945751802703885,13.6601017659354,
330.000769230555));
#11273=CARTESIAN_POINT('Ctrl Pts',(-0.945804180544751,13.6607146985477,
329.481559299225));
#11274=CARTESIAN_POINT('Ctrl Pts',(-0.865707918744101,13.7228099186675,
327.9235964107));
#11275=CARTESIAN_POINT('Ctrl Pts',(-0.329636533882572,14.1182523082136,
325.386655803736));
#11276=CARTESIAN_POINT('Ctrl Pts',(0.910517807609262,14.75200434505,322.553295989201));
#11277=CARTESIAN_POINT('Ctrl Pts',(2.11712446763905,15.,320.856818924981));
#11278=CARTESIAN_POINT('Ctrl Pts',(2.80359669546147,15.,320.078432583508));
#11279=CARTESIAN_POINT('Ctrl Pts',(29.0535966954614,10.,316.771243444677));
#11280=CARTESIAN_POINT('Ctrl Pts',(29.5112448473677,10.,317.80909190003));
#11281=CARTESIAN_POINT('Ctrl Pts',(30.7164611987368,9.80900721852083,321.195305176543));
#11282=CARTESIAN_POINT('Ctrl Pts',(31.5705232818292,9.31692282910772,326.510052078689));
#11283=CARTESIAN_POINT('Ctrl Pts',(31.5712726571182,9.32185947892643,332.091980908932));
#11284=CARTESIAN_POINT('Ctrl Pts',(31.1424144919966,9.55912676313502,336.151121414601));
#11285=CARTESIAN_POINT('Ctrl Pts',(30.3156448702363,9.87600248117881,339.928936245035));
#11286=CARTESIAN_POINT('Ctrl Pts',(29.5112448473677,10.,342.190908099969));
#11287=CARTESIAN_POINT('Ctrl Pts',(29.0535966954615,10.,343.228756555323));
#11288=CARTESIAN_POINT('Ctrl Pts',(28.4925980073204,10.,317.265997782895));
#11289=CARTESIAN_POINT('Ctrl Pts',(28.9404896315551,10.0514885978204,318.243344949589));
#11290=CARTESIAN_POINT('Ctrl Pts',(30.1807352136907,10.0010358900233,321.461217486016));
#11291=CARTESIAN_POINT('Ctrl Pts',(31.142904591089,9.56812196035174,326.608713927917));
#11292=CARTESIAN_POINT('Ctrl Pts',(31.1409994766125,9.57275506464415,332.032850955752));
#11293=CARTESIAN_POINT('Ctrl Pts',(30.6633093525341,9.78123362196273,335.968774352189));
#11294=CARTESIAN_POINT('Ctrl Pts',(29.7660578843425,10.020775240998,339.60700370974));
#11295=CARTESIAN_POINT('Ctrl Pts',(28.9404896315553,10.0514885978204,341.75665505041));
#11296=CARTESIAN_POINT('Ctrl Pts',(28.4925980073204,10.,342.734002217105));
#11297=CARTESIAN_POINT('Ctrl Pts',(27.3730874310465,10.3424201987291,318.253313307871));
#11298=CARTESIAN_POINT('Ctrl Pts',(27.8327243935853,10.4660686201952,319.110069896076));
#11299=CARTESIAN_POINT('Ctrl Pts',(29.1971848177276,10.593157539035,321.992433423981));
#11300=CARTESIAN_POINT('Ctrl Pts',(30.3627651754156,10.1976232156569,326.805916379724));
#11301=CARTESIAN_POINT('Ctrl Pts',(30.3567879583436,10.2026908300431,331.91473639214));
#11302=CARTESIAN_POINT('Ctrl Pts',(29.7854066911159,10.3919735170209,335.604531426132));
#11303=CARTESIAN_POINT('Ctrl Pts',(28.7377136289922,10.5538350863098,338.964068645615));
#11304=CARTESIAN_POINT('Ctrl Pts',(27.8327243935859,10.4660686201952,340.889930103922));
#11305=CARTESIAN_POINT('Ctrl Pts',(27.3730874310466,10.3424201987291,341.746686692129));
#11306=CARTESIAN_POINT('Ctrl Pts',(25.7960013381231,12.0151272711804,319.644172507209));
#11307=CARTESIAN_POINT('Ctrl Pts',(26.3482616478501,12.14443189999,320.360453094659));
#11308=CARTESIAN_POINT('Ctrl Pts',(27.9866424156419,12.2162896755347,322.822871223474));
#11309=CARTESIAN_POINT('Ctrl Pts',(29.3724525791358,11.6505922091025,327.123238655296));
#11310=CARTESIAN_POINT('Ctrl Pts',(29.3654568402438,11.6578003049679,331.724278575539));
#11311=CARTESIAN_POINT('Ctrl Pts',(28.6859943872014,11.9282753652767,335.030490520298));
#11312=CARTESIAN_POINT('Ctrl Pts',(27.4350534405122,12.1969118477529,337.993839937204));
#11313=CARTESIAN_POINT('Ctrl Pts',(26.3482616478513,12.14443189999,339.639546905339));
#11314=CARTESIAN_POINT('Ctrl Pts',(25.7960013381232,12.0151272711804,340.355827492791));
#11315=CARTESIAN_POINT('Ctrl Pts',(25.3035966954614,13.8780026237179,320.078432583508));
#11316=CARTESIAN_POINT('Ctrl Pts',(25.9455729402361,13.9273814402248,320.804819997723));
#11317=CARTESIAN_POINT('Ctrl Pts',(27.7207779259019,13.7173545785246,323.240210385665));
#11318=CARTESIAN_POINT('Ctrl Pts',(29.0856214577334,12.8905694646725,327.301650573673));
#11319=CARTESIAN_POINT('Ctrl Pts',(29.0828451878009,12.8993933119267,331.617719485444));
#11320=CARTESIAN_POINT('Ctrl Pts',(28.4052868374293,13.2972213557987,334.733023616468));
#11321=CARTESIAN_POINT('Ctrl Pts',(27.1271363340112,13.7931849907373,337.56719824126));
#11322=CARTESIAN_POINT('Ctrl Pts',(25.9455729402374,13.9273814402248,339.195180002275));
#11323=CARTESIAN_POINT('Ctrl Pts',(25.3035966954615,13.8780026237179,339.921567416492));
#11324=CARTESIAN_POINT('Ctrl Pts',(25.3035966954614,15.,320.078432583508));
#11325=CARTESIAN_POINT('Ctrl Pts',(25.9900689233209,15.,320.856818925023));
#11326=CARTESIAN_POINT('Ctrl Pts',(27.7978934503746,14.6180144370416,323.396478882407));
#11327=CARTESIAN_POINT('Ctrl Pts',(29.0789865750134,13.6338456582154,327.382539059017));
#11328=CARTESIAN_POINT('Ctrl Pts',(29.0801106379469,13.6437189578529,331.568985681699));
#11329=CARTESIAN_POINT('Ctrl Pts',(28.4368233902648,14.11825352627,334.61334106095));
#11330=CARTESIAN_POINT('Ctrl Pts',(27.1966689576242,14.7520049623576,337.446702183776));
#11331=CARTESIAN_POINT('Ctrl Pts',(25.9900689233222,15.,339.143181074975));
#11332=CARTESIAN_POINT('Ctrl Pts',(25.3035966954615,15.,339.921567416492));
#11333=CARTESIAN_POINT('Ctrl Pts',(29.0535966954615,10.,343.228756555323));
#11334=CARTESIAN_POINT('Ctrl Pts',(29.5112448473677,10.,342.190908099969));
#11335=CARTESIAN_POINT('Ctrl Pts',(30.3156448702363,9.87600248117881,339.928936245035));
#11336=CARTESIAN_POINT('Ctrl Pts',(31.1424144919966,9.55912676313502,336.151121414601));
#11337=CARTESIAN_POINT('Ctrl Pts',(31.5712726571182,9.32185947892643,332.091980908932));
#11338=CARTESIAN_POINT('Ctrl Pts',(31.5705232818292,9.31692282910772,326.510052078689));
#11339=CARTESIAN_POINT('Ctrl Pts',(30.7164611987368,9.80900721852083,321.195305176543));
#11340=CARTESIAN_POINT('Ctrl Pts',(29.5112448473677,10.,317.80909190003));
#11341=CARTESIAN_POINT('Ctrl Pts',(29.0535966954614,10.,316.771243444677));
#11342=CARTESIAN_POINT('Ctrl Pts',(25.3035966954614,15.,320.078432583508));
#11343=CARTESIAN_POINT('Ctrl Pts',(25.9900689233209,15.,320.856818925023));
#11344=CARTESIAN_POINT('Ctrl Pts',(27.7978934503746,14.6180144370416,323.396478882407));
#11345=CARTESIAN_POINT('Ctrl Pts',(29.0789865750134,13.6338456582154,327.382539059017));
#11346=CARTESIAN_POINT('Ctrl Pts',(29.0801106379469,13.6437189578529,331.568985681699));
#11347=CARTESIAN_POINT('Ctrl Pts',(28.4368233902648,14.11825352627,334.61334106095));
#11348=CARTESIAN_POINT('Ctrl Pts',(27.1966689576242,14.7520049623576,337.446702183776));
#11349=CARTESIAN_POINT('Ctrl Pts',(25.9900689233222,15.,339.143181074975));
#11350=CARTESIAN_POINT('Ctrl Pts',(25.3035966954615,15.,339.921567416492));
#11351=CARTESIAN_POINT('Origin',(297.023096695461,10.,0.));
#11352=CARTESIAN_POINT('',(29.0535966954615,10.,223.228756555323));
#11353=CARTESIAN_POINT('',(29.0535966954615,10.,345.));
#11354=CARTESIAN_POINT('Origin',(14.0535966954615,10.,210.));
#11355=CARTESIAN_POINT('Origin',(14.0535966954615,10.,330.));
#11356=CARTESIAN_POINT('',(-0.94640330453855,10.,330.));
#11357=CARTESIAN_POINT('Origin',(14.0535966954615,15.,89.9999999999999));
#11358=CARTESIAN_POINT('',(29.0535966954615,10.,103.228756555323));
#11359=CARTESIAN_POINT('',(25.3035966954615,15.,99.9215674164921));
#11360=CARTESIAN_POINT('Origin',(29.0535966954615,15.,103.228756555323));
#11361=CARTESIAN_POINT('',(2.80359669546146,15.,99.9215674164921));
#11362=CARTESIAN_POINT('Origin',(14.0535966954615,15.,89.9999999999999));
#11363=CARTESIAN_POINT('Origin',(-0.946403304538541,15.,103.228756555323));
#11364=CARTESIAN_POINT('Origin',(14.0535966954615,10.,89.9999999999999));
#11365=CARTESIAN_POINT('Origin',(14.0535966954615,15.,89.9999999999999));
#11366=CARTESIAN_POINT('',(2.80359669546145,15.,80.0784325835076));
#11367=CARTESIAN_POINT('Origin',(-0.946403304538546,15.,76.7712434446769));
#11368=CARTESIAN_POINT('',(25.3035966954615,15.,80.0784325835076));
#11369=CARTESIAN_POINT('Origin',(14.0535966954615,15.,89.9999999999999));
#11370=CARTESIAN_POINT('',(29.0535966954615,10.,76.7712434446769));
#11371=CARTESIAN_POINT('Origin',(29.0535966954615,15.,76.7712434446769));
#11372=CARTESIAN_POINT('Origin',(14.0535966954615,10.,89.9999999999999));
#11373=CARTESIAN_POINT('Ctrl Pts',(-0.94640330453855,10.,103.228756555323));
#11374=CARTESIAN_POINT('Ctrl Pts',(-1.4040514564202,10.,102.190908100025));
#11375=CARTESIAN_POINT('Ctrl Pts',(-2.60936216334185,9.80902472370157,98.8045265887123));
#11376=CARTESIAN_POINT('Ctrl Pts',(-3.46340055784887,9.31690411097079,93.4898741087167));
#11377=CARTESIAN_POINT('Ctrl Pts',(-3.46420519076754,9.32185013104044,87.9078310465585));
#11378=CARTESIAN_POINT('Ctrl Pts',(-3.0353030685532,9.55911292913987,83.8488105000902));
#11379=CARTESIAN_POINT('Ctrl Pts',(-2.20854356138609,9.87599747320433,80.0710340385776));
#11380=CARTESIAN_POINT('Ctrl Pts',(-1.4040514564202,10.,77.8090918999745));
#11381=CARTESIAN_POINT('Ctrl Pts',(-0.946403304538551,10.,76.7712434446769));
#11382=CARTESIAN_POINT('Ctrl Pts',(-0.385404616397515,10.,102.734002217105));
#11383=CARTESIAN_POINT('Ctrl Pts',(-0.83329624060808,10.0514885978176,101.756655050463));
#11384=CARTESIAN_POINT('Ctrl Pts',(-2.07358622126931,10.0009561159519,98.5386151811611));
#11385=CARTESIAN_POINT('Ctrl Pts',(-3.03573877402148,9.56796915715243,93.3912174030631));
#11386=CARTESIAN_POINT('Ctrl Pts',(-3.03383523179791,9.57256946538068,87.9669755162904));
#11387=CARTESIAN_POINT('Ctrl Pts',(-2.5561453863884,9.78110108926478,84.0311686504121));
#11388=CARTESIAN_POINT('Ctrl Pts',(-1.65891248605149,10.0206763380316,80.3929766013513));
#11389=CARTESIAN_POINT('Ctrl Pts',(-0.833296240608047,10.0514885978176,
78.2433449495365));
#11390=CARTESIAN_POINT('Ctrl Pts',(-0.385404616397517,10.,77.2659977828951));
#11391=CARTESIAN_POINT('Ctrl Pts',(0.734210741904469,10.3423432133621,101.746594283066));
#11392=CARTESIAN_POINT('Ctrl Pts',(0.274573779390427,10.4659916348216,100.889837694906));
#11393=CARTESIAN_POINT('Ctrl Pts',(-1.08970641187251,10.5930834198829,98.0073072225879));
#11394=CARTESIAN_POINT('Ctrl Pts',(-2.25526050390408,10.1974732963068,93.1940226157523));
#11395=CARTESIAN_POINT('Ctrl Pts',(-2.24917244730136,10.2025067442378,88.0851705489373));
#11396=CARTESIAN_POINT('Ctrl Pts',(-1.67791412047996,10.3918204490083,84.3955117964721));
#11397=CARTESIAN_POINT('Ctrl Pts',(-0.630264352402941,10.5537183196536,
81.0360403461946));
#11398=CARTESIAN_POINT('Ctrl Pts',(0.274573779390526,10.4659916348216,79.1101623050932));
#11399=CARTESIAN_POINT('Ctrl Pts',(0.734210741904467,10.3423432133621,78.2534057169336));
#11400=CARTESIAN_POINT('Ctrl Pts',(2.31142387110471,12.0150141834323,100.355623048263));
#11401=CARTESIAN_POINT('Ctrl Pts',(1.75916356140733,12.144318812235,99.6393424608512));
#11402=CARTESIAN_POINT('Ctrl Pts',(0.120737827067476,12.2163116712743,97.1769193516666));
#11403=CARTESIAN_POINT('Ctrl Pts',(-1.26512322982,11.6505405052444,92.8766918680781));
#11404=CARTESIAN_POINT('Ctrl Pts',(-1.25805153940377,11.6577515284835,88.275579227029));
#11405=CARTESIAN_POINT('Ctrl Pts',(-0.578609921779581,11.928202866737,84.9695246033446));
#11406=CARTESIAN_POINT('Ctrl Pts',(0.672328486394638,12.1968684890899,82.0062197529623));
#11407=CARTESIAN_POINT('Ctrl Pts',(1.75916356140753,12.144318812235,80.3606575391483));
#11408=CARTESIAN_POINT('Ctrl Pts',(2.31142387110471,12.0150141834323,79.6443769517369));
#11409=CARTESIAN_POINT('Ctrl Pts',(2.80359669546145,13.8780026237179,99.9215674164921));
#11410=CARTESIAN_POINT('Ctrl Pts',(2.16162045072126,13.9273814402222,99.1951800023153));
#11411=CARTESIAN_POINT('Ctrl Pts',(0.38697082637084,13.7171296192808,96.7594077244197));
#11412=CARTESIAN_POINT('Ctrl Pts',(-0.977655155749325,12.8902136335047,
92.6983369761985));
#11413=CARTESIAN_POINT('Ctrl Pts',(-0.974743680896242,12.8989893258418,
88.3823630821287));
#11414=CARTESIAN_POINT('Ctrl Pts',(-0.297481889064969,13.2969248143946,
85.2671634897056));
#11415=CARTESIAN_POINT('Ctrl Pts',(0.980525902001903,13.7929434195547,82.433093798952));
#11416=CARTESIAN_POINT('Ctrl Pts',(2.16162045072148,13.9273814402222,80.8048199976842));
#11417=CARTESIAN_POINT('Ctrl Pts',(2.80359669546145,13.8780026237179,80.0784325835076));
#11418=CARTESIAN_POINT('Ctrl Pts',(2.80359669546145,15.,99.9215674164921));
#11419=CARTESIAN_POINT('Ctrl Pts',(2.11712446763885,15.,99.1431810750188));
#11420=CARTESIAN_POINT('Ctrl Pts',(0.309158407256518,14.6180494474032,96.6033949415342));
#11421=CARTESIAN_POINT('Ctrl Pts',(-0.971899184504076,13.6338082219416,
92.6174055815374));
#11422=CARTESIAN_POINT('Ctrl Pts',(-0.973106133882033,13.6437002620809,
88.4308732849188));
#11423=CARTESIAN_POINT('Ctrl Pts',(-0.329752950560524,14.1182258582797,
85.3866078750676));
#11424=CARTESIAN_POINT('Ctrl Pts',(0.910386310190127,14.7519949464087,82.5532755289331));
#11425=CARTESIAN_POINT('Ctrl Pts',(2.11712446763908,15.,80.8568189249807));
#11426=CARTESIAN_POINT('Ctrl Pts',(2.80359669546144,15.,80.0784325835076));
#11427=CARTESIAN_POINT('',(-0.945767991896312,13.6600322483215,90.000331448661));
#11428=CARTESIAN_POINT('Ctrl Pts',(2.80359669546145,15.,99.9215674164921));
#11429=CARTESIAN_POINT('Ctrl Pts',(2.11712446763885,15.,99.1431810750188));
#11430=CARTESIAN_POINT('Ctrl Pts',(0.309158407256518,14.6180494474032,96.6033949415342));
#11431=CARTESIAN_POINT('Ctrl Pts',(-0.811841672456576,13.7567809928889,
93.1154218644214));
#11432=CARTESIAN_POINT('Ctrl Pts',(-0.945864111261217,13.6594471899977,
90.519477193823));
#11433=CARTESIAN_POINT('Ctrl Pts',(-0.945899767765225,13.6600785585775,
89.9999997520962));
#11434=CARTESIAN_POINT('Ctrl Pts',(-0.945899707183818,13.6600777580887,
90.0006674889979));
#11435=CARTESIAN_POINT('Ctrl Pts',(-0.945958281835716,13.660691588083,89.4814519010948));
#11436=CARTESIAN_POINT('Ctrl Pts',(-0.865876556532388,13.7227908462905,
87.9234765676862));
#11437=CARTESIAN_POINT('Ctrl Pts',(-0.329752950560524,14.1182258582797,
85.3866078750676));
#11438=CARTESIAN_POINT('Ctrl Pts',(0.910386310190127,14.7519949464087,82.5532755289331));
#11439=CARTESIAN_POINT('Ctrl Pts',(2.11712446763908,15.,80.8568189249807));
#11440=CARTESIAN_POINT('Ctrl Pts',(2.80359669546144,15.,80.0784325835076));
#11441=CARTESIAN_POINT('Ctrl Pts',(29.0535966954615,10.,76.7712434446769));
#11442=CARTESIAN_POINT('Ctrl Pts',(29.968892999274,10.,78.8469403553836));
#11443=CARTESIAN_POINT('Ctrl Pts',(31.0005809433203,9.63852018585384,82.4971416332466));
#11444=CARTESIAN_POINT('Ctrl Pts',(31.5706009588704,9.32108983104398,87.9065022729437));
#11445=CARTESIAN_POINT('Ctrl Pts',(31.5711117270663,9.32114161835888,92.0909572499476));
#11446=CARTESIAN_POINT('Ctrl Pts',(31.1424050325911,9.55989449087267,96.1513192106777));
#11447=CARTESIAN_POINT('Ctrl Pts',(30.315649674427,9.87588352211373,99.9286868188909));
#11448=CARTESIAN_POINT('Ctrl Pts',(29.5112448473677,10.,102.190908099969));
#11449=CARTESIAN_POINT('Ctrl Pts',(29.0535966954615,10.,103.228756555323));
#11450=CARTESIAN_POINT('Ctrl Pts',(28.4925980073204,10.,77.2659977828951));
#11451=CARTESIAN_POINT('Ctrl Pts',(29.3883812557897,10.1029771956408,79.220692116283));
#11452=CARTESIAN_POINT('Ctrl Pts',(30.5051763469358,9.85219089021195,82.7201831536957));
#11453=CARTESIAN_POINT('Ctrl Pts',(31.140291302323,9.57062836593899,87.9660373775097));
#11454=CARTESIAN_POINT('Ctrl Pts',(31.1412476210392,9.57192463185104,92.0318607651924));
#11455=CARTESIAN_POINT('Ctrl Pts',(30.6627334800012,9.78148347388624,95.9690620052176));
#11456=CARTESIAN_POINT('Ctrl Pts',(29.7661055846679,10.0205541453664,99.6067646000022));
#11457=CARTESIAN_POINT('Ctrl Pts',(28.9404896315551,10.0514885978204,101.756655050411));
#11458=CARTESIAN_POINT('Ctrl Pts',(28.4925980073204,10.,102.734002217105));
#11459=CARTESIAN_POINT('Ctrl Pts',(27.3730066453857,10.3423611302716,78.2533845541269));
#11460=CARTESIAN_POINT('Ctrl Pts',(28.2922805704631,10.5896579732039,79.9668977305382));
#11461=CARTESIAN_POINT('Ctrl Pts',(29.5960620769625,10.4585862331062,83.1659586106923));
#11462=CARTESIAN_POINT('Ctrl Pts',(30.3554448322132,10.1986768867127,88.0850130356447));
#11463=CARTESIAN_POINT('Ctrl Pts',(30.3573738616709,10.2017874999321,91.9137721968175));
#11464=CARTESIAN_POINT('Ctrl Pts',(29.7836533018518,10.3917502956185,95.6049279714919));
#11465=CARTESIAN_POINT('Ctrl Pts',(28.7376170167422,10.5535474906213,98.9637631274139));
#11466=CARTESIAN_POINT('Ctrl Pts',(27.8326436079245,10.4660095517378,100.889858857667));
#11467=CARTESIAN_POINT('Ctrl Pts',(27.3730066453857,10.3423611302716,101.746615445873));
#11468=CARTESIAN_POINT('Ctrl Pts',(25.7958239956237,12.0150406025935,79.6443289085923));
#11469=CARTESIAN_POINT('Ctrl Pts',(26.9003446150777,12.2736498602128,81.0768900834922));
#11470=CARTESIAN_POINT('Ctrl Pts',(28.461659800816,12.0224458952315,83.8665782851874));
#11471=CARTESIAN_POINT('Ctrl Pts',(29.363630818542,11.6534179708879,88.2762153773264));
#11472=CARTESIAN_POINT('Ctrl Pts',(29.366415254236,11.656688068536,91.7233951594946));
#11473=CARTESIAN_POINT('Ctrl Pts',(28.683951698861,11.9284194438962,95.031146885873));
#11474=CARTESIAN_POINT('Ctrl Pts',(27.4350369638311,12.1966298126152,97.9936021786986));
#11475=CARTESIAN_POINT('Ctrl Pts',(26.3480843053508,12.1443452314032,99.6393905039574));
#11476=CARTESIAN_POINT('Ctrl Pts',(25.7958239956238,12.0150406025935,100.355671091407));
#11477=CARTESIAN_POINT('Ctrl Pts',(25.3035966954615,13.8780026237179,80.0784325835076));
#11478=CARTESIAN_POINT('Ctrl Pts',(26.5875491850106,13.9767602567317,81.5312074119391));
#11479=CARTESIAN_POINT('Ctrl Pts',(28.1800587757154,13.4312079449716,84.2295895129143));
#11480=CARTESIAN_POINT('Ctrl Pts',(29.0810140165695,12.8965713164494,88.3824979810986));
#11481=CARTESIAN_POINT('Ctrl Pts',(29.082296913831,12.8977254704423,91.6166610416901));
#11482=CARTESIAN_POINT('Ctrl Pts',(28.4038592775801,13.2980241546181,94.7333112448867));
#11483=CARTESIAN_POINT('Ctrl Pts',(27.1267232213685,13.792737444235,97.5667579836597));
#11484=CARTESIAN_POINT('Ctrl Pts',(25.9455729402362,13.9273814402248,99.1951800022762));
#11485=CARTESIAN_POINT('Ctrl Pts',(25.3035966954615,13.8780026237179,99.9215674164921));
#11486=CARTESIAN_POINT('Ctrl Pts',(25.3035966954615,15.,80.0784325835076));
#11487=CARTESIAN_POINT('Ctrl Pts',(26.6765411511802,15.,81.6352052665377));
#11488=CARTESIAN_POINT('Ctrl Pts',(28.2240730672498,14.2770403717077,84.372856224935));
#11489=CARTESIAN_POINT('Ctrl Pts',(29.0791030905749,13.642179662088,88.4298767047078));
#11490=CARTESIAN_POINT('Ctrl Pts',(29.0798692428688,13.6422832367178,91.5682179374607));
#11491=CARTESIAN_POINT('Ctrl Pts',(28.436809201156,14.1197889817453,94.6134894080081));
#11492=CARTESIAN_POINT('Ctrl Pts',(27.1966761639099,14.7517670442275,97.446515114168));
#11493=CARTESIAN_POINT('Ctrl Pts',(25.990068923321,15.,99.1431810749769));
#11494=CARTESIAN_POINT('Ctrl Pts',(25.3035966954615,15.,99.9215674164921));
#11495=CARTESIAN_POINT('Ctrl Pts',(29.0535966954615,10.,103.228756555323));
#11496=CARTESIAN_POINT('Ctrl Pts',(29.5112448473677,10.,102.190908099969));
#11497=CARTESIAN_POINT('Ctrl Pts',(30.315649674427,9.87588352211373,99.9286868188909));
#11498=CARTESIAN_POINT('Ctrl Pts',(31.1424050325911,9.55989449087267,96.1513192106777));
#11499=CARTESIAN_POINT('Ctrl Pts',(31.5711117270663,9.32114161835888,92.0909572499476));
#11500=CARTESIAN_POINT('Ctrl Pts',(31.5706009588704,9.32108983104398,87.9065022729437));
#11501=CARTESIAN_POINT('Ctrl Pts',(31.0005809433203,9.63852018585384,82.4971416332466));
#11502=CARTESIAN_POINT('Ctrl Pts',(29.968892999274,10.,78.8469403553836));
#11503=CARTESIAN_POINT('Ctrl Pts',(29.0535966954615,10.,76.7712434446769));
#11504=CARTESIAN_POINT('Ctrl Pts',(25.3035966954615,15.,80.0784325835076));
#11505=CARTESIAN_POINT('Ctrl Pts',(26.6765411511802,15.,81.6352052665377));
#11506=CARTESIAN_POINT('Ctrl Pts',(28.2240730672498,14.2770403717077,84.372856224935));
#11507=CARTESIAN_POINT('Ctrl Pts',(29.0791030905749,13.642179662088,88.4298767047078));
#11508=CARTESIAN_POINT('Ctrl Pts',(29.0798692428688,13.6422832367178,91.5682179374607));
#11509=CARTESIAN_POINT('Ctrl Pts',(28.436809201156,14.1197889817453,94.6134894080081));
#11510=CARTESIAN_POINT('Ctrl Pts',(27.1966761639099,14.7517670442275,97.446515114168));
#11511=CARTESIAN_POINT('Ctrl Pts',(25.990068923321,15.,99.1431810749769));
#11512=CARTESIAN_POINT('Ctrl Pts',(25.3035966954615,15.,99.9215674164921));
#11513=CARTESIAN_POINT('Origin',(297.023096695461,10.,0.));
#11514=CARTESIAN_POINT('',(29.0535966954615,10.,345.));
#11515=CARTESIAN_POINT('Origin',(14.0535966954615,10.,89.9999999999999));
#11516=CARTESIAN_POINT('',(-0.94640330453855,10.,89.9999999999999));
#11517=CARTESIAN_POINT('Origin',(14.0535966954615,15.,210.));
#11518=CARTESIAN_POINT('',(25.3035966954615,15.,219.921567416492));
#11519=CARTESIAN_POINT('Origin',(29.0535966954615,15.,223.228756555323));
#11520=CARTESIAN_POINT('',(2.80359669546146,15.,219.921567416492));
#11521=CARTESIAN_POINT('Origin',(14.0535966954615,15.,210.));
#11522=CARTESIAN_POINT('Origin',(-0.946403304538541,15.,223.228756555323));
#11523=CARTESIAN_POINT('Origin',(14.0535966954615,15.,210.));
#11524=CARTESIAN_POINT('',(2.80359669546146,15.,200.078432583508));
#11525=CARTESIAN_POINT('Origin',(-0.946403304538541,15.,196.771243444677));
#11526=CARTESIAN_POINT('',(25.3035966954615,15.,200.078432583508));
#11527=CARTESIAN_POINT('Origin',(14.0535966954615,15.,210.));
#11528=CARTESIAN_POINT('',(29.0535966954615,10.,196.771243444677));
#11529=CARTESIAN_POINT('Origin',(29.0535966954615,15.,196.771243444677));
#11530=CARTESIAN_POINT('Origin',(14.0535966954615,10.,210.));
#11531=CARTESIAN_POINT('Ctrl Pts',(-0.946403304538549,10.,223.228756555323));
#11532=CARTESIAN_POINT('Ctrl Pts',(-1.86169960830188,10.,221.153059644728));
#11533=CARTESIAN_POINT('Ctrl Pts',(-2.89314054770456,9.63877133968213,217.503421246347));
#11534=CARTESIAN_POINT('Ctrl Pts',(-3.46326620965423,9.32122293844306,212.093802537567));
#11535=CARTESIAN_POINT('Ctrl Pts',(-3.46375487564275,9.32131398933727,207.90937455379));
#11536=CARTESIAN_POINT('Ctrl Pts',(-3.03511291173814,9.5599888786035,203.848858910494));
#11537=CARTESIAN_POINT('Ctrl Pts',(-2.2083707203617,9.87596219115093,200.071422162513));
#11538=CARTESIAN_POINT('Ctrl Pts',(-1.40405145642019,10.,197.809091899974));
#11539=CARTESIAN_POINT('Ctrl Pts',(-0.946403304538545,10.,196.771243444677));
#11540=CARTESIAN_POINT('Ctrl Pts',(-0.385404616397515,10.,222.734002217105));
#11541=CARTESIAN_POINT('Ctrl Pts',(-1.28118786481864,10.1029771956352,220.779307883822));
#11542=CARTESIAN_POINT('Ctrl Pts',(-2.39759179909821,9.85218329573539,217.280270101103));
#11543=CARTESIAN_POINT('Ctrl Pts',(-3.03289679744279,9.57065581408482,212.034208829915));
#11544=CARTESIAN_POINT('Ctrl Pts',(-3.03382382704883,9.5719929114148,207.968405456848));
#11545=CARTESIAN_POINT('Ctrl Pts',(-2.5554064042229,9.78152639632711,204.031077479229));
#11546=CARTESIAN_POINT('Ctrl Pts',(-1.65879587717429,10.020596309095,200.393315134928));
#11547=CARTESIAN_POINT('Ctrl Pts',(-0.833296240608107,10.0514885978176,
198.243344949537));
#11548=CARTESIAN_POINT('Ctrl Pts',(-0.38540461639751,10.,197.265997782895));
#11549=CARTESIAN_POINT('Ctrl Pts',(0.734136668426166,10.3423979554529,221.746659609734));
#11550=CARTESIAN_POINT('Ctrl Pts',(-0.185137256601855,10.5896947983719,
220.033146433414));
#11551=CARTESIAN_POINT('Ctrl Pts',(-1.48829634064816,10.458142059575,216.834298876336));
#11552=CARTESIAN_POINT('Ctrl Pts',(-2.24802786266035,10.198489422691,211.915116512515));
#11553=CARTESIAN_POINT('Ctrl Pts',(-2.24992817289398,10.2016199522401,208.086341208602));
#11554=CARTESIAN_POINT('Ctrl Pts',(-1.6763516147481,10.3916710027406,204.395100089605));
#11555=CARTESIAN_POINT('Ctrl Pts',(-0.630344332454685,10.5534991954948,
201.036208250769));
#11556=CARTESIAN_POINT('Ctrl Pts',(0.274499705912033,10.4660463769124,199.110096978426));
#11557=CARTESIAN_POINT('Ctrl Pts',(0.734136668426173,10.3423979554529,198.253340390266));
#11558=CARTESIAN_POINT('Ctrl Pts',(2.31125844767987,12.0150947083734,220.35576893801));
#11559=CARTESIAN_POINT('Ctrl Pts',(1.20673782828526,12.2737039659787,218.923207763187));
#11560=CARTESIAN_POINT('Ctrl Pts',(-0.353578480638034,12.0220068010413,
216.133444943861));
#11561=CARTESIAN_POINT('Ctrl Pts',(-1.25603074884255,11.6532196432507,211.723815763003));
#11562=CARTESIAN_POINT('Ctrl Pts',(-1.25874440328874,11.6565085176813,208.276622389172));
#11563=CARTESIAN_POINT('Ctrl Pts',(-0.576534955454707,11.9283305927961,
204.968827178179));
#11564=CARTESIAN_POINT('Ctrl Pts',(0.672320059736548,12.196572103388,202.006341888134));
#11565=CARTESIAN_POINT('Ctrl Pts',(1.75899813798231,12.1443993371761,200.360511649401));
#11566=CARTESIAN_POINT('Ctrl Pts',(2.31125844767988,12.0150947083734,199.644231061989));
#11567=CARTESIAN_POINT('Ctrl Pts',(2.80359669546145,13.8780026237179,219.921567416492));
#11568=CARTESIAN_POINT('Ctrl Pts',(1.51964420598123,13.9767602567264,218.468792588139));
#11569=CARTESIAN_POINT('Ctrl Pts',(-0.0726387525331348,13.4315184858531,
215.770651813623));
#11570=CARTESIAN_POINT('Ctrl Pts',(-0.973842628573721,12.8967930483238,
211.617573387981));
#11571=CARTESIAN_POINT('Ctrl Pts',(-0.975159281077161,12.8980375522722,
208.383348410174));
#11572=CARTESIAN_POINT('Ctrl Pts',(-0.296733037989969,13.2982144946685,
205.266638013044));
#11573=CARTESIAN_POINT('Ctrl Pts',(0.980414943962045,13.7929099430138,202.433119375946));
#11574=CARTESIAN_POINT('Ctrl Pts',(2.16162045072105,13.9273814402222,200.804819997685));
#11575=CARTESIAN_POINT('Ctrl Pts',(2.80359669546146,13.8780026237179,200.078432583508));
#11576=CARTESIAN_POINT('Ctrl Pts',(2.80359669546145,15.,219.921567416492));
#11577=CARTESIAN_POINT('Ctrl Pts',(1.43065223981642,15.,218.364794733546));
#11578=CARTESIAN_POINT('Ctrl Pts',(-0.116509169287716,14.2775426793642,
215.62756593476));
#11579=CARTESIAN_POINT('Ctrl Pts',(-0.971697662212192,13.6424458768861,
211.570351903175));
#11580=CARTESIAN_POINT('Ctrl Pts',(-0.972430661194933,13.6426279786745,
208.432030915342));
#11581=CARTESIAN_POINT('Ctrl Pts',(-0.329467715338115,14.119977757207,205.386644182871));
#11582=CARTESIAN_POINT('Ctrl Pts',(0.910645571726605,14.7519243823018,202.553566621885));
#11583=CARTESIAN_POINT('Ctrl Pts',(2.11712446763864,15.,200.856818924981));
#11584=CARTESIAN_POINT('Ctrl Pts',(2.80359669546146,15.,200.078432583508));
#11585=CARTESIAN_POINT('',(-0.945582234778952,13.6618648230501,210.000540343042));
#11586=CARTESIAN_POINT('Ctrl Pts',(2.80359669546145,15.,219.921567416492));
#11587=CARTESIAN_POINT('Ctrl Pts',(1.43065223981642,15.,218.364794733546));
#11588=CARTESIAN_POINT('Ctrl Pts',(-0.116509169287716,14.2775426793642,
215.62756593476));
#11589=CARTESIAN_POINT('Ctrl Pts',(-0.864877192111997,13.7217749833476,
212.077133172727));
#11590=CARTESIAN_POINT('Ctrl Pts',(-0.945287061806529,13.6623319870628,
210.519511075504));
#11591=CARTESIAN_POINT('Ctrl Pts',(-0.945306866338741,13.6624052309645,
210.000002118038));
#11592=CARTESIAN_POINT('Ctrl Pts',(-0.945306786682248,13.6624051074569,
210.001081044198));
#11593=CARTESIAN_POINT('Ctrl Pts',(-0.945363648539488,13.6624507676597,
209.48197098312));
#11594=CARTESIAN_POINT('Ctrl Pts',(-0.865266125877387,13.7221892777043,
207.924447303953));
#11595=CARTESIAN_POINT('Ctrl Pts',(-0.329467715338115,14.119977757207,205.386644182871));
#11596=CARTESIAN_POINT('Ctrl Pts',(0.910645571726605,14.7519243823018,202.553566621885));
#11597=CARTESIAN_POINT('Ctrl Pts',(2.11712446763864,15.,200.856818924981));
#11598=CARTESIAN_POINT('Ctrl Pts',(2.80359669546146,15.,200.078432583508));
#11599=CARTESIAN_POINT('Ctrl Pts',(29.0535966954615,10.,196.771243444677));
#11600=CARTESIAN_POINT('Ctrl Pts',(29.968892999274,10.,198.846940355384));
#11601=CARTESIAN_POINT('Ctrl Pts',(31.0002889783125,9.63881684473558,202.496477538116));
#11602=CARTESIAN_POINT('Ctrl Pts',(31.5704316829871,9.32124966229514,207.906137749218));
#11603=CARTESIAN_POINT('Ctrl Pts',(31.5709160571428,9.32134745232015,212.090559976615));
#11604=CARTESIAN_POINT('Ctrl Pts',(31.1422865510984,9.56000798062525,216.151104392711));
#11605=CARTESIAN_POINT('Ctrl Pts',(30.3155473533404,9.87597788710191,219.92855368339));
#11606=CARTESIAN_POINT('Ctrl Pts',(29.5112448473677,9.99999999999999,222.19090809997));
#11607=CARTESIAN_POINT('Ctrl Pts',(29.0535966954615,10.,223.228756555323));
#11608=CARTESIAN_POINT('Ctrl Pts',(28.4925980073204,10.,197.265997782895));
#11609=CARTESIAN_POINT('Ctrl Pts',(29.3883812557898,10.1029771956408,199.220692116283));
#11610=CARTESIAN_POINT('Ctrl Pts',(30.5047149272587,9.85218368654033,202.719648431415));
#11611=CARTESIAN_POINT('Ctrl Pts',(31.1400501779166,9.5706614455474,207.965743034374));
#11612=CARTESIAN_POINT('Ctrl Pts',(31.1409715807618,9.57200514722908,212.031542060685));
#11613=CARTESIAN_POINT('Ctrl Pts',(30.6625726197225,9.78153421401911,215.968893627207));
#11614=CARTESIAN_POINT('Ctrl Pts',(29.7659662504464,10.0206038777233,219.606666684575));
#11615=CARTESIAN_POINT('Ctrl Pts',(28.940489631555,10.0514885978204,221.756655050411));
#11616=CARTESIAN_POINT('Ctrl Pts',(28.4925980073204,10.,222.734002217105));
#11617=CARTESIAN_POINT('Ctrl Pts',(27.3730641507685,10.3424033582817,198.253333839146));
#11618=CARTESIAN_POINT('Ctrl Pts',(28.2923380758462,10.5897002012139,199.966847015558));
#11619=CARTESIAN_POINT('Ctrl Pts',(29.5953891780131,10.4580645087427,203.165655719947));
#11620=CARTESIAN_POINT('Ctrl Pts',(30.3551753061638,10.1984523469038,208.084858798467));
#11621=CARTESIAN_POINT('Ctrl Pts',(30.3570703851446,10.2015851350258,211.913636242195));
#11622=CARTESIAN_POINT('Ctrl Pts',(29.7835201754575,10.3916530291079,215.60489230053));
#11623=CARTESIAN_POINT('Ctrl Pts',(28.7375193503044,10.5534874245523,218.963793633858));
#11624=CARTESIAN_POINT('Ctrl Pts',(27.832701113307,10.4660517797478,220.889909572648));
#11625=CARTESIAN_POINT('Ctrl Pts',(27.3730641507685,10.3424033582817,221.746666160853));
#11626=CARTESIAN_POINT('Ctrl Pts',(25.7959511117489,12.0151026256847,199.644216802707));
#11627=CARTESIAN_POINT('Ctrl Pts',(26.9004717312034,12.273711883304,201.076777977608));
#11628=CARTESIAN_POINT('Ctrl Pts',(28.460612836345,12.0219295858227,203.86655042769));
#11629=CARTESIAN_POINT('Ctrl Pts',(29.3631412542446,11.653180577016,208.276179036299));
#11630=CARTESIAN_POINT('Ctrl Pts',(29.3658419783111,11.6564713376248,211.723374514971));
#11631=CARTESIAN_POINT('Ctrl Pts',(28.6836791661985,11.9283108305261,215.031176466993));
#11632=CARTESIAN_POINT('Ctrl Pts',(27.4348365609498,12.1965585866058,217.993666477443));
#11633=CARTESIAN_POINT('Ctrl Pts',(26.3482114214756,12.1444072544943,219.639502609843));
#11634=CARTESIAN_POINT('Ctrl Pts',(25.7959511117489,12.0151026256847,220.355783197292));
#11635=CARTESIAN_POINT('Ctrl Pts',(25.3035966954615,13.8780026237179,200.078432583508));
#11636=CARTESIAN_POINT('Ctrl Pts',(26.5875491850113,13.9767602567317,201.53120741194));
#11637=CARTESIAN_POINT('Ctrl Pts',(28.179797359618,13.431577541384,204.229308486384));
#11638=CARTESIAN_POINT('Ctrl Pts',(29.0810387037681,12.896837228445,208.382413646279));
#11639=CARTESIAN_POINT('Ctrl Pts',(29.0823616402869,12.8980972320228,211.6166485276));
#11640=CARTESIAN_POINT('Ctrl Pts',(28.4039369017359,13.298251463759,214.73336876017));
#11641=CARTESIAN_POINT('Ctrl Pts',(27.1267876334541,13.7929427157966,217.566898847229));
#11642=CARTESIAN_POINT('Ctrl Pts',(25.9455729402357,13.9273814402248,219.195180002277));
#11643=CARTESIAN_POINT('Ctrl Pts',(25.3035966954615,13.8780026237179,219.921567416492));
#11644=CARTESIAN_POINT('Ctrl Pts',(25.3035966954615,15.,200.078432583508));
#11645=CARTESIAN_POINT('Ctrl Pts',(26.6765411511809,15.,201.635205266538));
#11646=CARTESIAN_POINT('Ctrl Pts',(28.2236351197381,14.2776336894712,204.372358153587));
#11647=CARTESIAN_POINT('Ctrl Pts',(29.0788491767501,13.6424993245903,208.429603311913));
#11648=CARTESIAN_POINT('Ctrl Pts',(29.0795757379835,13.6426949046403,211.567919982461));
#11649=CARTESIAN_POINT('Ctrl Pts',(28.4366314789168,14.1200159612505,214.613328294534));
#11650=CARTESIAN_POINT('Ctrl Pts',(27.1965226822799,14.7519557742038,217.446415262542));
#11651=CARTESIAN_POINT('Ctrl Pts',(25.9900689233205,15.,219.143181074977));
#11652=CARTESIAN_POINT('Ctrl Pts',(25.3035966954615,15.,219.921567416492));
#11653=CARTESIAN_POINT('Ctrl Pts',(29.0535966954615,10.,223.228756555323));
#11654=CARTESIAN_POINT('Ctrl Pts',(29.5112448473677,9.99999999999999,222.19090809997));
#11655=CARTESIAN_POINT('Ctrl Pts',(30.3155473533404,9.87597788710191,219.92855368339));
#11656=CARTESIAN_POINT('Ctrl Pts',(31.1422865510984,9.56000798062525,216.151104392711));
#11657=CARTESIAN_POINT('Ctrl Pts',(31.5709160571428,9.32134745232015,212.090559976615));
#11658=CARTESIAN_POINT('Ctrl Pts',(31.5704316829871,9.32124966229514,207.906137749218));
#11659=CARTESIAN_POINT('Ctrl Pts',(31.0002889783125,9.63881684473558,202.496477538116));
#11660=CARTESIAN_POINT('Ctrl Pts',(29.968892999274,10.,198.846940355384));
#11661=CARTESIAN_POINT('Ctrl Pts',(29.0535966954615,10.,196.771243444677));
#11662=CARTESIAN_POINT('Ctrl Pts',(25.3035966954615,15.,200.078432583508));
#11663=CARTESIAN_POINT('Ctrl Pts',(26.6765411511809,15.,201.635205266538));
#11664=CARTESIAN_POINT('Ctrl Pts',(28.2236351197381,14.2776336894712,204.372358153587));
#11665=CARTESIAN_POINT('Ctrl Pts',(29.0788491767501,13.6424993245903,208.429603311913));
#11666=CARTESIAN_POINT('Ctrl Pts',(29.0795757379835,13.6426949046403,211.567919982461));
#11667=CARTESIAN_POINT('Ctrl Pts',(28.4366314789168,14.1200159612505,214.613328294534));
#11668=CARTESIAN_POINT('Ctrl Pts',(27.1965226822799,14.7519557742038,217.446415262542));
#11669=CARTESIAN_POINT('Ctrl Pts',(25.9900689233205,15.,219.143181074977));
#11670=CARTESIAN_POINT('Ctrl Pts',(25.3035966954615,15.,219.921567416492));
#11671=CARTESIAN_POINT('Origin',(297.023096695461,10.,0.));
#11672=CARTESIAN_POINT('',(29.0535966954615,10.,345.));
#11673=CARTESIAN_POINT('Origin',(14.0535966954615,10.,210.));
#11674=CARTESIAN_POINT('',(-0.94640330453855,10.,210.));
#11675=CARTESIAN_POINT('Origin',(464.992596695461,15.,780.));
#11676=CARTESIAN_POINT('',(451.763840140139,10.,795.));
#11677=CARTESIAN_POINT('',(455.071029278969,15.,791.25));
#11678=CARTESIAN_POINT('Origin',(451.763840140139,15.,795.));
#11679=CARTESIAN_POINT('',(449.992596695461,15.,780.));
#11680=CARTESIAN_POINT('Origin',(464.992596695461,15.,780.));
#11681=CARTESIAN_POINT('',(455.071029278969,15.,768.75));
#11682=CARTESIAN_POINT('Origin',(464.992596695461,15.,780.));
#11683=CARTESIAN_POINT('',(451.763840140139,10.,765.));
#11684=CARTESIAN_POINT('Origin',(451.763840140139,15.,765.));
#11685=CARTESIAN_POINT('Origin',(464.992596695461,10.,780.));
#11686=CARTESIAN_POINT('Origin',(464.992596695461,15.,780.));
#11687=CARTESIAN_POINT('',(478.221353250784,10.,765.));
#11688=CARTESIAN_POINT('',(474.914164111954,15.,768.75));
#11689=CARTESIAN_POINT('Origin',(478.221353250784,15.,765.));
#11690=CARTESIAN_POINT('',(474.914164111954,15.,791.25));
#11691=CARTESIAN_POINT('Origin',(464.992596695461,15.,780.));
#11692=CARTESIAN_POINT('',(478.221353250784,10.,795.));
#11693=CARTESIAN_POINT('Origin',(478.221353250784,15.,795.));
#11694=CARTESIAN_POINT('Origin',(464.992596695461,10.,780.));
#11695=CARTESIAN_POINT('Ctrl Pts',(451.763840140139,10.,765.));
#11696=CARTESIAN_POINT('Ctrl Pts',(452.801667309311,10.,764.542361234417));
#11697=CARTESIAN_POINT('Ctrl Pts',(455.064228589033,9.87619360786813,763.738263254131));
#11698=CARTESIAN_POINT('Ctrl Pts',(458.841703447015,9.56028809161043,762.911641425735));
#11699=CARTESIAN_POINT('Ctrl Pts',(462.902379349619,9.32178775632212,762.483097872162));
#11700=CARTESIAN_POINT('Ctrl Pts',(467.086464479725,9.32159926425027,762.483518017601));
#11701=CARTESIAN_POINT('Ctrl Pts',(472.49708483356,9.63934235037643,763.053758555798));
#11702=CARTESIAN_POINT('Ctrl Pts',(476.145698912441,9.99999999999994,764.084722468835));
#11703=CARTESIAN_POINT('Ctrl Pts',(478.221353250784,10.,765.));
#11704=CARTESIAN_POINT('Ctrl Pts',(452.258594478357,10.,765.560998688141));
#11705=CARTESIAN_POINT('Ctrl Pts',(453.235921599746,10.0514875417937,765.113116250125));
#11706=CARTESIAN_POINT('Ctrl Pts',(455.386040346991,10.0206987680929,764.287931952192));
#11707=CARTESIAN_POINT('Ctrl Pts',(459.023824097319,9.78164420900182,763.391465133145));
#11708=CARTESIAN_POINT('Ctrl Pts',(462.961245998852,9.57216137777148,762.913223178895));
#11709=CARTESIAN_POINT('Ctrl Pts',(467.026736357839,9.57073990154362,762.914058294486));
#11710=CARTESIAN_POINT('Ctrl Pts',(472.273700198411,9.85222746187295,763.54961190592));
#11711=CARTESIAN_POINT('Ctrl Pts',(475.771944669789,10.1029750835874,764.665233812108));
#11712=CARTESIAN_POINT('Ctrl Pts',(477.726598912566,10.,765.560998688141));
#11713=CARTESIAN_POINT('Ctrl Pts',(453.245876850577,10.3424471155447,766.680471672723));
#11714=CARTESIAN_POINT('Ctrl Pts',(454.102615866779,10.4660930009925,766.220844137299));
#11715=CARTESIAN_POINT('Ctrl Pts',(456.028685963611,10.5533091957192,765.316364508445));
#11716=CARTESIAN_POINT('Ctrl Pts',(459.387588890474,10.3913978924623,764.270540219247));
#11717=CARTESIAN_POINT('Ctrl Pts',(463.07880392338,10.201128828841,763.697221242183));
#11718=CARTESIAN_POINT('Ctrl Pts',(466.907364585457,10.1979824377351,763.699028086259));
#11719=CARTESIAN_POINT('Ctrl Pts',(471.82728851348,10.4572413268868,764.459240748945));
#11720=CARTESIAN_POINT('Ctrl Pts',(475.025838507941,10.5897388864402,765.761216601874));
#11721=CARTESIAN_POINT('Ctrl Pts',(476.739316540346,10.3424471155447,766.680471672723));
#11722=CARTESIAN_POINT('Ctrl Pts',(454.636698856396,12.0151665650714,768.257515592161));
#11723=CARTESIAN_POINT('Ctrl Pts',(455.352964752993,12.1444685418544,767.705266609245));
#11724=CARTESIAN_POINT('Ctrl Pts',(456.998727164984,12.1963634759382,766.619310170667));
#11725=CARTESIAN_POINT('Ctrl Pts',(459.961183509287,11.9280433922412,765.370735442428));
#11726=CARTESIAN_POINT('Ctrl Pts',(463.26885591406,11.6559910175728,764.689029565288));
#11727=CARTESIAN_POINT('Ctrl Pts',(466.715870188024,11.652687484151,764.691544928142));
#11728=CARTESIAN_POINT('Ctrl Pts',(471.125978291439,12.0211013269424,765.594696638808));
#11729=CARTESIAN_POINT('Ctrl Pts',(473.915962741332,12.2737705186372,767.153017626329));
#11730=CARTESIAN_POINT('Ctrl Pts',(475.348494534526,12.0151665650714,768.257515592161));
#11731=CARTESIAN_POINT('Ctrl Pts',(455.071029278969,13.878002623718,768.75));
#11732=CARTESIAN_POINT('Ctrl Pts',(455.797401795041,13.9273804274696,768.108036922103));
#11733=CARTESIAN_POINT('Ctrl Pts',(457.42542831994,13.7933635066929,766.926723098788));
#11734=CARTESIAN_POINT('Ctrl Pts',(460.258984104272,13.2987596235781,765.649679677452));
#11735=CARTESIAN_POINT('Ctrl Pts',(463.375627481573,12.8988683015023,764.971161443866));
#11736=CARTESIAN_POINT('Ctrl Pts',(466.609759905026,12.8974137620758,764.972535565519));
#11737=CARTESIAN_POINT('Ctrl Pts',(470.76354685992,13.4323152546946,765.873995603459));
#11738=CARTESIAN_POINT('Ctrl Pts',(473.461419079807,13.9767582312212,767.466073844204));
#11739=CARTESIAN_POINT('Ctrl Pts',(474.914164111954,13.878002623718,768.75));
#11740=CARTESIAN_POINT('Ctrl Pts',(455.071029278969,15.,768.75));
#11741=CARTESIAN_POINT('Ctrl Pts',(455.849399655847,15.,768.063541851627));
#11742=CARTESIAN_POINT('Ctrl Pts',(457.54632061564,14.7523872157362,766.857394881197));
#11743=CARTESIAN_POINT('Ctrl Pts',(460.379426759126,14.1205761832208,765.617462138603));
#11744=CARTESIAN_POINT('Ctrl Pts',(463.424933686079,13.6435755126443,764.974646808242));
#11745=CARTESIAN_POINT('Ctrl Pts',(466.562997533659,13.6431985285005,764.975277026401));
#11746=CARTESIAN_POINT('Ctrl Pts',(470.620962799035,14.2786847007529,765.830637833698));
#11747=CARTESIAN_POINT('Ctrl Pts',(473.357423358195,14.9999999999999,767.377083703252));
#11748=CARTESIAN_POINT('Ctrl Pts',(474.914164111954,15.,768.75));
#11749=CARTESIAN_POINT('Ctrl Pts',(478.221353250784,10.,765.));
#11750=CARTESIAN_POINT('Ctrl Pts',(476.145698912441,9.99999999999994,764.084722468835));
#11751=CARTESIAN_POINT('Ctrl Pts',(472.49708483356,9.63934235037643,763.053758555798));
#11752=CARTESIAN_POINT('Ctrl Pts',(467.086464479725,9.32159926425027,762.483518017601));
#11753=CARTESIAN_POINT('Ctrl Pts',(462.902379349619,9.32178775632212,762.483097872162));
#11754=CARTESIAN_POINT('Ctrl Pts',(458.841703447015,9.56028809161043,762.911641425735));
#11755=CARTESIAN_POINT('Ctrl Pts',(455.064228589033,9.87619360786813,763.738263254131));
#11756=CARTESIAN_POINT('Ctrl Pts',(452.801667309311,10.,764.542361234417));
#11757=CARTESIAN_POINT('Ctrl Pts',(451.763840140139,10.,765.));
#11758=CARTESIAN_POINT('Ctrl Pts',(455.071029278969,15.,768.75));
#11759=CARTESIAN_POINT('Ctrl Pts',(455.849399655847,15.,768.063541851627));
#11760=CARTESIAN_POINT('Ctrl Pts',(457.54632061564,14.7523872157362,766.857394881197));
#11761=CARTESIAN_POINT('Ctrl Pts',(460.379426759126,14.1205761832208,765.617462138603));
#11762=CARTESIAN_POINT('Ctrl Pts',(463.424933686079,13.6435755126443,764.974646808242));
#11763=CARTESIAN_POINT('Ctrl Pts',(466.562997533659,13.6431985285005,764.975277026401));
#11764=CARTESIAN_POINT('Ctrl Pts',(470.620962799035,14.2786847007529,765.830637833698));
#11765=CARTESIAN_POINT('Ctrl Pts',(473.357423358195,14.9999999999999,767.377083703252));
#11766=CARTESIAN_POINT('Ctrl Pts',(474.914164111954,15.,768.75));
#11767=CARTESIAN_POINT('Ctrl Pts',(478.221353250784,9.99999999999999,795.));
#11768=CARTESIAN_POINT('Ctrl Pts',(477.183526078764,9.99999999999999,795.457638766838));
#11769=CARTESIAN_POINT('Ctrl Pts',(473.797570105694,9.80900593724003,796.662790654913));
#11770=CARTESIAN_POINT('Ctrl Pts',(468.482692088708,9.31696452850175,797.516819138895));
#11771=CARTESIAN_POINT('Ctrl Pts',(462.901389168642,9.32184524388043,797.517644408119));
#11772=CARTESIAN_POINT('Ctrl Pts',(458.841475936833,9.55913708797957,797.088773605585));
#11773=CARTESIAN_POINT('Ctrl Pts',(455.063797078213,9.87601170739725,796.262015272408));
#11774=CARTESIAN_POINT('Ctrl Pts',(452.80166731216,10.,795.457638766839));
#11775=CARTESIAN_POINT('Ctrl Pts',(451.763840140139,10.,795.));
#11776=CARTESIAN_POINT('Ctrl Pts',(477.726598912566,9.99999999999999,794.439001311859));
#11777=CARTESIAN_POINT('Ctrl Pts',(476.749271788495,10.051487541935,794.886883751104));
#11778=CARTESIAN_POINT('Ctrl Pts',(473.531647696706,10.0011020519364,796.127097363393));
#11779=CARTESIAN_POINT('Ctrl Pts',(468.384022188239,9.56826118642497,797.089233706856));
#11780=CARTESIAN_POINT('Ctrl Pts',(462.960488879443,9.57287184672415,797.087439652495));
#11781=CARTESIAN_POINT('Ctrl Pts',(459.023816088675,9.78133129863991,796.609706783277));
#11782=CARTESIAN_POINT('Ctrl Pts',(455.38571845479,10.0208562959576,795.712458704924));
#11783=CARTESIAN_POINT('Ctrl Pts',(453.235921602429,10.051487541935,794.886883751105));
#11784=CARTESIAN_POINT('Ctrl Pts',(452.258594478357,10.,794.439001311859));
#11785=CARTESIAN_POINT('Ctrl Pts',(476.739316827285,10.3424473471053,793.319528652635));
#11786=CARTESIAN_POINT('Ctrl Pts',(475.882577808732,10.4660932328924,793.779156189321));
#11787=CARTESIAN_POINT('Ctrl Pts',(473.000444748269,10.5932179715216,795.14374873215));
#11788=CARTESIAN_POINT('Ctrl Pts',(468.18679553093,10.1977585336937,796.309331849369));
#11789=CARTESIAN_POINT('Ctrl Pts',(463.078508306957,10.2028091061254,796.303553618658));
#11790=CARTESIAN_POINT('Ctrl Pts',(459.388004485605,10.3920801487916,795.732026706856));
#11791=CARTESIAN_POINT('Ctrl Pts',(456.028578830686,10.5539263247991,794.684307977992));
#11792=CARTESIAN_POINT('Ctrl Pts',(454.102615582192,10.4660932328924,793.779156189322));
#11793=CARTESIAN_POINT('Ctrl Pts',(453.245876563638,10.3424473471053,793.319528652635));
#11794=CARTESIAN_POINT('Ctrl Pts',(475.348495137372,12.0151669026053,791.742485091402));
#11795=CARTESIAN_POINT('Ctrl Pts',(474.63222923881,12.1444688797432,792.294734075833));
#11796=CARTESIAN_POINT('Ctrl Pts',(472.169973911388,12.216289259786,793.933116661807));
#11797=CARTESIAN_POINT('Ctrl Pts',(467.869477867756,11.6506621429607,795.318870942411));
#11798=CARTESIAN_POINT('Ctrl Pts',(463.268935045231,11.6578131191286,795.312071823616));
#11799=CARTESIAN_POINT('Ctrl Pts',(459.96206888934,11.9283205246311,794.632517978026));
#11800=CARTESIAN_POINT('Ctrl Pts',(456.998822740195,12.1969513768117,793.381577534268));
#11801=CARTESIAN_POINT('Ctrl Pts',(455.352964152115,12.1444688797432,792.294734075834));
#11802=CARTESIAN_POINT('Ctrl Pts',(454.636698253551,12.0151669026053,791.742485091402));
#11803=CARTESIAN_POINT('Ctrl Pts',(474.914164111954,13.8780026237179,791.25));
#11804=CARTESIAN_POINT('Ctrl Pts',(474.187791593888,13.9273804276052,791.891963079659));
#11805=CARTESIAN_POINT('Ctrl Pts',(471.75266393921,13.7175236268642,793.667544328583));
#11806=CARTESIAN_POINT('Ctrl Pts',(467.690996245455,12.8908775604218,795.032504534084));
#11807=CARTESIAN_POINT('Ctrl Pts',(463.375317666143,12.8996568427113,795.029997602483));
#11808=CARTESIAN_POINT('Ctrl Pts',(460.259433317861,13.2974377459993,794.352156436099));
#11809=CARTESIAN_POINT('Ctrl Pts',(457.425337988485,13.7933689982965,793.073926613911));
#11810=CARTESIAN_POINT('Ctrl Pts',(455.797401797037,13.9273804276052,791.89196307966));
#11811=CARTESIAN_POINT('Ctrl Pts',(455.071029278969,13.8780026237179,791.25));
#11812=CARTESIAN_POINT('Ctrl Pts',(474.914164111954,15.,791.25));
#11813=CARTESIAN_POINT('Ctrl Pts',(474.135793732939,15.,791.936458150257));
#11814=CARTESIAN_POINT('Ctrl Pts',(471.596326753136,14.61801187448,793.74418598237));
#11815=CARTESIAN_POINT('Ctrl Pts',(467.610168240397,13.6339290570036,795.025228708342));
#11816=CARTESIAN_POINT('Ctrl Pts',(463.424191050347,13.6436904877609,795.026466612179));
#11817=CARTESIAN_POINT('Ctrl Pts',(460.379256126491,14.1182741759592,794.383160408378));
#11818=CARTESIAN_POINT('Ctrl Pts',(457.545996982525,14.7520234147946,793.143022908612));
#11819=CARTESIAN_POINT('Ctrl Pts',(455.849399657985,15.,791.936458150258));
#11820=CARTESIAN_POINT('Ctrl Pts',(455.071029278969,15.,791.25));
#11821=CARTESIAN_POINT('Ctrl Pts',(451.763840140139,10.,795.));
#11822=CARTESIAN_POINT('Ctrl Pts',(452.80166731216,10.,795.457638766839));
#11823=CARTESIAN_POINT('Ctrl Pts',(455.063797078213,9.87601170739725,796.262015272408));
#11824=CARTESIAN_POINT('Ctrl Pts',(458.841475936833,9.55913708797957,797.088773605585));
#11825=CARTESIAN_POINT('Ctrl Pts',(462.901389168642,9.32184524388043,797.517644408119));
#11826=CARTESIAN_POINT('Ctrl Pts',(468.482692088708,9.31696452850175,797.516819138895));
#11827=CARTESIAN_POINT('Ctrl Pts',(473.797570105694,9.80900593724003,796.662790654913));
#11828=CARTESIAN_POINT('Ctrl Pts',(477.183526078764,9.99999999999999,795.457638766838));
#11829=CARTESIAN_POINT('Ctrl Pts',(478.221353250784,9.99999999999999,795.));
#11830=CARTESIAN_POINT('Ctrl Pts',(474.914164111954,15.,791.25));
#11831=CARTESIAN_POINT('Ctrl Pts',(474.135793732939,15.,791.936458150257));
#11832=CARTESIAN_POINT('Ctrl Pts',(471.596326753136,14.61801187448,793.74418598237));
#11833=CARTESIAN_POINT('Ctrl Pts',(467.610168240397,13.6339290570036,795.025228708342));
#11834=CARTESIAN_POINT('Ctrl Pts',(463.424191050347,13.6436904877609,795.026466612179));
#11835=CARTESIAN_POINT('Ctrl Pts',(460.379256126491,14.1182741759592,794.383160408378));
#11836=CARTESIAN_POINT('Ctrl Pts',(457.545996982525,14.7520234147946,793.143022908612));
#11837=CARTESIAN_POINT('Ctrl Pts',(455.849399657985,15.,791.936458150258));
#11838=CARTESIAN_POINT('Ctrl Pts',(455.071029278969,15.,791.25));
#11839=CARTESIAN_POINT('Origin',(448.507846695461,5.,765.));
#11840=CARTESIAN_POINT('',(584.992596695462,10.,765.));
#11841=CARTESIAN_POINT('',(448.507846695461,10.,765.));
#11842=CARTESIAN_POINT('',(594.992596695462,10.,765.));
#11843=CARTESIAN_POINT('',(448.507846695461,10.,765.));
#11844=CARTESIAN_POINT('',(599.992596695462,5.,760.));
#11845=CARTESIAN_POINT('Origin',(594.992596695462,5.,765.));
#11846=CARTESIAN_POINT('',(104.053596695461,5.,760.));
#11847=CARTESIAN_POINT('',(448.507846695461,5.,760.));
#11848=CARTESIAN_POINT('',(104.053596695461,9.33647510734771,762.51102759289));
#11849=CARTESIAN_POINT('Origin',(104.053596695461,5.,765.));
#11850=CARTESIAN_POINT('',(118.221353250784,10.,765.));
#11851=CARTESIAN_POINT('Ctrl Pts',(118.221353250784,10.,765.));
#11852=CARTESIAN_POINT('Ctrl Pts',(116.011560152972,10.,764.025572835713));
#11853=CARTESIAN_POINT('Ctrl Pts',(111.436576485881,9.52075910517637,762.771098369073));
#11854=CARTESIAN_POINT('Ctrl Pts',(106.260151902924,9.30671168894088,762.459171524634));
#11855=CARTESIAN_POINT('Ctrl Pts',(104.053596695461,9.3364751073477,762.51102759289));
#11856=CARTESIAN_POINT('',(211.763840140139,10.,765.));
#11857=CARTESIAN_POINT('',(448.507846695461,10.,765.));
#11858=CARTESIAN_POINT('',(238.221353250784,10.,765.));
#11859=CARTESIAN_POINT('Ctrl Pts',(238.221353250784,10.,765.));
#11860=CARTESIAN_POINT('Ctrl Pts',(237.183526081612,10.,764.542361234417));
#11861=CARTESIAN_POINT('Ctrl Pts',(234.921404478832,9.87601108779489,763.737977487658));
#11862=CARTESIAN_POINT('Ctrl Pts',(231.143728247206,9.55913605363505,762.911218561119));
#11863=CARTESIAN_POINT('Ctrl Pts',(227.083823198778,9.32184410063395,762.482343810856));
#11864=CARTESIAN_POINT('Ctrl Pts',(221.502513646988,9.31696323609523,762.483172347618));
#11865=CARTESIAN_POINT('Ctrl Pts',(216.187636157995,9.80900626928394,763.33720175516));
#11866=CARTESIAN_POINT('Ctrl Pts',(212.801667309311,10.,764.542361234417));
#11867=CARTESIAN_POINT('Ctrl Pts',(211.763840140139,10.,765.));
#11868=CARTESIAN_POINT('',(331.763840140139,10.,765.));
#11869=CARTESIAN_POINT('',(448.507846695461,10.,765.));
#11870=CARTESIAN_POINT('',(358.221353250784,10.,765.));
#11871=CARTESIAN_POINT('Ctrl Pts',(358.221353250784,10.,765.));
#11872=CARTESIAN_POINT('Ctrl Pts',(356.14569891244,10.,764.084722468834));
#11873=CARTESIAN_POINT('Ctrl Pts',(352.497044901433,9.63932097373168,763.05373767611));
#11874=CARTESIAN_POINT('Ctrl Pts',(347.086436843252,9.32158402676768,762.483502751238));
#11875=CARTESIAN_POINT('Ctrl Pts',(342.902347881194,9.32176933283693,762.483079925608));
#11876=CARTESIAN_POINT('Ctrl Pts',(338.84168450438,9.56027683504175,762.911630145696));
#11877=CARTESIAN_POINT('Ctrl Pts',(335.064214203702,9.87618445045291,763.738253966511));
#11878=CARTESIAN_POINT('Ctrl Pts',(332.801667309311,10.,764.542361234417));
#11879=CARTESIAN_POINT('Ctrl Pts',(331.763840140139,10.,765.));
#11880=CARTESIAN_POINT('',(448.507846695461,10.,765.));
#11881=CARTESIAN_POINT('Origin',(297.023096695461,10.,0.));
#11882=CARTESIAN_POINT('',(584.992596695462,10.,795.));
#11883=CARTESIAN_POINT('',(200.538346695461,10.,795.));
#11884=CARTESIAN_POINT('',(569.992596695462,10.,780.));
#11885=CARTESIAN_POINT('Origin',(584.992596695462,10.,780.));
#11886=CARTESIAN_POINT('Origin',(584.992596695462,10.,780.));
#11887=CARTESIAN_POINT('Origin',(464.992596695461,10.,780.));
#11888=CARTESIAN_POINT('',(449.992596695461,10.,780.));
#11889=CARTESIAN_POINT('Origin',(344.992596695461,15.,780.));
#11890=CARTESIAN_POINT('',(331.763840140139,10.,795.));
#11891=CARTESIAN_POINT('',(335.071029278969,15.,791.25));
#11892=CARTESIAN_POINT('Origin',(331.763840140139,15.,795.));
#11893=CARTESIAN_POINT('',(329.992596695461,15.,780.));
#11894=CARTESIAN_POINT('Origin',(344.992596695461,15.,780.));
#11895=CARTESIAN_POINT('',(335.071029278969,15.,768.75));
#11896=CARTESIAN_POINT('Origin',(344.992596695461,15.,780.));
#11897=CARTESIAN_POINT('Origin',(331.763840140139,15.,765.));
#11898=CARTESIAN_POINT('Origin',(344.992596695461,10.,780.));
#11899=CARTESIAN_POINT('Origin',(344.992596695461,15.,780.));
#11900=CARTESIAN_POINT('',(354.914164111954,15.,768.75));
#11901=CARTESIAN_POINT('Origin',(358.221353250784,15.,765.));
#11902=CARTESIAN_POINT('',(354.914164111954,15.,791.25));
#11903=CARTESIAN_POINT('Origin',(344.992596695461,15.,780.));
#11904=CARTESIAN_POINT('',(358.221353250784,10.,795.));
#11905=CARTESIAN_POINT('Origin',(358.221353250784,15.,795.));
#11906=CARTESIAN_POINT('Origin',(344.992596695461,10.,780.));
#11907=CARTESIAN_POINT('Ctrl Pts',(331.763840140139,10.,765.));
#11908=CARTESIAN_POINT('Ctrl Pts',(332.801667309311,10.,764.542361234417));
#11909=CARTESIAN_POINT('Ctrl Pts',(335.064214203702,9.87618445045291,763.738253966511));
#11910=CARTESIAN_POINT('Ctrl Pts',(338.84168450438,9.56027683504175,762.911630145696));
#11911=CARTESIAN_POINT('Ctrl Pts',(342.902347881194,9.32176933283693,762.483079925608));
#11912=CARTESIAN_POINT('Ctrl Pts',(347.086436843252,9.32158402676768,762.483502751238));
#11913=CARTESIAN_POINT('Ctrl Pts',(352.497044901433,9.63932097373168,763.05373767611));
#11914=CARTESIAN_POINT('Ctrl Pts',(356.14569891244,10.,764.084722468834));
#11915=CARTESIAN_POINT('Ctrl Pts',(358.221353250784,10.,765.));
#11916=CARTESIAN_POINT('Ctrl Pts',(332.258594478357,10.,765.560998688141));
#11917=CARTESIAN_POINT('Ctrl Pts',(333.235921599746,10.0514875417937,765.113116250124));
#11918=CARTESIAN_POINT('Ctrl Pts',(335.386029488923,10.0206953599936,764.28791881112));
#11919=CARTESIAN_POINT('Ctrl Pts',(339.023809594949,9.78164049071036,763.391449112818));
#11920=CARTESIAN_POINT('Ctrl Pts',(342.961221662388,9.57215566043379,762.913197377572));
#11921=CARTESIAN_POINT('Ctrl Pts',(347.026714921264,9.57073639233829,762.914036103518));
#11922=CARTESIAN_POINT('Ctrl Pts',(352.273669097788,9.85222505220515,763.549580100239));
#11923=CARTESIAN_POINT('Ctrl Pts',(355.771944669788,10.1029750835875,764.665233812108));
#11924=CARTESIAN_POINT('Ctrl Pts',(357.726598912566,9.99999999999999,765.560998688141));
#11925=CARTESIAN_POINT('Ctrl Pts',(333.245878427615,10.3424458424542,766.680473460916));
#11926=CARTESIAN_POINT('Ctrl Pts',(334.102617443819,10.466091727902,766.22084592549));
#11927=CARTESIAN_POINT('Ctrl Pts',(336.028684771627,10.5533184285694,765.316351016462));
#11928=CARTESIAN_POINT('Ctrl Pts',(339.387585267064,10.3914103574368,764.270522733942));
#11929=CARTESIAN_POINT('Ctrl Pts',(343.078795659606,10.2011500860975,763.697190861177));
#11930=CARTESIAN_POINT('Ctrl Pts',(346.907356169406,10.1980026495078,763.699001384009));
#11931=CARTESIAN_POINT('Ctrl Pts',(351.827274651853,10.4572738662292,764.4591977532));
#11932=CARTESIAN_POINT('Ctrl Pts',(355.025836930903,10.5897376133498,765.761218390068));
#11933=CARTESIAN_POINT('Ctrl Pts',(356.739314963308,10.3424458424542,766.680473460916));
#11934=CARTESIAN_POINT('Ctrl Pts',(334.636702171461,12.0151647092024,768.257519351091));
#11935=CARTESIAN_POINT('Ctrl Pts',(335.352968068061,12.1444666859853,767.705270368173));
#11936=CARTESIAN_POINT('Ctrl Pts',(336.99873071613,12.1963735040115,766.619284671046));
#11937=CARTESIAN_POINT('Ctrl Pts',(339.96118657048,11.9280567051298,765.370702804648));
#11938=CARTESIAN_POINT('Ctrl Pts',(343.26885862009,11.6560134878886,764.688973998566));
#11939=CARTESIAN_POINT('Ctrl Pts',(346.715871958281,11.6527086616833,764.691497125957));
#11940=CARTESIAN_POINT('Ctrl Pts',(351.125980890787,12.0211343442606,765.594625053027));
#11941=CARTESIAN_POINT('Ctrl Pts',(353.915959426269,12.2737686627684,767.153021385261));
#11942=CARTESIAN_POINT('Ctrl Pts',(355.348491219462,12.0151647092023,768.257519351091));
#11943=CARTESIAN_POINT('Ctrl Pts',(335.071029278969,13.8780026237179,768.75));
#11944=CARTESIAN_POINT('Ctrl Pts',(335.797401795045,13.9273804274696,768.1080369221));
#11945=CARTESIAN_POINT('Ctrl Pts',(337.425433602879,13.793346353267,766.926726078078));
#11946=CARTESIAN_POINT('Ctrl Pts',(340.258986797174,13.2987394806366,765.64968262465));
#11947=CARTESIAN_POINT('Ctrl Pts',(343.375628231407,12.8988365304926,764.971164125432));
#11948=CARTESIAN_POINT('Ctrl Pts',(346.609757669451,12.8973886593205,764.972536136589));
#11949=CARTESIAN_POINT('Ctrl Pts',(350.763538031989,13.4322841680267,765.873986945199));
#11950=CARTESIAN_POINT('Ctrl Pts',(353.46141907981,13.9767582312213,767.466073844207));
#11951=CARTESIAN_POINT('Ctrl Pts',(354.914164111954,13.8780026237179,768.75));
#11952=CARTESIAN_POINT('Ctrl Pts',(335.071029278969,15.,768.75));
#11953=CARTESIAN_POINT('Ctrl Pts',(335.849399655851,15.,768.063541851624));
#11954=CARTESIAN_POINT('Ctrl Pts',(337.546309826643,14.7523689009058,766.857380949766));
#11955=CARTESIAN_POINT('Ctrl Pts',(340.379412552152,14.1205536700834,765.617445218543));
#11956=CARTESIAN_POINT('Ctrl Pts',(343.424910084763,13.6435386656738,764.974619888412));
#11957=CARTESIAN_POINT('Ctrl Pts',(346.562976806306,13.6431680535354,764.975254126857));
#11958=CARTESIAN_POINT('Ctrl Pts',(350.620932849942,14.2786419474634,765.830606514165));
#11959=CARTESIAN_POINT('Ctrl Pts',(353.357423358199,15.,767.377083703255));
#11960=CARTESIAN_POINT('Ctrl Pts',(354.914164111954,15.,768.75));
#11961=CARTESIAN_POINT('Ctrl Pts',(335.071029278969,15.,768.75));
#11962=CARTESIAN_POINT('Ctrl Pts',(335.849399655851,15.,768.063541851624));
#11963=CARTESIAN_POINT('Ctrl Pts',(337.546309826643,14.7523689009058,766.857380949766));
#11964=CARTESIAN_POINT('Ctrl Pts',(340.379412552152,14.1205536700834,765.617445218543));
#11965=CARTESIAN_POINT('Ctrl Pts',(343.424910084763,13.6435386656738,764.974619888412));
#11966=CARTESIAN_POINT('Ctrl Pts',(346.562976806306,13.6431680535354,764.975254126857));
#11967=CARTESIAN_POINT('Ctrl Pts',(350.620932849942,14.2786419474634,765.830606514165));
#11968=CARTESIAN_POINT('Ctrl Pts',(353.357423358199,15.,767.377083703255));
#11969=CARTESIAN_POINT('Ctrl Pts',(354.914164111954,15.,768.75));
#11970=CARTESIAN_POINT('Ctrl Pts',(358.221353250784,9.99999999999999,795.));
#11971=CARTESIAN_POINT('Ctrl Pts',(357.183526078764,10.,795.457638766839));
#11972=CARTESIAN_POINT('Ctrl Pts',(353.797564906689,9.80900606514249,796.662793722427));
#11973=CARTESIAN_POINT('Ctrl Pts',(348.482687069099,9.31696400562994,797.516822599741));
#11974=CARTESIAN_POINT('Ctrl Pts',(342.901381450391,9.32184478105527,797.51764917899));
#11975=CARTESIAN_POINT('Ctrl Pts',(338.84147155838,9.55913667021845,797.088776780559));
#11976=CARTESIAN_POINT('Ctrl Pts',(335.063793753275,9.87601145510394,796.262018199625));
#11977=CARTESIAN_POINT('Ctrl Pts',(332.801667312159,10.,795.457638766838));
#11978=CARTESIAN_POINT('Ctrl Pts',(331.763840140139,10.,795.));
#11979=CARTESIAN_POINT('Ctrl Pts',(357.726598912566,9.99999999999999,794.439001311859));
#11980=CARTESIAN_POINT('Ctrl Pts',(356.749271788495,10.051487541935,794.886883751105));
#11981=CARTESIAN_POINT('Ctrl Pts',(353.531642679926,10.0010982287519,796.127098553352));
#11982=CARTESIAN_POINT('Ctrl Pts',(348.384017529018,9.56825494304445,797.089234800416));
#11983=CARTESIAN_POINT('Ctrl Pts',(342.960481756764,9.57286420321545,797.087440850767));
#11984=CARTESIAN_POINT('Ctrl Pts',(339.023812141704,9.78132603150173,796.609707730359));
#11985=CARTESIAN_POINT('Ctrl Pts',(335.385715521614,10.0208520938631,795.712459789357));
#11986=CARTESIAN_POINT('Ctrl Pts',(333.235921602428,10.051487541935,794.886883751105));
#11987=CARTESIAN_POINT('Ctrl Pts',(332.258594478357,10.,794.439001311859));
#11988=CARTESIAN_POINT('Ctrl Pts',(356.739315312065,10.3424461240549,793.319526934537));
#11989=CARTESIAN_POINT('Ctrl Pts',(355.882576293511,10.4660920098421,793.779154471223));
#11990=CARTESIAN_POINT('Ctrl Pts',(353.00043868352,10.59321429892,795.143738736165));
#11991=CARTESIAN_POINT('Ctrl Pts',(348.186792195423,10.1977524632033,796.309318729488));
#11992=CARTESIAN_POINT('Ctrl Pts',(343.078504300596,10.2028016158415,796.30353698517));
#11993=CARTESIAN_POINT('Ctrl Pts',(339.388003506899,10.3920746241185,795.732015179478));
#11994=CARTESIAN_POINT('Ctrl Pts',(336.028579306314,10.5539218495331,794.684298262841));
#11995=CARTESIAN_POINT('Ctrl Pts',(334.102617097412,10.4660920098421,793.779154471223));
#11996=CARTESIAN_POINT('Ctrl Pts',(333.245878078858,10.3424461240549,793.319526934537));
#11997=CARTESIAN_POINT('Ctrl Pts',(355.348491952837,12.0151651197325,791.742481480479));
#11998=CARTESIAN_POINT('Ctrl Pts',(354.632226054274,12.1444670968703,792.29473046491));
#11999=CARTESIAN_POINT('Ctrl Pts',(352.169968309248,12.2162889996818,793.933111658666));
#12000=CARTESIAN_POINT('Ctrl Pts',(347.869473840069,11.6506604612953,795.318865611191));
#12001=CARTESIAN_POINT('Ctrl Pts',(343.268929438325,11.6578111907181,795.312064585618));
#12002=CARTESIAN_POINT('Ctrl Pts',(339.962066873405,11.9283185940097,794.632512273294));
#12003=CARTESIAN_POINT('Ctrl Pts',(336.998821911886,12.1969499618947,793.381572274248));
#12004=CARTESIAN_POINT('Ctrl Pts',(335.352967336649,12.1444670968704,792.294730464911));
#12005=CARTESIAN_POINT('Ctrl Pts',(334.636701438085,12.0151651197325,791.742481480479));
#12006=CARTESIAN_POINT('Ctrl Pts',(354.914164111954,13.8780026237179,791.25));
#12007=CARTESIAN_POINT('Ctrl Pts',(354.187791593887,13.9273804276051,791.891963079659));
#12008=CARTESIAN_POINT('Ctrl Pts',(351.752657495642,13.7175141595597,793.667522412554));
#12009=CARTESIAN_POINT('Ctrl Pts',(347.690996376339,12.890863215958,795.032472957868));
#12010=CARTESIAN_POINT('Ctrl Pts',(343.375320208384,12.8996397952347,795.029959685828));
#12011=CARTESIAN_POINT('Ctrl Pts',(340.259437252704,13.2974258743892,794.352130851785));
#12012=CARTESIAN_POINT('Ctrl Pts',(337.425343750864,13.7933592221507,793.07390600066));
#12013=CARTESIAN_POINT('Ctrl Pts',(335.797401797036,13.9273804276051,791.89196307966));
#12014=CARTESIAN_POINT('Ctrl Pts',(335.071029278969,13.8780026237179,791.25));
#12015=CARTESIAN_POINT('Ctrl Pts',(354.914164111954,15.,791.25));
#12016=CARTESIAN_POINT('Ctrl Pts',(354.135793732939,15.,791.936458150257));
#12017=CARTESIAN_POINT('Ctrl Pts',(351.596322853882,14.618012130285,793.74419058364));
#12018=CARTESIAN_POINT('Ctrl Pts',(347.61016447569,13.63392801126,795.025233899611));
#12019=CARTESIAN_POINT('Ctrl Pts',(343.424185261658,13.6436895621106,795.026473768484));
#12020=CARTESIAN_POINT('Ctrl Pts',(340.37925284265,14.118273340437,794.383165170838));
#12021=CARTESIAN_POINT('Ctrl Pts',(337.545994488821,14.7520229102079,793.143027299437));
#12022=CARTESIAN_POINT('Ctrl Pts',(335.849399657985,15.,791.936458150258));
#12023=CARTESIAN_POINT('Ctrl Pts',(335.071029278969,15.,791.25));
#12024=CARTESIAN_POINT('Ctrl Pts',(331.763840140139,10.,795.));
#12025=CARTESIAN_POINT('Ctrl Pts',(332.801667312159,10.,795.457638766838));
#12026=CARTESIAN_POINT('Ctrl Pts',(335.063793753275,9.87601145510394,796.262018199625));
#12027=CARTESIAN_POINT('Ctrl Pts',(338.84147155838,9.55913667021845,797.088776780559));
#12028=CARTESIAN_POINT('Ctrl Pts',(342.901381450391,9.32184478105527,797.51764917899));
#12029=CARTESIAN_POINT('Ctrl Pts',(348.482687069099,9.31696400562994,797.516822599741));
#12030=CARTESIAN_POINT('Ctrl Pts',(353.797564906689,9.80900606514249,796.662793722427));
#12031=CARTESIAN_POINT('Ctrl Pts',(357.183526078764,10.,795.457638766839));
#12032=CARTESIAN_POINT('Ctrl Pts',(358.221353250784,9.99999999999999,795.));
#12033=CARTESIAN_POINT('Ctrl Pts',(354.914164111954,15.,791.25));
#12034=CARTESIAN_POINT('Ctrl Pts',(354.135793732939,15.,791.936458150257));
#12035=CARTESIAN_POINT('Ctrl Pts',(351.596322853882,14.618012130285,793.74419058364));
#12036=CARTESIAN_POINT('Ctrl Pts',(347.61016447569,13.63392801126,795.025233899611));
#12037=CARTESIAN_POINT('Ctrl Pts',(343.424185261658,13.6436895621106,795.026473768484));
#12038=CARTESIAN_POINT('Ctrl Pts',(340.37925284265,14.118273340437,794.383165170838));
#12039=CARTESIAN_POINT('Ctrl Pts',(337.545994488821,14.7520229102079,793.143027299437));
#12040=CARTESIAN_POINT('Ctrl Pts',(335.849399657985,15.,791.936458150258));
#12041=CARTESIAN_POINT('Ctrl Pts',(335.071029278969,15.,791.25));
#12042=CARTESIAN_POINT('Origin',(297.023096695461,10.,0.));
#12043=CARTESIAN_POINT('',(200.538346695461,10.,795.));
#12044=CARTESIAN_POINT('Origin',(344.992596695461,10.,780.));
#12045=CARTESIAN_POINT('',(329.992596695461,10.,780.));
#12046=CARTESIAN_POINT('Origin',(224.992596695461,15.,780.));
#12047=CARTESIAN_POINT('',(211.763840140139,10.,795.));
#12048=CARTESIAN_POINT('',(215.071029278969,15.,791.25));
#12049=CARTESIAN_POINT('Origin',(211.763840140139,15.,795.));
#12050=CARTESIAN_POINT('',(209.992596695461,15.,780.));
#12051=CARTESIAN_POINT('Origin',(224.992596695461,15.,780.));
#12052=CARTESIAN_POINT('',(215.071029278969,15.,768.75));
#12053=CARTESIAN_POINT('Origin',(224.992596695461,15.,780.));
#12054=CARTESIAN_POINT('Origin',(211.763840140139,15.,765.));
#12055=CARTESIAN_POINT('Origin',(224.992596695461,10.,780.));
#12056=CARTESIAN_POINT('Origin',(224.992596695461,15.,780.));
#12057=CARTESIAN_POINT('',(234.914164111954,15.,768.75));
#12058=CARTESIAN_POINT('Origin',(238.221353250784,15.,765.));
#12059=CARTESIAN_POINT('',(234.914164111954,15.,791.25));
#12060=CARTESIAN_POINT('Origin',(224.992596695461,15.,780.));
#12061=CARTESIAN_POINT('',(238.221353250784,10.,795.));
#12062=CARTESIAN_POINT('Origin',(238.221353250784,15.,795.));
#12063=CARTESIAN_POINT('Origin',(224.992596695461,10.,780.));
#12064=CARTESIAN_POINT('Ctrl Pts',(211.763840140139,10.,765.));
#12065=CARTESIAN_POINT('Ctrl Pts',(212.801667309311,10.,764.542361234417));
#12066=CARTESIAN_POINT('Ctrl Pts',(216.187636157995,9.80900626928394,763.33720175516));
#12067=CARTESIAN_POINT('Ctrl Pts',(221.502513646988,9.31696323609523,762.483172347618));
#12068=CARTESIAN_POINT('Ctrl Pts',(227.083823198778,9.32184410063395,762.482343810856));
#12069=CARTESIAN_POINT('Ctrl Pts',(231.143728247206,9.55913605363505,762.911218561119));
#12070=CARTESIAN_POINT('Ctrl Pts',(234.921404478832,9.87601108779489,763.737977487658));
#12071=CARTESIAN_POINT('Ctrl Pts',(237.183526081612,10.,764.542361234417));
#12072=CARTESIAN_POINT('Ctrl Pts',(238.221353250784,10.,765.));
#12073=CARTESIAN_POINT('Ctrl Pts',(212.258594478357,9.99999999999999,765.560998688141));
#12074=CARTESIAN_POINT('Ctrl Pts',(213.235921599746,10.0514875417937,765.113116250124));
#12075=CARTESIAN_POINT('Ctrl Pts',(216.45355812248,10.0010926366215,763.872899681411));
#12076=CARTESIAN_POINT('Ctrl Pts',(221.601182662136,9.56824578807287,762.910763603313));
#12077=CARTESIAN_POINT('Ctrl Pts',(227.024722020045,9.57285298834,762.912557389983));
#12078=CARTESIAN_POINT('Ctrl Pts',(230.961387028547,9.78131830053623,763.390290877767));
#12079=CARTESIAN_POINT('Ctrl Pts',(234.599482133583,10.0208459348148,764.287538600578));
#12080=CARTESIAN_POINT('Ctrl Pts',(236.749271791177,10.0514875417938,765.113116250124));
#12081=CARTESIAN_POINT('Ctrl Pts',(237.726598912566,10.,765.560998688141));
#12082=CARTESIAN_POINT('Ctrl Pts',(213.245880368958,10.3424442743004,766.680475662192));
#12083=CARTESIAN_POINT('Ctrl Pts',(214.102619385161,10.4660901597482,766.220848126767));
#12084=CARTESIAN_POINT('Ctrl Pts',(216.984763752465,10.5932089292182,764.856275974387));
#12085=CARTESIAN_POINT('Ctrl Pts',(221.798406088201,10.1977435605514,763.690700518014));
#12086=CARTESIAN_POINT('Ctrl Pts',(226.906694899596,10.2027906229509,763.696487429282));
#12087=CARTESIAN_POINT('Ctrl Pts',(230.597191267248,10.3920664975563,764.268001757228));
#12088=CARTESIAN_POINT('Ctrl Pts',(233.956613280642,10.5539152744349,765.315716017885));
#12089=CARTESIAN_POINT('Ctrl Pts',(235.882574005762,10.4660901597483,766.220848126768));
#12090=CARTESIAN_POINT('Ctrl Pts',(236.739313021965,10.3424442743004,766.680475662192));
#12091=CARTESIAN_POINT('Ctrl Pts',(214.636706256477,12.015162422849,768.257523983064));
#12092=CARTESIAN_POINT('Ctrl Pts',(215.352972153075,12.144464399632,767.705275000147));
#12093=CARTESIAN_POINT('Ctrl Pts',(217.815233398993,12.216288650034,766.066895752834));
#12094=CARTESIAN_POINT('Ctrl Pts',(222.115725443145,11.6506579881176,764.681142229066));
#12095=CARTESIAN_POINT('Ctrl Pts',(226.716272127956,11.6578083543772,764.687946067949));
#12096=CARTESIAN_POINT('Ctrl Pts',(230.023129423931,11.9283157312426,765.367496162063));
#12097=CARTESIAN_POINT('Ctrl Pts',(232.98637260943,12.1969478746071,766.618435519602));
#12098=CARTESIAN_POINT('Ctrl Pts',(234.632221237848,12.1444643996321,767.705275000148));
#12099=CARTESIAN_POINT('Ctrl Pts',(235.348487134446,12.0151624228491,768.257523983064));
#12100=CARTESIAN_POINT('Ctrl Pts',(215.071029278969,13.8780026237179,768.75));
#12101=CARTESIAN_POINT('Ctrl Pts',(215.797401795043,13.9273804274696,768.108036922102));
#12102=CARTESIAN_POINT('Ctrl Pts',(218.232545643948,13.7175002771207,766.332509762969));
#12103=CARTESIAN_POINT('Ctrl Pts',(222.294196872315,12.8908421744902,764.967573377945));
#12104=CARTESIAN_POINT('Ctrl Pts',(226.609869372152,12.8996147967629,764.970095908859));
#12105=CARTESIAN_POINT('Ctrl Pts',(229.725750275438,13.2974084530175,765.647906666972));
#12106=CARTESIAN_POINT('Ctrl Pts',(232.559841003353,13.7933448801243,766.926124202549));
#12107=CARTESIAN_POINT('Ctrl Pts',(234.187791595881,13.9273804274696,768.108036922102));
#12108=CARTESIAN_POINT('Ctrl Pts',(234.914164111954,13.8780026237179,768.75));
#12109=CARTESIAN_POINT('Ctrl Pts',(215.071029278969,15.,768.75));
#12110=CARTESIAN_POINT('Ctrl Pts',(215.849399655849,15.,768.063541851626));
#12111=CARTESIAN_POINT('Ctrl Pts',(218.388876292361,14.6180125385679,766.25580263274));
#12112=CARTESIAN_POINT('Ctrl Pts',(222.375034409106,13.6339264721904,764.974758521427));
#12113=CARTESIAN_POINT('Ctrl Pts',(226.561016572949,13.6436882012679,764.973515716283));
#12114=CARTESIAN_POINT('Ctrl Pts',(229.605945359269,14.11827210727,765.616827841678));
#12115=CARTESIAN_POINT('Ctrl Pts',(232.439202532989,14.7520221755897,766.856966231487));
#12116=CARTESIAN_POINT('Ctrl Pts',(234.135793735075,15.,768.063541851626));
#12117=CARTESIAN_POINT('Ctrl Pts',(234.914164111954,15.,768.75));
#12118=CARTESIAN_POINT('Ctrl Pts',(215.071029278969,15.,768.75));
#12119=CARTESIAN_POINT('Ctrl Pts',(215.849399655849,15.,768.063541851626));
#12120=CARTESIAN_POINT('Ctrl Pts',(218.388876292361,14.6180125385679,766.25580263274));
#12121=CARTESIAN_POINT('Ctrl Pts',(222.375034409106,13.6339264721904,764.974758521427));
#12122=CARTESIAN_POINT('Ctrl Pts',(226.561016572949,13.6436882012679,764.973515716283));
#12123=CARTESIAN_POINT('Ctrl Pts',(229.605945359269,14.11827210727,765.616827841678));
#12124=CARTESIAN_POINT('Ctrl Pts',(232.439202532989,14.7520221755897,766.856966231487));
#12125=CARTESIAN_POINT('Ctrl Pts',(234.135793735075,15.,768.063541851626));
#12126=CARTESIAN_POINT('Ctrl Pts',(234.914164111954,15.,768.75));
#12127=CARTESIAN_POINT('Ctrl Pts',(238.221353250784,10.,795.));
#12128=CARTESIAN_POINT('Ctrl Pts',(237.183526064233,10.,795.457638773246));
#12129=CARTESIAN_POINT('Ctrl Pts',(233.79755851324,9.80900622836308,796.662797405698));
#12130=CARTESIAN_POINT('Ctrl Pts',(228.482681168274,9.3169633480302,797.516826755954));
#12131=CARTESIAN_POINT('Ctrl Pts',(222.901371709875,9.3218442427913,797.517654825178));
#12132=CARTESIAN_POINT('Ctrl Pts',(218.841466300083,9.55913617024981,797.088780545976));
#12133=CARTESIAN_POINT('Ctrl Pts',(215.063789752048,9.87601114380565,796.262021658432));
#12134=CARTESIAN_POINT('Ctrl Pts',(212.80166732669,10.,795.457638773246));
#12135=CARTESIAN_POINT('Ctrl Pts',(211.763840140139,10.,795.));
#12136=CARTESIAN_POINT('Ctrl Pts',(237.726598912566,10.,794.439001311859));
#12137=CARTESIAN_POINT('Ctrl Pts',(236.749271774811,10.0514875426559,794.886883757375));
#12138=CARTESIAN_POINT('Ctrl Pts',(233.531636506815,10.0010936766189,796.127099994032));
#12139=CARTESIAN_POINT('Ctrl Pts',(228.384012054393,9.56824746407018,797.089236149712));
#12140=CARTESIAN_POINT('Ctrl Pts',(222.960472744994,9.57285508820211,797.087442222882));
#12141=CARTESIAN_POINT('Ctrl Pts',(219.02380740294,9.78131974002726,796.609708837987));
#12142=CARTESIAN_POINT('Ctrl Pts',(215.385711995624,10.0208470633626,795.71246105335));
#12143=CARTESIAN_POINT('Ctrl Pts',(213.235921616112,10.0514875426559,794.886883757375));
#12144=CARTESIAN_POINT('Ctrl Pts',(212.258594478357,10.,794.439001311859));
#12145=CARTESIAN_POINT('Ctrl Pts',(236.739313454901,10.3424446241056,793.319524828711));
#12146=CARTESIAN_POINT('Ctrl Pts',(235.882574424352,10.4660905116239,793.779152371832));
#12147=CARTESIAN_POINT('Ctrl Pts',(233.000431202978,10.5932099287009,795.143726778341));
#12148=CARTESIAN_POINT('Ctrl Pts',(228.186788273515,10.1977451899061,796.309303130444));
#12149=CARTESIAN_POINT('Ctrl Pts',(223.07849904981,10.2027926757808,796.303517055087));
#12150=CARTESIAN_POINT('Ctrl Pts',(219.388002346851,10.3920680086468,795.732001375165));
#12151=CARTESIAN_POINT('Ctrl Pts',(216.028579909975,10.5539164717974,794.684286604853));
#12152=CARTESIAN_POINT('Ctrl Pts',(214.102618966571,10.4660905116239,793.779152371833));
#12153=CARTESIAN_POINT('Ctrl Pts',(213.245879936021,10.3424446241056,793.319524828711));
#12154=CARTESIAN_POINT('Ctrl Pts',(235.348488045838,12.0151629328953,791.742477050358));
#12155=CARTESIAN_POINT('Ctrl Pts',(234.632222137246,12.1444649118436,792.294726042521));
#12156=CARTESIAN_POINT('Ctrl Pts',(232.169961433569,12.2162887123825,793.93310564377));
#12157=CARTESIAN_POINT('Ctrl Pts',(227.869469098308,11.6506584092454,795.318859307173));
#12158=CARTESIAN_POINT('Ctrl Pts',(223.268922320069,11.6578088925018,795.312055841601));
#12159=CARTESIAN_POINT('Ctrl Pts',(219.962064480143,11.9283162625246,794.632505384862));
#12160=CARTESIAN_POINT('Ctrl Pts',(216.998820955249,12.1969482308023,793.381565890365));
#12161=CARTESIAN_POINT('Ctrl Pts',(215.352971253677,12.1444649118436,792.294726042522));
#12162=CARTESIAN_POINT('Ctrl Pts',(214.636705345085,12.0151629328954,791.742477050358));
#12163=CARTESIAN_POINT('Ctrl Pts',(234.914164111954,13.8780026237179,791.25));
#12164=CARTESIAN_POINT('Ctrl Pts',(234.187791583717,13.9273804282965,791.891963088647));
#12165=CARTESIAN_POINT('Ctrl Pts',(231.752649477191,13.7175028616109,793.667496243357));
#12166=CARTESIAN_POINT('Ctrl Pts',(227.690996546487,12.8908460402397,795.032435327294));
#12167=CARTESIAN_POINT('Ctrl Pts',(223.375322863965,12.8996194760624,795.029914362843));
#12168=CARTESIAN_POINT('Ctrl Pts',(220.259441989531,13.2974116994563,794.352100287238));
#12169=CARTESIAN_POINT('Ctrl Pts',(217.425350726399,13.7933475244716,793.073881357926));
#12170=CARTESIAN_POINT('Ctrl Pts',(215.797401807207,13.9273804282965,791.891963088648));
#12171=CARTESIAN_POINT('Ctrl Pts',(215.071029278969,13.8780026237179,791.25));
#12172=CARTESIAN_POINT('Ctrl Pts',(234.914164111954,15.,791.25));
#12173=CARTESIAN_POINT('Ctrl Pts',(234.135793722041,15.,791.936458159869));
#12174=CARTESIAN_POINT('Ctrl Pts',(231.596318058795,14.6180124567261,793.744196108547));
#12175=CARTESIAN_POINT('Ctrl Pts',(227.610160050071,13.6339266960604,795.025240133931));
#12176=CARTESIAN_POINT('Ctrl Pts',(223.424177956272,13.6436884855826,795.026482237767));
#12177=CARTESIAN_POINT('Ctrl Pts',(220.379248898929,14.1182723404995,794.383170818964));
#12178=CARTESIAN_POINT('Ctrl Pts',(217.545991487901,14.7520222876114,793.143032487648));
#12179=CARTESIAN_POINT('Ctrl Pts',(215.849399668883,15.,791.936458159869));
#12180=CARTESIAN_POINT('Ctrl Pts',(215.071029278969,15.,791.25));
#12181=CARTESIAN_POINT('Ctrl Pts',(211.763840140139,10.,795.));
#12182=CARTESIAN_POINT('Ctrl Pts',(212.80166732669,10.,795.457638773246));
#12183=CARTESIAN_POINT('Ctrl Pts',(215.063789752048,9.87601114380565,796.262021658432));
#12184=CARTESIAN_POINT('Ctrl Pts',(218.841466300083,9.55913617024981,797.088780545976));
#12185=CARTESIAN_POINT('Ctrl Pts',(222.901371709875,9.3218442427913,797.517654825178));
#12186=CARTESIAN_POINT('Ctrl Pts',(228.482681168274,9.3169633480302,797.516826755954));
#12187=CARTESIAN_POINT('Ctrl Pts',(233.79755851324,9.80900622836308,796.662797405698));
#12188=CARTESIAN_POINT('Ctrl Pts',(237.183526064233,10.,795.457638773246));
#12189=CARTESIAN_POINT('Ctrl Pts',(238.221353250784,10.,795.));
#12190=CARTESIAN_POINT('Ctrl Pts',(234.914164111954,15.,791.25));
#12191=CARTESIAN_POINT('Ctrl Pts',(234.135793722041,15.,791.936458159869));
#12192=CARTESIAN_POINT('Ctrl Pts',(231.596318058795,14.6180124567261,793.744196108547));
#12193=CARTESIAN_POINT('Ctrl Pts',(227.610160050071,13.6339266960604,795.025240133931));
#12194=CARTESIAN_POINT('Ctrl Pts',(223.424177956272,13.6436884855826,795.026482237767));
#12195=CARTESIAN_POINT('Ctrl Pts',(220.379248898929,14.1182723404995,794.383170818964));
#12196=CARTESIAN_POINT('Ctrl Pts',(217.545991487901,14.7520222876114,793.143032487648));
#12197=CARTESIAN_POINT('Ctrl Pts',(215.849399668883,15.,791.936458159869));
#12198=CARTESIAN_POINT('Ctrl Pts',(215.071029278969,15.,791.25));
#12199=CARTESIAN_POINT('Origin',(297.023096695461,10.,0.));
#12200=CARTESIAN_POINT('',(200.538346695461,10.,795.));
#12201=CARTESIAN_POINT('Origin',(224.992596695461,10.,780.));
#12202=CARTESIAN_POINT('',(209.992596695461,10.,780.));
#12203=CARTESIAN_POINT('Origin',(104.992596695461,15.,780.));
#12204=CARTESIAN_POINT('',(90.878517221266,10.,794.170136223625));
#12205=CARTESIAN_POINT('',(94.4070370898149,15.,790.627602167719));
#12206=CARTESIAN_POINT('Origin',(90.878517221266,15.,794.170136223625));
#12207=CARTESIAN_POINT('',(89.9925966954615,15.,780.));
#12208=CARTESIAN_POINT('Origin',(104.992596695461,15.,780.));
#12209=CARTESIAN_POINT('',(95.8443804118399,15.,768.112605885726));
#12210=CARTESIAN_POINT('Origin',(104.992596695461,15.,780.));
#12211=CARTESIAN_POINT('',(92.7949749839661,10.,764.150141180968));
#12212=CARTESIAN_POINT('Origin',(92.7949749839661,15.,764.150141180968));
#12213=CARTESIAN_POINT('Origin',(104.992596695461,10.,780.));
#12214=CARTESIAN_POINT('Ctrl Pts',(92.7949749839661,9.99999999999999,764.150141180967));
#12215=CARTESIAN_POINT('Ctrl Pts',(94.0883797768493,10.,763.706915606478));
#12216=CARTESIAN_POINT('Ctrl Pts',(97.5162601620839,9.71878003580653,762.902438637342));
#12217=CARTESIAN_POINT('Ctrl Pts',(101.63813436757,9.36793803081447,762.565844666807));
#12218=CARTESIAN_POINT('Ctrl Pts',(104.053596695461,9.33647510734771,762.51102759289));
#12219=CARTESIAN_POINT('Ctrl Pts',(93.2511649692054,10.,764.742924514614));
#12220=CARTESIAN_POINT('Ctrl Pts',(94.467136689649,10.0656395519332,764.306686056034));
#12221=CARTESIAN_POINT('Ctrl Pts',(97.7393230783746,9.92665484680811,763.428446955689));
#12222=CARTESIAN_POINT('Ctrl Pts',(101.737367960056,9.61269397682689,763.005886495075));
#12223=CARTESIAN_POINT('Ctrl Pts',(104.08066345656,9.58509646728507,762.944194443372));
#12224=CARTESIAN_POINT('Ctrl Pts',(94.1614979278237,10.3424420686145,765.925831249524));
#12225=CARTESIAN_POINT('Ctrl Pts',(95.2296372334738,10.5000736089139,765.460879777298));
#12226=CARTESIAN_POINT('Ctrl Pts',(98.1933647095831,10.5329284206733,764.390058060653));
#12227=CARTESIAN_POINT('Ctrl Pts',(101.938270301403,10.2386677383688,763.809234500502));
#12228=CARTESIAN_POINT('Ctrl Pts',(104.134768928158,10.2136263024093,763.734577516516));
#12229=CARTESIAN_POINT('Ctrl Pts',(95.4439166354531,12.0151592063219,767.592234417582));
#12230=CARTESIAN_POINT('Ctrl Pts',(96.3610063344846,12.180001487084,766.982309624995));
#12231=CARTESIAN_POINT('Ctrl Pts',(98.9402654810287,12.1256157534351,765.573303218417));
#12232=CARTESIAN_POINT('Ctrl Pts',(102.267094191802,11.7097844409157,764.821236590263));
#12233=CARTESIAN_POINT('Ctrl Pts',(104.221062499672,11.6739301594852,764.732380316427));
#12234=CARTESIAN_POINT('Ctrl Pts',(95.8443804118399,13.8780026237179,768.112605885726));
#12235=CARTESIAN_POINT('Ctrl Pts',(96.8031252112775,13.9409525490939,767.373137732317));
#12236=CARTESIAN_POINT('Ctrl Pts',(99.3584465008997,13.5706143840772,765.843034832451));
#12237=CARTESIAN_POINT('Ctrl Pts',(102.454840975586,12.975686809043,765.105157998624));
#12238=CARTESIAN_POINT('Ctrl Pts',(104.26815845635,12.9229544591661,765.017490273552));
#12239=CARTESIAN_POINT('Ctrl Pts',(95.8443804118399,15.,768.112605885726));
#12240=CARTESIAN_POINT('Ctrl Pts',(96.8856293182895,15.,767.31128895203));
#12241=CARTESIAN_POINT('Ctrl Pts',(99.5405624531156,14.4375600716131,765.777605015466));
#12242=CARTESIAN_POINT('Ctrl Pts',(102.538933791961,13.7358760616289,765.098767000211));
#12243=CARTESIAN_POINT('Ctrl Pts',(104.288346695461,13.6729502146954,765.016541389335));
#12244=CARTESIAN_POINT('',(104.288346695461,13.6729502146954,765.016541389335));
#12245=CARTESIAN_POINT('Origin',(104.053596695461,13.6729502146954,760.02205518578));
#12246=CARTESIAN_POINT('Ctrl Pts',(104.053596695461,9.33647510734771,762.51102759289));
#12247=CARTESIAN_POINT('Ctrl Pts',(101.63813436757,9.36793803081447,762.565844666807));
#12248=CARTESIAN_POINT('Ctrl Pts',(97.5162601620839,9.71878003580653,762.902438637342));
#12249=CARTESIAN_POINT('Ctrl Pts',(94.0883797768493,10.,763.706915606478));
#12250=CARTESIAN_POINT('Ctrl Pts',(92.7949749839661,9.99999999999999,764.150141180967));
#12251=CARTESIAN_POINT('Ctrl Pts',(95.8443804118399,15.,768.112605885726));
#12252=CARTESIAN_POINT('Ctrl Pts',(96.8856293182895,15.,767.31128895203));
#12253=CARTESIAN_POINT('Ctrl Pts',(99.5405624531156,14.4375600716131,765.777605015466));
#12254=CARTESIAN_POINT('Ctrl Pts',(102.538933791961,13.7358760616289,765.098767000211));
#12255=CARTESIAN_POINT('Ctrl Pts',(104.288346695461,13.6729502146954,765.016541389335));
#12256=CARTESIAN_POINT('Origin',(104.992596695461,15.,780.));
#12257=CARTESIAN_POINT('',(114.914164111954,15.,768.75));
#12258=CARTESIAN_POINT('Origin',(118.221353250784,15.,765.));
#12259=CARTESIAN_POINT('',(114.914164111954,15.,791.25));
#12260=CARTESIAN_POINT('Origin',(104.992596695461,15.,780.));
#12261=CARTESIAN_POINT('',(118.221353250784,10.,795.));
#12262=CARTESIAN_POINT('Origin',(118.221353250784,15.,795.));
#12263=CARTESIAN_POINT('Origin',(104.992596695461,10.,780.));
#12264=CARTESIAN_POINT('Ctrl Pts',(104.053596695461,9.3364751073477,762.51102759289));
#12265=CARTESIAN_POINT('Ctrl Pts',(106.260151902924,9.30671168894088,762.459171524634));
#12266=CARTESIAN_POINT('Ctrl Pts',(111.436576485881,9.52075910517637,762.771098369073));
#12267=CARTESIAN_POINT('Ctrl Pts',(116.011560152972,10.,764.025572835713));
#12268=CARTESIAN_POINT('Ctrl Pts',(118.221353250784,10.,765.));
#12269=CARTESIAN_POINT('Ctrl Pts',(104.08066345656,9.58509646728506,762.944194443372));
#12270=CARTESIAN_POINT('Ctrl Pts',(106.223452956458,9.55870094141613,762.886185950422));
#12271=CARTESIAN_POINT('Ctrl Pts',(111.255059828889,9.76251613513934,763.239089347696));
#12272=CARTESIAN_POINT('Ctrl Pts',(115.645625518053,10.1096298284134,764.607345180544));
#12273=CARTESIAN_POINT('Ctrl Pts',(117.726598912566,10.,765.560998688141));
#12274=CARTESIAN_POINT('Ctrl Pts',(104.134768924555,10.213626336311,763.734577420402));
#12275=CARTESIAN_POINT('Ctrl Pts',(106.150076611894,10.1892863233917,763.664881865135));
#12276=CARTESIAN_POINT('Ctrl Pts',(110.892337093491,10.396869375843,764.091191842231));
#12277=CARTESIAN_POINT('Ctrl Pts',(114.915099355337,10.6057152487369,765.701816686665));
#12278=CARTESIAN_POINT('Ctrl Pts',(116.739310573609,10.3424422950587,766.680478438367));
#12279=CARTESIAN_POINT('Ctrl Pts',(104.221062492059,11.6739302063471,764.732380127544));
#12280=CARTESIAN_POINT('Ctrl Pts',(106.033367863127,11.639372487885,764.64954836997));
#12281=CARTESIAN_POINT('Ctrl Pts',(110.306663046235,11.9209240902516,765.154037442252));
#12282=CARTESIAN_POINT('Ctrl Pts',(113.823373093204,12.2904757205405,767.081653899323));
#12283=CARTESIAN_POINT('Ctrl Pts',(115.348481975988,12.0151595365785,768.257529832205));
#12284=CARTESIAN_POINT('Ctrl Pts',(104.26815845635,12.9229544591661,765.017490273552));
#12285=CARTESIAN_POINT('Ctrl Pts',(105.969982328966,12.8728285289028,764.935198516405));
#12286=CARTESIAN_POINT('Ctrl Pts',(109.976151091722,13.2462568635047,765.43261896355));
#12287=CARTESIAN_POINT('Ctrl Pts',(113.367535713568,13.9831402932228,767.383100365141));
#12288=CARTESIAN_POINT('Ctrl Pts',(114.914164111954,13.8780026237179,768.75));
#12289=CARTESIAN_POINT('Ctrl Pts',(104.288346695461,13.6729502146954,765.016541389335));
#12290=CARTESIAN_POINT('Ctrl Pts',(105.943263101058,13.6134233778818,764.938757286951));
#12291=CARTESIAN_POINT('Ctrl Pts',(109.825581538276,14.0415182103527,765.406647553609));
#12292=CARTESIAN_POINT('Ctrl Pts',(113.256819288595,15.,767.288359253571));
#12293=CARTESIAN_POINT('Ctrl Pts',(114.914164111954,15.,768.75));
#12294=CARTESIAN_POINT('Ctrl Pts',(104.288346695461,13.6729502146954,765.016541389335));
#12295=CARTESIAN_POINT('Ctrl Pts',(105.943263101058,13.6134233778818,764.938757286951));
#12296=CARTESIAN_POINT('Ctrl Pts',(109.825581538276,14.0415182103527,765.406647553609));
#12297=CARTESIAN_POINT('Ctrl Pts',(113.256819288595,15.,767.288359253571));
#12298=CARTESIAN_POINT('Ctrl Pts',(114.914164111954,15.,768.75));
#12299=CARTESIAN_POINT('Ctrl Pts',(118.221353250784,10.,795.));
#12300=CARTESIAN_POINT('Ctrl Pts',(116.563912967201,10.,795.730862467217));
#12301=CARTESIAN_POINT('Ctrl Pts',(113.417375241627,9.74109950316734,796.708517438307));
#12302=CARTESIAN_POINT('Ctrl Pts',(108.48767067965,9.37799573076192,797.427497517374));
#12303=CARTESIAN_POINT('Ctrl Pts',(105.524681267499,9.31663218409733,797.52354424185));
#12304=CARTESIAN_POINT('Ctrl Pts',(104.053596695461,9.3364751073477,797.48897240711));
#12305=CARTESIAN_POINT('Ctrl Pts',(117.726598912566,10.,794.439001311859));
#12306=CARTESIAN_POINT('Ctrl Pts',(116.165778971303,10.0822271071779,795.154282639164));
#12307=CARTESIAN_POINT('Ctrl Pts',(113.159507768798,9.93300635298212,796.189594871741));
#12308=CARTESIAN_POINT('Ctrl Pts',(108.387748043516,9.62277006073155,796.985998993614));
#12309=CARTESIAN_POINT('Ctrl Pts',(105.509236176501,9.56749887863408,797.094479141017));
#12310=CARTESIAN_POINT('Ctrl Pts',(104.08066345656,9.58509646728506,797.055805556628));
#12311=CARTESIAN_POINT('Ctrl Pts',(116.739311125332,10.3424427412195,793.319522187227));
#12312=CARTESIAN_POINT('Ctrl Pts',(115.371073908045,10.5399088295316,794.053560777935));
#12313=CARTESIAN_POINT('Ctrl Pts',(112.644338246098,10.5188563828946,795.232533388931));
#12314=CARTESIAN_POINT('Ctrl Pts',(108.188209764511,10.2491595217788,796.180395900674));
#12315=CARTESIAN_POINT('Ctrl Pts',(105.478351002656,10.1973992009188,796.311887981259));
#12316=CARTESIAN_POINT('Ctrl Pts',(104.134768917455,10.213626403106,796.265422768992));
#12317=CARTESIAN_POINT('Ctrl Pts',(115.348483139058,12.015160187256,791.742471486592));
#12318=CARTESIAN_POINT('Ctrl Pts',(114.204585594223,12.2216592185331,792.624429232586));
#12319=CARTESIAN_POINT('Ctrl Pts',(111.845310301985,12.1176376348033,794.038260238684));
#12320=CARTESIAN_POINT('Ctrl Pts',(107.867956376703,11.7234713573902,795.166090367853));
#12321=CARTESIAN_POINT('Ctrl Pts',(105.429305290193,11.650891071603,795.322843209421));
#12322=CARTESIAN_POINT('Ctrl Pts',(104.221062477059,11.6739302986763,795.26762024458));
#12323=CARTESIAN_POINT('Ctrl Pts',(114.914164111954,13.8780026237179,791.25));
#12324=CARTESIAN_POINT('Ctrl Pts',(113.754126000801,13.9568604176589,792.275233774455));
#12325=CARTESIAN_POINT('Ctrl Pts',(111.452710627958,13.5949683645848,793.753604214731));
#12326=CARTESIAN_POINT('Ctrl Pts',(107.692288437678,12.9938076439633,794.884502756123));
#12327=CARTESIAN_POINT('Ctrl Pts',(105.402744545502,12.8895360872079,795.037372679314));
#12328=CARTESIAN_POINT('Ctrl Pts',(104.26815845635,12.9229544591661,794.982509726447));
#12329=CARTESIAN_POINT('Ctrl Pts',(114.914164111954,15.,791.25));
#12330=CARTESIAN_POINT('Ctrl Pts',(113.671083899265,15.,792.346293700827));
#12331=CARTESIAN_POINT('Ctrl Pts',(111.311180605086,14.4821990063347,793.812776157461));
#12332=CARTESIAN_POINT('Ctrl Pts',(107.613902183603,13.7559914615239,794.891246276062));
#12333=CARTESIAN_POINT('Ctrl Pts',(105.39166012449,13.6332643681947,795.035316362775));
#12334=CARTESIAN_POINT('Ctrl Pts',(104.288346695461,13.6729502146954,794.983458610664));
#12335=CARTESIAN_POINT('',(104.288346695461,13.6729502146954,794.983458610665));
#12336=CARTESIAN_POINT('',(104.053596695461,9.3364751073477,797.48897240711));
#12337=CARTESIAN_POINT('Origin',(104.053596695461,13.6729502146954,799.977944814219));
#12338=CARTESIAN_POINT('Ctrl Pts',(104.053596695461,9.3364751073477,797.48897240711));
#12339=CARTESIAN_POINT('Ctrl Pts',(105.524681267499,9.31663218409733,797.52354424185));
#12340=CARTESIAN_POINT('Ctrl Pts',(108.48767067965,9.37799573076192,797.427497517374));
#12341=CARTESIAN_POINT('Ctrl Pts',(113.417375241627,9.74109950316734,796.708517438307));
#12342=CARTESIAN_POINT('Ctrl Pts',(116.563912967201,10.,795.730862467217));
#12343=CARTESIAN_POINT('Ctrl Pts',(118.221353250784,10.,795.));
#12344=CARTESIAN_POINT('Ctrl Pts',(114.914164111954,15.,791.25));
#12345=CARTESIAN_POINT('Ctrl Pts',(113.671083899265,15.,792.346293700827));
#12346=CARTESIAN_POINT('Ctrl Pts',(111.311180605086,14.4821990063347,793.812776157461));
#12347=CARTESIAN_POINT('Ctrl Pts',(107.613902183603,13.7559914615239,794.891246276062));
#12348=CARTESIAN_POINT('Ctrl Pts',(105.39166012449,13.6332643681947,795.035316362775));
#12349=CARTESIAN_POINT('Ctrl Pts',(104.288346695461,13.6729502146954,794.983458610664));
#12350=CARTESIAN_POINT('Ctrl Pts',(104.053596695461,9.3364751073477,797.48897240711));
#12351=CARTESIAN_POINT('Ctrl Pts',(101.990521572393,9.36494755103169,797.439365572205));
#12352=CARTESIAN_POINT('Ctrl Pts',(97.2335720518041,9.62773258708451,796.863462076031));
#12353=CARTESIAN_POINT('Ctrl Pts',(92.9835946721268,10.,795.304638773721));
#12354=CARTESIAN_POINT('Ctrl Pts',(90.8785172212661,10.,794.170136223625));
#12355=CARTESIAN_POINT('Ctrl Pts',(104.08066345656,9.58509646728506,797.055805556628));
#12356=CARTESIAN_POINT('Ctrl Pts',(102.075845594684,9.61052295563289,797.000527059014));
#12357=CARTESIAN_POINT('Ctrl Pts',(97.4563270347033,9.85124793549553,796.377138041945));
#12358=CARTESIAN_POINT('Ctrl Pts',(93.3908374585183,10.1022701284815,794.74620579826));
#12359=CARTESIAN_POINT('Ctrl Pts',(91.4063825592222,10.,793.640174368143));
#12360=CARTESIAN_POINT('Ctrl Pts',(104.134768920738,10.2136263722228,796.26542268142));
#12361=CARTESIAN_POINT('Ctrl Pts',(102.244968678499,10.2373072892519,796.199315816912));
#12362=CARTESIAN_POINT('Ctrl Pts',(97.8964121579982,10.4699192352164,795.487632987212));
#12363=CARTESIAN_POINT('Ctrl Pts',(94.1963683361978,10.5880413759418,793.690118778724));
#12364=CARTESIAN_POINT('Ctrl Pts',(92.4597439870533,10.3424425349325,792.582629315179));
#12365=CARTESIAN_POINT('Ctrl Pts',(104.221062483994,11.6739302559873,795.26762007253));
#12366=CARTESIAN_POINT('Ctrl Pts',(102.50936310708,11.7073789465691,795.189127127958));
#12367=CARTESIAN_POINT('Ctrl Pts',(98.5777124849526,12.030379763638,794.380979341891));
#12368=CARTESIAN_POINT('Ctrl Pts',(95.3676779052334,12.2719934682426,792.344190280171));
#12369=CARTESIAN_POINT('Ctrl Pts',(93.9436522168394,12.0151598864125,791.092827461797));
#12370=CARTESIAN_POINT('Ctrl Pts',(104.26815845635,12.9229544591661,794.982509726447));
#12371=CARTESIAN_POINT('Ctrl Pts',(102.648400489987,12.9710535825155,794.904177448209));
#12372=CARTESIAN_POINT('Ctrl Pts',(98.9238623931376,13.4208136920854,794.105578582031));
#12373=CARTESIAN_POINT('Ctrl Pts',(95.8189330587361,13.976082162144,792.036778035626));
#12374=CARTESIAN_POINT('Ctrl Pts',(94.4070370898149,13.8780026237179,790.627602167719));
#12375=CARTESIAN_POINT('Ctrl Pts',(104.288346695461,13.6729502146954,794.983458610665));
#12376=CARTESIAN_POINT('Ctrl Pts',(102.705211535514,13.7298951020633,794.909048358308));
#12377=CARTESIAN_POINT('Ctrl Pts',(99.0599112608066,14.255465174169,794.147918504823));
#12378=CARTESIAN_POINT('Ctrl Pts',(95.9047810448393,15.,792.119421080367));
#12379=CARTESIAN_POINT('Ctrl Pts',(94.407037089815,15.,790.627602167719));
#12380=CARTESIAN_POINT('Ctrl Pts',(90.8785172212661,10.,794.170136223625));
#12381=CARTESIAN_POINT('Ctrl Pts',(92.9835946721268,10.,795.304638773721));
#12382=CARTESIAN_POINT('Ctrl Pts',(97.2335720518041,9.62773258708451,796.863462076031));
#12383=CARTESIAN_POINT('Ctrl Pts',(101.990521572393,9.36494755103169,797.439365572205));
#12384=CARTESIAN_POINT('Ctrl Pts',(104.053596695461,9.3364751073477,797.48897240711));
#12385=CARTESIAN_POINT('Ctrl Pts',(104.288346695461,13.6729502146954,794.983458610665));
#12386=CARTESIAN_POINT('Ctrl Pts',(102.705211535514,13.7298951020633,794.909048358308));
#12387=CARTESIAN_POINT('Ctrl Pts',(99.0599112608066,14.255465174169,794.147918504823));
#12388=CARTESIAN_POINT('Ctrl Pts',(95.9047810448393,15.,792.119421080367));
#12389=CARTESIAN_POINT('Ctrl Pts',(94.407037089815,15.,790.627602167719));
#12390=CARTESIAN_POINT('Origin',(104.053596695461,5.,690.));
#12391=CARTESIAN_POINT('',(34.0535966954615,5.,690.));
#12392=CARTESIAN_POINT('Origin',(104.053596695461,5.,690.));
#12393=CARTESIAN_POINT('',(31.5535966954615,9.33012701892219,690.));
#12394=CARTESIAN_POINT('Origin',(29.0535966954615,5.,690.));
#12395=CARTESIAN_POINT('',(30.0258189176837,10.,702.036948005369));
#12396=CARTESIAN_POINT('Ctrl Pts',(30.0258189176837,10.,702.036948005369));
#12397=CARTESIAN_POINT('Ctrl Pts',(30.4816127377165,10.,700.661402524393));
#12398=CARTESIAN_POINT('Ctrl Pts',(31.0545707525237,9.77794410165705,698.035652104448));
#12399=CARTESIAN_POINT('Ctrl Pts',(31.4731544174645,9.42237680104267,693.845240665966));
#12400=CARTESIAN_POINT('Ctrl Pts',(31.5535966954615,9.3301270189222,691.282351830914));
#12401=CARTESIAN_POINT('Ctrl Pts',(31.5535966954615,9.3301270189222,690.));
#12402=CARTESIAN_POINT('Origin',(104.053596695461,10.,690.));
#12403=CARTESIAN_POINT('Origin',(297.023096695461,10.,0.));
#12404=CARTESIAN_POINT('',(200.538346695461,10.,795.));
#12405=CARTESIAN_POINT('Origin',(104.992596695461,10.,780.));
#12406=CARTESIAN_POINT('',(89.9925966954615,10.,780.));
#12407=CARTESIAN_POINT('Origin',(14.0535966954615,15.,690.));
#12408=CARTESIAN_POINT('',(26.0327633621281,15.,699.027711004027));
#12409=CARTESIAN_POINT('Origin',(30.0258189176837,15.,702.036948005369));
#12410=CARTESIAN_POINT('',(3.53276336212814,15.,700.69168209274));
#12411=CARTESIAN_POINT('Origin',(14.0535966954615,15.,690.));
#12412=CARTESIAN_POINT('',(0.0258189176837043,10.,704.255576123654));
#12413=CARTESIAN_POINT('Origin',(0.0258189176836976,15.,704.255576123654));
#12414=CARTESIAN_POINT('Origin',(14.0535966954615,10.,690.));
#12415=CARTESIAN_POINT('Ctrl Pts',(0.0258189176836902,10.,704.255576123654));
#12416=CARTESIAN_POINT('Ctrl Pts',(-0.90797492185384,10.,702.564211312356));
#12417=CARTESIAN_POINT('Ctrl Pts',(-2.20460213410964,9.7669647615925,699.387441032638));
#12418=CARTESIAN_POINT('Ctrl Pts',(-3.2405892972358,9.41811966740214,694.449876763693));
#12419=CARTESIAN_POINT('Ctrl Pts',(-3.44640330453854,9.33012701892219,691.483406907852));
#12420=CARTESIAN_POINT('Ctrl Pts',(-3.44640330453854,9.33012701892219,690.));
#12421=CARTESIAN_POINT('Ctrl Pts',(0.550456579741509,10.,703.722418823383));
#12422=CARTESIAN_POINT('Ctrl Pts',(-0.359355413346642,10.0825975576184,
702.128248776829));
#12423=CARTESIAN_POINT('Ctrl Pts',(-1.69387552138068,9.95349248929364,699.098803596822));
#12424=CARTESIAN_POINT('Ctrl Pts',(-2.79304053205449,9.6590259862081,694.324407376339));
#12425=CARTESIAN_POINT('Ctrl Pts',(-3.01454631305421,9.57945976920709,691.441685346371));
#12426=CARTESIAN_POINT('Ctrl Pts',(-3.0145463130542,9.57945976920709,690.));
#12427=CARTESIAN_POINT('Ctrl Pts',(1.59738294775726,10.3424381036721,702.65849132385));
#12428=CARTESIAN_POINT('Ctrl Pts',(0.688438706788607,10.5407938183122,701.26451709706));
#12429=CARTESIAN_POINT('Ctrl Pts',(-0.750435472557016,10.5340485529357,
698.52908367296));
#12430=CARTESIAN_POINT('Ctrl Pts',(-1.97595485699925,10.2835740385953,694.077006379756));
#12431=CARTESIAN_POINT('Ctrl Pts',(-2.22664708108227,10.2084207318714,691.359315452931));
#12432=CARTESIAN_POINT('Ctrl Pts',(-2.22664708108226,10.2084207318714,690.));
#12433=CARTESIAN_POINT('Ctrl Pts',(3.07222415087792,12.0151534223439,701.159700041692));
#12434=CARTESIAN_POINT('Ctrl Pts',(2.0497240788911,12.2225827752598,700.019447770642));
#12435=CARTESIAN_POINT('Ctrl Pts',(0.427244696042827,12.1413827172149,697.673119191134));
#12436=CARTESIAN_POINT('Ctrl Pts',(-0.949765375001329,11.7717221713954,
693.692769372436));
#12437=CARTESIAN_POINT('Ctrl Pts',(-1.23164004667028,11.6665457003269,691.23154360826));
#12438=CARTESIAN_POINT('Ctrl Pts',(-1.23164004667028,11.6665457003269,690.));
#12439=CARTESIAN_POINT('Ctrl Pts',(3.53276336212813,13.8780026237179,700.69168209274));
#12440=CARTESIAN_POINT('Ctrl Pts',(2.38300150024502,13.9572156886335,699.562593248149));
#12441=CARTESIAN_POINT('Ctrl Pts',(0.705190117945154,13.6361201857569,697.283457917223));
#12442=CARTESIAN_POINT('Ctrl Pts',(-0.670620010520371,13.0620126630945,
693.495576897897));
#12443=CARTESIAN_POINT('Ctrl Pts',(-0.946403304538555,12.9122557869897,
691.165163013169));
#12444=CARTESIAN_POINT('Ctrl Pts',(-0.946403304538551,12.9122557869897,
690.));
#12445=CARTESIAN_POINT('Ctrl Pts',(3.53276336212812,15.,700.69168209274));
#12446=CARTESIAN_POINT('Ctrl Pts',(2.31561139197416,15.,699.493979719226));
#12447=CARTESIAN_POINT('Ctrl Pts',(0.64357314252562,14.533929523185,697.160330779933));
#12448=CARTESIAN_POINT('Ctrl Pts',(-0.683614313707421,13.8362393348043,
693.414707309825));
#12449=CARTESIAN_POINT('Ctrl Pts',(-0.946403304538555,13.6602540378444,
691.138428557189));
#12450=CARTESIAN_POINT('Ctrl Pts',(-0.946403304538551,13.6602540378444,
690.));
#12451=CARTESIAN_POINT('',(-0.946403304538549,13.6602540378444,690.));
#12452=CARTESIAN_POINT('Origin',(-5.94640330453855,13.6602540378444,690.));
#12453=CARTESIAN_POINT('Ctrl Pts',(-3.44640330453854,9.33012701892219,690.));
#12454=CARTESIAN_POINT('Ctrl Pts',(-3.44640330453854,9.33012701892219,691.483406907852));
#12455=CARTESIAN_POINT('Ctrl Pts',(-3.2405892972358,9.41811966740214,694.449876763693));
#12456=CARTESIAN_POINT('Ctrl Pts',(-2.20460213410964,9.7669647615925,699.387441032638));
#12457=CARTESIAN_POINT('Ctrl Pts',(-0.90797492185384,10.,702.564211312356));
#12458=CARTESIAN_POINT('Ctrl Pts',(0.0258189176836902,10.,704.255576123654));
#12459=CARTESIAN_POINT('Ctrl Pts',(3.53276336212812,15.,700.69168209274));
#12460=CARTESIAN_POINT('Ctrl Pts',(2.31561139197416,15.,699.493979719226));
#12461=CARTESIAN_POINT('Ctrl Pts',(0.64357314252562,14.533929523185,697.160330779933));
#12462=CARTESIAN_POINT('Ctrl Pts',(-0.683614313707421,13.8362393348043,
693.414707309825));
#12463=CARTESIAN_POINT('Ctrl Pts',(-0.946403304538555,13.6602540378444,
691.138428557189));
#12464=CARTESIAN_POINT('Ctrl Pts',(-0.946403304538551,13.6602540378444,
690.));
#12465=CARTESIAN_POINT('Origin',(14.0535966954615,15.,690.));
#12466=CARTESIAN_POINT('',(2.80359669546147,15.,680.078432583508));
#12467=CARTESIAN_POINT('Origin',(-0.946403304538523,15.,676.771243444677));
#12468=CARTESIAN_POINT('',(25.3035966954614,15.,680.078432583508));
#12469=CARTESIAN_POINT('Origin',(14.0535966954615,15.,690.));
#12470=CARTESIAN_POINT('',(29.0535966954615,10.,676.771243444677));
#12471=CARTESIAN_POINT('Origin',(29.0535966954614,15.,676.771243444677));
#12472=CARTESIAN_POINT('Origin',(14.0535966954615,10.,690.));
#12473=CARTESIAN_POINT('Ctrl Pts',(-3.44640330453855,9.33012701892219,689.999999999999));
#12474=CARTESIAN_POINT('Ctrl Pts',(-3.44640330453855,9.33012701892219,688.61620787648));
#12475=CARTESIAN_POINT('Ctrl Pts',(-3.30064798606158,9.41959044124948,685.849137730028));
#12476=CARTESIAN_POINT('Ctrl Pts',(-2.56554300845122,9.77084513180122,681.263997889948));
#12477=CARTESIAN_POINT('Ctrl Pts',(-1.63287264673448,10.,678.328009583637));
#12478=CARTESIAN_POINT('Ctrl Pts',(-0.946403304538546,10.,676.771243444677));
#12479=CARTESIAN_POINT('Ctrl Pts',(-3.01454631305421,9.5794597692071,689.999999999999));
#12480=CARTESIAN_POINT('Ctrl Pts',(-3.01454631305421,9.57945976920709,688.656053081879));
#12481=CARTESIAN_POINT('Ctrl Pts',(-2.85053918676954,9.65974098104824,685.96890701198));
#12482=CARTESIAN_POINT('Ctrl Pts',(-2.03979817263088,9.95359493632688,681.534741762979));
#12483=CARTESIAN_POINT('Ctrl Pts',(-1.05723922860513,10.0772325720734,678.732012370352));
#12484=CARTESIAN_POINT('Ctrl Pts',(-0.385404616397504,9.99999999999998,
677.265997782895));
#12485=CARTESIAN_POINT('Ctrl Pts',(-2.22664691227255,10.20842067243,689.999999999999));
#12486=CARTESIAN_POINT('Ctrl Pts',(-2.22664691227254,10.20842067243,688.735713512477));
#12487=CARTESIAN_POINT('Ctrl Pts',(-2.02859637451215,10.2833946726827,686.208115971259));
#12488=CARTESIAN_POINT('Ctrl Pts',(-1.06746484786812,10.5295856709805,682.075619130482));
#12489=CARTESIAN_POINT('Ctrl Pts',(0.0446290226529086,10.5279095535797,
679.538421276584));
#12490=CARTESIAN_POINT('Ctrl Pts',(0.734081568257653,10.3424377010357,678.253291796485));
#12491=CARTESIAN_POINT('Ctrl Pts',(-1.23163971414319,11.6665456181733,689.999999999999));
#12492=CARTESIAN_POINT('Ctrl Pts',(-1.23163971414317,11.6665456181733,688.862786999022));
#12493=CARTESIAN_POINT('Ctrl Pts',(-0.995833966141099,11.7720135312559,
686.590188001275));
#12494=CARTESIAN_POINT('Ctrl Pts',(0.148641435750543,12.1382821428232,682.909466074207));
#12495=CARTESIAN_POINT('Ctrl Pts',(1.48275313435677,12.2091089627398,680.718543068614));
#12496=CARTESIAN_POINT('Ctrl Pts',(2.3111401167153,12.0151528348453,679.644126703887));
#12497=CARTESIAN_POINT('Ctrl Pts',(-0.946403304538561,12.9122557869897,
690.));
#12498=CARTESIAN_POINT('Ctrl Pts',(-0.946403304538538,12.9122557869897,
688.932349331202));
#12499=CARTESIAN_POINT('Ctrl Pts',(-0.714809891098544,13.0639532998898,
686.796953048917));
#12500=CARTESIAN_POINT('Ctrl Pts',(0.437245523876751,13.6397797280779,683.310043459555));
#12501=CARTESIAN_POINT('Ctrl Pts',(1.84063637622799,13.9520705371241,681.168009124655));
#12502=CARTESIAN_POINT('Ctrl Pts',(2.8035966954615,13.8780026237179,680.078432583508));
#12503=CARTESIAN_POINT('Ctrl Pts',(-0.946403304538562,13.6602540378444,
690.));
#12504=CARTESIAN_POINT('Ctrl Pts',(-0.94640330453854,13.6602540378444,688.962155907361));
#12505=CARTESIAN_POINT('Ctrl Pts',(-0.727770326823272,13.839180882499,686.886853297521));
#12506=CARTESIAN_POINT('Ctrl Pts',(0.374887139592525,14.5416902636024,683.447998417462));
#12507=CARTESIAN_POINT('Ctrl Pts',(1.77389268216661,15.,681.246007187729));
#12508=CARTESIAN_POINT('Ctrl Pts',(2.80359669546148,15.,680.078432583508));
#12509=CARTESIAN_POINT('Ctrl Pts',(-0.946403304538562,13.6602540378444,
690.));
#12510=CARTESIAN_POINT('Ctrl Pts',(-0.94640330453854,13.6602540378444,688.962155907361));
#12511=CARTESIAN_POINT('Ctrl Pts',(-0.727770326823272,13.839180882499,686.886853297521));
#12512=CARTESIAN_POINT('Ctrl Pts',(0.374887139592525,14.5416902636024,683.447998417462));
#12513=CARTESIAN_POINT('Ctrl Pts',(1.77389268216661,15.,681.246007187729));
#12514=CARTESIAN_POINT('Ctrl Pts',(2.80359669546148,15.,680.078432583508));
#12515=CARTESIAN_POINT('Ctrl Pts',(29.0535966954614,10.,676.771243444677));
#12516=CARTESIAN_POINT('Ctrl Pts',(29.7400730426286,10.,678.328025469419));
#12517=CARTESIAN_POINT('Ctrl Pts',(30.6726450670063,9.77089577598694,681.263242405334));
#12518=CARTESIAN_POINT('Ctrl Pts',(31.407935196341,9.41955321852393,685.849628518842));
#12519=CARTESIAN_POINT('Ctrl Pts',(31.5535966954615,9.33012701892219,688.616202353003));
#12520=CARTESIAN_POINT('Ctrl Pts',(31.5535966954615,9.33012701892219,690.));
#12521=CARTESIAN_POINT('Ctrl Pts',(28.4925980073204,10.,677.265997782895));
#12522=CARTESIAN_POINT('Ctrl Pts',(29.1644394751613,10.0772333601813,678.732027330074));
#12523=CARTESIAN_POINT('Ctrl Pts',(30.1468885780238,9.95363748401638,681.534010230207));
#12524=CARTESIAN_POINT('Ctrl Pts',(30.9578341624967,9.65971160456887,685.969380742604));
#12525=CARTESIAN_POINT('Ctrl Pts',(31.1217397039771,9.57945976920709,688.656047717445));
#12526=CARTESIAN_POINT('Ctrl Pts',(31.1217397039771,9.57945976920709,690.));
#12527=CARTESIAN_POINT('Ctrl Pts',(27.3731129599983,10.3424385137464,678.253290793452));
#12528=CARTESIAN_POINT('Ctrl Pts',(28.0625725410155,10.5279122589096,679.538433387458));
#12529=CARTESIAN_POINT('Ctrl Pts',(29.1745339651152,10.5296215877075,682.074934652244));
#12530=CARTESIAN_POINT('Ctrl Pts',(30.1359087230662,10.2833728659059,686.208555015892));
#12531=CARTESIAN_POINT('Ctrl Pts',(30.3338406439576,10.2084207924096,688.735708466013));
#12532=CARTESIAN_POINT('Ctrl Pts',(30.3338406439576,10.2084207924096,690.));
#12533=CARTESIAN_POINT('Ctrl Pts',(25.7960556794808,12.0151540206686,679.644124582636));
#12534=CARTESIAN_POINT('Ctrl Pts',(26.6244511149865,12.2091121277587,680.718551911079));
#12535=CARTESIAN_POINT('Ctrl Pts',(27.9584038054958,12.1383352689534,682.908855021949));
#12536=CARTESIAN_POINT('Ctrl Pts',(29.1031693275181,11.7719791249139,686.59057745206));
#12537=CARTESIAN_POINT('Ctrl Pts',(29.3388337762279,11.6665457839954,688.862782459777));
#12538=CARTESIAN_POINT('Ctrl Pts',(29.3388337762279,11.6665457839954,690.));
#12539=CARTESIAN_POINT('Ctrl Pts',(25.3035966954614,13.8780026237179,680.078432583508));
#12540=CARTESIAN_POINT('Ctrl Pts',(26.266566841075,13.9520712929388,681.168020243071));
#12541=CARTESIAN_POINT('Ctrl Pts',(27.6698025360099,13.6398633865895,683.309464763199));
#12542=CARTESIAN_POINT('Ctrl Pts',(28.8221487166805,13.063894229918,686.797322918619));
#12543=CARTESIAN_POINT('Ctrl Pts',(29.0535966954615,12.9122557869897,688.932345069619));
#12544=CARTESIAN_POINT('Ctrl Pts',(29.0535966954615,12.9122557869897,690.));
#12545=CARTESIAN_POINT('Ctrl Pts',(25.3035966954614,15.,680.078432583508));
#12546=CARTESIAN_POINT('Ctrl Pts',(26.3333112162122,15.,681.246019102064));
#12547=CARTESIAN_POINT('Ctrl Pts',(27.7321692527787,14.5417915519739,683.447431804));
#12548=CARTESIAN_POINT('Ctrl Pts',(28.8351044467807,13.8391064370479,686.887221389131));
#12549=CARTESIAN_POINT('Ctrl Pts',(29.0535966954615,13.6602540378444,688.962151764752));
#12550=CARTESIAN_POINT('Ctrl Pts',(29.0535966954615,13.6602540378444,690.));
#12551=CARTESIAN_POINT('',(29.0535966954615,13.6602540378444,690.));
#12552=CARTESIAN_POINT('Origin',(34.0535966954615,13.6602540378444,690.));
#12553=CARTESIAN_POINT('Ctrl Pts',(31.5535966954615,9.33012701892219,690.));
#12554=CARTESIAN_POINT('Ctrl Pts',(31.5535966954615,9.33012701892219,688.616202353003));
#12555=CARTESIAN_POINT('Ctrl Pts',(31.407935196341,9.41955321852393,685.849628518842));
#12556=CARTESIAN_POINT('Ctrl Pts',(30.6726450670063,9.77089577598694,681.263242405334));
#12557=CARTESIAN_POINT('Ctrl Pts',(29.7400730426286,10.,678.328025469419));
#12558=CARTESIAN_POINT('Ctrl Pts',(29.0535966954614,10.,676.771243444677));
#12559=CARTESIAN_POINT('Ctrl Pts',(25.3035966954614,15.,680.078432583508));
#12560=CARTESIAN_POINT('Ctrl Pts',(26.3333112162122,15.,681.246019102064));
#12561=CARTESIAN_POINT('Ctrl Pts',(27.7321692527787,14.5417915519739,683.447431804));
#12562=CARTESIAN_POINT('Ctrl Pts',(28.8351044467807,13.8391064370479,686.887221389131));
#12563=CARTESIAN_POINT('Ctrl Pts',(29.0535966954615,13.6602540378444,688.962151764752));
#12564=CARTESIAN_POINT('Ctrl Pts',(29.0535966954615,13.6602540378444,690.));
#12565=CARTESIAN_POINT('Ctrl Pts',(31.5535966954615,9.3301270189222,690.));
#12566=CARTESIAN_POINT('Ctrl Pts',(31.5535966954615,9.3301270189222,691.282351830914));
#12567=CARTESIAN_POINT('Ctrl Pts',(31.4731544174645,9.42237680104267,693.845240665966));
#12568=CARTESIAN_POINT('Ctrl Pts',(31.0545707525237,9.77794410165705,698.035652104448));
#12569=CARTESIAN_POINT('Ctrl Pts',(30.4816127377165,10.,700.661402524393));
#12570=CARTESIAN_POINT('Ctrl Pts',(30.0258189176837,10.,702.036948005369));
#12571=CARTESIAN_POINT('Ctrl Pts',(31.1217397039771,9.5794597692071,690.));
#12572=CARTESIAN_POINT('Ctrl Pts',(31.1217397039771,9.5794597692071,691.244156016131));
#12573=CARTESIAN_POINT('Ctrl Pts',(31.0195036209515,9.66138980800834,693.730471045945));
#12574=CARTESIAN_POINT('Ctrl Pts',(30.5101975213608,9.95439345203283,697.784203940558));
#12575=CARTESIAN_POINT('Ctrl Pts',(29.8776737960092,10.0695842679923,700.293380857687));
#12576=CARTESIAN_POINT('Ctrl Pts',(29.4284592034594,10.,701.586767202686));
#12577=CARTESIAN_POINT('Ctrl Pts',(30.333840794382,10.2084208453605,690.));
#12578=CARTESIAN_POINT('Ctrl Pts',(30.333840794382,10.2084208453605,691.166457707345));
#12579=CARTESIAN_POINT('Ctrl Pts',(30.1908090860589,10.2837792226491,693.497230629866));
#12580=CARTESIAN_POINT('Ctrl Pts',(29.5014236850475,10.5227737503991,697.272997437764));
#12581=CARTESIAN_POINT('Ctrl Pts',(28.7176629514025,10.5095435375495,699.551419287717));
#12582=CARTESIAN_POINT('Ctrl Pts',(28.2364154747377,10.3424388724325,700.688422051767));
#12583=CARTESIAN_POINT('Ctrl Pts',(29.3388340723976,11.6665458571769,690.));
#12584=CARTESIAN_POINT('Ctrl Pts',(29.3388340723976,11.6665458571769,691.037869287078));
#12585=CARTESIAN_POINT('Ctrl Pts',(29.1489064276002,11.773340642964,693.110934729876));
#12586=CARTESIAN_POINT('Ctrl Pts',(28.236086058732,12.133910887216,696.456588279035));
#12587=CARTESIAN_POINT('Ctrl Pts',(27.1937598028948,12.1899032907949,698.444356409587));
#12588=CARTESIAN_POINT('Ctrl Pts',(26.5571421141731,12.0151545439924,699.422892068105));
#12589=CARTESIAN_POINT('Ctrl Pts',(29.0535966954615,12.9122557869897,690.));
#12590=CARTESIAN_POINT('Ctrl Pts',(29.0535966954614,12.9122557869897,690.962909308372));
#12591=CARTESIAN_POINT('Ctrl Pts',(28.8652644436224,13.0679244763834,692.888222925272));
#12592=CARTESIAN_POINT('Ctrl Pts',(27.9337527603429,13.6469607971762,696.037603159583));
#12593=CARTESIAN_POINT('Ctrl Pts',(26.8063437355953,13.944735627653,698.003516823765));
#12594=CARTESIAN_POINT('Ctrl Pts',(26.0327633621281,13.8780026237179,699.027711004027));
#12595=CARTESIAN_POINT('Ctrl Pts',(29.0535966954615,13.6602540378444,690.));
#12596=CARTESIAN_POINT('Ctrl Pts',(29.0535966954614,13.6602540378444,690.928599601692));
#12597=CARTESIAN_POINT('Ctrl Pts',(28.878286883804,13.8447536020853,692.785171073348));
#12598=CARTESIAN_POINT('Ctrl Pts',(27.997234099703,14.5558882033141,695.879867900387));
#12599=CARTESIAN_POINT('Ctrl Pts',(26.8710762463869,15.,697.915326064492));
#12600=CARTESIAN_POINT('Ctrl Pts',(26.0327633621281,15.,699.027711004027));
#12601=CARTESIAN_POINT('Ctrl Pts',(29.0535966954615,13.6602540378444,690.));
#12602=CARTESIAN_POINT('Ctrl Pts',(29.0535966954614,13.6602540378444,690.928599601692));
#12603=CARTESIAN_POINT('Ctrl Pts',(28.878286883804,13.8447536020853,692.785171073348));
#12604=CARTESIAN_POINT('Ctrl Pts',(27.997234099703,14.5558882033141,695.879867900387));
#12605=CARTESIAN_POINT('Ctrl Pts',(26.8710762463869,15.,697.915326064492));
#12606=CARTESIAN_POINT('Ctrl Pts',(26.0327633621281,15.,699.027711004027));
#12607=CARTESIAN_POINT('Origin',(104.053596695461,5.,690.));
#12608=CARTESIAN_POINT('Origin',(104.053596695461,10.,690.));
#12609=CARTESIAN_POINT('',(104.053596695461,5.,800.));
#12610=CARTESIAN_POINT('Origin',(104.053596695461,5.,690.));
#12611=CARTESIAN_POINT('Origin',(104.053596695461,5.,795.));
#12612=CARTESIAN_POINT('Origin',(297.023096695461,10.,0.));
#12613=CARTESIAN_POINT('',(29.0535966954615,10.,583.228756555323));
#12614=CARTESIAN_POINT('',(29.0535966954615,10.,345.));
#12615=CARTESIAN_POINT('Origin',(14.0535966954615,10.,570.));
#12616=CARTESIAN_POINT('Origin',(14.0535966954615,10.,690.));
#12617=CARTESIAN_POINT('',(-0.94640330453855,10.,690.));
#12618=CARTESIAN_POINT('Origin',(14.0535966954615,15.,570.));
#12619=CARTESIAN_POINT('',(25.3035966954615,15.,579.921567416492));
#12620=CARTESIAN_POINT('Origin',(29.0535966954615,15.,583.228756555323));
#12621=CARTESIAN_POINT('',(2.80359669546144,15.,579.921567416492));
#12622=CARTESIAN_POINT('Origin',(14.0535966954615,15.,570.));
#12623=CARTESIAN_POINT('Origin',(-0.946403304538561,15.,583.228756555323));
#12624=CARTESIAN_POINT('Origin',(14.0535966954615,15.,570.));
#12625=CARTESIAN_POINT('',(2.80359669546144,15.,560.078432583508));
#12626=CARTESIAN_POINT('Origin',(-0.946403304538561,15.,556.771243444677));
#12627=CARTESIAN_POINT('',(25.3035966954615,15.,560.078432583508));
#12628=CARTESIAN_POINT('Origin',(14.0535966954615,15.,570.));
#12629=CARTESIAN_POINT('',(29.0535966954615,10.,556.771243444677));
#12630=CARTESIAN_POINT('Origin',(29.0535966954615,15.,556.771243444677));
#12631=CARTESIAN_POINT('Origin',(14.0535966954615,10.,570.));
#12632=CARTESIAN_POINT('Ctrl Pts',(-0.94640330453857,10.,583.228756555323));
#12633=CARTESIAN_POINT('Ctrl Pts',(-1.86168084404242,10.,581.153102198068));
#12634=CARTESIAN_POINT('Ctrl Pts',(-2.89274357854213,9.63915806746727,577.504458378672));
#12635=CARTESIAN_POINT('Ctrl Pts',(-3.46299597095629,9.32147916965757,572.094523752908));
#12636=CARTESIAN_POINT('Ctrl Pts',(-3.46352825520862,9.32158188749057,567.910632198209));
#12637=CARTESIAN_POINT('Ctrl Pts',(-3.03494984475507,9.56016262364072,563.849127709764));
#12638=CARTESIAN_POINT('Ctrl Pts',(-2.2082462984424,9.87610648683469,560.071753521903));
#12639=CARTESIAN_POINT('Ctrl Pts',(-1.40404207429052,10.,557.809070623304));
#12640=CARTESIAN_POINT('Ctrl Pts',(-0.946403304538586,10.,556.771243444677));
#12641=CARTESIAN_POINT('Ctrl Pts',(-0.385404616397536,10.,582.734002217105));
#12642=CARTESIAN_POINT('Ctrl Pts',(-1.28116950059107,10.1029750845256,580.779347956519));
#12643=CARTESIAN_POINT('Ctrl Pts',(-2.39698999166164,9.85221066705669,577.281137856687));
#12644=CARTESIAN_POINT('Ctrl Pts',(-3.03251488278961,9.57072523077112,572.034822287014));
#12645=CARTESIAN_POINT('Ctrl Pts',(-3.03348184278486,9.57207355885251,567.969527237844));
#12646=CARTESIAN_POINT('Ctrl Pts',(-2.55517369379547,9.78159502830278,564.031276905817));
#12647=CARTESIAN_POINT('Ctrl Pts',(-1.65861262314781,10.020664514565,560.393587635044));
#12648=CARTESIAN_POINT('Ctrl Pts',(-0.833287058494654,10.0514875422628,
558.243324913188));
#12649=CARTESIAN_POINT('Ctrl Pts',(-0.385404616397553,10.,557.265997782895));
#12650=CARTESIAN_POINT('Ctrl Pts',(0.734086837632264,10.342433931799,581.746703556363));
#12651=CARTESIAN_POINT('Ctrl Pts',(-0.185168241590992,10.5897257049476,
580.033225508348));
#12652=CARTESIAN_POINT('Ctrl Pts',(-1.48745862900974,10.4575369080344,576.834849042009));
#12653=CARTESIAN_POINT('Ctrl Pts',(-2.24757818564463,10.1981835956647,571.91550907648));
#12654=CARTESIAN_POINT('Ctrl Pts',(-2.24953819204455,10.2012871411552,568.087158930369));
#12655=CARTESIAN_POINT('Ctrl Pts',(-1.67612152440331,10.3915044859398,564.395118248893));
#12656=CARTESIAN_POINT('Ctrl Pts',(-0.630181915141439,10.5533903615252,
561.03630373503));
#12657=CARTESIAN_POINT('Ctrl Pts',(0.274459298019617,10.4660798183733,559.110035467646));
#12658=CARTESIAN_POINT('Ctrl Pts',(0.734086837632245,10.342433931799,558.253296443637));
#12659=CARTESIAN_POINT('Ctrl Pts',(2.31115127931597,12.0151473337749,580.355863451624));
#12660=CARTESIAN_POINT('Ctrl Pts',(1.20665330342306,12.2737512896969,578.923331645379));
#12661=CARTESIAN_POINT('Ctrl Pts',(-0.352245449749975,12.0214047802121,
576.133649790094));
#12662=CARTESIAN_POINT('Ctrl Pts',(-1.25524590424252,11.6529039674658,571.724018481218));
#12663=CARTESIAN_POINT('Ctrl Pts',(-1.25797423104548,11.6561474590673,568.277200004391));
#12664=CARTESIAN_POINT('Ctrl Pts',(-0.576083130221374,11.9281502533375,
564.968745762552));
#12665=CARTESIAN_POINT('Ctrl Pts',(0.6726514138185,12.1964508551981,562.006360364001));
#12666=CARTESIAN_POINT('Ctrl Pts',(1.75890229136755,12.1444493117359,560.3604024515));
#12667=CARTESIAN_POINT('Ctrl Pts',(2.31115127931594,12.0151473337749,559.644136548376));
#12668=CARTESIAN_POINT('Ctrl Pts',(2.80359669546142,13.8780026237179,579.921567416492));
#12669=CARTESIAN_POINT('Ctrl Pts',(1.51967052797089,13.976758232121,578.468822371113));
#12670=CARTESIAN_POINT('Ctrl Pts',(-0.0723561092222271,13.43204535048,575.771105349008));
#12671=CARTESIAN_POINT('Ctrl Pts',(-0.97381564920213,12.8972170486688,571.617832920241));
#12672=CARTESIAN_POINT('Ctrl Pts',(-0.97530990515482,12.8985126445573,568.383906035649));
#12673=CARTESIAN_POINT('Ctrl Pts',(-0.296822960554779,13.29854176685,565.266547635026));
#12674=CARTESIAN_POINT('Ctrl Pts',(0.980317986800816,13.7932004468934,562.433073154693));
#12675=CARTESIAN_POINT('Ctrl Pts',(2.16163361171389,13.9273804279195,560.8048051062));
#12676=CARTESIAN_POINT('Ctrl Pts',(2.80359669546139,13.8780026237179,560.078432583508));
#12677=CARTESIAN_POINT('Ctrl Pts',(2.80359669546141,15.,579.921567416492));
#12678=CARTESIAN_POINT('Ctrl Pts',(1.43068038620801,15.,578.364826648554));
#12679=CARTESIAN_POINT('Ctrl Pts',(-0.115913715543551,14.2783161349346,
575.628343784005));
#12680=CARTESIAN_POINT('Ctrl Pts',(-0.971292304164619,13.6429583393152,
571.570892814683));
#12681=CARTESIAN_POINT('Ctrl Pts',(-0.97209073054352,13.6431637749812,568.432974148658));
#12682=CARTESIAN_POINT('Ctrl Pts',(-0.32922311486358,14.1203252472814,565.386845782324));
#12683=CARTESIAN_POINT('Ctrl Pts',(0.91083220460555,14.7522129736694,562.553815141428));
#12684=CARTESIAN_POINT('Ctrl Pts',(2.11713854083245,15.,560.856802967479));
#12685=CARTESIAN_POINT('Ctrl Pts',(2.80359669546138,15.,560.078432583508));
#12686=CARTESIAN_POINT('',(-0.945314375463581,13.6622360057866,570.000002909109));
#12687=CARTESIAN_POINT('Ctrl Pts',(2.80359669546141,15.,579.921567416492));
#12688=CARTESIAN_POINT('Ctrl Pts',(1.43068038620801,15.,578.364826648554));
#12689=CARTESIAN_POINT('Ctrl Pts',(-0.115913715543551,14.2783161349346,
575.628343784005));
#12690=CARTESIAN_POINT('Ctrl Pts',(-0.864498113211197,13.7222828894638,
572.077466394342));
#12691=CARTESIAN_POINT('Ctrl Pts',(-0.944925400337349,13.662842811724,570.519724658514));
#12692=CARTESIAN_POINT('Ctrl Pts',(-0.944933295211939,13.6629296127988,
570.000003927178));
#12693=CARTESIAN_POINT('Ctrl Pts',(-0.944933295211939,13.6629296127988,
570.000003927178));
#12694=CARTESIAN_POINT('Ctrl Pts',(-0.944941171187198,13.6630162060829,
569.481527341518));
#12695=CARTESIAN_POINT('Ctrl Pts',(-0.86481772893321,13.7227859897855,567.924677688894));
#12696=CARTESIAN_POINT('Ctrl Pts',(-0.32922311486358,14.1203252472814,565.386845782324));
#12697=CARTESIAN_POINT('Ctrl Pts',(0.91083220460555,14.7522129736694,562.553815141428));
#12698=CARTESIAN_POINT('Ctrl Pts',(2.11713854083245,15.,560.856802967479));
#12699=CARTESIAN_POINT('Ctrl Pts',(2.80359669546138,15.,560.078432583508));
#12700=CARTESIAN_POINT('Ctrl Pts',(29.0535966954615,10.,556.771243444677));
#12701=CARTESIAN_POINT('Ctrl Pts',(29.5112354652135,10.,557.809070623304));
#12702=CARTESIAN_POINT('Ctrl Pts',(30.3154124019533,9.87611596235713,560.071511218897));
#12703=CARTESIAN_POINT('Ctrl Pts',(31.1420512600229,9.56019255450259,563.848947573452));
#12704=CARTESIAN_POINT('Ctrl Pts',(31.5706517436469,9.32163048488577,567.909514769218));
#12705=CARTESIAN_POINT('Ctrl Pts',(31.5702089190131,9.3214695265221,572.093632455474));
#12706=CARTESIAN_POINT('Ctrl Pts',(31.0000191003121,9.63915686886237,577.504139891244));
#12707=CARTESIAN_POINT('Ctrl Pts',(29.9688742349653,10.,581.153102198068));
#12708=CARTESIAN_POINT('Ctrl Pts',(29.0535966954615,10.,583.228756555323));
#12709=CARTESIAN_POINT('Ctrl Pts',(28.4925980073205,10.,557.265997782895));
#12710=CARTESIAN_POINT('Ctrl Pts',(28.9404804494175,10.0514875422628,558.243324913188));
#12711=CARTESIAN_POINT('Ctrl Pts',(29.7657761739801,10.0206689420163,560.393352792336));
#12712=CARTESIAN_POINT('Ctrl Pts',(30.6622674608383,9.78161183070279,564.031105836992));
#12713=CARTESIAN_POINT('Ctrl Pts',(31.1405930608623,9.57211157469739,567.968442087956));
#12714=CARTESIAN_POINT('Ctrl Pts',(31.1397275937029,9.57071024074746,572.03395722346));
#12715=CARTESIAN_POINT('Ctrl Pts',(30.5042615135466,9.85220873610214,577.280832095717));
#12716=CARTESIAN_POINT('Ctrl Pts',(29.3883628915148,10.1029750845256,580.779347956518));
#12717=CARTESIAN_POINT('Ctrl Pts',(28.4925980073204,10.,582.734002217105));
#12718=CARTESIAN_POINT('Ctrl Pts',(27.3731079190715,10.3424349093696,558.253295239131));
#12719=CARTESIAN_POINT('Ctrl Pts',(27.8327354586837,10.4660807959439,559.11003426314));
#12720=CARTESIAN_POINT('Ctrl Pts',(28.7373440689279,10.5533853487093,561.036081961685));
#12721=CARTESIAN_POINT('Ctrl Pts',(29.7832025967857,10.3915018770601,564.394963897584));
#12722=CARTESIAN_POINT('Ctrl Pts',(30.356632750844,10.2013081645239,568.086137140808));
#12723=CARTESIAN_POINT('Ctrl Pts',(30.3547954375894,10.1981551485774,571.914696117408));
#12724=CARTESIAN_POINT('Ctrl Pts',(29.5947328150934,10.4575274647246,576.834569107479));
#12725=CARTESIAN_POINT('Ctrl Pts',(28.2923629982971,10.5897266825181,580.03322671285));
#12726=CARTESIAN_POINT('Ctrl Pts',(27.3731079190714,10.3424349093696,581.746704760868));
#12727=CARTESIAN_POINT('Ctrl Pts',(25.7960450078387,12.0151487607258,559.64413399414));
#12728=CARTESIAN_POINT('Ctrl Pts',(26.3482939957861,12.1444507386868,560.360399897263));
#12729=CARTESIAN_POINT('Ctrl Pts',(27.4344992719865,12.1964465662588,562.006162409356));
#12730=CARTESIAN_POINT('Ctrl Pts',(28.6831352884494,11.928154694944,564.968614696046));
#12731=CARTESIAN_POINT('Ctrl Pts',(29.3650388092078,11.6561807489036,568.276281966276));
#12732=CARTESIAN_POINT('Ctrl Pts',(29.3624581144936,11.652868505211,571.723288656549));
#12733=CARTESIAN_POINT('Ctrl Pts',(28.4595238692758,12.0213909707911,576.133403747873));
#12734=CARTESIAN_POINT('Ctrl Pts',(26.9005429837363,12.2737527166477,578.923334199611));
#12735=CARTESIAN_POINT('Ctrl Pts',(25.7960450078386,12.0151487607257,580.35586600586));
#12736=CARTESIAN_POINT('Ctrl Pts',(25.3035966954615,13.8780026237179,560.078432583508));
#12737=CARTESIAN_POINT('Ctrl Pts',(25.9455597792079,13.9273804279195,560.804805106199));
#12738=CARTESIAN_POINT('Ctrl Pts',(27.1268459463687,13.7932163475986,562.432881593086));
#12739=CARTESIAN_POINT('Ctrl Pts',(28.4038896162219,13.2985873271856,565.266413916105));
#12740=CARTESIAN_POINT('Ctrl Pts',(29.0824103784125,12.8985960776525,568.383038495838));
#12741=CARTESIAN_POINT('Ctrl Pts',(29.0810554942536,12.8972000209581,571.617143677937));
#12742=CARTESIAN_POINT('Ctrl Pts',(28.1796831911583,13.4320488214024,575.770867944886));
#12743=CARTESIAN_POINT('Ctrl Pts',(26.5875228629575,13.976758232121,578.468822371107));
#12744=CARTESIAN_POINT('Ctrl Pts',(25.3035966954615,13.8780026237179,579.921567416492));
#12745=CARTESIAN_POINT('Ctrl Pts',(25.3035966954615,15.,560.078432583508));
#12746=CARTESIAN_POINT('Ctrl Pts',(25.9900548500893,15.,560.856802967478));
#12747=CARTESIAN_POINT('Ctrl Pts',(27.1963202551996,14.7522319247142,562.553633414172));
#12748=CARTESIAN_POINT('Ctrl Pts',(28.4362785423041,14.1203851090052,565.386710680088));
#12749=CARTESIAN_POINT('Ctrl Pts',(29.0791792677401,13.6432609697716,568.432136076912));
#12750=CARTESIAN_POINT('Ctrl Pts',(29.0785150307898,13.6429390530442,571.570224341605));
#12751=CARTESIAN_POINT('Ctrl Pts',(28.2232303027381,14.2783137377247,575.628104918432));
#12752=CARTESIAN_POINT('Ctrl Pts',(26.6765130047203,15.,578.364826648548));
#12753=CARTESIAN_POINT('Ctrl Pts',(25.3035966954615,15.,579.921567416492));
#12754=CARTESIAN_POINT('Ctrl Pts',(29.0535966954615,10.,583.228756555323));
#12755=CARTESIAN_POINT('Ctrl Pts',(29.9688742349653,10.,581.153102198068));
#12756=CARTESIAN_POINT('Ctrl Pts',(31.0000191003121,9.63915686886237,577.504139891244));
#12757=CARTESIAN_POINT('Ctrl Pts',(31.5702089190131,9.3214695265221,572.093632455474));
#12758=CARTESIAN_POINT('Ctrl Pts',(31.5706517436469,9.32163048488577,567.909514769218));
#12759=CARTESIAN_POINT('Ctrl Pts',(31.1420512600229,9.56019255450259,563.848947573452));
#12760=CARTESIAN_POINT('Ctrl Pts',(30.3154124019533,9.87611596235713,560.071511218897));
#12761=CARTESIAN_POINT('Ctrl Pts',(29.5112354652135,10.,557.809070623304));
#12762=CARTESIAN_POINT('Ctrl Pts',(29.0535966954615,10.,556.771243444677));
#12763=CARTESIAN_POINT('Ctrl Pts',(25.3035966954615,15.,560.078432583508));
#12764=CARTESIAN_POINT('Ctrl Pts',(25.9900548500893,15.,560.856802967478));
#12765=CARTESIAN_POINT('Ctrl Pts',(27.1963202551996,14.7522319247142,562.553633414172));
#12766=CARTESIAN_POINT('Ctrl Pts',(28.4362785423041,14.1203851090052,565.386710680088));
#12767=CARTESIAN_POINT('Ctrl Pts',(29.0791792677401,13.6432609697716,568.432136076912));
#12768=CARTESIAN_POINT('Ctrl Pts',(29.0785150307898,13.6429390530442,571.570224341605));
#12769=CARTESIAN_POINT('Ctrl Pts',(28.2232303027381,14.2783137377247,575.628104918432));
#12770=CARTESIAN_POINT('Ctrl Pts',(26.6765130047203,15.,578.364826648548));
#12771=CARTESIAN_POINT('Ctrl Pts',(25.3035966954615,15.,579.921567416492));
#12772=CARTESIAN_POINT('Origin',(297.023096695461,10.,0.));
#12773=CARTESIAN_POINT('',(29.0535966954615,10.,463.228756555323));
#12774=CARTESIAN_POINT('',(29.0535966954615,10.,345.));
#12775=CARTESIAN_POINT('Origin',(14.0535966954615,10.,450.));
#12776=CARTESIAN_POINT('Origin',(14.0535966954615,10.,570.));
#12777=CARTESIAN_POINT('',(-0.94640330453855,10.,570.));
#12778=CARTESIAN_POINT('Origin',(14.0535966954615,15.,450.));
#12779=CARTESIAN_POINT('',(25.3035966954615,15.,459.921567416492));
#12780=CARTESIAN_POINT('Origin',(29.0535966954615,15.,463.228756555323));
#12781=CARTESIAN_POINT('',(2.80359669546144,15.,459.921567416492));
#12782=CARTESIAN_POINT('Origin',(14.0535966954615,15.,450.));
#12783=CARTESIAN_POINT('Origin',(-0.946403304538561,15.,463.228756555323));
#12784=CARTESIAN_POINT('Origin',(14.0535966954615,15.,450.));
#12785=CARTESIAN_POINT('',(2.80359669546144,15.,440.078432583508));
#12786=CARTESIAN_POINT('Origin',(-0.946403304538561,15.,436.771243444677));
#12787=CARTESIAN_POINT('',(25.3035966954615,15.,440.078432583508));
#12788=CARTESIAN_POINT('Origin',(14.0535966954615,15.,450.));
#12789=CARTESIAN_POINT('',(29.0535966954615,10.,436.771243444677));
#12790=CARTESIAN_POINT('Origin',(29.0535966954615,15.,436.771243444677));
#12791=CARTESIAN_POINT('Origin',(14.0535966954615,10.,450.));
#12792=CARTESIAN_POINT('Ctrl Pts',(-0.946403304538558,10.,463.228756555323));
#12793=CARTESIAN_POINT('Ctrl Pts',(-1.86168082037563,9.99999999999999,461.153102251739));
#12794=CARTESIAN_POINT('Ctrl Pts',(-2.89282112350135,9.63907948432942,457.504282619202));
#12795=CARTESIAN_POINT('Ctrl Pts',(-3.4630492237798,9.32142654367588,452.09440631563));
#12796=CARTESIAN_POINT('Ctrl Pts',(-3.46358998893317,9.32151783902306,447.910499764996));
#12797=CARTESIAN_POINT('Ctrl Pts',(-3.03498812512742,9.56012429718218,443.849048094927));
#12798=CARTESIAN_POINT('Ctrl Pts',(-2.20827775296309,9.87607529541721,440.071694842609));
#12799=CARTESIAN_POINT('Ctrl Pts',(-1.40404206245709,10.,437.809070596469));
#12800=CARTESIAN_POINT('Ctrl Pts',(-0.946403304538559,10.,436.771243444677));
#12801=CARTESIAN_POINT('Ctrl Pts',(-0.385404616397524,10.,462.734002217105));
#12802=CARTESIAN_POINT('Ctrl Pts',(-1.28116947742913,10.1029750818629,460.779348007061));
#12803=CARTESIAN_POINT('Ctrl Pts',(-2.39710891703189,9.85220471813873,457.280995947118));
#12804=CARTESIAN_POINT('Ctrl Pts',(-3.03259209437302,9.57071358221956,452.034727380772));
#12805=CARTESIAN_POINT('Ctrl Pts',(-3.03357044305963,9.57205268756297,447.969420479531));
#12806=CARTESIAN_POINT('Ctrl Pts',(-2.55522778905356,9.78158152202329,444.031213151067));
#12807=CARTESIAN_POINT('Ctrl Pts',(-1.65865700906726,10.0206518291762,440.393541417228));
#12808=CARTESIAN_POINT('Ctrl Pts',(-0.833287046913344,10.0514875409315,
438.243324887917));
#12809=CARTESIAN_POINT('Ctrl Pts',(-0.385404616397524,10.,437.265997782895));
#12810=CARTESIAN_POINT('Ctrl Pts',(0.734095448236692,10.342427758659,461.746695962524));
#12811=CARTESIAN_POINT('Ctrl Pts',(-0.185159607217833,10.5897195254132,
460.033217958814));
#12812=CARTESIAN_POINT('Ctrl Pts',(-1.48762260266501,10.457661689421,456.834771653655));
#12813=CARTESIAN_POINT('Ctrl Pts',(-2.24766996418034,10.1982547959221,451.915460884748));
#12814=CARTESIAN_POINT('Ctrl Pts',(-2.24964098324184,10.201359228341,448.087110276383));
#12815=CARTESIAN_POINT('Ctrl Pts',(-1.67617771140454,10.3915453014411,444.395094436074));
#12816=CARTESIAN_POINT('Ctrl Pts',(-0.630224250547689,10.5534194484694,
441.036293617786));
#12817=CARTESIAN_POINT('Ctrl Pts',(0.274467920509358,10.4660736420361,439.110043039331));
#12818=CARTESIAN_POINT('Ctrl Pts',(0.734095448236691,10.342427758659,438.253304037476));
#12819=CARTESIAN_POINT('Ctrl Pts',(2.31116958720755,12.0151383193041,460.355847305581));
#12820=CARTESIAN_POINT('Ctrl Pts',(1.20667163987243,12.2737422685392,458.923315536377));
#12821=CARTESIAN_POINT('Ctrl Pts',(-0.352513319376587,12.0215305241032,
456.133638478639));
#12822=CARTESIAN_POINT('Ctrl Pts',(-1.25541068366022,11.6529787178361,451.724008276035));
#12823=CARTESIAN_POINT('Ctrl Pts',(-1.2581641871689,11.6562239824914,448.277191343542));
#12824=CARTESIAN_POINT('Ctrl Pts',(-0.576190304994581,11.9281942541332,
444.968746082473));
#12825=CARTESIAN_POINT('Ctrl Pts',(0.672569293619394,12.1964829723566,442.006366565228));
#12826=CARTESIAN_POINT('Ctrl Pts',(1.75892061353985,12.1444402939216,440.360418579021));
#12827=CARTESIAN_POINT('Ctrl Pts',(2.31116958720755,12.0151383193041,439.644152694419));
#12828=CARTESIAN_POINT('Ctrl Pts',(2.80359669546144,13.8780026237179,459.921567416492));
#12829=CARTESIAN_POINT('Ctrl Pts',(1.51967056116801,13.9767582295674,458.468822408675));
#12830=CARTESIAN_POINT('Ctrl Pts',(-0.0723982638251076,13.4319353801111,
455.771046093602));
#12831=CARTESIAN_POINT('Ctrl Pts',(-0.973812514868277,12.8971303775879,
451.617808639849));
#12832=CARTESIAN_POINT('Ctrl Pts',(-0.975296928731943,12.8984009281938,
448.383893147384));
#12833=CARTESIAN_POINT('Ctrl Pts',(-0.296808581089911,13.2984714476072,
445.266549284393));
#12834=CARTESIAN_POINT('Ctrl Pts',(0.980332122034962,13.7931398167457,442.433089700787));
#12835=CARTESIAN_POINT('Ctrl Pts',(2.16163362831455,13.9273804266427,440.804805087416));
#12836=CARTESIAN_POINT('Ctrl Pts',(2.80359669546144,13.8780026237179,440.078432583508));
#12837=CARTESIAN_POINT('Ctrl Pts',(2.80359669546144,15.,459.921567416492));
#12838=CARTESIAN_POINT('Ctrl Pts',(1.43068042170619,15.,458.364826688805));
#12839=CARTESIAN_POINT('Ctrl Pts',(-0.116030032982481,14.2781589686589,
455.628211964401));
#12840=CARTESIAN_POINT('Ctrl Pts',(-0.971372183400113,13.6428530873518,
451.570804736722));
#12841=CARTESIAN_POINT('Ctrl Pts',(-0.972183331129927,13.6430356780463,
448.432874823744));
#12842=CARTESIAN_POINT('Ctrl Pts',(-0.3292805354218,14.1202485943643,445.386786071196));
#12843=CARTESIAN_POINT('Ctrl Pts',(0.910785022825328,14.7521505908345,442.553771131956));
#12844=CARTESIAN_POINT('Ctrl Pts',(2.11713855858364,15.,440.856802947351));
#12845=CARTESIAN_POINT('Ctrl Pts',(2.80359669546143,15.,440.078432583508));
#12846=CARTESIAN_POINT('',(-0.945382182986693,13.6621422753267,450.000002569529));
#12847=CARTESIAN_POINT('Ctrl Pts',(2.80359669546144,15.,459.921567416492));
#12848=CARTESIAN_POINT('Ctrl Pts',(1.43068042170619,15.,458.364826688805));
#12849=CARTESIAN_POINT('Ctrl Pts',(-0.116030032982481,14.2781589686589,
455.628211964401));
#12850=CARTESIAN_POINT('Ctrl Pts',(-0.864576148885387,13.7221759043021,
452.077403180533));
#12851=CARTESIAN_POINT('Ctrl Pts',(-0.94500798502365,13.662729736267,450.51969306528));
#12852=CARTESIAN_POINT('Ctrl Pts',(-0.945019370833868,13.662813180279,450.000003482502));
#12853=CARTESIAN_POINT('Ctrl Pts',(-0.945019370833868,13.662813180279,450.000003482502));
#12854=CARTESIAN_POINT('Ctrl Pts',(-0.945030730746293,13.6628964344921,
449.48149596876));
#12855=CARTESIAN_POINT('Ctrl Pts',(-0.864910865947091,13.7226617215046,
447.924615329723));
#12856=CARTESIAN_POINT('Ctrl Pts',(-0.3292805354218,14.1202485943643,445.386786071196));
#12857=CARTESIAN_POINT('Ctrl Pts',(0.910785022825328,14.7521505908345,442.553771131956));
#12858=CARTESIAN_POINT('Ctrl Pts',(2.11713855858364,15.,440.856802947351));
#12859=CARTESIAN_POINT('Ctrl Pts',(2.80359669546143,15.,440.078432583508));
#12860=CARTESIAN_POINT('Ctrl Pts',(29.0535966954615,10.,436.771243444677));
#12861=CARTESIAN_POINT('Ctrl Pts',(29.9688742112986,10.,438.84689774826));
#12862=CARTESIAN_POINT('Ctrl Pts',(30.9999964598054,9.63909780939665,442.495676477331));
#12863=CARTESIAN_POINT('Ctrl Pts',(31.5702302853732,9.32143871304373,447.90556642188));
#12864=CARTESIAN_POINT('Ctrl Pts',(31.5707691361372,9.32153265445668,452.08946945156));
#12865=CARTESIAN_POINT('Ctrl Pts',(31.1421726831479,9.5601331404831,456.15093359386));
#12866=CARTESIAN_POINT('Ctrl Pts',(30.315463893197,9.87608249447094,459.928291684359));
#12867=CARTESIAN_POINT('Ctrl Pts',(29.51123545338,10.,462.190929403531));
#12868=CARTESIAN_POINT('Ctrl Pts',(29.0535966954615,10.,463.228756555323));
#12869=CARTESIAN_POINT('Ctrl Pts',(28.4925980073204,10.,437.265997782895));
#12870=CARTESIAN_POINT('Ctrl Pts',(29.3883628683525,10.1029750818629,439.220651992939));
#12871=CARTESIAN_POINT('Ctrl Pts',(30.5042745579109,9.85220600354791,442.718971048821));
#12872=CARTESIAN_POINT('Ctrl Pts',(31.1397676188188,9.57071627293797,447.965250572084));
#12873=CARTESIAN_POINT('Ctrl Pts',(31.1407433933977,9.57205755841599,452.030554674741));
#12874=CARTESIAN_POINT('Ctrl Pts',(30.6624087130067,9.781584678041,455.968772195576));
#12875=CARTESIAN_POINT('Ctrl Pts',(29.765840173404,10.0206548032863,459.606447981323));
#12876=CARTESIAN_POINT('Ctrl Pts',(28.9404804378363,10.0514875409315,461.756675112083));
#12877=CARTESIAN_POINT('Ctrl Pts',(28.4925980073204,10.,462.734002217105));
#12878=CARTESIAN_POINT('Ctrl Pts',(27.3731000265119,10.3424292541993,438.253302199715));
#12879=CARTESIAN_POINT('Ctrl Pts',(28.2923550819676,10.5897210209535,439.966780203426));
#12880=CARTESIAN_POINT('Ctrl Pts',(29.5947776011652,10.4576324090767,443.165210343998));
#12881=CARTESIAN_POINT('Ctrl Pts',(30.3548421610927,10.1982383232852,448.084527862164));
#12882=CARTESIAN_POINT('Ctrl Pts',(30.3568107157188,10.2013426390495,451.912878332054));
#12883=CARTESIAN_POINT('Ctrl Pts',(29.7833582614378,10.3915359712783,455.604900175052));
#12884=CARTESIAN_POINT('Ctrl Pts',(28.7374080078962,10.5534128451738,458.963704186822));
#12885=CARTESIAN_POINT('Ctrl Pts',(27.8327275542393,10.4660751375764,460.88995879843));
#12886=CARTESIAN_POINT('Ctrl Pts',(27.3731000265119,10.3424292541993,461.746697800285));
#12887=CARTESIAN_POINT('Ctrl Pts',(25.7960282420891,12.0151405037738,439.644148780141));
#12888=CARTESIAN_POINT('Ctrl Pts',(26.9005261894264,12.2737444530089,441.076680549348));
#12889=CARTESIAN_POINT('Ctrl Pts',(28.4596441404651,12.0215010460708,443.866359007279));
#12890=CARTESIAN_POINT('Ctrl Pts',(29.3625660154019,11.6529614229001,448.275989269478));
#12891=CARTESIAN_POINT('Ctrl Pts',(29.3653137822596,11.6562063618178,451.72280649961));
#12892=CARTESIAN_POINT('Ctrl Pts',(28.6833591274746,11.9281841830868,455.031254074896));
#12893=CARTESIAN_POINT('Ctrl Pts',(27.4346053377445,12.1964756625222,457.99363496027));
#12894=CARTESIAN_POINT('Ctrl Pts',(26.3482772157569,12.1444424783914,459.639585335256));
#12895=CARTESIAN_POINT('Ctrl Pts',(25.7960282420891,12.0151405037738,460.355851219859));
#12896=CARTESIAN_POINT('Ctrl Pts',(25.3035966954615,13.8780026237179,440.078432583508));
#12897=CARTESIAN_POINT('Ctrl Pts',(26.5875228297575,13.9767582295675,441.531177591328));
#12898=CARTESIAN_POINT('Ctrl Pts',(28.1795815421311,13.4319608754373,444.228939966271));
#12899=CARTESIAN_POINT('Ctrl Pts',(29.0810066576795,12.897150423756,448.382185633458));
#12900=CARTESIAN_POINT('Ctrl Pts',(29.0824934621183,12.898426818605,451.616103801784));
#12901=CARTESIAN_POINT('Ctrl Pts',(28.404005424349,13.2984877382491,454.7334512615));
#12902=CARTESIAN_POINT('Ctrl Pts',(27.1268646605294,13.7931538917654,457.566914367558));
#12903=CARTESIAN_POINT('Ctrl Pts',(25.9455597626085,13.9273804266427,459.195194912583));
#12904=CARTESIAN_POINT('Ctrl Pts',(25.3035966954615,13.8780026237179,459.921567416492));
#12905=CARTESIAN_POINT('Ctrl Pts',(25.3035966954615,15.,440.078432583508));
#12906=CARTESIAN_POINT('Ctrl Pts',(26.6765129692193,15.,441.635173311198));
#12907=CARTESIAN_POINT('Ctrl Pts',(28.223196341978,14.2781956187932,444.371757357999));
#12908=CARTESIAN_POINT('Ctrl Pts',(29.0785470803298,13.6428774260874,448.42917481641));
#12909=CARTESIAN_POINT('Ctrl Pts',(29.0793553564755,13.6430653089133,451.56710208867));
#12910=CARTESIAN_POINT('Ctrl Pts',(28.4364606769914,14.1202662809662,454.613200195395));
#12911=CARTESIAN_POINT('Ctrl Pts',(27.1963974920648,14.7521649889419,457.44621876327));
#12912=CARTESIAN_POINT('Ctrl Pts',(25.9900548323395,15.,459.143197052648));
#12913=CARTESIAN_POINT('Ctrl Pts',(25.3035966954615,15.,459.921567416492));
#12914=CARTESIAN_POINT('Ctrl Pts',(29.0535966954615,10.,463.228756555323));
#12915=CARTESIAN_POINT('Ctrl Pts',(29.51123545338,10.,462.190929403531));
#12916=CARTESIAN_POINT('Ctrl Pts',(30.315463893197,9.87608249447094,459.928291684359));
#12917=CARTESIAN_POINT('Ctrl Pts',(31.1421726831479,9.5601331404831,456.15093359386));
#12918=CARTESIAN_POINT('Ctrl Pts',(31.5707691361372,9.32153265445668,452.08946945156));
#12919=CARTESIAN_POINT('Ctrl Pts',(31.5702302853732,9.32143871304373,447.90556642188));
#12920=CARTESIAN_POINT('Ctrl Pts',(30.9999964598054,9.63909780939665,442.495676477331));
#12921=CARTESIAN_POINT('Ctrl Pts',(29.9688742112986,10.,438.84689774826));
#12922=CARTESIAN_POINT('Ctrl Pts',(29.0535966954615,10.,436.771243444677));
#12923=CARTESIAN_POINT('Ctrl Pts',(25.3035966954615,15.,440.078432583508));
#12924=CARTESIAN_POINT('Ctrl Pts',(26.6765129692193,15.,441.635173311198));
#12925=CARTESIAN_POINT('Ctrl Pts',(28.223196341978,14.2781956187932,444.371757357999));
#12926=CARTESIAN_POINT('Ctrl Pts',(29.0785470803298,13.6428774260874,448.42917481641));
#12927=CARTESIAN_POINT('Ctrl Pts',(29.0793553564755,13.6430653089133,451.56710208867));
#12928=CARTESIAN_POINT('Ctrl Pts',(28.4364606769914,14.1202662809662,454.613200195395));
#12929=CARTESIAN_POINT('Ctrl Pts',(27.1963974920648,14.7521649889419,457.44621876327));
#12930=CARTESIAN_POINT('Ctrl Pts',(25.9900548323395,15.,459.143197052648));
#12931=CARTESIAN_POINT('Ctrl Pts',(25.3035966954615,15.,459.921567416492));
#12932=CARTESIAN_POINT('Origin',(297.023096695461,10.,0.));
#12933=CARTESIAN_POINT('',(29.0535966954615,10.,345.));
#12934=CARTESIAN_POINT('Origin',(14.0535966954615,10.,450.));
#12935=CARTESIAN_POINT('',(-0.94640330453855,10.,450.));
#12936=CARTESIAN_POINT('Origin',(594.992596695462,5.,400.));
#12937=CARTESIAN_POINT('',(599.992596695462,5.,800.));
#12938=CARTESIAN_POINT('',(599.992596695462,5.,791.180339887499));
#12939=CARTESIAN_POINT('',(599.992596695462,5.,400.));
#12940=CARTESIAN_POINT('',(594.992596695462,10.,791.180339887499));
#12941=CARTESIAN_POINT('Origin',(594.992596695462,5.,791.180339887499));
#12942=CARTESIAN_POINT('',(594.992596695462,10.,795.));
#12943=CARTESIAN_POINT('',(594.992596695462,10.,400.));
#12944=CARTESIAN_POINT('Origin',(594.992596695462,5.,795.));
#12945=CARTESIAN_POINT('Origin',(200.538346695461,5.,795.));
#12946=CARTESIAN_POINT('',(200.538346695461,5.,800.));
#12947=CARTESIAN_POINT('',(200.538346695461,10.,795.));
#12948=CARTESIAN_POINT('Origin',(594.992596695462,5.,-380.));
#12949=CARTESIAN_POINT('',(594.992596695462,10.,-791.180339887499));
#12950=CARTESIAN_POINT('',(594.992596695462,10.,-380.));
#12951=CARTESIAN_POINT('',(599.992596695462,5.,-791.180339887499));
#12952=CARTESIAN_POINT('Origin',(594.992596695462,5.,-791.180339887499));
#12953=CARTESIAN_POINT('',(599.992596695462,5.,-380.));
#12954=CARTESIAN_POINT('Ctrl Pts',(594.992596695461,10.,-791.180339887499));
#12955=CARTESIAN_POINT('Ctrl Pts',(595.402916155016,10.,-790.813339005878));
#12956=CARTESIAN_POINT('Ctrl Pts',(596.070235918606,10.,-790.156037996605));
#12957=CARTESIAN_POINT('Ctrl Pts',(596.981421535806,10.,-789.038491796143));
#12958=CARTESIAN_POINT('Ctrl Pts',(597.648050569764,10.,-788.083009402281));
#12959=CARTESIAN_POINT('Ctrl Pts',(598.281495621716,10.,-786.997847512474));
#12960=CARTESIAN_POINT('Ctrl Pts',(599.045579723938,10.0000000000001,-785.384154012578));
#12961=CARTESIAN_POINT('Ctrl Pts',(599.778824433666,10.,-783.066528997524));
#12962=CARTESIAN_POINT('Ctrl Pts',(599.991448809685,10.0000000000001,-781.028585550214));
#12963=CARTESIAN_POINT('Ctrl Pts',(599.992593243469,10.,-780.011547278421));
#12964=CARTESIAN_POINT('Ctrl Pts',(599.992596695462,10.,-780.0057735028));
#12965=CARTESIAN_POINT('Ctrl Pts',(599.992596695462,10.,-780.));
#12966=CARTESIAN_POINT('Ctrl Pts',(595.740594946316,10.0000000000001,-791.180339887499));
#12967=CARTESIAN_POINT('Ctrl Pts',(596.111822863766,9.93844827868206,-790.813413217586));
#12968=CARTESIAN_POINT('Ctrl Pts',(596.703796744792,9.85472803883644,-790.130237068506));
#12969=CARTESIAN_POINT('Ctrl Pts',(597.490419035882,9.78790525858584,-788.966293829642));
#12970=CARTESIAN_POINT('Ctrl Pts',(598.057110477024,9.76143188798623,-787.979466948731));
#12971=CARTESIAN_POINT('Ctrl Pts',(598.588282350776,9.75828423965213,-786.873343768203));
#12972=CARTESIAN_POINT('Ctrl Pts',(599.221617355676,9.78301000508348,-785.251553994981));
#12973=CARTESIAN_POINT('Ctrl Pts',(599.819881471201,9.8621117384839,-782.969403666671));
#12974=CARTESIAN_POINT('Ctrl Pts',(599.991651728119,9.95380146866085,-780.995948148788));
#12975=CARTESIAN_POINT('Ctrl Pts',(599.992593962649,9.99948165368122,-780.011180635284));
#12976=CARTESIAN_POINT('Ctrl Pts',(599.992596695462,9.99974079473129,-780.005590216997));
#12977=CARTESIAN_POINT('Ctrl Pts',(599.992596695462,10.,-780.));
#12978=CARTESIAN_POINT('Ctrl Pts',(597.233219609399,9.65754969287229,-791.180339887499));
#12979=CARTESIAN_POINT('Ctrl Pts',(597.498564476968,9.50973496297726,-790.782005950929));
#12980=CARTESIAN_POINT('Ctrl Pts',(597.909132312277,9.32431316581014,-790.022554621795));
#12981=CARTESIAN_POINT('Ctrl Pts',(598.431180110268,9.20445027289894,-788.764683701464));
#12982=CARTESIAN_POINT('Ctrl Pts',(598.798074731225,9.17734158126765,-787.724134827208));
#12983=CARTESIAN_POINT('Ctrl Pts',(599.134281698472,9.2101040448261,-786.589769864645));
#12984=CARTESIAN_POINT('Ctrl Pts',(599.52762323569,9.32565511887374,-784.970732489485));
#12985=CARTESIAN_POINT('Ctrl Pts',(599.889441317166,9.58669292139339,-782.774972665415));
#12986=CARTESIAN_POINT('Ctrl Pts',(599.99196982065,9.86144198842972,-780.930663944156));
#12987=CARTESIAN_POINT('Ctrl Pts',(599.992595311367,9.99844481419949,-780.010447385891));
#12988=CARTESIAN_POINT('Ctrl Pts',(599.992596695461,9.99922238419386,-780.00522364539));
#12989=CARTESIAN_POINT('Ctrl Pts',(599.992596695461,10.,-780.));
#12990=CARTESIAN_POINT('Ctrl Pts',(599.335938261506,7.98482878346127,-791.180339887499));
#12991=CARTESIAN_POINT('Ctrl Pts',(599.407162611768,7.83025237597428,-790.628494177015));
#12992=CARTESIAN_POINT('Ctrl Pts',(599.513203225093,7.69722761227382,-789.66982812322));
#12993=CARTESIAN_POINT('Ctrl Pts',(599.640921747219,7.73696013555158,-788.251841001546));
#12994=CARTESIAN_POINT('Ctrl Pts',(599.727775794072,7.86366269040223,-787.146428197931));
#12995=CARTESIAN_POINT('Ctrl Pts',(599.804984000402,8.07817534506998,-786.002151808284));
#12996=CARTESIAN_POINT('Ctrl Pts',(599.892943779008,8.46475467638196,-784.439520269452));
#12997=CARTESIAN_POINT('Ctrl Pts',(599.970865489014,9.10479842818575,-782.434364292501));
#12998=CARTESIAN_POINT('Ctrl Pts',(599.992455206175,9.6998163211958,-780.816391268461));
#12999=CARTESIAN_POINT('Ctrl Pts',(599.992596438438,9.99663033101344,-780.009164298778));
#13000=CARTESIAN_POINT('Ctrl Pts',(599.992596695462,9.99831516575336,-780.004582145078));
#13001=CARTESIAN_POINT('Ctrl Pts',(599.992596695462,10.,-780.));
#13002=CARTESIAN_POINT('Ctrl Pts',(599.992596695462,6.12199737628213,-791.180339887499));
#13003=CARTESIAN_POINT('Ctrl Pts',(599.991374868045,6.06296777980237,-790.457675122743));
#13004=CARTESIAN_POINT('Ctrl Pts',(599.991624576313,6.11935218913534,-789.319903369007));
#13005=CARTESIAN_POINT('Ctrl Pts',(599.990447351135,6.42964938730765,-787.792876806422));
#13006=CARTESIAN_POINT('Ctrl Pts',(599.990279799674,6.75919038237011,-786.659548498998));
#13007=CARTESIAN_POINT('Ctrl Pts',(599.990093533594,7.17266668903979,-785.531512761143));
#13008=CARTESIAN_POINT('Ctrl Pts',(599.990488442355,7.81639346700909,-784.038495244061));
#13009=CARTESIAN_POINT('Ctrl Pts',(599.990886591791,8.76016828055377,-782.190917775961));
#13010=CARTESIAN_POINT('Ctrl Pts',(599.992414870843,9.58432012964938,-780.734753659765));
#13011=CARTESIAN_POINT('Ctrl Pts',(599.992597405101,9.99533446342056,-780.008247863956));
#13012=CARTESIAN_POINT('Ctrl Pts',(599.992596695462,9.99766715258158,-780.004123930569));
#13013=CARTESIAN_POINT('Ctrl Pts',(599.992596695462,10.,-780.));
#13014=CARTESIAN_POINT('Ctrl Pts',(599.992596695462,5.00000000000001,-791.180339887499));
#13015=CARTESIAN_POINT('Ctrl Pts',(599.992596695462,5.,-790.354587903849));
#13016=CARTESIAN_POINT('Ctrl Pts',(599.992596695459,5.17136809998891,-789.109260856141));
#13017=CARTESIAN_POINT('Ctrl Pts',(599.992596695459,5.645414018026,-787.517028662582));
#13018=CARTESIAN_POINT('Ctrl Pts',(599.992596695458,6.09711923642195,-786.367146393072));
#13019=CARTESIAN_POINT('Ctrl Pts',(599.992596695458,6.63022369096636,-785.249001498463));
#13020=CARTESIAN_POINT('Ctrl Pts',(599.992596695456,7.42817041447087,-783.797864953655));
#13021=CARTESIAN_POINT('Ctrl Pts',(599.99259669546,8.55401892233514,-782.044854329879));
#13022=CARTESIAN_POINT('Ctrl Pts',(599.992596695451,9.51508968537675,-780.68577130205));
#13023=CARTESIAN_POINT('Ctrl Pts',(599.992596695462,9.9945566803034,-780.007698002253));
#13024=CARTESIAN_POINT('Ctrl Pts',(599.992596695462,9.99727834467851,-780.003849001864));
#13025=CARTESIAN_POINT('Ctrl Pts',(599.992596695462,10.,-780.));
#13026=CARTESIAN_POINT('',(599.992596695462,10.,-780.));
#13027=CARTESIAN_POINT('Origin',(584.992596695462,10.,-780.));
#13028=CARTESIAN_POINT('Ctrl Pts',(599.992596695462,10.,-780.));
#13029=CARTESIAN_POINT('Ctrl Pts',(599.992596695462,9.99727834467851,-780.003849001864));
#13030=CARTESIAN_POINT('Ctrl Pts',(599.992596695462,9.9945566803034,-780.007698002253));
#13031=CARTESIAN_POINT('Ctrl Pts',(599.992596695451,9.51508968537675,-780.68577130205));
#13032=CARTESIAN_POINT('Ctrl Pts',(599.99259669546,8.55401892233514,-782.044854329879));
#13033=CARTESIAN_POINT('Ctrl Pts',(599.992596695456,7.42817041447087,-783.797864953655));
#13034=CARTESIAN_POINT('Ctrl Pts',(599.992596695458,6.63022369096636,-785.249001498463));
#13035=CARTESIAN_POINT('Ctrl Pts',(599.992596695458,6.09711923642195,-786.367146393072));
#13036=CARTESIAN_POINT('Ctrl Pts',(599.992596695459,5.645414018026,-787.517028662582));
#13037=CARTESIAN_POINT('Ctrl Pts',(599.992596695459,5.17136809998891,-789.109260856141));
#13038=CARTESIAN_POINT('Ctrl Pts',(599.992596695462,5.,-790.354587903849));
#13039=CARTESIAN_POINT('Ctrl Pts',(599.992596695462,5.00000000000001,-791.180339887499));
#13040=CARTESIAN_POINT('Ctrl Pts',(599.992596695462,10.,780.));
#13041=CARTESIAN_POINT('Ctrl Pts',(599.992596695462,10.,780.0057735028));
#13042=CARTESIAN_POINT('Ctrl Pts',(599.992593269789,10.,780.011547213361));
#13043=CARTESIAN_POINT('Ctrl Pts',(599.991442668597,9.99999999999987,781.028601493801));
#13044=CARTESIAN_POINT('Ctrl Pts',(599.779513179368,9.99999999999998,783.065814012225));
#13045=CARTESIAN_POINT('Ctrl Pts',(598.898608743721,9.99999999999993,785.848192731422));
#13046=CARTESIAN_POINT('Ctrl Pts',(597.66680049729,9.99999999999998,788.144429802141));
#13047=CARTESIAN_POINT('Ctrl Pts',(596.294814167805,9.99999999999998,789.934024538152));
#13048=CARTESIAN_POINT('Ctrl Pts',(595.402916155019,10.,790.813339005874));
#13049=CARTESIAN_POINT('Ctrl Pts',(594.992596695462,10.,791.180339887499));
#13050=CARTESIAN_POINT('Ctrl Pts',(599.992596695462,10.,780.));
#13051=CARTESIAN_POINT('Ctrl Pts',(599.992597356926,9.99974159579913,780.005592288326));
#13052=CARTESIAN_POINT('Ctrl Pts',(599.992593685061,9.99948076250824,780.011178584179));
#13053=CARTESIAN_POINT('Ctrl Pts',(599.991443745791,9.95387025692959,780.996034695527));
#13054=CARTESIAN_POINT('Ctrl Pts',(599.820640050261,9.8622770885515,782.968584461297));
#13055=CARTESIAN_POINT('Ctrl Pts',(599.101881254171,9.767542379804,785.70863718328));
#13056=CARTESIAN_POINT('Ctrl Pts',(598.077153124424,9.74985241767923,788.035359646591));
#13057=CARTESIAN_POINT('Ctrl Pts',(596.902792836178,9.82685997907391,789.899121237703));
#13058=CARTESIAN_POINT('Ctrl Pts',(596.112244909899,9.9384372464827,790.81366044226));
#13059=CARTESIAN_POINT('Ctrl Pts',(595.740594946316,10.,791.180339887499));
#13060=CARTESIAN_POINT('Ctrl Pts',(599.992596695462,10.,780.));
#13061=CARTESIAN_POINT('Ctrl Pts',(599.992597123897,9.99922453342606,780.005225911249));
#13062=CARTESIAN_POINT('Ctrl Pts',(599.992595052693,9.99844254154673,780.010445208257));
#13063=CARTESIAN_POINT('Ctrl Pts',(599.991801793318,9.86159542945264,780.930733678211));
#13064=CARTESIAN_POINT('Ctrl Pts',(599.890480318472,9.58693682132199,782.774069674945));
#13065=CARTESIAN_POINT('Ctrl Pts',(599.455941028172,9.27396082842457,785.410416355455));
#13066=CARTESIAN_POINT('Ctrl Pts',(598.815830395371,9.14784187735788,787.766512490842));
#13067=CARTESIAN_POINT('Ctrl Pts',(598.047575624591,9.26254389733122,789.765408151619));
#13068=CARTESIAN_POINT('Ctrl Pts',(597.499620048364,9.5099674569095,790.782574409156));
#13069=CARTESIAN_POINT('Ctrl Pts',(597.233621210698,9.65767051586042,791.180339887499));
#13070=CARTESIAN_POINT('Ctrl Pts',(599.992596695462,10.,780.));
#13071=CARTESIAN_POINT('Ctrl Pts',(599.992598665847,9.99831652194609,780.004586359896));
#13072=CARTESIAN_POINT('Ctrl Pts',(599.992595186704,9.99662889770448,780.009160215745));
#13073=CARTESIAN_POINT('Ctrl Pts',(599.992090126781,9.69992047969908,780.816552111867));
#13074=CARTESIAN_POINT('Ctrl Pts',(599.971341835738,9.10500137307394,782.433328274697));
#13075=CARTESIAN_POINT('Ctrl Pts',(599.877744775016,8.33698004308716,784.841190019673));
#13076=CARTESIAN_POINT('Ctrl Pts',(599.733962925474,7.82056081831793,787.1608531024));
#13077=CARTESIAN_POINT('Ctrl Pts',(599.548758651103,7.65366570412072,789.346014340501));
#13078=CARTESIAN_POINT('Ctrl Pts',(599.408679230812,7.82977664140698,790.629072022453));
#13079=CARTESIAN_POINT('Ctrl Pts',(599.336323759682,7.9849022489331,791.180339887499));
#13080=CARTESIAN_POINT('Ctrl Pts',(599.992596695462,10.,780.));
#13081=CARTESIAN_POINT('Ctrl Pts',(599.992596695462,9.99766809073398,780.00412387914));
#13082=CARTESIAN_POINT('Ctrl Pts',(599.992596695462,9.99533331031909,780.008247964129));
#13083=CARTESIAN_POINT('Ctrl Pts',(599.992596695461,9.58442830978507,780.734732058547));
#13084=CARTESIAN_POINT('Ctrl Pts',(599.992596695461,8.76100836148218,782.189980719547));
#13085=CARTESIAN_POINT('Ctrl Pts',(599.992596695461,7.62826695217687,784.408158681275));
#13086=CARTESIAN_POINT('Ctrl Pts',(599.992596695462,6.72016733679306,786.651638054595));
#13087=CARTESIAN_POINT('Ctrl Pts',(599.992596695461,6.1398449533399,788.936540984219));
#13088=CARTESIAN_POINT('Ctrl Pts',(599.992596695462,6.06345460308864,790.457736853062));
#13089=CARTESIAN_POINT('Ctrl Pts',(599.992596695462,6.12199737628207,791.180339887499));
#13090=CARTESIAN_POINT('Ctrl Pts',(599.992596695462,10.,780.));
#13091=CARTESIAN_POINT('Ctrl Pts',(599.992596695462,9.99727834467851,780.003849001864));
#13092=CARTESIAN_POINT('Ctrl Pts',(599.992596695462,9.99455666072954,780.007698036514));
#13093=CARTESIAN_POINT('Ctrl Pts',(599.992596695461,9.51509507171408,780.685761804191));
#13094=CARTESIAN_POINT('Ctrl Pts',(599.992596695461,8.55450950659959,782.043902063479));
#13095=CARTESIAN_POINT('Ctrl Pts',(599.992596695461,7.20292884621815,784.148623702773));
#13096=CARTESIAN_POINT('Ctrl Pts',(599.992596695462,6.0591590059942,786.346156184188));
#13097=CARTESIAN_POINT('Ctrl Pts',(599.992596695461,5.23035768857442,788.690412673129));
#13098=CARTESIAN_POINT('Ctrl Pts',(599.992596695462,5.,790.354587903849));
#13099=CARTESIAN_POINT('Ctrl Pts',(599.992596695462,5.,791.180339887499));
#13100=CARTESIAN_POINT('',(599.992596695462,10.,780.));
#13101=CARTESIAN_POINT('Ctrl Pts',(599.992596695462,5.,791.180339887499));
#13102=CARTESIAN_POINT('Ctrl Pts',(599.992596695462,5.,790.354587903849));
#13103=CARTESIAN_POINT('Ctrl Pts',(599.992596695461,5.23035768857442,788.690412673129));
#13104=CARTESIAN_POINT('Ctrl Pts',(599.992596695462,6.0591590059942,786.346156184188));
#13105=CARTESIAN_POINT('Ctrl Pts',(599.992596695461,7.20292884621815,784.148623702773));
#13106=CARTESIAN_POINT('Ctrl Pts',(599.992596695461,8.55450950659959,782.043902063479));
#13107=CARTESIAN_POINT('Ctrl Pts',(599.992596695461,9.51509507171408,780.685761804191));
#13108=CARTESIAN_POINT('Ctrl Pts',(599.992596695462,9.99455666072954,780.007698036514));
#13109=CARTESIAN_POINT('Ctrl Pts',(599.992596695462,9.99727834467851,780.003849001864));
#13110=CARTESIAN_POINT('Ctrl Pts',(599.992596695462,10.,780.));
#13111=CARTESIAN_POINT('Origin',(584.992596695462,10.,780.));
#13112=CARTESIAN_POINT('Origin',(594.992596695462,5.,-380.));
#13113=CARTESIAN_POINT('',(599.992596695462,5.,-768.819660112501));
#13114=CARTESIAN_POINT('',(599.992596695462,5.,-380.));
#13115=CARTESIAN_POINT('',(594.992596695462,10.,-768.819660112501));
#13116=CARTESIAN_POINT('Origin',(594.992596695462,5.,-768.819660112501));
#13117=CARTESIAN_POINT('',(594.992596695462,10.,-380.));
#13118=CARTESIAN_POINT('Origin',(594.992596695462,5.,400.));
#13119=CARTESIAN_POINT('',(594.992596695462,10.,768.819660112501));
#13120=CARTESIAN_POINT('',(594.992596695462,10.,400.));
#13121=CARTESIAN_POINT('',(599.992596695462,5.,768.819660112501));
#13122=CARTESIAN_POINT('Origin',(594.992596695462,5.,768.819660112501));
#13123=CARTESIAN_POINT('',(599.992596695462,5.,400.));
#13124=CARTESIAN_POINT('Origin',(29.0535966954615,5.,345.));
#13125=CARTESIAN_POINT('',(34.0535966954615,5.,345.));
#13126=CARTESIAN_POINT('Ctrl Pts',(599.992596695462,10.,-780.));
#13127=CARTESIAN_POINT('Ctrl Pts',(599.992596695462,10.,-779.9942264972));
#13128=CARTESIAN_POINT('Ctrl Pts',(599.992593269815,10.,-779.988452786671));
#13129=CARTESIAN_POINT('Ctrl Pts',(599.991442662146,10.0000000000002,-778.971398498006));
#13130=CARTESIAN_POINT('Ctrl Pts',(599.779513113784,10.,-776.934185911768));
#13131=CARTESIAN_POINT('Ctrl Pts',(598.898608650807,10.0000000000001,-774.151807181936));
#13132=CARTESIAN_POINT('Ctrl Pts',(597.666800395952,10.,-771.855570099801));
#13133=CARTESIAN_POINT('Ctrl Pts',(596.294814064284,10.,-770.065975363933));
#13134=CARTESIAN_POINT('Ctrl Pts',(595.402916155014,10.,-769.186660994121));
#13135=CARTESIAN_POINT('Ctrl Pts',(594.992596695461,10.,-768.819660112501));
#13136=CARTESIAN_POINT('Ctrl Pts',(599.992596695462,10.,-780.));
#13137=CARTESIAN_POINT('Ctrl Pts',(599.992597356926,9.99974159579915,-779.994407711674));
#13138=CARTESIAN_POINT('Ctrl Pts',(599.992593685087,9.99948076250823,-779.988821415853));
#13139=CARTESIAN_POINT('Ctrl Pts',(599.991443739341,9.95387025692987,-779.00396529628));
#13140=CARTESIAN_POINT('Ctrl Pts',(599.820639984677,9.86227708855158,-777.031415462696));
#13141=CARTESIAN_POINT('Ctrl Pts',(599.101881161257,9.76754237980416,-774.291362730078));
#13142=CARTESIAN_POINT('Ctrl Pts',(598.077153023086,9.74985241767929,-771.964640255351));
#13143=CARTESIAN_POINT('Ctrl Pts',(596.902792732656,9.82685997907397,-770.100878664383));
#13144=CARTESIAN_POINT('Ctrl Pts',(596.112244909894,9.9384372464827,-769.186339557735));
#13145=CARTESIAN_POINT('Ctrl Pts',(595.740594946316,10.,-768.819660112501));
#13146=CARTESIAN_POINT('Ctrl Pts',(599.992596695461,9.99999999999999,-779.999999999999));
#13147=CARTESIAN_POINT('Ctrl Pts',(599.992597123842,9.99922453332714,-779.994774088915));
#13148=CARTESIAN_POINT('Ctrl Pts',(599.992595052732,9.99844254165767,-779.989554791624));
#13149=CARTESIAN_POINT('Ctrl Pts',(599.991801805489,9.86159542062791,-779.069266317117));
#13150=CARTESIAN_POINT('Ctrl Pts',(599.890480271075,9.58693679863283,-777.225930227869));
#13151=CARTESIAN_POINT('Ctrl Pts',(599.455940969294,9.27396078850199,-774.589583548898));
#13152=CARTESIAN_POINT('Ctrl Pts',(598.815830326039,9.14784183650874,-772.23348741333));
#13153=CARTESIAN_POINT('Ctrl Pts',(598.047575606149,9.26254388741118,-770.234591712122));
#13154=CARTESIAN_POINT('Ctrl Pts',(597.499620078432,9.5099675076333,-769.217425620787));
#13155=CARTESIAN_POINT('Ctrl Pts',(597.233621287882,9.657670561317,-768.8196601125));
#13156=CARTESIAN_POINT('Ctrl Pts',(599.992596695461,10.,-780.));
#13157=CARTESIAN_POINT('Ctrl Pts',(599.992598665759,9.99831652182126,-779.995413640329));
#13158=CARTESIAN_POINT('Ctrl Pts',(599.992595186763,9.99662889784335,-779.990839784079));
#13159=CARTESIAN_POINT('Ctrl Pts',(599.992090144489,9.69992046875108,-779.183447885594));
#13160=CARTESIAN_POINT('Ctrl Pts',(599.971341788196,9.10500134846749,-777.566671625653));
#13161=CARTESIAN_POINT('Ctrl Pts',(599.877744719346,8.33697999691094,-775.158809888197));
#13162=CARTESIAN_POINT('Ctrl Pts',(599.733962859139,7.82056077349275,-772.83914680939));
#13163=CARTESIAN_POINT('Ctrl Pts',(599.548758673985,7.65366569606332,-770.653985514764));
#13164=CARTESIAN_POINT('Ctrl Pts',(599.408679299746,7.82977671634251,-769.370928016169));
#13165=CARTESIAN_POINT('Ctrl Pts',(599.336323908273,7.98490231320269,-768.819660112501));
#13166=CARTESIAN_POINT('Ctrl Pts',(599.992596695462,10.,-780.));
#13167=CARTESIAN_POINT('Ctrl Pts',(599.992596695462,9.99766809073396,-779.995876120859));
#13168=CARTESIAN_POINT('Ctrl Pts',(599.992596695461,9.99533331034723,-779.991752035929));
#13169=CARTESIAN_POINT('Ctrl Pts',(599.992596695475,9.58442830257894,-779.265267926554));
#13170=CARTESIAN_POINT('Ctrl Pts',(599.992596695464,8.76100829590749,-777.810019146015));
#13171=CARTESIAN_POINT('Ctrl Pts',(599.992596695469,7.62826687313936,-775.591841157158));
#13172=CARTESIAN_POINT('Ctrl Pts',(599.992596695463,6.72016725322178,-773.348361775259));
#13173=CARTESIAN_POINT('Ctrl Pts',(599.992596695464,6.13984487735136,-771.063458856749));
#13174=CARTESIAN_POINT('Ctrl Pts',(599.992596695462,6.06345460308863,-769.542263146937));
#13175=CARTESIAN_POINT('Ctrl Pts',(599.992596695462,6.12199737628208,-768.819660112501));
#13176=CARTESIAN_POINT('Ctrl Pts',(599.992596695462,10.,-780.));
#13177=CARTESIAN_POINT('Ctrl Pts',(599.992596695462,9.99727834467851,-779.996150998135));
#13178=CARTESIAN_POINT('Ctrl Pts',(599.992596695461,9.99455666075767,-779.992301963544));
#13179=CARTESIAN_POINT('Ctrl Pts',(599.992596695475,9.51509506450789,-779.31423818091));
#13180=CARTESIAN_POINT('Ctrl Pts',(599.992596695464,8.55450944102489,-777.956097802083));
#13181=CARTESIAN_POINT('Ctrl Pts',(599.992596695469,7.20292876718064,-775.85137613566));
#13182=CARTESIAN_POINT('Ctrl Pts',(599.992596695463,6.05915892242292,-773.653843645666));
#13183=CARTESIAN_POINT('Ctrl Pts',(599.992596695464,5.23035761258587,-771.309587167839));
#13184=CARTESIAN_POINT('Ctrl Pts',(599.992596695462,4.99999999999999,-769.645412096151));
#13185=CARTESIAN_POINT('Ctrl Pts',(599.992596695462,5.,-768.819660112501));
#13186=CARTESIAN_POINT('Ctrl Pts',(599.992596695462,5.,-768.819660112501));
#13187=CARTESIAN_POINT('Ctrl Pts',(599.992596695462,4.99999999999999,-769.645412096151));
#13188=CARTESIAN_POINT('Ctrl Pts',(599.992596695464,5.23035761258587,-771.309587167839));
#13189=CARTESIAN_POINT('Ctrl Pts',(599.992596695463,6.05915892242292,-773.653843645666));
#13190=CARTESIAN_POINT('Ctrl Pts',(599.992596695469,7.20292876718064,-775.85137613566));
#13191=CARTESIAN_POINT('Ctrl Pts',(599.992596695464,8.55450944102489,-777.956097802083));
#13192=CARTESIAN_POINT('Ctrl Pts',(599.992596695475,9.51509506450789,-779.31423818091));
#13193=CARTESIAN_POINT('Ctrl Pts',(599.992596695461,9.99455666075767,-779.992301963544));
#13194=CARTESIAN_POINT('Ctrl Pts',(599.992596695462,9.99727834467851,-779.996150998135));
#13195=CARTESIAN_POINT('Ctrl Pts',(599.992596695462,10.,-780.));
#13196=CARTESIAN_POINT('Origin',(584.992596695462,10.,-780.));
#13197=CARTESIAN_POINT('Ctrl Pts',(594.992596695461,10.,768.819660112501));
#13198=CARTESIAN_POINT('Ctrl Pts',(595.402916155013,10.,769.18666099412));
#13199=CARTESIAN_POINT('Ctrl Pts',(596.070235885871,9.99999999999997,769.843962032486));
#13200=CARTESIAN_POINT('Ctrl Pts',(596.981421505948,9.99999999999997,770.961508239885));
#13201=CARTESIAN_POINT('Ctrl Pts',(597.648050538191,9.99999999999996,771.916990640653));
#13202=CARTESIAN_POINT('Ctrl Pts',(598.281495593334,9.99999999999996,773.002152534467));
#13203=CARTESIAN_POINT('Ctrl Pts',(599.045579702925,9.99999999999994,774.615846024693));
#13204=CARTESIAN_POINT('Ctrl Pts',(599.778824428812,9.99999999999998,776.933471022428));
#13205=CARTESIAN_POINT('Ctrl Pts',(599.991448810221,9.99999999999988,778.971414452658));
#13206=CARTESIAN_POINT('Ctrl Pts',(599.992593243467,10.,779.988452721568));
#13207=CARTESIAN_POINT('Ctrl Pts',(599.992596695462,10.,779.9942264972));
#13208=CARTESIAN_POINT('Ctrl Pts',(599.992596695462,10.,780.));
#13209=CARTESIAN_POINT('Ctrl Pts',(595.740594946316,10.,768.819660112501));
#13210=CARTESIAN_POINT('Ctrl Pts',(596.111822863764,9.93844827868247,769.186586782411));
#13211=CARTESIAN_POINT('Ctrl Pts',(596.703796732371,9.85472811158958,769.869762947758));
#13212=CARTESIAN_POINT('Ctrl Pts',(597.490419028131,9.78790533833016,771.033706191567));
#13213=CARTESIAN_POINT('Ctrl Pts',(598.057110471829,9.76143197975311,772.020533076261));
#13214=CARTESIAN_POINT('Ctrl Pts',(598.588282350381,9.75828433462356,773.126656259006));
#13215=CARTESIAN_POINT('Ctrl Pts',(599.221617359292,9.78301008606568,774.748446025676));
#13216=CARTESIAN_POINT('Ctrl Pts',(599.819881488402,9.86211181289438,777.03059634152));
#13217=CARTESIAN_POINT('Ctrl Pts',(599.991651730405,9.95380147604569,779.004051852689));
#13218=CARTESIAN_POINT('Ctrl Pts',(599.992593962639,9.99948165365241,779.98881936471));
#13219=CARTESIAN_POINT('Ctrl Pts',(599.992596695462,9.99974079473129,779.994409783003));
#13220=CARTESIAN_POINT('Ctrl Pts',(599.992596695462,10.,780.));
#13221=CARTESIAN_POINT('Ctrl Pts',(597.233219709379,9.65754974616961,768.819660112501));
#13222=CARTESIAN_POINT('Ctrl Pts',(597.498564576946,9.50973501627564,769.217994049068));
#13223=CARTESIAN_POINT('Ctrl Pts',(597.909132540478,9.32431328651187,769.977445361954));
#13224=CARTESIAN_POINT('Ctrl Pts',(598.431180350214,9.20445040078211,771.235316284729));
#13225=CARTESIAN_POINT('Ctrl Pts',(598.798074990009,9.17734171744361,772.275865157978));
#13226=CARTESIAN_POINT('Ctrl Pts',(599.134281961349,9.2101041819571,773.41023012159));
#13227=CARTESIAN_POINT('Ctrl Pts',(599.527623457383,9.32565523225579,775.029267497833));
#13228=CARTESIAN_POINT('Ctrl Pts',(599.889441526792,9.58669302129042,777.225027318955));
#13229=CARTESIAN_POINT('Ctrl Pts',(599.99196984162,9.8614419985688,779.069336054554));
#13230=CARTESIAN_POINT('Ctrl Pts',(599.992595311285,9.99844481415993,779.989552614114));
#13231=CARTESIAN_POINT('Ctrl Pts',(599.992596695461,9.99922238419386,779.99477635461));
#13232=CARTESIAN_POINT('Ctrl Pts',(599.992596695461,10.,780.));
#13233=CARTESIAN_POINT('Ctrl Pts',(599.335938471106,7.98482886112466,768.819660112501));
#13234=CARTESIAN_POINT('Ctrl Pts',(599.407162821368,7.83025245363878,769.371505822984));
#13235=CARTESIAN_POINT('Ctrl Pts',(599.5132034209,7.69722769614811,770.33017183827));
#13236=CARTESIAN_POINT('Ctrl Pts',(599.640921940092,7.73696022304213,771.748158960303));
#13237=CARTESIAN_POINT('Ctrl Pts',(599.727775975668,7.86366277626135,772.853571760075));
#13238=CARTESIAN_POINT('Ctrl Pts',(599.804984174273,8.07817542977634,773.997848150128));
#13239=CARTESIAN_POINT('Ctrl Pts',(599.892943916433,8.46475474425766,775.560479695498));
#13240=CARTESIAN_POINT('Ctrl Pts',(599.970865606855,9.10479848580307,777.565635676414));
#13241=CARTESIAN_POINT('Ctrl Pts',(599.992455218229,9.69981632718333,779.183608728366));
#13242=CARTESIAN_POINT('Ctrl Pts',(599.992596438391,9.99663033099008,779.990835701234));
#13243=CARTESIAN_POINT('Ctrl Pts',(599.992596695462,9.99831516575336,779.995417854922));
#13244=CARTESIAN_POINT('Ctrl Pts',(599.992596695462,10.,780.));
#13245=CARTESIAN_POINT('Ctrl Pts',(599.992596695462,6.12199737628209,768.819660112501));
#13246=CARTESIAN_POINT('Ctrl Pts',(599.991374868045,6.06296777980275,769.542324877256));
#13247=CARTESIAN_POINT('Ctrl Pts',(599.991625073529,6.11935233097767,770.680096609979));
#13248=CARTESIAN_POINT('Ctrl Pts',(599.990447888309,6.42964954117303,772.207123171505));
#13249=CARTESIAN_POINT('Ctrl Pts',(599.990280419454,6.75919055860424,773.34045147607));
#13250=CARTESIAN_POINT('Ctrl Pts',(599.990094174605,7.17266687006488,774.468487213006));
#13251=CARTESIAN_POINT('Ctrl Pts',(599.990488993174,7.81639362087439,775.961504733218));
#13252=CARTESIAN_POINT('Ctrl Pts',(599.990887111895,8.76016842275368,777.8090822025));
#13253=CARTESIAN_POINT('Ctrl Pts',(599.992414921513,9.58432014369201,779.265246338053));
#13254=CARTESIAN_POINT('Ctrl Pts',(599.992597404904,9.99533446336579,779.991752136052));
#13255=CARTESIAN_POINT('Ctrl Pts',(599.992596695462,9.99766715258158,779.99587606943));
#13256=CARTESIAN_POINT('Ctrl Pts',(599.992596695462,10.,780.));
#13257=CARTESIAN_POINT('Ctrl Pts',(599.992596695462,4.99999999999999,768.819660112501));
#13258=CARTESIAN_POINT('Ctrl Pts',(599.992596695462,4.99999999999999,769.645412096151));
#13259=CARTESIAN_POINT('Ctrl Pts',(599.992596695461,5.17136808840239,770.890739107368));
#13260=CARTESIAN_POINT('Ctrl Pts',(599.992596695461,5.64541400708701,772.482971300718));
#13261=CARTESIAN_POINT('Ctrl Pts',(599.99259669546,6.09711922466944,773.632853567236));
#13262=CARTESIAN_POINT('Ctrl Pts',(599.99259669546,6.63022367973947,774.750998462539));
#13263=CARTESIAN_POINT('Ctrl Pts',(599.99259669546,7.42817040518712,776.202135013765));
#13264=CARTESIAN_POINT('Ctrl Pts',(599.992596695461,8.55401891449933,777.955145641379));
#13265=CARTESIAN_POINT('Ctrl Pts',(599.992596695458,9.51508968460394,779.314228694964));
#13266=CARTESIAN_POINT('Ctrl Pts',(599.992596695462,9.99455668030641,779.992301997758));
#13267=CARTESIAN_POINT('Ctrl Pts',(599.992596695462,9.99727834467851,779.996150998135));
#13268=CARTESIAN_POINT('Ctrl Pts',(599.992596695462,10.,780.));
#13269=CARTESIAN_POINT('Origin',(584.992596695462,10.,780.));
#13270=CARTESIAN_POINT('Ctrl Pts',(599.992596695462,10.,780.));
#13271=CARTESIAN_POINT('Ctrl Pts',(599.992596695462,9.99727834467851,779.996150998135));
#13272=CARTESIAN_POINT('Ctrl Pts',(599.992596695462,9.99455668030641,779.992301997758));
#13273=CARTESIAN_POINT('Ctrl Pts',(599.992596695458,9.51508968460394,779.314228694964));
#13274=CARTESIAN_POINT('Ctrl Pts',(599.992596695461,8.55401891449933,777.955145641379));
#13275=CARTESIAN_POINT('Ctrl Pts',(599.99259669546,7.42817040518712,776.202135013765));
#13276=CARTESIAN_POINT('Ctrl Pts',(599.99259669546,6.63022367973947,774.750998462539));
#13277=CARTESIAN_POINT('Ctrl Pts',(599.99259669546,6.09711922466944,773.632853567236));
#13278=CARTESIAN_POINT('Ctrl Pts',(599.992596695461,5.64541400708701,772.482971300718));
#13279=CARTESIAN_POINT('Ctrl Pts',(599.992596695461,5.17136808840239,770.890739107368));
#13280=CARTESIAN_POINT('Ctrl Pts',(599.992596695462,4.99999999999999,769.645412096151));
#13281=CARTESIAN_POINT('Ctrl Pts',(599.992596695462,4.99999999999999,768.819660112501));
#13282=CARTESIAN_POINT('Origin',(599.992596695462,0.,-760.));
#13283=CARTESIAN_POINT('',(599.992596695462,0.,-760.));
#13284=CARTESIAN_POINT('',(599.992596695462,0.,-760.));
#13285=CARTESIAN_POINT('',(599.992596695462,0.,-800.));
#13286=CARTESIAN_POINT('',(599.992596695462,0.,-760.));
#13287=CARTESIAN_POINT('',(599.992596695462,0.,-800.));
#13288=CARTESIAN_POINT('Origin',(297.023096695461,10.,0.));
#13289=CARTESIAN_POINT('Origin',(584.992596695462,10.,780.));
#13290=CARTESIAN_POINT('Origin',(297.023096695461,10.,0.));
#13291=CARTESIAN_POINT('Origin',(584.992596695462,10.,780.));
#13292=CARTESIAN_POINT('Origin',(297.023096695461,10.,0.));
#13293=CARTESIAN_POINT('Origin',(584.992596695462,10.,-780.));
#13294=CARTESIAN_POINT('Origin',(297.023096695461,10.,0.));
#13295=CARTESIAN_POINT('Origin',(297.023096695461,10.,0.));
#13296=CARTESIAN_POINT('Origin',(584.992596695462,10.,-780.));
#13297=CARTESIAN_POINT('Origin',(297.023096695461,10.,0.));
#13298=CARTESIAN_POINT('Origin',(104.053596695461,0.,-760.));
#13299=CARTESIAN_POINT('',(104.053596695461,0.,-760.));
#13300=CARTESIAN_POINT('',(104.053596695461,0.,-760.));
#13301=CARTESIAN_POINT('',(104.053596695461,0.,-760.));
#13302=CARTESIAN_POINT('Origin',(104.053596695461,0.,-690.));
#13303=CARTESIAN_POINT('',(34.0535966954615,0.,-690.));
#13304=CARTESIAN_POINT('',(34.0535966954615,0.,-690.));
#13305=CARTESIAN_POINT('Origin',(104.053596695461,0.,-690.));
#13306=CARTESIAN_POINT('Origin',(34.0535966954615,0.,690.));
#13307=CARTESIAN_POINT('',(34.0535966954615,0.,690.));
#13308=CARTESIAN_POINT('',(34.0535966954615,0.,690.));
#13309=CARTESIAN_POINT('',(34.0535966954615,0.,690.));
#13310=CARTESIAN_POINT('Origin',(104.053596695461,0.,690.));
#13311=CARTESIAN_POINT('',(104.053596695461,0.,760.));
#13312=CARTESIAN_POINT('',(104.053596695461,0.,760.));
#13313=CARTESIAN_POINT('Origin',(104.053596695461,0.,690.));
#13314=CARTESIAN_POINT('Origin',(599.992596695462,0.,760.));
#13315=CARTESIAN_POINT('',(599.992596695462,0.,760.));
#13316=CARTESIAN_POINT('',(599.992596695462,0.,760.));
#13317=CARTESIAN_POINT('',(599.992596695462,0.,760.));
#13318=CARTESIAN_POINT('Origin',(14.0535966954614,110.,-690.));
#13319=CARTESIAN_POINT('',(29.0535966954614,110.,-690.));
#13320=CARTESIAN_POINT('',(29.0535966954614,110.,-690.));
#13321=CARTESIAN_POINT('',(29.0535966954614,110.,-690.));
#13322=CARTESIAN_POINT('',(29.0535966954614,110.,-690.));
#13323=CARTESIAN_POINT('',(29.0535966954614,110.,-690.));
#13324=CARTESIAN_POINT('',(29.0535966954614,110.,-690.));
#13325=CARTESIAN_POINT('',(29.0535966954614,110.,-690.));
#13326=CARTESIAN_POINT('',(29.0535966954614,110.,-690.));
#13327=CARTESIAN_POINT('',(29.0535966954614,110.,-690.));
#13328=CARTESIAN_POINT('',(29.0535966954614,110.,-690.));
#13329=CARTESIAN_POINT('',(29.0535966954614,110.,-690.));
#13330=CARTESIAN_POINT('Origin',(599.992596695461,110.,780.));
#13331=CARTESIAN_POINT('Origin',(599.992596695462,110.,-780.));
#13332=CARTESIAN_POINT('Origin',(584.992596695462,10.,-780.));
#13333=CARTESIAN_POINT('',(569.992596695462,10.,-780.));
#13334=CARTESIAN_POINT('Origin',(584.992596695462,10.,780.));
#13335=CARTESIAN_POINT('',(569.992596695462,10.,780.));
#13336=CARTESIAN_POINT('Origin',(599.992596695462,0.,800.));
#13337=CARTESIAN_POINT('',(599.992596695462,0.,800.));
#13338=CARTESIAN_POINT('',(599.992596695462,0.,800.));
#13339=CARTESIAN_POINT('',(599.992596695462,0.,800.));
#13340=CARTESIAN_POINT('Origin',(104.053596695461,0.,800.));
#13341=CARTESIAN_POINT('',(104.053596695461,0.,800.));
#13342=CARTESIAN_POINT('',(104.053596695461,0.,800.));
#13343=CARTESIAN_POINT('',(104.053596695461,0.,800.));
#13344=CARTESIAN_POINT('Origin',(104.053596695461,0.,690.));
#13345=CARTESIAN_POINT('',(-5.94640330453855,0.,690.));
#13346=CARTESIAN_POINT('',(-5.94640330453855,0.,690.));
#13347=CARTESIAN_POINT('Origin',(104.053596695461,0.,690.));
#13348=CARTESIAN_POINT('Origin',(-5.94640330453855,0.,-690.));
#13349=CARTESIAN_POINT('',(-5.94640330453855,0.,-690.));
#13350=CARTESIAN_POINT('',(-5.94640330453855,0.,-690.));
#13351=CARTESIAN_POINT('',(-5.94640330453855,0.,-690.));
#13352=CARTESIAN_POINT('Origin',(104.053596695461,0.,-690.));
#13353=CARTESIAN_POINT('',(104.053596695461,0.,-800.));
#13354=CARTESIAN_POINT('',(104.053596695461,0.,-800.));
#13355=CARTESIAN_POINT('Origin',(104.053596695461,0.,-690.));
#13356=CARTESIAN_POINT('Origin',(599.992596695462,0.,-800.));
#13357=CARTESIAN_POINT('',(599.992596695462,0.,-800.));
#13358=CARTESIAN_POINT('Origin',(297.023096695461,0.,0.));
#13359=UNCERTAINTY_MEASURE_WITH_UNIT(LENGTH_MEASURE(0.01),#13363,
'DISTANCE_ACCURACY_VALUE',
'Maximum model space distance between geometric entities at asserted c
onnectivities');
#13360=UNCERTAINTY_MEASURE_WITH_UNIT(LENGTH_MEASURE(0.01),#13363,
'DISTANCE_ACCURACY_VALUE',
'Maximum model space distance between geometric entities at asserted c
onnectivities');
#13361=(
GEOMETRIC_REPRESENTATION_CONTEXT(3)
GLOBAL_UNCERTAINTY_ASSIGNED_CONTEXT((#13359))
GLOBAL_UNIT_ASSIGNED_CONTEXT((#13363,#13365,#13366))
REPRESENTATION_CONTEXT('','3D')
);
#13362=(
GEOMETRIC_REPRESENTATION_CONTEXT(3)
GLOBAL_UNCERTAINTY_ASSIGNED_CONTEXT((#13360))
GLOBAL_UNIT_ASSIGNED_CONTEXT((#13363,#13365,#13366))
REPRESENTATION_CONTEXT('','3D')
);
#13363=(
LENGTH_UNIT()
NAMED_UNIT(*)
SI_UNIT(.MILLI.,.METRE.)
);
#13364=(
LENGTH_UNIT()
NAMED_UNIT(*)
SI_UNIT(.CENTI.,.METRE.)
);
#13365=(
NAMED_UNIT(*)
PLANE_ANGLE_UNIT()
SI_UNIT($,.RADIAN.)
);
#13366=(
NAMED_UNIT(*)
SI_UNIT($,.STERADIAN.)
SOLID_ANGLE_UNIT()
);
#13367=SHAPE_DEFINITION_REPRESENTATION(#13368,#13369);
#13368=PRODUCT_DEFINITION_SHAPE('',$,#13371);
#13369=SHAPE_REPRESENTATION('',(#3855),#13361);
#13370=PRODUCT_DEFINITION_CONTEXT('part definition',#13375,'design');
#13371=PRODUCT_DEFINITION('Gel\X\E4nder','Gel\X\E4nder',#13372,#13370);
#13372=PRODUCT_DEFINITION_FORMATION('',$,#13377);
#13373=PRODUCT_RELATED_PRODUCT_CATEGORY('Gel\X\E4nder','Gel\X\E4nder',(#13377));
#13374=APPLICATION_PROTOCOL_DEFINITION('international standard',
'automotive_design',2009,#13375);
#13375=APPLICATION_CONTEXT(
'Core Data for Automotive Mechanical Design Process');
#13376=PRODUCT_CONTEXT('part definition',#13375,'mechanical');
#13377=PRODUCT('Gel\X\E4nder','Gel\X\E4nder',$,(#13376));
#13378=PRESENTATION_STYLE_ASSIGNMENT((#13380));
#13379=PRESENTATION_STYLE_ASSIGNMENT((#13381));
#13380=SURFACE_STYLE_USAGE(.BOTH.,#13386);
#13381=SURFACE_STYLE_USAGE(.BOTH.,#13387);
#13382=SURFACE_STYLE_RENDERING_WITH_PROPERTIES($,#13394,(#13384));
#13383=SURFACE_STYLE_RENDERING_WITH_PROPERTIES($,#13395,(#13385));
#13384=SURFACE_STYLE_TRANSPARENT(0.);
#13385=SURFACE_STYLE_TRANSPARENT(0.);
#13386=SURFACE_SIDE_STYLE('',(#13388,#13382));
#13387=SURFACE_SIDE_STYLE('',(#13389,#13383));
#13388=SURFACE_STYLE_FILL_AREA(#13390);
#13389=SURFACE_STYLE_FILL_AREA(#13391);
#13390=FILL_AREA_STYLE('',(#13392));
#13391=FILL_AREA_STYLE('',(#13393));
#13392=FILL_AREA_STYLE_COLOUR('',#13394);
#13393=FILL_AREA_STYLE_COLOUR('',#13395);
#13394=COLOUR_RGB('',0.749019607843137,0.749019607843137,0.749019607843137);
#13395=COLOUR_RGB('',0.956862745098039,0.956862745098039,0.956862745098039);
ENDSEC;
END-ISO-10303-21;
