ISO-10303-21;
HEADER;
/* Generated by software containing ST-Developer
 * from STEP Tools, Inc. (www.steptools.com) 
 */

FILE_DESCRIPTION(
/* description */ (''),
/* implementation_level */ '2;1');

FILE_NAME(
/* name */ 'Verbindungsstck_Rumpf_Stecksystem.stp',
/* time_stamp */ '2026-09-02T21:16:11+02:00',
/* author */ ('bluhm'),
/* organization */ (''),
/* preprocessor_version */ 'ST-DEVELOPER v20.1',
/* originating_system */ 'Autodesk Inventor 2026',
/* authorisation */ '');

FILE_SCHEMA (('AUTOMOTIVE_DESIGN { 1 0 10303 214 3 1 1 }'));
ENDSEC;

DATA;
#10=MECHANICAL_DESIGN_GEOMETRIC_PRESENTATION_REPRESENTATION('',(#93,#94,
#95,#96,#97,#98,#99,#100,#101,#102,#103,#104,#105,#106,#107,#108,#109,#110,
#111,#112,#113,#114,#115,#116,#117,#118,#119,#120,#121,#122,#123,#124,#125,
#126,#127,#128,#129,#130,#131,#132,#133,#134,#135,#136,#137,#138,#139,#140,
#141,#142,#143,#144,#145,#146,#147,#148,#149,#150,#151,#152,#153,#154,#155,
#156,#157,#158,#159,#160,#161,#162,#163,#164,#165,#166,#167,#168,#169,#170,
#171,#172,#173,#174,#175,#176,#177,#178,#179,#180,#181,#182,#183),#7105);
#11=SHAPE_REPRESENTATION_RELATIONSHIP('SRR','None',#7112,#12);
#12=ADVANCED_BREP_SHAPE_REPRESENTATION('',(#37,#38),#7104);
#13=TOROIDAL_SURFACE('',#4324,195.,45.0000000000001);
#14=TOROIDAL_SURFACE('',#4329,195.,45.);
#15=TOROIDAL_SURFACE('',#4336,105.,45.0000000000001);
#16=TOROIDAL_SURFACE('',#4341,105.,45.);
#17=TOROIDAL_SURFACE('',#4346,105.,45.0000000000001);
#18=TOROIDAL_SURFACE('',#4352,105.,45.);
#19=TOROIDAL_SURFACE('',#4360,195.,45.0000000000001);
#20=TOROIDAL_SURFACE('',#4364,195.,45.);
#21=TOROIDAL_SURFACE('',#4377,190.,10.);
#22=TOROIDAL_SURFACE('',#4382,100.,10.);
#23=TOROIDAL_SURFACE('',#4386,100.,10.);
#24=TOROIDAL_SURFACE('',#4390,190.,10.);
#25=TOROIDAL_SURFACE('',#4466,195.,40.);
#26=TOROIDAL_SURFACE('',#4471,195.,40.);
#27=TOROIDAL_SURFACE('',#4476,195.,40.0000000000001);
#28=TOROIDAL_SURFACE('',#4480,195.,40.0000000000001);
#29=TOROIDAL_SURFACE('',#4517,105.,40.);
#30=TOROIDAL_SURFACE('',#4523,190.,5.);
#31=TOROIDAL_SURFACE('',#4548,190.,5.);
#32=TOROIDAL_SURFACE('',#4551,105.,40.);
#33=TOROIDAL_SURFACE('',#4563,105.,40.0000000000001);
#34=TOROIDAL_SURFACE('',#4566,105.,40.0000000000001);
#35=TOROIDAL_SURFACE('',#4622,100.,5.);
#36=TOROIDAL_SURFACE('',#4626,100.,5.);
#37=MANIFOLD_SOLID_BREP('Volumenk\X\F6rper1',#4177);
#38=MANIFOLD_SOLID_BREP('Volumenk\X\F6rper1',#4178);
#39=FACE_BOUND('',#683,.T.);
#40=FACE_BOUND('',#684,.T.);
#41=FACE_BOUND('',#685,.T.);
#42=FACE_BOUND('',#686,.T.);
#43=FACE_BOUND('',#757,.T.);
#44=FACE_BOUND('',#758,.T.);
#45=FACE_BOUND('',#759,.T.);
#46=FACE_BOUND('',#760,.T.);
#47=FACE_BOUND('',#761,.T.);
#48=FACE_BOUND('',#762,.T.);
#49=FACE_BOUND('',#763,.T.);
#50=FACE_BOUND('',#764,.T.);
#51=FACE_BOUND('',#765,.T.);
#52=FACE_BOUND('',#766,.T.);
#53=FACE_BOUND('',#767,.T.);
#54=FACE_BOUND('',#768,.T.);
#55=FACE_BOUND('',#769,.T.);
#56=FACE_BOUND('',#770,.T.);
#57=FACE_BOUND('',#771,.T.);
#58=FACE_BOUND('',#772,.T.);
#59=FACE_BOUND('',#773,.T.);
#60=FACE_BOUND('',#774,.T.);
#61=FACE_BOUND('',#775,.T.);
#62=FACE_BOUND('',#807,.T.);
#63=FACE_BOUND('',#813,.T.);
#64=FACE_BOUND('',#814,.T.);
#65=FACE_BOUND('',#815,.T.);
#66=FACE_BOUND('',#816,.T.);
#67=FACE_BOUND('',#817,.T.);
#68=FACE_BOUND('',#824,.T.);
#69=FACE_BOUND('',#825,.T.);
#70=FACE_BOUND('',#826,.T.);
#71=FACE_BOUND('',#827,.T.);
#72=FACE_BOUND('',#828,.T.);
#73=FACE_BOUND('',#876,.T.);
#74=FACE_BOUND('',#886,.T.);
#75=FACE_BOUND('',#887,.T.);
#76=FACE_BOUND('',#888,.T.);
#77=FACE_BOUND('',#889,.T.);
#78=FACE_BOUND('',#890,.T.);
#79=FACE_BOUND('',#891,.T.);
#80=FACE_BOUND('',#892,.T.);
#81=FACE_BOUND('',#893,.T.);
#82=FACE_BOUND('',#894,.T.);
#83=FACE_BOUND('',#895,.T.);
#84=FACE_BOUND('',#896,.T.);
#85=FACE_BOUND('',#897,.T.);
#86=FACE_BOUND('',#898,.T.);
#87=FACE_BOUND('',#899,.T.);
#88=FACE_BOUND('',#900,.T.);
#89=FACE_BOUND('',#901,.T.);
#90=FACE_BOUND('',#902,.T.);
#91=FACE_BOUND('',#903,.T.);
#92=FACE_BOUND('',#904,.T.);
#93=STYLED_ITEM('',(#7122),#3932);
#94=STYLED_ITEM('',(#7121),#37);
#95=STYLED_ITEM('',(#7125),#3938);
#96=STYLED_ITEM('',(#7125),#3940);
#97=STYLED_ITEM('',(#7125),#3942);
#98=STYLED_ITEM('',(#7125),#3944);
#99=STYLED_ITEM('',(#7125),#3946);
#100=STYLED_ITEM('',(#7125),#3948);
#101=STYLED_ITEM('',(#7125),#3950);
#102=STYLED_ITEM('',(#7125),#3952);
#103=STYLED_ITEM('',(#7125),#3954);
#104=STYLED_ITEM('',(#7125),#3956);
#105=STYLED_ITEM('',(#7125),#3958);
#106=STYLED_ITEM('',(#7125),#3960);
#107=STYLED_ITEM('',(#7125),#3962);
#108=STYLED_ITEM('',(#7125),#3964);
#109=STYLED_ITEM('',(#7125),#3966);
#110=STYLED_ITEM('',(#7125),#3968);
#111=STYLED_ITEM('',(#7125),#3970);
#112=STYLED_ITEM('',(#7125),#3972);
#113=STYLED_ITEM('',(#7123),#3973);
#114=STYLED_ITEM('',(#7123),#3975);
#115=STYLED_ITEM('',(#7123),#3977);
#116=STYLED_ITEM('',(#7124),#3980);
#117=STYLED_ITEM('',(#7124),#3981);
#118=STYLED_ITEM('',(#7124),#3982);
#119=STYLED_ITEM('',(#7124),#3983);
#120=STYLED_ITEM('',(#7124),#3984);
#121=STYLED_ITEM('',(#7124),#3985);
#122=STYLED_ITEM('',(#7124),#3986);
#123=STYLED_ITEM('',(#7124),#3987);
#124=STYLED_ITEM('',(#7124),#3988);
#125=STYLED_ITEM('',(#7124),#3989);
#126=STYLED_ITEM('',(#7124),#3990);
#127=STYLED_ITEM('',(#7124),#3991);
#128=STYLED_ITEM('',(#7124),#3992);
#129=STYLED_ITEM('',(#7124),#3993);
#130=STYLED_ITEM('',(#7124),#3994);
#131=STYLED_ITEM('',(#7124),#3995);
#132=STYLED_ITEM('',(#7124),#3996);
#133=STYLED_ITEM('',(#7124),#3997);
#134=STYLED_ITEM('',(#7124),#3998);
#135=STYLED_ITEM('',(#7124),#3999);
#136=STYLED_ITEM('',(#7124),#4000);
#137=STYLED_ITEM('',(#7124),#4001);
#138=STYLED_ITEM('',(#7123),#4002);
#139=STYLED_ITEM('',(#7123),#4003);
#140=STYLED_ITEM('',(#7123),#4004);
#141=STYLED_ITEM('',(#7123),#4005);
#142=STYLED_ITEM('',(#7123),#4006);
#143=STYLED_ITEM('',(#7123),#4007);
#144=STYLED_ITEM('',(#7123),#4008);
#145=STYLED_ITEM('',(#7123),#4009);
#146=STYLED_ITEM('',(#7123),#4010);
#147=STYLED_ITEM('',(#7123),#4011);
#148=STYLED_ITEM('',(#7123),#4012);
#149=STYLED_ITEM('',(#7123),#4013);
#150=STYLED_ITEM('',(#7123),#4014);
#151=STYLED_ITEM('',(#7123),#4015);
#152=STYLED_ITEM('',(#7123),#4016);
#153=STYLED_ITEM('',(#7123),#4017);
#154=STYLED_ITEM('',(#7123),#4018);
#155=STYLED_ITEM('',(#7123),#4020);
#156=STYLED_ITEM('',(#7123),#4021);
#157=STYLED_ITEM('',(#7123),#4022);
#158=STYLED_ITEM('',(#7123),#4023);
#159=STYLED_ITEM('',(#7123),#4025);
#160=STYLED_ITEM('',(#7123),#4026);
#161=STYLED_ITEM('',(#7123),#4027);
#162=STYLED_ITEM('',(#7123),#4029);
#163=STYLED_ITEM('',(#7123),#4030);
#164=STYLED_ITEM('',(#7123),#4032);
#165=STYLED_ITEM('',(#7123),#4033);
#166=STYLED_ITEM('',(#7123),#4034);
#167=STYLED_ITEM('',(#7123),#4035);
#168=STYLED_ITEM('',(#7123),#4037);
#169=STYLED_ITEM('',(#7122),#4038);
#170=STYLED_ITEM('',(#7123),#4043);
#171=STYLED_ITEM('',(#7123),#4045);
#172=STYLED_ITEM('',(#7123),#4046);
#173=STYLED_ITEM('',(#7123),#4047);
#174=STYLED_ITEM('',(#7122),#4052);
#175=STYLED_ITEM('',(#7124),#4053);
#176=STYLED_ITEM('',(#7124),#4054);
#177=STYLED_ITEM('',(#7124),#4055);
#178=STYLED_ITEM('',(#7123),#4056);
#179=STYLED_ITEM('',(#7124),#4057);
#180=STYLED_ITEM('',(#7124),#4058);
#181=STYLED_ITEM('',(#7123),#4168);
#182=STYLED_ITEM('',(#7123),#4169);
#183=STYLED_ITEM('',(#7121),#38);
#184=PLANE('',#4217);
#185=PLANE('',#4218);
#186=PLANE('',#4219);
#187=PLANE('',#4220);
#188=PLANE('',#4221);
#189=PLANE('',#4222);
#190=PLANE('',#4226);
#191=PLANE('',#4230);
#192=PLANE('',#4234);
#193=PLANE('',#4238);
#194=PLANE('',#4242);
#195=PLANE('',#4246);
#196=PLANE('',#4250);
#197=PLANE('',#4254);
#198=PLANE('',#4258);
#199=PLANE('',#4262);
#200=PLANE('',#4266);
#201=PLANE('',#4270);
#202=PLANE('',#4274);
#203=PLANE('',#4278);
#204=PLANE('',#4282);
#205=PLANE('',#4286);
#206=PLANE('',#4290);
#207=PLANE('',#4294);
#208=PLANE('',#4298);
#209=PLANE('',#4305);
#210=PLANE('',#4306);
#211=PLANE('',#4313);
#212=PLANE('',#4320);
#213=PLANE('',#4333);
#214=PLANE('',#4357);
#215=PLANE('',#4366);
#216=PLANE('',#4371);
#217=PLANE('',#4374);
#218=PLANE('',#4393);
#219=PLANE('',#4395);
#220=PLANE('',#4398);
#221=PLANE('',#4399);
#222=PLANE('',#4400);
#223=PLANE('',#4402);
#224=PLANE('',#4405);
#225=PLANE('',#4406);
#226=PLANE('',#4407);
#227=PLANE('',#4408);
#228=PLANE('',#4409);
#229=PLANE('',#4410);
#230=PLANE('',#4411);
#231=PLANE('',#4412);
#232=PLANE('',#4413);
#233=PLANE('',#4414);
#234=PLANE('',#4415);
#235=PLANE('',#4416);
#236=PLANE('',#4417);
#237=PLANE('',#4418);
#238=PLANE('',#4419);
#239=PLANE('',#4420);
#240=PLANE('',#4426);
#241=PLANE('',#4427);
#242=PLANE('',#4428);
#243=PLANE('',#4429);
#244=PLANE('',#4430);
#245=PLANE('',#4431);
#246=PLANE('',#4437);
#247=PLANE('',#4438);
#248=PLANE('',#4439);
#249=PLANE('',#4447);
#250=PLANE('',#4448);
#251=PLANE('',#4449);
#252=PLANE('',#4454);
#253=PLANE('',#4464);
#254=PLANE('',#4465);
#255=PLANE('',#4469);
#256=PLANE('',#4470);
#257=PLANE('',#4475);
#258=PLANE('',#4479);
#259=PLANE('',#4484);
#260=PLANE('',#4485);
#261=PLANE('',#4491);
#262=PLANE('',#4493);
#263=PLANE('',#4504);
#264=PLANE('',#4505);
#265=PLANE('',#4506);
#266=PLANE('',#4511);
#267=PLANE('',#4512);
#268=PLANE('',#4513);
#269=PLANE('',#4514);
#270=PLANE('',#4515);
#271=PLANE('',#4516);
#272=PLANE('',#4521);
#273=PLANE('',#4522);
#274=PLANE('',#4526);
#275=PLANE('',#4550);
#276=PLANE('',#4555);
#277=PLANE('',#4556);
#278=PLANE('',#4557);
#279=PLANE('',#4558);
#280=PLANE('',#4559);
#281=PLANE('',#4562);
#282=PLANE('',#4569);
#283=PLANE('',#4570);
#284=PLANE('',#4571);
#285=PLANE('',#4572);
#286=PLANE('',#4583);
#287=PLANE('',#4584);
#288=PLANE('',#4585);
#289=PLANE('',#4627);
#290=PLANE('',#4628);
#291=PLANE('',#4629);
#292=PLANE('',#4630);
#293=PLANE('',#4631);
#294=PLANE('',#4632);
#295=PLANE('',#4633);
#296=PLANE('',#4634);
#297=PLANE('',#4635);
#298=PLANE('',#4636);
#299=PLANE('',#4637);
#300=PLANE('',#4638);
#301=PLANE('',#4639);
#302=PLANE('',#4640);
#303=PLANE('',#4641);
#304=PLANE('',#4642);
#305=PLANE('',#4643);
#306=PLANE('',#4644);
#307=PLANE('',#4645);
#308=PLANE('',#4646);
#309=PLANE('',#4647);
#310=PLANE('',#4648);
#311=PLANE('',#4649);
#312=PLANE('',#4650);
#313=PLANE('',#4654);
#314=PLANE('',#4655);
#315=PLANE('',#4657);
#316=PLANE('',#4660);
#317=PLANE('',#4661);
#318=CYLINDRICAL_SURFACE('',#4203,4.188);
#319=CYLINDRICAL_SURFACE('',#4207,4.188);
#320=CYLINDRICAL_SURFACE('',#4211,4.188);
#321=CYLINDRICAL_SURFACE('',#4215,4.188);
#322=CYLINDRICAL_SURFACE('',#4223,200.);
#323=CYLINDRICAL_SURFACE('',#4227,110.);
#324=CYLINDRICAL_SURFACE('',#4232,20.);
#325=CYLINDRICAL_SURFACE('',#4236,20.);
#326=CYLINDRICAL_SURFACE('',#4240,20.);
#327=CYLINDRICAL_SURFACE('',#4244,20.);
#328=CYLINDRICAL_SURFACE('',#4248,20.);
#329=CYLINDRICAL_SURFACE('',#4252,20.);
#330=CYLINDRICAL_SURFACE('',#4256,20.);
#331=CYLINDRICAL_SURFACE('',#4260,20.);
#332=CYLINDRICAL_SURFACE('',#4264,20.);
#333=CYLINDRICAL_SURFACE('',#4268,20.);
#334=CYLINDRICAL_SURFACE('',#4272,20.);
#335=CYLINDRICAL_SURFACE('',#4276,20.);
#336=CYLINDRICAL_SURFACE('',#4280,20.);
#337=CYLINDRICAL_SURFACE('',#4284,20.);
#338=CYLINDRICAL_SURFACE('',#4288,20.);
#339=CYLINDRICAL_SURFACE('',#4292,20.);
#340=CYLINDRICAL_SURFACE('',#4296,20.);
#341=CYLINDRICAL_SURFACE('',#4300,20.);
#342=CYLINDRICAL_SURFACE('',#4302,200.);
#343=CYLINDRICAL_SURFACE('',#4307,200.);
#344=CYLINDRICAL_SURFACE('',#4310,110.);
#345=CYLINDRICAL_SURFACE('',#4314,110.);
#346=CYLINDRICAL_SURFACE('',#4317,45.0000000000001);
#347=CYLINDRICAL_SURFACE('',#4321,45.);
#348=CYLINDRICAL_SURFACE('',#4327,240.);
#349=CYLINDRICAL_SURFACE('',#4331,45.0000000000001);
#350=CYLINDRICAL_SURFACE('',#4334,45.);
#351=CYLINDRICAL_SURFACE('',#4339,150.);
#352=CYLINDRICAL_SURFACE('',#4343,45.);
#353=CYLINDRICAL_SURFACE('',#4350,150.);
#354=CYLINDRICAL_SURFACE('',#4355,45.0000000000001);
#355=CYLINDRICAL_SURFACE('',#4358,45.);
#356=CYLINDRICAL_SURFACE('',#4362,240.);
#357=CYLINDRICAL_SURFACE('',#4372,200.);
#358=CYLINDRICAL_SURFACE('',#4375,110.);
#359=CYLINDRICAL_SURFACE('',#4380,10.);
#360=CYLINDRICAL_SURFACE('',#4384,10.);
#361=CYLINDRICAL_SURFACE('',#4388,10.);
#362=CYLINDRICAL_SURFACE('',#4392,10.);
#363=CYLINDRICAL_SURFACE('',#4396,190.);
#364=CYLINDRICAL_SURFACE('',#4403,190.);
#365=CYLINDRICAL_SURFACE('',#4440,5.0940505);
#366=CYLINDRICAL_SURFACE('',#4441,5.0940505);
#367=CYLINDRICAL_SURFACE('',#4442,5.0940505);
#368=CYLINDRICAL_SURFACE('',#4443,5.0940505);
#369=CYLINDRICAL_SURFACE('',#4444,17.5);
#370=CYLINDRICAL_SURFACE('',#4445,45.);
#371=CYLINDRICAL_SURFACE('',#4450,45.0000000000001);
#372=CYLINDRICAL_SURFACE('',#4452,45.0000000000001);
#373=CYLINDRICAL_SURFACE('',#4455,40.);
#374=CYLINDRICAL_SURFACE('',#4458,195.);
#375=CYLINDRICAL_SURFACE('',#4461,40.0000000000001);
#376=CYLINDRICAL_SURFACE('',#4487,235.);
#377=CYLINDRICAL_SURFACE('',#4488,235.);
#378=CYLINDRICAL_SURFACE('',#4489,40.);
#379=CYLINDRICAL_SURFACE('',#4494,195.);
#380=CYLINDRICAL_SURFACE('',#4496,5.);
#381=CYLINDRICAL_SURFACE('',#4499,195.);
#382=CYLINDRICAL_SURFACE('',#4501,195.);
#383=CYLINDRICAL_SURFACE('',#4502,40.);
#384=CYLINDRICAL_SURFACE('',#4507,40.0000000000001);
#385=CYLINDRICAL_SURFACE('',#4509,40.0000000000001);
#386=CYLINDRICAL_SURFACE('',#4573,105.);
#387=CYLINDRICAL_SURFACE('',#4575,5.);
#388=CYLINDRICAL_SURFACE('',#4577,145.);
#389=CYLINDRICAL_SURFACE('',#4578,145.);
#390=CYLINDRICAL_SURFACE('',#4579,5.);
#391=CYLINDRICAL_SURFACE('',#4581,105.);
#392=CYLINDRICAL_SURFACE('',#4586,15.);
#393=CYLINDRICAL_SURFACE('',#4588,15.);
#394=CYLINDRICAL_SURFACE('',#4590,15.);
#395=CYLINDRICAL_SURFACE('',#4592,15.);
#396=CYLINDRICAL_SURFACE('',#4594,15.);
#397=CYLINDRICAL_SURFACE('',#4596,15.);
#398=CYLINDRICAL_SURFACE('',#4598,15.);
#399=CYLINDRICAL_SURFACE('',#4600,15.);
#400=CYLINDRICAL_SURFACE('',#4602,15.);
#401=CYLINDRICAL_SURFACE('',#4604,15.);
#402=CYLINDRICAL_SURFACE('',#4606,15.);
#403=CYLINDRICAL_SURFACE('',#4608,15.);
#404=CYLINDRICAL_SURFACE('',#4610,15.);
#405=CYLINDRICAL_SURFACE('',#4612,15.);
#406=CYLINDRICAL_SURFACE('',#4614,15.);
#407=CYLINDRICAL_SURFACE('',#4616,15.);
#408=CYLINDRICAL_SURFACE('',#4618,15.);
#409=CYLINDRICAL_SURFACE('',#4620,15.);
#410=CYLINDRICAL_SURFACE('',#4624,5.);
#411=CYLINDRICAL_SURFACE('',#4651,40.);
#412=CYLINDRICAL_SURFACE('',#4658,40.0000000000001);
#413=FACE_OUTER_BOUND('',#670,.T.);
#414=FACE_OUTER_BOUND('',#671,.T.);
#415=FACE_OUTER_BOUND('',#672,.T.);
#416=FACE_OUTER_BOUND('',#673,.T.);
#417=FACE_OUTER_BOUND('',#674,.T.);
#418=FACE_OUTER_BOUND('',#675,.T.);
#419=FACE_OUTER_BOUND('',#676,.T.);
#420=FACE_OUTER_BOUND('',#677,.T.);
#421=FACE_OUTER_BOUND('',#678,.T.);
#422=FACE_OUTER_BOUND('',#679,.T.);
#423=FACE_OUTER_BOUND('',#680,.T.);
#424=FACE_OUTER_BOUND('',#681,.T.);
#425=FACE_OUTER_BOUND('',#682,.T.);
#426=FACE_OUTER_BOUND('',#687,.T.);
#427=FACE_OUTER_BOUND('',#688,.T.);
#428=FACE_OUTER_BOUND('',#689,.T.);
#429=FACE_OUTER_BOUND('',#690,.T.);
#430=FACE_OUTER_BOUND('',#691,.T.);
#431=FACE_OUTER_BOUND('',#692,.T.);
#432=FACE_OUTER_BOUND('',#693,.T.);
#433=FACE_OUTER_BOUND('',#694,.T.);
#434=FACE_OUTER_BOUND('',#695,.T.);
#435=FACE_OUTER_BOUND('',#696,.T.);
#436=FACE_OUTER_BOUND('',#697,.T.);
#437=FACE_OUTER_BOUND('',#698,.T.);
#438=FACE_OUTER_BOUND('',#699,.T.);
#439=FACE_OUTER_BOUND('',#700,.T.);
#440=FACE_OUTER_BOUND('',#701,.T.);
#441=FACE_OUTER_BOUND('',#702,.T.);
#442=FACE_OUTER_BOUND('',#703,.T.);
#443=FACE_OUTER_BOUND('',#704,.T.);
#444=FACE_OUTER_BOUND('',#705,.T.);
#445=FACE_OUTER_BOUND('',#706,.T.);
#446=FACE_OUTER_BOUND('',#707,.T.);
#447=FACE_OUTER_BOUND('',#708,.T.);
#448=FACE_OUTER_BOUND('',#709,.T.);
#449=FACE_OUTER_BOUND('',#710,.T.);
#450=FACE_OUTER_BOUND('',#711,.T.);
#451=FACE_OUTER_BOUND('',#712,.T.);
#452=FACE_OUTER_BOUND('',#713,.T.);
#453=FACE_OUTER_BOUND('',#714,.T.);
#454=FACE_OUTER_BOUND('',#715,.T.);
#455=FACE_OUTER_BOUND('',#716,.T.);
#456=FACE_OUTER_BOUND('',#717,.T.);
#457=FACE_OUTER_BOUND('',#718,.T.);
#458=FACE_OUTER_BOUND('',#719,.T.);
#459=FACE_OUTER_BOUND('',#720,.T.);
#460=FACE_OUTER_BOUND('',#721,.T.);
#461=FACE_OUTER_BOUND('',#722,.T.);
#462=FACE_OUTER_BOUND('',#723,.T.);
#463=FACE_OUTER_BOUND('',#724,.T.);
#464=FACE_OUTER_BOUND('',#725,.T.);
#465=FACE_OUTER_BOUND('',#726,.T.);
#466=FACE_OUTER_BOUND('',#727,.T.);
#467=FACE_OUTER_BOUND('',#728,.T.);
#468=FACE_OUTER_BOUND('',#729,.T.);
#469=FACE_OUTER_BOUND('',#730,.T.);
#470=FACE_OUTER_BOUND('',#731,.T.);
#471=FACE_OUTER_BOUND('',#732,.T.);
#472=FACE_OUTER_BOUND('',#733,.T.);
#473=FACE_OUTER_BOUND('',#734,.T.);
#474=FACE_OUTER_BOUND('',#735,.T.);
#475=FACE_OUTER_BOUND('',#736,.T.);
#476=FACE_OUTER_BOUND('',#737,.T.);
#477=FACE_OUTER_BOUND('',#738,.T.);
#478=FACE_OUTER_BOUND('',#739,.T.);
#479=FACE_OUTER_BOUND('',#740,.T.);
#480=FACE_OUTER_BOUND('',#741,.T.);
#481=FACE_OUTER_BOUND('',#742,.T.);
#482=FACE_OUTER_BOUND('',#743,.T.);
#483=FACE_OUTER_BOUND('',#744,.T.);
#484=FACE_OUTER_BOUND('',#745,.T.);
#485=FACE_OUTER_BOUND('',#746,.T.);
#486=FACE_OUTER_BOUND('',#747,.T.);
#487=FACE_OUTER_BOUND('',#748,.T.);
#488=FACE_OUTER_BOUND('',#749,.T.);
#489=FACE_OUTER_BOUND('',#750,.T.);
#490=FACE_OUTER_BOUND('',#751,.T.);
#491=FACE_OUTER_BOUND('',#752,.T.);
#492=FACE_OUTER_BOUND('',#753,.T.);
#493=FACE_OUTER_BOUND('',#754,.T.);
#494=FACE_OUTER_BOUND('',#755,.T.);
#495=FACE_OUTER_BOUND('',#756,.T.);
#496=FACE_OUTER_BOUND('',#776,.T.);
#497=FACE_OUTER_BOUND('',#777,.T.);
#498=FACE_OUTER_BOUND('',#778,.T.);
#499=FACE_OUTER_BOUND('',#779,.T.);
#500=FACE_OUTER_BOUND('',#780,.T.);
#501=FACE_OUTER_BOUND('',#781,.T.);
#502=FACE_OUTER_BOUND('',#782,.T.);
#503=FACE_OUTER_BOUND('',#783,.T.);
#504=FACE_OUTER_BOUND('',#784,.T.);
#505=FACE_OUTER_BOUND('',#785,.T.);
#506=FACE_OUTER_BOUND('',#786,.T.);
#507=FACE_OUTER_BOUND('',#787,.T.);
#508=FACE_OUTER_BOUND('',#788,.T.);
#509=FACE_OUTER_BOUND('',#789,.T.);
#510=FACE_OUTER_BOUND('',#790,.T.);
#511=FACE_OUTER_BOUND('',#791,.T.);
#512=FACE_OUTER_BOUND('',#792,.T.);
#513=FACE_OUTER_BOUND('',#793,.T.);
#514=FACE_OUTER_BOUND('',#794,.T.);
#515=FACE_OUTER_BOUND('',#795,.T.);
#516=FACE_OUTER_BOUND('',#796,.T.);
#517=FACE_OUTER_BOUND('',#797,.T.);
#518=FACE_OUTER_BOUND('',#798,.T.);
#519=FACE_OUTER_BOUND('',#799,.T.);
#520=FACE_OUTER_BOUND('',#800,.T.);
#521=FACE_OUTER_BOUND('',#801,.T.);
#522=FACE_OUTER_BOUND('',#802,.T.);
#523=FACE_OUTER_BOUND('',#803,.T.);
#524=FACE_OUTER_BOUND('',#804,.T.);
#525=FACE_OUTER_BOUND('',#805,.T.);
#526=FACE_OUTER_BOUND('',#806,.T.);
#527=FACE_OUTER_BOUND('',#808,.T.);
#528=FACE_OUTER_BOUND('',#809,.T.);
#529=FACE_OUTER_BOUND('',#810,.T.);
#530=FACE_OUTER_BOUND('',#811,.T.);
#531=FACE_OUTER_BOUND('',#812,.T.);
#532=FACE_OUTER_BOUND('',#818,.T.);
#533=FACE_OUTER_BOUND('',#819,.T.);
#534=FACE_OUTER_BOUND('',#820,.T.);
#535=FACE_OUTER_BOUND('',#821,.T.);
#536=FACE_OUTER_BOUND('',#822,.T.);
#537=FACE_OUTER_BOUND('',#823,.T.);
#538=FACE_OUTER_BOUND('',#829,.T.);
#539=FACE_OUTER_BOUND('',#830,.T.);
#540=FACE_OUTER_BOUND('',#831,.T.);
#541=FACE_OUTER_BOUND('',#832,.T.);
#542=FACE_OUTER_BOUND('',#833,.T.);
#543=FACE_OUTER_BOUND('',#834,.T.);
#544=FACE_OUTER_BOUND('',#835,.T.);
#545=FACE_OUTER_BOUND('',#836,.T.);
#546=FACE_OUTER_BOUND('',#837,.T.);
#547=FACE_OUTER_BOUND('',#838,.T.);
#548=FACE_OUTER_BOUND('',#839,.T.);
#549=FACE_OUTER_BOUND('',#840,.T.);
#550=FACE_OUTER_BOUND('',#841,.T.);
#551=FACE_OUTER_BOUND('',#842,.T.);
#552=FACE_OUTER_BOUND('',#843,.T.);
#553=FACE_OUTER_BOUND('',#844,.T.);
#554=FACE_OUTER_BOUND('',#845,.T.);
#555=FACE_OUTER_BOUND('',#846,.T.);
#556=FACE_OUTER_BOUND('',#847,.T.);
#557=FACE_OUTER_BOUND('',#848,.T.);
#558=FACE_OUTER_BOUND('',#849,.T.);
#559=FACE_OUTER_BOUND('',#850,.T.);
#560=FACE_OUTER_BOUND('',#851,.T.);
#561=FACE_OUTER_BOUND('',#852,.T.);
#562=FACE_OUTER_BOUND('',#853,.T.);
#563=FACE_OUTER_BOUND('',#854,.T.);
#564=FACE_OUTER_BOUND('',#855,.T.);
#565=FACE_OUTER_BOUND('',#856,.T.);
#566=FACE_OUTER_BOUND('',#857,.T.);
#567=FACE_OUTER_BOUND('',#858,.T.);
#568=FACE_OUTER_BOUND('',#859,.T.);
#569=FACE_OUTER_BOUND('',#860,.T.);
#570=FACE_OUTER_BOUND('',#861,.T.);
#571=FACE_OUTER_BOUND('',#862,.T.);
#572=FACE_OUTER_BOUND('',#863,.T.);
#573=FACE_OUTER_BOUND('',#864,.T.);
#574=FACE_OUTER_BOUND('',#865,.T.);
#575=FACE_OUTER_BOUND('',#866,.T.);
#576=FACE_OUTER_BOUND('',#867,.T.);
#577=FACE_OUTER_BOUND('',#868,.T.);
#578=FACE_OUTER_BOUND('',#869,.T.);
#579=FACE_OUTER_BOUND('',#870,.T.);
#580=FACE_OUTER_BOUND('',#871,.T.);
#581=FACE_OUTER_BOUND('',#872,.T.);
#582=FACE_OUTER_BOUND('',#873,.T.);
#583=FACE_OUTER_BOUND('',#874,.T.);
#584=FACE_OUTER_BOUND('',#875,.T.);
#585=FACE_OUTER_BOUND('',#877,.T.);
#586=FACE_OUTER_BOUND('',#878,.T.);
#587=FACE_OUTER_BOUND('',#879,.T.);
#588=FACE_OUTER_BOUND('',#880,.T.);
#589=FACE_OUTER_BOUND('',#881,.T.);
#590=FACE_OUTER_BOUND('',#882,.T.);
#591=FACE_OUTER_BOUND('',#883,.T.);
#592=FACE_OUTER_BOUND('',#884,.T.);
#593=FACE_OUTER_BOUND('',#885,.T.);
#594=FACE_OUTER_BOUND('',#905,.T.);
#595=FACE_OUTER_BOUND('',#906,.T.);
#596=FACE_OUTER_BOUND('',#907,.T.);
#597=FACE_OUTER_BOUND('',#908,.T.);
#598=FACE_OUTER_BOUND('',#909,.T.);
#599=FACE_OUTER_BOUND('',#910,.T.);
#600=FACE_OUTER_BOUND('',#911,.T.);
#601=FACE_OUTER_BOUND('',#912,.T.);
#602=FACE_OUTER_BOUND('',#913,.T.);
#603=FACE_OUTER_BOUND('',#914,.T.);
#604=FACE_OUTER_BOUND('',#915,.T.);
#605=FACE_OUTER_BOUND('',#916,.T.);
#606=FACE_OUTER_BOUND('',#917,.T.);
#607=FACE_OUTER_BOUND('',#918,.T.);
#608=FACE_OUTER_BOUND('',#919,.T.);
#609=FACE_OUTER_BOUND('',#920,.T.);
#610=FACE_OUTER_BOUND('',#921,.T.);
#611=FACE_OUTER_BOUND('',#922,.T.);
#612=FACE_OUTER_BOUND('',#923,.T.);
#613=FACE_OUTER_BOUND('',#924,.T.);
#614=FACE_OUTER_BOUND('',#925,.T.);
#615=FACE_OUTER_BOUND('',#926,.T.);
#616=FACE_OUTER_BOUND('',#927,.T.);
#617=FACE_OUTER_BOUND('',#928,.T.);
#618=FACE_OUTER_BOUND('',#929,.T.);
#619=FACE_OUTER_BOUND('',#930,.T.);
#620=FACE_OUTER_BOUND('',#931,.T.);
#621=FACE_OUTER_BOUND('',#932,.T.);
#622=FACE_OUTER_BOUND('',#933,.T.);
#623=FACE_OUTER_BOUND('',#934,.T.);
#624=FACE_OUTER_BOUND('',#935,.T.);
#625=FACE_OUTER_BOUND('',#936,.T.);
#626=FACE_OUTER_BOUND('',#937,.T.);
#627=FACE_OUTER_BOUND('',#938,.T.);
#628=FACE_OUTER_BOUND('',#939,.T.);
#629=FACE_OUTER_BOUND('',#940,.T.);
#630=FACE_OUTER_BOUND('',#941,.T.);
#631=FACE_OUTER_BOUND('',#942,.T.);
#632=FACE_OUTER_BOUND('',#943,.T.);
#633=FACE_OUTER_BOUND('',#944,.T.);
#634=FACE_OUTER_BOUND('',#945,.T.);
#635=FACE_OUTER_BOUND('',#946,.T.);
#636=FACE_OUTER_BOUND('',#947,.T.);
#637=FACE_OUTER_BOUND('',#948,.T.);
#638=FACE_OUTER_BOUND('',#949,.T.);
#639=FACE_OUTER_BOUND('',#950,.T.);
#640=FACE_OUTER_BOUND('',#951,.T.);
#641=FACE_OUTER_BOUND('',#952,.T.);
#642=FACE_OUTER_BOUND('',#953,.T.);
#643=FACE_OUTER_BOUND('',#954,.T.);
#644=FACE_OUTER_BOUND('',#955,.T.);
#645=FACE_OUTER_BOUND('',#956,.T.);
#646=FACE_OUTER_BOUND('',#957,.T.);
#647=FACE_OUTER_BOUND('',#958,.T.);
#648=FACE_OUTER_BOUND('',#959,.T.);
#649=FACE_OUTER_BOUND('',#960,.T.);
#650=FACE_OUTER_BOUND('',#961,.T.);
#651=FACE_OUTER_BOUND('',#962,.T.);
#652=FACE_OUTER_BOUND('',#963,.T.);
#653=FACE_OUTER_BOUND('',#964,.T.);
#654=FACE_OUTER_BOUND('',#965,.T.);
#655=FACE_OUTER_BOUND('',#966,.T.);
#656=FACE_OUTER_BOUND('',#967,.T.);
#657=FACE_OUTER_BOUND('',#968,.T.);
#658=FACE_OUTER_BOUND('',#969,.T.);
#659=FACE_OUTER_BOUND('',#970,.T.);
#660=FACE_OUTER_BOUND('',#971,.T.);
#661=FACE_OUTER_BOUND('',#972,.T.);
#662=FACE_OUTER_BOUND('',#973,.T.);
#663=FACE_OUTER_BOUND('',#974,.T.);
#664=FACE_OUTER_BOUND('',#975,.T.);
#665=FACE_OUTER_BOUND('',#976,.T.);
#666=FACE_OUTER_BOUND('',#977,.T.);
#667=FACE_OUTER_BOUND('',#978,.T.);
#668=FACE_OUTER_BOUND('',#979,.T.);
#669=FACE_OUTER_BOUND('',#980,.T.);
#670=EDGE_LOOP('',(#2798,#2799,#2800));
#671=EDGE_LOOP('',(#2801,#2802,#2803,#2804));
#672=EDGE_LOOP('',(#2805,#2806,#2807));
#673=EDGE_LOOP('',(#2808,#2809,#2810,#2811));
#674=EDGE_LOOP('',(#2812,#2813,#2814));
#675=EDGE_LOOP('',(#2815,#2816,#2817,#2818));
#676=EDGE_LOOP('',(#2819,#2820,#2821));
#677=EDGE_LOOP('',(#2822,#2823,#2824,#2825));
#678=EDGE_LOOP('',(#2826,#2827,#2828,#2829));
#679=EDGE_LOOP('',(#2830,#2831,#2832,#2833));
#680=EDGE_LOOP('',(#2834,#2835,#2836,#2837));
#681=EDGE_LOOP('',(#2838,#2839,#2840,#2841));
#682=EDGE_LOOP('',(#2842,#2843,#2844,#2845));
#683=EDGE_LOOP('',(#2846));
#684=EDGE_LOOP('',(#2847));
#685=EDGE_LOOP('',(#2848));
#686=EDGE_LOOP('',(#2849));
#687=EDGE_LOOP('',(#2850,#2851,#2852,#2853));
#688=EDGE_LOOP('',(#2854,#2855,#2856,#2857));
#689=EDGE_LOOP('',(#2858,#2859,#2860,#2861));
#690=EDGE_LOOP('',(#2862,#2863,#2864,#2865));
#691=EDGE_LOOP('',(#2866));
#692=EDGE_LOOP('',(#2867,#2868,#2869,#2870));
#693=EDGE_LOOP('',(#2871));
#694=EDGE_LOOP('',(#2872,#2873,#2874,#2875));
#695=EDGE_LOOP('',(#2876));
#696=EDGE_LOOP('',(#2877,#2878,#2879,#2880));
#697=EDGE_LOOP('',(#2881));
#698=EDGE_LOOP('',(#2882,#2883,#2884,#2885));
#699=EDGE_LOOP('',(#2886));
#700=EDGE_LOOP('',(#2887,#2888,#2889,#2890));
#701=EDGE_LOOP('',(#2891));
#702=EDGE_LOOP('',(#2892,#2893,#2894,#2895));
#703=EDGE_LOOP('',(#2896));
#704=EDGE_LOOP('',(#2897,#2898,#2899,#2900));
#705=EDGE_LOOP('',(#2901));
#706=EDGE_LOOP('',(#2902,#2903,#2904,#2905));
#707=EDGE_LOOP('',(#2906));
#708=EDGE_LOOP('',(#2907,#2908,#2909,#2910));
#709=EDGE_LOOP('',(#2911));
#710=EDGE_LOOP('',(#2912,#2913,#2914,#2915));
#711=EDGE_LOOP('',(#2916));
#712=EDGE_LOOP('',(#2917,#2918,#2919,#2920));
#713=EDGE_LOOP('',(#2921));
#714=EDGE_LOOP('',(#2922,#2923,#2924,#2925));
#715=EDGE_LOOP('',(#2926));
#716=EDGE_LOOP('',(#2927,#2928,#2929,#2930));
#717=EDGE_LOOP('',(#2931));
#718=EDGE_LOOP('',(#2932,#2933,#2934,#2935));
#719=EDGE_LOOP('',(#2936));
#720=EDGE_LOOP('',(#2937,#2938,#2939,#2940));
#721=EDGE_LOOP('',(#2941));
#722=EDGE_LOOP('',(#2942,#2943,#2944,#2945));
#723=EDGE_LOOP('',(#2946));
#724=EDGE_LOOP('',(#2947,#2948,#2949,#2950));
#725=EDGE_LOOP('',(#2951));
#726=EDGE_LOOP('',(#2952,#2953,#2954,#2955));
#727=EDGE_LOOP('',(#2956,#2957,#2958,#2959));
#728=EDGE_LOOP('',(#2960,#2961,#2962,#2963));
#729=EDGE_LOOP('',(#2964,#2965,#2966,#2967));
#730=EDGE_LOOP('',(#2968,#2969,#2970,#2971));
#731=EDGE_LOOP('',(#2972,#2973,#2974,#2975));
#732=EDGE_LOOP('',(#2976,#2977,#2978,#2979));
#733=EDGE_LOOP('',(#2980,#2981,#2982,#2983));
#734=EDGE_LOOP('',(#2984,#2985,#2986,#2987));
#735=EDGE_LOOP('',(#2988,#2989,#2990,#2991));
#736=EDGE_LOOP('',(#2992,#2993,#2994,#2995));
#737=EDGE_LOOP('',(#2996,#2997,#2998,#2999));
#738=EDGE_LOOP('',(#3000,#3001,#3002,#3003));
#739=EDGE_LOOP('',(#3004,#3005,#3006,#3007));
#740=EDGE_LOOP('',(#3008,#3009,#3010,#3011));
#741=EDGE_LOOP('',(#3012,#3013,#3014,#3015));
#742=EDGE_LOOP('',(#3016,#3017,#3018,#3019));
#743=EDGE_LOOP('',(#3020,#3021,#3022,#3023));
#744=EDGE_LOOP('',(#3024,#3025,#3026,#3027));
#745=EDGE_LOOP('',(#3028,#3029,#3030,#3031));
#746=EDGE_LOOP('',(#3032,#3033,#3034,#3035));
#747=EDGE_LOOP('',(#3036,#3037,#3038,#3039));
#748=EDGE_LOOP('',(#3040,#3041,#3042,#3043));
#749=EDGE_LOOP('',(#3044,#3045,#3046,#3047));
#750=EDGE_LOOP('',(#3048,#3049,#3050,#3051));
#751=EDGE_LOOP('',(#3052,#3053,#3054,#3055));
#752=EDGE_LOOP('',(#3056,#3057,#3058,#3059));
#753=EDGE_LOOP('',(#3060,#3061,#3062,#3063));
#754=EDGE_LOOP('',(#3064,#3065,#3066,#3067));
#755=EDGE_LOOP('',(#3068,#3069,#3070,#3071));
#756=EDGE_LOOP('',(#3072,#3073,#3074,#3075,#3076,#3077,#3078,#3079));
#757=EDGE_LOOP('',(#3080,#3081,#3082,#3083));
#758=EDGE_LOOP('',(#3084));
#759=EDGE_LOOP('',(#3085));
#760=EDGE_LOOP('',(#3086));
#761=EDGE_LOOP('',(#3087));
#762=EDGE_LOOP('',(#3088));
#763=EDGE_LOOP('',(#3089));
#764=EDGE_LOOP('',(#3090));
#765=EDGE_LOOP('',(#3091));
#766=EDGE_LOOP('',(#3092));
#767=EDGE_LOOP('',(#3093));
#768=EDGE_LOOP('',(#3094));
#769=EDGE_LOOP('',(#3095));
#770=EDGE_LOOP('',(#3096));
#771=EDGE_LOOP('',(#3097));
#772=EDGE_LOOP('',(#3098));
#773=EDGE_LOOP('',(#3099));
#774=EDGE_LOOP('',(#3100));
#775=EDGE_LOOP('',(#3101));
#776=EDGE_LOOP('',(#3102,#3103,#3104,#3105));
#777=EDGE_LOOP('',(#3106,#3107,#3108,#3109));
#778=EDGE_LOOP('',(#3110,#3111,#3112,#3113));
#779=EDGE_LOOP('',(#3114,#3115,#3116,#3117));
#780=EDGE_LOOP('',(#3118,#3119,#3120,#3121));
#781=EDGE_LOOP('',(#3122,#3123,#3124,#3125));
#782=EDGE_LOOP('',(#3126,#3127,#3128,#3129));
#783=EDGE_LOOP('',(#3130,#3131,#3132,#3133));
#784=EDGE_LOOP('',(#3134,#3135,#3136,#3137));
#785=EDGE_LOOP('',(#3138,#3139,#3140,#3141));
#786=EDGE_LOOP('',(#3142,#3143,#3144,#3145));
#787=EDGE_LOOP('',(#3146,#3147,#3148,#3149));
#788=EDGE_LOOP('',(#3150,#3151,#3152,#3153,#3154,#3155));
#789=EDGE_LOOP('',(#3156,#3157,#3158,#3159,#3160,#3161));
#790=EDGE_LOOP('',(#3162,#3163,#3164,#3165));
#791=EDGE_LOOP('',(#3166,#3167,#3168,#3169));
#792=EDGE_LOOP('',(#3170,#3171,#3172,#3173,#3174,#3175,#3176,#3177));
#793=EDGE_LOOP('',(#3178,#3179,#3180,#3181,#3182,#3183));
#794=EDGE_LOOP('',(#3184,#3185,#3186,#3187));
#795=EDGE_LOOP('',(#3188,#3189,#3190,#3191));
#796=EDGE_LOOP('',(#3192,#3193,#3194,#3195,#3196,#3197));
#797=EDGE_LOOP('',(#3198,#3199,#3200,#3201,#3202,#3203,#3204,#3205));
#798=EDGE_LOOP('',(#3206,#3207,#3208,#3209));
#799=EDGE_LOOP('',(#3210,#3211,#3212,#3213));
#800=EDGE_LOOP('',(#3214,#3215,#3216,#3217));
#801=EDGE_LOOP('',(#3218,#3219,#3220,#3221));
#802=EDGE_LOOP('',(#3222,#3223,#3224,#3225));
#803=EDGE_LOOP('',(#3226,#3227,#3228,#3229));
#804=EDGE_LOOP('',(#3230,#3231,#3232,#3233));
#805=EDGE_LOOP('',(#3234,#3235,#3236,#3237));
#806=EDGE_LOOP('',(#3238,#3239,#3240,#3241,#3242,#3243,#3244,#3245));
#807=EDGE_LOOP('',(#3246,#3247,#3248,#3249,#3250,#3251,#3252,#3253,#3254,
#3255));
#808=EDGE_LOOP('',(#3256,#3257,#3258,#3259));
#809=EDGE_LOOP('',(#3260,#3261,#3262,#3263,#3264,#3265,#3266,#3267));
#810=EDGE_LOOP('',(#3268,#3269,#3270,#3271,#3272,#3273,#3274,#3275));
#811=EDGE_LOOP('',(#3276,#3277,#3278,#3279,#3280,#3281,#3282,#3283));
#812=EDGE_LOOP('',(#3284,#3285,#3286,#3287));
#813=EDGE_LOOP('',(#3288));
#814=EDGE_LOOP('',(#3289));
#815=EDGE_LOOP('',(#3290));
#816=EDGE_LOOP('',(#3291));
#817=EDGE_LOOP('',(#3292));
#818=EDGE_LOOP('',(#3293,#3294,#3295,#3296));
#819=EDGE_LOOP('',(#3297,#3298,#3299,#3300));
#820=EDGE_LOOP('',(#3301,#3302,#3303,#3304));
#821=EDGE_LOOP('',(#3305,#3306,#3307,#3308));
#822=EDGE_LOOP('',(#3309,#3310,#3311,#3312));
#823=EDGE_LOOP('',(#3313,#3314,#3315,#3316));
#824=EDGE_LOOP('',(#3317));
#825=EDGE_LOOP('',(#3318));
#826=EDGE_LOOP('',(#3319));
#827=EDGE_LOOP('',(#3320));
#828=EDGE_LOOP('',(#3321));
#829=EDGE_LOOP('',(#3322,#3323,#3324,#3325,#3326,#3327));
#830=EDGE_LOOP('',(#3328,#3329,#3330,#3331,#3332,#3333));
#831=EDGE_LOOP('',(#3334,#3335,#3336,#3337,#3338,#3339));
#832=EDGE_LOOP('',(#3340,#3341,#3342,#3343));
#833=EDGE_LOOP('',(#3344,#3345,#3346,#3347));
#834=EDGE_LOOP('',(#3348,#3349,#3350,#3351));
#835=EDGE_LOOP('',(#3352,#3353,#3354,#3355));
#836=EDGE_LOOP('',(#3356,#3357,#3358,#3359));
#837=EDGE_LOOP('',(#3360,#3361,#3362,#3363));
#838=EDGE_LOOP('',(#3364,#3365,#3366,#3367));
#839=EDGE_LOOP('',(#3368,#3369,#3370,#3371));
#840=EDGE_LOOP('',(#3372,#3373,#3374,#3375,#3376,#3377,#3378,#3379));
#841=EDGE_LOOP('',(#3380,#3381,#3382,#3383));
#842=EDGE_LOOP('',(#3384,#3385,#3386,#3387));
#843=EDGE_LOOP('',(#3388,#3389,#3390,#3391,#3392,#3393,#3394,#3395));
#844=EDGE_LOOP('',(#3396,#3397,#3398,#3399,#3400,#3401));
#845=EDGE_LOOP('',(#3402,#3403,#3404,#3405));
#846=EDGE_LOOP('',(#3406,#3407,#3408,#3409,#3410,#3411));
#847=EDGE_LOOP('',(#3412,#3413,#3414,#3415,#3416));
#848=EDGE_LOOP('',(#3417,#3418,#3419,#3420));
#849=EDGE_LOOP('',(#3421,#3422,#3423,#3424));
#850=EDGE_LOOP('',(#3425,#3426,#3427,#3428,#3429,#3430,#3431,#3432));
#851=EDGE_LOOP('',(#3433,#3434,#3435,#3436));
#852=EDGE_LOOP('',(#3437,#3438,#3439,#3440));
#853=EDGE_LOOP('',(#3441,#3442,#3443,#3444,#3445,#3446));
#854=EDGE_LOOP('',(#3447,#3448,#3449,#3450));
#855=EDGE_LOOP('',(#3451,#3452,#3453,#3454));
#856=EDGE_LOOP('',(#3455,#3456,#3457,#3458));
#857=EDGE_LOOP('',(#3459,#3460,#3461,#3462,#3463,#3464,#3465,#3466));
#858=EDGE_LOOP('',(#3467,#3468,#3469,#3470,#3471,#3472,#3473));
#859=EDGE_LOOP('',(#3474,#3475,#3476,#3477));
#860=EDGE_LOOP('',(#3478,#3479,#3480,#3481));
#861=EDGE_LOOP('',(#3482,#3483,#3484,#3485,#3486));
#862=EDGE_LOOP('',(#3487,#3488,#3489,#3490,#3491,#3492,#3493));
#863=EDGE_LOOP('',(#3494,#3495,#3496,#3497,#3498));
#864=EDGE_LOOP('',(#3499,#3500,#3501,#3502));
#865=EDGE_LOOP('',(#3503,#3504,#3505,#3506));
#866=EDGE_LOOP('',(#3507,#3508,#3509,#3510));
#867=EDGE_LOOP('',(#3511,#3512,#3513,#3514));
#868=EDGE_LOOP('',(#3515,#3516,#3517,#3518,#3519));
#869=EDGE_LOOP('',(#3520,#3521,#3522,#3523,#3524,#3525,#3526,#3527,#3528));
#870=EDGE_LOOP('',(#3529,#3530,#3531,#3532,#3533,#3534,#3535,#3536));
#871=EDGE_LOOP('',(#3537,#3538,#3539,#3540,#3541,#3542,#3543,#3544));
#872=EDGE_LOOP('',(#3545,#3546,#3547,#3548,#3549));
#873=EDGE_LOOP('',(#3550,#3551,#3552,#3553,#3554));
#874=EDGE_LOOP('',(#3555,#3556,#3557,#3558,#3559,#3560));
#875=EDGE_LOOP('',(#3561,#3562,#3563,#3564));
#876=EDGE_LOOP('',(#3565,#3566,#3567,#3568));
#877=EDGE_LOOP('',(#3569,#3570,#3571,#3572,#3573,#3574));
#878=EDGE_LOOP('',(#3575,#3576,#3577,#3578,#3579,#3580));
#879=EDGE_LOOP('',(#3581,#3582,#3583,#3584));
#880=EDGE_LOOP('',(#3585,#3586,#3587,#3588));
#881=EDGE_LOOP('',(#3589,#3590,#3591,#3592));
#882=EDGE_LOOP('',(#3593,#3594,#3595,#3596,#3597,#3598));
#883=EDGE_LOOP('',(#3599,#3600,#3601,#3602,#3603,#3604,#3605,#3606,#3607));
#884=EDGE_LOOP('',(#3608,#3609,#3610,#3611));
#885=EDGE_LOOP('',(#3612,#3613,#3614,#3615,#3616,#3617,#3618,#3619));
#886=EDGE_LOOP('',(#3620,#3621,#3622,#3623));
#887=EDGE_LOOP('',(#3624));
#888=EDGE_LOOP('',(#3625));
#889=EDGE_LOOP('',(#3626));
#890=EDGE_LOOP('',(#3627));
#891=EDGE_LOOP('',(#3628));
#892=EDGE_LOOP('',(#3629));
#893=EDGE_LOOP('',(#3630));
#894=EDGE_LOOP('',(#3631));
#895=EDGE_LOOP('',(#3632));
#896=EDGE_LOOP('',(#3633));
#897=EDGE_LOOP('',(#3634));
#898=EDGE_LOOP('',(#3635));
#899=EDGE_LOOP('',(#3636));
#900=EDGE_LOOP('',(#3637));
#901=EDGE_LOOP('',(#3638));
#902=EDGE_LOOP('',(#3639));
#903=EDGE_LOOP('',(#3640));
#904=EDGE_LOOP('',(#3641));
#905=EDGE_LOOP('',(#3642,#3643,#3644,#3645));
#906=EDGE_LOOP('',(#3646,#3647,#3648,#3649,#3650,#3651));
#907=EDGE_LOOP('',(#3652,#3653,#3654,#3655));
#908=EDGE_LOOP('',(#3656,#3657,#3658,#3659));
#909=EDGE_LOOP('',(#3660,#3661,#3662,#3663));
#910=EDGE_LOOP('',(#3664,#3665,#3666,#3667));
#911=EDGE_LOOP('',(#3668,#3669,#3670,#3671));
#912=EDGE_LOOP('',(#3672,#3673,#3674,#3675,#3676,#3677));
#913=EDGE_LOOP('',(#3678,#3679,#3680,#3681,#3682,#3683,#3684,#3685));
#914=EDGE_LOOP('',(#3686,#3687,#3688,#3689));
#915=EDGE_LOOP('',(#3690,#3691,#3692,#3693));
#916=EDGE_LOOP('',(#3694,#3695,#3696,#3697));
#917=EDGE_LOOP('',(#3698,#3699,#3700,#3701));
#918=EDGE_LOOP('',(#3702,#3703,#3704,#3705));
#919=EDGE_LOOP('',(#3706,#3707,#3708,#3709));
#920=EDGE_LOOP('',(#3710,#3711,#3712,#3713));
#921=EDGE_LOOP('',(#3714,#3715,#3716,#3717));
#922=EDGE_LOOP('',(#3718,#3719,#3720,#3721));
#923=EDGE_LOOP('',(#3722,#3723,#3724,#3725));
#924=EDGE_LOOP('',(#3726,#3727,#3728,#3729));
#925=EDGE_LOOP('',(#3730,#3731,#3732,#3733));
#926=EDGE_LOOP('',(#3734,#3735,#3736,#3737));
#927=EDGE_LOOP('',(#3738,#3739,#3740,#3741));
#928=EDGE_LOOP('',(#3742,#3743,#3744,#3745));
#929=EDGE_LOOP('',(#3746,#3747,#3748,#3749));
#930=EDGE_LOOP('',(#3750,#3751,#3752,#3753));
#931=EDGE_LOOP('',(#3754,#3755,#3756,#3757));
#932=EDGE_LOOP('',(#3758,#3759,#3760,#3761));
#933=EDGE_LOOP('',(#3762,#3763,#3764,#3765));
#934=EDGE_LOOP('',(#3766,#3767,#3768,#3769));
#935=EDGE_LOOP('',(#3770,#3771,#3772,#3773));
#936=EDGE_LOOP('',(#3774,#3775,#3776,#3777));
#937=EDGE_LOOP('',(#3778,#3779,#3780,#3781));
#938=EDGE_LOOP('',(#3782,#3783,#3784,#3785));
#939=EDGE_LOOP('',(#3786,#3787,#3788,#3789));
#940=EDGE_LOOP('',(#3790,#3791,#3792,#3793));
#941=EDGE_LOOP('',(#3794,#3795,#3796,#3797));
#942=EDGE_LOOP('',(#3798,#3799,#3800,#3801));
#943=EDGE_LOOP('',(#3802,#3803,#3804,#3805));
#944=EDGE_LOOP('',(#3806,#3807,#3808,#3809));
#945=EDGE_LOOP('',(#3810,#3811,#3812,#3813));
#946=EDGE_LOOP('',(#3814,#3815,#3816,#3817));
#947=EDGE_LOOP('',(#3818,#3819,#3820,#3821));
#948=EDGE_LOOP('',(#3822,#3823,#3824,#3825));
#949=EDGE_LOOP('',(#3826,#3827,#3828,#3829));
#950=EDGE_LOOP('',(#3830,#3831,#3832,#3833));
#951=EDGE_LOOP('',(#3834,#3835,#3836,#3837));
#952=EDGE_LOOP('',(#3838));
#953=EDGE_LOOP('',(#3839));
#954=EDGE_LOOP('',(#3840));
#955=EDGE_LOOP('',(#3841));
#956=EDGE_LOOP('',(#3842));
#957=EDGE_LOOP('',(#3843));
#958=EDGE_LOOP('',(#3844));
#959=EDGE_LOOP('',(#3845));
#960=EDGE_LOOP('',(#3846));
#961=EDGE_LOOP('',(#3847));
#962=EDGE_LOOP('',(#3848));
#963=EDGE_LOOP('',(#3849));
#964=EDGE_LOOP('',(#3850));
#965=EDGE_LOOP('',(#3851));
#966=EDGE_LOOP('',(#3852));
#967=EDGE_LOOP('',(#3853));
#968=EDGE_LOOP('',(#3854));
#969=EDGE_LOOP('',(#3855));
#970=EDGE_LOOP('',(#3856,#3857,#3858,#3859));
#971=EDGE_LOOP('',(#3860,#3861,#3862,#3863));
#972=EDGE_LOOP('',(#3864,#3865,#3866,#3867,#3868,#3869));
#973=EDGE_LOOP('',(#3870,#3871,#3872,#3873,#3874,#3875));
#974=EDGE_LOOP('',(#3876,#3877,#3878,#3879,#3880,#3881,#3882,#3883,#3884,
#3885));
#975=EDGE_LOOP('',(#3886,#3887,#3888,#3889));
#976=EDGE_LOOP('',(#3890,#3891,#3892,#3893));
#977=EDGE_LOOP('',(#3894,#3895,#3896,#3897));
#978=EDGE_LOOP('',(#3898,#3899,#3900,#3901,#3902,#3903,#3904,#3905,#3906,
#3907));
#979=EDGE_LOOP('',(#3908,#3909,#3910,#3911));
#980=EDGE_LOOP('',(#3912,#3913,#3914,#3915));
#981=LINE('',#5946,#1336);
#982=LINE('',#5950,#1337);
#983=LINE('',#5955,#1338);
#984=LINE('',#5959,#1339);
#985=LINE('',#5964,#1340);
#986=LINE('',#5968,#1341);
#987=LINE('',#5973,#1342);
#988=LINE('',#5977,#1343);
#989=LINE('',#5981,#1344);
#990=LINE('',#5983,#1345);
#991=LINE('',#5985,#1346);
#992=LINE('',#5986,#1347);
#993=LINE('',#5989,#1348);
#994=LINE('',#5991,#1349);
#995=LINE('',#5992,#1350);
#996=LINE('',#5995,#1351);
#997=LINE('',#5997,#1352);
#998=LINE('',#5998,#1353);
#999=LINE('',#6000,#1354);
#1000=LINE('',#6001,#1355);
#1001=LINE('',#6009,#1356);
#1002=LINE('',#6012,#1357);
#1003=LINE('',#6015,#1358);
#1004=LINE('',#6017,#1359);
#1005=LINE('',#6018,#1360);
#1006=LINE('',#6023,#1361);
#1007=LINE('',#6030,#1362);
#1008=LINE('',#6037,#1363);
#1009=LINE('',#6044,#1364);
#1010=LINE('',#6051,#1365);
#1011=LINE('',#6058,#1366);
#1012=LINE('',#6065,#1367);
#1013=LINE('',#6072,#1368);
#1014=LINE('',#6079,#1369);
#1015=LINE('',#6086,#1370);
#1016=LINE('',#6093,#1371);
#1017=LINE('',#6100,#1372);
#1018=LINE('',#6107,#1373);
#1019=LINE('',#6114,#1374);
#1020=LINE('',#6121,#1375);
#1021=LINE('',#6128,#1376);
#1022=LINE('',#6135,#1377);
#1023=LINE('',#6142,#1378);
#1024=LINE('',#6149,#1379);
#1025=LINE('',#6156,#1380);
#1026=LINE('',#6159,#1381);
#1027=LINE('',#6162,#1382);
#1028=LINE('',#6164,#1383);
#1029=LINE('',#6165,#1384);
#1030=LINE('',#6168,#1385);
#1031=LINE('',#6170,#1386);
#1032=LINE('',#6171,#1387);
#1033=LINE('',#6177,#1388);
#1034=LINE('',#6182,#1389);
#1035=LINE('',#6186,#1390);
#1036=LINE('',#6188,#1391);
#1037=LINE('',#6189,#1392);
#1038=LINE('',#6195,#1393);
#1039=LINE('',#6199,#1394);
#1040=LINE('',#6205,#1395);
#1041=LINE('',#6206,#1396);
#1042=LINE('',#6207,#1397);
#1043=LINE('',#6210,#1398);
#1044=LINE('',#6220,#1399);
#1045=LINE('',#6225,#1400);
#1046=LINE('',#6229,#1401);
#1047=LINE('',#6230,#1402);
#1048=LINE('',#6240,#1403);
#1049=LINE('',#6248,#1404);
#1050=LINE('',#6251,#1405);
#1051=LINE('',#6259,#1406);
#1052=LINE('',#6262,#1407);
#1053=LINE('',#6269,#1408);
#1054=LINE('',#6273,#1409);
#1055=LINE('',#6274,#1410);
#1056=LINE('',#6277,#1411);
#1057=LINE('',#6288,#1412);
#1058=LINE('',#6292,#1413);
#1059=LINE('',#6296,#1414);
#1060=LINE('',#6300,#1415);
#1061=LINE('',#6304,#1416);
#1062=LINE('',#6306,#1417);
#1063=LINE('',#6308,#1418);
#1064=LINE('',#6309,#1419);
#1065=LINE('',#6312,#1420);
#1066=LINE('',#6313,#1421);
#1067=LINE('',#6317,#1422);
#1068=LINE('',#6320,#1423);
#1069=LINE('',#6321,#1424);
#1070=LINE('',#6325,#1425);
#1071=LINE('',#6334,#1426);
#1072=LINE('',#6346,#1427);
#1073=LINE('',#6348,#1428);
#1074=LINE('',#6350,#1429);
#1075=LINE('',#6352,#1430);
#1076=LINE('',#6354,#1431);
#1077=LINE('',#6359,#1432);
#1078=LINE('',#6361,#1433);
#1079=LINE('',#6363,#1434);
#1080=LINE('',#6364,#1435);
#1081=LINE('',#6365,#1436);
#1082=LINE('',#6369,#1437);
#1083=LINE('',#6372,#1438);
#1084=LINE('',#6373,#1439);
#1085=LINE('',#6377,#1440);
#1086=LINE('',#6378,#1441);
#1087=LINE('',#6380,#1442);
#1088=LINE('',#6382,#1443);
#1089=LINE('',#6384,#1444);
#1090=LINE('',#6385,#1445);
#1091=LINE('',#6389,#1446);
#1092=LINE('',#6391,#1447);
#1093=LINE('',#6393,#1448);
#1094=LINE('',#6395,#1449);
#1095=LINE('',#6397,#1450);
#1096=LINE('',#6402,#1451);
#1097=LINE('',#6403,#1452);
#1098=LINE('',#6404,#1453);
#1099=LINE('',#6408,#1454);
#1100=LINE('',#6411,#1455);
#1101=LINE('',#6413,#1456);
#1102=LINE('',#6415,#1457);
#1103=LINE('',#6416,#1458);
#1104=LINE('',#6419,#1459);
#1105=LINE('',#6421,#1460);
#1106=LINE('',#6423,#1461);
#1107=LINE('',#6425,#1462);
#1108=LINE('',#6427,#1463);
#1109=LINE('',#6428,#1464);
#1110=LINE('',#6431,#1465);
#1111=LINE('',#6432,#1466);
#1112=LINE('',#6435,#1467);
#1113=LINE('',#6437,#1468);
#1114=LINE('',#6438,#1469);
#1115=LINE('',#6441,#1470);
#1116=LINE('',#6442,#1471);
#1117=LINE('',#6445,#1472);
#1118=LINE('',#6446,#1473);
#1119=LINE('',#6449,#1474);
#1120=LINE('',#6451,#1475);
#1121=LINE('',#6452,#1476);
#1122=LINE('',#6455,#1477);
#1123=LINE('',#6456,#1478);
#1124=LINE('',#6459,#1479);
#1125=LINE('',#6460,#1480);
#1126=LINE('',#6462,#1481);
#1127=LINE('',#6464,#1482);
#1128=LINE('',#6466,#1483);
#1129=LINE('',#6467,#1484);
#1130=LINE('',#6468,#1485);
#1131=LINE('',#6470,#1486);
#1132=LINE('',#6473,#1487);
#1133=LINE('',#6474,#1488);
#1134=LINE('',#6477,#1489);
#1135=LINE('',#6479,#1490);
#1136=LINE('',#6481,#1491);
#1137=LINE('',#6482,#1492);
#1138=LINE('',#6484,#1493);
#1139=LINE('',#6488,#1494);
#1140=LINE('',#6490,#1495);
#1141=LINE('',#6492,#1496);
#1142=LINE('',#6493,#1497);
#1143=LINE('',#6505,#1498);
#1144=LINE('',#6506,#1499);
#1145=LINE('',#6508,#1500);
#1146=LINE('',#6510,#1501);
#1147=LINE('',#6513,#1502);
#1148=LINE('',#6516,#1503);
#1149=LINE('',#6518,#1504);
#1150=LINE('',#6519,#1505);
#1151=LINE('',#6531,#1506);
#1152=LINE('',#6533,#1507);
#1153=LINE('',#6536,#1508);
#1154=LINE('',#6538,#1509);
#1155=LINE('',#6540,#1510);
#1156=LINE('',#6542,#1511);
#1157=LINE('',#6544,#1512);
#1158=LINE('',#6549,#1513);
#1159=LINE('',#6550,#1514);
#1160=LINE('',#6553,#1515);
#1161=LINE('',#6554,#1516);
#1162=LINE('',#6557,#1517);
#1163=LINE('',#6558,#1518);
#1164=LINE('',#6561,#1519);
#1165=LINE('',#6563,#1520);
#1166=LINE('',#6564,#1521);
#1167=LINE('',#6568,#1522);
#1168=LINE('',#6572,#1523);
#1169=LINE('',#6575,#1524);
#1170=LINE('',#6577,#1525);
#1171=LINE('',#6578,#1526);
#1172=LINE('',#6582,#1527);
#1173=LINE('',#6586,#1528);
#1174=LINE('',#6588,#1529);
#1175=LINE('',#6590,#1530);
#1176=LINE('',#6596,#1531);
#1177=LINE('',#6599,#1532);
#1178=LINE('',#6603,#1533);
#1179=LINE('',#6607,#1534);
#1180=LINE('',#6610,#1535);
#1181=LINE('',#6611,#1536);
#1182=LINE('',#6615,#1537);
#1183=LINE('',#6616,#1538);
#1184=LINE('',#6617,#1539);
#1185=LINE('',#6619,#1540);
#1186=LINE('',#6620,#1541);
#1187=LINE('',#6622,#1542);
#1188=LINE('',#6623,#1543);
#1189=LINE('',#6631,#1544);
#1190=LINE('',#6633,#1545);
#1191=LINE('',#6635,#1546);
#1192=LINE('',#6637,#1547);
#1193=LINE('',#6638,#1548);
#1194=LINE('',#6639,#1549);
#1195=LINE('',#6641,#1550);
#1196=LINE('',#6642,#1551);
#1197=LINE('',#6651,#1552);
#1198=LINE('',#6653,#1553);
#1199=LINE('',#6655,#1554);
#1200=LINE('',#6657,#1555);
#1201=LINE('',#6658,#1556);
#1202=LINE('',#6665,#1557);
#1203=LINE('',#6666,#1558);
#1204=LINE('',#6675,#1559);
#1205=LINE('',#6677,#1560);
#1206=LINE('',#6679,#1561);
#1207=LINE('',#6681,#1562);
#1208=LINE('',#6683,#1563);
#1209=LINE('',#6684,#1564);
#1210=LINE('',#6689,#1565);
#1211=LINE('',#6691,#1566);
#1212=LINE('',#6692,#1567);
#1213=LINE('',#6694,#1568);
#1214=LINE('',#6696,#1569);
#1215=LINE('',#6701,#1570);
#1216=LINE('',#6702,#1571);
#1217=LINE('',#6706,#1572);
#1218=LINE('',#6708,#1573);
#1219=LINE('',#6710,#1574);
#1220=LINE('',#6711,#1575);
#1221=LINE('',#6716,#1576);
#1222=LINE('',#6722,#1577);
#1223=LINE('',#6725,#1578);
#1224=LINE('',#6728,#1579);
#1225=LINE('',#6732,#1580);
#1226=LINE('',#6733,#1581);
#1227=LINE('',#6735,#1582);
#1228=LINE('',#6739,#1583);
#1229=LINE('',#6741,#1584);
#1230=LINE('',#6743,#1585);
#1231=LINE('',#6745,#1586);
#1232=LINE('',#6747,#1587);
#1233=LINE('',#6748,#1588);
#1234=LINE('',#6749,#1589);
#1235=LINE('',#6752,#1590);
#1236=LINE('',#6753,#1591);
#1237=LINE('',#6755,#1592);
#1238=LINE('',#6757,#1593);
#1239=LINE('',#6758,#1594);
#1240=LINE('',#6761,#1595);
#1241=LINE('',#6763,#1596);
#1242=LINE('',#6765,#1597);
#1243=LINE('',#6767,#1598);
#1244=LINE('',#6769,#1599);
#1245=LINE('',#6770,#1600);
#1246=LINE('',#6775,#1601);
#1247=LINE('',#6776,#1602);
#1248=LINE('',#6778,#1603);
#1249=LINE('',#6780,#1604);
#1250=LINE('',#6783,#1605);
#1251=LINE('',#6786,#1606);
#1252=LINE('',#6787,#1607);
#1253=LINE('',#6788,#1608);
#1254=LINE('',#6790,#1609);
#1255=LINE('',#6793,#1610);
#1256=LINE('',#6795,#1611);
#1257=LINE('',#6797,#1612);
#1258=LINE('',#6798,#1613);
#1259=LINE('',#6802,#1614);
#1260=LINE('',#6803,#1615);
#1261=LINE('',#6805,#1616);
#1262=LINE('',#6807,#1617);
#1263=LINE('',#6815,#1618);
#1264=LINE('',#6817,#1619);
#1265=LINE('',#6818,#1620);
#1266=LINE('',#6821,#1621);
#1267=LINE('',#6823,#1622);
#1268=LINE('',#6825,#1623);
#1269=LINE('',#6827,#1624);
#1270=LINE('',#6829,#1625);
#1271=LINE('',#6830,#1626);
#1272=LINE('',#6839,#1627);
#1273=LINE('',#6843,#1628);
#1274=LINE('',#6846,#1629);
#1275=LINE('',#6849,#1630);
#1276=LINE('',#6851,#1631);
#1277=LINE('',#6853,#1632);
#1278=LINE('',#6854,#1633);
#1279=LINE('',#6894,#1634);
#1280=LINE('',#6903,#1635);
#1281=LINE('',#6904,#1636);
#1282=LINE('',#6907,#1637);
#1283=LINE('',#6908,#1638);
#1284=LINE('',#6910,#1639);
#1285=LINE('',#6916,#1640);
#1286=LINE('',#6920,#1641);
#1287=LINE('',#6922,#1642);
#1288=LINE('',#6923,#1643);
#1289=LINE('',#6933,#1644);
#1290=LINE('',#6934,#1645);
#1291=LINE('',#6936,#1646);
#1292=LINE('',#6938,#1647);
#1293=LINE('',#6943,#1648);
#1294=LINE('',#6947,#1649);
#1295=LINE('',#6949,#1650);
#1296=LINE('',#6954,#1651);
#1297=LINE('',#6958,#1652);
#1298=LINE('',#6959,#1653);
#1299=LINE('',#6962,#1654);
#1300=LINE('',#6963,#1655);
#1301=LINE('',#6965,#1656);
#1302=LINE('',#6968,#1657);
#1303=LINE('',#6972,#1658);
#1304=LINE('',#6976,#1659);
#1305=LINE('',#6980,#1660);
#1306=LINE('',#6984,#1661);
#1307=LINE('',#6988,#1662);
#1308=LINE('',#6992,#1663);
#1309=LINE('',#6996,#1664);
#1310=LINE('',#7000,#1665);
#1311=LINE('',#7004,#1666);
#1312=LINE('',#7008,#1667);
#1313=LINE('',#7012,#1668);
#1314=LINE('',#7016,#1669);
#1315=LINE('',#7020,#1670);
#1316=LINE('',#7024,#1671);
#1317=LINE('',#7028,#1672);
#1318=LINE('',#7032,#1673);
#1319=LINE('',#7036,#1674);
#1320=LINE('',#7042,#1675);
#1321=LINE('',#7046,#1676);
#1322=LINE('',#7069,#1677);
#1323=LINE('',#7070,#1678);
#1324=LINE('',#7071,#1679);
#1325=LINE('',#7073,#1680);
#1326=LINE('',#7075,#1681);
#1327=LINE('',#7080,#1682);
#1328=LINE('',#7083,#1683);
#1329=LINE('',#7084,#1684);
#1330=LINE('',#7087,#1685);
#1331=LINE('',#7088,#1686);
#1332=LINE('',#7092,#1687);
#1333=LINE('',#7094,#1688);
#1334=LINE('',#7098,#1689);
#1335=LINE('',#7100,#1690);
#1336=VECTOR('',#4668,2.094);
#1337=VECTOR('',#4673,4.188);
#1338=VECTOR('',#4678,2.094);
#1339=VECTOR('',#4683,4.188);
#1340=VECTOR('',#4688,2.094);
#1341=VECTOR('',#4693,4.188);
#1342=VECTOR('',#4698,2.094);
#1343=VECTOR('',#4703,4.188);
#1344=VECTOR('',#4706,10.);
#1345=VECTOR('',#4707,10.);
#1346=VECTOR('',#4708,10.);
#1347=VECTOR('',#4709,10.);
#1348=VECTOR('',#4712,10.);
#1349=VECTOR('',#4713,10.);
#1350=VECTOR('',#4714,10.);
#1351=VECTOR('',#4717,10.);
#1352=VECTOR('',#4718,10.);
#1353=VECTOR('',#4719,10.);
#1354=VECTOR('',#4722,10.);
#1355=VECTOR('',#4723,10.);
#1356=VECTOR('',#4732,10.);
#1357=VECTOR('',#4735,10.);
#1358=VECTOR('',#4738,10.);
#1359=VECTOR('',#4739,10.);
#1360=VECTOR('',#4740,10.);
#1361=VECTOR('',#4745,10.);
#1362=VECTOR('',#4754,20.);
#1363=VECTOR('',#4763,20.);
#1364=VECTOR('',#4772,20.);
#1365=VECTOR('',#4781,20.);
#1366=VECTOR('',#4790,20.);
#1367=VECTOR('',#4799,20.);
#1368=VECTOR('',#4808,20.);
#1369=VECTOR('',#4817,20.);
#1370=VECTOR('',#4826,20.);
#1371=VECTOR('',#4835,20.);
#1372=VECTOR('',#4844,20.);
#1373=VECTOR('',#4853,20.);
#1374=VECTOR('',#4862,20.);
#1375=VECTOR('',#4871,20.);
#1376=VECTOR('',#4880,20.);
#1377=VECTOR('',#4889,20.);
#1378=VECTOR('',#4898,20.);
#1379=VECTOR('',#4907,20.);
#1380=VECTOR('',#4914,10.);
#1381=VECTOR('',#4917,10.);
#1382=VECTOR('',#4920,10.);
#1383=VECTOR('',#4921,10.);
#1384=VECTOR('',#4922,10.);
#1385=VECTOR('',#4925,10.);
#1386=VECTOR('',#4926,10.);
#1387=VECTOR('',#4927,10.);
#1388=VECTOR('',#4934,10.);
#1389=VECTOR('',#4939,10.);
#1390=VECTOR('',#4944,10.);
#1391=VECTOR('',#4945,10.);
#1392=VECTOR('',#4946,10.);
#1393=VECTOR('',#4953,10.);
#1394=VECTOR('',#4956,10.);
#1395=VECTOR('',#4963,10.);
#1396=VECTOR('',#4964,10.);
#1397=VECTOR('',#4965,10.);
#1398=VECTOR('',#4968,10.);
#1399=VECTOR('',#4983,10.);
#1400=VECTOR('',#4990,10.);
#1401=VECTOR('',#4995,10.);
#1402=VECTOR('',#4996,10.);
#1403=VECTOR('',#5011,10.);
#1404=VECTOR('',#5020,10.);
#1405=VECTOR('',#5023,10.);
#1406=VECTOR('',#5034,10.);
#1407=VECTOR('',#5037,10.);
#1408=VECTOR('',#5046,10.);
#1409=VECTOR('',#5051,10.);
#1410=VECTOR('',#5052,10.);
#1411=VECTOR('',#5055,10.);
#1412=VECTOR('',#5072,10.);
#1413=VECTOR('',#5075,10.);
#1414=VECTOR('',#5078,10.);
#1415=VECTOR('',#5081,10.);
#1416=VECTOR('',#5084,10.);
#1417=VECTOR('',#5085,10.);
#1418=VECTOR('',#5086,10.);
#1419=VECTOR('',#5087,10.);
#1420=VECTOR('',#5090,10.);
#1421=VECTOR('',#5091,10.);
#1422=VECTOR('',#5096,10.);
#1423=VECTOR('',#5099,10.);
#1424=VECTOR('',#5100,10.);
#1425=VECTOR('',#5105,10.);
#1426=VECTOR('',#5122,10.);
#1427=VECTOR('',#5141,10.);
#1428=VECTOR('',#5142,10.);
#1429=VECTOR('',#5143,10.);
#1430=VECTOR('',#5144,10.);
#1431=VECTOR('',#5145,10.);
#1432=VECTOR('',#5150,10.);
#1433=VECTOR('',#5151,10.);
#1434=VECTOR('',#5152,10.);
#1435=VECTOR('',#5153,10.);
#1436=VECTOR('',#5154,10.);
#1437=VECTOR('',#5159,10.);
#1438=VECTOR('',#5162,10.);
#1439=VECTOR('',#5163,10.);
#1440=VECTOR('',#5166,10.);
#1441=VECTOR('',#5167,10.);
#1442=VECTOR('',#5168,10.);
#1443=VECTOR('',#5169,10.);
#1444=VECTOR('',#5170,10.);
#1445=VECTOR('',#5171,10.);
#1446=VECTOR('',#5174,10.);
#1447=VECTOR('',#5175,10.);
#1448=VECTOR('',#5176,10.);
#1449=VECTOR('',#5177,10.);
#1450=VECTOR('',#5178,10.);
#1451=VECTOR('',#5183,10.);
#1452=VECTOR('',#5184,10.);
#1453=VECTOR('',#5185,10.);
#1454=VECTOR('',#5190,10.);
#1455=VECTOR('',#5193,10.);
#1456=VECTOR('',#5194,10.);
#1457=VECTOR('',#5195,10.);
#1458=VECTOR('',#5196,10.);
#1459=VECTOR('',#5199,10.);
#1460=VECTOR('',#5200,10.);
#1461=VECTOR('',#5201,10.);
#1462=VECTOR('',#5202,10.);
#1463=VECTOR('',#5203,10.);
#1464=VECTOR('',#5204,10.);
#1465=VECTOR('',#5207,10.);
#1466=VECTOR('',#5208,10.);
#1467=VECTOR('',#5211,10.);
#1468=VECTOR('',#5212,10.);
#1469=VECTOR('',#5213,10.);
#1470=VECTOR('',#5216,10.);
#1471=VECTOR('',#5217,10.);
#1472=VECTOR('',#5220,10.);
#1473=VECTOR('',#5221,10.);
#1474=VECTOR('',#5224,10.);
#1475=VECTOR('',#5225,10.);
#1476=VECTOR('',#5226,10.);
#1477=VECTOR('',#5229,10.);
#1478=VECTOR('',#5230,10.);
#1479=VECTOR('',#5233,10.);
#1480=VECTOR('',#5234,10.);
#1481=VECTOR('',#5237,10.);
#1482=VECTOR('',#5240,10.);
#1483=VECTOR('',#5241,10.);
#1484=VECTOR('',#5242,10.);
#1485=VECTOR('',#5243,10.);
#1486=VECTOR('',#5246,10.);
#1487=VECTOR('',#5249,10.);
#1488=VECTOR('',#5250,10.);
#1489=VECTOR('',#5253,10.);
#1490=VECTOR('',#5254,10.);
#1491=VECTOR('',#5255,10.);
#1492=VECTOR('',#5256,10.);
#1493=VECTOR('',#5259,10.);
#1494=VECTOR('',#5262,10.);
#1495=VECTOR('',#5263,10.);
#1496=VECTOR('',#5264,10.);
#1497=VECTOR('',#5265,10.);
#1498=VECTOR('',#5278,10.);
#1499=VECTOR('',#5279,10.);
#1500=VECTOR('',#5282,10.);
#1501=VECTOR('',#5285,10.);
#1502=VECTOR('',#5290,10.);
#1503=VECTOR('',#5293,10.);
#1504=VECTOR('',#5294,10.);
#1505=VECTOR('',#5295,10.);
#1506=VECTOR('',#5308,10.);
#1507=VECTOR('',#5311,10.);
#1508=VECTOR('',#5316,5.0940505);
#1509=VECTOR('',#5319,5.0940505);
#1510=VECTOR('',#5322,5.0940505);
#1511=VECTOR('',#5325,5.0940505);
#1512=VECTOR('',#5328,17.5);
#1513=VECTOR('',#5333,10.);
#1514=VECTOR('',#5334,10.);
#1515=VECTOR('',#5337,10.);
#1516=VECTOR('',#5338,10.);
#1517=VECTOR('',#5341,10.);
#1518=VECTOR('',#5342,10.);
#1519=VECTOR('',#5345,10.);
#1520=VECTOR('',#5346,10.);
#1521=VECTOR('',#5347,10.);
#1522=VECTOR('',#5352,10.);
#1523=VECTOR('',#5357,10.);
#1524=VECTOR('',#5360,10.);
#1525=VECTOR('',#5361,10.);
#1526=VECTOR('',#5362,10.);
#1527=VECTOR('',#5365,10.);
#1528=VECTOR('',#5368,10.);
#1529=VECTOR('',#5369,10.);
#1530=VECTOR('',#5370,10.);
#1531=VECTOR('',#5377,10.);
#1532=VECTOR('',#5380,10.);
#1533=VECTOR('',#5383,10.);
#1534=VECTOR('',#5386,10.);
#1535=VECTOR('',#5389,10.);
#1536=VECTOR('',#5390,10.);
#1537=VECTOR('',#5393,10.);
#1538=VECTOR('',#5394,10.);
#1539=VECTOR('',#5395,10.);
#1540=VECTOR('',#5396,10.);
#1541=VECTOR('',#5397,10.);
#1542=VECTOR('',#5400,10.);
#1543=VECTOR('',#5401,10.);
#1544=VECTOR('',#5410,10.);
#1545=VECTOR('',#5411,10.);
#1546=VECTOR('',#5412,10.);
#1547=VECTOR('',#5413,10.);
#1548=VECTOR('',#5414,10.);
#1549=VECTOR('',#5415,10.);
#1550=VECTOR('',#5418,10.);
#1551=VECTOR('',#5419,10.);
#1552=VECTOR('',#5430,10.);
#1553=VECTOR('',#5431,10.);
#1554=VECTOR('',#5432,10.);
#1555=VECTOR('',#5433,10.);
#1556=VECTOR('',#5434,10.);
#1557=VECTOR('',#5443,10.);
#1558=VECTOR('',#5444,10.);
#1559=VECTOR('',#5455,10.);
#1560=VECTOR('',#5456,10.);
#1561=VECTOR('',#5457,10.);
#1562=VECTOR('',#5458,10.);
#1563=VECTOR('',#5459,10.);
#1564=VECTOR('',#5460,10.);
#1565=VECTOR('',#5465,10.);
#1566=VECTOR('',#5466,10.);
#1567=VECTOR('',#5467,10.);
#1568=VECTOR('',#5470,10.);
#1569=VECTOR('',#5473,10.);
#1570=VECTOR('',#5478,10.);
#1571=VECTOR('',#5479,10.);
#1572=VECTOR('',#5482,10.);
#1573=VECTOR('',#5485,10.);
#1574=VECTOR('',#5486,10.);
#1575=VECTOR('',#5487,10.);
#1576=VECTOR('',#5494,10.);
#1577=VECTOR('',#5501,10.);
#1578=VECTOR('',#5504,10.);
#1579=VECTOR('',#5509,10.);
#1580=VECTOR('',#5512,10.);
#1581=VECTOR('',#5513,10.);
#1582=VECTOR('',#5514,10.);
#1583=VECTOR('',#5519,10.);
#1584=VECTOR('',#5520,10.);
#1585=VECTOR('',#5521,10.);
#1586=VECTOR('',#5522,10.);
#1587=VECTOR('',#5523,10.);
#1588=VECTOR('',#5524,10.);
#1589=VECTOR('',#5525,10.);
#1590=VECTOR('',#5528,10.);
#1591=VECTOR('',#5529,10.);
#1592=VECTOR('',#5530,10.);
#1593=VECTOR('',#5531,10.);
#1594=VECTOR('',#5532,10.);
#1595=VECTOR('',#5535,10.);
#1596=VECTOR('',#5536,10.);
#1597=VECTOR('',#5537,10.);
#1598=VECTOR('',#5538,10.);
#1599=VECTOR('',#5539,10.);
#1600=VECTOR('',#5540,10.);
#1601=VECTOR('',#5545,10.);
#1602=VECTOR('',#5546,10.);
#1603=VECTOR('',#5549,10.);
#1604=VECTOR('',#5550,10.);
#1605=VECTOR('',#5553,10.);
#1606=VECTOR('',#5556,10.);
#1607=VECTOR('',#5557,10.);
#1608=VECTOR('',#5558,10.);
#1609=VECTOR('',#5561,10.);
#1610=VECTOR('',#5562,10.);
#1611=VECTOR('',#5563,10.);
#1612=VECTOR('',#5564,10.);
#1613=VECTOR('',#5565,10.);
#1614=VECTOR('',#5570,10.);
#1615=VECTOR('',#5571,10.);
#1616=VECTOR('',#5574,10.);
#1617=VECTOR('',#5577,10.);
#1618=VECTOR('',#5588,10.);
#1619=VECTOR('',#5589,10.);
#1620=VECTOR('',#5590,10.);
#1621=VECTOR('',#5593,10.);
#1622=VECTOR('',#5594,10.);
#1623=VECTOR('',#5595,10.);
#1624=VECTOR('',#5596,10.);
#1625=VECTOR('',#5597,10.);
#1626=VECTOR('',#5598,10.);
#1627=VECTOR('',#5609,10.);
#1628=VECTOR('',#5612,10.);
#1629=VECTOR('',#5615,10.);
#1630=VECTOR('',#5616,10.);
#1631=VECTOR('',#5617,10.);
#1632=VECTOR('',#5618,10.);
#1633=VECTOR('',#5619,10.);
#1634=VECTOR('',#5662,10.);
#1635=VECTOR('',#5673,10.);
#1636=VECTOR('',#5674,10.);
#1637=VECTOR('',#5677,10.);
#1638=VECTOR('',#5678,10.);
#1639=VECTOR('',#5681,10.);
#1640=VECTOR('',#5688,10.);
#1641=VECTOR('',#5693,10.);
#1642=VECTOR('',#5694,10.);
#1643=VECTOR('',#5695,10.);
#1644=VECTOR('',#5710,10.);
#1645=VECTOR('',#5711,10.);
#1646=VECTOR('',#5714,10.);
#1647=VECTOR('',#5717,10.);
#1648=VECTOR('',#5724,10.);
#1649=VECTOR('',#5731,10.);
#1650=VECTOR('',#5734,10.);
#1651=VECTOR('',#5741,10.);
#1652=VECTOR('',#5746,10.);
#1653=VECTOR('',#5747,10.);
#1654=VECTOR('',#5750,10.);
#1655=VECTOR('',#5751,10.);
#1656=VECTOR('',#5754,10.);
#1657=VECTOR('',#5757,20.);
#1658=VECTOR('',#5762,20.);
#1659=VECTOR('',#5767,20.);
#1660=VECTOR('',#5772,20.);
#1661=VECTOR('',#5777,20.);
#1662=VECTOR('',#5782,20.);
#1663=VECTOR('',#5787,20.);
#1664=VECTOR('',#5792,20.);
#1665=VECTOR('',#5797,20.);
#1666=VECTOR('',#5802,20.);
#1667=VECTOR('',#5807,20.);
#1668=VECTOR('',#5812,20.);
#1669=VECTOR('',#5817,20.);
#1670=VECTOR('',#5822,20.);
#1671=VECTOR('',#5827,20.);
#1672=VECTOR('',#5832,20.);
#1673=VECTOR('',#5837,20.);
#1674=VECTOR('',#5842,20.);
#1675=VECTOR('',#5853,10.);
#1676=VECTOR('',#5860,10.);
#1677=VECTOR('',#5901,10.);
#1678=VECTOR('',#5902,10.);
#1679=VECTOR('',#5903,10.);
#1680=VECTOR('',#5906,10.);
#1681=VECTOR('',#5909,10.);
#1682=VECTOR('',#5914,10.);
#1683=VECTOR('',#5917,10.);
#1684=VECTOR('',#5918,10.);
#1685=VECTOR('',#5921,10.);
#1686=VECTOR('',#5922,10.);
#1687=VECTOR('',#5927,10.);
#1688=VECTOR('',#5930,10.);
#1689=VECTOR('',#5935,10.);
#1690=VECTOR('',#5938,10.);
#1691=CIRCLE('',#4202,4.188);
#1692=CIRCLE('',#4204,4.188);
#1693=CIRCLE('',#4206,4.188);
#1694=CIRCLE('',#4208,4.188);
#1695=CIRCLE('',#4210,4.188);
#1696=CIRCLE('',#4212,4.188);
#1697=CIRCLE('',#4214,4.188);
#1698=CIRCLE('',#4216,4.188);
#1699=CIRCLE('',#4224,200.);
#1700=CIRCLE('',#4225,200.);
#1701=CIRCLE('',#4228,110.);
#1702=CIRCLE('',#4229,110.);
#1703=CIRCLE('',#4231,20.);
#1704=CIRCLE('',#4233,20.);
#1705=CIRCLE('',#4235,20.);
#1706=CIRCLE('',#4237,20.);
#1707=CIRCLE('',#4239,20.);
#1708=CIRCLE('',#4241,20.);
#1709=CIRCLE('',#4243,20.);
#1710=CIRCLE('',#4245,20.);
#1711=CIRCLE('',#4247,20.);
#1712=CIRCLE('',#4249,20.);
#1713=CIRCLE('',#4251,20.);
#1714=CIRCLE('',#4253,20.);
#1715=CIRCLE('',#4255,20.);
#1716=CIRCLE('',#4257,20.);
#1717=CIRCLE('',#4259,20.);
#1718=CIRCLE('',#4261,20.);
#1719=CIRCLE('',#4263,20.);
#1720=CIRCLE('',#4265,20.);
#1721=CIRCLE('',#4267,20.);
#1722=CIRCLE('',#4269,20.);
#1723=CIRCLE('',#4271,20.);
#1724=CIRCLE('',#4273,20.);
#1725=CIRCLE('',#4275,20.);
#1726=CIRCLE('',#4277,20.);
#1727=CIRCLE('',#4279,20.);
#1728=CIRCLE('',#4281,20.);
#1729=CIRCLE('',#4283,20.);
#1730=CIRCLE('',#4285,20.);
#1731=CIRCLE('',#4287,20.);
#1732=CIRCLE('',#4289,20.);
#1733=CIRCLE('',#4291,20.);
#1734=CIRCLE('',#4293,20.);
#1735=CIRCLE('',#4295,20.);
#1736=CIRCLE('',#4297,20.);
#1737=CIRCLE('',#4299,20.);
#1738=CIRCLE('',#4301,20.);
#1739=CIRCLE('',#4303,200.);
#1740=CIRCLE('',#4304,200.);
#1741=CIRCLE('',#4308,200.);
#1742=CIRCLE('',#4309,200.);
#1743=CIRCLE('',#4311,110.);
#1744=CIRCLE('',#4312,110.);
#1745=CIRCLE('',#4315,110.);
#1746=CIRCLE('',#4316,110.);
#1747=CIRCLE('',#4318,45.0000000000001);
#1748=CIRCLE('',#4319,45.0000000000001);
#1749=CIRCLE('',#4322,45.);
#1750=CIRCLE('',#4323,45.);
#1751=CIRCLE('',#4325,240.);
#1752=CIRCLE('',#4326,45.0000000000001);
#1753=CIRCLE('',#4328,240.);
#1754=CIRCLE('',#4330,45.);
#1755=CIRCLE('',#4332,45.0000000000001);
#1756=CIRCLE('',#4335,45.);
#1757=CIRCLE('',#4337,150.);
#1758=CIRCLE('',#4338,45.0000000000001);
#1759=CIRCLE('',#4340,150.);
#1760=CIRCLE('',#4342,45.);
#1761=CIRCLE('',#4344,45.);
#1762=CIRCLE('',#4345,45.);
#1763=CIRCLE('',#4347,45.0000000000001);
#1764=CIRCLE('',#4348,150.);
#1765=CIRCLE('',#4349,45.0000000000001);
#1766=CIRCLE('',#4351,150.);
#1767=CIRCLE('',#4353,110.);
#1768=CIRCLE('',#4354,45.);
#1769=CIRCLE('',#4356,45.0000000000001);
#1770=CIRCLE('',#4359,45.);
#1771=CIRCLE('',#4361,240.);
#1772=CIRCLE('',#4363,240.);
#1773=CIRCLE('',#4365,200.);
#1774=CIRCLE('',#4367,190.);
#1775=CIRCLE('',#4368,100.);
#1776=CIRCLE('',#4369,100.);
#1777=CIRCLE('',#4370,190.);
#1778=CIRCLE('',#4373,200.);
#1779=CIRCLE('',#4376,110.);
#1780=CIRCLE('',#4378,10.);
#1781=CIRCLE('',#4379,10.);
#1782=CIRCLE('',#4381,10.);
#1783=CIRCLE('',#4383,10.);
#1784=CIRCLE('',#4385,10.);
#1785=CIRCLE('',#4387,10.);
#1786=CIRCLE('',#4389,10.);
#1787=CIRCLE('',#4391,10.);
#1788=CIRCLE('',#4394,190.);
#1789=CIRCLE('',#4397,190.);
#1790=CIRCLE('',#4401,190.);
#1791=CIRCLE('',#4404,190.);
#1792=CIRCLE('',#4421,17.5);
#1793=CIRCLE('',#4422,5.0940505);
#1794=CIRCLE('',#4423,5.0940505);
#1795=CIRCLE('',#4424,5.0940505);
#1796=CIRCLE('',#4425,5.0940505);
#1797=CIRCLE('',#4432,17.5);
#1798=CIRCLE('',#4433,5.0940505);
#1799=CIRCLE('',#4434,5.0940505);
#1800=CIRCLE('',#4435,5.0940505);
#1801=CIRCLE('',#4436,5.0940505);
#1802=CIRCLE('',#4446,45.);
#1803=CIRCLE('',#4451,45.0000000000001);
#1804=CIRCLE('',#4453,45.0000000000001);
#1805=CIRCLE('',#4456,40.);
#1806=CIRCLE('',#4457,40.);
#1807=CIRCLE('',#4459,195.);
#1808=CIRCLE('',#4460,195.);
#1809=CIRCLE('',#4462,40.0000000000001);
#1810=CIRCLE('',#4463,40.0000000000001);
#1811=CIRCLE('',#4467,40.);
#1812=CIRCLE('',#4468,235.);
#1813=CIRCLE('',#4472,40.);
#1814=CIRCLE('',#4473,195.);
#1815=CIRCLE('',#4474,235.);
#1816=CIRCLE('',#4477,235.);
#1817=CIRCLE('',#4478,40.0000000000001);
#1818=CIRCLE('',#4481,195.);
#1819=CIRCLE('',#4482,40.0000000000001);
#1820=CIRCLE('',#4483,235.);
#1821=CIRCLE('',#4486,195.);
#1822=CIRCLE('',#4490,40.);
#1823=CIRCLE('',#4492,195.);
#1824=CIRCLE('',#4495,195.);
#1825=CIRCLE('',#4497,5.);
#1826=CIRCLE('',#4498,5.);
#1827=CIRCLE('',#4500,195.);
#1828=CIRCLE('',#4503,40.);
#1829=CIRCLE('',#4508,40.0000000000001);
#1830=CIRCLE('',#4510,40.0000000000001);
#1831=CIRCLE('',#4518,40.);
#1832=CIRCLE('',#4519,145.);
#1833=CIRCLE('',#4520,105.);
#1834=CIRCLE('',#4524,190.);
#1835=CIRCLE('',#4525,5.);
#1836=CIRCLE('',#4527,190.);
#1837=CIRCLE('',#4528,100.);
#1838=CIRCLE('',#4529,100.);
#1839=CIRCLE('',#4530,15.);
#1840=CIRCLE('',#4531,15.);
#1841=CIRCLE('',#4532,15.);
#1842=CIRCLE('',#4533,15.);
#1843=CIRCLE('',#4534,15.);
#1844=CIRCLE('',#4535,15.);
#1845=CIRCLE('',#4536,15.);
#1846=CIRCLE('',#4537,15.);
#1847=CIRCLE('',#4538,15.);
#1848=CIRCLE('',#4539,15.);
#1849=CIRCLE('',#4540,15.);
#1850=CIRCLE('',#4541,15.);
#1851=CIRCLE('',#4542,15.);
#1852=CIRCLE('',#4543,15.);
#1853=CIRCLE('',#4544,15.);
#1854=CIRCLE('',#4545,15.);
#1855=CIRCLE('',#4546,15.);
#1856=CIRCLE('',#4547,15.);
#1857=CIRCLE('',#4549,5.);
#1858=CIRCLE('',#4552,105.);
#1859=CIRCLE('',#4553,145.);
#1860=CIRCLE('',#4554,40.);
#1861=CIRCLE('',#4560,105.);
#1862=CIRCLE('',#4561,105.);
#1863=CIRCLE('',#4564,145.);
#1864=CIRCLE('',#4565,40.0000000000001);
#1865=CIRCLE('',#4567,40.0000000000001);
#1866=CIRCLE('',#4568,145.);
#1867=CIRCLE('',#4574,105.);
#1868=CIRCLE('',#4576,5.);
#1869=CIRCLE('',#4580,5.);
#1870=CIRCLE('',#4582,105.);
#1871=CIRCLE('',#4587,15.);
#1872=CIRCLE('',#4589,15.);
#1873=CIRCLE('',#4591,15.);
#1874=CIRCLE('',#4593,15.);
#1875=CIRCLE('',#4595,15.);
#1876=CIRCLE('',#4597,15.);
#1877=CIRCLE('',#4599,15.);
#1878=CIRCLE('',#4601,15.);
#1879=CIRCLE('',#4603,15.);
#1880=CIRCLE('',#4605,15.);
#1881=CIRCLE('',#4607,15.);
#1882=CIRCLE('',#4609,15.);
#1883=CIRCLE('',#4611,15.);
#1884=CIRCLE('',#4613,15.);
#1885=CIRCLE('',#4615,15.);
#1886=CIRCLE('',#4617,15.);
#1887=CIRCLE('',#4619,15.);
#1888=CIRCLE('',#4621,15.);
#1889=CIRCLE('',#4623,5.);
#1890=CIRCLE('',#4625,5.);
#1891=CIRCLE('',#4652,40.);
#1892=CIRCLE('',#4653,40.);
#1893=CIRCLE('',#4656,40.0000000000001);
#1894=CIRCLE('',#4659,40.0000000000001);
#1895=VERTEX_POINT('',#5943);
#1896=VERTEX_POINT('',#5945);
#1897=VERTEX_POINT('',#5948);
#1898=VERTEX_POINT('',#5952);
#1899=VERTEX_POINT('',#5954);
#1900=VERTEX_POINT('',#5957);
#1901=VERTEX_POINT('',#5961);
#1902=VERTEX_POINT('',#5963);
#1903=VERTEX_POINT('',#5966);
#1904=VERTEX_POINT('',#5970);
#1905=VERTEX_POINT('',#5972);
#1906=VERTEX_POINT('',#5975);
#1907=VERTEX_POINT('',#5979);
#1908=VERTEX_POINT('',#5980);
#1909=VERTEX_POINT('',#5982);
#1910=VERTEX_POINT('',#5984);
#1911=VERTEX_POINT('',#5988);
#1912=VERTEX_POINT('',#5990);
#1913=VERTEX_POINT('',#5994);
#1914=VERTEX_POINT('',#5996);
#1915=VERTEX_POINT('',#6005);
#1916=VERTEX_POINT('',#6006);
#1917=VERTEX_POINT('',#6008);
#1918=VERTEX_POINT('',#6010);
#1919=VERTEX_POINT('',#6014);
#1920=VERTEX_POINT('',#6016);
#1921=VERTEX_POINT('',#6020);
#1922=VERTEX_POINT('',#6022);
#1923=VERTEX_POINT('',#6026);
#1924=VERTEX_POINT('',#6029);
#1925=VERTEX_POINT('',#6033);
#1926=VERTEX_POINT('',#6036);
#1927=VERTEX_POINT('',#6040);
#1928=VERTEX_POINT('',#6043);
#1929=VERTEX_POINT('',#6047);
#1930=VERTEX_POINT('',#6050);
#1931=VERTEX_POINT('',#6054);
#1932=VERTEX_POINT('',#6057);
#1933=VERTEX_POINT('',#6061);
#1934=VERTEX_POINT('',#6064);
#1935=VERTEX_POINT('',#6068);
#1936=VERTEX_POINT('',#6071);
#1937=VERTEX_POINT('',#6075);
#1938=VERTEX_POINT('',#6078);
#1939=VERTEX_POINT('',#6082);
#1940=VERTEX_POINT('',#6085);
#1941=VERTEX_POINT('',#6089);
#1942=VERTEX_POINT('',#6092);
#1943=VERTEX_POINT('',#6096);
#1944=VERTEX_POINT('',#6099);
#1945=VERTEX_POINT('',#6103);
#1946=VERTEX_POINT('',#6106);
#1947=VERTEX_POINT('',#6110);
#1948=VERTEX_POINT('',#6113);
#1949=VERTEX_POINT('',#6117);
#1950=VERTEX_POINT('',#6120);
#1951=VERTEX_POINT('',#6124);
#1952=VERTEX_POINT('',#6127);
#1953=VERTEX_POINT('',#6131);
#1954=VERTEX_POINT('',#6134);
#1955=VERTEX_POINT('',#6138);
#1956=VERTEX_POINT('',#6141);
#1957=VERTEX_POINT('',#6145);
#1958=VERTEX_POINT('',#6148);
#1959=VERTEX_POINT('',#6152);
#1960=VERTEX_POINT('',#6153);
#1961=VERTEX_POINT('',#6155);
#1962=VERTEX_POINT('',#6157);
#1963=VERTEX_POINT('',#6161);
#1964=VERTEX_POINT('',#6163);
#1965=VERTEX_POINT('',#6167);
#1966=VERTEX_POINT('',#6169);
#1967=VERTEX_POINT('',#6173);
#1968=VERTEX_POINT('',#6175);
#1969=VERTEX_POINT('',#6179);
#1970=VERTEX_POINT('',#6181);
#1971=VERTEX_POINT('',#6185);
#1972=VERTEX_POINT('',#6187);
#1973=VERTEX_POINT('',#6191);
#1974=VERTEX_POINT('',#6193);
#1975=VERTEX_POINT('',#6197);
#1976=VERTEX_POINT('',#6198);
#1977=VERTEX_POINT('',#6203);
#1978=VERTEX_POINT('',#6204);
#1979=VERTEX_POINT('',#6209);
#1980=VERTEX_POINT('',#6214);
#1981=VERTEX_POINT('',#6218);
#1982=VERTEX_POINT('',#6224);
#1983=VERTEX_POINT('',#6228);
#1984=VERTEX_POINT('',#6234);
#1985=VERTEX_POINT('',#6238);
#1986=VERTEX_POINT('',#6244);
#1987=VERTEX_POINT('',#6245);
#1988=VERTEX_POINT('',#6247);
#1989=VERTEX_POINT('',#6249);
#1990=VERTEX_POINT('',#6253);
#1991=VERTEX_POINT('',#6255);
#1992=VERTEX_POINT('',#6260);
#1993=VERTEX_POINT('',#6264);
#1994=VERTEX_POINT('',#6268);
#1995=VERTEX_POINT('',#6272);
#1996=VERTEX_POINT('',#6276);
#1997=VERTEX_POINT('',#6286);
#1998=VERTEX_POINT('',#6287);
#1999=VERTEX_POINT('',#6289);
#2000=VERTEX_POINT('',#6291);
#2001=VERTEX_POINT('',#6293);
#2002=VERTEX_POINT('',#6295);
#2003=VERTEX_POINT('',#6297);
#2004=VERTEX_POINT('',#6299);
#2005=VERTEX_POINT('',#6302);
#2006=VERTEX_POINT('',#6303);
#2007=VERTEX_POINT('',#6305);
#2008=VERTEX_POINT('',#6307);
#2009=VERTEX_POINT('',#6311);
#2010=VERTEX_POINT('',#6315);
#2011=VERTEX_POINT('',#6319);
#2012=VERTEX_POINT('',#6323);
#2013=VERTEX_POINT('',#6344);
#2014=VERTEX_POINT('',#6345);
#2015=VERTEX_POINT('',#6347);
#2016=VERTEX_POINT('',#6349);
#2017=VERTEX_POINT('',#6351);
#2018=VERTEX_POINT('',#6353);
#2019=VERTEX_POINT('',#6357);
#2020=VERTEX_POINT('',#6358);
#2021=VERTEX_POINT('',#6360);
#2022=VERTEX_POINT('',#6362);
#2023=VERTEX_POINT('',#6367);
#2024=VERTEX_POINT('',#6371);
#2025=VERTEX_POINT('',#6375);
#2026=VERTEX_POINT('',#6376);
#2027=VERTEX_POINT('',#6379);
#2028=VERTEX_POINT('',#6381);
#2029=VERTEX_POINT('',#6383);
#2030=VERTEX_POINT('',#6387);
#2031=VERTEX_POINT('',#6388);
#2032=VERTEX_POINT('',#6390);
#2033=VERTEX_POINT('',#6392);
#2034=VERTEX_POINT('',#6394);
#2035=VERTEX_POINT('',#6396);
#2036=VERTEX_POINT('',#6400);
#2037=VERTEX_POINT('',#6401);
#2038=VERTEX_POINT('',#6406);
#2039=VERTEX_POINT('',#6410);
#2040=VERTEX_POINT('',#6412);
#2041=VERTEX_POINT('',#6414);
#2042=VERTEX_POINT('',#6418);
#2043=VERTEX_POINT('',#6420);
#2044=VERTEX_POINT('',#6422);
#2045=VERTEX_POINT('',#6424);
#2046=VERTEX_POINT('',#6426);
#2047=VERTEX_POINT('',#6430);
#2048=VERTEX_POINT('',#6434);
#2049=VERTEX_POINT('',#6436);
#2050=VERTEX_POINT('',#6440);
#2051=VERTEX_POINT('',#6444);
#2052=VERTEX_POINT('',#6448);
#2053=VERTEX_POINT('',#6450);
#2054=VERTEX_POINT('',#6454);
#2055=VERTEX_POINT('',#6458);
#2056=VERTEX_POINT('',#6465);
#2057=VERTEX_POINT('',#6472);
#2058=VERTEX_POINT('',#6476);
#2059=VERTEX_POINT('',#6478);
#2060=VERTEX_POINT('',#6480);
#2061=VERTEX_POINT('',#6486);
#2062=VERTEX_POINT('',#6487);
#2063=VERTEX_POINT('',#6489);
#2064=VERTEX_POINT('',#6491);
#2065=VERTEX_POINT('',#6494);
#2066=VERTEX_POINT('',#6496);
#2067=VERTEX_POINT('',#6498);
#2068=VERTEX_POINT('',#6500);
#2069=VERTEX_POINT('',#6502);
#2070=VERTEX_POINT('',#6515);
#2071=VERTEX_POINT('',#6517);
#2072=VERTEX_POINT('',#6520);
#2073=VERTEX_POINT('',#6522);
#2074=VERTEX_POINT('',#6524);
#2075=VERTEX_POINT('',#6526);
#2076=VERTEX_POINT('',#6528);
#2077=VERTEX_POINT('',#6546);
#2078=VERTEX_POINT('',#6547);
#2079=VERTEX_POINT('',#6552);
#2080=VERTEX_POINT('',#6556);
#2081=VERTEX_POINT('',#6560);
#2082=VERTEX_POINT('',#6562);
#2083=VERTEX_POINT('',#6566);
#2084=VERTEX_POINT('',#6570);
#2085=VERTEX_POINT('',#6574);
#2086=VERTEX_POINT('',#6576);
#2087=VERTEX_POINT('',#6580);
#2088=VERTEX_POINT('',#6581);
#2089=VERTEX_POINT('',#6583);
#2090=VERTEX_POINT('',#6585);
#2091=VERTEX_POINT('',#6587);
#2092=VERTEX_POINT('',#6589);
#2093=VERTEX_POINT('',#6593);
#2094=VERTEX_POINT('',#6595);
#2095=VERTEX_POINT('',#6597);
#2096=VERTEX_POINT('',#6601);
#2097=VERTEX_POINT('',#6602);
#2098=VERTEX_POINT('',#6604);
#2099=VERTEX_POINT('',#6606);
#2100=VERTEX_POINT('',#6609);
#2101=VERTEX_POINT('',#6613);
#2102=VERTEX_POINT('',#6614);
#2103=VERTEX_POINT('',#6618);
#2104=VERTEX_POINT('',#6625);
#2105=VERTEX_POINT('',#6629);
#2106=VERTEX_POINT('',#6630);
#2107=VERTEX_POINT('',#6632);
#2108=VERTEX_POINT('',#6634);
#2109=VERTEX_POINT('',#6636);
#2110=VERTEX_POINT('',#6644);
#2111=VERTEX_POINT('',#6645);
#2112=VERTEX_POINT('',#6650);
#2113=VERTEX_POINT('',#6652);
#2114=VERTEX_POINT('',#6654);
#2115=VERTEX_POINT('',#6656);
#2116=VERTEX_POINT('',#6660);
#2117=VERTEX_POINT('',#6664);
#2118=VERTEX_POINT('',#6668);
#2119=VERTEX_POINT('',#6670);
#2120=VERTEX_POINT('',#6674);
#2121=VERTEX_POINT('',#6676);
#2122=VERTEX_POINT('',#6678);
#2123=VERTEX_POINT('',#6680);
#2124=VERTEX_POINT('',#6682);
#2125=VERTEX_POINT('',#6686);
#2126=VERTEX_POINT('',#6688);
#2127=VERTEX_POINT('',#6690);
#2128=VERTEX_POINT('',#6698);
#2129=VERTEX_POINT('',#6699);
#2130=VERTEX_POINT('',#6704);
#2131=VERTEX_POINT('',#6705);
#2132=VERTEX_POINT('',#6709);
#2133=VERTEX_POINT('',#6714);
#2134=VERTEX_POINT('',#6718);
#2135=VERTEX_POINT('',#6720);
#2136=VERTEX_POINT('',#6724);
#2137=VERTEX_POINT('',#6730);
#2138=VERTEX_POINT('',#6731);
#2139=VERTEX_POINT('',#6734);
#2140=VERTEX_POINT('',#6738);
#2141=VERTEX_POINT('',#6740);
#2142=VERTEX_POINT('',#6742);
#2143=VERTEX_POINT('',#6744);
#2144=VERTEX_POINT('',#6746);
#2145=VERTEX_POINT('',#6751);
#2146=VERTEX_POINT('',#6754);
#2147=VERTEX_POINT('',#6756);
#2148=VERTEX_POINT('',#6760);
#2149=VERTEX_POINT('',#6762);
#2150=VERTEX_POINT('',#6764);
#2151=VERTEX_POINT('',#6766);
#2152=VERTEX_POINT('',#6768);
#2153=VERTEX_POINT('',#6772);
#2154=VERTEX_POINT('',#6773);
#2155=VERTEX_POINT('',#6779);
#2156=VERTEX_POINT('',#6781);
#2157=VERTEX_POINT('',#6785);
#2158=VERTEX_POINT('',#6791);
#2159=VERTEX_POINT('',#6792);
#2160=VERTEX_POINT('',#6794);
#2161=VERTEX_POINT('',#6796);
#2162=VERTEX_POINT('',#6801);
#2163=VERTEX_POINT('',#6809);
#2164=VERTEX_POINT('',#6810);
#2165=VERTEX_POINT('',#6816);
#2166=VERTEX_POINT('',#6820);
#2167=VERTEX_POINT('',#6822);
#2168=VERTEX_POINT('',#6824);
#2169=VERTEX_POINT('',#6826);
#2170=VERTEX_POINT('',#6828);
#2171=VERTEX_POINT('',#6832);
#2172=VERTEX_POINT('',#6836);
#2173=VERTEX_POINT('',#6838);
#2174=VERTEX_POINT('',#6840);
#2175=VERTEX_POINT('',#6842);
#2176=VERTEX_POINT('',#6844);
#2177=VERTEX_POINT('',#6847);
#2178=VERTEX_POINT('',#6848);
#2179=VERTEX_POINT('',#6850);
#2180=VERTEX_POINT('',#6852);
#2181=VERTEX_POINT('',#6855);
#2182=VERTEX_POINT('',#6857);
#2183=VERTEX_POINT('',#6859);
#2184=VERTEX_POINT('',#6861);
#2185=VERTEX_POINT('',#6863);
#2186=VERTEX_POINT('',#6865);
#2187=VERTEX_POINT('',#6867);
#2188=VERTEX_POINT('',#6869);
#2189=VERTEX_POINT('',#6871);
#2190=VERTEX_POINT('',#6873);
#2191=VERTEX_POINT('',#6875);
#2192=VERTEX_POINT('',#6877);
#2193=VERTEX_POINT('',#6879);
#2194=VERTEX_POINT('',#6881);
#2195=VERTEX_POINT('',#6883);
#2196=VERTEX_POINT('',#6885);
#2197=VERTEX_POINT('',#6887);
#2198=VERTEX_POINT('',#6889);
#2199=VERTEX_POINT('',#6896);
#2200=VERTEX_POINT('',#6898);
#2201=VERTEX_POINT('',#6902);
#2202=VERTEX_POINT('',#6906);
#2203=VERTEX_POINT('',#6913);
#2204=VERTEX_POINT('',#6915);
#2205=VERTEX_POINT('',#6919);
#2206=VERTEX_POINT('',#6921);
#2207=VERTEX_POINT('',#6925);
#2208=VERTEX_POINT('',#6929);
#2209=VERTEX_POINT('',#6941);
#2210=VERTEX_POINT('',#6953);
#2211=VERTEX_POINT('',#6957);
#2212=VERTEX_POINT('',#6961);
#2213=VERTEX_POINT('',#6967);
#2214=VERTEX_POINT('',#6971);
#2215=VERTEX_POINT('',#6975);
#2216=VERTEX_POINT('',#6979);
#2217=VERTEX_POINT('',#6983);
#2218=VERTEX_POINT('',#6987);
#2219=VERTEX_POINT('',#6991);
#2220=VERTEX_POINT('',#6995);
#2221=VERTEX_POINT('',#6999);
#2222=VERTEX_POINT('',#7003);
#2223=VERTEX_POINT('',#7007);
#2224=VERTEX_POINT('',#7011);
#2225=VERTEX_POINT('',#7015);
#2226=VERTEX_POINT('',#7019);
#2227=VERTEX_POINT('',#7023);
#2228=VERTEX_POINT('',#7027);
#2229=VERTEX_POINT('',#7031);
#2230=VERTEX_POINT('',#7035);
#2231=VERTEX_POINT('',#7067);
#2232=VERTEX_POINT('',#7068);
#2233=VERTEX_POINT('',#7077);
#2234=VERTEX_POINT('',#7079);
#2235=VERTEX_POINT('',#7081);
#2236=VERTEX_POINT('',#7086);
#2237=VERTEX_POINT('',#7090);
#2238=VERTEX_POINT('',#7096);
#2239=EDGE_CURVE('',#1895,#1895,#1691,.T.);
#2240=EDGE_CURVE('',#1895,#1896,#981,.T.);
#2241=EDGE_CURVE('',#1897,#1897,#1692,.T.);
#2242=EDGE_CURVE('',#1897,#1895,#982,.T.);
#2243=EDGE_CURVE('',#1898,#1898,#1693,.T.);
#2244=EDGE_CURVE('',#1898,#1899,#983,.T.);
#2245=EDGE_CURVE('',#1900,#1900,#1694,.T.);
#2246=EDGE_CURVE('',#1900,#1898,#984,.T.);
#2247=EDGE_CURVE('',#1901,#1901,#1695,.T.);
#2248=EDGE_CURVE('',#1901,#1902,#985,.T.);
#2249=EDGE_CURVE('',#1903,#1903,#1696,.T.);
#2250=EDGE_CURVE('',#1903,#1901,#986,.T.);
#2251=EDGE_CURVE('',#1904,#1904,#1697,.T.);
#2252=EDGE_CURVE('',#1904,#1905,#987,.T.);
#2253=EDGE_CURVE('',#1906,#1906,#1698,.T.);
#2254=EDGE_CURVE('',#1906,#1904,#988,.T.);
#2255=EDGE_CURVE('',#1907,#1908,#989,.T.);
#2256=EDGE_CURVE('',#1907,#1909,#990,.T.);
#2257=EDGE_CURVE('',#1910,#1909,#991,.T.);
#2258=EDGE_CURVE('',#1908,#1910,#992,.T.);
#2259=EDGE_CURVE('',#1908,#1911,#993,.T.);
#2260=EDGE_CURVE('',#1912,#1910,#994,.T.);
#2261=EDGE_CURVE('',#1911,#1912,#995,.T.);
#2262=EDGE_CURVE('',#1911,#1913,#996,.T.);
#2263=EDGE_CURVE('',#1914,#1912,#997,.T.);
#2264=EDGE_CURVE('',#1913,#1914,#998,.T.);
#2265=EDGE_CURVE('',#1913,#1907,#999,.T.);
#2266=EDGE_CURVE('',#1909,#1914,#1000,.T.);
#2267=EDGE_CURVE('',#1915,#1916,#1699,.T.);
#2268=EDGE_CURVE('',#1916,#1917,#1001,.T.);
#2269=EDGE_CURVE('',#1918,#1917,#1700,.T.);
#2270=EDGE_CURVE('',#1915,#1918,#1002,.T.);
#2271=EDGE_CURVE('',#1916,#1919,#1003,.T.);
#2272=EDGE_CURVE('',#1919,#1920,#1004,.T.);
#2273=EDGE_CURVE('',#1917,#1920,#1005,.T.);
#2274=EDGE_CURVE('',#1919,#1921,#1701,.T.);
#2275=EDGE_CURVE('',#1921,#1922,#1006,.T.);
#2276=EDGE_CURVE('',#1920,#1922,#1702,.T.);
#2277=EDGE_CURVE('',#1923,#1923,#1703,.T.);
#2278=EDGE_CURVE('',#1923,#1924,#1007,.T.);
#2279=EDGE_CURVE('',#1924,#1924,#1704,.T.);
#2280=EDGE_CURVE('',#1925,#1925,#1705,.T.);
#2281=EDGE_CURVE('',#1925,#1926,#1008,.T.);
#2282=EDGE_CURVE('',#1926,#1926,#1706,.T.);
#2283=EDGE_CURVE('',#1927,#1927,#1707,.T.);
#2284=EDGE_CURVE('',#1927,#1928,#1009,.T.);
#2285=EDGE_CURVE('',#1928,#1928,#1708,.T.);
#2286=EDGE_CURVE('',#1929,#1929,#1709,.T.);
#2287=EDGE_CURVE('',#1929,#1930,#1010,.T.);
#2288=EDGE_CURVE('',#1930,#1930,#1710,.T.);
#2289=EDGE_CURVE('',#1931,#1931,#1711,.T.);
#2290=EDGE_CURVE('',#1931,#1932,#1011,.T.);
#2291=EDGE_CURVE('',#1932,#1932,#1712,.T.);
#2292=EDGE_CURVE('',#1933,#1933,#1713,.T.);
#2293=EDGE_CURVE('',#1933,#1934,#1012,.T.);
#2294=EDGE_CURVE('',#1934,#1934,#1714,.T.);
#2295=EDGE_CURVE('',#1935,#1935,#1715,.T.);
#2296=EDGE_CURVE('',#1935,#1936,#1013,.T.);
#2297=EDGE_CURVE('',#1936,#1936,#1716,.T.);
#2298=EDGE_CURVE('',#1937,#1937,#1717,.T.);
#2299=EDGE_CURVE('',#1937,#1938,#1014,.T.);
#2300=EDGE_CURVE('',#1938,#1938,#1718,.T.);
#2301=EDGE_CURVE('',#1939,#1939,#1719,.T.);
#2302=EDGE_CURVE('',#1939,#1940,#1015,.T.);
#2303=EDGE_CURVE('',#1940,#1940,#1720,.T.);
#2304=EDGE_CURVE('',#1941,#1941,#1721,.T.);
#2305=EDGE_CURVE('',#1941,#1942,#1016,.T.);
#2306=EDGE_CURVE('',#1942,#1942,#1722,.T.);
#2307=EDGE_CURVE('',#1943,#1943,#1723,.T.);
#2308=EDGE_CURVE('',#1943,#1944,#1017,.T.);
#2309=EDGE_CURVE('',#1944,#1944,#1724,.T.);
#2310=EDGE_CURVE('',#1945,#1945,#1725,.T.);
#2311=EDGE_CURVE('',#1945,#1946,#1018,.T.);
#2312=EDGE_CURVE('',#1946,#1946,#1726,.T.);
#2313=EDGE_CURVE('',#1947,#1947,#1727,.T.);
#2314=EDGE_CURVE('',#1947,#1948,#1019,.T.);
#2315=EDGE_CURVE('',#1948,#1948,#1728,.T.);
#2316=EDGE_CURVE('',#1949,#1949,#1729,.T.);
#2317=EDGE_CURVE('',#1949,#1950,#1020,.T.);
#2318=EDGE_CURVE('',#1950,#1950,#1730,.T.);
#2319=EDGE_CURVE('',#1951,#1951,#1731,.T.);
#2320=EDGE_CURVE('',#1951,#1952,#1021,.T.);
#2321=EDGE_CURVE('',#1952,#1952,#1732,.T.);
#2322=EDGE_CURVE('',#1953,#1953,#1733,.T.);
#2323=EDGE_CURVE('',#1953,#1954,#1022,.T.);
#2324=EDGE_CURVE('',#1954,#1954,#1734,.T.);
#2325=EDGE_CURVE('',#1955,#1955,#1735,.T.);
#2326=EDGE_CURVE('',#1955,#1956,#1023,.T.);
#2327=EDGE_CURVE('',#1956,#1956,#1736,.T.);
#2328=EDGE_CURVE('',#1957,#1957,#1737,.T.);
#2329=EDGE_CURVE('',#1957,#1958,#1024,.T.);
#2330=EDGE_CURVE('',#1958,#1958,#1738,.T.);
#2331=EDGE_CURVE('',#1959,#1960,#1739,.T.);
#2332=EDGE_CURVE('',#1959,#1961,#1025,.T.);
#2333=EDGE_CURVE('',#1961,#1962,#1740,.T.);
#2334=EDGE_CURVE('',#1960,#1962,#1026,.T.);
#2335=EDGE_CURVE('',#1963,#1915,#1027,.T.);
#2336=EDGE_CURVE('',#1964,#1918,#1028,.T.);
#2337=EDGE_CURVE('',#1963,#1964,#1029,.T.);
#2338=EDGE_CURVE('',#1965,#1959,#1030,.T.);
#2339=EDGE_CURVE('',#1965,#1966,#1031,.T.);
#2340=EDGE_CURVE('',#1966,#1961,#1032,.T.);
#2341=EDGE_CURVE('',#1967,#1963,#1741,.T.);
#2342=EDGE_CURVE('',#1968,#1964,#1742,.T.);
#2343=EDGE_CURVE('',#1967,#1968,#1033,.T.);
#2344=EDGE_CURVE('',#1969,#1965,#1743,.T.);
#2345=EDGE_CURVE('',#1969,#1970,#1034,.T.);
#2346=EDGE_CURVE('',#1970,#1966,#1744,.T.);
#2347=EDGE_CURVE('',#1971,#1967,#1035,.T.);
#2348=EDGE_CURVE('',#1972,#1968,#1036,.T.);
#2349=EDGE_CURVE('',#1971,#1972,#1037,.T.);
#2350=EDGE_CURVE('',#1973,#1971,#1745,.T.);
#2351=EDGE_CURVE('',#1974,#1972,#1746,.T.);
#2352=EDGE_CURVE('',#1973,#1974,#1038,.T.);
#2353=EDGE_CURVE('',#1975,#1976,#1039,.T.);
#2354=EDGE_CURVE('',#1915,#1976,#1747,.T.);
#2355=EDGE_CURVE('',#1963,#1975,#1748,.T.);
#2356=EDGE_CURVE('',#1977,#1978,#1040,.T.);
#2357=EDGE_CURVE('',#1976,#1978,#1041,.T.);
#2358=EDGE_CURVE('',#1975,#1977,#1042,.T.);
#2359=EDGE_CURVE('',#1962,#1979,#1043,.T.);
#2360=EDGE_CURVE('',#1978,#1962,#1749,.T.);
#2361=EDGE_CURVE('',#1977,#1979,#1750,.T.);
#2362=EDGE_CURVE('',#1976,#1980,#1751,.T.);
#2363=EDGE_CURVE('',#1916,#1980,#1752,.T.);
#2364=EDGE_CURVE('',#1978,#1981,#1753,.T.);
#2365=EDGE_CURVE('',#1980,#1981,#1044,.T.);
#2366=EDGE_CURVE('',#1981,#1961,#1754,.T.);
#2367=EDGE_CURVE('',#1980,#1982,#1045,.T.);
#2368=EDGE_CURVE('',#1919,#1982,#1755,.T.);
#2369=EDGE_CURVE('',#1981,#1983,#1046,.T.);
#2370=EDGE_CURVE('',#1982,#1983,#1047,.T.);
#2371=EDGE_CURVE('',#1983,#1966,#1756,.T.);
#2372=EDGE_CURVE('',#1982,#1984,#1757,.T.);
#2373=EDGE_CURVE('',#1921,#1984,#1758,.T.);
#2374=EDGE_CURVE('',#1983,#1985,#1759,.T.);
#2375=EDGE_CURVE('',#1984,#1985,#1048,.T.);
#2376=EDGE_CURVE('',#1985,#1970,#1760,.T.);
#2377=EDGE_CURVE('',#1986,#1987,#1761,.T.);
#2378=EDGE_CURVE('',#1988,#1987,#1049,.T.);
#2379=EDGE_CURVE('',#1989,#1988,#1762,.T.);
#2380=EDGE_CURVE('',#1986,#1989,#1050,.T.);
#2381=EDGE_CURVE('',#1973,#1990,#1763,.T.);
#2382=EDGE_CURVE('',#1990,#1991,#1764,.T.);
#2383=EDGE_CURVE('',#1971,#1991,#1765,.T.);
#2384=EDGE_CURVE('',#1990,#1989,#1051,.T.);
#2385=EDGE_CURVE('',#1989,#1992,#1766,.T.);
#2386=EDGE_CURVE('',#1991,#1992,#1052,.T.);
#2387=EDGE_CURVE('',#1993,#1988,#1767,.T.);
#2388=EDGE_CURVE('',#1992,#1993,#1768,.T.);
#2389=EDGE_CURVE('',#1991,#1994,#1053,.T.);
#2390=EDGE_CURVE('',#1967,#1994,#1769,.T.);
#2391=EDGE_CURVE('',#1992,#1995,#1054,.T.);
#2392=EDGE_CURVE('',#1994,#1995,#1055,.T.);
#2393=EDGE_CURVE('',#1996,#1993,#1056,.T.);
#2394=EDGE_CURVE('',#1995,#1996,#1770,.T.);
#2395=EDGE_CURVE('',#1994,#1975,#1771,.T.);
#2396=EDGE_CURVE('',#1995,#1977,#1772,.T.);
#2397=EDGE_CURVE('',#1979,#1996,#1773,.T.);
#2398=EDGE_CURVE('',#1997,#1998,#1057,.T.);
#2399=EDGE_CURVE('',#1999,#1997,#1774,.T.);
#2400=EDGE_CURVE('',#2000,#1999,#1058,.T.);
#2401=EDGE_CURVE('',#2001,#2000,#1775,.T.);
#2402=EDGE_CURVE('',#2002,#2001,#1059,.T.);
#2403=EDGE_CURVE('',#2003,#2002,#1776,.T.);
#2404=EDGE_CURVE('',#2004,#2003,#1060,.T.);
#2405=EDGE_CURVE('',#1998,#2004,#1777,.T.);
#2406=EDGE_CURVE('',#2005,#2006,#1061,.T.);
#2407=EDGE_CURVE('',#2006,#2007,#1062,.T.);
#2408=EDGE_CURVE('',#2007,#2008,#1063,.T.);
#2409=EDGE_CURVE('',#2008,#2005,#1064,.T.);
#2410=EDGE_CURVE('',#1960,#2009,#1065,.T.);
#2411=EDGE_CURVE('',#2009,#1979,#1066,.T.);
#2412=EDGE_CURVE('',#2009,#2010,#1778,.T.);
#2413=EDGE_CURVE('',#2010,#1996,#1067,.T.);
#2414=EDGE_CURVE('',#2010,#2011,#1068,.T.);
#2415=EDGE_CURVE('',#2011,#1993,#1069,.T.);
#2416=EDGE_CURVE('',#2011,#2012,#1779,.T.);
#2417=EDGE_CURVE('',#2012,#1988,#1070,.T.);
#2418=EDGE_CURVE('',#2009,#1997,#1780,.T.);
#2419=EDGE_CURVE('',#1999,#2010,#1781,.T.);
#2420=EDGE_CURVE('',#2000,#2011,#1782,.T.);
#2421=EDGE_CURVE('',#2001,#2012,#1783,.T.);
#2422=EDGE_CURVE('',#2012,#1969,#1071,.T.);
#2423=EDGE_CURVE('',#2002,#1969,#1784,.T.);
#2424=EDGE_CURVE('',#2003,#1965,#1785,.T.);
#2425=EDGE_CURVE('',#2004,#1959,#1786,.T.);
#2426=EDGE_CURVE('',#1998,#1960,#1787,.T.);
#2427=EDGE_CURVE('',#2013,#2014,#1072,.T.);
#2428=EDGE_CURVE('',#2015,#2013,#1073,.T.);
#2429=EDGE_CURVE('',#2016,#2015,#1074,.T.);
#2430=EDGE_CURVE('',#2017,#2016,#1075,.T.);
#2431=EDGE_CURVE('',#2018,#2017,#1076,.T.);
#2432=EDGE_CURVE('',#2014,#2018,#1788,.T.);
#2433=EDGE_CURVE('',#2019,#2020,#1077,.T.);
#2434=EDGE_CURVE('',#2019,#2021,#1078,.T.);
#2435=EDGE_CURVE('',#2021,#2022,#1079,.T.);
#2436=EDGE_CURVE('',#2022,#2013,#1080,.T.);
#2437=EDGE_CURVE('',#2020,#2014,#1081,.T.);
#2438=EDGE_CURVE('',#2020,#2023,#1789,.T.);
#2439=EDGE_CURVE('',#2023,#2018,#1082,.T.);
#2440=EDGE_CURVE('',#2023,#2024,#1083,.T.);
#2441=EDGE_CURVE('',#2024,#2017,#1084,.T.);
#2442=EDGE_CURVE('',#2025,#2026,#1085,.T.);
#2443=EDGE_CURVE('',#2026,#2015,#1086,.T.);
#2444=EDGE_CURVE('',#2022,#2027,#1087,.T.);
#2445=EDGE_CURVE('',#2027,#2028,#1088,.T.);
#2446=EDGE_CURVE('',#2028,#2029,#1089,.T.);
#2447=EDGE_CURVE('',#2029,#2025,#1090,.T.);
#2448=EDGE_CURVE('',#2030,#2031,#1091,.T.);
#2449=EDGE_CURVE('',#2032,#2030,#1092,.T.);
#2450=EDGE_CURVE('',#2033,#2032,#1093,.T.);
#2451=EDGE_CURVE('',#2034,#2033,#1094,.T.);
#2452=EDGE_CURVE('',#2035,#2034,#1095,.T.);
#2453=EDGE_CURVE('',#2031,#2035,#1790,.T.);
#2454=EDGE_CURVE('',#2036,#2037,#1096,.T.);
#2455=EDGE_CURVE('',#2036,#2030,#1097,.T.);
#2456=EDGE_CURVE('',#2037,#2031,#1098,.T.);
#2457=EDGE_CURVE('',#2037,#2038,#1791,.T.);
#2458=EDGE_CURVE('',#2038,#2035,#1099,.T.);
#2459=EDGE_CURVE('',#2038,#2039,#1100,.T.);
#2460=EDGE_CURVE('',#2040,#2034,#1101,.T.);
#2461=EDGE_CURVE('',#2040,#2041,#1102,.T.);
#2462=EDGE_CURVE('',#2039,#2041,#1103,.T.);
#2463=EDGE_CURVE('',#2042,#2040,#1104,.T.);
#2464=EDGE_CURVE('',#2043,#2033,#1105,.T.);
#2465=EDGE_CURVE('',#2043,#2044,#1106,.T.);
#2466=EDGE_CURVE('',#2044,#2045,#1107,.T.);
#2467=EDGE_CURVE('',#2045,#2046,#1108,.T.);
#2468=EDGE_CURVE('',#2046,#2042,#1109,.T.);
#2469=EDGE_CURVE('',#2047,#2032,#1110,.T.);
#2470=EDGE_CURVE('',#2047,#2036,#1111,.T.);
#2471=EDGE_CURVE('',#2029,#2048,#1112,.T.);
#2472=EDGE_CURVE('',#2049,#2028,#1113,.T.);
#2473=EDGE_CURVE('',#2048,#2049,#1114,.T.);
#2474=EDGE_CURVE('',#2050,#2025,#1115,.T.);
#2475=EDGE_CURVE('',#2050,#2048,#1116,.T.);
#2476=EDGE_CURVE('',#2051,#2050,#1117,.T.);
#2477=EDGE_CURVE('',#2051,#2049,#1118,.T.);
#2478=EDGE_CURVE('',#2046,#2052,#1119,.T.);
#2479=EDGE_CURVE('',#2053,#2045,#1120,.T.);
#2480=EDGE_CURVE('',#2052,#2053,#1121,.T.);
#2481=EDGE_CURVE('',#2054,#2042,#1122,.T.);
#2482=EDGE_CURVE('',#2054,#2052,#1123,.T.);
#2483=EDGE_CURVE('',#2055,#2054,#1124,.T.);
#2484=EDGE_CURVE('',#2055,#2053,#1125,.T.);
#2485=EDGE_CURVE('',#2044,#2055,#1126,.T.);
#2486=EDGE_CURVE('',#1922,#1974,#1127,.T.);
#2487=EDGE_CURVE('',#2056,#2047,#1128,.T.);
#2488=EDGE_CURVE('',#2039,#2019,#1129,.T.);
#2489=EDGE_CURVE('',#2024,#2056,#1130,.T.);
#2490=EDGE_CURVE('',#2027,#2051,#1131,.T.);
#2491=EDGE_CURVE('',#2057,#2043,#1132,.T.);
#2492=EDGE_CURVE('',#2041,#2057,#1133,.T.);
#2493=EDGE_CURVE('',#2057,#2058,#1134,.T.);
#2494=EDGE_CURVE('',#2058,#2059,#1135,.T.);
#2495=EDGE_CURVE('',#2060,#2059,#1136,.T.);
#2496=EDGE_CURVE('',#2060,#2021,#1137,.T.);
#2497=EDGE_CURVE('',#2026,#2060,#1138,.T.);
#2498=EDGE_CURVE('',#2061,#2062,#1139,.T.);
#2499=EDGE_CURVE('',#2063,#2061,#1140,.T.);
#2500=EDGE_CURVE('',#2064,#2063,#1141,.T.);
#2501=EDGE_CURVE('',#2062,#2064,#1142,.T.);
#2502=EDGE_CURVE('',#2065,#2065,#1792,.T.);
#2503=EDGE_CURVE('',#2066,#2066,#1793,.T.);
#2504=EDGE_CURVE('',#2067,#2067,#1794,.T.);
#2505=EDGE_CURVE('',#2068,#2068,#1795,.T.);
#2506=EDGE_CURVE('',#2069,#2069,#1796,.T.);
#2507=EDGE_CURVE('',#2006,#2061,#1143,.T.);
#2508=EDGE_CURVE('',#2007,#2062,#1144,.T.);
#2509=EDGE_CURVE('',#2008,#2064,#1145,.T.);
#2510=EDGE_CURVE('',#2005,#2063,#1146,.T.);
#2511=EDGE_CURVE('',#2016,#2056,#1147,.T.);
#2512=EDGE_CURVE('',#2070,#2058,#1148,.T.);
#2513=EDGE_CURVE('',#2071,#2070,#1149,.T.);
#2514=EDGE_CURVE('',#2059,#2071,#1150,.T.);
#2515=EDGE_CURVE('',#2072,#2072,#1797,.T.);
#2516=EDGE_CURVE('',#2073,#2073,#1798,.T.);
#2517=EDGE_CURVE('',#2074,#2074,#1799,.T.);
#2518=EDGE_CURVE('',#2075,#2075,#1800,.T.);
#2519=EDGE_CURVE('',#2076,#2076,#1801,.T.);
#2520=EDGE_CURVE('',#2016,#2071,#1151,.T.);
#2521=EDGE_CURVE('',#2032,#2070,#1152,.T.);
#2522=EDGE_CURVE('',#2076,#2069,#1153,.T.);
#2523=EDGE_CURVE('',#2075,#2068,#1154,.T.);
#2524=EDGE_CURVE('',#2074,#2067,#1155,.T.);
#2525=EDGE_CURVE('',#2073,#2066,#1156,.T.);
#2526=EDGE_CURVE('',#2072,#2065,#1157,.T.);
#2527=EDGE_CURVE('',#2077,#2078,#1802,.T.);
#2528=EDGE_CURVE('',#1985,#2078,#1158,.T.);
#2529=EDGE_CURVE('',#2077,#1970,#1159,.T.);
#2530=EDGE_CURVE('',#2079,#1986,#1160,.T.);
#2531=EDGE_CURVE('',#2079,#1990,#1161,.T.);
#2532=EDGE_CURVE('',#2078,#2080,#1162,.T.);
#2533=EDGE_CURVE('',#1984,#2080,#1163,.T.);
#2534=EDGE_CURVE('',#2081,#1987,#1164,.T.);
#2535=EDGE_CURVE('',#2082,#2081,#1165,.T.);
#2536=EDGE_CURVE('',#2077,#2082,#1166,.T.);
#2537=EDGE_CURVE('',#2083,#2079,#1803,.T.);
#2538=EDGE_CURVE('',#2083,#1973,#1167,.T.);
#2539=EDGE_CURVE('',#2080,#2084,#1804,.T.);
#2540=EDGE_CURVE('',#1921,#2084,#1168,.T.);
#2541=EDGE_CURVE('',#2085,#2084,#1169,.T.);
#2542=EDGE_CURVE('',#2086,#2085,#1170,.T.);
#2543=EDGE_CURVE('',#2083,#2086,#1171,.T.);
#2544=EDGE_CURVE('',#2087,#2088,#1172,.T.);
#2545=EDGE_CURVE('',#2088,#2089,#1805,.T.);
#2546=EDGE_CURVE('',#2089,#2090,#1173,.F.);
#2547=EDGE_CURVE('',#2090,#2091,#1174,.F.);
#2548=EDGE_CURVE('',#2091,#2092,#1175,.F.);
#2549=EDGE_CURVE('',#2087,#2092,#1806,.T.);
#2550=EDGE_CURVE('',#2092,#2093,#1807,.F.);
#2551=EDGE_CURVE('',#2094,#2092,#1176,.T.);
#2552=EDGE_CURVE('',#2094,#2095,#1808,.F.);
#2553=EDGE_CURVE('',#2095,#2093,#1177,.T.);
#2554=EDGE_CURVE('',#2096,#2097,#1178,.F.);
#2555=EDGE_CURVE('',#2096,#2098,#1809,.T.);
#2556=EDGE_CURVE('',#2099,#2098,#1179,.T.);
#2557=EDGE_CURVE('',#2094,#2099,#1810,.T.);
#2558=EDGE_CURVE('',#2100,#2094,#1180,.F.);
#2559=EDGE_CURVE('',#2100,#2097,#1181,.T.);
#2560=EDGE_CURVE('',#2101,#2102,#1182,.F.);
#2561=EDGE_CURVE('',#2101,#2100,#1183,.F.);
#2562=EDGE_CURVE('',#2100,#2091,#1184,.T.);
#2563=EDGE_CURVE('',#2103,#2091,#1185,.T.);
#2564=EDGE_CURVE('',#2102,#2103,#1186,.T.);
#2565=EDGE_CURVE('',#2099,#2087,#1187,.T.);
#2566=EDGE_CURVE('',#2098,#2088,#1188,.T.);
#2567=EDGE_CURVE('',#2104,#2093,#1811,.T.);
#2568=EDGE_CURVE('',#2104,#2087,#1812,.T.);
#2569=EDGE_CURVE('',#2105,#2106,#1189,.T.);
#2570=EDGE_CURVE('',#2107,#2105,#1190,.T.);
#2571=EDGE_CURVE('',#2107,#2108,#1191,.T.);
#2572=EDGE_CURVE('',#2108,#2109,#1192,.T.);
#2573=EDGE_CURVE('',#2103,#2109,#1193,.T.);
#2574=EDGE_CURVE('',#2090,#2106,#1194,.T.);
#2575=EDGE_CURVE('',#2096,#2089,#1195,.T.);
#2576=EDGE_CURVE('',#2097,#2090,#1196,.F.);
#2577=EDGE_CURVE('',#2110,#2111,#1813,.T.);
#2578=EDGE_CURVE('',#2111,#2089,#1814,.T.);
#2579=EDGE_CURVE('',#2088,#2110,#1815,.T.);
#2580=EDGE_CURVE('',#2093,#2112,#1197,.F.);
#2581=EDGE_CURVE('',#2095,#2113,#1198,.F.);
#2582=EDGE_CURVE('',#2113,#2114,#1199,.F.);
#2583=EDGE_CURVE('',#2115,#2114,#1200,.T.);
#2584=EDGE_CURVE('',#2115,#2112,#1201,.F.);
#2585=EDGE_CURVE('',#2116,#2099,#1816,.T.);
#2586=EDGE_CURVE('',#2095,#2116,#1817,.T.);
#2587=EDGE_CURVE('',#2117,#2101,#1202,.T.);
#2588=EDGE_CURVE('',#2097,#2117,#1203,.T.);
#2589=EDGE_CURVE('',#2118,#2096,#1818,.F.);
#2590=EDGE_CURVE('',#2118,#2119,#1819,.T.);
#2591=EDGE_CURVE('',#2098,#2119,#1820,.T.);
#2592=EDGE_CURVE('',#2120,#2102,#1204,.T.);
#2593=EDGE_CURVE('',#2120,#2121,#1205,.F.);
#2594=EDGE_CURVE('',#2122,#2121,#1206,.F.);
#2595=EDGE_CURVE('',#2123,#2122,#1207,.F.);
#2596=EDGE_CURVE('',#2124,#2123,#1208,.T.);
#2597=EDGE_CURVE('',#2124,#2117,#1209,.F.);
#2598=EDGE_CURVE('',#2109,#2125,#1821,.T.);
#2599=EDGE_CURVE('',#2125,#2126,#1210,.T.);
#2600=EDGE_CURVE('',#2126,#2127,#1211,.T.);
#2601=EDGE_CURVE('',#2127,#2120,#1212,.F.);
#2602=EDGE_CURVE('',#2119,#2110,#1213,.T.);
#2603=EDGE_CURVE('',#2116,#2104,#1214,.T.);
#2604=EDGE_CURVE('',#2128,#2129,#1822,.T.);
#2605=EDGE_CURVE('',#2128,#2104,#1215,.T.);
#2606=EDGE_CURVE('',#2112,#2129,#1216,.F.);
#2607=EDGE_CURVE('',#2130,#2131,#1217,.T.);
#2608=EDGE_CURVE('',#2131,#2105,#1823,.T.);
#2609=EDGE_CURVE('',#2106,#2124,#1218,.T.);
#2610=EDGE_CURVE('',#2123,#2132,#1219,.F.);
#2611=EDGE_CURVE('',#2132,#2130,#1220,.T.);
#2612=EDGE_CURVE('',#2108,#2133,#1824,.T.);
#2613=EDGE_CURVE('',#2133,#2125,#1221,.T.);
#2614=EDGE_CURVE('',#2108,#2134,#1825,.T.);
#2615=EDGE_CURVE('',#2135,#2107,#1826,.T.);
#2616=EDGE_CURVE('',#2134,#2135,#1222,.T.);
#2617=EDGE_CURVE('',#2136,#2131,#1223,.T.);
#2618=EDGE_CURVE('',#2136,#2107,#1827,.T.);
#2619=EDGE_CURVE('',#2118,#2111,#1224,.T.);
#2620=EDGE_CURVE('',#2137,#2138,#1225,.T.);
#2621=EDGE_CURVE('',#2138,#2111,#1226,.T.);
#2622=EDGE_CURVE('',#2110,#2139,#1227,.T.);
#2623=EDGE_CURVE('',#2139,#2137,#1828,.T.);
#2624=EDGE_CURVE('',#2140,#2115,#1228,.F.);
#2625=EDGE_CURVE('',#2141,#2140,#1229,.F.);
#2626=EDGE_CURVE('',#2142,#2141,#1230,.F.);
#2627=EDGE_CURVE('',#2143,#2142,#1231,.F.);
#2628=EDGE_CURVE('',#2144,#2143,#1232,.F.);
#2629=EDGE_CURVE('',#2144,#2127,#1233,.T.);
#2630=EDGE_CURVE('',#2112,#2126,#1234,.T.);
#2631=EDGE_CURVE('',#2114,#2145,#1235,.F.);
#2632=EDGE_CURVE('',#2145,#2144,#1236,.T.);
#2633=EDGE_CURVE('',#2143,#2146,#1237,.F.);
#2634=EDGE_CURVE('',#2146,#2147,#1238,.F.);
#2635=EDGE_CURVE('',#2147,#2140,#1239,.F.);
#2636=EDGE_CURVE('',#2113,#2148,#1240,.T.);
#2637=EDGE_CURVE('',#2148,#2149,#1241,.T.);
#2638=EDGE_CURVE('',#2150,#2149,#1242,.T.);
#2639=EDGE_CURVE('',#2150,#2151,#1243,.F.);
#2640=EDGE_CURVE('',#2152,#2151,#1244,.T.);
#2641=EDGE_CURVE('',#2145,#2152,#1245,.T.);
#2642=EDGE_CURVE('',#2153,#2154,#1829,.T.);
#2643=EDGE_CURVE('',#2153,#2113,#1246,.T.);
#2644=EDGE_CURVE('',#2154,#2116,#1247,.T.);
#2645=EDGE_CURVE('',#2118,#2148,#1248,.T.);
#2646=EDGE_CURVE('',#2148,#2155,#1249,.T.);
#2647=EDGE_CURVE('',#2155,#2156,#1830,.T.);
#2648=EDGE_CURVE('',#2119,#2156,#1250,.T.);
#2649=EDGE_CURVE('',#2157,#2132,#1251,.F.);
#2650=EDGE_CURVE('',#2151,#2122,#1252,.F.);
#2651=EDGE_CURVE('',#2157,#2150,#1253,.T.);
#2652=EDGE_CURVE('',#2121,#2152,#1254,.F.);
#2653=EDGE_CURVE('',#2158,#2159,#1255,.F.);
#2654=EDGE_CURVE('',#2159,#2160,#1256,.F.);
#2655=EDGE_CURVE('',#2160,#2161,#1257,.F.);
#2656=EDGE_CURVE('',#2161,#2158,#1258,.F.);
#2657=EDGE_CURVE('',#2133,#2162,#1259,.T.);
#2658=EDGE_CURVE('',#2162,#2129,#1260,.T.);
#2659=EDGE_CURVE('',#2156,#2139,#1261,.T.);
#2660=EDGE_CURVE('',#2154,#2128,#1262,.T.);
#2661=EDGE_CURVE('',#2163,#2164,#1831,.T.);
#2662=EDGE_CURVE('',#2163,#2128,#1832,.T.);
#2663=EDGE_CURVE('',#2129,#2164,#1833,.F.);
#2664=EDGE_CURVE('',#2130,#2138,#1263,.T.);
#2665=EDGE_CURVE('',#2165,#2137,#1264,.T.);
#2666=EDGE_CURVE('',#2165,#2136,#1265,.T.);
#2667=EDGE_CURVE('',#2166,#2157,#1266,.F.);
#2668=EDGE_CURVE('',#2167,#2166,#1267,.F.);
#2669=EDGE_CURVE('',#2168,#2167,#1268,.F.);
#2670=EDGE_CURVE('',#2169,#2168,#1269,.F.);
#2671=EDGE_CURVE('',#2170,#2169,#1270,.F.);
#2672=EDGE_CURVE('',#2170,#2138,#1271,.T.);
#2673=EDGE_CURVE('',#2171,#2134,#1834,.T.);
#2674=EDGE_CURVE('',#2171,#2133,#1835,.T.);
#2675=EDGE_CURVE('',#2135,#2172,#1836,.T.);
#2676=EDGE_CURVE('',#2172,#2173,#1272,.T.);
#2677=EDGE_CURVE('',#2173,#2174,#1837,.T.);
#2678=EDGE_CURVE('',#2174,#2175,#1273,.T.);
#2679=EDGE_CURVE('',#2175,#2176,#1838,.T.);
#2680=EDGE_CURVE('',#2176,#2171,#1274,.T.);
#2681=EDGE_CURVE('',#2177,#2178,#1275,.F.);
#2682=EDGE_CURVE('',#2179,#2177,#1276,.F.);
#2683=EDGE_CURVE('',#2180,#2179,#1277,.F.);
#2684=EDGE_CURVE('',#2178,#2180,#1278,.F.);
#2685=EDGE_CURVE('',#2181,#2181,#1839,.T.);
#2686=EDGE_CURVE('',#2182,#2182,#1840,.T.);
#2687=EDGE_CURVE('',#2183,#2183,#1841,.T.);
#2688=EDGE_CURVE('',#2184,#2184,#1842,.T.);
#2689=EDGE_CURVE('',#2185,#2185,#1843,.T.);
#2690=EDGE_CURVE('',#2186,#2186,#1844,.T.);
#2691=EDGE_CURVE('',#2187,#2187,#1845,.T.);
#2692=EDGE_CURVE('',#2188,#2188,#1846,.T.);
#2693=EDGE_CURVE('',#2189,#2189,#1847,.T.);
#2694=EDGE_CURVE('',#2190,#2190,#1848,.T.);
#2695=EDGE_CURVE('',#2191,#2191,#1849,.T.);
#2696=EDGE_CURVE('',#2192,#2192,#1850,.T.);
#2697=EDGE_CURVE('',#2193,#2193,#1851,.T.);
#2698=EDGE_CURVE('',#2194,#2194,#1852,.T.);
#2699=EDGE_CURVE('',#2195,#2195,#1853,.T.);
#2700=EDGE_CURVE('',#2196,#2196,#1854,.T.);
#2701=EDGE_CURVE('',#2197,#2197,#1855,.T.);
#2702=EDGE_CURVE('',#2198,#2198,#1856,.T.);
#2703=EDGE_CURVE('',#2172,#2136,#1857,.T.);
#2704=EDGE_CURVE('',#2149,#2170,#1279,.T.);
#2705=EDGE_CURVE('',#2199,#2137,#1858,.T.);
#2706=EDGE_CURVE('',#2139,#2200,#1859,.T.);
#2707=EDGE_CURVE('',#2200,#2199,#1860,.T.);
#2708=EDGE_CURVE('',#2201,#2142,#1280,.F.);
#2709=EDGE_CURVE('',#2146,#2201,#1281,.F.);
#2710=EDGE_CURVE('',#2141,#2202,#1282,.F.);
#2711=EDGE_CURVE('',#2202,#2201,#1283,.F.);
#2712=EDGE_CURVE('',#2147,#2202,#1284,.F.);
#2713=EDGE_CURVE('',#2203,#2153,#1861,.T.);
#2714=EDGE_CURVE('',#2204,#2203,#1285,.T.);
#2715=EDGE_CURVE('',#2155,#2204,#1862,.T.);
#2716=EDGE_CURVE('',#2169,#2205,#1286,.F.);
#2717=EDGE_CURVE('',#2205,#2206,#1287,.F.);
#2718=EDGE_CURVE('',#2206,#2166,#1288,.F.);
#2719=EDGE_CURVE('',#2207,#2154,#1863,.T.);
#2720=EDGE_CURVE('',#2203,#2207,#1864,.T.);
#2721=EDGE_CURVE('',#2204,#2208,#1865,.T.);
#2722=EDGE_CURVE('',#2156,#2208,#1866,.T.);
#2723=EDGE_CURVE('',#2180,#2159,#1289,.F.);
#2724=EDGE_CURVE('',#2178,#2158,#1290,.T.);
#2725=EDGE_CURVE('',#2177,#2161,#1291,.F.);
#2726=EDGE_CURVE('',#2179,#2160,#1292,.F.);
#2727=EDGE_CURVE('',#2162,#2209,#1867,.T.);
#2728=EDGE_CURVE('',#2209,#2164,#1293,.T.);
#2729=EDGE_CURVE('',#2176,#2162,#1868,.T.);
#2730=EDGE_CURVE('',#2208,#2200,#1294,.T.);
#2731=EDGE_CURVE('',#2207,#2163,#1295,.T.);
#2732=EDGE_CURVE('',#2173,#2165,#1869,.T.);
#2733=EDGE_CURVE('',#2210,#2199,#1296,.T.);
#2734=EDGE_CURVE('',#2210,#2165,#1870,.T.);
#2735=EDGE_CURVE('',#2211,#2168,#1297,.F.);
#2736=EDGE_CURVE('',#2205,#2211,#1298,.F.);
#2737=EDGE_CURVE('',#2167,#2212,#1299,.F.);
#2738=EDGE_CURVE('',#2212,#2211,#1300,.F.);
#2739=EDGE_CURVE('',#2206,#2212,#1301,.F.);
#2740=EDGE_CURVE('',#2181,#2213,#1302,.T.);
#2741=EDGE_CURVE('',#2213,#2213,#1871,.F.);
#2742=EDGE_CURVE('',#2182,#2214,#1303,.T.);
#2743=EDGE_CURVE('',#2214,#2214,#1872,.F.);
#2744=EDGE_CURVE('',#2183,#2215,#1304,.T.);
#2745=EDGE_CURVE('',#2215,#2215,#1873,.F.);
#2746=EDGE_CURVE('',#2184,#2216,#1305,.T.);
#2747=EDGE_CURVE('',#2216,#2216,#1874,.F.);
#2748=EDGE_CURVE('',#2185,#2217,#1306,.T.);
#2749=EDGE_CURVE('',#2217,#2217,#1875,.F.);
#2750=EDGE_CURVE('',#2186,#2218,#1307,.T.);
#2751=EDGE_CURVE('',#2218,#2218,#1876,.F.);
#2752=EDGE_CURVE('',#2187,#2219,#1308,.T.);
#2753=EDGE_CURVE('',#2219,#2219,#1877,.F.);
#2754=EDGE_CURVE('',#2188,#2220,#1309,.T.);
#2755=EDGE_CURVE('',#2220,#2220,#1878,.F.);
#2756=EDGE_CURVE('',#2189,#2221,#1310,.T.);
#2757=EDGE_CURVE('',#2221,#2221,#1879,.F.);
#2758=EDGE_CURVE('',#2190,#2222,#1311,.T.);
#2759=EDGE_CURVE('',#2222,#2222,#1880,.F.);
#2760=EDGE_CURVE('',#2191,#2223,#1312,.T.);
#2761=EDGE_CURVE('',#2223,#2223,#1881,.F.);
#2762=EDGE_CURVE('',#2192,#2224,#1313,.T.);
#2763=EDGE_CURVE('',#2224,#2224,#1882,.F.);
#2764=EDGE_CURVE('',#2193,#2225,#1314,.T.);
#2765=EDGE_CURVE('',#2225,#2225,#1883,.F.);
#2766=EDGE_CURVE('',#2194,#2226,#1315,.T.);
#2767=EDGE_CURVE('',#2226,#2226,#1884,.F.);
#2768=EDGE_CURVE('',#2195,#2227,#1316,.T.);
#2769=EDGE_CURVE('',#2227,#2227,#1885,.F.);
#2770=EDGE_CURVE('',#2196,#2228,#1317,.T.);
#2771=EDGE_CURVE('',#2228,#2228,#1886,.F.);
#2772=EDGE_CURVE('',#2197,#2229,#1318,.T.);
#2773=EDGE_CURVE('',#2229,#2229,#1887,.F.);
#2774=EDGE_CURVE('',#2198,#2230,#1319,.T.);
#2775=EDGE_CURVE('',#2230,#2230,#1888,.F.);
#2776=EDGE_CURVE('',#2175,#2209,#1889,.T.);
#2777=EDGE_CURVE('',#2174,#2210,#1890,.T.);
#2778=EDGE_CURVE('',#2209,#2210,#1320,.T.);
#2779=EDGE_CURVE('',#2164,#2199,#1321,.T.);
#2780=EDGE_CURVE('',#2231,#2232,#1322,.T.);
#2781=EDGE_CURVE('',#2232,#2207,#1323,.T.);
#2782=EDGE_CURVE('',#2231,#2163,#1324,.T.);
#2783=EDGE_CURVE('',#2085,#2082,#1325,.T.);
#2784=EDGE_CURVE('',#2081,#2086,#1326,.T.);
#2785=EDGE_CURVE('',#2233,#2231,#1891,.T.);
#2786=EDGE_CURVE('',#2200,#2234,#1327,.T.);
#2787=EDGE_CURVE('',#2234,#2235,#1892,.T.);
#2788=EDGE_CURVE('',#2235,#2082,#1328,.T.);
#2789=EDGE_CURVE('',#2081,#2233,#1329,.T.);
#2790=EDGE_CURVE('',#2236,#2234,#1330,.T.);
#2791=EDGE_CURVE('',#2208,#2236,#1331,.T.);
#2792=EDGE_CURVE('',#2237,#2236,#1893,.T.);
#2793=EDGE_CURVE('',#2237,#2235,#1332,.T.);
#2794=EDGE_CURVE('',#2085,#2237,#1333,.T.);
#2795=EDGE_CURVE('',#2232,#2238,#1894,.T.);
#2796=EDGE_CURVE('',#2238,#2086,#1334,.T.);
#2797=EDGE_CURVE('',#2233,#2238,#1335,.T.);
#2798=ORIENTED_EDGE('',*,*,#2239,.T.);
#2799=ORIENTED_EDGE('',*,*,#2240,.T.);
#2800=ORIENTED_EDGE('',*,*,#2240,.F.);
#2801=ORIENTED_EDGE('',*,*,#2241,.F.);
#2802=ORIENTED_EDGE('',*,*,#2242,.T.);
#2803=ORIENTED_EDGE('',*,*,#2239,.F.);
#2804=ORIENTED_EDGE('',*,*,#2242,.F.);
#2805=ORIENTED_EDGE('',*,*,#2243,.T.);
#2806=ORIENTED_EDGE('',*,*,#2244,.T.);
#2807=ORIENTED_EDGE('',*,*,#2244,.F.);
#2808=ORIENTED_EDGE('',*,*,#2245,.F.);
#2809=ORIENTED_EDGE('',*,*,#2246,.T.);
#2810=ORIENTED_EDGE('',*,*,#2243,.F.);
#2811=ORIENTED_EDGE('',*,*,#2246,.F.);
#2812=ORIENTED_EDGE('',*,*,#2247,.T.);
#2813=ORIENTED_EDGE('',*,*,#2248,.T.);
#2814=ORIENTED_EDGE('',*,*,#2248,.F.);
#2815=ORIENTED_EDGE('',*,*,#2249,.F.);
#2816=ORIENTED_EDGE('',*,*,#2250,.T.);
#2817=ORIENTED_EDGE('',*,*,#2247,.F.);
#2818=ORIENTED_EDGE('',*,*,#2250,.F.);
#2819=ORIENTED_EDGE('',*,*,#2251,.T.);
#2820=ORIENTED_EDGE('',*,*,#2252,.T.);
#2821=ORIENTED_EDGE('',*,*,#2252,.F.);
#2822=ORIENTED_EDGE('',*,*,#2253,.F.);
#2823=ORIENTED_EDGE('',*,*,#2254,.T.);
#2824=ORIENTED_EDGE('',*,*,#2251,.F.);
#2825=ORIENTED_EDGE('',*,*,#2254,.F.);
#2826=ORIENTED_EDGE('',*,*,#2255,.F.);
#2827=ORIENTED_EDGE('',*,*,#2256,.T.);
#2828=ORIENTED_EDGE('',*,*,#2257,.F.);
#2829=ORIENTED_EDGE('',*,*,#2258,.F.);
#2830=ORIENTED_EDGE('',*,*,#2259,.F.);
#2831=ORIENTED_EDGE('',*,*,#2258,.T.);
#2832=ORIENTED_EDGE('',*,*,#2260,.F.);
#2833=ORIENTED_EDGE('',*,*,#2261,.F.);
#2834=ORIENTED_EDGE('',*,*,#2262,.F.);
#2835=ORIENTED_EDGE('',*,*,#2261,.T.);
#2836=ORIENTED_EDGE('',*,*,#2263,.F.);
#2837=ORIENTED_EDGE('',*,*,#2264,.F.);
#2838=ORIENTED_EDGE('',*,*,#2265,.F.);
#2839=ORIENTED_EDGE('',*,*,#2264,.T.);
#2840=ORIENTED_EDGE('',*,*,#2266,.F.);
#2841=ORIENTED_EDGE('',*,*,#2256,.F.);
#2842=ORIENTED_EDGE('',*,*,#2265,.T.);
#2843=ORIENTED_EDGE('',*,*,#2255,.T.);
#2844=ORIENTED_EDGE('',*,*,#2259,.T.);
#2845=ORIENTED_EDGE('',*,*,#2262,.T.);
#2846=ORIENTED_EDGE('',*,*,#2241,.T.);
#2847=ORIENTED_EDGE('',*,*,#2245,.T.);
#2848=ORIENTED_EDGE('',*,*,#2249,.T.);
#2849=ORIENTED_EDGE('',*,*,#2253,.T.);
#2850=ORIENTED_EDGE('',*,*,#2266,.T.);
#2851=ORIENTED_EDGE('',*,*,#2263,.T.);
#2852=ORIENTED_EDGE('',*,*,#2260,.T.);
#2853=ORIENTED_EDGE('',*,*,#2257,.T.);
#2854=ORIENTED_EDGE('',*,*,#2267,.T.);
#2855=ORIENTED_EDGE('',*,*,#2268,.T.);
#2856=ORIENTED_EDGE('',*,*,#2269,.F.);
#2857=ORIENTED_EDGE('',*,*,#2270,.F.);
#2858=ORIENTED_EDGE('',*,*,#2271,.T.);
#2859=ORIENTED_EDGE('',*,*,#2272,.T.);
#2860=ORIENTED_EDGE('',*,*,#2273,.F.);
#2861=ORIENTED_EDGE('',*,*,#2268,.F.);
#2862=ORIENTED_EDGE('',*,*,#2274,.T.);
#2863=ORIENTED_EDGE('',*,*,#2275,.T.);
#2864=ORIENTED_EDGE('',*,*,#2276,.F.);
#2865=ORIENTED_EDGE('',*,*,#2272,.F.);
#2866=ORIENTED_EDGE('',*,*,#2277,.T.);
#2867=ORIENTED_EDGE('',*,*,#2277,.F.);
#2868=ORIENTED_EDGE('',*,*,#2278,.T.);
#2869=ORIENTED_EDGE('',*,*,#2279,.F.);
#2870=ORIENTED_EDGE('',*,*,#2278,.F.);
#2871=ORIENTED_EDGE('',*,*,#2280,.T.);
#2872=ORIENTED_EDGE('',*,*,#2280,.F.);
#2873=ORIENTED_EDGE('',*,*,#2281,.T.);
#2874=ORIENTED_EDGE('',*,*,#2282,.F.);
#2875=ORIENTED_EDGE('',*,*,#2281,.F.);
#2876=ORIENTED_EDGE('',*,*,#2283,.T.);
#2877=ORIENTED_EDGE('',*,*,#2283,.F.);
#2878=ORIENTED_EDGE('',*,*,#2284,.T.);
#2879=ORIENTED_EDGE('',*,*,#2285,.F.);
#2880=ORIENTED_EDGE('',*,*,#2284,.F.);
#2881=ORIENTED_EDGE('',*,*,#2286,.T.);
#2882=ORIENTED_EDGE('',*,*,#2286,.F.);
#2883=ORIENTED_EDGE('',*,*,#2287,.T.);
#2884=ORIENTED_EDGE('',*,*,#2288,.F.);
#2885=ORIENTED_EDGE('',*,*,#2287,.F.);
#2886=ORIENTED_EDGE('',*,*,#2289,.T.);
#2887=ORIENTED_EDGE('',*,*,#2289,.F.);
#2888=ORIENTED_EDGE('',*,*,#2290,.T.);
#2889=ORIENTED_EDGE('',*,*,#2291,.F.);
#2890=ORIENTED_EDGE('',*,*,#2290,.F.);
#2891=ORIENTED_EDGE('',*,*,#2292,.T.);
#2892=ORIENTED_EDGE('',*,*,#2292,.F.);
#2893=ORIENTED_EDGE('',*,*,#2293,.T.);
#2894=ORIENTED_EDGE('',*,*,#2294,.F.);
#2895=ORIENTED_EDGE('',*,*,#2293,.F.);
#2896=ORIENTED_EDGE('',*,*,#2295,.T.);
#2897=ORIENTED_EDGE('',*,*,#2295,.F.);
#2898=ORIENTED_EDGE('',*,*,#2296,.T.);
#2899=ORIENTED_EDGE('',*,*,#2297,.F.);
#2900=ORIENTED_EDGE('',*,*,#2296,.F.);
#2901=ORIENTED_EDGE('',*,*,#2298,.T.);
#2902=ORIENTED_EDGE('',*,*,#2298,.F.);
#2903=ORIENTED_EDGE('',*,*,#2299,.T.);
#2904=ORIENTED_EDGE('',*,*,#2300,.F.);
#2905=ORIENTED_EDGE('',*,*,#2299,.F.);
#2906=ORIENTED_EDGE('',*,*,#2301,.T.);
#2907=ORIENTED_EDGE('',*,*,#2301,.F.);
#2908=ORIENTED_EDGE('',*,*,#2302,.T.);
#2909=ORIENTED_EDGE('',*,*,#2303,.F.);
#2910=ORIENTED_EDGE('',*,*,#2302,.F.);
#2911=ORIENTED_EDGE('',*,*,#2304,.T.);
#2912=ORIENTED_EDGE('',*,*,#2304,.F.);
#2913=ORIENTED_EDGE('',*,*,#2305,.T.);
#2914=ORIENTED_EDGE('',*,*,#2306,.F.);
#2915=ORIENTED_EDGE('',*,*,#2305,.F.);
#2916=ORIENTED_EDGE('',*,*,#2307,.T.);
#2917=ORIENTED_EDGE('',*,*,#2307,.F.);
#2918=ORIENTED_EDGE('',*,*,#2308,.T.);
#2919=ORIENTED_EDGE('',*,*,#2309,.F.);
#2920=ORIENTED_EDGE('',*,*,#2308,.F.);
#2921=ORIENTED_EDGE('',*,*,#2310,.T.);
#2922=ORIENTED_EDGE('',*,*,#2310,.F.);
#2923=ORIENTED_EDGE('',*,*,#2311,.T.);
#2924=ORIENTED_EDGE('',*,*,#2312,.F.);
#2925=ORIENTED_EDGE('',*,*,#2311,.F.);
#2926=ORIENTED_EDGE('',*,*,#2313,.T.);
#2927=ORIENTED_EDGE('',*,*,#2313,.F.);
#2928=ORIENTED_EDGE('',*,*,#2314,.T.);
#2929=ORIENTED_EDGE('',*,*,#2315,.F.);
#2930=ORIENTED_EDGE('',*,*,#2314,.F.);
#2931=ORIENTED_EDGE('',*,*,#2316,.T.);
#2932=ORIENTED_EDGE('',*,*,#2316,.F.);
#2933=ORIENTED_EDGE('',*,*,#2317,.T.);
#2934=ORIENTED_EDGE('',*,*,#2318,.F.);
#2935=ORIENTED_EDGE('',*,*,#2317,.F.);
#2936=ORIENTED_EDGE('',*,*,#2319,.T.);
#2937=ORIENTED_EDGE('',*,*,#2319,.F.);
#2938=ORIENTED_EDGE('',*,*,#2320,.T.);
#2939=ORIENTED_EDGE('',*,*,#2321,.F.);
#2940=ORIENTED_EDGE('',*,*,#2320,.F.);
#2941=ORIENTED_EDGE('',*,*,#2322,.T.);
#2942=ORIENTED_EDGE('',*,*,#2322,.F.);
#2943=ORIENTED_EDGE('',*,*,#2323,.T.);
#2944=ORIENTED_EDGE('',*,*,#2324,.F.);
#2945=ORIENTED_EDGE('',*,*,#2323,.F.);
#2946=ORIENTED_EDGE('',*,*,#2325,.T.);
#2947=ORIENTED_EDGE('',*,*,#2325,.F.);
#2948=ORIENTED_EDGE('',*,*,#2326,.T.);
#2949=ORIENTED_EDGE('',*,*,#2327,.F.);
#2950=ORIENTED_EDGE('',*,*,#2326,.F.);
#2951=ORIENTED_EDGE('',*,*,#2328,.T.);
#2952=ORIENTED_EDGE('',*,*,#2328,.F.);
#2953=ORIENTED_EDGE('',*,*,#2329,.T.);
#2954=ORIENTED_EDGE('',*,*,#2330,.F.);
#2955=ORIENTED_EDGE('',*,*,#2329,.F.);
#2956=ORIENTED_EDGE('',*,*,#2331,.F.);
#2957=ORIENTED_EDGE('',*,*,#2332,.T.);
#2958=ORIENTED_EDGE('',*,*,#2333,.T.);
#2959=ORIENTED_EDGE('',*,*,#2334,.F.);
#2960=ORIENTED_EDGE('',*,*,#2335,.T.);
#2961=ORIENTED_EDGE('',*,*,#2270,.T.);
#2962=ORIENTED_EDGE('',*,*,#2336,.F.);
#2963=ORIENTED_EDGE('',*,*,#2337,.F.);
#2964=ORIENTED_EDGE('',*,*,#2338,.F.);
#2965=ORIENTED_EDGE('',*,*,#2339,.T.);
#2966=ORIENTED_EDGE('',*,*,#2340,.T.);
#2967=ORIENTED_EDGE('',*,*,#2332,.F.);
#2968=ORIENTED_EDGE('',*,*,#2341,.T.);
#2969=ORIENTED_EDGE('',*,*,#2337,.T.);
#2970=ORIENTED_EDGE('',*,*,#2342,.F.);
#2971=ORIENTED_EDGE('',*,*,#2343,.F.);
#2972=ORIENTED_EDGE('',*,*,#2344,.F.);
#2973=ORIENTED_EDGE('',*,*,#2345,.T.);
#2974=ORIENTED_EDGE('',*,*,#2346,.T.);
#2975=ORIENTED_EDGE('',*,*,#2339,.F.);
#2976=ORIENTED_EDGE('',*,*,#2347,.T.);
#2977=ORIENTED_EDGE('',*,*,#2343,.T.);
#2978=ORIENTED_EDGE('',*,*,#2348,.F.);
#2979=ORIENTED_EDGE('',*,*,#2349,.F.);
#2980=ORIENTED_EDGE('',*,*,#2350,.T.);
#2981=ORIENTED_EDGE('',*,*,#2349,.T.);
#2982=ORIENTED_EDGE('',*,*,#2351,.F.);
#2983=ORIENTED_EDGE('',*,*,#2352,.F.);
#2984=ORIENTED_EDGE('',*,*,#2353,.T.);
#2985=ORIENTED_EDGE('',*,*,#2354,.F.);
#2986=ORIENTED_EDGE('',*,*,#2335,.F.);
#2987=ORIENTED_EDGE('',*,*,#2355,.T.);
#2988=ORIENTED_EDGE('',*,*,#2356,.T.);
#2989=ORIENTED_EDGE('',*,*,#2357,.F.);
#2990=ORIENTED_EDGE('',*,*,#2353,.F.);
#2991=ORIENTED_EDGE('',*,*,#2358,.T.);
#2992=ORIENTED_EDGE('',*,*,#2359,.F.);
#2993=ORIENTED_EDGE('',*,*,#2360,.F.);
#2994=ORIENTED_EDGE('',*,*,#2356,.F.);
#2995=ORIENTED_EDGE('',*,*,#2361,.T.);
#2996=ORIENTED_EDGE('',*,*,#2354,.T.);
#2997=ORIENTED_EDGE('',*,*,#2362,.T.);
#2998=ORIENTED_EDGE('',*,*,#2363,.F.);
#2999=ORIENTED_EDGE('',*,*,#2267,.F.);
#3000=ORIENTED_EDGE('',*,*,#2357,.T.);
#3001=ORIENTED_EDGE('',*,*,#2364,.T.);
#3002=ORIENTED_EDGE('',*,*,#2365,.F.);
#3003=ORIENTED_EDGE('',*,*,#2362,.F.);
#3004=ORIENTED_EDGE('',*,*,#2360,.T.);
#3005=ORIENTED_EDGE('',*,*,#2333,.F.);
#3006=ORIENTED_EDGE('',*,*,#2366,.F.);
#3007=ORIENTED_EDGE('',*,*,#2364,.F.);
#3008=ORIENTED_EDGE('',*,*,#2363,.T.);
#3009=ORIENTED_EDGE('',*,*,#2367,.T.);
#3010=ORIENTED_EDGE('',*,*,#2368,.F.);
#3011=ORIENTED_EDGE('',*,*,#2271,.F.);
#3012=ORIENTED_EDGE('',*,*,#2365,.T.);
#3013=ORIENTED_EDGE('',*,*,#2369,.T.);
#3014=ORIENTED_EDGE('',*,*,#2370,.F.);
#3015=ORIENTED_EDGE('',*,*,#2367,.F.);
#3016=ORIENTED_EDGE('',*,*,#2366,.T.);
#3017=ORIENTED_EDGE('',*,*,#2340,.F.);
#3018=ORIENTED_EDGE('',*,*,#2371,.F.);
#3019=ORIENTED_EDGE('',*,*,#2369,.F.);
#3020=ORIENTED_EDGE('',*,*,#2368,.T.);
#3021=ORIENTED_EDGE('',*,*,#2372,.T.);
#3022=ORIENTED_EDGE('',*,*,#2373,.F.);
#3023=ORIENTED_EDGE('',*,*,#2274,.F.);
#3024=ORIENTED_EDGE('',*,*,#2370,.T.);
#3025=ORIENTED_EDGE('',*,*,#2374,.T.);
#3026=ORIENTED_EDGE('',*,*,#2375,.F.);
#3027=ORIENTED_EDGE('',*,*,#2372,.F.);
#3028=ORIENTED_EDGE('',*,*,#2371,.T.);
#3029=ORIENTED_EDGE('',*,*,#2346,.F.);
#3030=ORIENTED_EDGE('',*,*,#2376,.F.);
#3031=ORIENTED_EDGE('',*,*,#2374,.F.);
#3032=ORIENTED_EDGE('',*,*,#2377,.T.);
#3033=ORIENTED_EDGE('',*,*,#2378,.F.);
#3034=ORIENTED_EDGE('',*,*,#2379,.F.);
#3035=ORIENTED_EDGE('',*,*,#2380,.F.);
#3036=ORIENTED_EDGE('',*,*,#2381,.T.);
#3037=ORIENTED_EDGE('',*,*,#2382,.T.);
#3038=ORIENTED_EDGE('',*,*,#2383,.F.);
#3039=ORIENTED_EDGE('',*,*,#2350,.F.);
#3040=ORIENTED_EDGE('',*,*,#2384,.T.);
#3041=ORIENTED_EDGE('',*,*,#2385,.T.);
#3042=ORIENTED_EDGE('',*,*,#2386,.F.);
#3043=ORIENTED_EDGE('',*,*,#2382,.F.);
#3044=ORIENTED_EDGE('',*,*,#2379,.T.);
#3045=ORIENTED_EDGE('',*,*,#2387,.F.);
#3046=ORIENTED_EDGE('',*,*,#2388,.F.);
#3047=ORIENTED_EDGE('',*,*,#2385,.F.);
#3048=ORIENTED_EDGE('',*,*,#2383,.T.);
#3049=ORIENTED_EDGE('',*,*,#2389,.T.);
#3050=ORIENTED_EDGE('',*,*,#2390,.F.);
#3051=ORIENTED_EDGE('',*,*,#2347,.F.);
#3052=ORIENTED_EDGE('',*,*,#2386,.T.);
#3053=ORIENTED_EDGE('',*,*,#2391,.T.);
#3054=ORIENTED_EDGE('',*,*,#2392,.F.);
#3055=ORIENTED_EDGE('',*,*,#2389,.F.);
#3056=ORIENTED_EDGE('',*,*,#2388,.T.);
#3057=ORIENTED_EDGE('',*,*,#2393,.F.);
#3058=ORIENTED_EDGE('',*,*,#2394,.F.);
#3059=ORIENTED_EDGE('',*,*,#2391,.F.);
#3060=ORIENTED_EDGE('',*,*,#2390,.T.);
#3061=ORIENTED_EDGE('',*,*,#2395,.T.);
#3062=ORIENTED_EDGE('',*,*,#2355,.F.);
#3063=ORIENTED_EDGE('',*,*,#2341,.F.);
#3064=ORIENTED_EDGE('',*,*,#2392,.T.);
#3065=ORIENTED_EDGE('',*,*,#2396,.T.);
#3066=ORIENTED_EDGE('',*,*,#2358,.F.);
#3067=ORIENTED_EDGE('',*,*,#2395,.F.);
#3068=ORIENTED_EDGE('',*,*,#2394,.T.);
#3069=ORIENTED_EDGE('',*,*,#2397,.F.);
#3070=ORIENTED_EDGE('',*,*,#2361,.F.);
#3071=ORIENTED_EDGE('',*,*,#2396,.F.);
#3072=ORIENTED_EDGE('',*,*,#2398,.F.);
#3073=ORIENTED_EDGE('',*,*,#2399,.F.);
#3074=ORIENTED_EDGE('',*,*,#2400,.F.);
#3075=ORIENTED_EDGE('',*,*,#2401,.F.);
#3076=ORIENTED_EDGE('',*,*,#2402,.F.);
#3077=ORIENTED_EDGE('',*,*,#2403,.F.);
#3078=ORIENTED_EDGE('',*,*,#2404,.F.);
#3079=ORIENTED_EDGE('',*,*,#2405,.F.);
#3080=ORIENTED_EDGE('',*,*,#2406,.T.);
#3081=ORIENTED_EDGE('',*,*,#2407,.T.);
#3082=ORIENTED_EDGE('',*,*,#2408,.T.);
#3083=ORIENTED_EDGE('',*,*,#2409,.T.);
#3084=ORIENTED_EDGE('',*,*,#2279,.T.);
#3085=ORIENTED_EDGE('',*,*,#2282,.T.);
#3086=ORIENTED_EDGE('',*,*,#2285,.T.);
#3087=ORIENTED_EDGE('',*,*,#2288,.T.);
#3088=ORIENTED_EDGE('',*,*,#2291,.T.);
#3089=ORIENTED_EDGE('',*,*,#2294,.T.);
#3090=ORIENTED_EDGE('',*,*,#2297,.T.);
#3091=ORIENTED_EDGE('',*,*,#2300,.T.);
#3092=ORIENTED_EDGE('',*,*,#2303,.T.);
#3093=ORIENTED_EDGE('',*,*,#2306,.T.);
#3094=ORIENTED_EDGE('',*,*,#2309,.T.);
#3095=ORIENTED_EDGE('',*,*,#2312,.T.);
#3096=ORIENTED_EDGE('',*,*,#2315,.T.);
#3097=ORIENTED_EDGE('',*,*,#2318,.T.);
#3098=ORIENTED_EDGE('',*,*,#2321,.T.);
#3099=ORIENTED_EDGE('',*,*,#2324,.T.);
#3100=ORIENTED_EDGE('',*,*,#2327,.T.);
#3101=ORIENTED_EDGE('',*,*,#2330,.T.);
#3102=ORIENTED_EDGE('',*,*,#2410,.F.);
#3103=ORIENTED_EDGE('',*,*,#2334,.T.);
#3104=ORIENTED_EDGE('',*,*,#2359,.T.);
#3105=ORIENTED_EDGE('',*,*,#2411,.F.);
#3106=ORIENTED_EDGE('',*,*,#2412,.F.);
#3107=ORIENTED_EDGE('',*,*,#2411,.T.);
#3108=ORIENTED_EDGE('',*,*,#2397,.T.);
#3109=ORIENTED_EDGE('',*,*,#2413,.F.);
#3110=ORIENTED_EDGE('',*,*,#2414,.F.);
#3111=ORIENTED_EDGE('',*,*,#2413,.T.);
#3112=ORIENTED_EDGE('',*,*,#2393,.T.);
#3113=ORIENTED_EDGE('',*,*,#2415,.F.);
#3114=ORIENTED_EDGE('',*,*,#2416,.F.);
#3115=ORIENTED_EDGE('',*,*,#2415,.T.);
#3116=ORIENTED_EDGE('',*,*,#2387,.T.);
#3117=ORIENTED_EDGE('',*,*,#2417,.F.);
#3118=ORIENTED_EDGE('',*,*,#2418,.F.);
#3119=ORIENTED_EDGE('',*,*,#2412,.T.);
#3120=ORIENTED_EDGE('',*,*,#2419,.F.);
#3121=ORIENTED_EDGE('',*,*,#2399,.T.);
#3122=ORIENTED_EDGE('',*,*,#2419,.T.);
#3123=ORIENTED_EDGE('',*,*,#2414,.T.);
#3124=ORIENTED_EDGE('',*,*,#2420,.F.);
#3125=ORIENTED_EDGE('',*,*,#2400,.T.);
#3126=ORIENTED_EDGE('',*,*,#2420,.T.);
#3127=ORIENTED_EDGE('',*,*,#2416,.T.);
#3128=ORIENTED_EDGE('',*,*,#2421,.F.);
#3129=ORIENTED_EDGE('',*,*,#2401,.T.);
#3130=ORIENTED_EDGE('',*,*,#2421,.T.);
#3131=ORIENTED_EDGE('',*,*,#2422,.T.);
#3132=ORIENTED_EDGE('',*,*,#2423,.F.);
#3133=ORIENTED_EDGE('',*,*,#2402,.T.);
#3134=ORIENTED_EDGE('',*,*,#2423,.T.);
#3135=ORIENTED_EDGE('',*,*,#2344,.T.);
#3136=ORIENTED_EDGE('',*,*,#2424,.F.);
#3137=ORIENTED_EDGE('',*,*,#2403,.T.);
#3138=ORIENTED_EDGE('',*,*,#2424,.T.);
#3139=ORIENTED_EDGE('',*,*,#2338,.T.);
#3140=ORIENTED_EDGE('',*,*,#2425,.F.);
#3141=ORIENTED_EDGE('',*,*,#2404,.T.);
#3142=ORIENTED_EDGE('',*,*,#2425,.T.);
#3143=ORIENTED_EDGE('',*,*,#2331,.T.);
#3144=ORIENTED_EDGE('',*,*,#2426,.F.);
#3145=ORIENTED_EDGE('',*,*,#2405,.T.);
#3146=ORIENTED_EDGE('',*,*,#2418,.T.);
#3147=ORIENTED_EDGE('',*,*,#2398,.T.);
#3148=ORIENTED_EDGE('',*,*,#2426,.T.);
#3149=ORIENTED_EDGE('',*,*,#2410,.T.);
#3150=ORIENTED_EDGE('',*,*,#2427,.F.);
#3151=ORIENTED_EDGE('',*,*,#2428,.F.);
#3152=ORIENTED_EDGE('',*,*,#2429,.F.);
#3153=ORIENTED_EDGE('',*,*,#2430,.F.);
#3154=ORIENTED_EDGE('',*,*,#2431,.F.);
#3155=ORIENTED_EDGE('',*,*,#2432,.F.);
#3156=ORIENTED_EDGE('',*,*,#2433,.F.);
#3157=ORIENTED_EDGE('',*,*,#2434,.T.);
#3158=ORIENTED_EDGE('',*,*,#2435,.T.);
#3159=ORIENTED_EDGE('',*,*,#2436,.T.);
#3160=ORIENTED_EDGE('',*,*,#2427,.T.);
#3161=ORIENTED_EDGE('',*,*,#2437,.F.);
#3162=ORIENTED_EDGE('',*,*,#2438,.F.);
#3163=ORIENTED_EDGE('',*,*,#2437,.T.);
#3164=ORIENTED_EDGE('',*,*,#2432,.T.);
#3165=ORIENTED_EDGE('',*,*,#2439,.F.);
#3166=ORIENTED_EDGE('',*,*,#2440,.F.);
#3167=ORIENTED_EDGE('',*,*,#2439,.T.);
#3168=ORIENTED_EDGE('',*,*,#2431,.T.);
#3169=ORIENTED_EDGE('',*,*,#2441,.F.);
#3170=ORIENTED_EDGE('',*,*,#2442,.T.);
#3171=ORIENTED_EDGE('',*,*,#2443,.T.);
#3172=ORIENTED_EDGE('',*,*,#2428,.T.);
#3173=ORIENTED_EDGE('',*,*,#2436,.F.);
#3174=ORIENTED_EDGE('',*,*,#2444,.T.);
#3175=ORIENTED_EDGE('',*,*,#2445,.T.);
#3176=ORIENTED_EDGE('',*,*,#2446,.T.);
#3177=ORIENTED_EDGE('',*,*,#2447,.T.);
#3178=ORIENTED_EDGE('',*,*,#2448,.F.);
#3179=ORIENTED_EDGE('',*,*,#2449,.F.);
#3180=ORIENTED_EDGE('',*,*,#2450,.F.);
#3181=ORIENTED_EDGE('',*,*,#2451,.F.);
#3182=ORIENTED_EDGE('',*,*,#2452,.F.);
#3183=ORIENTED_EDGE('',*,*,#2453,.F.);
#3184=ORIENTED_EDGE('',*,*,#2454,.F.);
#3185=ORIENTED_EDGE('',*,*,#2455,.T.);
#3186=ORIENTED_EDGE('',*,*,#2448,.T.);
#3187=ORIENTED_EDGE('',*,*,#2456,.F.);
#3188=ORIENTED_EDGE('',*,*,#2457,.F.);
#3189=ORIENTED_EDGE('',*,*,#2456,.T.);
#3190=ORIENTED_EDGE('',*,*,#2453,.T.);
#3191=ORIENTED_EDGE('',*,*,#2458,.F.);
#3192=ORIENTED_EDGE('',*,*,#2459,.F.);
#3193=ORIENTED_EDGE('',*,*,#2458,.T.);
#3194=ORIENTED_EDGE('',*,*,#2452,.T.);
#3195=ORIENTED_EDGE('',*,*,#2460,.F.);
#3196=ORIENTED_EDGE('',*,*,#2461,.T.);
#3197=ORIENTED_EDGE('',*,*,#2462,.F.);
#3198=ORIENTED_EDGE('',*,*,#2463,.T.);
#3199=ORIENTED_EDGE('',*,*,#2460,.T.);
#3200=ORIENTED_EDGE('',*,*,#2451,.T.);
#3201=ORIENTED_EDGE('',*,*,#2464,.F.);
#3202=ORIENTED_EDGE('',*,*,#2465,.T.);
#3203=ORIENTED_EDGE('',*,*,#2466,.T.);
#3204=ORIENTED_EDGE('',*,*,#2467,.T.);
#3205=ORIENTED_EDGE('',*,*,#2468,.T.);
#3206=ORIENTED_EDGE('',*,*,#2469,.T.);
#3207=ORIENTED_EDGE('',*,*,#2449,.T.);
#3208=ORIENTED_EDGE('',*,*,#2455,.F.);
#3209=ORIENTED_EDGE('',*,*,#2470,.F.);
#3210=ORIENTED_EDGE('',*,*,#2471,.F.);
#3211=ORIENTED_EDGE('',*,*,#2446,.F.);
#3212=ORIENTED_EDGE('',*,*,#2472,.F.);
#3213=ORIENTED_EDGE('',*,*,#2473,.F.);
#3214=ORIENTED_EDGE('',*,*,#2474,.T.);
#3215=ORIENTED_EDGE('',*,*,#2447,.F.);
#3216=ORIENTED_EDGE('',*,*,#2471,.T.);
#3217=ORIENTED_EDGE('',*,*,#2475,.F.);
#3218=ORIENTED_EDGE('',*,*,#2476,.T.);
#3219=ORIENTED_EDGE('',*,*,#2475,.T.);
#3220=ORIENTED_EDGE('',*,*,#2473,.T.);
#3221=ORIENTED_EDGE('',*,*,#2477,.F.);
#3222=ORIENTED_EDGE('',*,*,#2478,.F.);
#3223=ORIENTED_EDGE('',*,*,#2467,.F.);
#3224=ORIENTED_EDGE('',*,*,#2479,.F.);
#3225=ORIENTED_EDGE('',*,*,#2480,.F.);
#3226=ORIENTED_EDGE('',*,*,#2481,.T.);
#3227=ORIENTED_EDGE('',*,*,#2468,.F.);
#3228=ORIENTED_EDGE('',*,*,#2478,.T.);
#3229=ORIENTED_EDGE('',*,*,#2482,.F.);
#3230=ORIENTED_EDGE('',*,*,#2483,.T.);
#3231=ORIENTED_EDGE('',*,*,#2482,.T.);
#3232=ORIENTED_EDGE('',*,*,#2480,.T.);
#3233=ORIENTED_EDGE('',*,*,#2484,.F.);
#3234=ORIENTED_EDGE('',*,*,#2485,.T.);
#3235=ORIENTED_EDGE('',*,*,#2484,.T.);
#3236=ORIENTED_EDGE('',*,*,#2479,.T.);
#3237=ORIENTED_EDGE('',*,*,#2466,.F.);
#3238=ORIENTED_EDGE('',*,*,#2486,.T.);
#3239=ORIENTED_EDGE('',*,*,#2351,.T.);
#3240=ORIENTED_EDGE('',*,*,#2348,.T.);
#3241=ORIENTED_EDGE('',*,*,#2342,.T.);
#3242=ORIENTED_EDGE('',*,*,#2336,.T.);
#3243=ORIENTED_EDGE('',*,*,#2269,.T.);
#3244=ORIENTED_EDGE('',*,*,#2273,.T.);
#3245=ORIENTED_EDGE('',*,*,#2276,.T.);
#3246=ORIENTED_EDGE('',*,*,#2487,.T.);
#3247=ORIENTED_EDGE('',*,*,#2470,.T.);
#3248=ORIENTED_EDGE('',*,*,#2454,.T.);
#3249=ORIENTED_EDGE('',*,*,#2457,.T.);
#3250=ORIENTED_EDGE('',*,*,#2459,.T.);
#3251=ORIENTED_EDGE('',*,*,#2488,.T.);
#3252=ORIENTED_EDGE('',*,*,#2433,.T.);
#3253=ORIENTED_EDGE('',*,*,#2438,.T.);
#3254=ORIENTED_EDGE('',*,*,#2440,.T.);
#3255=ORIENTED_EDGE('',*,*,#2489,.T.);
#3256=ORIENTED_EDGE('',*,*,#2490,.T.);
#3257=ORIENTED_EDGE('',*,*,#2477,.T.);
#3258=ORIENTED_EDGE('',*,*,#2472,.T.);
#3259=ORIENTED_EDGE('',*,*,#2445,.F.);
#3260=ORIENTED_EDGE('',*,*,#2461,.F.);
#3261=ORIENTED_EDGE('',*,*,#2463,.F.);
#3262=ORIENTED_EDGE('',*,*,#2481,.F.);
#3263=ORIENTED_EDGE('',*,*,#2483,.F.);
#3264=ORIENTED_EDGE('',*,*,#2485,.F.);
#3265=ORIENTED_EDGE('',*,*,#2465,.F.);
#3266=ORIENTED_EDGE('',*,*,#2491,.F.);
#3267=ORIENTED_EDGE('',*,*,#2492,.F.);
#3268=ORIENTED_EDGE('',*,*,#2488,.F.);
#3269=ORIENTED_EDGE('',*,*,#2462,.T.);
#3270=ORIENTED_EDGE('',*,*,#2492,.T.);
#3271=ORIENTED_EDGE('',*,*,#2493,.T.);
#3272=ORIENTED_EDGE('',*,*,#2494,.T.);
#3273=ORIENTED_EDGE('',*,*,#2495,.F.);
#3274=ORIENTED_EDGE('',*,*,#2496,.T.);
#3275=ORIENTED_EDGE('',*,*,#2434,.F.);
#3276=ORIENTED_EDGE('',*,*,#2496,.F.);
#3277=ORIENTED_EDGE('',*,*,#2497,.F.);
#3278=ORIENTED_EDGE('',*,*,#2442,.F.);
#3279=ORIENTED_EDGE('',*,*,#2474,.F.);
#3280=ORIENTED_EDGE('',*,*,#2476,.F.);
#3281=ORIENTED_EDGE('',*,*,#2490,.F.);
#3282=ORIENTED_EDGE('',*,*,#2444,.F.);
#3283=ORIENTED_EDGE('',*,*,#2435,.F.);
#3284=ORIENTED_EDGE('',*,*,#2498,.F.);
#3285=ORIENTED_EDGE('',*,*,#2499,.F.);
#3286=ORIENTED_EDGE('',*,*,#2500,.F.);
#3287=ORIENTED_EDGE('',*,*,#2501,.F.);
#3288=ORIENTED_EDGE('',*,*,#2502,.T.);
#3289=ORIENTED_EDGE('',*,*,#2503,.T.);
#3290=ORIENTED_EDGE('',*,*,#2504,.T.);
#3291=ORIENTED_EDGE('',*,*,#2505,.T.);
#3292=ORIENTED_EDGE('',*,*,#2506,.T.);
#3293=ORIENTED_EDGE('',*,*,#2407,.F.);
#3294=ORIENTED_EDGE('',*,*,#2507,.T.);
#3295=ORIENTED_EDGE('',*,*,#2498,.T.);
#3296=ORIENTED_EDGE('',*,*,#2508,.F.);
#3297=ORIENTED_EDGE('',*,*,#2408,.F.);
#3298=ORIENTED_EDGE('',*,*,#2508,.T.);
#3299=ORIENTED_EDGE('',*,*,#2501,.T.);
#3300=ORIENTED_EDGE('',*,*,#2509,.F.);
#3301=ORIENTED_EDGE('',*,*,#2409,.F.);
#3302=ORIENTED_EDGE('',*,*,#2509,.T.);
#3303=ORIENTED_EDGE('',*,*,#2500,.T.);
#3304=ORIENTED_EDGE('',*,*,#2510,.F.);
#3305=ORIENTED_EDGE('',*,*,#2406,.F.);
#3306=ORIENTED_EDGE('',*,*,#2510,.T.);
#3307=ORIENTED_EDGE('',*,*,#2499,.T.);
#3308=ORIENTED_EDGE('',*,*,#2507,.F.);
#3309=ORIENTED_EDGE('',*,*,#2511,.T.);
#3310=ORIENTED_EDGE('',*,*,#2489,.F.);
#3311=ORIENTED_EDGE('',*,*,#2441,.T.);
#3312=ORIENTED_EDGE('',*,*,#2430,.T.);
#3313=ORIENTED_EDGE('',*,*,#2494,.F.);
#3314=ORIENTED_EDGE('',*,*,#2512,.F.);
#3315=ORIENTED_EDGE('',*,*,#2513,.F.);
#3316=ORIENTED_EDGE('',*,*,#2514,.F.);
#3317=ORIENTED_EDGE('',*,*,#2515,.T.);
#3318=ORIENTED_EDGE('',*,*,#2516,.T.);
#3319=ORIENTED_EDGE('',*,*,#2517,.T.);
#3320=ORIENTED_EDGE('',*,*,#2518,.T.);
#3321=ORIENTED_EDGE('',*,*,#2519,.T.);
#3322=ORIENTED_EDGE('',*,*,#2429,.T.);
#3323=ORIENTED_EDGE('',*,*,#2443,.F.);
#3324=ORIENTED_EDGE('',*,*,#2497,.T.);
#3325=ORIENTED_EDGE('',*,*,#2495,.T.);
#3326=ORIENTED_EDGE('',*,*,#2514,.T.);
#3327=ORIENTED_EDGE('',*,*,#2520,.F.);
#3328=ORIENTED_EDGE('',*,*,#2487,.F.);
#3329=ORIENTED_EDGE('',*,*,#2511,.F.);
#3330=ORIENTED_EDGE('',*,*,#2520,.T.);
#3331=ORIENTED_EDGE('',*,*,#2513,.T.);
#3332=ORIENTED_EDGE('',*,*,#2521,.F.);
#3333=ORIENTED_EDGE('',*,*,#2469,.F.);
#3334=ORIENTED_EDGE('',*,*,#2450,.T.);
#3335=ORIENTED_EDGE('',*,*,#2521,.T.);
#3336=ORIENTED_EDGE('',*,*,#2512,.T.);
#3337=ORIENTED_EDGE('',*,*,#2493,.F.);
#3338=ORIENTED_EDGE('',*,*,#2491,.T.);
#3339=ORIENTED_EDGE('',*,*,#2464,.T.);
#3340=ORIENTED_EDGE('',*,*,#2519,.F.);
#3341=ORIENTED_EDGE('',*,*,#2522,.T.);
#3342=ORIENTED_EDGE('',*,*,#2506,.F.);
#3343=ORIENTED_EDGE('',*,*,#2522,.F.);
#3344=ORIENTED_EDGE('',*,*,#2518,.F.);
#3345=ORIENTED_EDGE('',*,*,#2523,.T.);
#3346=ORIENTED_EDGE('',*,*,#2505,.F.);
#3347=ORIENTED_EDGE('',*,*,#2523,.F.);
#3348=ORIENTED_EDGE('',*,*,#2517,.F.);
#3349=ORIENTED_EDGE('',*,*,#2524,.T.);
#3350=ORIENTED_EDGE('',*,*,#2504,.F.);
#3351=ORIENTED_EDGE('',*,*,#2524,.F.);
#3352=ORIENTED_EDGE('',*,*,#2516,.F.);
#3353=ORIENTED_EDGE('',*,*,#2525,.T.);
#3354=ORIENTED_EDGE('',*,*,#2503,.F.);
#3355=ORIENTED_EDGE('',*,*,#2525,.F.);
#3356=ORIENTED_EDGE('',*,*,#2515,.F.);
#3357=ORIENTED_EDGE('',*,*,#2526,.T.);
#3358=ORIENTED_EDGE('',*,*,#2502,.F.);
#3359=ORIENTED_EDGE('',*,*,#2526,.F.);
#3360=ORIENTED_EDGE('',*,*,#2527,.T.);
#3361=ORIENTED_EDGE('',*,*,#2528,.F.);
#3362=ORIENTED_EDGE('',*,*,#2376,.T.);
#3363=ORIENTED_EDGE('',*,*,#2529,.F.);
#3364=ORIENTED_EDGE('',*,*,#2530,.T.);
#3365=ORIENTED_EDGE('',*,*,#2380,.T.);
#3366=ORIENTED_EDGE('',*,*,#2384,.F.);
#3367=ORIENTED_EDGE('',*,*,#2531,.F.);
#3368=ORIENTED_EDGE('',*,*,#2532,.T.);
#3369=ORIENTED_EDGE('',*,*,#2533,.F.);
#3370=ORIENTED_EDGE('',*,*,#2375,.T.);
#3371=ORIENTED_EDGE('',*,*,#2528,.T.);
#3372=ORIENTED_EDGE('',*,*,#2529,.T.);
#3373=ORIENTED_EDGE('',*,*,#2345,.F.);
#3374=ORIENTED_EDGE('',*,*,#2422,.F.);
#3375=ORIENTED_EDGE('',*,*,#2417,.T.);
#3376=ORIENTED_EDGE('',*,*,#2378,.T.);
#3377=ORIENTED_EDGE('',*,*,#2534,.F.);
#3378=ORIENTED_EDGE('',*,*,#2535,.F.);
#3379=ORIENTED_EDGE('',*,*,#2536,.F.);
#3380=ORIENTED_EDGE('',*,*,#2537,.T.);
#3381=ORIENTED_EDGE('',*,*,#2531,.T.);
#3382=ORIENTED_EDGE('',*,*,#2381,.F.);
#3383=ORIENTED_EDGE('',*,*,#2538,.F.);
#3384=ORIENTED_EDGE('',*,*,#2539,.T.);
#3385=ORIENTED_EDGE('',*,*,#2540,.F.);
#3386=ORIENTED_EDGE('',*,*,#2373,.T.);
#3387=ORIENTED_EDGE('',*,*,#2533,.T.);
#3388=ORIENTED_EDGE('',*,*,#2538,.T.);
#3389=ORIENTED_EDGE('',*,*,#2352,.T.);
#3390=ORIENTED_EDGE('',*,*,#2486,.F.);
#3391=ORIENTED_EDGE('',*,*,#2275,.F.);
#3392=ORIENTED_EDGE('',*,*,#2540,.T.);
#3393=ORIENTED_EDGE('',*,*,#2541,.F.);
#3394=ORIENTED_EDGE('',*,*,#2542,.F.);
#3395=ORIENTED_EDGE('',*,*,#2543,.F.);
#3396=ORIENTED_EDGE('',*,*,#2544,.T.);
#3397=ORIENTED_EDGE('',*,*,#2545,.T.);
#3398=ORIENTED_EDGE('',*,*,#2546,.T.);
#3399=ORIENTED_EDGE('',*,*,#2547,.T.);
#3400=ORIENTED_EDGE('',*,*,#2548,.T.);
#3401=ORIENTED_EDGE('',*,*,#2549,.F.);
#3402=ORIENTED_EDGE('',*,*,#2550,.F.);
#3403=ORIENTED_EDGE('',*,*,#2551,.F.);
#3404=ORIENTED_EDGE('',*,*,#2552,.T.);
#3405=ORIENTED_EDGE('',*,*,#2553,.T.);
#3406=ORIENTED_EDGE('',*,*,#2554,.F.);
#3407=ORIENTED_EDGE('',*,*,#2555,.T.);
#3408=ORIENTED_EDGE('',*,*,#2556,.F.);
#3409=ORIENTED_EDGE('',*,*,#2557,.F.);
#3410=ORIENTED_EDGE('',*,*,#2558,.F.);
#3411=ORIENTED_EDGE('',*,*,#2559,.T.);
#3412=ORIENTED_EDGE('',*,*,#2560,.F.);
#3413=ORIENTED_EDGE('',*,*,#2561,.T.);
#3414=ORIENTED_EDGE('',*,*,#2562,.T.);
#3415=ORIENTED_EDGE('',*,*,#2563,.F.);
#3416=ORIENTED_EDGE('',*,*,#2564,.F.);
#3417=ORIENTED_EDGE('',*,*,#2544,.F.);
#3418=ORIENTED_EDGE('',*,*,#2565,.F.);
#3419=ORIENTED_EDGE('',*,*,#2556,.T.);
#3420=ORIENTED_EDGE('',*,*,#2566,.T.);
#3421=ORIENTED_EDGE('',*,*,#2567,.F.);
#3422=ORIENTED_EDGE('',*,*,#2568,.T.);
#3423=ORIENTED_EDGE('',*,*,#2549,.T.);
#3424=ORIENTED_EDGE('',*,*,#2550,.T.);
#3425=ORIENTED_EDGE('',*,*,#2569,.F.);
#3426=ORIENTED_EDGE('',*,*,#2570,.F.);
#3427=ORIENTED_EDGE('',*,*,#2571,.T.);
#3428=ORIENTED_EDGE('',*,*,#2572,.T.);
#3429=ORIENTED_EDGE('',*,*,#2573,.F.);
#3430=ORIENTED_EDGE('',*,*,#2563,.T.);
#3431=ORIENTED_EDGE('',*,*,#2547,.F.);
#3432=ORIENTED_EDGE('',*,*,#2574,.T.);
#3433=ORIENTED_EDGE('',*,*,#2546,.F.);
#3434=ORIENTED_EDGE('',*,*,#2575,.F.);
#3435=ORIENTED_EDGE('',*,*,#2554,.T.);
#3436=ORIENTED_EDGE('',*,*,#2576,.T.);
#3437=ORIENTED_EDGE('',*,*,#2577,.T.);
#3438=ORIENTED_EDGE('',*,*,#2578,.T.);
#3439=ORIENTED_EDGE('',*,*,#2545,.F.);
#3440=ORIENTED_EDGE('',*,*,#2579,.T.);
#3441=ORIENTED_EDGE('',*,*,#2580,.F.);
#3442=ORIENTED_EDGE('',*,*,#2553,.F.);
#3443=ORIENTED_EDGE('',*,*,#2581,.T.);
#3444=ORIENTED_EDGE('',*,*,#2582,.T.);
#3445=ORIENTED_EDGE('',*,*,#2583,.F.);
#3446=ORIENTED_EDGE('',*,*,#2584,.T.);
#3447=ORIENTED_EDGE('',*,*,#2552,.F.);
#3448=ORIENTED_EDGE('',*,*,#2557,.T.);
#3449=ORIENTED_EDGE('',*,*,#2585,.F.);
#3450=ORIENTED_EDGE('',*,*,#2586,.F.);
#3451=ORIENTED_EDGE('',*,*,#2559,.F.);
#3452=ORIENTED_EDGE('',*,*,#2561,.F.);
#3453=ORIENTED_EDGE('',*,*,#2587,.F.);
#3454=ORIENTED_EDGE('',*,*,#2588,.F.);
#3455=ORIENTED_EDGE('',*,*,#2555,.F.);
#3456=ORIENTED_EDGE('',*,*,#2589,.F.);
#3457=ORIENTED_EDGE('',*,*,#2590,.T.);
#3458=ORIENTED_EDGE('',*,*,#2591,.F.);
#3459=ORIENTED_EDGE('',*,*,#2587,.T.);
#3460=ORIENTED_EDGE('',*,*,#2560,.T.);
#3461=ORIENTED_EDGE('',*,*,#2592,.F.);
#3462=ORIENTED_EDGE('',*,*,#2593,.T.);
#3463=ORIENTED_EDGE('',*,*,#2594,.F.);
#3464=ORIENTED_EDGE('',*,*,#2595,.F.);
#3465=ORIENTED_EDGE('',*,*,#2596,.F.);
#3466=ORIENTED_EDGE('',*,*,#2597,.T.);
#3467=ORIENTED_EDGE('',*,*,#2573,.T.);
#3468=ORIENTED_EDGE('',*,*,#2598,.T.);
#3469=ORIENTED_EDGE('',*,*,#2599,.T.);
#3470=ORIENTED_EDGE('',*,*,#2600,.T.);
#3471=ORIENTED_EDGE('',*,*,#2601,.T.);
#3472=ORIENTED_EDGE('',*,*,#2592,.T.);
#3473=ORIENTED_EDGE('',*,*,#2564,.T.);
#3474=ORIENTED_EDGE('',*,*,#2566,.F.);
#3475=ORIENTED_EDGE('',*,*,#2591,.T.);
#3476=ORIENTED_EDGE('',*,*,#2602,.T.);
#3477=ORIENTED_EDGE('',*,*,#2579,.F.);
#3478=ORIENTED_EDGE('',*,*,#2603,.F.);
#3479=ORIENTED_EDGE('',*,*,#2585,.T.);
#3480=ORIENTED_EDGE('',*,*,#2565,.T.);
#3481=ORIENTED_EDGE('',*,*,#2568,.F.);
#3482=ORIENTED_EDGE('',*,*,#2604,.F.);
#3483=ORIENTED_EDGE('',*,*,#2605,.T.);
#3484=ORIENTED_EDGE('',*,*,#2567,.T.);
#3485=ORIENTED_EDGE('',*,*,#2580,.T.);
#3486=ORIENTED_EDGE('',*,*,#2606,.T.);
#3487=ORIENTED_EDGE('',*,*,#2607,.T.);
#3488=ORIENTED_EDGE('',*,*,#2608,.T.);
#3489=ORIENTED_EDGE('',*,*,#2569,.T.);
#3490=ORIENTED_EDGE('',*,*,#2609,.T.);
#3491=ORIENTED_EDGE('',*,*,#2596,.T.);
#3492=ORIENTED_EDGE('',*,*,#2610,.T.);
#3493=ORIENTED_EDGE('',*,*,#2611,.T.);
#3494=ORIENTED_EDGE('',*,*,#2588,.T.);
#3495=ORIENTED_EDGE('',*,*,#2597,.F.);
#3496=ORIENTED_EDGE('',*,*,#2609,.F.);
#3497=ORIENTED_EDGE('',*,*,#2574,.F.);
#3498=ORIENTED_EDGE('',*,*,#2576,.F.);
#3499=ORIENTED_EDGE('',*,*,#2598,.F.);
#3500=ORIENTED_EDGE('',*,*,#2572,.F.);
#3501=ORIENTED_EDGE('',*,*,#2612,.T.);
#3502=ORIENTED_EDGE('',*,*,#2613,.T.);
#3503=ORIENTED_EDGE('',*,*,#2614,.F.);
#3504=ORIENTED_EDGE('',*,*,#2571,.F.);
#3505=ORIENTED_EDGE('',*,*,#2615,.F.);
#3506=ORIENTED_EDGE('',*,*,#2616,.F.);
#3507=ORIENTED_EDGE('',*,*,#2608,.F.);
#3508=ORIENTED_EDGE('',*,*,#2617,.F.);
#3509=ORIENTED_EDGE('',*,*,#2618,.T.);
#3510=ORIENTED_EDGE('',*,*,#2570,.T.);
#3511=ORIENTED_EDGE('',*,*,#2578,.F.);
#3512=ORIENTED_EDGE('',*,*,#2619,.F.);
#3513=ORIENTED_EDGE('',*,*,#2589,.T.);
#3514=ORIENTED_EDGE('',*,*,#2575,.T.);
#3515=ORIENTED_EDGE('',*,*,#2620,.T.);
#3516=ORIENTED_EDGE('',*,*,#2621,.T.);
#3517=ORIENTED_EDGE('',*,*,#2577,.F.);
#3518=ORIENTED_EDGE('',*,*,#2622,.T.);
#3519=ORIENTED_EDGE('',*,*,#2623,.T.);
#3520=ORIENTED_EDGE('',*,*,#2624,.F.);
#3521=ORIENTED_EDGE('',*,*,#2625,.F.);
#3522=ORIENTED_EDGE('',*,*,#2626,.F.);
#3523=ORIENTED_EDGE('',*,*,#2627,.F.);
#3524=ORIENTED_EDGE('',*,*,#2628,.F.);
#3525=ORIENTED_EDGE('',*,*,#2629,.T.);
#3526=ORIENTED_EDGE('',*,*,#2600,.F.);
#3527=ORIENTED_EDGE('',*,*,#2630,.F.);
#3528=ORIENTED_EDGE('',*,*,#2584,.F.);
#3529=ORIENTED_EDGE('',*,*,#2583,.T.);
#3530=ORIENTED_EDGE('',*,*,#2631,.T.);
#3531=ORIENTED_EDGE('',*,*,#2632,.T.);
#3532=ORIENTED_EDGE('',*,*,#2628,.T.);
#3533=ORIENTED_EDGE('',*,*,#2633,.T.);
#3534=ORIENTED_EDGE('',*,*,#2634,.T.);
#3535=ORIENTED_EDGE('',*,*,#2635,.T.);
#3536=ORIENTED_EDGE('',*,*,#2624,.T.);
#3537=ORIENTED_EDGE('',*,*,#2636,.T.);
#3538=ORIENTED_EDGE('',*,*,#2637,.T.);
#3539=ORIENTED_EDGE('',*,*,#2638,.F.);
#3540=ORIENTED_EDGE('',*,*,#2639,.T.);
#3541=ORIENTED_EDGE('',*,*,#2640,.F.);
#3542=ORIENTED_EDGE('',*,*,#2641,.F.);
#3543=ORIENTED_EDGE('',*,*,#2631,.F.);
#3544=ORIENTED_EDGE('',*,*,#2582,.F.);
#3545=ORIENTED_EDGE('',*,*,#2642,.F.);
#3546=ORIENTED_EDGE('',*,*,#2643,.T.);
#3547=ORIENTED_EDGE('',*,*,#2581,.F.);
#3548=ORIENTED_EDGE('',*,*,#2586,.T.);
#3549=ORIENTED_EDGE('',*,*,#2644,.F.);
#3550=ORIENTED_EDGE('',*,*,#2590,.F.);
#3551=ORIENTED_EDGE('',*,*,#2645,.T.);
#3552=ORIENTED_EDGE('',*,*,#2646,.T.);
#3553=ORIENTED_EDGE('',*,*,#2647,.T.);
#3554=ORIENTED_EDGE('',*,*,#2648,.F.);
#3555=ORIENTED_EDGE('',*,*,#2649,.T.);
#3556=ORIENTED_EDGE('',*,*,#2610,.F.);
#3557=ORIENTED_EDGE('',*,*,#2595,.T.);
#3558=ORIENTED_EDGE('',*,*,#2650,.F.);
#3559=ORIENTED_EDGE('',*,*,#2639,.F.);
#3560=ORIENTED_EDGE('',*,*,#2651,.F.);
#3561=ORIENTED_EDGE('',*,*,#2640,.T.);
#3562=ORIENTED_EDGE('',*,*,#2650,.T.);
#3563=ORIENTED_EDGE('',*,*,#2594,.T.);
#3564=ORIENTED_EDGE('',*,*,#2652,.T.);
#3565=ORIENTED_EDGE('',*,*,#2653,.T.);
#3566=ORIENTED_EDGE('',*,*,#2654,.T.);
#3567=ORIENTED_EDGE('',*,*,#2655,.T.);
#3568=ORIENTED_EDGE('',*,*,#2656,.T.);
#3569=ORIENTED_EDGE('',*,*,#2601,.F.);
#3570=ORIENTED_EDGE('',*,*,#2629,.F.);
#3571=ORIENTED_EDGE('',*,*,#2632,.F.);
#3572=ORIENTED_EDGE('',*,*,#2641,.T.);
#3573=ORIENTED_EDGE('',*,*,#2652,.F.);
#3574=ORIENTED_EDGE('',*,*,#2593,.F.);
#3575=ORIENTED_EDGE('',*,*,#2599,.F.);
#3576=ORIENTED_EDGE('',*,*,#2613,.F.);
#3577=ORIENTED_EDGE('',*,*,#2657,.T.);
#3578=ORIENTED_EDGE('',*,*,#2658,.T.);
#3579=ORIENTED_EDGE('',*,*,#2606,.F.);
#3580=ORIENTED_EDGE('',*,*,#2630,.T.);
#3581=ORIENTED_EDGE('',*,*,#2602,.F.);
#3582=ORIENTED_EDGE('',*,*,#2648,.T.);
#3583=ORIENTED_EDGE('',*,*,#2659,.T.);
#3584=ORIENTED_EDGE('',*,*,#2622,.F.);
#3585=ORIENTED_EDGE('',*,*,#2660,.F.);
#3586=ORIENTED_EDGE('',*,*,#2644,.T.);
#3587=ORIENTED_EDGE('',*,*,#2603,.T.);
#3588=ORIENTED_EDGE('',*,*,#2605,.F.);
#3589=ORIENTED_EDGE('',*,*,#2661,.F.);
#3590=ORIENTED_EDGE('',*,*,#2662,.T.);
#3591=ORIENTED_EDGE('',*,*,#2604,.T.);
#3592=ORIENTED_EDGE('',*,*,#2663,.T.);
#3593=ORIENTED_EDGE('',*,*,#2607,.F.);
#3594=ORIENTED_EDGE('',*,*,#2664,.T.);
#3595=ORIENTED_EDGE('',*,*,#2620,.F.);
#3596=ORIENTED_EDGE('',*,*,#2665,.F.);
#3597=ORIENTED_EDGE('',*,*,#2666,.T.);
#3598=ORIENTED_EDGE('',*,*,#2617,.T.);
#3599=ORIENTED_EDGE('',*,*,#2667,.F.);
#3600=ORIENTED_EDGE('',*,*,#2668,.F.);
#3601=ORIENTED_EDGE('',*,*,#2669,.F.);
#3602=ORIENTED_EDGE('',*,*,#2670,.F.);
#3603=ORIENTED_EDGE('',*,*,#2671,.F.);
#3604=ORIENTED_EDGE('',*,*,#2672,.T.);
#3605=ORIENTED_EDGE('',*,*,#2664,.F.);
#3606=ORIENTED_EDGE('',*,*,#2611,.F.);
#3607=ORIENTED_EDGE('',*,*,#2649,.F.);
#3608=ORIENTED_EDGE('',*,*,#2614,.T.);
#3609=ORIENTED_EDGE('',*,*,#2673,.F.);
#3610=ORIENTED_EDGE('',*,*,#2674,.T.);
#3611=ORIENTED_EDGE('',*,*,#2612,.F.);
#3612=ORIENTED_EDGE('',*,*,#2616,.T.);
#3613=ORIENTED_EDGE('',*,*,#2675,.T.);
#3614=ORIENTED_EDGE('',*,*,#2676,.T.);
#3615=ORIENTED_EDGE('',*,*,#2677,.T.);
#3616=ORIENTED_EDGE('',*,*,#2678,.T.);
#3617=ORIENTED_EDGE('',*,*,#2679,.T.);
#3618=ORIENTED_EDGE('',*,*,#2680,.T.);
#3619=ORIENTED_EDGE('',*,*,#2673,.T.);
#3620=ORIENTED_EDGE('',*,*,#2681,.F.);
#3621=ORIENTED_EDGE('',*,*,#2682,.F.);
#3622=ORIENTED_EDGE('',*,*,#2683,.F.);
#3623=ORIENTED_EDGE('',*,*,#2684,.F.);
#3624=ORIENTED_EDGE('',*,*,#2685,.F.);
#3625=ORIENTED_EDGE('',*,*,#2686,.F.);
#3626=ORIENTED_EDGE('',*,*,#2687,.F.);
#3627=ORIENTED_EDGE('',*,*,#2688,.F.);
#3628=ORIENTED_EDGE('',*,*,#2689,.F.);
#3629=ORIENTED_EDGE('',*,*,#2690,.F.);
#3630=ORIENTED_EDGE('',*,*,#2691,.F.);
#3631=ORIENTED_EDGE('',*,*,#2692,.F.);
#3632=ORIENTED_EDGE('',*,*,#2693,.F.);
#3633=ORIENTED_EDGE('',*,*,#2694,.F.);
#3634=ORIENTED_EDGE('',*,*,#2695,.F.);
#3635=ORIENTED_EDGE('',*,*,#2696,.F.);
#3636=ORIENTED_EDGE('',*,*,#2697,.F.);
#3637=ORIENTED_EDGE('',*,*,#2698,.F.);
#3638=ORIENTED_EDGE('',*,*,#2699,.F.);
#3639=ORIENTED_EDGE('',*,*,#2700,.F.);
#3640=ORIENTED_EDGE('',*,*,#2701,.F.);
#3641=ORIENTED_EDGE('',*,*,#2702,.F.);
#3642=ORIENTED_EDGE('',*,*,#2703,.F.);
#3643=ORIENTED_EDGE('',*,*,#2675,.F.);
#3644=ORIENTED_EDGE('',*,*,#2615,.T.);
#3645=ORIENTED_EDGE('',*,*,#2618,.F.);
#3646=ORIENTED_EDGE('',*,*,#2621,.F.);
#3647=ORIENTED_EDGE('',*,*,#2672,.F.);
#3648=ORIENTED_EDGE('',*,*,#2704,.F.);
#3649=ORIENTED_EDGE('',*,*,#2637,.F.);
#3650=ORIENTED_EDGE('',*,*,#2645,.F.);
#3651=ORIENTED_EDGE('',*,*,#2619,.T.);
#3652=ORIENTED_EDGE('',*,*,#2705,.T.);
#3653=ORIENTED_EDGE('',*,*,#2623,.F.);
#3654=ORIENTED_EDGE('',*,*,#2706,.T.);
#3655=ORIENTED_EDGE('',*,*,#2707,.T.);
#3656=ORIENTED_EDGE('',*,*,#2633,.F.);
#3657=ORIENTED_EDGE('',*,*,#2627,.T.);
#3658=ORIENTED_EDGE('',*,*,#2708,.F.);
#3659=ORIENTED_EDGE('',*,*,#2709,.F.);
#3660=ORIENTED_EDGE('',*,*,#2710,.T.);
#3661=ORIENTED_EDGE('',*,*,#2711,.T.);
#3662=ORIENTED_EDGE('',*,*,#2708,.T.);
#3663=ORIENTED_EDGE('',*,*,#2626,.T.);
#3664=ORIENTED_EDGE('',*,*,#2635,.F.);
#3665=ORIENTED_EDGE('',*,*,#2712,.T.);
#3666=ORIENTED_EDGE('',*,*,#2710,.F.);
#3667=ORIENTED_EDGE('',*,*,#2625,.T.);
#3668=ORIENTED_EDGE('',*,*,#2634,.F.);
#3669=ORIENTED_EDGE('',*,*,#2709,.T.);
#3670=ORIENTED_EDGE('',*,*,#2711,.F.);
#3671=ORIENTED_EDGE('',*,*,#2712,.F.);
#3672=ORIENTED_EDGE('',*,*,#2636,.F.);
#3673=ORIENTED_EDGE('',*,*,#2643,.F.);
#3674=ORIENTED_EDGE('',*,*,#2713,.F.);
#3675=ORIENTED_EDGE('',*,*,#2714,.F.);
#3676=ORIENTED_EDGE('',*,*,#2715,.F.);
#3677=ORIENTED_EDGE('',*,*,#2646,.F.);
#3678=ORIENTED_EDGE('',*,*,#2638,.T.);
#3679=ORIENTED_EDGE('',*,*,#2704,.T.);
#3680=ORIENTED_EDGE('',*,*,#2671,.T.);
#3681=ORIENTED_EDGE('',*,*,#2716,.T.);
#3682=ORIENTED_EDGE('',*,*,#2717,.T.);
#3683=ORIENTED_EDGE('',*,*,#2718,.T.);
#3684=ORIENTED_EDGE('',*,*,#2667,.T.);
#3685=ORIENTED_EDGE('',*,*,#2651,.T.);
#3686=ORIENTED_EDGE('',*,*,#2713,.T.);
#3687=ORIENTED_EDGE('',*,*,#2642,.T.);
#3688=ORIENTED_EDGE('',*,*,#2719,.F.);
#3689=ORIENTED_EDGE('',*,*,#2720,.F.);
#3690=ORIENTED_EDGE('',*,*,#2715,.T.);
#3691=ORIENTED_EDGE('',*,*,#2721,.T.);
#3692=ORIENTED_EDGE('',*,*,#2722,.F.);
#3693=ORIENTED_EDGE('',*,*,#2647,.F.);
#3694=ORIENTED_EDGE('',*,*,#2684,.T.);
#3695=ORIENTED_EDGE('',*,*,#2723,.T.);
#3696=ORIENTED_EDGE('',*,*,#2653,.F.);
#3697=ORIENTED_EDGE('',*,*,#2724,.F.);
#3698=ORIENTED_EDGE('',*,*,#2681,.T.);
#3699=ORIENTED_EDGE('',*,*,#2724,.T.);
#3700=ORIENTED_EDGE('',*,*,#2656,.F.);
#3701=ORIENTED_EDGE('',*,*,#2725,.F.);
#3702=ORIENTED_EDGE('',*,*,#2682,.T.);
#3703=ORIENTED_EDGE('',*,*,#2725,.T.);
#3704=ORIENTED_EDGE('',*,*,#2655,.F.);
#3705=ORIENTED_EDGE('',*,*,#2726,.F.);
#3706=ORIENTED_EDGE('',*,*,#2683,.T.);
#3707=ORIENTED_EDGE('',*,*,#2726,.T.);
#3708=ORIENTED_EDGE('',*,*,#2654,.F.);
#3709=ORIENTED_EDGE('',*,*,#2723,.F.);
#3710=ORIENTED_EDGE('',*,*,#2727,.T.);
#3711=ORIENTED_EDGE('',*,*,#2728,.T.);
#3712=ORIENTED_EDGE('',*,*,#2663,.F.);
#3713=ORIENTED_EDGE('',*,*,#2658,.F.);
#3714=ORIENTED_EDGE('',*,*,#2674,.F.);
#3715=ORIENTED_EDGE('',*,*,#2680,.F.);
#3716=ORIENTED_EDGE('',*,*,#2729,.T.);
#3717=ORIENTED_EDGE('',*,*,#2657,.F.);
#3718=ORIENTED_EDGE('',*,*,#2659,.F.);
#3719=ORIENTED_EDGE('',*,*,#2722,.T.);
#3720=ORIENTED_EDGE('',*,*,#2730,.T.);
#3721=ORIENTED_EDGE('',*,*,#2706,.F.);
#3722=ORIENTED_EDGE('',*,*,#2731,.F.);
#3723=ORIENTED_EDGE('',*,*,#2719,.T.);
#3724=ORIENTED_EDGE('',*,*,#2660,.T.);
#3725=ORIENTED_EDGE('',*,*,#2662,.F.);
#3726=ORIENTED_EDGE('',*,*,#2732,.F.);
#3727=ORIENTED_EDGE('',*,*,#2676,.F.);
#3728=ORIENTED_EDGE('',*,*,#2703,.T.);
#3729=ORIENTED_EDGE('',*,*,#2666,.F.);
#3730=ORIENTED_EDGE('',*,*,#2665,.T.);
#3731=ORIENTED_EDGE('',*,*,#2705,.F.);
#3732=ORIENTED_EDGE('',*,*,#2733,.F.);
#3733=ORIENTED_EDGE('',*,*,#2734,.T.);
#3734=ORIENTED_EDGE('',*,*,#2716,.F.);
#3735=ORIENTED_EDGE('',*,*,#2670,.T.);
#3736=ORIENTED_EDGE('',*,*,#2735,.F.);
#3737=ORIENTED_EDGE('',*,*,#2736,.F.);
#3738=ORIENTED_EDGE('',*,*,#2737,.T.);
#3739=ORIENTED_EDGE('',*,*,#2738,.T.);
#3740=ORIENTED_EDGE('',*,*,#2735,.T.);
#3741=ORIENTED_EDGE('',*,*,#2669,.T.);
#3742=ORIENTED_EDGE('',*,*,#2718,.F.);
#3743=ORIENTED_EDGE('',*,*,#2739,.T.);
#3744=ORIENTED_EDGE('',*,*,#2737,.F.);
#3745=ORIENTED_EDGE('',*,*,#2668,.T.);
#3746=ORIENTED_EDGE('',*,*,#2685,.T.);
#3747=ORIENTED_EDGE('',*,*,#2740,.T.);
#3748=ORIENTED_EDGE('',*,*,#2741,.T.);
#3749=ORIENTED_EDGE('',*,*,#2740,.F.);
#3750=ORIENTED_EDGE('',*,*,#2686,.T.);
#3751=ORIENTED_EDGE('',*,*,#2742,.T.);
#3752=ORIENTED_EDGE('',*,*,#2743,.T.);
#3753=ORIENTED_EDGE('',*,*,#2742,.F.);
#3754=ORIENTED_EDGE('',*,*,#2687,.T.);
#3755=ORIENTED_EDGE('',*,*,#2744,.T.);
#3756=ORIENTED_EDGE('',*,*,#2745,.T.);
#3757=ORIENTED_EDGE('',*,*,#2744,.F.);
#3758=ORIENTED_EDGE('',*,*,#2688,.T.);
#3759=ORIENTED_EDGE('',*,*,#2746,.T.);
#3760=ORIENTED_EDGE('',*,*,#2747,.T.);
#3761=ORIENTED_EDGE('',*,*,#2746,.F.);
#3762=ORIENTED_EDGE('',*,*,#2689,.T.);
#3763=ORIENTED_EDGE('',*,*,#2748,.T.);
#3764=ORIENTED_EDGE('',*,*,#2749,.T.);
#3765=ORIENTED_EDGE('',*,*,#2748,.F.);
#3766=ORIENTED_EDGE('',*,*,#2690,.T.);
#3767=ORIENTED_EDGE('',*,*,#2750,.T.);
#3768=ORIENTED_EDGE('',*,*,#2751,.T.);
#3769=ORIENTED_EDGE('',*,*,#2750,.F.);
#3770=ORIENTED_EDGE('',*,*,#2691,.T.);
#3771=ORIENTED_EDGE('',*,*,#2752,.T.);
#3772=ORIENTED_EDGE('',*,*,#2753,.T.);
#3773=ORIENTED_EDGE('',*,*,#2752,.F.);
#3774=ORIENTED_EDGE('',*,*,#2692,.T.);
#3775=ORIENTED_EDGE('',*,*,#2754,.T.);
#3776=ORIENTED_EDGE('',*,*,#2755,.T.);
#3777=ORIENTED_EDGE('',*,*,#2754,.F.);
#3778=ORIENTED_EDGE('',*,*,#2693,.T.);
#3779=ORIENTED_EDGE('',*,*,#2756,.T.);
#3780=ORIENTED_EDGE('',*,*,#2757,.T.);
#3781=ORIENTED_EDGE('',*,*,#2756,.F.);
#3782=ORIENTED_EDGE('',*,*,#2694,.T.);
#3783=ORIENTED_EDGE('',*,*,#2758,.T.);
#3784=ORIENTED_EDGE('',*,*,#2759,.T.);
#3785=ORIENTED_EDGE('',*,*,#2758,.F.);
#3786=ORIENTED_EDGE('',*,*,#2695,.T.);
#3787=ORIENTED_EDGE('',*,*,#2760,.T.);
#3788=ORIENTED_EDGE('',*,*,#2761,.T.);
#3789=ORIENTED_EDGE('',*,*,#2760,.F.);
#3790=ORIENTED_EDGE('',*,*,#2696,.T.);
#3791=ORIENTED_EDGE('',*,*,#2762,.T.);
#3792=ORIENTED_EDGE('',*,*,#2763,.T.);
#3793=ORIENTED_EDGE('',*,*,#2762,.F.);
#3794=ORIENTED_EDGE('',*,*,#2697,.T.);
#3795=ORIENTED_EDGE('',*,*,#2764,.T.);
#3796=ORIENTED_EDGE('',*,*,#2765,.T.);
#3797=ORIENTED_EDGE('',*,*,#2764,.F.);
#3798=ORIENTED_EDGE('',*,*,#2698,.T.);
#3799=ORIENTED_EDGE('',*,*,#2766,.T.);
#3800=ORIENTED_EDGE('',*,*,#2767,.T.);
#3801=ORIENTED_EDGE('',*,*,#2766,.F.);
#3802=ORIENTED_EDGE('',*,*,#2699,.T.);
#3803=ORIENTED_EDGE('',*,*,#2768,.T.);
#3804=ORIENTED_EDGE('',*,*,#2769,.T.);
#3805=ORIENTED_EDGE('',*,*,#2768,.F.);
#3806=ORIENTED_EDGE('',*,*,#2700,.T.);
#3807=ORIENTED_EDGE('',*,*,#2770,.T.);
#3808=ORIENTED_EDGE('',*,*,#2771,.T.);
#3809=ORIENTED_EDGE('',*,*,#2770,.F.);
#3810=ORIENTED_EDGE('',*,*,#2701,.T.);
#3811=ORIENTED_EDGE('',*,*,#2772,.T.);
#3812=ORIENTED_EDGE('',*,*,#2773,.T.);
#3813=ORIENTED_EDGE('',*,*,#2772,.F.);
#3814=ORIENTED_EDGE('',*,*,#2702,.T.);
#3815=ORIENTED_EDGE('',*,*,#2774,.T.);
#3816=ORIENTED_EDGE('',*,*,#2775,.T.);
#3817=ORIENTED_EDGE('',*,*,#2774,.F.);
#3818=ORIENTED_EDGE('',*,*,#2729,.F.);
#3819=ORIENTED_EDGE('',*,*,#2679,.F.);
#3820=ORIENTED_EDGE('',*,*,#2776,.T.);
#3821=ORIENTED_EDGE('',*,*,#2727,.F.);
#3822=ORIENTED_EDGE('',*,*,#2776,.F.);
#3823=ORIENTED_EDGE('',*,*,#2678,.F.);
#3824=ORIENTED_EDGE('',*,*,#2777,.T.);
#3825=ORIENTED_EDGE('',*,*,#2778,.F.);
#3826=ORIENTED_EDGE('',*,*,#2777,.F.);
#3827=ORIENTED_EDGE('',*,*,#2677,.F.);
#3828=ORIENTED_EDGE('',*,*,#2732,.T.);
#3829=ORIENTED_EDGE('',*,*,#2734,.F.);
#3830=ORIENTED_EDGE('',*,*,#2717,.F.);
#3831=ORIENTED_EDGE('',*,*,#2736,.T.);
#3832=ORIENTED_EDGE('',*,*,#2738,.F.);
#3833=ORIENTED_EDGE('',*,*,#2739,.F.);
#3834=ORIENTED_EDGE('',*,*,#2733,.T.);
#3835=ORIENTED_EDGE('',*,*,#2779,.F.);
#3836=ORIENTED_EDGE('',*,*,#2728,.F.);
#3837=ORIENTED_EDGE('',*,*,#2778,.T.);
#3838=ORIENTED_EDGE('',*,*,#2741,.F.);
#3839=ORIENTED_EDGE('',*,*,#2743,.F.);
#3840=ORIENTED_EDGE('',*,*,#2745,.F.);
#3841=ORIENTED_EDGE('',*,*,#2747,.F.);
#3842=ORIENTED_EDGE('',*,*,#2749,.F.);
#3843=ORIENTED_EDGE('',*,*,#2751,.F.);
#3844=ORIENTED_EDGE('',*,*,#2753,.F.);
#3845=ORIENTED_EDGE('',*,*,#2755,.F.);
#3846=ORIENTED_EDGE('',*,*,#2757,.F.);
#3847=ORIENTED_EDGE('',*,*,#2759,.F.);
#3848=ORIENTED_EDGE('',*,*,#2761,.F.);
#3849=ORIENTED_EDGE('',*,*,#2763,.F.);
#3850=ORIENTED_EDGE('',*,*,#2765,.F.);
#3851=ORIENTED_EDGE('',*,*,#2767,.F.);
#3852=ORIENTED_EDGE('',*,*,#2769,.F.);
#3853=ORIENTED_EDGE('',*,*,#2771,.F.);
#3854=ORIENTED_EDGE('',*,*,#2773,.F.);
#3855=ORIENTED_EDGE('',*,*,#2775,.F.);
#3856=ORIENTED_EDGE('',*,*,#2548,.F.);
#3857=ORIENTED_EDGE('',*,*,#2562,.F.);
#3858=ORIENTED_EDGE('',*,*,#2558,.T.);
#3859=ORIENTED_EDGE('',*,*,#2551,.T.);
#3860=ORIENTED_EDGE('',*,*,#2780,.T.);
#3861=ORIENTED_EDGE('',*,*,#2781,.T.);
#3862=ORIENTED_EDGE('',*,*,#2731,.T.);
#3863=ORIENTED_EDGE('',*,*,#2782,.F.);
#3864=ORIENTED_EDGE('',*,*,#2539,.F.);
#3865=ORIENTED_EDGE('',*,*,#2532,.F.);
#3866=ORIENTED_EDGE('',*,*,#2527,.F.);
#3867=ORIENTED_EDGE('',*,*,#2536,.T.);
#3868=ORIENTED_EDGE('',*,*,#2783,.F.);
#3869=ORIENTED_EDGE('',*,*,#2541,.T.);
#3870=ORIENTED_EDGE('',*,*,#2537,.F.);
#3871=ORIENTED_EDGE('',*,*,#2543,.T.);
#3872=ORIENTED_EDGE('',*,*,#2784,.F.);
#3873=ORIENTED_EDGE('',*,*,#2534,.T.);
#3874=ORIENTED_EDGE('',*,*,#2377,.F.);
#3875=ORIENTED_EDGE('',*,*,#2530,.F.);
#3876=ORIENTED_EDGE('',*,*,#2785,.T.);
#3877=ORIENTED_EDGE('',*,*,#2782,.T.);
#3878=ORIENTED_EDGE('',*,*,#2661,.T.);
#3879=ORIENTED_EDGE('',*,*,#2779,.T.);
#3880=ORIENTED_EDGE('',*,*,#2707,.F.);
#3881=ORIENTED_EDGE('',*,*,#2786,.T.);
#3882=ORIENTED_EDGE('',*,*,#2787,.T.);
#3883=ORIENTED_EDGE('',*,*,#2788,.T.);
#3884=ORIENTED_EDGE('',*,*,#2535,.T.);
#3885=ORIENTED_EDGE('',*,*,#2789,.T.);
#3886=ORIENTED_EDGE('',*,*,#2790,.T.);
#3887=ORIENTED_EDGE('',*,*,#2786,.F.);
#3888=ORIENTED_EDGE('',*,*,#2730,.F.);
#3889=ORIENTED_EDGE('',*,*,#2791,.T.);
#3890=ORIENTED_EDGE('',*,*,#2790,.F.);
#3891=ORIENTED_EDGE('',*,*,#2792,.F.);
#3892=ORIENTED_EDGE('',*,*,#2793,.T.);
#3893=ORIENTED_EDGE('',*,*,#2787,.F.);
#3894=ORIENTED_EDGE('',*,*,#2783,.T.);
#3895=ORIENTED_EDGE('',*,*,#2788,.F.);
#3896=ORIENTED_EDGE('',*,*,#2793,.F.);
#3897=ORIENTED_EDGE('',*,*,#2794,.F.);
#3898=ORIENTED_EDGE('',*,*,#2795,.T.);
#3899=ORIENTED_EDGE('',*,*,#2796,.T.);
#3900=ORIENTED_EDGE('',*,*,#2542,.T.);
#3901=ORIENTED_EDGE('',*,*,#2794,.T.);
#3902=ORIENTED_EDGE('',*,*,#2792,.T.);
#3903=ORIENTED_EDGE('',*,*,#2791,.F.);
#3904=ORIENTED_EDGE('',*,*,#2721,.F.);
#3905=ORIENTED_EDGE('',*,*,#2714,.T.);
#3906=ORIENTED_EDGE('',*,*,#2720,.T.);
#3907=ORIENTED_EDGE('',*,*,#2781,.F.);
#3908=ORIENTED_EDGE('',*,*,#2797,.T.);
#3909=ORIENTED_EDGE('',*,*,#2795,.F.);
#3910=ORIENTED_EDGE('',*,*,#2780,.F.);
#3911=ORIENTED_EDGE('',*,*,#2785,.F.);
#3912=ORIENTED_EDGE('',*,*,#2784,.T.);
#3913=ORIENTED_EDGE('',*,*,#2796,.F.);
#3914=ORIENTED_EDGE('',*,*,#2797,.F.);
#3915=ORIENTED_EDGE('',*,*,#2789,.F.);
#3916=CONICAL_SURFACE('',#4201,2.094,1.02974425867665);
#3917=CONICAL_SURFACE('',#4205,2.094,1.02974425867665);
#3918=CONICAL_SURFACE('',#4209,2.094,1.02974425867665);
#3919=CONICAL_SURFACE('',#4213,2.094,1.02974425867665);
#3920=ADVANCED_FACE('',(#413),#3916,.F.);
#3921=ADVANCED_FACE('',(#414),#318,.F.);
#3922=ADVANCED_FACE('',(#415),#3917,.F.);
#3923=ADVANCED_FACE('',(#416),#319,.F.);
#3924=ADVANCED_FACE('',(#417),#3918,.F.);
#3925=ADVANCED_FACE('',(#418),#320,.F.);
#3926=ADVANCED_FACE('',(#419),#3919,.F.);
#3927=ADVANCED_FACE('',(#420),#321,.F.);
#3928=ADVANCED_FACE('',(#421),#184,.T.);
#3929=ADVANCED_FACE('',(#422),#185,.T.);
#3930=ADVANCED_FACE('',(#423),#186,.T.);
#3931=ADVANCED_FACE('',(#424),#187,.T.);
#3932=ADVANCED_FACE('',(#425,#39,#40,#41,#42),#188,.T.);
#3933=ADVANCED_FACE('',(#426),#189,.T.);
#3934=ADVANCED_FACE('',(#427),#322,.T.);
#3935=ADVANCED_FACE('',(#428),#190,.T.);
#3936=ADVANCED_FACE('',(#429),#323,.T.);
#3937=ADVANCED_FACE('',(#430),#191,.T.);
#3938=ADVANCED_FACE('',(#431),#324,.T.);
#3939=ADVANCED_FACE('',(#432),#192,.T.);
#3940=ADVANCED_FACE('',(#433),#325,.T.);
#3941=ADVANCED_FACE('',(#434),#193,.T.);
#3942=ADVANCED_FACE('',(#435),#326,.T.);
#3943=ADVANCED_FACE('',(#436),#194,.T.);
#3944=ADVANCED_FACE('',(#437),#327,.T.);
#3945=ADVANCED_FACE('',(#438),#195,.T.);
#3946=ADVANCED_FACE('',(#439),#328,.T.);
#3947=ADVANCED_FACE('',(#440),#196,.T.);
#3948=ADVANCED_FACE('',(#441),#329,.T.);
#3949=ADVANCED_FACE('',(#442),#197,.T.);
#3950=ADVANCED_FACE('',(#443),#330,.T.);
#3951=ADVANCED_FACE('',(#444),#198,.T.);
#3952=ADVANCED_FACE('',(#445),#331,.T.);
#3953=ADVANCED_FACE('',(#446),#199,.T.);
#3954=ADVANCED_FACE('',(#447),#332,.T.);
#3955=ADVANCED_FACE('',(#448),#200,.T.);
#3956=ADVANCED_FACE('',(#449),#333,.T.);
#3957=ADVANCED_FACE('',(#450),#201,.T.);
#3958=ADVANCED_FACE('',(#451),#334,.T.);
#3959=ADVANCED_FACE('',(#452),#202,.T.);
#3960=ADVANCED_FACE('',(#453),#335,.T.);
#3961=ADVANCED_FACE('',(#454),#203,.T.);
#3962=ADVANCED_FACE('',(#455),#336,.T.);
#3963=ADVANCED_FACE('',(#456),#204,.T.);
#3964=ADVANCED_FACE('',(#457),#337,.T.);
#3965=ADVANCED_FACE('',(#458),#205,.T.);
#3966=ADVANCED_FACE('',(#459),#338,.T.);
#3967=ADVANCED_FACE('',(#460),#206,.T.);
#3968=ADVANCED_FACE('',(#461),#339,.T.);
#3969=ADVANCED_FACE('',(#462),#207,.T.);
#3970=ADVANCED_FACE('',(#463),#340,.T.);
#3971=ADVANCED_FACE('',(#464),#208,.T.);
#3972=ADVANCED_FACE('',(#465),#341,.T.);
#3973=ADVANCED_FACE('',(#466),#342,.T.);
#3974=ADVANCED_FACE('',(#467),#209,.T.);
#3975=ADVANCED_FACE('',(#468),#210,.T.);
#3976=ADVANCED_FACE('',(#469),#343,.T.);
#3977=ADVANCED_FACE('',(#470),#344,.T.);
#3978=ADVANCED_FACE('',(#471),#211,.T.);
#3979=ADVANCED_FACE('',(#472),#345,.T.);
#3980=ADVANCED_FACE('',(#473),#346,.T.);
#3981=ADVANCED_FACE('',(#474),#212,.T.);
#3982=ADVANCED_FACE('',(#475),#347,.T.);
#3983=ADVANCED_FACE('',(#476),#13,.T.);
#3984=ADVANCED_FACE('',(#477),#348,.T.);
#3985=ADVANCED_FACE('',(#478),#14,.T.);
#3986=ADVANCED_FACE('',(#479),#349,.T.);
#3987=ADVANCED_FACE('',(#480),#213,.T.);
#3988=ADVANCED_FACE('',(#481),#350,.T.);
#3989=ADVANCED_FACE('',(#482),#15,.T.);
#3990=ADVANCED_FACE('',(#483),#351,.T.);
#3991=ADVANCED_FACE('',(#484),#16,.T.);
#3992=ADVANCED_FACE('',(#485),#352,.T.);
#3993=ADVANCED_FACE('',(#486),#17,.T.);
#3994=ADVANCED_FACE('',(#487),#353,.T.);
#3995=ADVANCED_FACE('',(#488),#18,.T.);
#3996=ADVANCED_FACE('',(#489),#354,.T.);
#3997=ADVANCED_FACE('',(#490),#214,.T.);
#3998=ADVANCED_FACE('',(#491),#355,.T.);
#3999=ADVANCED_FACE('',(#492),#19,.T.);
#4000=ADVANCED_FACE('',(#493),#356,.T.);
#4001=ADVANCED_FACE('',(#494),#20,.T.);
#4002=ADVANCED_FACE('',(#495,#43,#44,#45,#46,#47,#48,#49,#50,#51,#52,#53,
#54,#55,#56,#57,#58,#59,#60,#61),#215,.F.);
#4003=ADVANCED_FACE('',(#496),#216,.T.);
#4004=ADVANCED_FACE('',(#497),#357,.T.);
#4005=ADVANCED_FACE('',(#498),#217,.T.);
#4006=ADVANCED_FACE('',(#499),#358,.T.);
#4007=ADVANCED_FACE('',(#500),#21,.T.);
#4008=ADVANCED_FACE('',(#501),#359,.T.);
#4009=ADVANCED_FACE('',(#502),#22,.T.);
#4010=ADVANCED_FACE('',(#503),#360,.T.);
#4011=ADVANCED_FACE('',(#504),#23,.T.);
#4012=ADVANCED_FACE('',(#505),#361,.T.);
#4013=ADVANCED_FACE('',(#506),#24,.T.);
#4014=ADVANCED_FACE('',(#507),#362,.T.);
#4015=ADVANCED_FACE('',(#508),#218,.T.);
#4016=ADVANCED_FACE('',(#509),#219,.F.);
#4017=ADVANCED_FACE('',(#510),#363,.F.);
#4018=ADVANCED_FACE('',(#511),#220,.F.);
#4019=ADVANCED_FACE('',(#512),#221,.F.);
#4020=ADVANCED_FACE('',(#513),#222,.T.);
#4021=ADVANCED_FACE('',(#514),#223,.F.);
#4022=ADVANCED_FACE('',(#515),#364,.F.);
#4023=ADVANCED_FACE('',(#516),#224,.F.);
#4024=ADVANCED_FACE('',(#517),#225,.F.);
#4025=ADVANCED_FACE('',(#518),#226,.F.);
#4026=ADVANCED_FACE('',(#519),#227,.F.);
#4027=ADVANCED_FACE('',(#520),#228,.F.);
#4028=ADVANCED_FACE('',(#521),#229,.F.);
#4029=ADVANCED_FACE('',(#522),#230,.F.);
#4030=ADVANCED_FACE('',(#523),#231,.F.);
#4031=ADVANCED_FACE('',(#524),#232,.F.);
#4032=ADVANCED_FACE('',(#525),#233,.F.);
#4033=ADVANCED_FACE('',(#526,#62),#234,.T.);
#4034=ADVANCED_FACE('',(#527),#235,.F.);
#4035=ADVANCED_FACE('',(#528),#236,.F.);
#4036=ADVANCED_FACE('',(#529),#237,.F.);
#4037=ADVANCED_FACE('',(#530),#238,.F.);
#4038=ADVANCED_FACE('',(#531,#63,#64,#65,#66,#67),#239,.F.);
#4039=ADVANCED_FACE('',(#532),#240,.F.);
#4040=ADVANCED_FACE('',(#533),#241,.F.);
#4041=ADVANCED_FACE('',(#534),#242,.F.);
#4042=ADVANCED_FACE('',(#535),#243,.F.);
#4043=ADVANCED_FACE('',(#536),#244,.F.);
#4044=ADVANCED_FACE('',(#537,#68,#69,#70,#71,#72),#245,.F.);
#4045=ADVANCED_FACE('',(#538),#246,.F.);
#4046=ADVANCED_FACE('',(#539),#247,.F.);
#4047=ADVANCED_FACE('',(#540),#248,.F.);
#4048=ADVANCED_FACE('',(#541),#365,.F.);
#4049=ADVANCED_FACE('',(#542),#366,.F.);
#4050=ADVANCED_FACE('',(#543),#367,.F.);
#4051=ADVANCED_FACE('',(#544),#368,.F.);
#4052=ADVANCED_FACE('',(#545),#369,.F.);
#4053=ADVANCED_FACE('',(#546),#370,.T.);
#4054=ADVANCED_FACE('',(#547),#249,.T.);
#4055=ADVANCED_FACE('',(#548),#250,.T.);
#4056=ADVANCED_FACE('',(#549),#251,.T.);
#4057=ADVANCED_FACE('',(#550),#371,.T.);
#4058=ADVANCED_FACE('',(#551),#372,.T.);
#4059=ADVANCED_FACE('',(#552),#252,.T.);
#4060=ADVANCED_FACE('',(#553),#373,.F.);
#4061=ADVANCED_FACE('',(#554),#374,.T.);
#4062=ADVANCED_FACE('',(#555),#375,.F.);
#4063=ADVANCED_FACE('',(#556),#253,.T.);
#4064=ADVANCED_FACE('',(#557),#254,.F.);
#4065=ADVANCED_FACE('',(#558),#25,.F.);
#4066=ADVANCED_FACE('',(#559),#255,.F.);
#4067=ADVANCED_FACE('',(#560),#256,.T.);
#4068=ADVANCED_FACE('',(#561),#26,.F.);
#4069=ADVANCED_FACE('',(#562),#257,.T.);
#4070=ADVANCED_FACE('',(#563),#27,.F.);
#4071=ADVANCED_FACE('',(#564),#258,.F.);
#4072=ADVANCED_FACE('',(#565),#28,.F.);
#4073=ADVANCED_FACE('',(#566),#259,.T.);
#4074=ADVANCED_FACE('',(#567),#260,.F.);
#4075=ADVANCED_FACE('',(#568),#376,.F.);
#4076=ADVANCED_FACE('',(#569),#377,.F.);
#4077=ADVANCED_FACE('',(#570),#378,.F.);
#4078=ADVANCED_FACE('',(#571),#261,.F.);
#4079=ADVANCED_FACE('',(#572),#262,.T.);
#4080=ADVANCED_FACE('',(#573),#379,.F.);
#4081=ADVANCED_FACE('',(#574),#380,.F.);
#4082=ADVANCED_FACE('',(#575),#381,.F.);
#4083=ADVANCED_FACE('',(#576),#382,.T.);
#4084=ADVANCED_FACE('',(#577),#383,.F.);
#4085=ADVANCED_FACE('',(#578),#263,.T.);
#4086=ADVANCED_FACE('',(#579),#264,.T.);
#4087=ADVANCED_FACE('',(#580),#265,.T.);
#4088=ADVANCED_FACE('',(#581),#384,.F.);
#4089=ADVANCED_FACE('',(#582),#385,.F.);
#4090=ADVANCED_FACE('',(#583),#266,.T.);
#4091=ADVANCED_FACE('',(#584,#73),#267,.T.);
#4092=ADVANCED_FACE('',(#585),#268,.T.);
#4093=ADVANCED_FACE('',(#586),#269,.F.);
#4094=ADVANCED_FACE('',(#587),#270,.F.);
#4095=ADVANCED_FACE('',(#588),#271,.F.);
#4096=ADVANCED_FACE('',(#589),#29,.F.);
#4097=ADVANCED_FACE('',(#590),#272,.F.);
#4098=ADVANCED_FACE('',(#591),#273,.T.);
#4099=ADVANCED_FACE('',(#592),#30,.F.);
#4100=ADVANCED_FACE('',(#593,#74,#75,#76,#77,#78,#79,#80,#81,#82,#83,#84,
#85,#86,#87,#88,#89,#90,#91,#92),#274,.T.);
#4101=ADVANCED_FACE('',(#594),#31,.F.);
#4102=ADVANCED_FACE('',(#595),#275,.T.);
#4103=ADVANCED_FACE('',(#596),#32,.F.);
#4104=ADVANCED_FACE('',(#597),#276,.T.);
#4105=ADVANCED_FACE('',(#598),#277,.T.);
#4106=ADVANCED_FACE('',(#599),#278,.T.);
#4107=ADVANCED_FACE('',(#600),#279,.T.);
#4108=ADVANCED_FACE('',(#601),#280,.F.);
#4109=ADVANCED_FACE('',(#602),#281,.T.);
#4110=ADVANCED_FACE('',(#603),#33,.F.);
#4111=ADVANCED_FACE('',(#604),#34,.F.);
#4112=ADVANCED_FACE('',(#605),#282,.T.);
#4113=ADVANCED_FACE('',(#606),#283,.T.);
#4114=ADVANCED_FACE('',(#607),#284,.T.);
#4115=ADVANCED_FACE('',(#608),#285,.T.);
#4116=ADVANCED_FACE('',(#609),#386,.F.);
#4117=ADVANCED_FACE('',(#610),#387,.F.);
#4118=ADVANCED_FACE('',(#611),#388,.F.);
#4119=ADVANCED_FACE('',(#612),#389,.F.);
#4120=ADVANCED_FACE('',(#613),#390,.F.);
#4121=ADVANCED_FACE('',(#614),#391,.F.);
#4122=ADVANCED_FACE('',(#615),#286,.T.);
#4123=ADVANCED_FACE('',(#616),#287,.T.);
#4124=ADVANCED_FACE('',(#617),#288,.T.);
#4125=ADVANCED_FACE('',(#618),#392,.F.);
#4126=ADVANCED_FACE('',(#619),#393,.F.);
#4127=ADVANCED_FACE('',(#620),#394,.F.);
#4128=ADVANCED_FACE('',(#621),#395,.F.);
#4129=ADVANCED_FACE('',(#622),#396,.F.);
#4130=ADVANCED_FACE('',(#623),#397,.F.);
#4131=ADVANCED_FACE('',(#624),#398,.F.);
#4132=ADVANCED_FACE('',(#625),#399,.F.);
#4133=ADVANCED_FACE('',(#626),#400,.F.);
#4134=ADVANCED_FACE('',(#627),#401,.F.);
#4135=ADVANCED_FACE('',(#628),#402,.F.);
#4136=ADVANCED_FACE('',(#629),#403,.F.);
#4137=ADVANCED_FACE('',(#630),#404,.F.);
#4138=ADVANCED_FACE('',(#631),#405,.F.);
#4139=ADVANCED_FACE('',(#632),#406,.F.);
#4140=ADVANCED_FACE('',(#633),#407,.F.);
#4141=ADVANCED_FACE('',(#634),#408,.F.);
#4142=ADVANCED_FACE('',(#635),#409,.F.);
#4143=ADVANCED_FACE('',(#636),#35,.F.);
#4144=ADVANCED_FACE('',(#637),#410,.F.);
#4145=ADVANCED_FACE('',(#638),#36,.F.);
#4146=ADVANCED_FACE('',(#639),#289,.T.);
#4147=ADVANCED_FACE('',(#640),#290,.F.);
#4148=ADVANCED_FACE('',(#641),#291,.F.);
#4149=ADVANCED_FACE('',(#642),#292,.F.);
#4150=ADVANCED_FACE('',(#643),#293,.F.);
#4151=ADVANCED_FACE('',(#644),#294,.F.);
#4152=ADVANCED_FACE('',(#645),#295,.F.);
#4153=ADVANCED_FACE('',(#646),#296,.F.);
#4154=ADVANCED_FACE('',(#647),#297,.F.);
#4155=ADVANCED_FACE('',(#648),#298,.F.);
#4156=ADVANCED_FACE('',(#649),#299,.F.);
#4157=ADVANCED_FACE('',(#650),#300,.F.);
#4158=ADVANCED_FACE('',(#651),#301,.F.);
#4159=ADVANCED_FACE('',(#652),#302,.F.);
#4160=ADVANCED_FACE('',(#653),#303,.F.);
#4161=ADVANCED_FACE('',(#654),#304,.F.);
#4162=ADVANCED_FACE('',(#655),#305,.F.);
#4163=ADVANCED_FACE('',(#656),#306,.F.);
#4164=ADVANCED_FACE('',(#657),#307,.F.);
#4165=ADVANCED_FACE('',(#658),#308,.F.);
#4166=ADVANCED_FACE('',(#659),#309,.T.);
#4167=ADVANCED_FACE('',(#660),#310,.F.);
#4168=ADVANCED_FACE('',(#661),#311,.F.);
#4169=ADVANCED_FACE('',(#662),#312,.F.);
#4170=ADVANCED_FACE('',(#663),#411,.F.);
#4171=ADVANCED_FACE('',(#664),#313,.F.);
#4172=ADVANCED_FACE('',(#665),#314,.F.);
#4173=ADVANCED_FACE('',(#666),#315,.T.);
#4174=ADVANCED_FACE('',(#667),#412,.F.);
#4175=ADVANCED_FACE('',(#668),#316,.F.);
#4176=ADVANCED_FACE('',(#669),#317,.T.);
#4177=CLOSED_SHELL('',(#3920,#3921,#3922,#3923,#3924,#3925,#3926,#3927,
#3928,#3929,#3930,#3931,#3932,#3933));
#4178=CLOSED_SHELL('',(#3934,#3935,#3936,#3937,#3938,#3939,#3940,#3941,
#3942,#3943,#3944,#3945,#3946,#3947,#3948,#3949,#3950,#3951,#3952,#3953,
#3954,#3955,#3956,#3957,#3958,#3959,#3960,#3961,#3962,#3963,#3964,#3965,
#3966,#3967,#3968,#3969,#3970,#3971,#3972,#3973,#3974,#3975,#3976,#3977,
#3978,#3979,#3980,#3981,#3982,#3983,#3984,#3985,#3986,#3987,#3988,#3989,
#3990,#3991,#3992,#3993,#3994,#3995,#3996,#3997,#3998,#3999,#4000,#4001,
#4002,#4003,#4004,#4005,#4006,#4007,#4008,#4009,#4010,#4011,#4012,#4013,
#4014,#4015,#4016,#4017,#4018,#4019,#4020,#4021,#4022,#4023,#4024,#4025,
#4026,#4027,#4028,#4029,#4030,#4031,#4032,#4033,#4034,#4035,#4036,#4037,
#4038,#4039,#4040,#4041,#4042,#4043,#4044,#4045,#4046,#4047,#4048,#4049,
#4050,#4051,#4052,#4053,#4054,#4055,#4056,#4057,#4058,#4059,#4060,#4061,
#4062,#4063,#4064,#4065,#4066,#4067,#4068,#4069,#4070,#4071,#4072,#4073,
#4074,#4075,#4076,#4077,#4078,#4079,#4080,#4081,#4082,#4083,#4084,#4085,
#4086,#4087,#4088,#4089,#4090,#4091,#4092,#4093,#4094,#4095,#4096,#4097,
#4098,#4099,#4100,#4101,#4102,#4103,#4104,#4105,#4106,#4107,#4108,#4109,
#4110,#4111,#4112,#4113,#4114,#4115,#4116,#4117,#4118,#4119,#4120,#4121,
#4122,#4123,#4124,#4125,#4126,#4127,#4128,#4129,#4130,#4131,#4132,#4133,
#4134,#4135,#4136,#4137,#4138,#4139,#4140,#4141,#4142,#4143,#4144,#4145,
#4146,#4147,#4148,#4149,#4150,#4151,#4152,#4153,#4154,#4155,#4156,#4157,
#4158,#4159,#4160,#4161,#4162,#4163,#4164,#4165,#4166,#4167,#4168,#4169,
#4170,#4171,#4172,#4173,#4174,#4175,#4176));
#4179=DERIVED_UNIT_ELEMENT(#4182,1.);
#4180=DERIVED_UNIT_ELEMENT(#7107,-3.);
#4181=DIMENSIONAL_EXPONENTS(0.,1.,0.,0.,0.,0.,0.);
#4182=(
CONVERSION_BASED_UNIT('gram',#4184)
MASS_UNIT()
NAMED_UNIT(#4181)
);
#4183=(
MASS_UNIT()
NAMED_UNIT(*)
SI_UNIT(.KILO.,.GRAM.)
);
#4184=MASS_MEASURE_WITH_UNIT(MASS_MEASURE(0.001),#4183);
#4185=DERIVED_UNIT((#4179,#4180));
#4186=MEASURE_REPRESENTATION_ITEM('density measure',
POSITIVE_RATIO_MEASURE(1.),#4185);
#4187=PROPERTY_DEFINITION_REPRESENTATION(#4192,#4189);
#4188=PROPERTY_DEFINITION_REPRESENTATION(#4193,#4190);
#4189=REPRESENTATION('material name',(#4191),#7104);
#4190=REPRESENTATION('density',(#4186),#7104);
#4191=DESCRIPTIVE_REPRESENTATION_ITEM('Generisch','Generisch');
#4192=PROPERTY_DEFINITION('material property','material name',#7114);
#4193=PROPERTY_DEFINITION('material property','density of part',#7114);
#4194=DATE_TIME_ROLE('creation_date');
#4195=APPLIED_DATE_AND_TIME_ASSIGNMENT(#4196,#4194,(#7114));
#4196=DATE_AND_TIME(#4197,#4198);
#4197=CALENDAR_DATE(2026,18,1);
#4198=LOCAL_TIME(0,0,0.,#4199);
#4199=COORDINATED_UNIVERSAL_TIME_OFFSET(0,0,.BEHIND.);
#4200=AXIS2_PLACEMENT_3D('',#5941,#4662,#4663);
#4201=AXIS2_PLACEMENT_3D('',#5942,#4664,#4665);
#4202=AXIS2_PLACEMENT_3D('',#5944,#4666,#4667);
#4203=AXIS2_PLACEMENT_3D('',#5947,#4669,#4670);
#4204=AXIS2_PLACEMENT_3D('',#5949,#4671,#4672);
#4205=AXIS2_PLACEMENT_3D('',#5951,#4674,#4675);
#4206=AXIS2_PLACEMENT_3D('',#5953,#4676,#4677);
#4207=AXIS2_PLACEMENT_3D('',#5956,#4679,#4680);
#4208=AXIS2_PLACEMENT_3D('',#5958,#4681,#4682);
#4209=AXIS2_PLACEMENT_3D('',#5960,#4684,#4685);
#4210=AXIS2_PLACEMENT_3D('',#5962,#4686,#4687);
#4211=AXIS2_PLACEMENT_3D('',#5965,#4689,#4690);
#4212=AXIS2_PLACEMENT_3D('',#5967,#4691,#4692);
#4213=AXIS2_PLACEMENT_3D('',#5969,#4694,#4695);
#4214=AXIS2_PLACEMENT_3D('',#5971,#4696,#4697);
#4215=AXIS2_PLACEMENT_3D('',#5974,#4699,#4700);
#4216=AXIS2_PLACEMENT_3D('',#5976,#4701,#4702);
#4217=AXIS2_PLACEMENT_3D('',#5978,#4704,#4705);
#4218=AXIS2_PLACEMENT_3D('',#5987,#4710,#4711);
#4219=AXIS2_PLACEMENT_3D('',#5993,#4715,#4716);
#4220=AXIS2_PLACEMENT_3D('',#5999,#4720,#4721);
#4221=AXIS2_PLACEMENT_3D('',#6002,#4724,#4725);
#4222=AXIS2_PLACEMENT_3D('',#6003,#4726,#4727);
#4223=AXIS2_PLACEMENT_3D('',#6004,#4728,#4729);
#4224=AXIS2_PLACEMENT_3D('',#6007,#4730,#4731);
#4225=AXIS2_PLACEMENT_3D('',#6011,#4733,#4734);
#4226=AXIS2_PLACEMENT_3D('',#6013,#4736,#4737);
#4227=AXIS2_PLACEMENT_3D('',#6019,#4741,#4742);
#4228=AXIS2_PLACEMENT_3D('',#6021,#4743,#4744);
#4229=AXIS2_PLACEMENT_3D('',#6024,#4746,#4747);
#4230=AXIS2_PLACEMENT_3D('',#6025,#4748,#4749);
#4231=AXIS2_PLACEMENT_3D('',#6027,#4750,#4751);
#4232=AXIS2_PLACEMENT_3D('',#6028,#4752,#4753);
#4233=AXIS2_PLACEMENT_3D('',#6031,#4755,#4756);
#4234=AXIS2_PLACEMENT_3D('',#6032,#4757,#4758);
#4235=AXIS2_PLACEMENT_3D('',#6034,#4759,#4760);
#4236=AXIS2_PLACEMENT_3D('',#6035,#4761,#4762);
#4237=AXIS2_PLACEMENT_3D('',#6038,#4764,#4765);
#4238=AXIS2_PLACEMENT_3D('',#6039,#4766,#4767);
#4239=AXIS2_PLACEMENT_3D('',#6041,#4768,#4769);
#4240=AXIS2_PLACEMENT_3D('',#6042,#4770,#4771);
#4241=AXIS2_PLACEMENT_3D('',#6045,#4773,#4774);
#4242=AXIS2_PLACEMENT_3D('',#6046,#4775,#4776);
#4243=AXIS2_PLACEMENT_3D('',#6048,#4777,#4778);
#4244=AXIS2_PLACEMENT_3D('',#6049,#4779,#4780);
#4245=AXIS2_PLACEMENT_3D('',#6052,#4782,#4783);
#4246=AXIS2_PLACEMENT_3D('',#6053,#4784,#4785);
#4247=AXIS2_PLACEMENT_3D('',#6055,#4786,#4787);
#4248=AXIS2_PLACEMENT_3D('',#6056,#4788,#4789);
#4249=AXIS2_PLACEMENT_3D('',#6059,#4791,#4792);
#4250=AXIS2_PLACEMENT_3D('',#6060,#4793,#4794);
#4251=AXIS2_PLACEMENT_3D('',#6062,#4795,#4796);
#4252=AXIS2_PLACEMENT_3D('',#6063,#4797,#4798);
#4253=AXIS2_PLACEMENT_3D('',#6066,#4800,#4801);
#4254=AXIS2_PLACEMENT_3D('',#6067,#4802,#4803);
#4255=AXIS2_PLACEMENT_3D('',#6069,#4804,#4805);
#4256=AXIS2_PLACEMENT_3D('',#6070,#4806,#4807);
#4257=AXIS2_PLACEMENT_3D('',#6073,#4809,#4810);
#4258=AXIS2_PLACEMENT_3D('',#6074,#4811,#4812);
#4259=AXIS2_PLACEMENT_3D('',#6076,#4813,#4814);
#4260=AXIS2_PLACEMENT_3D('',#6077,#4815,#4816);
#4261=AXIS2_PLACEMENT_3D('',#6080,#4818,#4819);
#4262=AXIS2_PLACEMENT_3D('',#6081,#4820,#4821);
#4263=AXIS2_PLACEMENT_3D('',#6083,#4822,#4823);
#4264=AXIS2_PLACEMENT_3D('',#6084,#4824,#4825);
#4265=AXIS2_PLACEMENT_3D('',#6087,#4827,#4828);
#4266=AXIS2_PLACEMENT_3D('',#6088,#4829,#4830);
#4267=AXIS2_PLACEMENT_3D('',#6090,#4831,#4832);
#4268=AXIS2_PLACEMENT_3D('',#6091,#4833,#4834);
#4269=AXIS2_PLACEMENT_3D('',#6094,#4836,#4837);
#4270=AXIS2_PLACEMENT_3D('',#6095,#4838,#4839);
#4271=AXIS2_PLACEMENT_3D('',#6097,#4840,#4841);
#4272=AXIS2_PLACEMENT_3D('',#6098,#4842,#4843);
#4273=AXIS2_PLACEMENT_3D('',#6101,#4845,#4846);
#4274=AXIS2_PLACEMENT_3D('',#6102,#4847,#4848);
#4275=AXIS2_PLACEMENT_3D('',#6104,#4849,#4850);
#4276=AXIS2_PLACEMENT_3D('',#6105,#4851,#4852);
#4277=AXIS2_PLACEMENT_3D('',#6108,#4854,#4855);
#4278=AXIS2_PLACEMENT_3D('',#6109,#4856,#4857);
#4279=AXIS2_PLACEMENT_3D('',#6111,#4858,#4859);
#4280=AXIS2_PLACEMENT_3D('',#6112,#4860,#4861);
#4281=AXIS2_PLACEMENT_3D('',#6115,#4863,#4864);
#4282=AXIS2_PLACEMENT_3D('',#6116,#4865,#4866);
#4283=AXIS2_PLACEMENT_3D('',#6118,#4867,#4868);
#4284=AXIS2_PLACEMENT_3D('',#6119,#4869,#4870);
#4285=AXIS2_PLACEMENT_3D('',#6122,#4872,#4873);
#4286=AXIS2_PLACEMENT_3D('',#6123,#4874,#4875);
#4287=AXIS2_PLACEMENT_3D('',#6125,#4876,#4877);
#4288=AXIS2_PLACEMENT_3D('',#6126,#4878,#4879);
#4289=AXIS2_PLACEMENT_3D('',#6129,#4881,#4882);
#4290=AXIS2_PLACEMENT_3D('',#6130,#4883,#4884);
#4291=AXIS2_PLACEMENT_3D('',#6132,#4885,#4886);
#4292=AXIS2_PLACEMENT_3D('',#6133,#4887,#4888);
#4293=AXIS2_PLACEMENT_3D('',#6136,#4890,#4891);
#4294=AXIS2_PLACEMENT_3D('',#6137,#4892,#4893);
#4295=AXIS2_PLACEMENT_3D('',#6139,#4894,#4895);
#4296=AXIS2_PLACEMENT_3D('',#6140,#4896,#4897);
#4297=AXIS2_PLACEMENT_3D('',#6143,#4899,#4900);
#4298=AXIS2_PLACEMENT_3D('',#6144,#4901,#4902);
#4299=AXIS2_PLACEMENT_3D('',#6146,#4903,#4904);
#4300=AXIS2_PLACEMENT_3D('',#6147,#4905,#4906);
#4301=AXIS2_PLACEMENT_3D('',#6150,#4908,#4909);
#4302=AXIS2_PLACEMENT_3D('',#6151,#4910,#4911);
#4303=AXIS2_PLACEMENT_3D('',#6154,#4912,#4913);
#4304=AXIS2_PLACEMENT_3D('',#6158,#4915,#4916);
#4305=AXIS2_PLACEMENT_3D('',#6160,#4918,#4919);
#4306=AXIS2_PLACEMENT_3D('',#6166,#4923,#4924);
#4307=AXIS2_PLACEMENT_3D('',#6172,#4928,#4929);
#4308=AXIS2_PLACEMENT_3D('',#6174,#4930,#4931);
#4309=AXIS2_PLACEMENT_3D('',#6176,#4932,#4933);
#4310=AXIS2_PLACEMENT_3D('',#6178,#4935,#4936);
#4311=AXIS2_PLACEMENT_3D('',#6180,#4937,#4938);
#4312=AXIS2_PLACEMENT_3D('',#6183,#4940,#4941);
#4313=AXIS2_PLACEMENT_3D('',#6184,#4942,#4943);
#4314=AXIS2_PLACEMENT_3D('',#6190,#4947,#4948);
#4315=AXIS2_PLACEMENT_3D('',#6192,#4949,#4950);
#4316=AXIS2_PLACEMENT_3D('',#6194,#4951,#4952);
#4317=AXIS2_PLACEMENT_3D('',#6196,#4954,#4955);
#4318=AXIS2_PLACEMENT_3D('',#6200,#4957,#4958);
#4319=AXIS2_PLACEMENT_3D('',#6201,#4959,#4960);
#4320=AXIS2_PLACEMENT_3D('',#6202,#4961,#4962);
#4321=AXIS2_PLACEMENT_3D('',#6208,#4966,#4967);
#4322=AXIS2_PLACEMENT_3D('',#6211,#4969,#4970);
#4323=AXIS2_PLACEMENT_3D('',#6212,#4971,#4972);
#4324=AXIS2_PLACEMENT_3D('',#6213,#4973,#4974);
#4325=AXIS2_PLACEMENT_3D('',#6215,#4975,#4976);
#4326=AXIS2_PLACEMENT_3D('',#6216,#4977,#4978);
#4327=AXIS2_PLACEMENT_3D('',#6217,#4979,#4980);
#4328=AXIS2_PLACEMENT_3D('',#6219,#4981,#4982);
#4329=AXIS2_PLACEMENT_3D('',#6221,#4984,#4985);
#4330=AXIS2_PLACEMENT_3D('',#6222,#4986,#4987);
#4331=AXIS2_PLACEMENT_3D('',#6223,#4988,#4989);
#4332=AXIS2_PLACEMENT_3D('',#6226,#4991,#4992);
#4333=AXIS2_PLACEMENT_3D('',#6227,#4993,#4994);
#4334=AXIS2_PLACEMENT_3D('',#6231,#4997,#4998);
#4335=AXIS2_PLACEMENT_3D('',#6232,#4999,#5000);
#4336=AXIS2_PLACEMENT_3D('',#6233,#5001,#5002);
#4337=AXIS2_PLACEMENT_3D('',#6235,#5003,#5004);
#4338=AXIS2_PLACEMENT_3D('',#6236,#5005,#5006);
#4339=AXIS2_PLACEMENT_3D('',#6237,#5007,#5008);
#4340=AXIS2_PLACEMENT_3D('',#6239,#5009,#5010);
#4341=AXIS2_PLACEMENT_3D('',#6241,#5012,#5013);
#4342=AXIS2_PLACEMENT_3D('',#6242,#5014,#5015);
#4343=AXIS2_PLACEMENT_3D('',#6243,#5016,#5017);
#4344=AXIS2_PLACEMENT_3D('',#6246,#5018,#5019);
#4345=AXIS2_PLACEMENT_3D('',#6250,#5021,#5022);
#4346=AXIS2_PLACEMENT_3D('',#6252,#5024,#5025);
#4347=AXIS2_PLACEMENT_3D('',#6254,#5026,#5027);
#4348=AXIS2_PLACEMENT_3D('',#6256,#5028,#5029);
#4349=AXIS2_PLACEMENT_3D('',#6257,#5030,#5031);
#4350=AXIS2_PLACEMENT_3D('',#6258,#5032,#5033);
#4351=AXIS2_PLACEMENT_3D('',#6261,#5035,#5036);
#4352=AXIS2_PLACEMENT_3D('',#6263,#5038,#5039);
#4353=AXIS2_PLACEMENT_3D('',#6265,#5040,#5041);
#4354=AXIS2_PLACEMENT_3D('',#6266,#5042,#5043);
#4355=AXIS2_PLACEMENT_3D('',#6267,#5044,#5045);
#4356=AXIS2_PLACEMENT_3D('',#6270,#5047,#5048);
#4357=AXIS2_PLACEMENT_3D('',#6271,#5049,#5050);
#4358=AXIS2_PLACEMENT_3D('',#6275,#5053,#5054);
#4359=AXIS2_PLACEMENT_3D('',#6278,#5056,#5057);
#4360=AXIS2_PLACEMENT_3D('',#6279,#5058,#5059);
#4361=AXIS2_PLACEMENT_3D('',#6280,#5060,#5061);
#4362=AXIS2_PLACEMENT_3D('',#6281,#5062,#5063);
#4363=AXIS2_PLACEMENT_3D('',#6282,#5064,#5065);
#4364=AXIS2_PLACEMENT_3D('',#6283,#5066,#5067);
#4365=AXIS2_PLACEMENT_3D('',#6284,#5068,#5069);
#4366=AXIS2_PLACEMENT_3D('',#6285,#5070,#5071);
#4367=AXIS2_PLACEMENT_3D('',#6290,#5073,#5074);
#4368=AXIS2_PLACEMENT_3D('',#6294,#5076,#5077);
#4369=AXIS2_PLACEMENT_3D('',#6298,#5079,#5080);
#4370=AXIS2_PLACEMENT_3D('',#6301,#5082,#5083);
#4371=AXIS2_PLACEMENT_3D('',#6310,#5088,#5089);
#4372=AXIS2_PLACEMENT_3D('',#6314,#5092,#5093);
#4373=AXIS2_PLACEMENT_3D('',#6316,#5094,#5095);
#4374=AXIS2_PLACEMENT_3D('',#6318,#5097,#5098);
#4375=AXIS2_PLACEMENT_3D('',#6322,#5101,#5102);
#4376=AXIS2_PLACEMENT_3D('',#6324,#5103,#5104);
#4377=AXIS2_PLACEMENT_3D('',#6326,#5106,#5107);
#4378=AXIS2_PLACEMENT_3D('',#6327,#5108,#5109);
#4379=AXIS2_PLACEMENT_3D('',#6328,#5110,#5111);
#4380=AXIS2_PLACEMENT_3D('',#6329,#5112,#5113);
#4381=AXIS2_PLACEMENT_3D('',#6330,#5114,#5115);
#4382=AXIS2_PLACEMENT_3D('',#6331,#5116,#5117);
#4383=AXIS2_PLACEMENT_3D('',#6332,#5118,#5119);
#4384=AXIS2_PLACEMENT_3D('',#6333,#5120,#5121);
#4385=AXIS2_PLACEMENT_3D('',#6335,#5123,#5124);
#4386=AXIS2_PLACEMENT_3D('',#6336,#5125,#5126);
#4387=AXIS2_PLACEMENT_3D('',#6337,#5127,#5128);
#4388=AXIS2_PLACEMENT_3D('',#6338,#5129,#5130);
#4389=AXIS2_PLACEMENT_3D('',#6339,#5131,#5132);
#4390=AXIS2_PLACEMENT_3D('',#6340,#5133,#5134);
#4391=AXIS2_PLACEMENT_3D('',#6341,#5135,#5136);
#4392=AXIS2_PLACEMENT_3D('',#6342,#5137,#5138);
#4393=AXIS2_PLACEMENT_3D('',#6343,#5139,#5140);
#4394=AXIS2_PLACEMENT_3D('',#6355,#5146,#5147);
#4395=AXIS2_PLACEMENT_3D('',#6356,#5148,#5149);
#4396=AXIS2_PLACEMENT_3D('',#6366,#5155,#5156);
#4397=AXIS2_PLACEMENT_3D('',#6368,#5157,#5158);
#4398=AXIS2_PLACEMENT_3D('',#6370,#5160,#5161);
#4399=AXIS2_PLACEMENT_3D('',#6374,#5164,#5165);
#4400=AXIS2_PLACEMENT_3D('',#6386,#5172,#5173);
#4401=AXIS2_PLACEMENT_3D('',#6398,#5179,#5180);
#4402=AXIS2_PLACEMENT_3D('',#6399,#5181,#5182);
#4403=AXIS2_PLACEMENT_3D('',#6405,#5186,#5187);
#4404=AXIS2_PLACEMENT_3D('',#6407,#5188,#5189);
#4405=AXIS2_PLACEMENT_3D('',#6409,#5191,#5192);
#4406=AXIS2_PLACEMENT_3D('',#6417,#5197,#5198);
#4407=AXIS2_PLACEMENT_3D('',#6429,#5205,#5206);
#4408=AXIS2_PLACEMENT_3D('',#6433,#5209,#5210);
#4409=AXIS2_PLACEMENT_3D('',#6439,#5214,#5215);
#4410=AXIS2_PLACEMENT_3D('',#6443,#5218,#5219);
#4411=AXIS2_PLACEMENT_3D('',#6447,#5222,#5223);
#4412=AXIS2_PLACEMENT_3D('',#6453,#5227,#5228);
#4413=AXIS2_PLACEMENT_3D('',#6457,#5231,#5232);
#4414=AXIS2_PLACEMENT_3D('',#6461,#5235,#5236);
#4415=AXIS2_PLACEMENT_3D('',#6463,#5238,#5239);
#4416=AXIS2_PLACEMENT_3D('',#6469,#5244,#5245);
#4417=AXIS2_PLACEMENT_3D('',#6471,#5247,#5248);
#4418=AXIS2_PLACEMENT_3D('',#6475,#5251,#5252);
#4419=AXIS2_PLACEMENT_3D('',#6483,#5257,#5258);
#4420=AXIS2_PLACEMENT_3D('',#6485,#5260,#5261);
#4421=AXIS2_PLACEMENT_3D('',#6495,#5266,#5267);
#4422=AXIS2_PLACEMENT_3D('',#6497,#5268,#5269);
#4423=AXIS2_PLACEMENT_3D('',#6499,#5270,#5271);
#4424=AXIS2_PLACEMENT_3D('',#6501,#5272,#5273);
#4425=AXIS2_PLACEMENT_3D('',#6503,#5274,#5275);
#4426=AXIS2_PLACEMENT_3D('',#6504,#5276,#5277);
#4427=AXIS2_PLACEMENT_3D('',#6507,#5280,#5281);
#4428=AXIS2_PLACEMENT_3D('',#6509,#5283,#5284);
#4429=AXIS2_PLACEMENT_3D('',#6511,#5286,#5287);
#4430=AXIS2_PLACEMENT_3D('',#6512,#5288,#5289);
#4431=AXIS2_PLACEMENT_3D('',#6514,#5291,#5292);
#4432=AXIS2_PLACEMENT_3D('',#6521,#5296,#5297);
#4433=AXIS2_PLACEMENT_3D('',#6523,#5298,#5299);
#4434=AXIS2_PLACEMENT_3D('',#6525,#5300,#5301);
#4435=AXIS2_PLACEMENT_3D('',#6527,#5302,#5303);
#4436=AXIS2_PLACEMENT_3D('',#6529,#5304,#5305);
#4437=AXIS2_PLACEMENT_3D('',#6530,#5306,#5307);
#4438=AXIS2_PLACEMENT_3D('',#6532,#5309,#5310);
#4439=AXIS2_PLACEMENT_3D('',#6534,#5312,#5313);
#4440=AXIS2_PLACEMENT_3D('',#6535,#5314,#5315);
#4441=AXIS2_PLACEMENT_3D('',#6537,#5317,#5318);
#4442=AXIS2_PLACEMENT_3D('',#6539,#5320,#5321);
#4443=AXIS2_PLACEMENT_3D('',#6541,#5323,#5324);
#4444=AXIS2_PLACEMENT_3D('',#6543,#5326,#5327);
#4445=AXIS2_PLACEMENT_3D('',#6545,#5329,#5330);
#4446=AXIS2_PLACEMENT_3D('',#6548,#5331,#5332);
#4447=AXIS2_PLACEMENT_3D('',#6551,#5335,#5336);
#4448=AXIS2_PLACEMENT_3D('',#6555,#5339,#5340);
#4449=AXIS2_PLACEMENT_3D('',#6559,#5343,#5344);
#4450=AXIS2_PLACEMENT_3D('',#6565,#5348,#5349);
#4451=AXIS2_PLACEMENT_3D('',#6567,#5350,#5351);
#4452=AXIS2_PLACEMENT_3D('',#6569,#5353,#5354);
#4453=AXIS2_PLACEMENT_3D('',#6571,#5355,#5356);
#4454=AXIS2_PLACEMENT_3D('',#6573,#5358,#5359);
#4455=AXIS2_PLACEMENT_3D('',#6579,#5363,#5364);
#4456=AXIS2_PLACEMENT_3D('',#6584,#5366,#5367);
#4457=AXIS2_PLACEMENT_3D('',#6591,#5371,#5372);
#4458=AXIS2_PLACEMENT_3D('',#6592,#5373,#5374);
#4459=AXIS2_PLACEMENT_3D('',#6594,#5375,#5376);
#4460=AXIS2_PLACEMENT_3D('',#6598,#5378,#5379);
#4461=AXIS2_PLACEMENT_3D('',#6600,#5381,#5382);
#4462=AXIS2_PLACEMENT_3D('',#6605,#5384,#5385);
#4463=AXIS2_PLACEMENT_3D('',#6608,#5387,#5388);
#4464=AXIS2_PLACEMENT_3D('',#6612,#5391,#5392);
#4465=AXIS2_PLACEMENT_3D('',#6621,#5398,#5399);
#4466=AXIS2_PLACEMENT_3D('',#6624,#5402,#5403);
#4467=AXIS2_PLACEMENT_3D('',#6626,#5404,#5405);
#4468=AXIS2_PLACEMENT_3D('',#6627,#5406,#5407);
#4469=AXIS2_PLACEMENT_3D('',#6628,#5408,#5409);
#4470=AXIS2_PLACEMENT_3D('',#6640,#5416,#5417);
#4471=AXIS2_PLACEMENT_3D('',#6643,#5420,#5421);
#4472=AXIS2_PLACEMENT_3D('',#6646,#5422,#5423);
#4473=AXIS2_PLACEMENT_3D('',#6647,#5424,#5425);
#4474=AXIS2_PLACEMENT_3D('',#6648,#5426,#5427);
#4475=AXIS2_PLACEMENT_3D('',#6649,#5428,#5429);
#4476=AXIS2_PLACEMENT_3D('',#6659,#5435,#5436);
#4477=AXIS2_PLACEMENT_3D('',#6661,#5437,#5438);
#4478=AXIS2_PLACEMENT_3D('',#6662,#5439,#5440);
#4479=AXIS2_PLACEMENT_3D('',#6663,#5441,#5442);
#4480=AXIS2_PLACEMENT_3D('',#6667,#5445,#5446);
#4481=AXIS2_PLACEMENT_3D('',#6669,#5447,#5448);
#4482=AXIS2_PLACEMENT_3D('',#6671,#5449,#5450);
#4483=AXIS2_PLACEMENT_3D('',#6672,#5451,#5452);
#4484=AXIS2_PLACEMENT_3D('',#6673,#5453,#5454);
#4485=AXIS2_PLACEMENT_3D('',#6685,#5461,#5462);
#4486=AXIS2_PLACEMENT_3D('',#6687,#5463,#5464);
#4487=AXIS2_PLACEMENT_3D('',#6693,#5468,#5469);
#4488=AXIS2_PLACEMENT_3D('',#6695,#5471,#5472);
#4489=AXIS2_PLACEMENT_3D('',#6697,#5474,#5475);
#4490=AXIS2_PLACEMENT_3D('',#6700,#5476,#5477);
#4491=AXIS2_PLACEMENT_3D('',#6703,#5480,#5481);
#4492=AXIS2_PLACEMENT_3D('',#6707,#5483,#5484);
#4493=AXIS2_PLACEMENT_3D('',#6712,#5488,#5489);
#4494=AXIS2_PLACEMENT_3D('',#6713,#5490,#5491);
#4495=AXIS2_PLACEMENT_3D('',#6715,#5492,#5493);
#4496=AXIS2_PLACEMENT_3D('',#6717,#5495,#5496);
#4497=AXIS2_PLACEMENT_3D('',#6719,#5497,#5498);
#4498=AXIS2_PLACEMENT_3D('',#6721,#5499,#5500);
#4499=AXIS2_PLACEMENT_3D('',#6723,#5502,#5503);
#4500=AXIS2_PLACEMENT_3D('',#6726,#5505,#5506);
#4501=AXIS2_PLACEMENT_3D('',#6727,#5507,#5508);
#4502=AXIS2_PLACEMENT_3D('',#6729,#5510,#5511);
#4503=AXIS2_PLACEMENT_3D('',#6736,#5515,#5516);
#4504=AXIS2_PLACEMENT_3D('',#6737,#5517,#5518);
#4505=AXIS2_PLACEMENT_3D('',#6750,#5526,#5527);
#4506=AXIS2_PLACEMENT_3D('',#6759,#5533,#5534);
#4507=AXIS2_PLACEMENT_3D('',#6771,#5541,#5542);
#4508=AXIS2_PLACEMENT_3D('',#6774,#5543,#5544);
#4509=AXIS2_PLACEMENT_3D('',#6777,#5547,#5548);
#4510=AXIS2_PLACEMENT_3D('',#6782,#5551,#5552);
#4511=AXIS2_PLACEMENT_3D('',#6784,#5554,#5555);
#4512=AXIS2_PLACEMENT_3D('',#6789,#5559,#5560);
#4513=AXIS2_PLACEMENT_3D('',#6799,#5566,#5567);
#4514=AXIS2_PLACEMENT_3D('',#6800,#5568,#5569);
#4515=AXIS2_PLACEMENT_3D('',#6804,#5572,#5573);
#4516=AXIS2_PLACEMENT_3D('',#6806,#5575,#5576);
#4517=AXIS2_PLACEMENT_3D('',#6808,#5578,#5579);
#4518=AXIS2_PLACEMENT_3D('',#6811,#5580,#5581);
#4519=AXIS2_PLACEMENT_3D('',#6812,#5582,#5583);
#4520=AXIS2_PLACEMENT_3D('',#6813,#5584,#5585);
#4521=AXIS2_PLACEMENT_3D('',#6814,#5586,#5587);
#4522=AXIS2_PLACEMENT_3D('',#6819,#5591,#5592);
#4523=AXIS2_PLACEMENT_3D('',#6831,#5599,#5600);
#4524=AXIS2_PLACEMENT_3D('',#6833,#5601,#5602);
#4525=AXIS2_PLACEMENT_3D('',#6834,#5603,#5604);
#4526=AXIS2_PLACEMENT_3D('',#6835,#5605,#5606);
#4527=AXIS2_PLACEMENT_3D('',#6837,#5607,#5608);
#4528=AXIS2_PLACEMENT_3D('',#6841,#5610,#5611);
#4529=AXIS2_PLACEMENT_3D('',#6845,#5613,#5614);
#4530=AXIS2_PLACEMENT_3D('',#6856,#5620,#5621);
#4531=AXIS2_PLACEMENT_3D('',#6858,#5622,#5623);
#4532=AXIS2_PLACEMENT_3D('',#6860,#5624,#5625);
#4533=AXIS2_PLACEMENT_3D('',#6862,#5626,#5627);
#4534=AXIS2_PLACEMENT_3D('',#6864,#5628,#5629);
#4535=AXIS2_PLACEMENT_3D('',#6866,#5630,#5631);
#4536=AXIS2_PLACEMENT_3D('',#6868,#5632,#5633);
#4537=AXIS2_PLACEMENT_3D('',#6870,#5634,#5635);
#4538=AXIS2_PLACEMENT_3D('',#6872,#5636,#5637);
#4539=AXIS2_PLACEMENT_3D('',#6874,#5638,#5639);
#4540=AXIS2_PLACEMENT_3D('',#6876,#5640,#5641);
#4541=AXIS2_PLACEMENT_3D('',#6878,#5642,#5643);
#4542=AXIS2_PLACEMENT_3D('',#6880,#5644,#5645);
#4543=AXIS2_PLACEMENT_3D('',#6882,#5646,#5647);
#4544=AXIS2_PLACEMENT_3D('',#6884,#5648,#5649);
#4545=AXIS2_PLACEMENT_3D('',#6886,#5650,#5651);
#4546=AXIS2_PLACEMENT_3D('',#6888,#5652,#5653);
#4547=AXIS2_PLACEMENT_3D('',#6890,#5654,#5655);
#4548=AXIS2_PLACEMENT_3D('',#6891,#5656,#5657);
#4549=AXIS2_PLACEMENT_3D('',#6892,#5658,#5659);
#4550=AXIS2_PLACEMENT_3D('',#6893,#5660,#5661);
#4551=AXIS2_PLACEMENT_3D('',#6895,#5663,#5664);
#4552=AXIS2_PLACEMENT_3D('',#6897,#5665,#5666);
#4553=AXIS2_PLACEMENT_3D('',#6899,#5667,#5668);
#4554=AXIS2_PLACEMENT_3D('',#6900,#5669,#5670);
#4555=AXIS2_PLACEMENT_3D('',#6901,#5671,#5672);
#4556=AXIS2_PLACEMENT_3D('',#6905,#5675,#5676);
#4557=AXIS2_PLACEMENT_3D('',#6909,#5679,#5680);
#4558=AXIS2_PLACEMENT_3D('',#6911,#5682,#5683);
#4559=AXIS2_PLACEMENT_3D('',#6912,#5684,#5685);
#4560=AXIS2_PLACEMENT_3D('',#6914,#5686,#5687);
#4561=AXIS2_PLACEMENT_3D('',#6917,#5689,#5690);
#4562=AXIS2_PLACEMENT_3D('',#6918,#5691,#5692);
#4563=AXIS2_PLACEMENT_3D('',#6924,#5696,#5697);
#4564=AXIS2_PLACEMENT_3D('',#6926,#5698,#5699);
#4565=AXIS2_PLACEMENT_3D('',#6927,#5700,#5701);
#4566=AXIS2_PLACEMENT_3D('',#6928,#5702,#5703);
#4567=AXIS2_PLACEMENT_3D('',#6930,#5704,#5705);
#4568=AXIS2_PLACEMENT_3D('',#6931,#5706,#5707);
#4569=AXIS2_PLACEMENT_3D('',#6932,#5708,#5709);
#4570=AXIS2_PLACEMENT_3D('',#6935,#5712,#5713);
#4571=AXIS2_PLACEMENT_3D('',#6937,#5715,#5716);
#4572=AXIS2_PLACEMENT_3D('',#6939,#5718,#5719);
#4573=AXIS2_PLACEMENT_3D('',#6940,#5720,#5721);
#4574=AXIS2_PLACEMENT_3D('',#6942,#5722,#5723);
#4575=AXIS2_PLACEMENT_3D('',#6944,#5725,#5726);
#4576=AXIS2_PLACEMENT_3D('',#6945,#5727,#5728);
#4577=AXIS2_PLACEMENT_3D('',#6946,#5729,#5730);
#4578=AXIS2_PLACEMENT_3D('',#6948,#5732,#5733);
#4579=AXIS2_PLACEMENT_3D('',#6950,#5735,#5736);
#4580=AXIS2_PLACEMENT_3D('',#6951,#5737,#5738);
#4581=AXIS2_PLACEMENT_3D('',#6952,#5739,#5740);
#4582=AXIS2_PLACEMENT_3D('',#6955,#5742,#5743);
#4583=AXIS2_PLACEMENT_3D('',#6956,#5744,#5745);
#4584=AXIS2_PLACEMENT_3D('',#6960,#5748,#5749);
#4585=AXIS2_PLACEMENT_3D('',#6964,#5752,#5753);
#4586=AXIS2_PLACEMENT_3D('',#6966,#5755,#5756);
#4587=AXIS2_PLACEMENT_3D('',#6969,#5758,#5759);
#4588=AXIS2_PLACEMENT_3D('',#6970,#5760,#5761);
#4589=AXIS2_PLACEMENT_3D('',#6973,#5763,#5764);
#4590=AXIS2_PLACEMENT_3D('',#6974,#5765,#5766);
#4591=AXIS2_PLACEMENT_3D('',#6977,#5768,#5769);
#4592=AXIS2_PLACEMENT_3D('',#6978,#5770,#5771);
#4593=AXIS2_PLACEMENT_3D('',#6981,#5773,#5774);
#4594=AXIS2_PLACEMENT_3D('',#6982,#5775,#5776);
#4595=AXIS2_PLACEMENT_3D('',#6985,#5778,#5779);
#4596=AXIS2_PLACEMENT_3D('',#6986,#5780,#5781);
#4597=AXIS2_PLACEMENT_3D('',#6989,#5783,#5784);
#4598=AXIS2_PLACEMENT_3D('',#6990,#5785,#5786);
#4599=AXIS2_PLACEMENT_3D('',#6993,#5788,#5789);
#4600=AXIS2_PLACEMENT_3D('',#6994,#5790,#5791);
#4601=AXIS2_PLACEMENT_3D('',#6997,#5793,#5794);
#4602=AXIS2_PLACEMENT_3D('',#6998,#5795,#5796);
#4603=AXIS2_PLACEMENT_3D('',#7001,#5798,#5799);
#4604=AXIS2_PLACEMENT_3D('',#7002,#5800,#5801);
#4605=AXIS2_PLACEMENT_3D('',#7005,#5803,#5804);
#4606=AXIS2_PLACEMENT_3D('',#7006,#5805,#5806);
#4607=AXIS2_PLACEMENT_3D('',#7009,#5808,#5809);
#4608=AXIS2_PLACEMENT_3D('',#7010,#5810,#5811);
#4609=AXIS2_PLACEMENT_3D('',#7013,#5813,#5814);
#4610=AXIS2_PLACEMENT_3D('',#7014,#5815,#5816);
#4611=AXIS2_PLACEMENT_3D('',#7017,#5818,#5819);
#4612=AXIS2_PLACEMENT_3D('',#7018,#5820,#5821);
#4613=AXIS2_PLACEMENT_3D('',#7021,#5823,#5824);
#4614=AXIS2_PLACEMENT_3D('',#7022,#5825,#5826);
#4615=AXIS2_PLACEMENT_3D('',#7025,#5828,#5829);
#4616=AXIS2_PLACEMENT_3D('',#7026,#5830,#5831);
#4617=AXIS2_PLACEMENT_3D('',#7029,#5833,#5834);
#4618=AXIS2_PLACEMENT_3D('',#7030,#5835,#5836);
#4619=AXIS2_PLACEMENT_3D('',#7033,#5838,#5839);
#4620=AXIS2_PLACEMENT_3D('',#7034,#5840,#5841);
#4621=AXIS2_PLACEMENT_3D('',#7037,#5843,#5844);
#4622=AXIS2_PLACEMENT_3D('',#7038,#5845,#5846);
#4623=AXIS2_PLACEMENT_3D('',#7039,#5847,#5848);
#4624=AXIS2_PLACEMENT_3D('',#7040,#5849,#5850);
#4625=AXIS2_PLACEMENT_3D('',#7041,#5851,#5852);
#4626=AXIS2_PLACEMENT_3D('',#7043,#5854,#5855);
#4627=AXIS2_PLACEMENT_3D('',#7044,#5856,#5857);
#4628=AXIS2_PLACEMENT_3D('',#7045,#5858,#5859);
#4629=AXIS2_PLACEMENT_3D('',#7047,#5861,#5862);
#4630=AXIS2_PLACEMENT_3D('',#7048,#5863,#5864);
#4631=AXIS2_PLACEMENT_3D('',#7049,#5865,#5866);
#4632=AXIS2_PLACEMENT_3D('',#7050,#5867,#5868);
#4633=AXIS2_PLACEMENT_3D('',#7051,#5869,#5870);
#4634=AXIS2_PLACEMENT_3D('',#7052,#5871,#5872);
#4635=AXIS2_PLACEMENT_3D('',#7053,#5873,#5874);
#4636=AXIS2_PLACEMENT_3D('',#7054,#5875,#5876);
#4637=AXIS2_PLACEMENT_3D('',#7055,#5877,#5878);
#4638=AXIS2_PLACEMENT_3D('',#7056,#5879,#5880);
#4639=AXIS2_PLACEMENT_3D('',#7057,#5881,#5882);
#4640=AXIS2_PLACEMENT_3D('',#7058,#5883,#5884);
#4641=AXIS2_PLACEMENT_3D('',#7059,#5885,#5886);
#4642=AXIS2_PLACEMENT_3D('',#7060,#5887,#5888);
#4643=AXIS2_PLACEMENT_3D('',#7061,#5889,#5890);
#4644=AXIS2_PLACEMENT_3D('',#7062,#5891,#5892);
#4645=AXIS2_PLACEMENT_3D('',#7063,#5893,#5894);
#4646=AXIS2_PLACEMENT_3D('',#7064,#5895,#5896);
#4647=AXIS2_PLACEMENT_3D('',#7065,#5897,#5898);
#4648=AXIS2_PLACEMENT_3D('',#7066,#5899,#5900);
#4649=AXIS2_PLACEMENT_3D('',#7072,#5904,#5905);
#4650=AXIS2_PLACEMENT_3D('',#7074,#5907,#5908);
#4651=AXIS2_PLACEMENT_3D('',#7076,#5910,#5911);
#4652=AXIS2_PLACEMENT_3D('',#7078,#5912,#5913);
#4653=AXIS2_PLACEMENT_3D('',#7082,#5915,#5916);
#4654=AXIS2_PLACEMENT_3D('',#7085,#5919,#5920);
#4655=AXIS2_PLACEMENT_3D('',#7089,#5923,#5924);
#4656=AXIS2_PLACEMENT_3D('',#7091,#5925,#5926);
#4657=AXIS2_PLACEMENT_3D('',#7093,#5928,#5929);
#4658=AXIS2_PLACEMENT_3D('',#7095,#5931,#5932);
#4659=AXIS2_PLACEMENT_3D('',#7097,#5933,#5934);
#4660=AXIS2_PLACEMENT_3D('',#7099,#5936,#5937);
#4661=AXIS2_PLACEMENT_3D('',#7101,#5939,#5940);
#4662=DIRECTION('axis',(0.,0.,1.));
#4663=DIRECTION('refdir',(1.,0.,0.));
#4664=DIRECTION('center_axis',(0.,-1.,0.));
#4665=DIRECTION('ref_axis',(1.,0.,0.));
#4666=DIRECTION('center_axis',(0.,-1.,0.));
#4667=DIRECTION('ref_axis',(1.,0.,0.));
#4668=DIRECTION('',(0.857167300702112,0.515038074910054,1.04972719113862E-16));
#4669=DIRECTION('center_axis',(0.,-1.,0.));
#4670=DIRECTION('ref_axis',(1.,0.,0.));
#4671=DIRECTION('center_axis',(0.,1.,0.));
#4672=DIRECTION('ref_axis',(1.,0.,0.));
#4673=DIRECTION('',(0.,1.,0.));
#4674=DIRECTION('center_axis',(0.,-1.,0.));
#4675=DIRECTION('ref_axis',(1.,0.,0.));
#4676=DIRECTION('center_axis',(0.,-1.,0.));
#4677=DIRECTION('ref_axis',(1.,0.,0.));
#4678=DIRECTION('',(0.857167300702112,0.515038074910054,1.04972719113862E-16));
#4679=DIRECTION('center_axis',(0.,-1.,0.));
#4680=DIRECTION('ref_axis',(1.,0.,0.));
#4681=DIRECTION('center_axis',(0.,1.,0.));
#4682=DIRECTION('ref_axis',(1.,0.,0.));
#4683=DIRECTION('',(0.,1.,0.));
#4684=DIRECTION('center_axis',(0.,-1.,0.));
#4685=DIRECTION('ref_axis',(1.,0.,0.));
#4686=DIRECTION('center_axis',(0.,-1.,0.));
#4687=DIRECTION('ref_axis',(1.,0.,0.));
#4688=DIRECTION('',(0.857167300702112,0.515038074910054,1.04972719113862E-16));
#4689=DIRECTION('center_axis',(0.,-1.,0.));
#4690=DIRECTION('ref_axis',(1.,0.,0.));
#4691=DIRECTION('center_axis',(0.,1.,0.));
#4692=DIRECTION('ref_axis',(1.,0.,0.));
#4693=DIRECTION('',(0.,1.,0.));
#4694=DIRECTION('center_axis',(0.,-1.,0.));
#4695=DIRECTION('ref_axis',(1.,0.,0.));
#4696=DIRECTION('center_axis',(0.,-1.,0.));
#4697=DIRECTION('ref_axis',(1.,0.,0.));
#4698=DIRECTION('',(0.857167300702112,0.515038074910054,1.04972719113862E-16));
#4699=DIRECTION('center_axis',(0.,-1.,0.));
#4700=DIRECTION('ref_axis',(1.,0.,0.));
#4701=DIRECTION('center_axis',(0.,1.,0.));
#4702=DIRECTION('ref_axis',(1.,0.,0.));
#4703=DIRECTION('',(0.,1.,0.));
#4704=DIRECTION('center_axis',(0.,0.,-1.));
#4705=DIRECTION('ref_axis',(-1.,0.,0.));
#4706=DIRECTION('',(1.,0.,0.));
#4707=DIRECTION('',(0.,1.,0.));
#4708=DIRECTION('',(-1.,0.,0.));
#4709=DIRECTION('',(0.,1.,0.));
#4710=DIRECTION('center_axis',(1.,0.,0.));
#4711=DIRECTION('ref_axis',(0.,0.,-1.));
#4712=DIRECTION('',(0.,0.,1.));
#4713=DIRECTION('',(0.,0.,-1.));
#4714=DIRECTION('',(0.,1.,0.));
#4715=DIRECTION('center_axis',(0.,0.,1.));
#4716=DIRECTION('ref_axis',(1.,0.,0.));
#4717=DIRECTION('',(-1.,0.,0.));
#4718=DIRECTION('',(1.,0.,0.));
#4719=DIRECTION('',(0.,1.,0.));
#4720=DIRECTION('center_axis',(-1.,0.,0.));
#4721=DIRECTION('ref_axis',(0.,0.,1.));
#4722=DIRECTION('',(0.,0.,-1.));
#4723=DIRECTION('',(0.,0.,1.));
#4724=DIRECTION('center_axis',(0.,-1.,0.));
#4725=DIRECTION('ref_axis',(0.,0.,-1.));
#4726=DIRECTION('center_axis',(0.,1.,0.));
#4727=DIRECTION('ref_axis',(0.,0.,1.));
#4728=DIRECTION('center_axis',(0.,0.,1.));
#4729=DIRECTION('ref_axis',(0.,1.,0.));
#4730=DIRECTION('center_axis',(0.,0.,1.));
#4731=DIRECTION('ref_axis',(0.,1.,0.));
#4732=DIRECTION('',(0.,0.,1.));
#4733=DIRECTION('center_axis',(0.,0.,1.));
#4734=DIRECTION('ref_axis',(0.,1.,0.));
#4735=DIRECTION('',(0.,0.,1.));
#4736=DIRECTION('center_axis',(-1.,-3.36351590892355E-16,0.));
#4737=DIRECTION('ref_axis',(3.36351590892355E-16,-1.,0.));
#4738=DIRECTION('',(-8.40878977230888E-17,-1.,0.));
#4739=DIRECTION('',(0.,0.,1.));
#4740=DIRECTION('',(3.36351590892355E-16,-1.,0.));
#4741=DIRECTION('center_axis',(0.,0.,1.));
#4742=DIRECTION('ref_axis',(-1.,0.,0.));
#4743=DIRECTION('center_axis',(0.,0.,1.));
#4744=DIRECTION('ref_axis',(-1.,0.,0.));
#4745=DIRECTION('',(0.,0.,1.));
#4746=DIRECTION('center_axis',(0.,0.,1.));
#4747=DIRECTION('ref_axis',(-1.,0.,0.));
#4748=DIRECTION('center_axis',(0.,0.,-1.));
#4749=DIRECTION('ref_axis',(-1.,0.,0.));
#4750=DIRECTION('center_axis',(0.,0.,-1.));
#4751=DIRECTION('ref_axis',(-1.,0.,0.));
#4752=DIRECTION('center_axis',(0.,0.,-1.));
#4753=DIRECTION('ref_axis',(-1.,0.,0.));
#4754=DIRECTION('',(0.,0.,1.));
#4755=DIRECTION('center_axis',(0.,0.,1.));
#4756=DIRECTION('ref_axis',(-1.,0.,0.));
#4757=DIRECTION('center_axis',(0.,0.,-1.));
#4758=DIRECTION('ref_axis',(-1.,0.,0.));
#4759=DIRECTION('center_axis',(0.,0.,-1.));
#4760=DIRECTION('ref_axis',(-1.,0.,0.));
#4761=DIRECTION('center_axis',(0.,0.,-1.));
#4762=DIRECTION('ref_axis',(-1.,0.,0.));
#4763=DIRECTION('',(0.,0.,1.));
#4764=DIRECTION('center_axis',(0.,0.,1.));
#4765=DIRECTION('ref_axis',(-1.,0.,0.));
#4766=DIRECTION('center_axis',(0.,0.,-1.));
#4767=DIRECTION('ref_axis',(-1.,0.,0.));
#4768=DIRECTION('center_axis',(0.,0.,-1.));
#4769=DIRECTION('ref_axis',(-1.,0.,0.));
#4770=DIRECTION('center_axis',(0.,0.,-1.));
#4771=DIRECTION('ref_axis',(-1.,0.,0.));
#4772=DIRECTION('',(0.,0.,1.));
#4773=DIRECTION('center_axis',(0.,0.,1.));
#4774=DIRECTION('ref_axis',(-1.,0.,0.));
#4775=DIRECTION('center_axis',(0.,0.,-1.));
#4776=DIRECTION('ref_axis',(-1.,0.,0.));
#4777=DIRECTION('center_axis',(0.,0.,-1.));
#4778=DIRECTION('ref_axis',(-1.,0.,0.));
#4779=DIRECTION('center_axis',(0.,0.,-1.));
#4780=DIRECTION('ref_axis',(-1.,0.,0.));
#4781=DIRECTION('',(0.,0.,1.));
#4782=DIRECTION('center_axis',(0.,0.,1.));
#4783=DIRECTION('ref_axis',(-1.,0.,0.));
#4784=DIRECTION('center_axis',(0.,0.,-1.));
#4785=DIRECTION('ref_axis',(-1.,0.,0.));
#4786=DIRECTION('center_axis',(0.,0.,-1.));
#4787=DIRECTION('ref_axis',(-1.,0.,0.));
#4788=DIRECTION('center_axis',(0.,0.,-1.));
#4789=DIRECTION('ref_axis',(-1.,0.,0.));
#4790=DIRECTION('',(0.,0.,1.));
#4791=DIRECTION('center_axis',(0.,0.,1.));
#4792=DIRECTION('ref_axis',(-1.,0.,0.));
#4793=DIRECTION('center_axis',(0.,0.,-1.));
#4794=DIRECTION('ref_axis',(-1.,0.,0.));
#4795=DIRECTION('center_axis',(0.,0.,-1.));
#4796=DIRECTION('ref_axis',(-1.,0.,0.));
#4797=DIRECTION('center_axis',(0.,0.,-1.));
#4798=DIRECTION('ref_axis',(-1.,0.,0.));
#4799=DIRECTION('',(0.,0.,1.));
#4800=DIRECTION('center_axis',(0.,0.,1.));
#4801=DIRECTION('ref_axis',(-1.,0.,0.));
#4802=DIRECTION('center_axis',(0.,0.,-1.));
#4803=DIRECTION('ref_axis',(-1.,0.,0.));
#4804=DIRECTION('center_axis',(0.,0.,-1.));
#4805=DIRECTION('ref_axis',(-1.,0.,0.));
#4806=DIRECTION('center_axis',(0.,0.,-1.));
#4807=DIRECTION('ref_axis',(-1.,0.,0.));
#4808=DIRECTION('',(0.,0.,1.));
#4809=DIRECTION('center_axis',(0.,0.,1.));
#4810=DIRECTION('ref_axis',(-1.,0.,0.));
#4811=DIRECTION('center_axis',(0.,0.,-1.));
#4812=DIRECTION('ref_axis',(-1.,0.,0.));
#4813=DIRECTION('center_axis',(0.,0.,-1.));
#4814=DIRECTION('ref_axis',(-1.,0.,0.));
#4815=DIRECTION('center_axis',(0.,0.,-1.));
#4816=DIRECTION('ref_axis',(-1.,0.,0.));
#4817=DIRECTION('',(0.,0.,1.));
#4818=DIRECTION('center_axis',(0.,0.,1.));
#4819=DIRECTION('ref_axis',(-1.,0.,0.));
#4820=DIRECTION('center_axis',(0.,0.,-1.));
#4821=DIRECTION('ref_axis',(-1.,0.,0.));
#4822=DIRECTION('center_axis',(0.,0.,-1.));
#4823=DIRECTION('ref_axis',(-1.,0.,0.));
#4824=DIRECTION('center_axis',(0.,0.,-1.));
#4825=DIRECTION('ref_axis',(-1.,0.,0.));
#4826=DIRECTION('',(0.,0.,1.));
#4827=DIRECTION('center_axis',(0.,0.,1.));
#4828=DIRECTION('ref_axis',(-1.,0.,0.));
#4829=DIRECTION('center_axis',(0.,0.,-1.));
#4830=DIRECTION('ref_axis',(-1.,0.,0.));
#4831=DIRECTION('center_axis',(0.,0.,-1.));
#4832=DIRECTION('ref_axis',(-1.,0.,0.));
#4833=DIRECTION('center_axis',(0.,0.,-1.));
#4834=DIRECTION('ref_axis',(-1.,0.,0.));
#4835=DIRECTION('',(0.,0.,1.));
#4836=DIRECTION('center_axis',(0.,0.,1.));
#4837=DIRECTION('ref_axis',(-1.,0.,0.));
#4838=DIRECTION('center_axis',(0.,0.,-1.));
#4839=DIRECTION('ref_axis',(-1.,0.,0.));
#4840=DIRECTION('center_axis',(0.,0.,-1.));
#4841=DIRECTION('ref_axis',(-1.,0.,0.));
#4842=DIRECTION('center_axis',(0.,0.,-1.));
#4843=DIRECTION('ref_axis',(-1.,0.,0.));
#4844=DIRECTION('',(0.,0.,1.));
#4845=DIRECTION('center_axis',(0.,0.,1.));
#4846=DIRECTION('ref_axis',(-1.,0.,0.));
#4847=DIRECTION('center_axis',(0.,0.,-1.));
#4848=DIRECTION('ref_axis',(-1.,0.,0.));
#4849=DIRECTION('center_axis',(0.,0.,-1.));
#4850=DIRECTION('ref_axis',(-1.,0.,0.));
#4851=DIRECTION('center_axis',(0.,0.,-1.));
#4852=DIRECTION('ref_axis',(-1.,0.,0.));
#4853=DIRECTION('',(0.,0.,1.));
#4854=DIRECTION('center_axis',(0.,0.,1.));
#4855=DIRECTION('ref_axis',(-1.,0.,0.));
#4856=DIRECTION('center_axis',(0.,0.,-1.));
#4857=DIRECTION('ref_axis',(-1.,0.,0.));
#4858=DIRECTION('center_axis',(0.,0.,-1.));
#4859=DIRECTION('ref_axis',(-1.,0.,0.));
#4860=DIRECTION('center_axis',(0.,0.,-1.));
#4861=DIRECTION('ref_axis',(-1.,0.,0.));
#4862=DIRECTION('',(0.,0.,1.));
#4863=DIRECTION('center_axis',(0.,0.,1.));
#4864=DIRECTION('ref_axis',(-1.,0.,0.));
#4865=DIRECTION('center_axis',(0.,0.,-1.));
#4866=DIRECTION('ref_axis',(-1.,0.,0.));
#4867=DIRECTION('center_axis',(0.,0.,-1.));
#4868=DIRECTION('ref_axis',(-1.,0.,0.));
#4869=DIRECTION('center_axis',(0.,0.,-1.));
#4870=DIRECTION('ref_axis',(-1.,0.,0.));
#4871=DIRECTION('',(0.,0.,1.));
#4872=DIRECTION('center_axis',(0.,0.,1.));
#4873=DIRECTION('ref_axis',(-1.,0.,0.));
#4874=DIRECTION('center_axis',(0.,0.,-1.));
#4875=DIRECTION('ref_axis',(-1.,0.,0.));
#4876=DIRECTION('center_axis',(0.,0.,-1.));
#4877=DIRECTION('ref_axis',(-1.,0.,0.));
#4878=DIRECTION('center_axis',(0.,0.,-1.));
#4879=DIRECTION('ref_axis',(-1.,0.,0.));
#4880=DIRECTION('',(0.,0.,1.));
#4881=DIRECTION('center_axis',(0.,0.,1.));
#4882=DIRECTION('ref_axis',(-1.,0.,0.));
#4883=DIRECTION('center_axis',(0.,0.,-1.));
#4884=DIRECTION('ref_axis',(-1.,0.,0.));
#4885=DIRECTION('center_axis',(0.,0.,-1.));
#4886=DIRECTION('ref_axis',(-1.,0.,0.));
#4887=DIRECTION('center_axis',(0.,0.,-1.));
#4888=DIRECTION('ref_axis',(-1.,0.,0.));
#4889=DIRECTION('',(0.,0.,1.));
#4890=DIRECTION('center_axis',(0.,0.,1.));
#4891=DIRECTION('ref_axis',(-1.,0.,0.));
#4892=DIRECTION('center_axis',(0.,0.,-1.));
#4893=DIRECTION('ref_axis',(-1.,0.,0.));
#4894=DIRECTION('center_axis',(0.,0.,-1.));
#4895=DIRECTION('ref_axis',(-1.,0.,0.));
#4896=DIRECTION('center_axis',(0.,0.,-1.));
#4897=DIRECTION('ref_axis',(-1.,0.,0.));
#4898=DIRECTION('',(0.,0.,1.));
#4899=DIRECTION('center_axis',(0.,0.,1.));
#4900=DIRECTION('ref_axis',(-1.,0.,0.));
#4901=DIRECTION('center_axis',(0.,0.,-1.));
#4902=DIRECTION('ref_axis',(-1.,0.,0.));
#4903=DIRECTION('center_axis',(0.,0.,-1.));
#4904=DIRECTION('ref_axis',(-1.,0.,0.));
#4905=DIRECTION('center_axis',(0.,0.,-1.));
#4906=DIRECTION('ref_axis',(-1.,0.,0.));
#4907=DIRECTION('',(0.,0.,1.));
#4908=DIRECTION('center_axis',(0.,0.,1.));
#4909=DIRECTION('ref_axis',(-1.,0.,0.));
#4910=DIRECTION('center_axis',(0.,0.,1.));
#4911=DIRECTION('ref_axis',(0.,1.,0.));
#4912=DIRECTION('center_axis',(0.,0.,-1.));
#4913=DIRECTION('ref_axis',(-0.707106781186547,0.707106781186547,0.));
#4914=DIRECTION('',(0.,0.,1.));
#4915=DIRECTION('center_axis',(0.,0.,-1.));
#4916=DIRECTION('ref_axis',(0.,1.,0.));
#4917=DIRECTION('',(0.,0.,1.));
#4918=DIRECTION('center_axis',(0.,1.,0.));
#4919=DIRECTION('ref_axis',(-1.,0.,0.));
#4920=DIRECTION('',(-1.,-2.3579822807392E-16,0.));
#4921=DIRECTION('',(-1.,0.,0.));
#4922=DIRECTION('',(0.,0.,1.));
#4923=DIRECTION('center_axis',(-1.,-3.36351590892355E-16,0.));
#4924=DIRECTION('ref_axis',(3.36351590892355E-16,-1.,0.));
#4925=DIRECTION('',(-3.36351590892355E-16,1.,0.));
#4926=DIRECTION('',(0.,0.,1.));
#4927=DIRECTION('',(8.40878977230888E-17,1.,0.));
#4928=DIRECTION('center_axis',(0.,0.,1.));
#4929=DIRECTION('ref_axis',(1.,0.,0.));
#4930=DIRECTION('center_axis',(0.,0.,1.));
#4931=DIRECTION('ref_axis',(1.,0.,0.));
#4932=DIRECTION('center_axis',(0.,0.,1.));
#4933=DIRECTION('ref_axis',(1.,0.,0.));
#4934=DIRECTION('',(0.,0.,1.));
#4935=DIRECTION('center_axis',(0.,0.,1.));
#4936=DIRECTION('ref_axis',(-1.,0.,0.));
#4937=DIRECTION('center_axis',(0.,0.,-1.));
#4938=DIRECTION('ref_axis',(-0.707106781186547,-0.707106781186547,0.));
#4939=DIRECTION('',(0.,0.,1.));
#4940=DIRECTION('center_axis',(0.,0.,-1.));
#4941=DIRECTION('ref_axis',(-1.,0.,0.));
#4942=DIRECTION('center_axis',(1.,-3.36351590892355E-16,0.));
#4943=DIRECTION('ref_axis',(3.36351590892355E-16,1.,0.));
#4944=DIRECTION('',(0.,1.,0.));
#4945=DIRECTION('',(3.36351590892355E-16,1.,0.));
#4946=DIRECTION('',(0.,0.,1.));
#4947=DIRECTION('center_axis',(0.,0.,1.));
#4948=DIRECTION('ref_axis',(0.,-1.,0.));
#4949=DIRECTION('center_axis',(0.,0.,1.));
#4950=DIRECTION('ref_axis',(0.,-1.,0.));
#4951=DIRECTION('center_axis',(0.,0.,1.));
#4952=DIRECTION('ref_axis',(0.,-1.,0.));
#4953=DIRECTION('',(0.,0.,1.));
#4954=DIRECTION('center_axis',(-1.,-2.3579822807392E-16,0.));
#4955=DIRECTION('ref_axis',(-2.3579822807392E-16,1.,0.));
#4956=DIRECTION('',(-1.,-2.3579822807392E-16,0.));
#4957=DIRECTION('center_axis',(-1.,0.,0.));
#4958=DIRECTION('ref_axis',(0.,1.,0.));
#4959=DIRECTION('center_axis',(-1.,-2.86369510912097E-15,0.));
#4960=DIRECTION('ref_axis',(-2.86369510912097E-15,1.,0.));
#4961=DIRECTION('center_axis',(-2.3579822807392E-16,1.,0.));
#4962=DIRECTION('ref_axis',(0.,0.,-1.));
#4963=DIRECTION('',(-1.,-7.22538314630348E-16,0.));
#4964=DIRECTION('',(0.,0.,-1.));
#4965=DIRECTION('',(0.,0.,-1.));
#4966=DIRECTION('center_axis',(-1.,-2.3579822807392E-16,0.));
#4967=DIRECTION('ref_axis',(0.,0.,-1.));
#4968=DIRECTION('',(1.,2.3579822807392E-16,0.));
#4969=DIRECTION('center_axis',(-1.,0.,0.));
#4970=DIRECTION('ref_axis',(0.,0.,-1.));
#4971=DIRECTION('center_axis',(-1.,-2.86369510912097E-15,0.));
#4972=DIRECTION('ref_axis',(0.,0.,-1.));
#4973=DIRECTION('center_axis',(0.,0.,1.));
#4974=DIRECTION('ref_axis',(1.,0.,0.));
#4975=DIRECTION('center_axis',(0.,0.,1.));
#4976=DIRECTION('ref_axis',(-2.368475785867E-15,1.,0.));
#4977=DIRECTION('center_axis',(-5.0532154980743E-16,-1.,0.));
#4978=DIRECTION('ref_axis',(-1.,5.0532154980743E-16,0.));
#4979=DIRECTION('center_axis',(0.,0.,1.));
#4980=DIRECTION('ref_axis',(-5.9211894646675E-16,1.,0.));
#4981=DIRECTION('center_axis',(0.,0.,1.));
#4982=DIRECTION('ref_axis',(-2.368475785867E-15,1.,0.));
#4983=DIRECTION('',(0.,0.,-1.));
#4984=DIRECTION('center_axis',(0.,0.,1.));
#4985=DIRECTION('ref_axis',(1.,0.,0.));
#4986=DIRECTION('center_axis',(-5.0532154980743E-16,-1.,0.));
#4987=DIRECTION('ref_axis',(0.,0.,-1.));
#4988=DIRECTION('center_axis',(-8.40878977230888E-17,-1.,0.));
#4989=DIRECTION('ref_axis',(-1.,8.40878977230888E-17,0.));
#4990=DIRECTION('',(-8.40878977230888E-17,-1.,0.));
#4991=DIRECTION('center_axis',(-5.0532154980743E-16,-1.,0.));
#4992=DIRECTION('ref_axis',(-1.,5.0532154980743E-16,0.));
#4993=DIRECTION('center_axis',(-1.,8.40878977230888E-17,0.));
#4994=DIRECTION('ref_axis',(0.,0.,-1.));
#4995=DIRECTION('',(-8.40878977230888E-17,-1.,0.));
#4996=DIRECTION('',(0.,0.,-1.));
#4997=DIRECTION('center_axis',(-8.40878977230888E-17,-1.,0.));
#4998=DIRECTION('ref_axis',(0.,0.,-1.));
#4999=DIRECTION('center_axis',(-5.0532154980743E-16,-1.,0.));
#5000=DIRECTION('ref_axis',(0.,0.,-1.));
#5001=DIRECTION('center_axis',(0.,0.,1.));
#5002=DIRECTION('ref_axis',(1.,0.,0.));
#5003=DIRECTION('center_axis',(0.,0.,1.));
#5004=DIRECTION('ref_axis',(-1.,0.,0.));
#5005=DIRECTION('center_axis',(1.,-5.66553889764798E-16,0.));
#5006=DIRECTION('ref_axis',(-5.66553889764798E-16,-1.,0.));
#5007=DIRECTION('center_axis',(0.,0.,1.));
#5008=DIRECTION('ref_axis',(-1.,0.,0.));
#5009=DIRECTION('center_axis',(0.,0.,1.));
#5010=DIRECTION('ref_axis',(-1.,0.,0.));
#5011=DIRECTION('',(0.,0.,-1.));
#5012=DIRECTION('center_axis',(0.,0.,1.));
#5013=DIRECTION('ref_axis',(1.,0.,0.));
#5014=DIRECTION('center_axis',(1.,-5.66553889764798E-16,0.));
#5015=DIRECTION('ref_axis',(0.,0.,-1.));
#5016=DIRECTION('center_axis',(1.,0.,0.));
#5017=DIRECTION('ref_axis',(0.,0.,-1.));
#5018=DIRECTION('center_axis',(1.,0.,0.));
#5019=DIRECTION('ref_axis',(0.,0.,-1.));
#5020=DIRECTION('',(-1.,0.,0.));
#5021=DIRECTION('center_axis',(1.,-5.66553889764798E-16,0.));
#5022=DIRECTION('ref_axis',(0.,0.,-1.));
#5023=DIRECTION('',(1.,0.,0.));
#5024=DIRECTION('center_axis',(0.,0.,1.));
#5025=DIRECTION('ref_axis',(1.,0.,0.));
#5026=DIRECTION('center_axis',(1.,-5.66553889764798E-16,0.));
#5027=DIRECTION('ref_axis',(-5.66553889764798E-16,-1.,0.));
#5028=DIRECTION('center_axis',(0.,0.,1.));
#5029=DIRECTION('ref_axis',(-9.473903143468E-16,-1.,0.));
#5030=DIRECTION('center_axis',(-2.25879363430324E-15,1.,0.));
#5031=DIRECTION('ref_axis',(1.,2.25879363430324E-15,0.));
#5032=DIRECTION('center_axis',(0.,0.,1.));
#5033=DIRECTION('ref_axis',(-1.8947806286936E-15,-1.,0.));
#5034=DIRECTION('',(0.,0.,-1.));
#5035=DIRECTION('center_axis',(0.,0.,1.));
#5036=DIRECTION('ref_axis',(-9.473903143468E-16,-1.,0.));
#5037=DIRECTION('',(0.,0.,-1.));
#5038=DIRECTION('center_axis',(0.,0.,1.));
#5039=DIRECTION('ref_axis',(1.,0.,0.));
#5040=DIRECTION('center_axis',(0.,0.,-1.));
#5041=DIRECTION('ref_axis',(0.,-1.,0.));
#5042=DIRECTION('center_axis',(-2.25879363430324E-15,1.,0.));
#5043=DIRECTION('ref_axis',(0.,0.,-1.));
#5044=DIRECTION('center_axis',(0.,1.,0.));
#5045=DIRECTION('ref_axis',(1.,0.,0.));
#5046=DIRECTION('',(0.,1.,0.));
#5047=DIRECTION('center_axis',(-2.25879363430324E-15,1.,0.));
#5048=DIRECTION('ref_axis',(1.,2.25879363430324E-15,0.));
#5049=DIRECTION('center_axis',(1.,0.,0.));
#5050=DIRECTION('ref_axis',(0.,0.,-1.));
#5051=DIRECTION('',(0.,1.,0.));
#5052=DIRECTION('',(0.,0.,-1.));
#5053=DIRECTION('center_axis',(0.,1.,0.));
#5054=DIRECTION('ref_axis',(0.,0.,-1.));
#5055=DIRECTION('',(0.,-1.,0.));
#5056=DIRECTION('center_axis',(-2.25879363430324E-15,1.,0.));
#5057=DIRECTION('ref_axis',(0.,0.,-1.));
#5058=DIRECTION('center_axis',(0.,0.,1.));
#5059=DIRECTION('ref_axis',(1.,0.,0.));
#5060=DIRECTION('center_axis',(0.,0.,1.));
#5061=DIRECTION('ref_axis',(1.,-1.1842378929335E-15,0.));
#5062=DIRECTION('center_axis',(0.,0.,1.));
#5063=DIRECTION('ref_axis',(1.,0.,0.));
#5064=DIRECTION('center_axis',(0.,0.,1.));
#5065=DIRECTION('ref_axis',(1.,-1.1842378929335E-15,0.));
#5066=DIRECTION('center_axis',(0.,0.,1.));
#5067=DIRECTION('ref_axis',(1.,0.,0.));
#5068=DIRECTION('center_axis',(0.,0.,-1.));
#5069=DIRECTION('ref_axis',(1.,0.,0.));
#5070=DIRECTION('center_axis',(0.,0.,1.));
#5071=DIRECTION('ref_axis',(1.,0.,0.));
#5072=DIRECTION('',(-1.,0.,0.));
#5073=DIRECTION('center_axis',(0.,0.,1.));
#5074=DIRECTION('ref_axis',(0.707106781186548,0.707106781186548,0.));
#5075=DIRECTION('',(3.36351590892355E-16,1.,0.));
#5076=DIRECTION('center_axis',(0.,0.,1.));
#5077=DIRECTION('ref_axis',(0.707106781186547,-0.707106781186547,0.));
#5078=DIRECTION('',(1.,0.,0.));
#5079=DIRECTION('center_axis',(0.,0.,1.));
#5080=DIRECTION('ref_axis',(-0.707106781186547,-0.707106781186547,0.));
#5081=DIRECTION('',(3.36351590892355E-16,-1.,0.));
#5082=DIRECTION('center_axis',(0.,0.,1.));
#5083=DIRECTION('ref_axis',(-0.707106781186547,0.707106781186547,0.));
#5084=DIRECTION('',(0.,1.,0.));
#5085=DIRECTION('',(-1.,0.,0.));
#5086=DIRECTION('',(0.,-1.,0.));
#5087=DIRECTION('',(1.,0.,0.));
#5088=DIRECTION('center_axis',(0.,1.,0.));
#5089=DIRECTION('ref_axis',(-1.,0.,0.));
#5090=DIRECTION('',(1.,0.,0.));
#5091=DIRECTION('',(0.,0.,1.));
#5092=DIRECTION('center_axis',(0.,0.,1.));
#5093=DIRECTION('ref_axis',(1.,0.,0.));
#5094=DIRECTION('center_axis',(0.,0.,-1.));
#5095=DIRECTION('ref_axis',(0.707106781186548,0.707106781186548,0.));
#5096=DIRECTION('',(0.,0.,1.));
#5097=DIRECTION('center_axis',(1.,-3.36351590892355E-16,0.));
#5098=DIRECTION('ref_axis',(3.36351590892355E-16,1.,0.));
#5099=DIRECTION('',(-3.36351590892355E-16,-1.,0.));
#5100=DIRECTION('',(0.,0.,1.));
#5101=DIRECTION('center_axis',(0.,0.,1.));
#5102=DIRECTION('ref_axis',(0.,-1.,0.));
#5103=DIRECTION('center_axis',(0.,0.,-1.));
#5104=DIRECTION('ref_axis',(0.707106781186547,-0.707106781186547,0.));
#5105=DIRECTION('',(0.,0.,1.));
#5106=DIRECTION('center_axis',(0.,0.,1.));
#5107=DIRECTION('ref_axis',(1.,0.,0.));
#5108=DIRECTION('center_axis',(-1.,0.,0.));
#5109=DIRECTION('ref_axis',(0.,1.,0.));
#5110=DIRECTION('center_axis',(0.,-1.,0.));
#5111=DIRECTION('ref_axis',(0.,0.,-1.));
#5112=DIRECTION('center_axis',(3.36351590892355E-16,1.,0.));
#5113=DIRECTION('ref_axis',(0.707106781186547,0.,-0.707106781186547));
#5114=DIRECTION('center_axis',(0.,-1.,0.));
#5115=DIRECTION('ref_axis',(0.,0.,-1.));
#5116=DIRECTION('center_axis',(0.,0.,1.));
#5117=DIRECTION('ref_axis',(1.,0.,0.));
#5118=DIRECTION('center_axis',(-1.,0.,0.));
#5119=DIRECTION('ref_axis',(0.,0.,-1.));
#5120=DIRECTION('center_axis',(1.,0.,0.));
#5121=DIRECTION('ref_axis',(0.,-0.707106781186547,-0.707106781186547));
#5122=DIRECTION('',(-1.,0.,0.));
#5123=DIRECTION('center_axis',(-1.,0.,0.));
#5124=DIRECTION('ref_axis',(0.,0.,-1.));
#5125=DIRECTION('center_axis',(0.,0.,1.));
#5126=DIRECTION('ref_axis',(1.,0.,0.));
#5127=DIRECTION('center_axis',(-1.4210854715202E-14,1.,0.));
#5128=DIRECTION('ref_axis',(0.,0.,-1.));
#5129=DIRECTION('center_axis',(3.36351590892355E-16,-1.,0.));
#5130=DIRECTION('ref_axis',(-0.707106781186547,0.,-0.707106781186547));
#5131=DIRECTION('center_axis',(0.,1.,0.));
#5132=DIRECTION('ref_axis',(0.,0.,-1.));
#5133=DIRECTION('center_axis',(0.,0.,1.));
#5134=DIRECTION('ref_axis',(1.,0.,0.));
#5135=DIRECTION('center_axis',(1.,7.105427357601E-15,0.));
#5136=DIRECTION('ref_axis',(0.,0.,-1.));
#5137=DIRECTION('center_axis',(-1.,0.,0.));
#5138=DIRECTION('ref_axis',(0.,0.707106781186547,-0.707106781186547));
#5139=DIRECTION('center_axis',(0.,0.,1.));
#5140=DIRECTION('ref_axis',(1.,0.,0.));
#5141=DIRECTION('',(4.73625444318452E-16,1.,0.));
#5142=DIRECTION('',(-1.,-3.5527136788005E-16,0.));
#5143=DIRECTION('',(-3.62489137804498E-16,-1.,0.));
#5144=DIRECTION('',(-3.62489137804498E-16,-1.,0.));
#5145=DIRECTION('',(1.,0.,0.));
#5146=DIRECTION('center_axis',(0.,0.,-1.));
#5147=DIRECTION('ref_axis',(3.73969860926368E-16,1.,0.));
#5148=DIRECTION('center_axis',(-1.,4.73625444318452E-16,0.));
#5149=DIRECTION('ref_axis',(4.73625444318452E-16,1.,0.));
#5150=DIRECTION('',(2.87659480257228E-16,1.,0.));
#5151=DIRECTION('',(0.,0.,-1.));
#5152=DIRECTION('',(2.87659480257228E-16,1.,0.));
#5153=DIRECTION('',(0.,0.,-1.));
#5154=DIRECTION('',(0.,0.,-1.));
#5155=DIRECTION('center_axis',(0.,0.,-1.));
#5156=DIRECTION('ref_axis',(3.73969860926368E-16,1.,0.));
#5157=DIRECTION('center_axis',(0.,0.,-1.));
#5158=DIRECTION('ref_axis',(3.73969860926368E-16,1.,0.));
#5159=DIRECTION('',(0.,0.,-1.));
#5160=DIRECTION('center_axis',(0.,1.,0.));
#5161=DIRECTION('ref_axis',(1.,0.,0.));
#5162=DIRECTION('',(1.,0.,0.));
#5163=DIRECTION('',(0.,0.,-1.));
#5164=DIRECTION('center_axis',(3.5527136788005E-16,-1.,0.));
#5165=DIRECTION('ref_axis',(-1.,-3.5527136788005E-16,0.));
#5166=DIRECTION('',(1.,3.5527136788005E-16,0.));
#5167=DIRECTION('',(0.,0.,-1.));
#5168=DIRECTION('',(1.,3.5527136788005E-16,0.));
#5169=DIRECTION('',(0.,0.,-1.));
#5170=DIRECTION('',(1.,3.5527136788005E-16,0.));
#5171=DIRECTION('',(0.,0.,1.));
#5172=DIRECTION('center_axis',(0.,0.,1.));
#5173=DIRECTION('ref_axis',(1.,0.,0.));
#5174=DIRECTION('',(1.,2.85743032476358E-16,0.));
#5175=DIRECTION('',(7.14788063733341E-17,1.,0.));
#5176=DIRECTION('',(7.14788063733341E-17,1.,0.));
#5177=DIRECTION('',(-1.,-6.21724893790087E-16,0.));
#5178=DIRECTION('',(0.,-1.,0.));
#5179=DIRECTION('center_axis',(0.,0.,-1.));
#5180=DIRECTION('ref_axis',(1.,0.,0.));
#5181=DIRECTION('center_axis',(-2.85743032476358E-16,1.,0.));
#5182=DIRECTION('ref_axis',(1.,2.85743032476358E-16,0.));
#5183=DIRECTION('',(1.,2.85743032476358E-16,0.));
#5184=DIRECTION('',(0.,0.,-1.));
#5185=DIRECTION('',(0.,0.,-1.));
#5186=DIRECTION('center_axis',(0.,0.,-1.));
#5187=DIRECTION('ref_axis',(1.,0.,0.));
#5188=DIRECTION('center_axis',(0.,0.,-1.));
#5189=DIRECTION('ref_axis',(1.,0.,0.));
#5190=DIRECTION('',(0.,0.,-1.));
#5191=DIRECTION('center_axis',(1.,0.,0.));
#5192=DIRECTION('ref_axis',(0.,-1.,0.));
#5193=DIRECTION('',(0.,-1.,0.));
#5194=DIRECTION('',(0.,0.,-1.));
#5195=DIRECTION('',(0.,-1.,0.));
#5196=DIRECTION('',(0.,0.,-1.));
#5197=DIRECTION('center_axis',(6.21724893790087E-16,-1.,0.));
#5198=DIRECTION('ref_axis',(-1.,-6.21724893790087E-16,0.));
#5199=DIRECTION('',(1.,6.21724893790087E-16,0.));
#5200=DIRECTION('',(0.,0.,-1.));
#5201=DIRECTION('',(1.,6.21724893790087E-16,0.));
#5202=DIRECTION('',(0.,0.,-1.));
#5203=DIRECTION('',(1.,6.21724893790087E-16,0.));
#5204=DIRECTION('',(0.,0.,1.));
#5205=DIRECTION('center_axis',(-1.,7.14788063733341E-17,0.));
#5206=DIRECTION('ref_axis',(7.14788063733341E-17,1.,0.));
#5207=DIRECTION('',(0.,0.,-1.));
#5208=DIRECTION('',(7.14788063733341E-17,1.,0.));
#5209=DIRECTION('center_axis',(0.,0.,-1.));
#5210=DIRECTION('ref_axis',(-1.,0.,0.));
#5211=DIRECTION('',(6.31394070325715E-17,-1.,0.));
#5212=DIRECTION('',(6.73487008347429E-16,1.,0.));
#5213=DIRECTION('',(-1.,-1.20978476281802E-16,0.));
#5214=DIRECTION('center_axis',(1.,6.31394070325715E-17,0.));
#5215=DIRECTION('ref_axis',(6.31394070325715E-17,-1.,0.));
#5216=DIRECTION('',(-6.31394070325715E-17,1.,0.));
#5217=DIRECTION('',(0.,0.,-1.));
#5218=DIRECTION('center_axis',(1.20978476281802E-16,-1.,0.));
#5219=DIRECTION('ref_axis',(-1.,-1.20978476281802E-16,0.));
#5220=DIRECTION('',(1.,1.20978476281802E-16,0.));
#5221=DIRECTION('',(0.,0.,-1.));
#5222=DIRECTION('center_axis',(0.,0.,-1.));
#5223=DIRECTION('ref_axis',(-1.,0.,0.));
#5224=DIRECTION('',(6.73487008347429E-16,-1.,0.));
#5225=DIRECTION('',(6.31394070325715E-17,1.,0.));
#5226=DIRECTION('',(-1.,1.20978476281802E-16,0.));
#5227=DIRECTION('center_axis',(1.,6.73487008347429E-16,0.));
#5228=DIRECTION('ref_axis',(6.73487008347429E-16,-1.,0.));
#5229=DIRECTION('',(-6.73487008347429E-16,1.,0.));
#5230=DIRECTION('',(0.,0.,-1.));
#5231=DIRECTION('center_axis',(-1.20978476281802E-16,-1.,0.));
#5232=DIRECTION('ref_axis',(-1.,1.20978476281802E-16,0.));
#5233=DIRECTION('',(1.,-1.20978476281802E-16,0.));
#5234=DIRECTION('',(0.,0.,-1.));
#5235=DIRECTION('center_axis',(-1.,6.31394070325715E-17,0.));
#5236=DIRECTION('ref_axis',(6.31394070325715E-17,1.,0.));
#5237=DIRECTION('',(-6.31394070325715E-17,-1.,0.));
#5238=DIRECTION('center_axis',(0.,0.,1.));
#5239=DIRECTION('ref_axis',(1.,0.,0.));
#5240=DIRECTION('',(1.,0.,0.));
#5241=DIRECTION('',(1.,0.,0.));
#5242=DIRECTION('',(-1.,0.,0.));
#5243=DIRECTION('',(0.,-1.,0.));
#5244=DIRECTION('center_axis',(-1.,6.73487008347429E-16,0.));
#5245=DIRECTION('ref_axis',(6.73487008347429E-16,1.,0.));
#5246=DIRECTION('',(-6.73487008347429E-16,-1.,0.));
#5247=DIRECTION('center_axis',(0.,0.,-1.));
#5248=DIRECTION('ref_axis',(-1.,0.,0.));
#5249=DIRECTION('',(7.14788063733341E-17,1.,0.));
#5250=DIRECTION('',(-1.,0.,0.));
#5251=DIRECTION('center_axis',(0.,-1.,0.));
#5252=DIRECTION('ref_axis',(-1.,0.,0.));
#5253=DIRECTION('',(0.,0.,-1.));
#5254=DIRECTION('',(-1.,0.,0.));
#5255=DIRECTION('',(0.,0.,-1.));
#5256=DIRECTION('',(-1.,0.,0.));
#5257=DIRECTION('center_axis',(0.,0.,-1.));
#5258=DIRECTION('ref_axis',(-1.,0.,0.));
#5259=DIRECTION('',(0.,-1.,0.));
#5260=DIRECTION('center_axis',(0.,0.,1.));
#5261=DIRECTION('ref_axis',(1.,0.,0.));
#5262=DIRECTION('',(-1.,0.,0.));
#5263=DIRECTION('',(0.,1.,0.));
#5264=DIRECTION('',(1.,0.,0.));
#5265=DIRECTION('',(0.,-1.,0.));
#5266=DIRECTION('center_axis',(0.,0.,1.));
#5267=DIRECTION('ref_axis',(1.,0.,0.));
#5268=DIRECTION('center_axis',(0.,0.,1.));
#5269=DIRECTION('ref_axis',(1.,0.,0.));
#5270=DIRECTION('center_axis',(0.,0.,1.));
#5271=DIRECTION('ref_axis',(1.,0.,0.));
#5272=DIRECTION('center_axis',(0.,0.,1.));
#5273=DIRECTION('ref_axis',(1.,0.,0.));
#5274=DIRECTION('center_axis',(0.,0.,1.));
#5275=DIRECTION('ref_axis',(1.,0.,0.));
#5276=DIRECTION('center_axis',(0.,1.,0.));
#5277=DIRECTION('ref_axis',(-1.,0.,0.));
#5278=DIRECTION('',(0.,0.,1.));
#5279=DIRECTION('',(0.,0.,1.));
#5280=DIRECTION('center_axis',(-1.,0.,0.));
#5281=DIRECTION('ref_axis',(0.,-1.,0.));
#5282=DIRECTION('',(0.,0.,1.));
#5283=DIRECTION('center_axis',(0.,-1.,0.));
#5284=DIRECTION('ref_axis',(1.,0.,0.));
#5285=DIRECTION('',(0.,0.,1.));
#5286=DIRECTION('center_axis',(1.,0.,0.));
#5287=DIRECTION('ref_axis',(0.,1.,0.));
#5288=DIRECTION('center_axis',(1.,-3.62489137804498E-16,0.));
#5289=DIRECTION('ref_axis',(-3.62489137804498E-16,-1.,0.));
#5290=DIRECTION('',(0.,0.,1.));
#5291=DIRECTION('center_axis',(0.,0.,-1.));
#5292=DIRECTION('ref_axis',(-1.,0.,0.));
#5293=DIRECTION('',(0.,-1.,0.));
#5294=DIRECTION('',(1.,0.,0.));
#5295=DIRECTION('',(0.,1.,0.));
#5296=DIRECTION('center_axis',(0.,0.,-1.));
#5297=DIRECTION('ref_axis',(1.,0.,0.));
#5298=DIRECTION('center_axis',(0.,0.,-1.));
#5299=DIRECTION('ref_axis',(1.,0.,0.));
#5300=DIRECTION('center_axis',(0.,0.,-1.));
#5301=DIRECTION('ref_axis',(1.,0.,0.));
#5302=DIRECTION('center_axis',(0.,0.,-1.));
#5303=DIRECTION('ref_axis',(1.,0.,0.));
#5304=DIRECTION('center_axis',(0.,0.,-1.));
#5305=DIRECTION('ref_axis',(1.,0.,0.));
#5306=DIRECTION('center_axis',(-1.,0.,0.));
#5307=DIRECTION('ref_axis',(0.,1.,0.));
#5308=DIRECTION('',(0.,0.,-1.));
#5309=DIRECTION('center_axis',(0.,1.,0.));
#5310=DIRECTION('ref_axis',(1.,0.,0.));
#5311=DIRECTION('',(0.,0.,-1.));
#5312=DIRECTION('center_axis',(1.,0.,0.));
#5313=DIRECTION('ref_axis',(0.,-1.,0.));
#5314=DIRECTION('center_axis',(0.,0.,1.));
#5315=DIRECTION('ref_axis',(1.,0.,0.));
#5316=DIRECTION('',(0.,0.,-1.));
#5317=DIRECTION('center_axis',(0.,0.,1.));
#5318=DIRECTION('ref_axis',(1.,0.,0.));
#5319=DIRECTION('',(0.,0.,-1.));
#5320=DIRECTION('center_axis',(0.,0.,1.));
#5321=DIRECTION('ref_axis',(1.,0.,0.));
#5322=DIRECTION('',(0.,0.,-1.));
#5323=DIRECTION('center_axis',(0.,0.,1.));
#5324=DIRECTION('ref_axis',(1.,0.,0.));
#5325=DIRECTION('',(0.,0.,-1.));
#5326=DIRECTION('center_axis',(0.,0.,1.));
#5327=DIRECTION('ref_axis',(1.,0.,0.));
#5328=DIRECTION('',(0.,0.,-1.));
#5329=DIRECTION('center_axis',(1.,0.,0.));
#5330=DIRECTION('ref_axis',(0.,0.,-1.));
#5331=DIRECTION('center_axis',(-1.,0.,0.));
#5332=DIRECTION('ref_axis',(0.,0.,-1.));
#5333=DIRECTION('',(1.,0.,0.));
#5334=DIRECTION('',(-1.,0.,0.));
#5335=DIRECTION('center_axis',(0.,-1.,0.));
#5336=DIRECTION('ref_axis',(0.,0.,-1.));
#5337=DIRECTION('',(0.,0.,-1.));
#5338=DIRECTION('',(1.,0.,0.));
#5339=DIRECTION('center_axis',(0.,-1.,0.));
#5340=DIRECTION('ref_axis',(0.,0.,-1.));
#5341=DIRECTION('',(0.,0.,1.));
#5342=DIRECTION('',(1.,0.,0.));
#5343=DIRECTION('center_axis',(0.,-1.,0.));
#5344=DIRECTION('ref_axis',(1.,0.,0.));
#5345=DIRECTION('',(0.,0.,-1.));
#5346=DIRECTION('',(1.,0.,0.));
#5347=DIRECTION('',(0.,0.,1.));
#5348=DIRECTION('center_axis',(1.,0.,0.));
#5349=DIRECTION('ref_axis',(0.,-1.,0.));
#5350=DIRECTION('center_axis',(1.,0.,0.));
#5351=DIRECTION('ref_axis',(0.,-1.,0.));
#5352=DIRECTION('',(1.,0.,0.));
#5353=DIRECTION('center_axis',(1.,0.,0.));
#5354=DIRECTION('ref_axis',(0.,-1.,0.));
#5355=DIRECTION('center_axis',(-1.,0.,0.));
#5356=DIRECTION('ref_axis',(0.,-1.,0.));
#5357=DIRECTION('',(1.,0.,0.));
#5358=DIRECTION('center_axis',(0.,-1.,0.));
#5359=DIRECTION('ref_axis',(1.,0.,0.));
#5360=DIRECTION('',(0.,0.,1.));
#5361=DIRECTION('',(-1.,0.,0.));
#5362=DIRECTION('',(0.,0.,-1.));
#5363=DIRECTION('center_axis',(-1.,-2.3579822807392E-16,0.));
#5364=DIRECTION('ref_axis',(0.,0.,-1.));
#5365=DIRECTION('',(-1.,-7.22538314630348E-16,0.));
#5366=DIRECTION('center_axis',(-1.,0.,0.));
#5367=DIRECTION('ref_axis',(0.,0.,-1.));
#5368=DIRECTION('',(-1.,-2.3579822807392E-16,0.));
#5369=DIRECTION('',(-1.,-2.3579822807392E-16,0.));
#5370=DIRECTION('',(-1.,-2.3579822807392E-16,0.));
#5371=DIRECTION('center_axis',(-1.,-2.86369510912097E-15,0.));
#5372=DIRECTION('ref_axis',(0.,0.,-1.));
#5373=DIRECTION('center_axis',(0.,0.,-1.));
#5374=DIRECTION('ref_axis',(1.,0.,0.));
#5375=DIRECTION('center_axis',(0.,0.,1.));
#5376=DIRECTION('ref_axis',(1.,0.,0.));
#5377=DIRECTION('',(0.,0.,-1.));
#5378=DIRECTION('center_axis',(0.,0.,1.));
#5379=DIRECTION('ref_axis',(1.,0.,0.));
#5380=DIRECTION('',(0.,0.,-1.));
#5381=DIRECTION('center_axis',(-1.,-2.3579822807392E-16,0.));
#5382=DIRECTION('ref_axis',(-2.3579822807392E-16,1.,0.));
#5383=DIRECTION('',(-1.,0.,0.));
#5384=DIRECTION('center_axis',(-1.,0.,0.));
#5385=DIRECTION('ref_axis',(0.,1.,0.));
#5386=DIRECTION('',(-1.,-2.3579822807392E-16,0.));
#5387=DIRECTION('center_axis',(-1.,-2.86369510912097E-15,0.));
#5388=DIRECTION('ref_axis',(-2.86369510912097E-15,1.,0.));
#5389=DIRECTION('',(-1.,-2.85743032476358E-16,0.));
#5390=DIRECTION('',(-1.,0.,0.));
#5391=DIRECTION('center_axis',(-1.,7.14788063733341E-17,0.));
#5392=DIRECTION('ref_axis',(7.14788063733341E-17,1.,0.));
#5393=DIRECTION('',(0.,0.,1.));
#5394=DIRECTION('',(-7.14788063733341E-17,-1.,0.));
#5395=DIRECTION('',(0.,0.,-1.));
#5396=DIRECTION('',(0.,0.,1.));
#5397=DIRECTION('',(7.14788063733341E-17,1.,0.));
#5398=DIRECTION('center_axis',(-2.3579822807392E-16,1.,0.));
#5399=DIRECTION('ref_axis',(0.,0.,-1.));
#5400=DIRECTION('',(0.,0.,-1.));
#5401=DIRECTION('',(0.,0.,-1.));
#5402=DIRECTION('center_axis',(0.,0.,1.));
#5403=DIRECTION('ref_axis',(1.,0.,0.));
#5404=DIRECTION('center_axis',(-2.25879363430324E-15,1.,0.));
#5405=DIRECTION('ref_axis',(0.,0.,-1.));
#5406=DIRECTION('center_axis',(0.,0.,1.));
#5407=DIRECTION('ref_axis',(1.,-1.1842378929335E-15,0.));
#5408=DIRECTION('center_axis',(0.,1.,0.));
#5409=DIRECTION('ref_axis',(-1.,0.,0.));
#5410=DIRECTION('',(1.,0.,0.));
#5411=DIRECTION('',(0.,0.,1.));
#5412=DIRECTION('',(1.,0.,0.));
#5413=DIRECTION('',(0.,0.,1.));
#5414=DIRECTION('',(1.,2.85743032476358E-16,0.));
#5415=DIRECTION('',(0.,0.,-1.));
#5416=DIRECTION('center_axis',(0.,1.,0.));
#5417=DIRECTION('ref_axis',(1.,0.,0.));
#5418=DIRECTION('',(0.,0.,-1.));
#5419=DIRECTION('',(0.,0.,1.));
#5420=DIRECTION('center_axis',(0.,0.,1.));
#5421=DIRECTION('ref_axis',(1.,0.,0.));
#5422=DIRECTION('center_axis',(-5.0532154980743E-16,-1.,0.));
#5423=DIRECTION('ref_axis',(0.,0.,-1.));
#5424=DIRECTION('center_axis',(0.,0.,-1.));
#5425=DIRECTION('ref_axis',(0.,1.,0.));
#5426=DIRECTION('center_axis',(0.,0.,1.));
#5427=DIRECTION('ref_axis',(-2.368475785867E-15,1.,0.));
#5428=DIRECTION('center_axis',(1.,0.,0.));
#5429=DIRECTION('ref_axis',(0.,-1.,0.));
#5430=DIRECTION('',(0.,1.,0.));
#5431=DIRECTION('',(0.,1.,0.));
#5432=DIRECTION('',(0.,0.,1.));
#5433=DIRECTION('',(0.,-1.,0.));
#5434=DIRECTION('',(0.,0.,1.));
#5435=DIRECTION('center_axis',(0.,0.,1.));
#5436=DIRECTION('ref_axis',(1.,0.,0.));
#5437=DIRECTION('center_axis',(0.,0.,1.));
#5438=DIRECTION('ref_axis',(1.,-1.1842378929335E-15,0.));
#5439=DIRECTION('center_axis',(-2.25879363430324E-15,1.,0.));
#5440=DIRECTION('ref_axis',(1.,2.25879363430324E-15,0.));
#5441=DIRECTION('center_axis',(0.,0.,1.));
#5442=DIRECTION('ref_axis',(1.,0.,0.));
#5443=DIRECTION('',(1.,0.,0.));
#5444=DIRECTION('',(-3.62489137804498E-16,-1.,0.));
#5445=DIRECTION('center_axis',(0.,0.,1.));
#5446=DIRECTION('ref_axis',(1.,0.,0.));
#5447=DIRECTION('center_axis',(0.,0.,1.));
#5448=DIRECTION('ref_axis',(3.73969860926368E-16,1.,0.));
#5449=DIRECTION('center_axis',(-5.0532154980743E-16,-1.,0.));
#5450=DIRECTION('ref_axis',(-1.,5.0532154980743E-16,0.));
#5451=DIRECTION('center_axis',(0.,0.,1.));
#5452=DIRECTION('ref_axis',(-2.368475785867E-15,1.,0.));
#5453=DIRECTION('center_axis',(0.,1.,0.));
#5454=DIRECTION('ref_axis',(1.,0.,0.));
#5455=DIRECTION('',(-1.,0.,0.));
#5456=DIRECTION('',(0.,0.,1.));
#5457=DIRECTION('',(-1.,0.,0.));
#5458=DIRECTION('',(0.,0.,1.));
#5459=DIRECTION('',(-1.,0.,0.));
#5460=DIRECTION('',(0.,0.,-1.));
#5461=DIRECTION('center_axis',(0.,0.,1.));
#5462=DIRECTION('ref_axis',(1.,0.,0.));
#5463=DIRECTION('center_axis',(0.,0.,-1.));
#5464=DIRECTION('ref_axis',(1.,0.,0.));
#5465=DIRECTION('',(0.,-1.,0.));
#5466=DIRECTION('',(-1.,-6.21724893790087E-16,0.));
#5467=DIRECTION('',(0.,-1.,0.));
#5468=DIRECTION('center_axis',(0.,0.,1.));
#5469=DIRECTION('ref_axis',(-5.9211894646675E-16,1.,0.));
#5470=DIRECTION('',(0.,0.,-1.));
#5471=DIRECTION('center_axis',(0.,0.,1.));
#5472=DIRECTION('ref_axis',(1.,0.,0.));
#5473=DIRECTION('',(0.,0.,-1.));
#5474=DIRECTION('center_axis',(0.,1.,0.));
#5475=DIRECTION('ref_axis',(0.,0.,-1.));
#5476=DIRECTION('center_axis',(-2.25879363430324E-15,1.,0.));
#5477=DIRECTION('ref_axis',(0.,0.,-1.));
#5478=DIRECTION('',(0.,1.,0.));
#5479=DIRECTION('',(0.,1.,0.));
#5480=DIRECTION('center_axis',(0.,0.,1.));
#5481=DIRECTION('ref_axis',(1.,0.,0.));
#5482=DIRECTION('',(4.73625444318452E-16,1.,0.));
#5483=DIRECTION('center_axis',(0.,0.,-1.));
#5484=DIRECTION('ref_axis',(3.73969860926368E-16,1.,0.));
#5485=DIRECTION('',(-3.62489137804498E-16,-1.,0.));
#5486=DIRECTION('',(0.,1.,0.));
#5487=DIRECTION('',(-1.,-3.5527136788005E-16,0.));
#5488=DIRECTION('center_axis',(1.,-3.62489137804498E-16,0.));
#5489=DIRECTION('ref_axis',(-3.62489137804498E-16,-1.,0.));
#5490=DIRECTION('center_axis',(0.,0.,1.));
#5491=DIRECTION('ref_axis',(1.,0.,0.));
#5492=DIRECTION('center_axis',(0.,0.,-1.));
#5493=DIRECTION('ref_axis',(0.707106781186548,0.707106781186548,0.));
#5494=DIRECTION('',(0.,0.,1.));
#5495=DIRECTION('center_axis',(-1.,0.,0.));
#5496=DIRECTION('ref_axis',(0.,0.707106781186547,-0.707106781186547));
#5497=DIRECTION('center_axis',(-1.,0.,0.));
#5498=DIRECTION('ref_axis',(0.,1.,0.));
#5499=DIRECTION('center_axis',(1.,7.105427357601E-15,0.));
#5500=DIRECTION('ref_axis',(0.,0.,-1.));
#5501=DIRECTION('',(-1.,0.,0.));
#5502=DIRECTION('center_axis',(0.,0.,1.));
#5503=DIRECTION('ref_axis',(0.,1.,0.));
#5504=DIRECTION('',(0.,0.,1.));
#5505=DIRECTION('center_axis',(0.,0.,-1.));
#5506=DIRECTION('ref_axis',(-0.707106781186548,0.707106781186548,0.));
#5507=DIRECTION('center_axis',(0.,0.,-1.));
#5508=DIRECTION('ref_axis',(3.73969860926368E-16,1.,0.));
#5509=DIRECTION('',(0.,0.,-1.));
#5510=DIRECTION('center_axis',(-8.40878977230888E-17,-1.,0.));
#5511=DIRECTION('ref_axis',(0.,0.,-1.));
#5512=DIRECTION('',(8.40878977230888E-17,1.,0.));
#5513=DIRECTION('',(8.40878977230888E-17,1.,0.));
#5514=DIRECTION('',(-8.40878977230888E-17,-1.,0.));
#5515=DIRECTION('center_axis',(-5.0532154980743E-16,-1.,0.));
#5516=DIRECTION('ref_axis',(0.,0.,-1.));
#5517=DIRECTION('center_axis',(6.21724893790087E-16,-1.,0.));
#5518=DIRECTION('ref_axis',(-1.,-6.21724893790087E-16,0.));
#5519=DIRECTION('',(-1.,-6.21724893790087E-16,0.));
#5520=DIRECTION('',(0.,0.,-1.));
#5521=DIRECTION('',(-1.,-6.21724893790087E-16,0.));
#5522=DIRECTION('',(0.,0.,1.));
#5523=DIRECTION('',(-1.,-6.21724893790087E-16,0.));
#5524=DIRECTION('',(0.,0.,-1.));
#5525=DIRECTION('',(0.,0.,-1.));
#5526=DIRECTION('center_axis',(0.,0.,-1.));
#5527=DIRECTION('ref_axis',(-1.,0.,0.));
#5528=DIRECTION('',(1.,0.,0.));
#5529=DIRECTION('',(0.,1.,0.));
#5530=DIRECTION('',(6.31394070325715E-17,1.,0.));
#5531=DIRECTION('',(-1.,1.20978476281802E-16,0.));
#5532=DIRECTION('',(6.73487008347429E-16,-1.,0.));
#5533=DIRECTION('center_axis',(0.,-1.,0.));
#5534=DIRECTION('ref_axis',(-1.,0.,0.));
#5535=DIRECTION('',(-1.,0.,0.));
#5536=DIRECTION('',(0.,0.,-1.));
#5537=DIRECTION('',(-1.,0.,0.));
#5538=DIRECTION('',(0.,0.,1.));
#5539=DIRECTION('',(-1.,0.,0.));
#5540=DIRECTION('',(0.,0.,-1.));
#5541=DIRECTION('center_axis',(0.,1.,0.));
#5542=DIRECTION('ref_axis',(1.,0.,0.));
#5543=DIRECTION('center_axis',(-2.25879363430324E-15,1.,0.));
#5544=DIRECTION('ref_axis',(1.,2.25879363430324E-15,0.));
#5545=DIRECTION('',(3.36351590892355E-16,1.,0.));
#5546=DIRECTION('',(0.,1.,0.));
#5547=DIRECTION('center_axis',(-8.40878977230888E-17,-1.,0.));
#5548=DIRECTION('ref_axis',(-1.,8.40878977230888E-17,0.));
#5549=DIRECTION('',(-8.40878977230888E-17,-1.,0.));
#5550=DIRECTION('',(3.36351590892355E-16,-1.,0.));
#5551=DIRECTION('center_axis',(-5.0532154980743E-16,-1.,0.));
#5552=DIRECTION('ref_axis',(-1.,5.0532154980743E-16,0.));
#5553=DIRECTION('',(-8.40878977230888E-17,-1.,0.));
#5554=DIRECTION('center_axis',(-1.,0.,0.));
#5555=DIRECTION('ref_axis',(0.,1.,0.));
#5556=DIRECTION('',(0.,0.,1.));
#5557=DIRECTION('',(0.,-1.,0.));
#5558=DIRECTION('',(0.,-1.,0.));
#5559=DIRECTION('center_axis',(0.,0.,-1.));
#5560=DIRECTION('ref_axis',(-1.,0.,0.));
#5561=DIRECTION('',(0.,1.,0.));
#5562=DIRECTION('',(1.,0.,0.));
#5563=DIRECTION('',(0.,1.,0.));
#5564=DIRECTION('',(-1.,0.,0.));
#5565=DIRECTION('',(0.,-1.,0.));
#5566=DIRECTION('center_axis',(1.,0.,0.));
#5567=DIRECTION('ref_axis',(0.,-1.,0.));
#5568=DIRECTION('center_axis',(1.,-3.36351590892355E-16,0.));
#5569=DIRECTION('ref_axis',(3.36351590892355E-16,1.,0.));
#5570=DIRECTION('',(-3.36351590892355E-16,-1.,0.));
#5571=DIRECTION('',(0.,0.,1.));
#5572=DIRECTION('center_axis',(-1.,8.40878977230888E-17,0.));
#5573=DIRECTION('ref_axis',(0.,0.,-1.));
#5574=DIRECTION('',(0.,0.,-1.));
#5575=DIRECTION('center_axis',(1.,0.,0.));
#5576=DIRECTION('ref_axis',(0.,0.,-1.));
#5577=DIRECTION('',(0.,0.,-1.));
#5578=DIRECTION('center_axis',(0.,0.,1.));
#5579=DIRECTION('ref_axis',(1.,0.,0.));
#5580=DIRECTION('center_axis',(1.,-5.66553889764798E-16,0.));
#5581=DIRECTION('ref_axis',(0.,0.,-1.));
#5582=DIRECTION('center_axis',(0.,0.,1.));
#5583=DIRECTION('ref_axis',(-9.473903143468E-16,-1.,0.));
#5584=DIRECTION('center_axis',(0.,0.,1.));
#5585=DIRECTION('ref_axis',(0.,-1.,0.));
#5586=DIRECTION('center_axis',(-1.,-3.36351590892355E-16,0.));
#5587=DIRECTION('ref_axis',(3.36351590892355E-16,-1.,0.));
#5588=DIRECTION('',(0.,0.,1.));
#5589=DIRECTION('',(0.,0.,1.));
#5590=DIRECTION('',(-3.36351590892355E-16,1.,0.));
#5591=DIRECTION('center_axis',(3.5527136788005E-16,-1.,0.));
#5592=DIRECTION('ref_axis',(-1.,-3.5527136788005E-16,0.));
#5593=DIRECTION('',(-1.,-3.5527136788005E-16,0.));
#5594=DIRECTION('',(0.,0.,-1.));
#5595=DIRECTION('',(-1.,-3.5527136788005E-16,0.));
#5596=DIRECTION('',(0.,0.,1.));
#5597=DIRECTION('',(-1.,-3.5527136788005E-16,0.));
#5598=DIRECTION('',(0.,0.,-1.));
#5599=DIRECTION('center_axis',(0.,0.,1.));
#5600=DIRECTION('ref_axis',(1.,0.,0.));
#5601=DIRECTION('center_axis',(0.,0.,1.));
#5602=DIRECTION('ref_axis',(0.707106781186548,0.707106781186548,0.));
#5603=DIRECTION('center_axis',(0.,-1.,0.));
#5604=DIRECTION('ref_axis',(0.,0.,-1.));
#5605=DIRECTION('center_axis',(0.,0.,1.));
#5606=DIRECTION('ref_axis',(1.,0.,0.));
#5607=DIRECTION('center_axis',(0.,0.,1.));
#5608=DIRECTION('ref_axis',(-0.707106781186547,0.707106781186547,0.));
#5609=DIRECTION('',(3.36351590892355E-16,-1.,0.));
#5610=DIRECTION('center_axis',(0.,0.,1.));
#5611=DIRECTION('ref_axis',(-0.707106781186547,-0.707106781186547,0.));
#5612=DIRECTION('',(1.,0.,0.));
#5613=DIRECTION('center_axis',(0.,0.,1.));
#5614=DIRECTION('ref_axis',(0.707106781186547,-0.707106781186547,0.));
#5615=DIRECTION('',(3.36351590892355E-16,1.,0.));
#5616=DIRECTION('',(0.,-1.,0.));
#5617=DIRECTION('',(-1.,0.,0.));
#5618=DIRECTION('',(0.,1.,0.));
#5619=DIRECTION('',(1.,0.,0.));
#5620=DIRECTION('center_axis',(0.,0.,1.));
#5621=DIRECTION('ref_axis',(-1.,0.,0.));
#5622=DIRECTION('center_axis',(0.,0.,1.));
#5623=DIRECTION('ref_axis',(-1.,0.,0.));
#5624=DIRECTION('center_axis',(0.,0.,1.));
#5625=DIRECTION('ref_axis',(-1.,0.,0.));
#5626=DIRECTION('center_axis',(0.,0.,1.));
#5627=DIRECTION('ref_axis',(-1.,0.,0.));
#5628=DIRECTION('center_axis',(0.,0.,1.));
#5629=DIRECTION('ref_axis',(-1.,0.,0.));
#5630=DIRECTION('center_axis',(0.,0.,1.));
#5631=DIRECTION('ref_axis',(-1.,0.,0.));
#5632=DIRECTION('center_axis',(0.,0.,1.));
#5633=DIRECTION('ref_axis',(-1.,0.,0.));
#5634=DIRECTION('center_axis',(0.,0.,1.));
#5635=DIRECTION('ref_axis',(-1.,0.,0.));
#5636=DIRECTION('center_axis',(0.,0.,1.));
#5637=DIRECTION('ref_axis',(-1.,0.,0.));
#5638=DIRECTION('center_axis',(0.,0.,1.));
#5639=DIRECTION('ref_axis',(-1.,0.,0.));
#5640=DIRECTION('center_axis',(0.,0.,1.));
#5641=DIRECTION('ref_axis',(-1.,0.,0.));
#5642=DIRECTION('center_axis',(0.,0.,1.));
#5643=DIRECTION('ref_axis',(-1.,0.,0.));
#5644=DIRECTION('center_axis',(0.,0.,1.));
#5645=DIRECTION('ref_axis',(-1.,0.,0.));
#5646=DIRECTION('center_axis',(0.,0.,1.));
#5647=DIRECTION('ref_axis',(-1.,0.,0.));
#5648=DIRECTION('center_axis',(0.,0.,1.));
#5649=DIRECTION('ref_axis',(-1.,0.,0.));
#5650=DIRECTION('center_axis',(0.,0.,1.));
#5651=DIRECTION('ref_axis',(-1.,0.,0.));
#5652=DIRECTION('center_axis',(0.,0.,1.));
#5653=DIRECTION('ref_axis',(-1.,0.,0.));
#5654=DIRECTION('center_axis',(0.,0.,1.));
#5655=DIRECTION('ref_axis',(-1.,0.,0.));
#5656=DIRECTION('center_axis',(0.,0.,1.));
#5657=DIRECTION('ref_axis',(1.,0.,0.));
#5658=DIRECTION('center_axis',(0.,1.,0.));
#5659=DIRECTION('ref_axis',(0.,0.,-1.));
#5660=DIRECTION('center_axis',(-1.,4.73625444318452E-16,0.));
#5661=DIRECTION('ref_axis',(4.73625444318452E-16,1.,0.));
#5662=DIRECTION('',(4.73625444318452E-16,1.,0.));
#5663=DIRECTION('center_axis',(0.,0.,1.));
#5664=DIRECTION('ref_axis',(1.,0.,0.));
#5665=DIRECTION('center_axis',(0.,0.,-1.));
#5666=DIRECTION('ref_axis',(-1.,0.,0.));
#5667=DIRECTION('center_axis',(0.,0.,1.));
#5668=DIRECTION('ref_axis',(-1.,0.,0.));
#5669=DIRECTION('center_axis',(1.,-5.66553889764798E-16,0.));
#5670=DIRECTION('ref_axis',(0.,0.,-1.));
#5671=DIRECTION('center_axis',(-1.,6.31394070325715E-17,0.));
#5672=DIRECTION('ref_axis',(6.31394070325715E-17,1.,0.));
#5673=DIRECTION('',(-6.31394070325715E-17,-1.,0.));
#5674=DIRECTION('',(0.,0.,1.));
#5675=DIRECTION('center_axis',(0.,0.,-1.));
#5676=DIRECTION('ref_axis',(-1.,0.,0.));
#5677=DIRECTION('',(-6.73487008347429E-16,1.,0.));
#5678=DIRECTION('',(1.,-1.20978476281802E-16,0.));
#5679=DIRECTION('center_axis',(1.,6.73487008347429E-16,0.));
#5680=DIRECTION('ref_axis',(6.73487008347429E-16,-1.,0.));
#5681=DIRECTION('',(0.,0.,1.));
#5682=DIRECTION('center_axis',(-1.20978476281802E-16,-1.,0.));
#5683=DIRECTION('ref_axis',(-1.,1.20978476281802E-16,0.));
#5684=DIRECTION('center_axis',(0.,0.,1.));
#5685=DIRECTION('ref_axis',(1.,0.,0.));
#5686=DIRECTION('center_axis',(0.,0.,1.));
#5687=DIRECTION('ref_axis',(0.,-1.,0.));
#5688=DIRECTION('',(1.,0.,0.));
#5689=DIRECTION('center_axis',(0.,0.,1.));
#5690=DIRECTION('ref_axis',(-1.,0.,0.));
#5691=DIRECTION('center_axis',(0.,0.,-1.));
#5692=DIRECTION('ref_axis',(-1.,0.,0.));
#5693=DIRECTION('',(6.73487008347429E-16,1.,0.));
#5694=DIRECTION('',(-1.,-1.20978476281802E-16,0.));
#5695=DIRECTION('',(6.31394070325715E-17,-1.,0.));
#5696=DIRECTION('center_axis',(0.,0.,1.));
#5697=DIRECTION('ref_axis',(1.,0.,0.));
#5698=DIRECTION('center_axis',(0.,0.,1.));
#5699=DIRECTION('ref_axis',(-9.473903143468E-16,-1.,0.));
#5700=DIRECTION('center_axis',(1.,-5.66553889764798E-16,0.));
#5701=DIRECTION('ref_axis',(-5.66553889764798E-16,-1.,0.));
#5702=DIRECTION('center_axis',(0.,0.,1.));
#5703=DIRECTION('ref_axis',(1.,0.,0.));
#5704=DIRECTION('center_axis',(1.,-5.66553889764798E-16,0.));
#5705=DIRECTION('ref_axis',(-5.66553889764798E-16,-1.,0.));
#5706=DIRECTION('center_axis',(0.,0.,1.));
#5707=DIRECTION('ref_axis',(-1.,0.,0.));
#5708=DIRECTION('center_axis',(0.,1.,0.));
#5709=DIRECTION('ref_axis',(-1.,0.,0.));
#5710=DIRECTION('',(0.,0.,-1.));
#5711=DIRECTION('',(0.,0.,1.));
#5712=DIRECTION('center_axis',(1.,0.,0.));
#5713=DIRECTION('ref_axis',(0.,1.,0.));
#5714=DIRECTION('',(0.,0.,-1.));
#5715=DIRECTION('center_axis',(0.,-1.,0.));
#5716=DIRECTION('ref_axis',(1.,0.,0.));
#5717=DIRECTION('',(0.,0.,-1.));
#5718=DIRECTION('center_axis',(-1.,0.,0.));
#5719=DIRECTION('ref_axis',(0.,-1.,0.));
#5720=DIRECTION('center_axis',(0.,0.,1.));
#5721=DIRECTION('ref_axis',(0.,-1.,0.));
#5722=DIRECTION('center_axis',(0.,0.,-1.));
#5723=DIRECTION('ref_axis',(0.707106781186547,-0.707106781186547,0.));
#5724=DIRECTION('',(0.,0.,1.));
#5725=DIRECTION('center_axis',(3.36351590892355E-16,1.,0.));
#5726=DIRECTION('ref_axis',(0.707106781186547,0.,-0.707106781186547));
#5727=DIRECTION('center_axis',(0.,-1.,0.));
#5728=DIRECTION('ref_axis',(0.,0.,-1.));
#5729=DIRECTION('center_axis',(0.,0.,1.));
#5730=DIRECTION('ref_axis',(-1.,0.,0.));
#5731=DIRECTION('',(0.,0.,-1.));
#5732=DIRECTION('center_axis',(0.,0.,1.));
#5733=DIRECTION('ref_axis',(-1.8947806286936E-15,-1.,0.));
#5734=DIRECTION('',(0.,0.,-1.));
#5735=DIRECTION('center_axis',(3.36351590892355E-16,-1.,0.));
#5736=DIRECTION('ref_axis',(-0.707106781186547,0.,-0.707106781186547));
#5737=DIRECTION('center_axis',(-1.4210854715202E-14,1.,0.));
#5738=DIRECTION('ref_axis',(0.,0.,-1.));
#5739=DIRECTION('center_axis',(0.,0.,1.));
#5740=DIRECTION('ref_axis',(-1.,0.,0.));
#5741=DIRECTION('',(0.,0.,1.));
#5742=DIRECTION('center_axis',(0.,0.,-1.));
#5743=DIRECTION('ref_axis',(-0.707106781186547,-0.707106781186547,0.));
#5744=DIRECTION('center_axis',(-1.,6.73487008347429E-16,0.));
#5745=DIRECTION('ref_axis',(6.73487008347429E-16,1.,0.));
#5746=DIRECTION('',(-6.73487008347429E-16,-1.,0.));
#5747=DIRECTION('',(0.,0.,1.));
#5748=DIRECTION('center_axis',(0.,0.,-1.));
#5749=DIRECTION('ref_axis',(-1.,0.,0.));
#5750=DIRECTION('',(-6.31394070325715E-17,1.,0.));
#5751=DIRECTION('',(1.,1.20978476281802E-16,0.));
#5752=DIRECTION('center_axis',(1.,6.31394070325715E-17,0.));
#5753=DIRECTION('ref_axis',(6.31394070325715E-17,-1.,0.));
#5754=DIRECTION('',(0.,0.,1.));
#5755=DIRECTION('center_axis',(0.,0.,-1.));
#5756=DIRECTION('ref_axis',(-1.,0.,0.));
#5757=DIRECTION('',(0.,0.,-1.));
#5758=DIRECTION('center_axis',(0.,0.,1.));
#5759=DIRECTION('ref_axis',(-1.,0.,0.));
#5760=DIRECTION('center_axis',(0.,0.,-1.));
#5761=DIRECTION('ref_axis',(-1.,0.,0.));
#5762=DIRECTION('',(0.,0.,-1.));
#5763=DIRECTION('center_axis',(0.,0.,1.));
#5764=DIRECTION('ref_axis',(-1.,0.,0.));
#5765=DIRECTION('center_axis',(0.,0.,-1.));
#5766=DIRECTION('ref_axis',(-1.,0.,0.));
#5767=DIRECTION('',(0.,0.,-1.));
#5768=DIRECTION('center_axis',(0.,0.,1.));
#5769=DIRECTION('ref_axis',(-1.,0.,0.));
#5770=DIRECTION('center_axis',(0.,0.,-1.));
#5771=DIRECTION('ref_axis',(-1.,0.,0.));
#5772=DIRECTION('',(0.,0.,-1.));
#5773=DIRECTION('center_axis',(0.,0.,1.));
#5774=DIRECTION('ref_axis',(-1.,0.,0.));
#5775=DIRECTION('center_axis',(0.,0.,-1.));
#5776=DIRECTION('ref_axis',(-1.,0.,0.));
#5777=DIRECTION('',(0.,0.,-1.));
#5778=DIRECTION('center_axis',(0.,0.,1.));
#5779=DIRECTION('ref_axis',(-1.,0.,0.));
#5780=DIRECTION('center_axis',(0.,0.,-1.));
#5781=DIRECTION('ref_axis',(-1.,0.,0.));
#5782=DIRECTION('',(0.,0.,-1.));
#5783=DIRECTION('center_axis',(0.,0.,1.));
#5784=DIRECTION('ref_axis',(-1.,0.,0.));
#5785=DIRECTION('center_axis',(0.,0.,-1.));
#5786=DIRECTION('ref_axis',(-1.,0.,0.));
#5787=DIRECTION('',(0.,0.,-1.));
#5788=DIRECTION('center_axis',(0.,0.,1.));
#5789=DIRECTION('ref_axis',(-1.,0.,0.));
#5790=DIRECTION('center_axis',(0.,0.,-1.));
#5791=DIRECTION('ref_axis',(-1.,0.,0.));
#5792=DIRECTION('',(0.,0.,-1.));
#5793=DIRECTION('center_axis',(0.,0.,1.));
#5794=DIRECTION('ref_axis',(-1.,0.,0.));
#5795=DIRECTION('center_axis',(0.,0.,-1.));
#5796=DIRECTION('ref_axis',(-1.,0.,0.));
#5797=DIRECTION('',(0.,0.,-1.));
#5798=DIRECTION('center_axis',(0.,0.,1.));
#5799=DIRECTION('ref_axis',(-1.,0.,0.));
#5800=DIRECTION('center_axis',(0.,0.,-1.));
#5801=DIRECTION('ref_axis',(-1.,0.,0.));
#5802=DIRECTION('',(0.,0.,-1.));
#5803=DIRECTION('center_axis',(0.,0.,1.));
#5804=DIRECTION('ref_axis',(-1.,0.,0.));
#5805=DIRECTION('center_axis',(0.,0.,-1.));
#5806=DIRECTION('ref_axis',(-1.,0.,0.));
#5807=DIRECTION('',(0.,0.,-1.));
#5808=DIRECTION('center_axis',(0.,0.,1.));
#5809=DIRECTION('ref_axis',(-1.,0.,0.));
#5810=DIRECTION('center_axis',(0.,0.,-1.));
#5811=DIRECTION('ref_axis',(-1.,0.,0.));
#5812=DIRECTION('',(0.,0.,-1.));
#5813=DIRECTION('center_axis',(0.,0.,1.));
#5814=DIRECTION('ref_axis',(-1.,0.,0.));
#5815=DIRECTION('center_axis',(0.,0.,-1.));
#5816=DIRECTION('ref_axis',(-1.,0.,0.));
#5817=DIRECTION('',(0.,0.,-1.));
#5818=DIRECTION('center_axis',(0.,0.,1.));
#5819=DIRECTION('ref_axis',(-1.,0.,0.));
#5820=DIRECTION('center_axis',(0.,0.,-1.));
#5821=DIRECTION('ref_axis',(-1.,0.,0.));
#5822=DIRECTION('',(0.,0.,-1.));
#5823=DIRECTION('center_axis',(0.,0.,1.));
#5824=DIRECTION('ref_axis',(-1.,0.,0.));
#5825=DIRECTION('center_axis',(0.,0.,-1.));
#5826=DIRECTION('ref_axis',(-1.,0.,0.));
#5827=DIRECTION('',(0.,0.,-1.));
#5828=DIRECTION('center_axis',(0.,0.,1.));
#5829=DIRECTION('ref_axis',(-1.,0.,0.));
#5830=DIRECTION('center_axis',(0.,0.,-1.));
#5831=DIRECTION('ref_axis',(-1.,0.,0.));
#5832=DIRECTION('',(0.,0.,-1.));
#5833=DIRECTION('center_axis',(0.,0.,1.));
#5834=DIRECTION('ref_axis',(-1.,0.,0.));
#5835=DIRECTION('center_axis',(0.,0.,-1.));
#5836=DIRECTION('ref_axis',(-1.,0.,0.));
#5837=DIRECTION('',(0.,0.,-1.));
#5838=DIRECTION('center_axis',(0.,0.,1.));
#5839=DIRECTION('ref_axis',(-1.,0.,0.));
#5840=DIRECTION('center_axis',(0.,0.,-1.));
#5841=DIRECTION('ref_axis',(-1.,0.,0.));
#5842=DIRECTION('',(0.,0.,-1.));
#5843=DIRECTION('center_axis',(0.,0.,1.));
#5844=DIRECTION('ref_axis',(-1.,0.,0.));
#5845=DIRECTION('center_axis',(0.,0.,1.));
#5846=DIRECTION('ref_axis',(1.,0.,0.));
#5847=DIRECTION('center_axis',(-1.,0.,0.));
#5848=DIRECTION('ref_axis',(0.,0.,-1.));
#5849=DIRECTION('center_axis',(1.,0.,0.));
#5850=DIRECTION('ref_axis',(0.,-0.707106781186547,-0.707106781186547));
#5851=DIRECTION('center_axis',(-1.,0.,0.));
#5852=DIRECTION('ref_axis',(0.,0.,-1.));
#5853=DIRECTION('',(-1.,0.,0.));
#5854=DIRECTION('center_axis',(0.,0.,1.));
#5855=DIRECTION('ref_axis',(1.,0.,0.));
#5856=DIRECTION('center_axis',(1.20978476281802E-16,-1.,0.));
#5857=DIRECTION('ref_axis',(-1.,-1.20978476281802E-16,0.));
#5858=DIRECTION('center_axis',(0.,-1.,0.));
#5859=DIRECTION('ref_axis',(1.,0.,0.));
#5860=DIRECTION('',(-1.,0.,0.));
#5861=DIRECTION('center_axis',(0.,0.,-1.));
#5862=DIRECTION('ref_axis',(-1.,0.,0.));
#5863=DIRECTION('center_axis',(0.,0.,-1.));
#5864=DIRECTION('ref_axis',(-1.,0.,0.));
#5865=DIRECTION('center_axis',(0.,0.,-1.));
#5866=DIRECTION('ref_axis',(-1.,0.,0.));
#5867=DIRECTION('center_axis',(0.,0.,-1.));
#5868=DIRECTION('ref_axis',(-1.,0.,0.));
#5869=DIRECTION('center_axis',(0.,0.,-1.));
#5870=DIRECTION('ref_axis',(-1.,0.,0.));
#5871=DIRECTION('center_axis',(0.,0.,-1.));
#5872=DIRECTION('ref_axis',(-1.,0.,0.));
#5873=DIRECTION('center_axis',(0.,0.,-1.));
#5874=DIRECTION('ref_axis',(-1.,0.,0.));
#5875=DIRECTION('center_axis',(0.,0.,-1.));
#5876=DIRECTION('ref_axis',(-1.,0.,0.));
#5877=DIRECTION('center_axis',(0.,0.,-1.));
#5878=DIRECTION('ref_axis',(-1.,0.,0.));
#5879=DIRECTION('center_axis',(0.,0.,-1.));
#5880=DIRECTION('ref_axis',(-1.,0.,0.));
#5881=DIRECTION('center_axis',(0.,0.,-1.));
#5882=DIRECTION('ref_axis',(-1.,0.,0.));
#5883=DIRECTION('center_axis',(0.,0.,-1.));
#5884=DIRECTION('ref_axis',(-1.,0.,0.));
#5885=DIRECTION('center_axis',(0.,0.,-1.));
#5886=DIRECTION('ref_axis',(-1.,0.,0.));
#5887=DIRECTION('center_axis',(0.,0.,-1.));
#5888=DIRECTION('ref_axis',(-1.,0.,0.));
#5889=DIRECTION('center_axis',(0.,0.,-1.));
#5890=DIRECTION('ref_axis',(-1.,0.,0.));
#5891=DIRECTION('center_axis',(0.,0.,-1.));
#5892=DIRECTION('ref_axis',(-1.,0.,0.));
#5893=DIRECTION('center_axis',(0.,0.,-1.));
#5894=DIRECTION('ref_axis',(-1.,0.,0.));
#5895=DIRECTION('center_axis',(0.,0.,-1.));
#5896=DIRECTION('ref_axis',(-1.,0.,0.));
#5897=DIRECTION('center_axis',(-2.85743032476358E-16,1.,0.));
#5898=DIRECTION('ref_axis',(1.,2.85743032476358E-16,0.));
#5899=DIRECTION('center_axis',(0.,-1.,0.));
#5900=DIRECTION('ref_axis',(0.,0.,-1.));
#5901=DIRECTION('',(0.,0.,1.));
#5902=DIRECTION('',(1.,0.,0.));
#5903=DIRECTION('',(1.,0.,0.));
#5904=DIRECTION('center_axis',(-1.,0.,0.));
#5905=DIRECTION('ref_axis',(0.,0.,1.));
#5906=DIRECTION('',(0.,0.,-1.));
#5907=DIRECTION('center_axis',(1.,0.,0.));
#5908=DIRECTION('ref_axis',(0.,0.,-1.));
#5909=DIRECTION('',(0.,0.,1.));
#5910=DIRECTION('center_axis',(1.,0.,0.));
#5911=DIRECTION('ref_axis',(0.,0.,-1.));
#5912=DIRECTION('center_axis',(-1.,0.,0.));
#5913=DIRECTION('ref_axis',(0.,0.,-1.));
#5914=DIRECTION('',(1.,0.,0.));
#5915=DIRECTION('center_axis',(1.,0.,0.));
#5916=DIRECTION('ref_axis',(0.,0.,-1.));
#5917=DIRECTION('',(1.,0.,0.));
#5918=DIRECTION('',(1.,0.,0.));
#5919=DIRECTION('center_axis',(0.,-1.,0.));
#5920=DIRECTION('ref_axis',(0.,0.,-1.));
#5921=DIRECTION('',(0.,0.,-1.));
#5922=DIRECTION('',(1.,0.,0.));
#5923=DIRECTION('center_axis',(1.,0.,0.));
#5924=DIRECTION('ref_axis',(0.,0.,-1.));
#5925=DIRECTION('center_axis',(1.,0.,0.));
#5926=DIRECTION('ref_axis',(0.,-1.,0.));
#5927=DIRECTION('',(0.,1.4902988742884E-15,-1.));
#5928=DIRECTION('center_axis',(0.,1.,1.4902988742884E-15));
#5929=DIRECTION('ref_axis',(0.,1.4902988742884E-15,-1.));
#5930=DIRECTION('',(-1.,0.,0.));
#5931=DIRECTION('center_axis',(1.,0.,0.));
#5932=DIRECTION('ref_axis',(0.,-1.,0.));
#5933=DIRECTION('center_axis',(-1.,0.,0.));
#5934=DIRECTION('ref_axis',(0.,-1.,0.));
#5935=DIRECTION('',(-1.,0.,0.));
#5936=DIRECTION('center_axis',(-1.,0.,0.));
#5937=DIRECTION('ref_axis',(0.,0.,1.));
#5938=DIRECTION('',(0.,-1.4902988742884E-15,1.));
#5939=DIRECTION('center_axis',(0.,1.,1.4902988742884E-15));
#5940=DIRECTION('ref_axis',(0.,-1.4902988742884E-15,1.));
#5941=CARTESIAN_POINT('',(0.,0.,0.));
#5942=CARTESIAN_POINT('Origin',(-127.670123150674,-994.681079993157,64.9999999999999));
#5943=CARTESIAN_POINT('',(-131.858123150674,-995.939282129401,64.9999999999999));
#5944=CARTESIAN_POINT('Origin',(-127.670123150674,-995.939282129401,64.9999999999999));
#5945=CARTESIAN_POINT('',(-127.670123150674,-993.422877856913,64.9999999999999));
#5946=CARTESIAN_POINT('',(-129.764123150674,-994.681079993157,64.9999999999999));
#5947=CARTESIAN_POINT('Origin',(-127.670123150674,-1020.9392821294,64.9999999999999));
#5948=CARTESIAN_POINT('',(-131.858123150674,-1005.9392821294,64.9999999999999));
#5949=CARTESIAN_POINT('Origin',(-127.670123150674,-1005.9392821294,64.9999999999999));
#5950=CARTESIAN_POINT('',(-131.858123150674,-1020.9392821294,64.9999999999999));
#5951=CARTESIAN_POINT('Origin',(-127.670123150674,-994.681079993157,135.));
#5952=CARTESIAN_POINT('',(-131.858123150674,-995.939282129401,135.));
#5953=CARTESIAN_POINT('Origin',(-127.670123150674,-995.939282129401,135.));
#5954=CARTESIAN_POINT('',(-127.670123150674,-993.422877856913,135.));
#5955=CARTESIAN_POINT('',(-129.764123150674,-994.681079993157,135.));
#5956=CARTESIAN_POINT('Origin',(-127.670123150674,-1020.9392821294,135.));
#5957=CARTESIAN_POINT('',(-131.858123150674,-1005.9392821294,135.));
#5958=CARTESIAN_POINT('Origin',(-127.670123150674,-1005.9392821294,135.));
#5959=CARTESIAN_POINT('',(-131.858123150674,-1020.9392821294,135.));
#5960=CARTESIAN_POINT('Origin',(122.329876849326,-994.681079993157,64.9999999999999));
#5961=CARTESIAN_POINT('',(118.141876849326,-995.939282129401,64.9999999999999));
#5962=CARTESIAN_POINT('Origin',(122.329876849326,-995.939282129401,64.9999999999999));
#5963=CARTESIAN_POINT('',(122.329876849326,-993.422877856913,64.9999999999999));
#5964=CARTESIAN_POINT('',(120.235876849326,-994.681079993157,64.9999999999999));
#5965=CARTESIAN_POINT('Origin',(122.329876849326,-1020.9392821294,64.9999999999999));
#5966=CARTESIAN_POINT('',(118.141876849326,-1005.9392821294,64.9999999999999));
#5967=CARTESIAN_POINT('Origin',(122.329876849326,-1005.9392821294,64.9999999999999));
#5968=CARTESIAN_POINT('',(118.141876849326,-1020.9392821294,64.9999999999999));
#5969=CARTESIAN_POINT('Origin',(122.329876849326,-994.681079993157,135.));
#5970=CARTESIAN_POINT('',(118.141876849326,-995.939282129401,135.));
#5971=CARTESIAN_POINT('Origin',(122.329876849326,-995.939282129401,135.));
#5972=CARTESIAN_POINT('',(122.329876849326,-993.422877856913,135.));
#5973=CARTESIAN_POINT('',(120.235876849326,-994.681079993157,135.));
#5974=CARTESIAN_POINT('Origin',(122.329876849326,-1020.9392821294,135.));
#5975=CARTESIAN_POINT('',(118.141876849326,-1005.9392821294,135.));
#5976=CARTESIAN_POINT('Origin',(122.329876849326,-1005.9392821294,135.));
#5977=CARTESIAN_POINT('',(118.141876849326,-1020.9392821294,135.));
#5978=CARTESIAN_POINT('Origin',(147.329876849326,-1005.9392821294,55.3137303340311));
#5979=CARTESIAN_POINT('',(-152.670123150674,-1005.9392821294,55.3137303340311));
#5980=CARTESIAN_POINT('',(147.329876849326,-1005.9392821294,55.3137303340311));
#5981=CARTESIAN_POINT('',(-692.670123150674,-1005.9392821294,55.3137303340311));
#5982=CARTESIAN_POINT('',(-152.670123150674,-990.939282129401,55.3137303340311));
#5983=CARTESIAN_POINT('',(-152.670123150674,-1005.9392821294,55.3137303340311));
#5984=CARTESIAN_POINT('',(147.329876849326,-990.939282129401,55.3137303340311));
#5985=CARTESIAN_POINT('',(-152.670123150674,-990.939282129401,55.3137303340311));
#5986=CARTESIAN_POINT('',(147.329876849326,-1005.9392821294,55.3137303340311));
#5987=CARTESIAN_POINT('Origin',(147.329876849326,-1005.9392821294,144.686269665969));
#5988=CARTESIAN_POINT('',(147.329876849326,-1005.9392821294,144.686269665969));
#5989=CARTESIAN_POINT('',(147.329876849326,-1005.9392821294,55.3137303340311));
#5990=CARTESIAN_POINT('',(147.329876849326,-990.939282129401,144.686269665969));
#5991=CARTESIAN_POINT('',(147.329876849326,-990.939282129401,55.3137303340311));
#5992=CARTESIAN_POINT('',(147.329876849326,-1005.9392821294,144.686269665969));
#5993=CARTESIAN_POINT('Origin',(-152.670123150674,-1005.9392821294,144.686269665969));
#5994=CARTESIAN_POINT('',(-152.670123150674,-1005.9392821294,144.686269665969));
#5995=CARTESIAN_POINT('',(-692.670123150674,-1005.9392821294,144.686269665969));
#5996=CARTESIAN_POINT('',(-152.670123150674,-990.939282129401,144.686269665969));
#5997=CARTESIAN_POINT('',(147.329876849326,-990.939282129401,144.686269665969));
#5998=CARTESIAN_POINT('',(-152.670123150674,-1005.9392821294,144.686269665969));
#5999=CARTESIAN_POINT('Origin',(-152.670123150674,-1005.9392821294,55.3137303340311));
#6000=CARTESIAN_POINT('',(-152.670123150674,-1005.9392821294,144.686269665969));
#6001=CARTESIAN_POINT('',(-152.670123150674,-990.939282129401,144.686269665969));
#6002=CARTESIAN_POINT('Origin',(-2.67012315067419,-1005.9392821294,100.));
#6003=CARTESIAN_POINT('Origin',(-2.67012315067419,-990.939282129401,100.));
#6004=CARTESIAN_POINT('Origin',(-602.670123150673,794.060717870599,0.));
#6005=CARTESIAN_POINT('',(-602.670123150674,994.060717870599,149.721359549996));
#6006=CARTESIAN_POINT('',(-802.670123150674,794.060717870599,149.721359549996));
#6007=CARTESIAN_POINT('Origin',(-602.670123150674,794.060717870599,149.721359549996));
#6008=CARTESIAN_POINT('',(-802.670123150674,794.060717870599,150.));
#6009=CARTESIAN_POINT('',(-802.670123150674,794.060717870599,0.));
#6010=CARTESIAN_POINT('',(-602.670123150673,994.060717870599,150.));
#6011=CARTESIAN_POINT('Origin',(-602.670123150673,794.060717870599,150.));
#6012=CARTESIAN_POINT('',(-602.670123150673,994.060717870599,0.));
#6013=CARTESIAN_POINT('Origin',(-802.670123150674,794.060717870599,0.));
#6014=CARTESIAN_POINT('',(-802.670123150674,-895.939282129401,149.721359549996));
#6015=CARTESIAN_POINT('',(-802.670123150674,794.060717870599,149.721359549996));
#6016=CARTESIAN_POINT('',(-802.670123150674,-895.9392821294,150.));
#6017=CARTESIAN_POINT('',(-802.670123150674,-895.9392821294,0.));
#6018=CARTESIAN_POINT('',(-802.670123150674,794.060717870599,150.));
#6019=CARTESIAN_POINT('Origin',(-692.670123150674,-895.9392821294,0.));
#6020=CARTESIAN_POINT('',(-692.670123150674,-1005.9392821294,149.721359549996));
#6021=CARTESIAN_POINT('Origin',(-692.670123150674,-895.939282129401,149.721359549996));
#6022=CARTESIAN_POINT('',(-692.670123150674,-1005.9392821294,150.));
#6023=CARTESIAN_POINT('',(-692.670123150674,-1005.9392821294,0.));
#6024=CARTESIAN_POINT('Origin',(-692.670123150674,-895.9392821294,150.));
#6025=CARTESIAN_POINT('Origin',(-622.329876849327,600.,-250.));
#6026=CARTESIAN_POINT('',(-602.329876849327,600.,-250.));
#6027=CARTESIAN_POINT('Origin',(-622.329876849327,600.,-250.));
#6028=CARTESIAN_POINT('Origin',(-622.329876849327,600.,0.));
#6029=CARTESIAN_POINT('',(-602.329876849327,600.,0.));
#6030=CARTESIAN_POINT('',(-602.329876849327,600.,0.));
#6031=CARTESIAN_POINT('Origin',(-622.329876849327,600.,0.));
#6032=CARTESIAN_POINT('Origin',(-622.329876849327,-3.19744231092045E-13,
-250.));
#6033=CARTESIAN_POINT('',(-602.329876849327,-3.2219352469034E-13,-250.));
#6034=CARTESIAN_POINT('Origin',(-622.329876849327,-3.19744231092045E-13,
-250.));
#6035=CARTESIAN_POINT('Origin',(-622.329876849327,-3.19744231092045E-13,
0.));
#6036=CARTESIAN_POINT('',(-602.329876849327,-3.2219352469034E-13,0.));
#6037=CARTESIAN_POINT('',(-602.329876849327,-3.2219352469034E-13,0.));
#6038=CARTESIAN_POINT('Origin',(-622.329876849327,-3.19744231092045E-13,
0.));
#6039=CARTESIAN_POINT('Origin',(-622.329876849327,-800.,-250.));
#6040=CARTESIAN_POINT('',(-602.329876849327,-800.,-250.));
#6041=CARTESIAN_POINT('Origin',(-622.329876849327,-800.,-250.));
#6042=CARTESIAN_POINT('Origin',(-622.329876849327,-800.,0.));
#6043=CARTESIAN_POINT('',(-602.329876849327,-800.,0.));
#6044=CARTESIAN_POINT('',(-602.329876849327,-800.,0.));
#6045=CARTESIAN_POINT('Origin',(-622.329876849327,-800.,0.));
#6046=CARTESIAN_POINT('Origin',(622.329876849327,-3.19744231092045E-13,
-250.));
#6047=CARTESIAN_POINT('',(642.329876849327,-3.2219352469034E-13,-250.));
#6048=CARTESIAN_POINT('Origin',(622.329876849327,-3.19744231092045E-13,
-250.));
#6049=CARTESIAN_POINT('Origin',(622.329876849327,-3.19744231092045E-13,
0.));
#6050=CARTESIAN_POINT('',(642.329876849327,-3.2219352469034E-13,0.));
#6051=CARTESIAN_POINT('',(642.329876849327,-3.2219352469034E-13,0.));
#6052=CARTESIAN_POINT('Origin',(622.329876849327,-3.19744231092045E-13,
0.));
#6053=CARTESIAN_POINT('Origin',(622.329876849327,-600.,-250.));
#6054=CARTESIAN_POINT('',(642.329876849327,-600.,-250.));
#6055=CARTESIAN_POINT('Origin',(622.329876849327,-600.,-250.));
#6056=CARTESIAN_POINT('Origin',(622.329876849327,-600.,0.));
#6057=CARTESIAN_POINT('',(642.329876849327,-600.,0.));
#6058=CARTESIAN_POINT('',(642.329876849327,-600.,0.));
#6059=CARTESIAN_POINT('Origin',(622.329876849327,-600.,0.));
#6060=CARTESIAN_POINT('Origin',(622.329876849327,-400.,-250.));
#6061=CARTESIAN_POINT('',(642.329876849327,-400.,-250.));
#6062=CARTESIAN_POINT('Origin',(622.329876849327,-400.,-250.));
#6063=CARTESIAN_POINT('Origin',(622.329876849327,-400.,0.));
#6064=CARTESIAN_POINT('',(642.329876849327,-400.,0.));
#6065=CARTESIAN_POINT('',(642.329876849327,-400.,0.));
#6066=CARTESIAN_POINT('Origin',(622.329876849327,-400.,0.));
#6067=CARTESIAN_POINT('Origin',(622.329876849327,400.,-250.));
#6068=CARTESIAN_POINT('',(642.329876849327,400.,-250.));
#6069=CARTESIAN_POINT('Origin',(622.329876849327,400.,-250.));
#6070=CARTESIAN_POINT('Origin',(622.329876849327,400.,0.));
#6071=CARTESIAN_POINT('',(642.329876849327,400.,0.));
#6072=CARTESIAN_POINT('',(642.329876849327,400.,0.));
#6073=CARTESIAN_POINT('Origin',(622.329876849327,400.,0.));
#6074=CARTESIAN_POINT('Origin',(-622.329876849327,-600.,-250.));
#6075=CARTESIAN_POINT('',(-602.329876849327,-600.,-250.));
#6076=CARTESIAN_POINT('Origin',(-622.329876849327,-600.,-250.));
#6077=CARTESIAN_POINT('Origin',(-622.329876849327,-600.,0.));
#6078=CARTESIAN_POINT('',(-602.329876849327,-600.,0.));
#6079=CARTESIAN_POINT('',(-602.329876849327,-600.,0.));
#6080=CARTESIAN_POINT('Origin',(-622.329876849327,-600.,0.));
#6081=CARTESIAN_POINT('Origin',(-622.329876849327,800.,-250.));
#6082=CARTESIAN_POINT('',(-602.329876849327,800.,-250.));
#6083=CARTESIAN_POINT('Origin',(-622.329876849327,800.,-250.));
#6084=CARTESIAN_POINT('Origin',(-622.329876849327,800.,0.));
#6085=CARTESIAN_POINT('',(-602.329876849327,800.,0.));
#6086=CARTESIAN_POINT('',(-602.329876849327,800.,0.));
#6087=CARTESIAN_POINT('Origin',(-622.329876849327,800.,0.));
#6088=CARTESIAN_POINT('Origin',(-622.329876849327,400.,-250.));
#6089=CARTESIAN_POINT('',(-602.329876849327,400.,-250.));
#6090=CARTESIAN_POINT('Origin',(-622.329876849327,400.,-250.));
#6091=CARTESIAN_POINT('Origin',(-622.329876849327,400.,0.));
#6092=CARTESIAN_POINT('',(-602.329876849327,400.,0.));
#6093=CARTESIAN_POINT('',(-602.329876849327,400.,0.));
#6094=CARTESIAN_POINT('Origin',(-622.329876849327,400.,0.));
#6095=CARTESIAN_POINT('Origin',(-622.329876849327,-200.,-250.));
#6096=CARTESIAN_POINT('',(-602.329876849327,-200.,-250.));
#6097=CARTESIAN_POINT('Origin',(-622.329876849327,-200.,-250.));
#6098=CARTESIAN_POINT('Origin',(-622.329876849327,-200.,0.));
#6099=CARTESIAN_POINT('',(-602.329876849327,-200.,0.));
#6100=CARTESIAN_POINT('',(-602.329876849327,-200.,0.));
#6101=CARTESIAN_POINT('Origin',(-622.329876849327,-200.,0.));
#6102=CARTESIAN_POINT('Origin',(622.329876849327,800.,-250.));
#6103=CARTESIAN_POINT('',(642.329876849327,800.,-250.));
#6104=CARTESIAN_POINT('Origin',(622.329876849327,800.,-250.));
#6105=CARTESIAN_POINT('Origin',(622.329876849327,800.,0.));
#6106=CARTESIAN_POINT('',(642.329876849327,800.,0.));
#6107=CARTESIAN_POINT('',(642.329876849327,800.,0.));
#6108=CARTESIAN_POINT('Origin',(622.329876849327,800.,0.));
#6109=CARTESIAN_POINT('Origin',(622.329876849327,200.,-250.));
#6110=CARTESIAN_POINT('',(642.329876849327,200.,-250.));
#6111=CARTESIAN_POINT('Origin',(622.329876849327,200.,-250.));
#6112=CARTESIAN_POINT('Origin',(622.329876849327,200.,0.));
#6113=CARTESIAN_POINT('',(642.329876849327,200.,0.));
#6114=CARTESIAN_POINT('',(642.329876849327,200.,0.));
#6115=CARTESIAN_POINT('Origin',(622.329876849327,200.,0.));
#6116=CARTESIAN_POINT('Origin',(622.329876849327,-800.,-250.));
#6117=CARTESIAN_POINT('',(642.329876849327,-800.,-250.));
#6118=CARTESIAN_POINT('Origin',(622.329876849327,-800.,-250.));
#6119=CARTESIAN_POINT('Origin',(622.329876849327,-800.,0.));
#6120=CARTESIAN_POINT('',(642.329876849327,-800.,0.));
#6121=CARTESIAN_POINT('',(642.329876849327,-800.,0.));
#6122=CARTESIAN_POINT('Origin',(622.329876849327,-800.,0.));
#6123=CARTESIAN_POINT('Origin',(622.329876849327,-200.,-250.));
#6124=CARTESIAN_POINT('',(642.329876849327,-200.,-250.));
#6125=CARTESIAN_POINT('Origin',(622.329876849327,-200.,-250.));
#6126=CARTESIAN_POINT('Origin',(622.329876849327,-200.,0.));
#6127=CARTESIAN_POINT('',(642.329876849327,-200.,0.));
#6128=CARTESIAN_POINT('',(642.329876849327,-200.,0.));
#6129=CARTESIAN_POINT('Origin',(622.329876849327,-200.,0.));
#6130=CARTESIAN_POINT('Origin',(622.329876849327,600.,-250.));
#6131=CARTESIAN_POINT('',(642.329876849327,600.,-250.));
#6132=CARTESIAN_POINT('Origin',(622.329876849327,600.,-250.));
#6133=CARTESIAN_POINT('Origin',(622.329876849327,600.,0.));
#6134=CARTESIAN_POINT('',(642.329876849327,600.,0.));
#6135=CARTESIAN_POINT('',(642.329876849327,600.,0.));
#6136=CARTESIAN_POINT('Origin',(622.329876849327,600.,0.));
#6137=CARTESIAN_POINT('Origin',(-622.329876849327,-400.,-250.));
#6138=CARTESIAN_POINT('',(-602.329876849327,-400.,-250.));
#6139=CARTESIAN_POINT('Origin',(-622.329876849327,-400.,-250.));
#6140=CARTESIAN_POINT('Origin',(-622.329876849327,-400.,0.));
#6141=CARTESIAN_POINT('',(-602.329876849327,-400.,0.));
#6142=CARTESIAN_POINT('',(-602.329876849327,-400.,0.));
#6143=CARTESIAN_POINT('Origin',(-622.329876849327,-400.,0.));
#6144=CARTESIAN_POINT('Origin',(-622.329876849327,200.,-250.));
#6145=CARTESIAN_POINT('',(-602.329876849327,200.,-250.));
#6146=CARTESIAN_POINT('Origin',(-622.329876849327,200.,-250.));
#6147=CARTESIAN_POINT('Origin',(-622.329876849327,200.,0.));
#6148=CARTESIAN_POINT('',(-602.329876849327,200.,0.));
#6149=CARTESIAN_POINT('',(-602.329876849327,200.,0.));
#6150=CARTESIAN_POINT('Origin',(-622.329876849327,200.,0.));
#6151=CARTESIAN_POINT('Origin',(-602.670123150673,794.060717870599,0.));
#6152=CARTESIAN_POINT('',(-802.670123150674,794.060717870599,10.));
#6153=CARTESIAN_POINT('',(-602.670123150673,994.060717870599,10.));
#6154=CARTESIAN_POINT('Origin',(-602.670123150673,794.060717870599,10.));
#6155=CARTESIAN_POINT('',(-802.670123150674,794.060717870599,50.2786404500042));
#6156=CARTESIAN_POINT('',(-802.670123150674,794.060717870599,0.));
#6157=CARTESIAN_POINT('',(-602.670123150674,994.060717870599,50.2786404500042));
#6158=CARTESIAN_POINT('Origin',(-602.670123150674,794.060717870599,50.2786404500042));
#6159=CARTESIAN_POINT('',(-602.670123150673,994.060717870599,0.));
#6160=CARTESIAN_POINT('Origin',(597.329876849326,994.060717870599,0.));
#6161=CARTESIAN_POINT('',(597.329876849327,994.0607178706,149.721359549996));
#6162=CARTESIAN_POINT('',(-5.89495570184799E-16,994.060717870599,149.721359549996));
#6163=CARTESIAN_POINT('',(597.329876849326,994.060717870599,150.));
#6164=CARTESIAN_POINT('',(597.329876849326,994.060717870599,150.));
#6165=CARTESIAN_POINT('',(597.329876849326,994.060717870599,0.));
#6166=CARTESIAN_POINT('Origin',(-802.670123150674,794.060717870599,0.));
#6167=CARTESIAN_POINT('',(-802.670123150674,-895.9392821294,10.));
#6168=CARTESIAN_POINT('',(-802.670123150674,394.060717870599,10.));
#6169=CARTESIAN_POINT('',(-802.670123150674,-895.939282129401,50.2786404500042));
#6170=CARTESIAN_POINT('',(-802.670123150674,-895.9392821294,0.));
#6171=CARTESIAN_POINT('',(-802.670123150674,794.060717870599,50.2786404500042));
#6172=CARTESIAN_POINT('Origin',(597.329876849326,794.060717870599,0.));
#6173=CARTESIAN_POINT('',(797.329876849326,794.0607178706,149.721359549996));
#6174=CARTESIAN_POINT('Origin',(597.329876849326,794.0607178706,149.721359549996));
#6175=CARTESIAN_POINT('',(797.329876849327,794.060717870599,150.));
#6176=CARTESIAN_POINT('Origin',(597.329876849326,794.060717870599,150.));
#6177=CARTESIAN_POINT('',(797.329876849327,794.060717870599,0.));
#6178=CARTESIAN_POINT('Origin',(-692.670123150674,-895.9392821294,0.));
#6179=CARTESIAN_POINT('',(-692.670123150674,-1005.9392821294,10.));
#6180=CARTESIAN_POINT('Origin',(-692.670123150674,-895.9392821294,10.));
#6181=CARTESIAN_POINT('',(-692.670123150674,-1005.9392821294,50.2786404500042));
#6182=CARTESIAN_POINT('',(-692.670123150674,-1005.9392821294,0.));
#6183=CARTESIAN_POINT('Origin',(-692.670123150674,-895.939282129401,50.2786404500042));
#6184=CARTESIAN_POINT('Origin',(797.329876849326,-895.9392821294,0.));
#6185=CARTESIAN_POINT('',(797.329876849326,-895.939282129401,149.721359549996));
#6186=CARTESIAN_POINT('',(797.329876849326,-895.9392821294,149.721359549996));
#6187=CARTESIAN_POINT('',(797.329876849326,-895.9392821294,150.));
#6188=CARTESIAN_POINT('',(797.329876849326,-895.9392821294,150.));
#6189=CARTESIAN_POINT('',(797.329876849326,-895.9392821294,0.));
#6190=CARTESIAN_POINT('Origin',(687.329876849326,-895.9392821294,0.));
#6191=CARTESIAN_POINT('',(687.329876849326,-1005.9392821294,149.721359549996));
#6192=CARTESIAN_POINT('Origin',(687.329876849327,-895.939282129401,149.721359549996));
#6193=CARTESIAN_POINT('',(687.329876849326,-1005.9392821294,150.));
#6194=CARTESIAN_POINT('Origin',(687.329876849326,-895.9392821294,150.));
#6195=CARTESIAN_POINT('',(687.329876849326,-1005.9392821294,0.));
#6196=CARTESIAN_POINT('Origin',(0.,989.060717870599,105.));
#6197=CARTESIAN_POINT('',(597.329876849326,1034.0607178706,105.));
#6198=CARTESIAN_POINT('',(-602.670123150674,1034.0607178706,105.));
#6199=CARTESIAN_POINT('',(0.,1034.0607178706,105.));
#6200=CARTESIAN_POINT('Origin',(-602.670123150674,989.060717870599,105.));
#6201=CARTESIAN_POINT('Origin',(597.329876849326,989.0607178706,105.));
#6202=CARTESIAN_POINT('Origin',(0.,1034.0607178706,105.));
#6203=CARTESIAN_POINT('',(597.329876849326,1034.0607178706,95.));
#6204=CARTESIAN_POINT('',(-602.670123150674,1034.0607178706,95.));
#6205=CARTESIAN_POINT('',(597.329876849326,1034.0607178706,95.));
#6206=CARTESIAN_POINT('',(-602.670123150674,1034.0607178706,95.));
#6207=CARTESIAN_POINT('',(597.329876849326,1034.0607178706,95.));
#6208=CARTESIAN_POINT('Origin',(0.,989.060717870599,95.));
#6209=CARTESIAN_POINT('',(597.329876849327,994.0607178706,50.2786404500042));
#6210=CARTESIAN_POINT('',(-5.89495570184799E-16,994.060717870599,50.2786404500042));
#6211=CARTESIAN_POINT('Origin',(-602.670123150674,989.060717870599,95.));
#6212=CARTESIAN_POINT('Origin',(597.329876849326,989.0607178706,95.));
#6213=CARTESIAN_POINT('Origin',(-602.670123150674,794.060717870599,105.));
#6214=CARTESIAN_POINT('',(-842.670123150674,794.060717870599,105.));
#6215=CARTESIAN_POINT('Origin',(-602.670123150674,794.060717870599,105.));
#6216=CARTESIAN_POINT('Origin',(-797.670123150674,794.060717870599,105.));
#6217=CARTESIAN_POINT('Origin',(-602.670123150674,794.060717870599,100.));
#6218=CARTESIAN_POINT('',(-842.670123150674,794.060717870599,95.));
#6219=CARTESIAN_POINT('Origin',(-602.670123150674,794.060717870599,95.));
#6220=CARTESIAN_POINT('',(-842.670123150674,794.060717870599,95.));
#6221=CARTESIAN_POINT('Origin',(-602.670123150674,794.060717870599,95.));
#6222=CARTESIAN_POINT('Origin',(-797.670123150674,794.060717870599,95.));
#6223=CARTESIAN_POINT('Origin',(-797.670123150674,794.060717870599,105.));
#6224=CARTESIAN_POINT('',(-842.670123150674,-895.939282129401,105.));
#6225=CARTESIAN_POINT('',(-842.670123150674,794.060717870599,105.));
#6226=CARTESIAN_POINT('Origin',(-797.670123150674,-895.939282129401,105.));
#6227=CARTESIAN_POINT('Origin',(-842.670123150674,794.060717870599,105.));
#6228=CARTESIAN_POINT('',(-842.670123150674,-895.939282129401,95.));
#6229=CARTESIAN_POINT('',(-842.670123150674,794.060717870599,95.));
#6230=CARTESIAN_POINT('',(-842.670123150674,-895.939282129401,95.));
#6231=CARTESIAN_POINT('Origin',(-797.670123150674,794.060717870599,95.));
#6232=CARTESIAN_POINT('Origin',(-797.670123150674,-895.939282129401,95.));
#6233=CARTESIAN_POINT('Origin',(-692.670123150674,-895.939282129401,105.));
#6234=CARTESIAN_POINT('',(-692.670123150674,-1045.9392821294,105.));
#6235=CARTESIAN_POINT('Origin',(-692.670123150674,-895.939282129401,105.));
#6236=CARTESIAN_POINT('Origin',(-692.670123150674,-1000.9392821294,105.));
#6237=CARTESIAN_POINT('Origin',(-692.670123150674,-895.939282129401,100.));
#6238=CARTESIAN_POINT('',(-692.670123150674,-1045.9392821294,95.));
#6239=CARTESIAN_POINT('Origin',(-692.670123150674,-895.939282129401,95.));
#6240=CARTESIAN_POINT('',(-692.670123150674,-1045.9392821294,95.));
#6241=CARTESIAN_POINT('Origin',(-692.670123150674,-895.939282129401,95.));
#6242=CARTESIAN_POINT('Origin',(-692.670123150674,-1000.9392821294,95.));
#6243=CARTESIAN_POINT('Origin',(-692.670123150674,-1000.9392821294,95.));
#6244=CARTESIAN_POINT('',(147.329876849326,-1045.9392821294,95.));
#6245=CARTESIAN_POINT('',(147.329876849326,-1005.9392821294,50.2786404500042));
#6246=CARTESIAN_POINT('Origin',(147.329876849326,-1000.9392821294,95.));
#6247=CARTESIAN_POINT('',(687.329876849326,-1005.9392821294,50.2786404500042));
#6248=CARTESIAN_POINT('',(-692.670123150674,-1005.9392821294,50.2786404500042));
#6249=CARTESIAN_POINT('',(687.329876849326,-1045.9392821294,95.));
#6250=CARTESIAN_POINT('Origin',(687.329876849327,-1000.9392821294,95.));
#6251=CARTESIAN_POINT('',(-692.670123150674,-1045.9392821294,95.));
#6252=CARTESIAN_POINT('Origin',(687.329876849327,-895.939282129401,105.));
#6253=CARTESIAN_POINT('',(687.329876849326,-1045.9392821294,105.));
#6254=CARTESIAN_POINT('Origin',(687.329876849327,-1000.9392821294,105.));
#6255=CARTESIAN_POINT('',(837.329876849326,-895.939282129401,105.));
#6256=CARTESIAN_POINT('Origin',(687.329876849326,-895.939282129401,105.));
#6257=CARTESIAN_POINT('Origin',(792.329876849326,-895.9392821294,105.));
#6258=CARTESIAN_POINT('Origin',(687.329876849327,-895.939282129401,100.));
#6259=CARTESIAN_POINT('',(687.329876849327,-1045.9392821294,95.));
#6260=CARTESIAN_POINT('',(837.329876849326,-895.939282129401,95.));
#6261=CARTESIAN_POINT('Origin',(687.329876849326,-895.939282129401,95.));
#6262=CARTESIAN_POINT('',(837.329876849326,-895.9392821294,95.));
#6263=CARTESIAN_POINT('Origin',(687.329876849327,-895.939282129401,95.));
#6264=CARTESIAN_POINT('',(797.329876849326,-895.939282129401,50.2786404500042));
#6265=CARTESIAN_POINT('Origin',(687.329876849327,-895.939282129401,50.2786404500042));
#6266=CARTESIAN_POINT('Origin',(792.329876849326,-895.9392821294,95.));
#6267=CARTESIAN_POINT('Origin',(792.329876849326,-895.9392821294,105.));
#6268=CARTESIAN_POINT('',(837.329876849326,794.0607178706,105.));
#6269=CARTESIAN_POINT('',(837.329876849326,-895.939282129401,105.));
#6270=CARTESIAN_POINT('Origin',(792.329876849326,794.0607178706,105.));
#6271=CARTESIAN_POINT('Origin',(837.329876849326,-895.9392821294,105.));
#6272=CARTESIAN_POINT('',(837.329876849326,794.0607178706,95.));
#6273=CARTESIAN_POINT('',(837.329876849326,-895.939282129401,95.));
#6274=CARTESIAN_POINT('',(837.329876849326,794.0607178706,95.));
#6275=CARTESIAN_POINT('Origin',(792.329876849326,-895.9392821294,95.));
#6276=CARTESIAN_POINT('',(797.329876849326,794.0607178706,50.2786404500042));
#6277=CARTESIAN_POINT('',(797.329876849326,-895.9392821294,50.2786404500041));
#6278=CARTESIAN_POINT('Origin',(792.329876849326,794.0607178706,95.));
#6279=CARTESIAN_POINT('Origin',(597.329876849326,794.0607178706,105.));
#6280=CARTESIAN_POINT('Origin',(597.329876849327,794.0607178706,105.));
#6281=CARTESIAN_POINT('Origin',(597.329876849326,794.0607178706,100.));
#6282=CARTESIAN_POINT('Origin',(597.329876849327,794.0607178706,95.));
#6283=CARTESIAN_POINT('Origin',(597.329876849326,794.0607178706,95.));
#6284=CARTESIAN_POINT('Origin',(597.329876849326,794.0607178706,50.2786404500042));
#6285=CARTESIAN_POINT('Origin',(-2.6701231506739,-5.93928212940071,0.));
#6286=CARTESIAN_POINT('',(597.329876849326,984.060717870599,0.));
#6287=CARTESIAN_POINT('',(-602.670123150673,984.060717870599,0.));
#6288=CARTESIAN_POINT('',(297.329876849326,984.060717870599,0.));
#6289=CARTESIAN_POINT('',(787.329876849327,794.060717870599,0.));
#6290=CARTESIAN_POINT('Origin',(597.329876849326,794.060717870599,0.));
#6291=CARTESIAN_POINT('',(787.329876849326,-895.9392821294,0.));
#6292=CARTESIAN_POINT('',(787.329876849326,-450.939282129401,0.));
#6293=CARTESIAN_POINT('',(687.329876849326,-995.939282129401,0.));
#6294=CARTESIAN_POINT('Origin',(687.329876849326,-895.9392821294,0.));
#6295=CARTESIAN_POINT('',(-692.670123150674,-995.9392821294,0.));
#6296=CARTESIAN_POINT('',(-347.670123150674,-995.939282129401,0.));
#6297=CARTESIAN_POINT('',(-792.670123150674,-895.9392821294,0.));
#6298=CARTESIAN_POINT('Origin',(-692.670123150674,-895.9392821294,0.));
#6299=CARTESIAN_POINT('',(-792.670123150673,794.060717870599,0.));
#6300=CARTESIAN_POINT('',(-792.670123150674,394.060717870599,0.));
#6301=CARTESIAN_POINT('Origin',(-602.670123150673,794.060717870599,0.));
#6302=CARTESIAN_POINT('',(75.,-200.,0.));
#6303=CARTESIAN_POINT('',(75.,0.,0.));
#6304=CARTESIAN_POINT('',(75.,-102.9696410647,0.));
#6305=CARTESIAN_POINT('',(-75.,0.,0.));
#6306=CARTESIAN_POINT('',(36.164938424663,0.,0.));
#6307=CARTESIAN_POINT('',(-75.,-200.,0.));
#6308=CARTESIAN_POINT('',(-75.,-2.96964106470035,0.));
#6309=CARTESIAN_POINT('',(-38.835061575337,-200.,0.));
#6310=CARTESIAN_POINT('Origin',(597.329876849326,994.060717870599,0.));
#6311=CARTESIAN_POINT('',(597.329876849326,994.060717870599,10.));
#6312=CARTESIAN_POINT('',(297.329876849326,994.060717870599,10.));
#6313=CARTESIAN_POINT('',(597.329876849326,994.060717870599,0.));
#6314=CARTESIAN_POINT('Origin',(597.329876849326,794.060717870599,0.));
#6315=CARTESIAN_POINT('',(797.329876849327,794.060717870599,10.));
#6316=CARTESIAN_POINT('Origin',(597.329876849326,794.060717870599,10.));
#6317=CARTESIAN_POINT('',(797.329876849327,794.060717870599,0.));
#6318=CARTESIAN_POINT('Origin',(797.329876849326,-895.9392821294,0.));
#6319=CARTESIAN_POINT('',(797.329876849326,-895.9392821294,10.));
#6320=CARTESIAN_POINT('',(797.329876849326,-450.939282129401,10.));
#6321=CARTESIAN_POINT('',(797.329876849326,-895.9392821294,0.));
#6322=CARTESIAN_POINT('Origin',(687.329876849326,-895.9392821294,0.));
#6323=CARTESIAN_POINT('',(687.329876849326,-1005.9392821294,10.));
#6324=CARTESIAN_POINT('Origin',(687.329876849326,-895.9392821294,10.));
#6325=CARTESIAN_POINT('',(687.329876849326,-1005.9392821294,0.));
#6326=CARTESIAN_POINT('Origin',(597.329876849326,794.060717870599,10.));
#6327=CARTESIAN_POINT('Origin',(597.329876849326,984.060717870599,10.));
#6328=CARTESIAN_POINT('Origin',(787.329876849327,794.060717870599,10.));
#6329=CARTESIAN_POINT('Origin',(787.329876849326,-450.939282129401,10.));
#6330=CARTESIAN_POINT('Origin',(787.329876849326,-895.9392821294,10.));
#6331=CARTESIAN_POINT('Origin',(687.329876849326,-895.9392821294,10.));
#6332=CARTESIAN_POINT('Origin',(687.329876849326,-995.939282129401,10.));
#6333=CARTESIAN_POINT('Origin',(-347.670123150674,-995.939282129401,10.));
#6334=CARTESIAN_POINT('',(-347.670123150674,-1005.9392821294,10.));
#6335=CARTESIAN_POINT('Origin',(-692.670123150674,-995.9392821294,10.));
#6336=CARTESIAN_POINT('Origin',(-692.670123150674,-895.9392821294,10.));
#6337=CARTESIAN_POINT('Origin',(-792.670123150674,-895.9392821294,10.));
#6338=CARTESIAN_POINT('Origin',(-792.670123150674,394.060717870599,10.));
#6339=CARTESIAN_POINT('Origin',(-792.670123150673,794.060717870599,10.));
#6340=CARTESIAN_POINT('Origin',(-602.670123150673,794.060717870599,10.));
#6341=CARTESIAN_POINT('Origin',(-602.670123150673,984.060717870599,10.));
#6342=CARTESIAN_POINT('Origin',(297.329876849326,984.060717870599,10.));
#6343=CARTESIAN_POINT('Origin',(-446.335061575337,739.038639394099,50.));
#6344=CARTESIAN_POINT('',(-792.670123150673,494.016560917599,50.));
#6345=CARTESIAN_POINT('',(-792.670123150673,794.060717870599,50.));
#6346=CARTESIAN_POINT('',(-792.670123150673,794.060717870599,50.));
#6347=CARTESIAN_POINT('',(-100.,494.016560917599,50.));
#6348=CARTESIAN_POINT('',(-802.670123150674,494.016560917599,50.));
#6349=CARTESIAN_POINT('',(-100.,800.,50.));
#6350=CARTESIAN_POINT('',(-100.,494.016560917599,50.));
#6351=CARTESIAN_POINT('',(-99.9999999999999,984.060717870599,50.));
#6352=CARTESIAN_POINT('',(-100.,494.016560917599,50.));
#6353=CARTESIAN_POINT('',(-602.670123150673,984.060717870599,50.));
#6354=CARTESIAN_POINT('',(-99.9999999999999,984.060717870599,50.));
#6355=CARTESIAN_POINT('Origin',(-602.670123150673,794.060717870599,50.));
#6356=CARTESIAN_POINT('Origin',(-792.670123150673,494.016560917599,150.));
#6357=CARTESIAN_POINT('',(-792.670123150674,-400.,150.));
#6358=CARTESIAN_POINT('',(-792.670123150673,794.060717870599,150.));
#6359=CARTESIAN_POINT('',(-792.670123150674,-202.9696410647,150.));
#6360=CARTESIAN_POINT('',(-792.670123150674,-400.,140.));
#6361=CARTESIAN_POINT('',(-792.670123150674,-400.,150.));
#6362=CARTESIAN_POINT('',(-792.670123150673,494.016560917599,140.));
#6363=CARTESIAN_POINT('',(-792.670123150673,494.016560917599,140.));
#6364=CARTESIAN_POINT('',(-792.670123150673,494.016560917599,150.));
#6365=CARTESIAN_POINT('',(-792.670123150673,794.060717870599,150.));
#6366=CARTESIAN_POINT('Origin',(-602.670123150673,794.060717870599,150.));
#6367=CARTESIAN_POINT('',(-602.670123150673,984.060717870599,150.));
#6368=CARTESIAN_POINT('Origin',(-602.670123150673,794.060717870599,150.));
#6369=CARTESIAN_POINT('',(-602.670123150673,984.060717870599,150.));
#6370=CARTESIAN_POINT('Origin',(-602.670123150673,984.060717870599,150.));
#6371=CARTESIAN_POINT('',(-99.9999999999999,984.060717870599,150.));
#6372=CARTESIAN_POINT('',(-302.670123150674,984.060717870599,150.));
#6373=CARTESIAN_POINT('',(-99.9999999999999,984.060717870599,150.));
#6374=CARTESIAN_POINT('Origin',(-100.,494.016560917599,150.));
#6375=CARTESIAN_POINT('',(-150.,494.016560917599,140.));
#6376=CARTESIAN_POINT('',(-100.,494.016560917599,140.));
#6377=CARTESIAN_POINT('',(-273.167530787669,494.016560917599,140.));
#6378=CARTESIAN_POINT('',(-100.,494.016560917599,150.));
#6379=CARTESIAN_POINT('',(-737.329876849326,494.0165609176,140.));
#6380=CARTESIAN_POINT('',(-273.167530787669,494.016560917599,140.));
#6381=CARTESIAN_POINT('',(-737.329876849326,494.0165609176,130.));
#6382=CARTESIAN_POINT('',(-737.329876849326,494.016560917599,150.));
#6383=CARTESIAN_POINT('',(-150.,494.016560917599,130.));
#6384=CARTESIAN_POINT('',(-271.832469212332,494.016560917599,130.));
#6385=CARTESIAN_POINT('',(-150.,494.016560917599,150.));
#6386=CARTESIAN_POINT('Origin',(443.664938424663,739.038639394099,50.));
#6387=CARTESIAN_POINT('',(100.,984.060717870599,50.));
#6388=CARTESIAN_POINT('',(597.329876849326,984.060717870599,50.));
#6389=CARTESIAN_POINT('',(597.329876849326,984.060717870599,50.));
#6390=CARTESIAN_POINT('',(100.,800.,50.));
#6391=CARTESIAN_POINT('',(100.,994.060717870599,50.));
#6392=CARTESIAN_POINT('',(99.9999999999999,494.016560917599,50.));
#6393=CARTESIAN_POINT('',(100.,994.060717870599,50.));
#6394=CARTESIAN_POINT('',(787.329876849327,494.0165609176,50.));
#6395=CARTESIAN_POINT('',(-2.67012315067387,494.016560917599,50.));
#6396=CARTESIAN_POINT('',(787.329876849327,794.060717870599,50.));
#6397=CARTESIAN_POINT('',(787.329876849327,494.0165609176,50.));
#6398=CARTESIAN_POINT('Origin',(597.329876849326,794.060717870599,50.));
#6399=CARTESIAN_POINT('Origin',(100.,984.060717870599,150.));
#6400=CARTESIAN_POINT('',(100.,984.060717870599,150.));
#6401=CARTESIAN_POINT('',(597.329876849326,984.060717870599,150.));
#6402=CARTESIAN_POINT('',(48.6649384246629,984.060717870599,150.));
#6403=CARTESIAN_POINT('',(100.,984.060717870599,150.));
#6404=CARTESIAN_POINT('',(597.329876849326,984.060717870599,150.));
#6405=CARTESIAN_POINT('Origin',(597.329876849326,794.060717870599,150.));
#6406=CARTESIAN_POINT('',(787.329876849327,794.060717870599,150.));
#6407=CARTESIAN_POINT('Origin',(597.329876849326,794.060717870599,150.));
#6408=CARTESIAN_POINT('',(787.329876849327,794.060717870599,150.));
#6409=CARTESIAN_POINT('Origin',(787.329876849327,794.060717870599,150.));
#6410=CARTESIAN_POINT('',(787.329876849327,-400.,150.));
#6411=CARTESIAN_POINT('',(787.329876849327,244.0386393941,150.));
#6412=CARTESIAN_POINT('',(787.329876849327,494.0165609176,140.));
#6413=CARTESIAN_POINT('',(787.329876849327,494.0165609176,150.));
#6414=CARTESIAN_POINT('',(787.329876849327,-400.,140.));
#6415=CARTESIAN_POINT('',(787.329876849327,-400.,140.));
#6416=CARTESIAN_POINT('',(787.329876849327,-400.,150.));
#6417=CARTESIAN_POINT('Origin',(787.329876849327,494.0165609176,150.));
#6418=CARTESIAN_POINT('',(737.329876849326,494.0165609176,140.));
#6419=CARTESIAN_POINT('',(615.497407636995,494.0165609176,140.));
#6420=CARTESIAN_POINT('',(99.9999999999999,494.016560917599,140.));
#6421=CARTESIAN_POINT('',(99.9999999999999,494.016560917599,150.));
#6422=CARTESIAN_POINT('',(150.,494.016560917599,140.));
#6423=CARTESIAN_POINT('',(615.497407636995,494.0165609176,140.));
#6424=CARTESIAN_POINT('',(150.,494.016560917599,130.));
#6425=CARTESIAN_POINT('',(150.,494.016560917599,150.));
#6426=CARTESIAN_POINT('',(737.329876849326,494.0165609176,130.));
#6427=CARTESIAN_POINT('',(615.497407636995,494.0165609176,130.));
#6428=CARTESIAN_POINT('',(737.329876849326,494.0165609176,150.));
#6429=CARTESIAN_POINT('Origin',(100.,494.016560917599,150.));
#6430=CARTESIAN_POINT('',(100.,800.,150.));
#6431=CARTESIAN_POINT('',(100.,800.,150.));
#6432=CARTESIAN_POINT('',(100.,244.038639394099,150.));
#6433=CARTESIAN_POINT('Origin',(-443.664938424663,72.0082804587998,130.));
#6434=CARTESIAN_POINT('',(-150.,-350.,130.));
#6435=CARTESIAN_POINT('',(-150.,-350.,130.));
#6436=CARTESIAN_POINT('',(-737.329876849327,-350.,130.));
#6437=CARTESIAN_POINT('',(-737.329876849326,494.0165609176,130.));
#6438=CARTESIAN_POINT('',(-737.329876849327,-350.,130.));
#6439=CARTESIAN_POINT('Origin',(-150.,494.016560917599,150.));
#6440=CARTESIAN_POINT('',(-150.,-350.,140.));
#6441=CARTESIAN_POINT('',(-150.,270.5124206882,140.));
#6442=CARTESIAN_POINT('',(-150.,-350.,150.));
#6443=CARTESIAN_POINT('Origin',(-150.,-350.,150.));
#6444=CARTESIAN_POINT('',(-737.329876849327,-350.,140.));
#6445=CARTESIAN_POINT('',(-298.167530787668,-350.,140.));
#6446=CARTESIAN_POINT('',(-737.329876849327,-350.,150.));
#6447=CARTESIAN_POINT('Origin',(443.664938424663,72.0082804587999,130.));
#6448=CARTESIAN_POINT('',(737.329876849327,-350.,130.));
#6449=CARTESIAN_POINT('',(737.329876849327,-350.,130.));
#6450=CARTESIAN_POINT('',(150.,-350.,130.));
#6451=CARTESIAN_POINT('',(150.,494.016560917599,130.));
#6452=CARTESIAN_POINT('',(150.,-350.,130.));
#6453=CARTESIAN_POINT('Origin',(737.329876849326,494.0165609176,150.));
#6454=CARTESIAN_POINT('',(737.329876849327,-350.,140.));
#6455=CARTESIAN_POINT('',(737.329876849326,270.5124206882,140.));
#6456=CARTESIAN_POINT('',(737.329876849327,-350.,150.));
#6457=CARTESIAN_POINT('Origin',(737.329876849327,-350.,150.));
#6458=CARTESIAN_POINT('',(150.,-350.,140.));
#6459=CARTESIAN_POINT('',(590.497407636995,-350.,140.));
#6460=CARTESIAN_POINT('',(150.,-350.,150.));
#6461=CARTESIAN_POINT('Origin',(150.,-350.,150.));
#6462=CARTESIAN_POINT('',(150.,-151.4958597706,140.));
#6463=CARTESIAN_POINT('Origin',(-2.6701231506739,-5.93928212940071,150.));
#6464=CARTESIAN_POINT('',(-692.670123150674,-1005.9392821294,150.));
#6465=CARTESIAN_POINT('',(-99.9999999999999,800.,150.));
#6466=CARTESIAN_POINT('',(-51.3350615753369,800.,150.));
#6467=CARTESIAN_POINT('',(48.6649384246632,-400.,150.));
#6468=CARTESIAN_POINT('',(-100.,244.038639394099,150.));
#6469=CARTESIAN_POINT('Origin',(-737.329876849327,-350.,150.));
#6470=CARTESIAN_POINT('',(-737.329876849326,-151.4958597706,140.));
#6471=CARTESIAN_POINT('Origin',(443.664938424663,47.0082804587999,140.));
#6472=CARTESIAN_POINT('',(100.,-400.,140.));
#6473=CARTESIAN_POINT('',(100.,994.060717870599,140.));
#6474=CARTESIAN_POINT('',(-792.670123150674,-400.,140.));
#6475=CARTESIAN_POINT('Origin',(787.329876849327,-400.,150.));
#6476=CARTESIAN_POINT('',(100.,-400.,20.));
#6477=CARTESIAN_POINT('',(100.,-400.,150.));
#6478=CARTESIAN_POINT('',(-100.,-400.,20.));
#6479=CARTESIAN_POINT('',(-100.,-400.,20.));
#6480=CARTESIAN_POINT('',(-100.,-400.,140.));
#6481=CARTESIAN_POINT('',(-100.,-400.,150.));
#6482=CARTESIAN_POINT('',(-792.670123150674,-400.,140.));
#6483=CARTESIAN_POINT('Origin',(-446.335061575337,47.0082804587999,140.));
#6484=CARTESIAN_POINT('',(-100.,-400.,140.));
#6485=CARTESIAN_POINT('Origin',(0.,-100.,10.));
#6486=CARTESIAN_POINT('',(75.,0.,10.));
#6487=CARTESIAN_POINT('',(-75.,0.,10.));
#6488=CARTESIAN_POINT('',(-75.,0.,10.));
#6489=CARTESIAN_POINT('',(75.,-200.,10.));
#6490=CARTESIAN_POINT('',(75.,0.,10.));
#6491=CARTESIAN_POINT('',(-75.,-200.,10.));
#6492=CARTESIAN_POINT('',(75.,-200.,10.));
#6493=CARTESIAN_POINT('',(-75.,-200.,10.));
#6494=CARTESIAN_POINT('',(-17.6712237612058,-99.0987471228862,10.));
#6495=CARTESIAN_POINT('Origin',(-0.17122376120576,-99.0987471228862,10.));
#6496=CARTESIAN_POINT('',(40.8072023771139,-39.8287762387943,10.));
#6497=CARTESIAN_POINT('Origin',(45.9012528771139,-39.8287762387943,10.));
#6498=CARTESIAN_POINT('',(40.8072023771138,-159.828776238794,10.));
#6499=CARTESIAN_POINT('Origin',(45.9012528771138,-159.828776238794,10.));
#6500=CARTESIAN_POINT('',(-49.1927976228861,-159.828776238794,10.));
#6501=CARTESIAN_POINT('Origin',(-44.0987471228861,-159.828776238794,10.));
#6502=CARTESIAN_POINT('',(-49.1927976228862,-39.8287762387943,10.));
#6503=CARTESIAN_POINT('Origin',(-44.0987471228862,-39.8287762387943,10.));
#6504=CARTESIAN_POINT('Origin',(75.,0.,0.));
#6505=CARTESIAN_POINT('',(75.,0.,0.));
#6506=CARTESIAN_POINT('',(-75.,0.,0.));
#6507=CARTESIAN_POINT('Origin',(-75.,0.,0.));
#6508=CARTESIAN_POINT('',(-75.,-200.,0.));
#6509=CARTESIAN_POINT('Origin',(-75.,-200.,0.));
#6510=CARTESIAN_POINT('',(75.,-200.,0.));
#6511=CARTESIAN_POINT('Origin',(75.,-200.,0.));
#6512=CARTESIAN_POINT('Origin',(-99.9999999999999,984.060717870599,150.));
#6513=CARTESIAN_POINT('',(-100.,800.,150.));
#6514=CARTESIAN_POINT('Origin',(1.4210854715202E-13,150.,20.));
#6515=CARTESIAN_POINT('',(100.,800.,20.));
#6516=CARTESIAN_POINT('',(100.,-400.,20.));
#6517=CARTESIAN_POINT('',(-99.9999999999999,800.,20.));
#6518=CARTESIAN_POINT('',(100.,800.,20.));
#6519=CARTESIAN_POINT('',(-100.,700.,20.));
#6520=CARTESIAN_POINT('',(-17.6712237612058,-99.0987471228862,20.));
#6521=CARTESIAN_POINT('Origin',(-0.17122376120576,-99.0987471228862,20.));
#6522=CARTESIAN_POINT('',(40.8072023771139,-39.8287762387943,20.));
#6523=CARTESIAN_POINT('Origin',(45.9012528771139,-39.8287762387943,20.));
#6524=CARTESIAN_POINT('',(40.8072023771138,-159.828776238794,20.));
#6525=CARTESIAN_POINT('Origin',(45.9012528771138,-159.828776238794,20.));
#6526=CARTESIAN_POINT('',(-49.1927976228861,-159.828776238794,20.));
#6527=CARTESIAN_POINT('Origin',(-44.0987471228861,-159.828776238794,20.));
#6528=CARTESIAN_POINT('',(-49.1927976228862,-39.8287762387943,20.));
#6529=CARTESIAN_POINT('Origin',(-44.0987471228862,-39.8287762387943,20.));
#6530=CARTESIAN_POINT('Origin',(-100.,-400.,150.));
#6531=CARTESIAN_POINT('',(-99.9999999999999,800.,150.));
#6532=CARTESIAN_POINT('Origin',(-99.9999999999999,800.,150.));
#6533=CARTESIAN_POINT('',(100.,800.,150.));
#6534=CARTESIAN_POINT('Origin',(100.,800.,150.));
#6535=CARTESIAN_POINT('Origin',(-44.0987471228862,-39.8287762387943,7.));
#6536=CARTESIAN_POINT('',(-49.1927976228862,-39.8287762387943,7.));
#6537=CARTESIAN_POINT('Origin',(-44.0987471228861,-159.828776238794,7.));
#6538=CARTESIAN_POINT('',(-49.1927976228861,-159.828776238794,7.));
#6539=CARTESIAN_POINT('Origin',(45.9012528771138,-159.828776238794,7.));
#6540=CARTESIAN_POINT('',(40.8072023771138,-159.828776238794,7.));
#6541=CARTESIAN_POINT('Origin',(45.9012528771139,-39.8287762387943,7.));
#6542=CARTESIAN_POINT('',(40.8072023771139,-39.8287762387943,7.));
#6543=CARTESIAN_POINT('Origin',(-0.17122376120576,-99.0987471228862,7.));
#6544=CARTESIAN_POINT('',(-17.6712237612058,-99.0987471228862,7.));
#6545=CARTESIAN_POINT('Origin',(-692.670123150674,-1000.9392821294,95.));
#6546=CARTESIAN_POINT('',(-152.670123150674,-1005.9392821294,50.2786404500042));
#6547=CARTESIAN_POINT('',(-152.670123150674,-1045.9392821294,95.));
#6548=CARTESIAN_POINT('Origin',(-152.670123150674,-1000.9392821294,95.));
#6549=CARTESIAN_POINT('',(-692.670123150674,-1045.9392821294,95.));
#6550=CARTESIAN_POINT('',(-692.670123150674,-1005.9392821294,50.2786404500042));
#6551=CARTESIAN_POINT('Origin',(-692.670123150674,-1045.9392821294,105.));
#6552=CARTESIAN_POINT('',(147.329876849326,-1045.9392821294,105.));
#6553=CARTESIAN_POINT('',(147.329876849326,-1045.9392821294,127.5));
#6554=CARTESIAN_POINT('',(-692.670123150674,-1045.9392821294,105.));
#6555=CARTESIAN_POINT('Origin',(-692.670123150674,-1045.9392821294,105.));
#6556=CARTESIAN_POINT('',(-152.670123150674,-1045.9392821294,105.));
#6557=CARTESIAN_POINT('',(-152.670123150674,-1045.9392821294,77.5));
#6558=CARTESIAN_POINT('',(-692.670123150674,-1045.9392821294,105.));
#6559=CARTESIAN_POINT('Origin',(-692.670123150674,-1005.9392821294,0.));
#6560=CARTESIAN_POINT('',(147.329876849326,-1005.9392821294,55.3137303340311));
#6561=CARTESIAN_POINT('',(147.329876849326,-1005.9392821294,50.));
#6562=CARTESIAN_POINT('',(-152.670123150674,-1005.9392821294,55.3137303340311));
#6563=CARTESIAN_POINT('',(-692.670123150674,-1005.9392821294,55.3137303340311));
#6564=CARTESIAN_POINT('',(-152.670123150674,-1005.9392821294,150.));
#6565=CARTESIAN_POINT('Origin',(-692.670123150674,-1000.9392821294,105.));
#6566=CARTESIAN_POINT('',(147.329876849326,-1005.9392821294,149.721359549996));
#6567=CARTESIAN_POINT('Origin',(147.329876849326,-1000.9392821294,105.));
#6568=CARTESIAN_POINT('',(-692.670123150674,-1005.9392821294,149.721359549996));
#6569=CARTESIAN_POINT('Origin',(-692.670123150674,-1000.9392821294,105.));
#6570=CARTESIAN_POINT('',(-152.670123150674,-1005.9392821294,149.721359549996));
#6571=CARTESIAN_POINT('Origin',(-152.670123150674,-1000.9392821294,105.));
#6572=CARTESIAN_POINT('',(-692.670123150674,-1005.9392821294,149.721359549996));
#6573=CARTESIAN_POINT('Origin',(-692.670123150674,-1005.9392821294,0.));
#6574=CARTESIAN_POINT('',(-152.670123150674,-1005.9392821294,144.686269665969));
#6575=CARTESIAN_POINT('',(-152.670123150674,-1005.9392821294,150.));
#6576=CARTESIAN_POINT('',(147.329876849326,-1005.9392821294,144.686269665969));
#6577=CARTESIAN_POINT('',(-692.670123150674,-1005.9392821294,144.686269665969));
#6578=CARTESIAN_POINT('',(147.329876849326,-1005.9392821294,50.));
#6579=CARTESIAN_POINT('Origin',(0.,989.060717870599,95.));
#6580=CARTESIAN_POINT('',(597.329876849326,1029.0607178706,95.));
#6581=CARTESIAN_POINT('',(-602.670123150674,1029.0607178706,95.));
#6582=CARTESIAN_POINT('',(597.329876849326,1029.0607178706,95.));
#6583=CARTESIAN_POINT('',(-602.670123150673,989.060717870599,55.));
#6584=CARTESIAN_POINT('Origin',(-602.670123150674,989.060717870599,95.));
#6585=CARTESIAN_POINT('',(-94.9999999999999,989.060717870599,55.));
#6586=CARTESIAN_POINT('',(0.,989.060717870599,55.));
#6587=CARTESIAN_POINT('',(95.0000000000001,989.060717870599,55.));
#6588=CARTESIAN_POINT('',(0.,989.060717870599,55.));
#6589=CARTESIAN_POINT('',(597.329876849326,989.060717870599,55.));
#6590=CARTESIAN_POINT('',(0.,989.060717870599,55.));
#6591=CARTESIAN_POINT('Origin',(597.329876849326,989.0607178706,95.));
#6592=CARTESIAN_POINT('Origin',(597.329876849326,794.060717870599,150.));
#6593=CARTESIAN_POINT('',(792.329876849326,794.060717870599,55.));
#6594=CARTESIAN_POINT('Origin',(597.329876849326,794.0607178706,55.));
#6595=CARTESIAN_POINT('',(597.329876849326,989.060717870599,145.));
#6596=CARTESIAN_POINT('',(597.329876849326,989.060717870599,150.));
#6597=CARTESIAN_POINT('',(792.329876849326,794.0607178706,145.));
#6598=CARTESIAN_POINT('Origin',(597.329876849326,794.060717870599,145.));
#6599=CARTESIAN_POINT('',(792.329876849327,794.060717870599,150.));
#6600=CARTESIAN_POINT('Origin',(0.,989.060717870599,105.));
#6601=CARTESIAN_POINT('',(-602.670123150674,989.060717870599,145.));
#6602=CARTESIAN_POINT('',(-94.9999999999999,989.060717870599,145.));
#6603=CARTESIAN_POINT('',(-302.670123150674,989.060717870599,145.));
#6604=CARTESIAN_POINT('',(-602.670123150674,1029.0607178706,105.));
#6605=CARTESIAN_POINT('Origin',(-602.670123150674,989.060717870599,105.));
#6606=CARTESIAN_POINT('',(597.329876849326,1029.0607178706,105.));
#6607=CARTESIAN_POINT('',(1.1789911403696E-15,1029.0607178706,105.));
#6608=CARTESIAN_POINT('Origin',(597.329876849326,989.0607178706,105.));
#6609=CARTESIAN_POINT('',(95.0000000000001,989.060717870599,145.));
#6610=CARTESIAN_POINT('',(48.6649384246629,989.060717870599,145.));
#6611=CARTESIAN_POINT('',(297.329876849326,989.060717870599,145.));
#6612=CARTESIAN_POINT('Origin',(95.,494.016560917599,150.));
#6613=CARTESIAN_POINT('',(95.,805.,145.));
#6614=CARTESIAN_POINT('',(95.0000000000001,805.,45.));
#6615=CARTESIAN_POINT('',(95.0000000000001,805.,150.));
#6616=CARTESIAN_POINT('',(95.,244.038639394099,145.));
#6617=CARTESIAN_POINT('',(95.0000000000001,989.060717870599,150.));
#6618=CARTESIAN_POINT('',(95.0000000000001,989.060717870599,45.));
#6619=CARTESIAN_POINT('',(95.,989.060717870599,75.));
#6620=CARTESIAN_POINT('',(95.,616.527600155849,45.));
#6621=CARTESIAN_POINT('Origin',(1.1789911403696E-15,1029.0607178706,105.));
#6622=CARTESIAN_POINT('',(597.329876849326,1029.0607178706,95.));
#6623=CARTESIAN_POINT('',(-602.670123150674,1029.0607178706,95.));
#6624=CARTESIAN_POINT('Origin',(597.329876849326,794.0607178706,95.));
#6625=CARTESIAN_POINT('',(832.329876849326,794.0607178706,95.));
#6626=CARTESIAN_POINT('Origin',(792.329876849326,794.0607178706,95.));
#6627=CARTESIAN_POINT('Origin',(597.329876849327,794.0607178706,95.));
#6628=CARTESIAN_POINT('Origin',(597.329876849326,989.060717870599,0.));
#6629=CARTESIAN_POINT('',(-602.670123150673,989.060717870599,45.));
#6630=CARTESIAN_POINT('',(-94.9999999999999,989.060717870599,45.));
#6631=CARTESIAN_POINT('',(-524.502592363005,989.060717870599,45.));
#6632=CARTESIAN_POINT('',(-602.670123150673,989.060717870599,10.));
#6633=CARTESIAN_POINT('',(-602.670123150673,989.060717870599,0.));
#6634=CARTESIAN_POINT('',(597.329876849326,989.060717870599,10.));
#6635=CARTESIAN_POINT('',(297.329876849326,989.060717870599,10.));
#6636=CARTESIAN_POINT('',(597.329876849326,989.060717870599,45.));
#6637=CARTESIAN_POINT('',(597.329876849326,989.060717870599,0.));
#6638=CARTESIAN_POINT('',(271.832469212332,989.060717870599,45.));
#6639=CARTESIAN_POINT('',(-95.,989.060717870599,75.));
#6640=CARTESIAN_POINT('Origin',(-602.670123150673,989.060717870599,150.));
#6641=CARTESIAN_POINT('',(-602.670123150673,989.060717870599,150.));
#6642=CARTESIAN_POINT('',(-94.9999999999999,989.060717870599,150.));
#6643=CARTESIAN_POINT('Origin',(-602.670123150674,794.060717870599,95.));
#6644=CARTESIAN_POINT('',(-837.670123150674,794.060717870599,95.));
#6645=CARTESIAN_POINT('',(-797.670123150674,794.060717870599,55.));
#6646=CARTESIAN_POINT('Origin',(-797.670123150674,794.060717870599,95.));
#6647=CARTESIAN_POINT('Origin',(-602.670123150674,794.060717870599,55.));
#6648=CARTESIAN_POINT('Origin',(-602.670123150674,794.060717870599,95.));
#6649=CARTESIAN_POINT('Origin',(792.329876849327,794.060717870599,150.));
#6650=CARTESIAN_POINT('',(792.329876849326,489.0165609176,55.));
#6651=CARTESIAN_POINT('',(792.329876849326,-895.9392821294,55.));
#6652=CARTESIAN_POINT('',(792.329876849327,-405.,145.));
#6653=CARTESIAN_POINT('',(792.329876849327,394.060717870599,145.));
#6654=CARTESIAN_POINT('',(792.329876849327,-405.,135.));
#6655=CARTESIAN_POINT('',(792.329876849327,-405.,150.));
#6656=CARTESIAN_POINT('',(792.329876849327,489.0165609176,135.));
#6657=CARTESIAN_POINT('',(792.329876849327,420.5344991647,135.));
#6658=CARTESIAN_POINT('',(792.329876849327,489.0165609176,150.));
#6659=CARTESIAN_POINT('Origin',(597.329876849326,794.0607178706,105.));
#6660=CARTESIAN_POINT('',(832.329876849326,794.0607178706,105.));
#6661=CARTESIAN_POINT('Origin',(597.329876849327,794.0607178706,105.));
#6662=CARTESIAN_POINT('Origin',(792.329876849326,794.0607178706,105.));
#6663=CARTESIAN_POINT('Origin',(-2.6701231506739,-5.93928212940071,145.));
#6664=CARTESIAN_POINT('',(-95.,805.,145.));
#6665=CARTESIAN_POINT('',(-51.3350615753369,805.,145.));
#6666=CARTESIAN_POINT('',(-95.0000000000001,489.060717870599,145.));
#6667=CARTESIAN_POINT('Origin',(-602.670123150674,794.060717870599,105.));
#6668=CARTESIAN_POINT('',(-797.670123150674,794.060717870599,145.));
#6669=CARTESIAN_POINT('Origin',(-602.670123150673,794.060717870599,145.));
#6670=CARTESIAN_POINT('',(-837.670123150674,794.060717870599,105.));
#6671=CARTESIAN_POINT('Origin',(-797.670123150674,794.060717870599,105.));
#6672=CARTESIAN_POINT('Origin',(-602.670123150674,794.060717870599,105.));
#6673=CARTESIAN_POINT('Origin',(-99.9999999999999,805.,150.));
#6674=CARTESIAN_POINT('',(105.,805.,45.));
#6675=CARTESIAN_POINT('',(171.832469212332,805.,45.));
#6676=CARTESIAN_POINT('',(105.,805.,15.));
#6677=CARTESIAN_POINT('',(105.,805.,150.));
#6678=CARTESIAN_POINT('',(-105.,805.,15.));
#6679=CARTESIAN_POINT('',(-49.9999999999999,805.,15.));
#6680=CARTESIAN_POINT('',(-105.,805.,45.));
#6681=CARTESIAN_POINT('',(-105.,805.,150.));
#6682=CARTESIAN_POINT('',(-95.,805.,45.));
#6683=CARTESIAN_POINT('',(-273.167530787668,805.,45.));
#6684=CARTESIAN_POINT('',(-95.,805.,150.));
#6685=CARTESIAN_POINT('Origin',(443.664938424663,739.038639394099,45.));
#6686=CARTESIAN_POINT('',(792.329876849327,794.060717870599,45.));
#6687=CARTESIAN_POINT('Origin',(597.329876849326,794.060717870599,45.));
#6688=CARTESIAN_POINT('',(792.329876849327,489.0165609176,45.));
#6689=CARTESIAN_POINT('',(792.329876849327,766.549678632349,45.));
#6690=CARTESIAN_POINT('',(105.,489.016560917599,45.));
#6691=CARTESIAN_POINT('',(615.497407636995,489.0165609176,45.));
#6692=CARTESIAN_POINT('',(105.,769.51931969705,45.));
#6693=CARTESIAN_POINT('Origin',(-602.670123150674,794.060717870599,100.));
#6694=CARTESIAN_POINT('',(-837.670123150674,794.060717870599,95.));
#6695=CARTESIAN_POINT('Origin',(597.329876849326,794.0607178706,100.));
#6696=CARTESIAN_POINT('',(832.329876849326,794.0607178706,95.));
#6697=CARTESIAN_POINT('Origin',(792.329876849326,-895.9392821294,95.));
#6698=CARTESIAN_POINT('',(832.329876849326,-895.939282129401,95.));
#6699=CARTESIAN_POINT('',(792.329876849326,-895.939282129401,55.));
#6700=CARTESIAN_POINT('Origin',(792.329876849326,-895.9392821294,95.));
#6701=CARTESIAN_POINT('',(832.329876849326,-895.939282129401,95.));
#6702=CARTESIAN_POINT('',(792.329876849326,-895.9392821294,55.));
#6703=CARTESIAN_POINT('Origin',(-446.335061575337,739.038639394099,45.));
#6704=CARTESIAN_POINT('',(-797.670123150673,489.016560917599,45.));
#6705=CARTESIAN_POINT('',(-797.670123150673,794.060717870599,45.));
#6706=CARTESIAN_POINT('',(-797.670123150673,616.527600155849,45.));
#6707=CARTESIAN_POINT('Origin',(-602.670123150673,794.060717870599,45.));
#6708=CARTESIAN_POINT('',(-95.,861.549678632349,45.));
#6709=CARTESIAN_POINT('',(-105.,489.016560917599,45.));
#6710=CARTESIAN_POINT('',(-105.,169.51931969705,45.));
#6711=CARTESIAN_POINT('',(-273.167530787668,489.016560917599,45.));
#6712=CARTESIAN_POINT('Origin',(-94.9999999999999,984.060717870599,150.));
#6713=CARTESIAN_POINT('Origin',(597.329876849326,794.060717870599,0.));
#6714=CARTESIAN_POINT('',(792.329876849327,794.060717870599,10.));
#6715=CARTESIAN_POINT('Origin',(597.329876849326,794.060717870599,10.));
#6716=CARTESIAN_POINT('',(792.329876849327,794.060717870599,0.));
#6717=CARTESIAN_POINT('Origin',(297.329876849326,984.060717870599,10.));
#6718=CARTESIAN_POINT('',(597.329876849326,984.060717870599,5.));
#6719=CARTESIAN_POINT('Origin',(597.329876849326,984.060717870599,10.));
#6720=CARTESIAN_POINT('',(-602.670123150673,984.060717870599,5.));
#6721=CARTESIAN_POINT('Origin',(-602.670123150673,984.060717870599,10.));
#6722=CARTESIAN_POINT('',(297.329876849326,984.060717870599,5.));
#6723=CARTESIAN_POINT('Origin',(-602.670123150673,794.060717870599,0.));
#6724=CARTESIAN_POINT('',(-797.670123150674,794.060717870599,10.));
#6725=CARTESIAN_POINT('',(-797.670123150674,794.060717870599,0.));
#6726=CARTESIAN_POINT('Origin',(-602.670123150673,794.060717870599,10.));
#6727=CARTESIAN_POINT('Origin',(-602.670123150673,794.060717870599,150.));
#6728=CARTESIAN_POINT('',(-797.670123150673,794.060717870599,150.));
#6729=CARTESIAN_POINT('Origin',(-797.670123150674,794.060717870599,95.));
#6730=CARTESIAN_POINT('',(-797.670123150675,-895.939282129401,55.));
#6731=CARTESIAN_POINT('',(-797.670123150673,489.016560917599,55.));
#6732=CARTESIAN_POINT('',(-797.670123150674,794.060717870599,55.));
#6733=CARTESIAN_POINT('',(-797.670123150674,794.060717870599,55.));
#6734=CARTESIAN_POINT('',(-837.670123150674,-895.939282129401,95.));
#6735=CARTESIAN_POINT('',(-837.670123150674,794.060717870599,95.));
#6736=CARTESIAN_POINT('Origin',(-797.670123150674,-895.939282129401,95.));
#6737=CARTESIAN_POINT('Origin',(787.329876849327,489.0165609176,150.));
#6738=CARTESIAN_POINT('',(742.329876849326,489.0165609176,135.));
#6739=CARTESIAN_POINT('',(615.497407636995,489.0165609176,135.));
#6740=CARTESIAN_POINT('',(742.329876849326,489.0165609176,125.));
#6741=CARTESIAN_POINT('',(742.329876849326,489.0165609176,150.));
#6742=CARTESIAN_POINT('',(145.,489.016560917599,125.));
#6743=CARTESIAN_POINT('',(615.497407636995,489.0165609176,125.));
#6744=CARTESIAN_POINT('',(145.,489.016560917599,135.));
#6745=CARTESIAN_POINT('',(145.,489.016560917599,150.));
#6746=CARTESIAN_POINT('',(105.,489.016560917599,135.));
#6747=CARTESIAN_POINT('',(615.497407636995,489.0165609176,135.));
#6748=CARTESIAN_POINT('',(105.,489.016560917599,150.));
#6749=CARTESIAN_POINT('',(792.329876849327,489.0165609176,75.));
#6750=CARTESIAN_POINT('Origin',(443.664938424663,47.0082804587999,135.));
#6751=CARTESIAN_POINT('',(105.,-405.,135.));
#6752=CARTESIAN_POINT('',(615.497407636995,-405.,135.));
#6753=CARTESIAN_POINT('',(105.,423.5041402294,135.));
#6754=CARTESIAN_POINT('',(145.,-355.,135.));
#6755=CARTESIAN_POINT('',(145.,-151.4958597706,135.));
#6756=CARTESIAN_POINT('',(742.329876849327,-355.,135.));
#6757=CARTESIAN_POINT('',(590.497407636995,-355.,135.));
#6758=CARTESIAN_POINT('',(742.329876849326,270.5124206882,135.));
#6759=CARTESIAN_POINT('Origin',(787.329876849327,-405.,150.));
#6760=CARTESIAN_POINT('',(-797.670123150674,-405.,145.));
#6761=CARTESIAN_POINT('',(392.329876849326,-405.,145.));
#6762=CARTESIAN_POINT('',(-797.670123150674,-405.,135.));
#6763=CARTESIAN_POINT('',(-797.670123150674,-405.,150.));
#6764=CARTESIAN_POINT('',(-105.,-405.,135.));
#6765=CARTESIAN_POINT('',(170.497407636995,-405.,135.));
#6766=CARTESIAN_POINT('',(-105.,-405.,15.));
#6767=CARTESIAN_POINT('',(-105.,-405.,150.));
#6768=CARTESIAN_POINT('',(105.,-405.,15.));
#6769=CARTESIAN_POINT('',(393.664938424663,-405.,15.));
#6770=CARTESIAN_POINT('',(105.,-405.,150.));
#6771=CARTESIAN_POINT('Origin',(792.329876849326,-895.9392821294,105.));
#6772=CARTESIAN_POINT('',(792.329876849326,-895.9392821294,145.));
#6773=CARTESIAN_POINT('',(832.329876849326,-895.939282129401,105.));
#6774=CARTESIAN_POINT('Origin',(792.329876849326,-895.9392821294,105.));
#6775=CARTESIAN_POINT('',(792.329876849326,-450.939282129401,145.));
#6776=CARTESIAN_POINT('',(832.329876849326,-895.939282129401,105.));
#6777=CARTESIAN_POINT('Origin',(-797.670123150674,794.060717870599,105.));
#6778=CARTESIAN_POINT('',(-797.670123150674,794.060717870599,145.));
#6779=CARTESIAN_POINT('',(-797.670123150674,-895.9392821294,145.));
#6780=CARTESIAN_POINT('',(-797.670123150674,394.060717870599,145.));
#6781=CARTESIAN_POINT('',(-837.670123150674,-895.939282129401,105.));
#6782=CARTESIAN_POINT('Origin',(-797.670123150674,-895.939282129401,105.));
#6783=CARTESIAN_POINT('',(-837.670123150674,794.060717870599,105.));
#6784=CARTESIAN_POINT('Origin',(-105.,-400.,150.));
#6785=CARTESIAN_POINT('',(-105.,489.016560917599,135.));
#6786=CARTESIAN_POINT('',(-105.,489.016560917599,150.));
#6787=CARTESIAN_POINT('',(-105.,-125.,15.));
#6788=CARTESIAN_POINT('',(-105.,-176.4958597706,135.));
#6789=CARTESIAN_POINT('Origin',(1.4210854715202E-13,150.,15.));
#6790=CARTESIAN_POINT('',(105.,475.,15.));
#6791=CARTESIAN_POINT('',(80.,5.,15.));
#6792=CARTESIAN_POINT('',(-80.,5.,15.));
#6793=CARTESIAN_POINT('',(37.5,5.,15.));
#6794=CARTESIAN_POINT('',(-80.,-205.,15.));
#6795=CARTESIAN_POINT('',(-80.,-50.,15.));
#6796=CARTESIAN_POINT('',(80.,-205.,15.));
#6797=CARTESIAN_POINT('',(-37.5,-205.,15.));
#6798=CARTESIAN_POINT('',(80.,-150.,15.));
#6799=CARTESIAN_POINT('Origin',(105.,800.,150.));
#6800=CARTESIAN_POINT('Origin',(792.329876849326,-895.9392821294,0.));
#6801=CARTESIAN_POINT('',(792.329876849326,-895.9392821294,10.));
#6802=CARTESIAN_POINT('',(792.329876849326,-450.939282129401,10.));
#6803=CARTESIAN_POINT('',(792.329876849326,-895.9392821294,0.));
#6804=CARTESIAN_POINT('Origin',(-837.670123150674,794.060717870599,105.));
#6805=CARTESIAN_POINT('',(-837.670123150674,-895.939282129401,95.));
#6806=CARTESIAN_POINT('Origin',(832.329876849326,-895.9392821294,105.));
#6807=CARTESIAN_POINT('',(832.329876849326,-895.9392821294,95.));
#6808=CARTESIAN_POINT('Origin',(687.329876849327,-895.939282129401,95.));
#6809=CARTESIAN_POINT('',(687.329876849326,-1040.9392821294,95.));
#6810=CARTESIAN_POINT('',(687.329876849326,-1000.9392821294,55.));
#6811=CARTESIAN_POINT('Origin',(687.329876849327,-1000.9392821294,95.));
#6812=CARTESIAN_POINT('Origin',(687.329876849326,-895.939282129401,95.));
#6813=CARTESIAN_POINT('Origin',(687.329876849327,-895.939282129401,55.));
#6814=CARTESIAN_POINT('Origin',(-797.670123150674,794.060717870599,0.));
#6815=CARTESIAN_POINT('',(-797.670123150674,489.016560917599,75.));
#6816=CARTESIAN_POINT('',(-797.670123150674,-895.9392821294,10.));
#6817=CARTESIAN_POINT('',(-797.670123150674,-895.9392821294,0.));
#6818=CARTESIAN_POINT('',(-797.670123150674,394.060717870599,10.));
#6819=CARTESIAN_POINT('Origin',(-100.,489.016560917599,150.));
#6820=CARTESIAN_POINT('',(-145.,489.016560917599,135.));
#6821=CARTESIAN_POINT('',(-273.167530787669,489.016560917599,135.));
#6822=CARTESIAN_POINT('',(-145.,489.016560917599,125.));
#6823=CARTESIAN_POINT('',(-145.,489.016560917599,150.));
#6824=CARTESIAN_POINT('',(-742.329876849326,489.016560917599,125.));
#6825=CARTESIAN_POINT('',(-271.832469212332,489.016560917599,125.));
#6826=CARTESIAN_POINT('',(-742.329876849326,489.016560917599,135.));
#6827=CARTESIAN_POINT('',(-742.329876849326,489.016560917599,150.));
#6828=CARTESIAN_POINT('',(-797.670123150673,489.016560917599,135.));
#6829=CARTESIAN_POINT('',(-273.167530787669,489.016560917599,135.));
#6830=CARTESIAN_POINT('',(-797.670123150673,489.016560917599,150.));
#6831=CARTESIAN_POINT('Origin',(597.329876849326,794.060717870599,10.));
#6832=CARTESIAN_POINT('',(787.329876849327,794.060717870599,5.));
#6833=CARTESIAN_POINT('Origin',(597.329876849326,794.060717870599,5.));
#6834=CARTESIAN_POINT('Origin',(787.329876849327,794.060717870599,10.));
#6835=CARTESIAN_POINT('Origin',(-2.6701231506739,-5.93928212940071,5.));
#6836=CARTESIAN_POINT('',(-792.670123150673,794.060717870599,5.));
#6837=CARTESIAN_POINT('Origin',(-602.670123150673,794.060717870599,5.));
#6838=CARTESIAN_POINT('',(-792.670123150674,-895.9392821294,5.));
#6839=CARTESIAN_POINT('',(-792.670123150674,394.060717870599,5.));
#6840=CARTESIAN_POINT('',(-692.670123150674,-995.9392821294,5.));
#6841=CARTESIAN_POINT('Origin',(-692.670123150674,-895.9392821294,5.));
#6842=CARTESIAN_POINT('',(687.329876849326,-995.939282129401,5.));
#6843=CARTESIAN_POINT('',(-347.670123150674,-995.939282129401,5.));
#6844=CARTESIAN_POINT('',(787.329876849326,-895.9392821294,5.));
#6845=CARTESIAN_POINT('Origin',(687.329876849326,-895.9392821294,5.));
#6846=CARTESIAN_POINT('',(787.329876849326,-450.939282129401,5.));
#6847=CARTESIAN_POINT('',(80.,-205.,5.));
#6848=CARTESIAN_POINT('',(80.,5.,5.));
#6849=CARTESIAN_POINT('',(80.,-102.9696410647,5.));
#6850=CARTESIAN_POINT('',(-80.,-205.,5.));
#6851=CARTESIAN_POINT('',(-38.835061575337,-205.,5.));
#6852=CARTESIAN_POINT('',(-80.,5.,5.));
#6853=CARTESIAN_POINT('',(-80.,-2.96964106470035,5.));
#6854=CARTESIAN_POINT('',(36.164938424663,5.,5.));
#6855=CARTESIAN_POINT('',(-607.329876849327,600.,5.));
#6856=CARTESIAN_POINT('Origin',(-622.329876849327,600.,5.));
#6857=CARTESIAN_POINT('',(-607.329876849327,-3.17907260893324E-13,5.));
#6858=CARTESIAN_POINT('Origin',(-622.329876849327,-3.19744231092045E-13,
5.));
#6859=CARTESIAN_POINT('',(-607.329876849327,-800.,5.));
#6860=CARTESIAN_POINT('Origin',(-622.329876849327,-800.,5.));
#6861=CARTESIAN_POINT('',(637.329876849327,-3.17907260893324E-13,5.));
#6862=CARTESIAN_POINT('Origin',(622.329876849327,-3.19744231092045E-13,
5.));
#6863=CARTESIAN_POINT('',(637.329876849327,-600.,5.));
#6864=CARTESIAN_POINT('Origin',(622.329876849327,-600.,5.));
#6865=CARTESIAN_POINT('',(637.329876849327,-400.,5.));
#6866=CARTESIAN_POINT('Origin',(622.329876849327,-400.,5.));
#6867=CARTESIAN_POINT('',(637.329876849327,400.,5.));
#6868=CARTESIAN_POINT('Origin',(622.329876849327,400.,5.));
#6869=CARTESIAN_POINT('',(-607.329876849327,-600.,5.));
#6870=CARTESIAN_POINT('Origin',(-622.329876849327,-600.,5.));
#6871=CARTESIAN_POINT('',(-607.329876849327,800.,5.));
#6872=CARTESIAN_POINT('Origin',(-622.329876849327,800.,5.));
#6873=CARTESIAN_POINT('',(-607.329876849327,400.,5.));
#6874=CARTESIAN_POINT('Origin',(-622.329876849327,400.,5.));
#6875=CARTESIAN_POINT('',(-607.329876849327,-200.,5.));
#6876=CARTESIAN_POINT('Origin',(-622.329876849327,-200.,5.));
#6877=CARTESIAN_POINT('',(637.329876849327,800.,5.));
#6878=CARTESIAN_POINT('Origin',(622.329876849327,800.,5.));
#6879=CARTESIAN_POINT('',(637.329876849327,200.,5.));
#6880=CARTESIAN_POINT('Origin',(622.329876849327,200.,5.));
#6881=CARTESIAN_POINT('',(637.329876849327,-800.,5.));
#6882=CARTESIAN_POINT('Origin',(622.329876849327,-800.,5.));
#6883=CARTESIAN_POINT('',(637.329876849327,-200.,5.));
#6884=CARTESIAN_POINT('Origin',(622.329876849327,-200.,5.));
#6885=CARTESIAN_POINT('',(637.329876849327,600.,5.));
#6886=CARTESIAN_POINT('Origin',(622.329876849327,600.,5.));
#6887=CARTESIAN_POINT('',(-607.329876849327,-400.,5.));
#6888=CARTESIAN_POINT('Origin',(-622.329876849327,-400.,5.));
#6889=CARTESIAN_POINT('',(-607.329876849327,200.,5.));
#6890=CARTESIAN_POINT('Origin',(-622.329876849327,200.,5.));
#6891=CARTESIAN_POINT('Origin',(-602.670123150673,794.060717870599,10.));
#6892=CARTESIAN_POINT('Origin',(-792.670123150673,794.060717870599,10.));
#6893=CARTESIAN_POINT('Origin',(-797.670123150673,494.016560917599,150.));
#6894=CARTESIAN_POINT('',(-797.670123150674,270.5124206882,135.));
#6895=CARTESIAN_POINT('Origin',(-692.670123150674,-895.939282129401,95.));
#6896=CARTESIAN_POINT('',(-692.670123150674,-1000.9392821294,55.));
#6897=CARTESIAN_POINT('Origin',(-692.670123150674,-895.939282129401,55.));
#6898=CARTESIAN_POINT('',(-692.670123150674,-1040.9392821294,95.));
#6899=CARTESIAN_POINT('Origin',(-692.670123150674,-895.939282129401,95.));
#6900=CARTESIAN_POINT('Origin',(-692.670123150674,-1000.9392821294,95.));
#6901=CARTESIAN_POINT('Origin',(145.,-350.,150.));
#6902=CARTESIAN_POINT('',(145.,-355.,125.));
#6903=CARTESIAN_POINT('',(145.,-138.9958597706,125.));
#6904=CARTESIAN_POINT('',(145.,-355.,150.));
#6905=CARTESIAN_POINT('Origin',(443.664938424663,72.0082804587999,125.));
#6906=CARTESIAN_POINT('',(742.329876849327,-355.,125.));
#6907=CARTESIAN_POINT('',(742.329876849326,283.0124206882,125.));
#6908=CARTESIAN_POINT('',(590.497407636995,-355.,125.));
#6909=CARTESIAN_POINT('Origin',(742.329876849326,494.0165609176,150.));
#6910=CARTESIAN_POINT('',(742.329876849327,-355.,150.));
#6911=CARTESIAN_POINT('Origin',(737.329876849327,-355.,150.));
#6912=CARTESIAN_POINT('Origin',(-2.6701231506739,-5.93928212940071,145.));
#6913=CARTESIAN_POINT('',(687.329876849326,-1000.9392821294,145.));
#6914=CARTESIAN_POINT('Origin',(687.329876849326,-895.9392821294,145.));
#6915=CARTESIAN_POINT('',(-692.670123150674,-1000.9392821294,145.));
#6916=CARTESIAN_POINT('',(-347.670123150674,-1000.9392821294,145.));
#6917=CARTESIAN_POINT('Origin',(-692.670123150674,-895.9392821294,145.));
#6918=CARTESIAN_POINT('Origin',(-446.335061575337,47.0082804587999,135.));
#6919=CARTESIAN_POINT('',(-742.329876849327,-355.,135.));
#6920=CARTESIAN_POINT('',(-742.329876849326,-151.4958597706,135.));
#6921=CARTESIAN_POINT('',(-145.,-355.,135.));
#6922=CARTESIAN_POINT('',(-298.167530787668,-355.,135.));
#6923=CARTESIAN_POINT('',(-145.,270.5124206882,135.));
#6924=CARTESIAN_POINT('Origin',(687.329876849327,-895.939282129401,105.));
#6925=CARTESIAN_POINT('',(687.329876849326,-1040.9392821294,105.));
#6926=CARTESIAN_POINT('Origin',(687.329876849326,-895.939282129401,105.));
#6927=CARTESIAN_POINT('Origin',(687.329876849327,-1000.9392821294,105.));
#6928=CARTESIAN_POINT('Origin',(-692.670123150674,-895.939282129401,105.));
#6929=CARTESIAN_POINT('',(-692.670123150674,-1040.9392821294,105.));
#6930=CARTESIAN_POINT('Origin',(-692.670123150674,-1000.9392821294,105.));
#6931=CARTESIAN_POINT('Origin',(-692.670123150674,-895.939282129401,105.));
#6932=CARTESIAN_POINT('Origin',(75.,5.,0.));
#6933=CARTESIAN_POINT('',(-80.,5.,0.));
#6934=CARTESIAN_POINT('',(80.,5.,0.));
#6935=CARTESIAN_POINT('Origin',(80.,-200.,0.));
#6936=CARTESIAN_POINT('',(80.,-205.,0.));
#6937=CARTESIAN_POINT('Origin',(-75.,-205.,0.));
#6938=CARTESIAN_POINT('',(-80.,-205.,0.));
#6939=CARTESIAN_POINT('Origin',(-80.,0.,0.));
#6940=CARTESIAN_POINT('Origin',(687.329876849326,-895.9392821294,0.));
#6941=CARTESIAN_POINT('',(687.329876849326,-1000.9392821294,10.));
#6942=CARTESIAN_POINT('Origin',(687.329876849326,-895.9392821294,10.));
#6943=CARTESIAN_POINT('',(687.329876849326,-1000.9392821294,0.));
#6944=CARTESIAN_POINT('Origin',(787.329876849326,-450.939282129401,10.));
#6945=CARTESIAN_POINT('Origin',(787.329876849326,-895.9392821294,10.));
#6946=CARTESIAN_POINT('Origin',(-692.670123150674,-895.939282129401,100.));
#6947=CARTESIAN_POINT('',(-692.670123150674,-1040.9392821294,95.));
#6948=CARTESIAN_POINT('Origin',(687.329876849327,-895.939282129401,100.));
#6949=CARTESIAN_POINT('',(687.329876849327,-1040.9392821294,95.));
#6950=CARTESIAN_POINT('Origin',(-792.670123150674,394.060717870599,10.));
#6951=CARTESIAN_POINT('Origin',(-792.670123150674,-895.9392821294,10.));
#6952=CARTESIAN_POINT('Origin',(-692.670123150674,-895.9392821294,0.));
#6953=CARTESIAN_POINT('',(-692.670123150674,-1000.9392821294,10.));
#6954=CARTESIAN_POINT('',(-692.670123150674,-1000.9392821294,0.));
#6955=CARTESIAN_POINT('Origin',(-692.670123150674,-895.9392821294,10.));
#6956=CARTESIAN_POINT('Origin',(-742.329876849327,-350.,150.));
#6957=CARTESIAN_POINT('',(-742.329876849327,-355.,125.));
#6958=CARTESIAN_POINT('',(-742.329876849326,-138.9958597706,125.));
#6959=CARTESIAN_POINT('',(-742.329876849327,-355.,150.));
#6960=CARTESIAN_POINT('Origin',(-443.664938424663,72.0082804587998,125.));
#6961=CARTESIAN_POINT('',(-145.,-355.,125.));
#6962=CARTESIAN_POINT('',(-145.,283.0124206882,125.));
#6963=CARTESIAN_POINT('',(-296.832469212331,-355.,125.));
#6964=CARTESIAN_POINT('Origin',(-145.,494.016560917599,150.));
#6965=CARTESIAN_POINT('',(-145.,-355.,150.));
#6966=CARTESIAN_POINT('Origin',(-622.329876849327,600.,0.));
#6967=CARTESIAN_POINT('',(-607.329876849327,600.,-245.));
#6968=CARTESIAN_POINT('',(-607.329876849327,600.,0.));
#6969=CARTESIAN_POINT('Origin',(-622.329876849327,600.,-245.));
#6970=CARTESIAN_POINT('Origin',(-622.329876849327,-3.19744231092045E-13,
0.));
#6971=CARTESIAN_POINT('',(-607.329876849327,-3.17907260893324E-13,-245.));
#6972=CARTESIAN_POINT('',(-607.329876849327,-3.21581201290766E-13,0.));
#6973=CARTESIAN_POINT('Origin',(-622.329876849327,-3.19744231092045E-13,
-245.));
#6974=CARTESIAN_POINT('Origin',(-622.329876849327,-800.,0.));
#6975=CARTESIAN_POINT('',(-607.329876849327,-800.,-245.));
#6976=CARTESIAN_POINT('',(-607.329876849327,-800.,0.));
#6977=CARTESIAN_POINT('Origin',(-622.329876849327,-800.,-245.));
#6978=CARTESIAN_POINT('Origin',(622.329876849327,-3.19744231092045E-13,
0.));
#6979=CARTESIAN_POINT('',(637.329876849327,-3.17907260893324E-13,-245.));
#6980=CARTESIAN_POINT('',(637.329876849327,-3.21581201290766E-13,0.));
#6981=CARTESIAN_POINT('Origin',(622.329876849327,-3.19744231092045E-13,
-245.));
#6982=CARTESIAN_POINT('Origin',(622.329876849327,-600.,0.));
#6983=CARTESIAN_POINT('',(637.329876849327,-600.,-245.));
#6984=CARTESIAN_POINT('',(637.329876849327,-600.,0.));
#6985=CARTESIAN_POINT('Origin',(622.329876849327,-600.,-245.));
#6986=CARTESIAN_POINT('Origin',(622.329876849327,-400.,0.));
#6987=CARTESIAN_POINT('',(637.329876849327,-400.,-245.));
#6988=CARTESIAN_POINT('',(637.329876849327,-400.,0.));
#6989=CARTESIAN_POINT('Origin',(622.329876849327,-400.,-245.));
#6990=CARTESIAN_POINT('Origin',(622.329876849327,400.,0.));
#6991=CARTESIAN_POINT('',(637.329876849327,400.,-245.));
#6992=CARTESIAN_POINT('',(637.329876849327,400.,0.));
#6993=CARTESIAN_POINT('Origin',(622.329876849327,400.,-245.));
#6994=CARTESIAN_POINT('Origin',(-622.329876849327,-600.,0.));
#6995=CARTESIAN_POINT('',(-607.329876849327,-600.,-245.));
#6996=CARTESIAN_POINT('',(-607.329876849327,-600.,0.));
#6997=CARTESIAN_POINT('Origin',(-622.329876849327,-600.,-245.));
#6998=CARTESIAN_POINT('Origin',(-622.329876849327,800.,0.));
#6999=CARTESIAN_POINT('',(-607.329876849327,800.,-245.));
#7000=CARTESIAN_POINT('',(-607.329876849327,800.,0.));
#7001=CARTESIAN_POINT('Origin',(-622.329876849327,800.,-245.));
#7002=CARTESIAN_POINT('Origin',(-622.329876849327,400.,0.));
#7003=CARTESIAN_POINT('',(-607.329876849327,400.,-245.));
#7004=CARTESIAN_POINT('',(-607.329876849327,400.,0.));
#7005=CARTESIAN_POINT('Origin',(-622.329876849327,400.,-245.));
#7006=CARTESIAN_POINT('Origin',(-622.329876849327,-200.,0.));
#7007=CARTESIAN_POINT('',(-607.329876849327,-200.,-245.));
#7008=CARTESIAN_POINT('',(-607.329876849327,-200.,0.));
#7009=CARTESIAN_POINT('Origin',(-622.329876849327,-200.,-245.));
#7010=CARTESIAN_POINT('Origin',(622.329876849327,800.,0.));
#7011=CARTESIAN_POINT('',(637.329876849327,800.,-245.));
#7012=CARTESIAN_POINT('',(637.329876849327,800.,0.));
#7013=CARTESIAN_POINT('Origin',(622.329876849327,800.,-245.));
#7014=CARTESIAN_POINT('Origin',(622.329876849327,200.,0.));
#7015=CARTESIAN_POINT('',(637.329876849327,200.,-245.));
#7016=CARTESIAN_POINT('',(637.329876849327,200.,0.));
#7017=CARTESIAN_POINT('Origin',(622.329876849327,200.,-245.));
#7018=CARTESIAN_POINT('Origin',(622.329876849327,-800.,0.));
#7019=CARTESIAN_POINT('',(637.329876849327,-800.,-245.));
#7020=CARTESIAN_POINT('',(637.329876849327,-800.,0.));
#7021=CARTESIAN_POINT('Origin',(622.329876849327,-800.,-245.));
#7022=CARTESIAN_POINT('Origin',(622.329876849327,-200.,0.));
#7023=CARTESIAN_POINT('',(637.329876849327,-200.,-245.));
#7024=CARTESIAN_POINT('',(637.329876849327,-200.,0.));
#7025=CARTESIAN_POINT('Origin',(622.329876849327,-200.,-245.));
#7026=CARTESIAN_POINT('Origin',(622.329876849327,600.,0.));
#7027=CARTESIAN_POINT('',(637.329876849327,600.,-245.));
#7028=CARTESIAN_POINT('',(637.329876849327,600.,0.));
#7029=CARTESIAN_POINT('Origin',(622.329876849327,600.,-245.));
#7030=CARTESIAN_POINT('Origin',(-622.329876849327,-400.,0.));
#7031=CARTESIAN_POINT('',(-607.329876849327,-400.,-245.));
#7032=CARTESIAN_POINT('',(-607.329876849327,-400.,0.));
#7033=CARTESIAN_POINT('Origin',(-622.329876849327,-400.,-245.));
#7034=CARTESIAN_POINT('Origin',(-622.329876849327,200.,0.));
#7035=CARTESIAN_POINT('',(-607.329876849327,200.,-245.));
#7036=CARTESIAN_POINT('',(-607.329876849327,200.,0.));
#7037=CARTESIAN_POINT('Origin',(-622.329876849327,200.,-245.));
#7038=CARTESIAN_POINT('Origin',(687.329876849326,-895.9392821294,10.));
#7039=CARTESIAN_POINT('Origin',(687.329876849326,-995.939282129401,10.));
#7040=CARTESIAN_POINT('Origin',(-347.670123150674,-995.939282129401,10.));
#7041=CARTESIAN_POINT('Origin',(-692.670123150674,-995.9392821294,10.));
#7042=CARTESIAN_POINT('',(-347.670123150674,-1000.9392821294,10.));
#7043=CARTESIAN_POINT('Origin',(-692.670123150674,-895.9392821294,10.));
#7044=CARTESIAN_POINT('Origin',(-150.,-355.,150.));
#7045=CARTESIAN_POINT('Origin',(-692.670123150674,-1000.9392821294,0.));
#7046=CARTESIAN_POINT('',(-692.670123150674,-1000.9392821294,55.));
#7047=CARTESIAN_POINT('Origin',(-622.329876849327,600.,-245.));
#7048=CARTESIAN_POINT('Origin',(-622.329876849327,-3.19744231092045E-13,
-245.));
#7049=CARTESIAN_POINT('Origin',(-622.329876849327,-800.,-245.));
#7050=CARTESIAN_POINT('Origin',(622.329876849327,-3.19744231092045E-13,
-245.));
#7051=CARTESIAN_POINT('Origin',(622.329876849327,-600.,-245.));
#7052=CARTESIAN_POINT('Origin',(622.329876849327,-400.,-245.));
#7053=CARTESIAN_POINT('Origin',(622.329876849327,400.,-245.));
#7054=CARTESIAN_POINT('Origin',(-622.329876849327,-600.,-245.));
#7055=CARTESIAN_POINT('Origin',(-622.329876849327,800.,-245.));
#7056=CARTESIAN_POINT('Origin',(-622.329876849327,400.,-245.));
#7057=CARTESIAN_POINT('Origin',(-622.329876849327,-200.,-245.));
#7058=CARTESIAN_POINT('Origin',(622.329876849327,800.,-245.));
#7059=CARTESIAN_POINT('Origin',(622.329876849327,200.,-245.));
#7060=CARTESIAN_POINT('Origin',(622.329876849327,-800.,-245.));
#7061=CARTESIAN_POINT('Origin',(622.329876849327,-200.,-245.));
#7062=CARTESIAN_POINT('Origin',(622.329876849327,600.,-245.));
#7063=CARTESIAN_POINT('Origin',(-622.329876849327,-400.,-245.));
#7064=CARTESIAN_POINT('Origin',(-622.329876849327,200.,-245.));
#7065=CARTESIAN_POINT('Origin',(100.,989.060717870599,150.));
#7066=CARTESIAN_POINT('Origin',(-692.670123150674,-1040.9392821294,105.));
#7067=CARTESIAN_POINT('',(152.329876849326,-1040.9392821294,95.));
#7068=CARTESIAN_POINT('',(152.329876849326,-1040.9392821294,105.));
#7069=CARTESIAN_POINT('',(152.329876849326,-1040.9392821294,102.5));
#7070=CARTESIAN_POINT('',(-692.670123150674,-1040.9392821294,105.));
#7071=CARTESIAN_POINT('',(-692.670123150674,-1040.9392821294,95.));
#7072=CARTESIAN_POINT('Origin',(-152.670123150674,-1045.9392821294,50.));
#7073=CARTESIAN_POINT('',(-152.670123150674,-1005.9392821294,144.686269665969));
#7074=CARTESIAN_POINT('Origin',(147.329876849326,-1045.9392821294,150.));
#7075=CARTESIAN_POINT('',(147.329876849326,-1005.9392821294,55.3137303340311));
#7076=CARTESIAN_POINT('Origin',(-692.670123150674,-1000.9392821294,95.));
#7077=CARTESIAN_POINT('',(152.329876849326,-1005.9392821294,55.3137303340311));
#7078=CARTESIAN_POINT('Origin',(152.329876849326,-1000.9392821294,95.));
#7079=CARTESIAN_POINT('',(-157.670123150674,-1040.9392821294,95.));
#7080=CARTESIAN_POINT('',(-692.670123150674,-1040.9392821294,95.));
#7081=CARTESIAN_POINT('',(-157.670123150674,-1005.9392821294,55.3137303340311));
#7082=CARTESIAN_POINT('Origin',(-157.670123150674,-1000.9392821294,95.));
#7083=CARTESIAN_POINT('',(-692.670123150674,-1005.9392821294,55.3137303340311));
#7084=CARTESIAN_POINT('',(-692.670123150674,-1005.9392821294,55.3137303340311));
#7085=CARTESIAN_POINT('Origin',(-692.670123150674,-1040.9392821294,105.));
#7086=CARTESIAN_POINT('',(-157.670123150674,-1040.9392821294,105.));
#7087=CARTESIAN_POINT('',(-157.670123150674,-1040.9392821294,102.5));
#7088=CARTESIAN_POINT('',(-692.670123150674,-1040.9392821294,105.));
#7089=CARTESIAN_POINT('Origin',(-157.670123150674,-1023.4392821294,100.));
#7090=CARTESIAN_POINT('',(-157.670123150674,-1005.9392821294,144.686269665969));
#7091=CARTESIAN_POINT('Origin',(-157.670123150674,-1000.9392821294,105.));
#7092=CARTESIAN_POINT('',(-157.670123150674,-1005.9392821294,55.3137303340311));
#7093=CARTESIAN_POINT('Origin',(-152.670123150674,-1005.9392821294,144.686269665969));
#7094=CARTESIAN_POINT('',(-692.670123150674,-1005.9392821294,144.686269665969));
#7095=CARTESIAN_POINT('Origin',(-692.670123150674,-1000.9392821294,105.));
#7096=CARTESIAN_POINT('',(152.329876849326,-1005.9392821294,144.686269665969));
#7097=CARTESIAN_POINT('Origin',(152.329876849326,-1000.9392821294,105.));
#7098=CARTESIAN_POINT('',(-692.670123150674,-1005.9392821294,144.686269665969));
#7099=CARTESIAN_POINT('Origin',(152.329876849326,-1023.4392821294,100.));
#7100=CARTESIAN_POINT('',(152.329876849326,-1005.9392821294,144.686269665969));
#7101=CARTESIAN_POINT('Origin',(147.329876849326,-1005.9392821294,55.3137303340311));
#7102=UNCERTAINTY_MEASURE_WITH_UNIT(LENGTH_MEASURE(0.01),#7106,
'DISTANCE_ACCURACY_VALUE',
'Maximum model space distance between geometric entities at asserted c
onnectivities');
#7103=UNCERTAINTY_MEASURE_WITH_UNIT(LENGTH_MEASURE(0.01),#7106,
'DISTANCE_ACCURACY_VALUE',
'Maximum model space distance between geometric entities at asserted c
onnectivities');
#7104=(
GEOMETRIC_REPRESENTATION_CONTEXT(3)
GLOBAL_UNCERTAINTY_ASSIGNED_CONTEXT((#7102))
GLOBAL_UNIT_ASSIGNED_CONTEXT((#7106,#7108,#7109))
REPRESENTATION_CONTEXT('','3D')
);
#7105=(
GEOMETRIC_REPRESENTATION_CONTEXT(3)
GLOBAL_UNCERTAINTY_ASSIGNED_CONTEXT((#7103))
GLOBAL_UNIT_ASSIGNED_CONTEXT((#7106,#7108,#7109))
REPRESENTATION_CONTEXT('','3D')
);
#7106=(
LENGTH_UNIT()
NAMED_UNIT(*)
SI_UNIT(.MILLI.,.METRE.)
);
#7107=(
LENGTH_UNIT()
NAMED_UNIT(*)
SI_UNIT(.CENTI.,.METRE.)
);
#7108=(
NAMED_UNIT(*)
PLANE_ANGLE_UNIT()
SI_UNIT($,.RADIAN.)
);
#7109=(
NAMED_UNIT(*)
SI_UNIT($,.STERADIAN.)
SOLID_ANGLE_UNIT()
);
#7110=SHAPE_DEFINITION_REPRESENTATION(#7111,#7112);
#7111=PRODUCT_DEFINITION_SHAPE('',$,#7114);
#7112=SHAPE_REPRESENTATION('',(#4200),#7104);
#7113=PRODUCT_DEFINITION_CONTEXT('part definition',#7118,'design');
#7114=PRODUCT_DEFINITION('Verbindungsst\X\FCck_Rumpf_Stecksystem',
'Verbindungsst\X\FCck_Rumpf_Stecksystem',#7115,#7113);
#7115=PRODUCT_DEFINITION_FORMATION('',$,#7120);
#7116=PRODUCT_RELATED_PRODUCT_CATEGORY(
'Verbindungsst\X\FCck_Rumpf_Stecksystem',
'Verbindungsst\X\FCck_Rumpf_Stecksystem',(#7120));
#7117=APPLICATION_PROTOCOL_DEFINITION('international standard',
'automotive_design',2009,#7118);
#7118=APPLICATION_CONTEXT(
'Core Data for Automotive Mechanical Design Process');
#7119=PRODUCT_CONTEXT('part definition',#7118,'mechanical');
#7120=PRODUCT('Verbindungsst\X\FCck_Rumpf_Stecksystem',
'Verbindungsst\X\FCck_Rumpf_Stecksystem',$,(#7119));
#7121=PRESENTATION_STYLE_ASSIGNMENT((#7126));
#7122=PRESENTATION_STYLE_ASSIGNMENT((#7127));
#7123=PRESENTATION_STYLE_ASSIGNMENT((#7128));
#7124=PRESENTATION_STYLE_ASSIGNMENT((#7129));
#7125=PRESENTATION_STYLE_ASSIGNMENT((#7130));
#7126=SURFACE_STYLE_USAGE(.BOTH.,#7141);
#7127=SURFACE_STYLE_USAGE(.BOTH.,#7142);
#7128=SURFACE_STYLE_USAGE(.BOTH.,#7143);
#7129=SURFACE_STYLE_USAGE(.BOTH.,#7144);
#7130=SURFACE_STYLE_USAGE(.BOTH.,#7145);
#7131=SURFACE_STYLE_RENDERING_WITH_PROPERTIES($,#7161,(#7136));
#7132=SURFACE_STYLE_RENDERING_WITH_PROPERTIES($,#7162,(#7137));
#7133=SURFACE_STYLE_RENDERING_WITH_PROPERTIES($,#7163,(#7138));
#7134=SURFACE_STYLE_RENDERING_WITH_PROPERTIES($,#7164,(#7139));
#7135=SURFACE_STYLE_RENDERING_WITH_PROPERTIES($,#7165,(#7140));
#7136=SURFACE_STYLE_TRANSPARENT(0.);
#7137=SURFACE_STYLE_TRANSPARENT(0.);
#7138=SURFACE_STYLE_TRANSPARENT(0.53999999165535);
#7139=SURFACE_STYLE_TRANSPARENT(0.);
#7140=SURFACE_STYLE_TRANSPARENT(0.);
#7141=SURFACE_SIDE_STYLE('',(#7146,#7131));
#7142=SURFACE_SIDE_STYLE('',(#7147,#7132));
#7143=SURFACE_SIDE_STYLE('',(#7148,#7133));
#7144=SURFACE_SIDE_STYLE('',(#7149,#7134));
#7145=SURFACE_SIDE_STYLE('',(#7150,#7135));
#7146=SURFACE_STYLE_FILL_AREA(#7151);
#7147=SURFACE_STYLE_FILL_AREA(#7152);
#7148=SURFACE_STYLE_FILL_AREA(#7153);
#7149=SURFACE_STYLE_FILL_AREA(#7154);
#7150=SURFACE_STYLE_FILL_AREA(#7155);
#7151=FILL_AREA_STYLE('',(#7156));
#7152=FILL_AREA_STYLE('',(#7157));
#7153=FILL_AREA_STYLE('',(#7158));
#7154=FILL_AREA_STYLE('',(#7159));
#7155=FILL_AREA_STYLE('',(#7160));
#7156=FILL_AREA_STYLE_COLOUR('',#7161);
#7157=FILL_AREA_STYLE_COLOUR('',#7162);
#7158=FILL_AREA_STYLE_COLOUR('',#7163);
#7159=FILL_AREA_STYLE_COLOUR('',#7164);
#7160=FILL_AREA_STYLE_COLOUR('',#7165);
#7161=COLOUR_RGB('',0.749019607843137,0.749019607843137,0.749019607843137);
#7162=COLOUR_RGB('',0.956862745098039,0.956862745098039,0.956862745098039);
#7163=COLOUR_RGB('',0.8,0.8,0.8);
#7164=COLOUR_RGB('',0.431372549019608,0.490196078431373,0.631372549019608);
#7165=COLOUR_RGB('',0.956862745098039,0.956862745098039,0.956862745098039);
ENDSEC;
END-ISO-10303-21;
