ISO-10303-21;
HEADER;
/* Generated by software containing ST-Developer
 * from STEP Tools, Inc. (www.steptools.com) 
 */

FILE_DESCRIPTION(
/* description */ (''),
/* implementation_level */ '2;1');

FILE_NAME(
/* name */ 'Wagen_Platte.stp',
/* time_stamp */ '2026-09-02T21:28:35+02:00',
/* author */ ('bluhm'),
/* organization */ (''),
/* preprocessor_version */ 'ST-DEVELOPER v20.1',
/* originating_system */ 'Autodesk Inventor 2026',
/* authorisation */ '');

FILE_SCHEMA (('AUTOMOTIVE_DESIGN { 1 0 10303 214 3 1 1 }'));
ENDSEC;

DATA;
#10=MECHANICAL_DESIGN_GEOMETRIC_PRESENTATION_REPRESENTATION('',(#110,#111,
#112,#113,#114,#115,#116,#117,#118,#119),#6219);
#11=SHAPE_REPRESENTATION_RELATIONSHIP('SRR','None',#6226,#12);
#12=ADVANCED_BREP_SHAPE_REPRESENTATION('',(#3582),#6218);
#13=ORIENTED_CLOSED_SHELL('',*,#3581,.F.);
#14=FACE_BOUND('',#584,.T.);
#15=FACE_BOUND('',#585,.T.);
#16=FACE_BOUND('',#586,.T.);
#17=FACE_BOUND('',#587,.T.);
#18=FACE_BOUND('',#588,.T.);
#19=FACE_BOUND('',#589,.T.);
#20=FACE_BOUND('',#590,.T.);
#21=FACE_BOUND('',#591,.T.);
#22=FACE_BOUND('',#592,.T.);
#23=FACE_BOUND('',#593,.T.);
#24=FACE_BOUND('',#594,.T.);
#25=FACE_BOUND('',#595,.T.);
#26=FACE_BOUND('',#596,.T.);
#27=FACE_BOUND('',#597,.T.);
#28=FACE_BOUND('',#598,.T.);
#29=FACE_BOUND('',#599,.T.);
#30=FACE_BOUND('',#600,.T.);
#31=FACE_BOUND('',#601,.T.);
#32=FACE_BOUND('',#602,.T.);
#33=FACE_BOUND('',#603,.T.);
#34=FACE_BOUND('',#604,.T.);
#35=FACE_BOUND('',#605,.T.);
#36=FACE_BOUND('',#606,.T.);
#37=FACE_BOUND('',#607,.T.);
#38=FACE_BOUND('',#608,.T.);
#39=FACE_BOUND('',#609,.T.);
#40=FACE_BOUND('',#610,.T.);
#41=FACE_BOUND('',#611,.T.);
#42=FACE_BOUND('',#612,.T.);
#43=FACE_BOUND('',#613,.T.);
#44=FACE_BOUND('',#614,.T.);
#45=FACE_BOUND('',#615,.T.);
#46=FACE_BOUND('',#616,.T.);
#47=FACE_BOUND('',#617,.T.);
#48=FACE_BOUND('',#618,.T.);
#49=FACE_BOUND('',#619,.T.);
#50=FACE_BOUND('',#620,.T.);
#51=FACE_BOUND('',#621,.T.);
#52=FACE_BOUND('',#622,.T.);
#53=FACE_BOUND('',#623,.T.);
#54=FACE_BOUND('',#624,.T.);
#55=FACE_BOUND('',#625,.T.);
#56=FACE_BOUND('',#626,.T.);
#57=FACE_BOUND('',#627,.T.);
#58=FACE_BOUND('',#628,.T.);
#59=FACE_BOUND('',#629,.T.);
#60=FACE_BOUND('',#630,.T.);
#61=FACE_BOUND('',#631,.T.);
#62=FACE_BOUND('',#744,.T.);
#63=FACE_BOUND('',#745,.T.);
#64=FACE_BOUND('',#746,.T.);
#65=FACE_BOUND('',#747,.T.);
#66=FACE_BOUND('',#748,.T.);
#67=FACE_BOUND('',#749,.T.);
#68=FACE_BOUND('',#750,.T.);
#69=FACE_BOUND('',#751,.T.);
#70=FACE_BOUND('',#752,.T.);
#71=FACE_BOUND('',#753,.T.);
#72=FACE_BOUND('',#754,.T.);
#73=FACE_BOUND('',#755,.T.);
#74=FACE_BOUND('',#756,.T.);
#75=FACE_BOUND('',#757,.T.);
#76=FACE_BOUND('',#758,.T.);
#77=FACE_BOUND('',#759,.T.);
#78=FACE_BOUND('',#760,.T.);
#79=FACE_BOUND('',#761,.T.);
#80=FACE_BOUND('',#762,.T.);
#81=FACE_BOUND('',#763,.T.);
#82=FACE_BOUND('',#764,.T.);
#83=FACE_BOUND('',#765,.T.);
#84=FACE_BOUND('',#766,.T.);
#85=FACE_BOUND('',#767,.T.);
#86=FACE_BOUND('',#768,.T.);
#87=FACE_BOUND('',#769,.T.);
#88=FACE_BOUND('',#770,.T.);
#89=FACE_BOUND('',#771,.T.);
#90=FACE_BOUND('',#772,.T.);
#91=FACE_BOUND('',#773,.T.);
#92=FACE_BOUND('',#774,.T.);
#93=FACE_BOUND('',#775,.T.);
#94=FACE_BOUND('',#776,.T.);
#95=FACE_BOUND('',#777,.T.);
#96=FACE_BOUND('',#778,.T.);
#97=FACE_BOUND('',#779,.T.);
#98=FACE_BOUND('',#780,.T.);
#99=FACE_BOUND('',#781,.T.);
#100=FACE_BOUND('',#782,.T.);
#101=FACE_BOUND('',#783,.T.);
#102=FACE_BOUND('',#784,.T.);
#103=FACE_BOUND('',#785,.T.);
#104=FACE_BOUND('',#786,.T.);
#105=FACE_BOUND('',#787,.T.);
#106=FACE_BOUND('',#788,.T.);
#107=FACE_BOUND('',#789,.T.);
#108=FACE_BOUND('',#790,.T.);
#109=FACE_BOUND('',#791,.T.);
#110=STYLED_ITEM('',(#6236),#3458);
#111=STYLED_ITEM('',(#6236),#3459);
#112=STYLED_ITEM('',(#6236),#3460);
#113=STYLED_ITEM('',(#6236),#3461);
#114=STYLED_ITEM('',(#6236),#3462);
#115=STYLED_ITEM('',(#6236),#3463);
#116=STYLED_ITEM('',(#6236),#3464);
#117=STYLED_ITEM('',(#6236),#3465);
#118=STYLED_ITEM('',(#6236),#3466);
#119=STYLED_ITEM('',(#6235),#3582);
#120=PLANE('',#3797);
#121=PLANE('',#3801);
#122=PLANE('',#3802);
#123=PLANE('',#3806);
#124=PLANE('',#3811);
#125=PLANE('',#3812);
#126=PLANE('',#3815);
#127=PLANE('',#3818);
#128=PLANE('',#3821);
#129=PLANE('',#3824);
#130=PLANE('',#4017);
#131=PLANE('',#4021);
#132=PLANE('',#4022);
#133=PLANE('',#4026);
#134=PLANE('',#4031);
#135=PLANE('',#4032);
#136=PLANE('',#4035);
#137=PLANE('',#4038);
#138=PLANE('',#4041);
#139=PLANE('',#4044);
#140=CYLINDRICAL_SURFACE('',#3607,4.188);
#141=CYLINDRICAL_SURFACE('',#3611,4.188);
#142=CYLINDRICAL_SURFACE('',#3615,4.188);
#143=CYLINDRICAL_SURFACE('',#3619,4.188);
#144=CYLINDRICAL_SURFACE('',#3623,4.188);
#145=CYLINDRICAL_SURFACE('',#3627,4.188);
#146=CYLINDRICAL_SURFACE('',#3631,4.188);
#147=CYLINDRICAL_SURFACE('',#3635,4.188);
#148=CYLINDRICAL_SURFACE('',#3639,4.188);
#149=CYLINDRICAL_SURFACE('',#3643,4.188);
#150=CYLINDRICAL_SURFACE('',#3647,4.188);
#151=CYLINDRICAL_SURFACE('',#3651,4.188);
#152=CYLINDRICAL_SURFACE('',#3655,4.188);
#153=CYLINDRICAL_SURFACE('',#3659,4.188);
#154=CYLINDRICAL_SURFACE('',#3663,4.188);
#155=CYLINDRICAL_SURFACE('',#3667,4.188);
#156=CYLINDRICAL_SURFACE('',#3671,4.188);
#157=CYLINDRICAL_SURFACE('',#3675,4.188);
#158=CYLINDRICAL_SURFACE('',#3679,4.188);
#159=CYLINDRICAL_SURFACE('',#3683,4.188);
#160=CYLINDRICAL_SURFACE('',#3687,4.188);
#161=CYLINDRICAL_SURFACE('',#3691,4.188);
#162=CYLINDRICAL_SURFACE('',#3695,4.188);
#163=CYLINDRICAL_SURFACE('',#3699,4.188);
#164=CYLINDRICAL_SURFACE('',#3703,4.188);
#165=CYLINDRICAL_SURFACE('',#3707,4.188);
#166=CYLINDRICAL_SURFACE('',#3711,4.188);
#167=CYLINDRICAL_SURFACE('',#3715,4.188);
#168=CYLINDRICAL_SURFACE('',#3719,4.188);
#169=CYLINDRICAL_SURFACE('',#3723,4.188);
#170=CYLINDRICAL_SURFACE('',#3727,4.188);
#171=CYLINDRICAL_SURFACE('',#3731,4.188);
#172=CYLINDRICAL_SURFACE('',#3735,4.188);
#173=CYLINDRICAL_SURFACE('',#3739,4.188);
#174=CYLINDRICAL_SURFACE('',#3743,4.188);
#175=CYLINDRICAL_SURFACE('',#3747,4.188);
#176=CYLINDRICAL_SURFACE('',#3751,4.188);
#177=CYLINDRICAL_SURFACE('',#3755,4.188);
#178=CYLINDRICAL_SURFACE('',#3759,4.188);
#179=CYLINDRICAL_SURFACE('',#3763,4.188);
#180=CYLINDRICAL_SURFACE('',#3767,4.188);
#181=CYLINDRICAL_SURFACE('',#3771,4.188);
#182=CYLINDRICAL_SURFACE('',#3775,4.188);
#183=CYLINDRICAL_SURFACE('',#3779,4.188);
#184=CYLINDRICAL_SURFACE('',#3783,4.188);
#185=CYLINDRICAL_SURFACE('',#3787,4.188);
#186=CYLINDRICAL_SURFACE('',#3791,4.188);
#187=CYLINDRICAL_SURFACE('',#3795,4.188);
#188=CYLINDRICAL_SURFACE('',#3798,250.);
#189=CYLINDRICAL_SURFACE('',#3803,250.);
#190=CYLINDRICAL_SURFACE('',#3813,150.);
#191=CYLINDRICAL_SURFACE('',#3816,150.);
#192=CYLINDRICAL_SURFACE('',#3819,150.);
#193=CYLINDRICAL_SURFACE('',#3822,150.);
#194=CYLINDRICAL_SURFACE('',#3827,9.188);
#195=CYLINDRICAL_SURFACE('',#3831,9.188);
#196=CYLINDRICAL_SURFACE('',#3835,9.188);
#197=CYLINDRICAL_SURFACE('',#3839,9.188);
#198=CYLINDRICAL_SURFACE('',#3843,9.188);
#199=CYLINDRICAL_SURFACE('',#3847,9.188);
#200=CYLINDRICAL_SURFACE('',#3851,9.188);
#201=CYLINDRICAL_SURFACE('',#3855,9.188);
#202=CYLINDRICAL_SURFACE('',#3859,9.188);
#203=CYLINDRICAL_SURFACE('',#3863,9.188);
#204=CYLINDRICAL_SURFACE('',#3867,9.188);
#205=CYLINDRICAL_SURFACE('',#3871,9.188);
#206=CYLINDRICAL_SURFACE('',#3875,9.188);
#207=CYLINDRICAL_SURFACE('',#3879,9.188);
#208=CYLINDRICAL_SURFACE('',#3883,9.188);
#209=CYLINDRICAL_SURFACE('',#3887,9.188);
#210=CYLINDRICAL_SURFACE('',#3891,9.188);
#211=CYLINDRICAL_SURFACE('',#3895,9.188);
#212=CYLINDRICAL_SURFACE('',#3899,9.188);
#213=CYLINDRICAL_SURFACE('',#3903,9.188);
#214=CYLINDRICAL_SURFACE('',#3907,9.188);
#215=CYLINDRICAL_SURFACE('',#3911,9.188);
#216=CYLINDRICAL_SURFACE('',#3915,9.188);
#217=CYLINDRICAL_SURFACE('',#3919,9.188);
#218=CYLINDRICAL_SURFACE('',#3923,9.188);
#219=CYLINDRICAL_SURFACE('',#3927,9.188);
#220=CYLINDRICAL_SURFACE('',#3931,9.188);
#221=CYLINDRICAL_SURFACE('',#3935,9.188);
#222=CYLINDRICAL_SURFACE('',#3939,9.188);
#223=CYLINDRICAL_SURFACE('',#3943,9.188);
#224=CYLINDRICAL_SURFACE('',#3947,9.188);
#225=CYLINDRICAL_SURFACE('',#3951,9.188);
#226=CYLINDRICAL_SURFACE('',#3955,9.188);
#227=CYLINDRICAL_SURFACE('',#3959,9.188);
#228=CYLINDRICAL_SURFACE('',#3963,9.188);
#229=CYLINDRICAL_SURFACE('',#3967,9.188);
#230=CYLINDRICAL_SURFACE('',#3971,9.188);
#231=CYLINDRICAL_SURFACE('',#3975,9.188);
#232=CYLINDRICAL_SURFACE('',#3979,9.188);
#233=CYLINDRICAL_SURFACE('',#3983,9.188);
#234=CYLINDRICAL_SURFACE('',#3987,9.188);
#235=CYLINDRICAL_SURFACE('',#3991,9.188);
#236=CYLINDRICAL_SURFACE('',#3995,9.188);
#237=CYLINDRICAL_SURFACE('',#3999,9.188);
#238=CYLINDRICAL_SURFACE('',#4003,9.188);
#239=CYLINDRICAL_SURFACE('',#4007,9.188);
#240=CYLINDRICAL_SURFACE('',#4011,9.188);
#241=CYLINDRICAL_SURFACE('',#4015,9.188);
#242=CYLINDRICAL_SURFACE('',#4018,255.);
#243=CYLINDRICAL_SURFACE('',#4023,255.);
#244=CYLINDRICAL_SURFACE('',#4033,145.);
#245=CYLINDRICAL_SURFACE('',#4036,145.);
#246=CYLINDRICAL_SURFACE('',#4039,145.);
#247=CYLINDRICAL_SURFACE('',#4042,145.);
#248=FACE_OUTER_BOUND('',#472,.T.);
#249=FACE_OUTER_BOUND('',#473,.T.);
#250=FACE_OUTER_BOUND('',#474,.T.);
#251=FACE_OUTER_BOUND('',#475,.T.);
#252=FACE_OUTER_BOUND('',#476,.T.);
#253=FACE_OUTER_BOUND('',#477,.T.);
#254=FACE_OUTER_BOUND('',#478,.T.);
#255=FACE_OUTER_BOUND('',#479,.T.);
#256=FACE_OUTER_BOUND('',#480,.T.);
#257=FACE_OUTER_BOUND('',#481,.T.);
#258=FACE_OUTER_BOUND('',#482,.T.);
#259=FACE_OUTER_BOUND('',#483,.T.);
#260=FACE_OUTER_BOUND('',#484,.T.);
#261=FACE_OUTER_BOUND('',#485,.T.);
#262=FACE_OUTER_BOUND('',#486,.T.);
#263=FACE_OUTER_BOUND('',#487,.T.);
#264=FACE_OUTER_BOUND('',#488,.T.);
#265=FACE_OUTER_BOUND('',#489,.T.);
#266=FACE_OUTER_BOUND('',#490,.T.);
#267=FACE_OUTER_BOUND('',#491,.T.);
#268=FACE_OUTER_BOUND('',#492,.T.);
#269=FACE_OUTER_BOUND('',#493,.T.);
#270=FACE_OUTER_BOUND('',#494,.T.);
#271=FACE_OUTER_BOUND('',#495,.T.);
#272=FACE_OUTER_BOUND('',#496,.T.);
#273=FACE_OUTER_BOUND('',#497,.T.);
#274=FACE_OUTER_BOUND('',#498,.T.);
#275=FACE_OUTER_BOUND('',#499,.T.);
#276=FACE_OUTER_BOUND('',#500,.T.);
#277=FACE_OUTER_BOUND('',#501,.T.);
#278=FACE_OUTER_BOUND('',#502,.T.);
#279=FACE_OUTER_BOUND('',#503,.T.);
#280=FACE_OUTER_BOUND('',#504,.T.);
#281=FACE_OUTER_BOUND('',#505,.T.);
#282=FACE_OUTER_BOUND('',#506,.T.);
#283=FACE_OUTER_BOUND('',#507,.T.);
#284=FACE_OUTER_BOUND('',#508,.T.);
#285=FACE_OUTER_BOUND('',#509,.T.);
#286=FACE_OUTER_BOUND('',#510,.T.);
#287=FACE_OUTER_BOUND('',#511,.T.);
#288=FACE_OUTER_BOUND('',#512,.T.);
#289=FACE_OUTER_BOUND('',#513,.T.);
#290=FACE_OUTER_BOUND('',#514,.T.);
#291=FACE_OUTER_BOUND('',#515,.T.);
#292=FACE_OUTER_BOUND('',#516,.T.);
#293=FACE_OUTER_BOUND('',#517,.T.);
#294=FACE_OUTER_BOUND('',#518,.T.);
#295=FACE_OUTER_BOUND('',#519,.T.);
#296=FACE_OUTER_BOUND('',#520,.T.);
#297=FACE_OUTER_BOUND('',#521,.T.);
#298=FACE_OUTER_BOUND('',#522,.T.);
#299=FACE_OUTER_BOUND('',#523,.T.);
#300=FACE_OUTER_BOUND('',#524,.T.);
#301=FACE_OUTER_BOUND('',#525,.T.);
#302=FACE_OUTER_BOUND('',#526,.T.);
#303=FACE_OUTER_BOUND('',#527,.T.);
#304=FACE_OUTER_BOUND('',#528,.T.);
#305=FACE_OUTER_BOUND('',#529,.T.);
#306=FACE_OUTER_BOUND('',#530,.T.);
#307=FACE_OUTER_BOUND('',#531,.T.);
#308=FACE_OUTER_BOUND('',#532,.T.);
#309=FACE_OUTER_BOUND('',#533,.T.);
#310=FACE_OUTER_BOUND('',#534,.T.);
#311=FACE_OUTER_BOUND('',#535,.T.);
#312=FACE_OUTER_BOUND('',#536,.T.);
#313=FACE_OUTER_BOUND('',#537,.T.);
#314=FACE_OUTER_BOUND('',#538,.T.);
#315=FACE_OUTER_BOUND('',#539,.T.);
#316=FACE_OUTER_BOUND('',#540,.T.);
#317=FACE_OUTER_BOUND('',#541,.T.);
#318=FACE_OUTER_BOUND('',#542,.T.);
#319=FACE_OUTER_BOUND('',#543,.T.);
#320=FACE_OUTER_BOUND('',#544,.T.);
#321=FACE_OUTER_BOUND('',#545,.T.);
#322=FACE_OUTER_BOUND('',#546,.T.);
#323=FACE_OUTER_BOUND('',#547,.T.);
#324=FACE_OUTER_BOUND('',#548,.T.);
#325=FACE_OUTER_BOUND('',#549,.T.);
#326=FACE_OUTER_BOUND('',#550,.T.);
#327=FACE_OUTER_BOUND('',#551,.T.);
#328=FACE_OUTER_BOUND('',#552,.T.);
#329=FACE_OUTER_BOUND('',#553,.T.);
#330=FACE_OUTER_BOUND('',#554,.T.);
#331=FACE_OUTER_BOUND('',#555,.T.);
#332=FACE_OUTER_BOUND('',#556,.T.);
#333=FACE_OUTER_BOUND('',#557,.T.);
#334=FACE_OUTER_BOUND('',#558,.T.);
#335=FACE_OUTER_BOUND('',#559,.T.);
#336=FACE_OUTER_BOUND('',#560,.T.);
#337=FACE_OUTER_BOUND('',#561,.T.);
#338=FACE_OUTER_BOUND('',#562,.T.);
#339=FACE_OUTER_BOUND('',#563,.T.);
#340=FACE_OUTER_BOUND('',#564,.T.);
#341=FACE_OUTER_BOUND('',#565,.T.);
#342=FACE_OUTER_BOUND('',#566,.T.);
#343=FACE_OUTER_BOUND('',#567,.T.);
#344=FACE_OUTER_BOUND('',#568,.T.);
#345=FACE_OUTER_BOUND('',#569,.T.);
#346=FACE_OUTER_BOUND('',#570,.T.);
#347=FACE_OUTER_BOUND('',#571,.T.);
#348=FACE_OUTER_BOUND('',#572,.T.);
#349=FACE_OUTER_BOUND('',#573,.T.);
#350=FACE_OUTER_BOUND('',#574,.T.);
#351=FACE_OUTER_BOUND('',#575,.T.);
#352=FACE_OUTER_BOUND('',#576,.T.);
#353=FACE_OUTER_BOUND('',#577,.T.);
#354=FACE_OUTER_BOUND('',#578,.T.);
#355=FACE_OUTER_BOUND('',#579,.T.);
#356=FACE_OUTER_BOUND('',#580,.T.);
#357=FACE_OUTER_BOUND('',#581,.T.);
#358=FACE_OUTER_BOUND('',#582,.T.);
#359=FACE_OUTER_BOUND('',#583,.T.);
#360=FACE_OUTER_BOUND('',#632,.T.);
#361=FACE_OUTER_BOUND('',#633,.T.);
#362=FACE_OUTER_BOUND('',#634,.T.);
#363=FACE_OUTER_BOUND('',#635,.T.);
#364=FACE_OUTER_BOUND('',#636,.T.);
#365=FACE_OUTER_BOUND('',#637,.T.);
#366=FACE_OUTER_BOUND('',#638,.T.);
#367=FACE_OUTER_BOUND('',#639,.T.);
#368=FACE_OUTER_BOUND('',#640,.T.);
#369=FACE_OUTER_BOUND('',#641,.T.);
#370=FACE_OUTER_BOUND('',#642,.T.);
#371=FACE_OUTER_BOUND('',#643,.T.);
#372=FACE_OUTER_BOUND('',#644,.T.);
#373=FACE_OUTER_BOUND('',#645,.T.);
#374=FACE_OUTER_BOUND('',#646,.T.);
#375=FACE_OUTER_BOUND('',#647,.T.);
#376=FACE_OUTER_BOUND('',#648,.T.);
#377=FACE_OUTER_BOUND('',#649,.T.);
#378=FACE_OUTER_BOUND('',#650,.T.);
#379=FACE_OUTER_BOUND('',#651,.T.);
#380=FACE_OUTER_BOUND('',#652,.T.);
#381=FACE_OUTER_BOUND('',#653,.T.);
#382=FACE_OUTER_BOUND('',#654,.T.);
#383=FACE_OUTER_BOUND('',#655,.T.);
#384=FACE_OUTER_BOUND('',#656,.T.);
#385=FACE_OUTER_BOUND('',#657,.T.);
#386=FACE_OUTER_BOUND('',#658,.T.);
#387=FACE_OUTER_BOUND('',#659,.T.);
#388=FACE_OUTER_BOUND('',#660,.T.);
#389=FACE_OUTER_BOUND('',#661,.T.);
#390=FACE_OUTER_BOUND('',#662,.T.);
#391=FACE_OUTER_BOUND('',#663,.T.);
#392=FACE_OUTER_BOUND('',#664,.T.);
#393=FACE_OUTER_BOUND('',#665,.T.);
#394=FACE_OUTER_BOUND('',#666,.T.);
#395=FACE_OUTER_BOUND('',#667,.T.);
#396=FACE_OUTER_BOUND('',#668,.T.);
#397=FACE_OUTER_BOUND('',#669,.T.);
#398=FACE_OUTER_BOUND('',#670,.T.);
#399=FACE_OUTER_BOUND('',#671,.T.);
#400=FACE_OUTER_BOUND('',#672,.T.);
#401=FACE_OUTER_BOUND('',#673,.T.);
#402=FACE_OUTER_BOUND('',#674,.T.);
#403=FACE_OUTER_BOUND('',#675,.T.);
#404=FACE_OUTER_BOUND('',#676,.T.);
#405=FACE_OUTER_BOUND('',#677,.T.);
#406=FACE_OUTER_BOUND('',#678,.T.);
#407=FACE_OUTER_BOUND('',#679,.T.);
#408=FACE_OUTER_BOUND('',#680,.T.);
#409=FACE_OUTER_BOUND('',#681,.T.);
#410=FACE_OUTER_BOUND('',#682,.T.);
#411=FACE_OUTER_BOUND('',#683,.T.);
#412=FACE_OUTER_BOUND('',#684,.T.);
#413=FACE_OUTER_BOUND('',#685,.T.);
#414=FACE_OUTER_BOUND('',#686,.T.);
#415=FACE_OUTER_BOUND('',#687,.T.);
#416=FACE_OUTER_BOUND('',#688,.T.);
#417=FACE_OUTER_BOUND('',#689,.T.);
#418=FACE_OUTER_BOUND('',#690,.T.);
#419=FACE_OUTER_BOUND('',#691,.T.);
#420=FACE_OUTER_BOUND('',#692,.T.);
#421=FACE_OUTER_BOUND('',#693,.T.);
#422=FACE_OUTER_BOUND('',#694,.T.);
#423=FACE_OUTER_BOUND('',#695,.T.);
#424=FACE_OUTER_BOUND('',#696,.T.);
#425=FACE_OUTER_BOUND('',#697,.T.);
#426=FACE_OUTER_BOUND('',#698,.T.);
#427=FACE_OUTER_BOUND('',#699,.T.);
#428=FACE_OUTER_BOUND('',#700,.T.);
#429=FACE_OUTER_BOUND('',#701,.T.);
#430=FACE_OUTER_BOUND('',#702,.T.);
#431=FACE_OUTER_BOUND('',#703,.T.);
#432=FACE_OUTER_BOUND('',#704,.T.);
#433=FACE_OUTER_BOUND('',#705,.T.);
#434=FACE_OUTER_BOUND('',#706,.T.);
#435=FACE_OUTER_BOUND('',#707,.T.);
#436=FACE_OUTER_BOUND('',#708,.T.);
#437=FACE_OUTER_BOUND('',#709,.T.);
#438=FACE_OUTER_BOUND('',#710,.T.);
#439=FACE_OUTER_BOUND('',#711,.T.);
#440=FACE_OUTER_BOUND('',#712,.T.);
#441=FACE_OUTER_BOUND('',#713,.T.);
#442=FACE_OUTER_BOUND('',#714,.T.);
#443=FACE_OUTER_BOUND('',#715,.T.);
#444=FACE_OUTER_BOUND('',#716,.T.);
#445=FACE_OUTER_BOUND('',#717,.T.);
#446=FACE_OUTER_BOUND('',#718,.T.);
#447=FACE_OUTER_BOUND('',#719,.T.);
#448=FACE_OUTER_BOUND('',#720,.T.);
#449=FACE_OUTER_BOUND('',#721,.T.);
#450=FACE_OUTER_BOUND('',#722,.T.);
#451=FACE_OUTER_BOUND('',#723,.T.);
#452=FACE_OUTER_BOUND('',#724,.T.);
#453=FACE_OUTER_BOUND('',#725,.T.);
#454=FACE_OUTER_BOUND('',#726,.T.);
#455=FACE_OUTER_BOUND('',#727,.T.);
#456=FACE_OUTER_BOUND('',#728,.T.);
#457=FACE_OUTER_BOUND('',#729,.T.);
#458=FACE_OUTER_BOUND('',#730,.T.);
#459=FACE_OUTER_BOUND('',#731,.T.);
#460=FACE_OUTER_BOUND('',#732,.T.);
#461=FACE_OUTER_BOUND('',#733,.T.);
#462=FACE_OUTER_BOUND('',#734,.T.);
#463=FACE_OUTER_BOUND('',#735,.T.);
#464=FACE_OUTER_BOUND('',#736,.T.);
#465=FACE_OUTER_BOUND('',#737,.T.);
#466=FACE_OUTER_BOUND('',#738,.T.);
#467=FACE_OUTER_BOUND('',#739,.T.);
#468=FACE_OUTER_BOUND('',#740,.T.);
#469=FACE_OUTER_BOUND('',#741,.T.);
#470=FACE_OUTER_BOUND('',#742,.T.);
#471=FACE_OUTER_BOUND('',#743,.T.);
#472=EDGE_LOOP('',(#2324,#2325,#2326));
#473=EDGE_LOOP('',(#2327,#2328,#2329,#2330));
#474=EDGE_LOOP('',(#2331,#2332,#2333));
#475=EDGE_LOOP('',(#2334,#2335,#2336,#2337));
#476=EDGE_LOOP('',(#2338,#2339,#2340));
#477=EDGE_LOOP('',(#2341,#2342,#2343,#2344));
#478=EDGE_LOOP('',(#2345,#2346,#2347));
#479=EDGE_LOOP('',(#2348,#2349,#2350,#2351));
#480=EDGE_LOOP('',(#2352,#2353,#2354));
#481=EDGE_LOOP('',(#2355,#2356,#2357,#2358));
#482=EDGE_LOOP('',(#2359,#2360,#2361));
#483=EDGE_LOOP('',(#2362,#2363,#2364,#2365));
#484=EDGE_LOOP('',(#2366,#2367,#2368));
#485=EDGE_LOOP('',(#2369,#2370,#2371,#2372));
#486=EDGE_LOOP('',(#2373,#2374,#2375));
#487=EDGE_LOOP('',(#2376,#2377,#2378,#2379));
#488=EDGE_LOOP('',(#2380,#2381,#2382));
#489=EDGE_LOOP('',(#2383,#2384,#2385,#2386));
#490=EDGE_LOOP('',(#2387,#2388,#2389));
#491=EDGE_LOOP('',(#2390,#2391,#2392,#2393));
#492=EDGE_LOOP('',(#2394,#2395,#2396));
#493=EDGE_LOOP('',(#2397,#2398,#2399,#2400));
#494=EDGE_LOOP('',(#2401,#2402,#2403));
#495=EDGE_LOOP('',(#2404,#2405,#2406,#2407));
#496=EDGE_LOOP('',(#2408,#2409,#2410));
#497=EDGE_LOOP('',(#2411,#2412,#2413,#2414));
#498=EDGE_LOOP('',(#2415,#2416,#2417));
#499=EDGE_LOOP('',(#2418,#2419,#2420,#2421));
#500=EDGE_LOOP('',(#2422,#2423,#2424));
#501=EDGE_LOOP('',(#2425,#2426,#2427,#2428));
#502=EDGE_LOOP('',(#2429,#2430,#2431));
#503=EDGE_LOOP('',(#2432,#2433,#2434,#2435));
#504=EDGE_LOOP('',(#2436,#2437,#2438));
#505=EDGE_LOOP('',(#2439,#2440,#2441,#2442));
#506=EDGE_LOOP('',(#2443,#2444,#2445));
#507=EDGE_LOOP('',(#2446,#2447,#2448,#2449));
#508=EDGE_LOOP('',(#2450,#2451,#2452));
#509=EDGE_LOOP('',(#2453,#2454,#2455,#2456));
#510=EDGE_LOOP('',(#2457,#2458,#2459));
#511=EDGE_LOOP('',(#2460,#2461,#2462,#2463));
#512=EDGE_LOOP('',(#2464,#2465,#2466));
#513=EDGE_LOOP('',(#2467,#2468,#2469,#2470));
#514=EDGE_LOOP('',(#2471,#2472,#2473));
#515=EDGE_LOOP('',(#2474,#2475,#2476,#2477));
#516=EDGE_LOOP('',(#2478,#2479,#2480));
#517=EDGE_LOOP('',(#2481,#2482,#2483,#2484));
#518=EDGE_LOOP('',(#2485,#2486,#2487));
#519=EDGE_LOOP('',(#2488,#2489,#2490,#2491));
#520=EDGE_LOOP('',(#2492,#2493,#2494));
#521=EDGE_LOOP('',(#2495,#2496,#2497,#2498));
#522=EDGE_LOOP('',(#2499,#2500,#2501));
#523=EDGE_LOOP('',(#2502,#2503,#2504,#2505));
#524=EDGE_LOOP('',(#2506,#2507,#2508));
#525=EDGE_LOOP('',(#2509,#2510,#2511,#2512));
#526=EDGE_LOOP('',(#2513,#2514,#2515));
#527=EDGE_LOOP('',(#2516,#2517,#2518,#2519));
#528=EDGE_LOOP('',(#2520,#2521,#2522));
#529=EDGE_LOOP('',(#2523,#2524,#2525,#2526));
#530=EDGE_LOOP('',(#2527,#2528,#2529));
#531=EDGE_LOOP('',(#2530,#2531,#2532,#2533));
#532=EDGE_LOOP('',(#2534,#2535,#2536));
#533=EDGE_LOOP('',(#2537,#2538,#2539,#2540));
#534=EDGE_LOOP('',(#2541,#2542,#2543));
#535=EDGE_LOOP('',(#2544,#2545,#2546,#2547));
#536=EDGE_LOOP('',(#2548,#2549,#2550));
#537=EDGE_LOOP('',(#2551,#2552,#2553,#2554));
#538=EDGE_LOOP('',(#2555,#2556,#2557));
#539=EDGE_LOOP('',(#2558,#2559,#2560,#2561));
#540=EDGE_LOOP('',(#2562,#2563,#2564));
#541=EDGE_LOOP('',(#2565,#2566,#2567,#2568));
#542=EDGE_LOOP('',(#2569,#2570,#2571));
#543=EDGE_LOOP('',(#2572,#2573,#2574,#2575));
#544=EDGE_LOOP('',(#2576,#2577,#2578));
#545=EDGE_LOOP('',(#2579,#2580,#2581,#2582));
#546=EDGE_LOOP('',(#2583,#2584,#2585));
#547=EDGE_LOOP('',(#2586,#2587,#2588,#2589));
#548=EDGE_LOOP('',(#2590,#2591,#2592));
#549=EDGE_LOOP('',(#2593,#2594,#2595,#2596));
#550=EDGE_LOOP('',(#2597,#2598,#2599));
#551=EDGE_LOOP('',(#2600,#2601,#2602,#2603));
#552=EDGE_LOOP('',(#2604,#2605,#2606));
#553=EDGE_LOOP('',(#2607,#2608,#2609,#2610));
#554=EDGE_LOOP('',(#2611,#2612,#2613));
#555=EDGE_LOOP('',(#2614,#2615,#2616,#2617));
#556=EDGE_LOOP('',(#2618,#2619,#2620));
#557=EDGE_LOOP('',(#2621,#2622,#2623,#2624));
#558=EDGE_LOOP('',(#2625,#2626,#2627));
#559=EDGE_LOOP('',(#2628,#2629,#2630,#2631));
#560=EDGE_LOOP('',(#2632,#2633,#2634));
#561=EDGE_LOOP('',(#2635,#2636,#2637,#2638));
#562=EDGE_LOOP('',(#2639,#2640,#2641));
#563=EDGE_LOOP('',(#2642,#2643,#2644,#2645));
#564=EDGE_LOOP('',(#2646,#2647,#2648));
#565=EDGE_LOOP('',(#2649,#2650,#2651,#2652));
#566=EDGE_LOOP('',(#2653,#2654,#2655));
#567=EDGE_LOOP('',(#2656,#2657,#2658,#2659));
#568=EDGE_LOOP('',(#2660,#2661,#2662,#2663));
#569=EDGE_LOOP('',(#2664,#2665,#2666,#2667));
#570=EDGE_LOOP('',(#2668,#2669,#2670,#2671));
#571=EDGE_LOOP('',(#2672,#2673,#2674,#2675));
#572=EDGE_LOOP('',(#2676,#2677,#2678,#2679));
#573=EDGE_LOOP('',(#2680,#2681,#2682,#2683,#2684,#2685,#2686,#2687,#2688,
#2689,#2690,#2691,#2692,#2693));
#574=EDGE_LOOP('',(#2694,#2695,#2696,#2697));
#575=EDGE_LOOP('',(#2698,#2699,#2700,#2701));
#576=EDGE_LOOP('',(#2702,#2703,#2704,#2705));
#577=EDGE_LOOP('',(#2706,#2707,#2708,#2709));
#578=EDGE_LOOP('',(#2710,#2711,#2712,#2713));
#579=EDGE_LOOP('',(#2714,#2715,#2716,#2717));
#580=EDGE_LOOP('',(#2718,#2719,#2720,#2721));
#581=EDGE_LOOP('',(#2722,#2723,#2724,#2725));
#582=EDGE_LOOP('',(#2726,#2727,#2728,#2729));
#583=EDGE_LOOP('',(#2730,#2731,#2732,#2733,#2734,#2735,#2736,#2737,#2738,
#2739,#2740,#2741,#2742,#2743));
#584=EDGE_LOOP('',(#2744));
#585=EDGE_LOOP('',(#2745));
#586=EDGE_LOOP('',(#2746));
#587=EDGE_LOOP('',(#2747));
#588=EDGE_LOOP('',(#2748));
#589=EDGE_LOOP('',(#2749));
#590=EDGE_LOOP('',(#2750));
#591=EDGE_LOOP('',(#2751));
#592=EDGE_LOOP('',(#2752));
#593=EDGE_LOOP('',(#2753));
#594=EDGE_LOOP('',(#2754));
#595=EDGE_LOOP('',(#2755));
#596=EDGE_LOOP('',(#2756));
#597=EDGE_LOOP('',(#2757));
#598=EDGE_LOOP('',(#2758));
#599=EDGE_LOOP('',(#2759));
#600=EDGE_LOOP('',(#2760));
#601=EDGE_LOOP('',(#2761));
#602=EDGE_LOOP('',(#2762));
#603=EDGE_LOOP('',(#2763));
#604=EDGE_LOOP('',(#2764));
#605=EDGE_LOOP('',(#2765));
#606=EDGE_LOOP('',(#2766));
#607=EDGE_LOOP('',(#2767));
#608=EDGE_LOOP('',(#2768));
#609=EDGE_LOOP('',(#2769));
#610=EDGE_LOOP('',(#2770));
#611=EDGE_LOOP('',(#2771));
#612=EDGE_LOOP('',(#2772));
#613=EDGE_LOOP('',(#2773));
#614=EDGE_LOOP('',(#2774));
#615=EDGE_LOOP('',(#2775));
#616=EDGE_LOOP('',(#2776));
#617=EDGE_LOOP('',(#2777));
#618=EDGE_LOOP('',(#2778));
#619=EDGE_LOOP('',(#2779));
#620=EDGE_LOOP('',(#2780));
#621=EDGE_LOOP('',(#2781));
#622=EDGE_LOOP('',(#2782));
#623=EDGE_LOOP('',(#2783));
#624=EDGE_LOOP('',(#2784));
#625=EDGE_LOOP('',(#2785));
#626=EDGE_LOOP('',(#2786));
#627=EDGE_LOOP('',(#2787));
#628=EDGE_LOOP('',(#2788));
#629=EDGE_LOOP('',(#2789));
#630=EDGE_LOOP('',(#2790));
#631=EDGE_LOOP('',(#2791));
#632=EDGE_LOOP('',(#2792,#2793,#2794));
#633=EDGE_LOOP('',(#2795,#2796,#2797,#2798));
#634=EDGE_LOOP('',(#2799,#2800,#2801));
#635=EDGE_LOOP('',(#2802,#2803,#2804,#2805));
#636=EDGE_LOOP('',(#2806,#2807,#2808));
#637=EDGE_LOOP('',(#2809,#2810,#2811,#2812));
#638=EDGE_LOOP('',(#2813,#2814,#2815));
#639=EDGE_LOOP('',(#2816,#2817,#2818,#2819));
#640=EDGE_LOOP('',(#2820,#2821,#2822));
#641=EDGE_LOOP('',(#2823,#2824,#2825,#2826));
#642=EDGE_LOOP('',(#2827,#2828,#2829));
#643=EDGE_LOOP('',(#2830,#2831,#2832,#2833));
#644=EDGE_LOOP('',(#2834,#2835,#2836));
#645=EDGE_LOOP('',(#2837,#2838,#2839,#2840));
#646=EDGE_LOOP('',(#2841,#2842,#2843));
#647=EDGE_LOOP('',(#2844,#2845,#2846,#2847));
#648=EDGE_LOOP('',(#2848,#2849,#2850));
#649=EDGE_LOOP('',(#2851,#2852,#2853,#2854));
#650=EDGE_LOOP('',(#2855,#2856,#2857));
#651=EDGE_LOOP('',(#2858,#2859,#2860,#2861));
#652=EDGE_LOOP('',(#2862,#2863,#2864));
#653=EDGE_LOOP('',(#2865,#2866,#2867,#2868));
#654=EDGE_LOOP('',(#2869,#2870,#2871));
#655=EDGE_LOOP('',(#2872,#2873,#2874,#2875));
#656=EDGE_LOOP('',(#2876,#2877,#2878));
#657=EDGE_LOOP('',(#2879,#2880,#2881,#2882));
#658=EDGE_LOOP('',(#2883,#2884,#2885));
#659=EDGE_LOOP('',(#2886,#2887,#2888,#2889));
#660=EDGE_LOOP('',(#2890,#2891,#2892));
#661=EDGE_LOOP('',(#2893,#2894,#2895,#2896));
#662=EDGE_LOOP('',(#2897,#2898,#2899));
#663=EDGE_LOOP('',(#2900,#2901,#2902,#2903));
#664=EDGE_LOOP('',(#2904,#2905,#2906));
#665=EDGE_LOOP('',(#2907,#2908,#2909,#2910));
#666=EDGE_LOOP('',(#2911,#2912,#2913));
#667=EDGE_LOOP('',(#2914,#2915,#2916,#2917));
#668=EDGE_LOOP('',(#2918,#2919,#2920));
#669=EDGE_LOOP('',(#2921,#2922,#2923,#2924));
#670=EDGE_LOOP('',(#2925,#2926,#2927));
#671=EDGE_LOOP('',(#2928,#2929,#2930,#2931));
#672=EDGE_LOOP('',(#2932,#2933,#2934));
#673=EDGE_LOOP('',(#2935,#2936,#2937,#2938));
#674=EDGE_LOOP('',(#2939,#2940,#2941));
#675=EDGE_LOOP('',(#2942,#2943,#2944,#2945));
#676=EDGE_LOOP('',(#2946,#2947,#2948));
#677=EDGE_LOOP('',(#2949,#2950,#2951,#2952));
#678=EDGE_LOOP('',(#2953,#2954,#2955));
#679=EDGE_LOOP('',(#2956,#2957,#2958,#2959));
#680=EDGE_LOOP('',(#2960,#2961,#2962));
#681=EDGE_LOOP('',(#2963,#2964,#2965,#2966));
#682=EDGE_LOOP('',(#2967,#2968,#2969));
#683=EDGE_LOOP('',(#2970,#2971,#2972,#2973));
#684=EDGE_LOOP('',(#2974,#2975,#2976));
#685=EDGE_LOOP('',(#2977,#2978,#2979,#2980));
#686=EDGE_LOOP('',(#2981,#2982,#2983));
#687=EDGE_LOOP('',(#2984,#2985,#2986,#2987));
#688=EDGE_LOOP('',(#2988,#2989,#2990));
#689=EDGE_LOOP('',(#2991,#2992,#2993,#2994));
#690=EDGE_LOOP('',(#2995,#2996,#2997));
#691=EDGE_LOOP('',(#2998,#2999,#3000,#3001));
#692=EDGE_LOOP('',(#3002,#3003,#3004));
#693=EDGE_LOOP('',(#3005,#3006,#3007,#3008));
#694=EDGE_LOOP('',(#3009,#3010,#3011));
#695=EDGE_LOOP('',(#3012,#3013,#3014,#3015));
#696=EDGE_LOOP('',(#3016,#3017,#3018));
#697=EDGE_LOOP('',(#3019,#3020,#3021,#3022));
#698=EDGE_LOOP('',(#3023,#3024,#3025));
#699=EDGE_LOOP('',(#3026,#3027,#3028,#3029));
#700=EDGE_LOOP('',(#3030,#3031,#3032));
#701=EDGE_LOOP('',(#3033,#3034,#3035,#3036));
#702=EDGE_LOOP('',(#3037,#3038,#3039));
#703=EDGE_LOOP('',(#3040,#3041,#3042,#3043));
#704=EDGE_LOOP('',(#3044,#3045,#3046));
#705=EDGE_LOOP('',(#3047,#3048,#3049,#3050));
#706=EDGE_LOOP('',(#3051,#3052,#3053));
#707=EDGE_LOOP('',(#3054,#3055,#3056,#3057));
#708=EDGE_LOOP('',(#3058,#3059,#3060));
#709=EDGE_LOOP('',(#3061,#3062,#3063,#3064));
#710=EDGE_LOOP('',(#3065,#3066,#3067));
#711=EDGE_LOOP('',(#3068,#3069,#3070,#3071));
#712=EDGE_LOOP('',(#3072,#3073,#3074));
#713=EDGE_LOOP('',(#3075,#3076,#3077,#3078));
#714=EDGE_LOOP('',(#3079,#3080,#3081));
#715=EDGE_LOOP('',(#3082,#3083,#3084,#3085));
#716=EDGE_LOOP('',(#3086,#3087,#3088));
#717=EDGE_LOOP('',(#3089,#3090,#3091,#3092));
#718=EDGE_LOOP('',(#3093,#3094,#3095));
#719=EDGE_LOOP('',(#3096,#3097,#3098,#3099));
#720=EDGE_LOOP('',(#3100,#3101,#3102));
#721=EDGE_LOOP('',(#3103,#3104,#3105,#3106));
#722=EDGE_LOOP('',(#3107,#3108,#3109));
#723=EDGE_LOOP('',(#3110,#3111,#3112,#3113));
#724=EDGE_LOOP('',(#3114,#3115,#3116));
#725=EDGE_LOOP('',(#3117,#3118,#3119,#3120));
#726=EDGE_LOOP('',(#3121,#3122,#3123));
#727=EDGE_LOOP('',(#3124,#3125,#3126,#3127));
#728=EDGE_LOOP('',(#3128,#3129,#3130,#3131));
#729=EDGE_LOOP('',(#3132,#3133,#3134,#3135));
#730=EDGE_LOOP('',(#3136,#3137,#3138,#3139));
#731=EDGE_LOOP('',(#3140,#3141,#3142,#3143));
#732=EDGE_LOOP('',(#3144,#3145,#3146,#3147));
#733=EDGE_LOOP('',(#3148,#3149,#3150,#3151,#3152,#3153,#3154,#3155,#3156,
#3157,#3158,#3159,#3160,#3161));
#734=EDGE_LOOP('',(#3162,#3163,#3164,#3165));
#735=EDGE_LOOP('',(#3166,#3167,#3168,#3169));
#736=EDGE_LOOP('',(#3170,#3171,#3172,#3173));
#737=EDGE_LOOP('',(#3174,#3175,#3176,#3177));
#738=EDGE_LOOP('',(#3178,#3179,#3180,#3181));
#739=EDGE_LOOP('',(#3182,#3183,#3184,#3185));
#740=EDGE_LOOP('',(#3186,#3187,#3188,#3189));
#741=EDGE_LOOP('',(#3190,#3191,#3192,#3193));
#742=EDGE_LOOP('',(#3194,#3195,#3196,#3197));
#743=EDGE_LOOP('',(#3198,#3199,#3200,#3201,#3202,#3203,#3204,#3205,#3206,
#3207,#3208,#3209,#3210,#3211));
#744=EDGE_LOOP('',(#3212));
#745=EDGE_LOOP('',(#3213));
#746=EDGE_LOOP('',(#3214));
#747=EDGE_LOOP('',(#3215));
#748=EDGE_LOOP('',(#3216));
#749=EDGE_LOOP('',(#3217));
#750=EDGE_LOOP('',(#3218));
#751=EDGE_LOOP('',(#3219));
#752=EDGE_LOOP('',(#3220));
#753=EDGE_LOOP('',(#3221));
#754=EDGE_LOOP('',(#3222));
#755=EDGE_LOOP('',(#3223));
#756=EDGE_LOOP('',(#3224));
#757=EDGE_LOOP('',(#3225));
#758=EDGE_LOOP('',(#3226));
#759=EDGE_LOOP('',(#3227));
#760=EDGE_LOOP('',(#3228));
#761=EDGE_LOOP('',(#3229));
#762=EDGE_LOOP('',(#3230));
#763=EDGE_LOOP('',(#3231));
#764=EDGE_LOOP('',(#3232));
#765=EDGE_LOOP('',(#3233));
#766=EDGE_LOOP('',(#3234));
#767=EDGE_LOOP('',(#3235));
#768=EDGE_LOOP('',(#3236));
#769=EDGE_LOOP('',(#3237));
#770=EDGE_LOOP('',(#3238));
#771=EDGE_LOOP('',(#3239));
#772=EDGE_LOOP('',(#3240));
#773=EDGE_LOOP('',(#3241));
#774=EDGE_LOOP('',(#3242));
#775=EDGE_LOOP('',(#3243));
#776=EDGE_LOOP('',(#3244));
#777=EDGE_LOOP('',(#3245));
#778=EDGE_LOOP('',(#3246));
#779=EDGE_LOOP('',(#3247));
#780=EDGE_LOOP('',(#3248));
#781=EDGE_LOOP('',(#3249));
#782=EDGE_LOOP('',(#3250));
#783=EDGE_LOOP('',(#3251));
#784=EDGE_LOOP('',(#3252));
#785=EDGE_LOOP('',(#3253));
#786=EDGE_LOOP('',(#3254));
#787=EDGE_LOOP('',(#3255));
#788=EDGE_LOOP('',(#3256));
#789=EDGE_LOOP('',(#3257));
#790=EDGE_LOOP('',(#3258));
#791=EDGE_LOOP('',(#3259));
#792=LINE('',#5184,#1044);
#793=LINE('',#5188,#1045);
#794=LINE('',#5193,#1046);
#795=LINE('',#5197,#1047);
#796=LINE('',#5202,#1048);
#797=LINE('',#5206,#1049);
#798=LINE('',#5211,#1050);
#799=LINE('',#5215,#1051);
#800=LINE('',#5220,#1052);
#801=LINE('',#5224,#1053);
#802=LINE('',#5229,#1054);
#803=LINE('',#5233,#1055);
#804=LINE('',#5238,#1056);
#805=LINE('',#5242,#1057);
#806=LINE('',#5247,#1058);
#807=LINE('',#5251,#1059);
#808=LINE('',#5256,#1060);
#809=LINE('',#5260,#1061);
#810=LINE('',#5265,#1062);
#811=LINE('',#5269,#1063);
#812=LINE('',#5274,#1064);
#813=LINE('',#5278,#1065);
#814=LINE('',#5283,#1066);
#815=LINE('',#5287,#1067);
#816=LINE('',#5292,#1068);
#817=LINE('',#5296,#1069);
#818=LINE('',#5301,#1070);
#819=LINE('',#5305,#1071);
#820=LINE('',#5310,#1072);
#821=LINE('',#5314,#1073);
#822=LINE('',#5319,#1074);
#823=LINE('',#5323,#1075);
#824=LINE('',#5328,#1076);
#825=LINE('',#5332,#1077);
#826=LINE('',#5337,#1078);
#827=LINE('',#5341,#1079);
#828=LINE('',#5346,#1080);
#829=LINE('',#5350,#1081);
#830=LINE('',#5355,#1082);
#831=LINE('',#5359,#1083);
#832=LINE('',#5364,#1084);
#833=LINE('',#5368,#1085);
#834=LINE('',#5373,#1086);
#835=LINE('',#5377,#1087);
#836=LINE('',#5382,#1088);
#837=LINE('',#5386,#1089);
#838=LINE('',#5391,#1090);
#839=LINE('',#5395,#1091);
#840=LINE('',#5400,#1092);
#841=LINE('',#5404,#1093);
#842=LINE('',#5409,#1094);
#843=LINE('',#5413,#1095);
#844=LINE('',#5418,#1096);
#845=LINE('',#5422,#1097);
#846=LINE('',#5427,#1098);
#847=LINE('',#5431,#1099);
#848=LINE('',#5436,#1100);
#849=LINE('',#5440,#1101);
#850=LINE('',#5445,#1102);
#851=LINE('',#5449,#1103);
#852=LINE('',#5454,#1104);
#853=LINE('',#5458,#1105);
#854=LINE('',#5463,#1106);
#855=LINE('',#5467,#1107);
#856=LINE('',#5472,#1108);
#857=LINE('',#5476,#1109);
#858=LINE('',#5481,#1110);
#859=LINE('',#5485,#1111);
#860=LINE('',#5490,#1112);
#861=LINE('',#5494,#1113);
#862=LINE('',#5499,#1114);
#863=LINE('',#5503,#1115);
#864=LINE('',#5508,#1116);
#865=LINE('',#5512,#1117);
#866=LINE('',#5517,#1118);
#867=LINE('',#5521,#1119);
#868=LINE('',#5526,#1120);
#869=LINE('',#5530,#1121);
#870=LINE('',#5535,#1122);
#871=LINE('',#5539,#1123);
#872=LINE('',#5544,#1124);
#873=LINE('',#5548,#1125);
#874=LINE('',#5553,#1126);
#875=LINE('',#5557,#1127);
#876=LINE('',#5562,#1128);
#877=LINE('',#5566,#1129);
#878=LINE('',#5571,#1130);
#879=LINE('',#5575,#1131);
#880=LINE('',#5580,#1132);
#881=LINE('',#5584,#1133);
#882=LINE('',#5589,#1134);
#883=LINE('',#5593,#1135);
#884=LINE('',#5598,#1136);
#885=LINE('',#5602,#1137);
#886=LINE('',#5607,#1138);
#887=LINE('',#5611,#1139);
#888=LINE('',#5615,#1140);
#889=LINE('',#5617,#1141);
#890=LINE('',#5619,#1142);
#891=LINE('',#5620,#1143);
#892=LINE('',#5626,#1144);
#893=LINE('',#5629,#1145);
#894=LINE('',#5631,#1146);
#895=LINE('',#5632,#1147);
#896=LINE('',#5636,#1148);
#897=LINE('',#5638,#1149);
#898=LINE('',#5640,#1150);
#899=LINE('',#5641,#1151);
#900=LINE('',#5647,#1152);
#901=LINE('',#5651,#1153);
#902=LINE('',#5655,#1154);
#903=LINE('',#5659,#1155);
#904=LINE('',#5662,#1156);
#905=LINE('',#5665,#1157);
#906=LINE('',#5666,#1158);
#907=LINE('',#5670,#1159);
#908=LINE('',#5671,#1160);
#909=LINE('',#5672,#1161);
#910=LINE('',#5676,#1162);
#911=LINE('',#5679,#1163);
#912=LINE('',#5680,#1164);
#913=LINE('',#5685,#1165);
#914=LINE('',#5686,#1166);
#915=LINE('',#5690,#1167);
#916=LINE('',#5693,#1168);
#917=LINE('',#5694,#1169);
#918=LINE('',#5701,#1170);
#919=LINE('',#5705,#1171);
#920=LINE('',#5710,#1172);
#921=LINE('',#5714,#1173);
#922=LINE('',#5719,#1174);
#923=LINE('',#5723,#1175);
#924=LINE('',#5728,#1176);
#925=LINE('',#5732,#1177);
#926=LINE('',#5737,#1178);
#927=LINE('',#5741,#1179);
#928=LINE('',#5746,#1180);
#929=LINE('',#5750,#1181);
#930=LINE('',#5755,#1182);
#931=LINE('',#5759,#1183);
#932=LINE('',#5764,#1184);
#933=LINE('',#5768,#1185);
#934=LINE('',#5773,#1186);
#935=LINE('',#5777,#1187);
#936=LINE('',#5782,#1188);
#937=LINE('',#5786,#1189);
#938=LINE('',#5791,#1190);
#939=LINE('',#5795,#1191);
#940=LINE('',#5800,#1192);
#941=LINE('',#5804,#1193);
#942=LINE('',#5809,#1194);
#943=LINE('',#5813,#1195);
#944=LINE('',#5818,#1196);
#945=LINE('',#5822,#1197);
#946=LINE('',#5827,#1198);
#947=LINE('',#5831,#1199);
#948=LINE('',#5836,#1200);
#949=LINE('',#5840,#1201);
#950=LINE('',#5845,#1202);
#951=LINE('',#5849,#1203);
#952=LINE('',#5854,#1204);
#953=LINE('',#5858,#1205);
#954=LINE('',#5863,#1206);
#955=LINE('',#5867,#1207);
#956=LINE('',#5872,#1208);
#957=LINE('',#5876,#1209);
#958=LINE('',#5881,#1210);
#959=LINE('',#5885,#1211);
#960=LINE('',#5890,#1212);
#961=LINE('',#5894,#1213);
#962=LINE('',#5899,#1214);
#963=LINE('',#5903,#1215);
#964=LINE('',#5908,#1216);
#965=LINE('',#5912,#1217);
#966=LINE('',#5917,#1218);
#967=LINE('',#5921,#1219);
#968=LINE('',#5926,#1220);
#969=LINE('',#5930,#1221);
#970=LINE('',#5935,#1222);
#971=LINE('',#5939,#1223);
#972=LINE('',#5944,#1224);
#973=LINE('',#5948,#1225);
#974=LINE('',#5953,#1226);
#975=LINE('',#5957,#1227);
#976=LINE('',#5962,#1228);
#977=LINE('',#5966,#1229);
#978=LINE('',#5971,#1230);
#979=LINE('',#5975,#1231);
#980=LINE('',#5980,#1232);
#981=LINE('',#5984,#1233);
#982=LINE('',#5989,#1234);
#983=LINE('',#5993,#1235);
#984=LINE('',#5998,#1236);
#985=LINE('',#6002,#1237);
#986=LINE('',#6007,#1238);
#987=LINE('',#6011,#1239);
#988=LINE('',#6016,#1240);
#989=LINE('',#6020,#1241);
#990=LINE('',#6025,#1242);
#991=LINE('',#6029,#1243);
#992=LINE('',#6034,#1244);
#993=LINE('',#6038,#1245);
#994=LINE('',#6043,#1246);
#995=LINE('',#6047,#1247);
#996=LINE('',#6052,#1248);
#997=LINE('',#6056,#1249);
#998=LINE('',#6061,#1250);
#999=LINE('',#6065,#1251);
#1000=LINE('',#6070,#1252);
#1001=LINE('',#6074,#1253);
#1002=LINE('',#6079,#1254);
#1003=LINE('',#6083,#1255);
#1004=LINE('',#6088,#1256);
#1005=LINE('',#6092,#1257);
#1006=LINE('',#6097,#1258);
#1007=LINE('',#6101,#1259);
#1008=LINE('',#6106,#1260);
#1009=LINE('',#6110,#1261);
#1010=LINE('',#6115,#1262);
#1011=LINE('',#6119,#1263);
#1012=LINE('',#6124,#1264);
#1013=LINE('',#6128,#1265);
#1014=LINE('',#6133,#1266);
#1015=LINE('',#6135,#1267);
#1016=LINE('',#6137,#1268);
#1017=LINE('',#6138,#1269);
#1018=LINE('',#6143,#1270);
#1019=LINE('',#6147,#1271);
#1020=LINE('',#6149,#1272);
#1021=LINE('',#6150,#1273);
#1022=LINE('',#6154,#1274);
#1023=LINE('',#6156,#1275);
#1024=LINE('',#6158,#1276);
#1025=LINE('',#6159,#1277);
#1026=LINE('',#6165,#1278);
#1027=LINE('',#6169,#1279);
#1028=LINE('',#6173,#1280);
#1029=LINE('',#6177,#1281);
#1030=LINE('',#6180,#1282);
#1031=LINE('',#6183,#1283);
#1032=LINE('',#6184,#1284);
#1033=LINE('',#6188,#1285);
#1034=LINE('',#6189,#1286);
#1035=LINE('',#6190,#1287);
#1036=LINE('',#6194,#1288);
#1037=LINE('',#6197,#1289);
#1038=LINE('',#6198,#1290);
#1039=LINE('',#6203,#1291);
#1040=LINE('',#6204,#1292);
#1041=LINE('',#6208,#1293);
#1042=LINE('',#6211,#1294);
#1043=LINE('',#6212,#1295);
#1044=VECTOR('',#4051,2.094);
#1045=VECTOR('',#4056,4.188);
#1046=VECTOR('',#4061,2.094);
#1047=VECTOR('',#4066,4.188);
#1048=VECTOR('',#4071,2.094);
#1049=VECTOR('',#4076,4.188);
#1050=VECTOR('',#4081,2.094);
#1051=VECTOR('',#4086,4.188);
#1052=VECTOR('',#4091,2.094);
#1053=VECTOR('',#4096,4.188);
#1054=VECTOR('',#4101,2.094);
#1055=VECTOR('',#4106,4.188);
#1056=VECTOR('',#4111,2.094);
#1057=VECTOR('',#4116,4.188);
#1058=VECTOR('',#4121,2.094);
#1059=VECTOR('',#4126,4.188);
#1060=VECTOR('',#4131,2.094);
#1061=VECTOR('',#4136,4.188);
#1062=VECTOR('',#4141,2.094);
#1063=VECTOR('',#4146,4.188);
#1064=VECTOR('',#4151,2.094);
#1065=VECTOR('',#4156,4.188);
#1066=VECTOR('',#4161,2.094);
#1067=VECTOR('',#4166,4.188);
#1068=VECTOR('',#4171,2.094);
#1069=VECTOR('',#4176,4.188);
#1070=VECTOR('',#4181,2.094);
#1071=VECTOR('',#4186,4.188);
#1072=VECTOR('',#4191,2.094);
#1073=VECTOR('',#4196,4.188);
#1074=VECTOR('',#4201,2.094);
#1075=VECTOR('',#4206,4.188);
#1076=VECTOR('',#4211,2.094);
#1077=VECTOR('',#4216,4.188);
#1078=VECTOR('',#4221,2.094);
#1079=VECTOR('',#4226,4.188);
#1080=VECTOR('',#4231,2.094);
#1081=VECTOR('',#4236,4.188);
#1082=VECTOR('',#4241,2.094);
#1083=VECTOR('',#4246,4.188);
#1084=VECTOR('',#4251,2.094);
#1085=VECTOR('',#4256,4.188);
#1086=VECTOR('',#4261,2.094);
#1087=VECTOR('',#4266,4.188);
#1088=VECTOR('',#4271,2.094);
#1089=VECTOR('',#4276,4.188);
#1090=VECTOR('',#4281,2.094);
#1091=VECTOR('',#4286,4.188);
#1092=VECTOR('',#4291,2.094);
#1093=VECTOR('',#4296,4.188);
#1094=VECTOR('',#4301,2.094);
#1095=VECTOR('',#4306,4.188);
#1096=VECTOR('',#4311,2.094);
#1097=VECTOR('',#4316,4.188);
#1098=VECTOR('',#4321,2.094);
#1099=VECTOR('',#4326,4.188);
#1100=VECTOR('',#4331,2.094);
#1101=VECTOR('',#4336,4.188);
#1102=VECTOR('',#4341,2.094);
#1103=VECTOR('',#4346,4.188);
#1104=VECTOR('',#4351,2.094);
#1105=VECTOR('',#4356,4.188);
#1106=VECTOR('',#4361,2.094);
#1107=VECTOR('',#4366,4.188);
#1108=VECTOR('',#4371,2.094);
#1109=VECTOR('',#4376,4.188);
#1110=VECTOR('',#4381,2.094);
#1111=VECTOR('',#4386,4.188);
#1112=VECTOR('',#4391,2.094);
#1113=VECTOR('',#4396,4.188);
#1114=VECTOR('',#4401,2.094);
#1115=VECTOR('',#4406,4.188);
#1116=VECTOR('',#4411,2.094);
#1117=VECTOR('',#4416,4.188);
#1118=VECTOR('',#4421,2.094);
#1119=VECTOR('',#4426,4.188);
#1120=VECTOR('',#4431,2.094);
#1121=VECTOR('',#4436,4.188);
#1122=VECTOR('',#4441,2.094);
#1123=VECTOR('',#4446,4.188);
#1124=VECTOR('',#4451,2.094);
#1125=VECTOR('',#4456,4.188);
#1126=VECTOR('',#4461,2.094);
#1127=VECTOR('',#4466,4.188);
#1128=VECTOR('',#4471,2.094);
#1129=VECTOR('',#4476,4.188);
#1130=VECTOR('',#4481,2.094);
#1131=VECTOR('',#4486,4.188);
#1132=VECTOR('',#4491,2.094);
#1133=VECTOR('',#4496,4.188);
#1134=VECTOR('',#4501,2.094);
#1135=VECTOR('',#4506,4.188);
#1136=VECTOR('',#4511,2.094);
#1137=VECTOR('',#4516,4.188);
#1138=VECTOR('',#4521,2.094);
#1139=VECTOR('',#4526,4.188);
#1140=VECTOR('',#4529,10.);
#1141=VECTOR('',#4530,10.);
#1142=VECTOR('',#4531,10.);
#1143=VECTOR('',#4532,10.);
#1144=VECTOR('',#4539,10.);
#1145=VECTOR('',#4542,10.);
#1146=VECTOR('',#4543,10.);
#1147=VECTOR('',#4544,10.);
#1148=VECTOR('',#4547,10.);
#1149=VECTOR('',#4548,10.);
#1150=VECTOR('',#4549,10.);
#1151=VECTOR('',#4550,10.);
#1152=VECTOR('',#4559,10.);
#1153=VECTOR('',#4562,10.);
#1154=VECTOR('',#4565,10.);
#1155=VECTOR('',#4568,10.);
#1156=VECTOR('',#4571,10.);
#1157=VECTOR('',#4574,10.);
#1158=VECTOR('',#4575,10.);
#1159=VECTOR('',#4578,10.);
#1160=VECTOR('',#4579,10.);
#1161=VECTOR('',#4580,10.);
#1162=VECTOR('',#4585,10.);
#1163=VECTOR('',#4588,10.);
#1164=VECTOR('',#4589,10.);
#1165=VECTOR('',#4596,10.);
#1166=VECTOR('',#4597,10.);
#1167=VECTOR('',#4602,10.);
#1168=VECTOR('',#4605,10.);
#1169=VECTOR('',#4606,10.);
#1170=VECTOR('',#4615,2.094);
#1171=VECTOR('',#4620,4.188);
#1172=VECTOR('',#4625,2.094);
#1173=VECTOR('',#4630,4.188);
#1174=VECTOR('',#4635,2.094);
#1175=VECTOR('',#4640,4.188);
#1176=VECTOR('',#4645,2.094);
#1177=VECTOR('',#4650,4.188);
#1178=VECTOR('',#4655,2.094);
#1179=VECTOR('',#4660,4.188);
#1180=VECTOR('',#4665,2.094);
#1181=VECTOR('',#4670,4.188);
#1182=VECTOR('',#4675,2.094);
#1183=VECTOR('',#4680,4.188);
#1184=VECTOR('',#4685,2.094);
#1185=VECTOR('',#4690,4.188);
#1186=VECTOR('',#4695,2.094);
#1187=VECTOR('',#4700,4.188);
#1188=VECTOR('',#4705,2.094);
#1189=VECTOR('',#4710,4.188);
#1190=VECTOR('',#4715,2.094);
#1191=VECTOR('',#4720,4.188);
#1192=VECTOR('',#4725,2.094);
#1193=VECTOR('',#4730,4.188);
#1194=VECTOR('',#4735,2.094);
#1195=VECTOR('',#4740,4.188);
#1196=VECTOR('',#4745,2.094);
#1197=VECTOR('',#4750,4.188);
#1198=VECTOR('',#4755,2.094);
#1199=VECTOR('',#4760,4.188);
#1200=VECTOR('',#4765,2.094);
#1201=VECTOR('',#4770,4.188);
#1202=VECTOR('',#4775,2.094);
#1203=VECTOR('',#4780,4.188);
#1204=VECTOR('',#4785,2.094);
#1205=VECTOR('',#4790,4.188);
#1206=VECTOR('',#4795,2.094);
#1207=VECTOR('',#4800,4.188);
#1208=VECTOR('',#4805,2.094);
#1209=VECTOR('',#4810,4.188);
#1210=VECTOR('',#4815,2.094);
#1211=VECTOR('',#4820,4.188);
#1212=VECTOR('',#4825,2.094);
#1213=VECTOR('',#4830,4.188);
#1214=VECTOR('',#4835,2.094);
#1215=VECTOR('',#4840,4.188);
#1216=VECTOR('',#4845,2.094);
#1217=VECTOR('',#4850,4.188);
#1218=VECTOR('',#4855,2.094);
#1219=VECTOR('',#4860,4.188);
#1220=VECTOR('',#4865,2.094);
#1221=VECTOR('',#4870,4.188);
#1222=VECTOR('',#4875,2.094);
#1223=VECTOR('',#4880,4.188);
#1224=VECTOR('',#4885,2.094);
#1225=VECTOR('',#4890,4.188);
#1226=VECTOR('',#4895,2.094);
#1227=VECTOR('',#4900,4.188);
#1228=VECTOR('',#4905,2.094);
#1229=VECTOR('',#4910,4.188);
#1230=VECTOR('',#4915,2.094);
#1231=VECTOR('',#4920,4.188);
#1232=VECTOR('',#4925,2.094);
#1233=VECTOR('',#4930,4.188);
#1234=VECTOR('',#4935,2.094);
#1235=VECTOR('',#4940,4.188);
#1236=VECTOR('',#4945,2.094);
#1237=VECTOR('',#4950,4.188);
#1238=VECTOR('',#4955,2.094);
#1239=VECTOR('',#4960,4.188);
#1240=VECTOR('',#4965,2.094);
#1241=VECTOR('',#4970,4.188);
#1242=VECTOR('',#4975,2.094);
#1243=VECTOR('',#4980,4.188);
#1244=VECTOR('',#4985,2.094);
#1245=VECTOR('',#4990,4.188);
#1246=VECTOR('',#4995,2.094);
#1247=VECTOR('',#5000,4.188);
#1248=VECTOR('',#5005,2.094);
#1249=VECTOR('',#5010,4.188);
#1250=VECTOR('',#5015,2.094);
#1251=VECTOR('',#5020,4.188);
#1252=VECTOR('',#5025,2.094);
#1253=VECTOR('',#5030,4.188);
#1254=VECTOR('',#5035,2.094);
#1255=VECTOR('',#5040,4.188);
#1256=VECTOR('',#5045,2.094);
#1257=VECTOR('',#5050,4.188);
#1258=VECTOR('',#5055,2.094);
#1259=VECTOR('',#5060,4.188);
#1260=VECTOR('',#5065,2.094);
#1261=VECTOR('',#5070,4.188);
#1262=VECTOR('',#5075,2.094);
#1263=VECTOR('',#5080,4.188);
#1264=VECTOR('',#5085,2.094);
#1265=VECTOR('',#5090,4.188);
#1266=VECTOR('',#5095,10.);
#1267=VECTOR('',#5096,10.);
#1268=VECTOR('',#5097,10.);
#1269=VECTOR('',#5098,10.);
#1270=VECTOR('',#5103,10.);
#1271=VECTOR('',#5108,10.);
#1272=VECTOR('',#5109,10.);
#1273=VECTOR('',#5110,10.);
#1274=VECTOR('',#5113,10.);
#1275=VECTOR('',#5114,10.);
#1276=VECTOR('',#5115,10.);
#1277=VECTOR('',#5116,10.);
#1278=VECTOR('',#5125,10.);
#1279=VECTOR('',#5128,10.);
#1280=VECTOR('',#5131,10.);
#1281=VECTOR('',#5134,10.);
#1282=VECTOR('',#5137,10.);
#1283=VECTOR('',#5140,10.);
#1284=VECTOR('',#5141,10.);
#1285=VECTOR('',#5144,10.);
#1286=VECTOR('',#5145,10.);
#1287=VECTOR('',#5146,10.);
#1288=VECTOR('',#5151,10.);
#1289=VECTOR('',#5154,10.);
#1290=VECTOR('',#5155,10.);
#1291=VECTOR('',#5162,10.);
#1292=VECTOR('',#5163,10.);
#1293=VECTOR('',#5168,10.);
#1294=VECTOR('',#5171,10.);
#1295=VECTOR('',#5172,10.);
#1296=CIRCLE('',#3606,4.188);
#1297=CIRCLE('',#3608,4.188);
#1298=CIRCLE('',#3610,4.188);
#1299=CIRCLE('',#3612,4.188);
#1300=CIRCLE('',#3614,4.188);
#1301=CIRCLE('',#3616,4.188);
#1302=CIRCLE('',#3618,4.188);
#1303=CIRCLE('',#3620,4.188);
#1304=CIRCLE('',#3622,4.188);
#1305=CIRCLE('',#3624,4.188);
#1306=CIRCLE('',#3626,4.188);
#1307=CIRCLE('',#3628,4.188);
#1308=CIRCLE('',#3630,4.188);
#1309=CIRCLE('',#3632,4.188);
#1310=CIRCLE('',#3634,4.188);
#1311=CIRCLE('',#3636,4.188);
#1312=CIRCLE('',#3638,4.188);
#1313=CIRCLE('',#3640,4.188);
#1314=CIRCLE('',#3642,4.188);
#1315=CIRCLE('',#3644,4.188);
#1316=CIRCLE('',#3646,4.188);
#1317=CIRCLE('',#3648,4.188);
#1318=CIRCLE('',#3650,4.188);
#1319=CIRCLE('',#3652,4.188);
#1320=CIRCLE('',#3654,4.188);
#1321=CIRCLE('',#3656,4.188);
#1322=CIRCLE('',#3658,4.188);
#1323=CIRCLE('',#3660,4.188);
#1324=CIRCLE('',#3662,4.188);
#1325=CIRCLE('',#3664,4.188);
#1326=CIRCLE('',#3666,4.188);
#1327=CIRCLE('',#3668,4.188);
#1328=CIRCLE('',#3670,4.188);
#1329=CIRCLE('',#3672,4.188);
#1330=CIRCLE('',#3674,4.188);
#1331=CIRCLE('',#3676,4.188);
#1332=CIRCLE('',#3678,4.188);
#1333=CIRCLE('',#3680,4.188);
#1334=CIRCLE('',#3682,4.188);
#1335=CIRCLE('',#3684,4.188);
#1336=CIRCLE('',#3686,4.188);
#1337=CIRCLE('',#3688,4.188);
#1338=CIRCLE('',#3690,4.188);
#1339=CIRCLE('',#3692,4.188);
#1340=CIRCLE('',#3694,4.188);
#1341=CIRCLE('',#3696,4.188);
#1342=CIRCLE('',#3698,4.188);
#1343=CIRCLE('',#3700,4.188);
#1344=CIRCLE('',#3702,4.188);
#1345=CIRCLE('',#3704,4.188);
#1346=CIRCLE('',#3706,4.188);
#1347=CIRCLE('',#3708,4.188);
#1348=CIRCLE('',#3710,4.188);
#1349=CIRCLE('',#3712,4.188);
#1350=CIRCLE('',#3714,4.188);
#1351=CIRCLE('',#3716,4.188);
#1352=CIRCLE('',#3718,4.188);
#1353=CIRCLE('',#3720,4.188);
#1354=CIRCLE('',#3722,4.188);
#1355=CIRCLE('',#3724,4.188);
#1356=CIRCLE('',#3726,4.188);
#1357=CIRCLE('',#3728,4.188);
#1358=CIRCLE('',#3730,4.188);
#1359=CIRCLE('',#3732,4.188);
#1360=CIRCLE('',#3734,4.188);
#1361=CIRCLE('',#3736,4.188);
#1362=CIRCLE('',#3738,4.188);
#1363=CIRCLE('',#3740,4.188);
#1364=CIRCLE('',#3742,4.188);
#1365=CIRCLE('',#3744,4.188);
#1366=CIRCLE('',#3746,4.188);
#1367=CIRCLE('',#3748,4.188);
#1368=CIRCLE('',#3750,4.188);
#1369=CIRCLE('',#3752,4.188);
#1370=CIRCLE('',#3754,4.188);
#1371=CIRCLE('',#3756,4.188);
#1372=CIRCLE('',#3758,4.188);
#1373=CIRCLE('',#3760,4.188);
#1374=CIRCLE('',#3762,4.188);
#1375=CIRCLE('',#3764,4.188);
#1376=CIRCLE('',#3766,4.188);
#1377=CIRCLE('',#3768,4.188);
#1378=CIRCLE('',#3770,4.188);
#1379=CIRCLE('',#3772,4.188);
#1380=CIRCLE('',#3774,4.188);
#1381=CIRCLE('',#3776,4.188);
#1382=CIRCLE('',#3778,4.188);
#1383=CIRCLE('',#3780,4.188);
#1384=CIRCLE('',#3782,4.188);
#1385=CIRCLE('',#3784,4.188);
#1386=CIRCLE('',#3786,4.188);
#1387=CIRCLE('',#3788,4.188);
#1388=CIRCLE('',#3790,4.188);
#1389=CIRCLE('',#3792,4.188);
#1390=CIRCLE('',#3794,4.188);
#1391=CIRCLE('',#3796,4.188);
#1392=CIRCLE('',#3799,250.);
#1393=CIRCLE('',#3800,250.);
#1394=CIRCLE('',#3804,250.);
#1395=CIRCLE('',#3805,250.);
#1396=CIRCLE('',#3807,150.);
#1397=CIRCLE('',#3808,150.);
#1398=CIRCLE('',#3809,150.);
#1399=CIRCLE('',#3810,150.);
#1400=CIRCLE('',#3814,150.);
#1401=CIRCLE('',#3817,150.);
#1402=CIRCLE('',#3820,150.);
#1403=CIRCLE('',#3823,150.);
#1404=CIRCLE('',#3826,9.188);
#1405=CIRCLE('',#3828,9.188);
#1406=CIRCLE('',#3830,9.188);
#1407=CIRCLE('',#3832,9.188);
#1408=CIRCLE('',#3834,9.188);
#1409=CIRCLE('',#3836,9.188);
#1410=CIRCLE('',#3838,9.188);
#1411=CIRCLE('',#3840,9.188);
#1412=CIRCLE('',#3842,9.188);
#1413=CIRCLE('',#3844,9.188);
#1414=CIRCLE('',#3846,9.188);
#1415=CIRCLE('',#3848,9.188);
#1416=CIRCLE('',#3850,9.188);
#1417=CIRCLE('',#3852,9.188);
#1418=CIRCLE('',#3854,9.188);
#1419=CIRCLE('',#3856,9.188);
#1420=CIRCLE('',#3858,9.188);
#1421=CIRCLE('',#3860,9.188);
#1422=CIRCLE('',#3862,9.188);
#1423=CIRCLE('',#3864,9.188);
#1424=CIRCLE('',#3866,9.188);
#1425=CIRCLE('',#3868,9.188);
#1426=CIRCLE('',#3870,9.188);
#1427=CIRCLE('',#3872,9.188);
#1428=CIRCLE('',#3874,9.188);
#1429=CIRCLE('',#3876,9.188);
#1430=CIRCLE('',#3878,9.188);
#1431=CIRCLE('',#3880,9.188);
#1432=CIRCLE('',#3882,9.188);
#1433=CIRCLE('',#3884,9.188);
#1434=CIRCLE('',#3886,9.188);
#1435=CIRCLE('',#3888,9.188);
#1436=CIRCLE('',#3890,9.188);
#1437=CIRCLE('',#3892,9.188);
#1438=CIRCLE('',#3894,9.188);
#1439=CIRCLE('',#3896,9.188);
#1440=CIRCLE('',#3898,9.188);
#1441=CIRCLE('',#3900,9.188);
#1442=CIRCLE('',#3902,9.188);
#1443=CIRCLE('',#3904,9.188);
#1444=CIRCLE('',#3906,9.188);
#1445=CIRCLE('',#3908,9.188);
#1446=CIRCLE('',#3910,9.188);
#1447=CIRCLE('',#3912,9.188);
#1448=CIRCLE('',#3914,9.188);
#1449=CIRCLE('',#3916,9.188);
#1450=CIRCLE('',#3918,9.188);
#1451=CIRCLE('',#3920,9.188);
#1452=CIRCLE('',#3922,9.188);
#1453=CIRCLE('',#3924,9.188);
#1454=CIRCLE('',#3926,9.188);
#1455=CIRCLE('',#3928,9.188);
#1456=CIRCLE('',#3930,9.188);
#1457=CIRCLE('',#3932,9.188);
#1458=CIRCLE('',#3934,9.188);
#1459=CIRCLE('',#3936,9.188);
#1460=CIRCLE('',#3938,9.188);
#1461=CIRCLE('',#3940,9.188);
#1462=CIRCLE('',#3942,9.188);
#1463=CIRCLE('',#3944,9.188);
#1464=CIRCLE('',#3946,9.188);
#1465=CIRCLE('',#3948,9.188);
#1466=CIRCLE('',#3950,9.188);
#1467=CIRCLE('',#3952,9.188);
#1468=CIRCLE('',#3954,9.188);
#1469=CIRCLE('',#3956,9.188);
#1470=CIRCLE('',#3958,9.188);
#1471=CIRCLE('',#3960,9.188);
#1472=CIRCLE('',#3962,9.188);
#1473=CIRCLE('',#3964,9.188);
#1474=CIRCLE('',#3966,9.188);
#1475=CIRCLE('',#3968,9.188);
#1476=CIRCLE('',#3970,9.188);
#1477=CIRCLE('',#3972,9.188);
#1478=CIRCLE('',#3974,9.188);
#1479=CIRCLE('',#3976,9.188);
#1480=CIRCLE('',#3978,9.188);
#1481=CIRCLE('',#3980,9.188);
#1482=CIRCLE('',#3982,9.188);
#1483=CIRCLE('',#3984,9.188);
#1484=CIRCLE('',#3986,9.188);
#1485=CIRCLE('',#3988,9.188);
#1486=CIRCLE('',#3990,9.188);
#1487=CIRCLE('',#3992,9.188);
#1488=CIRCLE('',#3994,9.188);
#1489=CIRCLE('',#3996,9.188);
#1490=CIRCLE('',#3998,9.188);
#1491=CIRCLE('',#4000,9.188);
#1492=CIRCLE('',#4002,9.188);
#1493=CIRCLE('',#4004,9.188);
#1494=CIRCLE('',#4006,9.188);
#1495=CIRCLE('',#4008,9.188);
#1496=CIRCLE('',#4010,9.188);
#1497=CIRCLE('',#4012,9.188);
#1498=CIRCLE('',#4014,9.188);
#1499=CIRCLE('',#4016,9.188);
#1500=CIRCLE('',#4019,255.);
#1501=CIRCLE('',#4020,255.);
#1502=CIRCLE('',#4024,255.);
#1503=CIRCLE('',#4025,255.);
#1504=CIRCLE('',#4027,145.);
#1505=CIRCLE('',#4028,145.);
#1506=CIRCLE('',#4029,145.);
#1507=CIRCLE('',#4030,145.);
#1508=CIRCLE('',#4034,145.);
#1509=CIRCLE('',#4037,145.);
#1510=CIRCLE('',#4040,145.);
#1511=CIRCLE('',#4043,145.);
#1512=VERTEX_POINT('',#5181);
#1513=VERTEX_POINT('',#5183);
#1514=VERTEX_POINT('',#5186);
#1515=VERTEX_POINT('',#5190);
#1516=VERTEX_POINT('',#5192);
#1517=VERTEX_POINT('',#5195);
#1518=VERTEX_POINT('',#5199);
#1519=VERTEX_POINT('',#5201);
#1520=VERTEX_POINT('',#5204);
#1521=VERTEX_POINT('',#5208);
#1522=VERTEX_POINT('',#5210);
#1523=VERTEX_POINT('',#5213);
#1524=VERTEX_POINT('',#5217);
#1525=VERTEX_POINT('',#5219);
#1526=VERTEX_POINT('',#5222);
#1527=VERTEX_POINT('',#5226);
#1528=VERTEX_POINT('',#5228);
#1529=VERTEX_POINT('',#5231);
#1530=VERTEX_POINT('',#5235);
#1531=VERTEX_POINT('',#5237);
#1532=VERTEX_POINT('',#5240);
#1533=VERTEX_POINT('',#5244);
#1534=VERTEX_POINT('',#5246);
#1535=VERTEX_POINT('',#5249);
#1536=VERTEX_POINT('',#5253);
#1537=VERTEX_POINT('',#5255);
#1538=VERTEX_POINT('',#5258);
#1539=VERTEX_POINT('',#5262);
#1540=VERTEX_POINT('',#5264);
#1541=VERTEX_POINT('',#5267);
#1542=VERTEX_POINT('',#5271);
#1543=VERTEX_POINT('',#5273);
#1544=VERTEX_POINT('',#5276);
#1545=VERTEX_POINT('',#5280);
#1546=VERTEX_POINT('',#5282);
#1547=VERTEX_POINT('',#5285);
#1548=VERTEX_POINT('',#5289);
#1549=VERTEX_POINT('',#5291);
#1550=VERTEX_POINT('',#5294);
#1551=VERTEX_POINT('',#5298);
#1552=VERTEX_POINT('',#5300);
#1553=VERTEX_POINT('',#5303);
#1554=VERTEX_POINT('',#5307);
#1555=VERTEX_POINT('',#5309);
#1556=VERTEX_POINT('',#5312);
#1557=VERTEX_POINT('',#5316);
#1558=VERTEX_POINT('',#5318);
#1559=VERTEX_POINT('',#5321);
#1560=VERTEX_POINT('',#5325);
#1561=VERTEX_POINT('',#5327);
#1562=VERTEX_POINT('',#5330);
#1563=VERTEX_POINT('',#5334);
#1564=VERTEX_POINT('',#5336);
#1565=VERTEX_POINT('',#5339);
#1566=VERTEX_POINT('',#5343);
#1567=VERTEX_POINT('',#5345);
#1568=VERTEX_POINT('',#5348);
#1569=VERTEX_POINT('',#5352);
#1570=VERTEX_POINT('',#5354);
#1571=VERTEX_POINT('',#5357);
#1572=VERTEX_POINT('',#5361);
#1573=VERTEX_POINT('',#5363);
#1574=VERTEX_POINT('',#5366);
#1575=VERTEX_POINT('',#5370);
#1576=VERTEX_POINT('',#5372);
#1577=VERTEX_POINT('',#5375);
#1578=VERTEX_POINT('',#5379);
#1579=VERTEX_POINT('',#5381);
#1580=VERTEX_POINT('',#5384);
#1581=VERTEX_POINT('',#5388);
#1582=VERTEX_POINT('',#5390);
#1583=VERTEX_POINT('',#5393);
#1584=VERTEX_POINT('',#5397);
#1585=VERTEX_POINT('',#5399);
#1586=VERTEX_POINT('',#5402);
#1587=VERTEX_POINT('',#5406);
#1588=VERTEX_POINT('',#5408);
#1589=VERTEX_POINT('',#5411);
#1590=VERTEX_POINT('',#5415);
#1591=VERTEX_POINT('',#5417);
#1592=VERTEX_POINT('',#5420);
#1593=VERTEX_POINT('',#5424);
#1594=VERTEX_POINT('',#5426);
#1595=VERTEX_POINT('',#5429);
#1596=VERTEX_POINT('',#5433);
#1597=VERTEX_POINT('',#5435);
#1598=VERTEX_POINT('',#5438);
#1599=VERTEX_POINT('',#5442);
#1600=VERTEX_POINT('',#5444);
#1601=VERTEX_POINT('',#5447);
#1602=VERTEX_POINT('',#5451);
#1603=VERTEX_POINT('',#5453);
#1604=VERTEX_POINT('',#5456);
#1605=VERTEX_POINT('',#5460);
#1606=VERTEX_POINT('',#5462);
#1607=VERTEX_POINT('',#5465);
#1608=VERTEX_POINT('',#5469);
#1609=VERTEX_POINT('',#5471);
#1610=VERTEX_POINT('',#5474);
#1611=VERTEX_POINT('',#5478);
#1612=VERTEX_POINT('',#5480);
#1613=VERTEX_POINT('',#5483);
#1614=VERTEX_POINT('',#5487);
#1615=VERTEX_POINT('',#5489);
#1616=VERTEX_POINT('',#5492);
#1617=VERTEX_POINT('',#5496);
#1618=VERTEX_POINT('',#5498);
#1619=VERTEX_POINT('',#5501);
#1620=VERTEX_POINT('',#5505);
#1621=VERTEX_POINT('',#5507);
#1622=VERTEX_POINT('',#5510);
#1623=VERTEX_POINT('',#5514);
#1624=VERTEX_POINT('',#5516);
#1625=VERTEX_POINT('',#5519);
#1626=VERTEX_POINT('',#5523);
#1627=VERTEX_POINT('',#5525);
#1628=VERTEX_POINT('',#5528);
#1629=VERTEX_POINT('',#5532);
#1630=VERTEX_POINT('',#5534);
#1631=VERTEX_POINT('',#5537);
#1632=VERTEX_POINT('',#5541);
#1633=VERTEX_POINT('',#5543);
#1634=VERTEX_POINT('',#5546);
#1635=VERTEX_POINT('',#5550);
#1636=VERTEX_POINT('',#5552);
#1637=VERTEX_POINT('',#5555);
#1638=VERTEX_POINT('',#5559);
#1639=VERTEX_POINT('',#5561);
#1640=VERTEX_POINT('',#5564);
#1641=VERTEX_POINT('',#5568);
#1642=VERTEX_POINT('',#5570);
#1643=VERTEX_POINT('',#5573);
#1644=VERTEX_POINT('',#5577);
#1645=VERTEX_POINT('',#5579);
#1646=VERTEX_POINT('',#5582);
#1647=VERTEX_POINT('',#5586);
#1648=VERTEX_POINT('',#5588);
#1649=VERTEX_POINT('',#5591);
#1650=VERTEX_POINT('',#5595);
#1651=VERTEX_POINT('',#5597);
#1652=VERTEX_POINT('',#5600);
#1653=VERTEX_POINT('',#5604);
#1654=VERTEX_POINT('',#5606);
#1655=VERTEX_POINT('',#5609);
#1656=VERTEX_POINT('',#5613);
#1657=VERTEX_POINT('',#5614);
#1658=VERTEX_POINT('',#5616);
#1659=VERTEX_POINT('',#5618);
#1660=VERTEX_POINT('',#5622);
#1661=VERTEX_POINT('',#5624);
#1662=VERTEX_POINT('',#5628);
#1663=VERTEX_POINT('',#5630);
#1664=VERTEX_POINT('',#5634);
#1665=VERTEX_POINT('',#5635);
#1666=VERTEX_POINT('',#5637);
#1667=VERTEX_POINT('',#5639);
#1668=VERTEX_POINT('',#5646);
#1669=VERTEX_POINT('',#5648);
#1670=VERTEX_POINT('',#5650);
#1671=VERTEX_POINT('',#5652);
#1672=VERTEX_POINT('',#5654);
#1673=VERTEX_POINT('',#5656);
#1674=VERTEX_POINT('',#5658);
#1675=VERTEX_POINT('',#5660);
#1676=VERTEX_POINT('',#5664);
#1677=VERTEX_POINT('',#5668);
#1678=VERTEX_POINT('',#5669);
#1679=VERTEX_POINT('',#5674);
#1680=VERTEX_POINT('',#5678);
#1681=VERTEX_POINT('',#5684);
#1682=VERTEX_POINT('',#5688);
#1683=VERTEX_POINT('',#5692);
#1684=VERTEX_POINT('',#5699);
#1685=VERTEX_POINT('',#5700);
#1686=VERTEX_POINT('',#5704);
#1687=VERTEX_POINT('',#5708);
#1688=VERTEX_POINT('',#5709);
#1689=VERTEX_POINT('',#5713);
#1690=VERTEX_POINT('',#5717);
#1691=VERTEX_POINT('',#5718);
#1692=VERTEX_POINT('',#5722);
#1693=VERTEX_POINT('',#5726);
#1694=VERTEX_POINT('',#5727);
#1695=VERTEX_POINT('',#5731);
#1696=VERTEX_POINT('',#5735);
#1697=VERTEX_POINT('',#5736);
#1698=VERTEX_POINT('',#5740);
#1699=VERTEX_POINT('',#5744);
#1700=VERTEX_POINT('',#5745);
#1701=VERTEX_POINT('',#5749);
#1702=VERTEX_POINT('',#5753);
#1703=VERTEX_POINT('',#5754);
#1704=VERTEX_POINT('',#5758);
#1705=VERTEX_POINT('',#5762);
#1706=VERTEX_POINT('',#5763);
#1707=VERTEX_POINT('',#5767);
#1708=VERTEX_POINT('',#5771);
#1709=VERTEX_POINT('',#5772);
#1710=VERTEX_POINT('',#5776);
#1711=VERTEX_POINT('',#5780);
#1712=VERTEX_POINT('',#5781);
#1713=VERTEX_POINT('',#5785);
#1714=VERTEX_POINT('',#5789);
#1715=VERTEX_POINT('',#5790);
#1716=VERTEX_POINT('',#5794);
#1717=VERTEX_POINT('',#5798);
#1718=VERTEX_POINT('',#5799);
#1719=VERTEX_POINT('',#5803);
#1720=VERTEX_POINT('',#5807);
#1721=VERTEX_POINT('',#5808);
#1722=VERTEX_POINT('',#5812);
#1723=VERTEX_POINT('',#5816);
#1724=VERTEX_POINT('',#5817);
#1725=VERTEX_POINT('',#5821);
#1726=VERTEX_POINT('',#5825);
#1727=VERTEX_POINT('',#5826);
#1728=VERTEX_POINT('',#5830);
#1729=VERTEX_POINT('',#5834);
#1730=VERTEX_POINT('',#5835);
#1731=VERTEX_POINT('',#5839);
#1732=VERTEX_POINT('',#5843);
#1733=VERTEX_POINT('',#5844);
#1734=VERTEX_POINT('',#5848);
#1735=VERTEX_POINT('',#5852);
#1736=VERTEX_POINT('',#5853);
#1737=VERTEX_POINT('',#5857);
#1738=VERTEX_POINT('',#5861);
#1739=VERTEX_POINT('',#5862);
#1740=VERTEX_POINT('',#5866);
#1741=VERTEX_POINT('',#5870);
#1742=VERTEX_POINT('',#5871);
#1743=VERTEX_POINT('',#5875);
#1744=VERTEX_POINT('',#5879);
#1745=VERTEX_POINT('',#5880);
#1746=VERTEX_POINT('',#5884);
#1747=VERTEX_POINT('',#5888);
#1748=VERTEX_POINT('',#5889);
#1749=VERTEX_POINT('',#5893);
#1750=VERTEX_POINT('',#5897);
#1751=VERTEX_POINT('',#5898);
#1752=VERTEX_POINT('',#5902);
#1753=VERTEX_POINT('',#5906);
#1754=VERTEX_POINT('',#5907);
#1755=VERTEX_POINT('',#5911);
#1756=VERTEX_POINT('',#5915);
#1757=VERTEX_POINT('',#5916);
#1758=VERTEX_POINT('',#5920);
#1759=VERTEX_POINT('',#5924);
#1760=VERTEX_POINT('',#5925);
#1761=VERTEX_POINT('',#5929);
#1762=VERTEX_POINT('',#5933);
#1763=VERTEX_POINT('',#5934);
#1764=VERTEX_POINT('',#5938);
#1765=VERTEX_POINT('',#5942);
#1766=VERTEX_POINT('',#5943);
#1767=VERTEX_POINT('',#5947);
#1768=VERTEX_POINT('',#5951);
#1769=VERTEX_POINT('',#5952);
#1770=VERTEX_POINT('',#5956);
#1771=VERTEX_POINT('',#5960);
#1772=VERTEX_POINT('',#5961);
#1773=VERTEX_POINT('',#5965);
#1774=VERTEX_POINT('',#5969);
#1775=VERTEX_POINT('',#5970);
#1776=VERTEX_POINT('',#5974);
#1777=VERTEX_POINT('',#5978);
#1778=VERTEX_POINT('',#5979);
#1779=VERTEX_POINT('',#5983);
#1780=VERTEX_POINT('',#5987);
#1781=VERTEX_POINT('',#5988);
#1782=VERTEX_POINT('',#5992);
#1783=VERTEX_POINT('',#5996);
#1784=VERTEX_POINT('',#5997);
#1785=VERTEX_POINT('',#6001);
#1786=VERTEX_POINT('',#6005);
#1787=VERTEX_POINT('',#6006);
#1788=VERTEX_POINT('',#6010);
#1789=VERTEX_POINT('',#6014);
#1790=VERTEX_POINT('',#6015);
#1791=VERTEX_POINT('',#6019);
#1792=VERTEX_POINT('',#6023);
#1793=VERTEX_POINT('',#6024);
#1794=VERTEX_POINT('',#6028);
#1795=VERTEX_POINT('',#6032);
#1796=VERTEX_POINT('',#6033);
#1797=VERTEX_POINT('',#6037);
#1798=VERTEX_POINT('',#6041);
#1799=VERTEX_POINT('',#6042);
#1800=VERTEX_POINT('',#6046);
#1801=VERTEX_POINT('',#6050);
#1802=VERTEX_POINT('',#6051);
#1803=VERTEX_POINT('',#6055);
#1804=VERTEX_POINT('',#6059);
#1805=VERTEX_POINT('',#6060);
#1806=VERTEX_POINT('',#6064);
#1807=VERTEX_POINT('',#6068);
#1808=VERTEX_POINT('',#6069);
#1809=VERTEX_POINT('',#6073);
#1810=VERTEX_POINT('',#6077);
#1811=VERTEX_POINT('',#6078);
#1812=VERTEX_POINT('',#6082);
#1813=VERTEX_POINT('',#6086);
#1814=VERTEX_POINT('',#6087);
#1815=VERTEX_POINT('',#6091);
#1816=VERTEX_POINT('',#6095);
#1817=VERTEX_POINT('',#6096);
#1818=VERTEX_POINT('',#6100);
#1819=VERTEX_POINT('',#6104);
#1820=VERTEX_POINT('',#6105);
#1821=VERTEX_POINT('',#6109);
#1822=VERTEX_POINT('',#6113);
#1823=VERTEX_POINT('',#6114);
#1824=VERTEX_POINT('',#6118);
#1825=VERTEX_POINT('',#6122);
#1826=VERTEX_POINT('',#6123);
#1827=VERTEX_POINT('',#6127);
#1828=VERTEX_POINT('',#6131);
#1829=VERTEX_POINT('',#6132);
#1830=VERTEX_POINT('',#6134);
#1831=VERTEX_POINT('',#6136);
#1832=VERTEX_POINT('',#6140);
#1833=VERTEX_POINT('',#6142);
#1834=VERTEX_POINT('',#6146);
#1835=VERTEX_POINT('',#6148);
#1836=VERTEX_POINT('',#6152);
#1837=VERTEX_POINT('',#6153);
#1838=VERTEX_POINT('',#6155);
#1839=VERTEX_POINT('',#6157);
#1840=VERTEX_POINT('',#6164);
#1841=VERTEX_POINT('',#6166);
#1842=VERTEX_POINT('',#6168);
#1843=VERTEX_POINT('',#6170);
#1844=VERTEX_POINT('',#6172);
#1845=VERTEX_POINT('',#6174);
#1846=VERTEX_POINT('',#6176);
#1847=VERTEX_POINT('',#6178);
#1848=VERTEX_POINT('',#6182);
#1849=VERTEX_POINT('',#6186);
#1850=VERTEX_POINT('',#6187);
#1851=VERTEX_POINT('',#6192);
#1852=VERTEX_POINT('',#6196);
#1853=VERTEX_POINT('',#6202);
#1854=VERTEX_POINT('',#6206);
#1855=VERTEX_POINT('',#6210);
#1856=EDGE_CURVE('',#1512,#1512,#1296,.T.);
#1857=EDGE_CURVE('',#1512,#1513,#792,.T.);
#1858=EDGE_CURVE('',#1514,#1514,#1297,.T.);
#1859=EDGE_CURVE('',#1514,#1512,#793,.T.);
#1860=EDGE_CURVE('',#1515,#1515,#1298,.T.);
#1861=EDGE_CURVE('',#1515,#1516,#794,.T.);
#1862=EDGE_CURVE('',#1517,#1517,#1299,.T.);
#1863=EDGE_CURVE('',#1517,#1515,#795,.T.);
#1864=EDGE_CURVE('',#1518,#1518,#1300,.T.);
#1865=EDGE_CURVE('',#1518,#1519,#796,.T.);
#1866=EDGE_CURVE('',#1520,#1520,#1301,.T.);
#1867=EDGE_CURVE('',#1520,#1518,#797,.T.);
#1868=EDGE_CURVE('',#1521,#1521,#1302,.T.);
#1869=EDGE_CURVE('',#1521,#1522,#798,.T.);
#1870=EDGE_CURVE('',#1523,#1523,#1303,.T.);
#1871=EDGE_CURVE('',#1523,#1521,#799,.T.);
#1872=EDGE_CURVE('',#1524,#1524,#1304,.T.);
#1873=EDGE_CURVE('',#1524,#1525,#800,.T.);
#1874=EDGE_CURVE('',#1526,#1526,#1305,.T.);
#1875=EDGE_CURVE('',#1526,#1524,#801,.T.);
#1876=EDGE_CURVE('',#1527,#1527,#1306,.T.);
#1877=EDGE_CURVE('',#1527,#1528,#802,.T.);
#1878=EDGE_CURVE('',#1529,#1529,#1307,.T.);
#1879=EDGE_CURVE('',#1529,#1527,#803,.T.);
#1880=EDGE_CURVE('',#1530,#1530,#1308,.T.);
#1881=EDGE_CURVE('',#1530,#1531,#804,.T.);
#1882=EDGE_CURVE('',#1532,#1532,#1309,.T.);
#1883=EDGE_CURVE('',#1532,#1530,#805,.T.);
#1884=EDGE_CURVE('',#1533,#1533,#1310,.T.);
#1885=EDGE_CURVE('',#1533,#1534,#806,.T.);
#1886=EDGE_CURVE('',#1535,#1535,#1311,.T.);
#1887=EDGE_CURVE('',#1535,#1533,#807,.T.);
#1888=EDGE_CURVE('',#1536,#1536,#1312,.T.);
#1889=EDGE_CURVE('',#1536,#1537,#808,.T.);
#1890=EDGE_CURVE('',#1538,#1538,#1313,.T.);
#1891=EDGE_CURVE('',#1538,#1536,#809,.T.);
#1892=EDGE_CURVE('',#1539,#1539,#1314,.T.);
#1893=EDGE_CURVE('',#1539,#1540,#810,.T.);
#1894=EDGE_CURVE('',#1541,#1541,#1315,.T.);
#1895=EDGE_CURVE('',#1541,#1539,#811,.T.);
#1896=EDGE_CURVE('',#1542,#1542,#1316,.T.);
#1897=EDGE_CURVE('',#1542,#1543,#812,.T.);
#1898=EDGE_CURVE('',#1544,#1544,#1317,.T.);
#1899=EDGE_CURVE('',#1544,#1542,#813,.T.);
#1900=EDGE_CURVE('',#1545,#1545,#1318,.T.);
#1901=EDGE_CURVE('',#1545,#1546,#814,.T.);
#1902=EDGE_CURVE('',#1547,#1547,#1319,.T.);
#1903=EDGE_CURVE('',#1547,#1545,#815,.T.);
#1904=EDGE_CURVE('',#1548,#1548,#1320,.T.);
#1905=EDGE_CURVE('',#1548,#1549,#816,.T.);
#1906=EDGE_CURVE('',#1550,#1550,#1321,.T.);
#1907=EDGE_CURVE('',#1550,#1548,#817,.T.);
#1908=EDGE_CURVE('',#1551,#1551,#1322,.T.);
#1909=EDGE_CURVE('',#1551,#1552,#818,.T.);
#1910=EDGE_CURVE('',#1553,#1553,#1323,.T.);
#1911=EDGE_CURVE('',#1553,#1551,#819,.T.);
#1912=EDGE_CURVE('',#1554,#1554,#1324,.T.);
#1913=EDGE_CURVE('',#1554,#1555,#820,.T.);
#1914=EDGE_CURVE('',#1556,#1556,#1325,.T.);
#1915=EDGE_CURVE('',#1556,#1554,#821,.T.);
#1916=EDGE_CURVE('',#1557,#1557,#1326,.T.);
#1917=EDGE_CURVE('',#1557,#1558,#822,.T.);
#1918=EDGE_CURVE('',#1559,#1559,#1327,.T.);
#1919=EDGE_CURVE('',#1559,#1557,#823,.T.);
#1920=EDGE_CURVE('',#1560,#1560,#1328,.T.);
#1921=EDGE_CURVE('',#1560,#1561,#824,.T.);
#1922=EDGE_CURVE('',#1562,#1562,#1329,.T.);
#1923=EDGE_CURVE('',#1562,#1560,#825,.T.);
#1924=EDGE_CURVE('',#1563,#1563,#1330,.T.);
#1925=EDGE_CURVE('',#1563,#1564,#826,.T.);
#1926=EDGE_CURVE('',#1565,#1565,#1331,.T.);
#1927=EDGE_CURVE('',#1565,#1563,#827,.T.);
#1928=EDGE_CURVE('',#1566,#1566,#1332,.T.);
#1929=EDGE_CURVE('',#1566,#1567,#828,.T.);
#1930=EDGE_CURVE('',#1568,#1568,#1333,.T.);
#1931=EDGE_CURVE('',#1568,#1566,#829,.T.);
#1932=EDGE_CURVE('',#1569,#1569,#1334,.T.);
#1933=EDGE_CURVE('',#1569,#1570,#830,.T.);
#1934=EDGE_CURVE('',#1571,#1571,#1335,.T.);
#1935=EDGE_CURVE('',#1571,#1569,#831,.T.);
#1936=EDGE_CURVE('',#1572,#1572,#1336,.T.);
#1937=EDGE_CURVE('',#1572,#1573,#832,.T.);
#1938=EDGE_CURVE('',#1574,#1574,#1337,.T.);
#1939=EDGE_CURVE('',#1574,#1572,#833,.T.);
#1940=EDGE_CURVE('',#1575,#1575,#1338,.T.);
#1941=EDGE_CURVE('',#1575,#1576,#834,.T.);
#1942=EDGE_CURVE('',#1577,#1577,#1339,.T.);
#1943=EDGE_CURVE('',#1577,#1575,#835,.T.);
#1944=EDGE_CURVE('',#1578,#1578,#1340,.T.);
#1945=EDGE_CURVE('',#1578,#1579,#836,.T.);
#1946=EDGE_CURVE('',#1580,#1580,#1341,.T.);
#1947=EDGE_CURVE('',#1580,#1578,#837,.T.);
#1948=EDGE_CURVE('',#1581,#1581,#1342,.T.);
#1949=EDGE_CURVE('',#1581,#1582,#838,.T.);
#1950=EDGE_CURVE('',#1583,#1583,#1343,.T.);
#1951=EDGE_CURVE('',#1583,#1581,#839,.T.);
#1952=EDGE_CURVE('',#1584,#1584,#1344,.T.);
#1953=EDGE_CURVE('',#1584,#1585,#840,.T.);
#1954=EDGE_CURVE('',#1586,#1586,#1345,.T.);
#1955=EDGE_CURVE('',#1586,#1584,#841,.T.);
#1956=EDGE_CURVE('',#1587,#1587,#1346,.T.);
#1957=EDGE_CURVE('',#1587,#1588,#842,.T.);
#1958=EDGE_CURVE('',#1589,#1589,#1347,.T.);
#1959=EDGE_CURVE('',#1589,#1587,#843,.T.);
#1960=EDGE_CURVE('',#1590,#1590,#1348,.T.);
#1961=EDGE_CURVE('',#1590,#1591,#844,.T.);
#1962=EDGE_CURVE('',#1592,#1592,#1349,.T.);
#1963=EDGE_CURVE('',#1592,#1590,#845,.T.);
#1964=EDGE_CURVE('',#1593,#1593,#1350,.T.);
#1965=EDGE_CURVE('',#1593,#1594,#846,.T.);
#1966=EDGE_CURVE('',#1595,#1595,#1351,.T.);
#1967=EDGE_CURVE('',#1595,#1593,#847,.T.);
#1968=EDGE_CURVE('',#1596,#1596,#1352,.T.);
#1969=EDGE_CURVE('',#1596,#1597,#848,.T.);
#1970=EDGE_CURVE('',#1598,#1598,#1353,.T.);
#1971=EDGE_CURVE('',#1598,#1596,#849,.T.);
#1972=EDGE_CURVE('',#1599,#1599,#1354,.T.);
#1973=EDGE_CURVE('',#1599,#1600,#850,.T.);
#1974=EDGE_CURVE('',#1601,#1601,#1355,.T.);
#1975=EDGE_CURVE('',#1601,#1599,#851,.T.);
#1976=EDGE_CURVE('',#1602,#1602,#1356,.T.);
#1977=EDGE_CURVE('',#1602,#1603,#852,.T.);
#1978=EDGE_CURVE('',#1604,#1604,#1357,.T.);
#1979=EDGE_CURVE('',#1604,#1602,#853,.T.);
#1980=EDGE_CURVE('',#1605,#1605,#1358,.T.);
#1981=EDGE_CURVE('',#1605,#1606,#854,.T.);
#1982=EDGE_CURVE('',#1607,#1607,#1359,.T.);
#1983=EDGE_CURVE('',#1607,#1605,#855,.T.);
#1984=EDGE_CURVE('',#1608,#1608,#1360,.T.);
#1985=EDGE_CURVE('',#1608,#1609,#856,.T.);
#1986=EDGE_CURVE('',#1610,#1610,#1361,.T.);
#1987=EDGE_CURVE('',#1610,#1608,#857,.T.);
#1988=EDGE_CURVE('',#1611,#1611,#1362,.T.);
#1989=EDGE_CURVE('',#1611,#1612,#858,.T.);
#1990=EDGE_CURVE('',#1613,#1613,#1363,.T.);
#1991=EDGE_CURVE('',#1613,#1611,#859,.T.);
#1992=EDGE_CURVE('',#1614,#1614,#1364,.T.);
#1993=EDGE_CURVE('',#1614,#1615,#860,.T.);
#1994=EDGE_CURVE('',#1616,#1616,#1365,.T.);
#1995=EDGE_CURVE('',#1616,#1614,#861,.T.);
#1996=EDGE_CURVE('',#1617,#1617,#1366,.T.);
#1997=EDGE_CURVE('',#1617,#1618,#862,.T.);
#1998=EDGE_CURVE('',#1619,#1619,#1367,.T.);
#1999=EDGE_CURVE('',#1619,#1617,#863,.T.);
#2000=EDGE_CURVE('',#1620,#1620,#1368,.T.);
#2001=EDGE_CURVE('',#1620,#1621,#864,.T.);
#2002=EDGE_CURVE('',#1622,#1622,#1369,.T.);
#2003=EDGE_CURVE('',#1622,#1620,#865,.T.);
#2004=EDGE_CURVE('',#1623,#1623,#1370,.T.);
#2005=EDGE_CURVE('',#1623,#1624,#866,.T.);
#2006=EDGE_CURVE('',#1625,#1625,#1371,.T.);
#2007=EDGE_CURVE('',#1625,#1623,#867,.T.);
#2008=EDGE_CURVE('',#1626,#1626,#1372,.T.);
#2009=EDGE_CURVE('',#1626,#1627,#868,.T.);
#2010=EDGE_CURVE('',#1628,#1628,#1373,.T.);
#2011=EDGE_CURVE('',#1628,#1626,#869,.T.);
#2012=EDGE_CURVE('',#1629,#1629,#1374,.T.);
#2013=EDGE_CURVE('',#1629,#1630,#870,.T.);
#2014=EDGE_CURVE('',#1631,#1631,#1375,.T.);
#2015=EDGE_CURVE('',#1631,#1629,#871,.T.);
#2016=EDGE_CURVE('',#1632,#1632,#1376,.T.);
#2017=EDGE_CURVE('',#1632,#1633,#872,.T.);
#2018=EDGE_CURVE('',#1634,#1634,#1377,.T.);
#2019=EDGE_CURVE('',#1634,#1632,#873,.T.);
#2020=EDGE_CURVE('',#1635,#1635,#1378,.T.);
#2021=EDGE_CURVE('',#1635,#1636,#874,.T.);
#2022=EDGE_CURVE('',#1637,#1637,#1379,.T.);
#2023=EDGE_CURVE('',#1637,#1635,#875,.T.);
#2024=EDGE_CURVE('',#1638,#1638,#1380,.T.);
#2025=EDGE_CURVE('',#1638,#1639,#876,.T.);
#2026=EDGE_CURVE('',#1640,#1640,#1381,.T.);
#2027=EDGE_CURVE('',#1640,#1638,#877,.T.);
#2028=EDGE_CURVE('',#1641,#1641,#1382,.T.);
#2029=EDGE_CURVE('',#1641,#1642,#878,.T.);
#2030=EDGE_CURVE('',#1643,#1643,#1383,.T.);
#2031=EDGE_CURVE('',#1643,#1641,#879,.T.);
#2032=EDGE_CURVE('',#1644,#1644,#1384,.T.);
#2033=EDGE_CURVE('',#1644,#1645,#880,.T.);
#2034=EDGE_CURVE('',#1646,#1646,#1385,.T.);
#2035=EDGE_CURVE('',#1646,#1644,#881,.T.);
#2036=EDGE_CURVE('',#1647,#1647,#1386,.T.);
#2037=EDGE_CURVE('',#1647,#1648,#882,.T.);
#2038=EDGE_CURVE('',#1649,#1649,#1387,.T.);
#2039=EDGE_CURVE('',#1649,#1647,#883,.T.);
#2040=EDGE_CURVE('',#1650,#1650,#1388,.T.);
#2041=EDGE_CURVE('',#1650,#1651,#884,.T.);
#2042=EDGE_CURVE('',#1652,#1652,#1389,.T.);
#2043=EDGE_CURVE('',#1652,#1650,#885,.T.);
#2044=EDGE_CURVE('',#1653,#1653,#1390,.T.);
#2045=EDGE_CURVE('',#1653,#1654,#886,.T.);
#2046=EDGE_CURVE('',#1655,#1655,#1391,.T.);
#2047=EDGE_CURVE('',#1655,#1653,#887,.T.);
#2048=EDGE_CURVE('',#1656,#1657,#888,.T.);
#2049=EDGE_CURVE('',#1658,#1656,#889,.T.);
#2050=EDGE_CURVE('',#1659,#1658,#890,.T.);
#2051=EDGE_CURVE('',#1659,#1657,#891,.T.);
#2052=EDGE_CURVE('',#1657,#1660,#1392,.T.);
#2053=EDGE_CURVE('',#1661,#1659,#1393,.T.);
#2054=EDGE_CURVE('',#1661,#1660,#892,.T.);
#2055=EDGE_CURVE('',#1660,#1662,#893,.T.);
#2056=EDGE_CURVE('',#1663,#1661,#894,.T.);
#2057=EDGE_CURVE('',#1662,#1663,#895,.T.);
#2058=EDGE_CURVE('',#1664,#1665,#896,.T.);
#2059=EDGE_CURVE('',#1666,#1664,#897,.T.);
#2060=EDGE_CURVE('',#1667,#1666,#898,.T.);
#2061=EDGE_CURVE('',#1667,#1665,#899,.T.);
#2062=EDGE_CURVE('',#1665,#1656,#1394,.T.);
#2063=EDGE_CURVE('',#1658,#1667,#1395,.T.);
#2064=EDGE_CURVE('',#1662,#1668,#900,.T.);
#2065=EDGE_CURVE('',#1668,#1669,#1396,.T.);
#2066=EDGE_CURVE('',#1669,#1670,#901,.T.);
#2067=EDGE_CURVE('',#1670,#1671,#1397,.T.);
#2068=EDGE_CURVE('',#1671,#1672,#902,.T.);
#2069=EDGE_CURVE('',#1672,#1673,#1398,.T.);
#2070=EDGE_CURVE('',#1673,#1674,#903,.T.);
#2071=EDGE_CURVE('',#1674,#1675,#1399,.T.);
#2072=EDGE_CURVE('',#1675,#1664,#904,.T.);
#2073=EDGE_CURVE('',#1663,#1676,#905,.T.);
#2074=EDGE_CURVE('',#1676,#1668,#906,.T.);
#2075=EDGE_CURVE('',#1677,#1678,#907,.T.);
#2076=EDGE_CURVE('',#1678,#1672,#908,.T.);
#2077=EDGE_CURVE('',#1677,#1671,#909,.T.);
#2078=EDGE_CURVE('',#1679,#1677,#1400,.T.);
#2079=EDGE_CURVE('',#1679,#1670,#910,.T.);
#2080=EDGE_CURVE('',#1680,#1679,#911,.T.);
#2081=EDGE_CURVE('',#1680,#1669,#912,.T.);
#2082=EDGE_CURVE('',#1676,#1680,#1401,.T.);
#2083=EDGE_CURVE('',#1681,#1675,#913,.T.);
#2084=EDGE_CURVE('',#1681,#1666,#914,.T.);
#2085=EDGE_CURVE('',#1682,#1681,#1402,.T.);
#2086=EDGE_CURVE('',#1682,#1674,#915,.T.);
#2087=EDGE_CURVE('',#1683,#1682,#916,.T.);
#2088=EDGE_CURVE('',#1683,#1673,#917,.T.);
#2089=EDGE_CURVE('',#1678,#1683,#1403,.T.);
#2090=EDGE_CURVE('',#1684,#1685,#918,.T.);
#2091=EDGE_CURVE('',#1685,#1685,#1404,.F.);
#2092=EDGE_CURVE('',#1685,#1686,#919,.T.);
#2093=EDGE_CURVE('',#1686,#1686,#1405,.F.);
#2094=EDGE_CURVE('',#1687,#1688,#920,.T.);
#2095=EDGE_CURVE('',#1688,#1688,#1406,.F.);
#2096=EDGE_CURVE('',#1688,#1689,#921,.T.);
#2097=EDGE_CURVE('',#1689,#1689,#1407,.F.);
#2098=EDGE_CURVE('',#1690,#1691,#922,.T.);
#2099=EDGE_CURVE('',#1691,#1691,#1408,.F.);
#2100=EDGE_CURVE('',#1691,#1692,#923,.T.);
#2101=EDGE_CURVE('',#1692,#1692,#1409,.F.);
#2102=EDGE_CURVE('',#1693,#1694,#924,.T.);
#2103=EDGE_CURVE('',#1694,#1694,#1410,.F.);
#2104=EDGE_CURVE('',#1694,#1695,#925,.T.);
#2105=EDGE_CURVE('',#1695,#1695,#1411,.F.);
#2106=EDGE_CURVE('',#1696,#1697,#926,.T.);
#2107=EDGE_CURVE('',#1697,#1697,#1412,.F.);
#2108=EDGE_CURVE('',#1697,#1698,#927,.T.);
#2109=EDGE_CURVE('',#1698,#1698,#1413,.F.);
#2110=EDGE_CURVE('',#1699,#1700,#928,.T.);
#2111=EDGE_CURVE('',#1700,#1700,#1414,.F.);
#2112=EDGE_CURVE('',#1700,#1701,#929,.T.);
#2113=EDGE_CURVE('',#1701,#1701,#1415,.F.);
#2114=EDGE_CURVE('',#1702,#1703,#930,.T.);
#2115=EDGE_CURVE('',#1703,#1703,#1416,.F.);
#2116=EDGE_CURVE('',#1703,#1704,#931,.T.);
#2117=EDGE_CURVE('',#1704,#1704,#1417,.F.);
#2118=EDGE_CURVE('',#1705,#1706,#932,.T.);
#2119=EDGE_CURVE('',#1706,#1706,#1418,.F.);
#2120=EDGE_CURVE('',#1706,#1707,#933,.T.);
#2121=EDGE_CURVE('',#1707,#1707,#1419,.F.);
#2122=EDGE_CURVE('',#1708,#1709,#934,.T.);
#2123=EDGE_CURVE('',#1709,#1709,#1420,.F.);
#2124=EDGE_CURVE('',#1709,#1710,#935,.T.);
#2125=EDGE_CURVE('',#1710,#1710,#1421,.F.);
#2126=EDGE_CURVE('',#1711,#1712,#936,.T.);
#2127=EDGE_CURVE('',#1712,#1712,#1422,.F.);
#2128=EDGE_CURVE('',#1712,#1713,#937,.T.);
#2129=EDGE_CURVE('',#1713,#1713,#1423,.F.);
#2130=EDGE_CURVE('',#1714,#1715,#938,.T.);
#2131=EDGE_CURVE('',#1715,#1715,#1424,.F.);
#2132=EDGE_CURVE('',#1715,#1716,#939,.T.);
#2133=EDGE_CURVE('',#1716,#1716,#1425,.F.);
#2134=EDGE_CURVE('',#1717,#1718,#940,.T.);
#2135=EDGE_CURVE('',#1718,#1718,#1426,.F.);
#2136=EDGE_CURVE('',#1718,#1719,#941,.T.);
#2137=EDGE_CURVE('',#1719,#1719,#1427,.F.);
#2138=EDGE_CURVE('',#1720,#1721,#942,.T.);
#2139=EDGE_CURVE('',#1721,#1721,#1428,.F.);
#2140=EDGE_CURVE('',#1721,#1722,#943,.T.);
#2141=EDGE_CURVE('',#1722,#1722,#1429,.F.);
#2142=EDGE_CURVE('',#1723,#1724,#944,.T.);
#2143=EDGE_CURVE('',#1724,#1724,#1430,.F.);
#2144=EDGE_CURVE('',#1724,#1725,#945,.T.);
#2145=EDGE_CURVE('',#1725,#1725,#1431,.F.);
#2146=EDGE_CURVE('',#1726,#1727,#946,.T.);
#2147=EDGE_CURVE('',#1727,#1727,#1432,.F.);
#2148=EDGE_CURVE('',#1727,#1728,#947,.T.);
#2149=EDGE_CURVE('',#1728,#1728,#1433,.F.);
#2150=EDGE_CURVE('',#1729,#1730,#948,.T.);
#2151=EDGE_CURVE('',#1730,#1730,#1434,.F.);
#2152=EDGE_CURVE('',#1730,#1731,#949,.T.);
#2153=EDGE_CURVE('',#1731,#1731,#1435,.F.);
#2154=EDGE_CURVE('',#1732,#1733,#950,.T.);
#2155=EDGE_CURVE('',#1733,#1733,#1436,.F.);
#2156=EDGE_CURVE('',#1733,#1734,#951,.T.);
#2157=EDGE_CURVE('',#1734,#1734,#1437,.F.);
#2158=EDGE_CURVE('',#1735,#1736,#952,.T.);
#2159=EDGE_CURVE('',#1736,#1736,#1438,.F.);
#2160=EDGE_CURVE('',#1736,#1737,#953,.T.);
#2161=EDGE_CURVE('',#1737,#1737,#1439,.F.);
#2162=EDGE_CURVE('',#1738,#1739,#954,.T.);
#2163=EDGE_CURVE('',#1739,#1739,#1440,.F.);
#2164=EDGE_CURVE('',#1739,#1740,#955,.T.);
#2165=EDGE_CURVE('',#1740,#1740,#1441,.F.);
#2166=EDGE_CURVE('',#1741,#1742,#956,.T.);
#2167=EDGE_CURVE('',#1742,#1742,#1442,.F.);
#2168=EDGE_CURVE('',#1742,#1743,#957,.T.);
#2169=EDGE_CURVE('',#1743,#1743,#1443,.F.);
#2170=EDGE_CURVE('',#1744,#1745,#958,.T.);
#2171=EDGE_CURVE('',#1745,#1745,#1444,.F.);
#2172=EDGE_CURVE('',#1745,#1746,#959,.T.);
#2173=EDGE_CURVE('',#1746,#1746,#1445,.F.);
#2174=EDGE_CURVE('',#1747,#1748,#960,.T.);
#2175=EDGE_CURVE('',#1748,#1748,#1446,.F.);
#2176=EDGE_CURVE('',#1748,#1749,#961,.T.);
#2177=EDGE_CURVE('',#1749,#1749,#1447,.F.);
#2178=EDGE_CURVE('',#1750,#1751,#962,.T.);
#2179=EDGE_CURVE('',#1751,#1751,#1448,.F.);
#2180=EDGE_CURVE('',#1751,#1752,#963,.T.);
#2181=EDGE_CURVE('',#1752,#1752,#1449,.F.);
#2182=EDGE_CURVE('',#1753,#1754,#964,.T.);
#2183=EDGE_CURVE('',#1754,#1754,#1450,.F.);
#2184=EDGE_CURVE('',#1754,#1755,#965,.T.);
#2185=EDGE_CURVE('',#1755,#1755,#1451,.F.);
#2186=EDGE_CURVE('',#1756,#1757,#966,.T.);
#2187=EDGE_CURVE('',#1757,#1757,#1452,.F.);
#2188=EDGE_CURVE('',#1757,#1758,#967,.T.);
#2189=EDGE_CURVE('',#1758,#1758,#1453,.F.);
#2190=EDGE_CURVE('',#1759,#1760,#968,.T.);
#2191=EDGE_CURVE('',#1760,#1760,#1454,.F.);
#2192=EDGE_CURVE('',#1760,#1761,#969,.T.);
#2193=EDGE_CURVE('',#1761,#1761,#1455,.F.);
#2194=EDGE_CURVE('',#1762,#1763,#970,.T.);
#2195=EDGE_CURVE('',#1763,#1763,#1456,.F.);
#2196=EDGE_CURVE('',#1763,#1764,#971,.T.);
#2197=EDGE_CURVE('',#1764,#1764,#1457,.F.);
#2198=EDGE_CURVE('',#1765,#1766,#972,.T.);
#2199=EDGE_CURVE('',#1766,#1766,#1458,.F.);
#2200=EDGE_CURVE('',#1766,#1767,#973,.T.);
#2201=EDGE_CURVE('',#1767,#1767,#1459,.F.);
#2202=EDGE_CURVE('',#1768,#1769,#974,.T.);
#2203=EDGE_CURVE('',#1769,#1769,#1460,.F.);
#2204=EDGE_CURVE('',#1769,#1770,#975,.T.);
#2205=EDGE_CURVE('',#1770,#1770,#1461,.F.);
#2206=EDGE_CURVE('',#1771,#1772,#976,.T.);
#2207=EDGE_CURVE('',#1772,#1772,#1462,.F.);
#2208=EDGE_CURVE('',#1772,#1773,#977,.T.);
#2209=EDGE_CURVE('',#1773,#1773,#1463,.F.);
#2210=EDGE_CURVE('',#1774,#1775,#978,.T.);
#2211=EDGE_CURVE('',#1775,#1775,#1464,.F.);
#2212=EDGE_CURVE('',#1775,#1776,#979,.T.);
#2213=EDGE_CURVE('',#1776,#1776,#1465,.F.);
#2214=EDGE_CURVE('',#1777,#1778,#980,.T.);
#2215=EDGE_CURVE('',#1778,#1778,#1466,.F.);
#2216=EDGE_CURVE('',#1778,#1779,#981,.T.);
#2217=EDGE_CURVE('',#1779,#1779,#1467,.F.);
#2218=EDGE_CURVE('',#1780,#1781,#982,.T.);
#2219=EDGE_CURVE('',#1781,#1781,#1468,.F.);
#2220=EDGE_CURVE('',#1781,#1782,#983,.T.);
#2221=EDGE_CURVE('',#1782,#1782,#1469,.F.);
#2222=EDGE_CURVE('',#1783,#1784,#984,.T.);
#2223=EDGE_CURVE('',#1784,#1784,#1470,.F.);
#2224=EDGE_CURVE('',#1784,#1785,#985,.T.);
#2225=EDGE_CURVE('',#1785,#1785,#1471,.F.);
#2226=EDGE_CURVE('',#1786,#1787,#986,.T.);
#2227=EDGE_CURVE('',#1787,#1787,#1472,.F.);
#2228=EDGE_CURVE('',#1787,#1788,#987,.T.);
#2229=EDGE_CURVE('',#1788,#1788,#1473,.F.);
#2230=EDGE_CURVE('',#1789,#1790,#988,.T.);
#2231=EDGE_CURVE('',#1790,#1790,#1474,.F.);
#2232=EDGE_CURVE('',#1790,#1791,#989,.T.);
#2233=EDGE_CURVE('',#1791,#1791,#1475,.F.);
#2234=EDGE_CURVE('',#1792,#1793,#990,.T.);
#2235=EDGE_CURVE('',#1793,#1793,#1476,.F.);
#2236=EDGE_CURVE('',#1793,#1794,#991,.T.);
#2237=EDGE_CURVE('',#1794,#1794,#1477,.F.);
#2238=EDGE_CURVE('',#1795,#1796,#992,.T.);
#2239=EDGE_CURVE('',#1796,#1796,#1478,.F.);
#2240=EDGE_CURVE('',#1796,#1797,#993,.T.);
#2241=EDGE_CURVE('',#1797,#1797,#1479,.F.);
#2242=EDGE_CURVE('',#1798,#1799,#994,.T.);
#2243=EDGE_CURVE('',#1799,#1799,#1480,.F.);
#2244=EDGE_CURVE('',#1799,#1800,#995,.T.);
#2245=EDGE_CURVE('',#1800,#1800,#1481,.F.);
#2246=EDGE_CURVE('',#1801,#1802,#996,.T.);
#2247=EDGE_CURVE('',#1802,#1802,#1482,.F.);
#2248=EDGE_CURVE('',#1802,#1803,#997,.T.);
#2249=EDGE_CURVE('',#1803,#1803,#1483,.F.);
#2250=EDGE_CURVE('',#1804,#1805,#998,.T.);
#2251=EDGE_CURVE('',#1805,#1805,#1484,.F.);
#2252=EDGE_CURVE('',#1805,#1806,#999,.T.);
#2253=EDGE_CURVE('',#1806,#1806,#1485,.F.);
#2254=EDGE_CURVE('',#1807,#1808,#1000,.T.);
#2255=EDGE_CURVE('',#1808,#1808,#1486,.F.);
#2256=EDGE_CURVE('',#1808,#1809,#1001,.T.);
#2257=EDGE_CURVE('',#1809,#1809,#1487,.F.);
#2258=EDGE_CURVE('',#1810,#1811,#1002,.T.);
#2259=EDGE_CURVE('',#1811,#1811,#1488,.F.);
#2260=EDGE_CURVE('',#1811,#1812,#1003,.T.);
#2261=EDGE_CURVE('',#1812,#1812,#1489,.F.);
#2262=EDGE_CURVE('',#1813,#1814,#1004,.T.);
#2263=EDGE_CURVE('',#1814,#1814,#1490,.F.);
#2264=EDGE_CURVE('',#1814,#1815,#1005,.T.);
#2265=EDGE_CURVE('',#1815,#1815,#1491,.F.);
#2266=EDGE_CURVE('',#1816,#1817,#1006,.T.);
#2267=EDGE_CURVE('',#1817,#1817,#1492,.F.);
#2268=EDGE_CURVE('',#1817,#1818,#1007,.T.);
#2269=EDGE_CURVE('',#1818,#1818,#1493,.F.);
#2270=EDGE_CURVE('',#1819,#1820,#1008,.T.);
#2271=EDGE_CURVE('',#1820,#1820,#1494,.F.);
#2272=EDGE_CURVE('',#1820,#1821,#1009,.T.);
#2273=EDGE_CURVE('',#1821,#1821,#1495,.F.);
#2274=EDGE_CURVE('',#1822,#1823,#1010,.T.);
#2275=EDGE_CURVE('',#1823,#1823,#1496,.F.);
#2276=EDGE_CURVE('',#1823,#1824,#1011,.T.);
#2277=EDGE_CURVE('',#1824,#1824,#1497,.F.);
#2278=EDGE_CURVE('',#1825,#1826,#1012,.T.);
#2279=EDGE_CURVE('',#1826,#1826,#1498,.F.);
#2280=EDGE_CURVE('',#1826,#1827,#1013,.T.);
#2281=EDGE_CURVE('',#1827,#1827,#1499,.F.);
#2282=EDGE_CURVE('',#1828,#1829,#1014,.T.);
#2283=EDGE_CURVE('',#1830,#1829,#1015,.T.);
#2284=EDGE_CURVE('',#1830,#1831,#1016,.F.);
#2285=EDGE_CURVE('',#1831,#1828,#1017,.T.);
#2286=EDGE_CURVE('',#1829,#1832,#1500,.T.);
#2287=EDGE_CURVE('',#1833,#1832,#1018,.T.);
#2288=EDGE_CURVE('',#1833,#1830,#1501,.F.);
#2289=EDGE_CURVE('',#1832,#1834,#1019,.T.);
#2290=EDGE_CURVE('',#1834,#1835,#1020,.T.);
#2291=EDGE_CURVE('',#1835,#1833,#1021,.F.);
#2292=EDGE_CURVE('',#1836,#1837,#1022,.T.);
#2293=EDGE_CURVE('',#1838,#1837,#1023,.T.);
#2294=EDGE_CURVE('',#1838,#1839,#1024,.F.);
#2295=EDGE_CURVE('',#1839,#1836,#1025,.T.);
#2296=EDGE_CURVE('',#1837,#1828,#1502,.T.);
#2297=EDGE_CURVE('',#1831,#1838,#1503,.F.);
#2298=EDGE_CURVE('',#1840,#1836,#1026,.T.);
#2299=EDGE_CURVE('',#1841,#1840,#1504,.T.);
#2300=EDGE_CURVE('',#1842,#1841,#1027,.T.);
#2301=EDGE_CURVE('',#1843,#1842,#1505,.T.);
#2302=EDGE_CURVE('',#1844,#1843,#1028,.T.);
#2303=EDGE_CURVE('',#1845,#1844,#1506,.T.);
#2304=EDGE_CURVE('',#1846,#1845,#1029,.T.);
#2305=EDGE_CURVE('',#1847,#1846,#1507,.T.);
#2306=EDGE_CURVE('',#1834,#1847,#1030,.T.);
#2307=EDGE_CURVE('',#1848,#1847,#1031,.T.);
#2308=EDGE_CURVE('',#1835,#1848,#1032,.F.);
#2309=EDGE_CURVE('',#1849,#1850,#1033,.F.);
#2310=EDGE_CURVE('',#1849,#1844,#1034,.T.);
#2311=EDGE_CURVE('',#1850,#1843,#1035,.T.);
#2312=EDGE_CURVE('',#1851,#1849,#1508,.F.);
#2313=EDGE_CURVE('',#1851,#1845,#1036,.T.);
#2314=EDGE_CURVE('',#1852,#1851,#1037,.F.);
#2315=EDGE_CURVE('',#1852,#1846,#1038,.T.);
#2316=EDGE_CURVE('',#1848,#1852,#1509,.F.);
#2317=EDGE_CURVE('',#1853,#1839,#1039,.F.);
#2318=EDGE_CURVE('',#1853,#1840,#1040,.T.);
#2319=EDGE_CURVE('',#1854,#1853,#1510,.F.);
#2320=EDGE_CURVE('',#1854,#1841,#1041,.T.);
#2321=EDGE_CURVE('',#1855,#1854,#1042,.F.);
#2322=EDGE_CURVE('',#1855,#1842,#1043,.T.);
#2323=EDGE_CURVE('',#1850,#1855,#1511,.F.);
#2324=ORIENTED_EDGE('',*,*,#1856,.T.);
#2325=ORIENTED_EDGE('',*,*,#1857,.T.);
#2326=ORIENTED_EDGE('',*,*,#1857,.F.);
#2327=ORIENTED_EDGE('',*,*,#1858,.F.);
#2328=ORIENTED_EDGE('',*,*,#1859,.T.);
#2329=ORIENTED_EDGE('',*,*,#1856,.F.);
#2330=ORIENTED_EDGE('',*,*,#1859,.F.);
#2331=ORIENTED_EDGE('',*,*,#1860,.T.);
#2332=ORIENTED_EDGE('',*,*,#1861,.T.);
#2333=ORIENTED_EDGE('',*,*,#1861,.F.);
#2334=ORIENTED_EDGE('',*,*,#1862,.F.);
#2335=ORIENTED_EDGE('',*,*,#1863,.T.);
#2336=ORIENTED_EDGE('',*,*,#1860,.F.);
#2337=ORIENTED_EDGE('',*,*,#1863,.F.);
#2338=ORIENTED_EDGE('',*,*,#1864,.T.);
#2339=ORIENTED_EDGE('',*,*,#1865,.T.);
#2340=ORIENTED_EDGE('',*,*,#1865,.F.);
#2341=ORIENTED_EDGE('',*,*,#1866,.F.);
#2342=ORIENTED_EDGE('',*,*,#1867,.T.);
#2343=ORIENTED_EDGE('',*,*,#1864,.F.);
#2344=ORIENTED_EDGE('',*,*,#1867,.F.);
#2345=ORIENTED_EDGE('',*,*,#1868,.T.);
#2346=ORIENTED_EDGE('',*,*,#1869,.T.);
#2347=ORIENTED_EDGE('',*,*,#1869,.F.);
#2348=ORIENTED_EDGE('',*,*,#1870,.F.);
#2349=ORIENTED_EDGE('',*,*,#1871,.T.);
#2350=ORIENTED_EDGE('',*,*,#1868,.F.);
#2351=ORIENTED_EDGE('',*,*,#1871,.F.);
#2352=ORIENTED_EDGE('',*,*,#1872,.T.);
#2353=ORIENTED_EDGE('',*,*,#1873,.T.);
#2354=ORIENTED_EDGE('',*,*,#1873,.F.);
#2355=ORIENTED_EDGE('',*,*,#1874,.F.);
#2356=ORIENTED_EDGE('',*,*,#1875,.T.);
#2357=ORIENTED_EDGE('',*,*,#1872,.F.);
#2358=ORIENTED_EDGE('',*,*,#1875,.F.);
#2359=ORIENTED_EDGE('',*,*,#1876,.T.);
#2360=ORIENTED_EDGE('',*,*,#1877,.T.);
#2361=ORIENTED_EDGE('',*,*,#1877,.F.);
#2362=ORIENTED_EDGE('',*,*,#1878,.F.);
#2363=ORIENTED_EDGE('',*,*,#1879,.T.);
#2364=ORIENTED_EDGE('',*,*,#1876,.F.);
#2365=ORIENTED_EDGE('',*,*,#1879,.F.);
#2366=ORIENTED_EDGE('',*,*,#1880,.T.);
#2367=ORIENTED_EDGE('',*,*,#1881,.T.);
#2368=ORIENTED_EDGE('',*,*,#1881,.F.);
#2369=ORIENTED_EDGE('',*,*,#1882,.F.);
#2370=ORIENTED_EDGE('',*,*,#1883,.T.);
#2371=ORIENTED_EDGE('',*,*,#1880,.F.);
#2372=ORIENTED_EDGE('',*,*,#1883,.F.);
#2373=ORIENTED_EDGE('',*,*,#1884,.T.);
#2374=ORIENTED_EDGE('',*,*,#1885,.T.);
#2375=ORIENTED_EDGE('',*,*,#1885,.F.);
#2376=ORIENTED_EDGE('',*,*,#1886,.F.);
#2377=ORIENTED_EDGE('',*,*,#1887,.T.);
#2378=ORIENTED_EDGE('',*,*,#1884,.F.);
#2379=ORIENTED_EDGE('',*,*,#1887,.F.);
#2380=ORIENTED_EDGE('',*,*,#1888,.T.);
#2381=ORIENTED_EDGE('',*,*,#1889,.T.);
#2382=ORIENTED_EDGE('',*,*,#1889,.F.);
#2383=ORIENTED_EDGE('',*,*,#1890,.F.);
#2384=ORIENTED_EDGE('',*,*,#1891,.T.);
#2385=ORIENTED_EDGE('',*,*,#1888,.F.);
#2386=ORIENTED_EDGE('',*,*,#1891,.F.);
#2387=ORIENTED_EDGE('',*,*,#1892,.T.);
#2388=ORIENTED_EDGE('',*,*,#1893,.T.);
#2389=ORIENTED_EDGE('',*,*,#1893,.F.);
#2390=ORIENTED_EDGE('',*,*,#1894,.F.);
#2391=ORIENTED_EDGE('',*,*,#1895,.T.);
#2392=ORIENTED_EDGE('',*,*,#1892,.F.);
#2393=ORIENTED_EDGE('',*,*,#1895,.F.);
#2394=ORIENTED_EDGE('',*,*,#1896,.T.);
#2395=ORIENTED_EDGE('',*,*,#1897,.T.);
#2396=ORIENTED_EDGE('',*,*,#1897,.F.);
#2397=ORIENTED_EDGE('',*,*,#1898,.F.);
#2398=ORIENTED_EDGE('',*,*,#1899,.T.);
#2399=ORIENTED_EDGE('',*,*,#1896,.F.);
#2400=ORIENTED_EDGE('',*,*,#1899,.F.);
#2401=ORIENTED_EDGE('',*,*,#1900,.T.);
#2402=ORIENTED_EDGE('',*,*,#1901,.T.);
#2403=ORIENTED_EDGE('',*,*,#1901,.F.);
#2404=ORIENTED_EDGE('',*,*,#1902,.F.);
#2405=ORIENTED_EDGE('',*,*,#1903,.T.);
#2406=ORIENTED_EDGE('',*,*,#1900,.F.);
#2407=ORIENTED_EDGE('',*,*,#1903,.F.);
#2408=ORIENTED_EDGE('',*,*,#1904,.T.);
#2409=ORIENTED_EDGE('',*,*,#1905,.T.);
#2410=ORIENTED_EDGE('',*,*,#1905,.F.);
#2411=ORIENTED_EDGE('',*,*,#1906,.F.);
#2412=ORIENTED_EDGE('',*,*,#1907,.T.);
#2413=ORIENTED_EDGE('',*,*,#1904,.F.);
#2414=ORIENTED_EDGE('',*,*,#1907,.F.);
#2415=ORIENTED_EDGE('',*,*,#1908,.T.);
#2416=ORIENTED_EDGE('',*,*,#1909,.T.);
#2417=ORIENTED_EDGE('',*,*,#1909,.F.);
#2418=ORIENTED_EDGE('',*,*,#1910,.F.);
#2419=ORIENTED_EDGE('',*,*,#1911,.T.);
#2420=ORIENTED_EDGE('',*,*,#1908,.F.);
#2421=ORIENTED_EDGE('',*,*,#1911,.F.);
#2422=ORIENTED_EDGE('',*,*,#1912,.T.);
#2423=ORIENTED_EDGE('',*,*,#1913,.T.);
#2424=ORIENTED_EDGE('',*,*,#1913,.F.);
#2425=ORIENTED_EDGE('',*,*,#1914,.F.);
#2426=ORIENTED_EDGE('',*,*,#1915,.T.);
#2427=ORIENTED_EDGE('',*,*,#1912,.F.);
#2428=ORIENTED_EDGE('',*,*,#1915,.F.);
#2429=ORIENTED_EDGE('',*,*,#1916,.T.);
#2430=ORIENTED_EDGE('',*,*,#1917,.T.);
#2431=ORIENTED_EDGE('',*,*,#1917,.F.);
#2432=ORIENTED_EDGE('',*,*,#1918,.F.);
#2433=ORIENTED_EDGE('',*,*,#1919,.T.);
#2434=ORIENTED_EDGE('',*,*,#1916,.F.);
#2435=ORIENTED_EDGE('',*,*,#1919,.F.);
#2436=ORIENTED_EDGE('',*,*,#1920,.T.);
#2437=ORIENTED_EDGE('',*,*,#1921,.T.);
#2438=ORIENTED_EDGE('',*,*,#1921,.F.);
#2439=ORIENTED_EDGE('',*,*,#1922,.F.);
#2440=ORIENTED_EDGE('',*,*,#1923,.T.);
#2441=ORIENTED_EDGE('',*,*,#1920,.F.);
#2442=ORIENTED_EDGE('',*,*,#1923,.F.);
#2443=ORIENTED_EDGE('',*,*,#1924,.T.);
#2444=ORIENTED_EDGE('',*,*,#1925,.T.);
#2445=ORIENTED_EDGE('',*,*,#1925,.F.);
#2446=ORIENTED_EDGE('',*,*,#1926,.F.);
#2447=ORIENTED_EDGE('',*,*,#1927,.T.);
#2448=ORIENTED_EDGE('',*,*,#1924,.F.);
#2449=ORIENTED_EDGE('',*,*,#1927,.F.);
#2450=ORIENTED_EDGE('',*,*,#1928,.T.);
#2451=ORIENTED_EDGE('',*,*,#1929,.T.);
#2452=ORIENTED_EDGE('',*,*,#1929,.F.);
#2453=ORIENTED_EDGE('',*,*,#1930,.F.);
#2454=ORIENTED_EDGE('',*,*,#1931,.T.);
#2455=ORIENTED_EDGE('',*,*,#1928,.F.);
#2456=ORIENTED_EDGE('',*,*,#1931,.F.);
#2457=ORIENTED_EDGE('',*,*,#1932,.T.);
#2458=ORIENTED_EDGE('',*,*,#1933,.T.);
#2459=ORIENTED_EDGE('',*,*,#1933,.F.);
#2460=ORIENTED_EDGE('',*,*,#1934,.F.);
#2461=ORIENTED_EDGE('',*,*,#1935,.T.);
#2462=ORIENTED_EDGE('',*,*,#1932,.F.);
#2463=ORIENTED_EDGE('',*,*,#1935,.F.);
#2464=ORIENTED_EDGE('',*,*,#1936,.T.);
#2465=ORIENTED_EDGE('',*,*,#1937,.T.);
#2466=ORIENTED_EDGE('',*,*,#1937,.F.);
#2467=ORIENTED_EDGE('',*,*,#1938,.F.);
#2468=ORIENTED_EDGE('',*,*,#1939,.T.);
#2469=ORIENTED_EDGE('',*,*,#1936,.F.);
#2470=ORIENTED_EDGE('',*,*,#1939,.F.);
#2471=ORIENTED_EDGE('',*,*,#1940,.T.);
#2472=ORIENTED_EDGE('',*,*,#1941,.T.);
#2473=ORIENTED_EDGE('',*,*,#1941,.F.);
#2474=ORIENTED_EDGE('',*,*,#1942,.F.);
#2475=ORIENTED_EDGE('',*,*,#1943,.T.);
#2476=ORIENTED_EDGE('',*,*,#1940,.F.);
#2477=ORIENTED_EDGE('',*,*,#1943,.F.);
#2478=ORIENTED_EDGE('',*,*,#1944,.T.);
#2479=ORIENTED_EDGE('',*,*,#1945,.T.);
#2480=ORIENTED_EDGE('',*,*,#1945,.F.);
#2481=ORIENTED_EDGE('',*,*,#1946,.F.);
#2482=ORIENTED_EDGE('',*,*,#1947,.T.);
#2483=ORIENTED_EDGE('',*,*,#1944,.F.);
#2484=ORIENTED_EDGE('',*,*,#1947,.F.);
#2485=ORIENTED_EDGE('',*,*,#1948,.T.);
#2486=ORIENTED_EDGE('',*,*,#1949,.T.);
#2487=ORIENTED_EDGE('',*,*,#1949,.F.);
#2488=ORIENTED_EDGE('',*,*,#1950,.F.);
#2489=ORIENTED_EDGE('',*,*,#1951,.T.);
#2490=ORIENTED_EDGE('',*,*,#1948,.F.);
#2491=ORIENTED_EDGE('',*,*,#1951,.F.);
#2492=ORIENTED_EDGE('',*,*,#1952,.T.);
#2493=ORIENTED_EDGE('',*,*,#1953,.T.);
#2494=ORIENTED_EDGE('',*,*,#1953,.F.);
#2495=ORIENTED_EDGE('',*,*,#1954,.F.);
#2496=ORIENTED_EDGE('',*,*,#1955,.T.);
#2497=ORIENTED_EDGE('',*,*,#1952,.F.);
#2498=ORIENTED_EDGE('',*,*,#1955,.F.);
#2499=ORIENTED_EDGE('',*,*,#1956,.T.);
#2500=ORIENTED_EDGE('',*,*,#1957,.T.);
#2501=ORIENTED_EDGE('',*,*,#1957,.F.);
#2502=ORIENTED_EDGE('',*,*,#1958,.F.);
#2503=ORIENTED_EDGE('',*,*,#1959,.T.);
#2504=ORIENTED_EDGE('',*,*,#1956,.F.);
#2505=ORIENTED_EDGE('',*,*,#1959,.F.);
#2506=ORIENTED_EDGE('',*,*,#1960,.T.);
#2507=ORIENTED_EDGE('',*,*,#1961,.T.);
#2508=ORIENTED_EDGE('',*,*,#1961,.F.);
#2509=ORIENTED_EDGE('',*,*,#1962,.F.);
#2510=ORIENTED_EDGE('',*,*,#1963,.T.);
#2511=ORIENTED_EDGE('',*,*,#1960,.F.);
#2512=ORIENTED_EDGE('',*,*,#1963,.F.);
#2513=ORIENTED_EDGE('',*,*,#1964,.T.);
#2514=ORIENTED_EDGE('',*,*,#1965,.T.);
#2515=ORIENTED_EDGE('',*,*,#1965,.F.);
#2516=ORIENTED_EDGE('',*,*,#1966,.F.);
#2517=ORIENTED_EDGE('',*,*,#1967,.T.);
#2518=ORIENTED_EDGE('',*,*,#1964,.F.);
#2519=ORIENTED_EDGE('',*,*,#1967,.F.);
#2520=ORIENTED_EDGE('',*,*,#1968,.T.);
#2521=ORIENTED_EDGE('',*,*,#1969,.T.);
#2522=ORIENTED_EDGE('',*,*,#1969,.F.);
#2523=ORIENTED_EDGE('',*,*,#1970,.F.);
#2524=ORIENTED_EDGE('',*,*,#1971,.T.);
#2525=ORIENTED_EDGE('',*,*,#1968,.F.);
#2526=ORIENTED_EDGE('',*,*,#1971,.F.);
#2527=ORIENTED_EDGE('',*,*,#1972,.T.);
#2528=ORIENTED_EDGE('',*,*,#1973,.T.);
#2529=ORIENTED_EDGE('',*,*,#1973,.F.);
#2530=ORIENTED_EDGE('',*,*,#1974,.F.);
#2531=ORIENTED_EDGE('',*,*,#1975,.T.);
#2532=ORIENTED_EDGE('',*,*,#1972,.F.);
#2533=ORIENTED_EDGE('',*,*,#1975,.F.);
#2534=ORIENTED_EDGE('',*,*,#1976,.T.);
#2535=ORIENTED_EDGE('',*,*,#1977,.T.);
#2536=ORIENTED_EDGE('',*,*,#1977,.F.);
#2537=ORIENTED_EDGE('',*,*,#1978,.F.);
#2538=ORIENTED_EDGE('',*,*,#1979,.T.);
#2539=ORIENTED_EDGE('',*,*,#1976,.F.);
#2540=ORIENTED_EDGE('',*,*,#1979,.F.);
#2541=ORIENTED_EDGE('',*,*,#1980,.T.);
#2542=ORIENTED_EDGE('',*,*,#1981,.T.);
#2543=ORIENTED_EDGE('',*,*,#1981,.F.);
#2544=ORIENTED_EDGE('',*,*,#1982,.F.);
#2545=ORIENTED_EDGE('',*,*,#1983,.T.);
#2546=ORIENTED_EDGE('',*,*,#1980,.F.);
#2547=ORIENTED_EDGE('',*,*,#1983,.F.);
#2548=ORIENTED_EDGE('',*,*,#1984,.T.);
#2549=ORIENTED_EDGE('',*,*,#1985,.T.);
#2550=ORIENTED_EDGE('',*,*,#1985,.F.);
#2551=ORIENTED_EDGE('',*,*,#1986,.F.);
#2552=ORIENTED_EDGE('',*,*,#1987,.T.);
#2553=ORIENTED_EDGE('',*,*,#1984,.F.);
#2554=ORIENTED_EDGE('',*,*,#1987,.F.);
#2555=ORIENTED_EDGE('',*,*,#1988,.T.);
#2556=ORIENTED_EDGE('',*,*,#1989,.T.);
#2557=ORIENTED_EDGE('',*,*,#1989,.F.);
#2558=ORIENTED_EDGE('',*,*,#1990,.F.);
#2559=ORIENTED_EDGE('',*,*,#1991,.T.);
#2560=ORIENTED_EDGE('',*,*,#1988,.F.);
#2561=ORIENTED_EDGE('',*,*,#1991,.F.);
#2562=ORIENTED_EDGE('',*,*,#1992,.T.);
#2563=ORIENTED_EDGE('',*,*,#1993,.T.);
#2564=ORIENTED_EDGE('',*,*,#1993,.F.);
#2565=ORIENTED_EDGE('',*,*,#1994,.F.);
#2566=ORIENTED_EDGE('',*,*,#1995,.T.);
#2567=ORIENTED_EDGE('',*,*,#1992,.F.);
#2568=ORIENTED_EDGE('',*,*,#1995,.F.);
#2569=ORIENTED_EDGE('',*,*,#1996,.T.);
#2570=ORIENTED_EDGE('',*,*,#1997,.T.);
#2571=ORIENTED_EDGE('',*,*,#1997,.F.);
#2572=ORIENTED_EDGE('',*,*,#1998,.F.);
#2573=ORIENTED_EDGE('',*,*,#1999,.T.);
#2574=ORIENTED_EDGE('',*,*,#1996,.F.);
#2575=ORIENTED_EDGE('',*,*,#1999,.F.);
#2576=ORIENTED_EDGE('',*,*,#2000,.T.);
#2577=ORIENTED_EDGE('',*,*,#2001,.T.);
#2578=ORIENTED_EDGE('',*,*,#2001,.F.);
#2579=ORIENTED_EDGE('',*,*,#2002,.F.);
#2580=ORIENTED_EDGE('',*,*,#2003,.T.);
#2581=ORIENTED_EDGE('',*,*,#2000,.F.);
#2582=ORIENTED_EDGE('',*,*,#2003,.F.);
#2583=ORIENTED_EDGE('',*,*,#2004,.T.);
#2584=ORIENTED_EDGE('',*,*,#2005,.T.);
#2585=ORIENTED_EDGE('',*,*,#2005,.F.);
#2586=ORIENTED_EDGE('',*,*,#2006,.F.);
#2587=ORIENTED_EDGE('',*,*,#2007,.T.);
#2588=ORIENTED_EDGE('',*,*,#2004,.F.);
#2589=ORIENTED_EDGE('',*,*,#2007,.F.);
#2590=ORIENTED_EDGE('',*,*,#2008,.T.);
#2591=ORIENTED_EDGE('',*,*,#2009,.T.);
#2592=ORIENTED_EDGE('',*,*,#2009,.F.);
#2593=ORIENTED_EDGE('',*,*,#2010,.F.);
#2594=ORIENTED_EDGE('',*,*,#2011,.T.);
#2595=ORIENTED_EDGE('',*,*,#2008,.F.);
#2596=ORIENTED_EDGE('',*,*,#2011,.F.);
#2597=ORIENTED_EDGE('',*,*,#2012,.T.);
#2598=ORIENTED_EDGE('',*,*,#2013,.T.);
#2599=ORIENTED_EDGE('',*,*,#2013,.F.);
#2600=ORIENTED_EDGE('',*,*,#2014,.F.);
#2601=ORIENTED_EDGE('',*,*,#2015,.T.);
#2602=ORIENTED_EDGE('',*,*,#2012,.F.);
#2603=ORIENTED_EDGE('',*,*,#2015,.F.);
#2604=ORIENTED_EDGE('',*,*,#2016,.T.);
#2605=ORIENTED_EDGE('',*,*,#2017,.T.);
#2606=ORIENTED_EDGE('',*,*,#2017,.F.);
#2607=ORIENTED_EDGE('',*,*,#2018,.F.);
#2608=ORIENTED_EDGE('',*,*,#2019,.T.);
#2609=ORIENTED_EDGE('',*,*,#2016,.F.);
#2610=ORIENTED_EDGE('',*,*,#2019,.F.);
#2611=ORIENTED_EDGE('',*,*,#2020,.T.);
#2612=ORIENTED_EDGE('',*,*,#2021,.T.);
#2613=ORIENTED_EDGE('',*,*,#2021,.F.);
#2614=ORIENTED_EDGE('',*,*,#2022,.F.);
#2615=ORIENTED_EDGE('',*,*,#2023,.T.);
#2616=ORIENTED_EDGE('',*,*,#2020,.F.);
#2617=ORIENTED_EDGE('',*,*,#2023,.F.);
#2618=ORIENTED_EDGE('',*,*,#2024,.T.);
#2619=ORIENTED_EDGE('',*,*,#2025,.T.);
#2620=ORIENTED_EDGE('',*,*,#2025,.F.);
#2621=ORIENTED_EDGE('',*,*,#2026,.F.);
#2622=ORIENTED_EDGE('',*,*,#2027,.T.);
#2623=ORIENTED_EDGE('',*,*,#2024,.F.);
#2624=ORIENTED_EDGE('',*,*,#2027,.F.);
#2625=ORIENTED_EDGE('',*,*,#2028,.T.);
#2626=ORIENTED_EDGE('',*,*,#2029,.T.);
#2627=ORIENTED_EDGE('',*,*,#2029,.F.);
#2628=ORIENTED_EDGE('',*,*,#2030,.F.);
#2629=ORIENTED_EDGE('',*,*,#2031,.T.);
#2630=ORIENTED_EDGE('',*,*,#2028,.F.);
#2631=ORIENTED_EDGE('',*,*,#2031,.F.);
#2632=ORIENTED_EDGE('',*,*,#2032,.T.);
#2633=ORIENTED_EDGE('',*,*,#2033,.T.);
#2634=ORIENTED_EDGE('',*,*,#2033,.F.);
#2635=ORIENTED_EDGE('',*,*,#2034,.F.);
#2636=ORIENTED_EDGE('',*,*,#2035,.T.);
#2637=ORIENTED_EDGE('',*,*,#2032,.F.);
#2638=ORIENTED_EDGE('',*,*,#2035,.F.);
#2639=ORIENTED_EDGE('',*,*,#2036,.T.);
#2640=ORIENTED_EDGE('',*,*,#2037,.T.);
#2641=ORIENTED_EDGE('',*,*,#2037,.F.);
#2642=ORIENTED_EDGE('',*,*,#2038,.F.);
#2643=ORIENTED_EDGE('',*,*,#2039,.T.);
#2644=ORIENTED_EDGE('',*,*,#2036,.F.);
#2645=ORIENTED_EDGE('',*,*,#2039,.F.);
#2646=ORIENTED_EDGE('',*,*,#2040,.T.);
#2647=ORIENTED_EDGE('',*,*,#2041,.T.);
#2648=ORIENTED_EDGE('',*,*,#2041,.F.);
#2649=ORIENTED_EDGE('',*,*,#2042,.F.);
#2650=ORIENTED_EDGE('',*,*,#2043,.T.);
#2651=ORIENTED_EDGE('',*,*,#2040,.F.);
#2652=ORIENTED_EDGE('',*,*,#2043,.F.);
#2653=ORIENTED_EDGE('',*,*,#2044,.T.);
#2654=ORIENTED_EDGE('',*,*,#2045,.T.);
#2655=ORIENTED_EDGE('',*,*,#2045,.F.);
#2656=ORIENTED_EDGE('',*,*,#2046,.F.);
#2657=ORIENTED_EDGE('',*,*,#2047,.T.);
#2658=ORIENTED_EDGE('',*,*,#2044,.F.);
#2659=ORIENTED_EDGE('',*,*,#2047,.F.);
#2660=ORIENTED_EDGE('',*,*,#2048,.F.);
#2661=ORIENTED_EDGE('',*,*,#2049,.F.);
#2662=ORIENTED_EDGE('',*,*,#2050,.F.);
#2663=ORIENTED_EDGE('',*,*,#2051,.T.);
#2664=ORIENTED_EDGE('',*,*,#2052,.F.);
#2665=ORIENTED_EDGE('',*,*,#2051,.F.);
#2666=ORIENTED_EDGE('',*,*,#2053,.F.);
#2667=ORIENTED_EDGE('',*,*,#2054,.T.);
#2668=ORIENTED_EDGE('',*,*,#2055,.F.);
#2669=ORIENTED_EDGE('',*,*,#2054,.F.);
#2670=ORIENTED_EDGE('',*,*,#2056,.F.);
#2671=ORIENTED_EDGE('',*,*,#2057,.F.);
#2672=ORIENTED_EDGE('',*,*,#2058,.F.);
#2673=ORIENTED_EDGE('',*,*,#2059,.F.);
#2674=ORIENTED_EDGE('',*,*,#2060,.F.);
#2675=ORIENTED_EDGE('',*,*,#2061,.T.);
#2676=ORIENTED_EDGE('',*,*,#2062,.F.);
#2677=ORIENTED_EDGE('',*,*,#2061,.F.);
#2678=ORIENTED_EDGE('',*,*,#2063,.F.);
#2679=ORIENTED_EDGE('',*,*,#2049,.T.);
#2680=ORIENTED_EDGE('',*,*,#2058,.T.);
#2681=ORIENTED_EDGE('',*,*,#2062,.T.);
#2682=ORIENTED_EDGE('',*,*,#2048,.T.);
#2683=ORIENTED_EDGE('',*,*,#2052,.T.);
#2684=ORIENTED_EDGE('',*,*,#2055,.T.);
#2685=ORIENTED_EDGE('',*,*,#2064,.T.);
#2686=ORIENTED_EDGE('',*,*,#2065,.T.);
#2687=ORIENTED_EDGE('',*,*,#2066,.T.);
#2688=ORIENTED_EDGE('',*,*,#2067,.T.);
#2689=ORIENTED_EDGE('',*,*,#2068,.T.);
#2690=ORIENTED_EDGE('',*,*,#2069,.T.);
#2691=ORIENTED_EDGE('',*,*,#2070,.T.);
#2692=ORIENTED_EDGE('',*,*,#2071,.T.);
#2693=ORIENTED_EDGE('',*,*,#2072,.T.);
#2694=ORIENTED_EDGE('',*,*,#2057,.T.);
#2695=ORIENTED_EDGE('',*,*,#2073,.T.);
#2696=ORIENTED_EDGE('',*,*,#2074,.T.);
#2697=ORIENTED_EDGE('',*,*,#2064,.F.);
#2698=ORIENTED_EDGE('',*,*,#2075,.T.);
#2699=ORIENTED_EDGE('',*,*,#2076,.T.);
#2700=ORIENTED_EDGE('',*,*,#2068,.F.);
#2701=ORIENTED_EDGE('',*,*,#2077,.F.);
#2702=ORIENTED_EDGE('',*,*,#2078,.T.);
#2703=ORIENTED_EDGE('',*,*,#2077,.T.);
#2704=ORIENTED_EDGE('',*,*,#2067,.F.);
#2705=ORIENTED_EDGE('',*,*,#2079,.F.);
#2706=ORIENTED_EDGE('',*,*,#2080,.T.);
#2707=ORIENTED_EDGE('',*,*,#2079,.T.);
#2708=ORIENTED_EDGE('',*,*,#2066,.F.);
#2709=ORIENTED_EDGE('',*,*,#2081,.F.);
#2710=ORIENTED_EDGE('',*,*,#2082,.T.);
#2711=ORIENTED_EDGE('',*,*,#2081,.T.);
#2712=ORIENTED_EDGE('',*,*,#2065,.F.);
#2713=ORIENTED_EDGE('',*,*,#2074,.F.);
#2714=ORIENTED_EDGE('',*,*,#2059,.T.);
#2715=ORIENTED_EDGE('',*,*,#2072,.F.);
#2716=ORIENTED_EDGE('',*,*,#2083,.F.);
#2717=ORIENTED_EDGE('',*,*,#2084,.T.);
#2718=ORIENTED_EDGE('',*,*,#2085,.T.);
#2719=ORIENTED_EDGE('',*,*,#2083,.T.);
#2720=ORIENTED_EDGE('',*,*,#2071,.F.);
#2721=ORIENTED_EDGE('',*,*,#2086,.F.);
#2722=ORIENTED_EDGE('',*,*,#2087,.T.);
#2723=ORIENTED_EDGE('',*,*,#2086,.T.);
#2724=ORIENTED_EDGE('',*,*,#2070,.F.);
#2725=ORIENTED_EDGE('',*,*,#2088,.F.);
#2726=ORIENTED_EDGE('',*,*,#2089,.T.);
#2727=ORIENTED_EDGE('',*,*,#2088,.T.);
#2728=ORIENTED_EDGE('',*,*,#2069,.F.);
#2729=ORIENTED_EDGE('',*,*,#2076,.F.);
#2730=ORIENTED_EDGE('',*,*,#2060,.T.);
#2731=ORIENTED_EDGE('',*,*,#2084,.F.);
#2732=ORIENTED_EDGE('',*,*,#2085,.F.);
#2733=ORIENTED_EDGE('',*,*,#2087,.F.);
#2734=ORIENTED_EDGE('',*,*,#2089,.F.);
#2735=ORIENTED_EDGE('',*,*,#2075,.F.);
#2736=ORIENTED_EDGE('',*,*,#2078,.F.);
#2737=ORIENTED_EDGE('',*,*,#2080,.F.);
#2738=ORIENTED_EDGE('',*,*,#2082,.F.);
#2739=ORIENTED_EDGE('',*,*,#2073,.F.);
#2740=ORIENTED_EDGE('',*,*,#2056,.T.);
#2741=ORIENTED_EDGE('',*,*,#2053,.T.);
#2742=ORIENTED_EDGE('',*,*,#2050,.T.);
#2743=ORIENTED_EDGE('',*,*,#2063,.T.);
#2744=ORIENTED_EDGE('',*,*,#1858,.T.);
#2745=ORIENTED_EDGE('',*,*,#1862,.T.);
#2746=ORIENTED_EDGE('',*,*,#1866,.T.);
#2747=ORIENTED_EDGE('',*,*,#1870,.T.);
#2748=ORIENTED_EDGE('',*,*,#1874,.T.);
#2749=ORIENTED_EDGE('',*,*,#1878,.T.);
#2750=ORIENTED_EDGE('',*,*,#1882,.T.);
#2751=ORIENTED_EDGE('',*,*,#1886,.T.);
#2752=ORIENTED_EDGE('',*,*,#1890,.T.);
#2753=ORIENTED_EDGE('',*,*,#1894,.T.);
#2754=ORIENTED_EDGE('',*,*,#1898,.T.);
#2755=ORIENTED_EDGE('',*,*,#1902,.T.);
#2756=ORIENTED_EDGE('',*,*,#1906,.T.);
#2757=ORIENTED_EDGE('',*,*,#1910,.T.);
#2758=ORIENTED_EDGE('',*,*,#1914,.T.);
#2759=ORIENTED_EDGE('',*,*,#1918,.T.);
#2760=ORIENTED_EDGE('',*,*,#1922,.T.);
#2761=ORIENTED_EDGE('',*,*,#1926,.T.);
#2762=ORIENTED_EDGE('',*,*,#1930,.T.);
#2763=ORIENTED_EDGE('',*,*,#1934,.T.);
#2764=ORIENTED_EDGE('',*,*,#1938,.T.);
#2765=ORIENTED_EDGE('',*,*,#1942,.T.);
#2766=ORIENTED_EDGE('',*,*,#1946,.T.);
#2767=ORIENTED_EDGE('',*,*,#1950,.T.);
#2768=ORIENTED_EDGE('',*,*,#1954,.T.);
#2769=ORIENTED_EDGE('',*,*,#1958,.T.);
#2770=ORIENTED_EDGE('',*,*,#1962,.T.);
#2771=ORIENTED_EDGE('',*,*,#1966,.T.);
#2772=ORIENTED_EDGE('',*,*,#1970,.T.);
#2773=ORIENTED_EDGE('',*,*,#1974,.T.);
#2774=ORIENTED_EDGE('',*,*,#1978,.T.);
#2775=ORIENTED_EDGE('',*,*,#1982,.T.);
#2776=ORIENTED_EDGE('',*,*,#1986,.T.);
#2777=ORIENTED_EDGE('',*,*,#1990,.T.);
#2778=ORIENTED_EDGE('',*,*,#1994,.T.);
#2779=ORIENTED_EDGE('',*,*,#1998,.T.);
#2780=ORIENTED_EDGE('',*,*,#2002,.T.);
#2781=ORIENTED_EDGE('',*,*,#2006,.T.);
#2782=ORIENTED_EDGE('',*,*,#2010,.T.);
#2783=ORIENTED_EDGE('',*,*,#2014,.T.);
#2784=ORIENTED_EDGE('',*,*,#2018,.T.);
#2785=ORIENTED_EDGE('',*,*,#2022,.T.);
#2786=ORIENTED_EDGE('',*,*,#2026,.T.);
#2787=ORIENTED_EDGE('',*,*,#2030,.T.);
#2788=ORIENTED_EDGE('',*,*,#2034,.T.);
#2789=ORIENTED_EDGE('',*,*,#2038,.T.);
#2790=ORIENTED_EDGE('',*,*,#2042,.T.);
#2791=ORIENTED_EDGE('',*,*,#2046,.T.);
#2792=ORIENTED_EDGE('',*,*,#2090,.T.);
#2793=ORIENTED_EDGE('',*,*,#2091,.F.);
#2794=ORIENTED_EDGE('',*,*,#2090,.F.);
#2795=ORIENTED_EDGE('',*,*,#2091,.T.);
#2796=ORIENTED_EDGE('',*,*,#2092,.T.);
#2797=ORIENTED_EDGE('',*,*,#2093,.T.);
#2798=ORIENTED_EDGE('',*,*,#2092,.F.);
#2799=ORIENTED_EDGE('',*,*,#2094,.T.);
#2800=ORIENTED_EDGE('',*,*,#2095,.F.);
#2801=ORIENTED_EDGE('',*,*,#2094,.F.);
#2802=ORIENTED_EDGE('',*,*,#2095,.T.);
#2803=ORIENTED_EDGE('',*,*,#2096,.T.);
#2804=ORIENTED_EDGE('',*,*,#2097,.T.);
#2805=ORIENTED_EDGE('',*,*,#2096,.F.);
#2806=ORIENTED_EDGE('',*,*,#2098,.T.);
#2807=ORIENTED_EDGE('',*,*,#2099,.F.);
#2808=ORIENTED_EDGE('',*,*,#2098,.F.);
#2809=ORIENTED_EDGE('',*,*,#2099,.T.);
#2810=ORIENTED_EDGE('',*,*,#2100,.T.);
#2811=ORIENTED_EDGE('',*,*,#2101,.T.);
#2812=ORIENTED_EDGE('',*,*,#2100,.F.);
#2813=ORIENTED_EDGE('',*,*,#2102,.T.);
#2814=ORIENTED_EDGE('',*,*,#2103,.F.);
#2815=ORIENTED_EDGE('',*,*,#2102,.F.);
#2816=ORIENTED_EDGE('',*,*,#2103,.T.);
#2817=ORIENTED_EDGE('',*,*,#2104,.T.);
#2818=ORIENTED_EDGE('',*,*,#2105,.T.);
#2819=ORIENTED_EDGE('',*,*,#2104,.F.);
#2820=ORIENTED_EDGE('',*,*,#2106,.T.);
#2821=ORIENTED_EDGE('',*,*,#2107,.F.);
#2822=ORIENTED_EDGE('',*,*,#2106,.F.);
#2823=ORIENTED_EDGE('',*,*,#2107,.T.);
#2824=ORIENTED_EDGE('',*,*,#2108,.T.);
#2825=ORIENTED_EDGE('',*,*,#2109,.T.);
#2826=ORIENTED_EDGE('',*,*,#2108,.F.);
#2827=ORIENTED_EDGE('',*,*,#2110,.T.);
#2828=ORIENTED_EDGE('',*,*,#2111,.F.);
#2829=ORIENTED_EDGE('',*,*,#2110,.F.);
#2830=ORIENTED_EDGE('',*,*,#2111,.T.);
#2831=ORIENTED_EDGE('',*,*,#2112,.T.);
#2832=ORIENTED_EDGE('',*,*,#2113,.T.);
#2833=ORIENTED_EDGE('',*,*,#2112,.F.);
#2834=ORIENTED_EDGE('',*,*,#2114,.T.);
#2835=ORIENTED_EDGE('',*,*,#2115,.F.);
#2836=ORIENTED_EDGE('',*,*,#2114,.F.);
#2837=ORIENTED_EDGE('',*,*,#2115,.T.);
#2838=ORIENTED_EDGE('',*,*,#2116,.T.);
#2839=ORIENTED_EDGE('',*,*,#2117,.T.);
#2840=ORIENTED_EDGE('',*,*,#2116,.F.);
#2841=ORIENTED_EDGE('',*,*,#2118,.T.);
#2842=ORIENTED_EDGE('',*,*,#2119,.F.);
#2843=ORIENTED_EDGE('',*,*,#2118,.F.);
#2844=ORIENTED_EDGE('',*,*,#2119,.T.);
#2845=ORIENTED_EDGE('',*,*,#2120,.T.);
#2846=ORIENTED_EDGE('',*,*,#2121,.T.);
#2847=ORIENTED_EDGE('',*,*,#2120,.F.);
#2848=ORIENTED_EDGE('',*,*,#2122,.T.);
#2849=ORIENTED_EDGE('',*,*,#2123,.F.);
#2850=ORIENTED_EDGE('',*,*,#2122,.F.);
#2851=ORIENTED_EDGE('',*,*,#2123,.T.);
#2852=ORIENTED_EDGE('',*,*,#2124,.T.);
#2853=ORIENTED_EDGE('',*,*,#2125,.T.);
#2854=ORIENTED_EDGE('',*,*,#2124,.F.);
#2855=ORIENTED_EDGE('',*,*,#2126,.T.);
#2856=ORIENTED_EDGE('',*,*,#2127,.F.);
#2857=ORIENTED_EDGE('',*,*,#2126,.F.);
#2858=ORIENTED_EDGE('',*,*,#2127,.T.);
#2859=ORIENTED_EDGE('',*,*,#2128,.T.);
#2860=ORIENTED_EDGE('',*,*,#2129,.T.);
#2861=ORIENTED_EDGE('',*,*,#2128,.F.);
#2862=ORIENTED_EDGE('',*,*,#2130,.T.);
#2863=ORIENTED_EDGE('',*,*,#2131,.F.);
#2864=ORIENTED_EDGE('',*,*,#2130,.F.);
#2865=ORIENTED_EDGE('',*,*,#2131,.T.);
#2866=ORIENTED_EDGE('',*,*,#2132,.T.);
#2867=ORIENTED_EDGE('',*,*,#2133,.T.);
#2868=ORIENTED_EDGE('',*,*,#2132,.F.);
#2869=ORIENTED_EDGE('',*,*,#2134,.T.);
#2870=ORIENTED_EDGE('',*,*,#2135,.F.);
#2871=ORIENTED_EDGE('',*,*,#2134,.F.);
#2872=ORIENTED_EDGE('',*,*,#2135,.T.);
#2873=ORIENTED_EDGE('',*,*,#2136,.T.);
#2874=ORIENTED_EDGE('',*,*,#2137,.T.);
#2875=ORIENTED_EDGE('',*,*,#2136,.F.);
#2876=ORIENTED_EDGE('',*,*,#2138,.T.);
#2877=ORIENTED_EDGE('',*,*,#2139,.F.);
#2878=ORIENTED_EDGE('',*,*,#2138,.F.);
#2879=ORIENTED_EDGE('',*,*,#2139,.T.);
#2880=ORIENTED_EDGE('',*,*,#2140,.T.);
#2881=ORIENTED_EDGE('',*,*,#2141,.T.);
#2882=ORIENTED_EDGE('',*,*,#2140,.F.);
#2883=ORIENTED_EDGE('',*,*,#2142,.T.);
#2884=ORIENTED_EDGE('',*,*,#2143,.F.);
#2885=ORIENTED_EDGE('',*,*,#2142,.F.);
#2886=ORIENTED_EDGE('',*,*,#2143,.T.);
#2887=ORIENTED_EDGE('',*,*,#2144,.T.);
#2888=ORIENTED_EDGE('',*,*,#2145,.T.);
#2889=ORIENTED_EDGE('',*,*,#2144,.F.);
#2890=ORIENTED_EDGE('',*,*,#2146,.T.);
#2891=ORIENTED_EDGE('',*,*,#2147,.F.);
#2892=ORIENTED_EDGE('',*,*,#2146,.F.);
#2893=ORIENTED_EDGE('',*,*,#2147,.T.);
#2894=ORIENTED_EDGE('',*,*,#2148,.T.);
#2895=ORIENTED_EDGE('',*,*,#2149,.T.);
#2896=ORIENTED_EDGE('',*,*,#2148,.F.);
#2897=ORIENTED_EDGE('',*,*,#2150,.T.);
#2898=ORIENTED_EDGE('',*,*,#2151,.F.);
#2899=ORIENTED_EDGE('',*,*,#2150,.F.);
#2900=ORIENTED_EDGE('',*,*,#2151,.T.);
#2901=ORIENTED_EDGE('',*,*,#2152,.T.);
#2902=ORIENTED_EDGE('',*,*,#2153,.T.);
#2903=ORIENTED_EDGE('',*,*,#2152,.F.);
#2904=ORIENTED_EDGE('',*,*,#2154,.T.);
#2905=ORIENTED_EDGE('',*,*,#2155,.F.);
#2906=ORIENTED_EDGE('',*,*,#2154,.F.);
#2907=ORIENTED_EDGE('',*,*,#2155,.T.);
#2908=ORIENTED_EDGE('',*,*,#2156,.T.);
#2909=ORIENTED_EDGE('',*,*,#2157,.T.);
#2910=ORIENTED_EDGE('',*,*,#2156,.F.);
#2911=ORIENTED_EDGE('',*,*,#2158,.T.);
#2912=ORIENTED_EDGE('',*,*,#2159,.F.);
#2913=ORIENTED_EDGE('',*,*,#2158,.F.);
#2914=ORIENTED_EDGE('',*,*,#2159,.T.);
#2915=ORIENTED_EDGE('',*,*,#2160,.T.);
#2916=ORIENTED_EDGE('',*,*,#2161,.T.);
#2917=ORIENTED_EDGE('',*,*,#2160,.F.);
#2918=ORIENTED_EDGE('',*,*,#2162,.T.);
#2919=ORIENTED_EDGE('',*,*,#2163,.F.);
#2920=ORIENTED_EDGE('',*,*,#2162,.F.);
#2921=ORIENTED_EDGE('',*,*,#2163,.T.);
#2922=ORIENTED_EDGE('',*,*,#2164,.T.);
#2923=ORIENTED_EDGE('',*,*,#2165,.T.);
#2924=ORIENTED_EDGE('',*,*,#2164,.F.);
#2925=ORIENTED_EDGE('',*,*,#2166,.T.);
#2926=ORIENTED_EDGE('',*,*,#2167,.F.);
#2927=ORIENTED_EDGE('',*,*,#2166,.F.);
#2928=ORIENTED_EDGE('',*,*,#2167,.T.);
#2929=ORIENTED_EDGE('',*,*,#2168,.T.);
#2930=ORIENTED_EDGE('',*,*,#2169,.T.);
#2931=ORIENTED_EDGE('',*,*,#2168,.F.);
#2932=ORIENTED_EDGE('',*,*,#2170,.T.);
#2933=ORIENTED_EDGE('',*,*,#2171,.F.);
#2934=ORIENTED_EDGE('',*,*,#2170,.F.);
#2935=ORIENTED_EDGE('',*,*,#2171,.T.);
#2936=ORIENTED_EDGE('',*,*,#2172,.T.);
#2937=ORIENTED_EDGE('',*,*,#2173,.T.);
#2938=ORIENTED_EDGE('',*,*,#2172,.F.);
#2939=ORIENTED_EDGE('',*,*,#2174,.T.);
#2940=ORIENTED_EDGE('',*,*,#2175,.F.);
#2941=ORIENTED_EDGE('',*,*,#2174,.F.);
#2942=ORIENTED_EDGE('',*,*,#2175,.T.);
#2943=ORIENTED_EDGE('',*,*,#2176,.T.);
#2944=ORIENTED_EDGE('',*,*,#2177,.T.);
#2945=ORIENTED_EDGE('',*,*,#2176,.F.);
#2946=ORIENTED_EDGE('',*,*,#2178,.T.);
#2947=ORIENTED_EDGE('',*,*,#2179,.F.);
#2948=ORIENTED_EDGE('',*,*,#2178,.F.);
#2949=ORIENTED_EDGE('',*,*,#2179,.T.);
#2950=ORIENTED_EDGE('',*,*,#2180,.T.);
#2951=ORIENTED_EDGE('',*,*,#2181,.T.);
#2952=ORIENTED_EDGE('',*,*,#2180,.F.);
#2953=ORIENTED_EDGE('',*,*,#2182,.T.);
#2954=ORIENTED_EDGE('',*,*,#2183,.F.);
#2955=ORIENTED_EDGE('',*,*,#2182,.F.);
#2956=ORIENTED_EDGE('',*,*,#2183,.T.);
#2957=ORIENTED_EDGE('',*,*,#2184,.T.);
#2958=ORIENTED_EDGE('',*,*,#2185,.T.);
#2959=ORIENTED_EDGE('',*,*,#2184,.F.);
#2960=ORIENTED_EDGE('',*,*,#2186,.T.);
#2961=ORIENTED_EDGE('',*,*,#2187,.F.);
#2962=ORIENTED_EDGE('',*,*,#2186,.F.);
#2963=ORIENTED_EDGE('',*,*,#2187,.T.);
#2964=ORIENTED_EDGE('',*,*,#2188,.T.);
#2965=ORIENTED_EDGE('',*,*,#2189,.T.);
#2966=ORIENTED_EDGE('',*,*,#2188,.F.);
#2967=ORIENTED_EDGE('',*,*,#2190,.T.);
#2968=ORIENTED_EDGE('',*,*,#2191,.F.);
#2969=ORIENTED_EDGE('',*,*,#2190,.F.);
#2970=ORIENTED_EDGE('',*,*,#2191,.T.);
#2971=ORIENTED_EDGE('',*,*,#2192,.T.);
#2972=ORIENTED_EDGE('',*,*,#2193,.T.);
#2973=ORIENTED_EDGE('',*,*,#2192,.F.);
#2974=ORIENTED_EDGE('',*,*,#2194,.T.);
#2975=ORIENTED_EDGE('',*,*,#2195,.F.);
#2976=ORIENTED_EDGE('',*,*,#2194,.F.);
#2977=ORIENTED_EDGE('',*,*,#2195,.T.);
#2978=ORIENTED_EDGE('',*,*,#2196,.T.);
#2979=ORIENTED_EDGE('',*,*,#2197,.T.);
#2980=ORIENTED_EDGE('',*,*,#2196,.F.);
#2981=ORIENTED_EDGE('',*,*,#2198,.T.);
#2982=ORIENTED_EDGE('',*,*,#2199,.F.);
#2983=ORIENTED_EDGE('',*,*,#2198,.F.);
#2984=ORIENTED_EDGE('',*,*,#2199,.T.);
#2985=ORIENTED_EDGE('',*,*,#2200,.T.);
#2986=ORIENTED_EDGE('',*,*,#2201,.T.);
#2987=ORIENTED_EDGE('',*,*,#2200,.F.);
#2988=ORIENTED_EDGE('',*,*,#2202,.T.);
#2989=ORIENTED_EDGE('',*,*,#2203,.F.);
#2990=ORIENTED_EDGE('',*,*,#2202,.F.);
#2991=ORIENTED_EDGE('',*,*,#2203,.T.);
#2992=ORIENTED_EDGE('',*,*,#2204,.T.);
#2993=ORIENTED_EDGE('',*,*,#2205,.T.);
#2994=ORIENTED_EDGE('',*,*,#2204,.F.);
#2995=ORIENTED_EDGE('',*,*,#2206,.T.);
#2996=ORIENTED_EDGE('',*,*,#2207,.F.);
#2997=ORIENTED_EDGE('',*,*,#2206,.F.);
#2998=ORIENTED_EDGE('',*,*,#2207,.T.);
#2999=ORIENTED_EDGE('',*,*,#2208,.T.);
#3000=ORIENTED_EDGE('',*,*,#2209,.T.);
#3001=ORIENTED_EDGE('',*,*,#2208,.F.);
#3002=ORIENTED_EDGE('',*,*,#2210,.T.);
#3003=ORIENTED_EDGE('',*,*,#2211,.F.);
#3004=ORIENTED_EDGE('',*,*,#2210,.F.);
#3005=ORIENTED_EDGE('',*,*,#2211,.T.);
#3006=ORIENTED_EDGE('',*,*,#2212,.T.);
#3007=ORIENTED_EDGE('',*,*,#2213,.T.);
#3008=ORIENTED_EDGE('',*,*,#2212,.F.);
#3009=ORIENTED_EDGE('',*,*,#2214,.T.);
#3010=ORIENTED_EDGE('',*,*,#2215,.F.);
#3011=ORIENTED_EDGE('',*,*,#2214,.F.);
#3012=ORIENTED_EDGE('',*,*,#2215,.T.);
#3013=ORIENTED_EDGE('',*,*,#2216,.T.);
#3014=ORIENTED_EDGE('',*,*,#2217,.T.);
#3015=ORIENTED_EDGE('',*,*,#2216,.F.);
#3016=ORIENTED_EDGE('',*,*,#2218,.T.);
#3017=ORIENTED_EDGE('',*,*,#2219,.F.);
#3018=ORIENTED_EDGE('',*,*,#2218,.F.);
#3019=ORIENTED_EDGE('',*,*,#2219,.T.);
#3020=ORIENTED_EDGE('',*,*,#2220,.T.);
#3021=ORIENTED_EDGE('',*,*,#2221,.T.);
#3022=ORIENTED_EDGE('',*,*,#2220,.F.);
#3023=ORIENTED_EDGE('',*,*,#2222,.T.);
#3024=ORIENTED_EDGE('',*,*,#2223,.F.);
#3025=ORIENTED_EDGE('',*,*,#2222,.F.);
#3026=ORIENTED_EDGE('',*,*,#2223,.T.);
#3027=ORIENTED_EDGE('',*,*,#2224,.T.);
#3028=ORIENTED_EDGE('',*,*,#2225,.T.);
#3029=ORIENTED_EDGE('',*,*,#2224,.F.);
#3030=ORIENTED_EDGE('',*,*,#2226,.T.);
#3031=ORIENTED_EDGE('',*,*,#2227,.F.);
#3032=ORIENTED_EDGE('',*,*,#2226,.F.);
#3033=ORIENTED_EDGE('',*,*,#2227,.T.);
#3034=ORIENTED_EDGE('',*,*,#2228,.T.);
#3035=ORIENTED_EDGE('',*,*,#2229,.T.);
#3036=ORIENTED_EDGE('',*,*,#2228,.F.);
#3037=ORIENTED_EDGE('',*,*,#2230,.T.);
#3038=ORIENTED_EDGE('',*,*,#2231,.F.);
#3039=ORIENTED_EDGE('',*,*,#2230,.F.);
#3040=ORIENTED_EDGE('',*,*,#2231,.T.);
#3041=ORIENTED_EDGE('',*,*,#2232,.T.);
#3042=ORIENTED_EDGE('',*,*,#2233,.T.);
#3043=ORIENTED_EDGE('',*,*,#2232,.F.);
#3044=ORIENTED_EDGE('',*,*,#2234,.T.);
#3045=ORIENTED_EDGE('',*,*,#2235,.F.);
#3046=ORIENTED_EDGE('',*,*,#2234,.F.);
#3047=ORIENTED_EDGE('',*,*,#2235,.T.);
#3048=ORIENTED_EDGE('',*,*,#2236,.T.);
#3049=ORIENTED_EDGE('',*,*,#2237,.T.);
#3050=ORIENTED_EDGE('',*,*,#2236,.F.);
#3051=ORIENTED_EDGE('',*,*,#2238,.T.);
#3052=ORIENTED_EDGE('',*,*,#2239,.F.);
#3053=ORIENTED_EDGE('',*,*,#2238,.F.);
#3054=ORIENTED_EDGE('',*,*,#2239,.T.);
#3055=ORIENTED_EDGE('',*,*,#2240,.T.);
#3056=ORIENTED_EDGE('',*,*,#2241,.T.);
#3057=ORIENTED_EDGE('',*,*,#2240,.F.);
#3058=ORIENTED_EDGE('',*,*,#2242,.T.);
#3059=ORIENTED_EDGE('',*,*,#2243,.F.);
#3060=ORIENTED_EDGE('',*,*,#2242,.F.);
#3061=ORIENTED_EDGE('',*,*,#2243,.T.);
#3062=ORIENTED_EDGE('',*,*,#2244,.T.);
#3063=ORIENTED_EDGE('',*,*,#2245,.T.);
#3064=ORIENTED_EDGE('',*,*,#2244,.F.);
#3065=ORIENTED_EDGE('',*,*,#2246,.T.);
#3066=ORIENTED_EDGE('',*,*,#2247,.F.);
#3067=ORIENTED_EDGE('',*,*,#2246,.F.);
#3068=ORIENTED_EDGE('',*,*,#2247,.T.);
#3069=ORIENTED_EDGE('',*,*,#2248,.T.);
#3070=ORIENTED_EDGE('',*,*,#2249,.T.);
#3071=ORIENTED_EDGE('',*,*,#2248,.F.);
#3072=ORIENTED_EDGE('',*,*,#2250,.T.);
#3073=ORIENTED_EDGE('',*,*,#2251,.F.);
#3074=ORIENTED_EDGE('',*,*,#2250,.F.);
#3075=ORIENTED_EDGE('',*,*,#2251,.T.);
#3076=ORIENTED_EDGE('',*,*,#2252,.T.);
#3077=ORIENTED_EDGE('',*,*,#2253,.T.);
#3078=ORIENTED_EDGE('',*,*,#2252,.F.);
#3079=ORIENTED_EDGE('',*,*,#2254,.T.);
#3080=ORIENTED_EDGE('',*,*,#2255,.F.);
#3081=ORIENTED_EDGE('',*,*,#2254,.F.);
#3082=ORIENTED_EDGE('',*,*,#2255,.T.);
#3083=ORIENTED_EDGE('',*,*,#2256,.T.);
#3084=ORIENTED_EDGE('',*,*,#2257,.T.);
#3085=ORIENTED_EDGE('',*,*,#2256,.F.);
#3086=ORIENTED_EDGE('',*,*,#2258,.T.);
#3087=ORIENTED_EDGE('',*,*,#2259,.F.);
#3088=ORIENTED_EDGE('',*,*,#2258,.F.);
#3089=ORIENTED_EDGE('',*,*,#2259,.T.);
#3090=ORIENTED_EDGE('',*,*,#2260,.T.);
#3091=ORIENTED_EDGE('',*,*,#2261,.T.);
#3092=ORIENTED_EDGE('',*,*,#2260,.F.);
#3093=ORIENTED_EDGE('',*,*,#2262,.T.);
#3094=ORIENTED_EDGE('',*,*,#2263,.F.);
#3095=ORIENTED_EDGE('',*,*,#2262,.F.);
#3096=ORIENTED_EDGE('',*,*,#2263,.T.);
#3097=ORIENTED_EDGE('',*,*,#2264,.T.);
#3098=ORIENTED_EDGE('',*,*,#2265,.T.);
#3099=ORIENTED_EDGE('',*,*,#2264,.F.);
#3100=ORIENTED_EDGE('',*,*,#2266,.T.);
#3101=ORIENTED_EDGE('',*,*,#2267,.F.);
#3102=ORIENTED_EDGE('',*,*,#2266,.F.);
#3103=ORIENTED_EDGE('',*,*,#2267,.T.);
#3104=ORIENTED_EDGE('',*,*,#2268,.T.);
#3105=ORIENTED_EDGE('',*,*,#2269,.T.);
#3106=ORIENTED_EDGE('',*,*,#2268,.F.);
#3107=ORIENTED_EDGE('',*,*,#2270,.T.);
#3108=ORIENTED_EDGE('',*,*,#2271,.F.);
#3109=ORIENTED_EDGE('',*,*,#2270,.F.);
#3110=ORIENTED_EDGE('',*,*,#2271,.T.);
#3111=ORIENTED_EDGE('',*,*,#2272,.T.);
#3112=ORIENTED_EDGE('',*,*,#2273,.T.);
#3113=ORIENTED_EDGE('',*,*,#2272,.F.);
#3114=ORIENTED_EDGE('',*,*,#2274,.T.);
#3115=ORIENTED_EDGE('',*,*,#2275,.F.);
#3116=ORIENTED_EDGE('',*,*,#2274,.F.);
#3117=ORIENTED_EDGE('',*,*,#2275,.T.);
#3118=ORIENTED_EDGE('',*,*,#2276,.T.);
#3119=ORIENTED_EDGE('',*,*,#2277,.T.);
#3120=ORIENTED_EDGE('',*,*,#2276,.F.);
#3121=ORIENTED_EDGE('',*,*,#2278,.T.);
#3122=ORIENTED_EDGE('',*,*,#2279,.F.);
#3123=ORIENTED_EDGE('',*,*,#2278,.F.);
#3124=ORIENTED_EDGE('',*,*,#2279,.T.);
#3125=ORIENTED_EDGE('',*,*,#2280,.T.);
#3126=ORIENTED_EDGE('',*,*,#2281,.T.);
#3127=ORIENTED_EDGE('',*,*,#2280,.F.);
#3128=ORIENTED_EDGE('',*,*,#2282,.T.);
#3129=ORIENTED_EDGE('',*,*,#2283,.F.);
#3130=ORIENTED_EDGE('',*,*,#2284,.T.);
#3131=ORIENTED_EDGE('',*,*,#2285,.T.);
#3132=ORIENTED_EDGE('',*,*,#2286,.T.);
#3133=ORIENTED_EDGE('',*,*,#2287,.F.);
#3134=ORIENTED_EDGE('',*,*,#2288,.T.);
#3135=ORIENTED_EDGE('',*,*,#2283,.T.);
#3136=ORIENTED_EDGE('',*,*,#2289,.T.);
#3137=ORIENTED_EDGE('',*,*,#2290,.T.);
#3138=ORIENTED_EDGE('',*,*,#2291,.T.);
#3139=ORIENTED_EDGE('',*,*,#2287,.T.);
#3140=ORIENTED_EDGE('',*,*,#2292,.T.);
#3141=ORIENTED_EDGE('',*,*,#2293,.F.);
#3142=ORIENTED_EDGE('',*,*,#2294,.T.);
#3143=ORIENTED_EDGE('',*,*,#2295,.T.);
#3144=ORIENTED_EDGE('',*,*,#2296,.T.);
#3145=ORIENTED_EDGE('',*,*,#2285,.F.);
#3146=ORIENTED_EDGE('',*,*,#2297,.T.);
#3147=ORIENTED_EDGE('',*,*,#2293,.T.);
#3148=ORIENTED_EDGE('',*,*,#2292,.F.);
#3149=ORIENTED_EDGE('',*,*,#2298,.F.);
#3150=ORIENTED_EDGE('',*,*,#2299,.F.);
#3151=ORIENTED_EDGE('',*,*,#2300,.F.);
#3152=ORIENTED_EDGE('',*,*,#2301,.F.);
#3153=ORIENTED_EDGE('',*,*,#2302,.F.);
#3154=ORIENTED_EDGE('',*,*,#2303,.F.);
#3155=ORIENTED_EDGE('',*,*,#2304,.F.);
#3156=ORIENTED_EDGE('',*,*,#2305,.F.);
#3157=ORIENTED_EDGE('',*,*,#2306,.F.);
#3158=ORIENTED_EDGE('',*,*,#2289,.F.);
#3159=ORIENTED_EDGE('',*,*,#2286,.F.);
#3160=ORIENTED_EDGE('',*,*,#2282,.F.);
#3161=ORIENTED_EDGE('',*,*,#2296,.F.);
#3162=ORIENTED_EDGE('',*,*,#2290,.F.);
#3163=ORIENTED_EDGE('',*,*,#2306,.T.);
#3164=ORIENTED_EDGE('',*,*,#2307,.F.);
#3165=ORIENTED_EDGE('',*,*,#2308,.F.);
#3166=ORIENTED_EDGE('',*,*,#2309,.F.);
#3167=ORIENTED_EDGE('',*,*,#2310,.T.);
#3168=ORIENTED_EDGE('',*,*,#2302,.T.);
#3169=ORIENTED_EDGE('',*,*,#2311,.F.);
#3170=ORIENTED_EDGE('',*,*,#2312,.F.);
#3171=ORIENTED_EDGE('',*,*,#2313,.T.);
#3172=ORIENTED_EDGE('',*,*,#2303,.T.);
#3173=ORIENTED_EDGE('',*,*,#2310,.F.);
#3174=ORIENTED_EDGE('',*,*,#2314,.F.);
#3175=ORIENTED_EDGE('',*,*,#2315,.T.);
#3176=ORIENTED_EDGE('',*,*,#2304,.T.);
#3177=ORIENTED_EDGE('',*,*,#2313,.F.);
#3178=ORIENTED_EDGE('',*,*,#2316,.F.);
#3179=ORIENTED_EDGE('',*,*,#2307,.T.);
#3180=ORIENTED_EDGE('',*,*,#2305,.T.);
#3181=ORIENTED_EDGE('',*,*,#2315,.F.);
#3182=ORIENTED_EDGE('',*,*,#2295,.F.);
#3183=ORIENTED_EDGE('',*,*,#2317,.F.);
#3184=ORIENTED_EDGE('',*,*,#2318,.T.);
#3185=ORIENTED_EDGE('',*,*,#2298,.T.);
#3186=ORIENTED_EDGE('',*,*,#2319,.F.);
#3187=ORIENTED_EDGE('',*,*,#2320,.T.);
#3188=ORIENTED_EDGE('',*,*,#2299,.T.);
#3189=ORIENTED_EDGE('',*,*,#2318,.F.);
#3190=ORIENTED_EDGE('',*,*,#2321,.F.);
#3191=ORIENTED_EDGE('',*,*,#2322,.T.);
#3192=ORIENTED_EDGE('',*,*,#2300,.T.);
#3193=ORIENTED_EDGE('',*,*,#2320,.F.);
#3194=ORIENTED_EDGE('',*,*,#2323,.F.);
#3195=ORIENTED_EDGE('',*,*,#2311,.T.);
#3196=ORIENTED_EDGE('',*,*,#2301,.T.);
#3197=ORIENTED_EDGE('',*,*,#2322,.F.);
#3198=ORIENTED_EDGE('',*,*,#2294,.F.);
#3199=ORIENTED_EDGE('',*,*,#2297,.F.);
#3200=ORIENTED_EDGE('',*,*,#2284,.F.);
#3201=ORIENTED_EDGE('',*,*,#2288,.F.);
#3202=ORIENTED_EDGE('',*,*,#2291,.F.);
#3203=ORIENTED_EDGE('',*,*,#2308,.T.);
#3204=ORIENTED_EDGE('',*,*,#2316,.T.);
#3205=ORIENTED_EDGE('',*,*,#2314,.T.);
#3206=ORIENTED_EDGE('',*,*,#2312,.T.);
#3207=ORIENTED_EDGE('',*,*,#2309,.T.);
#3208=ORIENTED_EDGE('',*,*,#2323,.T.);
#3209=ORIENTED_EDGE('',*,*,#2321,.T.);
#3210=ORIENTED_EDGE('',*,*,#2319,.T.);
#3211=ORIENTED_EDGE('',*,*,#2317,.T.);
#3212=ORIENTED_EDGE('',*,*,#2093,.F.);
#3213=ORIENTED_EDGE('',*,*,#2097,.F.);
#3214=ORIENTED_EDGE('',*,*,#2101,.F.);
#3215=ORIENTED_EDGE('',*,*,#2105,.F.);
#3216=ORIENTED_EDGE('',*,*,#2109,.F.);
#3217=ORIENTED_EDGE('',*,*,#2113,.F.);
#3218=ORIENTED_EDGE('',*,*,#2117,.F.);
#3219=ORIENTED_EDGE('',*,*,#2121,.F.);
#3220=ORIENTED_EDGE('',*,*,#2125,.F.);
#3221=ORIENTED_EDGE('',*,*,#2129,.F.);
#3222=ORIENTED_EDGE('',*,*,#2133,.F.);
#3223=ORIENTED_EDGE('',*,*,#2137,.F.);
#3224=ORIENTED_EDGE('',*,*,#2141,.F.);
#3225=ORIENTED_EDGE('',*,*,#2145,.F.);
#3226=ORIENTED_EDGE('',*,*,#2149,.F.);
#3227=ORIENTED_EDGE('',*,*,#2153,.F.);
#3228=ORIENTED_EDGE('',*,*,#2157,.F.);
#3229=ORIENTED_EDGE('',*,*,#2161,.F.);
#3230=ORIENTED_EDGE('',*,*,#2165,.F.);
#3231=ORIENTED_EDGE('',*,*,#2169,.F.);
#3232=ORIENTED_EDGE('',*,*,#2173,.F.);
#3233=ORIENTED_EDGE('',*,*,#2177,.F.);
#3234=ORIENTED_EDGE('',*,*,#2181,.F.);
#3235=ORIENTED_EDGE('',*,*,#2185,.F.);
#3236=ORIENTED_EDGE('',*,*,#2189,.F.);
#3237=ORIENTED_EDGE('',*,*,#2193,.F.);
#3238=ORIENTED_EDGE('',*,*,#2197,.F.);
#3239=ORIENTED_EDGE('',*,*,#2201,.F.);
#3240=ORIENTED_EDGE('',*,*,#2205,.F.);
#3241=ORIENTED_EDGE('',*,*,#2209,.F.);
#3242=ORIENTED_EDGE('',*,*,#2213,.F.);
#3243=ORIENTED_EDGE('',*,*,#2217,.F.);
#3244=ORIENTED_EDGE('',*,*,#2221,.F.);
#3245=ORIENTED_EDGE('',*,*,#2225,.F.);
#3246=ORIENTED_EDGE('',*,*,#2229,.F.);
#3247=ORIENTED_EDGE('',*,*,#2233,.F.);
#3248=ORIENTED_EDGE('',*,*,#2237,.F.);
#3249=ORIENTED_EDGE('',*,*,#2241,.F.);
#3250=ORIENTED_EDGE('',*,*,#2245,.F.);
#3251=ORIENTED_EDGE('',*,*,#2249,.F.);
#3252=ORIENTED_EDGE('',*,*,#2253,.F.);
#3253=ORIENTED_EDGE('',*,*,#2257,.F.);
#3254=ORIENTED_EDGE('',*,*,#2261,.F.);
#3255=ORIENTED_EDGE('',*,*,#2265,.F.);
#3256=ORIENTED_EDGE('',*,*,#2269,.F.);
#3257=ORIENTED_EDGE('',*,*,#2273,.F.);
#3258=ORIENTED_EDGE('',*,*,#2277,.F.);
#3259=ORIENTED_EDGE('',*,*,#2281,.F.);
#3260=CONICAL_SURFACE('',#3605,2.094,1.02974425867665);
#3261=CONICAL_SURFACE('',#3609,2.094,1.02974425867665);
#3262=CONICAL_SURFACE('',#3613,2.094,1.02974425867665);
#3263=CONICAL_SURFACE('',#3617,2.094,1.02974425867665);
#3264=CONICAL_SURFACE('',#3621,2.094,1.02974425867665);
#3265=CONICAL_SURFACE('',#3625,2.094,1.02974425867665);
#3266=CONICAL_SURFACE('',#3629,2.094,1.02974425867665);
#3267=CONICAL_SURFACE('',#3633,2.094,1.02974425867665);
#3268=CONICAL_SURFACE('',#3637,2.094,1.02974425867665);
#3269=CONICAL_SURFACE('',#3641,2.094,1.02974425867665);
#3270=CONICAL_SURFACE('',#3645,2.094,1.02974425867665);
#3271=CONICAL_SURFACE('',#3649,2.094,1.02974425867665);
#3272=CONICAL_SURFACE('',#3653,2.094,1.02974425867665);
#3273=CONICAL_SURFACE('',#3657,2.094,1.02974425867665);
#3274=CONICAL_SURFACE('',#3661,2.094,1.02974425867665);
#3275=CONICAL_SURFACE('',#3665,2.094,1.02974425867665);
#3276=CONICAL_SURFACE('',#3669,2.094,1.02974425867665);
#3277=CONICAL_SURFACE('',#3673,2.094,1.02974425867665);
#3278=CONICAL_SURFACE('',#3677,2.094,1.02974425867665);
#3279=CONICAL_SURFACE('',#3681,2.094,1.02974425867665);
#3280=CONICAL_SURFACE('',#3685,2.094,1.02974425867665);
#3281=CONICAL_SURFACE('',#3689,2.094,1.02974425867665);
#3282=CONICAL_SURFACE('',#3693,2.094,1.02974425867665);
#3283=CONICAL_SURFACE('',#3697,2.094,1.02974425867665);
#3284=CONICAL_SURFACE('',#3701,2.094,1.02974425867665);
#3285=CONICAL_SURFACE('',#3705,2.094,1.02974425867665);
#3286=CONICAL_SURFACE('',#3709,2.094,1.02974425867665);
#3287=CONICAL_SURFACE('',#3713,2.094,1.02974425867665);
#3288=CONICAL_SURFACE('',#3717,2.094,1.02974425867665);
#3289=CONICAL_SURFACE('',#3721,2.094,1.02974425867665);
#3290=CONICAL_SURFACE('',#3725,2.094,1.02974425867665);
#3291=CONICAL_SURFACE('',#3729,2.094,1.02974425867665);
#3292=CONICAL_SURFACE('',#3733,2.094,1.02974425867665);
#3293=CONICAL_SURFACE('',#3737,2.094,1.02974425867665);
#3294=CONICAL_SURFACE('',#3741,2.094,1.02974425867665);
#3295=CONICAL_SURFACE('',#3745,2.094,1.02974425867665);
#3296=CONICAL_SURFACE('',#3749,2.094,1.02974425867665);
#3297=CONICAL_SURFACE('',#3753,2.094,1.02974425867665);
#3298=CONICAL_SURFACE('',#3757,2.094,1.02974425867665);
#3299=CONICAL_SURFACE('',#3761,2.094,1.02974425867665);
#3300=CONICAL_SURFACE('',#3765,2.094,1.02974425867665);
#3301=CONICAL_SURFACE('',#3769,2.094,1.02974425867665);
#3302=CONICAL_SURFACE('',#3773,2.094,1.02974425867665);
#3303=CONICAL_SURFACE('',#3777,2.094,1.02974425867665);
#3304=CONICAL_SURFACE('',#3781,2.094,1.02974425867665);
#3305=CONICAL_SURFACE('',#3785,2.094,1.02974425867665);
#3306=CONICAL_SURFACE('',#3789,2.094,1.02974425867665);
#3307=CONICAL_SURFACE('',#3793,2.094,1.02974425867665);
#3308=CONICAL_SURFACE('',#3825,4.66919037455027,1.02974425867665);
#3309=CONICAL_SURFACE('',#3829,4.66919037455027,1.02974425867665);
#3310=CONICAL_SURFACE('',#3833,4.66919037455027,1.02974425867665);
#3311=CONICAL_SURFACE('',#3837,4.66919037455027,1.02974425867665);
#3312=CONICAL_SURFACE('',#3841,4.66919037455027,1.02974425867665);
#3313=CONICAL_SURFACE('',#3845,4.66919037455027,1.02974425867665);
#3314=CONICAL_SURFACE('',#3849,4.66919037455027,1.02974425867665);
#3315=CONICAL_SURFACE('',#3853,4.66919037455027,1.02974425867665);
#3316=CONICAL_SURFACE('',#3857,4.66919037455027,1.02974425867665);
#3317=CONICAL_SURFACE('',#3861,4.66919037455027,1.02974425867665);
#3318=CONICAL_SURFACE('',#3865,4.66919037455027,1.02974425867665);
#3319=CONICAL_SURFACE('',#3869,4.66919037455027,1.02974425867665);
#3320=CONICAL_SURFACE('',#3873,4.66919037455027,1.02974425867665);
#3321=CONICAL_SURFACE('',#3877,4.66919037455027,1.02974425867665);
#3322=CONICAL_SURFACE('',#3881,4.66919037455027,1.02974425867665);
#3323=CONICAL_SURFACE('',#3885,4.66919037455027,1.02974425867665);
#3324=CONICAL_SURFACE('',#3889,4.66919037455027,1.02974425867665);
#3325=CONICAL_SURFACE('',#3893,4.66919037455027,1.02974425867665);
#3326=CONICAL_SURFACE('',#3897,4.66919037455027,1.02974425867665);
#3327=CONICAL_SURFACE('',#3901,4.66919037455027,1.02974425867665);
#3328=CONICAL_SURFACE('',#3905,4.66919037455027,1.02974425867665);
#3329=CONICAL_SURFACE('',#3909,4.66919037455027,1.02974425867665);
#3330=CONICAL_SURFACE('',#3913,4.66919037455027,1.02974425867665);
#3331=CONICAL_SURFACE('',#3917,4.66919037455027,1.02974425867665);
#3332=CONICAL_SURFACE('',#3921,4.66919037455027,1.02974425867665);
#3333=CONICAL_SURFACE('',#3925,4.66919037455027,1.02974425867665);
#3334=CONICAL_SURFACE('',#3929,4.66919037455027,1.02974425867665);
#3335=CONICAL_SURFACE('',#3933,4.66919037455027,1.02974425867665);
#3336=CONICAL_SURFACE('',#3937,4.66919037455027,1.02974425867665);
#3337=CONICAL_SURFACE('',#3941,4.66919037455027,1.02974425867665);
#3338=CONICAL_SURFACE('',#3945,4.66919037455027,1.02974425867665);
#3339=CONICAL_SURFACE('',#3949,4.66919037455027,1.02974425867665);
#3340=CONICAL_SURFACE('',#3953,4.66919037455027,1.02974425867665);
#3341=CONICAL_SURFACE('',#3957,4.66919037455027,1.02974425867665);
#3342=CONICAL_SURFACE('',#3961,4.66919037455027,1.02974425867665);
#3343=CONICAL_SURFACE('',#3965,4.66919037455027,1.02974425867665);
#3344=CONICAL_SURFACE('',#3969,4.66919037455027,1.02974425867665);
#3345=CONICAL_SURFACE('',#3973,4.66919037455027,1.02974425867665);
#3346=CONICAL_SURFACE('',#3977,4.66919037455027,1.02974425867665);
#3347=CONICAL_SURFACE('',#3981,4.66919037455027,1.02974425867665);
#3348=CONICAL_SURFACE('',#3985,4.66919037455027,1.02974425867665);
#3349=CONICAL_SURFACE('',#3989,4.66919037455027,1.02974425867665);
#3350=CONICAL_SURFACE('',#3993,4.66919037455027,1.02974425867665);
#3351=CONICAL_SURFACE('',#3997,4.66919037455027,1.02974425867665);
#3352=CONICAL_SURFACE('',#4001,4.66919037455027,1.02974425867665);
#3353=CONICAL_SURFACE('',#4005,4.66919037455027,1.02974425867665);
#3354=CONICAL_SURFACE('',#4009,4.66919037455027,1.02974425867665);
#3355=CONICAL_SURFACE('',#4013,4.66919037455027,1.02974425867665);
#3356=ADVANCED_FACE('',(#248),#3260,.F.);
#3357=ADVANCED_FACE('',(#249),#140,.F.);
#3358=ADVANCED_FACE('',(#250),#3261,.F.);
#3359=ADVANCED_FACE('',(#251),#141,.F.);
#3360=ADVANCED_FACE('',(#252),#3262,.F.);
#3361=ADVANCED_FACE('',(#253),#142,.F.);
#3362=ADVANCED_FACE('',(#254),#3263,.F.);
#3363=ADVANCED_FACE('',(#255),#143,.F.);
#3364=ADVANCED_FACE('',(#256),#3264,.F.);
#3365=ADVANCED_FACE('',(#257),#144,.F.);
#3366=ADVANCED_FACE('',(#258),#3265,.F.);
#3367=ADVANCED_FACE('',(#259),#145,.F.);
#3368=ADVANCED_FACE('',(#260),#3266,.F.);
#3369=ADVANCED_FACE('',(#261),#146,.F.);
#3370=ADVANCED_FACE('',(#262),#3267,.F.);
#3371=ADVANCED_FACE('',(#263),#147,.F.);
#3372=ADVANCED_FACE('',(#264),#3268,.F.);
#3373=ADVANCED_FACE('',(#265),#148,.F.);
#3374=ADVANCED_FACE('',(#266),#3269,.F.);
#3375=ADVANCED_FACE('',(#267),#149,.F.);
#3376=ADVANCED_FACE('',(#268),#3270,.F.);
#3377=ADVANCED_FACE('',(#269),#150,.F.);
#3378=ADVANCED_FACE('',(#270),#3271,.F.);
#3379=ADVANCED_FACE('',(#271),#151,.F.);
#3380=ADVANCED_FACE('',(#272),#3272,.F.);
#3381=ADVANCED_FACE('',(#273),#152,.F.);
#3382=ADVANCED_FACE('',(#274),#3273,.F.);
#3383=ADVANCED_FACE('',(#275),#153,.F.);
#3384=ADVANCED_FACE('',(#276),#3274,.F.);
#3385=ADVANCED_FACE('',(#277),#154,.F.);
#3386=ADVANCED_FACE('',(#278),#3275,.F.);
#3387=ADVANCED_FACE('',(#279),#155,.F.);
#3388=ADVANCED_FACE('',(#280),#3276,.F.);
#3389=ADVANCED_FACE('',(#281),#156,.F.);
#3390=ADVANCED_FACE('',(#282),#3277,.F.);
#3391=ADVANCED_FACE('',(#283),#157,.F.);
#3392=ADVANCED_FACE('',(#284),#3278,.F.);
#3393=ADVANCED_FACE('',(#285),#158,.F.);
#3394=ADVANCED_FACE('',(#286),#3279,.F.);
#3395=ADVANCED_FACE('',(#287),#159,.F.);
#3396=ADVANCED_FACE('',(#288),#3280,.F.);
#3397=ADVANCED_FACE('',(#289),#160,.F.);
#3398=ADVANCED_FACE('',(#290),#3281,.F.);
#3399=ADVANCED_FACE('',(#291),#161,.F.);
#3400=ADVANCED_FACE('',(#292),#3282,.F.);
#3401=ADVANCED_FACE('',(#293),#162,.F.);
#3402=ADVANCED_FACE('',(#294),#3283,.F.);
#3403=ADVANCED_FACE('',(#295),#163,.F.);
#3404=ADVANCED_FACE('',(#296),#3284,.F.);
#3405=ADVANCED_FACE('',(#297),#164,.F.);
#3406=ADVANCED_FACE('',(#298),#3285,.F.);
#3407=ADVANCED_FACE('',(#299),#165,.F.);
#3408=ADVANCED_FACE('',(#300),#3286,.F.);
#3409=ADVANCED_FACE('',(#301),#166,.F.);
#3410=ADVANCED_FACE('',(#302),#3287,.F.);
#3411=ADVANCED_FACE('',(#303),#167,.F.);
#3412=ADVANCED_FACE('',(#304),#3288,.F.);
#3413=ADVANCED_FACE('',(#305),#168,.F.);
#3414=ADVANCED_FACE('',(#306),#3289,.F.);
#3415=ADVANCED_FACE('',(#307),#169,.F.);
#3416=ADVANCED_FACE('',(#308),#3290,.F.);
#3417=ADVANCED_FACE('',(#309),#170,.F.);
#3418=ADVANCED_FACE('',(#310),#3291,.F.);
#3419=ADVANCED_FACE('',(#311),#171,.F.);
#3420=ADVANCED_FACE('',(#312),#3292,.F.);
#3421=ADVANCED_FACE('',(#313),#172,.F.);
#3422=ADVANCED_FACE('',(#314),#3293,.F.);
#3423=ADVANCED_FACE('',(#315),#173,.F.);
#3424=ADVANCED_FACE('',(#316),#3294,.F.);
#3425=ADVANCED_FACE('',(#317),#174,.F.);
#3426=ADVANCED_FACE('',(#318),#3295,.F.);
#3427=ADVANCED_FACE('',(#319),#175,.F.);
#3428=ADVANCED_FACE('',(#320),#3296,.F.);
#3429=ADVANCED_FACE('',(#321),#176,.F.);
#3430=ADVANCED_FACE('',(#322),#3297,.F.);
#3431=ADVANCED_FACE('',(#323),#177,.F.);
#3432=ADVANCED_FACE('',(#324),#3298,.F.);
#3433=ADVANCED_FACE('',(#325),#178,.F.);
#3434=ADVANCED_FACE('',(#326),#3299,.F.);
#3435=ADVANCED_FACE('',(#327),#179,.F.);
#3436=ADVANCED_FACE('',(#328),#3300,.F.);
#3437=ADVANCED_FACE('',(#329),#180,.F.);
#3438=ADVANCED_FACE('',(#330),#3301,.F.);
#3439=ADVANCED_FACE('',(#331),#181,.F.);
#3440=ADVANCED_FACE('',(#332),#3302,.F.);
#3441=ADVANCED_FACE('',(#333),#182,.F.);
#3442=ADVANCED_FACE('',(#334),#3303,.F.);
#3443=ADVANCED_FACE('',(#335),#183,.F.);
#3444=ADVANCED_FACE('',(#336),#3304,.F.);
#3445=ADVANCED_FACE('',(#337),#184,.F.);
#3446=ADVANCED_FACE('',(#338),#3305,.F.);
#3447=ADVANCED_FACE('',(#339),#185,.F.);
#3448=ADVANCED_FACE('',(#340),#3306,.F.);
#3449=ADVANCED_FACE('',(#341),#186,.F.);
#3450=ADVANCED_FACE('',(#342),#3307,.F.);
#3451=ADVANCED_FACE('',(#343),#187,.F.);
#3452=ADVANCED_FACE('',(#344),#120,.F.);
#3453=ADVANCED_FACE('',(#345),#188,.F.);
#3454=ADVANCED_FACE('',(#346),#121,.F.);
#3455=ADVANCED_FACE('',(#347),#122,.F.);
#3456=ADVANCED_FACE('',(#348),#189,.F.);
#3457=ADVANCED_FACE('',(#349),#123,.T.);
#3458=ADVANCED_FACE('',(#350),#124,.T.);
#3459=ADVANCED_FACE('',(#351),#125,.T.);
#3460=ADVANCED_FACE('',(#352),#190,.T.);
#3461=ADVANCED_FACE('',(#353),#126,.T.);
#3462=ADVANCED_FACE('',(#354),#191,.T.);
#3463=ADVANCED_FACE('',(#355),#127,.T.);
#3464=ADVANCED_FACE('',(#356),#192,.T.);
#3465=ADVANCED_FACE('',(#357),#128,.T.);
#3466=ADVANCED_FACE('',(#358),#193,.T.);
#3467=ADVANCED_FACE('',(#359,#14,#15,#16,#17,#18,#19,#20,#21,#22,#23,#24,
#25,#26,#27,#28,#29,#30,#31,#32,#33,#34,#35,#36,#37,#38,#39,#40,#41,#42,
#43,#44,#45,#46,#47,#48,#49,#50,#51,#52,#53,#54,#55,#56,#57,#58,#59,#60,
#61),#129,.F.);
#3468=ADVANCED_FACE('',(#360),#3308,.T.);
#3469=ADVANCED_FACE('',(#361),#194,.T.);
#3470=ADVANCED_FACE('',(#362),#3309,.T.);
#3471=ADVANCED_FACE('',(#363),#195,.T.);
#3472=ADVANCED_FACE('',(#364),#3310,.T.);
#3473=ADVANCED_FACE('',(#365),#196,.T.);
#3474=ADVANCED_FACE('',(#366),#3311,.T.);
#3475=ADVANCED_FACE('',(#367),#197,.T.);
#3476=ADVANCED_FACE('',(#368),#3312,.T.);
#3477=ADVANCED_FACE('',(#369),#198,.T.);
#3478=ADVANCED_FACE('',(#370),#3313,.T.);
#3479=ADVANCED_FACE('',(#371),#199,.T.);
#3480=ADVANCED_FACE('',(#372),#3314,.T.);
#3481=ADVANCED_FACE('',(#373),#200,.T.);
#3482=ADVANCED_FACE('',(#374),#3315,.T.);
#3483=ADVANCED_FACE('',(#375),#201,.T.);
#3484=ADVANCED_FACE('',(#376),#3316,.T.);
#3485=ADVANCED_FACE('',(#377),#202,.T.);
#3486=ADVANCED_FACE('',(#378),#3317,.T.);
#3487=ADVANCED_FACE('',(#379),#203,.T.);
#3488=ADVANCED_FACE('',(#380),#3318,.T.);
#3489=ADVANCED_FACE('',(#381),#204,.T.);
#3490=ADVANCED_FACE('',(#382),#3319,.T.);
#3491=ADVANCED_FACE('',(#383),#205,.T.);
#3492=ADVANCED_FACE('',(#384),#3320,.T.);
#3493=ADVANCED_FACE('',(#385),#206,.T.);
#3494=ADVANCED_FACE('',(#386),#3321,.T.);
#3495=ADVANCED_FACE('',(#387),#207,.T.);
#3496=ADVANCED_FACE('',(#388),#3322,.T.);
#3497=ADVANCED_FACE('',(#389),#208,.T.);
#3498=ADVANCED_FACE('',(#390),#3323,.T.);
#3499=ADVANCED_FACE('',(#391),#209,.T.);
#3500=ADVANCED_FACE('',(#392),#3324,.T.);
#3501=ADVANCED_FACE('',(#393),#210,.T.);
#3502=ADVANCED_FACE('',(#394),#3325,.T.);
#3503=ADVANCED_FACE('',(#395),#211,.T.);
#3504=ADVANCED_FACE('',(#396),#3326,.T.);
#3505=ADVANCED_FACE('',(#397),#212,.T.);
#3506=ADVANCED_FACE('',(#398),#3327,.T.);
#3507=ADVANCED_FACE('',(#399),#213,.T.);
#3508=ADVANCED_FACE('',(#400),#3328,.T.);
#3509=ADVANCED_FACE('',(#401),#214,.T.);
#3510=ADVANCED_FACE('',(#402),#3329,.T.);
#3511=ADVANCED_FACE('',(#403),#215,.T.);
#3512=ADVANCED_FACE('',(#404),#3330,.T.);
#3513=ADVANCED_FACE('',(#405),#216,.T.);
#3514=ADVANCED_FACE('',(#406),#3331,.T.);
#3515=ADVANCED_FACE('',(#407),#217,.T.);
#3516=ADVANCED_FACE('',(#408),#3332,.T.);
#3517=ADVANCED_FACE('',(#409),#218,.T.);
#3518=ADVANCED_FACE('',(#410),#3333,.T.);
#3519=ADVANCED_FACE('',(#411),#219,.T.);
#3520=ADVANCED_FACE('',(#412),#3334,.T.);
#3521=ADVANCED_FACE('',(#413),#220,.T.);
#3522=ADVANCED_FACE('',(#414),#3335,.T.);
#3523=ADVANCED_FACE('',(#415),#221,.T.);
#3524=ADVANCED_FACE('',(#416),#3336,.T.);
#3525=ADVANCED_FACE('',(#417),#222,.T.);
#3526=ADVANCED_FACE('',(#418),#3337,.T.);
#3527=ADVANCED_FACE('',(#419),#223,.T.);
#3528=ADVANCED_FACE('',(#420),#3338,.T.);
#3529=ADVANCED_FACE('',(#421),#224,.T.);
#3530=ADVANCED_FACE('',(#422),#3339,.T.);
#3531=ADVANCED_FACE('',(#423),#225,.T.);
#3532=ADVANCED_FACE('',(#424),#3340,.T.);
#3533=ADVANCED_FACE('',(#425),#226,.T.);
#3534=ADVANCED_FACE('',(#426),#3341,.T.);
#3535=ADVANCED_FACE('',(#427),#227,.T.);
#3536=ADVANCED_FACE('',(#428),#3342,.T.);
#3537=ADVANCED_FACE('',(#429),#228,.T.);
#3538=ADVANCED_FACE('',(#430),#3343,.T.);
#3539=ADVANCED_FACE('',(#431),#229,.T.);
#3540=ADVANCED_FACE('',(#432),#3344,.T.);
#3541=ADVANCED_FACE('',(#433),#230,.T.);
#3542=ADVANCED_FACE('',(#434),#3345,.T.);
#3543=ADVANCED_FACE('',(#435),#231,.T.);
#3544=ADVANCED_FACE('',(#436),#3346,.T.);
#3545=ADVANCED_FACE('',(#437),#232,.T.);
#3546=ADVANCED_FACE('',(#438),#3347,.T.);
#3547=ADVANCED_FACE('',(#439),#233,.T.);
#3548=ADVANCED_FACE('',(#440),#3348,.T.);
#3549=ADVANCED_FACE('',(#441),#234,.T.);
#3550=ADVANCED_FACE('',(#442),#3349,.T.);
#3551=ADVANCED_FACE('',(#443),#235,.T.);
#3552=ADVANCED_FACE('',(#444),#3350,.T.);
#3553=ADVANCED_FACE('',(#445),#236,.T.);
#3554=ADVANCED_FACE('',(#446),#3351,.T.);
#3555=ADVANCED_FACE('',(#447),#237,.T.);
#3556=ADVANCED_FACE('',(#448),#3352,.T.);
#3557=ADVANCED_FACE('',(#449),#238,.T.);
#3558=ADVANCED_FACE('',(#450),#3353,.T.);
#3559=ADVANCED_FACE('',(#451),#239,.T.);
#3560=ADVANCED_FACE('',(#452),#3354,.T.);
#3561=ADVANCED_FACE('',(#453),#240,.T.);
#3562=ADVANCED_FACE('',(#454),#3355,.T.);
#3563=ADVANCED_FACE('',(#455),#241,.T.);
#3564=ADVANCED_FACE('',(#456),#130,.T.);
#3565=ADVANCED_FACE('',(#457),#242,.T.);
#3566=ADVANCED_FACE('',(#458),#131,.T.);
#3567=ADVANCED_FACE('',(#459),#132,.T.);
#3568=ADVANCED_FACE('',(#460),#243,.T.);
#3569=ADVANCED_FACE('',(#461),#133,.F.);
#3570=ADVANCED_FACE('',(#462),#134,.F.);
#3571=ADVANCED_FACE('',(#463),#135,.F.);
#3572=ADVANCED_FACE('',(#464),#244,.F.);
#3573=ADVANCED_FACE('',(#465),#136,.F.);
#3574=ADVANCED_FACE('',(#466),#245,.F.);
#3575=ADVANCED_FACE('',(#467),#137,.F.);
#3576=ADVANCED_FACE('',(#468),#246,.F.);
#3577=ADVANCED_FACE('',(#469),#138,.F.);
#3578=ADVANCED_FACE('',(#470),#247,.F.);
#3579=ADVANCED_FACE('',(#471,#62,#63,#64,#65,#66,#67,#68,#69,#70,#71,#72,
#73,#74,#75,#76,#77,#78,#79,#80,#81,#82,#83,#84,#85,#86,#87,#88,#89,#90,
#91,#92,#93,#94,#95,#96,#97,#98,#99,#100,#101,#102,#103,#104,#105,#106,
#107,#108,#109),#139,.T.);
#3580=CLOSED_SHELL('',(#3356,#3357,#3358,#3359,#3360,#3361,#3362,#3363,
#3364,#3365,#3366,#3367,#3368,#3369,#3370,#3371,#3372,#3373,#3374,#3375,
#3376,#3377,#3378,#3379,#3380,#3381,#3382,#3383,#3384,#3385,#3386,#3387,
#3388,#3389,#3390,#3391,#3392,#3393,#3394,#3395,#3396,#3397,#3398,#3399,
#3400,#3401,#3402,#3403,#3404,#3405,#3406,#3407,#3408,#3409,#3410,#3411,
#3412,#3413,#3414,#3415,#3416,#3417,#3418,#3419,#3420,#3421,#3422,#3423,
#3424,#3425,#3426,#3427,#3428,#3429,#3430,#3431,#3432,#3433,#3434,#3435,
#3436,#3437,#3438,#3439,#3440,#3441,#3442,#3443,#3444,#3445,#3446,#3447,
#3448,#3449,#3450,#3451,#3452,#3453,#3454,#3455,#3456,#3457,#3458,#3459,
#3460,#3461,#3462,#3463,#3464,#3465,#3466,#3467));
#3581=CLOSED_SHELL('',(#3468,#3469,#3470,#3471,#3472,#3473,#3474,#3475,
#3476,#3477,#3478,#3479,#3480,#3481,#3482,#3483,#3484,#3485,#3486,#3487,
#3488,#3489,#3490,#3491,#3492,#3493,#3494,#3495,#3496,#3497,#3498,#3499,
#3500,#3501,#3502,#3503,#3504,#3505,#3506,#3507,#3508,#3509,#3510,#3511,
#3512,#3513,#3514,#3515,#3516,#3517,#3518,#3519,#3520,#3521,#3522,#3523,
#3524,#3525,#3526,#3527,#3528,#3529,#3530,#3531,#3532,#3533,#3534,#3535,
#3536,#3537,#3538,#3539,#3540,#3541,#3542,#3543,#3544,#3545,#3546,#3547,
#3548,#3549,#3550,#3551,#3552,#3553,#3554,#3555,#3556,#3557,#3558,#3559,
#3560,#3561,#3562,#3563,#3564,#3565,#3566,#3567,#3568,#3569,#3570,#3571,
#3572,#3573,#3574,#3575,#3576,#3577,#3578,#3579));
#3582=BREP_WITH_VOIDS('Volumenk\X\F6rper1',#3580,(#13));
#3583=DERIVED_UNIT_ELEMENT(#3586,1.);
#3584=DERIVED_UNIT_ELEMENT(#6221,-3.);
#3585=DIMENSIONAL_EXPONENTS(0.,1.,0.,0.,0.,0.,0.);
#3586=(
CONVERSION_BASED_UNIT('gram',#3588)
MASS_UNIT()
NAMED_UNIT(#3585)
);
#3587=(
MASS_UNIT()
NAMED_UNIT(*)
SI_UNIT(.KILO.,.GRAM.)
);
#3588=MASS_MEASURE_WITH_UNIT(MASS_MEASURE(0.001),#3587);
#3589=DERIVED_UNIT((#3583,#3584));
#3590=MEASURE_REPRESENTATION_ITEM('density measure',
POSITIVE_RATIO_MEASURE(1.),#3589);
#3591=PROPERTY_DEFINITION_REPRESENTATION(#3596,#3593);
#3592=PROPERTY_DEFINITION_REPRESENTATION(#3597,#3594);
#3593=REPRESENTATION('material name',(#3595),#6218);
#3594=REPRESENTATION('density',(#3590),#6218);
#3595=DESCRIPTIVE_REPRESENTATION_ITEM('Generisch','Generisch');
#3596=PROPERTY_DEFINITION('material property','material name',#6228);
#3597=PROPERTY_DEFINITION('material property','density of part',#6228);
#3598=DATE_TIME_ROLE('creation_date');
#3599=APPLIED_DATE_AND_TIME_ASSIGNMENT(#3600,#3598,(#6228));
#3600=DATE_AND_TIME(#3601,#3602);
#3601=CALENDAR_DATE(2026,22,1);
#3602=LOCAL_TIME(0,0,0.,#3603);
#3603=COORDINATED_UNIVERSAL_TIME_OFFSET(0,0,.BEHIND.);
#3604=AXIS2_PLACEMENT_3D('',#5179,#4045,#4046);
#3605=AXIS2_PLACEMENT_3D('',#5180,#4047,#4048);
#3606=AXIS2_PLACEMENT_3D('',#5182,#4049,#4050);
#3607=AXIS2_PLACEMENT_3D('',#5185,#4052,#4053);
#3608=AXIS2_PLACEMENT_3D('',#5187,#4054,#4055);
#3609=AXIS2_PLACEMENT_3D('',#5189,#4057,#4058);
#3610=AXIS2_PLACEMENT_3D('',#5191,#4059,#4060);
#3611=AXIS2_PLACEMENT_3D('',#5194,#4062,#4063);
#3612=AXIS2_PLACEMENT_3D('',#5196,#4064,#4065);
#3613=AXIS2_PLACEMENT_3D('',#5198,#4067,#4068);
#3614=AXIS2_PLACEMENT_3D('',#5200,#4069,#4070);
#3615=AXIS2_PLACEMENT_3D('',#5203,#4072,#4073);
#3616=AXIS2_PLACEMENT_3D('',#5205,#4074,#4075);
#3617=AXIS2_PLACEMENT_3D('',#5207,#4077,#4078);
#3618=AXIS2_PLACEMENT_3D('',#5209,#4079,#4080);
#3619=AXIS2_PLACEMENT_3D('',#5212,#4082,#4083);
#3620=AXIS2_PLACEMENT_3D('',#5214,#4084,#4085);
#3621=AXIS2_PLACEMENT_3D('',#5216,#4087,#4088);
#3622=AXIS2_PLACEMENT_3D('',#5218,#4089,#4090);
#3623=AXIS2_PLACEMENT_3D('',#5221,#4092,#4093);
#3624=AXIS2_PLACEMENT_3D('',#5223,#4094,#4095);
#3625=AXIS2_PLACEMENT_3D('',#5225,#4097,#4098);
#3626=AXIS2_PLACEMENT_3D('',#5227,#4099,#4100);
#3627=AXIS2_PLACEMENT_3D('',#5230,#4102,#4103);
#3628=AXIS2_PLACEMENT_3D('',#5232,#4104,#4105);
#3629=AXIS2_PLACEMENT_3D('',#5234,#4107,#4108);
#3630=AXIS2_PLACEMENT_3D('',#5236,#4109,#4110);
#3631=AXIS2_PLACEMENT_3D('',#5239,#4112,#4113);
#3632=AXIS2_PLACEMENT_3D('',#5241,#4114,#4115);
#3633=AXIS2_PLACEMENT_3D('',#5243,#4117,#4118);
#3634=AXIS2_PLACEMENT_3D('',#5245,#4119,#4120);
#3635=AXIS2_PLACEMENT_3D('',#5248,#4122,#4123);
#3636=AXIS2_PLACEMENT_3D('',#5250,#4124,#4125);
#3637=AXIS2_PLACEMENT_3D('',#5252,#4127,#4128);
#3638=AXIS2_PLACEMENT_3D('',#5254,#4129,#4130);
#3639=AXIS2_PLACEMENT_3D('',#5257,#4132,#4133);
#3640=AXIS2_PLACEMENT_3D('',#5259,#4134,#4135);
#3641=AXIS2_PLACEMENT_3D('',#5261,#4137,#4138);
#3642=AXIS2_PLACEMENT_3D('',#5263,#4139,#4140);
#3643=AXIS2_PLACEMENT_3D('',#5266,#4142,#4143);
#3644=AXIS2_PLACEMENT_3D('',#5268,#4144,#4145);
#3645=AXIS2_PLACEMENT_3D('',#5270,#4147,#4148);
#3646=AXIS2_PLACEMENT_3D('',#5272,#4149,#4150);
#3647=AXIS2_PLACEMENT_3D('',#5275,#4152,#4153);
#3648=AXIS2_PLACEMENT_3D('',#5277,#4154,#4155);
#3649=AXIS2_PLACEMENT_3D('',#5279,#4157,#4158);
#3650=AXIS2_PLACEMENT_3D('',#5281,#4159,#4160);
#3651=AXIS2_PLACEMENT_3D('',#5284,#4162,#4163);
#3652=AXIS2_PLACEMENT_3D('',#5286,#4164,#4165);
#3653=AXIS2_PLACEMENT_3D('',#5288,#4167,#4168);
#3654=AXIS2_PLACEMENT_3D('',#5290,#4169,#4170);
#3655=AXIS2_PLACEMENT_3D('',#5293,#4172,#4173);
#3656=AXIS2_PLACEMENT_3D('',#5295,#4174,#4175);
#3657=AXIS2_PLACEMENT_3D('',#5297,#4177,#4178);
#3658=AXIS2_PLACEMENT_3D('',#5299,#4179,#4180);
#3659=AXIS2_PLACEMENT_3D('',#5302,#4182,#4183);
#3660=AXIS2_PLACEMENT_3D('',#5304,#4184,#4185);
#3661=AXIS2_PLACEMENT_3D('',#5306,#4187,#4188);
#3662=AXIS2_PLACEMENT_3D('',#5308,#4189,#4190);
#3663=AXIS2_PLACEMENT_3D('',#5311,#4192,#4193);
#3664=AXIS2_PLACEMENT_3D('',#5313,#4194,#4195);
#3665=AXIS2_PLACEMENT_3D('',#5315,#4197,#4198);
#3666=AXIS2_PLACEMENT_3D('',#5317,#4199,#4200);
#3667=AXIS2_PLACEMENT_3D('',#5320,#4202,#4203);
#3668=AXIS2_PLACEMENT_3D('',#5322,#4204,#4205);
#3669=AXIS2_PLACEMENT_3D('',#5324,#4207,#4208);
#3670=AXIS2_PLACEMENT_3D('',#5326,#4209,#4210);
#3671=AXIS2_PLACEMENT_3D('',#5329,#4212,#4213);
#3672=AXIS2_PLACEMENT_3D('',#5331,#4214,#4215);
#3673=AXIS2_PLACEMENT_3D('',#5333,#4217,#4218);
#3674=AXIS2_PLACEMENT_3D('',#5335,#4219,#4220);
#3675=AXIS2_PLACEMENT_3D('',#5338,#4222,#4223);
#3676=AXIS2_PLACEMENT_3D('',#5340,#4224,#4225);
#3677=AXIS2_PLACEMENT_3D('',#5342,#4227,#4228);
#3678=AXIS2_PLACEMENT_3D('',#5344,#4229,#4230);
#3679=AXIS2_PLACEMENT_3D('',#5347,#4232,#4233);
#3680=AXIS2_PLACEMENT_3D('',#5349,#4234,#4235);
#3681=AXIS2_PLACEMENT_3D('',#5351,#4237,#4238);
#3682=AXIS2_PLACEMENT_3D('',#5353,#4239,#4240);
#3683=AXIS2_PLACEMENT_3D('',#5356,#4242,#4243);
#3684=AXIS2_PLACEMENT_3D('',#5358,#4244,#4245);
#3685=AXIS2_PLACEMENT_3D('',#5360,#4247,#4248);
#3686=AXIS2_PLACEMENT_3D('',#5362,#4249,#4250);
#3687=AXIS2_PLACEMENT_3D('',#5365,#4252,#4253);
#3688=AXIS2_PLACEMENT_3D('',#5367,#4254,#4255);
#3689=AXIS2_PLACEMENT_3D('',#5369,#4257,#4258);
#3690=AXIS2_PLACEMENT_3D('',#5371,#4259,#4260);
#3691=AXIS2_PLACEMENT_3D('',#5374,#4262,#4263);
#3692=AXIS2_PLACEMENT_3D('',#5376,#4264,#4265);
#3693=AXIS2_PLACEMENT_3D('',#5378,#4267,#4268);
#3694=AXIS2_PLACEMENT_3D('',#5380,#4269,#4270);
#3695=AXIS2_PLACEMENT_3D('',#5383,#4272,#4273);
#3696=AXIS2_PLACEMENT_3D('',#5385,#4274,#4275);
#3697=AXIS2_PLACEMENT_3D('',#5387,#4277,#4278);
#3698=AXIS2_PLACEMENT_3D('',#5389,#4279,#4280);
#3699=AXIS2_PLACEMENT_3D('',#5392,#4282,#4283);
#3700=AXIS2_PLACEMENT_3D('',#5394,#4284,#4285);
#3701=AXIS2_PLACEMENT_3D('',#5396,#4287,#4288);
#3702=AXIS2_PLACEMENT_3D('',#5398,#4289,#4290);
#3703=AXIS2_PLACEMENT_3D('',#5401,#4292,#4293);
#3704=AXIS2_PLACEMENT_3D('',#5403,#4294,#4295);
#3705=AXIS2_PLACEMENT_3D('',#5405,#4297,#4298);
#3706=AXIS2_PLACEMENT_3D('',#5407,#4299,#4300);
#3707=AXIS2_PLACEMENT_3D('',#5410,#4302,#4303);
#3708=AXIS2_PLACEMENT_3D('',#5412,#4304,#4305);
#3709=AXIS2_PLACEMENT_3D('',#5414,#4307,#4308);
#3710=AXIS2_PLACEMENT_3D('',#5416,#4309,#4310);
#3711=AXIS2_PLACEMENT_3D('',#5419,#4312,#4313);
#3712=AXIS2_PLACEMENT_3D('',#5421,#4314,#4315);
#3713=AXIS2_PLACEMENT_3D('',#5423,#4317,#4318);
#3714=AXIS2_PLACEMENT_3D('',#5425,#4319,#4320);
#3715=AXIS2_PLACEMENT_3D('',#5428,#4322,#4323);
#3716=AXIS2_PLACEMENT_3D('',#5430,#4324,#4325);
#3717=AXIS2_PLACEMENT_3D('',#5432,#4327,#4328);
#3718=AXIS2_PLACEMENT_3D('',#5434,#4329,#4330);
#3719=AXIS2_PLACEMENT_3D('',#5437,#4332,#4333);
#3720=AXIS2_PLACEMENT_3D('',#5439,#4334,#4335);
#3721=AXIS2_PLACEMENT_3D('',#5441,#4337,#4338);
#3722=AXIS2_PLACEMENT_3D('',#5443,#4339,#4340);
#3723=AXIS2_PLACEMENT_3D('',#5446,#4342,#4343);
#3724=AXIS2_PLACEMENT_3D('',#5448,#4344,#4345);
#3725=AXIS2_PLACEMENT_3D('',#5450,#4347,#4348);
#3726=AXIS2_PLACEMENT_3D('',#5452,#4349,#4350);
#3727=AXIS2_PLACEMENT_3D('',#5455,#4352,#4353);
#3728=AXIS2_PLACEMENT_3D('',#5457,#4354,#4355);
#3729=AXIS2_PLACEMENT_3D('',#5459,#4357,#4358);
#3730=AXIS2_PLACEMENT_3D('',#5461,#4359,#4360);
#3731=AXIS2_PLACEMENT_3D('',#5464,#4362,#4363);
#3732=AXIS2_PLACEMENT_3D('',#5466,#4364,#4365);
#3733=AXIS2_PLACEMENT_3D('',#5468,#4367,#4368);
#3734=AXIS2_PLACEMENT_3D('',#5470,#4369,#4370);
#3735=AXIS2_PLACEMENT_3D('',#5473,#4372,#4373);
#3736=AXIS2_PLACEMENT_3D('',#5475,#4374,#4375);
#3737=AXIS2_PLACEMENT_3D('',#5477,#4377,#4378);
#3738=AXIS2_PLACEMENT_3D('',#5479,#4379,#4380);
#3739=AXIS2_PLACEMENT_3D('',#5482,#4382,#4383);
#3740=AXIS2_PLACEMENT_3D('',#5484,#4384,#4385);
#3741=AXIS2_PLACEMENT_3D('',#5486,#4387,#4388);
#3742=AXIS2_PLACEMENT_3D('',#5488,#4389,#4390);
#3743=AXIS2_PLACEMENT_3D('',#5491,#4392,#4393);
#3744=AXIS2_PLACEMENT_3D('',#5493,#4394,#4395);
#3745=AXIS2_PLACEMENT_3D('',#5495,#4397,#4398);
#3746=AXIS2_PLACEMENT_3D('',#5497,#4399,#4400);
#3747=AXIS2_PLACEMENT_3D('',#5500,#4402,#4403);
#3748=AXIS2_PLACEMENT_3D('',#5502,#4404,#4405);
#3749=AXIS2_PLACEMENT_3D('',#5504,#4407,#4408);
#3750=AXIS2_PLACEMENT_3D('',#5506,#4409,#4410);
#3751=AXIS2_PLACEMENT_3D('',#5509,#4412,#4413);
#3752=AXIS2_PLACEMENT_3D('',#5511,#4414,#4415);
#3753=AXIS2_PLACEMENT_3D('',#5513,#4417,#4418);
#3754=AXIS2_PLACEMENT_3D('',#5515,#4419,#4420);
#3755=AXIS2_PLACEMENT_3D('',#5518,#4422,#4423);
#3756=AXIS2_PLACEMENT_3D('',#5520,#4424,#4425);
#3757=AXIS2_PLACEMENT_3D('',#5522,#4427,#4428);
#3758=AXIS2_PLACEMENT_3D('',#5524,#4429,#4430);
#3759=AXIS2_PLACEMENT_3D('',#5527,#4432,#4433);
#3760=AXIS2_PLACEMENT_3D('',#5529,#4434,#4435);
#3761=AXIS2_PLACEMENT_3D('',#5531,#4437,#4438);
#3762=AXIS2_PLACEMENT_3D('',#5533,#4439,#4440);
#3763=AXIS2_PLACEMENT_3D('',#5536,#4442,#4443);
#3764=AXIS2_PLACEMENT_3D('',#5538,#4444,#4445);
#3765=AXIS2_PLACEMENT_3D('',#5540,#4447,#4448);
#3766=AXIS2_PLACEMENT_3D('',#5542,#4449,#4450);
#3767=AXIS2_PLACEMENT_3D('',#5545,#4452,#4453);
#3768=AXIS2_PLACEMENT_3D('',#5547,#4454,#4455);
#3769=AXIS2_PLACEMENT_3D('',#5549,#4457,#4458);
#3770=AXIS2_PLACEMENT_3D('',#5551,#4459,#4460);
#3771=AXIS2_PLACEMENT_3D('',#5554,#4462,#4463);
#3772=AXIS2_PLACEMENT_3D('',#5556,#4464,#4465);
#3773=AXIS2_PLACEMENT_3D('',#5558,#4467,#4468);
#3774=AXIS2_PLACEMENT_3D('',#5560,#4469,#4470);
#3775=AXIS2_PLACEMENT_3D('',#5563,#4472,#4473);
#3776=AXIS2_PLACEMENT_3D('',#5565,#4474,#4475);
#3777=AXIS2_PLACEMENT_3D('',#5567,#4477,#4478);
#3778=AXIS2_PLACEMENT_3D('',#5569,#4479,#4480);
#3779=AXIS2_PLACEMENT_3D('',#5572,#4482,#4483);
#3780=AXIS2_PLACEMENT_3D('',#5574,#4484,#4485);
#3781=AXIS2_PLACEMENT_3D('',#5576,#4487,#4488);
#3782=AXIS2_PLACEMENT_3D('',#5578,#4489,#4490);
#3783=AXIS2_PLACEMENT_3D('',#5581,#4492,#4493);
#3784=AXIS2_PLACEMENT_3D('',#5583,#4494,#4495);
#3785=AXIS2_PLACEMENT_3D('',#5585,#4497,#4498);
#3786=AXIS2_PLACEMENT_3D('',#5587,#4499,#4500);
#3787=AXIS2_PLACEMENT_3D('',#5590,#4502,#4503);
#3788=AXIS2_PLACEMENT_3D('',#5592,#4504,#4505);
#3789=AXIS2_PLACEMENT_3D('',#5594,#4507,#4508);
#3790=AXIS2_PLACEMENT_3D('',#5596,#4509,#4510);
#3791=AXIS2_PLACEMENT_3D('',#5599,#4512,#4513);
#3792=AXIS2_PLACEMENT_3D('',#5601,#4514,#4515);
#3793=AXIS2_PLACEMENT_3D('',#5603,#4517,#4518);
#3794=AXIS2_PLACEMENT_3D('',#5605,#4519,#4520);
#3795=AXIS2_PLACEMENT_3D('',#5608,#4522,#4523);
#3796=AXIS2_PLACEMENT_3D('',#5610,#4524,#4525);
#3797=AXIS2_PLACEMENT_3D('',#5612,#4527,#4528);
#3798=AXIS2_PLACEMENT_3D('',#5621,#4533,#4534);
#3799=AXIS2_PLACEMENT_3D('',#5623,#4535,#4536);
#3800=AXIS2_PLACEMENT_3D('',#5625,#4537,#4538);
#3801=AXIS2_PLACEMENT_3D('',#5627,#4540,#4541);
#3802=AXIS2_PLACEMENT_3D('',#5633,#4545,#4546);
#3803=AXIS2_PLACEMENT_3D('',#5642,#4551,#4552);
#3804=AXIS2_PLACEMENT_3D('',#5643,#4553,#4554);
#3805=AXIS2_PLACEMENT_3D('',#5644,#4555,#4556);
#3806=AXIS2_PLACEMENT_3D('',#5645,#4557,#4558);
#3807=AXIS2_PLACEMENT_3D('',#5649,#4560,#4561);
#3808=AXIS2_PLACEMENT_3D('',#5653,#4563,#4564);
#3809=AXIS2_PLACEMENT_3D('',#5657,#4566,#4567);
#3810=AXIS2_PLACEMENT_3D('',#5661,#4569,#4570);
#3811=AXIS2_PLACEMENT_3D('',#5663,#4572,#4573);
#3812=AXIS2_PLACEMENT_3D('',#5667,#4576,#4577);
#3813=AXIS2_PLACEMENT_3D('',#5673,#4581,#4582);
#3814=AXIS2_PLACEMENT_3D('',#5675,#4583,#4584);
#3815=AXIS2_PLACEMENT_3D('',#5677,#4586,#4587);
#3816=AXIS2_PLACEMENT_3D('',#5681,#4590,#4591);
#3817=AXIS2_PLACEMENT_3D('',#5682,#4592,#4593);
#3818=AXIS2_PLACEMENT_3D('',#5683,#4594,#4595);
#3819=AXIS2_PLACEMENT_3D('',#5687,#4598,#4599);
#3820=AXIS2_PLACEMENT_3D('',#5689,#4600,#4601);
#3821=AXIS2_PLACEMENT_3D('',#5691,#4603,#4604);
#3822=AXIS2_PLACEMENT_3D('',#5695,#4607,#4608);
#3823=AXIS2_PLACEMENT_3D('',#5696,#4609,#4610);
#3824=AXIS2_PLACEMENT_3D('',#5697,#4611,#4612);
#3825=AXIS2_PLACEMENT_3D('',#5698,#4613,#4614);
#3826=AXIS2_PLACEMENT_3D('',#5702,#4616,#4617);
#3827=AXIS2_PLACEMENT_3D('',#5703,#4618,#4619);
#3828=AXIS2_PLACEMENT_3D('',#5706,#4621,#4622);
#3829=AXIS2_PLACEMENT_3D('',#5707,#4623,#4624);
#3830=AXIS2_PLACEMENT_3D('',#5711,#4626,#4627);
#3831=AXIS2_PLACEMENT_3D('',#5712,#4628,#4629);
#3832=AXIS2_PLACEMENT_3D('',#5715,#4631,#4632);
#3833=AXIS2_PLACEMENT_3D('',#5716,#4633,#4634);
#3834=AXIS2_PLACEMENT_3D('',#5720,#4636,#4637);
#3835=AXIS2_PLACEMENT_3D('',#5721,#4638,#4639);
#3836=AXIS2_PLACEMENT_3D('',#5724,#4641,#4642);
#3837=AXIS2_PLACEMENT_3D('',#5725,#4643,#4644);
#3838=AXIS2_PLACEMENT_3D('',#5729,#4646,#4647);
#3839=AXIS2_PLACEMENT_3D('',#5730,#4648,#4649);
#3840=AXIS2_PLACEMENT_3D('',#5733,#4651,#4652);
#3841=AXIS2_PLACEMENT_3D('',#5734,#4653,#4654);
#3842=AXIS2_PLACEMENT_3D('',#5738,#4656,#4657);
#3843=AXIS2_PLACEMENT_3D('',#5739,#4658,#4659);
#3844=AXIS2_PLACEMENT_3D('',#5742,#4661,#4662);
#3845=AXIS2_PLACEMENT_3D('',#5743,#4663,#4664);
#3846=AXIS2_PLACEMENT_3D('',#5747,#4666,#4667);
#3847=AXIS2_PLACEMENT_3D('',#5748,#4668,#4669);
#3848=AXIS2_PLACEMENT_3D('',#5751,#4671,#4672);
#3849=AXIS2_PLACEMENT_3D('',#5752,#4673,#4674);
#3850=AXIS2_PLACEMENT_3D('',#5756,#4676,#4677);
#3851=AXIS2_PLACEMENT_3D('',#5757,#4678,#4679);
#3852=AXIS2_PLACEMENT_3D('',#5760,#4681,#4682);
#3853=AXIS2_PLACEMENT_3D('',#5761,#4683,#4684);
#3854=AXIS2_PLACEMENT_3D('',#5765,#4686,#4687);
#3855=AXIS2_PLACEMENT_3D('',#5766,#4688,#4689);
#3856=AXIS2_PLACEMENT_3D('',#5769,#4691,#4692);
#3857=AXIS2_PLACEMENT_3D('',#5770,#4693,#4694);
#3858=AXIS2_PLACEMENT_3D('',#5774,#4696,#4697);
#3859=AXIS2_PLACEMENT_3D('',#5775,#4698,#4699);
#3860=AXIS2_PLACEMENT_3D('',#5778,#4701,#4702);
#3861=AXIS2_PLACEMENT_3D('',#5779,#4703,#4704);
#3862=AXIS2_PLACEMENT_3D('',#5783,#4706,#4707);
#3863=AXIS2_PLACEMENT_3D('',#5784,#4708,#4709);
#3864=AXIS2_PLACEMENT_3D('',#5787,#4711,#4712);
#3865=AXIS2_PLACEMENT_3D('',#5788,#4713,#4714);
#3866=AXIS2_PLACEMENT_3D('',#5792,#4716,#4717);
#3867=AXIS2_PLACEMENT_3D('',#5793,#4718,#4719);
#3868=AXIS2_PLACEMENT_3D('',#5796,#4721,#4722);
#3869=AXIS2_PLACEMENT_3D('',#5797,#4723,#4724);
#3870=AXIS2_PLACEMENT_3D('',#5801,#4726,#4727);
#3871=AXIS2_PLACEMENT_3D('',#5802,#4728,#4729);
#3872=AXIS2_PLACEMENT_3D('',#5805,#4731,#4732);
#3873=AXIS2_PLACEMENT_3D('',#5806,#4733,#4734);
#3874=AXIS2_PLACEMENT_3D('',#5810,#4736,#4737);
#3875=AXIS2_PLACEMENT_3D('',#5811,#4738,#4739);
#3876=AXIS2_PLACEMENT_3D('',#5814,#4741,#4742);
#3877=AXIS2_PLACEMENT_3D('',#5815,#4743,#4744);
#3878=AXIS2_PLACEMENT_3D('',#5819,#4746,#4747);
#3879=AXIS2_PLACEMENT_3D('',#5820,#4748,#4749);
#3880=AXIS2_PLACEMENT_3D('',#5823,#4751,#4752);
#3881=AXIS2_PLACEMENT_3D('',#5824,#4753,#4754);
#3882=AXIS2_PLACEMENT_3D('',#5828,#4756,#4757);
#3883=AXIS2_PLACEMENT_3D('',#5829,#4758,#4759);
#3884=AXIS2_PLACEMENT_3D('',#5832,#4761,#4762);
#3885=AXIS2_PLACEMENT_3D('',#5833,#4763,#4764);
#3886=AXIS2_PLACEMENT_3D('',#5837,#4766,#4767);
#3887=AXIS2_PLACEMENT_3D('',#5838,#4768,#4769);
#3888=AXIS2_PLACEMENT_3D('',#5841,#4771,#4772);
#3889=AXIS2_PLACEMENT_3D('',#5842,#4773,#4774);
#3890=AXIS2_PLACEMENT_3D('',#5846,#4776,#4777);
#3891=AXIS2_PLACEMENT_3D('',#5847,#4778,#4779);
#3892=AXIS2_PLACEMENT_3D('',#5850,#4781,#4782);
#3893=AXIS2_PLACEMENT_3D('',#5851,#4783,#4784);
#3894=AXIS2_PLACEMENT_3D('',#5855,#4786,#4787);
#3895=AXIS2_PLACEMENT_3D('',#5856,#4788,#4789);
#3896=AXIS2_PLACEMENT_3D('',#5859,#4791,#4792);
#3897=AXIS2_PLACEMENT_3D('',#5860,#4793,#4794);
#3898=AXIS2_PLACEMENT_3D('',#5864,#4796,#4797);
#3899=AXIS2_PLACEMENT_3D('',#5865,#4798,#4799);
#3900=AXIS2_PLACEMENT_3D('',#5868,#4801,#4802);
#3901=AXIS2_PLACEMENT_3D('',#5869,#4803,#4804);
#3902=AXIS2_PLACEMENT_3D('',#5873,#4806,#4807);
#3903=AXIS2_PLACEMENT_3D('',#5874,#4808,#4809);
#3904=AXIS2_PLACEMENT_3D('',#5877,#4811,#4812);
#3905=AXIS2_PLACEMENT_3D('',#5878,#4813,#4814);
#3906=AXIS2_PLACEMENT_3D('',#5882,#4816,#4817);
#3907=AXIS2_PLACEMENT_3D('',#5883,#4818,#4819);
#3908=AXIS2_PLACEMENT_3D('',#5886,#4821,#4822);
#3909=AXIS2_PLACEMENT_3D('',#5887,#4823,#4824);
#3910=AXIS2_PLACEMENT_3D('',#5891,#4826,#4827);
#3911=AXIS2_PLACEMENT_3D('',#5892,#4828,#4829);
#3912=AXIS2_PLACEMENT_3D('',#5895,#4831,#4832);
#3913=AXIS2_PLACEMENT_3D('',#5896,#4833,#4834);
#3914=AXIS2_PLACEMENT_3D('',#5900,#4836,#4837);
#3915=AXIS2_PLACEMENT_3D('',#5901,#4838,#4839);
#3916=AXIS2_PLACEMENT_3D('',#5904,#4841,#4842);
#3917=AXIS2_PLACEMENT_3D('',#5905,#4843,#4844);
#3918=AXIS2_PLACEMENT_3D('',#5909,#4846,#4847);
#3919=AXIS2_PLACEMENT_3D('',#5910,#4848,#4849);
#3920=AXIS2_PLACEMENT_3D('',#5913,#4851,#4852);
#3921=AXIS2_PLACEMENT_3D('',#5914,#4853,#4854);
#3922=AXIS2_PLACEMENT_3D('',#5918,#4856,#4857);
#3923=AXIS2_PLACEMENT_3D('',#5919,#4858,#4859);
#3924=AXIS2_PLACEMENT_3D('',#5922,#4861,#4862);
#3925=AXIS2_PLACEMENT_3D('',#5923,#4863,#4864);
#3926=AXIS2_PLACEMENT_3D('',#5927,#4866,#4867);
#3927=AXIS2_PLACEMENT_3D('',#5928,#4868,#4869);
#3928=AXIS2_PLACEMENT_3D('',#5931,#4871,#4872);
#3929=AXIS2_PLACEMENT_3D('',#5932,#4873,#4874);
#3930=AXIS2_PLACEMENT_3D('',#5936,#4876,#4877);
#3931=AXIS2_PLACEMENT_3D('',#5937,#4878,#4879);
#3932=AXIS2_PLACEMENT_3D('',#5940,#4881,#4882);
#3933=AXIS2_PLACEMENT_3D('',#5941,#4883,#4884);
#3934=AXIS2_PLACEMENT_3D('',#5945,#4886,#4887);
#3935=AXIS2_PLACEMENT_3D('',#5946,#4888,#4889);
#3936=AXIS2_PLACEMENT_3D('',#5949,#4891,#4892);
#3937=AXIS2_PLACEMENT_3D('',#5950,#4893,#4894);
#3938=AXIS2_PLACEMENT_3D('',#5954,#4896,#4897);
#3939=AXIS2_PLACEMENT_3D('',#5955,#4898,#4899);
#3940=AXIS2_PLACEMENT_3D('',#5958,#4901,#4902);
#3941=AXIS2_PLACEMENT_3D('',#5959,#4903,#4904);
#3942=AXIS2_PLACEMENT_3D('',#5963,#4906,#4907);
#3943=AXIS2_PLACEMENT_3D('',#5964,#4908,#4909);
#3944=AXIS2_PLACEMENT_3D('',#5967,#4911,#4912);
#3945=AXIS2_PLACEMENT_3D('',#5968,#4913,#4914);
#3946=AXIS2_PLACEMENT_3D('',#5972,#4916,#4917);
#3947=AXIS2_PLACEMENT_3D('',#5973,#4918,#4919);
#3948=AXIS2_PLACEMENT_3D('',#5976,#4921,#4922);
#3949=AXIS2_PLACEMENT_3D('',#5977,#4923,#4924);
#3950=AXIS2_PLACEMENT_3D('',#5981,#4926,#4927);
#3951=AXIS2_PLACEMENT_3D('',#5982,#4928,#4929);
#3952=AXIS2_PLACEMENT_3D('',#5985,#4931,#4932);
#3953=AXIS2_PLACEMENT_3D('',#5986,#4933,#4934);
#3954=AXIS2_PLACEMENT_3D('',#5990,#4936,#4937);
#3955=AXIS2_PLACEMENT_3D('',#5991,#4938,#4939);
#3956=AXIS2_PLACEMENT_3D('',#5994,#4941,#4942);
#3957=AXIS2_PLACEMENT_3D('',#5995,#4943,#4944);
#3958=AXIS2_PLACEMENT_3D('',#5999,#4946,#4947);
#3959=AXIS2_PLACEMENT_3D('',#6000,#4948,#4949);
#3960=AXIS2_PLACEMENT_3D('',#6003,#4951,#4952);
#3961=AXIS2_PLACEMENT_3D('',#6004,#4953,#4954);
#3962=AXIS2_PLACEMENT_3D('',#6008,#4956,#4957);
#3963=AXIS2_PLACEMENT_3D('',#6009,#4958,#4959);
#3964=AXIS2_PLACEMENT_3D('',#6012,#4961,#4962);
#3965=AXIS2_PLACEMENT_3D('',#6013,#4963,#4964);
#3966=AXIS2_PLACEMENT_3D('',#6017,#4966,#4967);
#3967=AXIS2_PLACEMENT_3D('',#6018,#4968,#4969);
#3968=AXIS2_PLACEMENT_3D('',#6021,#4971,#4972);
#3969=AXIS2_PLACEMENT_3D('',#6022,#4973,#4974);
#3970=AXIS2_PLACEMENT_3D('',#6026,#4976,#4977);
#3971=AXIS2_PLACEMENT_3D('',#6027,#4978,#4979);
#3972=AXIS2_PLACEMENT_3D('',#6030,#4981,#4982);
#3973=AXIS2_PLACEMENT_3D('',#6031,#4983,#4984);
#3974=AXIS2_PLACEMENT_3D('',#6035,#4986,#4987);
#3975=AXIS2_PLACEMENT_3D('',#6036,#4988,#4989);
#3976=AXIS2_PLACEMENT_3D('',#6039,#4991,#4992);
#3977=AXIS2_PLACEMENT_3D('',#6040,#4993,#4994);
#3978=AXIS2_PLACEMENT_3D('',#6044,#4996,#4997);
#3979=AXIS2_PLACEMENT_3D('',#6045,#4998,#4999);
#3980=AXIS2_PLACEMENT_3D('',#6048,#5001,#5002);
#3981=AXIS2_PLACEMENT_3D('',#6049,#5003,#5004);
#3982=AXIS2_PLACEMENT_3D('',#6053,#5006,#5007);
#3983=AXIS2_PLACEMENT_3D('',#6054,#5008,#5009);
#3984=AXIS2_PLACEMENT_3D('',#6057,#5011,#5012);
#3985=AXIS2_PLACEMENT_3D('',#6058,#5013,#5014);
#3986=AXIS2_PLACEMENT_3D('',#6062,#5016,#5017);
#3987=AXIS2_PLACEMENT_3D('',#6063,#5018,#5019);
#3988=AXIS2_PLACEMENT_3D('',#6066,#5021,#5022);
#3989=AXIS2_PLACEMENT_3D('',#6067,#5023,#5024);
#3990=AXIS2_PLACEMENT_3D('',#6071,#5026,#5027);
#3991=AXIS2_PLACEMENT_3D('',#6072,#5028,#5029);
#3992=AXIS2_PLACEMENT_3D('',#6075,#5031,#5032);
#3993=AXIS2_PLACEMENT_3D('',#6076,#5033,#5034);
#3994=AXIS2_PLACEMENT_3D('',#6080,#5036,#5037);
#3995=AXIS2_PLACEMENT_3D('',#6081,#5038,#5039);
#3996=AXIS2_PLACEMENT_3D('',#6084,#5041,#5042);
#3997=AXIS2_PLACEMENT_3D('',#6085,#5043,#5044);
#3998=AXIS2_PLACEMENT_3D('',#6089,#5046,#5047);
#3999=AXIS2_PLACEMENT_3D('',#6090,#5048,#5049);
#4000=AXIS2_PLACEMENT_3D('',#6093,#5051,#5052);
#4001=AXIS2_PLACEMENT_3D('',#6094,#5053,#5054);
#4002=AXIS2_PLACEMENT_3D('',#6098,#5056,#5057);
#4003=AXIS2_PLACEMENT_3D('',#6099,#5058,#5059);
#4004=AXIS2_PLACEMENT_3D('',#6102,#5061,#5062);
#4005=AXIS2_PLACEMENT_3D('',#6103,#5063,#5064);
#4006=AXIS2_PLACEMENT_3D('',#6107,#5066,#5067);
#4007=AXIS2_PLACEMENT_3D('',#6108,#5068,#5069);
#4008=AXIS2_PLACEMENT_3D('',#6111,#5071,#5072);
#4009=AXIS2_PLACEMENT_3D('',#6112,#5073,#5074);
#4010=AXIS2_PLACEMENT_3D('',#6116,#5076,#5077);
#4011=AXIS2_PLACEMENT_3D('',#6117,#5078,#5079);
#4012=AXIS2_PLACEMENT_3D('',#6120,#5081,#5082);
#4013=AXIS2_PLACEMENT_3D('',#6121,#5083,#5084);
#4014=AXIS2_PLACEMENT_3D('',#6125,#5086,#5087);
#4015=AXIS2_PLACEMENT_3D('',#6126,#5088,#5089);
#4016=AXIS2_PLACEMENT_3D('',#6129,#5091,#5092);
#4017=AXIS2_PLACEMENT_3D('',#6130,#5093,#5094);
#4018=AXIS2_PLACEMENT_3D('',#6139,#5099,#5100);
#4019=AXIS2_PLACEMENT_3D('',#6141,#5101,#5102);
#4020=AXIS2_PLACEMENT_3D('',#6144,#5104,#5105);
#4021=AXIS2_PLACEMENT_3D('',#6145,#5106,#5107);
#4022=AXIS2_PLACEMENT_3D('',#6151,#5111,#5112);
#4023=AXIS2_PLACEMENT_3D('',#6160,#5117,#5118);
#4024=AXIS2_PLACEMENT_3D('',#6161,#5119,#5120);
#4025=AXIS2_PLACEMENT_3D('',#6162,#5121,#5122);
#4026=AXIS2_PLACEMENT_3D('',#6163,#5123,#5124);
#4027=AXIS2_PLACEMENT_3D('',#6167,#5126,#5127);
#4028=AXIS2_PLACEMENT_3D('',#6171,#5129,#5130);
#4029=AXIS2_PLACEMENT_3D('',#6175,#5132,#5133);
#4030=AXIS2_PLACEMENT_3D('',#6179,#5135,#5136);
#4031=AXIS2_PLACEMENT_3D('',#6181,#5138,#5139);
#4032=AXIS2_PLACEMENT_3D('',#6185,#5142,#5143);
#4033=AXIS2_PLACEMENT_3D('',#6191,#5147,#5148);
#4034=AXIS2_PLACEMENT_3D('',#6193,#5149,#5150);
#4035=AXIS2_PLACEMENT_3D('',#6195,#5152,#5153);
#4036=AXIS2_PLACEMENT_3D('',#6199,#5156,#5157);
#4037=AXIS2_PLACEMENT_3D('',#6200,#5158,#5159);
#4038=AXIS2_PLACEMENT_3D('',#6201,#5160,#5161);
#4039=AXIS2_PLACEMENT_3D('',#6205,#5164,#5165);
#4040=AXIS2_PLACEMENT_3D('',#6207,#5166,#5167);
#4041=AXIS2_PLACEMENT_3D('',#6209,#5169,#5170);
#4042=AXIS2_PLACEMENT_3D('',#6213,#5173,#5174);
#4043=AXIS2_PLACEMENT_3D('',#6214,#5175,#5176);
#4044=AXIS2_PLACEMENT_3D('',#6215,#5177,#5178);
#4045=DIRECTION('axis',(0.,0.,1.));
#4046=DIRECTION('refdir',(1.,0.,0.));
#4047=DIRECTION('center_axis',(0.,-1.,0.));
#4048=DIRECTION('ref_axis',(1.,0.,0.));
#4049=DIRECTION('center_axis',(0.,-1.,0.));
#4050=DIRECTION('ref_axis',(1.,0.,0.));
#4051=DIRECTION('',(0.857167300702112,0.515038074910054,1.04972719113862E-16));
#4052=DIRECTION('center_axis',(0.,-1.,0.));
#4053=DIRECTION('ref_axis',(1.,0.,0.));
#4054=DIRECTION('center_axis',(0.,1.,0.));
#4055=DIRECTION('ref_axis',(1.,0.,0.));
#4056=DIRECTION('',(0.,1.,0.));
#4057=DIRECTION('center_axis',(0.,-1.,0.));
#4058=DIRECTION('ref_axis',(1.,0.,0.));
#4059=DIRECTION('center_axis',(0.,-1.,0.));
#4060=DIRECTION('ref_axis',(1.,0.,0.));
#4061=DIRECTION('',(0.857167300702112,0.515038074910054,1.04972719113862E-16));
#4062=DIRECTION('center_axis',(0.,-1.,0.));
#4063=DIRECTION('ref_axis',(1.,0.,0.));
#4064=DIRECTION('center_axis',(0.,1.,0.));
#4065=DIRECTION('ref_axis',(1.,0.,0.));
#4066=DIRECTION('',(0.,1.,0.));
#4067=DIRECTION('center_axis',(0.,-1.,0.));
#4068=DIRECTION('ref_axis',(1.,0.,0.));
#4069=DIRECTION('center_axis',(0.,-1.,0.));
#4070=DIRECTION('ref_axis',(1.,0.,0.));
#4071=DIRECTION('',(0.857167300702112,0.515038074910054,1.04972719113862E-16));
#4072=DIRECTION('center_axis',(0.,-1.,0.));
#4073=DIRECTION('ref_axis',(1.,0.,0.));
#4074=DIRECTION('center_axis',(0.,1.,0.));
#4075=DIRECTION('ref_axis',(1.,0.,0.));
#4076=DIRECTION('',(0.,1.,0.));
#4077=DIRECTION('center_axis',(0.,-1.,0.));
#4078=DIRECTION('ref_axis',(1.,0.,0.));
#4079=DIRECTION('center_axis',(0.,-1.,0.));
#4080=DIRECTION('ref_axis',(1.,0.,0.));
#4081=DIRECTION('',(0.857167300702112,0.515038074910054,1.04972719113862E-16));
#4082=DIRECTION('center_axis',(0.,-1.,0.));
#4083=DIRECTION('ref_axis',(1.,0.,0.));
#4084=DIRECTION('center_axis',(0.,1.,0.));
#4085=DIRECTION('ref_axis',(1.,0.,0.));
#4086=DIRECTION('',(0.,1.,0.));
#4087=DIRECTION('center_axis',(0.,-1.,0.));
#4088=DIRECTION('ref_axis',(1.,0.,0.));
#4089=DIRECTION('center_axis',(0.,-1.,0.));
#4090=DIRECTION('ref_axis',(1.,0.,0.));
#4091=DIRECTION('',(0.857167300702112,0.515038074910054,1.04972719113862E-16));
#4092=DIRECTION('center_axis',(0.,-1.,0.));
#4093=DIRECTION('ref_axis',(1.,0.,0.));
#4094=DIRECTION('center_axis',(0.,1.,0.));
#4095=DIRECTION('ref_axis',(1.,0.,0.));
#4096=DIRECTION('',(0.,1.,0.));
#4097=DIRECTION('center_axis',(0.,-1.,0.));
#4098=DIRECTION('ref_axis',(1.,0.,0.));
#4099=DIRECTION('center_axis',(0.,-1.,0.));
#4100=DIRECTION('ref_axis',(1.,0.,0.));
#4101=DIRECTION('',(0.857167300702112,0.515038074910054,1.04972719113862E-16));
#4102=DIRECTION('center_axis',(0.,-1.,0.));
#4103=DIRECTION('ref_axis',(1.,0.,0.));
#4104=DIRECTION('center_axis',(0.,1.,0.));
#4105=DIRECTION('ref_axis',(1.,0.,0.));
#4106=DIRECTION('',(0.,1.,0.));
#4107=DIRECTION('center_axis',(0.,-1.,0.));
#4108=DIRECTION('ref_axis',(1.,0.,0.));
#4109=DIRECTION('center_axis',(0.,-1.,0.));
#4110=DIRECTION('ref_axis',(1.,0.,0.));
#4111=DIRECTION('',(0.857167300702112,0.515038074910054,1.04972719113862E-16));
#4112=DIRECTION('center_axis',(0.,-1.,0.));
#4113=DIRECTION('ref_axis',(1.,0.,0.));
#4114=DIRECTION('center_axis',(0.,1.,0.));
#4115=DIRECTION('ref_axis',(1.,0.,0.));
#4116=DIRECTION('',(0.,1.,0.));
#4117=DIRECTION('center_axis',(0.,-1.,0.));
#4118=DIRECTION('ref_axis',(1.,0.,0.));
#4119=DIRECTION('center_axis',(0.,-1.,0.));
#4120=DIRECTION('ref_axis',(1.,0.,0.));
#4121=DIRECTION('',(0.857167300702112,0.515038074910054,1.04972719113862E-16));
#4122=DIRECTION('center_axis',(0.,-1.,0.));
#4123=DIRECTION('ref_axis',(1.,0.,0.));
#4124=DIRECTION('center_axis',(0.,1.,0.));
#4125=DIRECTION('ref_axis',(1.,0.,0.));
#4126=DIRECTION('',(0.,1.,0.));
#4127=DIRECTION('center_axis',(0.,-1.,0.));
#4128=DIRECTION('ref_axis',(1.,0.,0.));
#4129=DIRECTION('center_axis',(0.,-1.,0.));
#4130=DIRECTION('ref_axis',(1.,0.,0.));
#4131=DIRECTION('',(0.857167300702112,0.515038074910054,1.04972719113862E-16));
#4132=DIRECTION('center_axis',(0.,-1.,0.));
#4133=DIRECTION('ref_axis',(1.,0.,0.));
#4134=DIRECTION('center_axis',(0.,1.,0.));
#4135=DIRECTION('ref_axis',(1.,0.,0.));
#4136=DIRECTION('',(0.,1.,0.));
#4137=DIRECTION('center_axis',(0.,-1.,0.));
#4138=DIRECTION('ref_axis',(1.,0.,0.));
#4139=DIRECTION('center_axis',(0.,-1.,0.));
#4140=DIRECTION('ref_axis',(1.,0.,0.));
#4141=DIRECTION('',(0.857167300702112,0.515038074910054,1.04972719113862E-16));
#4142=DIRECTION('center_axis',(0.,-1.,0.));
#4143=DIRECTION('ref_axis',(1.,0.,0.));
#4144=DIRECTION('center_axis',(0.,1.,0.));
#4145=DIRECTION('ref_axis',(1.,0.,0.));
#4146=DIRECTION('',(0.,1.,0.));
#4147=DIRECTION('center_axis',(0.,-1.,0.));
#4148=DIRECTION('ref_axis',(1.,0.,0.));
#4149=DIRECTION('center_axis',(0.,-1.,0.));
#4150=DIRECTION('ref_axis',(1.,0.,0.));
#4151=DIRECTION('',(0.857167300702112,0.515038074910054,1.04972719113862E-16));
#4152=DIRECTION('center_axis',(0.,-1.,0.));
#4153=DIRECTION('ref_axis',(1.,0.,0.));
#4154=DIRECTION('center_axis',(0.,1.,0.));
#4155=DIRECTION('ref_axis',(1.,0.,0.));
#4156=DIRECTION('',(0.,1.,0.));
#4157=DIRECTION('center_axis',(0.,-1.,0.));
#4158=DIRECTION('ref_axis',(1.,0.,0.));
#4159=DIRECTION('center_axis',(0.,-1.,0.));
#4160=DIRECTION('ref_axis',(1.,0.,0.));
#4161=DIRECTION('',(0.857167300702112,0.515038074910054,1.04972719113862E-16));
#4162=DIRECTION('center_axis',(0.,-1.,0.));
#4163=DIRECTION('ref_axis',(1.,0.,0.));
#4164=DIRECTION('center_axis',(0.,1.,0.));
#4165=DIRECTION('ref_axis',(1.,0.,0.));
#4166=DIRECTION('',(0.,1.,0.));
#4167=DIRECTION('center_axis',(0.,-1.,0.));
#4168=DIRECTION('ref_axis',(1.,0.,0.));
#4169=DIRECTION('center_axis',(0.,-1.,0.));
#4170=DIRECTION('ref_axis',(1.,0.,0.));
#4171=DIRECTION('',(0.857167300702112,0.515038074910054,1.04972719113862E-16));
#4172=DIRECTION('center_axis',(0.,-1.,0.));
#4173=DIRECTION('ref_axis',(1.,0.,0.));
#4174=DIRECTION('center_axis',(0.,1.,0.));
#4175=DIRECTION('ref_axis',(1.,0.,0.));
#4176=DIRECTION('',(0.,1.,0.));
#4177=DIRECTION('center_axis',(0.,-1.,0.));
#4178=DIRECTION('ref_axis',(1.,0.,0.));
#4179=DIRECTION('center_axis',(0.,-1.,0.));
#4180=DIRECTION('ref_axis',(1.,0.,0.));
#4181=DIRECTION('',(0.857167300702112,0.515038074910054,1.04972719113862E-16));
#4182=DIRECTION('center_axis',(0.,-1.,0.));
#4183=DIRECTION('ref_axis',(1.,0.,0.));
#4184=DIRECTION('center_axis',(0.,1.,0.));
#4185=DIRECTION('ref_axis',(1.,0.,0.));
#4186=DIRECTION('',(0.,1.,0.));
#4187=DIRECTION('center_axis',(0.,-1.,0.));
#4188=DIRECTION('ref_axis',(1.,0.,0.));
#4189=DIRECTION('center_axis',(0.,-1.,0.));
#4190=DIRECTION('ref_axis',(1.,0.,0.));
#4191=DIRECTION('',(0.857167300702112,0.515038074910054,1.04972719113862E-16));
#4192=DIRECTION('center_axis',(0.,-1.,0.));
#4193=DIRECTION('ref_axis',(1.,0.,0.));
#4194=DIRECTION('center_axis',(0.,1.,0.));
#4195=DIRECTION('ref_axis',(1.,0.,0.));
#4196=DIRECTION('',(0.,1.,0.));
#4197=DIRECTION('center_axis',(0.,-1.,0.));
#4198=DIRECTION('ref_axis',(1.,0.,0.));
#4199=DIRECTION('center_axis',(0.,-1.,0.));
#4200=DIRECTION('ref_axis',(1.,0.,0.));
#4201=DIRECTION('',(0.857167300702112,0.515038074910054,1.04972719113862E-16));
#4202=DIRECTION('center_axis',(0.,-1.,0.));
#4203=DIRECTION('ref_axis',(1.,0.,0.));
#4204=DIRECTION('center_axis',(0.,1.,0.));
#4205=DIRECTION('ref_axis',(1.,0.,0.));
#4206=DIRECTION('',(0.,1.,0.));
#4207=DIRECTION('center_axis',(0.,-1.,0.));
#4208=DIRECTION('ref_axis',(1.,0.,0.));
#4209=DIRECTION('center_axis',(0.,-1.,0.));
#4210=DIRECTION('ref_axis',(1.,0.,0.));
#4211=DIRECTION('',(0.857167300702112,0.515038074910054,1.04972719113862E-16));
#4212=DIRECTION('center_axis',(0.,-1.,0.));
#4213=DIRECTION('ref_axis',(1.,0.,0.));
#4214=DIRECTION('center_axis',(0.,1.,0.));
#4215=DIRECTION('ref_axis',(1.,0.,0.));
#4216=DIRECTION('',(0.,1.,0.));
#4217=DIRECTION('center_axis',(0.,-1.,0.));
#4218=DIRECTION('ref_axis',(1.,0.,0.));
#4219=DIRECTION('center_axis',(0.,-1.,0.));
#4220=DIRECTION('ref_axis',(1.,0.,0.));
#4221=DIRECTION('',(0.857167300702112,0.515038074910054,1.04972719113862E-16));
#4222=DIRECTION('center_axis',(0.,-1.,0.));
#4223=DIRECTION('ref_axis',(1.,0.,0.));
#4224=DIRECTION('center_axis',(0.,1.,0.));
#4225=DIRECTION('ref_axis',(1.,0.,0.));
#4226=DIRECTION('',(0.,1.,0.));
#4227=DIRECTION('center_axis',(0.,-1.,0.));
#4228=DIRECTION('ref_axis',(1.,0.,0.));
#4229=DIRECTION('center_axis',(0.,-1.,0.));
#4230=DIRECTION('ref_axis',(1.,0.,0.));
#4231=DIRECTION('',(0.857167300702112,0.515038074910054,1.04972719113862E-16));
#4232=DIRECTION('center_axis',(0.,-1.,0.));
#4233=DIRECTION('ref_axis',(1.,0.,0.));
#4234=DIRECTION('center_axis',(0.,1.,0.));
#4235=DIRECTION('ref_axis',(1.,0.,0.));
#4236=DIRECTION('',(0.,1.,0.));
#4237=DIRECTION('center_axis',(0.,-1.,0.));
#4238=DIRECTION('ref_axis',(1.,0.,0.));
#4239=DIRECTION('center_axis',(0.,-1.,0.));
#4240=DIRECTION('ref_axis',(1.,0.,0.));
#4241=DIRECTION('',(0.857167300702112,0.515038074910054,1.04972719113862E-16));
#4242=DIRECTION('center_axis',(0.,-1.,0.));
#4243=DIRECTION('ref_axis',(1.,0.,0.));
#4244=DIRECTION('center_axis',(0.,1.,0.));
#4245=DIRECTION('ref_axis',(1.,0.,0.));
#4246=DIRECTION('',(0.,1.,0.));
#4247=DIRECTION('center_axis',(0.,-1.,0.));
#4248=DIRECTION('ref_axis',(1.,0.,0.));
#4249=DIRECTION('center_axis',(0.,-1.,0.));
#4250=DIRECTION('ref_axis',(1.,0.,0.));
#4251=DIRECTION('',(0.857167300702112,0.515038074910054,1.04972719113862E-16));
#4252=DIRECTION('center_axis',(0.,-1.,0.));
#4253=DIRECTION('ref_axis',(1.,0.,0.));
#4254=DIRECTION('center_axis',(0.,1.,0.));
#4255=DIRECTION('ref_axis',(1.,0.,0.));
#4256=DIRECTION('',(0.,1.,0.));
#4257=DIRECTION('center_axis',(0.,-1.,0.));
#4258=DIRECTION('ref_axis',(1.,0.,0.));
#4259=DIRECTION('center_axis',(0.,-1.,0.));
#4260=DIRECTION('ref_axis',(1.,0.,0.));
#4261=DIRECTION('',(0.857167300702112,0.515038074910054,1.04972719113862E-16));
#4262=DIRECTION('center_axis',(0.,-1.,0.));
#4263=DIRECTION('ref_axis',(1.,0.,0.));
#4264=DIRECTION('center_axis',(0.,1.,0.));
#4265=DIRECTION('ref_axis',(1.,0.,0.));
#4266=DIRECTION('',(0.,1.,0.));
#4267=DIRECTION('center_axis',(0.,-1.,0.));
#4268=DIRECTION('ref_axis',(1.,0.,0.));
#4269=DIRECTION('center_axis',(0.,-1.,0.));
#4270=DIRECTION('ref_axis',(1.,0.,0.));
#4271=DIRECTION('',(0.857167300702112,0.515038074910054,1.04972719113862E-16));
#4272=DIRECTION('center_axis',(0.,-1.,0.));
#4273=DIRECTION('ref_axis',(1.,0.,0.));
#4274=DIRECTION('center_axis',(0.,1.,0.));
#4275=DIRECTION('ref_axis',(1.,0.,0.));
#4276=DIRECTION('',(0.,1.,0.));
#4277=DIRECTION('center_axis',(0.,-1.,0.));
#4278=DIRECTION('ref_axis',(1.,0.,0.));
#4279=DIRECTION('center_axis',(0.,-1.,0.));
#4280=DIRECTION('ref_axis',(1.,0.,0.));
#4281=DIRECTION('',(0.857167300702112,0.515038074910054,1.04972719113862E-16));
#4282=DIRECTION('center_axis',(0.,-1.,0.));
#4283=DIRECTION('ref_axis',(1.,0.,0.));
#4284=DIRECTION('center_axis',(0.,1.,0.));
#4285=DIRECTION('ref_axis',(1.,0.,0.));
#4286=DIRECTION('',(0.,1.,0.));
#4287=DIRECTION('center_axis',(0.,-1.,0.));
#4288=DIRECTION('ref_axis',(1.,0.,0.));
#4289=DIRECTION('center_axis',(0.,-1.,0.));
#4290=DIRECTION('ref_axis',(1.,0.,0.));
#4291=DIRECTION('',(0.857167300702112,0.515038074910054,1.04972719113862E-16));
#4292=DIRECTION('center_axis',(0.,-1.,0.));
#4293=DIRECTION('ref_axis',(1.,0.,0.));
#4294=DIRECTION('center_axis',(0.,1.,0.));
#4295=DIRECTION('ref_axis',(1.,0.,0.));
#4296=DIRECTION('',(0.,1.,0.));
#4297=DIRECTION('center_axis',(0.,-1.,0.));
#4298=DIRECTION('ref_axis',(1.,0.,0.));
#4299=DIRECTION('center_axis',(0.,-1.,0.));
#4300=DIRECTION('ref_axis',(1.,0.,0.));
#4301=DIRECTION('',(0.857167300702112,0.515038074910054,1.04972719113862E-16));
#4302=DIRECTION('center_axis',(0.,-1.,0.));
#4303=DIRECTION('ref_axis',(1.,0.,0.));
#4304=DIRECTION('center_axis',(0.,1.,0.));
#4305=DIRECTION('ref_axis',(1.,0.,0.));
#4306=DIRECTION('',(0.,1.,0.));
#4307=DIRECTION('center_axis',(0.,-1.,0.));
#4308=DIRECTION('ref_axis',(1.,0.,0.));
#4309=DIRECTION('center_axis',(0.,-1.,0.));
#4310=DIRECTION('ref_axis',(1.,0.,0.));
#4311=DIRECTION('',(0.857167300702112,0.515038074910054,1.04972719113862E-16));
#4312=DIRECTION('center_axis',(0.,-1.,0.));
#4313=DIRECTION('ref_axis',(1.,0.,0.));
#4314=DIRECTION('center_axis',(0.,1.,0.));
#4315=DIRECTION('ref_axis',(1.,0.,0.));
#4316=DIRECTION('',(0.,1.,0.));
#4317=DIRECTION('center_axis',(0.,-1.,0.));
#4318=DIRECTION('ref_axis',(1.,0.,0.));
#4319=DIRECTION('center_axis',(0.,-1.,0.));
#4320=DIRECTION('ref_axis',(1.,0.,0.));
#4321=DIRECTION('',(0.857167300702112,0.515038074910054,1.04972719113862E-16));
#4322=DIRECTION('center_axis',(0.,-1.,0.));
#4323=DIRECTION('ref_axis',(1.,0.,0.));
#4324=DIRECTION('center_axis',(0.,1.,0.));
#4325=DIRECTION('ref_axis',(1.,0.,0.));
#4326=DIRECTION('',(0.,1.,0.));
#4327=DIRECTION('center_axis',(0.,-1.,0.));
#4328=DIRECTION('ref_axis',(1.,0.,0.));
#4329=DIRECTION('center_axis',(0.,-1.,0.));
#4330=DIRECTION('ref_axis',(1.,0.,0.));
#4331=DIRECTION('',(0.857167300702112,0.515038074910054,1.04972719113862E-16));
#4332=DIRECTION('center_axis',(0.,-1.,0.));
#4333=DIRECTION('ref_axis',(1.,0.,0.));
#4334=DIRECTION('center_axis',(0.,1.,0.));
#4335=DIRECTION('ref_axis',(1.,0.,0.));
#4336=DIRECTION('',(0.,1.,0.));
#4337=DIRECTION('center_axis',(0.,-1.,0.));
#4338=DIRECTION('ref_axis',(1.,0.,0.));
#4339=DIRECTION('center_axis',(0.,-1.,0.));
#4340=DIRECTION('ref_axis',(1.,0.,0.));
#4341=DIRECTION('',(0.857167300702112,0.515038074910054,1.04972719113862E-16));
#4342=DIRECTION('center_axis',(0.,-1.,0.));
#4343=DIRECTION('ref_axis',(1.,0.,0.));
#4344=DIRECTION('center_axis',(0.,1.,0.));
#4345=DIRECTION('ref_axis',(1.,0.,0.));
#4346=DIRECTION('',(0.,1.,0.));
#4347=DIRECTION('center_axis',(0.,-1.,0.));
#4348=DIRECTION('ref_axis',(1.,0.,0.));
#4349=DIRECTION('center_axis',(0.,-1.,0.));
#4350=DIRECTION('ref_axis',(1.,0.,0.));
#4351=DIRECTION('',(0.857167300702112,0.515038074910054,1.04972719113862E-16));
#4352=DIRECTION('center_axis',(0.,-1.,0.));
#4353=DIRECTION('ref_axis',(1.,0.,0.));
#4354=DIRECTION('center_axis',(0.,1.,0.));
#4355=DIRECTION('ref_axis',(1.,0.,0.));
#4356=DIRECTION('',(0.,1.,0.));
#4357=DIRECTION('center_axis',(0.,-1.,0.));
#4358=DIRECTION('ref_axis',(1.,0.,0.));
#4359=DIRECTION('center_axis',(0.,-1.,0.));
#4360=DIRECTION('ref_axis',(1.,0.,0.));
#4361=DIRECTION('',(0.857167300702112,0.515038074910054,1.04972719113862E-16));
#4362=DIRECTION('center_axis',(0.,-1.,0.));
#4363=DIRECTION('ref_axis',(1.,0.,0.));
#4364=DIRECTION('center_axis',(0.,1.,0.));
#4365=DIRECTION('ref_axis',(1.,0.,0.));
#4366=DIRECTION('',(0.,1.,0.));
#4367=DIRECTION('center_axis',(0.,-1.,0.));
#4368=DIRECTION('ref_axis',(1.,0.,0.));
#4369=DIRECTION('center_axis',(0.,-1.,0.));
#4370=DIRECTION('ref_axis',(1.,0.,0.));
#4371=DIRECTION('',(0.857167300702112,0.515038074910054,1.04972719113862E-16));
#4372=DIRECTION('center_axis',(0.,-1.,0.));
#4373=DIRECTION('ref_axis',(1.,0.,0.));
#4374=DIRECTION('center_axis',(0.,1.,0.));
#4375=DIRECTION('ref_axis',(1.,0.,0.));
#4376=DIRECTION('',(0.,1.,0.));
#4377=DIRECTION('center_axis',(0.,-1.,0.));
#4378=DIRECTION('ref_axis',(1.,0.,0.));
#4379=DIRECTION('center_axis',(0.,-1.,0.));
#4380=DIRECTION('ref_axis',(1.,0.,0.));
#4381=DIRECTION('',(0.857167300702112,0.515038074910054,1.04972719113862E-16));
#4382=DIRECTION('center_axis',(0.,-1.,0.));
#4383=DIRECTION('ref_axis',(1.,0.,0.));
#4384=DIRECTION('center_axis',(0.,1.,0.));
#4385=DIRECTION('ref_axis',(1.,0.,0.));
#4386=DIRECTION('',(0.,1.,0.));
#4387=DIRECTION('center_axis',(0.,-1.,0.));
#4388=DIRECTION('ref_axis',(1.,0.,0.));
#4389=DIRECTION('center_axis',(0.,-1.,0.));
#4390=DIRECTION('ref_axis',(1.,0.,0.));
#4391=DIRECTION('',(0.857167300702112,0.515038074910054,1.04972719113862E-16));
#4392=DIRECTION('center_axis',(0.,-1.,0.));
#4393=DIRECTION('ref_axis',(1.,0.,0.));
#4394=DIRECTION('center_axis',(0.,1.,0.));
#4395=DIRECTION('ref_axis',(1.,0.,0.));
#4396=DIRECTION('',(0.,1.,0.));
#4397=DIRECTION('center_axis',(0.,-1.,0.));
#4398=DIRECTION('ref_axis',(1.,0.,0.));
#4399=DIRECTION('center_axis',(0.,-1.,0.));
#4400=DIRECTION('ref_axis',(1.,0.,0.));
#4401=DIRECTION('',(0.857167300702112,0.515038074910054,1.04972719113862E-16));
#4402=DIRECTION('center_axis',(0.,-1.,0.));
#4403=DIRECTION('ref_axis',(1.,0.,0.));
#4404=DIRECTION('center_axis',(0.,1.,0.));
#4405=DIRECTION('ref_axis',(1.,0.,0.));
#4406=DIRECTION('',(0.,1.,0.));
#4407=DIRECTION('center_axis',(0.,-1.,0.));
#4408=DIRECTION('ref_axis',(1.,0.,0.));
#4409=DIRECTION('center_axis',(0.,-1.,0.));
#4410=DIRECTION('ref_axis',(1.,0.,0.));
#4411=DIRECTION('',(0.857167300702112,0.515038074910054,1.04972719113862E-16));
#4412=DIRECTION('center_axis',(0.,-1.,0.));
#4413=DIRECTION('ref_axis',(1.,0.,0.));
#4414=DIRECTION('center_axis',(0.,1.,0.));
#4415=DIRECTION('ref_axis',(1.,0.,0.));
#4416=DIRECTION('',(0.,1.,0.));
#4417=DIRECTION('center_axis',(0.,-1.,0.));
#4418=DIRECTION('ref_axis',(1.,0.,0.));
#4419=DIRECTION('center_axis',(0.,-1.,0.));
#4420=DIRECTION('ref_axis',(1.,0.,0.));
#4421=DIRECTION('',(0.857167300702112,0.515038074910054,1.04972719113862E-16));
#4422=DIRECTION('center_axis',(0.,-1.,0.));
#4423=DIRECTION('ref_axis',(1.,0.,0.));
#4424=DIRECTION('center_axis',(0.,1.,0.));
#4425=DIRECTION('ref_axis',(1.,0.,0.));
#4426=DIRECTION('',(0.,1.,0.));
#4427=DIRECTION('center_axis',(0.,-1.,0.));
#4428=DIRECTION('ref_axis',(1.,0.,0.));
#4429=DIRECTION('center_axis',(0.,-1.,0.));
#4430=DIRECTION('ref_axis',(1.,0.,0.));
#4431=DIRECTION('',(0.857167300702112,0.515038074910054,1.04972719113862E-16));
#4432=DIRECTION('center_axis',(0.,-1.,0.));
#4433=DIRECTION('ref_axis',(1.,0.,0.));
#4434=DIRECTION('center_axis',(0.,1.,0.));
#4435=DIRECTION('ref_axis',(1.,0.,0.));
#4436=DIRECTION('',(0.,1.,0.));
#4437=DIRECTION('center_axis',(0.,-1.,0.));
#4438=DIRECTION('ref_axis',(1.,0.,0.));
#4439=DIRECTION('center_axis',(0.,-1.,0.));
#4440=DIRECTION('ref_axis',(1.,0.,0.));
#4441=DIRECTION('',(0.857167300702112,0.515038074910054,1.04972719113862E-16));
#4442=DIRECTION('center_axis',(0.,-1.,0.));
#4443=DIRECTION('ref_axis',(1.,0.,0.));
#4444=DIRECTION('center_axis',(0.,1.,0.));
#4445=DIRECTION('ref_axis',(1.,0.,0.));
#4446=DIRECTION('',(0.,1.,0.));
#4447=DIRECTION('center_axis',(0.,-1.,0.));
#4448=DIRECTION('ref_axis',(1.,0.,0.));
#4449=DIRECTION('center_axis',(0.,-1.,0.));
#4450=DIRECTION('ref_axis',(1.,0.,0.));
#4451=DIRECTION('',(0.857167300702112,0.515038074910054,1.04972719113862E-16));
#4452=DIRECTION('center_axis',(0.,-1.,0.));
#4453=DIRECTION('ref_axis',(1.,0.,0.));
#4454=DIRECTION('center_axis',(0.,1.,0.));
#4455=DIRECTION('ref_axis',(1.,0.,0.));
#4456=DIRECTION('',(0.,1.,0.));
#4457=DIRECTION('center_axis',(0.,-1.,0.));
#4458=DIRECTION('ref_axis',(1.,0.,0.));
#4459=DIRECTION('center_axis',(0.,-1.,0.));
#4460=DIRECTION('ref_axis',(1.,0.,0.));
#4461=DIRECTION('',(0.857167300702112,0.515038074910054,1.04972719113862E-16));
#4462=DIRECTION('center_axis',(0.,-1.,0.));
#4463=DIRECTION('ref_axis',(1.,0.,0.));
#4464=DIRECTION('center_axis',(0.,1.,0.));
#4465=DIRECTION('ref_axis',(1.,0.,0.));
#4466=DIRECTION('',(0.,1.,0.));
#4467=DIRECTION('center_axis',(0.,-1.,0.));
#4468=DIRECTION('ref_axis',(1.,0.,0.));
#4469=DIRECTION('center_axis',(0.,-1.,0.));
#4470=DIRECTION('ref_axis',(1.,0.,0.));
#4471=DIRECTION('',(0.857167300702112,0.515038074910054,1.04972719113862E-16));
#4472=DIRECTION('center_axis',(0.,-1.,0.));
#4473=DIRECTION('ref_axis',(1.,0.,0.));
#4474=DIRECTION('center_axis',(0.,1.,0.));
#4475=DIRECTION('ref_axis',(1.,0.,0.));
#4476=DIRECTION('',(0.,1.,0.));
#4477=DIRECTION('center_axis',(0.,-1.,0.));
#4478=DIRECTION('ref_axis',(1.,0.,0.));
#4479=DIRECTION('center_axis',(0.,-1.,0.));
#4480=DIRECTION('ref_axis',(1.,0.,0.));
#4481=DIRECTION('',(0.857167300702112,0.515038074910054,1.04972719113862E-16));
#4482=DIRECTION('center_axis',(0.,-1.,0.));
#4483=DIRECTION('ref_axis',(1.,0.,0.));
#4484=DIRECTION('center_axis',(0.,1.,0.));
#4485=DIRECTION('ref_axis',(1.,0.,0.));
#4486=DIRECTION('',(0.,1.,0.));
#4487=DIRECTION('center_axis',(0.,-1.,0.));
#4488=DIRECTION('ref_axis',(1.,0.,0.));
#4489=DIRECTION('center_axis',(0.,-1.,0.));
#4490=DIRECTION('ref_axis',(1.,0.,0.));
#4491=DIRECTION('',(0.857167300702112,0.515038074910054,1.04972719113862E-16));
#4492=DIRECTION('center_axis',(0.,-1.,0.));
#4493=DIRECTION('ref_axis',(1.,0.,0.));
#4494=DIRECTION('center_axis',(0.,1.,0.));
#4495=DIRECTION('ref_axis',(1.,0.,0.));
#4496=DIRECTION('',(0.,1.,0.));
#4497=DIRECTION('center_axis',(0.,-1.,0.));
#4498=DIRECTION('ref_axis',(1.,0.,0.));
#4499=DIRECTION('center_axis',(0.,-1.,0.));
#4500=DIRECTION('ref_axis',(1.,0.,0.));
#4501=DIRECTION('',(0.857167300702112,0.515038074910054,1.04972719113862E-16));
#4502=DIRECTION('center_axis',(0.,-1.,0.));
#4503=DIRECTION('ref_axis',(1.,0.,0.));
#4504=DIRECTION('center_axis',(0.,1.,0.));
#4505=DIRECTION('ref_axis',(1.,0.,0.));
#4506=DIRECTION('',(0.,1.,0.));
#4507=DIRECTION('center_axis',(0.,-1.,0.));
#4508=DIRECTION('ref_axis',(1.,0.,0.));
#4509=DIRECTION('center_axis',(0.,-1.,0.));
#4510=DIRECTION('ref_axis',(1.,0.,0.));
#4511=DIRECTION('',(0.857167300702112,0.515038074910054,1.04972719113862E-16));
#4512=DIRECTION('center_axis',(0.,-1.,0.));
#4513=DIRECTION('ref_axis',(1.,0.,0.));
#4514=DIRECTION('center_axis',(0.,1.,0.));
#4515=DIRECTION('ref_axis',(1.,0.,0.));
#4516=DIRECTION('',(0.,1.,0.));
#4517=DIRECTION('center_axis',(0.,-1.,0.));
#4518=DIRECTION('ref_axis',(1.,0.,0.));
#4519=DIRECTION('center_axis',(0.,-1.,0.));
#4520=DIRECTION('ref_axis',(1.,0.,0.));
#4521=DIRECTION('',(0.857167300702112,0.515038074910054,1.04972719113862E-16));
#4522=DIRECTION('center_axis',(0.,-1.,0.));
#4523=DIRECTION('ref_axis',(1.,0.,0.));
#4524=DIRECTION('center_axis',(0.,1.,0.));
#4525=DIRECTION('ref_axis',(1.,0.,0.));
#4526=DIRECTION('',(0.,1.,0.));
#4527=DIRECTION('center_axis',(0.,0.,1.));
#4528=DIRECTION('ref_axis',(1.,0.,0.));
#4529=DIRECTION('',(-1.,0.,0.));
#4530=DIRECTION('',(0.,1.,0.));
#4531=DIRECTION('',(1.,0.,0.));
#4532=DIRECTION('',(0.,1.,0.));
#4533=DIRECTION('center_axis',(0.,1.,0.));
#4534=DIRECTION('ref_axis',(0.,0.,1.));
#4535=DIRECTION('center_axis',(0.,-1.,0.));
#4536=DIRECTION('ref_axis',(0.,0.,1.));
#4537=DIRECTION('center_axis',(0.,1.,0.));
#4538=DIRECTION('ref_axis',(0.,0.,1.));
#4539=DIRECTION('',(0.,1.,0.));
#4540=DIRECTION('center_axis',(-1.,0.,0.));
#4541=DIRECTION('ref_axis',(0.,0.,1.));
#4542=DIRECTION('',(0.,0.,-1.));
#4543=DIRECTION('',(0.,0.,1.));
#4544=DIRECTION('',(0.,-1.,0.));
#4545=DIRECTION('center_axis',(1.,0.,0.));
#4546=DIRECTION('ref_axis',(0.,0.,-1.));
#4547=DIRECTION('',(0.,0.,1.));
#4548=DIRECTION('',(0.,1.,0.));
#4549=DIRECTION('',(0.,0.,-1.));
#4550=DIRECTION('',(0.,1.,0.));
#4551=DIRECTION('center_axis',(0.,1.,0.));
#4552=DIRECTION('ref_axis',(1.,0.,0.));
#4553=DIRECTION('center_axis',(0.,-1.,0.));
#4554=DIRECTION('ref_axis',(1.,0.,0.));
#4555=DIRECTION('center_axis',(0.,1.,0.));
#4556=DIRECTION('ref_axis',(1.,0.,0.));
#4557=DIRECTION('center_axis',(0.,1.,0.));
#4558=DIRECTION('ref_axis',(0.,0.,1.));
#4559=DIRECTION('',(-1.,0.,1.8947806286936E-16));
#4560=DIRECTION('center_axis',(0.,1.,0.));
#4561=DIRECTION('ref_axis',(0.,0.,-1.));
#4562=DIRECTION('',(4.736951571734E-16,0.,1.));
#4563=DIRECTION('center_axis',(0.,1.,0.));
#4564=DIRECTION('ref_axis',(-1.,0.,0.));
#4565=DIRECTION('',(1.,0.,-1.8947806286936E-16));
#4566=DIRECTION('center_axis',(0.,1.,0.));
#4567=DIRECTION('ref_axis',(2.36847578586701E-16,0.,1.));
#4568=DIRECTION('',(-2.6053233644537E-16,0.,-1.));
#4569=DIRECTION('center_axis',(0.,1.,0.));
#4570=DIRECTION('ref_axis',(1.,0.,0.));
#4571=DIRECTION('',(-1.,0.,1.8947806286936E-16));
#4572=DIRECTION('center_axis',(-1.8947806286936E-16,0.,-1.));
#4573=DIRECTION('ref_axis',(-1.,0.,1.8947806286936E-16));
#4574=DIRECTION('',(-1.,0.,1.8947806286936E-16));
#4575=DIRECTION('',(0.,1.,0.));
#4576=DIRECTION('center_axis',(1.8947806286936E-16,0.,1.));
#4577=DIRECTION('ref_axis',(1.,0.,-1.8947806286936E-16));
#4578=DIRECTION('',(1.,0.,-1.8947806286936E-16));
#4579=DIRECTION('',(0.,1.,0.));
#4580=DIRECTION('',(0.,1.,0.));
#4581=DIRECTION('center_axis',(0.,1.,0.));
#4582=DIRECTION('ref_axis',(-1.,0.,0.));
#4583=DIRECTION('center_axis',(0.,1.,0.));
#4584=DIRECTION('ref_axis',(-1.,0.,0.));
#4585=DIRECTION('',(0.,1.,0.));
#4586=DIRECTION('center_axis',(-1.,0.,4.736951571734E-16));
#4587=DIRECTION('ref_axis',(4.736951571734E-16,0.,1.));
#4588=DIRECTION('',(4.736951571734E-16,0.,1.));
#4589=DIRECTION('',(0.,1.,0.));
#4590=DIRECTION('center_axis',(0.,1.,0.));
#4591=DIRECTION('ref_axis',(0.,0.,-1.));
#4592=DIRECTION('center_axis',(0.,1.,0.));
#4593=DIRECTION('ref_axis',(0.,0.,-1.));
#4594=DIRECTION('center_axis',(-1.8947806286936E-16,0.,-1.));
#4595=DIRECTION('ref_axis',(-1.,0.,1.8947806286936E-16));
#4596=DIRECTION('',(0.,1.,0.));
#4597=DIRECTION('',(-1.,0.,1.8947806286936E-16));
#4598=DIRECTION('center_axis',(0.,1.,0.));
#4599=DIRECTION('ref_axis',(1.,0.,0.));
#4600=DIRECTION('center_axis',(0.,1.,0.));
#4601=DIRECTION('ref_axis',(1.,0.,0.));
#4602=DIRECTION('',(0.,1.,0.));
#4603=DIRECTION('center_axis',(1.,0.,-2.6053233644537E-16));
#4604=DIRECTION('ref_axis',(-2.6053233644537E-16,0.,-1.));
#4605=DIRECTION('',(-2.6053233644537E-16,0.,-1.));
#4606=DIRECTION('',(0.,1.,0.));
#4607=DIRECTION('center_axis',(0.,1.,0.));
#4608=DIRECTION('ref_axis',(2.36847578586701E-16,0.,1.));
#4609=DIRECTION('center_axis',(0.,1.,0.));
#4610=DIRECTION('ref_axis',(2.36847578586701E-16,0.,1.));
#4611=DIRECTION('center_axis',(0.,1.,0.));
#4612=DIRECTION('ref_axis',(0.,0.,1.));
#4613=DIRECTION('center_axis',(0.,-1.,0.));
#4614=DIRECTION('ref_axis',(1.,0.,0.));
#4615=DIRECTION('',(-0.857167300702112,-0.515038074910054,-1.04972719113862E-16));
#4616=DIRECTION('center_axis',(0.,1.,0.));
#4617=DIRECTION('ref_axis',(1.,0.,0.));
#4618=DIRECTION('center_axis',(0.,-1.,0.));
#4619=DIRECTION('ref_axis',(1.,0.,0.));
#4620=DIRECTION('',(0.,-1.,0.));
#4621=DIRECTION('center_axis',(0.,-1.,0.));
#4622=DIRECTION('ref_axis',(1.,0.,0.));
#4623=DIRECTION('center_axis',(0.,-1.,0.));
#4624=DIRECTION('ref_axis',(1.,0.,0.));
#4625=DIRECTION('',(-0.857167300702112,-0.515038074910054,-1.04972719113862E-16));
#4626=DIRECTION('center_axis',(0.,1.,0.));
#4627=DIRECTION('ref_axis',(1.,0.,0.));
#4628=DIRECTION('center_axis',(0.,-1.,0.));
#4629=DIRECTION('ref_axis',(1.,0.,0.));
#4630=DIRECTION('',(0.,-1.,0.));
#4631=DIRECTION('center_axis',(0.,-1.,0.));
#4632=DIRECTION('ref_axis',(1.,0.,0.));
#4633=DIRECTION('center_axis',(0.,-1.,0.));
#4634=DIRECTION('ref_axis',(1.,0.,0.));
#4635=DIRECTION('',(-0.857167300702112,-0.515038074910054,-1.04972719113862E-16));
#4636=DIRECTION('center_axis',(0.,1.,0.));
#4637=DIRECTION('ref_axis',(1.,0.,0.));
#4638=DIRECTION('center_axis',(0.,-1.,0.));
#4639=DIRECTION('ref_axis',(1.,0.,0.));
#4640=DIRECTION('',(0.,-1.,0.));
#4641=DIRECTION('center_axis',(0.,-1.,0.));
#4642=DIRECTION('ref_axis',(1.,0.,0.));
#4643=DIRECTION('center_axis',(0.,-1.,0.));
#4644=DIRECTION('ref_axis',(1.,0.,0.));
#4645=DIRECTION('',(-0.857167300702112,-0.515038074910054,-1.04972719113862E-16));
#4646=DIRECTION('center_axis',(0.,1.,0.));
#4647=DIRECTION('ref_axis',(1.,0.,0.));
#4648=DIRECTION('center_axis',(0.,-1.,0.));
#4649=DIRECTION('ref_axis',(1.,0.,0.));
#4650=DIRECTION('',(0.,-1.,0.));
#4651=DIRECTION('center_axis',(0.,-1.,0.));
#4652=DIRECTION('ref_axis',(1.,0.,0.));
#4653=DIRECTION('center_axis',(0.,-1.,0.));
#4654=DIRECTION('ref_axis',(1.,0.,0.));
#4655=DIRECTION('',(-0.857167300702112,-0.515038074910054,-1.04972719113862E-16));
#4656=DIRECTION('center_axis',(0.,1.,0.));
#4657=DIRECTION('ref_axis',(1.,0.,0.));
#4658=DIRECTION('center_axis',(0.,-1.,0.));
#4659=DIRECTION('ref_axis',(1.,0.,0.));
#4660=DIRECTION('',(0.,-1.,0.));
#4661=DIRECTION('center_axis',(0.,-1.,0.));
#4662=DIRECTION('ref_axis',(1.,0.,0.));
#4663=DIRECTION('center_axis',(0.,-1.,0.));
#4664=DIRECTION('ref_axis',(1.,0.,0.));
#4665=DIRECTION('',(-0.857167300702112,-0.515038074910054,-1.04972719113862E-16));
#4666=DIRECTION('center_axis',(0.,1.,0.));
#4667=DIRECTION('ref_axis',(1.,0.,0.));
#4668=DIRECTION('center_axis',(0.,-1.,0.));
#4669=DIRECTION('ref_axis',(1.,0.,0.));
#4670=DIRECTION('',(0.,-1.,0.));
#4671=DIRECTION('center_axis',(0.,-1.,0.));
#4672=DIRECTION('ref_axis',(1.,0.,0.));
#4673=DIRECTION('center_axis',(0.,-1.,0.));
#4674=DIRECTION('ref_axis',(1.,0.,0.));
#4675=DIRECTION('',(-0.857167300702112,-0.515038074910054,-1.04972719113862E-16));
#4676=DIRECTION('center_axis',(0.,1.,0.));
#4677=DIRECTION('ref_axis',(1.,0.,0.));
#4678=DIRECTION('center_axis',(0.,-1.,0.));
#4679=DIRECTION('ref_axis',(1.,0.,0.));
#4680=DIRECTION('',(0.,-1.,0.));
#4681=DIRECTION('center_axis',(0.,-1.,0.));
#4682=DIRECTION('ref_axis',(1.,0.,0.));
#4683=DIRECTION('center_axis',(0.,-1.,0.));
#4684=DIRECTION('ref_axis',(1.,0.,0.));
#4685=DIRECTION('',(-0.857167300702112,-0.515038074910054,-1.04972719113862E-16));
#4686=DIRECTION('center_axis',(0.,1.,0.));
#4687=DIRECTION('ref_axis',(1.,0.,0.));
#4688=DIRECTION('center_axis',(0.,-1.,0.));
#4689=DIRECTION('ref_axis',(1.,0.,0.));
#4690=DIRECTION('',(0.,-1.,0.));
#4691=DIRECTION('center_axis',(0.,-1.,0.));
#4692=DIRECTION('ref_axis',(1.,0.,0.));
#4693=DIRECTION('center_axis',(0.,-1.,0.));
#4694=DIRECTION('ref_axis',(1.,0.,0.));
#4695=DIRECTION('',(-0.857167300702112,-0.515038074910054,-1.04972719113862E-16));
#4696=DIRECTION('center_axis',(0.,1.,0.));
#4697=DIRECTION('ref_axis',(1.,0.,0.));
#4698=DIRECTION('center_axis',(0.,-1.,0.));
#4699=DIRECTION('ref_axis',(1.,0.,0.));
#4700=DIRECTION('',(0.,-1.,0.));
#4701=DIRECTION('center_axis',(0.,-1.,0.));
#4702=DIRECTION('ref_axis',(1.,0.,0.));
#4703=DIRECTION('center_axis',(0.,-1.,0.));
#4704=DIRECTION('ref_axis',(1.,0.,0.));
#4705=DIRECTION('',(-0.857167300702112,-0.515038074910054,-1.04972719113862E-16));
#4706=DIRECTION('center_axis',(0.,1.,0.));
#4707=DIRECTION('ref_axis',(1.,0.,0.));
#4708=DIRECTION('center_axis',(0.,-1.,0.));
#4709=DIRECTION('ref_axis',(1.,0.,0.));
#4710=DIRECTION('',(0.,-1.,0.));
#4711=DIRECTION('center_axis',(0.,-1.,0.));
#4712=DIRECTION('ref_axis',(1.,0.,0.));
#4713=DIRECTION('center_axis',(0.,-1.,0.));
#4714=DIRECTION('ref_axis',(1.,0.,0.));
#4715=DIRECTION('',(-0.857167300702112,-0.515038074910054,-1.04972719113862E-16));
#4716=DIRECTION('center_axis',(0.,1.,0.));
#4717=DIRECTION('ref_axis',(1.,0.,0.));
#4718=DIRECTION('center_axis',(0.,-1.,0.));
#4719=DIRECTION('ref_axis',(1.,0.,0.));
#4720=DIRECTION('',(0.,-1.,0.));
#4721=DIRECTION('center_axis',(0.,-1.,0.));
#4722=DIRECTION('ref_axis',(1.,0.,0.));
#4723=DIRECTION('center_axis',(0.,-1.,0.));
#4724=DIRECTION('ref_axis',(1.,0.,0.));
#4725=DIRECTION('',(-0.857167300702112,-0.515038074910054,-1.04972719113862E-16));
#4726=DIRECTION('center_axis',(0.,1.,0.));
#4727=DIRECTION('ref_axis',(1.,0.,0.));
#4728=DIRECTION('center_axis',(0.,-1.,0.));
#4729=DIRECTION('ref_axis',(1.,0.,0.));
#4730=DIRECTION('',(0.,-1.,0.));
#4731=DIRECTION('center_axis',(0.,-1.,0.));
#4732=DIRECTION('ref_axis',(1.,0.,0.));
#4733=DIRECTION('center_axis',(0.,-1.,0.));
#4734=DIRECTION('ref_axis',(1.,0.,0.));
#4735=DIRECTION('',(-0.857167300702112,-0.515038074910054,-1.04972719113862E-16));
#4736=DIRECTION('center_axis',(0.,1.,0.));
#4737=DIRECTION('ref_axis',(1.,0.,0.));
#4738=DIRECTION('center_axis',(0.,-1.,0.));
#4739=DIRECTION('ref_axis',(1.,0.,0.));
#4740=DIRECTION('',(0.,-1.,0.));
#4741=DIRECTION('center_axis',(0.,-1.,0.));
#4742=DIRECTION('ref_axis',(1.,0.,0.));
#4743=DIRECTION('center_axis',(0.,-1.,0.));
#4744=DIRECTION('ref_axis',(1.,0.,0.));
#4745=DIRECTION('',(-0.857167300702112,-0.515038074910054,-1.04972719113862E-16));
#4746=DIRECTION('center_axis',(0.,1.,0.));
#4747=DIRECTION('ref_axis',(1.,0.,0.));
#4748=DIRECTION('center_axis',(0.,-1.,0.));
#4749=DIRECTION('ref_axis',(1.,0.,0.));
#4750=DIRECTION('',(0.,-1.,0.));
#4751=DIRECTION('center_axis',(0.,-1.,0.));
#4752=DIRECTION('ref_axis',(1.,0.,0.));
#4753=DIRECTION('center_axis',(0.,-1.,0.));
#4754=DIRECTION('ref_axis',(1.,0.,0.));
#4755=DIRECTION('',(-0.857167300702112,-0.515038074910054,-1.04972719113862E-16));
#4756=DIRECTION('center_axis',(0.,1.,0.));
#4757=DIRECTION('ref_axis',(1.,0.,0.));
#4758=DIRECTION('center_axis',(0.,-1.,0.));
#4759=DIRECTION('ref_axis',(1.,0.,0.));
#4760=DIRECTION('',(0.,-1.,0.));
#4761=DIRECTION('center_axis',(0.,-1.,0.));
#4762=DIRECTION('ref_axis',(1.,0.,0.));
#4763=DIRECTION('center_axis',(0.,-1.,0.));
#4764=DIRECTION('ref_axis',(1.,0.,0.));
#4765=DIRECTION('',(-0.857167300702112,-0.515038074910054,-1.04972719113862E-16));
#4766=DIRECTION('center_axis',(0.,1.,0.));
#4767=DIRECTION('ref_axis',(1.,0.,0.));
#4768=DIRECTION('center_axis',(0.,-1.,0.));
#4769=DIRECTION('ref_axis',(1.,0.,0.));
#4770=DIRECTION('',(0.,-1.,0.));
#4771=DIRECTION('center_axis',(0.,-1.,0.));
#4772=DIRECTION('ref_axis',(1.,0.,0.));
#4773=DIRECTION('center_axis',(0.,-1.,0.));
#4774=DIRECTION('ref_axis',(1.,0.,0.));
#4775=DIRECTION('',(-0.857167300702112,-0.515038074910054,-1.04972719113862E-16));
#4776=DIRECTION('center_axis',(0.,1.,0.));
#4777=DIRECTION('ref_axis',(1.,0.,0.));
#4778=DIRECTION('center_axis',(0.,-1.,0.));
#4779=DIRECTION('ref_axis',(1.,0.,0.));
#4780=DIRECTION('',(0.,-1.,0.));
#4781=DIRECTION('center_axis',(0.,-1.,0.));
#4782=DIRECTION('ref_axis',(1.,0.,0.));
#4783=DIRECTION('center_axis',(0.,-1.,0.));
#4784=DIRECTION('ref_axis',(1.,0.,0.));
#4785=DIRECTION('',(-0.857167300702112,-0.515038074910054,-1.04972719113862E-16));
#4786=DIRECTION('center_axis',(0.,1.,0.));
#4787=DIRECTION('ref_axis',(1.,0.,0.));
#4788=DIRECTION('center_axis',(0.,-1.,0.));
#4789=DIRECTION('ref_axis',(1.,0.,0.));
#4790=DIRECTION('',(0.,-1.,0.));
#4791=DIRECTION('center_axis',(0.,-1.,0.));
#4792=DIRECTION('ref_axis',(1.,0.,0.));
#4793=DIRECTION('center_axis',(0.,-1.,0.));
#4794=DIRECTION('ref_axis',(1.,0.,0.));
#4795=DIRECTION('',(-0.857167300702112,-0.515038074910054,-1.04972719113862E-16));
#4796=DIRECTION('center_axis',(0.,1.,0.));
#4797=DIRECTION('ref_axis',(1.,0.,0.));
#4798=DIRECTION('center_axis',(0.,-1.,0.));
#4799=DIRECTION('ref_axis',(1.,0.,0.));
#4800=DIRECTION('',(0.,-1.,0.));
#4801=DIRECTION('center_axis',(0.,-1.,0.));
#4802=DIRECTION('ref_axis',(1.,0.,0.));
#4803=DIRECTION('center_axis',(0.,-1.,0.));
#4804=DIRECTION('ref_axis',(1.,0.,0.));
#4805=DIRECTION('',(-0.857167300702112,-0.515038074910054,-1.04972719113862E-16));
#4806=DIRECTION('center_axis',(0.,1.,0.));
#4807=DIRECTION('ref_axis',(1.,0.,0.));
#4808=DIRECTION('center_axis',(0.,-1.,0.));
#4809=DIRECTION('ref_axis',(1.,0.,0.));
#4810=DIRECTION('',(0.,-1.,0.));
#4811=DIRECTION('center_axis',(0.,-1.,0.));
#4812=DIRECTION('ref_axis',(1.,0.,0.));
#4813=DIRECTION('center_axis',(0.,-1.,0.));
#4814=DIRECTION('ref_axis',(1.,0.,0.));
#4815=DIRECTION('',(-0.857167300702112,-0.515038074910054,-1.04972719113862E-16));
#4816=DIRECTION('center_axis',(0.,1.,0.));
#4817=DIRECTION('ref_axis',(1.,0.,0.));
#4818=DIRECTION('center_axis',(0.,-1.,0.));
#4819=DIRECTION('ref_axis',(1.,0.,0.));
#4820=DIRECTION('',(0.,-1.,0.));
#4821=DIRECTION('center_axis',(0.,-1.,0.));
#4822=DIRECTION('ref_axis',(1.,0.,0.));
#4823=DIRECTION('center_axis',(0.,-1.,0.));
#4824=DIRECTION('ref_axis',(1.,0.,0.));
#4825=DIRECTION('',(-0.857167300702112,-0.515038074910054,-1.04972719113862E-16));
#4826=DIRECTION('center_axis',(0.,1.,0.));
#4827=DIRECTION('ref_axis',(1.,0.,0.));
#4828=DIRECTION('center_axis',(0.,-1.,0.));
#4829=DIRECTION('ref_axis',(1.,0.,0.));
#4830=DIRECTION('',(0.,-1.,0.));
#4831=DIRECTION('center_axis',(0.,-1.,0.));
#4832=DIRECTION('ref_axis',(1.,0.,0.));
#4833=DIRECTION('center_axis',(0.,-1.,0.));
#4834=DIRECTION('ref_axis',(1.,0.,0.));
#4835=DIRECTION('',(-0.857167300702112,-0.515038074910054,-1.04972719113862E-16));
#4836=DIRECTION('center_axis',(0.,1.,0.));
#4837=DIRECTION('ref_axis',(1.,0.,0.));
#4838=DIRECTION('center_axis',(0.,-1.,0.));
#4839=DIRECTION('ref_axis',(1.,0.,0.));
#4840=DIRECTION('',(0.,-1.,0.));
#4841=DIRECTION('center_axis',(0.,-1.,0.));
#4842=DIRECTION('ref_axis',(1.,0.,0.));
#4843=DIRECTION('center_axis',(0.,-1.,0.));
#4844=DIRECTION('ref_axis',(1.,0.,0.));
#4845=DIRECTION('',(-0.857167300702112,-0.515038074910054,-1.04972719113862E-16));
#4846=DIRECTION('center_axis',(0.,1.,0.));
#4847=DIRECTION('ref_axis',(1.,0.,0.));
#4848=DIRECTION('center_axis',(0.,-1.,0.));
#4849=DIRECTION('ref_axis',(1.,0.,0.));
#4850=DIRECTION('',(0.,-1.,0.));
#4851=DIRECTION('center_axis',(0.,-1.,0.));
#4852=DIRECTION('ref_axis',(1.,0.,0.));
#4853=DIRECTION('center_axis',(0.,-1.,0.));
#4854=DIRECTION('ref_axis',(1.,0.,0.));
#4855=DIRECTION('',(-0.857167300702112,-0.515038074910054,-1.04972719113862E-16));
#4856=DIRECTION('center_axis',(0.,1.,0.));
#4857=DIRECTION('ref_axis',(1.,0.,0.));
#4858=DIRECTION('center_axis',(0.,-1.,0.));
#4859=DIRECTION('ref_axis',(1.,0.,0.));
#4860=DIRECTION('',(0.,-1.,0.));
#4861=DIRECTION('center_axis',(0.,-1.,0.));
#4862=DIRECTION('ref_axis',(1.,0.,0.));
#4863=DIRECTION('center_axis',(0.,-1.,0.));
#4864=DIRECTION('ref_axis',(1.,0.,0.));
#4865=DIRECTION('',(-0.857167300702112,-0.515038074910054,-1.04972719113862E-16));
#4866=DIRECTION('center_axis',(0.,1.,0.));
#4867=DIRECTION('ref_axis',(1.,0.,0.));
#4868=DIRECTION('center_axis',(0.,-1.,0.));
#4869=DIRECTION('ref_axis',(1.,0.,0.));
#4870=DIRECTION('',(0.,-1.,0.));
#4871=DIRECTION('center_axis',(0.,-1.,0.));
#4872=DIRECTION('ref_axis',(1.,0.,0.));
#4873=DIRECTION('center_axis',(0.,-1.,0.));
#4874=DIRECTION('ref_axis',(1.,0.,0.));
#4875=DIRECTION('',(-0.857167300702112,-0.515038074910054,-1.04972719113862E-16));
#4876=DIRECTION('center_axis',(0.,1.,0.));
#4877=DIRECTION('ref_axis',(1.,0.,0.));
#4878=DIRECTION('center_axis',(0.,-1.,0.));
#4879=DIRECTION('ref_axis',(1.,0.,0.));
#4880=DIRECTION('',(0.,-1.,0.));
#4881=DIRECTION('center_axis',(0.,-1.,0.));
#4882=DIRECTION('ref_axis',(1.,0.,0.));
#4883=DIRECTION('center_axis',(0.,-1.,0.));
#4884=DIRECTION('ref_axis',(1.,0.,0.));
#4885=DIRECTION('',(-0.857167300702112,-0.515038074910054,-1.04972719113862E-16));
#4886=DIRECTION('center_axis',(0.,1.,0.));
#4887=DIRECTION('ref_axis',(1.,0.,0.));
#4888=DIRECTION('center_axis',(0.,-1.,0.));
#4889=DIRECTION('ref_axis',(1.,0.,0.));
#4890=DIRECTION('',(0.,-1.,0.));
#4891=DIRECTION('center_axis',(0.,-1.,0.));
#4892=DIRECTION('ref_axis',(1.,0.,0.));
#4893=DIRECTION('center_axis',(0.,-1.,0.));
#4894=DIRECTION('ref_axis',(1.,0.,0.));
#4895=DIRECTION('',(-0.857167300702112,-0.515038074910054,-1.04972719113862E-16));
#4896=DIRECTION('center_axis',(0.,1.,0.));
#4897=DIRECTION('ref_axis',(1.,0.,0.));
#4898=DIRECTION('center_axis',(0.,-1.,0.));
#4899=DIRECTION('ref_axis',(1.,0.,0.));
#4900=DIRECTION('',(0.,-1.,0.));
#4901=DIRECTION('center_axis',(0.,-1.,0.));
#4902=DIRECTION('ref_axis',(1.,0.,0.));
#4903=DIRECTION('center_axis',(0.,-1.,0.));
#4904=DIRECTION('ref_axis',(1.,0.,0.));
#4905=DIRECTION('',(-0.857167300702112,-0.515038074910054,-1.04972719113862E-16));
#4906=DIRECTION('center_axis',(0.,1.,0.));
#4907=DIRECTION('ref_axis',(1.,0.,0.));
#4908=DIRECTION('center_axis',(0.,-1.,0.));
#4909=DIRECTION('ref_axis',(1.,0.,0.));
#4910=DIRECTION('',(0.,-1.,0.));
#4911=DIRECTION('center_axis',(0.,-1.,0.));
#4912=DIRECTION('ref_axis',(1.,0.,0.));
#4913=DIRECTION('center_axis',(0.,-1.,0.));
#4914=DIRECTION('ref_axis',(1.,0.,0.));
#4915=DIRECTION('',(-0.857167300702112,-0.515038074910054,-1.04972719113862E-16));
#4916=DIRECTION('center_axis',(0.,1.,0.));
#4917=DIRECTION('ref_axis',(1.,0.,0.));
#4918=DIRECTION('center_axis',(0.,-1.,0.));
#4919=DIRECTION('ref_axis',(1.,0.,0.));
#4920=DIRECTION('',(0.,-1.,0.));
#4921=DIRECTION('center_axis',(0.,-1.,0.));
#4922=DIRECTION('ref_axis',(1.,0.,0.));
#4923=DIRECTION('center_axis',(0.,-1.,0.));
#4924=DIRECTION('ref_axis',(1.,0.,0.));
#4925=DIRECTION('',(-0.857167300702112,-0.515038074910054,-1.04972719113862E-16));
#4926=DIRECTION('center_axis',(0.,1.,0.));
#4927=DIRECTION('ref_axis',(1.,0.,0.));
#4928=DIRECTION('center_axis',(0.,-1.,0.));
#4929=DIRECTION('ref_axis',(1.,0.,0.));
#4930=DIRECTION('',(0.,-1.,0.));
#4931=DIRECTION('center_axis',(0.,-1.,0.));
#4932=DIRECTION('ref_axis',(1.,0.,0.));
#4933=DIRECTION('center_axis',(0.,-1.,0.));
#4934=DIRECTION('ref_axis',(1.,0.,0.));
#4935=DIRECTION('',(-0.857167300702112,-0.515038074910054,-1.04972719113862E-16));
#4936=DIRECTION('center_axis',(0.,1.,0.));
#4937=DIRECTION('ref_axis',(1.,0.,0.));
#4938=DIRECTION('center_axis',(0.,-1.,0.));
#4939=DIRECTION('ref_axis',(1.,0.,0.));
#4940=DIRECTION('',(0.,-1.,0.));
#4941=DIRECTION('center_axis',(0.,-1.,0.));
#4942=DIRECTION('ref_axis',(1.,0.,0.));
#4943=DIRECTION('center_axis',(0.,-1.,0.));
#4944=DIRECTION('ref_axis',(1.,0.,0.));
#4945=DIRECTION('',(-0.857167300702112,-0.515038074910054,-1.04972719113862E-16));
#4946=DIRECTION('center_axis',(0.,1.,0.));
#4947=DIRECTION('ref_axis',(1.,0.,0.));
#4948=DIRECTION('center_axis',(0.,-1.,0.));
#4949=DIRECTION('ref_axis',(1.,0.,0.));
#4950=DIRECTION('',(0.,-1.,0.));
#4951=DIRECTION('center_axis',(0.,-1.,0.));
#4952=DIRECTION('ref_axis',(1.,0.,0.));
#4953=DIRECTION('center_axis',(0.,-1.,0.));
#4954=DIRECTION('ref_axis',(1.,0.,0.));
#4955=DIRECTION('',(-0.857167300702112,-0.515038074910054,-1.04972719113862E-16));
#4956=DIRECTION('center_axis',(0.,1.,0.));
#4957=DIRECTION('ref_axis',(1.,0.,0.));
#4958=DIRECTION('center_axis',(0.,-1.,0.));
#4959=DIRECTION('ref_axis',(1.,0.,0.));
#4960=DIRECTION('',(0.,-1.,0.));
#4961=DIRECTION('center_axis',(0.,-1.,0.));
#4962=DIRECTION('ref_axis',(1.,0.,0.));
#4963=DIRECTION('center_axis',(0.,-1.,0.));
#4964=DIRECTION('ref_axis',(1.,0.,0.));
#4965=DIRECTION('',(-0.857167300702112,-0.515038074910054,-1.04972719113862E-16));
#4966=DIRECTION('center_axis',(0.,1.,0.));
#4967=DIRECTION('ref_axis',(1.,0.,0.));
#4968=DIRECTION('center_axis',(0.,-1.,0.));
#4969=DIRECTION('ref_axis',(1.,0.,0.));
#4970=DIRECTION('',(0.,-1.,0.));
#4971=DIRECTION('center_axis',(0.,-1.,0.));
#4972=DIRECTION('ref_axis',(1.,0.,0.));
#4973=DIRECTION('center_axis',(0.,-1.,0.));
#4974=DIRECTION('ref_axis',(1.,0.,0.));
#4975=DIRECTION('',(-0.857167300702112,-0.515038074910054,-1.04972719113862E-16));
#4976=DIRECTION('center_axis',(0.,1.,0.));
#4977=DIRECTION('ref_axis',(1.,0.,0.));
#4978=DIRECTION('center_axis',(0.,-1.,0.));
#4979=DIRECTION('ref_axis',(1.,0.,0.));
#4980=DIRECTION('',(0.,-1.,0.));
#4981=DIRECTION('center_axis',(0.,-1.,0.));
#4982=DIRECTION('ref_axis',(1.,0.,0.));
#4983=DIRECTION('center_axis',(0.,-1.,0.));
#4984=DIRECTION('ref_axis',(1.,0.,0.));
#4985=DIRECTION('',(-0.857167300702112,-0.515038074910054,-1.04972719113862E-16));
#4986=DIRECTION('center_axis',(0.,1.,0.));
#4987=DIRECTION('ref_axis',(1.,0.,0.));
#4988=DIRECTION('center_axis',(0.,-1.,0.));
#4989=DIRECTION('ref_axis',(1.,0.,0.));
#4990=DIRECTION('',(0.,-1.,0.));
#4991=DIRECTION('center_axis',(0.,-1.,0.));
#4992=DIRECTION('ref_axis',(1.,0.,0.));
#4993=DIRECTION('center_axis',(0.,-1.,0.));
#4994=DIRECTION('ref_axis',(1.,0.,0.));
#4995=DIRECTION('',(-0.857167300702112,-0.515038074910054,-1.04972719113862E-16));
#4996=DIRECTION('center_axis',(0.,1.,0.));
#4997=DIRECTION('ref_axis',(1.,0.,0.));
#4998=DIRECTION('center_axis',(0.,-1.,0.));
#4999=DIRECTION('ref_axis',(1.,0.,0.));
#5000=DIRECTION('',(0.,-1.,0.));
#5001=DIRECTION('center_axis',(0.,-1.,0.));
#5002=DIRECTION('ref_axis',(1.,0.,0.));
#5003=DIRECTION('center_axis',(0.,-1.,0.));
#5004=DIRECTION('ref_axis',(1.,0.,0.));
#5005=DIRECTION('',(-0.857167300702112,-0.515038074910054,-1.04972719113862E-16));
#5006=DIRECTION('center_axis',(0.,1.,0.));
#5007=DIRECTION('ref_axis',(1.,0.,0.));
#5008=DIRECTION('center_axis',(0.,-1.,0.));
#5009=DIRECTION('ref_axis',(1.,0.,0.));
#5010=DIRECTION('',(0.,-1.,0.));
#5011=DIRECTION('center_axis',(0.,-1.,0.));
#5012=DIRECTION('ref_axis',(1.,0.,0.));
#5013=DIRECTION('center_axis',(0.,-1.,0.));
#5014=DIRECTION('ref_axis',(1.,0.,0.));
#5015=DIRECTION('',(-0.857167300702112,-0.515038074910054,-1.04972719113862E-16));
#5016=DIRECTION('center_axis',(0.,1.,0.));
#5017=DIRECTION('ref_axis',(1.,0.,0.));
#5018=DIRECTION('center_axis',(0.,-1.,0.));
#5019=DIRECTION('ref_axis',(1.,0.,0.));
#5020=DIRECTION('',(0.,-1.,0.));
#5021=DIRECTION('center_axis',(0.,-1.,0.));
#5022=DIRECTION('ref_axis',(1.,0.,0.));
#5023=DIRECTION('center_axis',(0.,-1.,0.));
#5024=DIRECTION('ref_axis',(1.,0.,0.));
#5025=DIRECTION('',(-0.857167300702112,-0.515038074910054,-1.04972719113862E-16));
#5026=DIRECTION('center_axis',(0.,1.,0.));
#5027=DIRECTION('ref_axis',(1.,0.,0.));
#5028=DIRECTION('center_axis',(0.,-1.,0.));
#5029=DIRECTION('ref_axis',(1.,0.,0.));
#5030=DIRECTION('',(0.,-1.,0.));
#5031=DIRECTION('center_axis',(0.,-1.,0.));
#5032=DIRECTION('ref_axis',(1.,0.,0.));
#5033=DIRECTION('center_axis',(0.,-1.,0.));
#5034=DIRECTION('ref_axis',(1.,0.,0.));
#5035=DIRECTION('',(-0.857167300702112,-0.515038074910054,-1.04972719113862E-16));
#5036=DIRECTION('center_axis',(0.,1.,0.));
#5037=DIRECTION('ref_axis',(1.,0.,0.));
#5038=DIRECTION('center_axis',(0.,-1.,0.));
#5039=DIRECTION('ref_axis',(1.,0.,0.));
#5040=DIRECTION('',(0.,-1.,0.));
#5041=DIRECTION('center_axis',(0.,-1.,0.));
#5042=DIRECTION('ref_axis',(1.,0.,0.));
#5043=DIRECTION('center_axis',(0.,-1.,0.));
#5044=DIRECTION('ref_axis',(1.,0.,0.));
#5045=DIRECTION('',(-0.857167300702112,-0.515038074910054,-1.04972719113862E-16));
#5046=DIRECTION('center_axis',(0.,1.,0.));
#5047=DIRECTION('ref_axis',(1.,0.,0.));
#5048=DIRECTION('center_axis',(0.,-1.,0.));
#5049=DIRECTION('ref_axis',(1.,0.,0.));
#5050=DIRECTION('',(0.,-1.,0.));
#5051=DIRECTION('center_axis',(0.,-1.,0.));
#5052=DIRECTION('ref_axis',(1.,0.,0.));
#5053=DIRECTION('center_axis',(0.,-1.,0.));
#5054=DIRECTION('ref_axis',(1.,0.,0.));
#5055=DIRECTION('',(-0.857167300702112,-0.515038074910054,-1.04972719113862E-16));
#5056=DIRECTION('center_axis',(0.,1.,0.));
#5057=DIRECTION('ref_axis',(1.,0.,0.));
#5058=DIRECTION('center_axis',(0.,-1.,0.));
#5059=DIRECTION('ref_axis',(1.,0.,0.));
#5060=DIRECTION('',(0.,-1.,0.));
#5061=DIRECTION('center_axis',(0.,-1.,0.));
#5062=DIRECTION('ref_axis',(1.,0.,0.));
#5063=DIRECTION('center_axis',(0.,-1.,0.));
#5064=DIRECTION('ref_axis',(1.,0.,0.));
#5065=DIRECTION('',(-0.857167300702112,-0.515038074910054,-1.04972719113862E-16));
#5066=DIRECTION('center_axis',(0.,1.,0.));
#5067=DIRECTION('ref_axis',(1.,0.,0.));
#5068=DIRECTION('center_axis',(0.,-1.,0.));
#5069=DIRECTION('ref_axis',(1.,0.,0.));
#5070=DIRECTION('',(0.,-1.,0.));
#5071=DIRECTION('center_axis',(0.,-1.,0.));
#5072=DIRECTION('ref_axis',(1.,0.,0.));
#5073=DIRECTION('center_axis',(0.,-1.,0.));
#5074=DIRECTION('ref_axis',(1.,0.,0.));
#5075=DIRECTION('',(-0.857167300702112,-0.515038074910054,-1.04972719113862E-16));
#5076=DIRECTION('center_axis',(0.,1.,0.));
#5077=DIRECTION('ref_axis',(1.,0.,0.));
#5078=DIRECTION('center_axis',(0.,-1.,0.));
#5079=DIRECTION('ref_axis',(1.,0.,0.));
#5080=DIRECTION('',(0.,-1.,0.));
#5081=DIRECTION('center_axis',(0.,-1.,0.));
#5082=DIRECTION('ref_axis',(1.,0.,0.));
#5083=DIRECTION('center_axis',(0.,-1.,0.));
#5084=DIRECTION('ref_axis',(1.,0.,0.));
#5085=DIRECTION('',(-0.857167300702112,-0.515038074910054,-1.04972719113862E-16));
#5086=DIRECTION('center_axis',(0.,1.,0.));
#5087=DIRECTION('ref_axis',(1.,0.,0.));
#5088=DIRECTION('center_axis',(0.,-1.,0.));
#5089=DIRECTION('ref_axis',(1.,0.,0.));
#5090=DIRECTION('',(0.,-1.,0.));
#5091=DIRECTION('center_axis',(0.,-1.,0.));
#5092=DIRECTION('ref_axis',(1.,0.,0.));
#5093=DIRECTION('center_axis',(0.,0.,1.));
#5094=DIRECTION('ref_axis',(1.,0.,0.));
#5095=DIRECTION('',(-1.,0.,0.));
#5096=DIRECTION('',(0.,1.,0.));
#5097=DIRECTION('',(-1.,0.,0.));
#5098=DIRECTION('',(0.,1.,0.));
#5099=DIRECTION('center_axis',(0.,1.,0.));
#5100=DIRECTION('ref_axis',(0.,0.,1.));
#5101=DIRECTION('center_axis',(0.,-1.,0.));
#5102=DIRECTION('ref_axis',(0.,0.,1.));
#5103=DIRECTION('',(0.,1.,0.));
#5104=DIRECTION('center_axis',(0.,-1.,0.));
#5105=DIRECTION('ref_axis',(0.,0.,1.));
#5106=DIRECTION('center_axis',(-1.,0.,0.));
#5107=DIRECTION('ref_axis',(0.,0.,1.));
#5108=DIRECTION('',(0.,0.,-1.));
#5109=DIRECTION('',(0.,-1.,0.));
#5110=DIRECTION('',(0.,0.,-1.));
#5111=DIRECTION('center_axis',(1.,0.,0.));
#5112=DIRECTION('ref_axis',(0.,0.,-1.));
#5113=DIRECTION('',(0.,0.,1.));
#5114=DIRECTION('',(0.,1.,0.));
#5115=DIRECTION('',(0.,0.,1.));
#5116=DIRECTION('',(0.,1.,0.));
#5117=DIRECTION('center_axis',(0.,1.,0.));
#5118=DIRECTION('ref_axis',(1.,0.,0.));
#5119=DIRECTION('center_axis',(0.,-1.,0.));
#5120=DIRECTION('ref_axis',(1.,0.,0.));
#5121=DIRECTION('center_axis',(0.,-1.,0.));
#5122=DIRECTION('ref_axis',(1.,0.,0.));
#5123=DIRECTION('center_axis',(0.,1.,0.));
#5124=DIRECTION('ref_axis',(0.,0.,1.));
#5125=DIRECTION('',(-1.,0.,1.8947806286936E-16));
#5126=DIRECTION('center_axis',(0.,1.,0.));
#5127=DIRECTION('ref_axis',(1.,0.,0.));
#5128=DIRECTION('',(-2.6053233644537E-16,0.,-1.));
#5129=DIRECTION('center_axis',(0.,1.,0.));
#5130=DIRECTION('ref_axis',(2.36847578586701E-16,0.,1.));
#5131=DIRECTION('',(1.,0.,-1.8947806286936E-16));
#5132=DIRECTION('center_axis',(0.,1.,0.));
#5133=DIRECTION('ref_axis',(-1.,0.,0.));
#5134=DIRECTION('',(4.736951571734E-16,0.,1.));
#5135=DIRECTION('center_axis',(0.,1.,0.));
#5136=DIRECTION('ref_axis',(0.,0.,-1.));
#5137=DIRECTION('',(-1.,0.,1.8947806286936E-16));
#5138=DIRECTION('center_axis',(-1.8947806286936E-16,0.,-1.));
#5139=DIRECTION('ref_axis',(-1.,0.,1.8947806286936E-16));
#5140=DIRECTION('',(0.,1.,0.));
#5141=DIRECTION('',(1.,0.,-1.8947806286936E-16));
#5142=DIRECTION('center_axis',(1.8947806286936E-16,0.,1.));
#5143=DIRECTION('ref_axis',(1.,0.,-1.8947806286936E-16));
#5144=DIRECTION('',(-1.,0.,1.8947806286936E-16));
#5145=DIRECTION('',(0.,1.,0.));
#5146=DIRECTION('',(0.,1.,0.));
#5147=DIRECTION('center_axis',(0.,1.,0.));
#5148=DIRECTION('ref_axis',(-1.,0.,0.));
#5149=DIRECTION('center_axis',(0.,-1.,0.));
#5150=DIRECTION('ref_axis',(-1.,0.,0.));
#5151=DIRECTION('',(0.,1.,0.));
#5152=DIRECTION('center_axis',(-1.,0.,4.736951571734E-16));
#5153=DIRECTION('ref_axis',(4.736951571734E-16,0.,1.));
#5154=DIRECTION('',(-4.736951571734E-16,0.,-1.));
#5155=DIRECTION('',(0.,1.,0.));
#5156=DIRECTION('center_axis',(0.,1.,0.));
#5157=DIRECTION('ref_axis',(0.,0.,-1.));
#5158=DIRECTION('center_axis',(0.,-1.,0.));
#5159=DIRECTION('ref_axis',(0.,0.,-1.));
#5160=DIRECTION('center_axis',(-1.8947806286936E-16,0.,-1.));
#5161=DIRECTION('ref_axis',(-1.,0.,1.8947806286936E-16));
#5162=DIRECTION('',(1.,0.,-1.8947806286936E-16));
#5163=DIRECTION('',(0.,1.,0.));
#5164=DIRECTION('center_axis',(0.,1.,0.));
#5165=DIRECTION('ref_axis',(1.,0.,0.));
#5166=DIRECTION('center_axis',(0.,-1.,0.));
#5167=DIRECTION('ref_axis',(1.,0.,0.));
#5168=DIRECTION('',(0.,1.,0.));
#5169=DIRECTION('center_axis',(1.,0.,-2.6053233644537E-16));
#5170=DIRECTION('ref_axis',(-2.6053233644537E-16,0.,-1.));
#5171=DIRECTION('',(2.6053233644537E-16,0.,1.));
#5172=DIRECTION('',(0.,1.,0.));
#5173=DIRECTION('center_axis',(0.,1.,0.));
#5174=DIRECTION('ref_axis',(2.36847578586701E-16,0.,1.));
#5175=DIRECTION('center_axis',(0.,-1.,0.));
#5176=DIRECTION('ref_axis',(2.36847578586701E-16,0.,1.));
#5177=DIRECTION('center_axis',(0.,1.,0.));
#5178=DIRECTION('ref_axis',(0.,0.,1.));
#5179=CARTESIAN_POINT('',(0.,0.,0.));
#5180=CARTESIAN_POINT('Origin',(108.670755900587,27.2582021362437,1294.20583503486));
#5181=CARTESIAN_POINT('',(104.482755900587,25.9999999999999,1294.20583503486));
#5182=CARTESIAN_POINT('Origin',(108.670755900587,26.,1294.20583503486));
#5183=CARTESIAN_POINT('',(108.670755900587,28.5164042724874,1294.20583503486));
#5184=CARTESIAN_POINT('',(106.576755900588,27.2582021362437,1294.20583503486));
#5185=CARTESIAN_POINT('Origin',(108.670755900587,13.,1294.20583503486));
#5186=CARTESIAN_POINT('',(104.482755900588,0.,1294.20583503486));
#5187=CARTESIAN_POINT('Origin',(108.670755900587,0.,1294.20583503486));
#5188=CARTESIAN_POINT('',(104.482755900588,13.,1294.20583503486));
#5189=CARTESIAN_POINT('Origin',(168.670755900588,27.2582021362437,1294.20583503486));
#5190=CARTESIAN_POINT('',(164.482755900587,25.9999999999999,1294.20583503486));
#5191=CARTESIAN_POINT('Origin',(168.670755900588,26.,1294.20583503486));
#5192=CARTESIAN_POINT('',(168.670755900588,28.5164042724874,1294.20583503486));
#5193=CARTESIAN_POINT('',(166.576755900588,27.2582021362437,1294.20583503486));
#5194=CARTESIAN_POINT('Origin',(168.670755900588,13.,1294.20583503486));
#5195=CARTESIAN_POINT('',(164.482755900588,0.,1294.20583503486));
#5196=CARTESIAN_POINT('Origin',(168.670755900588,0.,1294.20583503486));
#5197=CARTESIAN_POINT('',(164.482755900588,13.,1294.20583503486));
#5198=CARTESIAN_POINT('Origin',(168.670755900588,27.2582021362437,1372.70583503486));
#5199=CARTESIAN_POINT('',(164.482755900587,25.9999999999999,1372.70583503486));
#5200=CARTESIAN_POINT('Origin',(168.670755900588,26.,1372.70583503486));
#5201=CARTESIAN_POINT('',(168.670755900588,28.5164042724874,1372.70583503486));
#5202=CARTESIAN_POINT('',(166.576755900588,27.2582021362437,1372.70583503486));
#5203=CARTESIAN_POINT('Origin',(168.670755900588,13.,1372.70583503486));
#5204=CARTESIAN_POINT('',(164.482755900588,0.,1372.70583503486));
#5205=CARTESIAN_POINT('Origin',(168.670755900588,0.,1372.70583503486));
#5206=CARTESIAN_POINT('',(164.482755900588,13.,1372.70583503486));
#5207=CARTESIAN_POINT('Origin',(108.670755900587,27.2582021362437,1372.70583503486));
#5208=CARTESIAN_POINT('',(104.482755900587,25.9999999999999,1372.70583503486));
#5209=CARTESIAN_POINT('Origin',(108.670755900587,26.,1372.70583503486));
#5210=CARTESIAN_POINT('',(108.670755900587,28.5164042724874,1372.70583503486));
#5211=CARTESIAN_POINT('',(106.576755900588,27.2582021362437,1372.70583503486));
#5212=CARTESIAN_POINT('Origin',(108.670755900587,13.,1372.70583503486));
#5213=CARTESIAN_POINT('',(104.482755900588,0.,1372.70583503486));
#5214=CARTESIAN_POINT('Origin',(108.670755900587,0.,1372.70583503486));
#5215=CARTESIAN_POINT('',(104.482755900588,13.,1372.70583503486));
#5216=CARTESIAN_POINT('Origin',(-491.329244099412,27.2582021362437,1294.20583503486));
#5217=CARTESIAN_POINT('',(-495.517244099412,25.9999999999999,1294.20583503486));
#5218=CARTESIAN_POINT('Origin',(-491.329244099412,26.,1294.20583503486));
#5219=CARTESIAN_POINT('',(-491.329244099412,28.5164042724874,1294.20583503486));
#5220=CARTESIAN_POINT('',(-493.423244099412,27.2582021362437,1294.20583503486));
#5221=CARTESIAN_POINT('Origin',(-491.329244099412,13.,1294.20583503486));
#5222=CARTESIAN_POINT('',(-495.517244099412,0.,1294.20583503486));
#5223=CARTESIAN_POINT('Origin',(-491.329244099412,0.,1294.20583503486));
#5224=CARTESIAN_POINT('',(-495.517244099412,13.,1294.20583503486));
#5225=CARTESIAN_POINT('Origin',(-431.329244099412,27.2582021362437,1294.20583503486));
#5226=CARTESIAN_POINT('',(-435.517244099412,25.9999999999999,1294.20583503486));
#5227=CARTESIAN_POINT('Origin',(-431.329244099412,26.,1294.20583503486));
#5228=CARTESIAN_POINT('',(-431.329244099412,28.5164042724874,1294.20583503486));
#5229=CARTESIAN_POINT('',(-433.423244099412,27.2582021362437,1294.20583503486));
#5230=CARTESIAN_POINT('Origin',(-431.329244099412,13.,1294.20583503486));
#5231=CARTESIAN_POINT('',(-435.517244099412,0.,1294.20583503486));
#5232=CARTESIAN_POINT('Origin',(-431.329244099412,0.,1294.20583503486));
#5233=CARTESIAN_POINT('',(-435.517244099412,13.,1294.20583503486));
#5234=CARTESIAN_POINT('Origin',(-431.329244099412,27.2582021362437,1372.70583503486));
#5235=CARTESIAN_POINT('',(-435.517244099412,25.9999999999999,1372.70583503486));
#5236=CARTESIAN_POINT('Origin',(-431.329244099412,26.,1372.70583503486));
#5237=CARTESIAN_POINT('',(-431.329244099412,28.5164042724874,1372.70583503486));
#5238=CARTESIAN_POINT('',(-433.423244099412,27.2582021362437,1372.70583503486));
#5239=CARTESIAN_POINT('Origin',(-431.329244099412,13.,1372.70583503486));
#5240=CARTESIAN_POINT('',(-435.517244099412,0.,1372.70583503486));
#5241=CARTESIAN_POINT('Origin',(-431.329244099412,0.,1372.70583503486));
#5242=CARTESIAN_POINT('',(-435.517244099412,13.,1372.70583503486));
#5243=CARTESIAN_POINT('Origin',(-491.329244099412,27.2582021362437,1372.70583503486));
#5244=CARTESIAN_POINT('',(-495.517244099412,25.9999999999999,1372.70583503486));
#5245=CARTESIAN_POINT('Origin',(-491.329244099412,26.,1372.70583503486));
#5246=CARTESIAN_POINT('',(-491.329244099412,28.5164042724874,1372.70583503486));
#5247=CARTESIAN_POINT('',(-493.423244099412,27.2582021362437,1372.70583503486));
#5248=CARTESIAN_POINT('Origin',(-491.329244099412,13.,1372.70583503486));
#5249=CARTESIAN_POINT('',(-495.517244099412,0.,1372.70583503486));
#5250=CARTESIAN_POINT('Origin',(-491.329244099412,0.,1372.70583503486));
#5251=CARTESIAN_POINT('',(-495.517244099412,13.,1372.70583503486));
#5252=CARTESIAN_POINT('Origin',(-1091.32924409941,27.2582021362437,1294.20583503486));
#5253=CARTESIAN_POINT('',(-1095.51724409941,25.9999999999999,1294.20583503486));
#5254=CARTESIAN_POINT('Origin',(-1091.32924409941,26.,1294.20583503486));
#5255=CARTESIAN_POINT('',(-1091.32924409941,28.5164042724874,1294.20583503486));
#5256=CARTESIAN_POINT('',(-1093.42324409941,27.2582021362437,1294.20583503486));
#5257=CARTESIAN_POINT('Origin',(-1091.32924409941,13.,1294.20583503486));
#5258=CARTESIAN_POINT('',(-1095.51724409941,0.,1294.20583503486));
#5259=CARTESIAN_POINT('Origin',(-1091.32924409941,0.,1294.20583503486));
#5260=CARTESIAN_POINT('',(-1095.51724409941,13.,1294.20583503486));
#5261=CARTESIAN_POINT('Origin',(-1031.32924409941,27.2582021362437,1294.20583503486));
#5262=CARTESIAN_POINT('',(-1035.51724409941,25.9999999999999,1294.20583503486));
#5263=CARTESIAN_POINT('Origin',(-1031.32924409941,26.,1294.20583503486));
#5264=CARTESIAN_POINT('',(-1031.32924409941,28.5164042724874,1294.20583503486));
#5265=CARTESIAN_POINT('',(-1033.42324409941,27.2582021362437,1294.20583503486));
#5266=CARTESIAN_POINT('Origin',(-1031.32924409941,13.,1294.20583503486));
#5267=CARTESIAN_POINT('',(-1035.51724409941,0.,1294.20583503486));
#5268=CARTESIAN_POINT('Origin',(-1031.32924409941,0.,1294.20583503486));
#5269=CARTESIAN_POINT('',(-1035.51724409941,13.,1294.20583503486));
#5270=CARTESIAN_POINT('Origin',(-1031.32924409941,27.2582021362437,1372.70583503486));
#5271=CARTESIAN_POINT('',(-1035.51724409941,25.9999999999999,1372.70583503486));
#5272=CARTESIAN_POINT('Origin',(-1031.32924409941,26.,1372.70583503486));
#5273=CARTESIAN_POINT('',(-1031.32924409941,28.5164042724874,1372.70583503486));
#5274=CARTESIAN_POINT('',(-1033.42324409941,27.2582021362437,1372.70583503486));
#5275=CARTESIAN_POINT('Origin',(-1031.32924409941,13.,1372.70583503486));
#5276=CARTESIAN_POINT('',(-1035.51724409941,0.,1372.70583503486));
#5277=CARTESIAN_POINT('Origin',(-1031.32924409941,0.,1372.70583503486));
#5278=CARTESIAN_POINT('',(-1035.51724409941,13.,1372.70583503486));
#5279=CARTESIAN_POINT('Origin',(-1091.32924409941,27.2582021362437,1372.70583503486));
#5280=CARTESIAN_POINT('',(-1095.51724409941,25.9999999999999,1372.70583503486));
#5281=CARTESIAN_POINT('Origin',(-1091.32924409941,26.,1372.70583503486));
#5282=CARTESIAN_POINT('',(-1091.32924409941,28.5164042724874,1372.70583503486));
#5283=CARTESIAN_POINT('',(-1093.42324409941,27.2582021362437,1372.70583503486));
#5284=CARTESIAN_POINT('Origin',(-1091.32924409941,13.,1372.70583503486));
#5285=CARTESIAN_POINT('',(-1095.51724409941,0.,1372.70583503486));
#5286=CARTESIAN_POINT('Origin',(-1091.32924409941,0.,1372.70583503486));
#5287=CARTESIAN_POINT('',(-1095.51724409941,13.,1372.70583503486));
#5288=CARTESIAN_POINT('Origin',(108.670755900587,27.2582021362437,544.205835034861));
#5289=CARTESIAN_POINT('',(104.482755900588,26.,544.205835034861));
#5290=CARTESIAN_POINT('Origin',(108.670755900587,26.,544.205835034861));
#5291=CARTESIAN_POINT('',(108.670755900587,28.5164042724874,544.205835034861));
#5292=CARTESIAN_POINT('',(106.576755900588,27.2582021362437,544.205835034861));
#5293=CARTESIAN_POINT('Origin',(108.670755900587,13.,544.205835034861));
#5294=CARTESIAN_POINT('',(104.482755900588,0.,544.205835034861));
#5295=CARTESIAN_POINT('Origin',(108.670755900587,0.,544.205835034861));
#5296=CARTESIAN_POINT('',(104.482755900588,13.,544.205835034861));
#5297=CARTESIAN_POINT('Origin',(168.670755900588,27.2582021362437,544.205835034861));
#5298=CARTESIAN_POINT('',(164.482755900588,26.,544.205835034861));
#5299=CARTESIAN_POINT('Origin',(168.670755900588,26.,544.205835034861));
#5300=CARTESIAN_POINT('',(168.670755900588,28.5164042724874,544.205835034861));
#5301=CARTESIAN_POINT('',(166.576755900588,27.2582021362437,544.205835034861));
#5302=CARTESIAN_POINT('Origin',(168.670755900588,13.,544.205835034861));
#5303=CARTESIAN_POINT('',(164.482755900588,0.,544.205835034861));
#5304=CARTESIAN_POINT('Origin',(168.670755900588,0.,544.205835034861));
#5305=CARTESIAN_POINT('',(164.482755900588,13.,544.205835034861));
#5306=CARTESIAN_POINT('Origin',(168.670755900588,27.2582021362437,622.705835034861));
#5307=CARTESIAN_POINT('',(164.482755900588,26.,622.705835034861));
#5308=CARTESIAN_POINT('Origin',(168.670755900588,26.,622.705835034861));
#5309=CARTESIAN_POINT('',(168.670755900588,28.5164042724874,622.705835034861));
#5310=CARTESIAN_POINT('',(166.576755900588,27.2582021362437,622.705835034861));
#5311=CARTESIAN_POINT('Origin',(168.670755900588,13.,622.705835034861));
#5312=CARTESIAN_POINT('',(164.482755900588,0.,622.705835034861));
#5313=CARTESIAN_POINT('Origin',(168.670755900588,0.,622.705835034861));
#5314=CARTESIAN_POINT('',(164.482755900588,13.,622.705835034861));
#5315=CARTESIAN_POINT('Origin',(108.670755900587,27.2582021362437,622.705835034861));
#5316=CARTESIAN_POINT('',(104.482755900588,26.,622.705835034861));
#5317=CARTESIAN_POINT('Origin',(108.670755900587,26.,622.705835034861));
#5318=CARTESIAN_POINT('',(108.670755900587,28.5164042724874,622.705835034861));
#5319=CARTESIAN_POINT('',(106.576755900588,27.2582021362437,622.705835034861));
#5320=CARTESIAN_POINT('Origin',(108.670755900587,13.,622.705835034861));
#5321=CARTESIAN_POINT('',(104.482755900588,0.,622.705835034861));
#5322=CARTESIAN_POINT('Origin',(108.670755900587,0.,622.705835034861));
#5323=CARTESIAN_POINT('',(104.482755900588,13.,622.705835034861));
#5324=CARTESIAN_POINT('Origin',(-491.329244099412,27.2582021362437,544.205835034861));
#5325=CARTESIAN_POINT('',(-495.517244099412,26.,544.205835034861));
#5326=CARTESIAN_POINT('Origin',(-491.329244099412,26.,544.205835034861));
#5327=CARTESIAN_POINT('',(-491.329244099412,28.5164042724874,544.205835034861));
#5328=CARTESIAN_POINT('',(-493.423244099412,27.2582021362437,544.205835034861));
#5329=CARTESIAN_POINT('Origin',(-491.329244099412,13.,544.205835034861));
#5330=CARTESIAN_POINT('',(-495.517244099412,0.,544.205835034861));
#5331=CARTESIAN_POINT('Origin',(-491.329244099412,0.,544.205835034861));
#5332=CARTESIAN_POINT('',(-495.517244099412,13.,544.205835034861));
#5333=CARTESIAN_POINT('Origin',(-431.329244099412,27.2582021362437,544.205835034861));
#5334=CARTESIAN_POINT('',(-435.517244099412,26.,544.205835034861));
#5335=CARTESIAN_POINT('Origin',(-431.329244099412,26.,544.205835034861));
#5336=CARTESIAN_POINT('',(-431.329244099412,28.5164042724874,544.205835034861));
#5337=CARTESIAN_POINT('',(-433.423244099412,27.2582021362437,544.205835034861));
#5338=CARTESIAN_POINT('Origin',(-431.329244099412,13.,544.205835034861));
#5339=CARTESIAN_POINT('',(-435.517244099412,0.,544.205835034861));
#5340=CARTESIAN_POINT('Origin',(-431.329244099412,0.,544.205835034861));
#5341=CARTESIAN_POINT('',(-435.517244099412,13.,544.205835034861));
#5342=CARTESIAN_POINT('Origin',(-431.329244099412,27.2582021362437,622.705835034861));
#5343=CARTESIAN_POINT('',(-435.517244099412,26.,622.705835034861));
#5344=CARTESIAN_POINT('Origin',(-431.329244099412,26.,622.705835034861));
#5345=CARTESIAN_POINT('',(-431.329244099412,28.5164042724874,622.705835034861));
#5346=CARTESIAN_POINT('',(-433.423244099412,27.2582021362437,622.705835034861));
#5347=CARTESIAN_POINT('Origin',(-431.329244099412,13.,622.705835034861));
#5348=CARTESIAN_POINT('',(-435.517244099412,0.,622.705835034861));
#5349=CARTESIAN_POINT('Origin',(-431.329244099412,0.,622.705835034861));
#5350=CARTESIAN_POINT('',(-435.517244099412,13.,622.705835034861));
#5351=CARTESIAN_POINT('Origin',(-491.329244099412,27.2582021362437,622.705835034861));
#5352=CARTESIAN_POINT('',(-495.517244099412,26.,622.705835034861));
#5353=CARTESIAN_POINT('Origin',(-491.329244099412,26.,622.705835034861));
#5354=CARTESIAN_POINT('',(-491.329244099412,28.5164042724874,622.705835034861));
#5355=CARTESIAN_POINT('',(-493.423244099412,27.2582021362437,622.705835034861));
#5356=CARTESIAN_POINT('Origin',(-491.329244099412,13.,622.705835034861));
#5357=CARTESIAN_POINT('',(-495.517244099412,0.,622.705835034861));
#5358=CARTESIAN_POINT('Origin',(-491.329244099412,0.,622.705835034861));
#5359=CARTESIAN_POINT('',(-495.517244099412,13.,622.705835034861));
#5360=CARTESIAN_POINT('Origin',(-1091.32924409941,27.2582021362437,544.205835034861));
#5361=CARTESIAN_POINT('',(-1095.51724409941,26.,544.205835034861));
#5362=CARTESIAN_POINT('Origin',(-1091.32924409941,26.,544.205835034861));
#5363=CARTESIAN_POINT('',(-1091.32924409941,28.5164042724874,544.205835034861));
#5364=CARTESIAN_POINT('',(-1093.42324409941,27.2582021362437,544.205835034861));
#5365=CARTESIAN_POINT('Origin',(-1091.32924409941,13.,544.205835034861));
#5366=CARTESIAN_POINT('',(-1095.51724409941,0.,544.205835034861));
#5367=CARTESIAN_POINT('Origin',(-1091.32924409941,0.,544.205835034861));
#5368=CARTESIAN_POINT('',(-1095.51724409941,13.,544.205835034861));
#5369=CARTESIAN_POINT('Origin',(-1031.32924409941,27.2582021362437,544.205835034861));
#5370=CARTESIAN_POINT('',(-1035.51724409941,26.,544.205835034861));
#5371=CARTESIAN_POINT('Origin',(-1031.32924409941,26.,544.205835034861));
#5372=CARTESIAN_POINT('',(-1031.32924409941,28.5164042724874,544.205835034861));
#5373=CARTESIAN_POINT('',(-1033.42324409941,27.2582021362437,544.205835034861));
#5374=CARTESIAN_POINT('Origin',(-1031.32924409941,13.,544.205835034861));
#5375=CARTESIAN_POINT('',(-1035.51724409941,0.,544.205835034861));
#5376=CARTESIAN_POINT('Origin',(-1031.32924409941,0.,544.205835034861));
#5377=CARTESIAN_POINT('',(-1035.51724409941,13.,544.205835034861));
#5378=CARTESIAN_POINT('Origin',(-1031.32924409941,27.2582021362437,622.705835034861));
#5379=CARTESIAN_POINT('',(-1035.51724409941,26.,622.705835034861));
#5380=CARTESIAN_POINT('Origin',(-1031.32924409941,26.,622.705835034861));
#5381=CARTESIAN_POINT('',(-1031.32924409941,28.5164042724874,622.705835034861));
#5382=CARTESIAN_POINT('',(-1033.42324409941,27.2582021362437,622.705835034861));
#5383=CARTESIAN_POINT('Origin',(-1031.32924409941,13.,622.705835034861));
#5384=CARTESIAN_POINT('',(-1035.51724409941,0.,622.705835034861));
#5385=CARTESIAN_POINT('Origin',(-1031.32924409941,0.,622.705835034861));
#5386=CARTESIAN_POINT('',(-1035.51724409941,13.,622.705835034861));
#5387=CARTESIAN_POINT('Origin',(-1091.32924409941,27.2582021362437,622.705835034861));
#5388=CARTESIAN_POINT('',(-1095.51724409941,26.,622.705835034861));
#5389=CARTESIAN_POINT('Origin',(-1091.32924409941,26.,622.705835034861));
#5390=CARTESIAN_POINT('',(-1091.32924409941,28.5164042724874,622.705835034861));
#5391=CARTESIAN_POINT('',(-1093.42324409941,27.2582021362437,622.705835034861));
#5392=CARTESIAN_POINT('Origin',(-1091.32924409941,13.,622.705835034861));
#5393=CARTESIAN_POINT('',(-1095.51724409941,0.,622.705835034861));
#5394=CARTESIAN_POINT('Origin',(-1091.32924409941,0.,622.705835034861));
#5395=CARTESIAN_POINT('',(-1095.51724409941,13.,622.705835034861));
#5396=CARTESIAN_POINT('Origin',(108.670755900587,27.2582021362437,-205.794164965139));
#5397=CARTESIAN_POINT('',(104.482755900587,26.,-205.794164965139));
#5398=CARTESIAN_POINT('Origin',(108.670755900587,26.,-205.794164965139));
#5399=CARTESIAN_POINT('',(108.670755900587,28.5164042724874,-205.794164965139));
#5400=CARTESIAN_POINT('',(106.576755900588,27.2582021362437,-205.794164965139));
#5401=CARTESIAN_POINT('Origin',(108.670755900587,13.,-205.794164965139));
#5402=CARTESIAN_POINT('',(104.482755900588,0.,-205.794164965139));
#5403=CARTESIAN_POINT('Origin',(108.670755900587,0.,-205.794164965139));
#5404=CARTESIAN_POINT('',(104.482755900588,13.,-205.794164965139));
#5405=CARTESIAN_POINT('Origin',(168.670755900588,27.2582021362437,-205.794164965139));
#5406=CARTESIAN_POINT('',(164.482755900588,26.,-205.794164965139));
#5407=CARTESIAN_POINT('Origin',(168.670755900588,26.,-205.794164965139));
#5408=CARTESIAN_POINT('',(168.670755900588,28.5164042724874,-205.794164965139));
#5409=CARTESIAN_POINT('',(166.576755900588,27.2582021362437,-205.794164965139));
#5410=CARTESIAN_POINT('Origin',(168.670755900588,13.,-205.794164965139));
#5411=CARTESIAN_POINT('',(164.482755900588,0.,-205.794164965139));
#5412=CARTESIAN_POINT('Origin',(168.670755900588,0.,-205.794164965139));
#5413=CARTESIAN_POINT('',(164.482755900588,13.,-205.794164965139));
#5414=CARTESIAN_POINT('Origin',(168.670755900588,27.2582021362437,-127.294164965139));
#5415=CARTESIAN_POINT('',(164.482755900588,26.,-127.294164965139));
#5416=CARTESIAN_POINT('Origin',(168.670755900588,26.,-127.294164965139));
#5417=CARTESIAN_POINT('',(168.670755900588,28.5164042724874,-127.294164965139));
#5418=CARTESIAN_POINT('',(166.576755900588,27.2582021362437,-127.294164965139));
#5419=CARTESIAN_POINT('Origin',(168.670755900588,13.,-127.294164965139));
#5420=CARTESIAN_POINT('',(164.482755900588,0.,-127.294164965139));
#5421=CARTESIAN_POINT('Origin',(168.670755900588,0.,-127.294164965139));
#5422=CARTESIAN_POINT('',(164.482755900588,13.,-127.294164965139));
#5423=CARTESIAN_POINT('Origin',(108.670755900587,27.2582021362437,-127.294164965139));
#5424=CARTESIAN_POINT('',(104.482755900588,26.,-127.294164965139));
#5425=CARTESIAN_POINT('Origin',(108.670755900587,26.,-127.294164965139));
#5426=CARTESIAN_POINT('',(108.670755900587,28.5164042724874,-127.294164965139));
#5427=CARTESIAN_POINT('',(106.576755900588,27.2582021362437,-127.294164965139));
#5428=CARTESIAN_POINT('Origin',(108.670755900587,13.,-127.294164965139));
#5429=CARTESIAN_POINT('',(104.482755900588,0.,-127.294164965139));
#5430=CARTESIAN_POINT('Origin',(108.670755900587,0.,-127.294164965139));
#5431=CARTESIAN_POINT('',(104.482755900588,13.,-127.294164965139));
#5432=CARTESIAN_POINT('Origin',(108.670755900587,27.2582021362437,-955.794164965139));
#5433=CARTESIAN_POINT('',(104.482755900587,26.,-955.794164965139));
#5434=CARTESIAN_POINT('Origin',(108.670755900587,26.,-955.794164965139));
#5435=CARTESIAN_POINT('',(108.670755900587,28.5164042724874,-955.794164965139));
#5436=CARTESIAN_POINT('',(106.576755900588,27.2582021362437,-955.794164965139));
#5437=CARTESIAN_POINT('Origin',(108.670755900587,13.,-955.794164965139));
#5438=CARTESIAN_POINT('',(104.482755900588,0.,-955.794164965139));
#5439=CARTESIAN_POINT('Origin',(108.670755900587,0.,-955.794164965139));
#5440=CARTESIAN_POINT('',(104.482755900588,13.,-955.794164965139));
#5441=CARTESIAN_POINT('Origin',(168.670755900588,27.2582021362437,-955.794164965139));
#5442=CARTESIAN_POINT('',(164.482755900588,26.,-955.794164965139));
#5443=CARTESIAN_POINT('Origin',(168.670755900588,26.,-955.794164965139));
#5444=CARTESIAN_POINT('',(168.670755900588,28.5164042724874,-955.794164965139));
#5445=CARTESIAN_POINT('',(166.576755900588,27.2582021362437,-955.794164965139));
#5446=CARTESIAN_POINT('Origin',(168.670755900588,13.,-955.794164965139));
#5447=CARTESIAN_POINT('',(164.482755900588,0.,-955.794164965139));
#5448=CARTESIAN_POINT('Origin',(168.670755900588,0.,-955.794164965139));
#5449=CARTESIAN_POINT('',(164.482755900588,13.,-955.794164965139));
#5450=CARTESIAN_POINT('Origin',(168.670755900588,27.2582021362437,-877.294164965139));
#5451=CARTESIAN_POINT('',(164.482755900588,26.,-877.294164965139));
#5452=CARTESIAN_POINT('Origin',(168.670755900588,26.,-877.294164965139));
#5453=CARTESIAN_POINT('',(168.670755900588,28.5164042724874,-877.294164965139));
#5454=CARTESIAN_POINT('',(166.576755900588,27.2582021362437,-877.294164965139));
#5455=CARTESIAN_POINT('Origin',(168.670755900588,13.,-877.294164965139));
#5456=CARTESIAN_POINT('',(164.482755900588,0.,-877.294164965139));
#5457=CARTESIAN_POINT('Origin',(168.670755900588,0.,-877.294164965139));
#5458=CARTESIAN_POINT('',(164.482755900588,13.,-877.294164965139));
#5459=CARTESIAN_POINT('Origin',(108.670755900587,27.2582021362437,-877.294164965139));
#5460=CARTESIAN_POINT('',(104.482755900587,26.,-877.294164965139));
#5461=CARTESIAN_POINT('Origin',(108.670755900587,26.,-877.294164965139));
#5462=CARTESIAN_POINT('',(108.670755900587,28.5164042724874,-877.294164965139));
#5463=CARTESIAN_POINT('',(106.576755900588,27.2582021362437,-877.294164965139));
#5464=CARTESIAN_POINT('Origin',(108.670755900587,13.,-877.294164965139));
#5465=CARTESIAN_POINT('',(104.482755900588,0.,-877.294164965139));
#5466=CARTESIAN_POINT('Origin',(108.670755900587,0.,-877.294164965139));
#5467=CARTESIAN_POINT('',(104.482755900588,13.,-877.294164965139));
#5468=CARTESIAN_POINT('Origin',(168.670755900588,27.2582021362437,-1705.79416496514));
#5469=CARTESIAN_POINT('',(164.482755900587,25.9999999999999,-1705.79416496514));
#5470=CARTESIAN_POINT('Origin',(168.670755900588,26.,-1705.79416496514));
#5471=CARTESIAN_POINT('',(168.670755900588,28.5164042724874,-1705.79416496514));
#5472=CARTESIAN_POINT('',(166.576755900588,27.2582021362437,-1705.79416496514));
#5473=CARTESIAN_POINT('Origin',(168.670755900588,13.,-1705.79416496514));
#5474=CARTESIAN_POINT('',(164.482755900588,0.,-1705.79416496514));
#5475=CARTESIAN_POINT('Origin',(168.670755900588,0.,-1705.79416496514));
#5476=CARTESIAN_POINT('',(164.482755900588,13.,-1705.79416496514));
#5477=CARTESIAN_POINT('Origin',(108.670755900587,27.2582021362437,-1705.79416496514));
#5478=CARTESIAN_POINT('',(104.482755900587,25.9999999999999,-1705.79416496514));
#5479=CARTESIAN_POINT('Origin',(108.670755900587,26.,-1705.79416496514));
#5480=CARTESIAN_POINT('',(108.670755900587,28.5164042724874,-1705.79416496514));
#5481=CARTESIAN_POINT('',(106.576755900588,27.2582021362437,-1705.79416496514));
#5482=CARTESIAN_POINT('Origin',(108.670755900587,13.,-1705.79416496514));
#5483=CARTESIAN_POINT('',(104.482755900588,0.,-1705.79416496514));
#5484=CARTESIAN_POINT('Origin',(108.670755900587,0.,-1705.79416496514));
#5485=CARTESIAN_POINT('',(104.482755900588,13.,-1705.79416496514));
#5486=CARTESIAN_POINT('Origin',(168.670755900588,27.2582021362437,-1627.29416496514));
#5487=CARTESIAN_POINT('',(164.482755900587,25.9999999999999,-1627.29416496514));
#5488=CARTESIAN_POINT('Origin',(168.670755900588,26.,-1627.29416496514));
#5489=CARTESIAN_POINT('',(168.670755900588,28.5164042724874,-1627.29416496514));
#5490=CARTESIAN_POINT('',(166.576755900588,27.2582021362437,-1627.29416496514));
#5491=CARTESIAN_POINT('Origin',(168.670755900588,13.,-1627.29416496514));
#5492=CARTESIAN_POINT('',(164.482755900588,0.,-1627.29416496514));
#5493=CARTESIAN_POINT('Origin',(168.670755900588,0.,-1627.29416496514));
#5494=CARTESIAN_POINT('',(164.482755900588,13.,-1627.29416496514));
#5495=CARTESIAN_POINT('Origin',(108.670755900587,27.2582021362437,-1627.29416496514));
#5496=CARTESIAN_POINT('',(104.482755900587,25.9999999999999,-1627.29416496514));
#5497=CARTESIAN_POINT('Origin',(108.670755900587,26.,-1627.29416496514));
#5498=CARTESIAN_POINT('',(108.670755900587,28.5164042724874,-1627.29416496514));
#5499=CARTESIAN_POINT('',(106.576755900588,27.2582021362437,-1627.29416496514));
#5500=CARTESIAN_POINT('Origin',(108.670755900587,13.,-1627.29416496514));
#5501=CARTESIAN_POINT('',(104.482755900588,0.,-1627.29416496514));
#5502=CARTESIAN_POINT('Origin',(108.670755900587,0.,-1627.29416496514));
#5503=CARTESIAN_POINT('',(104.482755900588,13.,-1627.29416496514));
#5504=CARTESIAN_POINT('Origin',(-1091.32924409941,27.2582021362437,-205.794164965139));
#5505=CARTESIAN_POINT('',(-1095.51724409941,26.,-205.794164965139));
#5506=CARTESIAN_POINT('Origin',(-1091.32924409941,26.,-205.794164965139));
#5507=CARTESIAN_POINT('',(-1091.32924409941,28.5164042724874,-205.794164965139));
#5508=CARTESIAN_POINT('',(-1093.42324409941,27.2582021362437,-205.794164965139));
#5509=CARTESIAN_POINT('Origin',(-1091.32924409941,13.,-205.794164965139));
#5510=CARTESIAN_POINT('',(-1095.51724409941,0.,-205.794164965139));
#5511=CARTESIAN_POINT('Origin',(-1091.32924409941,0.,-205.794164965139));
#5512=CARTESIAN_POINT('',(-1095.51724409941,13.,-205.794164965139));
#5513=CARTESIAN_POINT('Origin',(-1031.32924409941,27.2582021362437,-205.794164965139));
#5514=CARTESIAN_POINT('',(-1035.51724409941,26.,-205.794164965139));
#5515=CARTESIAN_POINT('Origin',(-1031.32924409941,26.,-205.794164965139));
#5516=CARTESIAN_POINT('',(-1031.32924409941,28.5164042724874,-205.794164965139));
#5517=CARTESIAN_POINT('',(-1033.42324409941,27.2582021362437,-205.794164965139));
#5518=CARTESIAN_POINT('Origin',(-1031.32924409941,13.,-205.794164965139));
#5519=CARTESIAN_POINT('',(-1035.51724409941,0.,-205.794164965139));
#5520=CARTESIAN_POINT('Origin',(-1031.32924409941,0.,-205.794164965139));
#5521=CARTESIAN_POINT('',(-1035.51724409941,13.,-205.794164965139));
#5522=CARTESIAN_POINT('Origin',(-1031.32924409941,27.2582021362437,-127.294164965139));
#5523=CARTESIAN_POINT('',(-1035.51724409941,26.,-127.294164965139));
#5524=CARTESIAN_POINT('Origin',(-1031.32924409941,26.,-127.294164965139));
#5525=CARTESIAN_POINT('',(-1031.32924409941,28.5164042724874,-127.294164965139));
#5526=CARTESIAN_POINT('',(-1033.42324409941,27.2582021362437,-127.294164965139));
#5527=CARTESIAN_POINT('Origin',(-1031.32924409941,13.,-127.294164965139));
#5528=CARTESIAN_POINT('',(-1035.51724409941,0.,-127.294164965139));
#5529=CARTESIAN_POINT('Origin',(-1031.32924409941,0.,-127.294164965139));
#5530=CARTESIAN_POINT('',(-1035.51724409941,13.,-127.294164965139));
#5531=CARTESIAN_POINT('Origin',(-1091.32924409941,27.2582021362437,-127.294164965139));
#5532=CARTESIAN_POINT('',(-1095.51724409941,26.,-127.294164965139));
#5533=CARTESIAN_POINT('Origin',(-1091.32924409941,26.,-127.294164965139));
#5534=CARTESIAN_POINT('',(-1091.32924409941,28.5164042724874,-127.294164965139));
#5535=CARTESIAN_POINT('',(-1093.42324409941,27.2582021362437,-127.294164965139));
#5536=CARTESIAN_POINT('Origin',(-1091.32924409941,13.,-127.294164965139));
#5537=CARTESIAN_POINT('',(-1095.51724409941,0.,-127.294164965139));
#5538=CARTESIAN_POINT('Origin',(-1091.32924409941,0.,-127.294164965139));
#5539=CARTESIAN_POINT('',(-1095.51724409941,13.,-127.294164965139));
#5540=CARTESIAN_POINT('Origin',(-1091.32924409941,27.2582021362437,-955.794164965139));
#5541=CARTESIAN_POINT('',(-1095.51724409941,26.,-955.794164965139));
#5542=CARTESIAN_POINT('Origin',(-1091.32924409941,26.,-955.794164965139));
#5543=CARTESIAN_POINT('',(-1091.32924409941,28.5164042724874,-955.794164965139));
#5544=CARTESIAN_POINT('',(-1093.42324409941,27.2582021362437,-955.794164965139));
#5545=CARTESIAN_POINT('Origin',(-1091.32924409941,13.,-955.794164965139));
#5546=CARTESIAN_POINT('',(-1095.51724409941,0.,-955.794164965139));
#5547=CARTESIAN_POINT('Origin',(-1091.32924409941,0.,-955.794164965139));
#5548=CARTESIAN_POINT('',(-1095.51724409941,13.,-955.794164965139));
#5549=CARTESIAN_POINT('Origin',(-1031.32924409941,27.2582021362437,-955.794164965139));
#5550=CARTESIAN_POINT('',(-1035.51724409941,26.,-955.794164965139));
#5551=CARTESIAN_POINT('Origin',(-1031.32924409941,26.,-955.794164965139));
#5552=CARTESIAN_POINT('',(-1031.32924409941,28.5164042724874,-955.794164965139));
#5553=CARTESIAN_POINT('',(-1033.42324409941,27.2582021362437,-955.794164965139));
#5554=CARTESIAN_POINT('Origin',(-1031.32924409941,13.,-955.794164965139));
#5555=CARTESIAN_POINT('',(-1035.51724409941,0.,-955.794164965139));
#5556=CARTESIAN_POINT('Origin',(-1031.32924409941,0.,-955.794164965139));
#5557=CARTESIAN_POINT('',(-1035.51724409941,13.,-955.794164965139));
#5558=CARTESIAN_POINT('Origin',(-1031.32924409941,27.2582021362437,-877.294164965139));
#5559=CARTESIAN_POINT('',(-1035.51724409941,26.,-877.294164965139));
#5560=CARTESIAN_POINT('Origin',(-1031.32924409941,26.,-877.294164965139));
#5561=CARTESIAN_POINT('',(-1031.32924409941,28.5164042724874,-877.294164965139));
#5562=CARTESIAN_POINT('',(-1033.42324409941,27.2582021362437,-877.294164965139));
#5563=CARTESIAN_POINT('Origin',(-1031.32924409941,13.,-877.294164965139));
#5564=CARTESIAN_POINT('',(-1035.51724409941,0.,-877.294164965139));
#5565=CARTESIAN_POINT('Origin',(-1031.32924409941,0.,-877.294164965139));
#5566=CARTESIAN_POINT('',(-1035.51724409941,13.,-877.294164965139));
#5567=CARTESIAN_POINT('Origin',(-1091.32924409941,27.2582021362437,-877.294164965139));
#5568=CARTESIAN_POINT('',(-1095.51724409941,26.,-877.294164965139));
#5569=CARTESIAN_POINT('Origin',(-1091.32924409941,26.,-877.294164965139));
#5570=CARTESIAN_POINT('',(-1091.32924409941,28.5164042724874,-877.294164965139));
#5571=CARTESIAN_POINT('',(-1093.42324409941,27.2582021362437,-877.294164965139));
#5572=CARTESIAN_POINT('Origin',(-1091.32924409941,13.,-877.294164965139));
#5573=CARTESIAN_POINT('',(-1095.51724409941,0.,-877.294164965139));
#5574=CARTESIAN_POINT('Origin',(-1091.32924409941,0.,-877.294164965139));
#5575=CARTESIAN_POINT('',(-1095.51724409941,13.,-877.294164965139));
#5576=CARTESIAN_POINT('Origin',(-1031.32924409941,27.2582021362437,-1705.79416496514));
#5577=CARTESIAN_POINT('',(-1035.51724409941,25.9999999999999,-1705.79416496514));
#5578=CARTESIAN_POINT('Origin',(-1031.32924409941,26.,-1705.79416496514));
#5579=CARTESIAN_POINT('',(-1031.32924409941,28.5164042724874,-1705.79416496514));
#5580=CARTESIAN_POINT('',(-1033.42324409941,27.2582021362437,-1705.79416496514));
#5581=CARTESIAN_POINT('Origin',(-1031.32924409941,13.,-1705.79416496514));
#5582=CARTESIAN_POINT('',(-1035.51724409941,0.,-1705.79416496514));
#5583=CARTESIAN_POINT('Origin',(-1031.32924409941,0.,-1705.79416496514));
#5584=CARTESIAN_POINT('',(-1035.51724409941,13.,-1705.79416496514));
#5585=CARTESIAN_POINT('Origin',(-1031.32924409941,27.2582021362437,-1627.29416496514));
#5586=CARTESIAN_POINT('',(-1035.51724409941,25.9999999999999,-1627.29416496514));
#5587=CARTESIAN_POINT('Origin',(-1031.32924409941,26.,-1627.29416496514));
#5588=CARTESIAN_POINT('',(-1031.32924409941,28.5164042724874,-1627.29416496514));
#5589=CARTESIAN_POINT('',(-1033.42324409941,27.2582021362437,-1627.29416496514));
#5590=CARTESIAN_POINT('Origin',(-1031.32924409941,13.,-1627.29416496514));
#5591=CARTESIAN_POINT('',(-1035.51724409941,0.,-1627.29416496514));
#5592=CARTESIAN_POINT('Origin',(-1031.32924409941,0.,-1627.29416496514));
#5593=CARTESIAN_POINT('',(-1035.51724409941,13.,-1627.29416496514));
#5594=CARTESIAN_POINT('Origin',(-1091.32924409941,27.2582021362437,-1705.79416496514));
#5595=CARTESIAN_POINT('',(-1095.51724409941,25.9999999999999,-1705.79416496514));
#5596=CARTESIAN_POINT('Origin',(-1091.32924409941,26.,-1705.79416496514));
#5597=CARTESIAN_POINT('',(-1091.32924409941,28.5164042724874,-1705.79416496514));
#5598=CARTESIAN_POINT('',(-1093.42324409941,27.2582021362437,-1705.79416496514));
#5599=CARTESIAN_POINT('Origin',(-1091.32924409941,13.,-1705.79416496514));
#5600=CARTESIAN_POINT('',(-1095.51724409941,0.,-1705.79416496514));
#5601=CARTESIAN_POINT('Origin',(-1091.32924409941,0.,-1705.79416496514));
#5602=CARTESIAN_POINT('',(-1095.51724409941,13.,-1705.79416496514));
#5603=CARTESIAN_POINT('Origin',(-1091.32924409941,27.2582021362437,-1627.29416496514));
#5604=CARTESIAN_POINT('',(-1095.51724409941,25.9999999999999,-1627.29416496514));
#5605=CARTESIAN_POINT('Origin',(-1091.32924409941,26.,-1627.29416496514));
#5606=CARTESIAN_POINT('',(-1091.32924409941,28.5164042724874,-1627.29416496514));
#5607=CARTESIAN_POINT('',(-1093.42324409941,27.2582021362437,-1627.29416496514));
#5608=CARTESIAN_POINT('Origin',(-1091.32924409941,13.,-1627.29416496514));
#5609=CARTESIAN_POINT('',(-1095.51724409941,0.,-1627.29416496514));
#5610=CARTESIAN_POINT('Origin',(-1091.32924409941,0.,-1627.29416496514));
#5611=CARTESIAN_POINT('',(-1095.51724409941,13.,-1627.29416496514));
#5612=CARTESIAN_POINT('Origin',(-561.329244099413,0.,283.455835034861));
#5613=CARTESIAN_POINT('',(-361.329244099413,40.,283.455835034861));
#5614=CARTESIAN_POINT('',(-561.329244099413,40.,283.455835034861));
#5615=CARTESIAN_POINT('',(-511.329244099413,40.,283.455835034861));
#5616=CARTESIAN_POINT('',(-361.329244099413,0.,283.455835034861));
#5617=CARTESIAN_POINT('',(-361.329244099413,0.,283.455835034861));
#5618=CARTESIAN_POINT('',(-561.329244099413,0.,283.455835034861));
#5619=CARTESIAN_POINT('',(-511.329244099413,0.,283.455835034861));
#5620=CARTESIAN_POINT('',(-561.329244099413,0.,283.455835034861));
#5621=CARTESIAN_POINT('Origin',(-561.329244099413,0.,33.4558350348607));
#5622=CARTESIAN_POINT('',(-811.329244099413,40.,33.4558350348607));
#5623=CARTESIAN_POINT('Origin',(-561.329244099413,40.,33.4558350348607));
#5624=CARTESIAN_POINT('',(-811.329244099413,0.,33.4558350348607));
#5625=CARTESIAN_POINT('Origin',(-561.329244099413,0.,33.4558350348607));
#5626=CARTESIAN_POINT('',(-811.329244099413,0.,33.4558350348607));
#5627=CARTESIAN_POINT('Origin',(-811.329244099413,0.,-1816.54416496514));
#5628=CARTESIAN_POINT('',(-811.329244099413,40.,-1816.54416496514));
#5629=CARTESIAN_POINT('',(-811.329244099413,40.,-991.544164965139));
#5630=CARTESIAN_POINT('',(-811.329244099413,0.,-1816.54416496514));
#5631=CARTESIAN_POINT('',(-811.329244099413,0.,-991.544164965139));
#5632=CARTESIAN_POINT('',(-811.329244099413,0.,-1816.54416496514));
#5633=CARTESIAN_POINT('Origin',(-111.329244099413,0.,33.4558350348607));
#5634=CARTESIAN_POINT('',(-111.329244099413,40.,-1816.54416496514));
#5635=CARTESIAN_POINT('',(-111.329244099413,40.,33.4558350348607));
#5636=CARTESIAN_POINT('',(-111.329244099413,40.,-66.5441649651394));
#5637=CARTESIAN_POINT('',(-111.329244099413,0.,-1816.54416496514));
#5638=CARTESIAN_POINT('',(-111.329244099413,0.,-1816.54416496514));
#5639=CARTESIAN_POINT('',(-111.329244099413,0.,33.4558350348607));
#5640=CARTESIAN_POINT('',(-111.329244099413,0.,-66.5441649651394));
#5641=CARTESIAN_POINT('',(-111.329244099413,0.,33.4558350348607));
#5642=CARTESIAN_POINT('Origin',(-361.329244099413,0.,33.4558350348607));
#5643=CARTESIAN_POINT('Origin',(-361.329244099413,40.,33.4558350348607));
#5644=CARTESIAN_POINT('Origin',(-361.329244099413,0.,33.4558350348607));
#5645=CARTESIAN_POINT('Origin',(-461.329244099412,40.,-166.544164965139));
#5646=CARTESIAN_POINT('',(-1211.32924409941,40.,-1816.54416496514));
#5647=CARTESIAN_POINT('',(288.670755900587,40.,-1816.54416496514));
#5648=CARTESIAN_POINT('',(-1361.32924409941,40.,-1666.54416496514));
#5649=CARTESIAN_POINT('Origin',(-1211.32924409941,40.,-1666.54416496514));
#5650=CARTESIAN_POINT('',(-1361.32924409941,40.,1333.45583503486));
#5651=CARTESIAN_POINT('',(-1361.32924409941,40.,-1666.54416496514));
#5652=CARTESIAN_POINT('',(-1211.32924409941,40.,1483.45583503486));
#5653=CARTESIAN_POINT('Origin',(-1211.32924409941,40.,1333.45583503486));
#5654=CARTESIAN_POINT('',(288.670755900588,40.,1483.45583503486));
#5655=CARTESIAN_POINT('',(-1211.32924409941,40.,1483.45583503486));
#5656=CARTESIAN_POINT('',(438.670755900588,40.,1333.45583503486));
#5657=CARTESIAN_POINT('Origin',(288.670755900588,40.,1333.45583503486));
#5658=CARTESIAN_POINT('',(438.670755900587,40.,-1666.54416496514));
#5659=CARTESIAN_POINT('',(438.670755900588,40.,1333.45583503486));
#5660=CARTESIAN_POINT('',(288.670755900587,40.,-1816.54416496514));
#5661=CARTESIAN_POINT('Origin',(288.670755900587,40.,-1666.54416496514));
#5662=CARTESIAN_POINT('',(288.670755900587,40.,-1816.54416496514));
#5663=CARTESIAN_POINT('Origin',(288.670755900587,0.,-1816.54416496514));
#5664=CARTESIAN_POINT('',(-1211.32924409941,0.,-1816.54416496514));
#5665=CARTESIAN_POINT('',(288.670755900587,0.,-1816.54416496514));
#5666=CARTESIAN_POINT('',(-1211.32924409941,0.,-1816.54416496514));
#5667=CARTESIAN_POINT('Origin',(-1211.32924409941,0.,1483.45583503486));
#5668=CARTESIAN_POINT('',(-1211.32924409941,0.,1483.45583503486));
#5669=CARTESIAN_POINT('',(288.670755900588,0.,1483.45583503486));
#5670=CARTESIAN_POINT('',(-1211.32924409941,0.,1483.45583503486));
#5671=CARTESIAN_POINT('',(288.670755900588,0.,1483.45583503486));
#5672=CARTESIAN_POINT('',(-1211.32924409941,0.,1483.45583503486));
#5673=CARTESIAN_POINT('Origin',(-1211.32924409941,0.,1333.45583503486));
#5674=CARTESIAN_POINT('',(-1361.32924409941,0.,1333.45583503486));
#5675=CARTESIAN_POINT('Origin',(-1211.32924409941,0.,1333.45583503486));
#5676=CARTESIAN_POINT('',(-1361.32924409941,0.,1333.45583503486));
#5677=CARTESIAN_POINT('Origin',(-1361.32924409941,0.,-1666.54416496514));
#5678=CARTESIAN_POINT('',(-1361.32924409941,0.,-1666.54416496514));
#5679=CARTESIAN_POINT('',(-1361.32924409941,0.,-1666.54416496514));
#5680=CARTESIAN_POINT('',(-1361.32924409941,0.,-1666.54416496514));
#5681=CARTESIAN_POINT('Origin',(-1211.32924409941,0.,-1666.54416496514));
#5682=CARTESIAN_POINT('Origin',(-1211.32924409941,0.,-1666.54416496514));
#5683=CARTESIAN_POINT('Origin',(288.670755900587,0.,-1816.54416496514));
#5684=CARTESIAN_POINT('',(288.670755900587,0.,-1816.54416496514));
#5685=CARTESIAN_POINT('',(288.670755900587,0.,-1816.54416496514));
#5686=CARTESIAN_POINT('',(288.670755900587,0.,-1816.54416496514));
#5687=CARTESIAN_POINT('Origin',(288.670755900587,0.,-1666.54416496514));
#5688=CARTESIAN_POINT('',(438.670755900587,0.,-1666.54416496514));
#5689=CARTESIAN_POINT('Origin',(288.670755900587,0.,-1666.54416496514));
#5690=CARTESIAN_POINT('',(438.670755900587,0.,-1666.54416496514));
#5691=CARTESIAN_POINT('Origin',(438.670755900588,0.,1333.45583503486));
#5692=CARTESIAN_POINT('',(438.670755900588,0.,1333.45583503486));
#5693=CARTESIAN_POINT('',(438.670755900588,0.,1333.45583503486));
#5694=CARTESIAN_POINT('',(438.670755900588,0.,1333.45583503486));
#5695=CARTESIAN_POINT('Origin',(288.670755900588,0.,1333.45583503486));
#5696=CARTESIAN_POINT('Origin',(288.670755900588,0.,1333.45583503486));
#5697=CARTESIAN_POINT('Origin',(-461.329244099412,0.,-166.544164965139));
#5698=CARTESIAN_POINT('Origin',(108.670755900587,31.5440386397543,1294.20583503486));
#5699=CARTESIAN_POINT('',(108.670755900587,34.3495712585641,1294.20583503486));
#5700=CARTESIAN_POINT('',(99.4827559005875,28.8288638909389,1294.20583503486));
#5701=CARTESIAN_POINT('',(104.001565526037,31.5440386397543,1294.20583503486));
#5702=CARTESIAN_POINT('Origin',(108.670755900587,28.8288638909389,1294.20583503486));
#5703=CARTESIAN_POINT('Origin',(108.670755900587,13.,1294.20583503486));
#5704=CARTESIAN_POINT('',(99.4827559005875,5.,1294.20583503486));
#5705=CARTESIAN_POINT('',(99.4827559005875,13.,1294.20583503486));
#5706=CARTESIAN_POINT('Origin',(108.670755900587,5.,1294.20583503486));
#5707=CARTESIAN_POINT('Origin',(168.670755900588,31.5440386397543,1294.20583503486));
#5708=CARTESIAN_POINT('',(168.670755900588,34.3495712585641,1294.20583503486));
#5709=CARTESIAN_POINT('',(159.482755900588,28.8288638909389,1294.20583503486));
#5710=CARTESIAN_POINT('',(164.001565526037,31.5440386397543,1294.20583503486));
#5711=CARTESIAN_POINT('Origin',(168.670755900588,28.8288638909389,1294.20583503486));
#5712=CARTESIAN_POINT('Origin',(168.670755900588,13.,1294.20583503486));
#5713=CARTESIAN_POINT('',(159.482755900588,5.,1294.20583503486));
#5714=CARTESIAN_POINT('',(159.482755900588,13.,1294.20583503486));
#5715=CARTESIAN_POINT('Origin',(168.670755900588,5.,1294.20583503486));
#5716=CARTESIAN_POINT('Origin',(168.670755900588,31.5440386397543,1372.70583503486));
#5717=CARTESIAN_POINT('',(168.670755900588,34.3495712585641,1372.70583503486));
#5718=CARTESIAN_POINT('',(159.482755900588,28.8288638909389,1372.70583503486));
#5719=CARTESIAN_POINT('',(164.001565526037,31.5440386397543,1372.70583503486));
#5720=CARTESIAN_POINT('Origin',(168.670755900588,28.8288638909389,1372.70583503486));
#5721=CARTESIAN_POINT('Origin',(168.670755900588,13.,1372.70583503486));
#5722=CARTESIAN_POINT('',(159.482755900588,5.,1372.70583503486));
#5723=CARTESIAN_POINT('',(159.482755900588,13.,1372.70583503486));
#5724=CARTESIAN_POINT('Origin',(168.670755900588,5.,1372.70583503486));
#5725=CARTESIAN_POINT('Origin',(108.670755900587,31.5440386397543,1372.70583503486));
#5726=CARTESIAN_POINT('',(108.670755900587,34.3495712585641,1372.70583503486));
#5727=CARTESIAN_POINT('',(99.4827559005875,28.8288638909389,1372.70583503486));
#5728=CARTESIAN_POINT('',(104.001565526037,31.5440386397543,1372.70583503486));
#5729=CARTESIAN_POINT('Origin',(108.670755900587,28.8288638909389,1372.70583503486));
#5730=CARTESIAN_POINT('Origin',(108.670755900587,13.,1372.70583503486));
#5731=CARTESIAN_POINT('',(99.4827559005875,5.,1372.70583503486));
#5732=CARTESIAN_POINT('',(99.4827559005875,13.,1372.70583503486));
#5733=CARTESIAN_POINT('Origin',(108.670755900587,5.,1372.70583503486));
#5734=CARTESIAN_POINT('Origin',(-491.329244099412,31.5440386397543,1294.20583503486));
#5735=CARTESIAN_POINT('',(-491.329244099412,34.3495712585641,1294.20583503486));
#5736=CARTESIAN_POINT('',(-500.517244099412,28.8288638909389,1294.20583503486));
#5737=CARTESIAN_POINT('',(-495.998434473962,31.5440386397543,1294.20583503486));
#5738=CARTESIAN_POINT('Origin',(-491.329244099412,28.8288638909389,1294.20583503486));
#5739=CARTESIAN_POINT('Origin',(-491.329244099412,13.,1294.20583503486));
#5740=CARTESIAN_POINT('',(-500.517244099412,5.,1294.20583503486));
#5741=CARTESIAN_POINT('',(-500.517244099412,13.,1294.20583503486));
#5742=CARTESIAN_POINT('Origin',(-491.329244099412,5.,1294.20583503486));
#5743=CARTESIAN_POINT('Origin',(-431.329244099412,31.5440386397543,1294.20583503486));
#5744=CARTESIAN_POINT('',(-431.329244099412,34.3495712585641,1294.20583503486));
#5745=CARTESIAN_POINT('',(-440.517244099412,28.8288638909389,1294.20583503486));
#5746=CARTESIAN_POINT('',(-435.998434473962,31.5440386397543,1294.20583503486));
#5747=CARTESIAN_POINT('Origin',(-431.329244099412,28.8288638909389,1294.20583503486));
#5748=CARTESIAN_POINT('Origin',(-431.329244099412,13.,1294.20583503486));
#5749=CARTESIAN_POINT('',(-440.517244099412,5.,1294.20583503486));
#5750=CARTESIAN_POINT('',(-440.517244099412,13.,1294.20583503486));
#5751=CARTESIAN_POINT('Origin',(-431.329244099412,5.,1294.20583503486));
#5752=CARTESIAN_POINT('Origin',(-431.329244099412,31.5440386397543,1372.70583503486));
#5753=CARTESIAN_POINT('',(-431.329244099412,34.3495712585641,1372.70583503486));
#5754=CARTESIAN_POINT('',(-440.517244099412,28.8288638909389,1372.70583503486));
#5755=CARTESIAN_POINT('',(-435.998434473962,31.5440386397543,1372.70583503486));
#5756=CARTESIAN_POINT('Origin',(-431.329244099412,28.8288638909389,1372.70583503486));
#5757=CARTESIAN_POINT('Origin',(-431.329244099412,13.,1372.70583503486));
#5758=CARTESIAN_POINT('',(-440.517244099412,5.,1372.70583503486));
#5759=CARTESIAN_POINT('',(-440.517244099412,13.,1372.70583503486));
#5760=CARTESIAN_POINT('Origin',(-431.329244099412,5.,1372.70583503486));
#5761=CARTESIAN_POINT('Origin',(-491.329244099412,31.5440386397543,1372.70583503486));
#5762=CARTESIAN_POINT('',(-491.329244099412,34.3495712585641,1372.70583503486));
#5763=CARTESIAN_POINT('',(-500.517244099412,28.8288638909389,1372.70583503486));
#5764=CARTESIAN_POINT('',(-495.998434473962,31.5440386397543,1372.70583503486));
#5765=CARTESIAN_POINT('Origin',(-491.329244099412,28.8288638909389,1372.70583503486));
#5766=CARTESIAN_POINT('Origin',(-491.329244099412,13.,1372.70583503486));
#5767=CARTESIAN_POINT('',(-500.517244099412,5.,1372.70583503486));
#5768=CARTESIAN_POINT('',(-500.517244099412,13.,1372.70583503486));
#5769=CARTESIAN_POINT('Origin',(-491.329244099412,5.,1372.70583503486));
#5770=CARTESIAN_POINT('Origin',(-1091.32924409941,31.5440386397543,1294.20583503486));
#5771=CARTESIAN_POINT('',(-1091.32924409941,34.3495712585641,1294.20583503486));
#5772=CARTESIAN_POINT('',(-1100.51724409941,28.8288638909389,1294.20583503486));
#5773=CARTESIAN_POINT('',(-1095.99843447396,31.5440386397543,1294.20583503486));
#5774=CARTESIAN_POINT('Origin',(-1091.32924409941,28.8288638909389,1294.20583503486));
#5775=CARTESIAN_POINT('Origin',(-1091.32924409941,13.,1294.20583503486));
#5776=CARTESIAN_POINT('',(-1100.51724409941,5.,1294.20583503486));
#5777=CARTESIAN_POINT('',(-1100.51724409941,13.,1294.20583503486));
#5778=CARTESIAN_POINT('Origin',(-1091.32924409941,5.,1294.20583503486));
#5779=CARTESIAN_POINT('Origin',(-1031.32924409941,31.5440386397543,1294.20583503486));
#5780=CARTESIAN_POINT('',(-1031.32924409941,34.3495712585641,1294.20583503486));
#5781=CARTESIAN_POINT('',(-1040.51724409941,28.8288638909389,1294.20583503486));
#5782=CARTESIAN_POINT('',(-1035.99843447396,31.5440386397543,1294.20583503486));
#5783=CARTESIAN_POINT('Origin',(-1031.32924409941,28.8288638909389,1294.20583503486));
#5784=CARTESIAN_POINT('Origin',(-1031.32924409941,13.,1294.20583503486));
#5785=CARTESIAN_POINT('',(-1040.51724409941,5.,1294.20583503486));
#5786=CARTESIAN_POINT('',(-1040.51724409941,13.,1294.20583503486));
#5787=CARTESIAN_POINT('Origin',(-1031.32924409941,5.,1294.20583503486));
#5788=CARTESIAN_POINT('Origin',(-1031.32924409941,31.5440386397543,1372.70583503486));
#5789=CARTESIAN_POINT('',(-1031.32924409941,34.3495712585641,1372.70583503486));
#5790=CARTESIAN_POINT('',(-1040.51724409941,28.8288638909389,1372.70583503486));
#5791=CARTESIAN_POINT('',(-1035.99843447396,31.5440386397543,1372.70583503486));
#5792=CARTESIAN_POINT('Origin',(-1031.32924409941,28.8288638909389,1372.70583503486));
#5793=CARTESIAN_POINT('Origin',(-1031.32924409941,13.,1372.70583503486));
#5794=CARTESIAN_POINT('',(-1040.51724409941,5.,1372.70583503486));
#5795=CARTESIAN_POINT('',(-1040.51724409941,13.,1372.70583503486));
#5796=CARTESIAN_POINT('Origin',(-1031.32924409941,5.,1372.70583503486));
#5797=CARTESIAN_POINT('Origin',(-1091.32924409941,31.5440386397543,1372.70583503486));
#5798=CARTESIAN_POINT('',(-1091.32924409941,34.3495712585641,1372.70583503486));
#5799=CARTESIAN_POINT('',(-1100.51724409941,28.8288638909389,1372.70583503486));
#5800=CARTESIAN_POINT('',(-1095.99843447396,31.5440386397543,1372.70583503486));
#5801=CARTESIAN_POINT('Origin',(-1091.32924409941,28.8288638909389,1372.70583503486));
#5802=CARTESIAN_POINT('Origin',(-1091.32924409941,13.,1372.70583503486));
#5803=CARTESIAN_POINT('',(-1100.51724409941,5.,1372.70583503486));
#5804=CARTESIAN_POINT('',(-1100.51724409941,13.,1372.70583503486));
#5805=CARTESIAN_POINT('Origin',(-1091.32924409941,5.,1372.70583503486));
#5806=CARTESIAN_POINT('Origin',(108.670755900587,31.5440386397543,544.205835034861));
#5807=CARTESIAN_POINT('',(108.670755900587,34.3495712585641,544.205835034861));
#5808=CARTESIAN_POINT('',(99.4827559005875,28.8288638909389,544.205835034861));
#5809=CARTESIAN_POINT('',(104.001565526037,31.5440386397543,544.205835034861));
#5810=CARTESIAN_POINT('Origin',(108.670755900587,28.8288638909389,544.205835034861));
#5811=CARTESIAN_POINT('Origin',(108.670755900587,13.,544.205835034861));
#5812=CARTESIAN_POINT('',(99.4827559005875,5.,544.205835034861));
#5813=CARTESIAN_POINT('',(99.4827559005875,13.,544.205835034861));
#5814=CARTESIAN_POINT('Origin',(108.670755900587,5.,544.205835034861));
#5815=CARTESIAN_POINT('Origin',(168.670755900588,31.5440386397543,544.205835034861));
#5816=CARTESIAN_POINT('',(168.670755900588,34.3495712585641,544.205835034861));
#5817=CARTESIAN_POINT('',(159.482755900588,28.8288638909389,544.205835034861));
#5818=CARTESIAN_POINT('',(164.001565526037,31.5440386397543,544.205835034861));
#5819=CARTESIAN_POINT('Origin',(168.670755900588,28.8288638909389,544.205835034861));
#5820=CARTESIAN_POINT('Origin',(168.670755900588,13.,544.205835034861));
#5821=CARTESIAN_POINT('',(159.482755900588,5.,544.205835034861));
#5822=CARTESIAN_POINT('',(159.482755900588,13.,544.205835034861));
#5823=CARTESIAN_POINT('Origin',(168.670755900588,5.,544.205835034861));
#5824=CARTESIAN_POINT('Origin',(168.670755900588,31.5440386397543,622.705835034861));
#5825=CARTESIAN_POINT('',(168.670755900588,34.3495712585641,622.705835034861));
#5826=CARTESIAN_POINT('',(159.482755900588,28.8288638909389,622.705835034861));
#5827=CARTESIAN_POINT('',(164.001565526037,31.5440386397543,622.705835034861));
#5828=CARTESIAN_POINT('Origin',(168.670755900588,28.8288638909389,622.705835034861));
#5829=CARTESIAN_POINT('Origin',(168.670755900588,13.,622.705835034861));
#5830=CARTESIAN_POINT('',(159.482755900588,5.,622.705835034861));
#5831=CARTESIAN_POINT('',(159.482755900588,13.,622.705835034861));
#5832=CARTESIAN_POINT('Origin',(168.670755900588,5.,622.705835034861));
#5833=CARTESIAN_POINT('Origin',(108.670755900587,31.5440386397543,622.705835034861));
#5834=CARTESIAN_POINT('',(108.670755900587,34.3495712585641,622.705835034861));
#5835=CARTESIAN_POINT('',(99.4827559005875,28.8288638909389,622.705835034861));
#5836=CARTESIAN_POINT('',(104.001565526037,31.5440386397543,622.705835034861));
#5837=CARTESIAN_POINT('Origin',(108.670755900587,28.8288638909389,622.705835034861));
#5838=CARTESIAN_POINT('Origin',(108.670755900587,13.,622.705835034861));
#5839=CARTESIAN_POINT('',(99.4827559005875,5.,622.705835034861));
#5840=CARTESIAN_POINT('',(99.4827559005875,13.,622.705835034861));
#5841=CARTESIAN_POINT('Origin',(108.670755900587,5.,622.705835034861));
#5842=CARTESIAN_POINT('Origin',(-491.329244099412,31.5440386397543,544.205835034861));
#5843=CARTESIAN_POINT('',(-491.329244099412,34.3495712585641,544.205835034861));
#5844=CARTESIAN_POINT('',(-500.517244099412,28.8288638909389,544.205835034861));
#5845=CARTESIAN_POINT('',(-495.998434473962,31.5440386397543,544.205835034861));
#5846=CARTESIAN_POINT('Origin',(-491.329244099412,28.8288638909389,544.205835034861));
#5847=CARTESIAN_POINT('Origin',(-491.329244099412,13.,544.205835034861));
#5848=CARTESIAN_POINT('',(-500.517244099412,5.,544.205835034861));
#5849=CARTESIAN_POINT('',(-500.517244099412,13.,544.205835034861));
#5850=CARTESIAN_POINT('Origin',(-491.329244099412,5.,544.205835034861));
#5851=CARTESIAN_POINT('Origin',(-431.329244099412,31.5440386397543,544.205835034861));
#5852=CARTESIAN_POINT('',(-431.329244099412,34.3495712585641,544.205835034861));
#5853=CARTESIAN_POINT('',(-440.517244099412,28.8288638909389,544.205835034861));
#5854=CARTESIAN_POINT('',(-435.998434473962,31.5440386397543,544.205835034861));
#5855=CARTESIAN_POINT('Origin',(-431.329244099412,28.8288638909389,544.205835034861));
#5856=CARTESIAN_POINT('Origin',(-431.329244099412,13.,544.205835034861));
#5857=CARTESIAN_POINT('',(-440.517244099412,5.,544.205835034861));
#5858=CARTESIAN_POINT('',(-440.517244099412,13.,544.205835034861));
#5859=CARTESIAN_POINT('Origin',(-431.329244099412,5.,544.205835034861));
#5860=CARTESIAN_POINT('Origin',(-431.329244099412,31.5440386397543,622.705835034861));
#5861=CARTESIAN_POINT('',(-431.329244099412,34.3495712585641,622.705835034861));
#5862=CARTESIAN_POINT('',(-440.517244099412,28.8288638909389,622.705835034861));
#5863=CARTESIAN_POINT('',(-435.998434473962,31.5440386397543,622.705835034861));
#5864=CARTESIAN_POINT('Origin',(-431.329244099412,28.8288638909389,622.705835034861));
#5865=CARTESIAN_POINT('Origin',(-431.329244099412,13.,622.705835034861));
#5866=CARTESIAN_POINT('',(-440.517244099412,5.,622.705835034861));
#5867=CARTESIAN_POINT('',(-440.517244099412,13.,622.705835034861));
#5868=CARTESIAN_POINT('Origin',(-431.329244099412,5.,622.705835034861));
#5869=CARTESIAN_POINT('Origin',(-491.329244099412,31.5440386397543,622.705835034861));
#5870=CARTESIAN_POINT('',(-491.329244099412,34.3495712585641,622.705835034861));
#5871=CARTESIAN_POINT('',(-500.517244099412,28.8288638909389,622.705835034861));
#5872=CARTESIAN_POINT('',(-495.998434473962,31.5440386397543,622.705835034861));
#5873=CARTESIAN_POINT('Origin',(-491.329244099412,28.8288638909389,622.705835034861));
#5874=CARTESIAN_POINT('Origin',(-491.329244099412,13.,622.705835034861));
#5875=CARTESIAN_POINT('',(-500.517244099412,5.,622.705835034861));
#5876=CARTESIAN_POINT('',(-500.517244099412,13.,622.705835034861));
#5877=CARTESIAN_POINT('Origin',(-491.329244099412,5.,622.705835034861));
#5878=CARTESIAN_POINT('Origin',(-1091.32924409941,31.5440386397543,544.205835034861));
#5879=CARTESIAN_POINT('',(-1091.32924409941,34.3495712585641,544.205835034861));
#5880=CARTESIAN_POINT('',(-1100.51724409941,28.8288638909389,544.205835034861));
#5881=CARTESIAN_POINT('',(-1095.99843447396,31.5440386397543,544.205835034861));
#5882=CARTESIAN_POINT('Origin',(-1091.32924409941,28.8288638909389,544.205835034861));
#5883=CARTESIAN_POINT('Origin',(-1091.32924409941,13.,544.205835034861));
#5884=CARTESIAN_POINT('',(-1100.51724409941,5.,544.205835034861));
#5885=CARTESIAN_POINT('',(-1100.51724409941,13.,544.205835034861));
#5886=CARTESIAN_POINT('Origin',(-1091.32924409941,5.,544.205835034861));
#5887=CARTESIAN_POINT('Origin',(-1031.32924409941,31.5440386397543,544.205835034861));
#5888=CARTESIAN_POINT('',(-1031.32924409941,34.3495712585641,544.205835034861));
#5889=CARTESIAN_POINT('',(-1040.51724409941,28.8288638909389,544.205835034861));
#5890=CARTESIAN_POINT('',(-1035.99843447396,31.5440386397543,544.205835034861));
#5891=CARTESIAN_POINT('Origin',(-1031.32924409941,28.8288638909389,544.205835034861));
#5892=CARTESIAN_POINT('Origin',(-1031.32924409941,13.,544.205835034861));
#5893=CARTESIAN_POINT('',(-1040.51724409941,5.,544.205835034861));
#5894=CARTESIAN_POINT('',(-1040.51724409941,13.,544.205835034861));
#5895=CARTESIAN_POINT('Origin',(-1031.32924409941,5.,544.205835034861));
#5896=CARTESIAN_POINT('Origin',(-1031.32924409941,31.5440386397543,622.705835034861));
#5897=CARTESIAN_POINT('',(-1031.32924409941,34.3495712585641,622.705835034861));
#5898=CARTESIAN_POINT('',(-1040.51724409941,28.8288638909389,622.705835034861));
#5899=CARTESIAN_POINT('',(-1035.99843447396,31.5440386397543,622.705835034861));
#5900=CARTESIAN_POINT('Origin',(-1031.32924409941,28.8288638909389,622.705835034861));
#5901=CARTESIAN_POINT('Origin',(-1031.32924409941,13.,622.705835034861));
#5902=CARTESIAN_POINT('',(-1040.51724409941,5.,622.705835034861));
#5903=CARTESIAN_POINT('',(-1040.51724409941,13.,622.705835034861));
#5904=CARTESIAN_POINT('Origin',(-1031.32924409941,5.,622.705835034861));
#5905=CARTESIAN_POINT('Origin',(-1091.32924409941,31.5440386397543,622.705835034861));
#5906=CARTESIAN_POINT('',(-1091.32924409941,34.3495712585641,622.705835034861));
#5907=CARTESIAN_POINT('',(-1100.51724409941,28.8288638909389,622.705835034861));
#5908=CARTESIAN_POINT('',(-1095.99843447396,31.5440386397543,622.705835034861));
#5909=CARTESIAN_POINT('Origin',(-1091.32924409941,28.8288638909389,622.705835034861));
#5910=CARTESIAN_POINT('Origin',(-1091.32924409941,13.,622.705835034861));
#5911=CARTESIAN_POINT('',(-1100.51724409941,5.,622.705835034861));
#5912=CARTESIAN_POINT('',(-1100.51724409941,13.,622.705835034861));
#5913=CARTESIAN_POINT('Origin',(-1091.32924409941,5.,622.705835034861));
#5914=CARTESIAN_POINT('Origin',(108.670755900587,31.5440386397543,-205.794164965139));
#5915=CARTESIAN_POINT('',(108.670755900587,34.3495712585641,-205.794164965139));
#5916=CARTESIAN_POINT('',(99.4827559005875,28.8288638909389,-205.794164965139));
#5917=CARTESIAN_POINT('',(104.001565526037,31.5440386397543,-205.794164965139));
#5918=CARTESIAN_POINT('Origin',(108.670755900587,28.8288638909389,-205.794164965139));
#5919=CARTESIAN_POINT('Origin',(108.670755900587,13.,-205.794164965139));
#5920=CARTESIAN_POINT('',(99.4827559005875,5.,-205.794164965139));
#5921=CARTESIAN_POINT('',(99.4827559005875,13.,-205.794164965139));
#5922=CARTESIAN_POINT('Origin',(108.670755900587,5.,-205.794164965139));
#5923=CARTESIAN_POINT('Origin',(168.670755900588,31.5440386397543,-205.794164965139));
#5924=CARTESIAN_POINT('',(168.670755900588,34.3495712585641,-205.794164965139));
#5925=CARTESIAN_POINT('',(159.482755900588,28.8288638909389,-205.794164965139));
#5926=CARTESIAN_POINT('',(164.001565526037,31.5440386397543,-205.794164965139));
#5927=CARTESIAN_POINT('Origin',(168.670755900588,28.8288638909389,-205.794164965139));
#5928=CARTESIAN_POINT('Origin',(168.670755900588,13.,-205.794164965139));
#5929=CARTESIAN_POINT('',(159.482755900588,5.,-205.794164965139));
#5930=CARTESIAN_POINT('',(159.482755900588,13.,-205.794164965139));
#5931=CARTESIAN_POINT('Origin',(168.670755900588,5.,-205.794164965139));
#5932=CARTESIAN_POINT('Origin',(168.670755900588,31.5440386397543,-127.294164965139));
#5933=CARTESIAN_POINT('',(168.670755900588,34.3495712585641,-127.294164965139));
#5934=CARTESIAN_POINT('',(159.482755900588,28.8288638909389,-127.294164965139));
#5935=CARTESIAN_POINT('',(164.001565526037,31.5440386397543,-127.294164965139));
#5936=CARTESIAN_POINT('Origin',(168.670755900588,28.8288638909389,-127.294164965139));
#5937=CARTESIAN_POINT('Origin',(168.670755900588,13.,-127.294164965139));
#5938=CARTESIAN_POINT('',(159.482755900588,5.,-127.294164965139));
#5939=CARTESIAN_POINT('',(159.482755900588,13.,-127.294164965139));
#5940=CARTESIAN_POINT('Origin',(168.670755900588,5.,-127.294164965139));
#5941=CARTESIAN_POINT('Origin',(108.670755900587,31.5440386397543,-127.294164965139));
#5942=CARTESIAN_POINT('',(108.670755900587,34.3495712585641,-127.294164965139));
#5943=CARTESIAN_POINT('',(99.4827559005875,28.8288638909389,-127.294164965139));
#5944=CARTESIAN_POINT('',(104.001565526037,31.5440386397543,-127.294164965139));
#5945=CARTESIAN_POINT('Origin',(108.670755900587,28.8288638909389,-127.294164965139));
#5946=CARTESIAN_POINT('Origin',(108.670755900587,13.,-127.294164965139));
#5947=CARTESIAN_POINT('',(99.4827559005875,5.,-127.294164965139));
#5948=CARTESIAN_POINT('',(99.4827559005875,13.,-127.294164965139));
#5949=CARTESIAN_POINT('Origin',(108.670755900587,5.,-127.294164965139));
#5950=CARTESIAN_POINT('Origin',(108.670755900587,31.5440386397543,-955.794164965139));
#5951=CARTESIAN_POINT('',(108.670755900587,34.3495712585641,-955.794164965139));
#5952=CARTESIAN_POINT('',(99.4827559005875,28.8288638909389,-955.794164965139));
#5953=CARTESIAN_POINT('',(104.001565526037,31.5440386397543,-955.794164965139));
#5954=CARTESIAN_POINT('Origin',(108.670755900587,28.8288638909389,-955.794164965139));
#5955=CARTESIAN_POINT('Origin',(108.670755900587,13.,-955.794164965139));
#5956=CARTESIAN_POINT('',(99.4827559005875,5.,-955.794164965139));
#5957=CARTESIAN_POINT('',(99.4827559005875,13.,-955.794164965139));
#5958=CARTESIAN_POINT('Origin',(108.670755900587,5.,-955.794164965139));
#5959=CARTESIAN_POINT('Origin',(168.670755900588,31.5440386397543,-955.794164965139));
#5960=CARTESIAN_POINT('',(168.670755900588,34.3495712585641,-955.794164965139));
#5961=CARTESIAN_POINT('',(159.482755900588,28.8288638909389,-955.794164965139));
#5962=CARTESIAN_POINT('',(164.001565526037,31.5440386397543,-955.794164965139));
#5963=CARTESIAN_POINT('Origin',(168.670755900588,28.8288638909389,-955.794164965139));
#5964=CARTESIAN_POINT('Origin',(168.670755900588,13.,-955.794164965139));
#5965=CARTESIAN_POINT('',(159.482755900588,5.,-955.794164965139));
#5966=CARTESIAN_POINT('',(159.482755900588,13.,-955.794164965139));
#5967=CARTESIAN_POINT('Origin',(168.670755900588,5.,-955.794164965139));
#5968=CARTESIAN_POINT('Origin',(168.670755900588,31.5440386397543,-877.294164965139));
#5969=CARTESIAN_POINT('',(168.670755900588,34.3495712585641,-877.294164965139));
#5970=CARTESIAN_POINT('',(159.482755900588,28.8288638909389,-877.294164965139));
#5971=CARTESIAN_POINT('',(164.001565526037,31.5440386397543,-877.294164965139));
#5972=CARTESIAN_POINT('Origin',(168.670755900588,28.8288638909389,-877.294164965139));
#5973=CARTESIAN_POINT('Origin',(168.670755900588,13.,-877.294164965139));
#5974=CARTESIAN_POINT('',(159.482755900588,5.,-877.294164965139));
#5975=CARTESIAN_POINT('',(159.482755900588,13.,-877.294164965139));
#5976=CARTESIAN_POINT('Origin',(168.670755900588,5.,-877.294164965139));
#5977=CARTESIAN_POINT('Origin',(108.670755900587,31.5440386397543,-877.294164965139));
#5978=CARTESIAN_POINT('',(108.670755900587,34.3495712585641,-877.294164965139));
#5979=CARTESIAN_POINT('',(99.4827559005875,28.8288638909389,-877.294164965139));
#5980=CARTESIAN_POINT('',(104.001565526037,31.5440386397543,-877.294164965139));
#5981=CARTESIAN_POINT('Origin',(108.670755900587,28.8288638909389,-877.294164965139));
#5982=CARTESIAN_POINT('Origin',(108.670755900587,13.,-877.294164965139));
#5983=CARTESIAN_POINT('',(99.4827559005875,5.,-877.294164965139));
#5984=CARTESIAN_POINT('',(99.4827559005875,13.,-877.294164965139));
#5985=CARTESIAN_POINT('Origin',(108.670755900587,5.,-877.294164965139));
#5986=CARTESIAN_POINT('Origin',(168.670755900588,31.5440386397543,-1705.79416496514));
#5987=CARTESIAN_POINT('',(168.670755900588,34.3495712585641,-1705.79416496514));
#5988=CARTESIAN_POINT('',(159.482755900588,28.8288638909389,-1705.79416496514));
#5989=CARTESIAN_POINT('',(164.001565526037,31.5440386397543,-1705.79416496514));
#5990=CARTESIAN_POINT('Origin',(168.670755900588,28.8288638909389,-1705.79416496514));
#5991=CARTESIAN_POINT('Origin',(168.670755900588,13.,-1705.79416496514));
#5992=CARTESIAN_POINT('',(159.482755900588,5.,-1705.79416496514));
#5993=CARTESIAN_POINT('',(159.482755900588,13.,-1705.79416496514));
#5994=CARTESIAN_POINT('Origin',(168.670755900588,5.,-1705.79416496514));
#5995=CARTESIAN_POINT('Origin',(108.670755900587,31.5440386397543,-1705.79416496514));
#5996=CARTESIAN_POINT('',(108.670755900587,34.3495712585641,-1705.79416496514));
#5997=CARTESIAN_POINT('',(99.4827559005875,28.8288638909389,-1705.79416496514));
#5998=CARTESIAN_POINT('',(104.001565526037,31.5440386397543,-1705.79416496514));
#5999=CARTESIAN_POINT('Origin',(108.670755900587,28.8288638909389,-1705.79416496514));
#6000=CARTESIAN_POINT('Origin',(108.670755900587,13.,-1705.79416496514));
#6001=CARTESIAN_POINT('',(99.4827559005875,5.,-1705.79416496514));
#6002=CARTESIAN_POINT('',(99.4827559005875,13.,-1705.79416496514));
#6003=CARTESIAN_POINT('Origin',(108.670755900587,5.,-1705.79416496514));
#6004=CARTESIAN_POINT('Origin',(168.670755900588,31.5440386397543,-1627.29416496514));
#6005=CARTESIAN_POINT('',(168.670755900588,34.3495712585641,-1627.29416496514));
#6006=CARTESIAN_POINT('',(159.482755900588,28.8288638909389,-1627.29416496514));
#6007=CARTESIAN_POINT('',(164.001565526037,31.5440386397543,-1627.29416496514));
#6008=CARTESIAN_POINT('Origin',(168.670755900588,28.8288638909389,-1627.29416496514));
#6009=CARTESIAN_POINT('Origin',(168.670755900588,13.,-1627.29416496514));
#6010=CARTESIAN_POINT('',(159.482755900588,5.,-1627.29416496514));
#6011=CARTESIAN_POINT('',(159.482755900588,13.,-1627.29416496514));
#6012=CARTESIAN_POINT('Origin',(168.670755900588,5.,-1627.29416496514));
#6013=CARTESIAN_POINT('Origin',(108.670755900587,31.5440386397543,-1627.29416496514));
#6014=CARTESIAN_POINT('',(108.670755900587,34.3495712585641,-1627.29416496514));
#6015=CARTESIAN_POINT('',(99.4827559005875,28.8288638909389,-1627.29416496514));
#6016=CARTESIAN_POINT('',(104.001565526037,31.5440386397543,-1627.29416496514));
#6017=CARTESIAN_POINT('Origin',(108.670755900587,28.8288638909389,-1627.29416496514));
#6018=CARTESIAN_POINT('Origin',(108.670755900587,13.,-1627.29416496514));
#6019=CARTESIAN_POINT('',(99.4827559005875,5.,-1627.29416496514));
#6020=CARTESIAN_POINT('',(99.4827559005875,13.,-1627.29416496514));
#6021=CARTESIAN_POINT('Origin',(108.670755900587,5.,-1627.29416496514));
#6022=CARTESIAN_POINT('Origin',(-1091.32924409941,31.5440386397543,-205.794164965139));
#6023=CARTESIAN_POINT('',(-1091.32924409941,34.3495712585641,-205.794164965139));
#6024=CARTESIAN_POINT('',(-1100.51724409941,28.8288638909389,-205.794164965139));
#6025=CARTESIAN_POINT('',(-1095.99843447396,31.5440386397543,-205.794164965139));
#6026=CARTESIAN_POINT('Origin',(-1091.32924409941,28.8288638909389,-205.794164965139));
#6027=CARTESIAN_POINT('Origin',(-1091.32924409941,13.,-205.794164965139));
#6028=CARTESIAN_POINT('',(-1100.51724409941,5.,-205.794164965139));
#6029=CARTESIAN_POINT('',(-1100.51724409941,13.,-205.794164965139));
#6030=CARTESIAN_POINT('Origin',(-1091.32924409941,5.,-205.794164965139));
#6031=CARTESIAN_POINT('Origin',(-1031.32924409941,31.5440386397543,-205.794164965139));
#6032=CARTESIAN_POINT('',(-1031.32924409941,34.3495712585641,-205.794164965139));
#6033=CARTESIAN_POINT('',(-1040.51724409941,28.8288638909389,-205.794164965139));
#6034=CARTESIAN_POINT('',(-1035.99843447396,31.5440386397543,-205.794164965139));
#6035=CARTESIAN_POINT('Origin',(-1031.32924409941,28.8288638909389,-205.794164965139));
#6036=CARTESIAN_POINT('Origin',(-1031.32924409941,13.,-205.794164965139));
#6037=CARTESIAN_POINT('',(-1040.51724409941,5.,-205.794164965139));
#6038=CARTESIAN_POINT('',(-1040.51724409941,13.,-205.794164965139));
#6039=CARTESIAN_POINT('Origin',(-1031.32924409941,5.,-205.794164965139));
#6040=CARTESIAN_POINT('Origin',(-1031.32924409941,31.5440386397543,-127.294164965139));
#6041=CARTESIAN_POINT('',(-1031.32924409941,34.3495712585641,-127.294164965139));
#6042=CARTESIAN_POINT('',(-1040.51724409941,28.8288638909389,-127.294164965139));
#6043=CARTESIAN_POINT('',(-1035.99843447396,31.5440386397543,-127.294164965139));
#6044=CARTESIAN_POINT('Origin',(-1031.32924409941,28.8288638909389,-127.294164965139));
#6045=CARTESIAN_POINT('Origin',(-1031.32924409941,13.,-127.294164965139));
#6046=CARTESIAN_POINT('',(-1040.51724409941,5.,-127.294164965139));
#6047=CARTESIAN_POINT('',(-1040.51724409941,13.,-127.294164965139));
#6048=CARTESIAN_POINT('Origin',(-1031.32924409941,5.,-127.294164965139));
#6049=CARTESIAN_POINT('Origin',(-1091.32924409941,31.5440386397543,-127.294164965139));
#6050=CARTESIAN_POINT('',(-1091.32924409941,34.3495712585641,-127.294164965139));
#6051=CARTESIAN_POINT('',(-1100.51724409941,28.8288638909389,-127.294164965139));
#6052=CARTESIAN_POINT('',(-1095.99843447396,31.5440386397543,-127.294164965139));
#6053=CARTESIAN_POINT('Origin',(-1091.32924409941,28.8288638909389,-127.294164965139));
#6054=CARTESIAN_POINT('Origin',(-1091.32924409941,13.,-127.294164965139));
#6055=CARTESIAN_POINT('',(-1100.51724409941,5.,-127.294164965139));
#6056=CARTESIAN_POINT('',(-1100.51724409941,13.,-127.294164965139));
#6057=CARTESIAN_POINT('Origin',(-1091.32924409941,5.,-127.294164965139));
#6058=CARTESIAN_POINT('Origin',(-1091.32924409941,31.5440386397543,-955.794164965139));
#6059=CARTESIAN_POINT('',(-1091.32924409941,34.3495712585641,-955.794164965139));
#6060=CARTESIAN_POINT('',(-1100.51724409941,28.8288638909389,-955.794164965139));
#6061=CARTESIAN_POINT('',(-1095.99843447396,31.5440386397543,-955.794164965139));
#6062=CARTESIAN_POINT('Origin',(-1091.32924409941,28.8288638909389,-955.794164965139));
#6063=CARTESIAN_POINT('Origin',(-1091.32924409941,13.,-955.794164965139));
#6064=CARTESIAN_POINT('',(-1100.51724409941,5.,-955.794164965139));
#6065=CARTESIAN_POINT('',(-1100.51724409941,13.,-955.794164965139));
#6066=CARTESIAN_POINT('Origin',(-1091.32924409941,5.,-955.794164965139));
#6067=CARTESIAN_POINT('Origin',(-1031.32924409941,31.5440386397543,-955.794164965139));
#6068=CARTESIAN_POINT('',(-1031.32924409941,34.3495712585641,-955.794164965139));
#6069=CARTESIAN_POINT('',(-1040.51724409941,28.8288638909389,-955.794164965139));
#6070=CARTESIAN_POINT('',(-1035.99843447396,31.5440386397543,-955.794164965139));
#6071=CARTESIAN_POINT('Origin',(-1031.32924409941,28.8288638909389,-955.794164965139));
#6072=CARTESIAN_POINT('Origin',(-1031.32924409941,13.,-955.794164965139));
#6073=CARTESIAN_POINT('',(-1040.51724409941,5.,-955.794164965139));
#6074=CARTESIAN_POINT('',(-1040.51724409941,13.,-955.794164965139));
#6075=CARTESIAN_POINT('Origin',(-1031.32924409941,5.,-955.794164965139));
#6076=CARTESIAN_POINT('Origin',(-1031.32924409941,31.5440386397543,-877.294164965139));
#6077=CARTESIAN_POINT('',(-1031.32924409941,34.3495712585641,-877.294164965139));
#6078=CARTESIAN_POINT('',(-1040.51724409941,28.8288638909389,-877.294164965139));
#6079=CARTESIAN_POINT('',(-1035.99843447396,31.5440386397543,-877.294164965139));
#6080=CARTESIAN_POINT('Origin',(-1031.32924409941,28.8288638909389,-877.294164965139));
#6081=CARTESIAN_POINT('Origin',(-1031.32924409941,13.,-877.294164965139));
#6082=CARTESIAN_POINT('',(-1040.51724409941,5.,-877.294164965139));
#6083=CARTESIAN_POINT('',(-1040.51724409941,13.,-877.294164965139));
#6084=CARTESIAN_POINT('Origin',(-1031.32924409941,5.,-877.294164965139));
#6085=CARTESIAN_POINT('Origin',(-1091.32924409941,31.5440386397543,-877.294164965139));
#6086=CARTESIAN_POINT('',(-1091.32924409941,34.3495712585641,-877.294164965139));
#6087=CARTESIAN_POINT('',(-1100.51724409941,28.8288638909389,-877.294164965139));
#6088=CARTESIAN_POINT('',(-1095.99843447396,31.5440386397543,-877.294164965139));
#6089=CARTESIAN_POINT('Origin',(-1091.32924409941,28.8288638909389,-877.294164965139));
#6090=CARTESIAN_POINT('Origin',(-1091.32924409941,13.,-877.294164965139));
#6091=CARTESIAN_POINT('',(-1100.51724409941,5.,-877.294164965139));
#6092=CARTESIAN_POINT('',(-1100.51724409941,13.,-877.294164965139));
#6093=CARTESIAN_POINT('Origin',(-1091.32924409941,5.,-877.294164965139));
#6094=CARTESIAN_POINT('Origin',(-1031.32924409941,31.5440386397543,-1705.79416496514));
#6095=CARTESIAN_POINT('',(-1031.32924409941,34.3495712585641,-1705.79416496514));
#6096=CARTESIAN_POINT('',(-1040.51724409941,28.8288638909389,-1705.79416496514));
#6097=CARTESIAN_POINT('',(-1035.99843447396,31.5440386397543,-1705.79416496514));
#6098=CARTESIAN_POINT('Origin',(-1031.32924409941,28.8288638909389,-1705.79416496514));
#6099=CARTESIAN_POINT('Origin',(-1031.32924409941,13.,-1705.79416496514));
#6100=CARTESIAN_POINT('',(-1040.51724409941,5.,-1705.79416496514));
#6101=CARTESIAN_POINT('',(-1040.51724409941,13.,-1705.79416496514));
#6102=CARTESIAN_POINT('Origin',(-1031.32924409941,5.,-1705.79416496514));
#6103=CARTESIAN_POINT('Origin',(-1031.32924409941,31.5440386397543,-1627.29416496514));
#6104=CARTESIAN_POINT('',(-1031.32924409941,34.3495712585641,-1627.29416496514));
#6105=CARTESIAN_POINT('',(-1040.51724409941,28.8288638909389,-1627.29416496514));
#6106=CARTESIAN_POINT('',(-1035.99843447396,31.5440386397543,-1627.29416496514));
#6107=CARTESIAN_POINT('Origin',(-1031.32924409941,28.8288638909389,-1627.29416496514));
#6108=CARTESIAN_POINT('Origin',(-1031.32924409941,13.,-1627.29416496514));
#6109=CARTESIAN_POINT('',(-1040.51724409941,5.,-1627.29416496514));
#6110=CARTESIAN_POINT('',(-1040.51724409941,13.,-1627.29416496514));
#6111=CARTESIAN_POINT('Origin',(-1031.32924409941,5.,-1627.29416496514));
#6112=CARTESIAN_POINT('Origin',(-1091.32924409941,31.5440386397543,-1705.79416496514));
#6113=CARTESIAN_POINT('',(-1091.32924409941,34.3495712585641,-1705.79416496514));
#6114=CARTESIAN_POINT('',(-1100.51724409941,28.8288638909389,-1705.79416496514));
#6115=CARTESIAN_POINT('',(-1095.99843447396,31.5440386397543,-1705.79416496514));
#6116=CARTESIAN_POINT('Origin',(-1091.32924409941,28.8288638909389,-1705.79416496514));
#6117=CARTESIAN_POINT('Origin',(-1091.32924409941,13.,-1705.79416496514));
#6118=CARTESIAN_POINT('',(-1100.51724409941,5.,-1705.79416496514));
#6119=CARTESIAN_POINT('',(-1100.51724409941,13.,-1705.79416496514));
#6120=CARTESIAN_POINT('Origin',(-1091.32924409941,5.,-1705.79416496514));
#6121=CARTESIAN_POINT('Origin',(-1091.32924409941,31.5440386397543,-1627.29416496514));
#6122=CARTESIAN_POINT('',(-1091.32924409941,34.3495712585641,-1627.29416496514));
#6123=CARTESIAN_POINT('',(-1100.51724409941,28.8288638909389,-1627.29416496514));
#6124=CARTESIAN_POINT('',(-1095.99843447396,31.5440386397543,-1627.29416496514));
#6125=CARTESIAN_POINT('Origin',(-1091.32924409941,28.8288638909389,-1627.29416496514));
#6126=CARTESIAN_POINT('Origin',(-1091.32924409941,13.,-1627.29416496514));
#6127=CARTESIAN_POINT('',(-1100.51724409941,5.,-1627.29416496514));
#6128=CARTESIAN_POINT('',(-1100.51724409941,13.,-1627.29416496514));
#6129=CARTESIAN_POINT('Origin',(-1091.32924409941,5.,-1627.29416496514));
#6130=CARTESIAN_POINT('Origin',(-561.329244099413,0.,288.455835034861));
#6131=CARTESIAN_POINT('',(-361.329244099413,35.,288.455835034861));
#6132=CARTESIAN_POINT('',(-561.329244099413,35.,288.455835034861));
#6133=CARTESIAN_POINT('',(-511.329244099413,35.,288.455835034861));
#6134=CARTESIAN_POINT('',(-561.329244099413,5.,288.455835034861));
#6135=CARTESIAN_POINT('',(-561.329244099413,0.,288.455835034861));
#6136=CARTESIAN_POINT('',(-361.329244099413,5.,288.455835034861));
#6137=CARTESIAN_POINT('',(-511.329244099413,5.,288.455835034861));
#6138=CARTESIAN_POINT('',(-361.329244099413,0.,288.455835034861));
#6139=CARTESIAN_POINT('Origin',(-561.329244099413,0.,33.4558350348607));
#6140=CARTESIAN_POINT('',(-816.329244099413,35.,33.4558350348607));
#6141=CARTESIAN_POINT('Origin',(-561.329244099413,35.,33.4558350348607));
#6142=CARTESIAN_POINT('',(-816.329244099413,5.,33.4558350348607));
#6143=CARTESIAN_POINT('',(-816.329244099413,0.,33.4558350348607));
#6144=CARTESIAN_POINT('Origin',(-561.329244099413,5.,33.4558350348607));
#6145=CARTESIAN_POINT('Origin',(-816.329244099413,0.,-1816.54416496514));
#6146=CARTESIAN_POINT('',(-816.329244099413,35.,-1811.54416496514));
#6147=CARTESIAN_POINT('',(-816.329244099413,35.,-991.544164965139));
#6148=CARTESIAN_POINT('',(-816.329244099413,5.,-1811.54416496514));
#6149=CARTESIAN_POINT('',(-816.329244099413,0.,-1811.54416496514));
#6150=CARTESIAN_POINT('',(-816.329244099413,5.,-991.544164965139));
#6151=CARTESIAN_POINT('Origin',(-106.329244099413,0.,33.4558350348607));
#6152=CARTESIAN_POINT('',(-106.329244099413,35.,-1811.54416496514));
#6153=CARTESIAN_POINT('',(-106.329244099413,35.,33.4558350348607));
#6154=CARTESIAN_POINT('',(-106.329244099413,35.,-66.5441649651394));
#6155=CARTESIAN_POINT('',(-106.329244099413,5.,33.4558350348607));
#6156=CARTESIAN_POINT('',(-106.329244099413,0.,33.4558350348607));
#6157=CARTESIAN_POINT('',(-106.329244099413,5.,-1811.54416496514));
#6158=CARTESIAN_POINT('',(-106.329244099413,5.,-66.5441649651394));
#6159=CARTESIAN_POINT('',(-106.329244099413,0.,-1811.54416496514));
#6160=CARTESIAN_POINT('Origin',(-361.329244099413,0.,33.4558350348607));
#6161=CARTESIAN_POINT('Origin',(-361.329244099413,35.,33.4558350348607));
#6162=CARTESIAN_POINT('Origin',(-361.329244099413,5.,33.4558350348607));
#6163=CARTESIAN_POINT('Origin',(-461.329244099412,35.,-166.544164965139));
#6164=CARTESIAN_POINT('',(288.670755900587,35.,-1811.54416496514));
#6165=CARTESIAN_POINT('',(-86.3292440994128,35.,-1811.54416496514));
#6166=CARTESIAN_POINT('',(433.670755900587,35.,-1666.54416496514));
#6167=CARTESIAN_POINT('Origin',(288.670755900587,35.,-1666.54416496514));
#6168=CARTESIAN_POINT('',(433.670755900588,35.,1333.45583503486));
#6169=CARTESIAN_POINT('',(433.670755900588,35.,583.45583503486));
#6170=CARTESIAN_POINT('',(288.670755900588,35.,1478.45583503486));
#6171=CARTESIAN_POINT('Origin',(288.670755900588,35.,1333.45583503486));
#6172=CARTESIAN_POINT('',(-1211.32924409941,35.,1478.45583503486));
#6173=CARTESIAN_POINT('',(-836.329244099412,35.,1478.45583503486));
#6174=CARTESIAN_POINT('',(-1356.32924409941,35.,1333.45583503486));
#6175=CARTESIAN_POINT('Origin',(-1211.32924409941,35.,1333.45583503486));
#6176=CARTESIAN_POINT('',(-1356.32924409941,35.,-1666.54416496514));
#6177=CARTESIAN_POINT('',(-1356.32924409941,35.,-916.544164965139));
#6178=CARTESIAN_POINT('',(-1211.32924409941,35.,-1811.54416496514));
#6179=CARTESIAN_POINT('Origin',(-1211.32924409941,35.,-1666.54416496514));
#6180=CARTESIAN_POINT('',(-86.3292440994128,35.,-1811.54416496514));
#6181=CARTESIAN_POINT('Origin',(288.670755900587,0.,-1811.54416496514));
#6182=CARTESIAN_POINT('',(-1211.32924409941,5.,-1811.54416496514));
#6183=CARTESIAN_POINT('',(-1211.32924409941,0.,-1811.54416496514));
#6184=CARTESIAN_POINT('',(-86.3292440994128,5.,-1811.54416496514));
#6185=CARTESIAN_POINT('Origin',(-1211.32924409941,0.,1478.45583503486));
#6186=CARTESIAN_POINT('',(-1211.32924409941,5.,1478.45583503486));
#6187=CARTESIAN_POINT('',(288.670755900588,5.,1478.45583503486));
#6188=CARTESIAN_POINT('',(-836.329244099412,5.,1478.45583503486));
#6189=CARTESIAN_POINT('',(-1211.32924409941,0.,1478.45583503486));
#6190=CARTESIAN_POINT('',(288.670755900588,0.,1478.45583503486));
#6191=CARTESIAN_POINT('Origin',(-1211.32924409941,0.,1333.45583503486));
#6192=CARTESIAN_POINT('',(-1356.32924409941,5.,1333.45583503486));
#6193=CARTESIAN_POINT('Origin',(-1211.32924409941,5.,1333.45583503486));
#6194=CARTESIAN_POINT('',(-1356.32924409941,0.,1333.45583503486));
#6195=CARTESIAN_POINT('Origin',(-1356.32924409941,0.,-1666.54416496514));
#6196=CARTESIAN_POINT('',(-1356.32924409941,5.,-1666.54416496514));
#6197=CARTESIAN_POINT('',(-1356.32924409941,5.,-916.544164965139));
#6198=CARTESIAN_POINT('',(-1356.32924409941,0.,-1666.54416496514));
#6199=CARTESIAN_POINT('Origin',(-1211.32924409941,0.,-1666.54416496514));
#6200=CARTESIAN_POINT('Origin',(-1211.32924409941,5.,-1666.54416496514));
#6201=CARTESIAN_POINT('Origin',(288.670755900587,0.,-1811.54416496514));
#6202=CARTESIAN_POINT('',(288.670755900587,5.,-1811.54416496514));
#6203=CARTESIAN_POINT('',(-86.3292440994128,5.,-1811.54416496514));
#6204=CARTESIAN_POINT('',(288.670755900587,0.,-1811.54416496514));
#6205=CARTESIAN_POINT('Origin',(288.670755900587,0.,-1666.54416496514));
#6206=CARTESIAN_POINT('',(433.670755900587,5.,-1666.54416496514));
#6207=CARTESIAN_POINT('Origin',(288.670755900587,5.,-1666.54416496514));
#6208=CARTESIAN_POINT('',(433.670755900587,0.,-1666.54416496514));
#6209=CARTESIAN_POINT('Origin',(433.670755900588,0.,1333.45583503486));
#6210=CARTESIAN_POINT('',(433.670755900588,5.,1333.45583503486));
#6211=CARTESIAN_POINT('',(433.670755900588,5.,583.45583503486));
#6212=CARTESIAN_POINT('',(433.670755900588,0.,1333.45583503486));
#6213=CARTESIAN_POINT('Origin',(288.670755900588,0.,1333.45583503486));
#6214=CARTESIAN_POINT('Origin',(288.670755900588,5.,1333.45583503486));
#6215=CARTESIAN_POINT('Origin',(-461.329244099412,5.,-166.544164965139));
#6216=UNCERTAINTY_MEASURE_WITH_UNIT(LENGTH_MEASURE(0.01),#6220,
'DISTANCE_ACCURACY_VALUE',
'Maximum model space distance between geometric entities at asserted c
onnectivities');
#6217=UNCERTAINTY_MEASURE_WITH_UNIT(LENGTH_MEASURE(0.01),#6220,
'DISTANCE_ACCURACY_VALUE',
'Maximum model space distance between geometric entities at asserted c
onnectivities');
#6218=(
GEOMETRIC_REPRESENTATION_CONTEXT(3)
GLOBAL_UNCERTAINTY_ASSIGNED_CONTEXT((#6216))
GLOBAL_UNIT_ASSIGNED_CONTEXT((#6220,#6222,#6223))
REPRESENTATION_CONTEXT('','3D')
);
#6219=(
GEOMETRIC_REPRESENTATION_CONTEXT(3)
GLOBAL_UNCERTAINTY_ASSIGNED_CONTEXT((#6217))
GLOBAL_UNIT_ASSIGNED_CONTEXT((#6220,#6222,#6223))
REPRESENTATION_CONTEXT('','3D')
);
#6220=(
LENGTH_UNIT()
NAMED_UNIT(*)
SI_UNIT(.MILLI.,.METRE.)
);
#6221=(
LENGTH_UNIT()
NAMED_UNIT(*)
SI_UNIT(.CENTI.,.METRE.)
);
#6222=(
NAMED_UNIT(*)
PLANE_ANGLE_UNIT()
SI_UNIT($,.RADIAN.)
);
#6223=(
NAMED_UNIT(*)
SI_UNIT($,.STERADIAN.)
SOLID_ANGLE_UNIT()
);
#6224=SHAPE_DEFINITION_REPRESENTATION(#6225,#6226);
#6225=PRODUCT_DEFINITION_SHAPE('',$,#6228);
#6226=SHAPE_REPRESENTATION('',(#3604),#6218);
#6227=PRODUCT_DEFINITION_CONTEXT('part definition',#6232,'design');
#6228=PRODUCT_DEFINITION('Wagen_Platte','Wagen_Platte',#6229,#6227);
#6229=PRODUCT_DEFINITION_FORMATION('',$,#6234);
#6230=PRODUCT_RELATED_PRODUCT_CATEGORY('Wagen_Platte','Wagen_Platte',(#6234));
#6231=APPLICATION_PROTOCOL_DEFINITION('international standard',
'automotive_design',2009,#6232);
#6232=APPLICATION_CONTEXT(
'Core Data for Automotive Mechanical Design Process');
#6233=PRODUCT_CONTEXT('part definition',#6232,'mechanical');
#6234=PRODUCT('Wagen_Platte','Wagen_Platte',$,(#6233));
#6235=PRESENTATION_STYLE_ASSIGNMENT((#6237));
#6236=PRESENTATION_STYLE_ASSIGNMENT((#6238));
#6237=SURFACE_STYLE_USAGE(.BOTH.,#6241);
#6238=SURFACE_STYLE_USAGE(.BOTH.,#6242);
#6239=SURFACE_STYLE_RENDERING_WITH_PROPERTIES($,#6249,(#6240));
#6240=SURFACE_STYLE_TRANSPARENT(0.);
#6241=SURFACE_SIDE_STYLE('',(#6243,#6239));
#6242=SURFACE_SIDE_STYLE('',(#6244));
#6243=SURFACE_STYLE_FILL_AREA(#6245);
#6244=SURFACE_STYLE_FILL_AREA(#6246);
#6245=FILL_AREA_STYLE('',(#6247));
#6246=FILL_AREA_STYLE('',(#6248));
#6247=FILL_AREA_STYLE_COLOUR('',#6249);
#6248=FILL_AREA_STYLE_COLOUR('',#6250);
#6249=COLOUR_RGB('',0.749019607843137,0.749019607843137,0.749019607843137);
#6250=COLOUR_RGB('',0.737254901960784,0.768627450980392,0.776470588235294);
ENDSEC;
END-ISO-10303-21;
